
> daguanyuan-rumeng@1.0.0 models:build
> node scripts/pipeline.mjs models

[{"assetId":"fern_02","size":512,"visibleLeafRgbMean":[72.82583598726114,89.14594944267516,32.34496914808917]},{"assetId":"island_tree_01","size":256,"visibleLeafRgbMean":[93.80992743459967,102.2828221233002,33.06360143911214]},{"assetId":"island_tree_02","size":256,"visibleLeafRgbMean":[93.80992743459967,102.2828221233002,33.06360143911214]},{"assetId":"pine_sapling_small","size":256,"visibleLeafRgbMean":[84.92270037548901,75.82428686574794,63.18292802799457]}]
Clipped shoreline fill: 735 triangles
Pond normal field 150785 bytes;43 spectral modes
17:31:39 | INFO: Data are loaded, start creating Blender stuff
17:31:39 | INFO: Blender create Mesh node island_trees_01_blockout_cleaned
17:31:40 | INFO: glTF import finished in 1.62s
Blender 4.5.9 LTS (hash 8bf95cbd38d1 built 2026-04-21 01:33:45)
Fra:1 Mem:185.30M (Peak 185.30M) | Time:00:00.01 | Mem:0.00M, Peak:0.00M | Scene, ViewLayer | Synchronizing object | island_tree_01_LOD0
Fra:1 Mem:185.30M (Peak 185.30M) | Time:00:00.01 | Mem:0.00M, Peak:0.00M | Scene, ViewLayer | Synchronizing object | Diffuse daylight
Fra:1 Mem:407.15M (Peak 443.76M) | Time:00:00.32 | Mem:0.00M, Peak:0.00M | Scene, ViewLayer | Initializing
Fra:1 Mem:407.14M (Peak 443.76M) | Time:00:00.32 | Mem:0.00M, Peak:0.00M | Scene, ViewLayer | Updating Images | Loading island_tree_01_branches_nor_gl
Fra:1 Mem:407.14M (Peak 443.76M) | Time:00:00.32 | Mem:0.00M, Peak:0.00M | Scene, ViewLayer | Updating Images | Loading island_tree_01_nor_gl
Fra:1 Mem:407.14M (Peak 443.76M) | Time:00:00.32 | Mem:0.00M, Peak:0.00M | Scene, ViewLayer | Updating Images | Loading island_tree_01_leaves_nor_gl
Fra:1 Mem:415.14M (Peak 443.76M) | Time:00:00.32 | Mem:0.00M, Peak:0.00M | Scene, ViewLayer | Updating Images | Loading island_tree_01_leaves_rgba.png
Fra:1 Mem:435.41M (Peak 443.76M) | Time:00:00.32 | Mem:0.25M, Peak:0.25M | Scene, ViewLayer | Updating Images | Loading island_tree_01_branches_diff
Fra:1 Mem:439.41M (Peak 443.76M) | Time:00:00.33 | Mem:4.25M, Peak:4.25M | Scene, ViewLayer | Updating Images | Loading island_tree_01_branches_rough
Fra:1 Mem:442.99M (Peak 455.44M) | Time:00:00.34 | Mem:36.25M, Peak:36.25M | Scene, ViewLayer | Waiting for render to start
Fra:1 Mem:442.99M (Peak 455.44M) | Time:00:00.34 | Mem:36.25M, Peak:36.25M | Scene, ViewLayer | Updating Scene
Fra:1 Mem:442.99M (Peak 455.44M) | Time:00:00.34 | Mem:36.25M, Peak:36.25M | Scene, ViewLayer | Updating Shaders
Fra:1 Mem:442.99M (Peak 455.44M) | Time:00:00.34 | Mem:36.25M, Peak:36.25M | Scene, ViewLayer | Loading render kernels (may take a few minutes the first time)
Fra:1 Mem:443.08M (Peak 455.44M) | Time:00:00.34 | Mem:36.25M, Peak:36.25M | Scene, ViewLayer | Updating Procedurals
Fra:1 Mem:443.08M (Peak 455.44M) | Time:00:00.34 | Mem:36.25M, Peak:36.25M | Scene, ViewLayer | Updating Background
Fra:1 Mem:443.08M (Peak 455.44M) | Time:00:00.34 | Mem:36.25M, Peak:36.25M | Scene, ViewLayer | Updating Camera
Fra:1 Mem:443.08M (Peak 455.44M) | Time:00:00.34 | Mem:36.25M, Peak:36.25M | Scene, ViewLayer | Updating Meshes Flags
Fra:1 Mem:443.08M (Peak 455.44M) | Time:00:00.34 | Mem:36.25M, Peak:36.25M | Scene, ViewLayer | Updating Objects
Fra:1 Mem:443.08M (Peak 455.44M) | Time:00:00.34 | Mem:36.25M, Peak:36.25M | Scene, ViewLayer | Updating Objects | Copying Transformations to device
Fra:1 Mem:443.08M (Peak 455.44M) | Time:00:00.34 | Mem:36.25M, Peak:36.25M | Scene, ViewLayer | Updating Particle Systems
Fra:1 Mem:443.08M (Peak 455.44M) | Time:00:00.34 | Mem:36.25M, Peak:36.25M | Scene, ViewLayer | Updating Particle Systems | Copying Particles to device
Fra:1 Mem:443.08M (Peak 455.44M) | Time:00:00.34 | Mem:36.25M, Peak:36.25M | Scene, ViewLayer | Updating Meshes
Fra:1 Mem:534.60M (Peak 534.60M) | Time:00:01.28 | Mem:36.25M, Peak:36.25M | Scene, ViewLayer | Updating Objects | Applying Static Transformations
Fra:1 Mem:534.60M (Peak 534.60M) | Time:00:01.28 | Mem:36.25M, Peak:36.25M | Scene, ViewLayer | Updating Mesh | Computing attributes
Fra:1 Mem:695.95M (Peak 695.95M) | Time:00:01.32 | Mem:36.25M, Peak:36.25M | Scene, ViewLayer | Updating Mesh | Copying Attributes to device
Fra:1 Mem:695.95M (Peak 695.95M) | Time:00:01.33 | Mem:197.61M, Peak:197.61M | Scene, ViewLayer | Updating Scene BVH | Building
Fra:1 Mem:695.95M (Peak 695.95M) | Time:00:01.33 | Mem:197.61M, Peak:197.61M | Scene, ViewLayer | Updating Scene BVH | Building BVH
Fra:1 Mem:695.95M (Peak 695.95M) | Time:00:01.33 | Mem:246.42M, Peak:246.42M | Scene, ViewLayer | Updating Scene BVH | Building BVH 0%
Fra:1 Mem:695.95M (Peak 695.95M) | Time:00:01.42 | Mem:305.61M, Peak:354.42M | Scene, ViewLayer | Updating Scene BVH | Copying BVH to device
Fra:1 Mem:695.95M (Peak 695.95M) | Time:00:01.42 | Mem:305.61M, Peak:354.42M | Scene, ViewLayer | Updating Mesh | Computing normals
Fra:1 Mem:750.20M (Peak 750.20M) | Time:00:01.45 | Mem:305.61M, Peak:354.42M | Scene, ViewLayer | Updating Mesh | Copying Mesh to device
Fra:1 Mem:750.20M (Peak 750.20M) | Time:00:01.45 | Mem:359.86M, Peak:359.86M | Scene, ViewLayer | Updating Objects Flags
Fra:1 Mem:750.20M (Peak 750.20M) | Time:00:01.45 | Mem:359.86M, Peak:359.86M | Scene, ViewLayer | Updating Primitive Offsets
Fra:1 Mem:750.20M (Peak 750.20M) | Time:00:01.45 | Mem:359.86M, Peak:359.86M | Scene, ViewLayer | Updating Images
Fra:1 Mem:746.20M (Peak 750.20M) | Time:00:01.45 | Mem:355.86M, Peak:359.86M | Scene, ViewLayer | Updating Camera Volume
Fra:1 Mem:746.20M (Peak 750.20M) | Time:00:01.45 | Mem:355.86M, Peak:359.86M | Scene, ViewLayer | Updating Lookup Tables
Fra:1 Mem:746.20M (Peak 750.20M) | Time:00:01.45 | Mem:355.94M, Peak:359.86M | Scene, ViewLayer | Updating Lights
Fra:1 Mem:746.20M (Peak 750.20M) | Time:00:01.45 | Mem:355.94M, Peak:359.86M | Scene, ViewLayer | Updating Lights | Computing tree
Fra:1 Mem:746.20M (Peak 750.20M) | Time:00:01.45 | Mem:355.94M, Peak:359.86M | Scene, ViewLayer | Updating Integrator
Fra:1 Mem:746.20M (Peak 750.20M) | Time:00:01.45 | Mem:355.94M, Peak:359.86M | Scene, ViewLayer | Updating Film
Fra:1 Mem:746.20M (Peak 750.20M) | Time:00:01.45 | Mem:355.86M, Peak:359.86M | Scene, ViewLayer | Updating Lookup Tables
Fra:1 Mem:746.20M (Peak 750.20M) | Time:00:01.45 | Mem:355.94M, Peak:359.86M | Scene, ViewLayer | Updating Baking
Fra:1 Mem:746.20M (Peak 750.20M) | Time:00:01.45 | Mem:355.94M, Peak:359.86M | Scene, ViewLayer | Updating Device | Writing constant memory
Fra:1 Mem:746.20M (Peak 750.20M) | Time:00:01.45 | Mem:355.94M, Peak:359.86M | Scene, ViewLayer | Loading denoising kernels (may take a few minutes the first time)
Fra:1 Mem:746.20M (Peak 750.20M) | Time:00:01.45 | Mem:355.94M, Peak:359.86M | Scene, ViewLayer | Sample 0/24
Fra:1 Mem:756.98M (Peak 756.98M) | Time:00:01.49 | Remaining:00:00.88 | Mem:366.64M, Peak:366.64M | Scene, ViewLayer | Sample 1/24
Fra:1 Mem:761.49M (Peak 768.24M) | Time:00:02.52 | Mem:366.64M, Peak:366.64M | Scene, ViewLayer | Sample 24/24
Fra:1 Mem:761.49M (Peak 768.24M) | Time:00:02.52 | Mem:366.64M, Peak:366.64M | Scene, ViewLayer | Finished
Saved: 'D:\Users\Lenovo\Desktop\大观园\assets\processed\crown-r12\0-0.next.png'
Time: 00:02.67 (Saving: 00:00.12)

Fra:1 Mem:284.92M (Peak 284.92M) | Time:00:00.00 | Mem:0.00M, Peak:0.00M | Scene, ViewLayer | Synchronizing object | island_tree_01_LOD0
Fra:1 Mem:284.93M (Peak 284.93M) | Time:00:00.00 | Mem:0.00M, Peak:0.00M | Scene, ViewLayer | Synchronizing object | Diffuse daylight
Fra:1 Mem:407.15M (Peak 443.76M) | Time:00:00.05 | Mem:0.00M, Peak:0.00M | Scene, ViewLayer | Initializing
Fra:1 Mem:407.14M (Peak 443.76M) | Time:00:00.05 | Mem:0.00M, Peak:0.00M | Scene, ViewLayer | Updating Images | Loading island_tree_01_branches_nor_gl
Fra:1 Mem:411.14M (Peak 443.76M) | Time:00:00.05 | Mem:0.00M, Peak:0.00M | Scene, ViewLayer | Updating Images | Loading island_tree_01_diff
Fra:1 Mem:411.14M (Peak 443.76M) | Time:00:00.05 | Mem:0.00M, Peak:0.00M | Scene, ViewLayer | Updating Images | Loading island_tree_01_nor_gl
Fra:1 Mem:415.15M (Peak 443.76M) | Time:00:00.05 | Mem:0.00M, Peak:0.00M | Scene, ViewLayer | Updating Images | Loading island_tree_01_leaves_rough
Fra:1 Mem:419.15M (Peak 443.76M) | Time:00:00.05 | Mem:0.00M, Peak:0.00M | Scene, ViewLayer | Updating Images | Loading island_tree_01_leaves_nor_gl
Fra:1 Mem:427.15M (Peak 443.76M) | Time:00:00.05 | Mem:0.00M, Peak:0.00M | Scene, ViewLayer | Updating Images | Loading island_tree_01_leaves_rgba.png
Fra:1 Mem:435.41M (Peak 443.76M) | Time:00:00.06 | Mem:0.25M, Peak:0.25M | Scene, ViewLayer | Updating Images | Loading island_tree_01_branches_diff
Fra:1 Mem:439.41M (Peak 443.76M) | Time:00:00.06 | Mem:4.25M, Peak:4.25M | Scene, ViewLayer | Updating Images | Loading island_tree_01_branches_rough
Fra:1 Mem:442.99M (Peak 455.44M) | Time:00:00.07 | Mem:36.25M, Peak:36.25M | Scene, ViewLayer | Waiting for render to start
Fra:1 Mem:442.99M (Peak 455.44M) | Time:00:00.07 | Mem:36.25M, Peak:36.25M | Scene, ViewLayer | Updating Scene
Fra:1 Mem:442.99M (Peak 455.44M) | Time:00:00.07 | Mem:36.25M, Peak:36.25M | Scene, ViewLayer | Updating Shaders
Fra:1 Mem:442.99M (Peak 455.44M) | Time:00:00.07 | Mem:36.25M, Peak:36.25M | Scene, ViewLayer | Loading render kernels (may take a few minutes the first time)
Fra:1 Mem:443.08M (Peak 455.44M) | Time:00:00.07 | Mem:36.25M, Peak:36.25M | Scene, ViewLayer | Updating Procedurals
Fra:1 Mem:443.08M (Peak 455.44M) | Time:00:00.07 | Mem:36.25M, Peak:36.25M | Scene, ViewLayer | Updating Background
Fra:1 Mem:443.08M (Peak 455.44M) | Time:00:00.07 | Mem:36.25M, Peak:36.25M | Scene, ViewLayer | Updating Camera
Fra:1 Mem:443.08M (Peak 455.44M) | Time:00:00.07 | Mem:36.25M, Peak:36.25M | Scene, ViewLayer | Updating Meshes Flags
Fra:1 Mem:443.08M (Peak 455.44M) | Time:00:00.07 | Mem:36.25M, Peak:36.25M | Scene, ViewLayer | Updating Objects
Fra:1 Mem:443.08M (Peak 455.44M) | Time:00:00.07 | Mem:36.25M, Peak:36.25M | Scene, ViewLayer | Updating Objects | Copying Transformations to device
Fra:1 Mem:443.08M (Peak 455.44M) | Time:00:00.07 | Mem:36.25M, Peak:36.25M | Scene, ViewLayer | Updating Particle Systems
Fra:1 Mem:443.08M (Peak 455.44M) | Time:00:00.07 | Mem:36.25M, Peak:36.25M | Scene, ViewLayer | Updating Particle Systems | Copying Particles to device
Fra:1 Mem:443.08M (Peak 455.44M) | Time:00:00.07 | Mem:36.25M, Peak:36.25M | Scene, ViewLayer | Updating Meshes
Fra:1 Mem:534.60M (Peak 534.60M) | Time:00:01.00 | Mem:36.25M, Peak:36.25M | Scene, ViewLayer | Updating Objects | Applying Static Transformations
Fra:1 Mem:534.60M (Peak 534.60M) | Time:00:01.00 | Mem:36.25M, Peak:36.25M | Scene, ViewLayer | Updating Mesh | Computing attributes
Fra:1 Mem:695.95M (Peak 695.95M) | Time:00:01.06 | Mem:36.25M, Peak:36.25M | Scene, ViewLayer | Updating Mesh | Copying Attributes to device
Fra:1 Mem:695.95M (Peak 695.95M) | Time:00:01.06 | Mem:197.61M, Peak:197.61M | Scene, ViewLayer | Updating Scene BVH | Building
Fra:1 Mem:695.95M (Peak 695.95M) | Time:00:01.06 | Mem:197.61M, Peak:197.61M | Scene, ViewLayer | Updating Scene BVH | Building BVH
Fra:1 Mem:695.95M (Peak 695.95M) | Time:00:01.06 | Mem:246.42M, Peak:246.42M | Scene, ViewLayer | Updating Scene BVH | Building BVH 0%
Fra:1 Mem:695.95M (Peak 695.95M) | Time:00:01.15 | Mem:307.61M, Peak:356.42M | Scene, ViewLayer | Updating Scene BVH | Copying BVH to device
Fra:1 Mem:695.95M (Peak 695.95M) | Time:00:01.15 | Mem:307.61M, Peak:356.42M | Scene, ViewLayer | Updating Mesh | Computing normals
Fra:1 Mem:750.20M (Peak 750.20M) | Time:00:01.18 | Mem:307.61M, Peak:356.42M | Scene, ViewLayer | Updating Mesh | Copying Mesh to device
Fra:1 Mem:750.20M (Peak 750.20M) | Time:00:01.18 | Mem:361.86M, Peak:361.86M | Scene, ViewLayer | Updating Objects Flags
Fra:1 Mem:750.20M (Peak 750.20M) | Time:00:01.18 | Mem:361.86M, Peak:361.86M | Scene, ViewLayer | Updating Primitive Offsets
Fra:1 Mem:750.20M (Peak 750.20M) | Time:00:01.18 | Mem:361.86M, Peak:361.86M | Scene, ViewLayer | Updating Images
Fra:1 Mem:746.20M (Peak 750.20M) | Time:00:01.18 | Mem:357.86M, Peak:361.86M | Scene, ViewLayer | Updating Camera Volume
Fra:1 Mem:746.20M (Peak 750.20M) | Time:00:01.18 | Mem:357.86M, Peak:361.86M | Scene, ViewLayer | Updating Lookup Tables
Fra:1 Mem:746.20M (Peak 750.20M) | Time:00:01.18 | Mem:357.94M, Peak:361.86M | Scene, ViewLayer | Updating Lights
Fra:1 Mem:746.20M (Peak 750.20M) | Time:00:01.18 | Mem:357.94M, Peak:361.86M | Scene, ViewLayer | Updating Lights | Computing tree
Fra:1 Mem:746.20M (Peak 750.20M) | Time:00:01.18 | Mem:357.94M, Peak:361.86M | Scene, ViewLayer | Updating Integrator
Fra:1 Mem:746.20M (Peak 750.20M) | Time:00:01.18 | Mem:357.94M, Peak:361.86M | Scene, ViewLayer | Updating Film
Fra:1 Mem:746.20M (Peak 750.20M) | Time:00:01.18 | Mem:357.86M, Peak:361.86M | Scene, ViewLayer | Updating Lookup Tables
Fra:1 Mem:746.20M (Peak 750.20M) | Time:00:01.18 | Mem:357.94M, Peak:361.86M | Scene, ViewLayer | Updating Baking
Fra:1 Mem:746.20M (Peak 750.20M) | Time:00:01.18 | Mem:357.94M, Peak:361.86M | Scene, ViewLayer | Updating Device | Writing constant memory
Fra:1 Mem:746.20M (Peak 750.20M) | Time:00:01.18 | Mem:357.94M, Peak:361.86M | Scene, ViewLayer | Loading denoising kernels (may take a few minutes the first time)
Fra:1 Mem:746.20M (Peak 750.20M) | Time:00:01.18 | Mem:357.94M, Peak:361.86M | Scene, ViewLayer | Sample 0/24
Fra:1 Mem:756.98M (Peak 756.98M) | Time:00:01.21 | Remaining:00:00.82 | Mem:368.64M, Peak:368.64M | Scene, ViewLayer | Sample 1/24
Fra:1 Mem:761.49M (Peak 768.24M) | Time:00:02.12 | Mem:368.64M, Peak:368.64M | Scene, ViewLayer | Sample 24/24
Fra:1 Mem:761.49M (Peak 768.24M) | Time:00:02.12 | Mem:368.64M, Peak:368.64M | Scene, ViewLayer | Finished
Saved: 'D:\Users\Lenovo\Desktop\大观园\assets\processed\crown-r12\0-1.next.png'
Time: 00:02.15 (Saving: 00:00.01)

Fra:1 Mem:284.92M (Peak 284.92M) | Time:00:00.00 | Mem:0.00M, Peak:0.00M | Scene, ViewLayer | Synchronizing object | Diffuse daylight
Fra:1 Mem:284.92M (Peak 284.92M) | Time:00:00.00 | Mem:0.00M, Peak:0.00M | Scene, ViewLayer | Synchronizing object | island_tree_01_LOD0
Fra:1 Mem:407.15M (Peak 443.76M) | Time:00:00.05 | Mem:0.00M, Peak:0.00M | Scene, ViewLayer | Initializing
Fra:1 Mem:407.14M (Peak 443.76M) | Time:00:00.05 | Mem:0.00M, Peak:0.00M | Scene, ViewLayer | Updating Images | Loading island_tree_01_branches_nor_gl
Fra:1 Mem:407.14M (Peak 443.76M) | Time:00:00.05 | Mem:0.00M, Peak:0.00M | Scene, ViewLayer | Updating Images | Loading island_tree_01_diff
Fra:1 Mem:407.14M (Peak 443.76M) | Time:00:00.05 | Mem:0.00M, Peak:0.00M | Scene, ViewLayer | Updating Images | Loading island_tree_01_nor_gl
Fra:1 Mem:419.15M (Peak 443.76M) | Time:00:00.05 | Mem:0.00M, Peak:0.00M | Scene, ViewLayer | Updating Images | Loading island_tree_01_leaves_nor_gl
Fra:1 Mem:423.15M (Peak 443.76M) | Time:00:00.05 | Mem:0.00M, Peak:0.00M | Scene, ViewLayer | Updating Images | Loading island_tree_01_leaves_rgba.png
Fra:1 Mem:435.41M (Peak 443.76M) | Time:00:00.06 | Mem:0.25M, Peak:0.25M | Scene, ViewLayer | Updating Images | Loading island_tree_01_branches_diff
Fra:1 Mem:439.41M (Peak 443.76M) | Time:00:00.06 | Mem:4.25M, Peak:4.25M | Scene, ViewLayer | Updating Images | Loading island_tree_01_branches_rough
Fra:1 Mem:442.99M (Peak 459.45M) | Time:00:00.07 | Mem:36.25M, Peak:36.25M | Scene, ViewLayer | Waiting for render to start
Fra:1 Mem:442.99M (Peak 459.45M) | Time:00:00.07 | Mem:36.25M, Peak:36.25M | Scene, ViewLayer | Updating Scene
Fra:1 Mem:442.99M (Peak 459.45M) | Time:00:00.07 | Mem:36.25M, Peak:36.25M | Scene, ViewLayer | Updating Shaders
Fra:1 Mem:442.99M (Peak 459.45M) | Time:00:00.07 | Mem:36.25M, Peak:36.25M | Scene, ViewLayer | Loading render kernels (may take a few minutes the first time)
Fra:1 Mem:443.08M (Peak 459.45M) | Time:00:00.07 | Mem:36.25M, Peak:36.25M | Scene, ViewLayer | Updating Procedurals
Fra:1 Mem:443.08M (Peak 459.45M) | Time:00:00.07 | Mem:36.25M, Peak:36.25M | Scene, ViewLayer | Updating Background
Fra:1 Mem:443.08M (Peak 459.45M) | Time:00:00.07 | Mem:36.25M, Peak:36.25M | Scene, ViewLayer | Updating Camera
Fra:1 Mem:443.08M (Peak 459.45M) | Time:00:00.07 | Mem:36.25M, Peak:36.25M | Scene, ViewLayer | Updating Meshes Flags
Fra:1 Mem:443.08M (Peak 459.45M) | Time:00:00.07 | Mem:36.25M, Peak:36.25M | Scene, ViewLayer | Updating Objects
Fra:1 Mem:443.08M (Peak 459.45M) | Time:00:00.07 | Mem:36.25M, Peak:36.25M | Scene, ViewLayer | Updating Objects | Copying Transformations to device
Fra:1 Mem:443.08M (Peak 459.45M) | Time:00:00.07 | Mem:36.25M, Peak:36.25M | Scene, ViewLayer | Updating Particle Systems
Fra:1 Mem:443.08M (Peak 459.45M) | Time:00:00.07 | Mem:36.25M, Peak:36.25M | Scene, ViewLayer | Updating Particle Systems | Copying Particles to device
Fra:1 Mem:443.08M (Peak 459.45M) | Time:00:00.07 | Mem:36.25M, Peak:36.25M | Scene, ViewLayer | Updating Meshes
Fra:1 Mem:534.60M (Peak 534.60M) | Time:00:00.98 | Mem:36.25M, Peak:36.25M | Scene, ViewLayer | Updating Objects | Applying Static Transformations
Fra:1 Mem:534.60M (Peak 534.60M) | Time:00:00.98 | Mem:36.25M, Peak:36.25M | Scene, ViewLayer | Updating Mesh | Computing attributes
Fra:1 Mem:695.95M (Peak 695.95M) | Time:00:01.03 | Mem:36.25M, Peak:36.25M | Scene, ViewLayer | Updating Mesh | Copying Attributes to device
Fra:1 Mem:695.95M (Peak 695.95M) | Time:00:01.03 | Mem:197.61M, Peak:197.61M | Scene, ViewLayer | Updating Scene BVH | Building
Fra:1 Mem:695.95M (Peak 695.95M) | Time:00:01.03 | Mem:197.61M, Peak:197.61M | Scene, ViewLayer | Updating Scene BVH | Building BVH
Fra:1 Mem:695.95M (Peak 695.95M) | Time:00:01.03 | Mem:246.42M, Peak:246.42M | Scene, ViewLayer | Updating Scene BVH | Building BVH 0%
Fra:1 Mem:695.95M (Peak 695.95M) | Time:00:01.10 | Mem:307.61M, Peak:356.42M | Scene, ViewLayer | Updating Scene BVH | Copying BVH to device
Fra:1 Mem:695.95M (Peak 695.95M) | Time:00:01.10 | Mem:307.61M, Peak:356.42M | Scene, ViewLayer | Updating Mesh | Computing normals
Fra:1 Mem:750.20M (Peak 750.20M) | Time:00:01.13 | Mem:307.61M, Peak:356.42M | Scene, ViewLayer | Updating Mesh | Copying Mesh to device
Fra:1 Mem:750.20M (Peak 750.20M) | Time:00:01.13 | Mem:361.86M, Peak:361.86M | Scene, ViewLayer | Updating Objects Flags
Fra:1 Mem:750.20M (Peak 750.20M) | Time:00:01.13 | Mem:361.86M, Peak:361.86M | Scene, ViewLayer | Updating Primitive Offsets
Fra:1 Mem:750.20M (Peak 750.20M) | Time:00:01.13 | Mem:361.86M, Peak:361.86M | Scene, ViewLayer | Updating Images
Fra:1 Mem:746.20M (Peak 750.20M) | Time:00:01.13 | Mem:357.86M, Peak:361.86M | Scene, ViewLayer | Updating Camera Volume
Fra:1 Mem:746.20M (Peak 750.20M) | Time:00:01.13 | Mem:357.86M, Peak:361.86M | Scene, ViewLayer | Updating Lookup Tables
Fra:1 Mem:746.20M (Peak 750.20M) | Time:00:01.13 | Mem:357.94M, Peak:361.86M | Scene, ViewLayer | Updating Lights
Fra:1 Mem:746.20M (Peak 750.20M) | Time:00:01.13 | Mem:357.94M, Peak:361.86M | Scene, ViewLayer | Updating Lights | Computing tree
Fra:1 Mem:746.20M (Peak 750.20M) | Time:00:01.13 | Mem:357.94M, Peak:361.86M | Scene, ViewLayer | Updating Integrator
Fra:1 Mem:746.20M (Peak 750.20M) | Time:00:01.13 | Mem:357.94M, Peak:361.86M | Scene, ViewLayer | Updating Film
Fra:1 Mem:746.20M (Peak 750.20M) | Time:00:01.13 | Mem:357.86M, Peak:361.86M | Scene, ViewLayer | Updating Lookup Tables
Fra:1 Mem:746.20M (Peak 750.20M) | Time:00:01.13 | Mem:357.94M, Peak:361.86M | Scene, ViewLayer | Updating Baking
Fra:1 Mem:746.20M (Peak 750.20M) | Time:00:01.13 | Mem:357.94M, Peak:361.86M | Scene, ViewLayer | Updating Device | Writing constant memory
Fra:1 Mem:746.20M (Peak 750.20M) | Time:00:01.13 | Mem:357.94M, Peak:361.86M | Scene, ViewLayer | Loading denoising kernels (may take a few minutes the first time)
Fra:1 Mem:746.20M (Peak 750.20M) | Time:00:01.13 | Mem:357.94M, Peak:361.86M | Scene, ViewLayer | Sample 0/24
Fra:1 Mem:756.98M (Peak 756.98M) | Time:00:01.15 | Remaining:00:00.68 | Mem:368.64M, Peak:368.64M | Scene, ViewLayer | Sample 1/24
Fra:1 Mem:761.49M (Peak 768.24M) | Time:00:02.00 | Mem:368.64M, Peak:368.64M | Scene, ViewLayer | Sample 24/24
Fra:1 Mem:761.49M (Peak 768.24M) | Time:00:02.00 | Mem:368.64M, Peak:368.64M | Scene, ViewLayer | Finished
Saved: 'D:\Users\Lenovo\Desktop\大观园\assets\processed\crown-r12\0-2.next.png'
Time: 00:02.02 (Saving: 00:00.01)

Fra:1 Mem:284.92M (Peak 284.92M) | Time:00:00.00 | Mem:0.00M, Peak:0.00M | Scene, ViewLayer | Synchronizing object | island_tree_01_LOD0
Fra:1 Mem:284.92M (Peak 284.92M) | Time:00:00.00 | Mem:0.00M, Peak:0.00M | Scene, ViewLayer | Synchronizing object | Diffuse daylight
Fra:1 Mem:407.15M (Peak 443.76M) | Time:00:00.05 | Mem:0.00M, Peak:0.00M | Scene, ViewLayer | Initializing
Fra:1 Mem:407.14M (Peak 443.76M) | Time:00:00.05 | Mem:0.00M, Peak:0.00M | Scene, ViewLayer | Updating Images | Loading island_tree_01_branches_nor_gl
Fra:1 Mem:407.14M (Peak 443.76M) | Time:00:00.05 | Mem:0.00M, Peak:0.00M | Scene, ViewLayer | Updating Images | Loading island_tree_01_diff
Fra:1 Mem:411.14M (Peak 443.76M) | Time:00:00.05 | Mem:0.00M, Peak:0.00M | Scene, ViewLayer | Updating Images | Loading island_tree_01_leaves_rough
Fra:1 Mem:419.15M (Peak 443.76M) | Time:00:00.05 | Mem:0.00M, Peak:0.00M | Scene, ViewLayer | Updating Images | Loading island_tree_01_leaves_rgba.png
Fra:1 Mem:435.41M (Peak 443.76M) | Time:00:00.05 | Mem:0.25M, Peak:0.25M | Scene, ViewLayer | Updating Images | Loading island_tree_01_branches_diff
Fra:1 Mem:439.41M (Peak 443.76M) | Time:00:00.06 | Mem:4.25M, Peak:4.25M | Scene, ViewLayer | Updating Images | Loading island_tree_01_branches_rough
Fra:1 Mem:442.99M (Peak 447.42M) | Time:00:00.07 | Mem:36.25M, Peak:36.25M | Scene, ViewLayer | Waiting for render to start
Fra:1 Mem:442.99M (Peak 447.42M) | Time:00:00.07 | Mem:36.25M, Peak:36.25M | Scene, ViewLayer | Updating Scene
Fra:1 Mem:442.99M (Peak 447.42M) | Time:00:00.07 | Mem:36.25M, Peak:36.25M | Scene, ViewLayer | Updating Shaders
Fra:1 Mem:442.99M (Peak 447.42M) | Time:00:00.07 | Mem:36.25M, Peak:36.25M | Scene, ViewLayer | Loading render kernels (may take a few minutes the first time)
Fra:1 Mem:443.08M (Peak 447.42M) | Time:00:00.07 | Mem:36.25M, Peak:36.25M | Scene, ViewLayer | Updating Procedurals
Fra:1 Mem:443.08M (Peak 447.42M) | Time:00:00.07 | Mem:36.25M, Peak:36.25M | Scene, ViewLayer | Updating Background
Fra:1 Mem:443.08M (Peak 447.42M) | Time:00:00.07 | Mem:36.25M, Peak:36.25M | Scene, ViewLayer | Updating Camera
Fra:1 Mem:443.08M (Peak 447.42M) | Time:00:00.07 | Mem:36.25M, Peak:36.25M | Scene, ViewLayer | Updating Meshes Flags
Fra:1 Mem:443.08M (Peak 447.42M) | Time:00:00.07 | Mem:36.25M, Peak:36.25M | Scene, ViewLayer | Updating Objects
Fra:1 Mem:443.08M (Peak 447.42M) | Time:00:00.07 | Mem:36.25M, Peak:36.25M | Scene, ViewLayer | Updating Objects | Copying Transformations to device
Fra:1 Mem:443.08M (Peak 447.42M) | Time:00:00.07 | Mem:36.25M, Peak:36.25M | Scene, ViewLayer | Updating Particle Systems
Fra:1 Mem:443.08M (Peak 447.42M) | Time:00:00.07 | Mem:36.25M, Peak:36.25M | Scene, ViewLayer | Updating Particle Systems | Copying Particles to device
Fra:1 Mem:443.08M (Peak 447.42M) | Time:00:00.07 | Mem:36.25M, Peak:36.25M | Scene, ViewLayer | Updating Meshes
Fra:1 Mem:534.60M (Peak 534.60M) | Time:00:01.00 | Mem:36.25M, Peak:36.25M | Scene, ViewLayer | Updating Objects | Applying Static Transformations
Fra:1 Mem:534.60M (Peak 534.60M) | Time:00:01.00 | Mem:36.25M, Peak:36.25M | Scene, ViewLayer | Updating Mesh | Computing attributes
Fra:1 Mem:695.95M (Peak 695.95M) | Time:00:01.05 | Mem:36.25M, Peak:36.25M | Scene, ViewLayer | Updating Mesh | Copying Attributes to device
Fra:1 Mem:695.95M (Peak 695.95M) | Time:00:01.06 | Mem:197.61M, Peak:197.61M | Scene, ViewLayer | Updating Scene BVH | Building
Fra:1 Mem:695.95M (Peak 695.95M) | Time:00:01.06 | Mem:197.61M, Peak:197.61M | Scene, ViewLayer | Updating Scene BVH | Building BVH
Fra:1 Mem:695.95M (Peak 695.95M) | Time:00:01.06 | Mem:246.42M, Peak:246.42M | Scene, ViewLayer | Updating Scene BVH | Building BVH 0%
Fra:1 Mem:695.95M (Peak 695.95M) | Time:00:01.15 | Mem:307.61M, Peak:356.42M | Scene, ViewLayer | Updating Scene BVH | Copying BVH to device
Fra:1 Mem:695.95M (Peak 695.95M) | Time:00:01.15 | Mem:307.61M, Peak:356.42M | Scene, ViewLayer | Updating Mesh | Computing normals
Fra:1 Mem:750.20M (Peak 750.20M) | Time:00:01.17 | Mem:307.61M, Peak:356.42M | Scene, ViewLayer | Updating Mesh | Copying Mesh to device
Fra:1 Mem:750.20M (Peak 750.20M) | Time:00:01.17 | Mem:361.86M, Peak:361.86M | Scene, ViewLayer | Updating Objects Flags
Fra:1 Mem:750.20M (Peak 750.20M) | Time:00:01.17 | Mem:361.86M, Peak:361.86M | Scene, ViewLayer | Updating Primitive Offsets
Fra:1 Mem:750.20M (Peak 750.20M) | Time:00:01.17 | Mem:361.86M, Peak:361.86M | Scene, ViewLayer | Updating Images
Fra:1 Mem:746.20M (Peak 750.20M) | Time:00:01.17 | Mem:357.86M, Peak:361.86M | Scene, ViewLayer | Updating Camera Volume
Fra:1 Mem:746.20M (Peak 750.20M) | Time:00:01.17 | Mem:357.86M, Peak:361.86M | Scene, ViewLayer | Updating Lookup Tables
Fra:1 Mem:746.20M (Peak 750.20M) | Time:00:01.17 | Mem:357.94M, Peak:361.86M | Scene, ViewLayer | Updating Lights
Fra:1 Mem:746.20M (Peak 750.20M) | Time:00:01.17 | Mem:357.94M, Peak:361.86M | Scene, ViewLayer | Updating Lights | Computing tree
Fra:1 Mem:746.20M (Peak 750.20M) | Time:00:01.17 | Mem:357.94M, Peak:361.86M | Scene, ViewLayer | Updating Integrator
Fra:1 Mem:746.20M (Peak 750.20M) | Time:00:01.17 | Mem:357.94M, Peak:361.86M | Scene, ViewLayer | Updating Film
Fra:1 Mem:746.20M (Peak 750.20M) | Time:00:01.17 | Mem:357.86M, Peak:361.86M | Scene, ViewLayer | Updating Lookup Tables
Fra:1 Mem:746.20M (Peak 750.20M) | Time:00:01.17 | Mem:357.94M, Peak:361.86M | Scene, ViewLayer | Updating Baking
Fra:1 Mem:746.20M (Peak 750.20M) | Time:00:01.17 | Mem:357.94M, Peak:361.86M | Scene, ViewLayer | Updating Device | Writing constant memory
Fra:1 Mem:746.20M (Peak 750.20M) | Time:00:01.17 | Mem:357.94M, Peak:361.86M | Scene, ViewLayer | Loading denoising kernels (may take a few minutes the first time)
Fra:1 Mem:746.20M (Peak 750.20M) | Time:00:01.17 | Mem:357.94M, Peak:361.86M | Scene, ViewLayer | Sample 0/24
Fra:1 Mem:756.98M (Peak 756.98M) | Time:00:01.21 | Remaining:00:00.89 | Mem:368.64M, Peak:368.64M | Scene, ViewLayer | Sample 1/24
Fra:1 Mem:761.49M (Peak 768.24M) | Time:00:02.51 | Mem:368.64M, Peak:368.64M | Scene, ViewLayer | Sample 24/24
Fra:1 Mem:761.49M (Peak 768.24M) | Time:00:02.51 | Mem:368.64M, Peak:368.64M | Scene, ViewLayer | Finished
Saved: 'D:\Users\Lenovo\Desktop\大观园\assets\processed\crown-r12\0-3.next.png'
Time: 00:02.55 (Saving: 00:00.01)

Fra:1 Mem:284.92M (Peak 284.92M) | Time:00:00.00 | Mem:0.00M, Peak:0.00M | Scene, ViewLayer | Synchronizing object | island_tree_01_LOD0
Fra:1 Mem:284.92M (Peak 284.92M) | Time:00:00.00 | Mem:0.00M, Peak:0.00M | Scene, ViewLayer | Synchronizing object | Diffuse daylight
Fra:1 Mem:407.15M (Peak 443.76M) | Time:00:00.06 | Mem:0.00M, Peak:0.00M | Scene, ViewLayer | Initializing
Fra:1 Mem:407.14M (Peak 443.76M) | Time:00:00.06 | Mem:0.00M, Peak:0.00M | Scene, ViewLayer | Updating Images | Loading island_tree_01_branches_nor_gl
Fra:1 Mem:407.14M (Peak 443.76M) | Time:00:00.06 | Mem:0.00M, Peak:0.00M | Scene, ViewLayer | Updating Images | Loading island_tree_01_diff
Fra:1 Mem:411.14M (Peak 443.76M) | Time:00:00.06 | Mem:0.00M, Peak:0.00M | Scene, ViewLayer | Updating Images | Loading island_tree_01_leaves_diff-island_tree_01_leaves_alpha
Fra:1 Mem:435.41M (Peak 443.76M) | Time:00:00.07 | Mem:0.25M, Peak:0.25M | Scene, ViewLayer | Updating Images | Loading island_tree_01_branches_diff
Fra:1 Mem:439.41M (Peak 443.76M) | Time:00:00.07 | Mem:4.25M, Peak:4.25M | Scene, ViewLayer | Updating Images | Loading island_tree_01_branches_rough
Fra:1 Mem:442.99M (Peak 451.43M) | Time:00:00.08 | Mem:36.25M, Peak:36.25M | Scene, ViewLayer | Waiting for render to start
Fra:1 Mem:442.99M (Peak 451.43M) | Time:00:00.08 | Mem:36.25M, Peak:36.25M | Scene, ViewLayer | Updating Scene
Fra:1 Mem:442.99M (Peak 451.43M) | Time:00:00.08 | Mem:36.25M, Peak:36.25M | Scene, ViewLayer | Updating Shaders
Fra:1 Mem:442.99M (Peak 451.43M) | Time:00:00.08 | Mem:36.25M, Peak:36.25M | Scene, ViewLayer | Loading render kernels (may take a few minutes the first time)
Fra:1 Mem:443.08M (Peak 451.43M) | Time:00:00.08 | Mem:36.25M, Peak:36.25M | Scene, ViewLayer | Updating Procedurals
Fra:1 Mem:443.08M (Peak 451.43M) | Time:00:00.08 | Mem:36.25M, Peak:36.25M | Scene, ViewLayer | Updating Background
Fra:1 Mem:443.08M (Peak 451.43M) | Time:00:00.08 | Mem:36.25M, Peak:36.25M | Scene, ViewLayer | Updating Camera
Fra:1 Mem:443.08M (Peak 451.43M) | Time:00:00.08 | Mem:36.25M, Peak:36.25M | Scene, ViewLayer | Updating Meshes Flags
Fra:1 Mem:443.08M (Peak 451.43M) | Time:00:00.08 | Mem:36.25M, Peak:36.25M | Scene, ViewLayer | Updating Objects
Fra:1 Mem:443.08M (Peak 451.43M) | Time:00:00.08 | Mem:36.25M, Peak:36.25M | Scene, ViewLayer | Updating Objects | Copying Transformations to device
Fra:1 Mem:443.08M (Peak 451.43M) | Time:00:00.08 | Mem:36.25M, Peak:36.25M | Scene, ViewLayer | Updating Particle Systems
Fra:1 Mem:443.08M (Peak 451.43M) | Time:00:00.08 | Mem:36.25M, Peak:36.25M | Scene, ViewLayer | Updating Particle Systems | Copying Particles to device
Fra:1 Mem:443.08M (Peak 451.43M) | Time:00:00.08 | Mem:36.25M, Peak:36.25M | Scene, ViewLayer | Updating Meshes
Fra:1 Mem:534.60M (Peak 534.60M) | Time:00:01.05 | Mem:36.25M, Peak:36.25M | Scene, ViewLayer | Updating Objects | Applying Static Transformations
Fra:1 Mem:534.60M (Peak 534.60M) | Time:00:01.05 | Mem:36.25M, Peak:36.25M | Scene, ViewLayer | Updating Mesh | Computing attributes
Fra:1 Mem:695.95M (Peak 695.95M) | Time:00:01.10 | Mem:36.25M, Peak:36.25M | Scene, ViewLayer | Updating Mesh | Copying Attributes to device
Fra:1 Mem:695.95M (Peak 695.95M) | Time:00:01.10 | Mem:197.61M, Peak:197.61M | Scene, ViewLayer | Updating Scene BVH | Building
Fra:1 Mem:695.95M (Peak 695.95M) | Time:00:01.10 | Mem:197.61M, Peak:197.61M | Scene, ViewLayer | Updating Scene BVH | Building BVH
Fra:1 Mem:695.95M (Peak 695.95M) | Time:00:01.10 | Mem:246.42M, Peak:246.42M | Scene, ViewLayer | Updating Scene BVH | Building BVH 0%
Fra:1 Mem:695.95M (Peak 695.95M) | Time:00:01.18 | Mem:307.61M, Peak:356.42M | Scene, ViewLayer | Updating Scene BVH | Copying BVH to device
Fra:1 Mem:695.95M (Peak 695.95M) | Time:00:01.18 | Mem:307.61M, Peak:356.42M | Scene, ViewLayer | Updating Mesh | Computing normals
Fra:1 Mem:750.20M (Peak 750.20M) | Time:00:01.20 | Mem:307.61M, Peak:356.42M | Scene, ViewLayer | Updating Mesh | Copying Mesh to device
Fra:1 Mem:750.20M (Peak 750.20M) | Time:00:01.20 | Mem:361.86M, Peak:361.86M | Scene, ViewLayer | Updating Objects Flags
Fra:1 Mem:750.20M (Peak 750.20M) | Time:00:01.20 | Mem:361.86M, Peak:361.86M | Scene, ViewLayer | Updating Primitive Offsets
Fra:1 Mem:750.20M (Peak 750.20M) | Time:00:01.20 | Mem:361.86M, Peak:361.86M | Scene, ViewLayer | Updating Images
Fra:1 Mem:746.20M (Peak 750.20M) | Time:00:01.20 | Mem:357.86M, Peak:361.86M | Scene, ViewLayer | Updating Camera Volume
Fra:1 Mem:746.20M (Peak 750.20M) | Time:00:01.20 | Mem:357.86M, Peak:361.86M | Scene, ViewLayer | Updating Lookup Tables
Fra:1 Mem:746.20M (Peak 750.20M) | Time:00:01.20 | Mem:357.94M, Peak:361.86M | Scene, ViewLayer | Updating Lights
Fra:1 Mem:746.20M (Peak 750.20M) | Time:00:01.20 | Mem:357.94M, Peak:361.86M | Scene, ViewLayer | Updating Lights | Computing tree
Fra:1 Mem:746.20M (Peak 750.20M) | Time:00:01.20 | Mem:357.94M, Peak:361.86M | Scene, ViewLayer | Updating Integrator
Fra:1 Mem:746.20M (Peak 750.20M) | Time:00:01.20 | Mem:357.94M, Peak:361.86M | Scene, ViewLayer | Updating Film
Fra:1 Mem:746.20M (Peak 750.20M) | Time:00:01.20 | Mem:357.86M, Peak:361.86M | Scene, ViewLayer | Updating Lookup Tables
Fra:1 Mem:746.20M (Peak 750.20M) | Time:00:01.20 | Mem:357.94M, Peak:361.86M | Scene, ViewLayer | Updating Baking
Fra:1 Mem:746.20M (Peak 750.20M) | Time:00:01.20 | Mem:357.94M, Peak:361.86M | Scene, ViewLayer | Updating Device | Writing constant memory
Fra:1 Mem:746.21M (Peak 750.20M) | Time:00:01.20 | Mem:357.94M, Peak:361.86M | Scene, ViewLayer | Loading denoising kernels (may take a few minutes the first time)
Fra:1 Mem:746.21M (Peak 750.20M) | Time:00:01.20 | Mem:357.94M, Peak:361.86M | Scene, ViewLayer | Sample 0/24
Fra:1 Mem:756.98M (Peak 756.98M) | Time:00:01.24 | Remaining:00:00.88 | Mem:368.64M, Peak:368.64M | Scene, ViewLayer | Sample 1/24
Fra:1 Mem:761.49M (Peak 768.24M) | Time:00:02.29 | Mem:368.64M, Peak:368.64M | Scene, ViewLayer | Sample 24/24
Fra:1 Mem:761.49M (Peak 768.24M) | Time:00:02.29 | Mem:368.64M, Peak:368.64M | Scene, ViewLayer | Finished
Saved: 'D:\Users\Lenovo\Desktop\大观园\assets\processed\crown-r12\0-4.next.png'
Time: 00:02.33 (Saving: 00:00.01)

17:32:01 | INFO: Data are loaded, start creating Blender stuff
17:32:01 | INFO: Blender create Mesh node mesh.001
17:32:02 | INFO: glTF import finished in 1.05s
Fra:1 Mem:404.92M (Peak 404.92M) | Time:00:00.00 | Mem:0.00M, Peak:0.00M | Scene, ViewLayer | Synchronizing object | island_tree_02_LOD0
Fra:1 Mem:404.93M (Peak 404.93M) | Time:00:00.00 | Mem:0.00M, Peak:0.00M | Scene, ViewLayer | Synchronizing object | Diffuse daylight
Fra:1 Mem:552.32M (Peak 576.86M) | Time:00:00.18 | Mem:0.00M, Peak:0.00M | Scene, ViewLayer | Initializing
Fra:1 Mem:552.31M (Peak 576.86M) | Time:00:00.18 | Mem:0.00M, Peak:0.00M | Scene, ViewLayer | Updating Images | Loading island_tree_02_branches_nor_gl
Fra:1 Mem:556.31M (Peak 576.86M) | Time:00:00.18 | Mem:0.00M, Peak:0.00M | Scene, ViewLayer | Updating Images | Loading island_tree_02_diff
Fra:1 Mem:556.31M (Peak 576.86M) | Time:00:00.18 | Mem:0.00M, Peak:0.00M | Scene, ViewLayer | Updating Images | Loading island_tree_02_leaves_diff-island_tree_02_leaves_alpha
Fra:1 Mem:560.32M (Peak 576.86M) | Time:00:00.18 | Mem:0.00M, Peak:0.00M | Scene, ViewLayer | Updating Images | Loading island_tree_02_leaves_rough
Fra:1 Mem:564.32M (Peak 576.86M) | Time:00:00.18 | Mem:0.00M, Peak:0.00M | Scene, ViewLayer | Updating Images | Loading island_tree_02_leaves_nor_gl
Fra:1 Mem:568.32M (Peak 576.86M) | Time:00:00.18 | Mem:0.00M, Peak:0.00M | Scene, ViewLayer | Updating Images | Loading island_tree_02_leaves_rgba.png
Fra:1 Mem:580.58M (Peak 580.58M) | Time:00:00.19 | Mem:0.25M, Peak:0.25M | Scene, ViewLayer | Updating Images | Loading island_tree_02_branches_diff
Fra:1 Mem:584.58M (Peak 588.59M) | Time:00:00.19 | Mem:4.25M, Peak:4.25M | Scene, ViewLayer | Updating Images | Loading island_tree_02_branches_rough
Fra:1 Mem:588.16M (Peak 596.60M) | Time:00:00.20 | Mem:36.25M, Peak:36.25M | Scene, ViewLayer | Waiting for render to start
Fra:1 Mem:588.16M (Peak 596.60M) | Time:00:00.20 | Mem:36.25M, Peak:36.25M | Scene, ViewLayer | Updating Scene
Fra:1 Mem:588.16M (Peak 596.60M) | Time:00:00.20 | Mem:36.25M, Peak:36.25M | Scene, ViewLayer | Updating Shaders
Fra:1 Mem:588.16M (Peak 596.60M) | Time:00:00.20 | Mem:36.25M, Peak:36.25M | Scene, ViewLayer | Loading render kernels (may take a few minutes the first time)
Fra:1 Mem:588.25M (Peak 596.60M) | Time:00:00.20 | Mem:36.25M, Peak:36.25M | Scene, ViewLayer | Updating Procedurals
Fra:1 Mem:588.25M (Peak 596.60M) | Time:00:00.20 | Mem:36.25M, Peak:36.25M | Scene, ViewLayer | Updating Background
Fra:1 Mem:588.25M (Peak 596.60M) | Time:00:00.20 | Mem:36.25M, Peak:36.25M | Scene, ViewLayer | Updating Camera
Fra:1 Mem:588.25M (Peak 596.60M) | Time:00:00.20 | Mem:36.25M, Peak:36.25M | Scene, ViewLayer | Updating Meshes Flags
Fra:1 Mem:588.25M (Peak 596.60M) | Time:00:00.20 | Mem:36.25M, Peak:36.25M | Scene, ViewLayer | Updating Objects
Fra:1 Mem:588.25M (Peak 596.60M) | Time:00:00.20 | Mem:36.25M, Peak:36.25M | Scene, ViewLayer | Updating Objects | Copying Transformations to device
Fra:1 Mem:588.25M (Peak 596.60M) | Time:00:00.20 | Mem:36.25M, Peak:36.25M | Scene, ViewLayer | Updating Particle Systems
Fra:1 Mem:588.25M (Peak 596.60M) | Time:00:00.20 | Mem:36.25M, Peak:36.25M | Scene, ViewLayer | Updating Particle Systems | Copying Particles to device
Fra:1 Mem:588.25M (Peak 596.60M) | Time:00:00.20 | Mem:36.25M, Peak:36.25M | Scene, ViewLayer | Updating Meshes
Fra:1 Mem:649.60M (Peak 649.60M) | Time:00:00.75 | Mem:36.25M, Peak:36.25M | Scene, ViewLayer | Updating Objects | Applying Static Transformations
Fra:1 Mem:649.60M (Peak 649.60M) | Time:00:00.75 | Mem:36.25M, Peak:36.25M | Scene, ViewLayer | Updating Mesh | Computing attributes
Fra:1 Mem:757.77M (Peak 757.77M) | Time:00:00.78 | Mem:36.25M, Peak:36.25M | Scene, ViewLayer | Updating Mesh | Copying Attributes to device
Fra:1 Mem:757.77M (Peak 757.77M) | Time:00:00.79 | Mem:144.43M, Peak:144.43M | Scene, ViewLayer | Updating Scene BVH | Building
Fra:1 Mem:757.77M (Peak 757.77M) | Time:00:00.79 | Mem:144.43M, Peak:144.43M | Scene, ViewLayer | Updating Scene BVH | Building BVH
Fra:1 Mem:757.77M (Peak 757.77M) | Time:00:00.79 | Mem:177.15M, Peak:177.15M | Scene, ViewLayer | Updating Scene BVH | Building BVH 0%
Fra:1 Mem:757.77M (Peak 757.77M) | Time:00:00.84 | Mem:216.43M, Peak:249.15M | Scene, ViewLayer | Updating Scene BVH | Copying BVH to device
Fra:1 Mem:757.77M (Peak 757.77M) | Time:00:00.84 | Mem:216.43M, Peak:249.15M | Scene, ViewLayer | Updating Mesh | Computing normals
Fra:1 Mem:794.15M (Peak 794.15M) | Time:00:00.85 | Mem:216.43M, Peak:249.15M | Scene, ViewLayer | Updating Mesh | Copying Mesh to device
Fra:1 Mem:794.15M (Peak 794.15M) | Time:00:00.85 | Mem:252.80M, Peak:252.80M | Scene, ViewLayer | Updating Objects Flags
Fra:1 Mem:794.15M (Peak 794.15M) | Time:00:00.85 | Mem:252.80M, Peak:252.80M | Scene, ViewLayer | Updating Primitive Offsets
Fra:1 Mem:794.15M (Peak 794.15M) | Time:00:00.85 | Mem:252.80M, Peak:252.80M | Scene, ViewLayer | Updating Images
Fra:1 Mem:790.15M (Peak 794.15M) | Time:00:00.85 | Mem:248.80M, Peak:252.80M | Scene, ViewLayer | Updating Camera Volume
Fra:1 Mem:790.15M (Peak 794.15M) | Time:00:00.85 | Mem:248.80M, Peak:252.80M | Scene, ViewLayer | Updating Lookup Tables
Fra:1 Mem:790.15M (Peak 794.15M) | Time:00:00.85 | Mem:248.88M, Peak:252.80M | Scene, ViewLayer | Updating Lights
Fra:1 Mem:790.15M (Peak 794.15M) | Time:00:00.85 | Mem:248.88M, Peak:252.80M | Scene, ViewLayer | Updating Lights | Computing tree
Fra:1 Mem:790.15M (Peak 794.15M) | Time:00:00.85 | Mem:248.88M, Peak:252.80M | Scene, ViewLayer | Updating Integrator
Fra:1 Mem:790.15M (Peak 794.15M) | Time:00:00.85 | Mem:248.88M, Peak:252.80M | Scene, ViewLayer | Updating Film
Fra:1 Mem:790.15M (Peak 794.15M) | Time:00:00.85 | Mem:248.80M, Peak:252.80M | Scene, ViewLayer | Updating Lookup Tables
Fra:1 Mem:790.15M (Peak 794.15M) | Time:00:00.85 | Mem:248.89M, Peak:252.80M | Scene, ViewLayer | Updating Baking
Fra:1 Mem:790.15M (Peak 794.15M) | Time:00:00.85 | Mem:248.89M, Peak:252.80M | Scene, ViewLayer | Updating Device | Writing constant memory
Fra:1 Mem:790.16M (Peak 794.15M) | Time:00:00.85 | Mem:248.89M, Peak:252.80M | Scene, ViewLayer | Loading denoising kernels (may take a few minutes the first time)
Fra:1 Mem:790.16M (Peak 794.15M) | Time:00:00.85 | Mem:248.89M, Peak:252.80M | Scene, ViewLayer | Sample 0/24
Fra:1 Mem:800.93M (Peak 800.93M) | Time:00:00.88 | Remaining:00:00.62 | Mem:259.59M, Peak:259.59M | Scene, ViewLayer | Sample 1/24
Fra:1 Mem:805.44M (Peak 812.19M) | Time:00:01.71 | Mem:259.59M, Peak:259.59M | Scene, ViewLayer | Sample 24/24
Fra:1 Mem:805.44M (Peak 812.19M) | Time:00:01.71 | Mem:259.59M, Peak:259.59M | Scene, ViewLayer | Finished
Saved: 'D:\Users\Lenovo\Desktop\大观园\assets\processed\crown-r12\1-0.next.png'
Time: 00:01.74 (Saving: 00:00.01)

Fra:1 Mem:470.37M (Peak 470.37M) | Time:00:00.00 | Mem:0.00M, Peak:0.00M | Scene, ViewLayer | Synchronizing object | island_tree_02_LOD0
Fra:1 Mem:470.37M (Peak 470.37M) | Time:00:00.00 | Mem:0.00M, Peak:0.00M | Scene, ViewLayer | Synchronizing object | Diffuse daylight
Fra:1 Mem:552.32M (Peak 576.86M) | Time:00:00.04 | Mem:0.00M, Peak:0.00M | Scene, ViewLayer | Initializing
Fra:1 Mem:552.31M (Peak 576.86M) | Time:00:00.04 | Mem:0.00M, Peak:0.00M | Scene, ViewLayer | Updating Images | Loading island_tree_02_branches_nor_gl
Fra:1 Mem:552.31M (Peak 576.86M) | Time:00:00.04 | Mem:0.00M, Peak:0.00M | Scene, ViewLayer | Updating Images | Loading island_tree_02_diff
Fra:1 Mem:556.31M (Peak 576.86M) | Time:00:00.04 | Mem:0.00M, Peak:0.00M | Scene, ViewLayer | Updating Images | Loading island_tree_02_leaves_diff-island_tree_02_leaves_alpha
Fra:1 Mem:560.32M (Peak 576.86M) | Time:00:00.04 | Mem:0.00M, Peak:0.00M | Scene, ViewLayer | Updating Images | Loading island_tree_02_leaves_rough
Fra:1 Mem:564.32M (Peak 576.86M) | Time:00:00.04 | Mem:0.00M, Peak:0.00M | Scene, ViewLayer | Updating Images | Loading island_tree_02_leaves_nor_gl
Fra:1 Mem:572.32M (Peak 576.86M) | Time:00:00.04 | Mem:0.00M, Peak:0.00M | Scene, ViewLayer | Updating Images | Loading island_tree_02_leaves_rgba.png
Fra:1 Mem:580.58M (Peak 580.58M) | Time:00:00.04 | Mem:0.25M, Peak:0.25M | Scene, ViewLayer | Updating Images | Loading island_tree_02_branches_diff
Fra:1 Mem:584.58M (Peak 588.59M) | Time:00:00.05 | Mem:4.25M, Peak:4.25M | Scene, ViewLayer | Updating Images | Loading island_tree_02_branches_rough
Fra:1 Mem:588.16M (Peak 600.61M) | Time:00:00.06 | Mem:36.25M, Peak:36.25M | Scene, ViewLayer | Waiting for render to start
Fra:1 Mem:588.16M (Peak 600.61M) | Time:00:00.06 | Mem:36.25M, Peak:36.25M | Scene, ViewLayer | Updating Scene
Fra:1 Mem:588.16M (Peak 600.61M) | Time:00:00.06 | Mem:36.25M, Peak:36.25M | Scene, ViewLayer | Updating Shaders
Fra:1 Mem:588.16M (Peak 600.61M) | Time:00:00.06 | Mem:36.25M, Peak:36.25M | Scene, ViewLayer | Loading render kernels (may take a few minutes the first time)
Fra:1 Mem:588.25M (Peak 600.61M) | Time:00:00.06 | Mem:36.25M, Peak:36.25M | Scene, ViewLayer | Updating Procedurals
Fra:1 Mem:588.25M (Peak 600.61M) | Time:00:00.06 | Mem:36.25M, Peak:36.25M | Scene, ViewLayer | Updating Background
Fra:1 Mem:588.25M (Peak 600.61M) | Time:00:00.06 | Mem:36.25M, Peak:36.25M | Scene, ViewLayer | Updating Camera
Fra:1 Mem:588.25M (Peak 600.61M) | Time:00:00.06 | Mem:36.25M, Peak:36.25M | Scene, ViewLayer | Updating Meshes Flags
Fra:1 Mem:588.25M (Peak 600.61M) | Time:00:00.06 | Mem:36.25M, Peak:36.25M | Scene, ViewLayer | Updating Objects
Fra:1 Mem:588.25M (Peak 600.61M) | Time:00:00.06 | Mem:36.25M, Peak:36.25M | Scene, ViewLayer | Updating Objects | Copying Transformations to device
Fra:1 Mem:588.25M (Peak 600.61M) | Time:00:00.06 | Mem:36.25M, Peak:36.25M | Scene, ViewLayer | Updating Particle Systems
Fra:1 Mem:588.25M (Peak 600.61M) | Time:00:00.06 | Mem:36.25M, Peak:36.25M | Scene, ViewLayer | Updating Particle Systems | Copying Particles to device
Fra:1 Mem:588.25M (Peak 600.61M) | Time:00:00.06 | Mem:36.25M, Peak:36.25M | Scene, ViewLayer | Updating Meshes
Fra:1 Mem:649.60M (Peak 649.60M) | Time:00:00.59 | Mem:36.25M, Peak:36.25M | Scene, ViewLayer | Updating Objects | Applying Static Transformations
Fra:1 Mem:649.60M (Peak 649.60M) | Time:00:00.59 | Mem:36.25M, Peak:36.25M | Scene, ViewLayer | Updating Mesh | Computing attributes
Fra:1 Mem:757.77M (Peak 757.77M) | Time:00:00.63 | Mem:36.25M, Peak:36.25M | Scene, ViewLayer | Updating Mesh | Copying Attributes to device
Fra:1 Mem:757.77M (Peak 757.77M) | Time:00:00.63 | Mem:144.43M, Peak:144.43M | Scene, ViewLayer | Updating Scene BVH | Building
Fra:1 Mem:757.77M (Peak 757.77M) | Time:00:00.63 | Mem:144.43M, Peak:144.43M | Scene, ViewLayer | Updating Scene BVH | Building BVH
Fra:1 Mem:757.77M (Peak 757.77M) | Time:00:00.63 | Mem:177.15M, Peak:177.15M | Scene, ViewLayer | Updating Scene BVH | Building BVH 0%
Fra:1 Mem:757.77M (Peak 757.77M) | Time:00:00.68 | Mem:216.43M, Peak:249.15M | Scene, ViewLayer | Updating Scene BVH | Copying BVH to device
Fra:1 Mem:757.77M (Peak 757.77M) | Time:00:00.68 | Mem:216.43M, Peak:249.15M | Scene, ViewLayer | Updating Mesh | Computing normals
Fra:1 Mem:794.15M (Peak 794.15M) | Time:00:00.69 | Mem:216.43M, Peak:249.15M | Scene, ViewLayer | Updating Mesh | Copying Mesh to device
Fra:1 Mem:794.15M (Peak 794.15M) | Time:00:00.69 | Mem:252.80M, Peak:252.80M | Scene, ViewLayer | Updating Objects Flags
Fra:1 Mem:794.15M (Peak 794.15M) | Time:00:00.69 | Mem:252.80M, Peak:252.80M | Scene, ViewLayer | Updating Primitive Offsets
Fra:1 Mem:794.15M (Peak 794.15M) | Time:00:00.69 | Mem:252.80M, Peak:252.80M | Scene, ViewLayer | Updating Images
Fra:1 Mem:790.15M (Peak 794.15M) | Time:00:00.69 | Mem:248.80M, Peak:252.80M | Scene, ViewLayer | Updating Camera Volume
Fra:1 Mem:790.15M (Peak 794.15M) | Time:00:00.69 | Mem:248.80M, Peak:252.80M | Scene, ViewLayer | Updating Lookup Tables
Fra:1 Mem:790.15M (Peak 794.15M) | Time:00:00.69 | Mem:248.88M, Peak:252.80M | Scene, ViewLayer | Updating Lights
Fra:1 Mem:790.15M (Peak 794.15M) | Time:00:00.69 | Mem:248.88M, Peak:252.80M | Scene, ViewLayer | Updating Lights | Computing tree
Fra:1 Mem:790.15M (Peak 794.15M) | Time:00:00.69 | Mem:248.88M, Peak:252.80M | Scene, ViewLayer | Updating Integrator
Fra:1 Mem:790.15M (Peak 794.15M) | Time:00:00.69 | Mem:248.88M, Peak:252.80M | Scene, ViewLayer | Updating Film
Fra:1 Mem:790.15M (Peak 794.15M) | Time:00:00.69 | Mem:248.80M, Peak:252.80M | Scene, ViewLayer | Updating Lookup Tables
Fra:1 Mem:790.15M (Peak 794.15M) | Time:00:00.69 | Mem:248.89M, Peak:252.80M | Scene, ViewLayer | Updating Baking
Fra:1 Mem:790.15M (Peak 794.15M) | Time:00:00.69 | Mem:248.89M, Peak:252.80M | Scene, ViewLayer | Updating Device | Writing constant memory
Fra:1 Mem:790.16M (Peak 794.15M) | Time:00:00.69 | Mem:248.89M, Peak:252.80M | Scene, ViewLayer | Loading denoising kernels (may take a few minutes the first time)
Fra:1 Mem:790.16M (Peak 794.15M) | Time:00:00.69 | Mem:248.89M, Peak:252.80M | Scene, ViewLayer | Sample 0/24
Fra:1 Mem:800.93M (Peak 800.93M) | Time:00:00.72 | Remaining:00:00.56 | Mem:259.59M, Peak:259.59M | Scene, ViewLayer | Sample 1/24
Fra:1 Mem:805.44M (Peak 812.19M) | Time:00:01.56 | Mem:259.59M, Peak:259.59M | Scene, ViewLayer | Sample 24/24
Fra:1 Mem:805.44M (Peak 812.19M) | Time:00:01.56 | Mem:259.59M, Peak:259.59M | Scene, ViewLayer | Finished
Saved: 'D:\Users\Lenovo\Desktop\大观园\assets\processed\crown-r12\1-1.next.png'
Time: 00:01.58 (Saving: 00:00.01)

Fra:1 Mem:470.37M (Peak 470.37M) | Time:00:00.00 | Mem:0.00M, Peak:0.00M | Scene, ViewLayer | Synchronizing object | Diffuse daylight
Fra:1 Mem:470.37M (Peak 470.37M) | Time:00:00.00 | Mem:0.00M, Peak:0.00M | Scene, ViewLayer | Synchronizing object | island_tree_02_LOD0
Fra:1 Mem:552.32M (Peak 576.86M) | Time:00:00.03 | Mem:0.00M, Peak:0.00M | Scene, ViewLayer | Initializing
Fra:1 Mem:552.31M (Peak 576.86M) | Time:00:00.03 | Mem:0.00M, Peak:0.00M | Scene, ViewLayer | Updating Images | Loading island_tree_02_branches_nor_gl
Fra:1 Mem:552.31M (Peak 576.86M) | Time:00:00.03 | Mem:0.00M, Peak:0.00M | Scene, ViewLayer | Updating Images | Loading island_tree_02_diff
Fra:1 Mem:556.31M (Peak 576.86M) | Time:00:00.03 | Mem:0.00M, Peak:0.00M | Scene, ViewLayer | Updating Images | Loading island_tree_02_rough
Fra:1 Mem:564.32M (Peak 576.86M) | Time:00:00.03 | Mem:0.00M, Peak:0.00M | Scene, ViewLayer | Updating Images | Loading island_tree_02_nor_gl
Fra:1 Mem:564.32M (Peak 576.86M) | Time:00:00.03 | Mem:0.00M, Peak:0.00M | Scene, ViewLayer | Updating Images | Loading island_tree_02_leaves_nor_gl
Fra:1 Mem:572.32M (Peak 576.86M) | Time:00:00.03 | Mem:0.00M, Peak:0.00M | Scene, ViewLayer | Updating Images | Loading island_tree_02_leaves_rgba.png
Fra:1 Mem:580.58M (Peak 580.58M) | Time:00:00.03 | Mem:0.25M, Peak:0.25M | Scene, ViewLayer | Updating Images | Loading island_tree_02_branches_diff
Fra:1 Mem:584.58M (Peak 588.59M) | Time:00:00.04 | Mem:4.25M, Peak:4.25M | Scene, ViewLayer | Updating Images | Loading island_tree_02_branches_rough
Fra:1 Mem:588.16M (Peak 604.62M) | Time:00:00.05 | Mem:36.25M, Peak:36.25M | Scene, ViewLayer | Waiting for render to start
Fra:1 Mem:588.16M (Peak 604.62M) | Time:00:00.05 | Mem:36.25M, Peak:36.25M | Scene, ViewLayer | Updating Scene
Fra:1 Mem:588.16M (Peak 604.62M) | Time:00:00.05 | Mem:36.25M, Peak:36.25M | Scene, ViewLayer | Updating Shaders
Fra:1 Mem:588.16M (Peak 604.62M) | Time:00:00.05 | Mem:36.25M, Peak:36.25M | Scene, ViewLayer | Loading render kernels (may take a few minutes the first time)
Fra:1 Mem:588.25M (Peak 604.62M) | Time:00:00.05 | Mem:36.25M, Peak:36.25M | Scene, ViewLayer | Updating Procedurals
Fra:1 Mem:588.25M (Peak 604.62M) | Time:00:00.05 | Mem:36.25M, Peak:36.25M | Scene, ViewLayer | Updating Background
Fra:1 Mem:588.25M (Peak 604.62M) | Time:00:00.05 | Mem:36.25M, Peak:36.25M | Scene, ViewLayer | Updating Camera
Fra:1 Mem:588.25M (Peak 604.62M) | Time:00:00.05 | Mem:36.25M, Peak:36.25M | Scene, ViewLayer | Updating Meshes Flags
Fra:1 Mem:588.25M (Peak 604.62M) | Time:00:00.05 | Mem:36.25M, Peak:36.25M | Scene, ViewLayer | Updating Objects
Fra:1 Mem:588.25M (Peak 604.62M) | Time:00:00.05 | Mem:36.25M, Peak:36.25M | Scene, ViewLayer | Updating Objects | Copying Transformations to device
Fra:1 Mem:588.25M (Peak 604.62M) | Time:00:00.05 | Mem:36.25M, Peak:36.25M | Scene, ViewLayer | Updating Particle Systems
Fra:1 Mem:588.25M (Peak 604.62M) | Time:00:00.05 | Mem:36.25M, Peak:36.25M | Scene, ViewLayer | Updating Particle Systems | Copying Particles to device
Fra:1 Mem:588.25M (Peak 604.62M) | Time:00:00.05 | Mem:36.25M, Peak:36.25M | Scene, ViewLayer | Updating Meshes
Fra:1 Mem:649.60M (Peak 649.60M) | Time:00:00.63 | Mem:36.25M, Peak:36.25M | Scene, ViewLayer | Updating Objects | Applying Static Transformations
Fra:1 Mem:649.60M (Peak 649.60M) | Time:00:00.63 | Mem:36.25M, Peak:36.25M | Scene, ViewLayer | Updating Mesh | Computing attributes
Fra:1 Mem:757.77M (Peak 757.77M) | Time:00:00.66 | Mem:36.25M, Peak:36.25M | Scene, ViewLayer | Updating Mesh | Copying Attributes to device
Fra:1 Mem:757.77M (Peak 757.77M) | Time:00:00.66 | Mem:144.43M, Peak:144.43M | Scene, ViewLayer | Updating Scene BVH | Building
Fra:1 Mem:757.77M (Peak 757.77M) | Time:00:00.66 | Mem:144.43M, Peak:144.43M | Scene, ViewLayer | Updating Scene BVH | Building BVH
Fra:1 Mem:757.77M (Peak 757.77M) | Time:00:00.66 | Mem:177.15M, Peak:177.15M | Scene, ViewLayer | Updating Scene BVH | Building BVH 0%
Fra:1 Mem:757.77M (Peak 757.77M) | Time:00:00.70 | Mem:216.43M, Peak:249.15M | Scene, ViewLayer | Updating Scene BVH | Copying BVH to device
Fra:1 Mem:757.77M (Peak 757.77M) | Time:00:00.70 | Mem:216.43M, Peak:249.15M | Scene, ViewLayer | Updating Mesh | Computing normals
Fra:1 Mem:794.15M (Peak 794.15M) | Time:00:00.72 | Mem:216.43M, Peak:249.15M | Scene, ViewLayer | Updating Mesh | Copying Mesh to device
Fra:1 Mem:794.15M (Peak 794.15M) | Time:00:00.72 | Mem:252.80M, Peak:252.80M | Scene, ViewLayer | Updating Objects Flags
Fra:1 Mem:794.15M (Peak 794.15M) | Time:00:00.72 | Mem:252.80M, Peak:252.80M | Scene, ViewLayer | Updating Primitive Offsets
Fra:1 Mem:794.15M (Peak 794.15M) | Time:00:00.72 | Mem:252.80M, Peak:252.80M | Scene, ViewLayer | Updating Images
Fra:1 Mem:790.15M (Peak 794.15M) | Time:00:00.72 | Mem:248.80M, Peak:252.80M | Scene, ViewLayer | Updating Camera Volume
Fra:1 Mem:790.15M (Peak 794.15M) | Time:00:00.72 | Mem:248.80M, Peak:252.80M | Scene, ViewLayer | Updating Lookup Tables
Fra:1 Mem:790.15M (Peak 794.15M) | Time:00:00.72 | Mem:248.88M, Peak:252.80M | Scene, ViewLayer | Updating Lights
Fra:1 Mem:790.15M (Peak 794.15M) | Time:00:00.72 | Mem:248.88M, Peak:252.80M | Scene, ViewLayer | Updating Lights | Computing tree
Fra:1 Mem:790.15M (Peak 794.15M) | Time:00:00.72 | Mem:248.88M, Peak:252.80M | Scene, ViewLayer | Updating Integrator
Fra:1 Mem:790.15M (Peak 794.15M) | Time:00:00.72 | Mem:248.88M, Peak:252.80M | Scene, ViewLayer | Updating Film
Fra:1 Mem:790.15M (Peak 794.15M) | Time:00:00.72 | Mem:248.80M, Peak:252.80M | Scene, ViewLayer | Updating Lookup Tables
Fra:1 Mem:790.15M (Peak 794.15M) | Time:00:00.72 | Mem:248.89M, Peak:252.80M | Scene, ViewLayer | Updating Baking
Fra:1 Mem:790.15M (Peak 794.15M) | Time:00:00.72 | Mem:248.89M, Peak:252.80M | Scene, ViewLayer | Updating Device | Writing constant memory
Fra:1 Mem:790.16M (Peak 794.15M) | Time:00:00.72 | Mem:248.89M, Peak:252.80M | Scene, ViewLayer | Loading denoising kernels (may take a few minutes the first time)
Fra:1 Mem:790.16M (Peak 794.15M) | Time:00:00.72 | Mem:248.89M, Peak:252.80M | Scene, ViewLayer | Sample 0/24
Fra:1 Mem:800.93M (Peak 800.93M) | Time:00:00.74 | Remaining:00:00.62 | Mem:259.59M, Peak:259.59M | Scene, ViewLayer | Sample 1/24
Fra:1 Mem:805.44M (Peak 812.19M) | Time:00:01.57 | Mem:259.59M, Peak:259.59M | Scene, ViewLayer | Sample 24/24
Fra:1 Mem:805.44M (Peak 812.19M) | Time:00:01.57 | Mem:259.59M, Peak:259.59M | Scene, ViewLayer | Finished
Saved: 'D:\Users\Lenovo\Desktop\大观园\assets\processed\crown-r12\1-2.next.png'
Time: 00:01.58 (Saving: 00:00.01)

Fra:1 Mem:470.37M (Peak 470.37M) | Time:00:00.00 | Mem:0.00M, Peak:0.00M | Scene, ViewLayer | Synchronizing object | island_tree_02_LOD0
Fra:1 Mem:472.19M (Peak 472.19M) | Time:00:00.00 | Mem:0.00M, Peak:0.00M | Scene, ViewLayer | Synchronizing object | Diffuse daylight
Fra:1 Mem:552.32M (Peak 576.86M) | Time:00:00.03 | Mem:0.00M, Peak:0.00M | Scene, ViewLayer | Initializing
Fra:1 Mem:552.31M (Peak 576.86M) | Time:00:00.03 | Mem:0.00M, Peak:0.00M | Scene, ViewLayer | Updating Images | Loading island_tree_02_branches_nor_gl
Fra:1 Mem:552.31M (Peak 576.86M) | Time:00:00.03 | Mem:0.00M, Peak:0.00M | Scene, ViewLayer | Updating Images | Loading island_tree_02_diff
Fra:1 Mem:556.31M (Peak 576.86M) | Time:00:00.03 | Mem:0.00M, Peak:0.00M | Scene, ViewLayer | Updating Images | Loading island_tree_02_leaves_nor_gl
Fra:1 Mem:580.32M (Peak 580.32M) | Time:00:00.03 | Mem:0.00M, Peak:0.00M | Scene, ViewLayer | Updating Images | Loading island_tree_02_leaves_rgba.png
Fra:1 Mem:580.59M (Peak 580.59M) | Time:00:00.03 | Mem:0.25M, Peak:0.25M | Scene, ViewLayer | Updating Images | Loading island_tree_02_branches_diff
Fra:1 Mem:584.59M (Peak 588.59M) | Time:00:00.03 | Mem:4.25M, Peak:4.25M | Scene, ViewLayer | Updating Images | Loading island_tree_02_branches_rough
Fra:1 Mem:588.16M (Peak 600.61M) | Time:00:00.04 | Mem:36.25M, Peak:36.25M | Scene, ViewLayer | Waiting for render to start
Fra:1 Mem:588.16M (Peak 600.61M) | Time:00:00.04 | Mem:36.25M, Peak:36.25M | Scene, ViewLayer | Updating Scene
Fra:1 Mem:588.16M (Peak 600.61M) | Time:00:00.04 | Mem:36.25M, Peak:36.25M | Scene, ViewLayer | Updating Shaders
Fra:1 Mem:588.16M (Peak 600.61M) | Time:00:00.04 | Mem:36.25M, Peak:36.25M | Scene, ViewLayer | Loading render kernels (may take a few minutes the first time)
Fra:1 Mem:588.25M (Peak 600.61M) | Time:00:00.04 | Mem:36.25M, Peak:36.25M | Scene, ViewLayer | Updating Procedurals
Fra:1 Mem:588.25M (Peak 600.61M) | Time:00:00.04 | Mem:36.25M, Peak:36.25M | Scene, ViewLayer | Updating Background
Fra:1 Mem:588.25M (Peak 600.61M) | Time:00:00.04 | Mem:36.25M, Peak:36.25M | Scene, ViewLayer | Updating Camera
Fra:1 Mem:588.25M (Peak 600.61M) | Time:00:00.04 | Mem:36.25M, Peak:36.25M | Scene, ViewLayer | Updating Meshes Flags
Fra:1 Mem:588.25M (Peak 600.61M) | Time:00:00.04 | Mem:36.25M, Peak:36.25M | Scene, ViewLayer | Updating Objects
Fra:1 Mem:588.25M (Peak 600.61M) | Time:00:00.04 | Mem:36.25M, Peak:36.25M | Scene, ViewLayer | Updating Objects | Copying Transformations to device
Fra:1 Mem:588.25M (Peak 600.61M) | Time:00:00.04 | Mem:36.25M, Peak:36.25M | Scene, ViewLayer | Updating Particle Systems
Fra:1 Mem:588.25M (Peak 600.61M) | Time:00:00.04 | Mem:36.25M, Peak:36.25M | Scene, ViewLayer | Updating Particle Systems | Copying Particles to device
Fra:1 Mem:588.25M (Peak 600.61M) | Time:00:00.04 | Mem:36.25M, Peak:36.25M | Scene, ViewLayer | Updating Meshes
Fra:1 Mem:649.60M (Peak 649.60M) | Time:00:00.59 | Mem:36.25M, Peak:36.25M | Scene, ViewLayer | Updating Objects | Applying Static Transformations
Fra:1 Mem:649.60M (Peak 649.60M) | Time:00:00.59 | Mem:36.25M, Peak:36.25M | Scene, ViewLayer | Updating Mesh | Computing attributes
Fra:1 Mem:757.77M (Peak 757.77M) | Time:00:00.60 | Mem:36.25M, Peak:36.25M | Scene, ViewLayer | Updating Mesh | Copying Attributes to device
Fra:1 Mem:757.77M (Peak 757.77M) | Time:00:00.61 | Mem:144.43M, Peak:144.43M | Scene, ViewLayer | Updating Scene BVH | Building
Fra:1 Mem:757.77M (Peak 757.77M) | Time:00:00.61 | Mem:144.43M, Peak:144.43M | Scene, ViewLayer | Updating Scene BVH | Building BVH
Fra:1 Mem:757.77M (Peak 757.77M) | Time:00:00.61 | Mem:177.15M, Peak:177.15M | Scene, ViewLayer | Updating Scene BVH | Building BVH 0%
Fra:1 Mem:757.77M (Peak 757.77M) | Time:00:00.66 | Mem:216.43M, Peak:249.15M | Scene, ViewLayer | Updating Scene BVH | Copying BVH to device
Fra:1 Mem:757.77M (Peak 757.77M) | Time:00:00.66 | Mem:216.43M, Peak:249.15M | Scene, ViewLayer | Updating Mesh | Computing normals
Fra:1 Mem:794.15M (Peak 794.15M) | Time:00:00.67 | Mem:216.43M, Peak:249.15M | Scene, ViewLayer | Updating Mesh | Copying Mesh to device
Fra:1 Mem:794.15M (Peak 794.15M) | Time:00:00.67 | Mem:252.80M, Peak:252.80M | Scene, ViewLayer | Updating Objects Flags
Fra:1 Mem:794.15M (Peak 794.15M) | Time:00:00.67 | Mem:252.80M, Peak:252.80M | Scene, ViewLayer | Updating Primitive Offsets
Fra:1 Mem:794.15M (Peak 794.15M) | Time:00:00.67 | Mem:252.80M, Peak:252.80M | Scene, ViewLayer | Updating Images
Fra:1 Mem:790.15M (Peak 794.15M) | Time:00:00.67 | Mem:248.80M, Peak:252.80M | Scene, ViewLayer | Updating Camera Volume
Fra:1 Mem:790.15M (Peak 794.15M) | Time:00:00.67 | Mem:248.80M, Peak:252.80M | Scene, ViewLayer | Updating Lookup Tables
Fra:1 Mem:790.15M (Peak 794.15M) | Time:00:00.67 | Mem:248.88M, Peak:252.80M | Scene, ViewLayer | Updating Lights
Fra:1 Mem:790.15M (Peak 794.15M) | Time:00:00.67 | Mem:248.88M, Peak:252.80M | Scene, ViewLayer | Updating Lights | Computing tree
Fra:1 Mem:790.15M (Peak 794.15M) | Time:00:00.67 | Mem:248.88M, Peak:252.80M | Scene, ViewLayer | Updating Integrator
Fra:1 Mem:790.15M (Peak 794.15M) | Time:00:00.67 | Mem:248.88M, Peak:252.80M | Scene, ViewLayer | Updating Film
Fra:1 Mem:790.15M (Peak 794.15M) | Time:00:00.67 | Mem:248.80M, Peak:252.80M | Scene, ViewLayer | Updating Lookup Tables
Fra:1 Mem:790.15M (Peak 794.15M) | Time:00:00.67 | Mem:248.89M, Peak:252.80M | Scene, ViewLayer | Updating Baking
Fra:1 Mem:790.15M (Peak 794.15M) | Time:00:00.67 | Mem:248.89M, Peak:252.80M | Scene, ViewLayer | Updating Device | Writing constant memory
Fra:1 Mem:790.16M (Peak 794.15M) | Time:00:00.67 | Mem:248.89M, Peak:252.80M | Scene, ViewLayer | Loading denoising kernels (may take a few minutes the first time)
Fra:1 Mem:790.16M (Peak 794.15M) | Time:00:00.67 | Mem:248.89M, Peak:252.80M | Scene, ViewLayer | Sample 0/24
Fra:1 Mem:800.94M (Peak 800.94M) | Time:00:00.70 | Remaining:00:00.66 | Mem:259.59M, Peak:259.59M | Scene, ViewLayer | Sample 1/24
Fra:1 Mem:805.44M (Peak 812.19M) | Time:00:01.76 | Mem:259.59M, Peak:259.59M | Scene, ViewLayer | Sample 24/24
Fra:1 Mem:805.44M (Peak 812.19M) | Time:00:01.76 | Mem:259.59M, Peak:259.59M | Scene, ViewLayer | Finished
Saved: 'D:\Users\Lenovo\Desktop\大观园\assets\processed\crown-r12\1-3.next.png'
Time: 00:01.78 (Saving: 00:00.01)

Fra:1 Mem:470.37M (Peak 470.37M) | Time:00:00.00 | Mem:0.00M, Peak:0.00M | Scene, ViewLayer | Synchronizing object | island_tree_02_LOD0
Fra:1 Mem:470.37M (Peak 470.37M) | Time:00:00.00 | Mem:0.00M, Peak:0.00M | Scene, ViewLayer | Synchronizing object | Diffuse daylight
Fra:1 Mem:552.32M (Peak 576.86M) | Time:00:00.03 | Mem:0.00M, Peak:0.00M | Scene, ViewLayer | Initializing
Fra:1 Mem:552.31M (Peak 576.86M) | Time:00:00.03 | Mem:0.00M, Peak:0.00M | Scene, ViewLayer | Updating Images | Loading island_tree_02_branches_nor_gl
Fra:1 Mem:552.31M (Peak 576.86M) | Time:00:00.03 | Mem:0.00M, Peak:0.00M | Scene, ViewLayer | Updating Images | Loading island_tree_02_diff
Fra:1 Mem:552.31M (Peak 576.86M) | Time:00:00.03 | Mem:0.00M, Peak:0.00M | Scene, ViewLayer | Updating Images | Loading island_tree_02_rough
Fra:1 Mem:560.32M (Peak 576.86M) | Time:00:00.03 | Mem:0.00M, Peak:0.00M | Scene, ViewLayer | Updating Images | Loading island_tree_02_leaves_rgba.png
Fra:1 Mem:580.59M (Peak 580.59M) | Time:00:00.03 | Mem:0.25M, Peak:0.25M | Scene, ViewLayer | Updating Images | Loading island_tree_02_branches_diff
Fra:1 Mem:584.59M (Peak 588.59M) | Time:00:00.04 | Mem:4.25M, Peak:4.25M | Scene, ViewLayer | Updating Images | Loading island_tree_02_branches_rough
Fra:1 Mem:588.16M (Peak 596.60M) | Time:00:00.05 | Mem:36.25M, Peak:36.25M | Scene, ViewLayer | Waiting for render to start
Fra:1 Mem:588.16M (Peak 596.60M) | Time:00:00.05 | Mem:36.25M, Peak:36.25M | Scene, ViewLayer | Updating Scene
Fra:1 Mem:588.16M (Peak 596.60M) | Time:00:00.05 | Mem:36.25M, Peak:36.25M | Scene, ViewLayer | Updating Shaders
Fra:1 Mem:588.16M (Peak 596.60M) | Time:00:00.05 | Mem:36.25M, Peak:36.25M | Scene, ViewLayer | Loading render kernels (may take a few minutes the first time)
Fra:1 Mem:588.25M (Peak 596.60M) | Time:00:00.05 | Mem:36.25M, Peak:36.25M | Scene, ViewLayer | Updating Procedurals
Fra:1 Mem:588.25M (Peak 596.60M) | Time:00:00.05 | Mem:36.25M, Peak:36.25M | Scene, ViewLayer | Updating Background
Fra:1 Mem:588.25M (Peak 596.60M) | Time:00:00.05 | Mem:36.25M, Peak:36.25M | Scene, ViewLayer | Updating Camera
Fra:1 Mem:588.25M (Peak 596.60M) | Time:00:00.05 | Mem:36.25M, Peak:36.25M | Scene, ViewLayer | Updating Meshes Flags
Fra:1 Mem:588.25M (Peak 596.60M) | Time:00:00.05 | Mem:36.25M, Peak:36.25M | Scene, ViewLayer | Updating Objects
Fra:1 Mem:588.25M (Peak 596.60M) | Time:00:00.05 | Mem:36.25M, Peak:36.25M | Scene, ViewLayer | Updating Objects | Copying Transformations to device
Fra:1 Mem:588.25M (Peak 596.60M) | Time:00:00.05 | Mem:36.25M, Peak:36.25M | Scene, ViewLayer | Updating Particle Systems
Fra:1 Mem:588.25M (Peak 596.60M) | Time:00:00.05 | Mem:36.25M, Peak:36.25M | Scene, ViewLayer | Updating Particle Systems | Copying Particles to device
Fra:1 Mem:588.25M (Peak 596.60M) | Time:00:00.05 | Mem:36.25M, Peak:36.25M | Scene, ViewLayer | Updating Meshes
Fra:1 Mem:649.60M (Peak 649.60M) | Time:00:00.64 | Mem:36.25M, Peak:36.25M | Scene, ViewLayer | Updating Objects | Applying Static Transformations
Fra:1 Mem:649.60M (Peak 649.60M) | Time:00:00.64 | Mem:36.25M, Peak:36.25M | Scene, ViewLayer | Updating Mesh | Computing attributes
Fra:1 Mem:757.77M (Peak 757.77M) | Time:00:00.66 | Mem:36.25M, Peak:36.25M | Scene, ViewLayer | Updating Mesh | Copying Attributes to device
Fra:1 Mem:757.77M (Peak 757.77M) | Time:00:00.66 | Mem:144.43M, Peak:144.43M | Scene, ViewLayer | Updating Scene BVH | Building
Fra:1 Mem:757.77M (Peak 757.77M) | Time:00:00.66 | Mem:144.43M, Peak:144.43M | Scene, ViewLayer | Updating Scene BVH | Building BVH
Fra:1 Mem:757.77M (Peak 757.77M) | Time:00:00.66 | Mem:177.15M, Peak:177.15M | Scene, ViewLayer | Updating Scene BVH | Building BVH 0%
Fra:1 Mem:757.77M (Peak 757.77M) | Time:00:00.72 | Mem:216.43M, Peak:249.15M | Scene, ViewLayer | Updating Scene BVH | Copying BVH to device
Fra:1 Mem:757.77M (Peak 757.77M) | Time:00:00.72 | Mem:216.43M, Peak:249.15M | Scene, ViewLayer | Updating Mesh | Computing normals
Fra:1 Mem:794.15M (Peak 794.15M) | Time:00:00.73 | Mem:216.43M, Peak:249.15M | Scene, ViewLayer | Updating Mesh | Copying Mesh to device
Fra:1 Mem:794.15M (Peak 794.15M) | Time:00:00.73 | Mem:252.80M, Peak:252.80M | Scene, ViewLayer | Updating Objects Flags
Fra:1 Mem:794.15M (Peak 794.15M) | Time:00:00.73 | Mem:252.80M, Peak:252.80M | Scene, ViewLayer | Updating Primitive Offsets
Fra:1 Mem:794.15M (Peak 794.15M) | Time:00:00.73 | Mem:252.80M, Peak:252.80M | Scene, ViewLayer | Updating Images
Fra:1 Mem:790.15M (Peak 794.15M) | Time:00:00.73 | Mem:248.80M, Peak:252.80M | Scene, ViewLayer | Updating Camera Volume
Fra:1 Mem:790.15M (Peak 794.15M) | Time:00:00.73 | Mem:248.80M, Peak:252.80M | Scene, ViewLayer | Updating Lookup Tables
Fra:1 Mem:790.15M (Peak 794.15M) | Time:00:00.73 | Mem:248.88M, Peak:252.80M | Scene, ViewLayer | Updating Lights
Fra:1 Mem:790.15M (Peak 794.15M) | Time:00:00.73 | Mem:248.88M, Peak:252.80M | Scene, ViewLayer | Updating Lights | Computing tree
Fra:1 Mem:790.15M (Peak 794.15M) | Time:00:00.73 | Mem:248.88M, Peak:252.80M | Scene, ViewLayer | Updating Integrator
Fra:1 Mem:790.15M (Peak 794.15M) | Time:00:00.73 | Mem:248.88M, Peak:252.80M | Scene, ViewLayer | Updating Film
Fra:1 Mem:790.15M (Peak 794.15M) | Time:00:00.73 | Mem:248.80M, Peak:252.80M | Scene, ViewLayer | Updating Lookup Tables
Fra:1 Mem:790.15M (Peak 794.15M) | Time:00:00.73 | Mem:248.89M, Peak:252.80M | Scene, ViewLayer | Updating Baking
Fra:1 Mem:790.15M (Peak 794.15M) | Time:00:00.73 | Mem:248.89M, Peak:252.80M | Scene, ViewLayer | Updating Device | Writing constant memory
Fra:1 Mem:790.16M (Peak 794.15M) | Time:00:00.73 | Mem:248.89M, Peak:252.80M | Scene, ViewLayer | Loading denoising kernels (may take a few minutes the first time)
Fra:1 Mem:790.16M (Peak 794.15M) | Time:00:00.73 | Mem:248.89M, Peak:252.80M | Scene, ViewLayer | Sample 0/24
Fra:1 Mem:800.94M (Peak 800.94M) | Time:00:00.77 | Remaining:00:00.79 | Mem:259.59M, Peak:259.59M | Scene, ViewLayer | Sample 1/24
Fra:1 Mem:805.44M (Peak 812.19M) | Time:00:01.74 | Mem:259.59M, Peak:259.59M | Scene, ViewLayer | Sample 24/24
Fra:1 Mem:805.44M (Peak 812.19M) | Time:00:01.74 | Mem:259.59M, Peak:259.59M | Scene, ViewLayer | Finished
Saved: 'D:\Users\Lenovo\Desktop\大观园\assets\processed\crown-r12\1-4.next.png'
Time: 00:01.76 (Saving: 00:00.01)

17:32:16 | INFO: Data are loaded, start creating Blender stuff
17:32:16 | INFO: Blender create Mesh node pine_sapling_small_b
17:32:17 | INFO: Blender create Mesh node pine_sapling_small_a
17:32:17 | INFO: Blender create Mesh node pine_sapling_small_c
17:32:17 | INFO: glTF import finished in 0.43s
Fra:1 Mem:524.73M (Peak 524.73M) | Time:00:00.00 | Mem:0.00M, Peak:0.00M | Scene, ViewLayer | Synchronizing object | pine_sapling_small_a
Fra:1 Mem:525.00M (Peak 525.00M) | Time:00:00.00 | Mem:0.00M, Peak:0.00M | Scene, ViewLayer | Synchronizing object | Diffuse daylight
Fra:1 Mem:540.80M (Peak 558.62M) | Time:00:00.03 | Mem:0.00M, Peak:0.00M | Scene, ViewLayer | Initializing
Fra:1 Mem:540.79M (Peak 558.62M) | Time:00:00.03 | Mem:0.00M, Peak:0.00M | Scene, ViewLayer | Updating Images | Loading pine_sapling_small_twig_rgba.png
Fra:1 Mem:540.79M (Peak 558.62M) | Time:00:00.03 | Mem:0.00M, Peak:0.00M | Scene, ViewLayer | Updating Images | Loading pine_sapling_small_bark_diff
Fra:1 Mem:544.79M (Peak 558.62M) | Time:00:00.03 | Mem:0.00M, Peak:0.00M | Scene, ViewLayer | Updating Images | Loading pine_sapling_small_bark_nor_gl
Fra:1 Mem:544.79M (Peak 558.62M) | Time:00:00.03 | Mem:0.00M, Peak:0.00M | Scene, ViewLayer | Updating Images | Loading pine_sapling_small_twig_rough
Fra:1 Mem:548.80M (Peak 558.62M) | Time:00:00.03 | Mem:0.00M, Peak:0.00M | Scene, ViewLayer | Updating Images | Loading pine_sapling_small_twig_nor_gl
Fra:1 Mem:564.74M (Peak 573.08M) | Time:00:00.05 | Mem:24.25M, Peak:24.25M | Scene, ViewLayer | Waiting for render to start
Fra:1 Mem:564.74M (Peak 573.08M) | Time:00:00.05 | Mem:24.25M, Peak:24.25M | Scene, ViewLayer | Updating Scene
Fra:1 Mem:564.74M (Peak 573.08M) | Time:00:00.05 | Mem:24.25M, Peak:24.25M | Scene, ViewLayer | Updating Shaders
Fra:1 Mem:564.74M (Peak 573.08M) | Time:00:00.05 | Mem:24.25M, Peak:24.25M | Scene, ViewLayer | Loading render kernels (may take a few minutes the first time)
Fra:1 Mem:564.82M (Peak 573.08M) | Time:00:00.05 | Mem:24.25M, Peak:24.25M | Scene, ViewLayer | Updating Procedurals
Fra:1 Mem:564.82M (Peak 573.08M) | Time:00:00.05 | Mem:24.25M, Peak:24.25M | Scene, ViewLayer | Updating Background
Fra:1 Mem:564.82M (Peak 573.08M) | Time:00:00.05 | Mem:24.25M, Peak:24.25M | Scene, ViewLayer | Updating Camera
Fra:1 Mem:564.82M (Peak 573.08M) | Time:00:00.05 | Mem:24.25M, Peak:24.25M | Scene, ViewLayer | Updating Meshes Flags
Fra:1 Mem:564.82M (Peak 573.08M) | Time:00:00.05 | Mem:24.25M, Peak:24.25M | Scene, ViewLayer | Updating Objects
Fra:1 Mem:564.82M (Peak 573.08M) | Time:00:00.05 | Mem:24.25M, Peak:24.25M | Scene, ViewLayer | Updating Objects | Copying Transformations to device
Fra:1 Mem:564.82M (Peak 573.08M) | Time:00:00.05 | Mem:24.25M, Peak:24.25M | Scene, ViewLayer | Updating Particle Systems
Fra:1 Mem:564.82M (Peak 573.08M) | Time:00:00.05 | Mem:24.25M, Peak:24.25M | Scene, ViewLayer | Updating Particle Systems | Copying Particles to device
Fra:1 Mem:564.82M (Peak 573.08M) | Time:00:00.05 | Mem:24.25M, Peak:24.25M | Scene, ViewLayer | Updating Meshes
Fra:1 Mem:572.97M (Peak 573.08M) | Time:00:00.11 | Mem:24.25M, Peak:24.25M | Scene, ViewLayer | Updating Objects | Applying Static Transformations
Fra:1 Mem:572.97M (Peak 573.08M) | Time:00:00.11 | Mem:24.25M, Peak:24.25M | Scene, ViewLayer | Updating Mesh | Computing attributes
Fra:1 Mem:584.43M (Peak 584.43M) | Time:00:00.11 | Mem:24.25M, Peak:24.25M | Scene, ViewLayer | Updating Mesh | Copying Attributes to device
Fra:1 Mem:584.43M (Peak 584.43M) | Time:00:00.11 | Mem:35.71M, Peak:35.71M | Scene, ViewLayer | Updating Scene BVH | Building
Fra:1 Mem:584.43M (Peak 584.43M) | Time:00:00.11 | Mem:35.71M, Peak:35.71M | Scene, ViewLayer | Updating Scene BVH | Building BVH
Fra:1 Mem:584.43M (Peak 584.43M) | Time:00:00.11 | Mem:40.06M, Peak:40.06M | Scene, ViewLayer | Updating Scene BVH | Building BVH 0%
Fra:1 Mem:584.43M (Peak 584.43M) | Time:00:00.12 | Mem:45.25M, Peak:49.60M | Scene, ViewLayer | Updating Scene BVH | Copying BVH to device
Fra:1 Mem:584.43M (Peak 584.43M) | Time:00:00.12 | Mem:45.25M, Peak:49.60M | Scene, ViewLayer | Updating Mesh | Computing normals
Fra:1 Mem:589.95M (Peak 589.95M) | Time:00:00.12 | Mem:45.25M, Peak:49.60M | Scene, ViewLayer | Updating Mesh | Copying Mesh to device
Fra:1 Mem:589.95M (Peak 589.95M) | Time:00:00.12 | Mem:50.76M, Peak:50.76M | Scene, ViewLayer | Updating Objects Flags
Fra:1 Mem:589.95M (Peak 589.95M) | Time:00:00.12 | Mem:50.76M, Peak:50.76M | Scene, ViewLayer | Updating Primitive Offsets
Fra:1 Mem:589.95M (Peak 589.95M) | Time:00:00.12 | Mem:50.76M, Peak:50.76M | Scene, ViewLayer | Updating Images
Fra:1 Mem:585.95M (Peak 589.95M) | Time:00:00.12 | Mem:46.76M, Peak:50.76M | Scene, ViewLayer | Updating Camera Volume
Fra:1 Mem:585.95M (Peak 589.95M) | Time:00:00.12 | Mem:46.76M, Peak:50.76M | Scene, ViewLayer | Updating Lookup Tables
Fra:1 Mem:585.95M (Peak 589.95M) | Time:00:00.12 | Mem:46.85M, Peak:50.76M | Scene, ViewLayer | Updating Lights
Fra:1 Mem:585.95M (Peak 589.95M) | Time:00:00.12 | Mem:46.85M, Peak:50.76M | Scene, ViewLayer | Updating Lights | Computing tree
Fra:1 Mem:585.95M (Peak 589.95M) | Time:00:00.12 | Mem:46.85M, Peak:50.76M | Scene, ViewLayer | Updating Integrator
Fra:1 Mem:585.95M (Peak 589.95M) | Time:00:00.12 | Mem:46.85M, Peak:50.76M | Scene, ViewLayer | Updating Film
Fra:1 Mem:585.95M (Peak 589.95M) | Time:00:00.12 | Mem:46.76M, Peak:50.76M | Scene, ViewLayer | Updating Lookup Tables
Fra:1 Mem:585.95M (Peak 589.95M) | Time:00:00.12 | Mem:46.85M, Peak:50.76M | Scene, ViewLayer | Updating Baking
Fra:1 Mem:585.95M (Peak 589.95M) | Time:00:00.12 | Mem:46.85M, Peak:50.76M | Scene, ViewLayer | Updating Device | Writing constant memory
Fra:1 Mem:585.96M (Peak 589.95M) | Time:00:00.12 | Mem:46.85M, Peak:50.76M | Scene, ViewLayer | Loading denoising kernels (may take a few minutes the first time)
Fra:1 Mem:585.96M (Peak 589.95M) | Time:00:00.12 | Mem:46.85M, Peak:50.76M | Scene, ViewLayer | Sample 0/24
Fra:1 Mem:596.73M (Peak 596.73M) | Time:00:00.13 | Remaining:00:00.28 | Mem:57.55M, Peak:57.55M | Scene, ViewLayer | Sample 1/24
Fra:1 Mem:601.24M (Peak 607.99M) | Time:00:00.75 | Mem:57.55M, Peak:57.55M | Scene, ViewLayer | Sample 24/24
Fra:1 Mem:601.24M (Peak 607.99M) | Time:00:00.75 | Mem:57.55M, Peak:57.55M | Scene, ViewLayer | Finished
Saved: 'D:\Users\Lenovo\Desktop\大观园\assets\processed\crown-r12\2-0.next.png'
Time: 00:00.76 (Saving: 00:00.00)

Fra:1 Mem:528.54M (Peak 528.54M) | Time:00:00.00 | Mem:0.00M, Peak:0.00M | Scene, ViewLayer | Synchronizing object | Diffuse daylight
Fra:1 Mem:528.54M (Peak 528.54M) | Time:00:00.00 | Mem:0.00M, Peak:0.00M | Scene, ViewLayer | Synchronizing object | pine_sapling_small_a
Fra:1 Mem:540.80M (Peak 558.62M) | Time:00:00.03 | Mem:0.00M, Peak:0.00M | Scene, ViewLayer | Initializing
Fra:1 Mem:540.79M (Peak 558.62M) | Time:00:00.03 | Mem:0.00M, Peak:0.00M | Scene, ViewLayer | Updating Images | Loading pine_sapling_small_twig_rgba.png
Fra:1 Mem:540.79M (Peak 558.62M) | Time:00:00.03 | Mem:0.00M, Peak:0.00M | Scene, ViewLayer | Updating Images | Loading pine_sapling_small_bark_diff
Fra:1 Mem:540.79M (Peak 558.62M) | Time:00:00.03 | Mem:0.00M, Peak:0.00M | Scene, ViewLayer | Updating Images | Loading pine_sapling_small_twig_diff
Fra:1 Mem:544.79M (Peak 558.62M) | Time:00:00.03 | Mem:0.00M, Peak:0.00M | Scene, ViewLayer | Updating Images | Loading pine_sapling_small_twig_nor_gl
Fra:1 Mem:564.74M (Peak 573.08M) | Time:00:00.04 | Mem:24.25M, Peak:24.25M | Scene, ViewLayer | Waiting for render to start
Fra:1 Mem:564.74M (Peak 573.08M) | Time:00:00.04 | Mem:24.25M, Peak:24.25M | Scene, ViewLayer | Updating Scene
Fra:1 Mem:564.74M (Peak 573.08M) | Time:00:00.04 | Mem:24.25M, Peak:24.25M | Scene, ViewLayer | Updating Shaders
Fra:1 Mem:564.74M (Peak 573.08M) | Time:00:00.04 | Mem:24.25M, Peak:24.25M | Scene, ViewLayer | Loading render kernels (may take a few minutes the first time)
Fra:1 Mem:564.82M (Peak 573.08M) | Time:00:00.04 | Mem:24.25M, Peak:24.25M | Scene, ViewLayer | Updating Procedurals
Fra:1 Mem:564.82M (Peak 573.08M) | Time:00:00.04 | Mem:24.25M, Peak:24.25M | Scene, ViewLayer | Updating Background
Fra:1 Mem:564.82M (Peak 573.08M) | Time:00:00.04 | Mem:24.25M, Peak:24.25M | Scene, ViewLayer | Updating Camera
Fra:1 Mem:564.82M (Peak 573.08M) | Time:00:00.04 | Mem:24.25M, Peak:24.25M | Scene, ViewLayer | Updating Meshes Flags
Fra:1 Mem:564.82M (Peak 573.08M) | Time:00:00.04 | Mem:24.25M, Peak:24.25M | Scene, ViewLayer | Updating Objects
Fra:1 Mem:564.82M (Peak 573.08M) | Time:00:00.04 | Mem:24.25M, Peak:24.25M | Scene, ViewLayer | Updating Objects | Copying Transformations to device
Fra:1 Mem:564.82M (Peak 573.08M) | Time:00:00.04 | Mem:24.25M, Peak:24.25M | Scene, ViewLayer | Updating Particle Systems
Fra:1 Mem:564.82M (Peak 573.08M) | Time:00:00.04 | Mem:24.25M, Peak:24.25M | Scene, ViewLayer | Updating Particle Systems | Copying Particles to device
Fra:1 Mem:564.82M (Peak 573.08M) | Time:00:00.04 | Mem:24.25M, Peak:24.25M | Scene, ViewLayer | Updating Meshes
Fra:1 Mem:572.97M (Peak 573.08M) | Time:00:00.10 | Mem:24.25M, Peak:24.25M | Scene, ViewLayer | Updating Objects | Applying Static Transformations
Fra:1 Mem:572.97M (Peak 573.08M) | Time:00:00.10 | Mem:24.25M, Peak:24.25M | Scene, ViewLayer | Updating Mesh | Computing attributes
Fra:1 Mem:584.43M (Peak 584.43M) | Time:00:00.10 | Mem:24.25M, Peak:24.25M | Scene, ViewLayer | Updating Mesh | Copying Attributes to device
Fra:1 Mem:584.43M (Peak 584.43M) | Time:00:00.10 | Mem:35.71M, Peak:35.71M | Scene, ViewLayer | Updating Scene BVH | Building
Fra:1 Mem:584.43M (Peak 584.43M) | Time:00:00.10 | Mem:35.71M, Peak:35.71M | Scene, ViewLayer | Updating Scene BVH | Building BVH
Fra:1 Mem:584.43M (Peak 584.43M) | Time:00:00.10 | Mem:40.06M, Peak:40.06M | Scene, ViewLayer | Updating Scene BVH | Building BVH 0%
Fra:1 Mem:584.43M (Peak 584.43M) | Time:00:00.10 | Mem:45.25M, Peak:49.60M | Scene, ViewLayer | Updating Scene BVH | Copying BVH to device
Fra:1 Mem:584.43M (Peak 584.43M) | Time:00:00.10 | Mem:45.25M, Peak:49.60M | Scene, ViewLayer | Updating Mesh | Computing normals
Fra:1 Mem:589.95M (Peak 589.95M) | Time:00:00.11 | Mem:45.25M, Peak:49.60M | Scene, ViewLayer | Updating Mesh | Copying Mesh to device
Fra:1 Mem:589.95M (Peak 589.95M) | Time:00:00.11 | Mem:50.76M, Peak:50.76M | Scene, ViewLayer | Updating Objects Flags
Fra:1 Mem:589.95M (Peak 589.95M) | Time:00:00.11 | Mem:50.76M, Peak:50.76M | Scene, ViewLayer | Updating Primitive Offsets
Fra:1 Mem:589.95M (Peak 589.95M) | Time:00:00.11 | Mem:50.76M, Peak:50.76M | Scene, ViewLayer | Updating Images
Fra:1 Mem:585.95M (Peak 589.95M) | Time:00:00.11 | Mem:46.76M, Peak:50.76M | Scene, ViewLayer | Updating Camera Volume
Fra:1 Mem:585.95M (Peak 589.95M) | Time:00:00.11 | Mem:46.76M, Peak:50.76M | Scene, ViewLayer | Updating Lookup Tables
Fra:1 Mem:585.95M (Peak 589.95M) | Time:00:00.11 | Mem:46.85M, Peak:50.76M | Scene, ViewLayer | Updating Lights
Fra:1 Mem:585.95M (Peak 589.95M) | Time:00:00.11 | Mem:46.85M, Peak:50.76M | Scene, ViewLayer | Updating Lights | Computing tree
Fra:1 Mem:585.95M (Peak 589.95M) | Time:00:00.11 | Mem:46.85M, Peak:50.76M | Scene, ViewLayer | Updating Integrator
Fra:1 Mem:585.95M (Peak 589.95M) | Time:00:00.11 | Mem:46.85M, Peak:50.76M | Scene, ViewLayer | Updating Film
Fra:1 Mem:585.95M (Peak 589.95M) | Time:00:00.11 | Mem:46.76M, Peak:50.76M | Scene, ViewLayer | Updating Lookup Tables
Fra:1 Mem:585.95M (Peak 589.95M) | Time:00:00.11 | Mem:46.85M, Peak:50.76M | Scene, ViewLayer | Updating Baking
Fra:1 Mem:585.95M (Peak 589.95M) | Time:00:00.11 | Mem:46.85M, Peak:50.76M | Scene, ViewLayer | Updating Device | Writing constant memory
Fra:1 Mem:585.96M (Peak 589.95M) | Time:00:00.11 | Mem:46.85M, Peak:50.76M | Scene, ViewLayer | Loading denoising kernels (may take a few minutes the first time)
Fra:1 Mem:585.96M (Peak 589.95M) | Time:00:00.11 | Mem:46.85M, Peak:50.76M | Scene, ViewLayer | Sample 0/24
Fra:1 Mem:596.73M (Peak 596.73M) | Time:00:00.12 | Remaining:00:00.25 | Mem:57.55M, Peak:57.55M | Scene, ViewLayer | Sample 1/24
Fra:1 Mem:601.24M (Peak 607.99M) | Time:00:00.72 | Mem:57.55M, Peak:57.55M | Scene, ViewLayer | Sample 24/24
Fra:1 Mem:601.24M (Peak 607.99M) | Time:00:00.72 | Mem:57.55M, Peak:57.55M | Scene, ViewLayer | Finished
Saved: 'D:\Users\Lenovo\Desktop\大观园\assets\processed\crown-r12\2-1.next.png'
Time: 00:00.73 (Saving: 00:00.01)

Fra:1 Mem:528.54M (Peak 528.54M) | Time:00:00.00 | Mem:0.00M, Peak:0.00M | Scene, ViewLayer | Synchronizing object | pine_sapling_small_a
Fra:1 Mem:528.81M (Peak 528.81M) | Time:00:00.00 | Mem:0.00M, Peak:0.00M | Scene, ViewLayer | Synchronizing object | Diffuse daylight
Fra:1 Mem:540.80M (Peak 558.62M) | Time:00:00.02 | Mem:0.00M, Peak:0.00M | Scene, ViewLayer | Initializing
Fra:1 Mem:540.79M (Peak 558.62M) | Time:00:00.02 | Mem:0.00M, Peak:0.00M | Scene, ViewLayer | Updating Images | Loading pine_sapling_small_twig_rgba.png
Fra:1 Mem:540.79M (Peak 558.62M) | Time:00:00.02 | Mem:0.00M, Peak:0.00M | Scene, ViewLayer | Updating Images | Loading pine_sapling_small_bark_diff
Fra:1 Mem:540.79M (Peak 558.62M) | Time:00:00.02 | Mem:0.00M, Peak:0.00M | Scene, ViewLayer | Updating Images | Loading pine_sapling_small_bark_nor_gl
Fra:1 Mem:540.79M (Peak 558.62M) | Time:00:00.02 | Mem:0.00M, Peak:0.00M | Scene, ViewLayer | Updating Images | Loading pine_sapling_small_twig_rough
Fra:1 Mem:548.80M (Peak 558.62M) | Time:00:00.02 | Mem:0.00M, Peak:0.00M | Scene, ViewLayer | Updating Images | Loading pine_sapling_small_twig_nor_gl
Fra:1 Mem:564.74M (Peak 573.08M) | Time:00:00.03 | Mem:24.25M, Peak:24.25M | Scene, ViewLayer | Waiting for render to start
Fra:1 Mem:564.74M (Peak 573.08M) | Time:00:00.03 | Mem:24.25M, Peak:24.25M | Scene, ViewLayer | Updating Scene
Fra:1 Mem:564.74M (Peak 573.08M) | Time:00:00.03 | Mem:24.25M, Peak:24.25M | Scene, ViewLayer | Updating Shaders
Fra:1 Mem:564.74M (Peak 573.08M) | Time:00:00.03 | Mem:24.25M, Peak:24.25M | Scene, ViewLayer | Loading render kernels (may take a few minutes the first time)
Fra:1 Mem:564.82M (Peak 573.08M) | Time:00:00.03 | Mem:24.25M, Peak:24.25M | Scene, ViewLayer | Updating Procedurals
Fra:1 Mem:564.82M (Peak 573.08M) | Time:00:00.03 | Mem:24.25M, Peak:24.25M | Scene, ViewLayer | Updating Background
Fra:1 Mem:564.82M (Peak 573.08M) | Time:00:00.03 | Mem:24.25M, Peak:24.25M | Scene, ViewLayer | Updating Camera
Fra:1 Mem:564.82M (Peak 573.08M) | Time:00:00.03 | Mem:24.25M, Peak:24.25M | Scene, ViewLayer | Updating Meshes Flags
Fra:1 Mem:564.82M (Peak 573.08M) | Time:00:00.03 | Mem:24.25M, Peak:24.25M | Scene, ViewLayer | Updating Objects
Fra:1 Mem:564.82M (Peak 573.08M) | Time:00:00.03 | Mem:24.25M, Peak:24.25M | Scene, ViewLayer | Updating Objects | Copying Transformations to device
Fra:1 Mem:564.82M (Peak 573.08M) | Time:00:00.03 | Mem:24.25M, Peak:24.25M | Scene, ViewLayer | Updating Particle Systems
Fra:1 Mem:564.82M (Peak 573.08M) | Time:00:00.03 | Mem:24.25M, Peak:24.25M | Scene, ViewLayer | Updating Particle Systems | Copying Particles to device
Fra:1 Mem:564.82M (Peak 573.08M) | Time:00:00.03 | Mem:24.25M, Peak:24.25M | Scene, ViewLayer | Updating Meshes
Fra:1 Mem:572.97M (Peak 573.08M) | Time:00:00.09 | Mem:24.25M, Peak:24.25M | Scene, ViewLayer | Updating Objects | Applying Static Transformations
Fra:1 Mem:572.97M (Peak 573.08M) | Time:00:00.09 | Mem:24.25M, Peak:24.25M | Scene, ViewLayer | Updating Mesh | Computing attributes
Fra:1 Mem:584.43M (Peak 584.43M) | Time:00:00.10 | Mem:24.25M, Peak:24.25M | Scene, ViewLayer | Updating Mesh | Copying Attributes to device
Fra:1 Mem:584.43M (Peak 584.43M) | Time:00:00.10 | Mem:35.71M, Peak:35.71M | Scene, ViewLayer | Updating Scene BVH | Building
Fra:1 Mem:584.43M (Peak 584.43M) | Time:00:00.10 | Mem:35.71M, Peak:35.71M | Scene, ViewLayer | Updating Scene BVH | Building BVH
Fra:1 Mem:584.43M (Peak 584.43M) | Time:00:00.10 | Mem:40.06M, Peak:40.06M | Scene, ViewLayer | Updating Scene BVH | Building BVH 0%
Fra:1 Mem:584.43M (Peak 584.43M) | Time:00:00.10 | Mem:45.25M, Peak:49.60M | Scene, ViewLayer | Updating Scene BVH | Copying BVH to device
Fra:1 Mem:584.43M (Peak 584.43M) | Time:00:00.10 | Mem:45.25M, Peak:49.60M | Scene, ViewLayer | Updating Mesh | Computing normals
Fra:1 Mem:589.95M (Peak 589.95M) | Time:00:00.11 | Mem:45.25M, Peak:49.60M | Scene, ViewLayer | Updating Mesh | Copying Mesh to device
Fra:1 Mem:589.95M (Peak 589.95M) | Time:00:00.11 | Mem:50.76M, Peak:50.76M | Scene, ViewLayer | Updating Objects Flags
Fra:1 Mem:589.95M (Peak 589.95M) | Time:00:00.11 | Mem:50.76M, Peak:50.76M | Scene, ViewLayer | Updating Primitive Offsets
Fra:1 Mem:589.95M (Peak 589.95M) | Time:00:00.11 | Mem:50.76M, Peak:50.76M | Scene, ViewLayer | Updating Images
Fra:1 Mem:585.95M (Peak 589.95M) | Time:00:00.11 | Mem:46.76M, Peak:50.76M | Scene, ViewLayer | Updating Camera Volume
Fra:1 Mem:585.95M (Peak 589.95M) | Time:00:00.11 | Mem:46.76M, Peak:50.76M | Scene, ViewLayer | Updating Lookup Tables
Fra:1 Mem:585.95M (Peak 589.95M) | Time:00:00.11 | Mem:46.85M, Peak:50.76M | Scene, ViewLayer | Updating Lights
Fra:1 Mem:585.95M (Peak 589.95M) | Time:00:00.11 | Mem:46.85M, Peak:50.76M | Scene, ViewLayer | Updating Lights | Computing tree
Fra:1 Mem:585.95M (Peak 589.95M) | Time:00:00.11 | Mem:46.85M, Peak:50.76M | Scene, ViewLayer | Updating Integrator
Fra:1 Mem:585.95M (Peak 589.95M) | Time:00:00.11 | Mem:46.85M, Peak:50.76M | Scene, ViewLayer | Updating Film
Fra:1 Mem:585.95M (Peak 589.95M) | Time:00:00.11 | Mem:46.76M, Peak:50.76M | Scene, ViewLayer | Updating Lookup Tables
Fra:1 Mem:585.95M (Peak 589.95M) | Time:00:00.11 | Mem:46.85M, Peak:50.76M | Scene, ViewLayer | Updating Baking
Fra:1 Mem:585.95M (Peak 589.95M) | Time:00:00.11 | Mem:46.85M, Peak:50.76M | Scene, ViewLayer | Updating Device | Writing constant memory
Fra:1 Mem:585.96M (Peak 589.95M) | Time:00:00.11 | Mem:46.85M, Peak:50.76M | Scene, ViewLayer | Loading denoising kernels (may take a few minutes the first time)
Fra:1 Mem:585.96M (Peak 589.95M) | Time:00:00.11 | Mem:46.85M, Peak:50.76M | Scene, ViewLayer | Sample 0/24
Fra:1 Mem:596.74M (Peak 596.74M) | Time:00:00.12 | Remaining:00:00.27 | Mem:57.55M, Peak:57.55M | Scene, ViewLayer | Sample 1/24
Fra:1 Mem:601.24M (Peak 607.99M) | Time:00:00.71 | Mem:57.55M, Peak:57.55M | Scene, ViewLayer | Sample 24/24
Fra:1 Mem:601.24M (Peak 607.99M) | Time:00:00.71 | Mem:57.55M, Peak:57.55M | Scene, ViewLayer | Finished
Saved: 'D:\Users\Lenovo\Desktop\大观园\assets\processed\crown-r12\2-2.next.png'
Time: 00:00.72 (Saving: 00:00.01)

Fra:1 Mem:528.54M (Peak 528.54M) | Time:00:00.00 | Mem:0.00M, Peak:0.00M | Scene, ViewLayer | Synchronizing object | pine_sapling_small_a
Fra:1 Mem:528.81M (Peak 528.81M) | Time:00:00.00 | Mem:0.00M, Peak:0.00M | Scene, ViewLayer | Synchronizing object | Diffuse daylight
Fra:1 Mem:540.80M (Peak 558.62M) | Time:00:00.02 | Mem:0.00M, Peak:0.00M | Scene, ViewLayer | Initializing
Fra:1 Mem:540.79M (Peak 558.62M) | Time:00:00.02 | Mem:0.00M, Peak:0.00M | Scene, ViewLayer | Updating Images | Loading pine_sapling_small_twig_rgba.png
Fra:1 Mem:540.79M (Peak 558.62M) | Time:00:00.02 | Mem:0.00M, Peak:0.00M | Scene, ViewLayer | Updating Images | Loading pine_sapling_small_bark_diff
Fra:1 Mem:540.79M (Peak 558.62M) | Time:00:00.02 | Mem:0.00M, Peak:0.00M | Scene, ViewLayer | Updating Images | Loading pine_sapling_small_twig_diff
Fra:1 Mem:540.79M (Peak 558.62M) | Time:00:00.02 | Mem:0.00M, Peak:0.00M | Scene, ViewLayer | Updating Images | Loading pine_sapling_small_twig_nor_gl
Fra:1 Mem:564.74M (Peak 573.07M) | Time:00:00.03 | Mem:24.25M, Peak:24.25M | Scene, ViewLayer | Waiting for render to start
Fra:1 Mem:564.74M (Peak 573.07M) | Time:00:00.03 | Mem:24.25M, Peak:24.25M | Scene, ViewLayer | Updating Scene
Fra:1 Mem:564.74M (Peak 573.07M) | Time:00:00.03 | Mem:24.25M, Peak:24.25M | Scene, ViewLayer | Updating Shaders
Fra:1 Mem:564.74M (Peak 573.07M) | Time:00:00.03 | Mem:24.25M, Peak:24.25M | Scene, ViewLayer | Loading render kernels (may take a few minutes the first time)
Fra:1 Mem:564.82M (Peak 573.07M) | Time:00:00.03 | Mem:24.25M, Peak:24.25M | Scene, ViewLayer | Updating Procedurals
Fra:1 Mem:564.82M (Peak 573.07M) | Time:00:00.03 | Mem:24.25M, Peak:24.25M | Scene, ViewLayer | Updating Background
Fra:1 Mem:564.82M (Peak 573.07M) | Time:00:00.03 | Mem:24.25M, Peak:24.25M | Scene, ViewLayer | Updating Camera
Fra:1 Mem:564.82M (Peak 573.07M) | Time:00:00.03 | Mem:24.25M, Peak:24.25M | Scene, ViewLayer | Updating Meshes Flags
Fra:1 Mem:564.82M (Peak 573.07M) | Time:00:00.03 | Mem:24.25M, Peak:24.25M | Scene, ViewLayer | Updating Objects
Fra:1 Mem:564.82M (Peak 573.07M) | Time:00:00.03 | Mem:24.25M, Peak:24.25M | Scene, ViewLayer | Updating Objects | Copying Transformations to device
Fra:1 Mem:564.82M (Peak 573.07M) | Time:00:00.03 | Mem:24.25M, Peak:24.25M | Scene, ViewLayer | Updating Particle Systems
Fra:1 Mem:564.82M (Peak 573.07M) | Time:00:00.03 | Mem:24.25M, Peak:24.25M | Scene, ViewLayer | Updating Particle Systems | Copying Particles to device
Fra:1 Mem:564.82M (Peak 573.07M) | Time:00:00.03 | Mem:24.25M, Peak:24.25M | Scene, ViewLayer | Updating Meshes
Fra:1 Mem:572.97M (Peak 573.07M) | Time:00:00.09 | Mem:24.25M, Peak:24.25M | Scene, ViewLayer | Updating Objects | Applying Static Transformations
Fra:1 Mem:572.97M (Peak 573.07M) | Time:00:00.09 | Mem:24.25M, Peak:24.25M | Scene, ViewLayer | Updating Mesh | Computing attributes
Fra:1 Mem:584.43M (Peak 584.43M) | Time:00:00.10 | Mem:24.25M, Peak:24.25M | Scene, ViewLayer | Updating Mesh | Copying Attributes to device
Fra:1 Mem:584.43M (Peak 584.43M) | Time:00:00.10 | Mem:35.71M, Peak:35.71M | Scene, ViewLayer | Updating Scene BVH | Building
Fra:1 Mem:584.43M (Peak 584.43M) | Time:00:00.10 | Mem:35.71M, Peak:35.71M | Scene, ViewLayer | Updating Scene BVH | Building BVH
Fra:1 Mem:584.43M (Peak 584.43M) | Time:00:00.10 | Mem:40.06M, Peak:40.06M | Scene, ViewLayer | Updating Scene BVH | Building BVH 0%
Fra:1 Mem:584.43M (Peak 584.43M) | Time:00:00.10 | Mem:45.25M, Peak:49.60M | Scene, ViewLayer | Updating Scene BVH | Copying BVH to device
Fra:1 Mem:584.43M (Peak 584.43M) | Time:00:00.10 | Mem:45.25M, Peak:49.60M | Scene, ViewLayer | Updating Mesh | Computing normals
Fra:1 Mem:589.95M (Peak 589.95M) | Time:00:00.10 | Mem:45.25M, Peak:49.60M | Scene, ViewLayer | Updating Mesh | Copying Mesh to device
Fra:1 Mem:589.95M (Peak 589.95M) | Time:00:00.10 | Mem:50.76M, Peak:50.76M | Scene, ViewLayer | Updating Objects Flags
Fra:1 Mem:589.95M (Peak 589.95M) | Time:00:00.10 | Mem:50.76M, Peak:50.76M | Scene, ViewLayer | Updating Primitive Offsets
Fra:1 Mem:589.95M (Peak 589.95M) | Time:00:00.10 | Mem:50.76M, Peak:50.76M | Scene, ViewLayer | Updating Images
Fra:1 Mem:585.95M (Peak 589.95M) | Time:00:00.10 | Mem:46.76M, Peak:50.76M | Scene, ViewLayer | Updating Camera Volume
Fra:1 Mem:585.95M (Peak 589.95M) | Time:00:00.10 | Mem:46.76M, Peak:50.76M | Scene, ViewLayer | Updating Lookup Tables
Fra:1 Mem:585.95M (Peak 589.95M) | Time:00:00.10 | Mem:46.85M, Peak:50.76M | Scene, ViewLayer | Updating Lights
Fra:1 Mem:585.95M (Peak 589.95M) | Time:00:00.10 | Mem:46.85M, Peak:50.76M | Scene, ViewLayer | Updating Lights | Computing tree
Fra:1 Mem:585.95M (Peak 589.95M) | Time:00:00.10 | Mem:46.85M, Peak:50.76M | Scene, ViewLayer | Updating Integrator
Fra:1 Mem:585.95M (Peak 589.95M) | Time:00:00.10 | Mem:46.85M, Peak:50.76M | Scene, ViewLayer | Updating Film
Fra:1 Mem:585.95M (Peak 589.95M) | Time:00:00.10 | Mem:46.76M, Peak:50.76M | Scene, ViewLayer | Updating Lookup Tables
Fra:1 Mem:585.95M (Peak 589.95M) | Time:00:00.10 | Mem:46.85M, Peak:50.76M | Scene, ViewLayer | Updating Baking
Fra:1 Mem:585.95M (Peak 589.95M) | Time:00:00.10 | Mem:46.85M, Peak:50.76M | Scene, ViewLayer | Updating Device | Writing constant memory
Fra:1 Mem:585.96M (Peak 589.95M) | Time:00:00.10 | Mem:46.85M, Peak:50.76M | Scene, ViewLayer | Loading denoising kernels (may take a few minutes the first time)
Fra:1 Mem:585.96M (Peak 589.95M) | Time:00:00.10 | Mem:46.85M, Peak:50.76M | Scene, ViewLayer | Sample 0/24
Fra:1 Mem:596.74M (Peak 596.74M) | Time:00:00.11 | Remaining:00:00.25 | Mem:57.55M, Peak:57.55M | Scene, ViewLayer | Sample 1/24
Fra:1 Mem:601.24M (Peak 607.99M) | Time:00:00.71 | Mem:57.55M, Peak:57.55M | Scene, ViewLayer | Sample 24/24
Fra:1 Mem:601.24M (Peak 607.99M) | Time:00:00.71 | Mem:57.55M, Peak:57.55M | Scene, ViewLayer | Finished
Saved: 'D:\Users\Lenovo\Desktop\大观园\assets\processed\crown-r12\2-3.next.png'
Time: 00:00.72 (Saving: 00:00.00)

Fra:1 Mem:528.54M (Peak 528.54M) | Time:00:00.00 | Mem:0.00M, Peak:0.00M | Scene, ViewLayer | Synchronizing object | pine_sapling_small_a
Fra:1 Mem:528.54M (Peak 528.54M) | Time:00:00.00 | Mem:0.00M, Peak:0.00M | Scene, ViewLayer | Synchronizing object | Diffuse daylight
Fra:1 Mem:540.80M (Peak 558.62M) | Time:00:00.03 | Mem:0.00M, Peak:0.00M | Scene, ViewLayer | Initializing
Fra:1 Mem:540.79M (Peak 558.62M) | Time:00:00.03 | Mem:0.00M, Peak:0.00M | Scene, ViewLayer | Updating Images | Loading pine_sapling_small_twig_rgba.png
Fra:1 Mem:540.79M (Peak 558.62M) | Time:00:00.03 | Mem:0.00M, Peak:0.00M | Scene, ViewLayer | Updating Images | Loading pine_sapling_small_bark_diff
Fra:1 Mem:540.79M (Peak 558.62M) | Time:00:00.03 | Mem:0.00M, Peak:0.00M | Scene, ViewLayer | Updating Images | Loading pine_sapling_small_bark_rough
Fra:1 Mem:540.79M (Peak 558.62M) | Time:00:00.03 | Mem:0.00M, Peak:0.00M | Scene, ViewLayer | Updating Images | Loading pine_sapling_small_bark_nor_gl
Fra:1 Mem:544.79M (Peak 558.62M) | Time:00:00.03 | Mem:0.00M, Peak:0.00M | Scene, ViewLayer | Updating Images | Loading pine_sapling_small_twig_diff
Fra:1 Mem:552.80M (Peak 558.62M) | Time:00:00.03 | Mem:0.00M, Peak:0.00M | Scene, ViewLayer | Updating Images | Loading pine_sapling_small_twig_rough
Fra:1 Mem:552.80M (Peak 558.62M) | Time:00:00.03 | Mem:0.00M, Peak:0.00M | Scene, ViewLayer | Updating Images | Loading pine_sapling_small_twig_nor_gl
Fra:1 Mem:564.74M (Peak 573.08M) | Time:00:00.04 | Mem:24.25M, Peak:24.25M | Scene, ViewLayer | Waiting for render to start
Fra:1 Mem:564.74M (Peak 573.08M) | Time:00:00.04 | Mem:24.25M, Peak:24.25M | Scene, ViewLayer | Updating Scene
Fra:1 Mem:564.74M (Peak 573.08M) | Time:00:00.04 | Mem:24.25M, Peak:24.25M | Scene, ViewLayer | Updating Shaders
Fra:1 Mem:564.74M (Peak 573.08M) | Time:00:00.04 | Mem:24.25M, Peak:24.25M | Scene, ViewLayer | Loading render kernels (may take a few minutes the first time)
Fra:1 Mem:564.82M (Peak 573.08M) | Time:00:00.04 | Mem:24.25M, Peak:24.25M | Scene, ViewLayer | Updating Procedurals
Fra:1 Mem:564.82M (Peak 573.08M) | Time:00:00.04 | Mem:24.25M, Peak:24.25M | Scene, ViewLayer | Updating Background
Fra:1 Mem:564.82M (Peak 573.08M) | Time:00:00.04 | Mem:24.25M, Peak:24.25M | Scene, ViewLayer | Updating Camera
Fra:1 Mem:564.82M (Peak 573.08M) | Time:00:00.04 | Mem:24.25M, Peak:24.25M | Scene, ViewLayer | Updating Meshes Flags
Fra:1 Mem:564.82M (Peak 573.08M) | Time:00:00.04 | Mem:24.25M, Peak:24.25M | Scene, ViewLayer | Updating Objects
Fra:1 Mem:564.82M (Peak 573.08M) | Time:00:00.04 | Mem:24.25M, Peak:24.25M | Scene, ViewLayer | Updating Objects | Copying Transformations to device
Fra:1 Mem:564.82M (Peak 573.08M) | Time:00:00.04 | Mem:24.25M, Peak:24.25M | Scene, ViewLayer | Updating Particle Systems
Fra:1 Mem:564.82M (Peak 573.08M) | Time:00:00.04 | Mem:24.25M, Peak:24.25M | Scene, ViewLayer | Updating Particle Systems | Copying Particles to device
Fra:1 Mem:564.82M (Peak 573.08M) | Time:00:00.04 | Mem:24.25M, Peak:24.25M | Scene, ViewLayer | Updating Meshes
Fra:1 Mem:572.97M (Peak 573.08M) | Time:00:00.09 | Mem:24.25M, Peak:24.25M | Scene, ViewLayer | Updating Objects | Applying Static Transformations
Fra:1 Mem:572.97M (Peak 573.08M) | Time:00:00.09 | Mem:24.25M, Peak:24.25M | Scene, ViewLayer | Updating Mesh | Computing attributes
Fra:1 Mem:584.43M (Peak 584.43M) | Time:00:00.10 | Mem:24.25M, Peak:24.25M | Scene, ViewLayer | Updating Mesh | Copying Attributes to device
Fra:1 Mem:584.43M (Peak 584.43M) | Time:00:00.10 | Mem:35.71M, Peak:35.71M | Scene, ViewLayer | Updating Scene BVH | Building
Fra:1 Mem:584.43M (Peak 584.43M) | Time:00:00.10 | Mem:35.71M, Peak:35.71M | Scene, ViewLayer | Updating Scene BVH | Building BVH
Fra:1 Mem:584.43M (Peak 584.43M) | Time:00:00.10 | Mem:40.06M, Peak:40.06M | Scene, ViewLayer | Updating Scene BVH | Building BVH 0%
Fra:1 Mem:584.43M (Peak 584.43M) | Time:00:00.10 | Mem:45.25M, Peak:49.60M | Scene, ViewLayer | Updating Scene BVH | Copying BVH to device
Fra:1 Mem:584.43M (Peak 584.43M) | Time:00:00.10 | Mem:45.25M, Peak:49.60M | Scene, ViewLayer | Updating Mesh | Computing normals
Fra:1 Mem:589.95M (Peak 589.95M) | Time:00:00.10 | Mem:45.25M, Peak:49.60M | Scene, ViewLayer | Updating Mesh | Copying Mesh to device
Fra:1 Mem:589.95M (Peak 589.95M) | Time:00:00.10 | Mem:50.76M, Peak:50.76M | Scene, ViewLayer | Updating Objects Flags
Fra:1 Mem:589.95M (Peak 589.95M) | Time:00:00.10 | Mem:50.76M, Peak:50.76M | Scene, ViewLayer | Updating Primitive Offsets
Fra:1 Mem:589.95M (Peak 589.95M) | Time:00:00.10 | Mem:50.76M, Peak:50.76M | Scene, ViewLayer | Updating Images
Fra:1 Mem:585.95M (Peak 589.95M) | Time:00:00.10 | Mem:46.76M, Peak:50.76M | Scene, ViewLayer | Updating Camera Volume
Fra:1 Mem:585.95M (Peak 589.95M) | Time:00:00.10 | Mem:46.76M, Peak:50.76M | Scene, ViewLayer | Updating Lookup Tables
Fra:1 Mem:585.95M (Peak 589.95M) | Time:00:00.10 | Mem:46.85M, Peak:50.76M | Scene, ViewLayer | Updating Lights
Fra:1 Mem:585.95M (Peak 589.95M) | Time:00:00.10 | Mem:46.85M, Peak:50.76M | Scene, ViewLayer | Updating Lights | Computing tree
Fra:1 Mem:585.95M (Peak 589.95M) | Time:00:00.10 | Mem:46.85M, Peak:50.76M | Scene, ViewLayer | Updating Integrator
Fra:1 Mem:585.95M (Peak 589.95M) | Time:00:00.10 | Mem:46.85M, Peak:50.76M | Scene, ViewLayer | Updating Film
Fra:1 Mem:585.95M (Peak 589.95M) | Time:00:00.10 | Mem:46.76M, Peak:50.76M | Scene, ViewLayer | Updating Lookup Tables
Fra:1 Mem:585.95M (Peak 589.95M) | Time:00:00.10 | Mem:46.85M, Peak:50.76M | Scene, ViewLayer | Updating Baking
Fra:1 Mem:585.95M (Peak 589.95M) | Time:00:00.10 | Mem:46.85M, Peak:50.76M | Scene, ViewLayer | Updating Device | Writing constant memory
Fra:1 Mem:585.96M (Peak 589.95M) | Time:00:00.10 | Mem:46.85M, Peak:50.76M | Scene, ViewLayer | Loading denoising kernels (may take a few minutes the first time)
Fra:1 Mem:585.96M (Peak 589.95M) | Time:00:00.10 | Mem:46.85M, Peak:50.76M | Scene, ViewLayer | Sample 0/24
Fra:1 Mem:596.74M (Peak 596.74M) | Time:00:00.12 | Remaining:00:00.25 | Mem:57.55M, Peak:57.55M | Scene, ViewLayer | Sample 1/24
Fra:1 Mem:601.24M (Peak 607.99M) | Time:00:00.70 | Mem:57.55M, Peak:57.55M | Scene, ViewLayer | Sample 24/24
Fra:1 Mem:601.24M (Peak 607.99M) | Time:00:00.70 | Mem:57.55M, Peak:57.55M | Scene, ViewLayer | Finished
Saved: 'D:\Users\Lenovo\Desktop\大观园\assets\processed\crown-r12\2-4.next.png'
Time: 00:00.71 (Saving: 00:00.00)

17:32:21 | INFO: Data are loaded, start creating Blender stuff
17:32:21 | INFO: Blender create Mesh node island_trees_01_blockout_cleaned
17:32:23 | INFO: glTF import finished in 1.53s
Fra:1 Mem:699.72M (Peak 699.72M) | Time:00:00.00 | Mem:0.00M, Peak:0.00M | Scene, ViewLayer | Synchronizing object | island_tree_01_LOD0
Fra:1 Mem:699.73M (Peak 699.73M) | Time:00:00.00 | Mem:0.00M, Peak:0.00M | Scene, ViewLayer | Synchronizing object | Diffuse daylight
Fra:1 Mem:919.57M (Peak 956.18M) | Time:00:00.29 | Mem:0.00M, Peak:0.00M | Scene, ViewLayer | Initializing
Fra:1 Mem:919.56M (Peak 956.18M) | Time:00:00.30 | Mem:0.00M, Peak:0.00M | Scene, ViewLayer | Updating Images | Loading island_tree_01_branches_nor_gl
Fra:1 Mem:919.56M (Peak 956.18M) | Time:00:00.30 | Mem:0.00M, Peak:0.00M | Scene, ViewLayer | Updating Images | Loading island_tree_01_diff
Fra:1 Mem:923.57M (Peak 956.18M) | Time:00:00.30 | Mem:0.00M, Peak:0.00M | Scene, ViewLayer | Updating Images | Loading island_tree_01_nor_gl
Fra:1 Mem:927.57M (Peak 956.18M) | Time:00:00.30 | Mem:0.00M, Peak:0.00M | Scene, ViewLayer | Updating Images | Loading island_tree_01_leaves_diff-island_tree_01_leaves_alpha
Fra:1 Mem:939.57M (Peak 956.18M) | Time:00:00.30 | Mem:0.00M, Peak:0.00M | Scene, ViewLayer | Updating Images | Loading island_tree_01_leaves_nor_gl
Fra:1 Mem:939.57M (Peak 956.18M) | Time:00:00.30 | Mem:0.00M, Peak:0.00M | Scene, ViewLayer | Updating Images | Loading island_tree_01_leaves_rgba.png.001
Fra:1 Mem:947.84M (Peak 956.18M) | Time:00:00.30 | Mem:0.25M, Peak:0.25M | Scene, ViewLayer | Updating Images | Loading island_tree_01_branches_diff
Fra:1 Mem:951.84M (Peak 956.18M) | Time:00:00.30 | Mem:4.25M, Peak:4.25M | Scene, ViewLayer | Updating Images | Loading island_tree_01_branches_rough
Fra:1 Mem:955.41M (Peak 963.85M) | Time:00:00.31 | Mem:36.25M, Peak:36.25M | Scene, ViewLayer | Waiting for render to start
Fra:1 Mem:955.41M (Peak 963.85M) | Time:00:00.31 | Mem:36.25M, Peak:36.25M | Scene, ViewLayer | Updating Scene
Fra:1 Mem:955.41M (Peak 963.85M) | Time:00:00.31 | Mem:36.25M, Peak:36.25M | Scene, ViewLayer | Updating Shaders
Fra:1 Mem:955.41M (Peak 963.85M) | Time:00:00.31 | Mem:36.25M, Peak:36.25M | Scene, ViewLayer | Loading render kernels (may take a few minutes the first time)
Fra:1 Mem:955.50M (Peak 963.85M) | Time:00:00.31 | Mem:36.25M, Peak:36.25M | Scene, ViewLayer | Updating Procedurals
Fra:1 Mem:955.50M (Peak 963.85M) | Time:00:00.31 | Mem:36.25M, Peak:36.25M | Scene, ViewLayer | Updating Background
Fra:1 Mem:955.50M (Peak 963.85M) | Time:00:00.31 | Mem:36.25M, Peak:36.25M | Scene, ViewLayer | Updating Camera
Fra:1 Mem:955.50M (Peak 963.85M) | Time:00:00.31 | Mem:36.25M, Peak:36.25M | Scene, ViewLayer | Updating Meshes Flags
Fra:1 Mem:955.50M (Peak 963.85M) | Time:00:00.31 | Mem:36.25M, Peak:36.25M | Scene, ViewLayer | Updating Objects
Fra:1 Mem:955.50M (Peak 963.85M) | Time:00:00.31 | Mem:36.25M, Peak:36.25M | Scene, ViewLayer | Updating Objects | Copying Transformations to device
Fra:1 Mem:955.50M (Peak 963.85M) | Time:00:00.31 | Mem:36.25M, Peak:36.25M | Scene, ViewLayer | Updating Particle Systems
Fra:1 Mem:955.50M (Peak 963.85M) | Time:00:00.31 | Mem:36.25M, Peak:36.25M | Scene, ViewLayer | Updating Particle Systems | Copying Particles to device
Fra:1 Mem:955.50M (Peak 963.85M) | Time:00:00.31 | Mem:36.25M, Peak:36.25M | Scene, ViewLayer | Updating Meshes
Fra:1 Mem:1047.02M (Peak 1047.02M) | Time:00:01.25 | Mem:36.25M, Peak:36.25M | Scene, ViewLayer | Updating Objects | Applying Static Transformations
Fra:1 Mem:1047.02M (Peak 1047.02M) | Time:00:01.25 | Mem:36.25M, Peak:36.25M | Scene, ViewLayer | Updating Mesh | Computing attributes
Fra:1 Mem:1208.37M (Peak 1208.37M) | Time:00:01.30 | Mem:36.25M, Peak:36.25M | Scene, ViewLayer | Updating Mesh | Copying Attributes to device
Fra:1 Mem:1208.37M (Peak 1208.37M) | Time:00:01.30 | Mem:197.61M, Peak:197.61M | Scene, ViewLayer | Updating Scene BVH | Building
Fra:1 Mem:1208.37M (Peak 1208.37M) | Time:00:01.30 | Mem:197.61M, Peak:197.61M | Scene, ViewLayer | Updating Scene BVH | Building BVH
Fra:1 Mem:1208.37M (Peak 1208.37M) | Time:00:01.30 | Mem:246.42M, Peak:246.42M | Scene, ViewLayer | Updating Scene BVH | Building BVH 0%
Fra:1 Mem:1208.37M (Peak 1208.37M) | Time:00:01.38 | Mem:307.61M, Peak:356.42M | Scene, ViewLayer | Updating Scene BVH | Copying BVH to device
Fra:1 Mem:1208.37M (Peak 1208.37M) | Time:00:01.38 | Mem:307.61M, Peak:356.42M | Scene, ViewLayer | Updating Mesh | Computing normals
Fra:1 Mem:1262.62M (Peak 1262.62M) | Time:00:01.41 | Mem:307.61M, Peak:356.42M | Scene, ViewLayer | Updating Mesh | Copying Mesh to device
Fra:1 Mem:1262.62M (Peak 1262.62M) | Time:00:01.41 | Mem:361.86M, Peak:361.86M | Scene, ViewLayer | Updating Objects Flags
Fra:1 Mem:1262.62M (Peak 1262.62M) | Time:00:01.41 | Mem:361.86M, Peak:361.86M | Scene, ViewLayer | Updating Primitive Offsets
Fra:1 Mem:1262.62M (Peak 1262.62M) | Time:00:01.41 | Mem:361.86M, Peak:361.86M | Scene, ViewLayer | Updating Images
Fra:1 Mem:1258.62M (Peak 1262.62M) | Time:00:01.41 | Mem:357.86M, Peak:361.86M | Scene, ViewLayer | Updating Camera Volume
Fra:1 Mem:1258.62M (Peak 1262.62M) | Time:00:01.41 | Mem:357.86M, Peak:361.86M | Scene, ViewLayer | Updating Lookup Tables
Fra:1 Mem:1258.62M (Peak 1262.62M) | Time:00:01.41 | Mem:357.94M, Peak:361.86M | Scene, ViewLayer | Updating Lights
Fra:1 Mem:1258.62M (Peak 1262.62M) | Time:00:01.41 | Mem:357.94M, Peak:361.86M | Scene, ViewLayer | Updating Lights | Computing tree
Fra:1 Mem:1258.62M (Peak 1262.62M) | Time:00:01.41 | Mem:357.94M, Peak:361.86M | Scene, ViewLayer | Updating Integrator
Fra:1 Mem:1258.62M (Peak 1262.62M) | Time:00:01.41 | Mem:357.94M, Peak:361.86M | Scene, ViewLayer | Updating Film
Fra:1 Mem:1258.62M (Peak 1262.62M) | Time:00:01.41 | Mem:357.86M, Peak:361.86M | Scene, ViewLayer | Updating Lookup Tables
Fra:1 Mem:1258.62M (Peak 1262.62M) | Time:00:01.41 | Mem:357.94M, Peak:361.86M | Scene, ViewLayer | Updating Baking
Fra:1 Mem:1258.62M (Peak 1262.62M) | Time:00:01.41 | Mem:357.94M, Peak:361.86M | Scene, ViewLayer | Updating Device | Writing constant memory
Fra:1 Mem:1258.63M (Peak 1262.62M) | Time:00:01.41 | Mem:357.94M, Peak:361.86M | Scene, ViewLayer | Loading denoising kernels (may take a few minutes the first time)
Fra:1 Mem:1258.63M (Peak 1262.62M) | Time:00:01.41 | Mem:357.94M, Peak:361.86M | Scene, ViewLayer | Sample 0/24
Fra:1 Mem:1269.41M (Peak 1269.41M) | Time:00:01.43 | Remaining:00:00.37 | Mem:368.64M, Peak:368.64M | Scene, ViewLayer | Sample 1/24
Fra:1 Mem:1273.91M (Peak 1280.66M) | Time:00:02.09 | Mem:368.64M, Peak:368.64M | Scene, ViewLayer | Sample 24/24
Fra:1 Mem:1273.91M (Peak 1280.66M) | Time:00:02.09 | Mem:368.64M, Peak:368.64M | Scene, ViewLayer | Finished
Saved: 'D:\Users\Lenovo\Desktop\大观园\assets\processed\crown-r12\3-0.next.png'
Time: 00:02.12 (Saving: 00:00.01)

Fra:1 Mem:797.34M (Peak 797.34M) | Time:00:00.00 | Mem:0.00M, Peak:0.00M | Scene, ViewLayer | Synchronizing object | island_tree_01_LOD0
Fra:1 Mem:800.07M (Peak 800.07M) | Time:00:00.00 | Mem:0.00M, Peak:0.00M | Scene, ViewLayer | Synchronizing object | Diffuse daylight
Fra:1 Mem:919.57M (Peak 956.18M) | Time:00:00.06 | Mem:0.00M, Peak:0.00M | Scene, ViewLayer | Initializing
Fra:1 Mem:919.56M (Peak 956.18M) | Time:00:00.06 | Mem:0.00M, Peak:0.00M | Scene, ViewLayer | Updating Images | Loading island_tree_01_branches_nor_gl
Fra:1 Mem:919.56M (Peak 956.18M) | Time:00:00.06 | Mem:0.00M, Peak:0.00M | Scene, ViewLayer | Updating Images | Loading island_tree_01_diff
Fra:1 Mem:927.57M (Peak 956.18M) | Time:00:00.06 | Mem:0.00M, Peak:0.00M | Scene, ViewLayer | Updating Images | Loading island_tree_01_rough
Fra:1 Mem:927.57M (Peak 956.18M) | Time:00:00.06 | Mem:0.00M, Peak:0.00M | Scene, ViewLayer | Updating Images | Loading island_tree_01_nor_gl
Fra:1 Mem:931.57M (Peak 956.18M) | Time:00:00.06 | Mem:0.00M, Peak:0.00M | Scene, ViewLayer | Updating Images | Loading island_tree_01_leaves_diff-island_tree_01_leaves_alpha
Fra:1 Mem:939.57M (Peak 956.18M) | Time:00:00.06 | Mem:0.00M, Peak:0.00M | Scene, ViewLayer | Updating Images | Loading island_tree_01_leaves_rgba.png.001
Fra:1 Mem:947.84M (Peak 956.18M) | Time:00:00.06 | Mem:0.25M, Peak:0.25M | Scene, ViewLayer | Updating Images | Loading island_tree_01_branches_diff
Fra:1 Mem:951.84M (Peak 956.18M) | Time:00:00.06 | Mem:4.25M, Peak:4.25M | Scene, ViewLayer | Updating Images | Loading island_tree_01_branches_rough
Fra:1 Mem:955.41M (Peak 967.86M) | Time:00:00.07 | Mem:36.25M, Peak:36.25M | Scene, ViewLayer | Waiting for render to start
Fra:1 Mem:955.41M (Peak 967.86M) | Time:00:00.07 | Mem:36.25M, Peak:36.25M | Scene, ViewLayer | Updating Scene
Fra:1 Mem:955.41M (Peak 967.86M) | Time:00:00.07 | Mem:36.25M, Peak:36.25M | Scene, ViewLayer | Updating Shaders
Fra:1 Mem:955.41M (Peak 967.86M) | Time:00:00.07 | Mem:36.25M, Peak:36.25M | Scene, ViewLayer | Loading render kernels (may take a few minutes the first time)
Fra:1 Mem:955.50M (Peak 967.86M) | Time:00:00.07 | Mem:36.25M, Peak:36.25M | Scene, ViewLayer | Updating Procedurals
Fra:1 Mem:955.50M (Peak 967.86M) | Time:00:00.07 | Mem:36.25M, Peak:36.25M | Scene, ViewLayer | Updating Background
Fra:1 Mem:955.50M (Peak 967.86M) | Time:00:00.07 | Mem:36.25M, Peak:36.25M | Scene, ViewLayer | Updating Camera
Fra:1 Mem:955.50M (Peak 967.86M) | Time:00:00.07 | Mem:36.25M, Peak:36.25M | Scene, ViewLayer | Updating Meshes Flags
Fra:1 Mem:955.50M (Peak 967.86M) | Time:00:00.07 | Mem:36.25M, Peak:36.25M | Scene, ViewLayer | Updating Objects
Fra:1 Mem:955.50M (Peak 967.86M) | Time:00:00.07 | Mem:36.25M, Peak:36.25M | Scene, ViewLayer | Updating Objects | Copying Transformations to device
Fra:1 Mem:955.50M (Peak 967.86M) | Time:00:00.07 | Mem:36.25M, Peak:36.25M | Scene, ViewLayer | Updating Particle Systems
Fra:1 Mem:955.50M (Peak 967.86M) | Time:00:00.07 | Mem:36.25M, Peak:36.25M | Scene, ViewLayer | Updating Particle Systems | Copying Particles to device
Fra:1 Mem:955.50M (Peak 967.86M) | Time:00:00.07 | Mem:36.25M, Peak:36.25M | Scene, ViewLayer | Updating Meshes
Fra:1 Mem:1047.02M (Peak 1047.02M) | Time:00:00.96 | Mem:36.25M, Peak:36.25M | Scene, ViewLayer | Updating Objects | Applying Static Transformations
Fra:1 Mem:1047.02M (Peak 1047.02M) | Time:00:00.96 | Mem:36.25M, Peak:36.25M | Scene, ViewLayer | Updating Mesh | Computing attributes
Fra:1 Mem:1208.37M (Peak 1208.37M) | Time:00:01.01 | Mem:36.25M, Peak:36.25M | Scene, ViewLayer | Updating Mesh | Copying Attributes to device
Fra:1 Mem:1208.37M (Peak 1208.37M) | Time:00:01.01 | Mem:197.61M, Peak:197.61M | Scene, ViewLayer | Updating Scene BVH | Building
Fra:1 Mem:1208.37M (Peak 1208.37M) | Time:00:01.01 | Mem:197.61M, Peak:197.61M | Scene, ViewLayer | Updating Scene BVH | Building BVH
Fra:1 Mem:1208.37M (Peak 1208.37M) | Time:00:01.01 | Mem:246.42M, Peak:246.42M | Scene, ViewLayer | Updating Scene BVH | Building BVH 0%
Fra:1 Mem:1208.37M (Peak 1208.37M) | Time:00:01.09 | Mem:307.61M, Peak:356.42M | Scene, ViewLayer | Updating Scene BVH | Copying BVH to device
Fra:1 Mem:1208.37M (Peak 1208.37M) | Time:00:01.09 | Mem:307.61M, Peak:356.42M | Scene, ViewLayer | Updating Mesh | Computing normals
Fra:1 Mem:1262.62M (Peak 1262.62M) | Time:00:01.12 | Mem:307.61M, Peak:356.42M | Scene, ViewLayer | Updating Mesh | Copying Mesh to device
Fra:1 Mem:1262.62M (Peak 1262.62M) | Time:00:01.12 | Mem:361.86M, Peak:361.86M | Scene, ViewLayer | Updating Objects Flags
Fra:1 Mem:1262.62M (Peak 1262.62M) | Time:00:01.12 | Mem:361.86M, Peak:361.86M | Scene, ViewLayer | Updating Primitive Offsets
Fra:1 Mem:1262.62M (Peak 1262.62M) | Time:00:01.12 | Mem:361.86M, Peak:361.86M | Scene, ViewLayer | Updating Images
Fra:1 Mem:1258.62M (Peak 1262.62M) | Time:00:01.12 | Mem:357.86M, Peak:361.86M | Scene, ViewLayer | Updating Camera Volume
Fra:1 Mem:1258.62M (Peak 1262.62M) | Time:00:01.12 | Mem:357.86M, Peak:361.86M | Scene, ViewLayer | Updating Lookup Tables
Fra:1 Mem:1258.62M (Peak 1262.62M) | Time:00:01.12 | Mem:357.94M, Peak:361.86M | Scene, ViewLayer | Updating Lights
Fra:1 Mem:1258.62M (Peak 1262.62M) | Time:00:01.12 | Mem:357.94M, Peak:361.86M | Scene, ViewLayer | Updating Lights | Computing tree
Fra:1 Mem:1258.62M (Peak 1262.62M) | Time:00:01.12 | Mem:357.94M, Peak:361.86M | Scene, ViewLayer | Updating Integrator
Fra:1 Mem:1258.62M (Peak 1262.62M) | Time:00:01.12 | Mem:357.94M, Peak:361.86M | Scene, ViewLayer | Updating Film
Fra:1 Mem:1258.62M (Peak 1262.62M) | Time:00:01.12 | Mem:357.86M, Peak:361.86M | Scene, ViewLayer | Updating Lookup Tables
Fra:1 Mem:1258.62M (Peak 1262.62M) | Time:00:01.12 | Mem:357.94M, Peak:361.86M | Scene, ViewLayer | Updating Baking
Fra:1 Mem:1258.62M (Peak 1262.62M) | Time:00:01.12 | Mem:357.94M, Peak:361.86M | Scene, ViewLayer | Updating Device | Writing constant memory
Fra:1 Mem:1258.63M (Peak 1262.62M) | Time:00:01.12 | Mem:357.94M, Peak:361.86M | Scene, ViewLayer | Loading denoising kernels (may take a few minutes the first time)
Fra:1 Mem:1258.63M (Peak 1262.62M) | Time:00:01.12 | Mem:357.94M, Peak:361.86M | Scene, ViewLayer | Sample 0/24
Fra:1 Mem:1269.41M (Peak 1269.41M) | Time:00:01.14 | Remaining:00:00.45 | Mem:368.64M, Peak:368.64M | Scene, ViewLayer | Sample 1/24
Fra:1 Mem:1273.91M (Peak 1280.66M) | Time:00:01.87 | Mem:368.64M, Peak:368.64M | Scene, ViewLayer | Sample 24/24
Fra:1 Mem:1273.91M (Peak 1280.66M) | Time:00:01.87 | Mem:368.64M, Peak:368.64M | Scene, ViewLayer | Finished
Saved: 'D:\Users\Lenovo\Desktop\大观园\assets\processed\crown-r12\3-1.next.png'
Time: 00:01.90 (Saving: 00:00.01)

Fra:1 Mem:797.35M (Peak 797.35M) | Time:00:00.00 | Mem:0.00M, Peak:0.00M | Scene, ViewLayer | Synchronizing object | island_tree_01_LOD0
Fra:1 Mem:800.07M (Peak 800.07M) | Time:00:00.00 | Mem:0.00M, Peak:0.00M | Scene, ViewLayer | Synchronizing object | Diffuse daylight
Fra:1 Mem:919.57M (Peak 956.18M) | Time:00:00.05 | Mem:0.00M, Peak:0.00M | Scene, ViewLayer | Initializing
Fra:1 Mem:919.56M (Peak 956.18M) | Time:00:00.05 | Mem:0.00M, Peak:0.00M | Scene, ViewLayer | Updating Images | Loading island_tree_01_branches_nor_gl
Fra:1 Mem:919.56M (Peak 956.18M) | Time:00:00.05 | Mem:0.00M, Peak:0.00M | Scene, ViewLayer | Updating Images | Loading island_tree_01_diff
Fra:1 Mem:919.56M (Peak 956.18M) | Time:00:00.05 | Mem:0.00M, Peak:0.00M | Scene, ViewLayer | Updating Images | Loading island_tree_01_rough
Fra:1 Mem:927.57M (Peak 956.18M) | Time:00:00.05 | Mem:0.00M, Peak:0.00M | Scene, ViewLayer | Updating Images | Loading island_tree_01_leaves_nor_gl
Fra:1 Mem:931.57M (Peak 956.18M) | Time:00:00.05 | Mem:0.00M, Peak:0.00M | Scene, ViewLayer | Updating Images | Loading island_tree_01_leaves_rgba.png.001
Fra:1 Mem:947.84M (Peak 956.18M) | Time:00:00.05 | Mem:0.25M, Peak:0.25M | Scene, ViewLayer | Updating Images | Loading island_tree_01_branches_diff
Fra:1 Mem:955.84M (Peak 959.85M) | Time:00:00.06 | Mem:4.25M, Peak:4.25M | Scene, ViewLayer | Updating Images | Loading island_tree_01_branches_rough
Fra:1 Mem:955.41M (Peak 967.86M) | Time:00:00.07 | Mem:36.25M, Peak:36.25M | Scene, ViewLayer | Waiting for render to start
Fra:1 Mem:955.41M (Peak 967.86M) | Time:00:00.07 | Mem:36.25M, Peak:36.25M | Scene, ViewLayer | Updating Scene
Fra:1 Mem:955.41M (Peak 967.86M) | Time:00:00.07 | Mem:36.25M, Peak:36.25M | Scene, ViewLayer | Updating Shaders
Fra:1 Mem:955.42M (Peak 967.86M) | Time:00:00.07 | Mem:36.25M, Peak:36.25M | Scene, ViewLayer | Loading render kernels (may take a few minutes the first time)
Fra:1 Mem:955.50M (Peak 967.86M) | Time:00:00.07 | Mem:36.25M, Peak:36.25M | Scene, ViewLayer | Updating Procedurals
Fra:1 Mem:955.50M (Peak 967.86M) | Time:00:00.07 | Mem:36.25M, Peak:36.25M | Scene, ViewLayer | Updating Background
Fra:1 Mem:955.50M (Peak 967.86M) | Time:00:00.07 | Mem:36.25M, Peak:36.25M | Scene, ViewLayer | Updating Camera
Fra:1 Mem:955.50M (Peak 967.86M) | Time:00:00.07 | Mem:36.25M, Peak:36.25M | Scene, ViewLayer | Updating Meshes Flags
Fra:1 Mem:955.50M (Peak 967.86M) | Time:00:00.07 | Mem:36.25M, Peak:36.25M | Scene, ViewLayer | Updating Objects
Fra:1 Mem:955.50M (Peak 967.86M) | Time:00:00.07 | Mem:36.25M, Peak:36.25M | Scene, ViewLayer | Updating Objects | Copying Transformations to device
Fra:1 Mem:955.50M (Peak 967.86M) | Time:00:00.07 | Mem:36.25M, Peak:36.25M | Scene, ViewLayer | Updating Particle Systems
Fra:1 Mem:955.50M (Peak 967.86M) | Time:00:00.07 | Mem:36.25M, Peak:36.25M | Scene, ViewLayer | Updating Particle Systems | Copying Particles to device
Fra:1 Mem:955.50M (Peak 967.86M) | Time:00:00.07 | Mem:36.25M, Peak:36.25M | Scene, ViewLayer | Updating Meshes
Fra:1 Mem:1047.02M (Peak 1047.02M) | Time:00:00.91 | Mem:36.25M, Peak:36.25M | Scene, ViewLayer | Updating Objects | Applying Static Transformations
Fra:1 Mem:1047.02M (Peak 1047.02M) | Time:00:00.91 | Mem:36.25M, Peak:36.25M | Scene, ViewLayer | Updating Mesh | Computing attributes
Fra:1 Mem:1208.37M (Peak 1208.37M) | Time:00:00.95 | Mem:36.25M, Peak:36.25M | Scene, ViewLayer | Updating Mesh | Copying Attributes to device
Fra:1 Mem:1208.37M (Peak 1208.37M) | Time:00:00.95 | Mem:197.61M, Peak:197.61M | Scene, ViewLayer | Updating Scene BVH | Building
Fra:1 Mem:1208.37M (Peak 1208.37M) | Time:00:00.95 | Mem:197.61M, Peak:197.61M | Scene, ViewLayer | Updating Scene BVH | Building BVH
Fra:1 Mem:1208.37M (Peak 1208.37M) | Time:00:00.95 | Mem:246.42M, Peak:246.42M | Scene, ViewLayer | Updating Scene BVH | Building BVH 0%
Fra:1 Mem:1208.37M (Peak 1208.37M) | Time:00:01.02 | Mem:307.61M, Peak:356.42M | Scene, ViewLayer | Updating Scene BVH | Copying BVH to device
Fra:1 Mem:1208.37M (Peak 1208.37M) | Time:00:01.02 | Mem:307.61M, Peak:356.42M | Scene, ViewLayer | Updating Mesh | Computing normals
Fra:1 Mem:1262.62M (Peak 1262.62M) | Time:00:01.04 | Mem:307.61M, Peak:356.42M | Scene, ViewLayer | Updating Mesh | Copying Mesh to device
Fra:1 Mem:1262.62M (Peak 1262.62M) | Time:00:01.04 | Mem:361.86M, Peak:361.86M | Scene, ViewLayer | Updating Objects Flags
Fra:1 Mem:1262.62M (Peak 1262.62M) | Time:00:01.04 | Mem:361.86M, Peak:361.86M | Scene, ViewLayer | Updating Primitive Offsets
Fra:1 Mem:1262.62M (Peak 1262.62M) | Time:00:01.04 | Mem:361.86M, Peak:361.86M | Scene, ViewLayer | Updating Images
Fra:1 Mem:1258.62M (Peak 1262.62M) | Time:00:01.04 | Mem:357.86M, Peak:361.86M | Scene, ViewLayer | Updating Camera Volume
Fra:1 Mem:1258.62M (Peak 1262.62M) | Time:00:01.04 | Mem:357.86M, Peak:361.86M | Scene, ViewLayer | Updating Lookup Tables
Fra:1 Mem:1258.62M (Peak 1262.62M) | Time:00:01.04 | Mem:357.94M, Peak:361.86M | Scene, ViewLayer | Updating Lights
Fra:1 Mem:1258.62M (Peak 1262.62M) | Time:00:01.04 | Mem:357.94M, Peak:361.86M | Scene, ViewLayer | Updating Lights | Computing tree
Fra:1 Mem:1258.62M (Peak 1262.62M) | Time:00:01.04 | Mem:357.94M, Peak:361.86M | Scene, ViewLayer | Updating Integrator
Fra:1 Mem:1258.62M (Peak 1262.62M) | Time:00:01.04 | Mem:357.94M, Peak:361.86M | Scene, ViewLayer | Updating Film
Fra:1 Mem:1258.62M (Peak 1262.62M) | Time:00:01.04 | Mem:357.86M, Peak:361.86M | Scene, ViewLayer | Updating Lookup Tables
Fra:1 Mem:1258.62M (Peak 1262.62M) | Time:00:01.04 | Mem:357.94M, Peak:361.86M | Scene, ViewLayer | Updating Baking
Fra:1 Mem:1258.62M (Peak 1262.62M) | Time:00:01.04 | Mem:357.94M, Peak:361.86M | Scene, ViewLayer | Updating Device | Writing constant memory
Fra:1 Mem:1258.63M (Peak 1262.62M) | Time:00:01.04 | Mem:357.94M, Peak:361.86M | Scene, ViewLayer | Loading denoising kernels (may take a few minutes the first time)
Fra:1 Mem:1258.63M (Peak 1262.62M) | Time:00:01.04 | Mem:357.94M, Peak:361.86M | Scene, ViewLayer | Sample 0/24
Fra:1 Mem:1269.41M (Peak 1269.41M) | Time:00:01.06 | Remaining:00:00.42 | Mem:368.64M, Peak:368.64M | Scene, ViewLayer | Sample 1/24
Fra:1 Mem:1273.91M (Peak 1280.66M) | Time:00:01.75 | Mem:368.64M, Peak:368.64M | Scene, ViewLayer | Sample 24/24
Fra:1 Mem:1273.91M (Peak 1280.66M) | Time:00:01.75 | Mem:368.64M, Peak:368.64M | Scene, ViewLayer | Finished
Saved: 'D:\Users\Lenovo\Desktop\大观园\assets\processed\crown-r12\3-2.next.png'
Time: 00:01.77 (Saving: 00:00.01)

Fra:1 Mem:797.35M (Peak 797.35M) | Time:00:00.00 | Mem:0.00M, Peak:0.00M | Scene, ViewLayer | Synchronizing object | island_tree_01_LOD0
Fra:1 Mem:797.35M (Peak 797.35M) | Time:00:00.00 | Mem:0.00M, Peak:0.00M | Scene, ViewLayer | Synchronizing object | Diffuse daylight
Fra:1 Mem:919.57M (Peak 956.18M) | Time:00:00.05 | Mem:0.00M, Peak:0.00M | Scene, ViewLayer | Initializing
Fra:1 Mem:919.56M (Peak 956.18M) | Time:00:00.05 | Mem:0.00M, Peak:0.00M | Scene, ViewLayer | Updating Images | Loading island_tree_01_branches_nor_gl
Fra:1 Mem:919.56M (Peak 956.18M) | Time:00:00.05 | Mem:0.00M, Peak:0.00M | Scene, ViewLayer | Updating Images | Loading island_tree_01_diff
Fra:1 Mem:923.57M (Peak 956.18M) | Time:00:00.05 | Mem:0.00M, Peak:0.00M | Scene, ViewLayer | Updating Images | Loading island_tree_01_rough
Fra:1 Mem:927.57M (Peak 956.18M) | Time:00:00.05 | Mem:0.00M, Peak:0.00M | Scene, ViewLayer | Updating Images | Loading island_tree_01_leaves_diff-island_tree_01_leaves_alpha
Fra:1 Mem:931.57M (Peak 956.18M) | Time:00:00.05 | Mem:0.00M, Peak:0.00M | Scene, ViewLayer | Updating Images | Loading island_tree_01_leaves_rgba.png.001
Fra:1 Mem:947.84M (Peak 956.18M) | Time:00:00.05 | Mem:0.25M, Peak:0.25M | Scene, ViewLayer | Updating Images | Loading island_tree_01_branches_diff
Fra:1 Mem:951.84M (Peak 956.18M) | Time:00:00.05 | Mem:4.25M, Peak:4.25M | Scene, ViewLayer | Updating Images | Loading island_tree_01_branches_rough
Fra:1 Mem:955.42M (Peak 971.87M) | Time:00:00.06 | Mem:36.25M, Peak:36.25M | Scene, ViewLayer | Waiting for render to start
Fra:1 Mem:955.42M (Peak 971.87M) | Time:00:00.06 | Mem:36.25M, Peak:36.25M | Scene, ViewLayer | Updating Scene
Fra:1 Mem:955.42M (Peak 971.87M) | Time:00:00.06 | Mem:36.25M, Peak:36.25M | Scene, ViewLayer | Updating Shaders
Fra:1 Mem:955.42M (Peak 971.87M) | Time:00:00.06 | Mem:36.25M, Peak:36.25M | Scene, ViewLayer | Loading render kernels (may take a few minutes the first time)
Fra:1 Mem:955.50M (Peak 971.87M) | Time:00:00.06 | Mem:36.25M, Peak:36.25M | Scene, ViewLayer | Updating Procedurals
Fra:1 Mem:955.50M (Peak 971.87M) | Time:00:00.06 | Mem:36.25M, Peak:36.25M | Scene, ViewLayer | Updating Background
Fra:1 Mem:955.50M (Peak 971.87M) | Time:00:00.06 | Mem:36.25M, Peak:36.25M | Scene, ViewLayer | Updating Camera
Fra:1 Mem:955.50M (Peak 971.87M) | Time:00:00.06 | Mem:36.25M, Peak:36.25M | Scene, ViewLayer | Updating Meshes Flags
Fra:1 Mem:955.50M (Peak 971.87M) | Time:00:00.06 | Mem:36.25M, Peak:36.25M | Scene, ViewLayer | Updating Objects
Fra:1 Mem:955.50M (Peak 971.87M) | Time:00:00.06 | Mem:36.25M, Peak:36.25M | Scene, ViewLayer | Updating Objects | Copying Transformations to device
Fra:1 Mem:955.50M (Peak 971.87M) | Time:00:00.06 | Mem:36.25M, Peak:36.25M | Scene, ViewLayer | Updating Particle Systems
Fra:1 Mem:955.50M (Peak 971.87M) | Time:00:00.06 | Mem:36.25M, Peak:36.25M | Scene, ViewLayer | Updating Particle Systems | Copying Particles to device
Fra:1 Mem:955.50M (Peak 971.87M) | Time:00:00.06 | Mem:36.25M, Peak:36.25M | Scene, ViewLayer | Updating Meshes
Fra:1 Mem:1047.02M (Peak 1047.02M) | Time:00:00.91 | Mem:36.25M, Peak:36.25M | Scene, ViewLayer | Updating Objects | Applying Static Transformations
Fra:1 Mem:1047.02M (Peak 1047.02M) | Time:00:00.91 | Mem:36.25M, Peak:36.25M | Scene, ViewLayer | Updating Mesh | Computing attributes
Fra:1 Mem:1208.37M (Peak 1208.37M) | Time:00:00.95 | Mem:36.25M, Peak:36.25M | Scene, ViewLayer | Updating Mesh | Copying Attributes to device
Fra:1 Mem:1208.37M (Peak 1208.37M) | Time:00:00.95 | Mem:197.61M, Peak:197.61M | Scene, ViewLayer | Updating Scene BVH | Building
Fra:1 Mem:1208.37M (Peak 1208.37M) | Time:00:00.95 | Mem:197.61M, Peak:197.61M | Scene, ViewLayer | Updating Scene BVH | Building BVH
Fra:1 Mem:1208.37M (Peak 1208.37M) | Time:00:00.95 | Mem:246.42M, Peak:246.42M | Scene, ViewLayer | Updating Scene BVH | Building BVH 0%
Fra:1 Mem:1208.37M (Peak 1208.37M) | Time:00:01.03 | Mem:307.61M, Peak:356.42M | Scene, ViewLayer | Updating Scene BVH | Copying BVH to device
Fra:1 Mem:1208.37M (Peak 1208.37M) | Time:00:01.03 | Mem:307.61M, Peak:356.42M | Scene, ViewLayer | Updating Mesh | Computing normals
Fra:1 Mem:1262.62M (Peak 1262.62M) | Time:00:01.05 | Mem:307.61M, Peak:356.42M | Scene, ViewLayer | Updating Mesh | Copying Mesh to device
Fra:1 Mem:1262.62M (Peak 1262.62M) | Time:00:01.05 | Mem:361.86M, Peak:361.86M | Scene, ViewLayer | Updating Objects Flags
Fra:1 Mem:1262.62M (Peak 1262.62M) | Time:00:01.05 | Mem:361.86M, Peak:361.86M | Scene, ViewLayer | Updating Primitive Offsets
Fra:1 Mem:1262.62M (Peak 1262.62M) | Time:00:01.05 | Mem:361.86M, Peak:361.86M | Scene, ViewLayer | Updating Images
Fra:1 Mem:1258.62M (Peak 1262.62M) | Time:00:01.05 | Mem:357.86M, Peak:361.86M | Scene, ViewLayer | Updating Camera Volume
Fra:1 Mem:1258.62M (Peak 1262.62M) | Time:00:01.05 | Mem:357.86M, Peak:361.86M | Scene, ViewLayer | Updating Lookup Tables
Fra:1 Mem:1258.62M (Peak 1262.62M) | Time:00:01.05 | Mem:357.94M, Peak:361.86M | Scene, ViewLayer | Updating Lights
Fra:1 Mem:1258.62M (Peak 1262.62M) | Time:00:01.05 | Mem:357.94M, Peak:361.86M | Scene, ViewLayer | Updating Lights | Computing tree
Fra:1 Mem:1258.62M (Peak 1262.62M) | Time:00:01.05 | Mem:357.94M, Peak:361.86M | Scene, ViewLayer | Updating Integrator
Fra:1 Mem:1258.62M (Peak 1262.62M) | Time:00:01.05 | Mem:357.94M, Peak:361.86M | Scene, ViewLayer | Updating Film
Fra:1 Mem:1258.62M (Peak 1262.62M) | Time:00:01.05 | Mem:357.86M, Peak:361.86M | Scene, ViewLayer | Updating Lookup Tables
Fra:1 Mem:1258.62M (Peak 1262.62M) | Time:00:01.05 | Mem:357.94M, Peak:361.86M | Scene, ViewLayer | Updating Baking
Fra:1 Mem:1258.62M (Peak 1262.62M) | Time:00:01.05 | Mem:357.94M, Peak:361.86M | Scene, ViewLayer | Updating Device | Writing constant memory
Fra:1 Mem:1258.63M (Peak 1262.62M) | Time:00:01.05 | Mem:357.94M, Peak:361.86M | Scene, ViewLayer | Loading denoising kernels (may take a few minutes the first time)
Fra:1 Mem:1258.63M (Peak 1262.62M) | Time:00:01.05 | Mem:357.94M, Peak:361.86M | Scene, ViewLayer | Sample 0/24
Fra:1 Mem:1269.41M (Peak 1269.41M) | Time:00:01.07 | Remaining:00:00.42 | Mem:368.64M, Peak:368.64M | Scene, ViewLayer | Sample 1/24
Fra:1 Mem:1273.91M (Peak 1280.66M) | Time:00:01.77 | Mem:368.64M, Peak:368.64M | Scene, ViewLayer | Sample 24/24
Fra:1 Mem:1273.91M (Peak 1280.66M) | Time:00:01.77 | Mem:368.64M, Peak:368.64M | Scene, ViewLayer | Finished
Saved: 'D:\Users\Lenovo\Desktop\大观园\assets\processed\crown-r12\3-3.next.png'
Time: 00:01.80 (Saving: 00:00.01)

Fra:1 Mem:797.35M (Peak 797.35M) | Time:00:00.00 | Mem:0.00M, Peak:0.00M | Scene, ViewLayer | Synchronizing object | island_tree_01_LOD0
Fra:1 Mem:797.35M (Peak 797.35M) | Time:00:00.00 | Mem:0.00M, Peak:0.00M | Scene, ViewLayer | Synchronizing object | Diffuse daylight
Fra:1 Mem:919.57M (Peak 956.18M) | Time:00:00.05 | Mem:0.00M, Peak:0.00M | Scene, ViewLayer | Initializing
Fra:1 Mem:919.56M (Peak 956.18M) | Time:00:00.05 | Mem:0.00M, Peak:0.00M | Scene, ViewLayer | Updating Images | Loading island_tree_01_branches_nor_gl
Fra:1 Mem:919.56M (Peak 956.18M) | Time:00:00.05 | Mem:0.00M, Peak:0.00M | Scene, ViewLayer | Updating Images | Loading island_tree_01_diff
Fra:1 Mem:927.57M (Peak 956.18M) | Time:00:00.05 | Mem:0.00M, Peak:0.00M | Scene, ViewLayer | Updating Images | Loading island_tree_01_rough
Fra:1 Mem:931.57M (Peak 956.18M) | Time:00:00.05 | Mem:0.00M, Peak:0.00M | Scene, ViewLayer | Updating Images | Loading island_tree_01_leaves_rough
Fra:1 Mem:931.57M (Peak 956.18M) | Time:00:00.05 | Mem:0.00M, Peak:0.00M | Scene, ViewLayer | Updating Images | Loading island_tree_01_leaves_diff-island_tree_01_leaves_alpha
Fra:1 Mem:939.57M (Peak 956.18M) | Time:00:00.05 | Mem:0.00M, Peak:0.00M | Scene, ViewLayer | Updating Images | Loading island_tree_01_leaves_rgba.png.001
Fra:1 Mem:947.84M (Peak 956.18M) | Time:00:00.05 | Mem:0.25M, Peak:0.25M | Scene, ViewLayer | Updating Images | Loading island_tree_01_branches_diff
Fra:1 Mem:951.84M (Peak 956.18M) | Time:00:00.06 | Mem:4.25M, Peak:4.25M | Scene, ViewLayer | Updating Images | Loading island_tree_01_branches_rough
Fra:1 Mem:955.42M (Peak 967.86M) | Time:00:00.07 | Mem:36.25M, Peak:36.25M | Scene, ViewLayer | Waiting for render to start
Fra:1 Mem:955.42M (Peak 967.86M) | Time:00:00.07 | Mem:36.25M, Peak:36.25M | Scene, ViewLayer | Updating Scene
Fra:1 Mem:955.42M (Peak 967.86M) | Time:00:00.07 | Mem:36.25M, Peak:36.25M | Scene, ViewLayer | Updating Shaders
Fra:1 Mem:955.42M (Peak 967.86M) | Time:00:00.07 | Mem:36.25M, Peak:36.25M | Scene, ViewLayer | Loading render kernels (may take a few minutes the first time)
Fra:1 Mem:955.50M (Peak 967.86M) | Time:00:00.07 | Mem:36.25M, Peak:36.25M | Scene, ViewLayer | Updating Procedurals
Fra:1 Mem:955.50M (Peak 967.86M) | Time:00:00.07 | Mem:36.25M, Peak:36.25M | Scene, ViewLayer | Updating Background
Fra:1 Mem:955.50M (Peak 967.86M) | Time:00:00.07 | Mem:36.25M, Peak:36.25M | Scene, ViewLayer | Updating Camera
Fra:1 Mem:955.50M (Peak 967.86M) | Time:00:00.07 | Mem:36.25M, Peak:36.25M | Scene, ViewLayer | Updating Meshes Flags
Fra:1 Mem:955.50M (Peak 967.86M) | Time:00:00.07 | Mem:36.25M, Peak:36.25M | Scene, ViewLayer | Updating Objects
Fra:1 Mem:955.50M (Peak 967.86M) | Time:00:00.07 | Mem:36.25M, Peak:36.25M | Scene, ViewLayer | Updating Objects | Copying Transformations to device
Fra:1 Mem:955.50M (Peak 967.86M) | Time:00:00.07 | Mem:36.25M, Peak:36.25M | Scene, ViewLayer | Updating Particle Systems
Fra:1 Mem:955.50M (Peak 967.86M) | Time:00:00.07 | Mem:36.25M, Peak:36.25M | Scene, ViewLayer | Updating Particle Systems | Copying Particles to device
Fra:1 Mem:955.50M (Peak 967.86M) | Time:00:00.07 | Mem:36.25M, Peak:36.25M | Scene, ViewLayer | Updating Meshes
Fra:1 Mem:1047.02M (Peak 1047.02M) | Time:00:00.97 | Mem:36.25M, Peak:36.25M | Scene, ViewLayer | Updating Objects | Applying Static Transformations
Fra:1 Mem:1047.02M (Peak 1047.02M) | Time:00:00.97 | Mem:36.25M, Peak:36.25M | Scene, ViewLayer | Updating Mesh | Computing attributes
Fra:1 Mem:1208.37M (Peak 1208.37M) | Time:00:01.01 | Mem:36.25M, Peak:36.25M | Scene, ViewLayer | Updating Mesh | Copying Attributes to device
Fra:1 Mem:1208.37M (Peak 1208.37M) | Time:00:01.01 | Mem:197.61M, Peak:197.61M | Scene, ViewLayer | Updating Scene BVH | Building
Fra:1 Mem:1208.37M (Peak 1208.37M) | Time:00:01.01 | Mem:197.61M, Peak:197.61M | Scene, ViewLayer | Updating Scene BVH | Building BVH
Fra:1 Mem:1208.37M (Peak 1208.37M) | Time:00:01.01 | Mem:246.42M, Peak:246.42M | Scene, ViewLayer | Updating Scene BVH | Building BVH 0%
Fra:1 Mem:1208.37M (Peak 1208.37M) | Time:00:01.08 | Mem:305.61M, Peak:354.42M | Scene, ViewLayer | Updating Scene BVH | Copying BVH to device
Fra:1 Mem:1208.37M (Peak 1208.37M) | Time:00:01.08 | Mem:305.61M, Peak:354.42M | Scene, ViewLayer | Updating Mesh | Computing normals
Fra:1 Mem:1262.62M (Peak 1262.62M) | Time:00:01.10 | Mem:305.61M, Peak:354.42M | Scene, ViewLayer | Updating Mesh | Copying Mesh to device
Fra:1 Mem:1262.62M (Peak 1262.62M) | Time:00:01.10 | Mem:359.86M, Peak:359.86M | Scene, ViewLayer | Updating Objects Flags
Fra:1 Mem:1262.62M (Peak 1262.62M) | Time:00:01.10 | Mem:359.86M, Peak:359.86M | Scene, ViewLayer | Updating Primitive Offsets
Fra:1 Mem:1262.62M (Peak 1262.62M) | Time:00:01.10 | Mem:359.86M, Peak:359.86M | Scene, ViewLayer | Updating Images
Fra:1 Mem:1258.62M (Peak 1262.62M) | Time:00:01.10 | Mem:355.86M, Peak:359.86M | Scene, ViewLayer | Updating Camera Volume
Fra:1 Mem:1258.62M (Peak 1262.62M) | Time:00:01.10 | Mem:355.86M, Peak:359.86M | Scene, ViewLayer | Updating Lookup Tables
Fra:1 Mem:1258.62M (Peak 1262.62M) | Time:00:01.10 | Mem:355.94M, Peak:359.86M | Scene, ViewLayer | Updating Lights
Fra:1 Mem:1258.62M (Peak 1262.62M) | Time:00:01.10 | Mem:355.94M, Peak:359.86M | Scene, ViewLayer | Updating Lights | Computing tree
Fra:1 Mem:1258.62M (Peak 1262.62M) | Time:00:01.10 | Mem:355.94M, Peak:359.86M | Scene, ViewLayer | Updating Integrator
Fra:1 Mem:1258.62M (Peak 1262.62M) | Time:00:01.10 | Mem:355.94M, Peak:359.86M | Scene, ViewLayer | Updating Film
Fra:1 Mem:1258.63M (Peak 1262.62M) | Time:00:01.10 | Mem:355.86M, Peak:359.86M | Scene, ViewLayer | Updating Lookup Tables
Fra:1 Mem:1258.63M (Peak 1262.62M) | Time:00:01.10 | Mem:355.94M, Peak:359.86M | Scene, ViewLayer | Updating Baking
Fra:1 Mem:1258.63M (Peak 1262.62M) | Time:00:01.10 | Mem:355.94M, Peak:359.86M | Scene, ViewLayer | Updating Device | Writing constant memory
Fra:1 Mem:1258.63M (Peak 1262.62M) | Time:00:01.10 | Mem:355.94M, Peak:359.86M | Scene, ViewLayer | Loading denoising kernels (may take a few minutes the first time)
Fra:1 Mem:1258.63M (Peak 1262.62M) | Time:00:01.10 | Mem:355.94M, Peak:359.86M | Scene, ViewLayer | Sample 0/24
Fra:1 Mem:1269.41M (Peak 1269.41M) | Time:00:01.13 | Remaining:00:00.69 | Mem:366.64M, Peak:366.64M | Scene, ViewLayer | Sample 1/24
Fra:1 Mem:1273.91M (Peak 1280.66M) | Time:00:02.00 | Mem:366.64M, Peak:366.64M | Scene, ViewLayer | Sample 24/24
Fra:1 Mem:1273.91M (Peak 1280.66M) | Time:00:02.00 | Mem:366.64M, Peak:366.64M | Scene, ViewLayer | Finished
Saved: 'D:\Users\Lenovo\Desktop\大观园\assets\processed\crown-r12\3-4.next.png'
Time: 00:02.03 (Saving: 00:00.01)

CROWN ATLAS SOURCE RENDERS COMPLETE

Blender quit
CANOPY ATLAS 780842 bytes; 20 source views
Blender 4.5.9 LTS (hash 8bf95cbd38d1 built 2026-04-21 01:33:45)
Fra:1 Mem:22.41M (Peak 26.40M) | Time:60:55:14.10 | Mem:0.00M, Peak:0.00M | Scene | Synchronizing object | Plane
Fra:1 Mem:22.41M (Peak 26.40M) | Time:60:55:14.10 | Mem:0.00M, Peak:0.00M | Scene | Initializing
Fra:1 Mem:22.40M (Peak 26.40M) | Time:60:55:14.10 | Mem:0.00M, Peak:0.00M | Scene | Updating Images | Loading r12_wood_diff
Fra:1 Mem:22.38M (Peak 60.57M) | Time:60:55:14.21 | Mem:0.00M, Peak:0.00M | Scene | Synchronizing object | Plane
Fra:1 Mem:22.38M (Peak 60.57M) | Time:60:55:14.21 | Mem:0.00M, Peak:0.00M | Scene | Initializing
Fra:1 Mem:22.37M (Peak 60.57M) | Time:60:55:14.21 | Mem:0.00M, Peak:0.00M | Scene | Updating Images | Loading r12_wood_nor_gl
Fra:1 Mem:22.39M (Peak 60.57M) | Time:60:55:14.28 | Mem:0.00M, Peak:0.00M | Scene | Synchronizing object | Plane
Fra:1 Mem:22.39M (Peak 60.57M) | Time:60:55:14.28 | Mem:0.00M, Peak:0.00M | Scene | Initializing
Fra:1 Mem:22.39M (Peak 60.57M) | Time:60:55:14.28 | Mem:0.00M, Peak:0.00M | Scene | Updating Images | Loading r12_wood_rough
Info: Baking map saved to internal image, save it externally or pack it
Info: Baking map saved to internal image, save it externally or pack it
Info: Baking map saved to internal image, save it externally or pack it
CRAFT SWATCH wood
Fra:1 Mem:22.41M (Peak 60.57M) | Time:60:55:14.34 | Mem:0.00M, Peak:0.00M | Scene | Synchronizing object | Plane
Fra:1 Mem:22.41M (Peak 60.57M) | Time:60:55:14.35 | Mem:0.00M, Peak:0.00M | Scene | Initializing
Fra:1 Mem:22.41M (Peak 60.57M) | Time:60:55:14.35 | Mem:0.00M, Peak:0.00M | Scene | Updating Images | Loading r12_darkwood_diff
Fra:1 Mem:22.38M (Peak 60.58M) | Time:60:55:14.42 | Mem:0.00M, Peak:0.00M | Scene | Synchronizing object | Plane
Fra:1 Mem:22.38M (Peak 60.58M) | Time:60:55:14.42 | Mem:0.00M, Peak:0.00M | Scene | Initializing
Fra:1 Mem:22.38M (Peak 60.58M) | Time:60:55:14.42 | Mem:0.00M, Peak:0.00M | Scene | Updating Images | Loading r12_darkwood_nor_gl
Fra:1 Mem:22.39M (Peak 60.58M) | Time:60:55:14.49 | Mem:0.00M, Peak:0.00M | Scene | Synchronizing object | Plane
Fra:1 Mem:22.39M (Peak 60.58M) | Time:60:55:14.49 | Mem:0.00M, Peak:0.00M | Scene | Initializing
Fra:1 Mem:22.39M (Peak 60.58M) | Time:60:55:14.49 | Mem:0.00M, Peak:0.00M | Scene | Updating Images | Loading r12_darkwood_rough
Info: Baking map saved to internal image, save it externally or pack it
Info: Baking map saved to internal image, save it externally or pack it
Info: Baking map saved to internal image, save it externally or pack it
CRAFT SWATCH darkwood
Fra:1 Mem:22.41M (Peak 60.58M) | Time:60:55:14.55 | Mem:0.00M, Peak:0.00M | Scene | Synchronizing object | Plane
Fra:1 Mem:22.41M (Peak 60.58M) | Time:60:55:14.55 | Mem:0.00M, Peak:0.00M | Scene | Initializing
Fra:1 Mem:22.41M (Peak 60.58M) | Time:60:55:14.55 | Mem:0.00M, Peak:0.00M | Scene | Updating Images | Loading r12_latticewood_diff
Fra:1 Mem:22.38M (Peak 60.58M) | Time:60:55:14.63 | Mem:0.00M, Peak:0.00M | Scene | Synchronizing object | Plane
Fra:1 Mem:22.38M (Peak 60.58M) | Time:60:55:14.63 | Mem:0.00M, Peak:0.00M | Scene | Initializing
Fra:1 Mem:22.38M (Peak 60.58M) | Time:60:55:14.63 | Mem:0.00M, Peak:0.00M | Scene | Updating Images | Loading r12_latticewood_nor_gl
Fra:1 Mem:22.39M (Peak 60.58M) | Time:60:55:14.70 | Mem:0.00M, Peak:0.00M | Scene | Synchronizing object | Plane
Fra:1 Mem:22.39M (Peak 60.58M) | Time:60:55:14.70 | Mem:0.00M, Peak:0.00M | Scene | Initializing
Fra:1 Mem:22.39M (Peak 60.58M) | Time:60:55:14.70 | Mem:0.00M, Peak:0.00M | Scene | Updating Images | Loading r12_latticewood_rough
Info: Baking map saved to internal image, save it externally or pack it
Info: Baking map saved to internal image, save it externally or pack it
Info: Baking map saved to internal image, save it externally or pack it
CRAFT SWATCH latticewood
Fra:1 Mem:22.41M (Peak 60.58M) | Time:60:55:14.77 | Mem:0.00M, Peak:0.00M | Scene | Synchronizing object | Plane
Fra:1 Mem:22.41M (Peak 60.58M) | Time:60:55:14.77 | Mem:0.00M, Peak:0.00M | Scene | Initializing
Fra:1 Mem:22.41M (Peak 60.58M) | Time:60:55:14.77 | Mem:0.00M, Peak:0.00M | Scene | Updating Images | Loading r12_floorwood_diff
Fra:1 Mem:22.38M (Peak 60.58M) | Time:60:55:14.85 | Mem:0.00M, Peak:0.00M | Scene | Synchronizing object | Plane
Fra:1 Mem:22.38M (Peak 60.58M) | Time:60:55:14.85 | Mem:0.00M, Peak:0.00M | Scene | Initializing
Fra:1 Mem:22.38M (Peak 60.58M) | Time:60:55:14.85 | Mem:0.00M, Peak:0.00M | Scene | Updating Images | Loading r12_floorwood_nor_gl
Fra:1 Mem:22.40M (Peak 60.58M) | Time:60:55:14.92 | Mem:0.00M, Peak:0.00M | Scene | Synchronizing object | Plane
Fra:1 Mem:22.40M (Peak 60.58M) | Time:60:55:14.92 | Mem:0.00M, Peak:0.00M | Scene | Initializing
Fra:1 Mem:22.39M (Peak 60.58M) | Time:60:55:14.92 | Mem:0.00M, Peak:0.00M | Scene | Updating Images | Loading r12_floorwood_rough
Info: Baking map saved to internal image, save it externally or pack it
Info: Baking map saved to internal image, save it externally or pack it
Info: Baking map saved to internal image, save it externally or pack it
CRAFT SWATCH floorwood
Fra:1 Mem:22.42M (Peak 60.58M) | Time:60:55:15.00 | Mem:0.00M, Peak:0.00M | Scene | Synchronizing object | Plane
Fra:1 Mem:22.42M (Peak 60.58M) | Time:60:55:15.00 | Mem:0.00M, Peak:0.00M | Scene | Initializing
Fra:1 Mem:22.41M (Peak 60.58M) | Time:60:55:15.00 | Mem:0.00M, Peak:0.00M | Scene | Updating Images | Loading r12_furniture_diff
Fra:1 Mem:22.38M (Peak 60.58M) | Time:60:55:15.08 | Mem:0.00M, Peak:0.00M | Scene | Synchronizing object | Plane
Fra:1 Mem:22.38M (Peak 60.58M) | Time:60:55:15.08 | Mem:0.00M, Peak:0.00M | Scene | Initializing
Fra:1 Mem:22.38M (Peak 60.58M) | Time:60:55:15.08 | Mem:0.00M, Peak:0.00M | Scene | Updating Images | Loading r12_furniture_nor_gl
Fra:1 Mem:22.40M (Peak 60.58M) | Time:60:55:15.14 | Mem:0.00M, Peak:0.00M | Scene | Synchronizing object | Plane
Fra:1 Mem:22.40M (Peak 60.58M) | Time:60:55:15.14 | Mem:0.00M, Peak:0.00M | Scene | Initializing
Fra:1 Mem:22.39M (Peak 60.58M) | Time:60:55:15.14 | Mem:0.00M, Peak:0.00M | Scene | Updating Images | Loading r12_furniture_rough
Info: Baking map saved to internal image, save it externally or pack it
Info: Baking map saved to internal image, save it externally or pack it
Info: Baking map saved to internal image, save it externally or pack it
CRAFT SWATCH furniture
Fra:1 Mem:22.40M (Peak 60.58M) | Time:60:55:15.21 | Mem:0.00M, Peak:0.00M | Scene | Synchronizing object | Plane
Fra:1 Mem:22.40M (Peak 60.58M) | Time:60:55:15.21 | Mem:0.00M, Peak:0.00M | Scene | Initializing
Fra:1 Mem:22.40M (Peak 60.58M) | Time:60:55:15.21 | Mem:0.00M, Peak:0.00M | Scene | Updating Images | Loading r12_roof_diff
Fra:1 Mem:22.39M (Peak 60.58M) | Time:60:55:15.29 | Mem:0.00M, Peak:0.00M | Scene | Synchronizing object | Plane
Fra:1 Mem:22.39M (Peak 60.58M) | Time:60:55:15.29 | Mem:0.00M, Peak:0.00M | Scene | Initializing
Fra:1 Mem:22.38M (Peak 60.58M) | Time:60:55:15.29 | Mem:0.00M, Peak:0.00M | Scene | Updating Images | Loading r12_roof_nor_gl
Fra:1 Mem:22.40M (Peak 60.58M) | Time:60:55:15.37 | Mem:0.00M, Peak:0.00M | Scene | Synchronizing object | Plane
Fra:1 Mem:22.40M (Peak 60.58M) | Time:60:55:15.37 | Mem:0.00M, Peak:0.00M | Scene | Initializing
Fra:1 Mem:22.40M (Peak 60.58M) | Time:60:55:15.37 | Mem:0.00M, Peak:0.00M | Scene | Updating Images | Loading r12_roof_rough
Info: Baking map saved to internal image, save it externally or pack it
Info: Baking map saved to internal image, save it externally or pack it
Info: Baking map saved to internal image, save it externally or pack it
CRAFT SWATCH roof
Fra:1 Mem:22.41M (Peak 60.58M) | Time:60:55:15.43 | Mem:0.00M, Peak:0.00M | Scene | Synchronizing object | Plane
Fra:1 Mem:22.41M (Peak 60.58M) | Time:60:55:15.43 | Mem:0.00M, Peak:0.00M | Scene | Initializing
Fra:1 Mem:22.40M (Peak 60.58M) | Time:60:55:15.43 | Mem:0.00M, Peak:0.00M | Scene | Updating Images | Loading r12_tile_diff
Fra:1 Mem:22.39M (Peak 60.58M) | Time:60:55:15.51 | Mem:0.00M, Peak:0.00M | Scene | Synchronizing object | Plane
Fra:1 Mem:22.39M (Peak 60.58M) | Time:60:55:15.51 | Mem:0.00M, Peak:0.00M | Scene | Initializing
Fra:1 Mem:22.39M (Peak 60.58M) | Time:60:55:15.51 | Mem:0.00M, Peak:0.00M | Scene | Updating Images | Loading r12_tile_nor_gl
Fra:1 Mem:22.40M (Peak 60.58M) | Time:60:55:15.58 | Mem:0.00M, Peak:0.00M | Scene | Synchronizing object | Plane
Fra:1 Mem:22.40M (Peak 60.58M) | Time:60:55:15.58 | Mem:0.00M, Peak:0.00M | Scene | Initializing
Fra:1 Mem:22.40M (Peak 60.58M) | Time:60:55:15.58 | Mem:0.00M, Peak:0.00M | Scene | Updating Images | Loading r12_tile_rough
Info: Baking map saved to internal image, save it externally or pack it
Info: Baking map saved to internal image, save it externally or pack it
Info: Baking map saved to internal image, save it externally or pack it
CRAFT SWATCH tile
Fra:1 Mem:22.41M (Peak 60.58M) | Time:60:55:15.64 | Mem:0.00M, Peak:0.00M | Scene | Synchronizing object | Plane
Fra:1 Mem:22.41M (Peak 60.58M) | Time:60:55:15.64 | Mem:0.00M, Peak:0.00M | Scene | Initializing
Fra:1 Mem:22.41M (Peak 60.58M) | Time:60:55:15.64 | Mem:0.00M, Peak:0.00M | Scene | Updating Images | Loading r12_tilelight_diff
Fra:1 Mem:22.39M (Peak 60.58M) | Time:60:55:15.71 | Mem:0.00M, Peak:0.00M | Scene | Synchronizing object | Plane
Fra:1 Mem:22.39M (Peak 60.58M) | Time:60:55:15.71 | Mem:0.00M, Peak:0.00M | Scene | Initializing
Fra:1 Mem:22.39M (Peak 60.58M) | Time:60:55:15.71 | Mem:0.00M, Peak:0.00M | Scene | Updating Images | Loading r12_tilelight_nor_gl
Fra:1 Mem:22.40M (Peak 60.58M) | Time:60:55:15.78 | Mem:0.00M, Peak:0.00M | Scene | Synchronizing object | Plane
Fra:1 Mem:22.40M (Peak 60.58M) | Time:60:55:15.78 | Mem:0.00M, Peak:0.00M | Scene | Initializing
Fra:1 Mem:22.40M (Peak 60.58M) | Time:60:55:15.78 | Mem:0.00M, Peak:0.00M | Scene | Updating Images | Loading r12_tilelight_rough
Info: Baking map saved to internal image, save it externally or pack it
Info: Baking map saved to internal image, save it externally or pack it
Info: Baking map saved to internal image, save it externally or pack it
CRAFT SWATCH tilelight
Fra:1 Mem:22.41M (Peak 60.58M) | Time:60:55:15.84 | Mem:0.00M, Peak:0.00M | Scene | Synchronizing object | Plane
Fra:1 Mem:22.41M (Peak 60.58M) | Time:60:55:15.84 | Mem:0.00M, Peak:0.00M | Scene | Initializing
Fra:1 Mem:22.41M (Peak 60.58M) | Time:60:55:15.84 | Mem:0.00M, Peak:0.00M | Scene | Updating Images | Loading r12_tiledark_diff
Fra:1 Mem:22.39M (Peak 60.58M) | Time:60:55:15.91 | Mem:0.00M, Peak:0.00M | Scene | Synchronizing object | Plane
Fra:1 Mem:22.39M (Peak 60.58M) | Time:60:55:15.91 | Mem:0.00M, Peak:0.00M | Scene | Initializing
Fra:1 Mem:22.39M (Peak 60.58M) | Time:60:55:15.91 | Mem:0.00M, Peak:0.00M | Scene | Updating Images | Loading r12_tiledark_nor_gl
Fra:1 Mem:22.40M (Peak 60.58M) | Time:60:55:15.99 | Mem:0.00M, Peak:0.00M | Scene | Synchronizing object | Plane
Fra:1 Mem:22.40M (Peak 60.58M) | Time:60:55:15.99 | Mem:0.00M, Peak:0.00M | Scene | Initializing
Fra:1 Mem:22.40M (Peak 60.58M) | Time:60:55:15.99 | Mem:0.00M, Peak:0.00M | Scene | Updating Images | Loading r12_tiledark_rough
Info: Baking map saved to internal image, save it externally or pack it
Info: Baking map saved to internal image, save it externally or pack it
Info: Baking map saved to internal image, save it externally or pack it
CRAFT SWATCH tiledark
Fra:1 Mem:22.41M (Peak 60.58M) | Time:60:55:16.04 | Mem:0.00M, Peak:0.00M | Scene | Synchronizing object | Plane
Fra:1 Mem:22.41M (Peak 60.58M) | Time:60:55:16.04 | Mem:0.00M, Peak:0.00M | Scene | Initializing
Fra:1 Mem:22.41M (Peak 60.58M) | Time:60:55:16.04 | Mem:0.00M, Peak:0.00M | Scene | Updating Images | Loading r12_cutstone_diff
Fra:1 Mem:22.39M (Peak 60.58M) | Time:60:55:16.12 | Mem:0.00M, Peak:0.00M | Scene | Synchronizing object | Plane
Fra:1 Mem:22.39M (Peak 60.58M) | Time:60:55:16.12 | Mem:0.00M, Peak:0.00M | Scene | Initializing
Fra:1 Mem:22.39M (Peak 60.58M) | Time:60:55:16.12 | Mem:0.00M, Peak:0.00M | Scene | Updating Images | Loading r12_cutstone_nor_gl
Fra:1 Mem:22.41M (Peak 60.58M) | Time:60:55:16.20 | Mem:0.00M, Peak:0.00M | Scene | Synchronizing object | Plane
Fra:1 Mem:22.41M (Peak 60.58M) | Time:60:55:16.20 | Mem:0.00M, Peak:0.00M | Scene | Initializing
Fra:1 Mem:22.41M (Peak 60.58M) | Time:60:55:16.20 | Mem:0.00M, Peak:0.00M | Scene | Updating Images | Loading r12_cutstone_rough
Info: Baking map saved to internal image, save it externally or pack it
Info: Baking map saved to internal image, save it externally or pack it
Info: Baking map saved to internal image, save it externally or pack it
CRAFT SWATCH cutstone
Fra:1 Mem:22.42M (Peak 60.58M) | Time:60:55:16.26 | Mem:0.00M, Peak:0.00M | Scene | Synchronizing object | Plane
Fra:1 Mem:22.42M (Peak 60.58M) | Time:60:55:16.26 | Mem:0.00M, Peak:0.00M | Scene | Initializing
Fra:1 Mem:22.41M (Peak 60.58M) | Time:60:55:16.26 | Mem:0.00M, Peak:0.00M | Scene | Updating Images | Loading r12_paving_diff
Fra:1 Mem:22.40M (Peak 60.58M) | Time:60:55:16.33 | Mem:0.00M, Peak:0.00M | Scene | Synchronizing object | Plane
Fra:1 Mem:22.40M (Peak 60.58M) | Time:60:55:16.33 | Mem:0.00M, Peak:0.00M | Scene | Initializing
Fra:1 Mem:22.39M (Peak 60.58M) | Time:60:55:16.33 | Mem:0.00M, Peak:0.00M | Scene | Updating Images | Loading r12_paving_nor_gl
Fra:1 Mem:22.41M (Peak 60.58M) | Time:60:55:16.40 | Mem:0.00M, Peak:0.00M | Scene | Synchronizing object | Plane
Fra:1 Mem:22.41M (Peak 60.58M) | Time:60:55:16.40 | Mem:0.00M, Peak:0.00M | Scene | Initializing
Fra:1 Mem:22.41M (Peak 60.58M) | Time:60:55:16.40 | Mem:0.00M, Peak:0.00M | Scene | Updating Images | Loading r12_paving_rough
Info: Baking map saved to internal image, save it externally or pack it
Info: Baking map saved to internal image, save it externally or pack it
Info: Baking map saved to internal image, save it externally or pack it
CRAFT SWATCH paving
Fra:1 Mem:22.42M (Peak 60.58M) | Time:60:55:16.46 | Mem:0.00M, Peak:0.00M | Scene | Synchronizing object | Plane
Fra:1 Mem:22.42M (Peak 60.58M) | Time:60:55:16.46 | Mem:0.00M, Peak:0.00M | Scene | Initializing
Fra:1 Mem:22.42M (Peak 60.58M) | Time:60:55:16.46 | Mem:0.00M, Peak:0.00M | Scene | Updating Images | Loading r12_bankstone_diff
Fra:1 Mem:22.40M (Peak 60.58M) | Time:60:55:16.54 | Mem:0.00M, Peak:0.00M | Scene | Synchronizing object | Plane
Fra:1 Mem:22.40M (Peak 60.58M) | Time:60:55:16.54 | Mem:0.00M, Peak:0.00M | Scene | Initializing
Fra:1 Mem:22.40M (Peak 60.58M) | Time:60:55:16.54 | Mem:0.00M, Peak:0.00M | Scene | Updating Images | Loading r12_bankstone_nor_gl
Fra:1 Mem:22.42M (Peak 60.58M) | Time:60:55:16.63 | Mem:0.00M, Peak:0.00M | Scene | Synchronizing object | Plane
Fra:1 Mem:22.42M (Peak 60.58M) | Time:60:55:16.63 | Mem:0.00M, Peak:0.00M | Scene | Initializing
Fra:1 Mem:22.41M (Peak 60.58M) | Time:60:55:16.63 | Mem:0.00M, Peak:0.00M | Scene | Updating Images | Loading r12_bankstone_rough
Info: Baking map saved to internal image, save it externally or pack it
Info: Baking map saved to internal image, save it externally or pack it
Info: Baking map saved to internal image, save it externally or pack it
CRAFT SWATCH bankstone
Fra:1 Mem:22.42M (Peak 60.58M) | Time:60:55:16.69 | Mem:0.00M, Peak:0.00M | Scene | Synchronizing object | Plane
Fra:1 Mem:22.42M (Peak 60.58M) | Time:60:55:16.69 | Mem:0.00M, Peak:0.00M | Scene | Initializing
Fra:1 Mem:22.42M (Peak 60.58M) | Time:60:55:16.69 | Mem:0.00M, Peak:0.00M | Scene | Updating Images | Loading r12_stone_diff
Fra:1 Mem:22.40M (Peak 60.59M) | Time:60:55:16.76 | Mem:0.00M, Peak:0.00M | Scene | Synchronizing object | Plane
Fra:1 Mem:22.40M (Peak 60.59M) | Time:60:55:16.76 | Mem:0.00M, Peak:0.00M | Scene | Initializing
Fra:1 Mem:22.40M (Peak 60.59M) | Time:60:55:16.76 | Mem:0.00M, Peak:0.00M | Scene | Updating Images | Loading r12_stone_nor_gl
Fra:1 Mem:22.42M (Peak 60.59M) | Time:60:55:16.83 | Mem:0.00M, Peak:0.00M | Scene | Synchronizing object | Plane
Fra:1 Mem:22.42M (Peak 60.59M) | Time:60:55:16.83 | Mem:0.00M, Peak:0.00M | Scene | Initializing
Fra:1 Mem:22.41M (Peak 60.59M) | Time:60:55:16.83 | Mem:0.00M, Peak:0.00M | Scene | Updating Images | Loading r12_stone_rough
Info: Baking map saved to internal image, save it externally or pack it
Info: Baking map saved to internal image, save it externally or pack it
Info: Baking map saved to internal image, save it externally or pack it
CRAFT SWATCH stone
Fra:1 Mem:22.42M (Peak 60.59M) | Time:60:55:16.89 | Mem:0.00M, Peak:0.00M | Scene | Synchronizing object | Plane
Fra:1 Mem:22.42M (Peak 60.59M) | Time:60:55:16.89 | Mem:0.00M, Peak:0.00M | Scene | Initializing
Fra:1 Mem:22.42M (Peak 60.59M) | Time:60:55:16.89 | Mem:0.00M, Peak:0.00M | Scene | Updating Images | Loading r12_courtbase_diff
Fra:1 Mem:22.40M (Peak 60.59M) | Time:60:55:16.97 | Mem:0.00M, Peak:0.00M | Scene | Synchronizing object | Plane
Fra:1 Mem:22.40M (Peak 60.59M) | Time:60:55:16.97 | Mem:0.00M, Peak:0.00M | Scene | Initializing
Fra:1 Mem:22.40M (Peak 60.59M) | Time:60:55:16.97 | Mem:0.00M, Peak:0.00M | Scene | Updating Images | Loading r12_courtbase_nor_gl
Fra:1 Mem:22.42M (Peak 60.59M) | Time:60:55:17.04 | Mem:0.00M, Peak:0.00M | Scene | Synchronizing object | Plane
Fra:1 Mem:22.42M (Peak 60.59M) | Time:60:55:17.04 | Mem:0.00M, Peak:0.00M | Scene | Initializing
Fra:1 Mem:22.41M (Peak 60.59M) | Time:60:55:17.04 | Mem:0.00M, Peak:0.00M | Scene | Updating Images | Loading r12_courtbase_rough
Info: Baking map saved to internal image, save it externally or pack it
Info: Baking map saved to internal image, save it externally or pack it
Info: Baking map saved to internal image, save it externally or pack it
CRAFT SWATCH courtbase
Fra:1 Mem:22.44M (Peak 60.59M) | Time:60:55:17.12 | Mem:0.00M, Peak:0.00M | Scene | Synchronizing object | Plane
Fra:1 Mem:22.44M (Peak 60.59M) | Time:60:55:17.12 | Mem:0.00M, Peak:0.00M | Scene | Initializing
Fra:1 Mem:22.44M (Peak 60.59M) | Time:60:55:17.12 | Mem:0.00M, Peak:0.00M | Scene | Updating Images | Loading r12_gardenstone_diff
Fra:1 Mem:22.40M (Peak 60.60M) | Time:60:55:17.20 | Mem:0.00M, Peak:0.00M | Scene | Synchronizing object | Plane
Fra:1 Mem:22.40M (Peak 60.60M) | Time:60:55:17.20 | Mem:0.00M, Peak:0.00M | Scene | Initializing
Fra:1 Mem:22.40M (Peak 60.60M) | Time:60:55:17.20 | Mem:0.00M, Peak:0.00M | Scene | Updating Images | Loading r12_gardenstone_nor_gl
Fra:1 Mem:22.42M (Peak 60.60M) | Time:60:55:17.28 | Mem:0.00M, Peak:0.00M | Scene | Synchronizing object | Plane
Fra:1 Mem:22.42M (Peak 60.60M) | Time:60:55:17.28 | Mem:0.00M, Peak:0.00M | Scene | Initializing
Fra:1 Mem:22.42M (Peak 60.60M) | Time:60:55:17.28 | Mem:0.00M, Peak:0.00M | Scene | Updating Images | Loading r12_gardenstone_rough
Info: Baking map saved to internal image, save it externally or pack it
Info: Baking map saved to internal image, save it externally or pack it
Info: Baking map saved to internal image, save it externally or pack it
CRAFT SWATCH gardenstone

Blender quit
17:32:59 | INFO: Data are loaded, start creating Blender stuff
17:32:59 | INFO: Blender create Mesh node Plane.037
17:32:59 | INFO: Blender create Mesh node Plane.038
17:32:59 | INFO: Blender create Mesh node Plane.039
17:32:59 | INFO: Blender create Mesh node Plane.042
17:32:59 | INFO: Blender create Mesh node Plane.043
17:32:59 | INFO: Blender create Mesh node Plane.045
17:32:59 | INFO: Blender create Mesh node Plane.047
17:32:59 | INFO: Blender create Mesh node Plane.048
17:32:59 | INFO: Blender create Mesh node Plane.050
17:32:59 | INFO: Blender create Mesh node Plane.051
17:32:59 | INFO: Blender create Mesh node Plane.053
17:32:59 | INFO: Blender create Mesh node Plane.054
17:32:59 | INFO: Blender create Mesh node Plane.055
17:32:59 | INFO: Blender create Mesh node Plane.056
17:32:59 | INFO: Blender create Mesh node Plane.057
17:32:59 | INFO: Blender create Mesh node Plane.058
17:32:59 | INFO: Blender create Mesh node Plane.059
17:32:59 | INFO: glTF import finished in 0.05s
INFO Draco mesh compression is available, use library at D:\Users\Lenovo\Desktop\大观园\.tools\blender-4.5.9-windows-x64\4.5\scripts\addons_core\io_scene_gltf2\extern_draco.dll
17:32:59 | INFO: Starting glTF 2.0 export
17:32:59 | INFO: Extracting primitive: Plane.043
17:32:59 | WARNING: More than one shader node tex image used for a texture. The resulting glTF sampler will behave like the first shader node tex image.
17:32:59 | INFO: Primitives created: 1
17:32:59 | INFO: Finished glTF 2.0 export in 0.0774531364440918 s
Blender 4.5.9 LTS (hash 8bf95cbd38d1 built 2026-04-21 01:33:45)
Fra:1 Mem:66.54M (Peak 66.54M) | Time:00:00.05 | Mem:0.00M, Peak:0.00M | Scene, ViewLayer | Synchronizing object | Plane
Fra:1 Mem:66.54M (Peak 66.54M) | Time:00:00.05 | Mem:0.00M, Peak:0.00M | Scene, ViewLayer | Synchronizing object | Turf_Bake_0
Fra:1 Mem:66.54M (Peak 66.54M) | Time:00:00.05 | Mem:0.00M, Peak:0.00M | Scene, ViewLayer | Synchronizing object | Turf_Bake_4
Fra:1 Mem:68.55M (Peak 68.55M) | Time:00:00.05 | Mem:0.00M, Peak:0.00M | Scene, ViewLayer | Synchronizing object | Turf_Bake_6
Fra:1 Mem:68.64M (Peak 68.64M) | Time:00:00.05 | Mem:0.00M, Peak:0.00M | Scene, ViewLayer | Synchronizing object | Turf_Bake_7
Fra:1 Mem:68.87M (Peak 68.87M) | Time:00:00.05 | Mem:0.00M, Peak:0.00M | Scene, ViewLayer | Synchronizing object | Turf_Bake_8
Fra:1 Mem:69.68M (Peak 69.68M) | Time:00:00.05 | Mem:0.00M, Peak:0.00M | Scene, ViewLayer | Synchronizing object | Turf_Bake_9
Fra:1 Mem:69.64M (Peak 69.68M) | Time:00:00.05 | Mem:0.00M, Peak:0.00M | Scene, ViewLayer | Synchronizing object | Turf_Bake_10
Fra:1 Mem:71.39M (Peak 71.97M) | Time:00:00.05 | Mem:0.00M, Peak:0.00M | Scene, ViewLayer | Initializing
Fra:1 Mem:66.17M (Peak 71.97M) | Time:00:00.05 | Mem:0.00M, Peak:0.00M | Scene, ViewLayer | Updating Images | Loading grass_medium_01_nor_gl
Fra:1 Mem:66.17M (Peak 71.97M) | Time:00:00.05 | Mem:0.00M, Peak:0.00M | Scene, ViewLayer | Updating Images | Loading grass_medium_01_diff-grass_medium_01_alpha
Fra:1 Mem:66.17M (Peak 71.97M) | Time:00:00.05 | Mem:0.00M, Peak:0.00M | Scene, ViewLayer | Updating Images | Loading grass_medium_01_rough
Fra:1 Mem:50.10M (Peak 71.97M) | Time:00:00.06 | Mem:3.00M, Peak:3.00M | Scene, ViewLayer | Waiting for render to start
Fra:1 Mem:50.10M (Peak 71.97M) | Time:00:00.06 | Mem:3.00M, Peak:3.00M | Scene, ViewLayer | Updating Scene
Fra:1 Mem:50.10M (Peak 71.97M) | Time:00:00.06 | Mem:3.00M, Peak:3.00M | Scene, ViewLayer | Updating Shaders
Fra:1 Mem:50.10M (Peak 71.97M) | Time:00:00.06 | Mem:3.00M, Peak:3.00M | Scene, ViewLayer | Loading render kernels (may take a few minutes the first time)
Fra:1 Mem:50.18M (Peak 71.97M) | Time:00:00.06 | Mem:3.00M, Peak:3.00M | Scene, ViewLayer | Updating Procedurals
Fra:1 Mem:50.18M (Peak 71.97M) | Time:00:00.06 | Mem:3.00M, Peak:3.00M | Scene, ViewLayer | Updating Background
Fra:1 Mem:50.18M (Peak 71.97M) | Time:00:00.06 | Mem:3.00M, Peak:3.00M | Scene, ViewLayer | Updating Camera
Fra:1 Mem:50.18M (Peak 71.97M) | Time:00:00.06 | Mem:3.00M, Peak:3.00M | Scene, ViewLayer | Updating Meshes Flags
Fra:1 Mem:50.18M (Peak 71.97M) | Time:00:00.06 | Mem:3.00M, Peak:3.00M | Scene, ViewLayer | Updating Objects
Fra:1 Mem:50.18M (Peak 71.97M) | Time:00:00.06 | Mem:3.00M, Peak:3.00M | Scene, ViewLayer | Updating Objects | Copying Transformations to device
Fra:1 Mem:50.48M (Peak 71.97M) | Time:00:00.06 | Mem:3.29M, Peak:3.29M | Scene, ViewLayer | Updating Particle Systems
Fra:1 Mem:50.48M (Peak 71.97M) | Time:00:00.06 | Mem:3.29M, Peak:3.29M | Scene, ViewLayer | Updating Particle Systems | Copying Particles to device
Fra:1 Mem:50.48M (Peak 71.97M) | Time:00:00.06 | Mem:3.29M, Peak:3.29M | Scene, ViewLayer | Updating Meshes
Fra:1 Mem:50.48M (Peak 71.97M) | Time:00:00.06 | Mem:3.29M, Peak:3.29M | Scene, ViewLayer | Updating Objects | Applying Static Transformations
Fra:1 Mem:50.48M (Peak 71.97M) | Time:00:00.06 | Mem:3.29M, Peak:3.29M | Scene, ViewLayer | Updating Mesh | Computing attributes
Fra:1 Mem:51.11M (Peak 71.97M) | Time:00:00.06 | Mem:3.29M, Peak:3.29M | Scene, ViewLayer | Updating Mesh | Copying Attributes to device
Fra:1 Mem:51.04M (Peak 71.97M) | Time:00:00.06 | Mem:3.85M, Peak:3.85M | Scene, ViewLayer | Updating Geometry BVH Plane.051 12/11 | Building BVH
Fra:1 Mem:51.04M (Peak 71.97M) | Time:00:00.06 | Mem:3.85M, Peak:3.85M | Scene, ViewLayer | Updating Geometry BVH Plane.043 2/11 | Building BVH
Fra:1 Mem:51.04M (Peak 71.97M) | Time:00:00.06 | Mem:3.85M, Peak:3.85M | Scene, ViewLayer | Updating Geometry BVH Plane.042 3/11 | Building BVH
Fra:1 Mem:51.04M (Peak 71.97M) | Time:00:00.06 | Mem:3.85M, Peak:3.85M | Scene, ViewLayer | Updating Geometry BVH Plane.037 6/11 | Building BVH
Fra:1 Mem:51.04M (Peak 71.97M) | Time:00:00.06 | Mem:3.85M, Peak:3.85M | Scene, ViewLayer | Updating Geometry BVH Plane.039 7/11 | Building BVH
Fra:1 Mem:51.04M (Peak 71.97M) | Time:00:00.06 | Mem:4.06M, Peak:4.06M | Scene, ViewLayer | Updating Geometry BVH Plane.048 8/11 | Building BVH 0%
Fra:1 Mem:51.04M (Peak 71.97M) | Time:00:00.06 | Mem:4.06M, Peak:4.06M | Scene, ViewLayer | Updating Geometry BVH Plane.048 8/11 | Building BVH
Fra:1 Mem:51.04M (Peak 71.97M) | Time:00:00.06 | Mem:4.18M, Peak:4.19M | Scene, ViewLayer | Updating Geometry BVH Plane.050 9/11 | Building BVH
Fra:1 Mem:51.04M (Peak 71.97M) | Time:00:00.06 | Mem:4.30M, Peak:4.30M | Scene, ViewLayer | Updating Geometry BVH Plane.038 10/11 | Building BVH
Fra:1 Mem:51.04M (Peak 71.97M) | Time:00:00.06 | Mem:4.66M, Peak:4.66M | Scene, ViewLayer | Updating Geometry BVH Plane.053 11/11 | Building BVH
Fra:1 Mem:51.04M (Peak 71.97M) | Time:00:00.06 | Mem:5.60M, Peak:5.88M | Scene, ViewLayer | Updating Scene BVH | Building
Fra:1 Mem:51.05M (Peak 71.97M) | Time:00:00.06 | Mem:5.60M, Peak:5.88M | Scene, ViewLayer | Updating Scene BVH | Building BVH
Fra:1 Mem:51.05M (Peak 71.97M) | Time:00:00.07 | Mem:6.00M, Peak:6.04M | Scene, ViewLayer | Updating Scene BVH | Copying BVH to device
Fra:1 Mem:51.05M (Peak 71.97M) | Time:00:00.07 | Mem:6.00M, Peak:6.04M | Scene, ViewLayer | Updating Mesh | Computing normals
Fra:1 Mem:52.04M (Peak 71.97M) | Time:00:00.07 | Mem:6.00M, Peak:6.04M | Scene, ViewLayer | Updating Mesh | Copying Mesh to device
Fra:1 Mem:52.04M (Peak 71.97M) | Time:00:00.07 | Mem:6.99M, Peak:6.99M | Scene, ViewLayer | Updating Objects Flags
Fra:1 Mem:52.04M (Peak 71.97M) | Time:00:00.07 | Mem:7.00M, Peak:7.00M | Scene, ViewLayer | Updating Primitive Offsets
Fra:1 Mem:52.04M (Peak 71.97M) | Time:00:00.07 | Mem:7.01M, Peak:7.01M | Scene, ViewLayer | Updating Images
Fra:1 Mem:50.04M (Peak 71.97M) | Time:00:00.07 | Mem:5.01M, Peak:7.01M | Scene, ViewLayer | Updating Camera Volume
Fra:1 Mem:50.04M (Peak 71.97M) | Time:00:00.07 | Mem:5.01M, Peak:7.01M | Scene, ViewLayer | Updating Lookup Tables
Fra:1 Mem:50.04M (Peak 71.97M) | Time:00:00.07 | Mem:5.09M, Peak:7.01M | Scene, ViewLayer | Updating Lights
Fra:1 Mem:50.04M (Peak 71.97M) | Time:00:00.07 | Mem:5.09M, Peak:7.01M | Scene, ViewLayer | Updating Lights | Computing tree
Fra:1 Mem:54.95M (Peak 71.97M) | Time:00:00.10 | Mem:9.99M, Peak:9.99M | Scene, ViewLayer | Updating Integrator
Fra:1 Mem:54.95M (Peak 71.97M) | Time:00:00.10 | Mem:9.99M, Peak:9.99M | Scene, ViewLayer | Updating Film
Fra:1 Mem:54.95M (Peak 71.97M) | Time:00:00.10 | Mem:9.91M, Peak:9.99M | Scene, ViewLayer | Updating Lookup Tables
Fra:1 Mem:54.95M (Peak 71.97M) | Time:00:00.10 | Mem:9.99M, Peak:9.99M | Scene, ViewLayer | Updating Baking
Fra:1 Mem:54.95M (Peak 71.97M) | Time:00:00.10 | Mem:9.99M, Peak:9.99M | Scene, ViewLayer | Updating Device | Writing constant memory
Fra:1 Mem:54.97M (Peak 71.97M) | Time:00:00.10 | Mem:9.99M, Peak:9.99M | Scene, ViewLayer | Loading denoising kernels (may take a few minutes the first time)
Fra:1 Mem:54.97M (Peak 71.97M) | Time:00:00.10 | Mem:9.99M, Peak:9.99M | Scene, ViewLayer | Sample 0/8
Fra:1 Mem:131.06M (Peak 131.06M) | Time:00:00.27 | Remaining:00:01.16 | Mem:86.01M, Peak:86.01M | Scene, ViewLayer | Sample 1/8
Fra:1 Mem:163.07M (Peak 211.07M) | Time:00:03.95 | Mem:86.01M, Peak:86.01M | Scene, ViewLayer | Sample 8/8
Fra:1 Mem:163.07M (Peak 211.07M) | Time:00:03.95 | Mem:86.01M, Peak:86.01M | Scene, ViewLayer | Finished
Saved: 'D:\Users\Lenovo\Desktop\大观园\assets\processed\ground-r7\turf.png'
Time: 00:04.05 (Saving: 00:00.08)


R7 GROUND COVER COMPLETE

Blender quit
Ground material checked; soil delivery 40293 bytes
17:33:40 | INFO: Data are loaded, start creating Blender stuff
17:33:40 | INFO: Blender create Mesh node island_trees_01_blockout_cleaned
17:33:41 | INFO: glTF import finished in 1.58s
INFO Draco mesh compression is available, use library at D:\Users\Lenovo\Desktop\大观园\.tools\blender-4.5.9-windows-x64\4.5\scripts\addons_core\io_scene_gltf2\extern_draco.dll
17:34:05 | INFO: Starting glTF 2.0 export
17:34:05 | INFO: Extracting primitive: Crown_broadleaf_bark.014
17:34:05 | WARNING: More than one shader node tex image used for a texture. The resulting glTF sampler will behave like the first shader node tex image.
17:34:05 | WARNING: More than one shader node tex image used for a texture. The resulting glTF sampler will behave like the first shader node tex image.
17:34:05 | WARNING: More than one shader node tex image used for a texture. The resulting glTF sampler will behave like the first shader node tex image.
17:34:05 | WARNING: More than one shader node tex image used for a texture. The resulting glTF sampler will behave like the first shader node tex image.
17:34:05 | INFO: Primitives created: 3
17:34:05 | INFO: Finished glTF 2.0 export in 0.12511110305786133 s

17:34:19 | INFO: Starting glTF 2.0 export
17:34:20 | INFO: Extracting primitive: Crown_mobile_bark
17:34:20 | WARNING: More than one shader node tex image used for a texture. The resulting glTF sampler will behave like the first shader node tex image.
17:34:20 | WARNING: More than one shader node tex image used for a texture. The resulting glTF sampler will behave like the first shader node tex image.
17:34:20 | WARNING: More than one shader node tex image used for a texture. The resulting glTF sampler will behave like the first shader node tex image.
17:34:20 | WARNING: More than one shader node tex image used for a texture. The resulting glTF sampler will behave like the first shader node tex image.
17:34:20 | INFO: Primitives created: 3
17:34:20 | INFO: Finished glTF 2.0 export in 0.03499770164489746 s

NATIVE CROWN LOD broadleaf 10413
17:34:20 | INFO: Data are loaded, start creating Blender stuff
17:34:20 | INFO: Blender create Mesh node mesh.001
17:34:21 | INFO: glTF import finished in 1.10s
17:34:36 | INFO: Starting glTF 2.0 export
17:34:36 | INFO: Extracting primitive: Crown_broadleaf-2_bark.014
17:34:36 | WARNING: More than one shader node tex image used for a texture. The resulting glTF sampler will behave like the first shader node tex image.
17:34:36 | WARNING: More than one shader node tex image used for a texture. The resulting glTF sampler will behave like the first shader node tex image.
17:34:36 | WARNING: More than one shader node tex image used for a texture. The resulting glTF sampler will behave like the first shader node tex image.
17:34:36 | WARNING: More than one shader node tex image used for a texture. The resulting glTF sampler will behave like the first shader node tex image.
17:34:36 | INFO: Primitives created: 3
17:34:36 | INFO: Finished glTF 2.0 export in 0.10789251327514648 s

NATIVE CROWN LOD broadleaf-2 8412
17:34:36 | INFO: Data are loaded, start creating Blender stuff
17:34:36 | INFO: Blender create Mesh node pine_sapling_small_b
17:34:36 | INFO: Blender create Mesh node pine_sapling_small_a
17:34:36 | INFO: Blender create Mesh node pine_sapling_small_c
17:34:36 | INFO: glTF import finished in 0.42s
17:34:37 | INFO: Starting glTF 2.0 export
17:34:37 | INFO: Extracting primitive: Crown_pine_bark.014
17:34:37 | WARNING: More than one shader node tex image used for a texture. The resulting glTF sampler will behave like the first shader node tex image.
17:34:37 | WARNING: More than one shader node tex image used for a texture. The resulting glTF sampler will behave like the first shader node tex image.
17:34:37 | WARNING: More than one shader node tex image used for a texture. The resulting glTF sampler will behave like the first shader node tex image.
17:34:37 | INFO: Primitives created: 2
17:34:37 | INFO: Finished glTF 2.0 export in 0.07450556755065918 s

NATIVE CROWN LOD pine 3923
17:34:37 | INFO: Data are loaded, start creating Blender stuff
17:34:37 | INFO: Blender create Mesh node island_trees_01_blockout_cleaned
17:34:39 | INFO: glTF import finished in 1.60s
17:35:06 | INFO: Starting glTF 2.0 export
17:35:06 | INFO: Extracting primitive: Crown_shrub_bark.004
17:35:06 | WARNING: More than one shader node tex image used for a texture. The resulting glTF sampler will behave like the first shader node tex image.
17:35:06 | WARNING: More than one shader node tex image used for a texture. The resulting glTF sampler will behave like the first shader node tex image.
17:35:06 | WARNING: More than one shader node tex image used for a texture. The resulting glTF sampler will behave like the first shader node tex image.
17:35:06 | WARNING: More than one shader node tex image used for a texture. The resulting glTF sampler will behave like the first shader node tex image.
17:35:06 | INFO: Primitives created: 3
17:35:06 | INFO: Finished glTF 2.0 export in 0.11283493041992188 s

17:35:06 | INFO: Data are loaded, start creating Blender stuff
17:35:06 | INFO: Blender create Mesh node modelShape.005
17:35:06 | INFO: Blender create Mesh node modelShape.002
17:35:06 | INFO: Blender create Mesh node modelShape
17:35:06 | INFO: Blender create Mesh node medium.001
17:35:06 | INFO: Blender create Mesh node modelShape.003
17:35:06 | INFO: Blender create Mesh node mesh1-geometry.003
17:35:06 | INFO: glTF import finished in 0.08s
SOURCE ROCK VARIANTS 6 uniform aspect-preserving scale
17:35:07 | INFO: Data are loaded, start creating Blender stuff
17:35:07 | INFO: Blender create Mesh node Plane.024
17:35:07 | INFO: Blender create Mesh node Plane.044
17:35:07 | INFO: Blender create Mesh node Plane.006
17:35:07 | INFO: Blender create Mesh node Plane.059
17:35:07 | INFO: glTF import finished in 0.02s
17:35:07 | INFO: Starting glTF 2.0 export
17:35:07 | INFO: Extracting primitive: Plane.015
17:35:07 | WARNING: More than one shader node tex image used for a texture. The resulting glTF sampler will behave like the first shader node tex image.
17:35:07 | INFO: Primitives created: 1
17:35:07 | INFO: Finished glTF 2.0 export in 0.009218692779541016 s

17:35:07 | INFO: Starting glTF 2.0 export
17:35:07 | INFO: Extracting primitive: Plane.016
17:35:07 | WARNING: More than one shader node tex image used for a texture. The resulting glTF sampler will behave like the first shader node tex image.
17:35:07 | INFO: Primitives created: 1
17:35:07 | INFO: Finished glTF 2.0 export in 0.005846738815307617 s
Blender 4.5.9 LTS (hash 8bf95cbd38d1 built 2026-04-21 01:33:45)
Read blend: "D:\Users\Lenovo\Desktop\大观园\blender\daguanyuan_master.blend"
Fra:1 Mem:1084.59M (Peak 1518.93M) | Time:60:57:27.86 | Mem:0.00M, Peak:0.00M | Scene | Synchronizing object | daguanyuan_gate_darkwood.001
Fra:1 Mem:1084.59M (Peak 1518.93M) | Time:60:57:27.86 | Mem:0.00M, Peak:0.00M | Scene | Synchronizing object | daguanyuan_gate_paving.001
Fra:1 Mem:1086.18M (Peak 1518.93M) | Time:60:57:27.86 | Mem:0.00M, Peak:0.00M | Scene | Synchronizing object | daguanyuan_gate_limestone.001
Fra:1 Mem:1086.43M (Peak 1518.93M) | Time:60:57:27.86 | Mem:0.00M, Peak:0.00M | Scene | Synchronizing object | daguanyuan_gate_screen
Fra:1 Mem:1086.71M (Peak 1518.93M) | Time:60:57:27.86 | Mem:0.00M, Peak:0.00M | Scene | Synchronizing object | daguanyuan_gate_roof.001
Fra:1 Mem:1087.54M (Peak 1518.93M) | Time:60:57:27.86 | Mem:0.00M, Peak:0.00M | Scene | Synchronizing object | daguanyuan_gate_tilelight.001
Fra:1 Mem:1087.49M (Peak 1518.93M) | Time:60:57:27.86 | Mem:0.00M, Peak:0.00M | Scene | Synchronizing object | daguanyuan_gate_tile.001
Fra:1 Mem:1089.23M (Peak 1518.93M) | Time:60:57:27.86 | Mem:0.00M, Peak:0.00M | Scene | Synchronizing object | daguanyuan_gate_tiledark.001
Fra:1 Mem:1095.22M (Peak 1518.93M) | Time:60:57:27.86 | Mem:0.00M, Peak:0.00M | Scene | Initializing
Fra:1 Mem:1095.22M (Peak 1518.93M) | Time:60:57:27.86 | Mem:0.00M, Peak:0.00M | Scene | Updating Images | Loading forest_grove.hdr
Fra:1 Mem:1095.22M (Peak 1518.93M) | Time:60:57:27.86 | Mem:0.00M, Peak:0.00M | Scene | Updating Images | Loading r12_cutstone_diff.001
Fra:1 Mem:1095.22M (Peak 1518.93M) | Time:60:57:27.86 | Mem:0.00M, Peak:0.00M | Scene | Updating Images | Loading r12_cutstone_nor_gl.001
Fra:1 Mem:1095.22M (Peak 1518.93M) | Time:60:57:27.86 | Mem:0.00M, Peak:0.00M | Scene | Updating Images | Loading r12_cutstone_rough.001
Fra:1 Mem:1102.25M (Peak 1518.93M) | Time:60:57:27.86 | Mem:1.00M, Peak:1.00M | Scene | Updating Images | Loading island_tree_01_leaves_rgba.png.007
Fra:1 Mem:1102.50M (Peak 1518.93M) | Time:60:57:27.86 | Mem:1.25M, Peak:1.25M | Scene | Updating Images | Loading pine_sapling_small_twig_rgba.png.003
Fra:1 Mem:1102.75M (Peak 1518.93M) | Time:60:57:27.86 | Mem:1.50M, Peak:1.50M | Scene | Updating Images | Loading island_tree_02_leaves_rgba.png.003
Fra:1 Mem:1103.00M (Peak 1518.93M) | Time:60:57:27.86 | Mem:1.75M, Peak:1.75M | Scene | Updating Images | Loading island_tree_01_leaves_rgba.png.006
Fra:1 Mem:1103.25M (Peak 1518.93M) | Time:60:57:27.86 | Mem:2.00M, Peak:2.00M | Scene | Updating Images | Loading fern_02_rgba.png.002
Fra:1 Mem:1104.25M (Peak 1518.93M) | Time:60:57:27.86 | Mem:3.00M, Peak:3.00M | Scene | Updating Images | Loading r12_darkwood_diff.001
Fra:1 Mem:1104.25M (Peak 1518.93M) | Time:60:57:27.86 | Mem:4.00M, Peak:4.00M | Scene | Updating Images | Loading r12_darkwood_nor_gl.001
Fra:1 Mem:1115.26M (Peak 1518.93M) | Time:60:57:27.87 | Mem:5.00M, Peak:5.00M | Scene | Updating Images | Loading r12_darkwood_rough.001
Fra:1 Mem:1114.25M (Peak 1518.93M) | Time:60:57:27.87 | Mem:6.00M, Peak:6.00M | Scene | Updating Images | Loading r12_floorwood_diff.001
Fra:1 Mem:1118.27M (Peak 1518.93M) | Time:60:57:27.87 | Mem:7.00M, Peak:7.00M | Scene | Updating Images | Loading island_tree_01_leaves_rgba.png.005
Fra:1 Mem:1117.26M (Peak 1518.93M) | Time:60:57:27.87 | Mem:8.00M, Peak:8.00M | Scene | Updating Images | Loading r12_floorwood_nor_gl.001
Fra:1 Mem:1116.25M (Peak 1518.93M) | Time:60:57:27.87 | Mem:9.00M, Peak:9.00M | Scene | Updating Images | Loading r12_floorwood_rough.001
Fra:1 Mem:1119.51M (Peak 1518.93M) | Time:60:57:27.87 | Mem:9.25M, Peak:9.25M | Scene | Updating Images | Loading pine_sapling_small_twig_rgba.png.002
Fra:1 Mem:1119.76M (Peak 1518.93M) | Time:60:57:27.87 | Mem:10.25M, Peak:10.25M | Scene | Updating Images | Loading r12_wood_diff.001
Fra:1 Mem:1120.02M (Peak 1518.93M) | Time:60:57:27.87 | Mem:11.25M, Peak:11.25M | Scene | Updating Images | Loading r12_wood_nor_gl.001
Fra:1 Mem:1120.76M (Peak 1518.93M) | Time:60:57:27.87 | Mem:11.50M, Peak:11.50M | Scene | Updating Images | Loading island_tree_02_leaves_rgba.png.002
Fra:1 Mem:1124.03M (Peak 1518.93M) | Time:60:57:27.87 | Mem:12.50M, Peak:12.50M | Scene | Updating Images | Loading r12_wood_rough.001
Fra:1 Mem:1123.02M (Peak 1518.93M) | Time:60:57:27.87 | Mem:13.50M, Peak:13.50M | Scene | Updating Images | Loading r12_furniture_diff.001
Fra:1 Mem:1122.01M (Peak 1518.93M) | Time:60:57:27.87 | Mem:14.50M, Peak:14.50M | Scene | Updating Images | Loading r12_furniture_nor_gl.001
Fra:1 Mem:1131.00M (Peak 1518.93M) | Time:60:57:27.87 | Mem:15.50M, Peak:15.50M | Scene | Updating Images | Loading r12_furniture_rough.001
Fra:1 Mem:1131.00M (Peak 1518.93M) | Time:60:57:27.87 | Mem:15.75M, Peak:15.75M | Scene | Updating Images | Loading island_tree_01_leaves_rgba.png.004
Fra:1 Mem:1135.25M (Peak 1518.93M) | Time:60:57:27.87 | Mem:16.00M, Peak:16.00M | Scene | Updating Images | Loading fern_02_rgba.png.001
Fra:1 Mem:1137.26M (Peak 1518.93M) | Time:60:57:27.88 | Mem:18.00M, Peak:18.00M | Scene | Updating Images | Loading r12_latticewood_diff.001
Fra:1 Mem:1138.26M (Peak 1518.93M) | Time:60:57:27.88 | Mem:20.00M, Peak:20.00M | Scene | Updating Images | Loading r12_latticewood_nor_gl.001
Fra:1 Mem:1137.25M (Peak 1518.93M) | Time:60:57:27.88 | Mem:22.00M, Peak:22.00M | Scene | Updating Images | Loading r12_latticewood_rough.001
Fra:1 Mem:1137.25M (Peak 1518.93M) | Time:60:57:27.88 | Mem:22.00M, Peak:22.00M | Scene | Updating Images | Loading r12_roof_diff.001
Fra:1 Mem:1138.25M (Peak 1518.93M) | Time:60:57:27.88 | Mem:22.00M, Peak:22.00M | Scene | Updating Images | Loading r12_roof_nor_gl.001
Fra:1 Mem:1141.25M (Peak 1518.93M) | Time:60:57:27.88 | Mem:22.00M, Peak:22.00M | Scene | Updating Images | Loading r12_roof_rough.001
Fra:1 Mem:1142.26M (Peak 1518.93M) | Time:60:57:27.88 | Mem:22.00M, Peak:22.00M | Scene | Updating Images | Loading r12_tilelight_diff.001
Fra:1 Mem:1143.25M (Peak 1518.93M) | Time:60:57:27.88 | Mem:23.00M, Peak:23.00M | Scene | Updating Images | Loading island_tree_01_leaves_rgba.png.003
Fra:1 Mem:1143.51M (Peak 1518.93M) | Time:60:57:27.88 | Mem:23.25M, Peak:23.25M | Scene | Updating Images | Loading pine_sapling_small_twig_rgba.png.001
Fra:1 Mem:1143.75M (Peak 1518.93M) | Time:60:57:27.88 | Mem:25.25M, Peak:25.25M | Scene | Updating Images | Loading r12_tilelight_nor_gl.001
Fra:1 Mem:1145.76M (Peak 1518.93M) | Time:60:57:27.88 | Mem:26.25M, Peak:26.25M | Scene | Updating Images | Loading r12_tilelight_rough.001
Fra:1 Mem:1146.76M (Peak 1518.93M) | Time:60:57:27.88 | Mem:27.25M, Peak:27.25M | Scene | Updating Images | Loading r12_tile_diff.001
Fra:1 Mem:1145.76M (Peak 1518.93M) | Time:60:57:27.88 | Mem:28.25M, Peak:28.25M | Scene | Updating Images | Loading r12_tile_nor_gl.001
Fra:1 Mem:1146.75M (Peak 1518.93M) | Time:60:57:27.88 | Mem:28.50M, Peak:28.50M | Scene | Updating Images | Loading island_tree_02_leaves_rgba.png.001
Fra:1 Mem:1148.00M (Peak 1518.93M) | Time:60:57:27.88 | Mem:29.50M, Peak:29.50M | Scene | Updating Images | Loading r12_tile_rough.001
Fra:1 Mem:1150.01M (Peak 1518.93M) | Time:60:57:27.88 | Mem:29.75M, Peak:29.75M | Scene | Updating Images | Loading island_tree_01_leaves_rgba.png.002
Fra:1 Mem:1149.00M (Peak 1518.93M) | Time:60:57:27.88 | Mem:30.75M, Peak:30.75M | Scene | Updating Images | Loading r12_tiledark_diff.001
Fra:1 Mem:1150.25M (Peak 1518.93M) | Time:60:57:27.88 | Mem:31.75M, Peak:31.75M | Scene | Updating Images | Loading r12_tiledark_nor_gl.001
Fra:1 Mem:1143.25M (Peak 1518.93M) | Time:60:57:27.88 | Mem:32.00M, Peak:32.00M | Scene | Updating Images | Loading fern_02_rgba.png
Fra:1 Mem:1146.27M (Peak 1518.93M) | Time:60:57:27.88 | Mem:33.00M, Peak:33.00M | Scene | Updating Images | Loading r12_tiledark_rough.001
Fra:1 Mem:1146.27M (Peak 1518.93M) | Time:60:57:27.89 | Mem:34.00M, Peak:34.00M | Scene | Updating Images | Loading rock_moss_set_01_diff
Fra:1 Mem:1146.26M (Peak 1518.93M) | Time:60:57:27.89 | Mem:35.00M, Peak:35.00M | Scene | Updating Images | Loading rock_moss_set_01_nor_gl
Fra:1 Mem:1153.25M (Peak 1518.93M) | Time:60:57:27.89 | Mem:36.00M, Peak:36.00M | Scene | Updating Images | Loading r12_paving_diff.001
Fra:1 Mem:1155.26M (Peak 1518.93M) | Time:60:57:27.89 | Mem:37.00M, Peak:37.00M | Scene | Updating Images | Loading r12_paving_nor_gl.001
Fra:1 Mem:1154.25M (Peak 1518.93M) | Time:60:57:27.89 | Mem:38.00M, Peak:38.00M | Scene | Updating Images | Loading island_tree_01_leaves_rgba.png.001
Fra:1 Mem:1155.50M (Peak 1518.93M) | Time:60:57:27.89 | Mem:39.00M, Peak:39.00M | Scene | Updating Images | Loading r12_paving_rough.001
Fra:1 Mem:1163.52M (Peak 1518.93M) | Time:60:57:27.89 | Mem:39.25M, Peak:39.25M | Scene | Updating Images | Loading pine_sapling_small_twig_rgba.png
Fra:1 Mem:1162.76M (Peak 1518.93M) | Time:60:57:27.89 | Mem:40.25M, Peak:40.25M | Scene | Updating Images | Loading island_tree_01_diff
Fra:1 Mem:1167.77M (Peak 1518.93M) | Time:60:57:27.89 | Mem:44.25M, Peak:44.25M | Scene | Updating Images | Loading island_tree_01_rough
Fra:1 Mem:1170.76M (Peak 1518.93M) | Time:60:57:27.89 | Mem:45.25M, Peak:45.25M | Scene | Updating Images | Loading island_tree_01_nor_gl
Fra:1 Mem:1166.75M (Peak 1518.93M) | Time:60:57:27.89 | Mem:45.50M, Peak:45.50M | Scene | Updating Images | Loading island_tree_02_leaves_rgba.png
Fra:1 Mem:1168.01M (Peak 1518.93M) | Time:60:57:27.89 | Mem:46.50M, Peak:46.50M | Scene | Updating Images | Loading island_tree_01_leaves_diff-island_tree_01_leaves_alpha
Fra:1 Mem:1172.01M (Peak 1518.93M) | Time:60:57:27.89 | Mem:50.50M, Peak:50.50M | Scene | Updating Images | Loading island_tree_01_leaves_rough
Fra:1 Mem:1176.01M (Peak 1518.93M) | Time:60:57:27.89 | Mem:54.50M, Peak:54.50M | Scene | Updating Images | Loading island_tree_01_leaves_nor_gl
Fra:1 Mem:1179.26M (Peak 1518.93M) | Time:60:57:27.89 | Mem:55.50M, Peak:55.50M | Scene | Updating Images | Loading island_tree_01_branches_diff
Fra:1 Mem:1179.00M (Peak 1518.93M) | Time:60:57:27.89 | Mem:55.75M, Peak:55.75M | Scene | Updating Images | Loading island_tree_01_leaves_rgba.png
Fra:1 Mem:1187.27M (Peak 1518.93M) | Time:60:57:27.89 | Mem:63.75M, Peak:63.75M | Scene | Updating Images | Loading island_tree_01_branches_rough
Fra:1 Mem:1191.52M (Peak 1518.93M) | Time:60:57:27.89 | Mem:67.75M, Peak:67.75M | Scene | Updating Images | Loading island_tree_01_branches_nor_gl
Fra:1 Mem:1195.26M (Peak 1518.93M) | Time:60:57:27.89 | Mem:68.00M, Peak:68.00M | Scene | Updating Images | Loading fern_02_alpha_1k.png.001
Fra:1 Mem:1195.26M (Peak 1518.93M) | Time:60:57:27.89 | Mem:72.00M, Peak:72.00M | Scene | Updating Images | Loading island_tree_01_leaves_diff_1k.png.001
Fra:1 Mem:1191.25M (Peak 1518.93M) | Time:60:57:27.89 | Mem:76.00M, Peak:76.00M | Scene | Updating Images | Loading island_tree_01_leaves_alpha_1k.png.001
Fra:1 Mem:1191.25M (Peak 1518.93M) | Time:60:57:27.89 | Mem:80.00M, Peak:80.00M | Scene | Updating Images | Loading island_tree_02_diff
Fra:1 Mem:1195.26M (Peak 1518.93M) | Time:60:57:27.89 | Mem:84.00M, Peak:84.00M | Scene | Updating Images | Loading island_tree_02_rough
Fra:1 Mem:1215.25M (Peak 1518.93M) | Time:60:57:27.90 | Mem:92.00M, Peak:92.00M | Scene | Updating Images | Loading island_tree_02_nor_gl
Fra:1 Mem:1219.25M (Peak 1518.93M) | Time:60:57:27.90 | Mem:96.00M, Peak:96.00M | Scene | Updating Images | Loading island_tree_02_leaves_diff-island_tree_02_leaves_alpha
Fra:1 Mem:1219.25M (Peak 1518.93M) | Time:60:57:27.90 | Mem:96.00M, Peak:96.00M | Scene | Updating Images | Loading island_tree_02_leaves_rough
Fra:1 Mem:1227.25M (Peak 1518.93M) | Time:60:57:27.90 | Mem:100.00M, Peak:100.00M | Scene | Updating Images | Loading island_tree_02_leaves_nor_gl
Fra:1 Mem:1231.25M (Peak 1518.93M) | Time:60:57:27.90 | Mem:104.00M, Peak:104.00M | Scene | Updating Images | Loading island_tree_02_leaves_diff_1k.png.001
Fra:1 Mem:1231.25M (Peak 1518.93M) | Time:60:57:27.90 | Mem:108.00M, Peak:108.00M | Scene | Updating Images | Loading island_tree_02_leaves_alpha_1k.png.001
Fra:1 Mem:1235.26M (Peak 1518.93M) | Time:60:57:27.90 | Mem:112.00M, Peak:112.00M | Scene | Updating Images | Loading island_tree_02_branches_diff
Fra:1 Mem:1235.25M (Peak 1518.93M) | Time:60:57:27.90 | Mem:116.00M, Peak:116.00M | Scene | Updating Images | Loading island_tree_02_branches_rough
Fra:1 Mem:1239.25M (Peak 1518.93M) | Time:60:57:27.90 | Mem:120.00M, Peak:120.00M | Scene | Updating Images | Loading island_tree_02_branches_nor_gl
Fra:1 Mem:1243.25M (Peak 1518.93M) | Time:60:57:27.90 | Mem:124.00M, Peak:124.00M | Scene | Updating Images | Loading pine_sapling_small_bark_diff
Fra:1 Mem:1251.26M (Peak 1518.93M) | Time:60:57:27.90 | Mem:128.00M, Peak:128.00M | Scene | Updating Images | Loading pine_sapling_small_bark_rough
Fra:1 Mem:1255.26M (Peak 1518.93M) | Time:60:57:27.90 | Mem:132.00M, Peak:132.00M | Scene | Updating Images | Loading pine_sapling_small_bark_nor_gl
Fra:1 Mem:1261.27M (Peak 1518.93M) | Time:60:57:27.90 | Mem:136.00M, Peak:136.00M | Scene | Updating Images | Loading pine_sapling_small_twig_diff
Fra:1 Mem:1267.26M (Peak 1518.93M) | Time:60:57:27.90 | Mem:140.00M, Peak:140.00M | Scene | Updating Images | Loading pine_sapling_small_twig_rough
Fra:1 Mem:1271.26M (Peak 1518.93M) | Time:60:57:27.90 | Mem:141.00M, Peak:141.00M | Scene | Updating Images | Loading pine_sapling_small_twig_nor_gl
Fra:1 Mem:1275.26M (Peak 1518.93M) | Time:60:57:27.90 | Mem:142.00M, Peak:142.00M | Scene | Updating Images | Loading pine_sapling_small_twig_diff_1k.png.001
Fra:1 Mem:1271.25M (Peak 1518.93M) | Time:60:57:27.90 | Mem:146.00M, Peak:146.00M | Scene | Updating Images | Loading pine_sapling_small_twig_alpha_1k.png.001
Fra:1 Mem:1272.25M (Peak 1518.93M) | Time:60:57:27.90 | Mem:147.00M, Peak:147.00M | Scene | Updating Images | Loading island_tree_01_leaves_diff_1k.png.002
Fra:1 Mem:1272.25M (Peak 1518.93M) | Time:60:57:27.91 | Mem:155.00M, Peak:155.00M | Scene | Updating Images | Loading island_tree_01_leaves_alpha_1k.png.002
Fra:1 Mem:1272.25M (Peak 1518.93M) | Time:60:57:27.91 | Mem:155.00M, Peak:155.00M | Scene | Updating Images | Loading island_tree_02_leaves_diff_1k.png.002
Fra:1 Mem:1272.25M (Peak 1518.93M) | Time:60:57:27.91 | Mem:155.00M, Peak:155.00M | Scene | Updating Images | Loading island_tree_02_leaves_alpha_1k.png.002
Fra:1 Mem:1272.25M (Peak 1518.93M) | Time:60:57:27.91 | Mem:156.00M, Peak:156.00M | Scene | Updating Images | Loading pine_sapling_small_twig_diff_1k.png.002
Fra:1 Mem:1290.26M (Peak 1518.93M) | Time:60:57:27.91 | Mem:157.00M, Peak:157.00M | Scene | Updating Images | Loading pine_sapling_small_twig_alpha_1k.png.002
Fra:1 Mem:1294.26M (Peak 1518.93M) | Time:60:57:27.91 | Mem:158.00M, Peak:158.00M | Scene | Updating Images | Loading island_tree_01_leaves_diff_1k.png.003
Fra:1 Mem:1295.27M (Peak 1518.93M) | Time:60:57:27.91 | Mem:160.00M, Peak:160.00M | Scene | Updating Images | Loading island_tree_01_leaves_alpha_1k.png.003
Fra:1 Mem:1295.27M (Peak 1518.93M) | Time:60:57:27.91 | Mem:161.00M, Peak:161.00M | Scene | Updating Images | Loading island_tree_02_leaves_diff_1k.png.003
Fra:1 Mem:1294.26M (Peak 1518.93M) | Time:60:57:27.91 | Mem:162.00M, Peak:162.00M | Scene | Updating Images | Loading island_tree_02_leaves_alpha_1k.png.003
Fra:1 Mem:1295.26M (Peak 1518.93M) | Time:60:57:27.91 | Mem:163.00M, Peak:163.00M | Scene | Updating Images | Loading pine_sapling_small_twig_diff_1k.png.003
Fra:1 Mem:1280.26M (Peak 1518.93M) | Time:60:57:27.91 | Mem:164.00M, Peak:164.00M | Scene | Updating Images | Loading pine_sapling_small_twig_alpha_1k.png.003
Fra:1 Mem:1280.26M (Peak 1518.93M) | Time:60:57:27.91 | Mem:168.00M, Peak:168.00M | Scene | Updating Images | Loading island_tree_01_leaves_diff_1k.png.004
Fra:1 Mem:1283.26M (Peak 1518.93M) | Time:60:57:27.91 | Mem:169.00M, Peak:169.00M | Scene | Updating Images | Loading island_tree_01_leaves_alpha_1k.png.004
Fra:1 Mem:1282.25M (Peak 1518.93M) | Time:60:57:27.91 | Mem:170.00M, Peak:170.00M | Scene | Updating Images | Loading island_tree_02_leaves_diff_1k.png.004
Fra:1 Mem:1285.26M (Peak 1518.93M) | Time:60:57:27.92 | Mem:186.00M, Peak:186.00M | Scene | Updating Images | Loading fern_02_alpha_1k.png
Fra:1 Mem:1285.26M (Peak 1518.93M) | Time:60:57:27.92 | Mem:187.00M, Peak:187.00M | Scene | Updating Images | Loading island_tree_02_leaves_alpha_1k.png.004
Fra:1 Mem:1285.25M (Peak 1518.93M) | Time:60:57:27.92 | Mem:188.00M, Peak:188.00M | Scene | Updating Images | Loading pine_sapling_small_twig_diff_1k.png.004
Fra:1 Mem:1303.26M (Peak 1518.93M) | Time:60:57:27.92 | Mem:189.00M, Peak:189.00M | Scene | Updating Images | Loading pine_sapling_small_twig_alpha_1k.png.004
Fra:1 Mem:1303.25M (Peak 1518.93M) | Time:60:57:27.92 | Mem:190.00M, Peak:190.00M | Scene | Updating Images | Loading island_tree_01_leaves_diff_1k.png.005
Fra:1 Mem:1305.25M (Peak 1518.93M) | Time:60:57:27.92 | Mem:191.00M, Peak:191.00M | Scene | Updating Images | Loading island_tree_01_leaves_alpha_1k.png.005
Fra:1 Mem:1306.25M (Peak 1518.93M) | Time:60:57:27.92 | Mem:192.00M, Peak:192.00M | Scene | Updating Images | Loading island_tree_02_leaves_diff_1k.png.005
Fra:1 Mem:1306.25M (Peak 1518.93M) | Time:60:57:27.92 | Mem:192.00M, Peak:192.00M | Scene | Updating Images | Loading island_tree_02_leaves_alpha_1k.png.005
Fra:1 Mem:1307.25M (Peak 1518.93M) | Time:60:57:27.92 | Mem:193.00M, Peak:193.00M | Scene | Updating Images | Loading pine_sapling_small_twig_diff_1k.png.005
Fra:1 Mem:1308.25M (Peak 1518.93M) | Time:60:57:27.92 | Mem:194.00M, Peak:194.00M | Scene | Updating Images | Loading pine_sapling_small_twig_alpha_1k.png.005
Fra:1 Mem:1308.25M (Peak 1518.93M) | Time:60:57:27.92 | Mem:195.00M, Peak:195.00M | Scene | Updating Images | Loading island_tree_01_leaves_diff_1k.png.006
Fra:1 Mem:1309.25M (Peak 1518.93M) | Time:60:57:27.92 | Mem:196.00M, Peak:196.00M | Scene | Updating Images | Loading island_tree_01_leaves_alpha_1k.png.006
Fra:1 Mem:1328.26M (Peak 1518.93M) | Time:60:57:27.93 | Mem:197.00M, Peak:197.00M | Scene | Updating Images | Loading island_tree_02_leaves_diff_1k.png.006
Fra:1 Mem:1332.28M (Peak 1518.93M) | Time:60:57:27.93 | Mem:198.00M, Peak:198.00M | Scene | Updating Images | Loading island_tree_02_leaves_alpha_1k.png.006
Fra:1 Mem:1332.27M (Peak 1518.93M) | Time:60:57:27.93 | Mem:200.00M, Peak:200.00M | Scene | Updating Images | Loading pine_sapling_small_twig_diff_1k.png.006
Fra:1 Mem:1334.27M (Peak 1518.93M) | Time:60:57:27.93 | Mem:201.00M, Peak:201.00M | Scene | Updating Images | Loading pine_sapling_small_twig_alpha_1k.png.006
Fra:1 Mem:1335.28M (Peak 1518.93M) | Time:60:57:27.93 | Mem:202.00M, Peak:202.00M | Scene | Updating Images | Loading island_tree_01_leaves_diff_1k.png.007
Fra:1 Mem:1333.26M (Peak 1518.93M) | Time:60:57:27.93 | Mem:203.00M, Peak:203.00M | Scene | Updating Images | Loading island_tree_01_leaves_alpha_1k.png.007
Fra:1 Mem:1333.26M (Peak 1518.93M) | Time:60:57:27.93 | Mem:204.00M, Peak:204.00M | Scene | Updating Images | Loading island_tree_02_leaves_diff_1k.png.007
Fra:1 Mem:1334.27M (Peak 1518.93M) | Time:60:57:27.93 | Mem:205.00M, Peak:205.00M | Scene | Updating Images | Loading island_tree_02_leaves_alpha_1k.png.007
Fra:1 Mem:1333.25M (Peak 1518.93M) | Time:60:57:27.93 | Mem:206.00M, Peak:206.00M | Scene | Updating Images | Loading pine_sapling_small_twig_diff_1k.png.007
Fra:1 Mem:1321.25M (Peak 1518.93M) | Time:60:57:27.93 | Mem:207.00M, Peak:207.00M | Scene | Updating Images | Loading pine_sapling_small_twig_alpha_1k.png.007
Fra:1 Mem:1327.27M (Peak 1518.93M) | Time:60:57:27.93 | Mem:208.00M, Peak:208.00M | Scene | Updating Images | Loading island_tree_01_leaves_diff_1k.png.008
Fra:1 Mem:1326.27M (Peak 1518.93M) | Time:60:57:27.93 | Mem:209.00M, Peak:209.00M | Scene | Updating Images | Loading island_tree_01_leaves_alpha_1k.png.008
Fra:1 Mem:1326.26M (Peak 1518.93M) | Time:60:57:27.93 | Mem:211.00M, Peak:211.00M | Scene | Updating Images | Loading island_tree_02_leaves_diff_1k.png.008
Fra:1 Mem:1326.26M (Peak 1518.93M) | Time:60:57:27.93 | Mem:211.00M, Peak:211.00M | Scene | Updating Images | Loading island_tree_02_leaves_alpha_1k.png.008
Fra:1 Mem:1326.26M (Peak 1518.93M) | Time:60:57:27.93 | Mem:212.00M, Peak:212.00M | Scene | Updating Images | Loading pine_sapling_small_twig_diff_1k.png.008
Fra:1 Mem:1326.26M (Peak 1518.93M) | Time:60:57:27.93 | Mem:212.00M, Peak:212.00M | Scene | Updating Images | Loading pine_sapling_small_twig_alpha_1k.png.008
Fra:1 Mem:1325.25M (Peak 1518.93M) | Time:60:57:27.93 | Mem:213.00M, Peak:213.00M | Scene | Updating Images | Loading fern_02_diff_1k.png.002
Fra:1 Mem:1326.25M (Peak 1518.93M) | Time:60:57:27.93 | Mem:229.00M, Peak:229.00M | Scene | Updating Images | Loading fern_02_diff_1k.png.005
Fra:1 Mem:1327.25M (Peak 1518.93M) | Time:60:57:27.93 | Mem:230.00M, Peak:230.00M | Scene | Updating Images | Loading fern_02_rough
Fra:1 Mem:1331.25M (Peak 1518.93M) | Time:60:57:27.94 | Mem:231.00M, Peak:231.00M | Scene | Updating Images | Loading fern_02_nor_gl
Fra:1 Mem:1348.27M (Peak 1518.93M) | Time:60:57:27.94 | Mem:232.00M, Peak:232.00M | Scene | Updating Images | Loading island_tree_01_leaves_diff_1k.png.009
Fra:1 Mem:1347.27M (Peak 1518.93M) | Time:60:57:27.94 | Mem:233.00M, Peak:233.00M | Scene | Updating Images | Loading island_tree_01_leaves_alpha_1k.png.009
Fra:1 Mem:1348.27M (Peak 1518.93M) | Time:60:57:27.94 | Mem:234.00M, Peak:234.00M | Scene | Updating Images | Loading island_tree_02_leaves_diff_1k.png.009
Fra:1 Mem:1350.26M (Peak 1518.93M) | Time:60:57:27.94 | Mem:240.00M, Peak:240.00M | Scene | Updating Images | Loading island_tree_02_leaves_alpha_1k.png.009
Fra:1 Mem:1350.26M (Peak 1518.93M) | Time:60:57:27.94 | Mem:240.00M, Peak:240.00M | Scene | Updating Images | Loading pine_sapling_small_twig_diff_1k.png.009
Fra:1 Mem:1351.26M (Peak 1518.93M) | Time:60:57:27.94 | Mem:240.00M, Peak:240.00M | Scene | Updating Images | Loading pine_sapling_small_twig_alpha_1k.png.009
Fra:1 Mem:1351.26M (Peak 1518.93M) | Time:60:57:27.94 | Mem:241.00M, Peak:241.00M | Scene | Updating Images | Loading fern_02_diff_1k.png.003
Fra:1 Mem:1350.25M (Peak 1518.93M) | Time:60:57:27.94 | Mem:242.00M, Peak:242.00M | Scene | Updating Images | Loading island_tree_01_leaves_diff_1k.png.010
Fra:1 Mem:1356.26M (Peak 1518.93M) | Time:60:57:27.94 | Mem:243.00M, Peak:243.00M | Scene | Updating Images | Loading island_tree_01_leaves_alpha_1k.png.010
Fra:1 Mem:1356.26M (Peak 1518.93M) | Time:60:57:27.94 | Mem:247.00M, Peak:247.00M | Scene | Updating Images | Loading island_tree_01_leaves_alpha_1k.png.012
Fra:1 Mem:1352.25M (Peak 1518.93M) | Time:60:57:27.95 | Mem:251.00M, Peak:251.00M | Scene | Updating Images | Loading island_tree_02_leaves_diff_1k.png.010
Fra:1 Mem:1352.25M (Peak 1518.93M) | Time:60:57:27.95 | Mem:251.00M, Peak:251.00M | Scene | Updating Images | Loading island_tree_02_leaves_alpha_1k.png.010
Fra:1 Mem:1357.25M (Peak 1518.93M) | Time:60:57:27.95 | Mem:256.00M, Peak:256.00M | Scene | Updating Images | Loading pine_sapling_small_twig_diff_1k.png.010
Fra:1 Mem:1358.25M (Peak 1518.93M) | Time:60:57:27.95 | Mem:257.00M, Peak:257.00M | Scene | Updating Images | Loading pine_sapling_small_twig_alpha_1k.png.010
Fra:1 Mem:1362.26M (Peak 1518.93M) | Time:60:57:27.95 | Mem:259.00M, Peak:259.00M | Scene | Updating Images | Loading fern_02_diff_1k.png.004
Fra:1 Mem:1365.28M (Peak 1518.93M) | Time:60:57:27.95 | Mem:259.00M, Peak:259.00M | Scene | Updating Images | Loading island_tree_01_leaves_diff_1k.png.011
Fra:1 Mem:1364.27M (Peak 1518.93M) | Time:60:57:27.95 | Mem:259.00M, Peak:259.00M | Scene | Updating Images | Loading island_tree_01_leaves_alpha_1k.png.011
Fra:1 Mem:1363.25M (Peak 1518.93M) | Time:60:57:27.95 | Mem:260.00M, Peak:260.00M | Scene | Updating Images | Loading island_tree_01_leaves_diff_1k.png.012
Fra:1 Mem:1363.25M (Peak 1518.93M) | Time:60:57:27.95 | Mem:261.00M, Peak:261.00M | Scene | Updating Images | Loading island_tree_02_leaves_diff_1k.png.011
Fra:1 Mem:1364.26M (Peak 1518.93M) | Time:60:57:27.95 | Mem:261.00M, Peak:261.00M | Scene | Updating Images | Loading island_tree_02_leaves_alpha_1k.png.011
Fra:1 Mem:1365.26M (Peak 1518.93M) | Time:60:57:27.95 | Mem:262.00M, Peak:262.00M | Scene | Updating Images | Loading pine_sapling_small_twig_diff_1k.png.011
Fra:1 Mem:1364.25M (Peak 1518.93M) | Time:60:57:27.95 | Mem:263.00M, Peak:263.00M | Scene | Updating Images | Loading pine_sapling_small_twig_alpha_1k.png.011

DETAIL CONTACT daguanyuan_gate cutstone 6304 0.32
Fra:1 Mem:1086.75M (Peak 1715.14M) | Time:60:57:28.42 | Mem:0.00M, Peak:0.00M | Scene | Synchronizing object | daguanyuan_gate_stone.001
Fra:1 Mem:1086.75M (Peak 1715.14M) | Time:60:57:28.42 | Mem:0.00M, Peak:0.00M | Scene | Synchronizing object | daguanyuan_gate_wood.001
Fra:1 Mem:1086.75M (Peak 1715.14M) | Time:60:57:28.42 | Mem:0.00M, Peak:0.00M | Scene | Synchronizing object | daguanyuan_gate_furniture
Fra:1 Mem:1086.76M (Peak 1715.14M) | Time:60:57:28.42 | Mem:0.00M, Peak:0.00M | Scene | Synchronizing object | daguanyuan_gate_latticewood.001
Fra:1 Mem:1087.71M (Peak 1715.14M) | Time:60:57:28.42 | Mem:0.00M, Peak:0.00M | Scene | Synchronizing object | daguanyuan_gate_paving.001
Fra:1 Mem:1087.99M (Peak 1715.14M) | Time:60:57:28.42 | Mem:0.00M, Peak:0.00M | Scene | Synchronizing object | daguanyuan_gate_limestone.001
Fra:1 Mem:1088.09M (Peak 1715.14M) | Time:60:57:28.42 | Mem:0.00M, Peak:0.00M | Scene | Synchronizing object | daguanyuan_gate_screen
Fra:1 Mem:1088.26M (Peak 1715.14M) | Time:60:57:28.42 | Mem:0.00M, Peak:0.00M | Scene | Synchronizing object | daguanyuan_gate_roof.001
Fra:1 Mem:1088.37M (Peak 1715.14M) | Time:60:57:28.42 | Mem:0.00M, Peak:0.00M | Scene | Synchronizing object | daguanyuan_gate_tilelight.001
Fra:1 Mem:1088.37M (Peak 1715.14M) | Time:60:57:28.42 | Mem:0.00M, Peak:0.00M | Scene | Synchronizing object | daguanyuan_gate_tile.001
Fra:1 Mem:1088.40M (Peak 1715.14M) | Time:60:57:28.42 | Mem:0.00M, Peak:0.00M | Scene | Synchronizing object | daguanyuan_gate_tiledark.001
Fra:1 Mem:1095.03M (Peak 1715.14M) | Time:60:57:28.42 | Mem:0.00M, Peak:0.00M | Scene | Initializing
Fra:1 Mem:1095.03M (Peak 1715.14M) | Time:60:57:28.42 | Mem:0.00M, Peak:0.00M | Scene | Updating Images | Loading forest_grove.hdr
Fra:1 Mem:1095.03M (Peak 1715.14M) | Time:60:57:28.42 | Mem:0.00M, Peak:0.00M | Scene | Updating Images | Loading r12_stone_rough.001
Fra:1 Mem:1095.03M (Peak 1715.14M) | Time:60:57:28.42 | Mem:0.00M, Peak:0.00M | Scene | Updating Images | Loading r12_cutstone_nor_gl.001
Fra:1 Mem:1095.03M (Peak 1715.14M) | Time:60:57:28.42 | Mem:0.00M, Peak:0.00M | Scene | Updating Images | Loading r12_cutstone_rough.001
Fra:1 Mem:1096.06M (Peak 1715.14M) | Time:60:57:28.42 | Mem:1.00M, Peak:1.00M | Scene | Updating Images | Loading island_tree_01_leaves_rgba.png.007
Fra:1 Mem:1096.31M (Peak 1715.14M) | Time:60:57:28.42 | Mem:1.25M, Peak:1.25M | Scene | Updating Images | Loading pine_sapling_small_twig_rgba.png.003
Fra:1 Mem:1096.56M (Peak 1715.14M) | Time:60:57:28.42 | Mem:1.50M, Peak:1.50M | Scene | Updating Images | Loading island_tree_02_leaves_rgba.png.003
Fra:1 Mem:1102.82M (Peak 1715.14M) | Time:60:57:28.42 | Mem:1.75M, Peak:1.75M | Scene | Updating Images | Loading island_tree_01_leaves_rgba.png.006
Fra:1 Mem:1103.07M (Peak 1715.14M) | Time:60:57:28.42 | Mem:2.00M, Peak:2.00M | Scene | Updating Images | Loading fern_02_rgba.png.002
Fra:1 Mem:1112.07M (Peak 1715.14M) | Time:60:57:28.42 | Mem:3.00M, Peak:3.00M | Scene | Updating Images | Loading r12_darkwood_diff.001
Fra:1 Mem:1113.07M (Peak 1715.14M) | Time:60:57:28.42 | Mem:4.00M, Peak:4.00M | Scene | Updating Images | Loading r12_darkwood_nor_gl.001
Fra:1 Mem:1114.07M (Peak 1715.14M) | Time:60:57:28.42 | Mem:5.00M, Peak:5.00M | Scene | Updating Images | Loading r12_darkwood_rough.001
Fra:1 Mem:1115.07M (Peak 1715.14M) | Time:60:57:28.42 | Mem:6.00M, Peak:6.00M | Scene | Updating Images | Loading r12_floorwood_diff.001
Fra:1 Mem:1117.08M (Peak 1715.14M) | Time:60:57:28.42 | Mem:7.00M, Peak:7.00M | Scene | Updating Images | Loading r12_floorwood_nor_gl.001
Fra:1 Mem:1117.07M (Peak 1715.14M) | Time:60:57:28.42 | Mem:8.00M, Peak:8.00M | Scene | Updating Images | Loading island_tree_01_leaves_rgba.png.005
Fra:1 Mem:1118.32M (Peak 1715.14M) | Time:60:57:28.43 | Mem:9.00M, Peak:9.00M | Scene | Updating Images | Loading r12_floorwood_rough.001
Fra:1 Mem:1118.32M (Peak 1715.14M) | Time:60:57:28.43 | Mem:10.00M, Peak:10.00M | Scene | Updating Images | Loading r12_wood_diff.001
Fra:1 Mem:1117.57M (Peak 1715.14M) | Time:60:57:28.43 | Mem:11.00M, Peak:11.00M | Scene | Updating Images | Loading r12_wood_nor_gl.001
Fra:1 Mem:1117.57M (Peak 1715.14M) | Time:60:57:28.43 | Mem:12.00M, Peak:12.00M | Scene | Updating Images | Loading r12_wood_rough.001
Fra:1 Mem:1117.31M (Peak 1715.14M) | Time:60:57:28.43 | Mem:12.25M, Peak:12.25M | Scene | Updating Images | Loading pine_sapling_small_twig_rgba.png.002
Fra:1 Mem:1119.31M (Peak 1715.14M) | Time:60:57:28.43 | Mem:13.25M, Peak:13.25M | Scene | Updating Images | Loading r12_furniture_diff.001
Fra:1 Mem:1132.83M (Peak 1715.14M) | Time:60:57:28.43 | Mem:14.25M, Peak:14.25M | Scene | Updating Images | Loading r12_furniture_nor_gl.001
Fra:1 Mem:1132.57M (Peak 1715.14M) | Time:60:57:28.43 | Mem:14.50M, Peak:14.50M | Scene | Updating Images | Loading island_tree_02_leaves_rgba.png.002
Fra:1 Mem:1133.82M (Peak 1715.14M) | Time:60:57:28.43 | Mem:15.75M, Peak:15.75M | Scene | Updating Images | Loading island_tree_01_leaves_rgba.png.004
Fra:1 Mem:1134.07M (Peak 1715.14M) | Time:60:57:28.43 | Mem:16.75M, Peak:16.75M | Scene | Updating Images | Loading r12_furniture_rough.001
Fra:1 Mem:1135.33M (Peak 1715.14M) | Time:60:57:28.43 | Mem:17.75M, Peak:17.75M | Scene | Updating Images | Loading r12_latticewood_diff.001
Fra:1 Mem:1135.06M (Peak 1715.14M) | Time:60:57:28.43 | Mem:18.00M, Peak:18.00M | Scene | Updating Images | Loading fern_02_rgba.png.001
Fra:1 Mem:1139.09M (Peak 1715.14M) | Time:60:57:28.43 | Mem:18.00M, Peak:18.00M | Scene | Updating Images | Loading r12_latticewood_nor_gl.001
Fra:1 Mem:1137.06M (Peak 1715.14M) | Time:60:57:28.43 | Mem:20.00M, Peak:20.00M | Scene | Updating Images | Loading r12_latticewood_rough.001
Fra:1 Mem:1138.07M (Peak 1715.14M) | Time:60:57:28.43 | Mem:20.00M, Peak:20.00M | Scene | Updating Images | Loading r12_roof_diff.001
Fra:1 Mem:1138.06M (Peak 1715.14M) | Time:60:57:28.43 | Mem:21.00M, Peak:21.00M | Scene | Updating Images | Loading r12_roof_nor_gl.001
Fra:1 Mem:1142.08M (Peak 1715.14M) | Time:60:57:28.44 | Mem:22.00M, Peak:22.00M | Scene | Updating Images | Loading island_tree_01_leaves_rgba.png.003
Fra:1 Mem:1141.07M (Peak 1715.14M) | Time:60:57:28.44 | Mem:23.00M, Peak:23.00M | Scene | Updating Images | Loading r12_roof_rough.001
Fra:1 Mem:1142.32M (Peak 1715.14M) | Time:60:57:28.44 | Mem:24.00M, Peak:24.00M | Scene | Updating Images | Loading r12_tilelight_diff.001
Fra:1 Mem:1145.34M (Peak 1715.14M) | Time:60:57:28.44 | Mem:24.25M, Peak:24.25M | Scene | Updating Images | Loading pine_sapling_small_twig_rgba.png.001
Fra:1 Mem:1144.32M (Peak 1715.14M) | Time:60:57:28.44 | Mem:26.25M, Peak:26.25M | Scene | Updating Images | Loading r12_tilelight_nor_gl.001
Fra:1 Mem:1144.32M (Peak 1715.14M) | Time:60:57:28.44 | Mem:26.25M, Peak:26.25M | Scene | Updating Images | Loading r12_tilelight_rough.001
Fra:1 Mem:1143.56M (Peak 1715.14M) | Time:60:57:28.44 | Mem:27.25M, Peak:27.25M | Scene | Updating Images | Loading r12_tile_diff.001
Fra:1 Mem:1147.58M (Peak 1715.14M) | Time:60:57:28.44 | Mem:28.25M, Peak:28.25M | Scene | Updating Images | Loading r12_tile_nor_gl.001
Fra:1 Mem:1146.57M (Peak 1715.14M) | Time:60:57:28.44 | Mem:29.25M, Peak:29.25M | Scene | Updating Images | Loading r12_tile_rough.001
Fra:1 Mem:1140.57M (Peak 1715.14M) | Time:60:57:28.44 | Mem:29.50M, Peak:29.50M | Scene | Updating Images | Loading island_tree_02_leaves_rgba.png.001
Fra:1 Mem:1140.82M (Peak 1715.14M) | Time:60:57:28.44 | Mem:29.75M, Peak:29.75M | Scene | Updating Images | Loading island_tree_01_leaves_rgba.png.002
Fra:1 Mem:1141.07M (Peak 1715.14M) | Time:60:57:28.44 | Mem:30.75M, Peak:30.75M | Scene | Updating Images | Loading r12_tiledark_diff.001
Fra:1 Mem:1142.08M (Peak 1715.14M) | Time:60:57:28.44 | Mem:31.75M, Peak:31.75M | Scene | Updating Images | Loading r12_tiledark_nor_gl.001
Fra:1 Mem:1143.07M (Peak 1715.14M) | Time:60:57:28.44 | Mem:32.75M, Peak:32.75M | Scene | Updating Images | Loading r12_tiledark_rough.001
Fra:1 Mem:1143.07M (Peak 1715.14M) | Time:60:57:28.44 | Mem:33.00M, Peak:33.00M | Scene | Updating Images | Loading fern_02_rgba.png
Fra:1 Mem:1147.09M (Peak 1715.14M) | Time:60:57:28.44 | Mem:34.00M, Peak:34.00M | Scene | Updating Images | Loading rock_moss_set_01_diff
Fra:1 Mem:1150.08M (Peak 1715.14M) | Time:60:57:28.44 | Mem:35.00M, Peak:35.00M | Scene | Updating Images | Loading rock_moss_set_01_nor_gl
Fra:1 Mem:1153.07M (Peak 1715.14M) | Time:60:57:28.44 | Mem:36.00M, Peak:36.00M | Scene | Updating Images | Loading r12_paving_diff.001
Fra:1 Mem:1160.08M (Peak 1715.14M) | Time:60:57:28.45 | Mem:37.00M, Peak:37.00M | Scene | Updating Images | Loading r12_paving_nor_gl.001
Fra:1 Mem:1162.09M (Peak 1715.14M) | Time:60:57:28.45 | Mem:38.00M, Peak:38.00M | Scene | Updating Images | Loading island_tree_01_leaves_rgba.png.001
Fra:1 Mem:1161.32M (Peak 1715.14M) | Time:60:57:28.45 | Mem:39.00M, Peak:39.00M | Scene | Updating Images | Loading r12_paving_rough.001
Fra:1 Mem:1161.32M (Peak 1715.14M) | Time:60:57:28.45 | Mem:40.00M, Peak:40.00M | Scene | Updating Images | Loading island_tree_01_diff
Fra:1 Mem:1158.31M (Peak 1715.14M) | Time:60:57:28.45 | Mem:41.00M, Peak:41.00M | Scene | Updating Images | Loading island_tree_01_rough
Fra:1 Mem:1162.31M (Peak 1715.14M) | Time:60:57:28.45 | Mem:41.25M, Peak:41.25M | Scene | Updating Images | Loading pine_sapling_small_twig_rgba.png
Fra:1 Mem:1162.56M (Peak 1715.14M) | Time:60:57:28.45 | Mem:45.25M, Peak:45.25M | Scene | Updating Images | Loading island_tree_01_nor_gl
Fra:1 Mem:1166.56M (Peak 1715.14M) | Time:60:57:28.45 | Mem:46.25M, Peak:46.25M | Scene | Updating Images | Loading island_tree_01_leaves_diff-island_tree_01_leaves_alpha
Fra:1 Mem:1170.56M (Peak 1715.14M) | Time:60:57:28.45 | Mem:50.25M, Peak:50.25M | Scene | Updating Images | Loading island_tree_01_leaves_rough
Fra:1 Mem:1179.58M (Peak 1715.14M) | Time:60:57:28.45 | Mem:50.50M, Peak:50.50M | Scene | Updating Images | Loading island_tree_02_leaves_rgba.png
Fra:1 Mem:1179.58M (Peak 1715.14M) | Time:60:57:28.45 | Mem:54.50M, Peak:54.50M | Scene | Updating Images | Loading island_tree_01_leaves_nor_gl
Fra:1 Mem:1182.82M (Peak 1715.14M) | Time:60:57:28.45 | Mem:55.50M, Peak:55.50M | Scene | Updating Images | Loading island_tree_01_branches_diff
Fra:1 Mem:1182.81M (Peak 1715.14M) | Time:60:57:28.45 | Mem:59.50M, Peak:59.50M | Scene | Updating Images | Loading island_tree_01_branches_rough
Fra:1 Mem:1186.81M (Peak 1715.14M) | Time:60:57:28.45 | Mem:63.50M, Peak:63.50M | Scene | Updating Images | Loading island_tree_01_branches_nor_gl
Fra:1 Mem:1190.81M (Peak 1715.14M) | Time:60:57:28.45 | Mem:71.50M, Peak:71.50M | Scene | Updating Images | Loading island_tree_01_leaves_diff_1k.png.001
Fra:1 Mem:1190.81M (Peak 1715.14M) | Time:60:57:28.45 | Mem:71.75M, Peak:71.75M | Scene | Updating Images | Loading island_tree_01_leaves_rgba.png
Fra:1 Mem:1190.81M (Peak 1715.14M) | Time:60:57:28.45 | Mem:75.75M, Peak:75.75M | Scene | Updating Images | Loading island_tree_01_leaves_alpha_1k.png.001
Fra:1 Mem:1190.81M (Peak 1715.14M) | Time:60:57:28.45 | Mem:79.75M, Peak:79.75M | Scene | Updating Images | Loading island_tree_02_diff
Fra:1 Mem:1198.82M (Peak 1715.14M) | Time:60:57:28.45 | Mem:83.75M, Peak:83.75M | Scene | Updating Images | Loading island_tree_02_rough
Fra:1 Mem:1202.82M (Peak 1715.14M) | Time:60:57:28.45 | Mem:87.75M, Peak:87.75M | Scene | Updating Images | Loading island_tree_02_nor_gl
Fra:1 Mem:1203.06M (Peak 1715.14M) | Time:60:57:28.45 | Mem:91.75M, Peak:91.75M | Scene | Updating Images | Loading island_tree_02_leaves_diff-island_tree_02_leaves_alpha
Fra:1 Mem:1209.07M (Peak 1715.14M) | Time:60:57:28.45 | Mem:95.75M, Peak:95.75M | Scene | Updating Images | Loading island_tree_02_leaves_rough
Fra:1 Mem:1213.07M (Peak 1715.14M) | Time:60:57:28.45 | Mem:99.75M, Peak:99.75M | Scene | Updating Images | Loading island_tree_02_leaves_nor_gl
Fra:1 Mem:1217.32M (Peak 1715.14M) | Time:60:57:28.46 | Mem:100.75M, Peak:100.75M | Scene | Updating Images | Loading island_tree_02_leaves_diff_1k.png.001
Fra:1 Mem:1217.06M (Peak 1715.14M) | Time:60:57:28.46 | Mem:101.00M, Peak:101.00M | Scene | Updating Images | Loading fern_02_alpha_1k.png.001
Fra:1 Mem:1217.06M (Peak 1715.14M) | Time:60:57:28.46 | Mem:109.00M, Peak:109.00M | Scene | Updating Images | Loading island_tree_02_leaves_alpha_1k.png.001
Fra:1 Mem:1217.06M (Peak 1715.14M) | Time:60:57:28.46 | Mem:109.00M, Peak:109.00M | Scene | Updating Images | Loading island_tree_02_branches_diff
Fra:1 Mem:1237.06M (Peak 1715.14M) | Time:60:57:28.46 | Mem:110.00M, Peak:110.00M | Scene | Updating Images | Loading island_tree_02_branches_rough
Fra:1 Mem:1241.06M (Peak 1715.14M) | Time:60:57:28.46 | Mem:114.00M, Peak:114.00M | Scene | Updating Images | Loading island_tree_02_branches_nor_gl
Fra:1 Mem:1245.06M (Peak 1715.14M) | Time:60:57:28.46 | Mem:118.00M, Peak:118.00M | Scene | Updating Images | Loading pine_sapling_small_bark_diff
Fra:1 Mem:1255.08M (Peak 1715.14M) | Time:60:57:28.46 | Mem:122.00M, Peak:122.00M | Scene | Updating Images | Loading pine_sapling_small_bark_rough
Fra:1 Mem:1255.07M (Peak 1715.14M) | Time:60:57:28.46 | Mem:126.00M, Peak:126.00M | Scene | Updating Images | Loading pine_sapling_small_bark_nor_gl
Fra:1 Mem:1259.07M (Peak 1715.14M) | Time:60:57:28.46 | Mem:130.00M, Peak:130.00M | Scene | Updating Images | Loading pine_sapling_small_twig_diff
Fra:1 Mem:1264.08M (Peak 1715.14M) | Time:60:57:28.46 | Mem:134.00M, Peak:134.00M | Scene | Updating Images | Loading pine_sapling_small_twig_rough
Fra:1 Mem:1267.06M (Peak 1715.14M) | Time:60:57:28.46 | Mem:135.00M, Peak:135.00M | Scene | Updating Images | Loading pine_sapling_small_twig_nor_gl
Fra:1 Mem:1271.06M (Peak 1715.14M) | Time:60:57:28.46 | Mem:143.00M, Peak:143.00M | Scene | Updating Images | Loading pine_sapling_small_twig_diff_1k.png.001
Fra:1 Mem:1271.06M (Peak 1715.14M) | Time:60:57:28.46 | Mem:143.00M, Peak:143.00M | Scene | Updating Images | Loading pine_sapling_small_twig_alpha_1k.png.001
Fra:1 Mem:1271.06M (Peak 1715.14M) | Time:60:57:28.46 | Mem:143.00M, Peak:143.00M | Scene | Updating Images | Loading island_tree_01_leaves_diff_1k.png.002
Fra:1 Mem:1275.07M (Peak 1715.14M) | Time:60:57:28.46 | Mem:147.00M, Peak:147.00M | Scene | Updating Images | Loading island_tree_01_leaves_alpha_1k.png.002
Fra:1 Mem:1275.07M (Peak 1715.14M) | Time:60:57:28.46 | Mem:151.00M, Peak:151.00M | Scene | Updating Images | Loading island_tree_02_leaves_diff_1k.png.002
Fra:1 Mem:1271.06M (Peak 1715.14M) | Time:60:57:28.46 | Mem:155.00M, Peak:155.00M | Scene | Updating Images | Loading island_tree_02_leaves_alpha_1k.png.002
Fra:1 Mem:1294.09M (Peak 1715.14M) | Time:60:57:28.47 | Mem:157.00M, Peak:157.00M | Scene | Updating Images | Loading pine_sapling_small_twig_diff_1k.png.002
Fra:1 Mem:1293.08M (Peak 1715.14M) | Time:60:57:28.47 | Mem:157.00M, Peak:157.00M | Scene | Updating Images | Loading pine_sapling_small_twig_alpha_1k.png.002
Fra:1 Mem:1293.07M (Peak 1715.14M) | Time:60:57:28.47 | Mem:159.00M, Peak:159.00M | Scene | Updating Images | Loading island_tree_01_leaves_diff_1k.png.003
Fra:1 Mem:1293.07M (Peak 1715.14M) | Time:60:57:28.47 | Mem:160.00M, Peak:160.00M | Scene | Updating Images | Loading island_tree_01_leaves_alpha_1k.png.003
Fra:1 Mem:1293.07M (Peak 1715.14M) | Time:60:57:28.47 | Mem:160.00M, Peak:160.00M | Scene | Updating Images | Loading island_tree_02_leaves_diff_1k.png.003
Fra:1 Mem:1293.07M (Peak 1715.14M) | Time:60:57:28.47 | Mem:161.00M, Peak:161.00M | Scene | Updating Images | Loading island_tree_02_leaves_alpha_1k.png.003
Fra:1 Mem:1293.07M (Peak 1715.14M) | Time:60:57:28.47 | Mem:165.00M, Peak:165.00M | Scene | Updating Images | Loading pine_sapling_small_twig_diff_1k.png.003
Fra:1 Mem:1285.09M (Peak 1715.14M) | Time:60:57:28.48 | Mem:166.00M, Peak:166.00M | Scene | Updating Images | Loading pine_sapling_small_twig_alpha_1k.png.003
Fra:1 Mem:1286.10M (Peak 1715.14M) | Time:60:57:28.48 | Mem:168.00M, Peak:168.00M | Scene | Updating Images | Loading island_tree_01_leaves_diff_1k.png.004
Fra:1 Mem:1287.10M (Peak 1715.14M) | Time:60:57:28.48 | Mem:169.00M, Peak:169.00M | Scene | Updating Images | Loading island_tree_01_leaves_alpha_1k.png.004
Fra:1 Mem:1284.07M (Peak 1715.14M) | Time:60:57:28.48 | Mem:170.00M, Peak:170.00M | Scene | Updating Images | Loading island_tree_02_leaves_diff_1k.png.004
Fra:1 Mem:1284.07M (Peak 1715.14M) | Time:60:57:28.48 | Mem:172.00M, Peak:172.00M | Scene | Updating Images | Loading island_tree_02_leaves_alpha_1k.png.004
Fra:1 Mem:1284.07M (Peak 1715.14M) | Time:60:57:28.48 | Mem:172.00M, Peak:172.00M | Scene | Updating Images | Loading pine_sapling_small_twig_diff_1k.png.004
Fra:1 Mem:1284.07M (Peak 1715.14M) | Time:60:57:28.48 | Mem:173.00M, Peak:173.00M | Scene | Updating Images | Loading pine_sapling_small_twig_alpha_1k.png.004
Fra:1 Mem:1285.06M (Peak 1715.14M) | Time:60:57:28.48 | Mem:189.00M, Peak:189.00M | Scene | Updating Images | Loading fern_02_alpha_1k.png
Fra:1 Mem:1285.06M (Peak 1715.14M) | Time:60:57:28.48 | Mem:190.00M, Peak:190.00M | Scene | Updating Images | Loading island_tree_01_leaves_diff_1k.png.005
Fra:1 Mem:1308.07M (Peak 1715.14M) | Time:60:57:28.48 | Mem:192.00M, Peak:192.00M | Scene | Updating Images | Loading island_tree_01_leaves_alpha_1k.png.005
Fra:1 Mem:1308.08M (Peak 1715.14M) | Time:60:57:28.48 | Mem:192.00M, Peak:192.00M | Scene | Updating Images | Loading island_tree_02_leaves_diff_1k.png.005
Fra:1 Mem:1308.06M (Peak 1715.14M) | Time:60:57:28.48 | Mem:194.00M, Peak:194.00M | Scene | Updating Images | Loading island_tree_02_leaves_alpha_1k.png.005
Fra:1 Mem:1308.06M (Peak 1715.14M) | Time:60:57:28.48 | Mem:196.00M, Peak:196.00M | Scene | Updating Images | Loading pine_sapling_small_twig_diff_1k.png.005
Fra:1 Mem:1308.06M (Peak 1715.14M) | Time:60:57:28.48 | Mem:196.00M, Peak:196.00M | Scene | Updating Images | Loading pine_sapling_small_twig_alpha_1k.png.005
Fra:1 Mem:1308.06M (Peak 1715.14M) | Time:60:57:28.48 | Mem:196.00M, Peak:196.00M | Scene | Updating Images | Loading island_tree_01_leaves_diff_1k.png.006
Fra:1 Mem:1308.06M (Peak 1715.14M) | Time:60:57:28.48 | Mem:196.00M, Peak:196.00M | Scene | Updating Images | Loading island_tree_01_leaves_alpha_1k.png.006
Fra:1 Mem:1315.07M (Peak 1715.14M) | Time:60:57:28.49 | Mem:199.00M, Peak:199.00M | Scene | Updating Images | Loading island_tree_02_leaves_diff_1k.png.006
Fra:1 Mem:1316.09M (Peak 1715.14M) | Time:60:57:28.49 | Mem:200.00M, Peak:200.00M | Scene | Updating Images | Loading pine_sapling_small_twig_diff_1k.png.006
Fra:1 Mem:1316.09M (Peak 1715.14M) | Time:60:57:28.49 | Mem:200.00M, Peak:200.00M | Scene | Updating Images | Loading pine_sapling_small_twig_alpha_1k.png.006
Fra:1 Mem:1316.09M (Peak 1715.14M) | Time:60:57:28.49 | Mem:200.00M, Peak:200.00M | Scene | Updating Images | Loading island_tree_01_leaves_diff_1k.png.007
Fra:1 Mem:1331.07M (Peak 1715.14M) | Time:60:57:28.49 | Mem:201.00M, Peak:201.00M | Scene | Updating Images | Loading island_tree_01_leaves_alpha_1k.png.007
Fra:1 Mem:1331.07M (Peak 1715.14M) | Time:60:57:28.49 | Mem:202.00M, Peak:202.00M | Scene | Updating Images | Loading island_tree_02_leaves_diff_1k.png.007
Fra:1 Mem:1324.09M (Peak 1715.14M) | Time:60:57:28.50 | Mem:203.00M, Peak:203.00M | Scene | Updating Images | Loading island_tree_02_leaves_alpha_1k.png.007
Fra:1 Mem:1322.07M (Peak 1715.14M) | Time:60:57:28.50 | Mem:205.00M, Peak:205.00M | Scene | Updating Images | Loading pine_sapling_small_twig_diff_1k.png.007
Fra:1 Mem:1322.07M (Peak 1715.14M) | Time:60:57:28.50 | Mem:205.00M, Peak:205.00M | Scene | Updating Images | Loading pine_sapling_small_twig_alpha_1k.png.007
Fra:1 Mem:1322.08M (Peak 1715.14M) | Time:60:57:28.50 | Mem:205.00M, Peak:205.00M | Scene | Updating Images | Loading island_tree_01_leaves_diff_1k.png.008
Fra:1 Mem:1323.07M (Peak 1715.14M) | Time:60:57:28.50 | Mem:207.00M, Peak:207.00M | Scene | Updating Images | Loading island_tree_01_leaves_alpha_1k.png.008
Fra:1 Mem:1323.07M (Peak 1715.14M) | Time:60:57:28.50 | Mem:208.00M, Peak:208.00M | Scene | Updating Images | Loading island_tree_02_leaves_diff_1k.png.008
Fra:1 Mem:1323.07M (Peak 1715.14M) | Time:60:57:28.50 | Mem:225.00M, Peak:225.00M | Scene | Updating Images | Loading fern_02_diff_1k.png.005
Fra:1 Mem:1322.06M (Peak 1715.14M) | Time:60:57:28.50 | Mem:226.00M, Peak:226.00M | Scene | Updating Images | Loading island_tree_02_leaves_alpha_1k.png.008
Fra:1 Mem:1323.06M (Peak 1715.14M) | Time:60:57:28.50 | Mem:227.00M, Peak:227.00M | Scene | Updating Images | Loading pine_sapling_small_twig_diff_1k.png.008
Fra:1 Mem:1334.07M (Peak 1715.14M) | Time:60:57:28.50 | Mem:229.00M, Peak:229.00M | Scene | Updating Images | Loading pine_sapling_small_twig_alpha_1k.png.008
Fra:1 Mem:1334.07M (Peak 1715.14M) | Time:60:57:28.50 | Mem:230.00M, Peak:230.00M | Scene | Updating Images | Loading fern_02_diff_1k.png.002
Fra:1 Mem:1334.07M (Peak 1715.14M) | Time:60:57:28.51 | Mem:231.00M, Peak:231.00M | Scene | Updating Images | Loading fern_02_rough
Fra:1 Mem:1339.07M (Peak 1715.14M) | Time:60:57:28.51 | Mem:233.00M, Peak:233.00M | Scene | Updating Images | Loading fern_02_nor_gl
Fra:1 Mem:1343.07M (Peak 1715.14M) | Time:60:57:28.51 | Mem:233.00M, Peak:233.00M | Scene | Updating Images | Loading island_tree_01_leaves_diff_1k.png.009
Fra:1 Mem:1343.07M (Peak 1715.14M) | Time:60:57:28.51 | Mem:233.00M, Peak:233.00M | Scene | Updating Images | Loading island_tree_01_leaves_alpha_1k.png.009
Fra:1 Mem:1348.08M (Peak 1715.14M) | Time:60:57:28.51 | Mem:234.00M, Peak:234.00M | Scene | Updating Images | Loading island_tree_02_leaves_diff_1k.png.009
Fra:1 Mem:1347.07M (Peak 1715.14M) | Time:60:57:28.51 | Mem:235.00M, Peak:235.00M | Scene | Updating Images | Loading island_tree_02_leaves_alpha_1k.png.009
Fra:1 Mem:1356.09M (Peak 1715.14M) | Time:60:57:28.51 | Mem:236.00M, Peak:236.00M | Scene | Updating Images | Loading pine_sapling_small_twig_diff_1k.png.009
Fra:1 Mem:1351.07M (Peak 1715.14M) | Time:60:57:28.51 | Mem:237.00M, Peak:237.00M | Scene | Updating Images | Loading pine_sapling_small_twig_alpha_1k.png.009
Fra:1 Mem:1352.08M (Peak 1715.14M) | Time:60:57:28.51 | Mem:237.00M, Peak:237.00M | Scene | Updating Images | Loading fern_02_diff_1k.png.003
Fra:1 Mem:1351.07M (Peak 1715.14M) | Time:60:57:28.51 | Mem:242.00M, Peak:242.00M | Scene | Updating Images | Loading island_tree_01_leaves_alpha_1k.png.012
Fra:1 Mem:1351.07M (Peak 1715.14M) | Time:60:57:28.51 | Mem:242.00M, Peak:242.00M | Scene | Updating Images | Loading island_tree_01_leaves_diff_1k.png.010
Fra:1 Mem:1351.07M (Peak 1715.14M) | Time:60:57:28.51 | Mem:242.00M, Peak:242.00M | Scene | Updating Images | Loading island_tree_01_leaves_alpha_1k.png.010
Fra:1 Mem:1353.07M (Peak 1715.14M) | Time:60:57:28.51 | Mem:246.00M, Peak:246.00M | Scene | Updating Images | Loading island_tree_02_leaves_diff_1k.png.010
Fra:1 Mem:1361.08M (Peak 1715.14M) | Time:60:57:28.51 | Mem:247.00M, Peak:247.00M | Scene | Updating Images | Loading island_tree_02_leaves_alpha_1k.png.010
Fra:1 Mem:1364.08M (Peak 1715.14M) | Time:60:57:28.51 | Mem:253.00M, Peak:253.00M | Scene | Updating Images | Loading pine_sapling_small_twig_diff_1k.png.010
Fra:1 Mem:1362.09M (Peak 1715.14M) | Time:60:57:28.52 | Mem:257.00M, Peak:257.00M | Scene | Updating Images | Loading pine_sapling_small_twig_alpha_1k.png.010
Fra:1 Mem:1362.08M (Peak 1715.14M) | Time:60:57:28.52 | Mem:258.00M, Peak:258.00M | Scene | Updating Images | Loading fern_02_diff_1k.png.004
Fra:1 Mem:1361.07M (Peak 1715.14M) | Time:60:57:28.52 | Mem:259.00M, Peak:259.00M | Scene | Updating Images | Loading island_tree_01_leaves_diff_1k.png.012
Fra:1 Mem:1363.07M (Peak 1715.14M) | Time:60:57:28.52 | Mem:262.00M, Peak:262.00M | Scene | Updating Images | Loading island_tree_01_leaves_diff_1k.png.011
Fra:1 Mem:1363.07M (Peak 1715.14M) | Time:60:57:28.52 | Mem:262.00M, Peak:262.00M | Scene | Updating Images | Loading island_tree_01_leaves_alpha_1k.png.011
Fra:1 Mem:1363.07M (Peak 1715.14M) | Time:60:57:28.52 | Mem:262.00M, Peak:262.00M | Scene | Updating Images | Loading island_tree_02_leaves_diff_1k.png.011
Fra:1 Mem:1365.07M (Peak 1715.14M) | Time:60:57:28.52 | Mem:262.00M, Peak:262.00M | Scene | Updating Images | Loading island_tree_02_leaves_alpha_1k.png.011
Fra:1 Mem:1369.07M (Peak 1715.14M) | Time:60:57:28.52 | Mem:263.00M, Peak:263.00M | Scene | Updating Images | Loading pine_sapling_small_twig_diff_1k.png.011
Fra:1 Mem:1369.07M (Peak 1715.14M) | Time:60:57:28.52 | Mem:264.00M, Peak:264.00M | Scene | Updating Images | Loading pine_sapling_small_twig_alpha_1k.png.011
DETAIL CONTACT daguanyuan_gate darkwood 5280 0.32
Fra:1 Mem:1087.06M (Peak 1715.14M) | Time:60:57:28.96 | Mem:0.00M, Peak:0.00M | Scene | Synchronizing object | daguanyuan_gate_stone.001
Fra:1 Mem:1087.06M (Peak 1715.14M) | Time:60:57:28.96 | Mem:0.00M, Peak:0.00M | Scene | Synchronizing object | daguanyuan_gate_furniture
Fra:1 Mem:1087.21M (Peak 1715.14M) | Time:60:57:28.96 | Mem:0.00M, Peak:0.00M | Scene | Synchronizing object | daguanyuan_gate_latticewood.001
Fra:1 Mem:1087.57M (Peak 1715.14M) | Time:60:57:28.96 | Mem:0.00M, Peak:0.00M | Scene | Synchronizing object | daguanyuan_gate_screen
Fra:1 Mem:1087.58M (Peak 1715.14M) | Time:60:57:28.96 | Mem:0.00M, Peak:0.00M | Scene | Synchronizing object | daguanyuan_gate_paving.001
Fra:1 Mem:1087.68M (Peak 1715.14M) | Time:60:57:28.96 | Mem:0.00M, Peak:0.00M | Scene | Synchronizing object | daguanyuan_gate_roof.001
Fra:1 Mem:1088.13M (Peak 1715.14M) | Time:60:57:28.96 | Mem:0.00M, Peak:0.00M | Scene | Synchronizing object | daguanyuan_gate_tilelight.001
Fra:1 Mem:1088.18M (Peak 1715.14M) | Time:60:57:28.96 | Mem:0.00M, Peak:0.00M | Scene | Synchronizing object | daguanyuan_gate_limestone.001
Fra:1 Mem:1088.34M (Peak 1715.14M) | Time:60:57:28.96 | Mem:0.00M, Peak:0.00M | Scene | Synchronizing object | daguanyuan_gate_tile.001
Fra:1 Mem:1088.67M (Peak 1715.14M) | Time:60:57:28.96 | Mem:0.00M, Peak:0.00M | Scene | Synchronizing object | daguanyuan_gate_tiledark.001
Fra:1 Mem:1095.27M (Peak 1715.14M) | Time:60:57:28.96 | Mem:0.00M, Peak:0.00M | Scene | Initializing
Fra:1 Mem:1095.26M (Peak 1715.14M) | Time:60:57:28.96 | Mem:0.00M, Peak:0.00M | Scene | Updating Images | Loading fern_02_rgba.png.003
Fra:1 Mem:1095.26M (Peak 1715.14M) | Time:60:57:28.96 | Mem:0.00M, Peak:0.00M | Scene | Updating Images | Loading forest_grove.hdr
Fra:1 Mem:1096.26M (Peak 1715.14M) | Time:60:57:28.96 | Mem:0.00M, Peak:0.00M | Scene | Updating Images | Loading r12_stone_diff.001
Fra:1 Mem:1096.26M (Peak 1715.14M) | Time:60:57:28.96 | Mem:0.00M, Peak:0.00M | Scene | Updating Images | Loading r12_stone_nor_gl.001
Fra:1 Mem:1096.26M (Peak 1715.14M) | Time:60:57:28.96 | Mem:0.00M, Peak:0.00M | Scene | Updating Images | Loading r12_cutstone_nor_gl.001
Fra:1 Mem:1096.26M (Peak 1715.14M) | Time:60:57:28.96 | Mem:0.00M, Peak:0.00M | Scene | Updating Images | Loading r12_cutstone_rough.001
Fra:1 Mem:1096.29M (Peak 1715.14M) | Time:60:57:28.96 | Mem:1.00M, Peak:1.00M | Scene | Updating Images | Loading island_tree_01_leaves_rgba.png.007
Fra:1 Mem:1096.54M (Peak 1715.14M) | Time:60:57:28.96 | Mem:1.25M, Peak:1.25M | Scene | Updating Images | Loading pine_sapling_small_twig_rgba.png.003
Fra:1 Mem:1096.79M (Peak 1715.14M) | Time:60:57:28.96 | Mem:1.50M, Peak:1.50M | Scene | Updating Images | Loading island_tree_02_leaves_rgba.png.003
Fra:1 Mem:1103.05M (Peak 1715.14M) | Time:60:57:28.96 | Mem:1.75M, Peak:1.75M | Scene | Updating Images | Loading island_tree_01_leaves_rgba.png.006
Fra:1 Mem:1103.30M (Peak 1715.14M) | Time:60:57:28.96 | Mem:2.00M, Peak:2.00M | Scene | Updating Images | Loading fern_02_rgba.png.002
Fra:1 Mem:1112.30M (Peak 1715.14M) | Time:60:57:28.96 | Mem:4.00M, Peak:4.00M | Scene | Updating Images | Loading r12_darkwood_diff.001
Fra:1 Mem:1112.30M (Peak 1715.14M) | Time:60:57:28.96 | Mem:4.00M, Peak:4.00M | Scene | Updating Images | Loading r12_darkwood_nor_gl.001
Fra:1 Mem:1115.31M (Peak 1715.14M) | Time:60:57:28.97 | Mem:5.00M, Peak:5.00M | Scene | Updating Images | Loading r12_darkwood_rough.001
Fra:1 Mem:1114.30M (Peak 1715.14M) | Time:60:57:28.97 | Mem:6.00M, Peak:6.00M | Scene | Updating Images | Loading r12_floorwood_diff.001
Fra:1 Mem:1117.31M (Peak 1715.14M) | Time:60:57:28.97 | Mem:7.00M, Peak:7.00M | Scene | Updating Images | Loading island_tree_01_leaves_rgba.png.005
Fra:1 Mem:1117.56M (Peak 1715.14M) | Time:60:57:28.97 | Mem:8.00M, Peak:8.00M | Scene | Updating Images | Loading r12_floorwood_nor_gl.001
Fra:1 Mem:1127.55M (Peak 1715.14M) | Time:60:57:28.97 | Mem:9.00M, Peak:9.00M | Scene | Updating Images | Loading r12_floorwood_rough.001
Fra:1 Mem:1128.55M (Peak 1715.14M) | Time:60:57:28.97 | Mem:9.25M, Peak:9.25M | Scene | Updating Images | Loading pine_sapling_small_twig_rgba.png.002
Fra:1 Mem:1128.55M (Peak 1715.14M) | Time:60:57:28.97 | Mem:10.25M, Peak:10.25M | Scene | Updating Images | Loading r12_wood_diff.001
Fra:1 Mem:1130.05M (Peak 1715.14M) | Time:60:57:28.97 | Mem:14.25M, Peak:14.25M | Scene | Updating Images | Loading r12_wood_nor_gl.001
Fra:1 Mem:1129.79M (Peak 1715.14M) | Time:60:57:28.97 | Mem:14.50M, Peak:14.50M | Scene | Updating Images | Loading island_tree_02_leaves_rgba.png.002
Fra:1 Mem:1129.79M (Peak 1715.14M) | Time:60:57:28.97 | Mem:14.50M, Peak:14.50M | Scene | Updating Images | Loading r12_wood_rough.001
Fra:1 Mem:1130.79M (Peak 1715.14M) | Time:60:57:28.97 | Mem:14.50M, Peak:14.50M | Scene | Updating Images | Loading r12_furniture_diff.001
Fra:1 Mem:1131.04M (Peak 1715.14M) | Time:60:57:28.97 | Mem:15.50M, Peak:15.50M | Scene | Updating Images | Loading r12_furniture_nor_gl.001
Fra:1 Mem:1131.04M (Peak 1715.14M) | Time:60:57:28.97 | Mem:15.50M, Peak:15.50M | Scene | Updating Images | Loading r12_furniture_rough.001
Fra:1 Mem:1132.05M (Peak 1715.14M) | Time:60:57:28.97 | Mem:15.50M, Peak:15.50M | Scene | Updating Images | Loading r12_latticewood_diff.001
Fra:1 Mem:1136.05M (Peak 1715.14M) | Time:60:57:28.97 | Mem:15.75M, Peak:15.75M | Scene | Updating Images | Loading island_tree_01_leaves_rgba.png.004
Fra:1 Mem:1136.30M (Peak 1715.14M) | Time:60:57:28.97 | Mem:16.00M, Peak:16.00M | Scene | Updating Images | Loading fern_02_rgba.png.001
Fra:1 Mem:1137.30M (Peak 1715.14M) | Time:60:57:28.97 | Mem:17.00M, Peak:17.00M | Scene | Updating Images | Loading r12_latticewood_nor_gl.001
Fra:1 Mem:1139.31M (Peak 1715.14M) | Time:60:57:28.97 | Mem:18.00M, Peak:18.00M | Scene | Updating Images | Loading r12_latticewood_rough.001
Fra:1 Mem:1139.30M (Peak 1715.14M) | Time:60:57:28.98 | Mem:19.00M, Peak:19.00M | Scene | Updating Images | Loading r12_roof_diff.001
Fra:1 Mem:1139.30M (Peak 1715.14M) | Time:60:57:28.98 | Mem:20.00M, Peak:20.00M | Scene | Updating Images | Loading r12_roof_nor_gl.001
Fra:1 Mem:1143.32M (Peak 1715.14M) | Time:60:57:28.98 | Mem:22.00M, Peak:22.00M | Scene | Updating Images | Loading r12_roof_rough.001
Fra:1 Mem:1142.31M (Peak 1715.14M) | Time:60:57:28.98 | Mem:23.00M, Peak:23.00M | Scene | Updating Images | Loading r12_tilelight_diff.001
Fra:1 Mem:1143.31M (Peak 1715.14M) | Time:60:57:28.98 | Mem:24.00M, Peak:24.00M | Scene | Updating Images | Loading island_tree_01_leaves_rgba.png.003
Fra:1 Mem:1143.30M (Peak 1715.14M) | Time:60:57:28.98 | Mem:25.00M, Peak:25.00M | Scene | Updating Images | Loading r12_tilelight_nor_gl.001
Fra:1 Mem:1144.56M (Peak 1715.14M) | Time:60:57:28.98 | Mem:25.25M, Peak:25.25M | Scene | Updating Images | Loading pine_sapling_small_twig_rgba.png.001
Fra:1 Mem:1144.55M (Peak 1715.14M) | Time:60:57:28.98 | Mem:26.25M, Peak:26.25M | Scene | Updating Images | Loading r12_tilelight_rough.001
Fra:1 Mem:1145.80M (Peak 1715.14M) | Time:60:57:28.98 | Mem:27.25M, Peak:27.25M | Scene | Updating Images | Loading r12_tile_diff.001
Fra:1 Mem:1147.81M (Peak 1715.14M) | Time:60:57:28.98 | Mem:28.25M, Peak:28.25M | Scene | Updating Images | Loading r12_tile_nor_gl.001
Fra:1 Mem:1148.06M (Peak 1715.14M) | Time:60:57:28.98 | Mem:29.25M, Peak:29.25M | Scene | Updating Images | Loading r12_tile_rough.001
Fra:1 Mem:1147.80M (Peak 1715.14M) | Time:60:57:28.98 | Mem:29.50M, Peak:29.50M | Scene | Updating Images | Loading island_tree_02_leaves_rgba.png.001
Fra:1 Mem:1141.06M (Peak 1715.14M) | Time:60:57:28.98 | Mem:30.50M, Peak:30.50M | Scene | Updating Images | Loading r12_tiledark_diff.001
Fra:1 Mem:1142.05M (Peak 1715.14M) | Time:60:57:28.98 | Mem:31.50M, Peak:31.50M | Scene | Updating Images | Loading r12_tiledark_nor_gl.001
Fra:1 Mem:1143.05M (Peak 1715.14M) | Time:60:57:28.98 | Mem:32.50M, Peak:32.50M | Scene | Updating Images | Loading r12_tiledark_rough.001
Fra:1 Mem:1144.05M (Peak 1715.14M) | Time:60:57:28.98 | Mem:32.75M, Peak:32.75M | Scene | Updating Images | Loading island_tree_01_leaves_rgba.png.002
Fra:1 Mem:1145.31M (Peak 1715.14M) | Time:60:57:28.98 | Mem:33.75M, Peak:33.75M | Scene | Updating Images | Loading rock_moss_set_01_diff
Fra:1 Mem:1149.31M (Peak 1715.14M) | Time:60:57:28.98 | Mem:34.00M, Peak:34.00M | Scene | Updating Images | Loading fern_02_rgba.png
Fra:1 Mem:1149.30M (Peak 1715.14M) | Time:60:57:28.98 | Mem:35.00M, Peak:35.00M | Scene | Updating Images | Loading rock_moss_set_01_nor_gl
Fra:1 Mem:1154.31M (Peak 1715.14M) | Time:60:57:28.98 | Mem:36.00M, Peak:36.00M | Scene | Updating Images | Loading r12_paving_diff.001
Fra:1 Mem:1153.30M (Peak 1715.14M) | Time:60:57:28.98 | Mem:37.00M, Peak:37.00M | Scene | Updating Images | Loading r12_paving_nor_gl.001
Fra:1 Mem:1161.31M (Peak 1715.14M) | Time:60:57:28.99 | Mem:38.00M, Peak:38.00M | Scene | Updating Images | Loading r12_paving_rough.001
Fra:1 Mem:1155.31M (Peak 1715.14M) | Time:60:57:28.99 | Mem:39.00M, Peak:39.00M | Scene | Updating Images | Loading island_tree_01_diff
Fra:1 Mem:1159.30M (Peak 1715.14M) | Time:60:57:28.99 | Mem:40.00M, Peak:40.00M | Scene | Updating Images | Loading island_tree_01_rough
Fra:1 Mem:1162.29M (Peak 1715.14M) | Time:60:57:28.99 | Mem:41.00M, Peak:41.00M | Scene | Updating Images | Loading island_tree_01_leaves_rgba.png.001
Fra:1 Mem:1162.29M (Peak 1715.14M) | Time:60:57:28.99 | Mem:45.00M, Peak:45.00M | Scene | Updating Images | Loading island_tree_01_nor_gl
Fra:1 Mem:1166.29M (Peak 1715.14M) | Time:60:57:28.99 | Mem:49.00M, Peak:49.00M | Scene | Updating Images | Loading island_tree_01_leaves_diff-island_tree_01_leaves_alpha
Fra:1 Mem:1171.56M (Peak 1715.14M) | Time:60:57:28.99 | Mem:57.00M, Peak:57.00M | Scene | Updating Images | Loading island_tree_01_leaves_rough
Fra:1 Mem:1174.55M (Peak 1715.14M) | Time:60:57:28.99 | Mem:58.00M, Peak:58.00M | Scene | Updating Images | Loading island_tree_01_leaves_nor_gl
Fra:1 Mem:1179.55M (Peak 1715.14M) | Time:60:57:28.99 | Mem:62.00M, Peak:62.00M | Scene | Updating Images | Loading island_tree_01_branches_diff
Fra:1 Mem:1182.54M (Peak 1715.14M) | Time:60:57:28.99 | Mem:63.00M, Peak:63.00M | Scene | Updating Images | Loading island_tree_01_branches_rough
Fra:1 Mem:1190.55M (Peak 1715.14M) | Time:60:57:28.99 | Mem:63.25M, Peak:63.25M | Scene | Updating Images | Loading pine_sapling_small_twig_rgba.png
Fra:1 Mem:1190.55M (Peak 1715.14M) | Time:60:57:28.99 | Mem:67.25M, Peak:67.25M | Scene | Updating Images | Loading island_tree_01_branches_nor_gl
Fra:1 Mem:1198.81M (Peak 1715.14M) | Time:60:57:28.99 | Mem:71.25M, Peak:71.25M | Scene | Updating Images | Loading island_tree_01_leaves_diff_1k.png.001
Fra:1 Mem:1198.81M (Peak 1715.14M) | Time:60:57:28.99 | Mem:75.25M, Peak:75.25M | Scene | Updating Images | Loading island_tree_01_leaves_alpha_1k.png.001
Fra:1 Mem:1194.80M (Peak 1715.14M) | Time:60:57:28.99 | Mem:79.25M, Peak:79.25M | Scene | Updating Images | Loading island_tree_02_diff
Fra:1 Mem:1198.80M (Peak 1715.14M) | Time:60:57:28.99 | Mem:83.25M, Peak:83.25M | Scene | Updating Images | Loading island_tree_02_rough
Fra:1 Mem:1199.05M (Peak 1715.14M) | Time:60:57:28.99 | Mem:87.25M, Peak:87.25M | Scene | Updating Images | Loading island_tree_02_nor_gl
Fra:1 Mem:1202.79M (Peak 1715.14M) | Time:60:57:28.99 | Mem:87.50M, Peak:87.50M | Scene | Updating Images | Loading island_tree_02_leaves_rgba.png
Fra:1 Mem:1202.79M (Peak 1715.14M) | Time:60:57:28.99 | Mem:91.50M, Peak:91.50M | Scene | Updating Images | Loading island_tree_02_leaves_diff-island_tree_02_leaves_alpha
Fra:1 Mem:1207.04M (Peak 1715.14M) | Time:60:57:28.99 | Mem:95.50M, Peak:95.50M | Scene | Updating Images | Loading island_tree_02_leaves_rough
Fra:1 Mem:1211.04M (Peak 1715.14M) | Time:60:57:28.99 | Mem:99.50M, Peak:99.50M | Scene | Updating Images | Loading island_tree_02_leaves_nor_gl
Fra:1 Mem:1217.05M (Peak 1715.14M) | Time:60:57:28.99 | Mem:103.50M, Peak:103.50M | Scene | Updating Images | Loading island_tree_02_leaves_diff_1k.png.001
Fra:1 Mem:1217.05M (Peak 1715.14M) | Time:60:57:28.99 | Mem:107.50M, Peak:107.50M | Scene | Updating Images | Loading island_tree_02_leaves_alpha_1k.png.001
Fra:1 Mem:1217.05M (Peak 1715.14M) | Time:60:57:28.99 | Mem:111.50M, Peak:111.50M | Scene | Updating Images | Loading island_tree_02_branches_diff
Fra:1 Mem:1225.31M (Peak 1715.14M) | Time:60:57:29.00 | Mem:116.50M, Peak:116.50M | Scene | Updating Images | Loading island_tree_02_branches_rough
Fra:1 Mem:1229.05M (Peak 1715.14M) | Time:60:57:29.00 | Mem:116.75M, Peak:116.75M | Scene | Updating Images | Loading island_tree_01_leaves_rgba.png
Fra:1 Mem:1229.05M (Peak 1715.14M) | Time:60:57:29.00 | Mem:116.75M, Peak:116.75M | Scene | Updating Images | Loading island_tree_02_branches_nor_gl
Fra:1 Mem:1233.05M (Peak 1715.14M) | Time:60:57:29.00 | Mem:116.75M, Peak:116.75M | Scene | Updating Images | Loading pine_sapling_small_bark_diff
Fra:1 Mem:1233.04M (Peak 1715.14M) | Time:60:57:29.00 | Mem:120.75M, Peak:120.75M | Scene | Updating Images | Loading pine_sapling_small_bark_rough
Fra:1 Mem:1238.29M (Peak 1715.14M) | Time:60:57:29.00 | Mem:125.75M, Peak:125.75M | Scene | Updating Images | Loading pine_sapling_small_bark_nor_gl
Fra:1 Mem:1243.30M (Peak 1715.14M) | Time:60:57:29.00 | Mem:126.00M, Peak:126.00M | Scene | Updating Images | Loading fern_02_alpha_1k.png.001
Fra:1 Mem:1243.30M (Peak 1715.14M) | Time:60:57:29.00 | Mem:130.00M, Peak:130.00M | Scene | Updating Images | Loading pine_sapling_small_twig_diff
Fra:1 Mem:1263.30M (Peak 1715.14M) | Time:60:57:29.00 | Mem:134.00M, Peak:134.00M | Scene | Updating Images | Loading pine_sapling_small_twig_rough
Fra:1 Mem:1267.30M (Peak 1715.14M) | Time:60:57:29.00 | Mem:138.00M, Peak:138.00M | Scene | Updating Images | Loading pine_sapling_small_twig_nor_gl
Fra:1 Mem:1271.30M (Peak 1715.14M) | Time:60:57:29.00 | Mem:142.00M, Peak:142.00M | Scene | Updating Images | Loading pine_sapling_small_twig_diff_1k.png.001
Fra:1 Mem:1272.30M (Peak 1715.14M) | Time:60:57:29.00 | Mem:143.00M, Peak:143.00M | Scene | Updating Images | Loading pine_sapling_small_twig_alpha_1k.png.001
Fra:1 Mem:1272.30M (Peak 1715.14M) | Time:60:57:29.00 | Mem:147.00M, Peak:147.00M | Scene | Updating Images | Loading island_tree_01_leaves_diff_1k.png.002
Fra:1 Mem:1272.30M (Peak 1715.14M) | Time:60:57:29.00 | Mem:148.00M, Peak:148.00M | Scene | Updating Images | Loading island_tree_01_leaves_alpha_1k.png.002
Fra:1 Mem:1273.30M (Peak 1715.14M) | Time:60:57:29.00 | Mem:152.00M, Peak:152.00M | Scene | Updating Images | Loading island_tree_02_leaves_diff_1k.png.002
Fra:1 Mem:1273.30M (Peak 1715.14M) | Time:60:57:29.00 | Mem:153.00M, Peak:153.00M | Scene | Updating Images | Loading island_tree_02_leaves_alpha_1k.png.002
Fra:1 Mem:1274.30M (Peak 1715.14M) | Time:60:57:29.00 | Mem:154.00M, Peak:154.00M | Scene | Updating Images | Loading pine_sapling_small_twig_diff_1k.png.002
Fra:1 Mem:1278.30M (Peak 1715.14M) | Time:60:57:29.00 | Mem:159.00M, Peak:159.00M | Scene | Updating Images | Loading pine_sapling_small_twig_alpha_1k.png.002
Fra:1 Mem:1278.30M (Peak 1715.14M) | Time:60:57:29.00 | Mem:160.00M, Peak:160.00M | Scene | Updating Images | Loading island_tree_01_leaves_diff_1k.png.003
Fra:1 Mem:1278.30M (Peak 1715.14M) | Time:60:57:29.00 | Mem:160.00M, Peak:160.00M | Scene | Updating Images | Loading island_tree_01_leaves_alpha_1k.png.003
Fra:1 Mem:1278.30M (Peak 1715.14M) | Time:60:57:29.01 | Mem:161.00M, Peak:161.00M | Scene | Updating Images | Loading island_tree_02_leaves_diff_1k.png.003
Fra:1 Mem:1279.30M (Peak 1715.14M) | Time:60:57:29.01 | Mem:162.00M, Peak:162.00M | Scene | Updating Images | Loading island_tree_02_leaves_alpha_1k.png.003
Fra:1 Mem:1278.29M (Peak 1715.14M) | Time:60:57:29.01 | Mem:163.00M, Peak:163.00M | Scene | Updating Images | Loading pine_sapling_small_twig_diff_1k.png.003
Fra:1 Mem:1300.31M (Peak 1715.14M) | Time:60:57:29.01 | Mem:164.00M, Peak:164.00M | Scene | Updating Images | Loading pine_sapling_small_twig_alpha_1k.png.003
Fra:1 Mem:1300.31M (Peak 1715.14M) | Time:60:57:29.01 | Mem:165.00M, Peak:165.00M | Scene | Updating Images | Loading island_tree_01_leaves_diff_1k.png.004
Fra:1 Mem:1300.31M (Peak 1715.14M) | Time:60:57:29.01 | Mem:165.00M, Peak:165.00M | Scene | Updating Images | Loading island_tree_01_leaves_alpha_1k.png.004
Fra:1 Mem:1304.32M (Peak 1715.14M) | Time:60:57:29.01 | Mem:166.00M, Peak:166.00M | Scene | Updating Images | Loading island_tree_02_leaves_diff_1k.png.004
Fra:1 Mem:1304.32M (Peak 1715.14M) | Time:60:57:29.01 | Mem:167.00M, Peak:167.00M | Scene | Updating Images | Loading island_tree_02_leaves_alpha_1k.png.004
Fra:1 Mem:1300.30M (Peak 1715.14M) | Time:60:57:29.01 | Mem:171.00M, Peak:171.00M | Scene | Updating Images | Loading pine_sapling_small_twig_diff_1k.png.004
Fra:1 Mem:1301.30M (Peak 1715.14M) | Time:60:57:29.01 | Mem:172.00M, Peak:172.00M | Scene | Updating Images | Loading pine_sapling_small_twig_alpha_1k.png.004
Fra:1 Mem:1302.30M (Peak 1715.14M) | Time:60:57:29.01 | Mem:174.00M, Peak:174.00M | Scene | Updating Images | Loading island_tree_01_leaves_diff_1k.png.005
Fra:1 Mem:1303.30M (Peak 1715.14M) | Time:60:57:29.01 | Mem:175.00M, Peak:175.00M | Scene | Updating Images | Loading island_tree_01_leaves_alpha_1k.png.005
Fra:1 Mem:1303.30M (Peak 1715.14M) | Time:60:57:29.01 | Mem:176.00M, Peak:176.00M | Scene | Updating Images | Loading island_tree_02_leaves_diff_1k.png.005
Fra:1 Mem:1292.31M (Peak 1715.14M) | Time:60:57:29.02 | Mem:177.00M, Peak:177.00M | Scene | Updating Images | Loading island_tree_02_leaves_alpha_1k.png.005
Fra:1 Mem:1294.31M (Peak 1715.14M) | Time:60:57:29.02 | Mem:179.00M, Peak:179.00M | Scene | Updating Images | Loading pine_sapling_small_twig_diff_1k.png.005
Fra:1 Mem:1294.31M (Peak 1715.14M) | Time:60:57:29.02 | Mem:179.00M, Peak:179.00M | Scene | Updating Images | Loading pine_sapling_small_twig_alpha_1k.png.005
Fra:1 Mem:1294.30M (Peak 1715.14M) | Time:60:57:29.02 | Mem:180.00M, Peak:180.00M | Scene | Updating Images | Loading island_tree_01_leaves_diff_1k.png.006
Fra:1 Mem:1295.29M (Peak 1715.14M) | Time:60:57:29.02 | Mem:182.00M, Peak:182.00M | Scene | Updating Images | Loading island_tree_01_leaves_alpha_1k.png.006
Fra:1 Mem:1295.29M (Peak 1715.14M) | Time:60:57:29.02 | Mem:182.00M, Peak:182.00M | Scene | Updating Images | Loading island_tree_02_leaves_diff_1k.png.006
Fra:1 Mem:1295.29M (Peak 1715.14M) | Time:60:57:29.02 | Mem:182.00M, Peak:182.00M | Scene | Updating Images | Loading island_tree_02_leaves_alpha_1k.png.006
Fra:1 Mem:1295.29M (Peak 1715.14M) | Time:60:57:29.02 | Mem:183.00M, Peak:183.00M | Scene | Updating Images | Loading pine_sapling_small_twig_diff_1k.png.006
Fra:1 Mem:1295.29M (Peak 1715.14M) | Time:60:57:29.02 | Mem:199.00M, Peak:199.00M | Scene | Updating Images | Loading fern_02_alpha_1k.png
Fra:1 Mem:1315.31M (Peak 1715.14M) | Time:60:57:29.02 | Mem:200.00M, Peak:200.00M | Scene | Updating Images | Loading pine_sapling_small_twig_alpha_1k.png.006
Fra:1 Mem:1314.30M (Peak 1715.14M) | Time:60:57:29.02 | Mem:201.00M, Peak:201.00M | Scene | Updating Images | Loading island_tree_01_leaves_diff_1k.png.007
Fra:1 Mem:1318.31M (Peak 1715.14M) | Time:60:57:29.02 | Mem:202.00M, Peak:202.00M | Scene | Updating Images | Loading island_tree_01_leaves_alpha_1k.png.007
Fra:1 Mem:1319.30M (Peak 1715.14M) | Time:60:57:29.02 | Mem:203.00M, Peak:203.00M | Scene | Updating Images | Loading island_tree_02_leaves_diff_1k.png.007
Fra:1 Mem:1320.30M (Peak 1715.14M) | Time:60:57:29.02 | Mem:204.00M, Peak:204.00M | Scene | Updating Images | Loading island_tree_02_leaves_alpha_1k.png.007
Fra:1 Mem:1320.30M (Peak 1715.14M) | Time:60:57:29.02 | Mem:204.00M, Peak:204.00M | Scene | Updating Images | Loading pine_sapling_small_twig_diff_1k.png.007
Fra:1 Mem:1321.31M (Peak 1715.14M) | Time:60:57:29.02 | Mem:205.00M, Peak:205.00M | Scene | Updating Images | Loading pine_sapling_small_twig_alpha_1k.png.007
Fra:1 Mem:1320.30M (Peak 1715.14M) | Time:60:57:29.02 | Mem:206.00M, Peak:206.00M | Scene | Updating Images | Loading island_tree_01_leaves_diff_1k.png.008
Fra:1 Mem:1321.30M (Peak 1715.14M) | Time:60:57:29.02 | Mem:207.00M, Peak:207.00M | Scene | Updating Images | Loading island_tree_01_leaves_alpha_1k.png.008
Fra:1 Mem:1321.30M (Peak 1715.14M) | Time:60:57:29.02 | Mem:208.00M, Peak:208.00M | Scene | Updating Images | Loading island_tree_02_leaves_diff_1k.png.008
Fra:1 Mem:1326.31M (Peak 1715.14M) | Time:60:57:29.03 | Mem:209.00M, Peak:209.00M | Scene | Updating Images | Loading island_tree_02_leaves_alpha_1k.png.008
Fra:1 Mem:1344.32M (Peak 1715.14M) | Time:60:57:29.03 | Mem:210.00M, Peak:210.00M | Scene | Updating Images | Loading pine_sapling_small_twig_diff_1k.png.008
Fra:1 Mem:1344.32M (Peak 1715.14M) | Time:60:57:29.03 | Mem:212.00M, Peak:212.00M | Scene | Updating Images | Loading pine_sapling_small_twig_alpha_1k.png.008
Fra:1 Mem:1345.32M (Peak 1715.14M) | Time:60:57:29.03 | Mem:213.00M, Peak:213.00M | Scene | Updating Images | Loading fern_02_diff_1k.png.002
Fra:1 Mem:1345.32M (Peak 1715.14M) | Time:60:57:29.03 | Mem:213.00M, Peak:213.00M | Scene | Updating Images | Loading fern_02_rough
Fra:1 Mem:1349.31M (Peak 1715.14M) | Time:60:57:29.03 | Mem:215.00M, Peak:215.00M | Scene | Updating Images | Loading fern_02_nor_gl
Fra:1 Mem:1353.31M (Peak 1715.14M) | Time:60:57:29.03 | Mem:216.00M, Peak:216.00M | Scene | Updating Images | Loading island_tree_01_leaves_diff_1k.png.009
Fra:1 Mem:1353.31M (Peak 1715.14M) | Time:60:57:29.03 | Mem:217.00M, Peak:217.00M | Scene | Updating Images | Loading island_tree_01_leaves_alpha_1k.png.009
Fra:1 Mem:1345.30M (Peak 1715.14M) | Time:60:57:29.03 | Mem:218.00M, Peak:218.00M | Scene | Updating Images | Loading island_tree_02_leaves_diff_1k.png.009
Fra:1 Mem:1346.30M (Peak 1715.14M) | Time:60:57:29.03 | Mem:220.00M, Peak:220.00M | Scene | Updating Images | Loading island_tree_02_leaves_alpha_1k.png.009
Fra:1 Mem:1346.30M (Peak 1715.14M) | Time:60:57:29.03 | Mem:221.00M, Peak:221.00M | Scene | Updating Images | Loading pine_sapling_small_twig_diff_1k.png.009
Fra:1 Mem:1346.30M (Peak 1715.14M) | Time:60:57:29.03 | Mem:222.00M, Peak:222.00M | Scene | Updating Images | Loading pine_sapling_small_twig_alpha_1k.png.009
Fra:1 Mem:1350.31M (Peak 1715.14M) | Time:60:57:29.04 | Mem:223.00M, Peak:223.00M | Scene | Updating Images | Loading fern_02_diff_1k.png.003
Fra:1 Mem:1350.31M (Peak 1715.14M) | Time:60:57:29.04 | Mem:239.00M, Peak:239.00M | Scene | Updating Images | Loading fern_02_diff_1k.png.005
Fra:1 Mem:1349.30M (Peak 1715.14M) | Time:60:57:29.04 | Mem:241.00M, Peak:241.00M | Scene | Updating Images | Loading island_tree_01_leaves_diff_1k.png.010
Fra:1 Mem:1349.30M (Peak 1715.14M) | Time:60:57:29.04 | Mem:241.00M, Peak:241.00M | Scene | Updating Images | Loading island_tree_01_leaves_alpha_1k.png.010
Fra:1 Mem:1349.30M (Peak 1715.14M) | Time:60:57:29.04 | Mem:241.00M, Peak:241.00M | Scene | Updating Images | Loading island_tree_02_leaves_diff_1k.png.010
Fra:1 Mem:1353.31M (Peak 1715.14M) | Time:60:57:29.04 | Mem:241.00M, Peak:241.00M | Scene | Updating Images | Loading island_tree_02_leaves_alpha_1k.png.010
Fra:1 Mem:1349.30M (Peak 1715.14M) | Time:60:57:29.04 | Mem:245.00M, Peak:245.00M | Scene | Updating Images | Loading pine_sapling_small_twig_diff_1k.png.010
Fra:1 Mem:1357.30M (Peak 1715.14M) | Time:60:57:29.04 | Mem:249.00M, Peak:249.00M | Scene | Updating Images | Loading pine_sapling_small_twig_alpha_1k.png.010
Fra:1 Mem:1364.32M (Peak 1715.14M) | Time:60:57:29.04 | Mem:251.00M, Peak:251.00M | Scene | Updating Images | Loading fern_02_diff_1k.png.004
Fra:1 Mem:1364.32M (Peak 1715.14M) | Time:60:57:29.04 | Mem:252.00M, Peak:252.00M | Scene | Updating Images | Loading island_tree_01_leaves_diff_1k.png.011
Fra:1 Mem:1364.31M (Peak 1715.14M) | Time:60:57:29.04 | Mem:253.00M, Peak:253.00M | Scene | Updating Images | Loading island_tree_01_leaves_alpha_1k.png.011
Fra:1 Mem:1367.30M (Peak 1715.14M) | Time:60:57:29.04 | Mem:253.00M, Peak:253.00M | Scene | Updating Images | Loading island_tree_02_leaves_diff_1k.png.011
Fra:1 Mem:1367.30M (Peak 1715.14M) | Time:60:57:29.04 | Mem:254.00M, Peak:254.00M | Scene | Updating Images | Loading island_tree_02_leaves_alpha_1k.png.011
Fra:1 Mem:1367.30M (Peak 1715.14M) | Time:60:57:29.04 | Mem:255.00M, Peak:255.00M | Scene | Updating Images | Loading pine_sapling_small_twig_diff_1k.png.011
Fra:1 Mem:1367.30M (Peak 1715.14M) | Time:60:57:29.04 | Mem:255.00M, Peak:255.00M | Scene | Updating Images | Loading pine_sapling_small_twig_alpha_1k.png.011
Fra:1 Mem:1368.30M (Peak 1715.14M) | Time:60:57:29.05 | Mem:259.00M, Peak:259.00M | Scene | Updating Images | Loading island_tree_01_leaves_alpha_1k.png.012
Fra:1 Mem:1368.30M (Peak 1715.14M) | Time:60:57:29.05 | Mem:260.00M, Peak:260.00M | Scene | Updating Images | Loading island_tree_01_leaves_diff_1k.png.012
DETAIL CONTACT daguanyuan_gate floorwood 9048 0.32
Fra:1 Mem:1088.62M (Peak 1715.19M) | Time:60:57:29.51 | Mem:0.00M, Peak:0.00M | Scene | Synchronizing object | daguanyuan_gate_stone.001
Fra:1 Mem:1088.62M (Peak 1715.19M) | Time:60:57:29.51 | Mem:0.00M, Peak:0.00M | Scene | Synchronizing object | daguanyuan_gate_furniture
Fra:1 Mem:1088.63M (Peak 1715.19M) | Time:60:57:29.51 | Mem:0.00M, Peak:0.00M | Scene | Synchronizing object | daguanyuan_gate_latticewood.001
Fra:1 Mem:1088.97M (Peak 1715.19M) | Time:60:57:29.51 | Mem:0.00M, Peak:0.00M | Scene | Synchronizing object | daguanyuan_gate_paving.001
Fra:1 Mem:1089.11M (Peak 1715.19M) | Time:60:57:29.51 | Mem:0.00M, Peak:0.00M | Scene | Synchronizing object | daguanyuan_gate_screen
Fra:1 Mem:1089.58M (Peak 1715.19M) | Time:60:57:29.51 | Mem:0.00M, Peak:0.00M | Scene | Synchronizing object | daguanyuan_gate_roof.001
Fra:1 Mem:1089.98M (Peak 1715.19M) | Time:60:57:29.51 | Mem:0.00M, Peak:0.00M | Scene | Synchronizing object | daguanyuan_gate_tile.001
Fra:1 Mem:1090.97M (Peak 1715.19M) | Time:60:57:29.51 | Mem:0.00M, Peak:0.00M | Scene | Synchronizing object | daguanyuan_gate_tiledark.001
Fra:1 Mem:1091.07M (Peak 1715.19M) | Time:60:57:29.51 | Mem:0.00M, Peak:0.00M | Scene | Synchronizing object | daguanyuan_gate_limestone.001
Fra:1 Mem:1096.62M (Peak 1715.19M) | Time:60:57:29.51 | Mem:0.00M, Peak:0.00M | Scene | Initializing
Fra:1 Mem:1096.62M (Peak 1715.19M) | Time:60:57:29.51 | Mem:0.00M, Peak:0.00M | Scene | Updating Images | Loading fern_02_rgba.png.003
Fra:1 Mem:1096.62M (Peak 1715.19M) | Time:60:57:29.51 | Mem:0.00M, Peak:0.00M | Scene | Updating Images | Loading forest_grove.hdr
Fra:1 Mem:1097.62M (Peak 1715.19M) | Time:60:57:29.51 | Mem:0.00M, Peak:0.00M | Scene | Updating Images | Loading r12_stone_diff.001
Fra:1 Mem:1097.62M (Peak 1715.19M) | Time:60:57:29.51 | Mem:0.00M, Peak:0.00M | Scene | Updating Images | Loading r12_cutstone_rough.001
Fra:1 Mem:1097.64M (Peak 1715.19M) | Time:60:57:29.51 | Mem:1.00M, Peak:1.00M | Scene | Updating Images | Loading island_tree_01_leaves_rgba.png.007
Fra:1 Mem:1097.89M (Peak 1715.19M) | Time:60:57:29.51 | Mem:1.25M, Peak:1.25M | Scene | Updating Images | Loading pine_sapling_small_twig_rgba.png.003
Fra:1 Mem:1098.14M (Peak 1715.19M) | Time:60:57:29.51 | Mem:1.50M, Peak:1.50M | Scene | Updating Images | Loading island_tree_02_leaves_rgba.png.003
Fra:1 Mem:1098.39M (Peak 1715.19M) | Time:60:57:29.51 | Mem:1.75M, Peak:1.75M | Scene | Updating Images | Loading island_tree_01_leaves_rgba.png.006
Fra:1 Mem:1104.65M (Peak 1715.19M) | Time:60:57:29.51 | Mem:2.00M, Peak:2.00M | Scene | Updating Images | Loading fern_02_rgba.png.002
Fra:1 Mem:1113.65M (Peak 1715.19M) | Time:60:57:29.51 | Mem:3.00M, Peak:3.00M | Scene | Updating Images | Loading r12_darkwood_diff.001
Fra:1 Mem:1114.65M (Peak 1715.19M) | Time:60:57:29.51 | Mem:4.00M, Peak:4.00M | Scene | Updating Images | Loading r12_darkwood_nor_gl.001
Fra:1 Mem:1116.66M (Peak 1715.19M) | Time:60:57:29.51 | Mem:5.00M, Peak:5.00M | Scene | Updating Images | Loading r12_darkwood_rough.001
Fra:1 Mem:1115.65M (Peak 1715.19M) | Time:60:57:29.51 | Mem:6.00M, Peak:6.00M | Scene | Updating Images | Loading r12_floorwood_diff.001
Fra:1 Mem:1118.66M (Peak 1715.19M) | Time:60:57:29.51 | Mem:7.00M, Peak:7.00M | Scene | Updating Images | Loading r12_floorwood_nor_gl.001
Fra:1 Mem:1117.65M (Peak 1715.19M) | Time:60:57:29.51 | Mem:8.00M, Peak:8.00M | Scene | Updating Images | Loading island_tree_01_leaves_rgba.png.005
Fra:1 Mem:1118.90M (Peak 1715.19M) | Time:60:57:29.52 | Mem:9.00M, Peak:9.00M | Scene | Updating Images | Loading r12_floorwood_rough.001
Fra:1 Mem:1119.90M (Peak 1715.19M) | Time:60:57:29.52 | Mem:9.25M, Peak:9.25M | Scene | Updating Images | Loading pine_sapling_small_twig_rgba.png.002
Fra:1 Mem:1130.15M (Peak 1715.19M) | Time:60:57:29.52 | Mem:10.25M, Peak:10.25M | Scene | Updating Images | Loading r12_wood_diff.001
Fra:1 Mem:1132.16M (Peak 1715.19M) | Time:60:57:29.52 | Mem:11.25M, Peak:11.25M | Scene | Updating Images | Loading r12_wood_nor_gl.001
Fra:1 Mem:1132.16M (Peak 1715.19M) | Time:60:57:29.52 | Mem:11.50M, Peak:11.50M | Scene | Updating Images | Loading island_tree_02_leaves_rgba.png.002
Fra:1 Mem:1133.16M (Peak 1715.19M) | Time:60:57:29.52 | Mem:12.50M, Peak:12.50M | Scene | Updating Images | Loading r12_wood_rough.001
Fra:1 Mem:1132.15M (Peak 1715.19M) | Time:60:57:29.52 | Mem:13.50M, Peak:13.50M | Scene | Updating Images | Loading r12_furniture_diff.001
Fra:1 Mem:1135.41M (Peak 1715.19M) | Time:60:57:29.52 | Mem:14.75M, Peak:14.75M | Scene | Updating Images | Loading island_tree_01_leaves_rgba.png.004
Fra:1 Mem:1134.40M (Peak 1715.19M) | Time:60:57:29.52 | Mem:15.75M, Peak:15.75M | Scene | Updating Images | Loading r12_furniture_nor_gl.001
Fra:1 Mem:1135.65M (Peak 1715.19M) | Time:60:57:29.52 | Mem:16.00M, Peak:16.00M | Scene | Updating Images | Loading fern_02_rgba.png.001
Fra:1 Mem:1136.65M (Peak 1715.19M) | Time:60:57:29.52 | Mem:17.00M, Peak:17.00M | Scene | Updating Images | Loading r12_furniture_rough.001
Fra:1 Mem:1137.66M (Peak 1715.19M) | Time:60:57:29.52 | Mem:17.00M, Peak:17.00M | Scene | Updating Images | Loading r12_latticewood_diff.001
Fra:1 Mem:1137.66M (Peak 1715.19M) | Time:60:57:29.52 | Mem:17.00M, Peak:17.00M | Scene | Updating Images | Loading r12_latticewood_nor_gl.001
Fra:1 Mem:1142.68M (Peak 1715.19M) | Time:60:57:29.52 | Mem:18.00M, Peak:18.00M | Scene | Updating Images | Loading r12_latticewood_rough.001
Fra:1 Mem:1141.67M (Peak 1715.19M) | Time:60:57:29.52 | Mem:19.00M, Peak:19.00M | Scene | Updating Images | Loading r12_roof_diff.001
Fra:1 Mem:1141.66M (Peak 1715.19M) | Time:60:57:29.52 | Mem:20.00M, Peak:20.00M | Scene | Updating Images | Loading r12_roof_nor_gl.001
Fra:1 Mem:1142.66M (Peak 1715.19M) | Time:60:57:29.52 | Mem:21.00M, Peak:21.00M | Scene | Updating Images | Loading r12_roof_rough.001
Fra:1 Mem:1144.67M (Peak 1715.19M) | Time:60:57:29.52 | Mem:22.00M, Peak:22.00M | Scene | Updating Images | Loading r12_tilelight_diff.001
Fra:1 Mem:1145.67M (Peak 1715.19M) | Time:60:57:29.52 | Mem:23.00M, Peak:23.00M | Scene | Updating Images | Loading island_tree_01_leaves_rgba.png.003
Fra:1 Mem:1144.66M (Peak 1715.19M) | Time:60:57:29.53 | Mem:24.00M, Peak:24.00M | Scene | Updating Images | Loading r12_tilelight_nor_gl.001
Fra:1 Mem:1145.91M (Peak 1715.19M) | Time:60:57:29.53 | Mem:24.25M, Peak:24.25M | Scene | Updating Images | Loading pine_sapling_small_twig_rgba.png.001
Fra:1 Mem:1147.17M (Peak 1715.19M) | Time:60:57:29.53 | Mem:25.25M, Peak:25.25M | Scene | Updating Images | Loading r12_tilelight_rough.001
Fra:1 Mem:1147.16M (Peak 1715.19M) | Time:60:57:29.53 | Mem:26.25M, Peak:26.25M | Scene | Updating Images | Loading r12_tile_diff.001
Fra:1 Mem:1147.15M (Peak 1715.19M) | Time:60:57:29.53 | Mem:28.25M, Peak:28.25M | Scene | Updating Images | Loading r12_tile_nor_gl.001
Fra:1 Mem:1149.16M (Peak 1715.19M) | Time:60:57:29.53 | Mem:28.50M, Peak:28.50M | Scene | Updating Images | Loading island_tree_02_leaves_rgba.png.001
Fra:1 Mem:1150.41M (Peak 1715.19M) | Time:60:57:29.53 | Mem:28.75M, Peak:28.75M | Scene | Updating Images | Loading island_tree_01_leaves_rgba.png.002
Fra:1 Mem:1150.66M (Peak 1715.19M) | Time:60:57:29.53 | Mem:29.75M, Peak:29.75M | Scene | Updating Images | Loading r12_tile_rough.001
Fra:1 Mem:1151.66M (Peak 1715.19M) | Time:60:57:29.53 | Mem:31.75M, Peak:31.75M | Scene | Updating Images | Loading r12_tiledark_diff.001
Fra:1 Mem:1151.66M (Peak 1715.19M) | Time:60:57:29.53 | Mem:31.75M, Peak:31.75M | Scene | Updating Images | Loading r12_tiledark_nor_gl.001
Fra:1 Mem:1150.65M (Peak 1715.19M) | Time:60:57:29.53 | Mem:32.75M, Peak:32.75M | Scene | Updating Images | Loading r12_tiledark_rough.001
Fra:1 Mem:1153.66M (Peak 1715.19M) | Time:60:57:29.53 | Mem:33.00M, Peak:33.00M | Scene | Updating Images | Loading fern_02_rgba.png
Fra:1 Mem:1147.66M (Peak 1715.19M) | Time:60:57:29.53 | Mem:34.00M, Peak:34.00M | Scene | Updating Images | Loading rock_moss_set_01_diff
Fra:1 Mem:1150.66M (Peak 1715.19M) | Time:60:57:29.53 | Mem:35.00M, Peak:35.00M | Scene | Updating Images | Loading rock_moss_set_01_nor_gl
Fra:1 Mem:1155.66M (Peak 1715.19M) | Time:60:57:29.53 | Mem:36.00M, Peak:36.00M | Scene | Updating Images | Loading r12_paving_diff.001
Fra:1 Mem:1154.65M (Peak 1715.19M) | Time:60:57:29.53 | Mem:37.00M, Peak:37.00M | Scene | Updating Images | Loading r12_paving_nor_gl.001
Fra:1 Mem:1156.66M (Peak 1715.19M) | Time:60:57:29.53 | Mem:38.00M, Peak:38.00M | Scene | Updating Images | Loading island_tree_01_leaves_rgba.png.001
Fra:1 Mem:1157.91M (Peak 1715.19M) | Time:60:57:29.53 | Mem:39.00M, Peak:39.00M | Scene | Updating Images | Loading r12_paving_rough.001
Fra:1 Mem:1157.91M (Peak 1715.19M) | Time:60:57:29.54 | Mem:40.00M, Peak:40.00M | Scene | Updating Images | Loading island_tree_01_diff
Fra:1 Mem:1161.90M (Peak 1715.19M) | Time:60:57:29.54 | Mem:40.25M, Peak:40.25M | Scene | Updating Images | Loading pine_sapling_small_twig_rgba.png
Fra:1 Mem:1161.90M (Peak 1715.19M) | Time:60:57:29.54 | Mem:44.25M, Peak:44.25M | Scene | Updating Images | Loading island_tree_01_rough
Fra:1 Mem:1172.16M (Peak 1715.19M) | Time:60:57:29.54 | Mem:45.25M, Peak:45.25M | Scene | Updating Images | Loading island_tree_01_nor_gl
Fra:1 Mem:1177.17M (Peak 1715.19M) | Time:60:57:29.54 | Mem:49.25M, Peak:49.25M | Scene | Updating Images | Loading island_tree_01_leaves_diff-island_tree_01_leaves_alpha
Fra:1 Mem:1180.16M (Peak 1715.19M) | Time:60:57:29.54 | Mem:50.25M, Peak:50.25M | Scene | Updating Images | Loading island_tree_01_leaves_rough
Fra:1 Mem:1185.17M (Peak 1715.19M) | Time:60:57:29.54 | Mem:50.50M, Peak:50.50M | Scene | Updating Images | Loading island_tree_02_leaves_rgba.png
Fra:1 Mem:1184.41M (Peak 1715.19M) | Time:60:57:29.54 | Mem:51.50M, Peak:51.50M | Scene | Updating Images | Loading island_tree_01_leaves_nor_gl
Fra:1 Mem:1188.41M (Peak 1715.19M) | Time:60:57:29.54 | Mem:55.50M, Peak:55.50M | Scene | Updating Images | Loading island_tree_01_branches_diff
Fra:1 Mem:1192.41M (Peak 1715.19M) | Time:60:57:29.54 | Mem:59.50M, Peak:59.50M | Scene | Updating Images | Loading island_tree_01_branches_rough
Fra:1 Mem:1196.41M (Peak 1715.19M) | Time:60:57:29.54 | Mem:59.75M, Peak:59.75M | Scene | Updating Images | Loading island_tree_01_leaves_rgba.png
Fra:1 Mem:1196.66M (Peak 1715.19M) | Time:60:57:29.54 | Mem:63.75M, Peak:63.75M | Scene | Updating Images | Loading island_tree_01_branches_nor_gl
Fra:1 Mem:1204.67M (Peak 1715.19M) | Time:60:57:29.54 | Mem:67.75M, Peak:67.75M | Scene | Updating Images | Loading island_tree_01_leaves_diff_1k.png.001
Fra:1 Mem:1208.68M (Peak 1715.19M) | Time:60:57:29.54 | Mem:68.00M, Peak:68.00M | Scene | Updating Images | Loading fern_02_alpha_1k.png.001
Fra:1 Mem:1208.68M (Peak 1715.19M) | Time:60:57:29.54 | Mem:72.00M, Peak:72.00M | Scene | Updating Images | Loading island_tree_01_leaves_alpha_1k.png.001
Fra:1 Mem:1212.66M (Peak 1715.19M) | Time:60:57:29.54 | Mem:76.00M, Peak:76.00M | Scene | Updating Images | Loading island_tree_02_diff
Fra:1 Mem:1212.65M (Peak 1715.19M) | Time:60:57:29.54 | Mem:80.00M, Peak:80.00M | Scene | Updating Images | Loading island_tree_02_rough
Fra:1 Mem:1216.65M (Peak 1715.19M) | Time:60:57:29.54 | Mem:84.00M, Peak:84.00M | Scene | Updating Images | Loading island_tree_02_nor_gl
Fra:1 Mem:1222.65M (Peak 1715.19M) | Time:60:57:29.54 | Mem:88.00M, Peak:88.00M | Scene | Updating Images | Loading island_tree_02_leaves_diff-island_tree_02_leaves_alpha
Fra:1 Mem:1226.65M (Peak 1715.19M) | Time:60:57:29.54 | Mem:92.00M, Peak:92.00M | Scene | Updating Images | Loading island_tree_02_leaves_rough
Fra:1 Mem:1230.65M (Peak 1715.19M) | Time:60:57:29.54 | Mem:96.00M, Peak:96.00M | Scene | Updating Images | Loading island_tree_02_leaves_nor_gl
Fra:1 Mem:1235.66M (Peak 1715.19M) | Time:60:57:29.54 | Mem:100.00M, Peak:100.00M | Scene | Updating Images | Loading island_tree_02_leaves_diff_1k.png.001
Fra:1 Mem:1235.66M (Peak 1715.19M) | Time:60:57:29.54 | Mem:104.00M, Peak:104.00M | Scene | Updating Images | Loading island_tree_02_leaves_alpha_1k.png.001
Fra:1 Mem:1234.65M (Peak 1715.19M) | Time:60:57:29.54 | Mem:112.00M, Peak:112.00M | Scene | Updating Images | Loading island_tree_02_branches_diff
Fra:1 Mem:1238.65M (Peak 1715.19M) | Time:60:57:29.54 | Mem:113.00M, Peak:113.00M | Scene | Updating Images | Loading island_tree_02_branches_rough
Fra:1 Mem:1246.66M (Peak 1715.19M) | Time:60:57:29.54 | Mem:117.00M, Peak:117.00M | Scene | Updating Images | Loading island_tree_02_branches_nor_gl
Fra:1 Mem:1246.65M (Peak 1715.19M) | Time:60:57:29.54 | Mem:121.00M, Peak:121.00M | Scene | Updating Images | Loading pine_sapling_small_bark_diff
Fra:1 Mem:1250.65M (Peak 1715.19M) | Time:60:57:29.54 | Mem:122.00M, Peak:122.00M | Scene | Updating Images | Loading pine_sapling_small_bark_rough
Fra:1 Mem:1255.65M (Peak 1715.19M) | Time:60:57:29.54 | Mem:126.00M, Peak:126.00M | Scene | Updating Images | Loading pine_sapling_small_bark_nor_gl
Fra:1 Mem:1260.65M (Peak 1715.19M) | Time:60:57:29.54 | Mem:130.00M, Peak:130.00M | Scene | Updating Images | Loading pine_sapling_small_twig_diff
Fra:1 Mem:1264.65M (Peak 1715.19M) | Time:60:57:29.54 | Mem:134.00M, Peak:134.00M | Scene | Updating Images | Loading pine_sapling_small_twig_rough
Fra:1 Mem:1268.65M (Peak 1715.19M) | Time:60:57:29.55 | Mem:138.00M, Peak:138.00M | Scene | Updating Images | Loading pine_sapling_small_twig_nor_gl
Fra:1 Mem:1272.65M (Peak 1715.19M) | Time:60:57:29.55 | Mem:139.00M, Peak:139.00M | Scene | Updating Images | Loading pine_sapling_small_twig_diff_1k.png.001
Fra:1 Mem:1272.65M (Peak 1715.19M) | Time:60:57:29.55 | Mem:143.00M, Peak:143.00M | Scene | Updating Images | Loading pine_sapling_small_twig_alpha_1k.png.001
Fra:1 Mem:1272.65M (Peak 1715.19M) | Time:60:57:29.55 | Mem:147.00M, Peak:147.00M | Scene | Updating Images | Loading island_tree_01_leaves_diff_1k.png.002
Fra:1 Mem:1272.65M (Peak 1715.19M) | Time:60:57:29.55 | Mem:151.00M, Peak:151.00M | Scene | Updating Images | Loading island_tree_01_leaves_alpha_1k.png.002
Fra:1 Mem:1272.65M (Peak 1715.19M) | Time:60:57:29.55 | Mem:152.00M, Peak:152.00M | Scene | Updating Images | Loading island_tree_02_leaves_diff_1k.png.002
Fra:1 Mem:1291.67M (Peak 1715.19M) | Time:60:57:29.55 | Mem:156.00M, Peak:156.00M | Scene | Updating Images | Loading island_tree_02_leaves_alpha_1k.png.002
Fra:1 Mem:1294.67M (Peak 1715.19M) | Time:60:57:29.55 | Mem:157.00M, Peak:157.00M | Scene | Updating Images | Loading pine_sapling_small_twig_diff_1k.png.002
Fra:1 Mem:1294.66M (Peak 1715.19M) | Time:60:57:29.55 | Mem:159.00M, Peak:159.00M | Scene | Updating Images | Loading pine_sapling_small_twig_alpha_1k.png.002
Fra:1 Mem:1294.66M (Peak 1715.19M) | Time:60:57:29.55 | Mem:159.00M, Peak:159.00M | Scene | Updating Images | Loading island_tree_01_leaves_diff_1k.png.003
Fra:1 Mem:1294.66M (Peak 1715.19M) | Time:60:57:29.55 | Mem:159.00M, Peak:159.00M | Scene | Updating Images | Loading island_tree_01_leaves_alpha_1k.png.003
Fra:1 Mem:1294.66M (Peak 1715.19M) | Time:60:57:29.55 | Mem:160.00M, Peak:160.00M | Scene | Updating Images | Loading island_tree_02_leaves_diff_1k.png.003
Fra:1 Mem:1294.66M (Peak 1715.19M) | Time:60:57:29.55 | Mem:160.00M, Peak:160.00M | Scene | Updating Images | Loading island_tree_02_leaves_alpha_1k.png.003
Fra:1 Mem:1294.66M (Peak 1715.19M) | Time:60:57:29.55 | Mem:164.00M, Peak:164.00M | Scene | Updating Images | Loading pine_sapling_small_twig_diff_1k.png.003
Fra:1 Mem:1285.66M (Peak 1715.19M) | Time:60:57:29.56 | Mem:166.00M, Peak:166.00M | Scene | Updating Images | Loading pine_sapling_small_twig_alpha_1k.png.003
Fra:1 Mem:1286.66M (Peak 1715.19M) | Time:60:57:29.56 | Mem:169.00M, Peak:169.00M | Scene | Updating Images | Loading island_tree_01_leaves_diff_1k.png.004
Fra:1 Mem:1286.66M (Peak 1715.19M) | Time:60:57:29.56 | Mem:170.00M, Peak:170.00M | Scene | Updating Images | Loading island_tree_01_leaves_alpha_1k.png.004
Fra:1 Mem:1287.66M (Peak 1715.19M) | Time:60:57:29.56 | Mem:170.00M, Peak:170.00M | Scene | Updating Images | Loading island_tree_02_leaves_diff_1k.png.004
Fra:1 Mem:1286.65M (Peak 1715.19M) | Time:60:57:29.56 | Mem:170.00M, Peak:170.00M | Scene | Updating Images | Loading island_tree_02_leaves_alpha_1k.png.004
Fra:1 Mem:1287.66M (Peak 1715.19M) | Time:60:57:29.56 | Mem:171.00M, Peak:171.00M | Scene | Updating Images | Loading pine_sapling_small_twig_diff_1k.png.004
Fra:1 Mem:1286.65M (Peak 1715.19M) | Time:60:57:29.56 | Mem:172.00M, Peak:172.00M | Scene | Updating Images | Loading pine_sapling_small_twig_alpha_1k.png.004
Fra:1 Mem:1286.65M (Peak 1715.19M) | Time:60:57:29.56 | Mem:188.00M, Peak:188.00M | Scene | Updating Images | Loading fern_02_alpha_1k.png
Fra:1 Mem:1286.65M (Peak 1715.19M) | Time:60:57:29.56 | Mem:189.00M, Peak:189.00M | Scene | Updating Images | Loading island_tree_01_leaves_diff_1k.png.005
Fra:1 Mem:1309.66M (Peak 1715.19M) | Time:60:57:29.56 | Mem:190.00M, Peak:190.00M | Scene | Updating Images | Loading island_tree_01_leaves_alpha_1k.png.005
Fra:1 Mem:1311.67M (Peak 1715.19M) | Time:60:57:29.57 | Mem:194.00M, Peak:194.00M | Scene | Updating Images | Loading island_tree_02_leaves_diff_1k.png.005
Fra:1 Mem:1311.66M (Peak 1715.19M) | Time:60:57:29.57 | Mem:194.00M, Peak:194.00M | Scene | Updating Images | Loading island_tree_02_leaves_alpha_1k.png.005
Fra:1 Mem:1310.65M (Peak 1715.19M) | Time:60:57:29.57 | Mem:194.00M, Peak:194.00M | Scene | Updating Images | Loading pine_sapling_small_twig_diff_1k.png.005
Fra:1 Mem:1311.66M (Peak 1715.19M) | Time:60:57:29.57 | Mem:195.00M, Peak:195.00M | Scene | Updating Images | Loading pine_sapling_small_twig_alpha_1k.png.005
Fra:1 Mem:1311.66M (Peak 1715.19M) | Time:60:57:29.57 | Mem:197.00M, Peak:197.00M | Scene | Updating Images | Loading island_tree_01_leaves_diff_1k.png.006
Fra:1 Mem:1311.66M (Peak 1715.19M) | Time:60:57:29.57 | Mem:197.00M, Peak:197.00M | Scene | Updating Images | Loading island_tree_01_leaves_alpha_1k.png.006
Fra:1 Mem:1310.65M (Peak 1715.19M) | Time:60:57:29.57 | Mem:198.00M, Peak:198.00M | Scene | Updating Images | Loading island_tree_02_leaves_diff_1k.png.006
Fra:1 Mem:1335.69M (Peak 1715.19M) | Time:60:57:29.57 | Mem:199.00M, Peak:199.00M | Scene | Updating Images | Loading island_tree_02_leaves_alpha_1k.png.006
Fra:1 Mem:1333.67M (Peak 1715.19M) | Time:60:57:29.57 | Mem:201.00M, Peak:201.00M | Scene | Updating Images | Loading pine_sapling_small_twig_diff_1k.png.006
Fra:1 Mem:1333.67M (Peak 1715.19M) | Time:60:57:29.57 | Mem:201.00M, Peak:201.00M | Scene | Updating Images | Loading pine_sapling_small_twig_alpha_1k.png.006
Fra:1 Mem:1333.67M (Peak 1715.19M) | Time:60:57:29.57 | Mem:201.00M, Peak:201.00M | Scene | Updating Images | Loading island_tree_01_leaves_diff_1k.png.007
Fra:1 Mem:1333.67M (Peak 1715.19M) | Time:60:57:29.57 | Mem:201.00M, Peak:201.00M | Scene | Updating Images | Loading island_tree_01_leaves_alpha_1k.png.007
Fra:1 Mem:1333.67M (Peak 1715.19M) | Time:60:57:29.57 | Mem:201.00M, Peak:201.00M | Scene | Updating Images | Loading island_tree_02_leaves_diff_1k.png.007
Fra:1 Mem:1333.66M (Peak 1715.19M) | Time:60:57:29.57 | Mem:202.00M, Peak:202.00M | Scene | Updating Images | Loading island_tree_02_leaves_alpha_1k.png.007
Fra:1 Mem:1334.66M (Peak 1715.19M) | Time:60:57:29.57 | Mem:203.00M, Peak:203.00M | Scene | Updating Images | Loading pine_sapling_small_twig_diff_1k.png.007
Fra:1 Mem:1319.66M (Peak 1715.19M) | Time:60:57:29.58 | Mem:219.00M, Peak:219.00M | Scene | Updating Images | Loading fern_02_diff_1k.png.005
Fra:1 Mem:1329.66M (Peak 1715.19M) | Time:60:57:29.58 | Mem:221.00M, Peak:221.00M | Scene | Updating Images | Loading pine_sapling_small_twig_alpha_1k.png.007
Fra:1 Mem:1329.66M (Peak 1715.19M) | Time:60:57:29.58 | Mem:223.00M, Peak:223.00M | Scene | Updating Images | Loading island_tree_01_leaves_diff_1k.png.008
Fra:1 Mem:1329.66M (Peak 1715.19M) | Time:60:57:29.58 | Mem:223.00M, Peak:223.00M | Scene | Updating Images | Loading island_tree_01_leaves_alpha_1k.png.008
Fra:1 Mem:1329.66M (Peak 1715.19M) | Time:60:57:29.58 | Mem:223.00M, Peak:223.00M | Scene | Updating Images | Loading island_tree_02_leaves_diff_1k.png.008
Fra:1 Mem:1330.67M (Peak 1715.19M) | Time:60:57:29.58 | Mem:223.00M, Peak:223.00M | Scene | Updating Images | Loading island_tree_02_leaves_alpha_1k.png.008
Fra:1 Mem:1329.66M (Peak 1715.19M) | Time:60:57:29.58 | Mem:223.00M, Peak:223.00M | Scene | Updating Images | Loading pine_sapling_small_twig_diff_1k.png.008
Fra:1 Mem:1329.66M (Peak 1715.19M) | Time:60:57:29.58 | Mem:224.00M, Peak:224.00M | Scene | Updating Images | Loading pine_sapling_small_twig_alpha_1k.png.008
Fra:1 Mem:1334.67M (Peak 1715.19M) | Time:60:57:29.58 | Mem:226.00M, Peak:226.00M | Scene | Updating Images | Loading fern_02_diff_1k.png.002
Fra:1 Mem:1331.66M (Peak 1715.19M) | Time:60:57:29.58 | Mem:230.00M, Peak:230.00M | Scene | Updating Images | Loading island_tree_01_leaves_alpha_1k.png.012
Fra:1 Mem:1341.67M (Peak 1715.19M) | Time:60:57:29.59 | Mem:232.00M, Peak:232.00M | Scene | Updating Images | Loading fern_02_rough
Fra:1 Mem:1345.67M (Peak 1715.19M) | Time:60:57:29.59 | Mem:233.00M, Peak:233.00M | Scene | Updating Images | Loading fern_02_nor_gl
Fra:1 Mem:1350.68M (Peak 1715.19M) | Time:60:57:29.59 | Mem:234.00M, Peak:234.00M | Scene | Updating Images | Loading island_tree_01_leaves_diff_1k.png.009
Fra:1 Mem:1349.67M (Peak 1715.19M) | Time:60:57:29.59 | Mem:234.00M, Peak:234.00M | Scene | Updating Images | Loading island_tree_01_leaves_alpha_1k.png.009
Fra:1 Mem:1349.67M (Peak 1715.19M) | Time:60:57:29.59 | Mem:235.00M, Peak:235.00M | Scene | Updating Images | Loading island_tree_02_leaves_diff_1k.png.009
Fra:1 Mem:1349.66M (Peak 1715.19M) | Time:60:57:29.59 | Mem:236.00M, Peak:236.00M | Scene | Updating Images | Loading island_tree_02_leaves_alpha_1k.png.009
Fra:1 Mem:1349.66M (Peak 1715.19M) | Time:60:57:29.59 | Mem:237.00M, Peak:237.00M | Scene | Updating Images | Loading island_tree_01_leaves_diff_1k.png.012
Fra:1 Mem:1354.66M (Peak 1715.19M) | Time:60:57:29.59 | Mem:239.00M, Peak:239.00M | Scene | Updating Images | Loading pine_sapling_small_twig_diff_1k.png.009
Fra:1 Mem:1355.67M (Peak 1715.19M) | Time:60:57:29.59 | Mem:245.00M, Peak:245.00M | Scene | Updating Images | Loading pine_sapling_small_twig_alpha_1k.png.009
Fra:1 Mem:1355.67M (Peak 1715.19M) | Time:60:57:29.59 | Mem:245.00M, Peak:245.00M | Scene | Updating Images | Loading fern_02_diff_1k.png.003
Fra:1 Mem:1354.65M (Peak 1715.19M) | Time:60:57:29.59 | Mem:247.00M, Peak:247.00M | Scene | Updating Images | Loading island_tree_01_leaves_diff_1k.png.010
Fra:1 Mem:1355.65M (Peak 1715.19M) | Time:60:57:29.59 | Mem:248.00M, Peak:248.00M | Scene | Updating Images | Loading island_tree_01_leaves_alpha_1k.png.010
Fra:1 Mem:1355.65M (Peak 1715.19M) | Time:60:57:29.59 | Mem:249.00M, Peak:249.00M | Scene | Updating Images | Loading pine_sapling_small_twig_alpha_1k.png.011
Fra:1 Mem:1355.65M (Peak 1715.19M) | Time:60:57:29.59 | Mem:253.00M, Peak:253.00M | Scene | Updating Images | Loading island_tree_02_leaves_diff_1k.png.010
Fra:1 Mem:1355.65M (Peak 1715.19M) | Time:60:57:29.59 | Mem:254.00M, Peak:254.00M | Scene | Updating Images | Loading island_tree_02_leaves_alpha_1k.png.010
Fra:1 Mem:1360.65M (Peak 1715.19M) | Time:60:57:29.59 | Mem:255.00M, Peak:255.00M | Scene | Updating Images | Loading pine_sapling_small_twig_diff_1k.png.010
Fra:1 Mem:1360.65M (Peak 1715.19M) | Time:60:57:29.59 | Mem:260.00M, Peak:260.00M | Scene | Updating Images | Loading pine_sapling_small_twig_alpha_1k.png.010
Fra:1 Mem:1365.67M (Peak 1715.19M) | Time:60:57:29.60 | Mem:261.00M, Peak:261.00M | Scene | Updating Images | Loading pine_sapling_small_twig_diff_1k.png.011
Fra:1 Mem:1364.66M (Peak 1715.19M) | Time:60:57:29.60 | Mem:262.00M, Peak:262.00M | Scene | Updating Images | Loading fern_02_diff_1k.png.004
Fra:1 Mem:1365.66M (Peak 1715.19M) | Time:60:57:29.60 | Mem:262.00M, Peak:262.00M | Scene | Updating Images | Loading island_tree_01_leaves_diff_1k.png.011
Fra:1 Mem:1366.66M (Peak 1715.19M) | Time:60:57:29.60 | Mem:263.00M, Peak:263.00M | Scene | Updating Images | Loading island_tree_01_leaves_alpha_1k.png.011
Fra:1 Mem:1366.66M (Peak 1715.19M) | Time:60:57:29.60 | Mem:263.00M, Peak:263.00M | Scene | Updating Images | Loading island_tree_02_leaves_diff_1k.png.011
Fra:1 Mem:1367.65M (Peak 1715.19M) | Time:60:57:29.60 | Mem:265.00M, Peak:265.00M | Scene | Updating Images | Loading island_tree_02_leaves_alpha_1k.png.011
DETAIL CONTACT daguanyuan_gate wood 73680 0.32
Fra:1 Mem:1086.22M (Peak 1716.54M) | Time:60:57:30.44 | Mem:0.00M, Peak:0.00M | Scene | Synchronizing object | daguanyuan_gate_stone.001
Fra:1 Mem:1086.22M (Peak 1716.54M) | Time:60:57:30.44 | Mem:0.00M, Peak:0.00M | Scene | Synchronizing object | daguanyuan_gate_furniture
Fra:1 Mem:1086.52M (Peak 1716.54M) | Time:60:57:30.44 | Mem:0.00M, Peak:0.00M | Scene | Synchronizing object | daguanyuan_gate_latticewood.001
Fra:1 Mem:1086.74M (Peak 1716.54M) | Time:60:57:30.44 | Mem:0.00M, Peak:0.00M | Scene | Synchronizing object | daguanyuan_gate_roof.001
Fra:1 Mem:1086.74M (Peak 1716.54M) | Time:60:57:30.44 | Mem:0.00M, Peak:0.00M | Scene | Synchronizing object | daguanyuan_gate_tilelight.001
Fra:1 Mem:1087.98M (Peak 1716.54M) | Time:60:57:30.44 | Mem:0.00M, Peak:0.00M | Scene | Synchronizing object | daguanyuan_gate_limestone.001
Fra:1 Mem:1088.29M (Peak 1716.54M) | Time:60:57:30.44 | Mem:0.00M, Peak:0.00M | Scene | Synchronizing object | daguanyuan_gate_tile.001
Fra:1 Mem:1088.45M (Peak 1716.54M) | Time:60:57:30.44 | Mem:0.00M, Peak:0.00M | Scene | Synchronizing object | daguanyuan_gate_tiledark.001
Fra:1 Mem:1093.10M (Peak 1716.54M) | Time:60:57:30.44 | Mem:0.00M, Peak:0.00M | Scene | Initializing
Fra:1 Mem:1093.10M (Peak 1716.54M) | Time:60:57:30.44 | Mem:0.00M, Peak:0.00M | Scene | Updating Images | Loading forest_grove.hdr
Fra:1 Mem:1093.10M (Peak 1716.54M) | Time:60:57:30.44 | Mem:0.00M, Peak:0.00M | Scene | Updating Images | Loading fern_02_rgba.png.003
Fra:1 Mem:1093.10M (Peak 1716.54M) | Time:60:57:30.44 | Mem:0.00M, Peak:0.00M | Scene | Updating Images | Loading r12_stone_diff.001
Fra:1 Mem:1094.10M (Peak 1716.54M) | Time:60:57:30.44 | Mem:0.00M, Peak:0.00M | Scene | Updating Images | Loading r12_cutstone_rough.001
Fra:1 Mem:1094.12M (Peak 1716.54M) | Time:60:57:30.44 | Mem:1.00M, Peak:1.00M | Scene | Updating Images | Loading island_tree_01_leaves_rgba.png.007
Fra:1 Mem:1094.37M (Peak 1716.54M) | Time:60:57:30.44 | Mem:1.25M, Peak:1.25M | Scene | Updating Images | Loading pine_sapling_small_twig_rgba.png.003
Fra:1 Mem:1094.62M (Peak 1716.54M) | Time:60:57:30.44 | Mem:1.50M, Peak:1.50M | Scene | Updating Images | Loading island_tree_02_leaves_rgba.png.003
Fra:1 Mem:1100.88M (Peak 1716.54M) | Time:60:57:30.44 | Mem:1.75M, Peak:1.75M | Scene | Updating Images | Loading island_tree_01_leaves_rgba.png.006
Fra:1 Mem:1101.13M (Peak 1716.54M) | Time:60:57:30.44 | Mem:2.00M, Peak:2.00M | Scene | Updating Images | Loading fern_02_rgba.png.002
Fra:1 Mem:1111.14M (Peak 1716.54M) | Time:60:57:30.44 | Mem:3.00M, Peak:3.00M | Scene | Updating Images | Loading r12_darkwood_diff.001
Fra:1 Mem:1110.13M (Peak 1716.54M) | Time:60:57:30.44 | Mem:4.00M, Peak:4.00M | Scene | Updating Images | Loading r12_darkwood_nor_gl.001
Fra:1 Mem:1112.13M (Peak 1716.54M) | Time:60:57:30.44 | Mem:5.00M, Peak:5.00M | Scene | Updating Images | Loading r12_darkwood_rough.001
Fra:1 Mem:1113.13M (Peak 1716.54M) | Time:60:57:30.44 | Mem:6.00M, Peak:6.00M | Scene | Updating Images | Loading r12_floorwood_diff.001
Fra:1 Mem:1116.15M (Peak 1716.54M) | Time:60:57:30.45 | Mem:7.00M, Peak:7.00M | Scene | Updating Images | Loading island_tree_01_leaves_rgba.png.005
Fra:1 Mem:1115.14M (Peak 1716.54M) | Time:60:57:30.45 | Mem:8.00M, Peak:8.00M | Scene | Updating Images | Loading r12_floorwood_nor_gl.001
Fra:1 Mem:1114.13M (Peak 1716.54M) | Time:60:57:30.45 | Mem:9.00M, Peak:9.00M | Scene | Updating Images | Loading r12_floorwood_rough.001
Fra:1 Mem:1116.38M (Peak 1716.54M) | Time:60:57:30.45 | Mem:10.00M, Peak:10.00M | Scene | Updating Images | Loading r12_wood_diff.001
Fra:1 Mem:1118.39M (Peak 1716.54M) | Time:60:57:30.45 | Mem:10.25M, Peak:10.25M | Scene | Updating Images | Loading pine_sapling_small_twig_rgba.png.002
Fra:1 Mem:1117.38M (Peak 1716.54M) | Time:60:57:30.45 | Mem:11.25M, Peak:11.25M | Scene | Updating Images | Loading r12_wood_nor_gl.001
Fra:1 Mem:1129.64M (Peak 1716.54M) | Time:60:57:30.45 | Mem:12.25M, Peak:12.25M | Scene | Updating Images | Loading r12_wood_rough.001
Fra:1 Mem:1129.63M (Peak 1716.54M) | Time:60:57:30.45 | Mem:13.25M, Peak:13.25M | Scene | Updating Images | Loading r12_furniture_diff.001
Fra:1 Mem:1130.89M (Peak 1716.54M) | Time:60:57:30.45 | Mem:14.25M, Peak:14.25M | Scene | Updating Images | Loading r12_furniture_nor_gl.001
Fra:1 Mem:1130.63M (Peak 1716.54M) | Time:60:57:30.45 | Mem:14.50M, Peak:14.50M | Scene | Updating Images | Loading island_tree_02_leaves_rgba.png.002
Fra:1 Mem:1131.63M (Peak 1716.54M) | Time:60:57:30.45 | Mem:15.50M, Peak:15.50M | Scene | Updating Images | Loading r12_furniture_rough.001
Fra:1 Mem:1132.88M (Peak 1716.54M) | Time:60:57:30.45 | Mem:15.75M, Peak:15.75M | Scene | Updating Images | Loading island_tree_01_leaves_rgba.png.004
Fra:1 Mem:1133.13M (Peak 1716.54M) | Time:60:57:30.45 | Mem:16.75M, Peak:16.75M | Scene | Updating Images | Loading r12_latticewood_diff.001
Fra:1 Mem:1134.13M (Peak 1716.54M) | Time:60:57:30.45 | Mem:17.00M, Peak:17.00M | Scene | Updating Images | Loading fern_02_rgba.png.001
Fra:1 Mem:1135.13M (Peak 1716.54M) | Time:60:57:30.45 | Mem:18.00M, Peak:18.00M | Scene | Updating Images | Loading r12_latticewood_nor_gl.001
Fra:1 Mem:1136.13M (Peak 1716.54M) | Time:60:57:30.45 | Mem:19.00M, Peak:19.00M | Scene | Updating Images | Loading r12_latticewood_rough.001
Fra:1 Mem:1137.13M (Peak 1716.54M) | Time:60:57:30.45 | Mem:21.00M, Peak:21.00M | Scene | Updating Images | Loading r12_roof_diff.001
Fra:1 Mem:1138.13M (Peak 1716.54M) | Time:60:57:30.45 | Mem:21.00M, Peak:21.00M | Scene | Updating Images | Loading r12_roof_nor_gl.001
Fra:1 Mem:1139.13M (Peak 1716.54M) | Time:60:57:30.45 | Mem:22.00M, Peak:22.00M | Scene | Updating Images | Loading r12_roof_rough.001
Fra:1 Mem:1140.14M (Peak 1716.54M) | Time:60:57:30.45 | Mem:22.00M, Peak:22.00M | Scene | Updating Images | Loading r12_tilelight_diff.001
Fra:1 Mem:1141.14M (Peak 1716.54M) | Time:60:57:30.46 | Mem:23.00M, Peak:23.00M | Scene | Updating Images | Loading r12_tilelight_nor_gl.001
Fra:1 Mem:1143.14M (Peak 1716.54M) | Time:60:57:30.46 | Mem:24.00M, Peak:24.00M | Scene | Updating Images | Loading r12_tilelight_rough.001
Fra:1 Mem:1142.13M (Peak 1716.54M) | Time:60:57:30.46 | Mem:25.00M, Peak:25.00M | Scene | Updating Images | Loading island_tree_01_leaves_rgba.png.003
Fra:1 Mem:1144.39M (Peak 1716.54M) | Time:60:57:30.46 | Mem:26.00M, Peak:26.00M | Scene | Updating Images | Loading r12_tile_diff.001
Fra:1 Mem:1143.38M (Peak 1716.54M) | Time:60:57:30.46 | Mem:27.00M, Peak:27.00M | Scene | Updating Images | Loading r12_tile_nor_gl.001
Fra:1 Mem:1145.39M (Peak 1716.54M) | Time:60:57:30.46 | Mem:27.25M, Peak:27.25M | Scene | Updating Images | Loading pine_sapling_small_twig_rgba.png.001
Fra:1 Mem:1145.63M (Peak 1716.54M) | Time:60:57:30.46 | Mem:29.25M, Peak:29.25M | Scene | Updating Images | Loading r12_tile_rough.001
Fra:1 Mem:1146.63M (Peak 1716.54M) | Time:60:57:30.46 | Mem:30.25M, Peak:30.25M | Scene | Updating Images | Loading r12_tiledark_diff.001
Fra:1 Mem:1147.63M (Peak 1716.54M) | Time:60:57:30.46 | Mem:31.50M, Peak:31.50M | Scene | Updating Images | Loading island_tree_02_leaves_rgba.png.001
Fra:1 Mem:1147.63M (Peak 1716.54M) | Time:60:57:30.46 | Mem:31.50M, Peak:31.50M | Scene | Updating Images | Loading r12_tiledark_nor_gl.001
Fra:1 Mem:1149.89M (Peak 1716.54M) | Time:60:57:30.46 | Mem:32.50M, Peak:32.50M | Scene | Updating Images | Loading r12_tiledark_rough.001
Fra:1 Mem:1150.14M (Peak 1716.54M) | Time:60:57:30.46 | Mem:33.50M, Peak:33.50M | Scene | Updating Images | Loading rock_moss_set_01_diff
Fra:1 Mem:1149.88M (Peak 1716.54M) | Time:60:57:30.46 | Mem:33.75M, Peak:33.75M | Scene | Updating Images | Loading island_tree_01_leaves_rgba.png.002
Fra:1 Mem:1146.13M (Peak 1716.54M) | Time:60:57:30.46 | Mem:34.75M, Peak:34.75M | Scene | Updating Images | Loading rock_moss_set_01_nor_gl
Fra:1 Mem:1151.14M (Peak 1716.54M) | Time:60:57:30.46 | Mem:35.00M, Peak:35.00M | Scene | Updating Images | Loading fern_02_rgba.png
Fra:1 Mem:1152.14M (Peak 1716.54M) | Time:60:57:30.46 | Mem:36.00M, Peak:36.00M | Scene | Updating Images | Loading r12_paving_diff.001
Fra:1 Mem:1152.14M (Peak 1716.54M) | Time:60:57:30.46 | Mem:37.00M, Peak:37.00M | Scene | Updating Images | Loading r12_paving_nor_gl.001
Fra:1 Mem:1153.13M (Peak 1716.54M) | Time:60:57:30.46 | Mem:38.00M, Peak:38.00M | Scene | Updating Images | Loading r12_paving_rough.001
Fra:1 Mem:1154.13M (Peak 1716.54M) | Time:60:57:30.46 | Mem:39.00M, Peak:39.00M | Scene | Updating Images | Loading island_tree_01_diff
Fra:1 Mem:1158.13M (Peak 1716.54M) | Time:60:57:30.46 | Mem:44.00M, Peak:44.00M | Scene | Updating Images | Loading island_tree_01_rough
Fra:1 Mem:1162.13M (Peak 1716.54M) | Time:60:57:30.46 | Mem:44.00M, Peak:44.00M | Scene | Updating Images | Loading island_tree_01_nor_gl
Fra:1 Mem:1166.13M (Peak 1716.54M) | Time:60:57:30.46 | Mem:48.00M, Peak:48.00M | Scene | Updating Images | Loading island_tree_01_leaves_diff-island_tree_01_leaves_alpha
Fra:1 Mem:1170.13M (Peak 1716.54M) | Time:60:57:30.46 | Mem:52.00M, Peak:52.00M | Scene | Updating Images | Loading island_tree_01_leaves_rough
Fra:1 Mem:1181.15M (Peak 1716.54M) | Time:60:57:30.47 | Mem:56.00M, Peak:56.00M | Scene | Updating Images | Loading island_tree_01_leaves_nor_gl
Fra:1 Mem:1185.15M (Peak 1716.54M) | Time:60:57:30.47 | Mem:57.00M, Peak:57.00M | Scene | Updating Images | Loading island_tree_01_branches_diff
Fra:1 Mem:1188.14M (Peak 1716.54M) | Time:60:57:30.47 | Mem:58.00M, Peak:58.00M | Scene | Updating Images | Loading island_tree_01_leaves_rgba.png.001
Fra:1 Mem:1188.14M (Peak 1716.54M) | Time:60:57:30.47 | Mem:62.00M, Peak:62.00M | Scene | Updating Images | Loading island_tree_01_branches_rough
Fra:1 Mem:1197.41M (Peak 1716.54M) | Time:60:57:30.47 | Mem:66.00M, Peak:66.00M | Scene | Updating Images | Loading island_tree_01_branches_nor_gl
Fra:1 Mem:1201.41M (Peak 1716.54M) | Time:60:57:30.47 | Mem:70.00M, Peak:70.00M | Scene | Updating Images | Loading island_tree_01_leaves_diff_1k.png.001
Fra:1 Mem:1201.41M (Peak 1716.54M) | Time:60:57:30.47 | Mem:70.25M, Peak:70.25M | Scene | Updating Images | Loading pine_sapling_small_twig_rgba.png
Fra:1 Mem:1197.40M (Peak 1716.54M) | Time:60:57:30.47 | Mem:74.25M, Peak:74.25M | Scene | Updating Images | Loading island_tree_01_leaves_alpha_1k.png.001
Fra:1 Mem:1196.39M (Peak 1716.54M) | Time:60:57:30.47 | Mem:75.25M, Peak:75.25M | Scene | Updating Images | Loading island_tree_02_diff
Fra:1 Mem:1192.63M (Peak 1716.54M) | Time:60:57:30.47 | Mem:79.25M, Peak:79.25M | Scene | Updating Images | Loading island_tree_02_rough
Fra:1 Mem:1202.64M (Peak 1716.54M) | Time:60:57:30.47 | Mem:83.25M, Peak:83.25M | Scene | Updating Images | Loading island_tree_02_nor_gl
Fra:1 Mem:1202.63M (Peak 1716.54M) | Time:60:57:30.47 | Mem:91.25M, Peak:91.25M | Scene | Updating Images | Loading island_tree_02_leaves_diff-island_tree_02_leaves_alpha
Fra:1 Mem:1202.63M (Peak 1716.54M) | Time:60:57:30.47 | Mem:91.25M, Peak:91.25M | Scene | Updating Images | Loading island_tree_02_leaves_rough
Fra:1 Mem:1210.63M (Peak 1716.54M) | Time:60:57:30.47 | Mem:91.50M, Peak:91.50M | Scene | Updating Images | Loading island_tree_02_leaves_rgba.png
Fra:1 Mem:1210.63M (Peak 1716.54M) | Time:60:57:30.47 | Mem:95.50M, Peak:95.50M | Scene | Updating Images | Loading island_tree_02_leaves_nor_gl
Fra:1 Mem:1218.89M (Peak 1716.54M) | Time:60:57:30.47 | Mem:103.50M, Peak:103.50M | Scene | Updating Images | Loading island_tree_02_leaves_diff_1k.png.001
Fra:1 Mem:1218.89M (Peak 1716.54M) | Time:60:57:30.47 | Mem:108.50M, Peak:108.50M | Scene | Updating Images | Loading island_tree_02_leaves_alpha_1k.png.001
Fra:1 Mem:1214.88M (Peak 1716.54M) | Time:60:57:30.47 | Mem:112.50M, Peak:112.50M | Scene | Updating Images | Loading island_tree_02_branches_diff
Fra:1 Mem:1218.88M (Peak 1716.54M) | Time:60:57:30.47 | Mem:112.50M, Peak:112.50M | Scene | Updating Images | Loading island_tree_02_branches_rough
Fra:1 Mem:1223.89M (Peak 1716.54M) | Time:60:57:30.47 | Mem:116.50M, Peak:116.50M | Scene | Updating Images | Loading island_tree_02_branches_nor_gl
Fra:1 Mem:1227.89M (Peak 1716.54M) | Time:60:57:30.47 | Mem:116.75M, Peak:116.75M | Scene | Updating Images | Loading island_tree_01_leaves_rgba.png
Fra:1 Mem:1228.13M (Peak 1716.54M) | Time:60:57:30.47 | Mem:117.75M, Peak:117.75M | Scene | Updating Images | Loading pine_sapling_small_bark_diff
Fra:1 Mem:1232.13M (Peak 1716.54M) | Time:60:57:30.47 | Mem:121.75M, Peak:121.75M | Scene | Updating Images | Loading pine_sapling_small_bark_rough
Fra:1 Mem:1237.13M (Peak 1716.54M) | Time:60:57:30.47 | Mem:129.75M, Peak:129.75M | Scene | Updating Images | Loading pine_sapling_small_bark_nor_gl
Fra:1 Mem:1241.13M (Peak 1716.54M) | Time:60:57:30.47 | Mem:129.75M, Peak:129.75M | Scene | Updating Images | Loading pine_sapling_small_twig_diff
Fra:1 Mem:1245.13M (Peak 1716.54M) | Time:60:57:30.47 | Mem:130.00M, Peak:130.00M | Scene | Updating Images | Loading fern_02_alpha_1k.png.001
Fra:1 Mem:1245.13M (Peak 1716.54M) | Time:60:57:30.47 | Mem:134.00M, Peak:134.00M | Scene | Updating Images | Loading pine_sapling_small_twig_rough
Fra:1 Mem:1249.13M (Peak 1716.54M) | Time:60:57:30.47 | Mem:139.00M, Peak:139.00M | Scene | Updating Images | Loading pine_sapling_small_twig_nor_gl
Fra:1 Mem:1253.13M (Peak 1716.54M) | Time:60:57:30.47 | Mem:143.00M, Peak:143.00M | Scene | Updating Images | Loading pine_sapling_small_twig_diff_1k.png.001
Fra:1 Mem:1253.13M (Peak 1716.54M) | Time:60:57:30.47 | Mem:143.00M, Peak:143.00M | Scene | Updating Images | Loading pine_sapling_small_twig_alpha_1k.png.001
Fra:1 Mem:1253.13M (Peak 1716.54M) | Time:60:57:30.47 | Mem:147.00M, Peak:147.00M | Scene | Updating Images | Loading island_tree_01_leaves_diff_1k.png.002
Fra:1 Mem:1253.13M (Peak 1716.54M) | Time:60:57:30.47 | Mem:151.00M, Peak:151.00M | Scene | Updating Images | Loading island_tree_01_leaves_alpha_1k.png.002
Fra:1 Mem:1253.13M (Peak 1716.54M) | Time:60:57:30.47 | Mem:152.00M, Peak:152.00M | Scene | Updating Images | Loading island_tree_02_leaves_diff_1k.png.002
Fra:1 Mem:1269.13M (Peak 1716.54M) | Time:60:57:30.48 | Mem:156.00M, Peak:156.00M | Scene | Updating Images | Loading island_tree_02_leaves_alpha_1k.png.002
Fra:1 Mem:1275.14M (Peak 1716.54M) | Time:60:57:30.48 | Mem:157.00M, Peak:157.00M | Scene | Updating Images | Loading pine_sapling_small_twig_diff_1k.png.002
Fra:1 Mem:1275.13M (Peak 1716.54M) | Time:60:57:30.48 | Mem:159.00M, Peak:159.00M | Scene | Updating Images | Loading pine_sapling_small_twig_alpha_1k.png.002
Fra:1 Mem:1275.13M (Peak 1716.54M) | Time:60:57:30.48 | Mem:159.00M, Peak:159.00M | Scene | Updating Images | Loading island_tree_01_leaves_diff_1k.png.003
Fra:1 Mem:1275.13M (Peak 1716.54M) | Time:60:57:30.48 | Mem:159.00M, Peak:159.00M | Scene | Updating Images | Loading island_tree_01_leaves_alpha_1k.png.003
Fra:1 Mem:1275.13M (Peak 1716.54M) | Time:60:57:30.48 | Mem:160.00M, Peak:160.00M | Scene | Updating Images | Loading island_tree_02_leaves_diff_1k.png.003
Fra:1 Mem:1275.13M (Peak 1716.54M) | Time:60:57:30.48 | Mem:160.00M, Peak:160.00M | Scene | Updating Images | Loading island_tree_02_leaves_alpha_1k.png.003
Fra:1 Mem:1276.13M (Peak 1716.54M) | Time:60:57:30.48 | Mem:164.00M, Peak:164.00M | Scene | Updating Images | Loading pine_sapling_small_twig_diff_1k.png.003
Fra:1 Mem:1293.14M (Peak 1716.54M) | Time:60:57:30.48 | Mem:165.00M, Peak:165.00M | Scene | Updating Images | Loading pine_sapling_small_twig_alpha_1k.png.003
Fra:1 Mem:1300.17M (Peak 1716.54M) | Time:60:57:30.49 | Mem:166.00M, Peak:166.00M | Scene | Updating Images | Loading island_tree_01_leaves_diff_1k.png.004
Fra:1 Mem:1298.15M (Peak 1716.54M) | Time:60:57:30.49 | Mem:167.00M, Peak:167.00M | Scene | Updating Images | Loading island_tree_01_leaves_alpha_1k.png.004
Fra:1 Mem:1298.15M (Peak 1716.54M) | Time:60:57:30.49 | Mem:167.00M, Peak:167.00M | Scene | Updating Images | Loading island_tree_02_leaves_diff_1k.png.004
Fra:1 Mem:1298.15M (Peak 1716.54M) | Time:60:57:30.49 | Mem:168.00M, Peak:168.00M | Scene | Updating Images | Loading island_tree_02_leaves_alpha_1k.png.004
Fra:1 Mem:1299.15M (Peak 1716.54M) | Time:60:57:30.49 | Mem:170.00M, Peak:170.00M | Scene | Updating Images | Loading pine_sapling_small_twig_diff_1k.png.004
Fra:1 Mem:1299.15M (Peak 1716.54M) | Time:60:57:30.49 | Mem:170.00M, Peak:170.00M | Scene | Updating Images | Loading pine_sapling_small_twig_alpha_1k.png.004
Fra:1 Mem:1299.14M (Peak 1716.54M) | Time:60:57:30.49 | Mem:171.00M, Peak:171.00M | Scene | Updating Images | Loading island_tree_01_leaves_diff_1k.png.005
Fra:1 Mem:1290.15M (Peak 1716.54M) | Time:60:57:30.49 | Mem:172.00M, Peak:172.00M | Scene | Updating Images | Loading island_tree_01_leaves_alpha_1k.png.005
Fra:1 Mem:1291.15M (Peak 1716.54M) | Time:60:57:30.49 | Mem:174.00M, Peak:174.00M | Scene | Updating Images | Loading island_tree_02_leaves_diff_1k.png.005
Fra:1 Mem:1292.15M (Peak 1716.54M) | Time:60:57:30.49 | Mem:174.00M, Peak:174.00M | Scene | Updating Images | Loading island_tree_02_leaves_alpha_1k.png.005
Fra:1 Mem:1293.15M (Peak 1716.54M) | Time:60:57:30.49 | Mem:176.00M, Peak:176.00M | Scene | Updating Images | Loading pine_sapling_small_twig_diff_1k.png.005
Fra:1 Mem:1292.14M (Peak 1716.54M) | Time:60:57:30.49 | Mem:177.00M, Peak:177.00M | Scene | Updating Images | Loading pine_sapling_small_twig_alpha_1k.png.005
Fra:1 Mem:1292.14M (Peak 1716.54M) | Time:60:57:30.49 | Mem:178.00M, Peak:178.00M | Scene | Updating Images | Loading island_tree_01_leaves_diff_1k.png.006
Fra:1 Mem:1292.15M (Peak 1716.54M) | Time:60:57:30.49 | Mem:178.00M, Peak:178.00M | Scene | Updating Images | Loading island_tree_01_leaves_alpha_1k.png.006
Fra:1 Mem:1292.13M (Peak 1716.54M) | Time:60:57:30.49 | Mem:195.00M, Peak:195.00M | Scene | Updating Images | Loading fern_02_alpha_1k.png
Fra:1 Mem:1292.13M (Peak 1716.54M) | Time:60:57:30.49 | Mem:196.00M, Peak:196.00M | Scene | Updating Images | Loading island_tree_02_leaves_diff_1k.png.006
Fra:1 Mem:1293.13M (Peak 1716.54M) | Time:60:57:30.49 | Mem:198.00M, Peak:198.00M | Scene | Updating Images | Loading island_tree_02_leaves_alpha_1k.png.006
Fra:1 Mem:1309.13M (Peak 1716.54M) | Time:60:57:30.49 | Mem:199.00M, Peak:199.00M | Scene | Updating Images | Loading pine_sapling_small_twig_diff_1k.png.006
Fra:1 Mem:1313.13M (Peak 1716.54M) | Time:60:57:30.50 | Mem:200.00M, Peak:200.00M | Scene | Updating Images | Loading pine_sapling_small_twig_alpha_1k.png.006
Fra:1 Mem:1313.13M (Peak 1716.54M) | Time:60:57:30.50 | Mem:201.00M, Peak:201.00M | Scene | Updating Images | Loading island_tree_01_leaves_diff_1k.png.007
Fra:1 Mem:1316.14M (Peak 1716.54M) | Time:60:57:30.50 | Mem:202.00M, Peak:202.00M | Scene | Updating Images | Loading island_tree_01_leaves_alpha_1k.png.007
Fra:1 Mem:1316.14M (Peak 1716.54M) | Time:60:57:30.50 | Mem:202.00M, Peak:202.00M | Scene | Updating Images | Loading island_tree_02_leaves_diff_1k.png.007
Fra:1 Mem:1316.14M (Peak 1716.54M) | Time:60:57:30.50 | Mem:203.00M, Peak:203.00M | Scene | Updating Images | Loading island_tree_02_leaves_alpha_1k.png.007
Fra:1 Mem:1316.13M (Peak 1716.54M) | Time:60:57:30.50 | Mem:204.00M, Peak:204.00M | Scene | Updating Images | Loading pine_sapling_small_twig_diff_1k.png.007
Fra:1 Mem:1316.13M (Peak 1716.54M) | Time:60:57:30.50 | Mem:204.00M, Peak:204.00M | Scene | Updating Images | Loading pine_sapling_small_twig_alpha_1k.png.007
Fra:1 Mem:1318.14M (Peak 1716.54M) | Time:60:57:30.50 | Mem:205.00M, Peak:205.00M | Scene | Updating Images | Loading island_tree_01_leaves_diff_1k.png.008
Fra:1 Mem:1320.14M (Peak 1716.54M) | Time:60:57:30.50 | Mem:206.00M, Peak:206.00M | Scene | Updating Images | Loading island_tree_01_leaves_alpha_1k.png.008
Fra:1 Mem:1339.15M (Peak 1716.54M) | Time:60:57:30.50 | Mem:209.00M, Peak:209.00M | Scene | Updating Images | Loading island_tree_02_leaves_diff_1k.png.008
Fra:1 Mem:1339.15M (Peak 1716.54M) | Time:60:57:30.50 | Mem:210.00M, Peak:210.00M | Scene | Updating Images | Loading island_tree_02_leaves_alpha_1k.png.008
Fra:1 Mem:1340.15M (Peak 1716.54M) | Time:60:57:30.50 | Mem:211.00M, Peak:211.00M | Scene | Updating Images | Loading pine_sapling_small_twig_diff_1k.png.008
Fra:1 Mem:1341.15M (Peak 1716.54M) | Time:60:57:30.51 | Mem:212.00M, Peak:212.00M | Scene | Updating Images | Loading pine_sapling_small_twig_alpha_1k.png.008
Fra:1 Mem:1342.15M (Peak 1716.54M) | Time:60:57:30.51 | Mem:212.00M, Peak:212.00M | Scene | Updating Images | Loading fern_02_diff_1k.png.002
Fra:1 Mem:1341.14M (Peak 1716.54M) | Time:60:57:30.51 | Mem:213.00M, Peak:213.00M | Scene | Updating Images | Loading fern_02_rough
Fra:1 Mem:1346.14M (Peak 1716.54M) | Time:60:57:30.51 | Mem:214.00M, Peak:214.00M | Scene | Updating Images | Loading fern_02_nor_gl
Fra:1 Mem:1341.14M (Peak 1716.54M) | Time:60:57:30.51 | Mem:215.00M, Peak:215.00M | Scene | Updating Images | Loading island_tree_01_leaves_diff_1k.png.009
Fra:1 Mem:1341.14M (Peak 1716.54M) | Time:60:57:30.51 | Mem:215.00M, Peak:215.00M | Scene | Updating Images | Loading island_tree_01_leaves_alpha_1k.png.009
Fra:1 Mem:1342.15M (Peak 1716.54M) | Time:60:57:30.51 | Mem:216.00M, Peak:216.00M | Scene | Updating Images | Loading island_tree_02_leaves_diff_1k.png.009
Fra:1 Mem:1342.14M (Peak 1716.54M) | Time:60:57:30.51 | Mem:219.00M, Peak:219.00M | Scene | Updating Images | Loading island_tree_02_leaves_alpha_1k.png.009
Fra:1 Mem:1345.14M (Peak 1716.54M) | Time:60:57:30.51 | Mem:235.00M, Peak:235.00M | Scene | Updating Images | Loading fern_02_diff_1k.png.005
Fra:1 Mem:1345.14M (Peak 1716.54M) | Time:60:57:30.51 | Mem:237.00M, Peak:237.00M | Scene | Updating Images | Loading pine_sapling_small_twig_diff_1k.png.009
Fra:1 Mem:1350.15M (Peak 1716.54M) | Time:60:57:30.51 | Mem:237.00M, Peak:237.00M | Scene | Updating Images | Loading pine_sapling_small_twig_alpha_1k.png.009
Fra:1 Mem:1357.15M (Peak 1716.54M) | Time:60:57:30.51 | Mem:239.00M, Peak:239.00M | Scene | Updating Images | Loading fern_02_diff_1k.png.003
Fra:1 Mem:1353.14M (Peak 1716.54M) | Time:60:57:30.51 | Mem:240.00M, Peak:240.00M | Scene | Updating Images | Loading island_tree_01_leaves_diff_1k.png.010
Fra:1 Mem:1349.13M (Peak 1716.54M) | Time:60:57:30.51 | Mem:244.00M, Peak:244.00M | Scene | Updating Images | Loading island_tree_01_leaves_alpha_1k.png.010
Fra:1 Mem:1349.13M (Peak 1716.54M) | Time:60:57:30.51 | Mem:248.00M, Peak:248.00M | Scene | Updating Images | Loading island_tree_02_leaves_diff_1k.png.010
Fra:1 Mem:1352.14M (Peak 1716.54M) | Time:60:57:30.52 | Mem:252.00M, Peak:252.00M | Scene | Updating Images | Loading island_tree_02_leaves_alpha_1k.png.010
Fra:1 Mem:1355.13M (Peak 1716.54M) | Time:60:57:30.52 | Mem:253.00M, Peak:253.00M | Scene | Updating Images | Loading pine_sapling_small_twig_diff_1k.png.010
Fra:1 Mem:1357.14M (Peak 1716.54M) | Time:60:57:30.52 | Mem:254.00M, Peak:254.00M | Scene | Updating Images | Loading pine_sapling_small_twig_alpha_1k.png.010
Fra:1 Mem:1358.13M (Peak 1716.54M) | Time:60:57:30.52 | Mem:255.00M, Peak:255.00M | Scene | Updating Images | Loading fern_02_diff_1k.png.004
Fra:1 Mem:1360.14M (Peak 1716.54M) | Time:60:57:30.52 | Mem:259.00M, Peak:259.00M | Scene | Updating Images | Loading island_tree_01_leaves_alpha_1k.png.012
Fra:1 Mem:1362.15M (Peak 1716.54M) | Time:60:57:30.52 | Mem:260.00M, Peak:260.00M | Scene | Updating Images | Loading island_tree_01_leaves_diff_1k.png.011
Fra:1 Mem:1361.14M (Peak 1716.54M) | Time:60:57:30.52 | Mem:261.00M, Peak:261.00M | Scene | Updating Images | Loading island_tree_01_leaves_alpha_1k.png.011
Fra:1 Mem:1362.13M (Peak 1716.54M) | Time:60:57:30.52 | Mem:264.00M, Peak:264.00M | Scene | Updating Images | Loading island_tree_02_leaves_diff_1k.png.011
Fra:1 Mem:1362.13M (Peak 1716.54M) | Time:60:57:30.52 | Mem:264.00M, Peak:264.00M | Scene | Updating Images | Loading island_tree_02_leaves_alpha_1k.png.011
Fra:1 Mem:1362.13M (Peak 1716.54M) | Time:60:57:30.52 | Mem:264.00M, Peak:264.00M | Scene | Updating Images | Loading pine_sapling_small_twig_diff_1k.png.011
Fra:1 Mem:1362.13M (Peak 1716.54M) | Time:60:57:30.52 | Mem:264.00M, Peak:264.00M | Scene | Updating Images | Loading pine_sapling_small_twig_alpha_1k.png.011
Fra:1 Mem:1366.13M (Peak 1716.54M) | Time:60:57:30.52 | Mem:265.00M, Peak:265.00M | Scene | Updating Images | Loading island_tree_01_leaves_diff_1k.png.012
DETAIL CONTACT daguanyuan_gate furniture 2688 0.32
Fra:1 Mem:1086.49M (Peak 1716.54M) | Time:60:57:30.83 | Mem:0.00M, Peak:0.00M | Scene | Synchronizing object | daguanyuan_gate_stone.001
Fra:1 Mem:1086.49M (Peak 1716.54M) | Time:60:57:30.83 | Mem:0.00M, Peak:0.00M | Scene | Synchronizing object | daguanyuan_gate_furniture
Fra:1 Mem:1086.52M (Peak 1716.54M) | Time:60:57:30.83 | Mem:0.00M, Peak:0.00M | Scene | Synchronizing object | daguanyuan_gate_latticewood.001
Fra:1 Mem:1086.65M (Peak 1716.54M) | Time:60:57:30.83 | Mem:0.00M, Peak:0.00M | Scene | Synchronizing object | daguanyuan_gate_paving.001
Fra:1 Mem:1086.97M (Peak 1716.54M) | Time:60:57:30.83 | Mem:0.00M, Peak:0.00M | Scene | Synchronizing object | daguanyuan_gate_limestone.001
Fra:1 Mem:1087.16M (Peak 1716.54M) | Time:60:57:30.83 | Mem:0.00M, Peak:0.00M | Scene | Synchronizing object | daguanyuan_gate_screen
Fra:1 Mem:1087.18M (Peak 1716.54M) | Time:60:57:30.83 | Mem:0.00M, Peak:0.00M | Scene | Synchronizing object | daguanyuan_gate_roof.001
Fra:1 Mem:1087.21M (Peak 1716.54M) | Time:60:57:30.83 | Mem:0.00M, Peak:0.00M | Scene | Synchronizing object | daguanyuan_gate_tilelight.001
Fra:1 Mem:1087.47M (Peak 1716.54M) | Time:60:57:30.83 | Mem:0.00M, Peak:0.00M | Scene | Synchronizing object | daguanyuan_gate_tile.001
Fra:1 Mem:1087.61M (Peak 1716.54M) | Time:60:57:30.83 | Mem:0.00M, Peak:0.00M | Scene | Synchronizing object | daguanyuan_gate_tiledark.001
Fra:1 Mem:1093.37M (Peak 1716.54M) | Time:60:57:30.83 | Mem:0.00M, Peak:0.00M | Scene | Initializing
Fra:1 Mem:1093.37M (Peak 1716.54M) | Time:60:57:30.83 | Mem:0.00M, Peak:0.00M | Scene | Updating Images | Loading fern_02_rgba.png.003
Fra:1 Mem:1094.37M (Peak 1716.54M) | Time:60:57:30.83 | Mem:0.00M, Peak:0.00M | Scene | Updating Images | Loading forest_grove.hdr
Fra:1 Mem:1094.37M (Peak 1716.54M) | Time:60:57:30.83 | Mem:0.00M, Peak:0.00M | Scene | Updating Images | Loading r12_stone_rough.001
Fra:1 Mem:1094.37M (Peak 1716.54M) | Time:60:57:30.83 | Mem:0.00M, Peak:0.00M | Scene | Updating Images | Loading r12_cutstone_diff.001
Fra:1 Mem:1094.37M (Peak 1716.54M) | Time:60:57:30.83 | Mem:0.00M, Peak:0.00M | Scene | Updating Images | Loading r12_cutstone_nor_gl.001
Fra:1 Mem:1094.37M (Peak 1716.54M) | Time:60:57:30.83 | Mem:0.00M, Peak:0.00M | Scene | Updating Images | Loading r12_cutstone_rough.001
Fra:1 Mem:1094.40M (Peak 1716.54M) | Time:60:57:30.83 | Mem:1.00M, Peak:1.00M | Scene | Updating Images | Loading island_tree_01_leaves_rgba.png.007
Fra:1 Mem:1094.65M (Peak 1716.54M) | Time:60:57:30.83 | Mem:1.25M, Peak:1.25M | Scene | Updating Images | Loading pine_sapling_small_twig_rgba.png.003
Fra:1 Mem:1094.90M (Peak 1716.54M) | Time:60:57:30.83 | Mem:1.50M, Peak:1.50M | Scene | Updating Images | Loading island_tree_02_leaves_rgba.png.003
Fra:1 Mem:1100.15M (Peak 1716.54M) | Time:60:57:30.83 | Mem:1.75M, Peak:1.75M | Scene | Updating Images | Loading island_tree_01_leaves_rgba.png.006
Fra:1 Mem:1101.41M (Peak 1716.54M) | Time:60:57:30.83 | Mem:2.00M, Peak:2.00M | Scene | Updating Images | Loading fern_02_rgba.png.002
Fra:1 Mem:1111.42M (Peak 1716.54M) | Time:60:57:30.83 | Mem:3.00M, Peak:3.00M | Scene | Updating Images | Loading r12_darkwood_diff.001
Fra:1 Mem:1111.41M (Peak 1716.54M) | Time:60:57:30.83 | Mem:4.00M, Peak:4.00M | Scene | Updating Images | Loading r12_darkwood_nor_gl.001
Fra:1 Mem:1113.42M (Peak 1716.54M) | Time:60:57:30.83 | Mem:5.00M, Peak:5.00M | Scene | Updating Images | Loading r12_darkwood_rough.001
Fra:1 Mem:1112.41M (Peak 1716.54M) | Time:60:57:30.83 | Mem:6.00M, Peak:6.00M | Scene | Updating Images | Loading r12_floorwood_diff.001
Fra:1 Mem:1114.41M (Peak 1716.54M) | Time:60:57:30.83 | Mem:7.00M, Peak:7.00M | Scene | Updating Images | Loading island_tree_01_leaves_rgba.png.005
Fra:1 Mem:1114.66M (Peak 1716.54M) | Time:60:57:30.84 | Mem:7.25M, Peak:7.25M | Scene | Updating Images | Loading pine_sapling_small_twig_rgba.png.002
Fra:1 Mem:1116.92M (Peak 1716.54M) | Time:60:57:30.84 | Mem:8.25M, Peak:8.25M | Scene | Updating Images | Loading r12_floorwood_nor_gl.001
Fra:1 Mem:1126.92M (Peak 1716.54M) | Time:60:57:30.84 | Mem:9.25M, Peak:9.25M | Scene | Updating Images | Loading r12_floorwood_rough.001
Fra:1 Mem:1125.91M (Peak 1716.54M) | Time:60:57:30.84 | Mem:10.25M, Peak:10.25M | Scene | Updating Images | Loading r12_wood_diff.001
Fra:1 Mem:1127.91M (Peak 1716.54M) | Time:60:57:30.84 | Mem:10.50M, Peak:10.50M | Scene | Updating Images | Loading island_tree_02_leaves_rgba.png.002
Fra:1 Mem:1126.90M (Peak 1716.54M) | Time:60:57:30.84 | Mem:11.50M, Peak:11.50M | Scene | Updating Images | Loading r12_wood_nor_gl.001
Fra:1 Mem:1130.17M (Peak 1716.54M) | Time:60:57:30.84 | Mem:12.50M, Peak:12.50M | Scene | Updating Images | Loading r12_wood_rough.001
Fra:1 Mem:1130.17M (Peak 1716.54M) | Time:60:57:30.84 | Mem:12.75M, Peak:12.75M | Scene | Updating Images | Loading island_tree_01_leaves_rgba.png.004
Fra:1 Mem:1129.16M (Peak 1716.54M) | Time:60:57:30.84 | Mem:13.75M, Peak:13.75M | Scene | Updating Images | Loading r12_furniture_diff.001
Fra:1 Mem:1131.41M (Peak 1716.54M) | Time:60:57:30.84 | Mem:14.75M, Peak:14.75M | Scene | Updating Images | Loading r12_furniture_nor_gl.001
Fra:1 Mem:1132.41M (Peak 1716.54M) | Time:60:57:30.84 | Mem:15.00M, Peak:15.00M | Scene | Updating Images | Loading fern_02_rgba.png.001
Fra:1 Mem:1135.42M (Peak 1716.54M) | Time:60:57:30.84 | Mem:17.00M, Peak:17.00M | Scene | Updating Images | Loading r12_furniture_rough.001
Fra:1 Mem:1134.40M (Peak 1716.54M) | Time:60:57:30.84 | Mem:19.00M, Peak:19.00M | Scene | Updating Images | Loading r12_latticewood_diff.001
Fra:1 Mem:1134.40M (Peak 1716.54M) | Time:60:57:30.84 | Mem:19.00M, Peak:19.00M | Scene | Updating Images | Loading r12_latticewood_nor_gl.001
Fra:1 Mem:1139.43M (Peak 1716.54M) | Time:60:57:30.84 | Mem:19.00M, Peak:19.00M | Scene | Updating Images | Loading r12_latticewood_rough.001
Fra:1 Mem:1138.42M (Peak 1716.54M) | Time:60:57:30.84 | Mem:20.00M, Peak:20.00M | Scene | Updating Images | Loading r12_roof_diff.001
Fra:1 Mem:1138.42M (Peak 1716.54M) | Time:60:57:30.84 | Mem:20.00M, Peak:20.00M | Scene | Updating Images | Loading r12_roof_nor_gl.001
Fra:1 Mem:1138.42M (Peak 1716.54M) | Time:60:57:30.84 | Mem:21.00M, Peak:21.00M | Scene | Updating Images | Loading island_tree_01_leaves_rgba.png.003
Fra:1 Mem:1137.40M (Peak 1716.54M) | Time:60:57:30.84 | Mem:22.00M, Peak:22.00M | Scene | Updating Images | Loading r12_roof_rough.001
Fra:1 Mem:1140.66M (Peak 1716.54M) | Time:60:57:30.85 | Mem:22.25M, Peak:22.25M | Scene | Updating Images | Loading pine_sapling_small_twig_rgba.png.001
Fra:1 Mem:1140.91M (Peak 1716.54M) | Time:60:57:30.85 | Mem:23.25M, Peak:23.25M | Scene | Updating Images | Loading r12_tilelight_diff.001
Fra:1 Mem:1141.91M (Peak 1716.54M) | Time:60:57:30.85 | Mem:25.25M, Peak:25.25M | Scene | Updating Images | Loading r12_tilelight_nor_gl.001
Fra:1 Mem:1142.91M (Peak 1716.54M) | Time:60:57:30.85 | Mem:25.50M, Peak:25.50M | Scene | Updating Images | Loading island_tree_02_leaves_rgba.png.001
Fra:1 Mem:1143.16M (Peak 1716.54M) | Time:60:57:30.85 | Mem:26.50M, Peak:26.50M | Scene | Updating Images | Loading r12_tilelight_rough.001
Fra:1 Mem:1145.43M (Peak 1716.54M) | Time:60:57:30.85 | Mem:27.50M, Peak:27.50M | Scene | Updating Images | Loading r12_tile_diff.001
Fra:1 Mem:1145.17M (Peak 1716.54M) | Time:60:57:30.85 | Mem:27.75M, Peak:27.75M | Scene | Updating Images | Loading island_tree_01_leaves_rgba.png.002
Fra:1 Mem:1145.41M (Peak 1716.54M) | Time:60:57:30.85 | Mem:28.75M, Peak:28.75M | Scene | Updating Images | Loading r12_tile_nor_gl.001
Fra:1 Mem:1146.41M (Peak 1716.54M) | Time:60:57:30.85 | Mem:29.75M, Peak:29.75M | Scene | Updating Images | Loading r12_tile_rough.001
Fra:1 Mem:1147.41M (Peak 1716.54M) | Time:60:57:30.85 | Mem:30.75M, Peak:30.75M | Scene | Updating Images | Loading r12_tiledark_diff.001
Fra:1 Mem:1148.41M (Peak 1716.54M) | Time:60:57:30.85 | Mem:31.00M, Peak:31.00M | Scene | Updating Images | Loading fern_02_rgba.png
Fra:1 Mem:1149.41M (Peak 1716.54M) | Time:60:57:30.85 | Mem:32.00M, Peak:32.00M | Scene | Updating Images | Loading r12_tiledark_nor_gl.001
Fra:1 Mem:1150.41M (Peak 1716.54M) | Time:60:57:30.85 | Mem:33.00M, Peak:33.00M | Scene | Updating Images | Loading r12_tiledark_rough.001
Fra:1 Mem:1150.41M (Peak 1716.54M) | Time:60:57:30.85 | Mem:34.00M, Peak:34.00M | Scene | Updating Images | Loading rock_moss_set_01_diff
Fra:1 Mem:1147.41M (Peak 1716.54M) | Time:60:57:30.85 | Mem:35.00M, Peak:35.00M | Scene | Updating Images | Loading rock_moss_set_01_nor_gl
Fra:1 Mem:1152.42M (Peak 1716.54M) | Time:60:57:30.85 | Mem:36.00M, Peak:36.00M | Scene | Updating Images | Loading r12_paving_diff.001
Fra:1 Mem:1153.42M (Peak 1716.54M) | Time:60:57:30.85 | Mem:37.00M, Peak:37.00M | Scene | Updating Images | Loading island_tree_01_leaves_rgba.png.001
Fra:1 Mem:1152.41M (Peak 1716.54M) | Time:60:57:30.85 | Mem:38.00M, Peak:38.00M | Scene | Updating Images | Loading r12_paving_nor_gl.001
Fra:1 Mem:1154.67M (Peak 1716.54M) | Time:60:57:30.86 | Mem:38.25M, Peak:38.25M | Scene | Updating Images | Loading pine_sapling_small_twig_rgba.png
Fra:1 Mem:1153.66M (Peak 1716.54M) | Time:60:57:30.86 | Mem:39.25M, Peak:39.25M | Scene | Updating Images | Loading r12_paving_rough.001
Fra:1 Mem:1153.91M (Peak 1716.54M) | Time:60:57:30.86 | Mem:40.25M, Peak:40.25M | Scene | Updating Images | Loading island_tree_01_diff
Fra:1 Mem:1158.91M (Peak 1716.54M) | Time:60:57:30.86 | Mem:44.25M, Peak:44.25M | Scene | Updating Images | Loading island_tree_01_rough
Fra:1 Mem:1162.91M (Peak 1716.54M) | Time:60:57:30.86 | Mem:45.25M, Peak:45.25M | Scene | Updating Images | Loading island_tree_01_nor_gl
Fra:1 Mem:1166.91M (Peak 1716.54M) | Time:60:57:30.86 | Mem:45.50M, Peak:45.50M | Scene | Updating Images | Loading island_tree_02_leaves_rgba.png
Fra:1 Mem:1173.18M (Peak 1716.54M) | Time:60:57:30.86 | Mem:49.50M, Peak:49.50M | Scene | Updating Images | Loading island_tree_01_leaves_diff-island_tree_01_leaves_alpha
Fra:1 Mem:1176.17M (Peak 1716.54M) | Time:60:57:30.86 | Mem:50.50M, Peak:50.50M | Scene | Updating Images | Loading island_tree_01_leaves_rough
Fra:1 Mem:1180.17M (Peak 1716.54M) | Time:60:57:30.86 | Mem:50.75M, Peak:50.75M | Scene | Updating Images | Loading island_tree_01_leaves_rgba.png
Fra:1 Mem:1179.16M (Peak 1716.54M) | Time:60:57:30.86 | Mem:51.75M, Peak:51.75M | Scene | Updating Images | Loading island_tree_01_leaves_nor_gl
Fra:1 Mem:1179.15M (Peak 1716.54M) | Time:60:57:30.86 | Mem:55.75M, Peak:55.75M | Scene | Updating Images | Loading island_tree_01_branches_diff
Fra:1 Mem:1183.15M (Peak 1716.54M) | Time:60:57:30.86 | Mem:59.75M, Peak:59.75M | Scene | Updating Images | Loading island_tree_01_branches_rough
Fra:1 Mem:1197.42M (Peak 1716.54M) | Time:60:57:30.86 | Mem:60.00M, Peak:60.00M | Scene | Updating Images | Loading fern_02_alpha_1k.png.001
Fra:1 Mem:1197.42M (Peak 1716.54M) | Time:60:57:30.86 | Mem:64.00M, Peak:64.00M | Scene | Updating Images | Loading island_tree_01_branches_nor_gl
Fra:1 Mem:1217.42M (Peak 1716.54M) | Time:60:57:30.86 | Mem:68.00M, Peak:68.00M | Scene | Updating Images | Loading island_tree_01_leaves_diff_1k.png.001
Fra:1 Mem:1217.42M (Peak 1716.54M) | Time:60:57:30.86 | Mem:72.00M, Peak:72.00M | Scene | Updating Images | Loading island_tree_01_leaves_alpha_1k.png.001
Fra:1 Mem:1213.41M (Peak 1716.54M) | Time:60:57:30.86 | Mem:80.00M, Peak:80.00M | Scene | Updating Images | Loading island_tree_02_diff
Fra:1 Mem:1217.41M (Peak 1716.54M) | Time:60:57:30.86 | Mem:80.00M, Peak:80.00M | Scene | Updating Images | Loading island_tree_02_rough
Fra:1 Mem:1221.41M (Peak 1716.54M) | Time:60:57:30.86 | Mem:84.00M, Peak:84.00M | Scene | Updating Images | Loading island_tree_02_nor_gl
Fra:1 Mem:1225.41M (Peak 1716.54M) | Time:60:57:30.86 | Mem:88.00M, Peak:88.00M | Scene | Updating Images | Loading island_tree_02_leaves_diff-island_tree_02_leaves_alpha
Fra:1 Mem:1229.41M (Peak 1716.54M) | Time:60:57:30.86 | Mem:92.00M, Peak:92.00M | Scene | Updating Images | Loading island_tree_02_leaves_rough
Fra:1 Mem:1234.42M (Peak 1716.54M) | Time:60:57:30.86 | Mem:96.00M, Peak:96.00M | Scene | Updating Images | Loading island_tree_02_leaves_nor_gl
Fra:1 Mem:1239.42M (Peak 1716.54M) | Time:60:57:30.86 | Mem:100.00M, Peak:100.00M | Scene | Updating Images | Loading island_tree_02_leaves_diff_1k.png.001
Fra:1 Mem:1232.41M (Peak 1716.54M) | Time:60:57:30.86 | Mem:101.00M, Peak:101.00M | Scene | Updating Images | Loading island_tree_02_leaves_alpha_1k.png.001
Fra:1 Mem:1232.41M (Peak 1716.54M) | Time:60:57:30.86 | Mem:105.00M, Peak:105.00M | Scene | Updating Images | Loading island_tree_02_branches_diff
Fra:1 Mem:1237.41M (Peak 1716.54M) | Time:60:57:30.87 | Mem:106.00M, Peak:106.00M | Scene | Updating Images | Loading island_tree_02_branches_rough
Fra:1 Mem:1245.41M (Peak 1716.54M) | Time:60:57:30.87 | Mem:107.00M, Peak:107.00M | Scene | Updating Images | Loading island_tree_02_branches_nor_gl
Fra:1 Mem:1250.42M (Peak 1716.54M) | Time:60:57:30.87 | Mem:111.00M, Peak:111.00M | Scene | Updating Images | Loading pine_sapling_small_bark_diff
Fra:1 Mem:1253.41M (Peak 1716.54M) | Time:60:57:30.87 | Mem:115.00M, Peak:115.00M | Scene | Updating Images | Loading pine_sapling_small_bark_rough
Fra:1 Mem:1257.41M (Peak 1716.54M) | Time:60:57:30.87 | Mem:116.00M, Peak:116.00M | Scene | Updating Images | Loading pine_sapling_small_bark_nor_gl
Fra:1 Mem:1257.40M (Peak 1716.54M) | Time:60:57:30.87 | Mem:120.00M, Peak:120.00M | Scene | Updating Images | Loading pine_sapling_small_twig_diff
Fra:1 Mem:1257.40M (Peak 1716.54M) | Time:60:57:30.87 | Mem:124.00M, Peak:124.00M | Scene | Updating Images | Loading pine_sapling_small_twig_rough
Fra:1 Mem:1265.40M (Peak 1716.54M) | Time:60:57:30.87 | Mem:128.00M, Peak:128.00M | Scene | Updating Images | Loading pine_sapling_small_twig_nor_gl
Fra:1 Mem:1269.40M (Peak 1716.54M) | Time:60:57:30.87 | Mem:132.00M, Peak:132.00M | Scene | Updating Images | Loading pine_sapling_small_twig_diff_1k.png.001
Fra:1 Mem:1273.41M (Peak 1716.54M) | Time:60:57:30.87 | Mem:136.00M, Peak:136.00M | Scene | Updating Images | Loading pine_sapling_small_twig_alpha_1k.png.001
Fra:1 Mem:1273.41M (Peak 1716.54M) | Time:60:57:30.87 | Mem:140.00M, Peak:140.00M | Scene | Updating Images | Loading island_tree_01_leaves_diff_1k.png.002
Fra:1 Mem:1273.41M (Peak 1716.54M) | Time:60:57:30.87 | Mem:152.00M, Peak:152.00M | Scene | Updating Images | Loading island_tree_01_leaves_alpha_1k.png.002
Fra:1 Mem:1273.41M (Peak 1716.54M) | Time:60:57:30.87 | Mem:152.00M, Peak:152.00M | Scene | Updating Images | Loading island_tree_02_leaves_diff_1k.png.002
Fra:1 Mem:1269.40M (Peak 1716.54M) | Time:60:57:30.87 | Mem:156.00M, Peak:156.00M | Scene | Updating Images | Loading island_tree_02_leaves_alpha_1k.png.002
Fra:1 Mem:1275.42M (Peak 1716.54M) | Time:60:57:30.87 | Mem:157.00M, Peak:157.00M | Scene | Updating Images | Loading pine_sapling_small_twig_diff_1k.png.002
Fra:1 Mem:1275.42M (Peak 1716.54M) | Time:60:57:30.88 | Mem:158.00M, Peak:158.00M | Scene | Updating Images | Loading pine_sapling_small_twig_alpha_1k.png.002
Fra:1 Mem:1276.42M (Peak 1716.54M) | Time:60:57:30.88 | Mem:160.00M, Peak:160.00M | Scene | Updating Images | Loading island_tree_01_leaves_diff_1k.png.003
Fra:1 Mem:1276.42M (Peak 1716.54M) | Time:60:57:30.88 | Mem:160.00M, Peak:160.00M | Scene | Updating Images | Loading island_tree_01_leaves_alpha_1k.png.003
Fra:1 Mem:1276.42M (Peak 1716.54M) | Time:60:57:30.88 | Mem:160.00M, Peak:160.00M | Scene | Updating Images | Loading island_tree_02_leaves_diff_1k.png.003
Fra:1 Mem:1276.42M (Peak 1716.54M) | Time:60:57:30.88 | Mem:160.00M, Peak:160.00M | Scene | Updating Images | Loading island_tree_02_leaves_alpha_1k.png.003
Fra:1 Mem:1276.40M (Peak 1716.54M) | Time:60:57:30.88 | Mem:161.00M, Peak:161.00M | Scene | Updating Images | Loading pine_sapling_small_twig_diff_1k.png.003
Fra:1 Mem:1277.40M (Peak 1716.54M) | Time:60:57:30.88 | Mem:162.00M, Peak:162.00M | Scene | Updating Images | Loading pine_sapling_small_twig_alpha_1k.png.003
Fra:1 Mem:1277.40M (Peak 1716.54M) | Time:60:57:30.88 | Mem:178.00M, Peak:178.00M | Scene | Updating Images | Loading fern_02_alpha_1k.png
Fra:1 Mem:1277.40M (Peak 1716.54M) | Time:60:57:30.88 | Mem:182.00M, Peak:182.00M | Scene | Updating Images | Loading island_tree_01_leaves_diff_1k.png.004
Fra:1 Mem:1300.42M (Peak 1716.54M) | Time:60:57:30.88 | Mem:184.00M, Peak:184.00M | Scene | Updating Images | Loading island_tree_01_leaves_alpha_1k.png.004
Fra:1 Mem:1300.41M (Peak 1716.54M) | Time:60:57:30.88 | Mem:185.00M, Peak:185.00M | Scene | Updating Images | Loading island_tree_02_leaves_diff_1k.png.004
Fra:1 Mem:1301.42M (Peak 1716.54M) | Time:60:57:30.88 | Mem:187.00M, Peak:187.00M | Scene | Updating Images | Loading island_tree_02_leaves_alpha_1k.png.004
Fra:1 Mem:1300.40M (Peak 1716.54M) | Time:60:57:30.88 | Mem:189.00M, Peak:189.00M | Scene | Updating Images | Loading pine_sapling_small_twig_diff_1k.png.004
Fra:1 Mem:1300.40M (Peak 1716.54M) | Time:60:57:30.88 | Mem:190.00M, Peak:190.00M | Scene | Updating Images | Loading pine_sapling_small_twig_alpha_1k.png.004
Fra:1 Mem:1300.40M (Peak 1716.54M) | Time:60:57:30.88 | Mem:190.00M, Peak:190.00M | Scene | Updating Images | Loading island_tree_01_leaves_diff_1k.png.005
Fra:1 Mem:1300.40M (Peak 1716.54M) | Time:60:57:30.88 | Mem:190.00M, Peak:190.00M | Scene | Updating Images | Loading island_tree_01_leaves_alpha_1k.png.005
Fra:1 Mem:1301.40M (Peak 1716.54M) | Time:60:57:30.88 | Mem:191.00M, Peak:191.00M | Scene | Updating Images | Loading island_tree_02_leaves_diff_1k.png.005
Fra:1 Mem:1308.42M (Peak 1716.54M) | Time:60:57:30.89 | Mem:192.00M, Peak:192.00M | Scene | Updating Images | Loading island_tree_02_leaves_alpha_1k.png.005
Fra:1 Mem:1309.44M (Peak 1716.54M) | Time:60:57:30.89 | Mem:194.00M, Peak:194.00M | Scene | Updating Images | Loading pine_sapling_small_twig_diff_1k.png.005
Fra:1 Mem:1309.44M (Peak 1716.54M) | Time:60:57:30.89 | Mem:194.00M, Peak:194.00M | Scene | Updating Images | Loading pine_sapling_small_twig_alpha_1k.png.005
Fra:1 Mem:1328.45M (Peak 1716.54M) | Time:60:57:30.89 | Mem:195.00M, Peak:195.00M | Scene | Updating Images | Loading island_tree_01_leaves_diff_1k.png.006
Fra:1 Mem:1326.42M (Peak 1716.54M) | Time:60:57:30.89 | Mem:198.00M, Peak:198.00M | Scene | Updating Images | Loading island_tree_01_leaves_alpha_1k.png.006
Fra:1 Mem:1326.42M (Peak 1716.54M) | Time:60:57:30.89 | Mem:198.00M, Peak:198.00M | Scene | Updating Images | Loading island_tree_02_leaves_diff_1k.png.006
Fra:1 Mem:1325.41M (Peak 1716.54M) | Time:60:57:30.89 | Mem:199.00M, Peak:199.00M | Scene | Updating Images | Loading island_tree_02_leaves_alpha_1k.png.006
Fra:1 Mem:1325.41M (Peak 1716.54M) | Time:60:57:30.89 | Mem:200.00M, Peak:200.00M | Scene | Updating Images | Loading pine_sapling_small_twig_diff_1k.png.006
Fra:1 Mem:1311.41M (Peak 1716.54M) | Time:60:57:30.89 | Mem:201.00M, Peak:201.00M | Scene | Updating Images | Loading pine_sapling_small_twig_alpha_1k.png.006
Fra:1 Mem:1316.41M (Peak 1716.54M) | Time:60:57:30.89 | Mem:202.00M, Peak:202.00M | Scene | Updating Images | Loading island_tree_01_leaves_diff_1k.png.007
Fra:1 Mem:1318.41M (Peak 1716.54M) | Time:60:57:30.90 | Mem:220.00M, Peak:220.00M | Scene | Updating Images | Loading fern_02_diff_1k.png.005
Fra:1 Mem:1318.41M (Peak 1716.54M) | Time:60:57:30.90 | Mem:220.00M, Peak:220.00M | Scene | Updating Images | Loading island_tree_01_leaves_alpha_1k.png.007
Fra:1 Mem:1318.41M (Peak 1716.54M) | Time:60:57:30.90 | Mem:220.00M, Peak:220.00M | Scene | Updating Images | Loading island_tree_02_leaves_diff_1k.png.007
Fra:1 Mem:1320.43M (Peak 1716.54M) | Time:60:57:30.90 | Mem:220.00M, Peak:220.00M | Scene | Updating Images | Loading island_tree_02_leaves_alpha_1k.png.007
Fra:1 Mem:1318.40M (Peak 1716.54M) | Time:60:57:30.90 | Mem:222.00M, Peak:222.00M | Scene | Updating Images | Loading pine_sapling_small_twig_diff_1k.png.007
Fra:1 Mem:1318.40M (Peak 1716.54M) | Time:60:57:30.90 | Mem:222.00M, Peak:222.00M | Scene | Updating Images | Loading pine_sapling_small_twig_alpha_1k.png.007
Fra:1 Mem:1318.40M (Peak 1716.54M) | Time:60:57:30.90 | Mem:223.00M, Peak:223.00M | Scene | Updating Images | Loading island_tree_01_leaves_diff_1k.png.008
Fra:1 Mem:1318.40M (Peak 1716.54M) | Time:60:57:30.90 | Mem:224.00M, Peak:224.00M | Scene | Updating Images | Loading island_tree_01_leaves_alpha_1k.png.008
Fra:1 Mem:1330.42M (Peak 1716.54M) | Time:60:57:30.90 | Mem:226.00M, Peak:226.00M | Scene | Updating Images | Loading island_tree_02_leaves_diff_1k.png.008
Fra:1 Mem:1330.42M (Peak 1716.54M) | Time:60:57:30.90 | Mem:228.00M, Peak:228.00M | Scene | Updating Images | Loading island_tree_02_leaves_alpha_1k.png.008
Fra:1 Mem:1330.42M (Peak 1716.54M) | Time:60:57:30.90 | Mem:229.00M, Peak:229.00M | Scene | Updating Images | Loading pine_sapling_small_twig_diff_1k.png.008
Fra:1 Mem:1329.41M (Peak 1716.54M) | Time:60:57:30.90 | Mem:229.00M, Peak:229.00M | Scene | Updating Images | Loading pine_sapling_small_twig_alpha_1k.png.008
Fra:1 Mem:1330.41M (Peak 1716.54M) | Time:60:57:30.90 | Mem:229.00M, Peak:229.00M | Scene | Updating Images | Loading fern_02_diff_1k.png.002
Fra:1 Mem:1329.40M (Peak 1716.54M) | Time:60:57:30.90 | Mem:230.00M, Peak:230.00M | Scene | Updating Images | Loading fern_02_rough
Fra:1 Mem:1333.41M (Peak 1716.54M) | Time:60:57:30.90 | Mem:231.00M, Peak:231.00M | Scene | Updating Images | Loading fern_02_nor_gl
Fra:1 Mem:1337.40M (Peak 1716.54M) | Time:60:57:30.91 | Mem:235.00M, Peak:235.00M | Scene | Updating Images | Loading island_tree_01_leaves_alpha_1k.png.012
Fra:1 Mem:1346.42M (Peak 1716.54M) | Time:60:57:30.91 | Mem:236.00M, Peak:236.00M | Scene | Updating Images | Loading island_tree_01_leaves_diff_1k.png.009
Fra:1 Mem:1346.41M (Peak 1716.54M) | Time:60:57:30.91 | Mem:237.00M, Peak:237.00M | Scene | Updating Images | Loading island_tree_01_leaves_diff_1k.png.012
Fra:1 Mem:1346.41M (Peak 1716.54M) | Time:60:57:30.91 | Mem:238.00M, Peak:238.00M | Scene | Updating Images | Loading island_tree_01_leaves_alpha_1k.png.009
Fra:1 Mem:1346.41M (Peak 1716.54M) | Time:60:57:30.91 | Mem:238.00M, Peak:238.00M | Scene | Updating Images | Loading island_tree_02_leaves_diff_1k.png.009
Fra:1 Mem:1347.41M (Peak 1716.54M) | Time:60:57:30.91 | Mem:239.00M, Peak:239.00M | Scene | Updating Images | Loading island_tree_02_leaves_alpha_1k.png.009
Fra:1 Mem:1348.41M (Peak 1716.54M) | Time:60:57:30.91 | Mem:244.00M, Peak:244.00M | Scene | Updating Images | Loading pine_sapling_small_twig_diff_1k.png.009
Fra:1 Mem:1348.41M (Peak 1716.54M) | Time:60:57:30.91 | Mem:244.00M, Peak:244.00M | Scene | Updating Images | Loading pine_sapling_small_twig_alpha_1k.png.009
Fra:1 Mem:1354.42M (Peak 1716.54M) | Time:60:57:30.91 | Mem:244.00M, Peak:244.00M | Scene | Updating Images | Loading fern_02_diff_1k.png.003
Fra:1 Mem:1352.42M (Peak 1716.54M) | Time:60:57:30.91 | Mem:248.00M, Peak:248.00M | Scene | Updating Images | Loading island_tree_01_leaves_diff_1k.png.010
Fra:1 Mem:1351.41M (Peak 1716.54M) | Time:60:57:30.91 | Mem:251.00M, Peak:251.00M | Scene | Updating Images | Loading pine_sapling_small_twig_alpha_1k.png.011
Fra:1 Mem:1351.41M (Peak 1716.54M) | Time:60:57:30.91 | Mem:252.00M, Peak:252.00M | Scene | Updating Images | Loading island_tree_01_leaves_alpha_1k.png.010
Fra:1 Mem:1351.40M (Peak 1716.54M) | Time:60:57:30.91 | Mem:252.00M, Peak:252.00M | Scene | Updating Images | Loading island_tree_02_leaves_diff_1k.png.010
Fra:1 Mem:1351.40M (Peak 1716.54M) | Time:60:57:30.91 | Mem:253.00M, Peak:253.00M | Scene | Updating Images | Loading island_tree_02_leaves_alpha_1k.png.010
Fra:1 Mem:1353.41M (Peak 1716.54M) | Time:60:57:30.92 | Mem:258.00M, Peak:258.00M | Scene | Updating Images | Loading pine_sapling_small_twig_diff_1k.png.010
Fra:1 Mem:1357.41M (Peak 1716.54M) | Time:60:57:30.92 | Mem:258.00M, Peak:258.00M | Scene | Updating Images | Loading pine_sapling_small_twig_alpha_1k.png.010
Fra:1 Mem:1362.42M (Peak 1716.54M) | Time:60:57:30.92 | Mem:259.00M, Peak:259.00M | Scene | Updating Images | Loading fern_02_diff_1k.png.004
Fra:1 Mem:1365.42M (Peak 1716.54M) | Time:60:57:30.92 | Mem:261.00M, Peak:261.00M | Scene | Updating Images | Loading pine_sapling_small_twig_diff_1k.png.011
Fra:1 Mem:1364.41M (Peak 1716.54M) | Time:60:57:30.92 | Mem:263.00M, Peak:263.00M | Scene | Updating Images | Loading island_tree_01_leaves_diff_1k.png.011
Fra:1 Mem:1364.41M (Peak 1716.54M) | Time:60:57:30.92 | Mem:263.00M, Peak:263.00M | Scene | Updating Images | Loading island_tree_01_leaves_alpha_1k.png.011
Fra:1 Mem:1364.41M (Peak 1716.54M) | Time:60:57:30.92 | Mem:263.00M, Peak:263.00M | Scene | Updating Images | Loading island_tree_02_leaves_diff_1k.png.011
Fra:1 Mem:1368.41M (Peak 1716.54M) | Time:60:57:30.92 | Mem:265.00M, Peak:265.00M | Scene | Updating Images | Loading island_tree_02_leaves_alpha_1k.png.011
DETAIL CONTACT daguanyuan_gate latticewood 7440 0.32
17:35:11 | INFO: Starting glTF 2.0 export
17:35:11 | INFO: Extracting primitive: daguanyuan_gate_cutstone
17:35:11 | INFO: Primitives created: 1
17:35:11 | INFO: Extracting primitive: daguanyuan_gate_darkwood.001
17:35:11 | INFO: Primitives created: 1
17:35:11 | INFO: Extracting primitive: daguanyuan_gate_floorwood
17:35:12 | INFO: Primitives created: 1
17:35:12 | INFO: Extracting primitive: daguanyuan_gate_furniture
17:35:12 | INFO: Primitives created: 1
17:35:12 | INFO: Extracting primitive: daguanyuan_gate_latticewood.001
17:35:12 | INFO: Primitives created: 1
17:35:12 | INFO: Extracting primitive: daguanyuan_gate_limestone.001
17:35:12 | INFO: Primitives created: 1
17:35:12 | INFO: Extracting primitive: daguanyuan_gate_paving.001
17:35:12 | INFO: Primitives created: 1
17:35:12 | INFO: Extracting primitive: daguanyuan_gate_roof.001
17:35:12 | INFO: Primitives created: 1
17:35:12 | INFO: Extracting primitive: daguanyuan_gate_screen
17:35:12 | INFO: Primitives created: 1
17:35:12 | INFO: Extracting primitive: daguanyuan_gate_stone.001
17:35:12 | INFO: Primitives created: 1
17:35:12 | INFO: Extracting primitive: daguanyuan_gate_tile.001
17:35:12 | INFO: Primitives created: 1
17:35:12 | INFO: Extracting primitive: daguanyuan_gate_tiledark.001
17:35:12 | INFO: Primitives created: 1
17:35:12 | INFO: Extracting primitive: daguanyuan_gate_tilelight.001
17:35:12 | INFO: Primitives created: 1
17:35:12 | INFO: Extracting primitive: daguanyuan_gate_wood.001
17:35:12 | INFO: Primitives created: 1
17:35:12 | INFO: Finished glTF 2.0 export in 0.5959343910217285 s

REFERENCE PLACE daguanyuan_gate
17:35:13 | INFO: Starting glTF 2.0 export
17:35:13 | INFO: Extracting primitive: qujingtongyou_bark
17:35:13 | INFO: Primitives created: 1
17:35:13 | INFO: Extracting primitive: qujingtongyou_canopy
17:35:13 | INFO: Primitives created: 1
17:35:13 | INFO: Extracting primitive: qujingtongyou_canopy_light
17:35:14 | INFO: Primitives created: 1
17:35:14 | INFO: Extracting primitive: qujingtongyou_canopy_shadow
17:35:14 | INFO: Primitives created: 1
17:35:14 | INFO: Extracting primitive: qujingtongyou_gardenstone
17:35:14 | INFO: Primitives created: 1
17:35:14 | INFO: Extracting primitive: qujingtongyou_limestone.001
17:35:14 | INFO: Primitives created: 1
17:35:14 | INFO: Finished glTF 2.0 export in 0.0738072395324707 s

REFERENCE PLACE qujingtongyou
Fra:1 Mem:1178.36M (Peak 1716.54M) | Time:60:57:37.16 | Mem:0.00M, Peak:0.00M | Scene | Synchronizing object | xiaoxiangguan_plaster
Fra:1 Mem:1178.36M (Peak 1716.54M) | Time:60:57:37.16 | Mem:0.00M, Peak:0.00M | Scene | Synchronizing object | xiaoxiangguan_darkwood
Fra:1 Mem:1178.45M (Peak 1716.54M) | Time:60:57:37.16 | Mem:0.00M, Peak:0.00M | Scene | Synchronizing object | xiaoxiangguan_floorwood
Fra:1 Mem:1179.78M (Peak 1716.54M) | Time:60:57:37.16 | Mem:0.00M, Peak:0.00M | Scene | Synchronizing object | xiaoxiangguan_lantern
Fra:1 Mem:1180.10M (Peak 1716.54M) | Time:60:57:37.16 | Mem:0.00M, Peak:0.00M | Scene | Synchronizing object | xiaoxiangguan_wood
Fra:1 Mem:1180.20M (Peak 1716.54M) | Time:60:57:37.16 | Mem:0.00M, Peak:0.00M | Scene | Synchronizing object | xiaoxiangguan_latticewood.001
Fra:1 Mem:1180.70M (Peak 1716.54M) | Time:60:57:37.16 | Mem:0.00M, Peak:0.00M | Scene | Synchronizing object | xiaoxiangguan_silk
Fra:1 Mem:1182.15M (Peak 1716.54M) | Time:60:57:37.16 | Mem:0.00M, Peak:0.00M | Scene | Synchronizing object | xiaoxiangguan_gold
Fra:1 Mem:1182.23M (Peak 1716.54M) | Time:60:57:37.16 | Mem:0.00M, Peak:0.00M | Scene | Synchronizing object | xiaoxiangguan_ceramic.001
Fra:1 Mem:1182.32M (Peak 1716.54M) | Time:60:57:37.16 | Mem:0.00M, Peak:0.00M | Scene | Synchronizing object | xiaoxiangguan_tilelight.001
Fra:1 Mem:1184.19M (Peak 1716.54M) | Time:60:57:37.16 | Mem:0.00M, Peak:0.00M | Scene | Synchronizing object | xiaoxiangguan_bookcover.001
Fra:1 Mem:1185.55M (Peak 1716.54M) | Time:60:57:37.16 | Mem:0.00M, Peak:0.00M | Scene | Synchronizing object | xiaoxiangguan_ink.001
Fra:1 Mem:1186.57M (Peak 1716.54M) | Time:60:57:37.16 | Mem:0.00M, Peak:0.00M | Scene | Synchronizing object | xiaoxiangguan_tiledark.001
Fra:1 Mem:1186.89M (Peak 1716.54M) | Time:60:57:37.16 | Mem:0.00M, Peak:0.00M | Scene | Synchronizing object | xiaoxiangguan_ivory.001
Fra:1 Mem:1187.01M (Peak 1716.54M) | Time:60:57:37.16 | Mem:0.00M, Peak:0.00M | Scene | Synchronizing object | xiaoxiangguan_paving.001
Fra:1 Mem:1187.56M (Peak 1716.54M) | Time:60:57:37.16 | Mem:0.00M, Peak:0.00M | Scene | Synchronizing object | xiaoxiangguan_bark
Fra:1 Mem:1188.54M (Peak 1716.54M) | Time:60:57:37.16 | Mem:0.00M, Peak:0.00M | Scene | Synchronizing object | xiaoxiangguan_creamflower
Fra:1 Mem:1189.44M (Peak 1716.54M) | Time:60:57:37.16 | Mem:0.00M, Peak:0.00M | Scene | Synchronizing object | xiaoxiangguan_paper
Fra:1 Mem:1190.07M (Peak 1716.54M) | Time:60:57:37.16 | Mem:0.00M, Peak:0.00M | Scene | Synchronizing object | xiaoxiangguan_leafdark
Fra:1 Mem:1190.07M (Peak 1716.54M) | Time:60:57:37.16 | Mem:0.00M, Peak:0.00M | Scene | Synchronizing object | xiaoxiangguan_furniture
Fra:1 Mem:1190.76M (Peak 1716.54M) | Time:60:57:37.16 | Mem:0.00M, Peak:0.00M | Scene | Synchronizing object | xiaoxiangguan_bankstone
Fra:1 Mem:1193.49M (Peak 1716.54M) | Time:60:57:37.16 | Mem:0.00M, Peak:0.00M | Scene | Synchronizing object | xiaoxiangguan_water.001
Fra:1 Mem:1193.49M (Peak 1716.54M) | Time:60:57:37.16 | Mem:0.00M, Peak:0.00M | Scene | Synchronizing object | xiaoxiangguan_bookcloth.001
Fra:1 Mem:1194.74M (Peak 1716.54M) | Time:60:57:37.16 | Mem:0.00M, Peak:0.00M | Scene | Synchronizing object | xiaoxiangguan_leaf
Fra:1 Mem:1195.20M (Peak 1716.54M) | Time:60:57:37.16 | Mem:0.00M, Peak:0.00M | Scene | Synchronizing object | xiaoxiangguan_bamboo
Fra:1 Mem:1205.97M (Peak 1716.54M) | Time:60:57:37.16 | Mem:0.00M, Peak:0.00M | Scene | Synchronizing object | xiaoxiangguan_lightleaf
Fra:1 Mem:1222.68M (Peak 1716.54M) | Time:60:57:37.17 | Mem:0.00M, Peak:0.00M | Scene | Initializing
Fra:1 Mem:1222.67M (Peak 1716.54M) | Time:60:57:37.17 | Mem:0.00M, Peak:0.00M | Scene | Updating Images | Loading fern_02_rgba.png.003
Fra:1 Mem:1222.67M (Peak 1716.54M) | Time:60:57:37.17 | Mem:0.00M, Peak:0.00M | Scene | Updating Images | Loading r12_stone_diff.001
Fra:1 Mem:1224.67M (Peak 1716.54M) | Time:60:57:37.17 | Mem:0.00M, Peak:0.00M | Scene | Updating Images | Loading r12_cutstone_nor_gl.001
Fra:1 Mem:1224.67M (Peak 1716.54M) | Time:60:57:37.17 | Mem:0.00M, Peak:0.00M | Scene | Updating Images | Loading r12_cutstone_rough.001
Fra:1 Mem:1229.69M (Peak 1716.54M) | Time:60:57:37.17 | Mem:2.00M, Peak:2.00M | Scene | Updating Images | Loading r12_darkwood_diff.001
Fra:1 Mem:1230.69M (Peak 1716.54M) | Time:60:57:37.17 | Mem:2.00M, Peak:2.00M | Scene | Updating Images | Loading r12_darkwood_nor_gl.001
Fra:1 Mem:1231.69M (Peak 1716.54M) | Time:60:57:37.17 | Mem:3.00M, Peak:3.00M | Scene | Updating Images | Loading r12_darkwood_rough.001
Fra:1 Mem:1232.69M (Peak 1716.54M) | Time:60:57:37.17 | Mem:4.00M, Peak:4.00M | Scene | Updating Images | Loading r12_floorwood_diff.001
Fra:1 Mem:1233.70M (Peak 1716.54M) | Time:60:57:37.17 | Mem:5.00M, Peak:5.00M | Scene | Updating Images | Loading island_tree_01_leaves_rgba.png.007
Fra:1 Mem:1233.95M (Peak 1716.54M) | Time:60:57:37.17 | Mem:6.00M, Peak:6.00M | Scene | Updating Images | Loading r12_floorwood_nor_gl.001
Fra:1 Mem:1234.95M (Peak 1716.54M) | Time:60:57:37.17 | Mem:6.25M, Peak:6.25M | Scene | Updating Images | Loading pine_sapling_small_twig_rgba.png.003
Fra:1 Mem:1235.20M (Peak 1716.54M) | Time:60:57:37.17 | Mem:7.25M, Peak:7.25M | Scene | Updating Images | Loading r12_floorwood_rough.001
Fra:1 Mem:1236.20M (Peak 1716.54M) | Time:60:57:37.17 | Mem:8.25M, Peak:8.25M | Scene | Updating Images | Loading r12_wood_diff.001
Fra:1 Mem:1237.20M (Peak 1716.54M) | Time:60:57:37.17 | Mem:9.25M, Peak:9.25M | Scene | Updating Images | Loading r12_wood_nor_gl.001
Fra:1 Mem:1237.20M (Peak 1716.54M) | Time:60:57:37.17 | Mem:10.50M, Peak:10.50M | Scene | Updating Images | Loading island_tree_02_leaves_rgba.png.003
Fra:1 Mem:1239.45M (Peak 1716.54M) | Time:60:57:37.17 | Mem:10.75M, Peak:10.75M | Scene | Updating Images | Loading island_tree_01_leaves_rgba.png.006
Fra:1 Mem:1239.70M (Peak 1716.54M) | Time:60:57:37.17 | Mem:12.75M, Peak:12.75M | Scene | Updating Images | Loading r12_furniture_diff.001
Fra:1 Mem:1240.70M (Peak 1716.54M) | Time:60:57:37.17 | Mem:13.75M, Peak:13.75M | Scene | Updating Images | Loading r12_furniture_nor_gl.001
Fra:1 Mem:1241.70M (Peak 1716.54M) | Time:60:57:37.17 | Mem:13.75M, Peak:13.75M | Scene | Updating Images | Loading r12_furniture_rough.001
Fra:1 Mem:1242.70M (Peak 1716.54M) | Time:60:57:37.17 | Mem:14.00M, Peak:14.00M | Scene | Updating Images | Loading fern_02_rgba.png.002
Fra:1 Mem:1242.70M (Peak 1716.54M) | Time:60:57:37.17 | Mem:15.00M, Peak:15.00M | Scene | Updating Images | Loading r12_latticewood_diff.001
Fra:1 Mem:1243.70M (Peak 1716.54M) | Time:60:57:37.17 | Mem:17.00M, Peak:17.00M | Scene | Updating Images | Loading r12_latticewood_nor_gl.001
Fra:1 Mem:1244.70M (Peak 1716.54M) | Time:60:57:37.17 | Mem:17.00M, Peak:17.00M | Scene | Updating Images | Loading r12_latticewood_rough.001
Fra:1 Mem:1245.70M (Peak 1716.54M) | Time:60:57:37.17 | Mem:18.00M, Peak:18.00M | Scene | Updating Images | Loading r12_roof_diff.001
Fra:1 Mem:1255.70M (Peak 1716.54M) | Time:60:57:37.17 | Mem:19.00M, Peak:19.00M | Scene | Updating Images | Loading r12_roof_nor_gl.001
Fra:1 Mem:1256.70M (Peak 1716.54M) | Time:60:57:37.17 | Mem:20.00M, Peak:20.00M | Scene | Updating Images | Loading r12_roof_rough.001
Fra:1 Mem:1257.70M (Peak 1716.54M) | Time:60:57:37.17 | Mem:23.00M, Peak:23.00M | Scene | Updating Images | Loading r12_tilelight_diff.001
Fra:1 Mem:1258.70M (Peak 1716.54M) | Time:60:57:37.17 | Mem:23.00M, Peak:23.00M | Scene | Updating Images | Loading r12_tilelight_rough.001
Fra:1 Mem:1260.70M (Peak 1716.54M) | Time:60:57:37.17 | Mem:24.00M, Peak:24.00M | Scene | Updating Images | Loading r12_tile_diff.001
Fra:1 Mem:1261.70M (Peak 1716.54M) | Time:60:57:37.17 | Mem:25.00M, Peak:25.00M | Scene | Updating Images | Loading r12_tile_nor_gl.001
Fra:1 Mem:1262.70M (Peak 1716.54M) | Time:60:57:37.17 | Mem:26.00M, Peak:26.00M | Scene | Updating Images | Loading r12_tile_rough.001
Fra:1 Mem:1263.70M (Peak 1716.54M) | Time:60:57:37.17 | Mem:27.00M, Peak:27.00M | Scene | Updating Images | Loading r12_tiledark_diff.001
Fra:1 Mem:1264.70M (Peak 1716.54M) | Time:60:57:37.17 | Mem:28.00M, Peak:28.00M | Scene | Updating Images | Loading r12_tiledark_nor_gl.001
Fra:1 Mem:1265.70M (Peak 1716.54M) | Time:60:57:37.17 | Mem:29.00M, Peak:29.00M | Scene | Updating Images | Loading r12_tiledark_rough.001
Fra:1 Mem:1266.70M (Peak 1716.54M) | Time:60:57:37.17 | Mem:30.00M, Peak:30.00M | Scene | Updating Images | Loading rock_moss_set_01_diff
Fra:1 Mem:1270.70M (Peak 1716.54M) | Time:60:57:37.17 | Mem:31.00M, Peak:31.00M | Scene | Updating Images | Loading rock_moss_set_01_nor_gl
Fra:1 Mem:1274.70M (Peak 1716.54M) | Time:60:57:37.17 | Mem:32.00M, Peak:32.00M | Scene | Updating Images | Loading r12_paving_diff.001
Fra:1 Mem:1275.70M (Peak 1716.54M) | Time:60:57:37.17 | Mem:33.00M, Peak:33.00M | Scene | Updating Images | Loading r12_paving_nor_gl.001
Fra:1 Mem:1276.70M (Peak 1716.54M) | Time:60:57:37.17 | Mem:35.00M, Peak:35.00M | Scene | Updating Images | Loading r12_paving_rough.001
Fra:1 Mem:1277.70M (Peak 1716.54M) | Time:60:57:37.17 | Mem:35.00M, Peak:35.00M | Scene | Updating Images | Loading r12_gardenstone_diff
Fra:1 Mem:1278.70M (Peak 1716.54M) | Time:60:57:37.17 | Mem:36.00M, Peak:36.00M | Scene | Updating Images | Loading r12_gardenstone_nor_gl
Fra:1 Mem:1279.70M (Peak 1716.54M) | Time:60:57:37.17 | Mem:37.00M, Peak:37.00M | Scene | Updating Images | Loading r12_gardenstone_rough
Fra:1 Mem:1280.70M (Peak 1716.54M) | Time:60:57:37.17 | Mem:38.00M, Peak:38.00M | Scene | Updating Images | Loading worn_mossy_plasterwall.jpg
Fra:1 Mem:1284.70M (Peak 1716.54M) | Time:60:57:37.17 | Mem:42.00M, Peak:42.00M | Scene | Updating Images | Loading r12_bankstone_diff.001
Fra:1 Mem:1284.70M (Peak 1716.54M) | Time:60:57:37.17 | Mem:43.00M, Peak:43.00M | Scene | Updating Images | Loading r12_bankstone_nor_gl.001
Fra:1 Mem:1284.70M (Peak 1716.54M) | Time:60:57:37.17 | Mem:44.00M, Peak:44.00M | Scene | Updating Images | Loading r12_bankstone_rough.001
Fra:1 Mem:1285.71M (Peak 1716.54M) | Time:60:57:37.17 | Mem:48.00M, Peak:48.00M | Scene | Updating Images | Loading island_tree_01_diff
Fra:1 Mem:1292.72M (Peak 1716.54M) | Time:60:57:37.18 | Mem:49.00M, Peak:49.00M | Scene | Updating Images | Loading island_tree_01_rough
Fra:1 Mem:1295.71M (Peak 1716.54M) | Time:60:57:37.18 | Mem:50.00M, Peak:50.00M | Scene | Updating Images | Loading island_tree_01_leaves_rgba.png.005
Fra:1 Mem:1295.71M (Peak 1716.54M) | Time:60:57:37.18 | Mem:54.00M, Peak:54.00M | Scene | Updating Images | Loading island_tree_01_nor_gl
Fra:1 Mem:1299.71M (Peak 1716.54M) | Time:60:57:37.18 | Mem:58.00M, Peak:58.00M | Scene | Updating Images | Loading island_tree_01_leaves_diff-island_tree_01_leaves_alpha
Fra:1 Mem:1303.96M (Peak 1716.54M) | Time:60:57:37.18 | Mem:59.00M, Peak:59.00M | Scene | Updating Images | Loading island_tree_01_leaves_rough
Fra:1 Mem:1307.96M (Peak 1716.54M) | Time:60:57:37.18 | Mem:63.00M, Peak:63.00M | Scene | Updating Images | Loading island_tree_01_leaves_nor_gl
Fra:1 Mem:1311.96M (Peak 1716.54M) | Time:60:57:37.18 | Mem:63.25M, Peak:63.25M | Scene | Updating Images | Loading pine_sapling_small_twig_rgba.png.002
Fra:1 Mem:1322.21M (Peak 1716.54M) | Time:60:57:37.18 | Mem:67.25M, Peak:67.25M | Scene | Updating Images | Loading island_tree_01_branches_diff
Fra:1 Mem:1326.21M (Peak 1716.54M) | Time:60:57:37.18 | Mem:71.25M, Peak:71.25M | Scene | Updating Images | Loading island_tree_01_branches_rough
Fra:1 Mem:1332.23M (Peak 1716.54M) | Time:60:57:37.18 | Mem:71.50M, Peak:71.50M | Scene | Updating Images | Loading island_tree_02_leaves_rgba.png.002
Fra:1 Mem:1331.22M (Peak 1716.54M) | Time:60:57:37.18 | Mem:72.50M, Peak:72.50M | Scene | Updating Images | Loading island_tree_01_branches_nor_gl
Fra:1 Mem:1334.20M (Peak 1716.54M) | Time:60:57:37.18 | Mem:73.50M, Peak:73.50M | Scene | Updating Images | Loading island_tree_01_leaves_diff_1k.png.001
Fra:1 Mem:1334.46M (Peak 1716.54M) | Time:60:57:37.18 | Mem:77.50M, Peak:77.50M | Scene | Updating Images | Loading island_tree_01_leaves_alpha_1k.png.001
Fra:1 Mem:1334.46M (Peak 1716.54M) | Time:60:57:37.18 | Mem:81.50M, Peak:81.50M | Scene | Updating Images | Loading island_tree_02_diff
Fra:1 Mem:1338.46M (Peak 1716.54M) | Time:60:57:37.18 | Mem:85.50M, Peak:85.50M | Scene | Updating Images | Loading island_tree_02_rough
Fra:1 Mem:1343.46M (Peak 1716.54M) | Time:60:57:37.18 | Mem:85.75M, Peak:85.75M | Scene | Updating Images | Loading island_tree_01_leaves_rgba.png.004
Fra:1 Mem:1344.71M (Peak 1716.54M) | Time:60:57:37.19 | Mem:95.00M, Peak:95.00M | Scene | Updating Images | Loading fern_02_rgba.png.001
Fra:1 Mem:1349.72M (Peak 1716.54M) | Time:60:57:37.19 | Mem:95.00M, Peak:95.00M | Scene | Updating Images | Loading island_tree_02_nor_gl
Fra:1 Mem:1353.72M (Peak 1716.54M) | Time:60:57:37.19 | Mem:95.00M, Peak:95.00M | Scene | Updating Images | Loading island_tree_02_leaves_diff-island_tree_02_leaves_alpha
Fra:1 Mem:1357.72M (Peak 1716.54M) | Time:60:57:37.19 | Mem:95.00M, Peak:95.00M | Scene | Updating Images | Loading island_tree_02_leaves_rough
Fra:1 Mem:1361.72M (Peak 1716.54M) | Time:60:57:37.19 | Mem:95.00M, Peak:95.00M | Scene | Updating Images | Loading island_tree_02_leaves_nor_gl
Fra:1 Mem:1365.72M (Peak 1716.54M) | Time:60:57:37.19 | Mem:95.00M, Peak:95.00M | Scene | Updating Images | Loading island_tree_02_leaves_diff_1k.png.001
Fra:1 Mem:1365.72M (Peak 1716.54M) | Time:60:57:37.19 | Mem:99.00M, Peak:99.00M | Scene | Updating Images | Loading island_tree_02_leaves_alpha_1k.png.001
Fra:1 Mem:1361.71M (Peak 1716.54M) | Time:60:57:37.19 | Mem:103.00M, Peak:103.00M | Scene | Updating Images | Loading island_tree_02_branches_diff
Fra:1 Mem:1365.71M (Peak 1716.54M) | Time:60:57:37.19 | Mem:107.00M, Peak:107.00M | Scene | Updating Images | Loading island_tree_02_branches_rough
Fra:1 Mem:1374.72M (Peak 1716.54M) | Time:60:57:37.19 | Mem:115.00M, Peak:115.00M | Scene | Updating Images | Loading island_tree_02_branches_nor_gl
Fra:1 Mem:1378.72M (Peak 1716.54M) | Time:60:57:37.19 | Mem:119.00M, Peak:119.00M | Scene | Updating Images | Loading pine_sapling_small_bark_diff
Fra:1 Mem:1383.72M (Peak 1716.54M) | Time:60:57:37.19 | Mem:123.00M, Peak:123.00M | Scene | Updating Images | Loading pine_sapling_small_bark_rough
Fra:1 Mem:1389.74M (Peak 1716.54M) | Time:60:57:37.19 | Mem:127.00M, Peak:127.00M | Scene | Updating Images | Loading pine_sapling_small_bark_nor_gl
Fra:1 Mem:1392.73M (Peak 1716.54M) | Time:60:57:37.19 | Mem:128.00M, Peak:128.00M | Scene | Updating Images | Loading pine_sapling_small_twig_diff
Fra:1 Mem:1395.72M (Peak 1716.54M) | Time:60:57:37.19 | Mem:129.00M, Peak:129.00M | Scene | Updating Images | Loading island_tree_01_leaves_rgba.png.003
Fra:1 Mem:1395.72M (Peak 1716.54M) | Time:60:57:37.19 | Mem:130.00M, Peak:130.00M | Scene | Updating Images | Loading pine_sapling_small_twig_rough
Fra:1 Mem:1395.96M (Peak 1716.54M) | Time:60:57:37.19 | Mem:134.00M, Peak:134.00M | Scene | Updating Images | Loading pine_sapling_small_twig_nor_gl
Fra:1 Mem:1403.97M (Peak 1716.54M) | Time:60:57:37.19 | Mem:138.00M, Peak:138.00M | Scene | Updating Images | Loading pine_sapling_small_twig_diff_1k.png.001
Fra:1 Mem:1403.97M (Peak 1716.54M) | Time:60:57:37.19 | Mem:138.25M, Peak:138.25M | Scene | Updating Images | Loading pine_sapling_small_twig_rgba.png.001
Fra:1 Mem:1403.97M (Peak 1716.54M) | Time:60:57:37.19 | Mem:146.25M, Peak:146.25M | Scene | Updating Images | Loading pine_sapling_small_twig_alpha_1k.png.001
Fra:1 Mem:1395.97M (Peak 1716.54M) | Time:60:57:37.19 | Mem:146.25M, Peak:146.25M | Scene | Updating Images | Loading island_tree_01_leaves_diff_1k.png.002
Fra:1 Mem:1392.21M (Peak 1716.54M) | Time:60:57:37.19 | Mem:150.25M, Peak:150.25M | Scene | Updating Images | Loading island_tree_01_leaves_alpha_1k.png.002
Fra:1 Mem:1392.21M (Peak 1716.54M) | Time:60:57:37.19 | Mem:155.25M, Peak:155.25M | Scene | Updating Images | Loading island_tree_02_leaves_diff_1k.png.002
Fra:1 Mem:1392.20M (Peak 1716.54M) | Time:60:57:37.20 | Mem:155.50M, Peak:155.50M | Scene | Updating Images | Loading island_tree_02_leaves_rgba.png.001
Fra:1 Mem:1394.46M (Peak 1716.54M) | Time:60:57:37.20 | Mem:155.75M, Peak:155.75M | Scene | Updating Images | Loading island_tree_01_leaves_rgba.png.002
Fra:1 Mem:1398.72M (Peak 1716.54M) | Time:60:57:37.20 | Mem:156.75M, Peak:156.75M | Scene | Updating Images | Loading island_tree_02_leaves_alpha_1k.png.002
Fra:1 Mem:1399.73M (Peak 1716.54M) | Time:60:57:37.20 | Mem:157.00M, Peak:157.00M | Scene | Updating Images | Loading fern_02_rgba.png
Fra:1 Mem:1398.71M (Peak 1716.54M) | Time:60:57:37.20 | Mem:159.00M, Peak:159.00M | Scene | Updating Images | Loading pine_sapling_small_twig_diff_1k.png.002
Fra:1 Mem:1398.71M (Peak 1716.54M) | Time:60:57:37.20 | Mem:159.00M, Peak:159.00M | Scene | Updating Images | Loading pine_sapling_small_twig_alpha_1k.png.002
Fra:1 Mem:1398.71M (Peak 1716.54M) | Time:60:57:37.20 | Mem:159.00M, Peak:159.00M | Scene | Updating Images | Loading island_tree_01_leaves_diff_1k.png.003
Fra:1 Mem:1398.71M (Peak 1716.54M) | Time:60:57:37.20 | Mem:159.00M, Peak:159.00M | Scene | Updating Images | Loading island_tree_01_leaves_alpha_1k.png.003
Fra:1 Mem:1405.72M (Peak 1716.54M) | Time:60:57:37.20 | Mem:160.00M, Peak:160.00M | Scene | Updating Images | Loading island_tree_02_leaves_diff_1k.png.003
Fra:1 Mem:1402.73M (Peak 1716.54M) | Time:60:57:37.20 | Mem:164.00M, Peak:164.00M | Scene | Updating Images | Loading island_tree_02_leaves_alpha_1k.png.003
Fra:1 Mem:1401.71M (Peak 1716.54M) | Time:60:57:37.20 | Mem:165.00M, Peak:165.00M | Scene | Updating Images | Loading island_tree_01_leaves_rgba.png.001
Fra:1 Mem:1403.97M (Peak 1716.54M) | Time:60:57:37.21 | Mem:167.00M, Peak:167.00M | Scene | Updating Images | Loading pine_sapling_small_twig_diff_1k.png.003
Fra:1 Mem:1403.97M (Peak 1716.54M) | Time:60:57:37.21 | Mem:167.00M, Peak:167.00M | Scene | Updating Images | Loading pine_sapling_small_twig_alpha_1k.png.003
Fra:1 Mem:1403.97M (Peak 1716.54M) | Time:60:57:37.21 | Mem:167.00M, Peak:167.00M | Scene | Updating Images | Loading island_tree_01_leaves_diff_1k.png.004
Fra:1 Mem:1405.23M (Peak 1716.54M) | Time:60:57:37.21 | Mem:175.00M, Peak:175.00M | Scene | Updating Images | Loading island_tree_01_leaves_alpha_1k.png.004
Fra:1 Mem:1404.97M (Peak 1716.54M) | Time:60:57:37.21 | Mem:175.25M, Peak:175.25M | Scene | Updating Images | Loading pine_sapling_small_twig_rgba.png
Fra:1 Mem:1403.96M (Peak 1716.54M) | Time:60:57:37.21 | Mem:178.25M, Peak:178.25M | Scene | Updating Images | Loading island_tree_02_leaves_diff_1k.png.004
Fra:1 Mem:1403.96M (Peak 1716.54M) | Time:60:57:37.21 | Mem:178.25M, Peak:178.25M | Scene | Updating Images | Loading island_tree_02_leaves_alpha_1k.png.004
Fra:1 Mem:1403.96M (Peak 1716.54M) | Time:60:57:37.21 | Mem:179.25M, Peak:179.25M | Scene | Updating Images | Loading pine_sapling_small_twig_diff_1k.png.004
Fra:1 Mem:1404.21M (Peak 1716.54M) | Time:60:57:37.21 | Mem:179.50M, Peak:179.50M | Scene | Updating Images | Loading island_tree_02_leaves_rgba.png
Fra:1 Mem:1407.46M (Peak 1716.54M) | Time:60:57:37.21 | Mem:179.75M, Peak:179.75M | Scene | Updating Images | Loading island_tree_01_leaves_rgba.png
Fra:1 Mem:1411.73M (Peak 1716.54M) | Time:60:57:37.21 | Mem:180.75M, Peak:180.75M | Scene | Updating Images | Loading pine_sapling_small_twig_alpha_1k.png.004
Fra:1 Mem:1412.73M (Peak 1716.54M) | Time:60:57:37.21 | Mem:180.75M, Peak:180.75M | Scene | Updating Images | Loading island_tree_01_leaves_diff_1k.png.005
Fra:1 Mem:1412.99M (Peak 1716.54M) | Time:60:57:37.21 | Mem:181.75M, Peak:181.75M | Scene | Updating Images | Loading island_tree_01_leaves_alpha_1k.png.005
Fra:1 Mem:1411.72M (Peak 1716.54M) | Time:60:57:37.21 | Mem:182.00M, Peak:182.00M | Scene | Updating Images | Loading fern_02_alpha_1k.png.001
Fra:1 Mem:1427.72M (Peak 1716.54M) | Time:60:57:37.21 | Mem:183.00M, Peak:183.00M | Scene | Updating Images | Loading island_tree_02_leaves_diff_1k.png.005
Fra:1 Mem:1427.72M (Peak 1716.54M) | Time:60:57:37.21 | Mem:183.00M, Peak:183.00M | Scene | Updating Images | Loading island_tree_02_leaves_alpha_1k.png.005
Fra:1 Mem:1427.71M (Peak 1716.54M) | Time:60:57:37.21 | Mem:184.00M, Peak:184.00M | Scene | Updating Images | Loading pine_sapling_small_twig_diff_1k.png.005
Fra:1 Mem:1427.71M (Peak 1716.54M) | Time:60:57:37.21 | Mem:185.00M, Peak:185.00M | Scene | Updating Images | Loading pine_sapling_small_twig_alpha_1k.png.005
Fra:1 Mem:1434.71M (Peak 1716.54M) | Time:60:57:37.22 | Mem:189.00M, Peak:189.00M | Scene | Updating Images | Loading island_tree_01_leaves_diff_1k.png.006
Fra:1 Mem:1434.71M (Peak 1716.54M) | Time:60:57:37.22 | Mem:191.00M, Peak:191.00M | Scene | Updating Images | Loading island_tree_01_leaves_alpha_1k.png.006
Fra:1 Mem:1434.71M (Peak 1716.54M) | Time:60:57:37.22 | Mem:191.00M, Peak:191.00M | Scene | Updating Images | Loading island_tree_02_leaves_diff_1k.png.006
Fra:1 Mem:1434.71M (Peak 1716.54M) | Time:60:57:37.22 | Mem:193.00M, Peak:193.00M | Scene | Updating Images | Loading island_tree_02_leaves_alpha_1k.png.006
Fra:1 Mem:1434.71M (Peak 1716.54M) | Time:60:57:37.22 | Mem:193.00M, Peak:193.00M | Scene | Updating Images | Loading pine_sapling_small_twig_diff_1k.png.006
Fra:1 Mem:1434.71M (Peak 1716.54M) | Time:60:57:37.22 | Mem:193.00M, Peak:193.00M | Scene | Updating Images | Loading pine_sapling_small_twig_alpha_1k.png.006
Fra:1 Mem:1434.71M (Peak 1716.54M) | Time:60:57:37.22 | Mem:193.00M, Peak:193.00M | Scene | Updating Images | Loading island_tree_01_leaves_diff_1k.png.007
Fra:1 Mem:1453.72M (Peak 1716.54M) | Time:60:57:37.22 | Mem:194.00M, Peak:194.00M | Scene | Updating Images | Loading island_tree_01_leaves_alpha_1k.png.007
Fra:1 Mem:1454.72M (Peak 1716.54M) | Time:60:57:37.22 | Mem:195.00M, Peak:195.00M | Scene | Updating Images | Loading island_tree_02_leaves_diff_1k.png.007
Fra:1 Mem:1456.73M (Peak 1716.54M) | Time:60:57:37.22 | Mem:195.00M, Peak:195.00M | Scene | Updating Images | Loading island_tree_02_leaves_alpha_1k.png.007
Fra:1 Mem:1458.73M (Peak 1716.54M) | Time:60:57:37.22 | Mem:197.00M, Peak:197.00M | Scene | Updating Images | Loading pine_sapling_small_twig_diff_1k.png.007
Fra:1 Mem:1457.72M (Peak 1716.54M) | Time:60:57:37.23 | Mem:199.00M, Peak:199.00M | Scene | Updating Images | Loading pine_sapling_small_twig_alpha_1k.png.007
Fra:1 Mem:1458.72M (Peak 1716.54M) | Time:60:57:37.23 | Mem:200.00M, Peak:200.00M | Scene | Updating Images | Loading island_tree_01_leaves_diff_1k.png.008
Fra:1 Mem:1444.72M (Peak 1716.54M) | Time:60:57:37.23 | Mem:202.00M, Peak:202.00M | Scene | Updating Images | Loading island_tree_01_leaves_alpha_1k.png.008
Fra:1 Mem:1444.72M (Peak 1716.54M) | Time:60:57:37.23 | Mem:203.00M, Peak:203.00M | Scene | Updating Images | Loading island_tree_02_leaves_diff_1k.png.008
Fra:1 Mem:1445.71M (Peak 1716.54M) | Time:60:57:37.23 | Mem:204.00M, Peak:204.00M | Scene | Updating Images | Loading island_tree_02_leaves_alpha_1k.png.008
Fra:1 Mem:1445.71M (Peak 1716.54M) | Time:60:57:37.23 | Mem:204.00M, Peak:204.00M | Scene | Updating Images | Loading pine_sapling_small_twig_diff_1k.png.008
Fra:1 Mem:1447.71M (Peak 1716.54M) | Time:60:57:37.23 | Mem:220.00M, Peak:220.00M | Scene | Updating Images | Loading fern_02_alpha_1k.png
Fra:1 Mem:1447.72M (Peak 1716.54M) | Time:60:57:37.23 | Mem:221.00M, Peak:221.00M | Scene | Updating Images | Loading pine_sapling_small_twig_alpha_1k.png.008
Fra:1 Mem:1447.71M (Peak 1716.54M) | Time:60:57:37.23 | Mem:222.00M, Peak:222.00M | Scene | Updating Images | Loading fern_02_diff_1k.png.002
Fra:1 Mem:1448.71M (Peak 1716.54M) | Time:60:57:37.23 | Mem:223.00M, Peak:223.00M | Scene | Updating Images | Loading fern_02_rough
Fra:1 Mem:1469.71M (Peak 1716.54M) | Time:60:57:37.23 | Mem:224.00M, Peak:224.00M | Scene | Updating Images | Loading fern_02_nor_gl
Fra:1 Mem:1480.72M (Peak 1716.54M) | Time:60:57:37.23 | Mem:226.00M, Peak:226.00M | Scene | Updating Images | Loading island_tree_01_leaves_diff_1k.png.009
Fra:1 Mem:1482.73M (Peak 1716.54M) | Time:60:57:37.23 | Mem:228.00M, Peak:228.00M | Scene | Updating Images | Loading island_tree_01_leaves_alpha_1k.png.009
Fra:1 Mem:1480.71M (Peak 1716.54M) | Time:60:57:37.23 | Mem:229.00M, Peak:229.00M | Scene | Updating Images | Loading island_tree_02_leaves_diff_1k.png.009
Fra:1 Mem:1480.71M (Peak 1716.54M) | Time:60:57:37.23 | Mem:230.00M, Peak:230.00M | Scene | Updating Images | Loading island_tree_02_leaves_alpha_1k.png.009
Fra:1 Mem:1485.72M (Peak 1716.54M) | Time:60:57:37.24 | Mem:231.00M, Peak:231.00M | Scene | Updating Images | Loading pine_sapling_small_twig_diff_1k.png.009
Fra:1 Mem:1484.71M (Peak 1716.54M) | Time:60:57:37.24 | Mem:233.00M, Peak:233.00M | Scene | Updating Images | Loading pine_sapling_small_twig_alpha_1k.png.009
Fra:1 Mem:1484.71M (Peak 1716.54M) | Time:60:57:37.24 | Mem:233.00M, Peak:233.00M | Scene | Updating Images | Loading fern_02_diff_1k.png.003
Fra:1 Mem:1484.71M (Peak 1716.54M) | Time:60:57:37.24 | Mem:233.00M, Peak:233.00M | Scene | Updating Images | Loading island_tree_01_leaves_diff_1k.png.010
Fra:1 Mem:1484.71M (Peak 1716.54M) | Time:60:57:37.24 | Mem:234.00M, Peak:234.00M | Scene | Updating Images | Loading island_tree_01_leaves_alpha_1k.png.010
Fra:1 Mem:1504.72M (Peak 1716.54M) | Time:60:57:37.24 | Mem:238.00M, Peak:238.00M | Scene | Updating Images | Loading island_tree_02_leaves_diff_1k.png.010
Fra:1 Mem:1501.72M (Peak 1716.54M) | Time:60:57:37.24 | Mem:242.00M, Peak:242.00M | Scene | Updating Images | Loading island_tree_02_leaves_alpha_1k.png.010
Fra:1 Mem:1510.72M (Peak 1716.54M) | Time:60:57:37.25 | Mem:244.00M, Peak:244.00M | Scene | Updating Images | Loading pine_sapling_small_twig_diff_1k.png.010
Fra:1 Mem:1510.72M (Peak 1716.54M) | Time:60:57:37.25 | Mem:249.00M, Peak:249.00M | Scene | Updating Images | Loading pine_sapling_small_twig_alpha_1k.png.010
Fra:1 Mem:1510.72M (Peak 1716.54M) | Time:60:57:37.25 | Mem:249.00M, Peak:249.00M | Scene | Updating Images | Loading fern_02_diff_1k.png.004
Fra:1 Mem:1511.73M (Peak 1716.54M) | Time:60:57:37.25 | Mem:249.00M, Peak:249.00M | Scene | Updating Images | Loading island_tree_01_leaves_diff_1k.png.011
Fra:1 Mem:1510.72M (Peak 1716.54M) | Time:60:57:37.25 | Mem:250.00M, Peak:250.00M | Scene | Updating Images | Loading island_tree_01_leaves_alpha_1k.png.011
Fra:1 Mem:1494.71M (Peak 1716.54M) | Time:60:57:37.25 | Mem:251.00M, Peak:251.00M | Scene | Updating Images | Loading island_tree_02_leaves_diff_1k.png.011
Fra:1 Mem:1495.71M (Peak 1716.54M) | Time:60:57:37.25 | Mem:267.00M, Peak:267.00M | Scene | Updating Images | Loading fern_02_diff_1k.png.005
Fra:1 Mem:1503.71M (Peak 1716.54M) | Time:60:57:37.25 | Mem:268.00M, Peak:268.00M | Scene | Updating Images | Loading island_tree_02_leaves_alpha_1k.png.011
Fra:1 Mem:1503.71M (Peak 1716.54M) | Time:60:57:37.25 | Mem:272.00M, Peak:272.00M | Scene | Updating Images | Loading pine_sapling_small_twig_diff_1k.png.011
Fra:1 Mem:1503.71M (Peak 1716.54M) | Time:60:57:37.25 | Mem:273.00M, Peak:273.00M | Scene | Updating Images | Loading pine_sapling_small_twig_alpha_1k.png.011
Fra:1 Mem:1507.71M (Peak 1716.54M) | Time:60:57:37.25 | Mem:274.00M, Peak:274.00M | Scene | Updating Images | Loading island_tree_01_leaves_diff_1k.png.012
Fra:1 Mem:1507.71M (Peak 1716.54M) | Time:60:57:37.25 | Mem:274.00M, Peak:274.00M | Scene | Updating Images | Loading island_tree_01_leaves_alpha_1k.png.012
DETAIL CONTACT xiaoxiangguan plaster 5472 0.32
Fra:1 Mem:1195.40M (Peak 1870.85M) | Time:60:57:37.72 | Mem:0.00M, Peak:0.00M | Scene | Synchronizing object | xiaoxiangguan_plaster
Fra:1 Mem:1195.40M (Peak 1870.85M) | Time:60:57:37.72 | Mem:0.00M, Peak:0.00M | Scene | Synchronizing object | xiaoxiangguan_cutstone
Fra:1 Mem:1195.42M (Peak 1870.85M) | Time:60:57:37.72 | Mem:0.00M, Peak:0.00M | Scene | Synchronizing object | xiaoxiangguan_floorwood
Fra:1 Mem:1197.45M (Peak 1870.85M) | Time:60:57:37.72 | Mem:0.00M, Peak:0.00M | Scene | Synchronizing object | xiaoxiangguan_wood
Fra:1 Mem:1197.48M (Peak 1870.85M) | Time:60:57:37.72 | Mem:0.00M, Peak:0.00M | Scene | Synchronizing object | xiaoxiangguan_latticewood.001
Fra:1 Mem:1198.33M (Peak 1870.85M) | Time:60:57:37.72 | Mem:0.00M, Peak:0.00M | Scene | Synchronizing object | xiaoxiangguan_tilelight.001
Fra:1 Mem:1198.63M (Peak 1870.85M) | Time:60:57:37.72 | Mem:0.00M, Peak:0.00M | Scene | Synchronizing object | xiaoxiangguan_lantern
Fra:1 Mem:1199.49M (Peak 1870.85M) | Time:60:57:37.72 | Mem:0.00M, Peak:0.00M | Scene | Synchronizing object | xiaoxiangguan_silk
Fra:1 Mem:1199.54M (Peak 1870.85M) | Time:60:57:37.72 | Mem:0.00M, Peak:0.00M | Scene | Synchronizing object | xiaoxiangguan_gold
Fra:1 Mem:1199.62M (Peak 1870.85M) | Time:60:57:37.72 | Mem:0.00M, Peak:0.00M | Scene | Synchronizing object | xiaoxiangguan_tiledark.001
Fra:1 Mem:1199.62M (Peak 1870.85M) | Time:60:57:37.72 | Mem:0.00M, Peak:0.00M | Scene | Synchronizing object | xiaoxiangguan_ceramic.001
Fra:1 Mem:1199.54M (Peak 1870.85M) | Time:60:57:37.72 | Mem:0.00M, Peak:0.00M | Scene | Synchronizing object | xiaoxiangguan_paving.001
Fra:1 Mem:1200.85M (Peak 1870.85M) | Time:60:57:37.72 | Mem:0.00M, Peak:0.00M | Scene | Synchronizing object | xiaoxiangguan_bark
Fra:1 Mem:1202.18M (Peak 1870.85M) | Time:60:57:37.72 | Mem:0.00M, Peak:0.00M | Scene | Synchronizing object | xiaoxiangguan_leafdark
Fra:1 Mem:1203.23M (Peak 1870.85M) | Time:60:57:37.72 | Mem:0.00M, Peak:0.00M | Scene | Synchronizing object | xiaoxiangguan_bamboo
Fra:1 Mem:1205.05M (Peak 1870.85M) | Time:60:57:37.72 | Mem:0.00M, Peak:0.00M | Scene | Synchronizing object | xiaoxiangguan_ivory.001
Fra:1 Mem:1207.05M (Peak 1870.85M) | Time:60:57:37.72 | Mem:0.00M, Peak:0.00M | Scene | Synchronizing object | xiaoxiangguan_paper
Fra:1 Mem:1207.25M (Peak 1870.85M) | Time:60:57:37.72 | Mem:0.00M, Peak:0.00M | Scene | Synchronizing object | xiaoxiangguan_furniture
Fra:1 Mem:1207.22M (Peak 1870.85M) | Time:60:57:37.72 | Mem:0.00M, Peak:0.00M | Scene | Synchronizing object | xiaoxiangguan_bankstone
Fra:1 Mem:1207.82M (Peak 1870.85M) | Time:60:57:37.72 | Mem:0.00M, Peak:0.00M | Scene | Synchronizing object | xiaoxiangguan_water.001
Fra:1 Mem:1207.94M (Peak 1870.85M) | Time:60:57:37.72 | Mem:0.00M, Peak:0.00M | Scene | Synchronizing object | xiaoxiangguan_bookcloth.001
Fra:1 Mem:1208.85M (Peak 1870.85M) | Time:60:57:37.72 | Mem:0.00M, Peak:0.00M | Scene | Synchronizing object | xiaoxiangguan_leaf
Fra:1 Mem:1208.85M (Peak 1870.85M) | Time:60:57:37.72 | Mem:0.00M, Peak:0.00M | Scene | Synchronizing object | xiaoxiangguan_lightleaf
Fra:1 Mem:1222.90M (Peak 1870.85M) | Time:60:57:37.73 | Mem:0.00M, Peak:0.00M | Scene | Initializing
Fra:1 Mem:1222.90M (Peak 1870.85M) | Time:60:57:37.73 | Mem:0.00M, Peak:0.00M | Scene | Updating Images | Loading fern_02_rgba.png.003
Fra:1 Mem:1223.90M (Peak 1870.85M) | Time:60:57:37.73 | Mem:0.00M, Peak:0.00M | Scene | Updating Images | Loading forest_grove.hdr
Fra:1 Mem:1223.90M (Peak 1870.85M) | Time:60:57:37.73 | Mem:0.00M, Peak:0.00M | Scene | Updating Images | Loading r12_stone_diff.001
Fra:1 Mem:1223.90M (Peak 1870.85M) | Time:60:57:37.73 | Mem:0.00M, Peak:0.00M | Scene | Updating Images | Loading r12_cutstone_nor_gl.001
Fra:1 Mem:1224.90M (Peak 1870.85M) | Time:60:57:37.73 | Mem:0.00M, Peak:0.00M | Scene | Updating Images | Loading r12_cutstone_rough.001
Fra:1 Mem:1229.91M (Peak 1870.85M) | Time:60:57:37.73 | Mem:1.00M, Peak:1.00M | Scene | Updating Images | Loading r12_darkwood_diff.001
Fra:1 Mem:1230.91M (Peak 1870.85M) | Time:60:57:37.73 | Mem:2.00M, Peak:2.00M | Scene | Updating Images | Loading r12_darkwood_nor_gl.001
Fra:1 Mem:1230.91M (Peak 1870.85M) | Time:60:57:37.73 | Mem:3.00M, Peak:3.00M | Scene | Updating Images | Loading r12_darkwood_rough.001
Fra:1 Mem:1232.91M (Peak 1870.85M) | Time:60:57:37.73 | Mem:4.00M, Peak:4.00M | Scene | Updating Images | Loading r12_floorwood_diff.001
Fra:1 Mem:1233.92M (Peak 1870.85M) | Time:60:57:37.73 | Mem:5.00M, Peak:5.00M | Scene | Updating Images | Loading island_tree_01_leaves_rgba.png.007
Fra:1 Mem:1234.17M (Peak 1870.85M) | Time:60:57:37.73 | Mem:6.00M, Peak:6.00M | Scene | Updating Images | Loading r12_floorwood_nor_gl.001
Fra:1 Mem:1234.17M (Peak 1870.85M) | Time:60:57:37.73 | Mem:7.00M, Peak:7.00M | Scene | Updating Images | Loading r12_floorwood_rough.001
Fra:1 Mem:1236.17M (Peak 1870.85M) | Time:60:57:37.73 | Mem:7.25M, Peak:7.25M | Scene | Updating Images | Loading pine_sapling_small_twig_rgba.png.003
Fra:1 Mem:1236.42M (Peak 1870.85M) | Time:60:57:37.73 | Mem:8.25M, Peak:8.25M | Scene | Updating Images | Loading r12_wood_diff.001
Fra:1 Mem:1237.42M (Peak 1870.85M) | Time:60:57:37.73 | Mem:9.25M, Peak:9.25M | Scene | Updating Images | Loading r12_wood_nor_gl.001
Fra:1 Mem:1238.43M (Peak 1870.85M) | Time:60:57:37.73 | Mem:9.50M, Peak:9.50M | Scene | Updating Images | Loading island_tree_02_leaves_rgba.png.003
Fra:1 Mem:1246.68M (Peak 1870.85M) | Time:60:57:37.73 | Mem:10.50M, Peak:10.50M | Scene | Updating Images | Loading r12_wood_rough.001
Fra:1 Mem:1247.68M (Peak 1870.85M) | Time:60:57:37.73 | Mem:11.50M, Peak:11.50M | Scene | Updating Images | Loading r12_furniture_diff.001
Fra:1 Mem:1248.68M (Peak 1870.85M) | Time:60:57:37.73 | Mem:11.75M, Peak:11.75M | Scene | Updating Images | Loading island_tree_01_leaves_rgba.png.006
Fra:1 Mem:1248.93M (Peak 1870.85M) | Time:60:57:37.73 | Mem:12.75M, Peak:12.75M | Scene | Updating Images | Loading r12_furniture_nor_gl.001
Fra:1 Mem:1249.93M (Peak 1870.85M) | Time:60:57:37.73 | Mem:14.75M, Peak:14.75M | Scene | Updating Images | Loading r12_furniture_rough.001
Fra:1 Mem:1249.93M (Peak 1870.85M) | Time:60:57:37.73 | Mem:14.75M, Peak:14.75M | Scene | Updating Images | Loading r12_latticewood_diff.001
Fra:1 Mem:1251.93M (Peak 1870.85M) | Time:60:57:37.73 | Mem:15.00M, Peak:15.00M | Scene | Updating Images | Loading fern_02_rgba.png.002
Fra:1 Mem:1251.93M (Peak 1870.85M) | Time:60:57:37.73 | Mem:16.00M, Peak:16.00M | Scene | Updating Images | Loading r12_latticewood_nor_gl.001
Fra:1 Mem:1252.93M (Peak 1870.85M) | Time:60:57:37.73 | Mem:17.00M, Peak:17.00M | Scene | Updating Images | Loading r12_latticewood_rough.001
Fra:1 Mem:1253.93M (Peak 1870.85M) | Time:60:57:37.73 | Mem:18.00M, Peak:18.00M | Scene | Updating Images | Loading r12_roof_diff.001
Fra:1 Mem:1255.93M (Peak 1870.85M) | Time:60:57:37.73 | Mem:19.00M, Peak:19.00M | Scene | Updating Images | Loading r12_roof_nor_gl.001
Fra:1 Mem:1256.93M (Peak 1870.85M) | Time:60:57:37.73 | Mem:20.00M, Peak:20.00M | Scene | Updating Images | Loading r12_roof_rough.001
Fra:1 Mem:1257.93M (Peak 1870.85M) | Time:60:57:37.73 | Mem:21.00M, Peak:21.00M | Scene | Updating Images | Loading r12_tilelight_diff.001
Fra:1 Mem:1258.93M (Peak 1870.85M) | Time:60:57:37.73 | Mem:22.00M, Peak:22.00M | Scene | Updating Images | Loading r12_tilelight_nor_gl.001
Fra:1 Mem:1259.93M (Peak 1870.85M) | Time:60:57:37.73 | Mem:23.00M, Peak:23.00M | Scene | Updating Images | Loading r12_tilelight_rough.001
Fra:1 Mem:1260.93M (Peak 1870.85M) | Time:60:57:37.73 | Mem:24.00M, Peak:24.00M | Scene | Updating Images | Loading r12_tile_diff.001
Fra:1 Mem:1261.93M (Peak 1870.85M) | Time:60:57:37.73 | Mem:25.00M, Peak:25.00M | Scene | Updating Images | Loading r12_tile_nor_gl.001
Fra:1 Mem:1262.93M (Peak 1870.85M) | Time:60:57:37.73 | Mem:26.00M, Peak:26.00M | Scene | Updating Images | Loading r12_tile_rough.001
Fra:1 Mem:1263.93M (Peak 1870.85M) | Time:60:57:37.73 | Mem:27.00M, Peak:27.00M | Scene | Updating Images | Loading r12_tiledark_diff.001
Fra:1 Mem:1264.93M (Peak 1870.85M) | Time:60:57:37.73 | Mem:28.00M, Peak:28.00M | Scene | Updating Images | Loading r12_tiledark_nor_gl.001
Fra:1 Mem:1265.93M (Peak 1870.85M) | Time:60:57:37.73 | Mem:29.00M, Peak:29.00M | Scene | Updating Images | Loading r12_tiledark_rough.001
Fra:1 Mem:1266.93M (Peak 1870.85M) | Time:60:57:37.73 | Mem:30.00M, Peak:30.00M | Scene | Updating Images | Loading rock_moss_set_01_diff
Fra:1 Mem:1270.93M (Peak 1870.85M) | Time:60:57:37.73 | Mem:31.00M, Peak:31.00M | Scene | Updating Images | Loading rock_moss_set_01_nor_gl
Fra:1 Mem:1270.93M (Peak 1870.85M) | Time:60:57:37.73 | Mem:32.00M, Peak:32.00M | Scene | Updating Images | Loading r12_paving_diff.001
Fra:1 Mem:1275.93M (Peak 1870.85M) | Time:60:57:37.73 | Mem:33.00M, Peak:33.00M | Scene | Updating Images | Loading r12_paving_nor_gl.001
Fra:1 Mem:1276.93M (Peak 1870.85M) | Time:60:57:37.73 | Mem:34.00M, Peak:34.00M | Scene | Updating Images | Loading r12_paving_rough.001
Fra:1 Mem:1277.93M (Peak 1870.85M) | Time:60:57:37.73 | Mem:35.00M, Peak:35.00M | Scene | Updating Images | Loading r12_gardenstone_diff
Fra:1 Mem:1277.93M (Peak 1870.85M) | Time:60:57:37.73 | Mem:37.00M, Peak:37.00M | Scene | Updating Images | Loading r12_gardenstone_nor_gl
Fra:1 Mem:1279.93M (Peak 1870.85M) | Time:60:57:37.73 | Mem:37.00M, Peak:37.00M | Scene | Updating Images | Loading r12_gardenstone_rough
Fra:1 Mem:1280.93M (Peak 1870.85M) | Time:60:57:37.73 | Mem:38.00M, Peak:38.00M | Scene | Updating Images | Loading worn_mossy_plasterwall.jpg
Fra:1 Mem:1284.93M (Peak 1870.85M) | Time:60:57:37.73 | Mem:40.00M, Peak:40.00M | Scene | Updating Images | Loading r12_bankstone_diff.001
Fra:1 Mem:1284.93M (Peak 1870.85M) | Time:60:57:37.73 | Mem:40.00M, Peak:40.00M | Scene | Updating Images | Loading r12_bankstone_nor_gl.001
Fra:1 Mem:1284.93M (Peak 1870.85M) | Time:60:57:37.73 | Mem:44.00M, Peak:44.00M | Scene | Updating Images | Loading r12_bankstone_rough.001
Fra:1 Mem:1287.93M (Peak 1870.85M) | Time:60:57:37.73 | Mem:48.00M, Peak:48.00M | Scene | Updating Images | Loading island_tree_01_diff
Fra:1 Mem:1292.94M (Peak 1870.85M) | Time:60:57:37.73 | Mem:49.00M, Peak:49.00M | Scene | Updating Images | Loading island_tree_01_rough
Fra:1 Mem:1295.93M (Peak 1870.85M) | Time:60:57:37.73 | Mem:50.00M, Peak:50.00M | Scene | Updating Images | Loading island_tree_01_leaves_rgba.png.005
Fra:1 Mem:1297.19M (Peak 1870.85M) | Time:60:57:37.73 | Mem:54.00M, Peak:54.00M | Scene | Updating Images | Loading island_tree_01_nor_gl
Fra:1 Mem:1300.18M (Peak 1870.85M) | Time:60:57:37.73 | Mem:55.00M, Peak:55.00M | Scene | Updating Images | Loading island_tree_01_leaves_diff-island_tree_01_leaves_alpha
Fra:1 Mem:1304.18M (Peak 1870.85M) | Time:60:57:37.73 | Mem:59.00M, Peak:59.00M | Scene | Updating Images | Loading island_tree_01_leaves_rough
Fra:1 Mem:1308.18M (Peak 1870.85M) | Time:60:57:37.73 | Mem:59.25M, Peak:59.25M | Scene | Updating Images | Loading pine_sapling_small_twig_rgba.png.002
Fra:1 Mem:1318.43M (Peak 1870.85M) | Time:60:57:37.74 | Mem:63.25M, Peak:63.25M | Scene | Updating Images | Loading island_tree_01_leaves_nor_gl
Fra:1 Mem:1322.43M (Peak 1870.85M) | Time:60:57:37.74 | Mem:67.25M, Peak:67.25M | Scene | Updating Images | Loading island_tree_01_branches_diff
Fra:1 Mem:1326.69M (Peak 1870.85M) | Time:60:57:37.74 | Mem:68.25M, Peak:68.25M | Scene | Updating Images | Loading island_tree_01_branches_rough
Fra:1 Mem:1330.43M (Peak 1870.85M) | Time:60:57:37.74 | Mem:68.50M, Peak:68.50M | Scene | Updating Images | Loading island_tree_02_leaves_rgba.png.002
Fra:1 Mem:1330.43M (Peak 1870.85M) | Time:60:57:37.74 | Mem:73.50M, Peak:73.50M | Scene | Updating Images | Loading island_tree_01_branches_nor_gl
Fra:1 Mem:1330.43M (Peak 1870.85M) | Time:60:57:37.74 | Mem:73.50M, Peak:73.50M | Scene | Updating Images | Loading island_tree_01_leaves_diff_1k.png.001
Fra:1 Mem:1334.68M (Peak 1870.85M) | Time:60:57:37.74 | Mem:77.50M, Peak:77.50M | Scene | Updating Images | Loading island_tree_01_leaves_alpha_1k.png.001
Fra:1 Mem:1334.68M (Peak 1870.85M) | Time:60:57:37.74 | Mem:81.50M, Peak:81.50M | Scene | Updating Images | Loading island_tree_02_diff
Fra:1 Mem:1338.68M (Peak 1870.85M) | Time:60:57:37.74 | Mem:81.75M, Peak:81.75M | Scene | Updating Images | Loading island_tree_01_leaves_rgba.png.004
Fra:1 Mem:1341.19M (Peak 1870.85M) | Time:60:57:37.74 | Mem:89.75M, Peak:89.75M | Scene | Updating Images | Loading island_tree_02_rough
Fra:1 Mem:1344.93M (Peak 1870.85M) | Time:60:57:37.74 | Mem:90.00M, Peak:90.00M | Scene | Updating Images | Loading fern_02_rgba.png.001
Fra:1 Mem:1344.93M (Peak 1870.85M) | Time:60:57:37.74 | Mem:90.00M, Peak:90.00M | Scene | Updating Images | Loading island_tree_02_nor_gl
Fra:1 Mem:1353.94M (Peak 1870.85M) | Time:60:57:37.74 | Mem:94.00M, Peak:94.00M | Scene | Updating Images | Loading island_tree_02_leaves_diff-island_tree_02_leaves_alpha
Fra:1 Mem:1358.95M (Peak 1870.85M) | Time:60:57:37.74 | Mem:98.00M, Peak:98.00M | Scene | Updating Images | Loading island_tree_02_leaves_rough
Fra:1 Mem:1357.93M (Peak 1870.85M) | Time:60:57:37.74 | Mem:102.00M, Peak:102.00M | Scene | Updating Images | Loading island_tree_02_leaves_nor_gl
Fra:1 Mem:1361.93M (Peak 1870.85M) | Time:60:57:37.74 | Mem:103.00M, Peak:103.00M | Scene | Updating Images | Loading island_tree_02_leaves_diff_1k.png.001
Fra:1 Mem:1365.94M (Peak 1870.85M) | Time:60:57:37.74 | Mem:103.00M, Peak:103.00M | Scene | Updating Images | Loading island_tree_02_leaves_alpha_1k.png.001
Fra:1 Mem:1365.94M (Peak 1870.85M) | Time:60:57:37.74 | Mem:107.00M, Peak:107.00M | Scene | Updating Images | Loading island_tree_02_branches_diff
Fra:1 Mem:1369.94M (Peak 1870.85M) | Time:60:57:37.74 | Mem:111.00M, Peak:111.00M | Scene | Updating Images | Loading island_tree_02_branches_rough
Fra:1 Mem:1374.94M (Peak 1870.85M) | Time:60:57:37.74 | Mem:115.00M, Peak:115.00M | Scene | Updating Images | Loading island_tree_02_branches_nor_gl
Fra:1 Mem:1378.95M (Peak 1870.85M) | Time:60:57:37.74 | Mem:119.00M, Peak:119.00M | Scene | Updating Images | Loading pine_sapling_small_bark_diff
Fra:1 Mem:1384.95M (Peak 1870.85M) | Time:60:57:37.75 | Mem:123.00M, Peak:123.00M | Scene | Updating Images | Loading pine_sapling_small_bark_rough
Fra:1 Mem:1387.94M (Peak 1870.85M) | Time:60:57:37.75 | Mem:124.00M, Peak:124.00M | Scene | Updating Images | Loading island_tree_01_leaves_rgba.png.003
Fra:1 Mem:1387.94M (Peak 1870.85M) | Time:60:57:37.75 | Mem:128.00M, Peak:128.00M | Scene | Updating Images | Loading pine_sapling_small_bark_nor_gl
Fra:1 Mem:1389.19M (Peak 1870.85M) | Time:60:57:37.75 | Mem:132.00M, Peak:132.00M | Scene | Updating Images | Loading pine_sapling_small_twig_diff
Fra:1 Mem:1392.18M (Peak 1870.85M) | Time:60:57:37.75 | Mem:136.00M, Peak:136.00M | Scene | Updating Images | Loading pine_sapling_small_twig_rough
Fra:1 Mem:1396.18M (Peak 1870.85M) | Time:60:57:37.75 | Mem:137.00M, Peak:137.00M | Scene | Updating Images | Loading pine_sapling_small_twig_nor_gl
Fra:1 Mem:1400.18M (Peak 1870.85M) | Time:60:57:37.75 | Mem:141.00M, Peak:141.00M | Scene | Updating Images | Loading pine_sapling_small_twig_diff_1k.png.001
Fra:1 Mem:1400.18M (Peak 1870.85M) | Time:60:57:37.75 | Mem:142.25M, Peak:142.25M | Scene | Updating Images | Loading pine_sapling_small_twig_rgba.png.001
Fra:1 Mem:1400.18M (Peak 1870.85M) | Time:60:57:37.75 | Mem:143.25M, Peak:143.25M | Scene | Updating Images | Loading pine_sapling_small_twig_alpha_1k.png.001
Fra:1 Mem:1392.18M (Peak 1870.85M) | Time:60:57:37.75 | Mem:147.25M, Peak:147.25M | Scene | Updating Images | Loading island_tree_01_leaves_diff_1k.png.002
Fra:1 Mem:1392.18M (Peak 1870.85M) | Time:60:57:37.75 | Mem:151.25M, Peak:151.25M | Scene | Updating Images | Loading island_tree_01_leaves_alpha_1k.png.002
Fra:1 Mem:1392.43M (Peak 1870.85M) | Time:60:57:37.75 | Mem:155.50M, Peak:155.50M | Scene | Updating Images | Loading island_tree_02_leaves_rgba.png.001
Fra:1 Mem:1392.43M (Peak 1870.85M) | Time:60:57:37.75 | Mem:155.50M, Peak:155.50M | Scene | Updating Images | Loading island_tree_02_leaves_diff_1k.png.002
Fra:1 Mem:1393.68M (Peak 1870.85M) | Time:60:57:37.75 | Mem:155.75M, Peak:155.75M | Scene | Updating Images | Loading island_tree_01_leaves_rgba.png.002
Fra:1 Mem:1404.96M (Peak 1870.85M) | Time:60:57:37.76 | Mem:156.00M, Peak:156.00M | Scene | Updating Images | Loading fern_02_rgba.png
Fra:1 Mem:1405.95M (Peak 1870.85M) | Time:60:57:37.76 | Mem:157.00M, Peak:157.00M | Scene | Updating Images | Loading island_tree_02_leaves_alpha_1k.png.002
Fra:1 Mem:1404.94M (Peak 1870.85M) | Time:60:57:37.76 | Mem:159.00M, Peak:159.00M | Scene | Updating Images | Loading pine_sapling_small_twig_diff_1k.png.002
Fra:1 Mem:1404.94M (Peak 1870.85M) | Time:60:57:37.76 | Mem:159.00M, Peak:159.00M | Scene | Updating Images | Loading pine_sapling_small_twig_alpha_1k.png.002
Fra:1 Mem:1404.94M (Peak 1870.85M) | Time:60:57:37.76 | Mem:159.00M, Peak:159.00M | Scene | Updating Images | Loading island_tree_01_leaves_diff_1k.png.003
Fra:1 Mem:1408.95M (Peak 1870.85M) | Time:60:57:37.76 | Mem:160.00M, Peak:160.00M | Scene | Updating Images | Loading island_tree_01_leaves_alpha_1k.png.003
Fra:1 Mem:1404.94M (Peak 1870.85M) | Time:60:57:37.76 | Mem:164.00M, Peak:164.00M | Scene | Updating Images | Loading island_tree_02_leaves_diff_1k.png.003
Fra:1 Mem:1396.93M (Peak 1870.85M) | Time:60:57:37.76 | Mem:172.00M, Peak:172.00M | Scene | Updating Images | Loading island_tree_02_leaves_alpha_1k.png.003
Fra:1 Mem:1397.93M (Peak 1870.85M) | Time:60:57:37.76 | Mem:173.00M, Peak:173.00M | Scene | Updating Images | Loading island_tree_01_leaves_rgba.png.001
Fra:1 Mem:1397.93M (Peak 1870.85M) | Time:60:57:37.76 | Mem:174.00M, Peak:174.00M | Scene | Updating Images | Loading pine_sapling_small_twig_diff_1k.png.003
Fra:1 Mem:1401.18M (Peak 1870.85M) | Time:60:57:37.76 | Mem:174.25M, Peak:174.25M | Scene | Updating Images | Loading pine_sapling_small_twig_rgba.png
Fra:1 Mem:1404.44M (Peak 1870.85M) | Time:60:57:37.76 | Mem:175.25M, Peak:175.25M | Scene | Updating Images | Loading pine_sapling_small_twig_alpha_1k.png.003
Fra:1 Mem:1404.44M (Peak 1870.85M) | Time:60:57:37.76 | Mem:175.25M, Peak:175.25M | Scene | Updating Images | Loading island_tree_01_leaves_diff_1k.png.004
Fra:1 Mem:1406.45M (Peak 1870.85M) | Time:60:57:37.76 | Mem:176.25M, Peak:176.25M | Scene | Updating Images | Loading island_tree_01_leaves_alpha_1k.png.004
Fra:1 Mem:1406.45M (Peak 1870.85M) | Time:60:57:37.76 | Mem:177.25M, Peak:177.25M | Scene | Updating Images | Loading island_tree_02_leaves_diff_1k.png.004
Fra:1 Mem:1406.70M (Peak 1870.85M) | Time:60:57:37.76 | Mem:178.25M, Peak:178.25M | Scene | Updating Images | Loading island_tree_02_leaves_alpha_1k.png.004
Fra:1 Mem:1405.43M (Peak 1870.85M) | Time:60:57:37.76 | Mem:178.50M, Peak:178.50M | Scene | Updating Images | Loading island_tree_02_leaves_rgba.png
Fra:1 Mem:1405.43M (Peak 1870.85M) | Time:60:57:37.76 | Mem:179.50M, Peak:179.50M | Scene | Updating Images | Loading pine_sapling_small_twig_diff_1k.png.004
Fra:1 Mem:1405.68M (Peak 1870.85M) | Time:60:57:37.76 | Mem:180.50M, Peak:180.50M | Scene | Updating Images | Loading pine_sapling_small_twig_alpha_1k.png.004
Fra:1 Mem:1408.68M (Peak 1870.85M) | Time:60:57:37.77 | Mem:183.75M, Peak:183.75M | Scene | Updating Images | Loading island_tree_01_leaves_rgba.png
Fra:1 Mem:1408.68M (Peak 1870.85M) | Time:60:57:37.77 | Mem:183.75M, Peak:183.75M | Scene | Updating Images | Loading island_tree_01_leaves_diff_1k.png.005
Fra:1 Mem:1408.93M (Peak 1870.85M) | Time:60:57:37.77 | Mem:184.75M, Peak:184.75M | Scene | Updating Images | Loading island_tree_01_leaves_alpha_1k.png.005
Fra:1 Mem:1412.19M (Peak 1870.85M) | Time:60:57:37.77 | Mem:185.75M, Peak:185.75M | Scene | Updating Images | Loading island_tree_02_leaves_diff_1k.png.005
Fra:1 Mem:1411.93M (Peak 1870.85M) | Time:60:57:37.77 | Mem:186.00M, Peak:186.00M | Scene | Updating Images | Loading fern_02_alpha_1k.png.001
Fra:1 Mem:1429.93M (Peak 1870.85M) | Time:60:57:37.77 | Mem:187.00M, Peak:187.00M | Scene | Updating Images | Loading island_tree_02_leaves_alpha_1k.png.005
Fra:1 Mem:1429.93M (Peak 1870.85M) | Time:60:57:37.77 | Mem:188.00M, Peak:188.00M | Scene | Updating Images | Loading pine_sapling_small_twig_diff_1k.png.005
Fra:1 Mem:1429.93M (Peak 1870.85M) | Time:60:57:37.77 | Mem:189.00M, Peak:189.00M | Scene | Updating Images | Loading island_tree_01_leaves_diff_1k.png.006
Fra:1 Mem:1432.94M (Peak 1870.85M) | Time:60:57:37.77 | Mem:190.00M, Peak:190.00M | Scene | Updating Images | Loading island_tree_01_leaves_alpha_1k.png.006
Fra:1 Mem:1431.93M (Peak 1870.85M) | Time:60:57:37.77 | Mem:191.00M, Peak:191.00M | Scene | Updating Images | Loading island_tree_02_leaves_diff_1k.png.006
Fra:1 Mem:1432.93M (Peak 1870.85M) | Time:60:57:37.77 | Mem:192.00M, Peak:192.00M | Scene | Updating Images | Loading island_tree_02_leaves_alpha_1k.png.006
Fra:1 Mem:1436.94M (Peak 1870.85M) | Time:60:57:37.77 | Mem:193.00M, Peak:193.00M | Scene | Updating Images | Loading pine_sapling_small_twig_diff_1k.png.006
Fra:1 Mem:1437.94M (Peak 1870.85M) | Time:60:57:37.78 | Mem:194.00M, Peak:194.00M | Scene | Updating Images | Loading pine_sapling_small_twig_alpha_1k.png.006
Fra:1 Mem:1439.94M (Peak 1870.85M) | Time:60:57:37.78 | Mem:196.00M, Peak:196.00M | Scene | Updating Images | Loading island_tree_01_leaves_diff_1k.png.007
Fra:1 Mem:1438.93M (Peak 1870.85M) | Time:60:57:37.78 | Mem:197.00M, Peak:197.00M | Scene | Updating Images | Loading island_tree_01_leaves_alpha_1k.png.007
Fra:1 Mem:1438.93M (Peak 1870.85M) | Time:60:57:37.78 | Mem:198.00M, Peak:198.00M | Scene | Updating Images | Loading island_tree_02_leaves_diff_1k.png.007
Fra:1 Mem:1439.93M (Peak 1870.85M) | Time:60:57:37.78 | Mem:199.00M, Peak:199.00M | Scene | Updating Images | Loading island_tree_02_leaves_alpha_1k.png.007
Fra:1 Mem:1439.93M (Peak 1870.85M) | Time:60:57:37.78 | Mem:200.00M, Peak:200.00M | Scene | Updating Images | Loading pine_sapling_small_twig_diff_1k.png.007
Fra:1 Mem:1440.93M (Peak 1870.85M) | Time:60:57:37.78 | Mem:201.00M, Peak:201.00M | Scene | Updating Images | Loading pine_sapling_small_twig_alpha_1k.png.007
Fra:1 Mem:1458.94M (Peak 1870.85M) | Time:60:57:37.78 | Mem:202.00M, Peak:202.00M | Scene | Updating Images | Loading island_tree_01_leaves_diff_1k.png.008
Fra:1 Mem:1459.94M (Peak 1870.85M) | Time:60:57:37.78 | Mem:203.00M, Peak:203.00M | Scene | Updating Images | Loading island_tree_01_leaves_alpha_1k.png.008
Fra:1 Mem:1460.94M (Peak 1870.85M) | Time:60:57:37.78 | Mem:204.00M, Peak:204.00M | Scene | Updating Images | Loading island_tree_02_leaves_diff_1k.png.008
Fra:1 Mem:1462.94M (Peak 1870.85M) | Time:60:57:37.78 | Mem:205.00M, Peak:205.00M | Scene | Updating Images | Loading island_tree_02_leaves_alpha_1k.png.008
Fra:1 Mem:1463.94M (Peak 1870.85M) | Time:60:57:37.78 | Mem:206.00M, Peak:206.00M | Scene | Updating Images | Loading pine_sapling_small_twig_diff_1k.png.008
Fra:1 Mem:1465.95M (Peak 1870.85M) | Time:60:57:37.78 | Mem:207.00M, Peak:207.00M | Scene | Updating Images | Loading pine_sapling_small_twig_alpha_1k.png.008
Fra:1 Mem:1465.94M (Peak 1870.85M) | Time:60:57:37.78 | Mem:208.00M, Peak:208.00M | Scene | Updating Images | Loading fern_02_diff_1k.png.002
Fra:1 Mem:1465.94M (Peak 1870.85M) | Time:60:57:37.78 | Mem:209.00M, Peak:209.00M | Scene | Updating Images | Loading fern_02_rough
Fra:1 Mem:1455.94M (Peak 1870.85M) | Time:60:57:37.79 | Mem:210.00M, Peak:210.00M | Scene | Updating Images | Loading fern_02_nor_gl
Fra:1 Mem:1459.94M (Peak 1870.85M) | Time:60:57:37.79 | Mem:211.00M, Peak:211.00M | Scene | Updating Images | Loading island_tree_01_leaves_diff_1k.png.009
Fra:1 Mem:1464.95M (Peak 1870.85M) | Time:60:57:37.79 | Mem:212.00M, Peak:212.00M | Scene | Updating Images | Loading island_tree_01_leaves_alpha_1k.png.009
Fra:1 Mem:1466.94M (Peak 1870.85M) | Time:60:57:37.79 | Mem:213.00M, Peak:213.00M | Scene | Updating Images | Loading island_tree_02_leaves_diff_1k.png.009
Fra:1 Mem:1466.94M (Peak 1870.85M) | Time:60:57:37.79 | Mem:214.00M, Peak:214.00M | Scene | Updating Images | Loading island_tree_02_leaves_alpha_1k.png.009
Fra:1 Mem:1466.93M (Peak 1870.85M) | Time:60:57:37.79 | Mem:215.00M, Peak:215.00M | Scene | Updating Images | Loading pine_sapling_small_twig_diff_1k.png.009
Fra:1 Mem:1468.94M (Peak 1870.85M) | Time:60:57:37.79 | Mem:216.00M, Peak:216.00M | Scene | Updating Images | Loading pine_sapling_small_twig_alpha_1k.png.009
Fra:1 Mem:1470.94M (Peak 1870.85M) | Time:60:57:37.79 | Mem:217.00M, Peak:217.00M | Scene | Updating Images | Loading fern_02_diff_1k.png.003
Fra:1 Mem:1470.94M (Peak 1870.85M) | Time:60:57:37.79 | Mem:233.00M, Peak:233.00M | Scene | Updating Images | Loading fern_02_alpha_1k.png
Fra:1 Mem:1486.94M (Peak 1870.85M) | Time:60:57:37.79 | Mem:234.00M, Peak:234.00M | Scene | Updating Images | Loading island_tree_01_leaves_diff_1k.png.010
Fra:1 Mem:1494.95M (Peak 1870.85M) | Time:60:57:37.79 | Mem:234.00M, Peak:234.00M | Scene | Updating Images | Loading island_tree_01_leaves_alpha_1k.png.010
Fra:1 Mem:1494.96M (Peak 1870.85M) | Time:60:57:37.79 | Mem:234.00M, Peak:234.00M | Scene | Updating Images | Loading island_tree_02_leaves_diff_1k.png.010
Fra:1 Mem:1491.95M (Peak 1870.85M) | Time:60:57:37.79 | Mem:238.00M, Peak:238.00M | Scene | Updating Images | Loading island_tree_02_leaves_alpha_1k.png.010
Fra:1 Mem:1490.94M (Peak 1870.85M) | Time:60:57:37.79 | Mem:239.00M, Peak:239.00M | Scene | Updating Images | Loading pine_sapling_small_twig_diff_1k.png.010
Fra:1 Mem:1495.94M (Peak 1870.85M) | Time:60:57:37.79 | Mem:240.00M, Peak:240.00M | Scene | Updating Images | Loading pine_sapling_small_twig_alpha_1k.png.010
Fra:1 Mem:1492.94M (Peak 1870.85M) | Time:60:57:37.79 | Mem:244.00M, Peak:244.00M | Scene | Updating Images | Loading fern_02_diff_1k.png.004
Fra:1 Mem:1497.96M (Peak 1870.85M) | Time:60:57:37.80 | Mem:244.00M, Peak:244.00M | Scene | Updating Images | Loading island_tree_01_leaves_diff_1k.png.011
Fra:1 Mem:1499.95M (Peak 1870.85M) | Time:60:57:37.80 | Mem:246.00M, Peak:246.00M | Scene | Updating Images | Loading island_tree_01_leaves_alpha_1k.png.011
Fra:1 Mem:1504.95M (Peak 1870.85M) | Time:60:57:37.80 | Mem:247.00M, Peak:247.00M | Scene | Updating Images | Loading island_tree_02_leaves_diff_1k.png.011
Fra:1 Mem:1500.94M (Peak 1870.85M) | Time:60:57:37.80 | Mem:248.00M, Peak:248.00M | Scene | Updating Images | Loading island_tree_02_leaves_alpha_1k.png.011
Fra:1 Mem:1500.93M (Peak 1870.85M) | Time:60:57:37.80 | Mem:249.00M, Peak:249.00M | Scene | Updating Images | Loading pine_sapling_small_twig_diff_1k.png.011
Fra:1 Mem:1500.93M (Peak 1870.85M) | Time:60:57:37.80 | Mem:253.00M, Peak:253.00M | Scene | Updating Images | Loading pine_sapling_small_twig_alpha_1k.png.011
Fra:1 Mem:1520.95M (Peak 1870.85M) | Time:60:57:37.80 | Mem:254.00M, Peak:254.00M | Scene | Updating Images | Loading island_tree_01_leaves_diff_1k.png.012
Fra:1 Mem:1522.95M (Peak 1870.85M) | Time:60:57:37.80 | Mem:255.00M, Peak:255.00M | Scene | Updating Images | Loading island_tree_01_leaves_alpha_1k.png.012
Fra:1 Mem:1524.96M (Peak 1870.85M) | Time:60:57:37.80 | Mem:256.00M, Peak:256.00M | Scene | Updating Images | Loading fern_02_diff_1k.png.005
DETAIL CONTACT xiaoxiangguan cutstone 9184 0.32
Fra:1 Mem:1195.26M (Peak 1871.08M) | Time:60:57:38.32 | Mem:0.00M, Peak:0.00M | Scene | Synchronizing object | xiaoxiangguan_plaster
Fra:1 Mem:1195.26M (Peak 1871.08M) | Time:60:57:38.32 | Mem:0.00M, Peak:0.00M | Scene | Synchronizing object | xiaoxiangguan_tile
Fra:1 Mem:1195.42M (Peak 1871.08M) | Time:60:57:38.32 | Mem:0.00M, Peak:0.00M | Scene | Synchronizing object | xiaoxiangguan_wood
Fra:1 Mem:1197.60M (Peak 1871.08M) | Time:60:57:38.32 | Mem:0.00M, Peak:0.00M | Scene | Synchronizing object | xiaoxiangguan_lantern
Fra:1 Mem:1197.90M (Peak 1871.08M) | Time:60:57:38.32 | Mem:0.00M, Peak:0.00M | Scene | Synchronizing object | xiaoxiangguan_latticewood.001
Fra:1 Mem:1198.04M (Peak 1871.08M) | Time:60:57:38.32 | Mem:0.00M, Peak:0.00M | Scene | Synchronizing object | xiaoxiangguan_silk
Fra:1 Mem:1198.25M (Peak 1871.08M) | Time:60:57:38.32 | Mem:0.00M, Peak:0.00M | Scene | Synchronizing object | xiaoxiangguan_gold
Fra:1 Mem:1198.32M (Peak 1871.08M) | Time:60:57:38.32 | Mem:0.00M, Peak:0.00M | Scene | Synchronizing object | xiaoxiangguan_ceramic.001
Fra:1 Mem:1198.48M (Peak 1871.08M) | Time:60:57:38.32 | Mem:0.00M, Peak:0.00M | Scene | Synchronizing object | xiaoxiangguan_tilelight.001
Fra:1 Mem:1199.14M (Peak 1871.08M) | Time:60:57:38.32 | Mem:0.00M, Peak:0.00M | Scene | Synchronizing object | xiaoxiangguan_bookcover.001
Fra:1 Mem:1199.39M (Peak 1871.08M) | Time:60:57:38.32 | Mem:0.00M, Peak:0.00M | Scene | Synchronizing object | xiaoxiangguan_ink.001
Fra:1 Mem:1199.48M (Peak 1871.08M) | Time:60:57:38.32 | Mem:0.00M, Peak:0.00M | Scene | Synchronizing object | xiaoxiangguan_tiledark.001
Fra:1 Mem:1199.48M (Peak 1871.08M) | Time:60:57:38.32 | Mem:0.00M, Peak:0.00M | Scene | Synchronizing object | xiaoxiangguan_paving.001
Fra:1 Mem:1200.92M (Peak 1871.08M) | Time:60:57:38.32 | Mem:0.00M, Peak:0.00M | Scene | Synchronizing object | xiaoxiangguan_ivory.001
Fra:1 Mem:1201.01M (Peak 1871.08M) | Time:60:57:38.32 | Mem:0.00M, Peak:0.00M | Scene | Synchronizing object | xiaoxiangguan_bark
Fra:1 Mem:1201.17M (Peak 1871.08M) | Time:60:57:38.32 | Mem:0.00M, Peak:0.00M | Scene | Synchronizing object | xiaoxiangguan_creamflower
Fra:1 Mem:1201.50M (Peak 1871.08M) | Time:60:57:38.32 | Mem:0.00M, Peak:0.00M | Scene | Synchronizing object | xiaoxiangguan_paper
Fra:1 Mem:1202.12M (Peak 1871.08M) | Time:60:57:38.32 | Mem:0.00M, Peak:0.00M | Scene | Synchronizing object | xiaoxiangguan_furniture
Fra:1 Mem:1204.91M (Peak 1871.08M) | Time:60:57:38.32 | Mem:0.00M, Peak:0.00M | Scene | Synchronizing object | xiaoxiangguan_bankstone
Fra:1 Mem:1204.98M (Peak 1871.08M) | Time:60:57:38.32 | Mem:0.00M, Peak:0.00M | Scene | Synchronizing object | xiaoxiangguan_bamboo
Fra:1 Mem:1205.46M (Peak 1871.08M) | Time:60:57:38.32 | Mem:0.00M, Peak:0.00M | Scene | Synchronizing object | xiaoxiangguan_water.001
Fra:1 Mem:1206.96M (Peak 1871.08M) | Time:60:57:38.32 | Mem:0.00M, Peak:0.00M | Scene | Synchronizing object | xiaoxiangguan_bookcloth.001
Fra:1 Mem:1207.01M (Peak 1871.08M) | Time:60:57:38.32 | Mem:0.00M, Peak:0.00M | Scene | Synchronizing object | xiaoxiangguan_leaf
Fra:1 Mem:1208.55M (Peak 1871.08M) | Time:60:57:38.32 | Mem:0.00M, Peak:0.00M | Scene | Synchronizing object | xiaoxiangguan_lightleaf
Fra:1 Mem:1222.73M (Peak 1871.08M) | Time:60:57:38.32 | Mem:0.00M, Peak:0.00M | Scene | Initializing
Fra:1 Mem:1222.72M (Peak 1871.08M) | Time:60:57:38.32 | Mem:0.00M, Peak:0.00M | Scene | Updating Images | Loading forest_grove.hdr
Fra:1 Mem:1222.72M (Peak 1871.08M) | Time:60:57:38.32 | Mem:0.00M, Peak:0.00M | Scene | Updating Images | Loading r12_stone_rough.001
Fra:1 Mem:1222.72M (Peak 1871.08M) | Time:60:57:38.32 | Mem:0.00M, Peak:0.00M | Scene | Updating Images | Loading r12_cutstone_rough.001
Fra:1 Mem:1229.73M (Peak 1871.08M) | Time:60:57:38.32 | Mem:1.00M, Peak:1.00M | Scene | Updating Images | Loading r12_darkwood_diff.001
Fra:1 Mem:1230.73M (Peak 1871.08M) | Time:60:57:38.32 | Mem:2.00M, Peak:2.00M | Scene | Updating Images | Loading r12_darkwood_nor_gl.001
Fra:1 Mem:1231.73M (Peak 1871.08M) | Time:60:57:38.32 | Mem:3.00M, Peak:3.00M | Scene | Updating Images | Loading r12_darkwood_rough.001
Fra:1 Mem:1232.73M (Peak 1871.08M) | Time:60:57:38.32 | Mem:4.00M, Peak:4.00M | Scene | Updating Images | Loading r12_floorwood_diff.001
Fra:1 Mem:1233.73M (Peak 1871.08M) | Time:60:57:38.32 | Mem:5.00M, Peak:5.00M | Scene | Updating Images | Loading r12_floorwood_nor_gl.001
Fra:1 Mem:1234.75M (Peak 1871.08M) | Time:60:57:38.32 | Mem:6.00M, Peak:6.00M | Scene | Updating Images | Loading island_tree_01_leaves_rgba.png.007
Fra:1 Mem:1235.00M (Peak 1871.08M) | Time:60:57:38.32 | Mem:7.00M, Peak:7.00M | Scene | Updating Images | Loading r12_floorwood_rough.001
Fra:1 Mem:1236.00M (Peak 1871.08M) | Time:60:57:38.32 | Mem:8.00M, Peak:8.00M | Scene | Updating Images | Loading r12_wood_diff.001
Fra:1 Mem:1237.00M (Peak 1871.08M) | Time:60:57:38.32 | Mem:9.00M, Peak:9.00M | Scene | Updating Images | Loading r12_wood_nor_gl.001
Fra:1 Mem:1238.00M (Peak 1871.08M) | Time:60:57:38.32 | Mem:10.25M, Peak:10.25M | Scene | Updating Images | Loading r12_wood_rough.001
Fra:1 Mem:1239.25M (Peak 1871.08M) | Time:60:57:38.32 | Mem:11.25M, Peak:11.25M | Scene | Updating Images | Loading r12_furniture_diff.001
Fra:1 Mem:1240.25M (Peak 1871.08M) | Time:60:57:38.32 | Mem:12.25M, Peak:12.25M | Scene | Updating Images | Loading r12_furniture_nor_gl.001
Fra:1 Mem:1249.25M (Peak 1871.08M) | Time:60:57:38.32 | Mem:12.50M, Peak:12.50M | Scene | Updating Images | Loading island_tree_02_leaves_rgba.png.003
Fra:1 Mem:1249.50M (Peak 1871.08M) | Time:60:57:38.32 | Mem:13.50M, Peak:13.50M | Scene | Updating Images | Loading r12_furniture_rough.001
Fra:1 Mem:1249.50M (Peak 1871.08M) | Time:60:57:38.32 | Mem:14.50M, Peak:14.50M | Scene | Updating Images | Loading r12_latticewood_diff.001
Fra:1 Mem:1251.50M (Peak 1871.08M) | Time:60:57:38.32 | Mem:15.50M, Peak:15.50M | Scene | Updating Images | Loading r12_latticewood_nor_gl.001
Fra:1 Mem:1252.50M (Peak 1871.08M) | Time:60:57:38.32 | Mem:15.75M, Peak:15.75M | Scene | Updating Images | Loading island_tree_01_leaves_rgba.png.006
Fra:1 Mem:1252.75M (Peak 1871.08M) | Time:60:57:38.32 | Mem:16.75M, Peak:16.75M | Scene | Updating Images | Loading r12_latticewood_rough.001
Fra:1 Mem:1253.75M (Peak 1871.08M) | Time:60:57:38.32 | Mem:17.00M, Peak:17.00M | Scene | Updating Images | Loading fern_02_rgba.png.002
Fra:1 Mem:1253.75M (Peak 1871.08M) | Time:60:57:38.32 | Mem:19.00M, Peak:19.00M | Scene | Updating Images | Loading r12_roof_diff.001
Fra:1 Mem:1254.75M (Peak 1871.08M) | Time:60:57:38.32 | Mem:19.00M, Peak:19.00M | Scene | Updating Images | Loading r12_roof_nor_gl.001
Fra:1 Mem:1255.75M (Peak 1871.08M) | Time:60:57:38.32 | Mem:20.00M, Peak:20.00M | Scene | Updating Images | Loading r12_roof_rough.001
Fra:1 Mem:1256.75M (Peak 1871.08M) | Time:60:57:38.32 | Mem:21.00M, Peak:21.00M | Scene | Updating Images | Loading r12_tilelight_diff.001
Fra:1 Mem:1257.75M (Peak 1871.08M) | Time:60:57:38.32 | Mem:22.00M, Peak:22.00M | Scene | Updating Images | Loading r12_tilelight_nor_gl.001
Fra:1 Mem:1258.75M (Peak 1871.08M) | Time:60:57:38.32 | Mem:23.00M, Peak:23.00M | Scene | Updating Images | Loading r12_tilelight_rough.001
Fra:1 Mem:1259.75M (Peak 1871.08M) | Time:60:57:38.32 | Mem:24.00M, Peak:24.00M | Scene | Updating Images | Loading r12_tile_diff.001
Fra:1 Mem:1261.75M (Peak 1871.08M) | Time:60:57:38.32 | Mem:25.00M, Peak:25.00M | Scene | Updating Images | Loading r12_tile_nor_gl.001
Fra:1 Mem:1262.75M (Peak 1871.08M) | Time:60:57:38.32 | Mem:27.00M, Peak:27.00M | Scene | Updating Images | Loading r12_tile_rough.001
Fra:1 Mem:1263.75M (Peak 1871.08M) | Time:60:57:38.32 | Mem:27.00M, Peak:27.00M | Scene | Updating Images | Loading r12_tiledark_diff.001
Fra:1 Mem:1264.75M (Peak 1871.08M) | Time:60:57:38.32 | Mem:28.00M, Peak:28.00M | Scene | Updating Images | Loading r12_tiledark_nor_gl.001
Fra:1 Mem:1265.75M (Peak 1871.08M) | Time:60:57:38.32 | Mem:29.00M, Peak:29.00M | Scene | Updating Images | Loading r12_tiledark_rough.001
Fra:1 Mem:1266.75M (Peak 1871.08M) | Time:60:57:38.32 | Mem:30.00M, Peak:30.00M | Scene | Updating Images | Loading rock_moss_set_01_diff
Fra:1 Mem:1270.75M (Peak 1871.08M) | Time:60:57:38.32 | Mem:31.00M, Peak:31.00M | Scene | Updating Images | Loading rock_moss_set_01_nor_gl
Fra:1 Mem:1274.75M (Peak 1871.08M) | Time:60:57:38.33 | Mem:32.00M, Peak:32.00M | Scene | Updating Images | Loading r12_paving_diff.001
Fra:1 Mem:1275.75M (Peak 1871.08M) | Time:60:57:38.33 | Mem:33.00M, Peak:33.00M | Scene | Updating Images | Loading r12_paving_nor_gl.001
Fra:1 Mem:1276.75M (Peak 1871.08M) | Time:60:57:38.33 | Mem:34.00M, Peak:34.00M | Scene | Updating Images | Loading r12_paving_rough.001
Fra:1 Mem:1277.75M (Peak 1871.08M) | Time:60:57:38.33 | Mem:35.00M, Peak:35.00M | Scene | Updating Images | Loading r12_gardenstone_diff
Fra:1 Mem:1278.75M (Peak 1871.08M) | Time:60:57:38.33 | Mem:36.00M, Peak:36.00M | Scene | Updating Images | Loading r12_gardenstone_nor_gl
Fra:1 Mem:1279.75M (Peak 1871.08M) | Time:60:57:38.33 | Mem:37.00M, Peak:37.00M | Scene | Updating Images | Loading r12_gardenstone_rough
Fra:1 Mem:1280.75M (Peak 1871.08M) | Time:60:57:38.33 | Mem:39.00M, Peak:39.00M | Scene | Updating Images | Loading worn_mossy_plasterwall.jpg
Fra:1 Mem:1280.75M (Peak 1871.08M) | Time:60:57:38.33 | Mem:39.00M, Peak:39.00M | Scene | Updating Images | Loading r12_bankstone_diff.001
Fra:1 Mem:1284.75M (Peak 1871.08M) | Time:60:57:38.33 | Mem:47.00M, Peak:47.00M | Scene | Updating Images | Loading r12_bankstone_nor_gl.001
Fra:1 Mem:1284.75M (Peak 1871.08M) | Time:60:57:38.33 | Mem:49.00M, Peak:49.00M | Scene | Updating Images | Loading island_tree_01_diff
Fra:1 Mem:1285.75M (Peak 1871.08M) | Time:60:57:38.33 | Mem:49.00M, Peak:49.00M | Scene | Updating Images | Loading island_tree_01_rough
Fra:1 Mem:1295.76M (Peak 1871.08M) | Time:60:57:38.33 | Mem:53.00M, Peak:53.00M | Scene | Updating Images | Loading island_tree_01_nor_gl
Fra:1 Mem:1300.77M (Peak 1871.08M) | Time:60:57:38.33 | Mem:57.00M, Peak:57.00M | Scene | Updating Images | Loading island_tree_01_leaves_diff-island_tree_01_leaves_alpha
Fra:1 Mem:1304.77M (Peak 1871.08M) | Time:60:57:38.33 | Mem:61.00M, Peak:61.00M | Scene | Updating Images | Loading island_tree_01_leaves_rough
Fra:1 Mem:1307.76M (Peak 1871.08M) | Time:60:57:38.33 | Mem:62.00M, Peak:62.00M | Scene | Updating Images | Loading island_tree_01_leaves_rgba.png.005
Fra:1 Mem:1308.01M (Peak 1871.08M) | Time:60:57:38.33 | Mem:66.00M, Peak:66.00M | Scene | Updating Images | Loading island_tree_01_leaves_nor_gl
Fra:1 Mem:1312.01M (Peak 1871.08M) | Time:60:57:38.33 | Mem:67.00M, Peak:67.00M | Scene | Updating Images | Loading island_tree_01_branches_diff
Fra:1 Mem:1316.01M (Peak 1871.08M) | Time:60:57:38.33 | Mem:67.25M, Peak:67.25M | Scene | Updating Images | Loading pine_sapling_small_twig_rgba.png.002
Fra:1 Mem:1326.26M (Peak 1871.08M) | Time:60:57:38.33 | Mem:71.25M, Peak:71.25M | Scene | Updating Images | Loading island_tree_01_branches_rough
Fra:1 Mem:1330.26M (Peak 1871.08M) | Time:60:57:38.33 | Mem:75.25M, Peak:75.25M | Scene | Updating Images | Loading island_tree_01_branches_nor_gl
Fra:1 Mem:1334.26M (Peak 1871.08M) | Time:60:57:38.33 | Mem:79.25M, Peak:79.25M | Scene | Updating Images | Loading island_tree_01_leaves_diff_1k.png.001
Fra:1 Mem:1334.26M (Peak 1871.08M) | Time:60:57:38.33 | Mem:83.25M, Peak:83.25M | Scene | Updating Images | Loading island_tree_01_leaves_alpha_1k.png.001
Fra:1 Mem:1335.26M (Peak 1871.08M) | Time:60:57:38.33 | Mem:83.50M, Peak:83.50M | Scene | Updating Images | Loading island_tree_02_leaves_rgba.png.002
Fra:1 Mem:1334.25M (Peak 1871.08M) | Time:60:57:38.33 | Mem:84.50M, Peak:84.50M | Scene | Updating Images | Loading island_tree_02_diff
Fra:1 Mem:1339.51M (Peak 1871.08M) | Time:60:57:38.33 | Mem:88.50M, Peak:88.50M | Scene | Updating Images | Loading island_tree_02_rough
Fra:1 Mem:1344.51M (Peak 1871.08M) | Time:60:57:38.33 | Mem:89.75M, Peak:89.75M | Scene | Updating Images | Loading island_tree_01_leaves_rgba.png.004
Fra:1 Mem:1344.76M (Peak 1871.08M) | Time:60:57:38.33 | Mem:93.75M, Peak:93.75M | Scene | Updating Images | Loading island_tree_02_nor_gl
Fra:1 Mem:1348.76M (Peak 1871.08M) | Time:60:57:38.34 | Mem:98.75M, Peak:98.75M | Scene | Updating Images | Loading island_tree_02_leaves_diff-island_tree_02_leaves_alpha
Fra:1 Mem:1357.03M (Peak 1871.08M) | Time:60:57:38.34 | Mem:98.75M, Peak:98.75M | Scene | Updating Images | Loading island_tree_02_leaves_rough
Fra:1 Mem:1360.77M (Peak 1871.08M) | Time:60:57:38.34 | Mem:99.00M, Peak:99.00M | Scene | Updating Images | Loading fern_02_rgba.png.001
Fra:1 Mem:1357.76M (Peak 1871.08M) | Time:60:57:38.34 | Mem:103.00M, Peak:103.00M | Scene | Updating Images | Loading island_tree_02_leaves_nor_gl
Fra:1 Mem:1361.76M (Peak 1871.08M) | Time:60:57:38.34 | Mem:107.00M, Peak:107.00M | Scene | Updating Images | Loading island_tree_02_leaves_diff_1k.png.001
Fra:1 Mem:1362.77M (Peak 1871.08M) | Time:60:57:38.34 | Mem:111.00M, Peak:111.00M | Scene | Updating Images | Loading island_tree_02_leaves_alpha_1k.png.001
Fra:1 Mem:1362.77M (Peak 1871.08M) | Time:60:57:38.34 | Mem:111.00M, Peak:111.00M | Scene | Updating Images | Loading island_tree_02_branches_diff
Fra:1 Mem:1366.77M (Peak 1871.08M) | Time:60:57:38.34 | Mem:111.00M, Peak:111.00M | Scene | Updating Images | Loading island_tree_02_branches_rough
Fra:1 Mem:1369.75M (Peak 1871.08M) | Time:60:57:38.34 | Mem:112.00M, Peak:112.00M | Scene | Updating Images | Loading island_tree_02_branches_nor_gl
Fra:1 Mem:1373.75M (Peak 1871.08M) | Time:60:57:38.34 | Mem:116.00M, Peak:116.00M | Scene | Updating Images | Loading pine_sapling_small_bark_diff
Fra:1 Mem:1378.76M (Peak 1871.08M) | Time:60:57:38.34 | Mem:120.00M, Peak:120.00M | Scene | Updating Images | Loading pine_sapling_small_bark_rough
Fra:1 Mem:1383.76M (Peak 1871.08M) | Time:60:57:38.34 | Mem:124.00M, Peak:124.00M | Scene | Updating Images | Loading pine_sapling_small_bark_nor_gl
Fra:1 Mem:1387.76M (Peak 1871.08M) | Time:60:57:38.34 | Mem:128.00M, Peak:128.00M | Scene | Updating Images | Loading pine_sapling_small_twig_diff
Fra:1 Mem:1395.77M (Peak 1871.08M) | Time:60:57:38.34 | Mem:132.00M, Peak:132.00M | Scene | Updating Images | Loading pine_sapling_small_twig_rough
Fra:1 Mem:1399.77M (Peak 1871.08M) | Time:60:57:38.34 | Mem:136.00M, Peak:136.00M | Scene | Updating Images | Loading pine_sapling_small_twig_nor_gl
Fra:1 Mem:1404.78M (Peak 1871.08M) | Time:60:57:38.34 | Mem:137.00M, Peak:137.00M | Scene | Updating Images | Loading pine_sapling_small_twig_diff_1k.png.001
Fra:1 Mem:1404.78M (Peak 1871.08M) | Time:60:57:38.34 | Mem:141.00M, Peak:141.00M | Scene | Updating Images | Loading pine_sapling_small_twig_alpha_1k.png.001
Fra:1 Mem:1404.78M (Peak 1871.08M) | Time:60:57:38.34 | Mem:145.00M, Peak:145.00M | Scene | Updating Images | Loading island_tree_01_leaves_diff_1k.png.002
Fra:1 Mem:1403.77M (Peak 1871.08M) | Time:60:57:38.34 | Mem:146.00M, Peak:146.00M | Scene | Updating Images | Loading island_tree_01_leaves_rgba.png.003
Fra:1 Mem:1399.75M (Peak 1871.08M) | Time:60:57:38.34 | Mem:151.00M, Peak:151.00M | Scene | Updating Images | Loading island_tree_01_leaves_alpha_1k.png.002
Fra:1 Mem:1401.01M (Peak 1871.08M) | Time:60:57:38.34 | Mem:155.00M, Peak:155.00M | Scene | Updating Images | Loading island_tree_02_leaves_diff_1k.png.002
Fra:1 Mem:1401.00M (Peak 1871.08M) | Time:60:57:38.34 | Mem:155.25M, Peak:155.25M | Scene | Updating Images | Loading pine_sapling_small_twig_rgba.png.001
Fra:1 Mem:1404.26M (Peak 1871.08M) | Time:60:57:38.34 | Mem:156.25M, Peak:156.25M | Scene | Updating Images | Loading island_tree_02_leaves_alpha_1k.png.002
Fra:1 Mem:1397.26M (Peak 1871.08M) | Time:60:57:38.35 | Mem:157.25M, Peak:157.25M | Scene | Updating Images | Loading pine_sapling_small_twig_diff_1k.png.002
Fra:1 Mem:1397.26M (Peak 1871.08M) | Time:60:57:38.35 | Mem:157.50M, Peak:157.50M | Scene | Updating Images | Loading island_tree_02_leaves_rgba.png.001
Fra:1 Mem:1398.51M (Peak 1871.08M) | Time:60:57:38.35 | Mem:158.50M, Peak:158.50M | Scene | Updating Images | Loading pine_sapling_small_twig_alpha_1k.png.002
Fra:1 Mem:1398.51M (Peak 1871.08M) | Time:60:57:38.35 | Mem:159.50M, Peak:159.50M | Scene | Updating Images | Loading island_tree_01_leaves_diff_1k.png.003
Fra:1 Mem:1398.51M (Peak 1871.08M) | Time:60:57:38.35 | Mem:159.50M, Peak:159.50M | Scene | Updating Images | Loading island_tree_01_leaves_alpha_1k.png.003
Fra:1 Mem:1398.51M (Peak 1871.08M) | Time:60:57:38.35 | Mem:160.50M, Peak:160.50M | Scene | Updating Images | Loading island_tree_02_leaves_diff_1k.png.003
Fra:1 Mem:1399.51M (Peak 1871.08M) | Time:60:57:38.35 | Mem:160.75M, Peak:160.75M | Scene | Updating Images | Loading island_tree_01_leaves_rgba.png.002
Fra:1 Mem:1399.51M (Peak 1871.08M) | Time:60:57:38.35 | Mem:164.75M, Peak:164.75M | Scene | Updating Images | Loading island_tree_02_leaves_alpha_1k.png.003
Fra:1 Mem:1406.77M (Peak 1871.08M) | Time:60:57:38.35 | Mem:165.75M, Peak:165.75M | Scene | Updating Images | Loading pine_sapling_small_twig_diff_1k.png.003
Fra:1 Mem:1407.02M (Peak 1871.08M) | Time:60:57:38.35 | Mem:166.75M, Peak:166.75M | Scene | Updating Images | Loading pine_sapling_small_twig_alpha_1k.png.003
Fra:1 Mem:1406.76M (Peak 1871.08M) | Time:60:57:38.35 | Mem:167.00M, Peak:167.00M | Scene | Updating Images | Loading fern_02_rgba.png
Fra:1 Mem:1405.76M (Peak 1871.08M) | Time:60:57:38.35 | Mem:169.00M, Peak:169.00M | Scene | Updating Images | Loading island_tree_01_leaves_diff_1k.png.004
Fra:1 Mem:1405.76M (Peak 1871.08M) | Time:60:57:38.35 | Mem:170.00M, Peak:170.00M | Scene | Updating Images | Loading island_tree_01_leaves_alpha_1k.png.004
Fra:1 Mem:1406.77M (Peak 1871.08M) | Time:60:57:38.35 | Mem:171.00M, Peak:171.00M | Scene | Updating Images | Loading island_tree_02_leaves_diff_1k.png.004
Fra:1 Mem:1405.76M (Peak 1871.08M) | Time:60:57:38.35 | Mem:180.00M, Peak:180.00M | Scene | Updating Images | Loading island_tree_02_leaves_alpha_1k.png.004
Fra:1 Mem:1405.76M (Peak 1871.08M) | Time:60:57:38.35 | Mem:180.00M, Peak:180.00M | Scene | Updating Images | Loading pine_sapling_small_twig_diff_1k.png.004
Fra:1 Mem:1405.75M (Peak 1871.08M) | Time:60:57:38.35 | Mem:181.00M, Peak:181.00M | Scene | Updating Images | Loading pine_sapling_small_twig_alpha_1k.png.004
Fra:1 Mem:1405.75M (Peak 1871.08M) | Time:60:57:38.35 | Mem:182.00M, Peak:182.00M | Scene | Updating Images | Loading island_tree_01_leaves_diff_1k.png.005
Fra:1 Mem:1406.75M (Peak 1871.08M) | Time:60:57:38.35 | Mem:183.00M, Peak:183.00M | Scene | Updating Images | Loading island_tree_01_leaves_rgba.png.001
Fra:1 Mem:1407.00M (Peak 1871.08M) | Time:60:57:38.36 | Mem:184.00M, Peak:184.00M | Scene | Updating Images | Loading island_tree_01_leaves_alpha_1k.png.005
Fra:1 Mem:1408.00M (Peak 1871.08M) | Time:60:57:38.36 | Mem:184.25M, Peak:184.25M | Scene | Updating Images | Loading pine_sapling_small_twig_rgba.png
Fra:1 Mem:1412.26M (Peak 1871.08M) | Time:60:57:38.36 | Mem:185.25M, Peak:185.25M | Scene | Updating Images | Loading island_tree_02_leaves_diff_1k.png.005
Fra:1 Mem:1416.28M (Peak 1871.08M) | Time:60:57:38.36 | Mem:185.50M, Peak:185.50M | Scene | Updating Images | Loading island_tree_02_leaves_rgba.png
Fra:1 Mem:1415.26M (Peak 1871.08M) | Time:60:57:38.36 | Mem:186.50M, Peak:186.50M | Scene | Updating Images | Loading island_tree_02_leaves_alpha_1k.png.005
Fra:1 Mem:1417.53M (Peak 1871.08M) | Time:60:57:38.36 | Mem:187.50M, Peak:187.50M | Scene | Updating Images | Loading pine_sapling_small_twig_diff_1k.png.005
Fra:1 Mem:1416.52M (Peak 1871.08M) | Time:60:57:38.36 | Mem:187.50M, Peak:187.50M | Scene | Updating Images | Loading pine_sapling_small_twig_alpha_1k.png.005
Fra:1 Mem:1416.52M (Peak 1871.08M) | Time:60:57:38.36 | Mem:189.50M, Peak:189.50M | Scene | Updating Images | Loading island_tree_01_leaves_diff_1k.png.006
Fra:1 Mem:1415.51M (Peak 1871.08M) | Time:60:57:38.36 | Mem:189.50M, Peak:189.50M | Scene | Updating Images | Loading island_tree_01_leaves_alpha_1k.png.006
Fra:1 Mem:1416.51M (Peak 1871.08M) | Time:60:57:38.36 | Mem:190.50M, Peak:190.50M | Scene | Updating Images | Loading island_tree_02_leaves_diff_1k.png.006
Fra:1 Mem:1416.51M (Peak 1871.08M) | Time:60:57:38.36 | Mem:190.75M, Peak:190.75M | Scene | Updating Images | Loading island_tree_01_leaves_rgba.png
Fra:1 Mem:1417.51M (Peak 1871.08M) | Time:60:57:38.36 | Mem:191.75M, Peak:191.75M | Scene | Updating Images | Loading island_tree_02_leaves_alpha_1k.png.006
Fra:1 Mem:1416.75M (Peak 1871.08M) | Time:60:57:38.36 | Mem:192.75M, Peak:192.75M | Scene | Updating Images | Loading pine_sapling_small_twig_diff_1k.png.006
Fra:1 Mem:1416.75M (Peak 1871.08M) | Time:60:57:38.36 | Mem:193.00M, Peak:193.00M | Scene | Updating Images | Loading fern_02_alpha_1k.png.001
Fra:1 Mem:1439.77M (Peak 1871.08M) | Time:60:57:38.37 | Mem:195.00M, Peak:195.00M | Scene | Updating Images | Loading pine_sapling_small_twig_alpha_1k.png.006
Fra:1 Mem:1439.77M (Peak 1871.08M) | Time:60:57:38.37 | Mem:195.00M, Peak:195.00M | Scene | Updating Images | Loading island_tree_01_leaves_diff_1k.png.007
Fra:1 Mem:1439.76M (Peak 1871.08M) | Time:60:57:38.37 | Mem:196.00M, Peak:196.00M | Scene | Updating Images | Loading island_tree_01_leaves_alpha_1k.png.007
Fra:1 Mem:1439.76M (Peak 1871.08M) | Time:60:57:38.37 | Mem:196.00M, Peak:196.00M | Scene | Updating Images | Loading island_tree_02_leaves_diff_1k.png.007
Fra:1 Mem:1439.76M (Peak 1871.08M) | Time:60:57:38.37 | Mem:197.00M, Peak:197.00M | Scene | Updating Images | Loading island_tree_02_leaves_alpha_1k.png.007
Fra:1 Mem:1439.76M (Peak 1871.08M) | Time:60:57:38.37 | Mem:197.00M, Peak:197.00M | Scene | Updating Images | Loading pine_sapling_small_twig_diff_1k.png.007
Fra:1 Mem:1439.76M (Peak 1871.08M) | Time:60:57:38.37 | Mem:198.00M, Peak:198.00M | Scene | Updating Images | Loading pine_sapling_small_twig_alpha_1k.png.007
Fra:1 Mem:1462.77M (Peak 1871.08M) | Time:60:57:38.37 | Mem:201.00M, Peak:201.00M | Scene | Updating Images | Loading island_tree_01_leaves_diff_1k.png.008
Fra:1 Mem:1462.77M (Peak 1871.08M) | Time:60:57:38.37 | Mem:202.00M, Peak:202.00M | Scene | Updating Images | Loading island_tree_01_leaves_alpha_1k.png.008
Fra:1 Mem:1462.77M (Peak 1871.08M) | Time:60:57:38.37 | Mem:205.00M, Peak:205.00M | Scene | Updating Images | Loading island_tree_02_leaves_diff_1k.png.008
Fra:1 Mem:1462.77M (Peak 1871.08M) | Time:60:57:38.37 | Mem:205.00M, Peak:205.00M | Scene | Updating Images | Loading island_tree_02_leaves_alpha_1k.png.008
Fra:1 Mem:1462.77M (Peak 1871.08M) | Time:60:57:38.37 | Mem:205.00M, Peak:205.00M | Scene | Updating Images | Loading pine_sapling_small_twig_diff_1k.png.008
Fra:1 Mem:1462.77M (Peak 1871.08M) | Time:60:57:38.37 | Mem:205.00M, Peak:205.00M | Scene | Updating Images | Loading pine_sapling_small_twig_alpha_1k.png.008
Fra:1 Mem:1462.76M (Peak 1871.08M) | Time:60:57:38.37 | Mem:207.00M, Peak:207.00M | Scene | Updating Images | Loading fern_02_diff_1k.png.002
Fra:1 Mem:1448.77M (Peak 1871.08M) | Time:60:57:38.38 | Mem:208.00M, Peak:208.00M | Scene | Updating Images | Loading fern_02_rough
Fra:1 Mem:1452.77M (Peak 1871.08M) | Time:60:57:38.38 | Mem:208.00M, Peak:208.00M | Scene | Updating Images | Loading fern_02_nor_gl
Fra:1 Mem:1464.76M (Peak 1871.08M) | Time:60:57:38.38 | Mem:209.00M, Peak:209.00M | Scene | Updating Images | Loading island_tree_01_leaves_diff_1k.png.009
Fra:1 Mem:1464.76M (Peak 1871.08M) | Time:60:57:38.38 | Mem:210.00M, Peak:210.00M | Scene | Updating Images | Loading island_tree_01_leaves_alpha_1k.png.009
Fra:1 Mem:1465.77M (Peak 1871.08M) | Time:60:57:38.38 | Mem:210.00M, Peak:210.00M | Scene | Updating Images | Loading island_tree_02_leaves_diff_1k.png.009
Fra:1 Mem:1464.76M (Peak 1871.08M) | Time:60:57:38.38 | Mem:212.00M, Peak:212.00M | Scene | Updating Images | Loading island_tree_02_leaves_alpha_1k.png.009
Fra:1 Mem:1466.76M (Peak 1871.08M) | Time:60:57:38.38 | Mem:228.00M, Peak:228.00M | Scene | Updating Images | Loading fern_02_alpha_1k.png
Fra:1 Mem:1488.77M (Peak 1871.08M) | Time:60:57:38.38 | Mem:230.00M, Peak:230.00M | Scene | Updating Images | Loading pine_sapling_small_twig_diff_1k.png.009
Fra:1 Mem:1484.76M (Peak 1871.08M) | Time:60:57:38.38 | Mem:231.00M, Peak:231.00M | Scene | Updating Images | Loading pine_sapling_small_twig_alpha_1k.png.009
Fra:1 Mem:1486.77M (Peak 1871.08M) | Time:60:57:38.38 | Mem:231.00M, Peak:231.00M | Scene | Updating Images | Loading fern_02_diff_1k.png.003
Fra:1 Mem:1485.76M (Peak 1871.08M) | Time:60:57:38.38 | Mem:232.00M, Peak:232.00M | Scene | Updating Images | Loading island_tree_01_leaves_diff_1k.png.010
Fra:1 Mem:1485.76M (Peak 1871.08M) | Time:60:57:38.38 | Mem:236.00M, Peak:236.00M | Scene | Updating Images | Loading island_tree_01_leaves_alpha_1k.png.010
Fra:1 Mem:1485.76M (Peak 1871.08M) | Time:60:57:38.38 | Mem:241.00M, Peak:241.00M | Scene | Updating Images | Loading island_tree_02_leaves_diff_1k.png.010
Fra:1 Mem:1485.76M (Peak 1871.08M) | Time:60:57:38.38 | Mem:242.00M, Peak:242.00M | Scene | Updating Images | Loading island_tree_02_leaves_alpha_1k.png.010
Fra:1 Mem:1485.75M (Peak 1871.08M) | Time:60:57:38.39 | Mem:246.00M, Peak:246.00M | Scene | Updating Images | Loading pine_sapling_small_twig_diff_1k.png.010
Fra:1 Mem:1490.76M (Peak 1871.08M) | Time:60:57:38.39 | Mem:248.00M, Peak:248.00M | Scene | Updating Images | Loading pine_sapling_small_twig_alpha_1k.png.010
Fra:1 Mem:1495.76M (Peak 1871.08M) | Time:60:57:38.39 | Mem:249.00M, Peak:249.00M | Scene | Updating Images | Loading fern_02_diff_1k.png.004
Fra:1 Mem:1495.76M (Peak 1871.08M) | Time:60:57:38.39 | Mem:249.00M, Peak:249.00M | Scene | Updating Images | Loading island_tree_01_leaves_diff_1k.png.011
Fra:1 Mem:1496.76M (Peak 1871.08M) | Time:60:57:38.39 | Mem:250.00M, Peak:250.00M | Scene | Updating Images | Loading island_tree_01_leaves_alpha_1k.png.011
Fra:1 Mem:1496.76M (Peak 1871.08M) | Time:60:57:38.39 | Mem:250.00M, Peak:250.00M | Scene | Updating Images | Loading island_tree_02_leaves_diff_1k.png.011
Fra:1 Mem:1517.77M (Peak 1871.08M) | Time:60:57:38.39 | Mem:252.00M, Peak:252.00M | Scene | Updating Images | Loading island_tree_02_leaves_alpha_1k.png.011
Fra:1 Mem:1517.77M (Peak 1871.08M) | Time:60:57:38.39 | Mem:252.00M, Peak:252.00M | Scene | Updating Images | Loading pine_sapling_small_twig_diff_1k.png.011
Fra:1 Mem:1517.77M (Peak 1871.08M) | Time:60:57:38.39 | Mem:252.00M, Peak:252.00M | Scene | Updating Images | Loading pine_sapling_small_twig_alpha_1k.png.011
Fra:1 Mem:1518.77M (Peak 1871.08M) | Time:60:57:38.39 | Mem:253.00M, Peak:253.00M | Scene | Updating Images | Loading island_tree_01_leaves_diff_1k.png.012
Fra:1 Mem:1522.78M (Peak 1871.08M) | Time:60:57:38.39 | Mem:255.00M, Peak:255.00M | Scene | Updating Images | Loading island_tree_01_leaves_alpha_1k.png.012
Fra:1 Mem:1522.78M (Peak 1871.08M) | Time:60:57:38.39 | Mem:255.00M, Peak:255.00M | Scene | Updating Images | Loading fern_02_diff_1k.png.005
DETAIL CONTACT xiaoxiangguan darkwood 11040 0.32
Fra:1 Mem:1195.24M (Peak 1871.08M) | Time:60:57:38.90 | Mem:0.00M, Peak:0.00M | Scene | Synchronizing object | xiaoxiangguan_plaster
Fra:1 Mem:1195.24M (Peak 1871.08M) | Time:60:57:38.90 | Mem:0.00M, Peak:0.00M | Scene | Synchronizing object | xiaoxiangguan_roof
Fra:1 Mem:1195.27M (Peak 1871.08M) | Time:60:57:38.90 | Mem:0.00M, Peak:0.00M | Scene | Synchronizing object | xiaoxiangguan_stone
Fra:1 Mem:1195.36M (Peak 1871.08M) | Time:60:57:38.90 | Mem:0.00M, Peak:0.00M | Scene | Synchronizing object | xiaoxiangguan_floorwood
Fra:1 Mem:1195.48M (Peak 1871.08M) | Time:60:57:38.90 | Mem:0.00M, Peak:0.00M | Scene | Synchronizing object | xiaoxiangguan_wood
Fra:1 Mem:1196.20M (Peak 1871.08M) | Time:60:57:38.90 | Mem:0.00M, Peak:0.00M | Scene | Synchronizing object | xiaoxiangguan_latticewood.001
Fra:1 Mem:1198.26M (Peak 1871.08M) | Time:60:57:38.90 | Mem:0.00M, Peak:0.00M | Scene | Synchronizing object | xiaoxiangguan_tilelight.001
Fra:1 Mem:1198.46M (Peak 1871.08M) | Time:60:57:38.90 | Mem:0.00M, Peak:0.00M | Scene | Synchronizing object | xiaoxiangguan_lantern
Fra:1 Mem:1198.64M (Peak 1871.08M) | Time:60:57:38.90 | Mem:0.00M, Peak:0.00M | Scene | Synchronizing object | xiaoxiangguan_silk
Fra:1 Mem:1198.77M (Peak 1871.08M) | Time:60:57:38.90 | Mem:0.00M, Peak:0.00M | Scene | Synchronizing object | xiaoxiangguan_gold
Fra:1 Mem:1199.54M (Peak 1871.08M) | Time:60:57:38.90 | Mem:0.00M, Peak:0.00M | Scene | Synchronizing object | xiaoxiangguan_tiledark.001
Fra:1 Mem:1199.54M (Peak 1871.08M) | Time:60:57:38.90 | Mem:0.00M, Peak:0.00M | Scene | Synchronizing object | xiaoxiangguan_paving.001
Fra:1 Mem:1199.87M (Peak 1871.08M) | Time:60:57:38.90 | Mem:0.00M, Peak:0.00M | Scene | Synchronizing object | xiaoxiangguan_creamflower
Fra:1 Mem:1200.83M (Peak 1871.08M) | Time:60:57:38.90 | Mem:0.00M, Peak:0.00M | Scene | Synchronizing object | xiaoxiangguan_bamboo
Fra:1 Mem:1206.03M (Peak 1871.08M) | Time:60:57:38.90 | Mem:0.00M, Peak:0.00M | Scene | Synchronizing object | xiaoxiangguan_bookcover.001
Fra:1 Mem:1206.48M (Peak 1871.08M) | Time:60:57:38.90 | Mem:0.00M, Peak:0.00M | Scene | Synchronizing object | xiaoxiangguan_ink.001
Fra:1 Mem:1207.27M (Peak 1871.08M) | Time:60:57:38.90 | Mem:0.00M, Peak:0.00M | Scene | Synchronizing object | xiaoxiangguan_ivory.001
Fra:1 Mem:1208.71M (Peak 1871.08M) | Time:60:57:38.90 | Mem:0.00M, Peak:0.00M | Scene | Synchronizing object | xiaoxiangguan_lightleaf
Fra:1 Mem:1208.78M (Peak 1871.08M) | Time:60:57:38.90 | Mem:0.00M, Peak:0.00M | Scene | Synchronizing object | xiaoxiangguan_paper
Fra:1 Mem:1212.57M (Peak 1871.08M) | Time:60:57:38.90 | Mem:0.00M, Peak:0.00M | Scene | Synchronizing object | xiaoxiangguan_furniture
Fra:1 Mem:1213.91M (Peak 1871.08M) | Time:60:57:38.90 | Mem:0.00M, Peak:0.00M | Scene | Synchronizing object | xiaoxiangguan_bankstone
Fra:1 Mem:1213.71M (Peak 1871.08M) | Time:60:57:38.90 | Mem:0.00M, Peak:0.00M | Scene | Synchronizing object | xiaoxiangguan_bookcloth.001
Fra:1 Mem:1215.08M (Peak 1871.08M) | Time:60:57:38.90 | Mem:0.00M, Peak:0.00M | Scene | Synchronizing object | xiaoxiangguan_water.001
Fra:1 Mem:1222.55M (Peak 1871.08M) | Time:60:57:38.90 | Mem:0.00M, Peak:0.00M | Scene | Initializing
Fra:1 Mem:1222.54M (Peak 1871.08M) | Time:60:57:38.90 | Mem:0.00M, Peak:0.00M | Scene | Updating Images | Loading fern_02_rgba.png.003
Fra:1 Mem:1222.54M (Peak 1871.08M) | Time:60:57:38.90 | Mem:0.00M, Peak:0.00M | Scene | Updating Images | Loading forest_grove.hdr
Fra:1 Mem:1222.54M (Peak 1871.08M) | Time:60:57:38.90 | Mem:0.00M, Peak:0.00M | Scene | Updating Images | Loading r12_stone_diff.001
Fra:1 Mem:1223.54M (Peak 1871.08M) | Time:60:57:38.90 | Mem:0.00M, Peak:0.00M | Scene | Updating Images | Loading r12_stone_rough.001
Fra:1 Mem:1224.54M (Peak 1871.08M) | Time:60:57:38.90 | Mem:0.00M, Peak:0.00M | Scene | Updating Images | Loading r12_cutstone_rough.001
Fra:1 Mem:1229.56M (Peak 1871.08M) | Time:60:57:38.90 | Mem:2.00M, Peak:2.00M | Scene | Updating Images | Loading r12_darkwood_diff.001
Fra:1 Mem:1230.56M (Peak 1871.08M) | Time:60:57:38.90 | Mem:3.00M, Peak:3.00M | Scene | Updating Images | Loading r12_darkwood_nor_gl.001
Fra:1 Mem:1230.56M (Peak 1871.08M) | Time:60:57:38.90 | Mem:3.00M, Peak:3.00M | Scene | Updating Images | Loading r12_darkwood_rough.001
Fra:1 Mem:1232.56M (Peak 1871.08M) | Time:60:57:38.90 | Mem:4.00M, Peak:4.00M | Scene | Updating Images | Loading r12_floorwood_diff.001
Fra:1 Mem:1233.56M (Peak 1871.08M) | Time:60:57:38.90 | Mem:6.00M, Peak:6.00M | Scene | Updating Images | Loading r12_floorwood_nor_gl.001
Fra:1 Mem:1234.56M (Peak 1871.08M) | Time:60:57:38.90 | Mem:6.00M, Peak:6.00M | Scene | Updating Images | Loading r12_floorwood_rough.001
Fra:1 Mem:1235.57M (Peak 1871.08M) | Time:60:57:38.90 | Mem:7.00M, Peak:7.00M | Scene | Updating Images | Loading island_tree_01_leaves_rgba.png.007
Fra:1 Mem:1235.82M (Peak 1871.08M) | Time:60:57:38.90 | Mem:8.00M, Peak:8.00M | Scene | Updating Images | Loading r12_wood_diff.001
Fra:1 Mem:1236.82M (Peak 1871.08M) | Time:60:57:38.90 | Mem:9.00M, Peak:9.00M | Scene | Updating Images | Loading r12_wood_nor_gl.001
Fra:1 Mem:1237.82M (Peak 1871.08M) | Time:60:57:38.90 | Mem:9.25M, Peak:9.25M | Scene | Updating Images | Loading pine_sapling_small_twig_rgba.png.003
Fra:1 Mem:1237.82M (Peak 1871.08M) | Time:60:57:38.90 | Mem:10.25M, Peak:10.25M | Scene | Updating Images | Loading r12_wood_rough.001
Fra:1 Mem:1247.07M (Peak 1871.08M) | Time:60:57:38.90 | Mem:11.25M, Peak:11.25M | Scene | Updating Images | Loading r12_furniture_diff.001
Fra:1 Mem:1248.07M (Peak 1871.08M) | Time:60:57:38.90 | Mem:12.25M, Peak:12.25M | Scene | Updating Images | Loading r12_furniture_nor_gl.001
Fra:1 Mem:1249.07M (Peak 1871.08M) | Time:60:57:38.90 | Mem:12.50M, Peak:12.50M | Scene | Updating Images | Loading island_tree_02_leaves_rgba.png.003
Fra:1 Mem:1249.32M (Peak 1871.08M) | Time:60:57:38.90 | Mem:13.50M, Peak:13.50M | Scene | Updating Images | Loading r12_furniture_rough.001
Fra:1 Mem:1250.32M (Peak 1871.08M) | Time:60:57:38.90 | Mem:13.75M, Peak:13.75M | Scene | Updating Images | Loading island_tree_01_leaves_rgba.png.006
Fra:1 Mem:1250.57M (Peak 1871.08M) | Time:60:57:38.90 | Mem:15.75M, Peak:15.75M | Scene | Updating Images | Loading r12_latticewood_diff.001
Fra:1 Mem:1250.57M (Peak 1871.08M) | Time:60:57:38.90 | Mem:15.75M, Peak:15.75M | Scene | Updating Images | Loading r12_latticewood_nor_gl.001
Fra:1 Mem:1252.57M (Peak 1871.08M) | Time:60:57:38.90 | Mem:16.00M, Peak:16.00M | Scene | Updating Images | Loading fern_02_rgba.png.002
Fra:1 Mem:1252.57M (Peak 1871.08M) | Time:60:57:38.90 | Mem:19.00M, Peak:19.00M | Scene | Updating Images | Loading r12_latticewood_rough.001
Fra:1 Mem:1253.57M (Peak 1871.08M) | Time:60:57:38.90 | Mem:19.00M, Peak:19.00M | Scene | Updating Images | Loading r12_roof_nor_gl.001
Fra:1 Mem:1255.57M (Peak 1871.08M) | Time:60:57:38.90 | Mem:20.00M, Peak:20.00M | Scene | Updating Images | Loading r12_roof_rough.001
Fra:1 Mem:1256.57M (Peak 1871.08M) | Time:60:57:38.90 | Mem:21.00M, Peak:21.00M | Scene | Updating Images | Loading r12_tilelight_diff.001
Fra:1 Mem:1258.57M (Peak 1871.08M) | Time:60:57:38.90 | Mem:22.00M, Peak:22.00M | Scene | Updating Images | Loading r12_tilelight_nor_gl.001
Fra:1 Mem:1259.57M (Peak 1871.08M) | Time:60:57:38.90 | Mem:23.00M, Peak:23.00M | Scene | Updating Images | Loading r12_tilelight_rough.001
Fra:1 Mem:1260.57M (Peak 1871.08M) | Time:60:57:38.90 | Mem:24.00M, Peak:24.00M | Scene | Updating Images | Loading r12_tile_diff.001
Fra:1 Mem:1261.57M (Peak 1871.08M) | Time:60:57:38.90 | Mem:25.00M, Peak:25.00M | Scene | Updating Images | Loading r12_tile_nor_gl.001
Fra:1 Mem:1262.57M (Peak 1871.08M) | Time:60:57:38.90 | Mem:26.00M, Peak:26.00M | Scene | Updating Images | Loading r12_tile_rough.001
Fra:1 Mem:1263.57M (Peak 1871.08M) | Time:60:57:38.90 | Mem:27.00M, Peak:27.00M | Scene | Updating Images | Loading r12_tiledark_diff.001
Fra:1 Mem:1264.57M (Peak 1871.08M) | Time:60:57:38.90 | Mem:28.00M, Peak:28.00M | Scene | Updating Images | Loading r12_tiledark_nor_gl.001
Fra:1 Mem:1264.57M (Peak 1871.08M) | Time:60:57:38.90 | Mem:29.00M, Peak:29.00M | Scene | Updating Images | Loading r12_tiledark_rough.001
Fra:1 Mem:1266.57M (Peak 1871.08M) | Time:60:57:38.90 | Mem:30.00M, Peak:30.00M | Scene | Updating Images | Loading rock_moss_set_01_diff
Fra:1 Mem:1270.57M (Peak 1871.08M) | Time:60:57:38.90 | Mem:31.00M, Peak:31.00M | Scene | Updating Images | Loading rock_moss_set_01_nor_gl
Fra:1 Mem:1274.57M (Peak 1871.08M) | Time:60:57:38.90 | Mem:32.00M, Peak:32.00M | Scene | Updating Images | Loading r12_paving_diff.001
Fra:1 Mem:1275.57M (Peak 1871.08M) | Time:60:57:38.90 | Mem:33.00M, Peak:33.00M | Scene | Updating Images | Loading r12_paving_nor_gl.001
Fra:1 Mem:1276.57M (Peak 1871.08M) | Time:60:57:38.90 | Mem:34.00M, Peak:34.00M | Scene | Updating Images | Loading r12_paving_rough.001
Fra:1 Mem:1277.57M (Peak 1871.08M) | Time:60:57:38.90 | Mem:36.00M, Peak:36.00M | Scene | Updating Images | Loading r12_gardenstone_diff
Fra:1 Mem:1277.57M (Peak 1871.08M) | Time:60:57:38.90 | Mem:36.00M, Peak:36.00M | Scene | Updating Images | Loading r12_gardenstone_nor_gl
Fra:1 Mem:1279.57M (Peak 1871.08M) | Time:60:57:38.90 | Mem:37.00M, Peak:37.00M | Scene | Updating Images | Loading r12_gardenstone_rough
Fra:1 Mem:1280.57M (Peak 1871.08M) | Time:60:57:38.90 | Mem:42.00M, Peak:42.00M | Scene | Updating Images | Loading worn_mossy_plasterwall.jpg
Fra:1 Mem:1280.57M (Peak 1871.08M) | Time:60:57:38.90 | Mem:42.00M, Peak:42.00M | Scene | Updating Images | Loading r12_bankstone_diff.001
Fra:1 Mem:1280.57M (Peak 1871.08M) | Time:60:57:38.90 | Mem:43.00M, Peak:43.00M | Scene | Updating Images | Loading r12_bankstone_nor_gl.001
Fra:1 Mem:1284.57M (Peak 1871.08M) | Time:60:57:38.90 | Mem:48.00M, Peak:48.00M | Scene | Updating Images | Loading r12_bankstone_rough.001
Fra:1 Mem:1284.57M (Peak 1871.08M) | Time:60:57:38.90 | Mem:48.00M, Peak:48.00M | Scene | Updating Images | Loading island_tree_01_diff
Fra:1 Mem:1288.57M (Peak 1871.08M) | Time:60:57:38.90 | Mem:49.00M, Peak:49.00M | Scene | Updating Images | Loading island_tree_01_rough
Fra:1 Mem:1296.59M (Peak 1871.08M) | Time:60:57:38.91 | Mem:53.00M, Peak:53.00M | Scene | Updating Images | Loading island_tree_01_nor_gl
Fra:1 Mem:1300.59M (Peak 1871.08M) | Time:60:57:38.91 | Mem:57.00M, Peak:57.00M | Scene | Updating Images | Loading island_tree_01_leaves_diff-island_tree_01_leaves_alpha
Fra:1 Mem:1303.58M (Peak 1871.08M) | Time:60:57:38.91 | Mem:58.00M, Peak:58.00M | Scene | Updating Images | Loading island_tree_01_leaves_rgba.png.005
Fra:1 Mem:1304.84M (Peak 1871.08M) | Time:60:57:38.91 | Mem:62.00M, Peak:62.00M | Scene | Updating Images | Loading island_tree_01_leaves_rough
Fra:1 Mem:1307.83M (Peak 1871.08M) | Time:60:57:38.91 | Mem:63.00M, Peak:63.00M | Scene | Updating Images | Loading island_tree_01_leaves_nor_gl
Fra:1 Mem:1311.83M (Peak 1871.08M) | Time:60:57:38.91 | Mem:63.25M, Peak:63.25M | Scene | Updating Images | Loading pine_sapling_small_twig_rgba.png.002
Fra:1 Mem:1311.83M (Peak 1871.08M) | Time:60:57:38.91 | Mem:67.25M, Peak:67.25M | Scene | Updating Images | Loading island_tree_01_branches_diff
Fra:1 Mem:1316.08M (Peak 1871.08M) | Time:60:57:38.91 | Mem:71.25M, Peak:71.25M | Scene | Updating Images | Loading island_tree_01_branches_rough
Fra:1 Mem:1330.08M (Peak 1871.08M) | Time:60:57:38.91 | Mem:75.25M, Peak:75.25M | Scene | Updating Images | Loading island_tree_01_branches_nor_gl
Fra:1 Mem:1334.08M (Peak 1871.08M) | Time:60:57:38.91 | Mem:79.25M, Peak:79.25M | Scene | Updating Images | Loading island_tree_01_leaves_diff_1k.png.001
Fra:1 Mem:1334.34M (Peak 1871.08M) | Time:60:57:38.91 | Mem:83.25M, Peak:83.25M | Scene | Updating Images | Loading island_tree_01_leaves_alpha_1k.png.001
Fra:1 Mem:1334.08M (Peak 1871.08M) | Time:60:57:38.91 | Mem:83.50M, Peak:83.50M | Scene | Updating Images | Loading island_tree_02_leaves_rgba.png.002
Fra:1 Mem:1337.34M (Peak 1871.08M) | Time:60:57:38.91 | Mem:84.50M, Peak:84.50M | Scene | Updating Images | Loading island_tree_02_diff
Fra:1 Mem:1340.33M (Peak 1871.08M) | Time:60:57:38.91 | Mem:85.75M, Peak:85.75M | Scene | Updating Images | Loading island_tree_01_leaves_rgba.png.004
Fra:1 Mem:1340.58M (Peak 1871.08M) | Time:60:57:38.91 | Mem:95.75M, Peak:95.75M | Scene | Updating Images | Loading island_tree_02_rough
Fra:1 Mem:1344.58M (Peak 1871.08M) | Time:60:57:38.91 | Mem:95.75M, Peak:95.75M | Scene | Updating Images | Loading island_tree_02_nor_gl
Fra:1 Mem:1348.83M (Peak 1871.08M) | Time:60:57:38.91 | Mem:95.75M, Peak:95.75M | Scene | Updating Images | Loading island_tree_02_leaves_diff-island_tree_02_leaves_alpha
Fra:1 Mem:1348.57M (Peak 1871.08M) | Time:60:57:38.91 | Mem:96.00M, Peak:96.00M | Scene | Updating Images | Loading fern_02_rgba.png.001
Fra:1 Mem:1353.58M (Peak 1871.08M) | Time:60:57:38.91 | Mem:96.00M, Peak:96.00M | Scene | Updating Images | Loading island_tree_02_leaves_rough
Fra:1 Mem:1357.58M (Peak 1871.08M) | Time:60:57:38.91 | Mem:96.00M, Peak:96.00M | Scene | Updating Images | Loading island_tree_02_leaves_nor_gl
Fra:1 Mem:1361.58M (Peak 1871.08M) | Time:60:57:38.91 | Mem:100.00M, Peak:100.00M | Scene | Updating Images | Loading island_tree_02_leaves_diff_1k.png.001
Fra:1 Mem:1361.58M (Peak 1871.08M) | Time:60:57:38.91 | Mem:104.00M, Peak:104.00M | Scene | Updating Images | Loading island_tree_02_leaves_alpha_1k.png.001
Fra:1 Mem:1361.58M (Peak 1871.08M) | Time:60:57:38.91 | Mem:108.00M, Peak:108.00M | Scene | Updating Images | Loading island_tree_02_branches_diff
Fra:1 Mem:1365.58M (Peak 1871.08M) | Time:60:57:38.92 | Mem:112.00M, Peak:112.00M | Scene | Updating Images | Loading island_tree_02_branches_rough
Fra:1 Mem:1369.58M (Peak 1871.08M) | Time:60:57:38.92 | Mem:116.00M, Peak:116.00M | Scene | Updating Images | Loading island_tree_02_branches_nor_gl
Fra:1 Mem:1379.59M (Peak 1871.08M) | Time:60:57:38.92 | Mem:120.00M, Peak:120.00M | Scene | Updating Images | Loading pine_sapling_small_bark_diff
Fra:1 Mem:1383.59M (Peak 1871.08M) | Time:60:57:38.92 | Mem:124.00M, Peak:124.00M | Scene | Updating Images | Loading pine_sapling_small_bark_rough
Fra:1 Mem:1388.60M (Peak 1871.08M) | Time:60:57:38.92 | Mem:125.00M, Peak:125.00M | Scene | Updating Images | Loading pine_sapling_small_bark_nor_gl
Fra:1 Mem:1392.60M (Peak 1871.08M) | Time:60:57:38.92 | Mem:129.00M, Peak:129.00M | Scene | Updating Images | Loading pine_sapling_small_twig_diff
Fra:1 Mem:1396.60M (Peak 1871.08M) | Time:60:57:38.92 | Mem:133.00M, Peak:133.00M | Scene | Updating Images | Loading pine_sapling_small_twig_rough
Fra:1 Mem:1399.59M (Peak 1871.08M) | Time:60:57:38.92 | Mem:134.00M, Peak:134.00M | Scene | Updating Images | Loading island_tree_01_leaves_rgba.png.003
Fra:1 Mem:1399.84M (Peak 1871.08M) | Time:60:57:38.92 | Mem:138.00M, Peak:138.00M | Scene | Updating Images | Loading pine_sapling_small_twig_nor_gl
Fra:1 Mem:1399.83M (Peak 1871.08M) | Time:60:57:38.92 | Mem:142.00M, Peak:142.00M | Scene | Updating Images | Loading pine_sapling_small_twig_diff_1k.png.001
Fra:1 Mem:1399.83M (Peak 1871.08M) | Time:60:57:38.92 | Mem:143.00M, Peak:143.00M | Scene | Updating Images | Loading pine_sapling_small_twig_alpha_1k.png.001
Fra:1 Mem:1399.83M (Peak 1871.08M) | Time:60:57:38.92 | Mem:147.00M, Peak:147.00M | Scene | Updating Images | Loading island_tree_01_leaves_diff_1k.png.002
Fra:1 Mem:1391.83M (Peak 1871.08M) | Time:60:57:38.92 | Mem:151.00M, Peak:151.00M | Scene | Updating Images | Loading island_tree_01_leaves_alpha_1k.png.002
Fra:1 Mem:1391.83M (Peak 1871.08M) | Time:60:57:38.92 | Mem:151.25M, Peak:151.25M | Scene | Updating Images | Loading pine_sapling_small_twig_rgba.png.001
Fra:1 Mem:1392.08M (Peak 1871.08M) | Time:60:57:38.92 | Mem:155.25M, Peak:155.25M | Scene | Updating Images | Loading island_tree_02_leaves_diff_1k.png.002
Fra:1 Mem:1392.07M (Peak 1871.08M) | Time:60:57:38.92 | Mem:155.50M, Peak:155.50M | Scene | Updating Images | Loading island_tree_02_leaves_rgba.png.001
Fra:1 Mem:1403.34M (Peak 1871.08M) | Time:60:57:38.92 | Mem:155.75M, Peak:155.75M | Scene | Updating Images | Loading island_tree_01_leaves_rgba.png.002
Fra:1 Mem:1395.58M (Peak 1871.08M) | Time:60:57:38.92 | Mem:156.75M, Peak:156.75M | Scene | Updating Images | Loading island_tree_02_leaves_alpha_1k.png.002
Fra:1 Mem:1396.59M (Peak 1871.08M) | Time:60:57:38.93 | Mem:157.75M, Peak:157.75M | Scene | Updating Images | Loading pine_sapling_small_twig_diff_1k.png.002
Fra:1 Mem:1396.85M (Peak 1871.08M) | Time:60:57:38.93 | Mem:158.75M, Peak:158.75M | Scene | Updating Images | Loading pine_sapling_small_twig_alpha_1k.png.002
Fra:1 Mem:1397.59M (Peak 1871.08M) | Time:60:57:38.93 | Mem:167.00M, Peak:167.00M | Scene | Updating Images | Loading fern_02_rgba.png
Fra:1 Mem:1397.58M (Peak 1871.08M) | Time:60:57:38.93 | Mem:168.00M, Peak:168.00M | Scene | Updating Images | Loading island_tree_01_leaves_diff_1k.png.003
Fra:1 Mem:1397.58M (Peak 1871.08M) | Time:60:57:38.93 | Mem:168.00M, Peak:168.00M | Scene | Updating Images | Loading island_tree_01_leaves_alpha_1k.png.003
Fra:1 Mem:1397.58M (Peak 1871.08M) | Time:60:57:38.93 | Mem:168.00M, Peak:168.00M | Scene | Updating Images | Loading island_tree_02_leaves_diff_1k.png.003
Fra:1 Mem:1397.58M (Peak 1871.08M) | Time:60:57:38.93 | Mem:169.00M, Peak:169.00M | Scene | Updating Images | Loading island_tree_02_leaves_alpha_1k.png.003
Fra:1 Mem:1397.57M (Peak 1871.08M) | Time:60:57:38.93 | Mem:173.00M, Peak:173.00M | Scene | Updating Images | Loading pine_sapling_small_twig_diff_1k.png.003
Fra:1 Mem:1399.58M (Peak 1871.08M) | Time:60:57:38.93 | Mem:174.00M, Peak:174.00M | Scene | Updating Images | Loading island_tree_01_leaves_rgba.png.001
Fra:1 Mem:1402.83M (Peak 1871.08M) | Time:60:57:38.93 | Mem:175.00M, Peak:175.00M | Scene | Updating Images | Loading pine_sapling_small_twig_alpha_1k.png.003
Fra:1 Mem:1404.84M (Peak 1871.08M) | Time:60:57:38.93 | Mem:175.25M, Peak:175.25M | Scene | Updating Images | Loading pine_sapling_small_twig_rgba.png
Fra:1 Mem:1407.09M (Peak 1871.08M) | Time:60:57:38.93 | Mem:178.25M, Peak:178.25M | Scene | Updating Images | Loading island_tree_01_leaves_diff_1k.png.004
Fra:1 Mem:1406.08M (Peak 1871.08M) | Time:60:57:38.93 | Mem:179.25M, Peak:179.25M | Scene | Updating Images | Loading island_tree_01_leaves_alpha_1k.png.004
Fra:1 Mem:1408.10M (Peak 1871.08M) | Time:60:57:38.93 | Mem:180.25M, Peak:180.25M | Scene | Updating Images | Loading island_tree_02_leaves_diff_1k.png.004
Fra:1 Mem:1408.10M (Peak 1871.08M) | Time:60:57:38.93 | Mem:180.25M, Peak:180.25M | Scene | Updating Images | Loading island_tree_02_leaves_alpha_1k.png.004
Fra:1 Mem:1406.09M (Peak 1871.08M) | Time:60:57:38.93 | Mem:180.25M, Peak:180.25M | Scene | Updating Images | Loading pine_sapling_small_twig_diff_1k.png.004
Fra:1 Mem:1406.07M (Peak 1871.08M) | Time:60:57:38.93 | Mem:181.25M, Peak:181.25M | Scene | Updating Images | Loading pine_sapling_small_twig_alpha_1k.png.004
Fra:1 Mem:1406.07M (Peak 1871.08M) | Time:60:57:38.93 | Mem:182.25M, Peak:182.25M | Scene | Updating Images | Loading island_tree_01_leaves_diff_1k.png.005
Fra:1 Mem:1406.07M (Peak 1871.08M) | Time:60:57:38.93 | Mem:182.50M, Peak:182.50M | Scene | Updating Images | Loading island_tree_02_leaves_rgba.png
Fra:1 Mem:1407.33M (Peak 1871.08M) | Time:60:57:38.93 | Mem:182.75M, Peak:182.75M | Scene | Updating Images | Loading island_tree_01_leaves_rgba.png
Fra:1 Mem:1408.58M (Peak 1871.08M) | Time:60:57:38.94 | Mem:183.75M, Peak:183.75M | Scene | Updating Images | Loading island_tree_01_leaves_alpha_1k.png.005
Fra:1 Mem:1408.58M (Peak 1871.08M) | Time:60:57:38.94 | Mem:184.75M, Peak:184.75M | Scene | Updating Images | Loading island_tree_02_leaves_diff_1k.png.005
Fra:1 Mem:1413.59M (Peak 1871.08M) | Time:60:57:38.94 | Mem:185.00M, Peak:185.00M | Scene | Updating Images | Loading fern_02_alpha_1k.png.001
Fra:1 Mem:1431.59M (Peak 1871.08M) | Time:60:57:38.94 | Mem:187.00M, Peak:187.00M | Scene | Updating Images | Loading island_tree_02_leaves_alpha_1k.png.005
Fra:1 Mem:1432.60M (Peak 1871.08M) | Time:60:57:38.94 | Mem:187.00M, Peak:187.00M | Scene | Updating Images | Loading pine_sapling_small_twig_diff_1k.png.005
Fra:1 Mem:1432.60M (Peak 1871.08M) | Time:60:57:38.94 | Mem:187.00M, Peak:187.00M | Scene | Updating Images | Loading pine_sapling_small_twig_alpha_1k.png.005
Fra:1 Mem:1432.59M (Peak 1871.08M) | Time:60:57:38.94 | Mem:189.00M, Peak:189.00M | Scene | Updating Images | Loading island_tree_01_leaves_diff_1k.png.006
Fra:1 Mem:1431.58M (Peak 1871.08M) | Time:60:57:38.94 | Mem:190.00M, Peak:190.00M | Scene | Updating Images | Loading island_tree_01_leaves_alpha_1k.png.006
Fra:1 Mem:1431.58M (Peak 1871.08M) | Time:60:57:38.94 | Mem:191.00M, Peak:191.00M | Scene | Updating Images | Loading island_tree_02_leaves_diff_1k.png.006
Fra:1 Mem:1431.58M (Peak 1871.08M) | Time:60:57:38.94 | Mem:191.00M, Peak:191.00M | Scene | Updating Images | Loading island_tree_02_leaves_alpha_1k.png.006
Fra:1 Mem:1439.60M (Peak 1871.08M) | Time:60:57:38.95 | Mem:192.00M, Peak:192.00M | Scene | Updating Images | Loading pine_sapling_small_twig_diff_1k.png.006
Fra:1 Mem:1438.59M (Peak 1871.08M) | Time:60:57:38.95 | Mem:192.00M, Peak:192.00M | Scene | Updating Images | Loading pine_sapling_small_twig_alpha_1k.png.006
Fra:1 Mem:1456.61M (Peak 1871.08M) | Time:60:57:38.95 | Mem:194.00M, Peak:194.00M | Scene | Updating Images | Loading island_tree_01_leaves_diff_1k.png.007
Fra:1 Mem:1454.59M (Peak 1871.08M) | Time:60:57:38.95 | Mem:195.00M, Peak:195.00M | Scene | Updating Images | Loading island_tree_01_leaves_alpha_1k.png.007
Fra:1 Mem:1454.59M (Peak 1871.08M) | Time:60:57:38.95 | Mem:195.00M, Peak:195.00M | Scene | Updating Images | Loading island_tree_02_leaves_diff_1k.png.007
Fra:1 Mem:1454.59M (Peak 1871.08M) | Time:60:57:38.95 | Mem:196.00M, Peak:196.00M | Scene | Updating Images | Loading island_tree_02_leaves_alpha_1k.png.007
Fra:1 Mem:1454.59M (Peak 1871.08M) | Time:60:57:38.95 | Mem:196.00M, Peak:196.00M | Scene | Updating Images | Loading pine_sapling_small_twig_diff_1k.png.007
Fra:1 Mem:1456.59M (Peak 1871.08M) | Time:60:57:38.95 | Mem:197.00M, Peak:197.00M | Scene | Updating Images | Loading pine_sapling_small_twig_alpha_1k.png.007
Fra:1 Mem:1457.59M (Peak 1871.08M) | Time:60:57:38.95 | Mem:199.00M, Peak:199.00M | Scene | Updating Images | Loading island_tree_01_leaves_diff_1k.png.008
Fra:1 Mem:1449.62M (Peak 1871.08M) | Time:60:57:38.95 | Mem:201.00M, Peak:201.00M | Scene | Updating Images | Loading island_tree_01_leaves_alpha_1k.png.008
Fra:1 Mem:1447.59M (Peak 1871.08M) | Time:60:57:38.95 | Mem:203.00M, Peak:203.00M | Scene | Updating Images | Loading island_tree_02_leaves_diff_1k.png.008
Fra:1 Mem:1448.58M (Peak 1871.08M) | Time:60:57:38.95 | Mem:205.00M, Peak:205.00M | Scene | Updating Images | Loading island_tree_02_leaves_alpha_1k.png.008
Fra:1 Mem:1450.60M (Peak 1871.08M) | Time:60:57:38.95 | Mem:205.00M, Peak:205.00M | Scene | Updating Images | Loading pine_sapling_small_twig_diff_1k.png.008
Fra:1 Mem:1450.59M (Peak 1871.08M) | Time:60:57:38.95 | Mem:206.00M, Peak:206.00M | Scene | Updating Images | Loading pine_sapling_small_twig_alpha_1k.png.008
Fra:1 Mem:1449.59M (Peak 1871.08M) | Time:60:57:38.95 | Mem:207.00M, Peak:207.00M | Scene | Updating Images | Loading fern_02_diff_1k.png.002
Fra:1 Mem:1450.59M (Peak 1871.08M) | Time:60:57:38.95 | Mem:208.00M, Peak:208.00M | Scene | Updating Images | Loading fern_02_rough
Fra:1 Mem:1453.58M (Peak 1871.08M) | Time:60:57:38.95 | Mem:209.00M, Peak:209.00M | Scene | Updating Images | Loading fern_02_nor_gl
Fra:1 Mem:1457.58M (Peak 1871.08M) | Time:60:57:38.95 | Mem:225.00M, Peak:225.00M | Scene | Updating Images | Loading fern_02_alpha_1k.png
Fra:1 Mem:1457.58M (Peak 1871.08M) | Time:60:57:38.95 | Mem:226.00M, Peak:226.00M | Scene | Updating Images | Loading island_tree_01_leaves_diff_1k.png.009
Fra:1 Mem:1480.58M (Peak 1871.08M) | Time:60:57:38.96 | Mem:228.00M, Peak:228.00M | Scene | Updating Images | Loading island_tree_01_leaves_alpha_1k.png.009
Fra:1 Mem:1481.58M (Peak 1871.08M) | Time:60:57:38.96 | Mem:229.00M, Peak:229.00M | Scene | Updating Images | Loading island_tree_02_leaves_diff_1k.png.009
Fra:1 Mem:1481.58M (Peak 1871.08M) | Time:60:57:38.96 | Mem:230.00M, Peak:230.00M | Scene | Updating Images | Loading island_tree_02_leaves_alpha_1k.png.009
Fra:1 Mem:1483.58M (Peak 1871.08M) | Time:60:57:38.96 | Mem:231.00M, Peak:231.00M | Scene | Updating Images | Loading pine_sapling_small_twig_diff_1k.png.009
Fra:1 Mem:1483.58M (Peak 1871.08M) | Time:60:57:38.96 | Mem:232.00M, Peak:232.00M | Scene | Updating Images | Loading pine_sapling_small_twig_alpha_1k.png.009
Fra:1 Mem:1488.60M (Peak 1871.08M) | Time:60:57:38.96 | Mem:237.00M, Peak:237.00M | Scene | Updating Images | Loading fern_02_diff_1k.png.003
Fra:1 Mem:1486.58M (Peak 1871.08M) | Time:60:57:38.96 | Mem:238.00M, Peak:238.00M | Scene | Updating Images | Loading island_tree_01_leaves_diff_1k.png.010
Fra:1 Mem:1486.58M (Peak 1871.08M) | Time:60:57:38.96 | Mem:238.00M, Peak:238.00M | Scene | Updating Images | Loading island_tree_01_leaves_alpha_1k.png.010
Fra:1 Mem:1486.58M (Peak 1871.08M) | Time:60:57:38.96 | Mem:239.00M, Peak:239.00M | Scene | Updating Images | Loading island_tree_02_leaves_diff_1k.png.010
Fra:1 Mem:1486.58M (Peak 1871.08M) | Time:60:57:38.96 | Mem:239.00M, Peak:239.00M | Scene | Updating Images | Loading island_tree_02_leaves_alpha_1k.png.010
Fra:1 Mem:1486.58M (Peak 1871.08M) | Time:60:57:38.96 | Mem:240.00M, Peak:240.00M | Scene | Updating Images | Loading pine_sapling_small_twig_diff_1k.png.010
Fra:1 Mem:1490.59M (Peak 1871.08M) | Time:60:57:38.96 | Mem:244.00M, Peak:244.00M | Scene | Updating Images | Loading pine_sapling_small_twig_alpha_1k.png.010
Fra:1 Mem:1516.61M (Peak 1871.08M) | Time:60:57:38.97 | Mem:246.00M, Peak:246.00M | Scene | Updating Images | Loading fern_02_diff_1k.png.004
Fra:1 Mem:1517.61M (Peak 1871.08M) | Time:60:57:38.97 | Mem:246.00M, Peak:246.00M | Scene | Updating Images | Loading island_tree_01_leaves_diff_1k.png.011
Fra:1 Mem:1512.59M (Peak 1871.08M) | Time:60:57:38.97 | Mem:248.00M, Peak:248.00M | Scene | Updating Images | Loading island_tree_01_leaves_alpha_1k.png.011
Fra:1 Mem:1512.59M (Peak 1871.08M) | Time:60:57:38.97 | Mem:248.00M, Peak:248.00M | Scene | Updating Images | Loading island_tree_02_leaves_diff_1k.png.011
Fra:1 Mem:1512.59M (Peak 1871.08M) | Time:60:57:38.97 | Mem:253.00M, Peak:253.00M | Scene | Updating Images | Loading island_tree_02_leaves_alpha_1k.png.011
Fra:1 Mem:1512.59M (Peak 1871.08M) | Time:60:57:38.97 | Mem:253.00M, Peak:253.00M | Scene | Updating Images | Loading pine_sapling_small_twig_diff_1k.png.011
Fra:1 Mem:1512.59M (Peak 1871.08M) | Time:60:57:38.97 | Mem:253.00M, Peak:253.00M | Scene | Updating Images | Loading pine_sapling_small_twig_alpha_1k.png.011
Fra:1 Mem:1496.58M (Peak 1871.08M) | Time:60:57:38.97 | Mem:269.00M, Peak:269.00M | Scene | Updating Images | Loading fern_02_diff_1k.png.005
Fra:1 Mem:1510.59M (Peak 1871.08M) | Time:60:57:38.97 | Mem:271.00M, Peak:271.00M | Scene | Updating Images | Loading island_tree_01_leaves_diff_1k.png.012
Fra:1 Mem:1511.59M (Peak 1871.08M) | Time:60:57:38.97 | Mem:273.00M, Peak:273.00M | Scene | Updating Images | Loading island_tree_01_leaves_alpha_1k.png.012
DETAIL CONTACT xiaoxiangguan floorwood 6912 0.32
Fra:1 Mem:1196.84M (Peak 1871.08M) | Time:60:57:39.44 | Mem:0.00M, Peak:0.00M | Scene | Synchronizing object | xiaoxiangguan_plaster
Fra:1 Mem:1196.84M (Peak 1871.08M) | Time:60:57:39.44 | Mem:0.00M, Peak:0.00M | Scene | Synchronizing object | xiaoxiangguan_cutstone
Fra:1 Mem:1196.91M (Peak 1871.08M) | Time:60:57:39.44 | Mem:0.00M, Peak:0.00M | Scene | Synchronizing object | xiaoxiangguan_floorwood
Fra:1 Mem:1198.58M (Peak 1871.08M) | Time:60:57:39.44 | Mem:0.00M, Peak:0.00M | Scene | Synchronizing object | xiaoxiangguan_wood
Fra:1 Mem:1199.62M (Peak 1871.08M) | Time:60:57:39.44 | Mem:0.00M, Peak:0.00M | Scene | Synchronizing object | xiaoxiangguan_latticewood.001
Fra:1 Mem:1199.99M (Peak 1871.08M) | Time:60:57:39.44 | Mem:0.00M, Peak:0.00M | Scene | Synchronizing object | xiaoxiangguan_lantern
Fra:1 Mem:1200.66M (Peak 1871.08M) | Time:60:57:39.44 | Mem:0.00M, Peak:0.00M | Scene | Synchronizing object | xiaoxiangguan_tilelight.001
Fra:1 Mem:1201.51M (Peak 1871.08M) | Time:60:57:39.44 | Mem:0.00M, Peak:0.00M | Scene | Synchronizing object | xiaoxiangguan_bark
Fra:1 Mem:1202.44M (Peak 1871.08M) | Time:60:57:39.44 | Mem:0.00M, Peak:0.00M | Scene | Synchronizing object | xiaoxiangguan_gold
Fra:1 Mem:1203.15M (Peak 1871.08M) | Time:60:57:39.44 | Mem:0.00M, Peak:0.00M | Scene | Synchronizing object | xiaoxiangguan_ceramic.001
Fra:1 Mem:1203.33M (Peak 1871.08M) | Time:60:57:39.44 | Mem:0.00M, Peak:0.00M | Scene | Synchronizing object | xiaoxiangguan_bookcover.001
Fra:1 Mem:1203.34M (Peak 1871.08M) | Time:60:57:39.44 | Mem:0.00M, Peak:0.00M | Scene | Synchronizing object | xiaoxiangguan_ink.001
Fra:1 Mem:1204.12M (Peak 1871.08M) | Time:60:57:39.44 | Mem:0.00M, Peak:0.00M | Scene | Synchronizing object | xiaoxiangguan_creamflower
Fra:1 Mem:1204.15M (Peak 1871.08M) | Time:60:57:39.44 | Mem:0.00M, Peak:0.00M | Scene | Synchronizing object | xiaoxiangguan_leafdark
Fra:1 Mem:1205.02M (Peak 1871.08M) | Time:60:57:39.44 | Mem:0.00M, Peak:0.00M | Scene | Synchronizing object | xiaoxiangguan_bamboo
Fra:1 Mem:1208.18M (Peak 1871.08M) | Time:60:57:39.44 | Mem:0.00M, Peak:0.00M | Scene | Synchronizing object | xiaoxiangguan_lightleaf
Fra:1 Mem:1208.54M (Peak 1871.08M) | Time:60:57:39.44 | Mem:0.00M, Peak:0.00M | Scene | Synchronizing object | xiaoxiangguan_leaf
Fra:1 Mem:1208.74M (Peak 1871.08M) | Time:60:57:39.44 | Mem:0.00M, Peak:0.00M | Scene | Synchronizing object | xiaoxiangguan_ivory.001
Fra:1 Mem:1214.61M (Peak 1871.08M) | Time:60:57:39.44 | Mem:0.00M, Peak:0.00M | Scene | Synchronizing object | xiaoxiangguan_paper
Fra:1 Mem:1214.65M (Peak 1871.08M) | Time:60:57:39.44 | Mem:0.00M, Peak:0.00M | Scene | Synchronizing object | xiaoxiangguan_furniture
Fra:1 Mem:1217.96M (Peak 1871.08M) | Time:60:57:39.44 | Mem:0.00M, Peak:0.00M | Scene | Synchronizing object | xiaoxiangguan_bankstone
Fra:1 Mem:1217.96M (Peak 1871.08M) | Time:60:57:39.44 | Mem:0.00M, Peak:0.00M | Scene | Synchronizing object | xiaoxiangguan_bookcloth.001
Fra:1 Mem:1218.07M (Peak 1871.08M) | Time:60:57:39.44 | Mem:0.00M, Peak:0.00M | Scene | Synchronizing object | xiaoxiangguan_water.001
Fra:1 Mem:1223.94M (Peak 1871.08M) | Time:60:57:39.44 | Mem:0.00M, Peak:0.00M | Scene | Initializing
Fra:1 Mem:1223.94M (Peak 1871.08M) | Time:60:57:39.44 | Mem:0.00M, Peak:0.00M | Scene | Updating Images | Loading forest_grove.hdr
Fra:1 Mem:1223.94M (Peak 1871.08M) | Time:60:57:39.44 | Mem:0.00M, Peak:0.00M | Scene | Updating Images | Loading r12_cutstone_diff.001
Fra:1 Mem:1223.94M (Peak 1871.08M) | Time:60:57:39.44 | Mem:0.00M, Peak:0.00M | Scene | Updating Images | Loading r12_cutstone_nor_gl.001
Fra:1 Mem:1225.94M (Peak 1871.08M) | Time:60:57:39.44 | Mem:0.00M, Peak:0.00M | Scene | Updating Images | Loading r12_cutstone_rough.001
Fra:1 Mem:1228.94M (Peak 1871.08M) | Time:60:57:39.44 | Mem:0.00M, Peak:0.00M | Scene | Updating Images | Loading fern_02_rgba.png.003
Fra:1 Mem:1230.95M (Peak 1871.08M) | Time:60:57:39.44 | Mem:1.00M, Peak:1.00M | Scene | Updating Images | Loading r12_darkwood_diff.001
Fra:1 Mem:1231.95M (Peak 1871.08M) | Time:60:57:39.44 | Mem:2.00M, Peak:2.00M | Scene | Updating Images | Loading r12_darkwood_nor_gl.001
Fra:1 Mem:1232.95M (Peak 1871.08M) | Time:60:57:39.45 | Mem:3.00M, Peak:3.00M | Scene | Updating Images | Loading r12_darkwood_rough.001
Fra:1 Mem:1233.95M (Peak 1871.08M) | Time:60:57:39.45 | Mem:5.00M, Peak:5.00M | Scene | Updating Images | Loading r12_floorwood_diff.001
Fra:1 Mem:1233.95M (Peak 1871.08M) | Time:60:57:39.45 | Mem:6.00M, Peak:6.00M | Scene | Updating Images | Loading r12_floorwood_nor_gl.001
Fra:1 Mem:1235.95M (Peak 1871.08M) | Time:60:57:39.45 | Mem:7.00M, Peak:7.00M | Scene | Updating Images | Loading r12_floorwood_rough.001
Fra:1 Mem:1236.95M (Peak 1871.08M) | Time:60:57:39.45 | Mem:7.00M, Peak:7.00M | Scene | Updating Images | Loading r12_wood_diff.001
Fra:1 Mem:1237.95M (Peak 1871.08M) | Time:60:57:39.45 | Mem:8.00M, Peak:8.00M | Scene | Updating Images | Loading r12_wood_nor_gl.001
Fra:1 Mem:1238.96M (Peak 1871.08M) | Time:60:57:39.45 | Mem:9.00M, Peak:9.00M | Scene | Updating Images | Loading island_tree_01_leaves_rgba.png.007
Fra:1 Mem:1239.21M (Peak 1871.08M) | Time:60:57:39.45 | Mem:10.00M, Peak:10.00M | Scene | Updating Images | Loading r12_wood_rough.001
Fra:1 Mem:1240.21M (Peak 1871.08M) | Time:60:57:39.45 | Mem:12.00M, Peak:12.00M | Scene | Updating Images | Loading r12_furniture_diff.001
Fra:1 Mem:1241.21M (Peak 1871.08M) | Time:60:57:39.45 | Mem:12.00M, Peak:12.00M | Scene | Updating Images | Loading r12_furniture_nor_gl.001
Fra:1 Mem:1242.21M (Peak 1871.08M) | Time:60:57:39.45 | Mem:12.25M, Peak:12.25M | Scene | Updating Images | Loading pine_sapling_small_twig_rgba.png.003
Fra:1 Mem:1242.46M (Peak 1871.08M) | Time:60:57:39.45 | Mem:13.25M, Peak:13.25M | Scene | Updating Images | Loading r12_furniture_rough.001
Fra:1 Mem:1251.46M (Peak 1871.08M) | Time:60:57:39.45 | Mem:13.50M, Peak:13.50M | Scene | Updating Images | Loading island_tree_02_leaves_rgba.png.003
Fra:1 Mem:1251.71M (Peak 1871.08M) | Time:60:57:39.45 | Mem:14.50M, Peak:14.50M | Scene | Updating Images | Loading r12_latticewood_diff.001
Fra:1 Mem:1252.71M (Peak 1871.08M) | Time:60:57:39.45 | Mem:15.50M, Peak:15.50M | Scene | Updating Images | Loading r12_latticewood_nor_gl.001
Fra:1 Mem:1252.71M (Peak 1871.08M) | Time:60:57:39.45 | Mem:16.50M, Peak:16.50M | Scene | Updating Images | Loading r12_latticewood_rough.001
Fra:1 Mem:1254.71M (Peak 1871.08M) | Time:60:57:39.45 | Mem:17.50M, Peak:17.50M | Scene | Updating Images | Loading r12_roof_diff.001
Fra:1 Mem:1254.71M (Peak 1871.08M) | Time:60:57:39.45 | Mem:17.75M, Peak:17.75M | Scene | Updating Images | Loading island_tree_01_leaves_rgba.png.006
Fra:1 Mem:1255.96M (Peak 1871.08M) | Time:60:57:39.45 | Mem:18.75M, Peak:18.75M | Scene | Updating Images | Loading r12_roof_nor_gl.001
Fra:1 Mem:1256.96M (Peak 1871.08M) | Time:60:57:39.45 | Mem:19.00M, Peak:19.00M | Scene | Updating Images | Loading fern_02_rgba.png.002
Fra:1 Mem:1256.96M (Peak 1871.08M) | Time:60:57:39.45 | Mem:21.00M, Peak:21.00M | Scene | Updating Images | Loading r12_roof_rough.001
Fra:1 Mem:1256.96M (Peak 1871.08M) | Time:60:57:39.45 | Mem:21.00M, Peak:21.00M | Scene | Updating Images | Loading r12_tilelight_diff.001
Fra:1 Mem:1258.96M (Peak 1871.08M) | Time:60:57:39.45 | Mem:22.00M, Peak:22.00M | Scene | Updating Images | Loading r12_tilelight_nor_gl.001
Fra:1 Mem:1259.96M (Peak 1871.08M) | Time:60:57:39.45 | Mem:23.00M, Peak:23.00M | Scene | Updating Images | Loading r12_tilelight_rough.001
Fra:1 Mem:1260.96M (Peak 1871.08M) | Time:60:57:39.45 | Mem:24.00M, Peak:24.00M | Scene | Updating Images | Loading r12_tile_diff.001
Fra:1 Mem:1262.96M (Peak 1871.08M) | Time:60:57:39.45 | Mem:25.00M, Peak:25.00M | Scene | Updating Images | Loading r12_tile_nor_gl.001
Fra:1 Mem:1263.96M (Peak 1871.08M) | Time:60:57:39.45 | Mem:27.00M, Peak:27.00M | Scene | Updating Images | Loading r12_tile_rough.001
Fra:1 Mem:1264.96M (Peak 1871.08M) | Time:60:57:39.45 | Mem:28.00M, Peak:28.00M | Scene | Updating Images | Loading r12_tiledark_diff.001
Fra:1 Mem:1265.96M (Peak 1871.08M) | Time:60:57:39.45 | Mem:28.00M, Peak:28.00M | Scene | Updating Images | Loading r12_tiledark_nor_gl.001
Fra:1 Mem:1266.96M (Peak 1871.08M) | Time:60:57:39.45 | Mem:30.00M, Peak:30.00M | Scene | Updating Images | Loading r12_tiledark_rough.001
Fra:1 Mem:1266.96M (Peak 1871.08M) | Time:60:57:39.45 | Mem:31.00M, Peak:31.00M | Scene | Updating Images | Loading rock_moss_set_01_diff
Fra:1 Mem:1267.96M (Peak 1871.08M) | Time:60:57:39.45 | Mem:31.00M, Peak:31.00M | Scene | Updating Images | Loading rock_moss_set_01_nor_gl
Fra:1 Mem:1275.96M (Peak 1871.08M) | Time:60:57:39.45 | Mem:32.00M, Peak:32.00M | Scene | Updating Images | Loading r12_paving_diff.001
Fra:1 Mem:1276.96M (Peak 1871.08M) | Time:60:57:39.45 | Mem:33.00M, Peak:33.00M | Scene | Updating Images | Loading r12_paving_nor_gl.001
Fra:1 Mem:1277.96M (Peak 1871.08M) | Time:60:57:39.45 | Mem:34.00M, Peak:34.00M | Scene | Updating Images | Loading r12_paving_rough.001
Fra:1 Mem:1278.96M (Peak 1871.08M) | Time:60:57:39.45 | Mem:35.00M, Peak:35.00M | Scene | Updating Images | Loading r12_gardenstone_diff
Fra:1 Mem:1279.96M (Peak 1871.08M) | Time:60:57:39.45 | Mem:36.00M, Peak:36.00M | Scene | Updating Images | Loading r12_gardenstone_nor_gl
Fra:1 Mem:1280.96M (Peak 1871.08M) | Time:60:57:39.45 | Mem:37.00M, Peak:37.00M | Scene | Updating Images | Loading r12_gardenstone_rough
Fra:1 Mem:1281.96M (Peak 1871.08M) | Time:60:57:39.45 | Mem:38.00M, Peak:38.00M | Scene | Updating Images | Loading worn_mossy_plasterwall.jpg
Fra:1 Mem:1285.97M (Peak 1871.08M) | Time:60:57:39.45 | Mem:39.00M, Peak:39.00M | Scene | Updating Images | Loading r12_bankstone_diff.001
Fra:1 Mem:1285.97M (Peak 1871.08M) | Time:60:57:39.45 | Mem:40.00M, Peak:40.00M | Scene | Updating Images | Loading r12_bankstone_nor_gl.001
Fra:1 Mem:1285.97M (Peak 1871.08M) | Time:60:57:39.45 | Mem:48.00M, Peak:48.00M | Scene | Updating Images | Loading r12_bankstone_rough.001
Fra:1 Mem:1285.97M (Peak 1871.08M) | Time:60:57:39.45 | Mem:48.00M, Peak:48.00M | Scene | Updating Images | Loading island_tree_01_diff
Fra:1 Mem:1292.97M (Peak 1871.08M) | Time:60:57:39.45 | Mem:49.00M, Peak:49.00M | Scene | Updating Images | Loading island_tree_01_rough
Fra:1 Mem:1296.97M (Peak 1871.08M) | Time:60:57:39.45 | Mem:53.00M, Peak:53.00M | Scene | Updating Images | Loading island_tree_01_nor_gl
Fra:1 Mem:1300.97M (Peak 1871.08M) | Time:60:57:39.45 | Mem:57.00M, Peak:57.00M | Scene | Updating Images | Loading island_tree_01_leaves_diff-island_tree_01_leaves_alpha
Fra:1 Mem:1305.98M (Peak 1871.08M) | Time:60:57:39.45 | Mem:61.00M, Peak:61.00M | Scene | Updating Images | Loading island_tree_01_leaves_rough
Fra:1 Mem:1308.97M (Peak 1871.08M) | Time:60:57:39.45 | Mem:62.00M, Peak:62.00M | Scene | Updating Images | Loading island_tree_01_leaves_rgba.png.005
Fra:1 Mem:1308.97M (Peak 1871.08M) | Time:60:57:39.45 | Mem:66.00M, Peak:66.00M | Scene | Updating Images | Loading island_tree_01_leaves_nor_gl
Fra:1 Mem:1313.22M (Peak 1871.08M) | Time:60:57:39.45 | Mem:67.00M, Peak:67.00M | Scene | Updating Images | Loading island_tree_01_branches_diff
Fra:1 Mem:1317.22M (Peak 1871.08M) | Time:60:57:39.45 | Mem:71.00M, Peak:71.00M | Scene | Updating Images | Loading island_tree_01_branches_rough
Fra:1 Mem:1321.48M (Peak 1871.08M) | Time:60:57:39.45 | Mem:75.00M, Peak:75.00M | Scene | Updating Images | Loading island_tree_01_branches_nor_gl
Fra:1 Mem:1325.22M (Peak 1871.08M) | Time:60:57:39.45 | Mem:75.25M, Peak:75.25M | Scene | Updating Images | Loading pine_sapling_small_twig_rgba.png.002
Fra:1 Mem:1325.22M (Peak 1871.08M) | Time:60:57:39.45 | Mem:79.25M, Peak:79.25M | Scene | Updating Images | Loading island_tree_01_leaves_diff_1k.png.001
Fra:1 Mem:1326.48M (Peak 1871.08M) | Time:60:57:39.45 | Mem:84.25M, Peak:84.25M | Scene | Updating Images | Loading island_tree_01_leaves_alpha_1k.png.001
Fra:1 Mem:1326.48M (Peak 1871.08M) | Time:60:57:39.45 | Mem:84.25M, Peak:84.25M | Scene | Updating Images | Loading island_tree_02_diff
Fra:1 Mem:1339.47M (Peak 1871.08M) | Time:60:57:39.46 | Mem:85.25M, Peak:85.25M | Scene | Updating Images | Loading island_tree_02_rough
Fra:1 Mem:1343.47M (Peak 1871.08M) | Time:60:57:39.46 | Mem:89.25M, Peak:89.25M | Scene | Updating Images | Loading island_tree_02_nor_gl
Fra:1 Mem:1349.47M (Peak 1871.08M) | Time:60:57:39.46 | Mem:89.50M, Peak:89.50M | Scene | Updating Images | Loading island_tree_02_leaves_rgba.png.002
Fra:1 Mem:1349.47M (Peak 1871.08M) | Time:60:57:39.46 | Mem:93.50M, Peak:93.50M | Scene | Updating Images | Loading island_tree_02_leaves_diff-island_tree_02_leaves_alpha
Fra:1 Mem:1353.72M (Peak 1871.08M) | Time:60:57:39.46 | Mem:97.50M, Peak:97.50M | Scene | Updating Images | Loading island_tree_02_leaves_rough
Fra:1 Mem:1357.72M (Peak 1871.08M) | Time:60:57:39.46 | Mem:98.75M, Peak:98.75M | Scene | Updating Images | Loading island_tree_01_leaves_rgba.png.004
Fra:1 Mem:1357.72M (Peak 1871.08M) | Time:60:57:39.46 | Mem:98.75M, Peak:98.75M | Scene | Updating Images | Loading island_tree_02_leaves_nor_gl
Fra:1 Mem:1361.72M (Peak 1871.08M) | Time:60:57:39.46 | Mem:102.75M, Peak:102.75M | Scene | Updating Images | Loading island_tree_02_leaves_diff_1k.png.001
Fra:1 Mem:1361.72M (Peak 1871.08M) | Time:60:57:39.46 | Mem:102.75M, Peak:102.75M | Scene | Updating Images | Loading island_tree_02_leaves_alpha_1k.png.001
Fra:1 Mem:1361.97M (Peak 1871.08M) | Time:60:57:39.46 | Mem:112.00M, Peak:112.00M | Scene | Updating Images | Loading fern_02_rgba.png.001
Fra:1 Mem:1364.97M (Peak 1871.08M) | Time:60:57:39.46 | Mem:112.00M, Peak:112.00M | Scene | Updating Images | Loading island_tree_02_branches_diff
Fra:1 Mem:1368.97M (Peak 1871.08M) | Time:60:57:39.46 | Mem:113.00M, Peak:113.00M | Scene | Updating Images | Loading island_tree_02_branches_rough
Fra:1 Mem:1376.98M (Peak 1871.08M) | Time:60:57:39.46 | Mem:117.00M, Peak:117.00M | Scene | Updating Images | Loading island_tree_02_branches_nor_gl
Fra:1 Mem:1380.98M (Peak 1871.08M) | Time:60:57:39.46 | Mem:117.00M, Peak:117.00M | Scene | Updating Images | Loading pine_sapling_small_bark_diff
Fra:1 Mem:1384.98M (Peak 1871.08M) | Time:60:57:39.46 | Mem:117.00M, Peak:117.00M | Scene | Updating Images | Loading pine_sapling_small_bark_rough
Fra:1 Mem:1388.98M (Peak 1871.08M) | Time:60:57:39.46 | Mem:118.00M, Peak:118.00M | Scene | Updating Images | Loading pine_sapling_small_bark_nor_gl
Fra:1 Mem:1392.98M (Peak 1871.08M) | Time:60:57:39.46 | Mem:122.00M, Peak:122.00M | Scene | Updating Images | Loading pine_sapling_small_twig_diff
Fra:1 Mem:1396.98M (Peak 1871.08M) | Time:60:57:39.46 | Mem:126.00M, Peak:126.00M | Scene | Updating Images | Loading pine_sapling_small_twig_rough
Fra:1 Mem:1404.99M (Peak 1871.08M) | Time:60:57:39.46 | Mem:134.00M, Peak:134.00M | Scene | Updating Images | Loading pine_sapling_small_twig_nor_gl
Fra:1 Mem:1410.00M (Peak 1871.08M) | Time:60:57:39.46 | Mem:138.00M, Peak:138.00M | Scene | Updating Images | Loading pine_sapling_small_twig_diff_1k.png.001
Fra:1 Mem:1405.99M (Peak 1871.08M) | Time:60:57:39.46 | Mem:142.00M, Peak:142.00M | Scene | Updating Images | Loading pine_sapling_small_twig_alpha_1k.png.001
Fra:1 Mem:1401.98M (Peak 1871.08M) | Time:60:57:39.46 | Mem:150.00M, Peak:150.00M | Scene | Updating Images | Loading island_tree_01_leaves_diff_1k.png.002
Fra:1 Mem:1401.98M (Peak 1871.08M) | Time:60:57:39.46 | Mem:150.00M, Peak:150.00M | Scene | Updating Images | Loading island_tree_01_leaves_alpha_1k.png.002
Fra:1 Mem:1401.98M (Peak 1871.08M) | Time:60:57:39.46 | Mem:154.00M, Peak:154.00M | Scene | Updating Images | Loading island_tree_02_leaves_diff_1k.png.002
Fra:1 Mem:1400.97M (Peak 1871.08M) | Time:60:57:39.46 | Mem:155.00M, Peak:155.00M | Scene | Updating Images | Loading island_tree_01_leaves_rgba.png.003
Fra:1 Mem:1401.22M (Peak 1871.08M) | Time:60:57:39.47 | Mem:155.25M, Peak:155.25M | Scene | Updating Images | Loading pine_sapling_small_twig_rgba.png.001
Fra:1 Mem:1398.48M (Peak 1871.08M) | Time:60:57:39.47 | Mem:155.50M, Peak:155.50M | Scene | Updating Images | Loading island_tree_02_leaves_rgba.png.001
Fra:1 Mem:1398.72M (Peak 1871.08M) | Time:60:57:39.47 | Mem:156.50M, Peak:156.50M | Scene | Updating Images | Loading island_tree_02_leaves_alpha_1k.png.002
Fra:1 Mem:1398.72M (Peak 1871.08M) | Time:60:57:39.47 | Mem:157.50M, Peak:157.50M | Scene | Updating Images | Loading pine_sapling_small_twig_diff_1k.png.002
Fra:1 Mem:1398.73M (Peak 1871.08M) | Time:60:57:39.47 | Mem:157.50M, Peak:157.50M | Scene | Updating Images | Loading pine_sapling_small_twig_alpha_1k.png.002
Fra:1 Mem:1398.72M (Peak 1871.08M) | Time:60:57:39.47 | Mem:158.50M, Peak:158.50M | Scene | Updating Images | Loading island_tree_01_leaves_diff_1k.png.003
Fra:1 Mem:1398.72M (Peak 1871.08M) | Time:60:57:39.47 | Mem:159.50M, Peak:159.50M | Scene | Updating Images | Loading island_tree_01_leaves_alpha_1k.png.003
Fra:1 Mem:1399.72M (Peak 1871.08M) | Time:60:57:39.47 | Mem:159.75M, Peak:159.75M | Scene | Updating Images | Loading island_tree_01_leaves_rgba.png.002
Fra:1 Mem:1400.98M (Peak 1871.08M) | Time:60:57:39.47 | Mem:163.75M, Peak:163.75M | Scene | Updating Images | Loading island_tree_02_leaves_diff_1k.png.003
Fra:1 Mem:1399.97M (Peak 1871.08M) | Time:60:57:39.47 | Mem:165.75M, Peak:165.75M | Scene | Updating Images | Loading island_tree_02_leaves_alpha_1k.png.003
Fra:1 Mem:1399.96M (Peak 1871.08M) | Time:60:57:39.47 | Mem:166.00M, Peak:166.00M | Scene | Updating Images | Loading fern_02_rgba.png
Fra:1 Mem:1410.98M (Peak 1871.08M) | Time:60:57:39.47 | Mem:167.00M, Peak:167.00M | Scene | Updating Images | Loading pine_sapling_small_twig_diff_1k.png.003
Fra:1 Mem:1405.98M (Peak 1871.08M) | Time:60:57:39.48 | Mem:168.00M, Peak:168.00M | Scene | Updating Images | Loading pine_sapling_small_twig_alpha_1k.png.003
Fra:1 Mem:1404.97M (Peak 1871.08M) | Time:60:57:39.48 | Mem:169.00M, Peak:169.00M | Scene | Updating Images | Loading island_tree_01_leaves_diff_1k.png.004
Fra:1 Mem:1404.97M (Peak 1871.08M) | Time:60:57:39.48 | Mem:178.00M, Peak:178.00M | Scene | Updating Images | Loading island_tree_01_leaves_alpha_1k.png.004
Fra:1 Mem:1405.97M (Peak 1871.08M) | Time:60:57:39.48 | Mem:178.00M, Peak:178.00M | Scene | Updating Images | Loading island_tree_02_leaves_diff_1k.png.004
Fra:1 Mem:1405.97M (Peak 1871.08M) | Time:60:57:39.48 | Mem:178.00M, Peak:178.00M | Scene | Updating Images | Loading island_tree_02_leaves_alpha_1k.png.004
Fra:1 Mem:1406.98M (Peak 1871.08M) | Time:60:57:39.48 | Mem:179.00M, Peak:179.00M | Scene | Updating Images | Loading pine_sapling_small_twig_diff_1k.png.004
Fra:1 Mem:1405.97M (Peak 1871.08M) | Time:60:57:39.48 | Mem:180.00M, Peak:180.00M | Scene | Updating Images | Loading island_tree_01_leaves_rgba.png.001
Fra:1 Mem:1405.97M (Peak 1871.08M) | Time:60:57:39.48 | Mem:181.00M, Peak:181.00M | Scene | Updating Images | Loading pine_sapling_small_twig_alpha_1k.png.004
Fra:1 Mem:1408.22M (Peak 1871.08M) | Time:60:57:39.48 | Mem:182.00M, Peak:182.00M | Scene | Updating Images | Loading island_tree_01_leaves_diff_1k.png.005
Fra:1 Mem:1408.22M (Peak 1871.08M) | Time:60:57:39.48 | Mem:182.25M, Peak:182.25M | Scene | Updating Images | Loading pine_sapling_small_twig_rgba.png
Fra:1 Mem:1411.47M (Peak 1871.08M) | Time:60:57:39.48 | Mem:183.25M, Peak:183.25M | Scene | Updating Images | Loading island_tree_01_leaves_alpha_1k.png.005
Fra:1 Mem:1413.48M (Peak 1871.08M) | Time:60:57:39.48 | Mem:184.25M, Peak:184.25M | Scene | Updating Images | Loading island_tree_02_leaves_diff_1k.png.005
Fra:1 Mem:1414.47M (Peak 1871.08M) | Time:60:57:39.48 | Mem:184.50M, Peak:184.50M | Scene | Updating Images | Loading island_tree_02_leaves_rgba.png
Fra:1 Mem:1414.47M (Peak 1871.08M) | Time:60:57:39.48 | Mem:185.50M, Peak:185.50M | Scene | Updating Images | Loading island_tree_02_leaves_alpha_1k.png.005
Fra:1 Mem:1414.72M (Peak 1871.08M) | Time:60:57:39.48 | Mem:186.50M, Peak:186.50M | Scene | Updating Images | Loading pine_sapling_small_twig_diff_1k.png.005
Fra:1 Mem:1414.72M (Peak 1871.08M) | Time:60:57:39.48 | Mem:186.50M, Peak:186.50M | Scene | Updating Images | Loading pine_sapling_small_twig_alpha_1k.png.005
Fra:1 Mem:1415.73M (Peak 1871.08M) | Time:60:57:39.48 | Mem:186.50M, Peak:186.50M | Scene | Updating Images | Loading island_tree_01_leaves_diff_1k.png.006
Fra:1 Mem:1415.72M (Peak 1871.08M) | Time:60:57:39.48 | Mem:186.75M, Peak:186.75M | Scene | Updating Images | Loading island_tree_01_leaves_rgba.png
Fra:1 Mem:1415.72M (Peak 1871.08M) | Time:60:57:39.48 | Mem:187.75M, Peak:187.75M | Scene | Updating Images | Loading island_tree_01_leaves_alpha_1k.png.006
Fra:1 Mem:1415.72M (Peak 1871.08M) | Time:60:57:39.48 | Mem:188.75M, Peak:188.75M | Scene | Updating Images | Loading island_tree_02_leaves_diff_1k.png.006
Fra:1 Mem:1416.97M (Peak 1871.08M) | Time:60:57:39.49 | Mem:189.00M, Peak:189.00M | Scene | Updating Images | Loading fern_02_alpha_1k.png.001
Fra:1 Mem:1417.97M (Peak 1871.08M) | Time:60:57:39.49 | Mem:190.00M, Peak:190.00M | Scene | Updating Images | Loading island_tree_02_leaves_alpha_1k.png.006
Fra:1 Mem:1437.98M (Peak 1871.08M) | Time:60:57:39.49 | Mem:193.00M, Peak:193.00M | Scene | Updating Images | Loading pine_sapling_small_twig_diff_1k.png.006
Fra:1 Mem:1438.98M (Peak 1871.08M) | Time:60:57:39.49 | Mem:194.00M, Peak:194.00M | Scene | Updating Images | Loading pine_sapling_small_twig_alpha_1k.png.006
Fra:1 Mem:1439.98M (Peak 1871.08M) | Time:60:57:39.49 | Mem:195.00M, Peak:195.00M | Scene | Updating Images | Loading island_tree_01_leaves_diff_1k.png.007
Fra:1 Mem:1440.97M (Peak 1871.08M) | Time:60:57:39.49 | Mem:196.00M, Peak:196.00M | Scene | Updating Images | Loading island_tree_01_leaves_alpha_1k.png.007
Fra:1 Mem:1442.98M (Peak 1871.08M) | Time:60:57:39.49 | Mem:198.00M, Peak:198.00M | Scene | Updating Images | Loading island_tree_02_leaves_diff_1k.png.007
Fra:1 Mem:1441.97M (Peak 1871.08M) | Time:60:57:39.49 | Mem:199.00M, Peak:199.00M | Scene | Updating Images | Loading island_tree_02_leaves_alpha_1k.png.007
Fra:1 Mem:1441.97M (Peak 1871.08M) | Time:60:57:39.49 | Mem:200.00M, Peak:200.00M | Scene | Updating Images | Loading pine_sapling_small_twig_diff_1k.png.007
Fra:1 Mem:1441.97M (Peak 1871.08M) | Time:60:57:39.49 | Mem:201.00M, Peak:201.00M | Scene | Updating Images | Loading pine_sapling_small_twig_alpha_1k.png.007
Fra:1 Mem:1441.96M (Peak 1871.08M) | Time:60:57:39.49 | Mem:202.00M, Peak:202.00M | Scene | Updating Images | Loading island_tree_01_leaves_diff_1k.png.008
Fra:1 Mem:1444.97M (Peak 1871.08M) | Time:60:57:39.49 | Mem:203.00M, Peak:203.00M | Scene | Updating Images | Loading island_tree_01_leaves_alpha_1k.png.008
Fra:1 Mem:1445.97M (Peak 1871.08M) | Time:60:57:39.49 | Mem:204.00M, Peak:204.00M | Scene | Updating Images | Loading island_tree_02_leaves_diff_1k.png.008
Fra:1 Mem:1448.97M (Peak 1871.08M) | Time:60:57:39.49 | Mem:205.00M, Peak:205.00M | Scene | Updating Images | Loading island_tree_02_leaves_alpha_1k.png.008
Fra:1 Mem:1449.98M (Peak 1871.08M) | Time:60:57:39.50 | Mem:205.00M, Peak:205.00M | Scene | Updating Images | Loading pine_sapling_small_twig_diff_1k.png.008
Fra:1 Mem:1451.98M (Peak 1871.08M) | Time:60:57:39.50 | Mem:206.00M, Peak:206.00M | Scene | Updating Images | Loading pine_sapling_small_twig_alpha_1k.png.008
Fra:1 Mem:1450.97M (Peak 1871.08M) | Time:60:57:39.50 | Mem:207.00M, Peak:207.00M | Scene | Updating Images | Loading fern_02_diff_1k.png.002
Fra:1 Mem:1466.98M (Peak 1871.08M) | Time:60:57:39.50 | Mem:208.00M, Peak:208.00M | Scene | Updating Images | Loading fern_02_rough
Fra:1 Mem:1466.98M (Peak 1871.08M) | Time:60:57:39.50 | Mem:209.00M, Peak:209.00M | Scene | Updating Images | Loading fern_02_nor_gl
Fra:1 Mem:1481.99M (Peak 1871.08M) | Time:60:57:39.50 | Mem:210.00M, Peak:210.00M | Scene | Updating Images | Loading island_tree_01_leaves_diff_1k.png.009
Fra:1 Mem:1485.00M (Peak 1871.08M) | Time:60:57:39.50 | Mem:212.00M, Peak:212.00M | Scene | Updating Images | Loading island_tree_01_leaves_alpha_1k.png.009
Fra:1 Mem:1482.98M (Peak 1871.08M) | Time:60:57:39.50 | Mem:213.00M, Peak:213.00M | Scene | Updating Images | Loading island_tree_02_leaves_diff_1k.png.009
Fra:1 Mem:1482.98M (Peak 1871.08M) | Time:60:57:39.50 | Mem:214.00M, Peak:214.00M | Scene | Updating Images | Loading island_tree_02_leaves_alpha_1k.png.009
Fra:1 Mem:1486.99M (Peak 1871.08M) | Time:60:57:39.50 | Mem:215.00M, Peak:215.00M | Scene | Updating Images | Loading pine_sapling_small_twig_diff_1k.png.009
Fra:1 Mem:1486.99M (Peak 1871.08M) | Time:60:57:39.50 | Mem:216.00M, Peak:216.00M | Scene | Updating Images | Loading pine_sapling_small_twig_alpha_1k.png.009
Fra:1 Mem:1473.99M (Peak 1871.08M) | Time:60:57:39.50 | Mem:217.00M, Peak:217.00M | Scene | Updating Images | Loading fern_02_diff_1k.png.003
Fra:1 Mem:1469.98M (Peak 1871.08M) | Time:60:57:39.50 | Mem:217.00M, Peak:217.00M | Scene | Updating Images | Loading island_tree_01_leaves_diff_1k.png.010
Fra:1 Mem:1469.98M (Peak 1871.08M) | Time:60:57:39.50 | Mem:221.00M, Peak:221.00M | Scene | Updating Images | Loading island_tree_01_leaves_alpha_1k.png.010
Fra:1 Mem:1477.98M (Peak 1871.08M) | Time:60:57:39.51 | Mem:222.00M, Peak:222.00M | Scene | Updating Images | Loading island_tree_02_leaves_diff_1k.png.010
Fra:1 Mem:1477.98M (Peak 1871.08M) | Time:60:57:39.51 | Mem:222.00M, Peak:222.00M | Scene | Updating Images | Loading island_tree_02_leaves_alpha_1k.png.010
Fra:1 Mem:1478.98M (Peak 1871.08M) | Time:60:57:39.51 | Mem:223.00M, Peak:223.00M | Scene | Updating Images | Loading pine_sapling_small_twig_diff_1k.png.010
Fra:1 Mem:1478.98M (Peak 1871.08M) | Time:60:57:39.51 | Mem:223.00M, Peak:223.00M | Scene | Updating Images | Loading pine_sapling_small_twig_alpha_1k.png.010
Fra:1 Mem:1478.98M (Peak 1871.08M) | Time:60:57:39.51 | Mem:239.00M, Peak:239.00M | Scene | Updating Images | Loading fern_02_alpha_1k.png
Fra:1 Mem:1498.00M (Peak 1871.08M) | Time:60:57:39.51 | Mem:243.00M, Peak:243.00M | Scene | Updating Images | Loading fern_02_diff_1k.png.004
Fra:1 Mem:1497.98M (Peak 1871.08M) | Time:60:57:39.51 | Mem:244.00M, Peak:244.00M | Scene | Updating Images | Loading island_tree_01_leaves_diff_1k.png.011
Fra:1 Mem:1497.98M (Peak 1871.08M) | Time:60:57:39.51 | Mem:246.00M, Peak:246.00M | Scene | Updating Images | Loading island_tree_01_leaves_alpha_1k.png.011
Fra:1 Mem:1505.99M (Peak 1871.08M) | Time:60:57:39.51 | Mem:247.00M, Peak:247.00M | Scene | Updating Images | Loading island_tree_02_leaves_diff_1k.png.011
Fra:1 Mem:1505.99M (Peak 1871.08M) | Time:60:57:39.51 | Mem:247.00M, Peak:247.00M | Scene | Updating Images | Loading island_tree_02_leaves_alpha_1k.png.011
Fra:1 Mem:1497.97M (Peak 1871.08M) | Time:60:57:39.51 | Mem:251.00M, Peak:251.00M | Scene | Updating Images | Loading pine_sapling_small_twig_diff_1k.png.011
Fra:1 Mem:1501.97M (Peak 1871.08M) | Time:60:57:39.51 | Mem:256.00M, Peak:256.00M | Scene | Updating Images | Loading pine_sapling_small_twig_alpha_1k.png.011
Fra:1 Mem:1503.97M (Peak 1871.08M) | Time:60:57:39.51 | Mem:257.00M, Peak:257.00M | Scene | Updating Images | Loading island_tree_01_leaves_diff_1k.png.012
Fra:1 Mem:1508.99M (Peak 1871.08M) | Time:60:57:39.51 | Mem:258.00M, Peak:258.00M | Scene | Updating Images | Loading island_tree_01_leaves_alpha_1k.png.012
Fra:1 Mem:1508.98M (Peak 1871.08M) | Time:60:57:39.51 | Mem:259.00M, Peak:259.00M | Scene | Updating Images | Loading fern_02_diff_1k.png.005
DETAIL CONTACT xiaoxiangguan wood 74160 0.32
Fra:1 Mem:1194.42M (Peak 1872.12M) | Time:60:57:40.45 | Mem:0.00M, Peak:0.00M | Scene | Synchronizing object | xiaoxiangguan_plaster
Fra:1 Mem:1194.42M (Peak 1872.12M) | Time:60:57:40.45 | Mem:0.00M, Peak:0.00M | Scene | Synchronizing object | xiaoxiangguan_darkwood
Fra:1 Mem:1194.48M (Peak 1872.12M) | Time:60:57:40.45 | Mem:0.00M, Peak:0.00M | Scene | Synchronizing object | xiaoxiangguan_floorwood
Fra:1 Mem:1197.01M (Peak 1872.12M) | Time:60:57:40.45 | Mem:0.00M, Peak:0.00M | Scene | Synchronizing object | xiaoxiangguan_latticewood.001
Fra:1 Mem:1197.01M (Peak 1872.12M) | Time:60:57:40.45 | Mem:0.00M, Peak:0.00M | Scene | Synchronizing object | xiaoxiangguan_lantern
Fra:1 Mem:1197.89M (Peak 1872.12M) | Time:60:57:40.45 | Mem:0.00M, Peak:0.00M | Scene | Synchronizing object | xiaoxiangguan_tilelight.001
Fra:1 Mem:1197.93M (Peak 1872.12M) | Time:60:57:40.45 | Mem:0.00M, Peak:0.00M | Scene | Synchronizing object | xiaoxiangguan_tiledark.001
Fra:1 Mem:1198.78M (Peak 1872.12M) | Time:60:57:40.45 | Mem:0.00M, Peak:0.00M | Scene | Synchronizing object | xiaoxiangguan_paving.001
Fra:1 Mem:1199.19M (Peak 1872.12M) | Time:60:57:40.45 | Mem:0.00M, Peak:0.00M | Scene | Synchronizing object | xiaoxiangguan_bark
Fra:1 Mem:1199.96M (Peak 1872.12M) | Time:60:57:40.45 | Mem:0.00M, Peak:0.00M | Scene | Synchronizing object | xiaoxiangguan_leafdark
Fra:1 Mem:1200.25M (Peak 1872.12M) | Time:60:57:40.45 | Mem:0.00M, Peak:0.00M | Scene | Synchronizing object | xiaoxiangguan_bamboo
Fra:1 Mem:1201.86M (Peak 1872.12M) | Time:60:57:40.45 | Mem:0.00M, Peak:0.00M | Scene | Synchronizing object | xiaoxiangguan_gold
Fra:1 Mem:1203.75M (Peak 1872.12M) | Time:60:57:40.45 | Mem:0.00M, Peak:0.00M | Scene | Synchronizing object | xiaoxiangguan_ceramic.001
Fra:1 Mem:1203.98M (Peak 1872.12M) | Time:60:57:40.45 | Mem:0.00M, Peak:0.00M | Scene | Synchronizing object | xiaoxiangguan_bookcover.001
Fra:1 Mem:1204.49M (Peak 1872.12M) | Time:60:57:40.45 | Mem:0.00M, Peak:0.00M | Scene | Synchronizing object | xiaoxiangguan_ink.001
Fra:1 Mem:1204.69M (Peak 1872.12M) | Time:60:57:40.45 | Mem:0.00M, Peak:0.00M | Scene | Synchronizing object | xiaoxiangguan_lightleaf
Fra:1 Mem:1210.99M (Peak 1872.12M) | Time:60:57:40.45 | Mem:0.00M, Peak:0.00M | Scene | Synchronizing object | xiaoxiangguan_leaf
Fra:1 Mem:1210.99M (Peak 1872.12M) | Time:60:57:40.45 | Mem:0.00M, Peak:0.00M | Scene | Synchronizing object | xiaoxiangguan_bookcloth.001
Fra:1 Mem:1211.84M (Peak 1872.12M) | Time:60:57:40.45 | Mem:0.00M, Peak:0.00M | Scene | Synchronizing object | xiaoxiangguan_ivory.001
Fra:1 Mem:1213.44M (Peak 1872.12M) | Time:60:57:40.45 | Mem:0.00M, Peak:0.00M | Scene | Synchronizing object | xiaoxiangguan_water.001
Fra:1 Mem:1213.46M (Peak 1872.12M) | Time:60:57:40.45 | Mem:0.00M, Peak:0.00M | Scene | Synchronizing object | xiaoxiangguan_bankstone
Fra:1 Mem:1213.59M (Peak 1872.12M) | Time:60:57:40.45 | Mem:0.00M, Peak:0.00M | Scene | Synchronizing object | xiaoxiangguan_paper
Fra:1 Mem:1214.50M (Peak 1872.12M) | Time:60:57:40.45 | Mem:0.00M, Peak:0.00M | Scene | Synchronizing object | xiaoxiangguan_furniture
Fra:1 Mem:1220.39M (Peak 1872.12M) | Time:60:57:40.46 | Mem:0.00M, Peak:0.00M | Scene | Initializing
Fra:1 Mem:1220.39M (Peak 1872.12M) | Time:60:57:40.46 | Mem:0.00M, Peak:0.00M | Scene | Updating Images | Loading forest_grove.hdr
Fra:1 Mem:1220.39M (Peak 1872.12M) | Time:60:57:40.46 | Mem:0.00M, Peak:0.00M | Scene | Updating Images | Loading r12_stone_rough.001
Fra:1 Mem:1220.39M (Peak 1872.12M) | Time:60:57:40.46 | Mem:0.00M, Peak:0.00M | Scene | Updating Images | Loading r12_cutstone_nor_gl.001
Fra:1 Mem:1222.39M (Peak 1872.12M) | Time:60:57:40.46 | Mem:0.00M, Peak:0.00M | Scene | Updating Images | Loading r12_cutstone_rough.001
Fra:1 Mem:1227.40M (Peak 1872.12M) | Time:60:57:40.46 | Mem:2.00M, Peak:2.00M | Scene | Updating Images | Loading r12_darkwood_diff.001
Fra:1 Mem:1227.40M (Peak 1872.12M) | Time:60:57:40.46 | Mem:2.00M, Peak:2.00M | Scene | Updating Images | Loading r12_darkwood_nor_gl.001
Fra:1 Mem:1229.40M (Peak 1872.12M) | Time:60:57:40.46 | Mem:3.00M, Peak:3.00M | Scene | Updating Images | Loading r12_darkwood_rough.001
Fra:1 Mem:1230.40M (Peak 1872.12M) | Time:60:57:40.46 | Mem:4.00M, Peak:4.00M | Scene | Updating Images | Loading r12_floorwood_diff.001
Fra:1 Mem:1231.40M (Peak 1872.12M) | Time:60:57:40.46 | Mem:6.00M, Peak:6.00M | Scene | Updating Images | Loading r12_floorwood_rough.001
Fra:1 Mem:1232.40M (Peak 1872.12M) | Time:60:57:40.46 | Mem:6.00M, Peak:6.00M | Scene | Updating Images | Loading r12_floorwood_nor_gl.001
Fra:1 Mem:1233.40M (Peak 1872.12M) | Time:60:57:40.46 | Mem:7.00M, Peak:7.00M | Scene | Updating Images | Loading r12_wood_diff.001
Fra:1 Mem:1234.40M (Peak 1872.12M) | Time:60:57:40.46 | Mem:8.00M, Peak:8.00M | Scene | Updating Images | Loading r12_wood_nor_gl.001
Fra:1 Mem:1234.41M (Peak 1872.12M) | Time:60:57:40.46 | Mem:9.00M, Peak:9.00M | Scene | Updating Images | Loading island_tree_01_leaves_rgba.png.007
Fra:1 Mem:1235.41M (Peak 1872.12M) | Time:60:57:40.46 | Mem:11.00M, Peak:11.00M | Scene | Updating Images | Loading r12_wood_rough.001
Fra:1 Mem:1236.66M (Peak 1872.12M) | Time:60:57:40.46 | Mem:11.00M, Peak:11.00M | Scene | Updating Images | Loading r12_furniture_diff.001
Fra:1 Mem:1245.66M (Peak 1872.12M) | Time:60:57:40.46 | Mem:12.00M, Peak:12.00M | Scene | Updating Images | Loading r12_furniture_nor_gl.001
Fra:1 Mem:1246.66M (Peak 1872.12M) | Time:60:57:40.46 | Mem:13.00M, Peak:13.00M | Scene | Updating Images | Loading r12_furniture_rough.001
Fra:1 Mem:1247.66M (Peak 1872.12M) | Time:60:57:40.46 | Mem:13.25M, Peak:13.25M | Scene | Updating Images | Loading pine_sapling_small_twig_rgba.png.003
Fra:1 Mem:1247.91M (Peak 1872.12M) | Time:60:57:40.46 | Mem:17.25M, Peak:17.25M | Scene | Updating Images | Loading r12_latticewood_diff.001
Fra:1 Mem:1248.91M (Peak 1872.12M) | Time:60:57:40.46 | Mem:17.25M, Peak:17.25M | Scene | Updating Images | Loading r12_roof_diff.001
Fra:1 Mem:1248.91M (Peak 1872.12M) | Time:60:57:40.46 | Mem:18.50M, Peak:18.50M | Scene | Updating Images | Loading island_tree_02_leaves_rgba.png.003
Fra:1 Mem:1253.16M (Peak 1872.12M) | Time:60:57:40.46 | Mem:18.75M, Peak:18.75M | Scene | Updating Images | Loading island_tree_01_leaves_rgba.png.006
Fra:1 Mem:1253.16M (Peak 1872.12M) | Time:60:57:40.46 | Mem:19.75M, Peak:19.75M | Scene | Updating Images | Loading r12_roof_rough.001
Fra:1 Mem:1254.16M (Peak 1872.12M) | Time:60:57:40.46 | Mem:20.75M, Peak:20.75M | Scene | Updating Images | Loading r12_tilelight_diff.001
Fra:1 Mem:1255.41M (Peak 1872.12M) | Time:60:57:40.46 | Mem:21.75M, Peak:21.75M | Scene | Updating Images | Loading r12_tilelight_nor_gl.001
Fra:1 Mem:1256.41M (Peak 1872.12M) | Time:60:57:40.46 | Mem:23.00M, Peak:23.00M | Scene | Updating Images | Loading fern_02_rgba.png.002
Fra:1 Mem:1256.41M (Peak 1872.12M) | Time:60:57:40.46 | Mem:23.00M, Peak:23.00M | Scene | Updating Images | Loading r12_tilelight_rough.001
Fra:1 Mem:1257.41M (Peak 1872.12M) | Time:60:57:40.46 | Mem:25.00M, Peak:25.00M | Scene | Updating Images | Loading r12_tile_diff.001
Fra:1 Mem:1258.41M (Peak 1872.12M) | Time:60:57:40.46 | Mem:25.00M, Peak:25.00M | Scene | Updating Images | Loading r12_tile_nor_gl.001
Fra:1 Mem:1259.41M (Peak 1872.12M) | Time:60:57:40.46 | Mem:26.00M, Peak:26.00M | Scene | Updating Images | Loading r12_tile_rough.001
Fra:1 Mem:1261.42M (Peak 1872.12M) | Time:60:57:40.46 | Mem:27.00M, Peak:27.00M | Scene | Updating Images | Loading r12_tiledark_diff.001
Fra:1 Mem:1262.42M (Peak 1872.12M) | Time:60:57:40.46 | Mem:28.00M, Peak:28.00M | Scene | Updating Images | Loading r12_tiledark_nor_gl.001
Fra:1 Mem:1263.42M (Peak 1872.12M) | Time:60:57:40.46 | Mem:29.00M, Peak:29.00M | Scene | Updating Images | Loading r12_tiledark_rough.001
Fra:1 Mem:1264.42M (Peak 1872.12M) | Time:60:57:40.46 | Mem:30.00M, Peak:30.00M | Scene | Updating Images | Loading rock_moss_set_01_diff
Fra:1 Mem:1268.42M (Peak 1872.12M) | Time:60:57:40.46 | Mem:31.00M, Peak:31.00M | Scene | Updating Images | Loading rock_moss_set_01_nor_gl
Fra:1 Mem:1272.42M (Peak 1872.12M) | Time:60:57:40.46 | Mem:32.00M, Peak:32.00M | Scene | Updating Images | Loading r12_paving_diff.001
Fra:1 Mem:1273.42M (Peak 1872.12M) | Time:60:57:40.46 | Mem:33.00M, Peak:33.00M | Scene | Updating Images | Loading r12_paving_nor_gl.001
Fra:1 Mem:1274.42M (Peak 1872.12M) | Time:60:57:40.46 | Mem:34.00M, Peak:34.00M | Scene | Updating Images | Loading r12_paving_rough.001
Fra:1 Mem:1275.42M (Peak 1872.12M) | Time:60:57:40.46 | Mem:35.00M, Peak:35.00M | Scene | Updating Images | Loading r12_gardenstone_diff
Fra:1 Mem:1276.42M (Peak 1872.12M) | Time:60:57:40.46 | Mem:36.00M, Peak:36.00M | Scene | Updating Images | Loading r12_gardenstone_nor_gl
Fra:1 Mem:1277.42M (Peak 1872.12M) | Time:60:57:40.46 | Mem:40.00M, Peak:40.00M | Scene | Updating Images | Loading r12_gardenstone_rough
Fra:1 Mem:1278.42M (Peak 1872.12M) | Time:60:57:40.46 | Mem:41.00M, Peak:41.00M | Scene | Updating Images | Loading worn_mossy_plasterwall.jpg
Fra:1 Mem:1278.42M (Peak 1872.12M) | Time:60:57:40.46 | Mem:45.00M, Peak:45.00M | Scene | Updating Images | Loading r12_bankstone_diff.001
Fra:1 Mem:1282.42M (Peak 1872.12M) | Time:60:57:40.46 | Mem:46.00M, Peak:46.00M | Scene | Updating Images | Loading r12_bankstone_nor_gl.001
Fra:1 Mem:1282.42M (Peak 1872.12M) | Time:60:57:40.46 | Mem:47.00M, Peak:47.00M | Scene | Updating Images | Loading r12_bankstone_rough.001
Fra:1 Mem:1282.42M (Peak 1872.12M) | Time:60:57:40.46 | Mem:48.00M, Peak:48.00M | Scene | Updating Images | Loading island_tree_01_diff
Fra:1 Mem:1289.42M (Peak 1872.12M) | Time:60:57:40.46 | Mem:49.00M, Peak:49.00M | Scene | Updating Images | Loading island_tree_01_rough
Fra:1 Mem:1293.42M (Peak 1872.12M) | Time:60:57:40.46 | Mem:53.00M, Peak:53.00M | Scene | Updating Images | Loading island_tree_01_nor_gl
Fra:1 Mem:1297.43M (Peak 1872.12M) | Time:60:57:40.46 | Mem:57.00M, Peak:57.00M | Scene | Updating Images | Loading island_tree_01_leaves_diff-island_tree_01_leaves_alpha
Fra:1 Mem:1301.42M (Peak 1872.12M) | Time:60:57:40.46 | Mem:58.00M, Peak:58.00M | Scene | Updating Images | Loading island_tree_01_leaves_rough
Fra:1 Mem:1306.43M (Peak 1872.12M) | Time:60:57:40.46 | Mem:62.00M, Peak:62.00M | Scene | Updating Images | Loading island_tree_01_leaves_nor_gl
Fra:1 Mem:1310.43M (Peak 1872.12M) | Time:60:57:40.47 | Mem:66.00M, Peak:66.00M | Scene | Updating Images | Loading island_tree_01_branches_diff
Fra:1 Mem:1323.42M (Peak 1872.12M) | Time:60:57:40.47 | Mem:67.00M, Peak:67.00M | Scene | Updating Images | Loading island_tree_01_leaves_rgba.png.005
Fra:1 Mem:1323.42M (Peak 1872.12M) | Time:60:57:40.47 | Mem:71.00M, Peak:71.00M | Scene | Updating Images | Loading island_tree_01_branches_rough
Fra:1 Mem:1327.67M (Peak 1872.12M) | Time:60:57:40.47 | Mem:75.00M, Peak:75.00M | Scene | Updating Images | Loading island_tree_01_branches_nor_gl
Fra:1 Mem:1331.67M (Peak 1872.12M) | Time:60:57:40.47 | Mem:79.00M, Peak:79.00M | Scene | Updating Images | Loading island_tree_01_leaves_diff_1k.png.001
Fra:1 Mem:1331.67M (Peak 1872.12M) | Time:60:57:40.47 | Mem:80.00M, Peak:80.00M | Scene | Updating Images | Loading island_tree_01_leaves_alpha_1k.png.001
Fra:1 Mem:1332.68M (Peak 1872.12M) | Time:60:57:40.47 | Mem:80.25M, Peak:80.25M | Scene | Updating Images | Loading pine_sapling_small_twig_rgba.png.002
Fra:1 Mem:1332.68M (Peak 1872.12M) | Time:60:57:40.47 | Mem:84.25M, Peak:84.25M | Scene | Updating Images | Loading island_tree_02_diff
Fra:1 Mem:1337.93M (Peak 1872.12M) | Time:60:57:40.47 | Mem:89.25M, Peak:89.25M | Scene | Updating Images | Loading island_tree_02_rough
Fra:1 Mem:1341.92M (Peak 1872.12M) | Time:60:57:40.47 | Mem:89.50M, Peak:89.50M | Scene | Updating Images | Loading island_tree_02_leaves_rgba.png.002
Fra:1 Mem:1342.17M (Peak 1872.12M) | Time:60:57:40.47 | Mem:93.50M, Peak:93.50M | Scene | Updating Images | Loading island_tree_02_nor_gl
Fra:1 Mem:1347.18M (Peak 1872.12M) | Time:60:57:40.47 | Mem:93.50M, Peak:93.50M | Scene | Updating Images | Loading island_tree_02_leaves_diff-island_tree_02_leaves_alpha
Fra:1 Mem:1350.17M (Peak 1872.12M) | Time:60:57:40.47 | Mem:94.50M, Peak:94.50M | Scene | Updating Images | Loading island_tree_02_leaves_rough
Fra:1 Mem:1354.17M (Peak 1872.12M) | Time:60:57:40.47 | Mem:98.50M, Peak:98.50M | Scene | Updating Images | Loading island_tree_02_leaves_nor_gl
Fra:1 Mem:1362.18M (Peak 1872.12M) | Time:60:57:40.47 | Mem:98.50M, Peak:98.50M | Scene | Updating Images | Loading island_tree_02_leaves_diff_1k.png.001
Fra:1 Mem:1362.18M (Peak 1872.12M) | Time:60:57:40.47 | Mem:98.75M, Peak:98.75M | Scene | Updating Images | Loading island_tree_01_leaves_rgba.png.004
Fra:1 Mem:1359.43M (Peak 1872.12M) | Time:60:57:40.47 | Mem:102.75M, Peak:102.75M | Scene | Updating Images | Loading island_tree_02_leaves_alpha_1k.png.001
Fra:1 Mem:1358.42M (Peak 1872.12M) | Time:60:57:40.47 | Mem:107.75M, Peak:107.75M | Scene | Updating Images | Loading island_tree_02_branches_diff
Fra:1 Mem:1362.42M (Peak 1872.12M) | Time:60:57:40.47 | Mem:111.75M, Peak:111.75M | Scene | Updating Images | Loading island_tree_02_branches_rough
Fra:1 Mem:1367.42M (Peak 1872.12M) | Time:60:57:40.47 | Mem:112.00M, Peak:112.00M | Scene | Updating Images | Loading fern_02_rgba.png.001
Fra:1 Mem:1368.42M (Peak 1872.12M) | Time:60:57:40.47 | Mem:116.00M, Peak:116.00M | Scene | Updating Images | Loading island_tree_02_branches_nor_gl
Fra:1 Mem:1373.42M (Peak 1872.12M) | Time:60:57:40.47 | Mem:120.00M, Peak:120.00M | Scene | Updating Images | Loading pine_sapling_small_bark_diff
Fra:1 Mem:1381.43M (Peak 1872.12M) | Time:60:57:40.48 | Mem:124.00M, Peak:124.00M | Scene | Updating Images | Loading pine_sapling_small_bark_rough
Fra:1 Mem:1385.43M (Peak 1872.12M) | Time:60:57:40.48 | Mem:125.00M, Peak:125.00M | Scene | Updating Images | Loading pine_sapling_small_bark_nor_gl
Fra:1 Mem:1389.43M (Peak 1872.12M) | Time:60:57:40.48 | Mem:129.00M, Peak:129.00M | Scene | Updating Images | Loading pine_sapling_small_twig_diff
Fra:1 Mem:1397.44M (Peak 1872.12M) | Time:60:57:40.48 | Mem:133.00M, Peak:133.00M | Scene | Updating Images | Loading pine_sapling_small_twig_rough
Fra:1 Mem:1397.43M (Peak 1872.12M) | Time:60:57:40.48 | Mem:137.00M, Peak:137.00M | Scene | Updating Images | Loading pine_sapling_small_twig_nor_gl
Fra:1 Mem:1402.44M (Peak 1872.12M) | Time:60:57:40.48 | Mem:141.00M, Peak:141.00M | Scene | Updating Images | Loading pine_sapling_small_twig_diff_1k.png.001
Fra:1 Mem:1401.43M (Peak 1872.12M) | Time:60:57:40.48 | Mem:145.00M, Peak:145.00M | Scene | Updating Images | Loading pine_sapling_small_twig_alpha_1k.png.001
Fra:1 Mem:1401.43M (Peak 1872.12M) | Time:60:57:40.48 | Mem:149.00M, Peak:149.00M | Scene | Updating Images | Loading island_tree_01_leaves_diff_1k.png.002
Fra:1 Mem:1401.43M (Peak 1872.12M) | Time:60:57:40.48 | Mem:150.00M, Peak:150.00M | Scene | Updating Images | Loading island_tree_01_leaves_alpha_1k.png.002
Fra:1 Mem:1397.42M (Peak 1872.12M) | Time:60:57:40.48 | Mem:154.00M, Peak:154.00M | Scene | Updating Images | Loading island_tree_02_leaves_diff_1k.png.002
Fra:1 Mem:1397.42M (Peak 1872.12M) | Time:60:57:40.48 | Mem:155.00M, Peak:155.00M | Scene | Updating Images | Loading island_tree_01_leaves_rgba.png.003
Fra:1 Mem:1390.67M (Peak 1872.12M) | Time:60:57:40.48 | Mem:155.25M, Peak:155.25M | Scene | Updating Images | Loading pine_sapling_small_twig_rgba.png.001
Fra:1 Mem:1390.92M (Peak 1872.12M) | Time:60:57:40.48 | Mem:156.25M, Peak:156.25M | Scene | Updating Images | Loading island_tree_02_leaves_alpha_1k.png.002
Fra:1 Mem:1400.93M (Peak 1872.12M) | Time:60:57:40.48 | Mem:156.50M, Peak:156.50M | Scene | Updating Images | Loading island_tree_02_leaves_rgba.png.001
Fra:1 Mem:1402.18M (Peak 1872.12M) | Time:60:57:40.49 | Mem:158.50M, Peak:158.50M | Scene | Updating Images | Loading pine_sapling_small_twig_diff_1k.png.002
Fra:1 Mem:1402.18M (Peak 1872.12M) | Time:60:57:40.49 | Mem:158.50M, Peak:158.50M | Scene | Updating Images | Loading pine_sapling_small_twig_alpha_1k.png.002
Fra:1 Mem:1402.44M (Peak 1872.12M) | Time:60:57:40.49 | Mem:158.50M, Peak:158.50M | Scene | Updating Images | Loading island_tree_01_leaves_diff_1k.png.003
Fra:1 Mem:1402.18M (Peak 1872.12M) | Time:60:57:40.49 | Mem:158.75M, Peak:158.75M | Scene | Updating Images | Loading island_tree_01_leaves_rgba.png.002
Fra:1 Mem:1398.43M (Peak 1872.12M) | Time:60:57:40.49 | Mem:159.75M, Peak:159.75M | Scene | Updating Images | Loading island_tree_01_leaves_alpha_1k.png.003
Fra:1 Mem:1395.43M (Peak 1872.12M) | Time:60:57:40.49 | Mem:163.75M, Peak:163.75M | Scene | Updating Images | Loading island_tree_02_leaves_diff_1k.png.003
Fra:1 Mem:1394.42M (Peak 1872.12M) | Time:60:57:40.49 | Mem:164.75M, Peak:164.75M | Scene | Updating Images | Loading island_tree_02_leaves_alpha_1k.png.003
Fra:1 Mem:1394.68M (Peak 1872.12M) | Time:60:57:40.49 | Mem:172.75M, Peak:172.75M | Scene | Updating Images | Loading pine_sapling_small_twig_diff_1k.png.003
Fra:1 Mem:1394.42M (Peak 1872.12M) | Time:60:57:40.49 | Mem:173.00M, Peak:173.00M | Scene | Updating Images | Loading fern_02_rgba.png
Fra:1 Mem:1398.42M (Peak 1872.12M) | Time:60:57:40.49 | Mem:175.00M, Peak:175.00M | Scene | Updating Images | Loading pine_sapling_small_twig_alpha_1k.png.003
Fra:1 Mem:1398.42M (Peak 1872.12M) | Time:60:57:40.49 | Mem:176.00M, Peak:176.00M | Scene | Updating Images | Loading island_tree_01_leaves_diff_1k.png.004
Fra:1 Mem:1403.43M (Peak 1872.12M) | Time:60:57:40.49 | Mem:177.00M, Peak:177.00M | Scene | Updating Images | Loading island_tree_01_leaves_alpha_1k.png.004
Fra:1 Mem:1405.43M (Peak 1872.12M) | Time:60:57:40.49 | Mem:178.00M, Peak:178.00M | Scene | Updating Images | Loading island_tree_02_leaves_diff_1k.png.004
Fra:1 Mem:1404.42M (Peak 1872.12M) | Time:60:57:40.49 | Mem:180.00M, Peak:180.00M | Scene | Updating Images | Loading island_tree_01_leaves_rgba.png.001
Fra:1 Mem:1404.42M (Peak 1872.12M) | Time:60:57:40.49 | Mem:180.00M, Peak:180.00M | Scene | Updating Images | Loading island_tree_02_leaves_alpha_1k.png.004
Fra:1 Mem:1404.67M (Peak 1872.12M) | Time:60:57:40.49 | Mem:181.00M, Peak:181.00M | Scene | Updating Images | Loading pine_sapling_small_twig_diff_1k.png.004
Fra:1 Mem:1404.67M (Peak 1872.12M) | Time:60:57:40.49 | Mem:181.00M, Peak:181.00M | Scene | Updating Images | Loading pine_sapling_small_twig_alpha_1k.png.004
Fra:1 Mem:1404.67M (Peak 1872.12M) | Time:60:57:40.49 | Mem:182.00M, Peak:182.00M | Scene | Updating Images | Loading island_tree_01_leaves_diff_1k.png.005
Fra:1 Mem:1405.93M (Peak 1872.12M) | Time:60:57:40.49 | Mem:183.00M, Peak:183.00M | Scene | Updating Images | Loading island_tree_01_leaves_alpha_1k.png.005
Fra:1 Mem:1405.67M (Peak 1872.12M) | Time:60:57:40.49 | Mem:183.25M, Peak:183.25M | Scene | Updating Images | Loading pine_sapling_small_twig_rgba.png
Fra:1 Mem:1405.67M (Peak 1872.12M) | Time:60:57:40.50 | Mem:184.25M, Peak:184.25M | Scene | Updating Images | Loading island_tree_02_leaves_diff_1k.png.005
Fra:1 Mem:1406.92M (Peak 1872.12M) | Time:60:57:40.50 | Mem:184.50M, Peak:184.50M | Scene | Updating Images | Loading island_tree_02_leaves_rgba.png
Fra:1 Mem:1413.18M (Peak 1872.12M) | Time:60:57:40.50 | Mem:185.50M, Peak:185.50M | Scene | Updating Images | Loading island_tree_02_leaves_alpha_1k.png.005
Fra:1 Mem:1413.18M (Peak 1872.12M) | Time:60:57:40.50 | Mem:186.50M, Peak:186.50M | Scene | Updating Images | Loading pine_sapling_small_twig_diff_1k.png.005
Fra:1 Mem:1413.44M (Peak 1872.12M) | Time:60:57:40.50 | Mem:187.50M, Peak:187.50M | Scene | Updating Images | Loading pine_sapling_small_twig_alpha_1k.png.005
Fra:1 Mem:1413.18M (Peak 1872.12M) | Time:60:57:40.50 | Mem:187.75M, Peak:187.75M | Scene | Updating Images | Loading island_tree_01_leaves_rgba.png
Fra:1 Mem:1413.43M (Peak 1872.12M) | Time:60:57:40.50 | Mem:188.75M, Peak:188.75M | Scene | Updating Images | Loading island_tree_01_leaves_diff_1k.png.006
Fra:1 Mem:1414.43M (Peak 1872.12M) | Time:60:57:40.50 | Mem:190.75M, Peak:190.75M | Scene | Updating Images | Loading island_tree_01_leaves_alpha_1k.png.006
Fra:1 Mem:1413.42M (Peak 1872.12M) | Time:60:57:40.50 | Mem:191.75M, Peak:191.75M | Scene | Updating Images | Loading island_tree_02_leaves_diff_1k.png.006
Fra:1 Mem:1414.68M (Peak 1872.12M) | Time:60:57:40.50 | Mem:192.75M, Peak:192.75M | Scene | Updating Images | Loading island_tree_02_leaves_alpha_1k.png.006
Fra:1 Mem:1415.42M (Peak 1872.12M) | Time:60:57:40.50 | Mem:193.00M, Peak:193.00M | Scene | Updating Images | Loading fern_02_alpha_1k.png.001
Fra:1 Mem:1431.42M (Peak 1872.12M) | Time:60:57:40.50 | Mem:194.00M, Peak:194.00M | Scene | Updating Images | Loading pine_sapling_small_twig_diff_1k.png.006
Fra:1 Mem:1431.42M (Peak 1872.12M) | Time:60:57:40.50 | Mem:195.00M, Peak:195.00M | Scene | Updating Images | Loading pine_sapling_small_twig_alpha_1k.png.006
Fra:1 Mem:1433.42M (Peak 1872.12M) | Time:60:57:40.50 | Mem:196.00M, Peak:196.00M | Scene | Updating Images | Loading island_tree_01_leaves_diff_1k.png.007
Fra:1 Mem:1441.44M (Peak 1872.12M) | Time:60:57:40.51 | Mem:197.00M, Peak:197.00M | Scene | Updating Images | Loading island_tree_01_leaves_alpha_1k.png.007
Fra:1 Mem:1439.42M (Peak 1872.12M) | Time:60:57:40.51 | Mem:199.00M, Peak:199.00M | Scene | Updating Images | Loading island_tree_02_leaves_diff_1k.png.007
Fra:1 Mem:1439.42M (Peak 1872.12M) | Time:60:57:40.51 | Mem:200.00M, Peak:200.00M | Scene | Updating Images | Loading island_tree_02_leaves_alpha_1k.png.007
Fra:1 Mem:1439.42M (Peak 1872.12M) | Time:60:57:40.51 | Mem:200.00M, Peak:200.00M | Scene | Updating Images | Loading pine_sapling_small_twig_diff_1k.png.007
Fra:1 Mem:1439.42M (Peak 1872.12M) | Time:60:57:40.51 | Mem:200.00M, Peak:200.00M | Scene | Updating Images | Loading pine_sapling_small_twig_alpha_1k.png.007
Fra:1 Mem:1439.42M (Peak 1872.12M) | Time:60:57:40.51 | Mem:200.00M, Peak:200.00M | Scene | Updating Images | Loading island_tree_01_leaves_diff_1k.png.008
Fra:1 Mem:1439.42M (Peak 1872.12M) | Time:60:57:40.51 | Mem:201.00M, Peak:201.00M | Scene | Updating Images | Loading island_tree_01_leaves_alpha_1k.png.008
Fra:1 Mem:1462.44M (Peak 1872.12M) | Time:60:57:40.51 | Mem:202.00M, Peak:202.00M | Scene | Updating Images | Loading island_tree_02_leaves_diff_1k.png.008
Fra:1 Mem:1463.44M (Peak 1872.12M) | Time:60:57:40.51 | Mem:206.00M, Peak:206.00M | Scene | Updating Images | Loading island_tree_02_leaves_alpha_1k.png.008
Fra:1 Mem:1463.44M (Peak 1872.12M) | Time:60:57:40.51 | Mem:206.00M, Peak:206.00M | Scene | Updating Images | Loading pine_sapling_small_twig_diff_1k.png.008
Fra:1 Mem:1463.44M (Peak 1872.12M) | Time:60:57:40.51 | Mem:206.00M, Peak:206.00M | Scene | Updating Images | Loading pine_sapling_small_twig_alpha_1k.png.008
Fra:1 Mem:1463.43M (Peak 1872.12M) | Time:60:57:40.51 | Mem:207.00M, Peak:207.00M | Scene | Updating Images | Loading fern_02_diff_1k.png.002
Fra:1 Mem:1463.43M (Peak 1872.12M) | Time:60:57:40.51 | Mem:208.00M, Peak:208.00M | Scene | Updating Images | Loading fern_02_rough
Fra:1 Mem:1468.44M (Peak 1872.12M) | Time:60:57:40.51 | Mem:209.00M, Peak:209.00M | Scene | Updating Images | Loading fern_02_nor_gl
Fra:1 Mem:1455.43M (Peak 1872.12M) | Time:60:57:40.51 | Mem:210.00M, Peak:210.00M | Scene | Updating Images | Loading island_tree_01_leaves_diff_1k.png.009
Fra:1 Mem:1463.43M (Peak 1872.12M) | Time:60:57:40.52 | Mem:211.00M, Peak:211.00M | Scene | Updating Images | Loading island_tree_01_leaves_alpha_1k.png.009
Fra:1 Mem:1464.43M (Peak 1872.12M) | Time:60:57:40.52 | Mem:213.00M, Peak:213.00M | Scene | Updating Images | Loading island_tree_02_leaves_diff_1k.png.009
Fra:1 Mem:1464.42M (Peak 1872.12M) | Time:60:57:40.52 | Mem:214.00M, Peak:214.00M | Scene | Updating Images | Loading island_tree_02_leaves_alpha_1k.png.009
Fra:1 Mem:1464.42M (Peak 1872.12M) | Time:60:57:40.52 | Mem:215.00M, Peak:215.00M | Scene | Updating Images | Loading pine_sapling_small_twig_diff_1k.png.009
Fra:1 Mem:1465.43M (Peak 1872.12M) | Time:60:57:40.52 | Mem:231.00M, Peak:231.00M | Scene | Updating Images | Loading fern_02_alpha_1k.png
Fra:1 Mem:1464.42M (Peak 1872.12M) | Time:60:57:40.52 | Mem:232.00M, Peak:232.00M | Scene | Updating Images | Loading pine_sapling_small_twig_alpha_1k.png.009
Fra:1 Mem:1485.44M (Peak 1872.12M) | Time:60:57:40.52 | Mem:236.00M, Peak:236.00M | Scene | Updating Images | Loading fern_02_diff_1k.png.003
Fra:1 Mem:1484.43M (Peak 1872.12M) | Time:60:57:40.52 | Mem:237.00M, Peak:237.00M | Scene | Updating Images | Loading island_tree_01_leaves_diff_1k.png.010
Fra:1 Mem:1489.44M (Peak 1872.12M) | Time:60:57:40.52 | Mem:238.00M, Peak:238.00M | Scene | Updating Images | Loading island_tree_01_leaves_alpha_1k.png.010
Fra:1 Mem:1488.42M (Peak 1872.12M) | Time:60:57:40.52 | Mem:239.00M, Peak:239.00M | Scene | Updating Images | Loading island_tree_02_leaves_diff_1k.png.010
Fra:1 Mem:1488.42M (Peak 1872.12M) | Time:60:57:40.52 | Mem:240.00M, Peak:240.00M | Scene | Updating Images | Loading island_tree_02_leaves_alpha_1k.png.010
Fra:1 Mem:1489.42M (Peak 1872.12M) | Time:60:57:40.52 | Mem:244.00M, Peak:244.00M | Scene | Updating Images | Loading pine_sapling_small_twig_diff_1k.png.010
Fra:1 Mem:1493.43M (Peak 1872.12M) | Time:60:57:40.52 | Mem:248.00M, Peak:248.00M | Scene | Updating Images | Loading pine_sapling_small_twig_alpha_1k.png.010
Fra:1 Mem:1493.43M (Peak 1872.12M) | Time:60:57:40.53 | Mem:249.00M, Peak:249.00M | Scene | Updating Images | Loading fern_02_diff_1k.png.004
Fra:1 Mem:1493.43M (Peak 1872.12M) | Time:60:57:40.53 | Mem:249.00M, Peak:249.00M | Scene | Updating Images | Loading island_tree_01_leaves_diff_1k.png.011
Fra:1 Mem:1493.43M (Peak 1872.12M) | Time:60:57:40.53 | Mem:250.00M, Peak:250.00M | Scene | Updating Images | Loading island_tree_01_leaves_alpha_1k.png.011
Fra:1 Mem:1494.42M (Peak 1872.12M) | Time:60:57:40.53 | Mem:251.00M, Peak:251.00M | Scene | Updating Images | Loading island_tree_02_leaves_diff_1k.png.011
Fra:1 Mem:1494.42M (Peak 1872.12M) | Time:60:57:40.53 | Mem:252.00M, Peak:252.00M | Scene | Updating Images | Loading island_tree_02_leaves_alpha_1k.png.011
Fra:1 Mem:1494.42M (Peak 1872.12M) | Time:60:57:40.53 | Mem:253.00M, Peak:253.00M | Scene | Updating Images | Loading pine_sapling_small_twig_diff_1k.png.011
Fra:1 Mem:1519.44M (Peak 1872.12M) | Time:60:57:40.53 | Mem:254.00M, Peak:254.00M | Scene | Updating Images | Loading pine_sapling_small_twig_alpha_1k.png.011
Fra:1 Mem:1519.44M (Peak 1872.12M) | Time:60:57:40.53 | Mem:255.00M, Peak:255.00M | Scene | Updating Images | Loading island_tree_01_leaves_diff_1k.png.012
Fra:1 Mem:1519.44M (Peak 1872.12M) | Time:60:57:40.53 | Mem:256.00M, Peak:256.00M | Scene | Updating Images | Loading island_tree_01_leaves_alpha_1k.png.012
Fra:1 Mem:1519.44M (Peak 1872.12M) | Time:60:57:40.53 | Mem:260.00M, Peak:260.00M | Scene | Updating Images | Loading fern_02_diff_1k.png.005
DETAIL CONTACT xiaoxiangguan latticewood 2664 0.32
Fra:1 Mem:1194.39M (Peak 1872.12M) | Time:60:57:40.88 | Mem:0.00M, Peak:0.00M | Scene | Synchronizing object | xiaoxiangguan_roof
Fra:1 Mem:1194.39M (Peak 1872.12M) | Time:60:57:40.88 | Mem:0.00M, Peak:0.00M | Scene | Synchronizing object | xiaoxiangguan_darkwood
Fra:1 Mem:1194.47M (Peak 1872.12M) | Time:60:57:40.88 | Mem:0.00M, Peak:0.00M | Scene | Synchronizing object | xiaoxiangguan_floorwood
Fra:1 Mem:1196.42M (Peak 1872.12M) | Time:60:57:40.88 | Mem:0.00M, Peak:0.00M | Scene | Synchronizing object | xiaoxiangguan_wood
Fra:1 Mem:1196.43M (Peak 1872.12M) | Time:60:57:40.88 | Mem:0.00M, Peak:0.00M | Scene | Synchronizing object | xiaoxiangguan_latticewood.001
Fra:1 Mem:1196.56M (Peak 1872.12M) | Time:60:57:40.88 | Mem:0.00M, Peak:0.00M | Scene | Synchronizing object | xiaoxiangguan_tilelight.001
Fra:1 Mem:1196.75M (Peak 1872.12M) | Time:60:57:40.88 | Mem:0.00M, Peak:0.00M | Scene | Synchronizing object | xiaoxiangguan_tiledark.001
Fra:1 Mem:1198.42M (Peak 1872.12M) | Time:60:57:40.88 | Mem:0.00M, Peak:0.00M | Scene | Synchronizing object | xiaoxiangguan_lantern
Fra:1 Mem:1199.57M (Peak 1872.12M) | Time:60:57:40.88 | Mem:0.00M, Peak:0.00M | Scene | Synchronizing object | xiaoxiangguan_bark
Fra:1 Mem:1199.86M (Peak 1872.12M) | Time:60:57:40.88 | Mem:0.00M, Peak:0.00M | Scene | Synchronizing object | xiaoxiangguan_silk
Fra:1 Mem:1199.90M (Peak 1872.12M) | Time:60:57:40.88 | Mem:0.00M, Peak:0.00M | Scene | Synchronizing object | xiaoxiangguan_gold
Fra:1 Mem:1199.92M (Peak 1872.12M) | Time:60:57:40.88 | Mem:0.00M, Peak:0.00M | Scene | Synchronizing object | xiaoxiangguan_ceramic.001
Fra:1 Mem:1199.94M (Peak 1872.12M) | Time:60:57:40.88 | Mem:0.00M, Peak:0.00M | Scene | Synchronizing object | xiaoxiangguan_leafdark
Fra:1 Mem:1200.26M (Peak 1872.12M) | Time:60:57:40.88 | Mem:0.00M, Peak:0.00M | Scene | Synchronizing object | xiaoxiangguan_bookcover.001
Fra:1 Mem:1200.54M (Peak 1872.12M) | Time:60:57:40.88 | Mem:0.00M, Peak:0.00M | Scene | Synchronizing object | xiaoxiangguan_ink.001
Fra:1 Mem:1203.95M (Peak 1872.12M) | Time:60:57:40.88 | Mem:0.00M, Peak:0.00M | Scene | Synchronizing object | xiaoxiangguan_ivory.001
Fra:1 Mem:1203.94M (Peak 1872.12M) | Time:60:57:40.88 | Mem:0.00M, Peak:0.00M | Scene | Synchronizing object | xiaoxiangguan_bamboo
Fra:1 Mem:1204.11M (Peak 1872.12M) | Time:60:57:40.89 | Mem:0.00M, Peak:0.00M | Scene | Synchronizing object | xiaoxiangguan_lightleaf
Fra:1 Mem:1205.47M (Peak 1872.12M) | Time:60:57:40.89 | Mem:0.00M, Peak:0.00M | Scene | Synchronizing object | xiaoxiangguan_leaf
Fra:1 Mem:1210.80M (Peak 1872.12M) | Time:60:57:40.89 | Mem:0.00M, Peak:0.00M | Scene | Synchronizing object | xiaoxiangguan_furniture
Fra:1 Mem:1210.91M (Peak 1872.12M) | Time:60:57:40.89 | Mem:0.00M, Peak:0.00M | Scene | Synchronizing object | xiaoxiangguan_bookcloth.001
Fra:1 Mem:1210.88M (Peak 1872.12M) | Time:60:57:40.89 | Mem:0.00M, Peak:0.00M | Scene | Synchronizing object | xiaoxiangguan_bankstone
Fra:1 Mem:1211.87M (Peak 1872.12M) | Time:60:57:40.89 | Mem:0.00M, Peak:0.00M | Scene | Synchronizing object | xiaoxiangguan_water.001
Fra:1 Mem:1220.36M (Peak 1872.12M) | Time:60:57:40.89 | Mem:0.00M, Peak:0.00M | Scene | Initializing
Fra:1 Mem:1220.35M (Peak 1872.12M) | Time:60:57:40.89 | Mem:0.00M, Peak:0.00M | Scene | Updating Images | Loading fern_02_rgba.png.003
Fra:1 Mem:1221.35M (Peak 1872.12M) | Time:60:57:40.89 | Mem:0.00M, Peak:0.00M | Scene | Updating Images | Loading forest_grove.hdr
Fra:1 Mem:1221.35M (Peak 1872.12M) | Time:60:57:40.89 | Mem:0.00M, Peak:0.00M | Scene | Updating Images | Loading r12_cutstone_diff.001
Fra:1 Mem:1222.35M (Peak 1872.12M) | Time:60:57:40.89 | Mem:0.00M, Peak:0.00M | Scene | Updating Images | Loading r12_cutstone_rough.001
Fra:1 Mem:1227.37M (Peak 1872.12M) | Time:60:57:40.89 | Mem:1.00M, Peak:1.00M | Scene | Updating Images | Loading r12_darkwood_diff.001
Fra:1 Mem:1228.37M (Peak 1872.12M) | Time:60:57:40.89 | Mem:2.00M, Peak:2.00M | Scene | Updating Images | Loading r12_darkwood_nor_gl.001
Fra:1 Mem:1229.37M (Peak 1872.12M) | Time:60:57:40.89 | Mem:4.00M, Peak:4.00M | Scene | Updating Images | Loading r12_darkwood_rough.001
Fra:1 Mem:1229.38M (Peak 1872.12M) | Time:60:57:40.89 | Mem:5.00M, Peak:5.00M | Scene | Updating Images | Loading r12_floorwood_diff.001
Fra:1 Mem:1231.38M (Peak 1872.12M) | Time:60:57:40.89 | Mem:5.00M, Peak:5.00M | Scene | Updating Images | Loading island_tree_01_leaves_rgba.png.007
Fra:1 Mem:1231.63M (Peak 1872.12M) | Time:60:57:40.89 | Mem:6.00M, Peak:6.00M | Scene | Updating Images | Loading r12_floorwood_nor_gl.001
Fra:1 Mem:1232.63M (Peak 1872.12M) | Time:60:57:40.89 | Mem:9.00M, Peak:9.00M | Scene | Updating Images | Loading r12_floorwood_rough.001
Fra:1 Mem:1233.63M (Peak 1872.12M) | Time:60:57:40.89 | Mem:9.00M, Peak:9.00M | Scene | Updating Images | Loading r12_wood_nor_gl.001
Fra:1 Mem:1234.63M (Peak 1872.12M) | Time:60:57:40.89 | Mem:9.25M, Peak:9.25M | Scene | Updating Images | Loading pine_sapling_small_twig_rgba.png.003
Fra:1 Mem:1235.63M (Peak 1872.12M) | Time:60:57:40.89 | Mem:10.25M, Peak:10.25M | Scene | Updating Images | Loading r12_wood_rough.001
Fra:1 Mem:1244.88M (Peak 1872.12M) | Time:60:57:40.89 | Mem:11.25M, Peak:11.25M | Scene | Updating Images | Loading r12_furniture_diff.001
Fra:1 Mem:1245.88M (Peak 1872.12M) | Time:60:57:40.89 | Mem:12.25M, Peak:12.25M | Scene | Updating Images | Loading r12_furniture_nor_gl.001
Fra:1 Mem:1246.88M (Peak 1872.12M) | Time:60:57:40.89 | Mem:14.25M, Peak:14.25M | Scene | Updating Images | Loading r12_furniture_rough.001
Fra:1 Mem:1247.88M (Peak 1872.12M) | Time:60:57:40.89 | Mem:15.25M, Peak:15.25M | Scene | Updating Images | Loading r12_latticewood_nor_gl.001
Fra:1 Mem:1248.88M (Peak 1872.12M) | Time:60:57:40.89 | Mem:15.50M, Peak:15.50M | Scene | Updating Images | Loading island_tree_02_leaves_rgba.png.003
Fra:1 Mem:1250.13M (Peak 1872.12M) | Time:60:57:40.89 | Mem:16.50M, Peak:16.50M | Scene | Updating Images | Loading r12_latticewood_rough.001
Fra:1 Mem:1251.13M (Peak 1872.12M) | Time:60:57:40.89 | Mem:18.50M, Peak:18.50M | Scene | Updating Images | Loading r12_roof_diff.001
Fra:1 Mem:1252.13M (Peak 1872.12M) | Time:60:57:40.89 | Mem:18.50M, Peak:18.50M | Scene | Updating Images | Loading r12_roof_nor_gl.001
Fra:1 Mem:1252.13M (Peak 1872.12M) | Time:60:57:40.89 | Mem:18.75M, Peak:18.75M | Scene | Updating Images | Loading island_tree_01_leaves_rgba.png.006
Fra:1 Mem:1253.38M (Peak 1872.12M) | Time:60:57:40.89 | Mem:19.75M, Peak:19.75M | Scene | Updating Images | Loading r12_roof_rough.001
Fra:1 Mem:1254.38M (Peak 1872.12M) | Time:60:57:40.89 | Mem:20.75M, Peak:20.75M | Scene | Updating Images | Loading r12_tilelight_diff.001
Fra:1 Mem:1255.38M (Peak 1872.12M) | Time:60:57:40.89 | Mem:21.75M, Peak:21.75M | Scene | Updating Images | Loading r12_tilelight_nor_gl.001
Fra:1 Mem:1256.38M (Peak 1872.12M) | Time:60:57:40.89 | Mem:22.75M, Peak:22.75M | Scene | Updating Images | Loading r12_tilelight_rough.001
Fra:1 Mem:1257.38M (Peak 1872.12M) | Time:60:57:40.89 | Mem:23.00M, Peak:23.00M | Scene | Updating Images | Loading fern_02_rgba.png.002
Fra:1 Mem:1257.38M (Peak 1872.12M) | Time:60:57:40.89 | Mem:24.00M, Peak:24.00M | Scene | Updating Images | Loading r12_tile_diff.001
Fra:1 Mem:1258.38M (Peak 1872.12M) | Time:60:57:40.89 | Mem:25.00M, Peak:25.00M | Scene | Updating Images | Loading r12_tile_nor_gl.001
Fra:1 Mem:1259.38M (Peak 1872.12M) | Time:60:57:40.89 | Mem:26.00M, Peak:26.00M | Scene | Updating Images | Loading r12_tile_rough.001
Fra:1 Mem:1260.38M (Peak 1872.12M) | Time:60:57:40.89 | Mem:28.00M, Peak:28.00M | Scene | Updating Images | Loading r12_tiledark_diff.001
Fra:1 Mem:1261.38M (Peak 1872.12M) | Time:60:57:40.89 | Mem:28.00M, Peak:28.00M | Scene | Updating Images | Loading r12_tiledark_nor_gl.001
Fra:1 Mem:1262.38M (Peak 1872.12M) | Time:60:57:40.89 | Mem:29.00M, Peak:29.00M | Scene | Updating Images | Loading r12_tiledark_rough.001
Fra:1 Mem:1264.38M (Peak 1872.12M) | Time:60:57:40.89 | Mem:30.00M, Peak:30.00M | Scene | Updating Images | Loading rock_moss_set_01_diff
Fra:1 Mem:1268.38M (Peak 1872.12M) | Time:60:57:40.89 | Mem:31.00M, Peak:31.00M | Scene | Updating Images | Loading rock_moss_set_01_nor_gl
Fra:1 Mem:1272.38M (Peak 1872.12M) | Time:60:57:40.89 | Mem:32.00M, Peak:32.00M | Scene | Updating Images | Loading r12_paving_diff.001
Fra:1 Mem:1273.38M (Peak 1872.12M) | Time:60:57:40.89 | Mem:33.00M, Peak:33.00M | Scene | Updating Images | Loading r12_paving_nor_gl.001
Fra:1 Mem:1274.38M (Peak 1872.12M) | Time:60:57:40.89 | Mem:34.00M, Peak:34.00M | Scene | Updating Images | Loading r12_paving_rough.001
Fra:1 Mem:1275.38M (Peak 1872.12M) | Time:60:57:40.89 | Mem:35.00M, Peak:35.00M | Scene | Updating Images | Loading r12_gardenstone_diff
Fra:1 Mem:1275.38M (Peak 1872.12M) | Time:60:57:40.89 | Mem:36.00M, Peak:36.00M | Scene | Updating Images | Loading r12_gardenstone_nor_gl
Fra:1 Mem:1277.38M (Peak 1872.12M) | Time:60:57:40.89 | Mem:37.00M, Peak:37.00M | Scene | Updating Images | Loading r12_gardenstone_rough
Fra:1 Mem:1278.38M (Peak 1872.12M) | Time:60:57:40.89 | Mem:38.00M, Peak:38.00M | Scene | Updating Images | Loading worn_mossy_plasterwall.jpg
Fra:1 Mem:1282.38M (Peak 1872.12M) | Time:60:57:40.89 | Mem:39.00M, Peak:39.00M | Scene | Updating Images | Loading r12_bankstone_diff.001
Fra:1 Mem:1282.38M (Peak 1872.12M) | Time:60:57:40.89 | Mem:47.00M, Peak:47.00M | Scene | Updating Images | Loading r12_bankstone_nor_gl.001
Fra:1 Mem:1282.38M (Peak 1872.12M) | Time:60:57:40.89 | Mem:47.00M, Peak:47.00M | Scene | Updating Images | Loading r12_bankstone_rough.001
Fra:1 Mem:1282.38M (Peak 1872.12M) | Time:60:57:40.89 | Mem:49.00M, Peak:49.00M | Scene | Updating Images | Loading island_tree_01_diff
Fra:1 Mem:1282.38M (Peak 1872.12M) | Time:60:57:40.89 | Mem:49.00M, Peak:49.00M | Scene | Updating Images | Loading island_tree_01_rough
Fra:1 Mem:1293.39M (Peak 1872.12M) | Time:60:57:40.89 | Mem:57.00M, Peak:57.00M | Scene | Updating Images | Loading island_tree_01_nor_gl
Fra:1 Mem:1297.39M (Peak 1872.12M) | Time:60:57:40.89 | Mem:57.00M, Peak:57.00M | Scene | Updating Images | Loading island_tree_01_leaves_diff-island_tree_01_leaves_alpha
Fra:1 Mem:1301.39M (Peak 1872.12M) | Time:60:57:40.90 | Mem:61.00M, Peak:61.00M | Scene | Updating Images | Loading island_tree_01_leaves_rough
Fra:1 Mem:1306.40M (Peak 1872.12M) | Time:60:57:40.90 | Mem:62.00M, Peak:62.00M | Scene | Updating Images | Loading island_tree_01_leaves_nor_gl
Fra:1 Mem:1309.39M (Peak 1872.12M) | Time:60:57:40.90 | Mem:63.00M, Peak:63.00M | Scene | Updating Images | Loading island_tree_01_leaves_rgba.png.005
Fra:1 Mem:1309.39M (Peak 1872.12M) | Time:60:57:40.90 | Mem:67.00M, Peak:67.00M | Scene | Updating Images | Loading island_tree_01_branches_diff
Fra:1 Mem:1323.64M (Peak 1872.12M) | Time:60:57:40.90 | Mem:71.00M, Peak:71.00M | Scene | Updating Images | Loading island_tree_01_branches_rough
Fra:1 Mem:1327.64M (Peak 1872.12M) | Time:60:57:40.90 | Mem:75.00M, Peak:75.00M | Scene | Updating Images | Loading island_tree_01_branches_nor_gl
Fra:1 Mem:1331.64M (Peak 1872.12M) | Time:60:57:40.90 | Mem:75.25M, Peak:75.25M | Scene | Updating Images | Loading pine_sapling_small_twig_rgba.png.002
Fra:1 Mem:1331.64M (Peak 1872.12M) | Time:60:57:40.90 | Mem:79.25M, Peak:79.25M | Scene | Updating Images | Loading island_tree_01_leaves_diff_1k.png.001
Fra:1 Mem:1331.64M (Peak 1872.12M) | Time:60:57:40.90 | Mem:83.25M, Peak:83.25M | Scene | Updating Images | Loading island_tree_01_leaves_alpha_1k.png.001
Fra:1 Mem:1333.89M (Peak 1872.12M) | Time:60:57:40.90 | Mem:85.50M, Peak:85.50M | Scene | Updating Images | Loading island_tree_02_leaves_rgba.png.002
Fra:1 Mem:1333.89M (Peak 1872.12M) | Time:60:57:40.90 | Mem:85.50M, Peak:85.50M | Scene | Updating Images | Loading island_tree_02_diff
Fra:1 Mem:1342.15M (Peak 1872.12M) | Time:60:57:40.90 | Mem:85.50M, Peak:85.50M | Scene | Updating Images | Loading island_tree_02_rough
Fra:1 Mem:1342.14M (Peak 1872.12M) | Time:60:57:40.90 | Mem:89.50M, Peak:89.50M | Scene | Updating Images | Loading island_tree_02_nor_gl
Fra:1 Mem:1343.15M (Peak 1872.12M) | Time:60:57:40.90 | Mem:93.50M, Peak:93.50M | Scene | Updating Images | Loading island_tree_02_leaves_diff-island_tree_02_leaves_alpha
Fra:1 Mem:1350.14M (Peak 1872.12M) | Time:60:57:40.90 | Mem:93.75M, Peak:93.75M | Scene | Updating Images | Loading island_tree_01_leaves_rgba.png.004
Fra:1 Mem:1350.14M (Peak 1872.12M) | Time:60:57:40.90 | Mem:94.75M, Peak:94.75M | Scene | Updating Images | Loading island_tree_02_leaves_rough
Fra:1 Mem:1354.14M (Peak 1872.12M) | Time:60:57:40.90 | Mem:98.75M, Peak:98.75M | Scene | Updating Images | Loading island_tree_02_leaves_nor_gl
Fra:1 Mem:1358.39M (Peak 1872.12M) | Time:60:57:40.90 | Mem:98.75M, Peak:98.75M | Scene | Updating Images | Loading island_tree_02_leaves_diff_1k.png.001
Fra:1 Mem:1358.39M (Peak 1872.12M) | Time:60:57:40.90 | Mem:102.75M, Peak:102.75M | Scene | Updating Images | Loading island_tree_02_leaves_alpha_1k.png.001
Fra:1 Mem:1359.40M (Peak 1872.12M) | Time:60:57:40.90 | Mem:110.75M, Peak:110.75M | Scene | Updating Images | Loading island_tree_02_branches_diff
Fra:1 Mem:1362.39M (Peak 1872.12M) | Time:60:57:40.90 | Mem:111.00M, Peak:111.00M | Scene | Updating Images | Loading fern_02_rgba.png.001
Fra:1 Mem:1362.39M (Peak 1872.12M) | Time:60:57:40.90 | Mem:112.00M, Peak:112.00M | Scene | Updating Images | Loading island_tree_02_branches_rough
Fra:1 Mem:1368.39M (Peak 1872.12M) | Time:60:57:40.91 | Mem:116.00M, Peak:116.00M | Scene | Updating Images | Loading island_tree_02_branches_nor_gl
Fra:1 Mem:1373.39M (Peak 1872.12M) | Time:60:57:40.91 | Mem:120.00M, Peak:120.00M | Scene | Updating Images | Loading pine_sapling_small_bark_diff
Fra:1 Mem:1381.40M (Peak 1872.12M) | Time:60:57:40.91 | Mem:124.00M, Peak:124.00M | Scene | Updating Images | Loading pine_sapling_small_bark_rough
Fra:1 Mem:1385.40M (Peak 1872.12M) | Time:60:57:40.91 | Mem:128.00M, Peak:128.00M | Scene | Updating Images | Loading pine_sapling_small_bark_nor_gl
Fra:1 Mem:1389.40M (Peak 1872.12M) | Time:60:57:40.91 | Mem:129.00M, Peak:129.00M | Scene | Updating Images | Loading pine_sapling_small_twig_diff
Fra:1 Mem:1394.41M (Peak 1872.12M) | Time:60:57:40.91 | Mem:133.00M, Peak:133.00M | Scene | Updating Images | Loading pine_sapling_small_twig_rough
Fra:1 Mem:1398.41M (Peak 1872.12M) | Time:60:57:40.91 | Mem:137.00M, Peak:137.00M | Scene | Updating Images | Loading pine_sapling_small_twig_nor_gl
Fra:1 Mem:1402.41M (Peak 1872.12M) | Time:60:57:40.91 | Mem:138.00M, Peak:138.00M | Scene | Updating Images | Loading pine_sapling_small_twig_diff_1k.png.001
Fra:1 Mem:1401.40M (Peak 1872.12M) | Time:60:57:40.91 | Mem:139.00M, Peak:139.00M | Scene | Updating Images | Loading island_tree_01_leaves_rgba.png.003
Fra:1 Mem:1401.65M (Peak 1872.12M) | Time:60:57:40.91 | Mem:143.00M, Peak:143.00M | Scene | Updating Images | Loading pine_sapling_small_twig_alpha_1k.png.001
Fra:1 Mem:1397.64M (Peak 1872.12M) | Time:60:57:40.91 | Mem:147.00M, Peak:147.00M | Scene | Updating Images | Loading island_tree_01_leaves_diff_1k.png.002
Fra:1 Mem:1397.64M (Peak 1872.12M) | Time:60:57:40.91 | Mem:151.00M, Peak:151.00M | Scene | Updating Images | Loading island_tree_01_leaves_alpha_1k.png.002
Fra:1 Mem:1390.64M (Peak 1872.12M) | Time:60:57:40.91 | Mem:151.25M, Peak:151.25M | Scene | Updating Images | Loading pine_sapling_small_twig_rgba.png.001
Fra:1 Mem:1390.89M (Peak 1872.12M) | Time:60:57:40.91 | Mem:152.25M, Peak:152.25M | Scene | Updating Images | Loading island_tree_02_leaves_diff_1k.png.002
Fra:1 Mem:1397.90M (Peak 1872.12M) | Time:60:57:40.91 | Mem:152.50M, Peak:152.50M | Scene | Updating Images | Loading island_tree_02_leaves_rgba.png.001
Fra:1 Mem:1395.14M (Peak 1872.12M) | Time:60:57:40.91 | Mem:157.50M, Peak:157.50M | Scene | Updating Images | Loading island_tree_02_leaves_alpha_1k.png.002
Fra:1 Mem:1395.14M (Peak 1872.12M) | Time:60:57:40.91 | Mem:157.50M, Peak:157.50M | Scene | Updating Images | Loading pine_sapling_small_twig_diff_1k.png.002
Fra:1 Mem:1395.14M (Peak 1872.12M) | Time:60:57:40.91 | Mem:158.50M, Peak:158.50M | Scene | Updating Images | Loading pine_sapling_small_twig_alpha_1k.png.002
Fra:1 Mem:1395.15M (Peak 1872.12M) | Time:60:57:40.91 | Mem:158.75M, Peak:158.75M | Scene | Updating Images | Loading island_tree_01_leaves_rgba.png.002
Fra:1 Mem:1395.14M (Peak 1872.12M) | Time:60:57:40.91 | Mem:159.75M, Peak:159.75M | Scene | Updating Images | Loading island_tree_01_leaves_diff_1k.png.003
Fra:1 Mem:1395.14M (Peak 1872.12M) | Time:60:57:40.91 | Mem:159.75M, Peak:159.75M | Scene | Updating Images | Loading island_tree_01_leaves_alpha_1k.png.003
Fra:1 Mem:1393.38M (Peak 1872.12M) | Time:60:57:40.92 | Mem:160.00M, Peak:160.00M | Scene | Updating Images | Loading fern_02_rgba.png
Fra:1 Mem:1401.40M (Peak 1872.12M) | Time:60:57:40.92 | Mem:168.00M, Peak:168.00M | Scene | Updating Images | Loading island_tree_02_leaves_diff_1k.png.003
Fra:1 Mem:1401.40M (Peak 1872.12M) | Time:60:57:40.92 | Mem:173.00M, Peak:173.00M | Scene | Updating Images | Loading island_tree_02_leaves_alpha_1k.png.003
Fra:1 Mem:1400.39M (Peak 1872.12M) | Time:60:57:40.92 | Mem:173.00M, Peak:173.00M | Scene | Updating Images | Loading pine_sapling_small_twig_diff_1k.png.003
Fra:1 Mem:1400.39M (Peak 1872.12M) | Time:60:57:40.92 | Mem:174.00M, Peak:174.00M | Scene | Updating Images | Loading pine_sapling_small_twig_alpha_1k.png.003
Fra:1 Mem:1400.40M (Peak 1872.12M) | Time:60:57:40.92 | Mem:175.00M, Peak:175.00M | Scene | Updating Images | Loading island_tree_01_leaves_diff_1k.png.004
Fra:1 Mem:1400.39M (Peak 1872.12M) | Time:60:57:40.92 | Mem:176.00M, Peak:176.00M | Scene | Updating Images | Loading island_tree_01_leaves_alpha_1k.png.004
Fra:1 Mem:1401.39M (Peak 1872.12M) | Time:60:57:40.92 | Mem:178.00M, Peak:178.00M | Scene | Updating Images | Loading island_tree_02_leaves_diff_1k.png.004
Fra:1 Mem:1400.38M (Peak 1872.12M) | Time:60:57:40.92 | Mem:179.00M, Peak:179.00M | Scene | Updating Images | Loading island_tree_01_leaves_rgba.png.001
Fra:1 Mem:1400.38M (Peak 1872.12M) | Time:60:57:40.92 | Mem:180.00M, Peak:180.00M | Scene | Updating Images | Loading island_tree_02_leaves_alpha_1k.png.004
Fra:1 Mem:1402.64M (Peak 1872.12M) | Time:60:57:40.92 | Mem:180.25M, Peak:180.25M | Scene | Updating Images | Loading pine_sapling_small_twig_rgba.png
Fra:1 Mem:1405.89M (Peak 1872.12M) | Time:60:57:40.92 | Mem:181.25M, Peak:181.25M | Scene | Updating Images | Loading pine_sapling_small_twig_diff_1k.png.004
Fra:1 Mem:1408.89M (Peak 1872.12M) | Time:60:57:40.93 | Mem:182.25M, Peak:182.25M | Scene | Updating Images | Loading pine_sapling_small_twig_alpha_1k.png.004
Fra:1 Mem:1409.91M (Peak 1872.12M) | Time:60:57:40.93 | Mem:183.50M, Peak:183.50M | Scene | Updating Images | Loading island_tree_02_leaves_rgba.png
Fra:1 Mem:1409.91M (Peak 1872.12M) | Time:60:57:40.93 | Mem:184.50M, Peak:184.50M | Scene | Updating Images | Loading island_tree_01_leaves_diff_1k.png.005
Fra:1 Mem:1409.90M (Peak 1872.12M) | Time:60:57:40.93 | Mem:184.50M, Peak:184.50M | Scene | Updating Images | Loading island_tree_01_leaves_alpha_1k.png.005
Fra:1 Mem:1410.15M (Peak 1872.12M) | Time:60:57:40.93 | Mem:184.50M, Peak:184.50M | Scene | Updating Images | Loading island_tree_02_leaves_diff_1k.png.005
Fra:1 Mem:1409.14M (Peak 1872.12M) | Time:60:57:40.93 | Mem:185.50M, Peak:185.50M | Scene | Updating Images | Loading island_tree_02_leaves_alpha_1k.png.005
Fra:1 Mem:1409.14M (Peak 1872.12M) | Time:60:57:40.93 | Mem:186.50M, Peak:186.50M | Scene | Updating Images | Loading pine_sapling_small_twig_diff_1k.png.005
Fra:1 Mem:1410.14M (Peak 1872.12M) | Time:60:57:40.93 | Mem:186.50M, Peak:186.50M | Scene | Updating Images | Loading pine_sapling_small_twig_alpha_1k.png.005
Fra:1 Mem:1410.14M (Peak 1872.12M) | Time:60:57:40.93 | Mem:186.75M, Peak:186.75M | Scene | Updating Images | Loading island_tree_01_leaves_rgba.png
Fra:1 Mem:1410.14M (Peak 1872.12M) | Time:60:57:40.93 | Mem:187.75M, Peak:187.75M | Scene | Updating Images | Loading island_tree_01_leaves_diff_1k.png.006
Fra:1 Mem:1410.39M (Peak 1872.12M) | Time:60:57:40.93 | Mem:188.00M, Peak:188.00M | Scene | Updating Images | Loading fern_02_alpha_1k.png.001
Fra:1 Mem:1433.40M (Peak 1872.12M) | Time:60:57:40.93 | Mem:189.00M, Peak:189.00M | Scene | Updating Images | Loading island_tree_01_leaves_alpha_1k.png.006
Fra:1 Mem:1434.41M (Peak 1872.12M) | Time:60:57:40.93 | Mem:190.00M, Peak:190.00M | Scene | Updating Images | Loading island_tree_02_leaves_diff_1k.png.006
Fra:1 Mem:1433.39M (Peak 1872.12M) | Time:60:57:40.93 | Mem:192.00M, Peak:192.00M | Scene | Updating Images | Loading island_tree_02_leaves_alpha_1k.png.006
Fra:1 Mem:1433.39M (Peak 1872.12M) | Time:60:57:40.93 | Mem:194.00M, Peak:194.00M | Scene | Updating Images | Loading pine_sapling_small_twig_diff_1k.png.006
Fra:1 Mem:1433.39M (Peak 1872.12M) | Time:60:57:40.93 | Mem:194.00M, Peak:194.00M | Scene | Updating Images | Loading pine_sapling_small_twig_alpha_1k.png.006
Fra:1 Mem:1433.39M (Peak 1872.12M) | Time:60:57:40.93 | Mem:194.00M, Peak:194.00M | Scene | Updating Images | Loading island_tree_01_leaves_diff_1k.png.007
Fra:1 Mem:1433.39M (Peak 1872.12M) | Time:60:57:40.93 | Mem:195.00M, Peak:195.00M | Scene | Updating Images | Loading island_tree_01_leaves_alpha_1k.png.007
Fra:1 Mem:1435.39M (Peak 1872.12M) | Time:60:57:40.94 | Mem:197.00M, Peak:197.00M | Scene | Updating Images | Loading island_tree_02_leaves_diff_1k.png.007
Fra:1 Mem:1435.39M (Peak 1872.12M) | Time:60:57:40.94 | Mem:197.00M, Peak:197.00M | Scene | Updating Images | Loading island_tree_02_leaves_alpha_1k.png.007
Fra:1 Mem:1456.41M (Peak 1872.12M) | Time:60:57:40.94 | Mem:198.00M, Peak:198.00M | Scene | Updating Images | Loading pine_sapling_small_twig_diff_1k.png.007
Fra:1 Mem:1458.41M (Peak 1872.12M) | Time:60:57:40.94 | Mem:200.00M, Peak:200.00M | Scene | Updating Images | Loading pine_sapling_small_twig_alpha_1k.png.007
Fra:1 Mem:1458.41M (Peak 1872.12M) | Time:60:57:40.94 | Mem:200.00M, Peak:200.00M | Scene | Updating Images | Loading island_tree_01_leaves_diff_1k.png.008
Fra:1 Mem:1458.41M (Peak 1872.12M) | Time:60:57:40.94 | Mem:200.00M, Peak:200.00M | Scene | Updating Images | Loading island_tree_01_leaves_alpha_1k.png.008
Fra:1 Mem:1459.40M (Peak 1872.12M) | Time:60:57:40.94 | Mem:202.00M, Peak:202.00M | Scene | Updating Images | Loading island_tree_02_leaves_diff_1k.png.008
Fra:1 Mem:1459.40M (Peak 1872.12M) | Time:60:57:40.94 | Mem:203.00M, Peak:203.00M | Scene | Updating Images | Loading island_tree_02_leaves_alpha_1k.png.008
Fra:1 Mem:1459.40M (Peak 1872.12M) | Time:60:57:40.94 | Mem:205.00M, Peak:205.00M | Scene | Updating Images | Loading pine_sapling_small_twig_diff_1k.png.008
Fra:1 Mem:1459.39M (Peak 1872.12M) | Time:60:57:40.94 | Mem:206.00M, Peak:206.00M | Scene | Updating Images | Loading pine_sapling_small_twig_alpha_1k.png.008
Fra:1 Mem:1450.41M (Peak 1872.12M) | Time:60:57:40.94 | Mem:208.00M, Peak:208.00M | Scene | Updating Images | Loading fern_02_diff_1k.png.002
Fra:1 Mem:1449.40M (Peak 1872.12M) | Time:60:57:40.94 | Mem:209.00M, Peak:209.00M | Scene | Updating Images | Loading fern_02_rough
Fra:1 Mem:1453.40M (Peak 1872.12M) | Time:60:57:40.95 | Mem:210.00M, Peak:210.00M | Scene | Updating Images | Loading fern_02_nor_gl
Fra:1 Mem:1462.40M (Peak 1872.12M) | Time:60:57:40.95 | Mem:212.00M, Peak:212.00M | Scene | Updating Images | Loading island_tree_01_leaves_diff_1k.png.009
Fra:1 Mem:1463.40M (Peak 1872.12M) | Time:60:57:40.95 | Mem:212.00M, Peak:212.00M | Scene | Updating Images | Loading island_tree_01_leaves_alpha_1k.png.009
Fra:1 Mem:1463.40M (Peak 1872.12M) | Time:60:57:40.95 | Mem:213.00M, Peak:213.00M | Scene | Updating Images | Loading island_tree_02_leaves_diff_1k.png.009
Fra:1 Mem:1462.39M (Peak 1872.12M) | Time:60:57:40.95 | Mem:214.00M, Peak:214.00M | Scene | Updating Images | Loading island_tree_02_leaves_alpha_1k.png.009
Fra:1 Mem:1462.39M (Peak 1872.12M) | Time:60:57:40.95 | Mem:230.00M, Peak:230.00M | Scene | Updating Images | Loading fern_02_alpha_1k.png
Fra:1 Mem:1487.41M (Peak 1872.12M) | Time:60:57:40.95 | Mem:231.00M, Peak:231.00M | Scene | Updating Images | Loading pine_sapling_small_twig_diff_1k.png.009
Fra:1 Mem:1482.39M (Peak 1872.12M) | Time:60:57:40.95 | Mem:232.00M, Peak:232.00M | Scene | Updating Images | Loading pine_sapling_small_twig_alpha_1k.png.009
Fra:1 Mem:1482.39M (Peak 1872.12M) | Time:60:57:40.95 | Mem:236.00M, Peak:236.00M | Scene | Updating Images | Loading fern_02_diff_1k.png.003
Fra:1 Mem:1487.40M (Peak 1872.12M) | Time:60:57:40.95 | Mem:237.00M, Peak:237.00M | Scene | Updating Images | Loading island_tree_01_leaves_diff_1k.png.010
Fra:1 Mem:1487.40M (Peak 1872.12M) | Time:60:57:40.95 | Mem:238.00M, Peak:238.00M | Scene | Updating Images | Loading island_tree_01_leaves_alpha_1k.png.010
Fra:1 Mem:1484.39M (Peak 1872.12M) | Time:60:57:40.95 | Mem:242.00M, Peak:242.00M | Scene | Updating Images | Loading island_tree_02_leaves_diff_1k.png.010
Fra:1 Mem:1484.39M (Peak 1872.12M) | Time:60:57:40.95 | Mem:242.00M, Peak:242.00M | Scene | Updating Images | Loading island_tree_02_leaves_alpha_1k.png.010
Fra:1 Mem:1488.39M (Peak 1872.12M) | Time:60:57:40.95 | Mem:243.00M, Peak:243.00M | Scene | Updating Images | Loading pine_sapling_small_twig_diff_1k.png.010
Fra:1 Mem:1488.39M (Peak 1872.12M) | Time:60:57:40.95 | Mem:247.00M, Peak:247.00M | Scene | Updating Images | Loading pine_sapling_small_twig_alpha_1k.png.010
Fra:1 Mem:1493.40M (Peak 1872.12M) | Time:60:57:40.96 | Mem:248.00M, Peak:248.00M | Scene | Updating Images | Loading fern_02_diff_1k.png.004
Fra:1 Mem:1514.41M (Peak 1872.12M) | Time:60:57:40.96 | Mem:249.00M, Peak:249.00M | Scene | Updating Images | Loading island_tree_01_leaves_diff_1k.png.011
Fra:1 Mem:1514.41M (Peak 1872.12M) | Time:60:57:40.96 | Mem:250.00M, Peak:250.00M | Scene | Updating Images | Loading island_tree_01_leaves_alpha_1k.png.011
Fra:1 Mem:1514.40M (Peak 1872.12M) | Time:60:57:40.96 | Mem:251.00M, Peak:251.00M | Scene | Updating Images | Loading island_tree_02_leaves_diff_1k.png.011
Fra:1 Mem:1518.41M (Peak 1872.12M) | Time:60:57:40.96 | Mem:251.00M, Peak:251.00M | Scene | Updating Images | Loading island_tree_02_leaves_alpha_1k.png.011
Fra:1 Mem:1518.41M (Peak 1872.12M) | Time:60:57:40.96 | Mem:251.00M, Peak:251.00M | Scene | Updating Images | Loading pine_sapling_small_twig_diff_1k.png.011
Fra:1 Mem:1514.40M (Peak 1872.12M) | Time:60:57:40.96 | Mem:255.00M, Peak:255.00M | Scene | Updating Images | Loading pine_sapling_small_twig_alpha_1k.png.011
Fra:1 Mem:1521.42M (Peak 1872.12M) | Time:60:57:40.96 | Mem:256.00M, Peak:256.00M | Scene | Updating Images | Loading island_tree_01_leaves_diff_1k.png.012
Fra:1 Mem:1520.41M (Peak 1872.12M) | Time:60:57:40.96 | Mem:258.00M, Peak:258.00M | Scene | Updating Images | Loading island_tree_01_leaves_alpha_1k.png.012
Fra:1 Mem:1522.42M (Peak 1872.12M) | Time:60:57:40.96 | Mem:259.00M, Peak:259.00M | Scene | Updating Images | Loading fern_02_diff_1k.png.005
DETAIL CONTACT xiaoxiangguan bookcloth 1812 0.32
Fra:1 Mem:1194.43M (Peak 1872.12M) | Time:60:57:41.30 | Mem:0.00M, Peak:0.00M | Scene | Synchronizing object | xiaoxiangguan_plaster
Fra:1 Mem:1194.43M (Peak 1872.12M) | Time:60:57:41.30 | Mem:0.00M, Peak:0.00M | Scene | Synchronizing object | xiaoxiangguan_tile
Fra:1 Mem:1194.49M (Peak 1872.12M) | Time:60:57:41.30 | Mem:0.00M, Peak:0.00M | Scene | Synchronizing object | xiaoxiangguan_darkwood
Fra:1 Mem:1194.55M (Peak 1872.12M) | Time:60:57:41.30 | Mem:0.00M, Peak:0.00M | Scene | Synchronizing object | xiaoxiangguan_floorwood
Fra:1 Mem:1196.38M (Peak 1872.12M) | Time:60:57:41.30 | Mem:0.00M, Peak:0.00M | Scene | Synchronizing object | xiaoxiangguan_wood
Fra:1 Mem:1196.58M (Peak 1872.12M) | Time:60:57:41.30 | Mem:0.00M, Peak:0.00M | Scene | Synchronizing object | xiaoxiangguan_latticewood.001
Fra:1 Mem:1197.83M (Peak 1872.12M) | Time:60:57:41.30 | Mem:0.00M, Peak:0.00M | Scene | Synchronizing object | xiaoxiangguan_lantern
Fra:1 Mem:1197.98M (Peak 1872.12M) | Time:60:57:41.30 | Mem:0.00M, Peak:0.00M | Scene | Synchronizing object | xiaoxiangguan_tiledark.001
Fra:1 Mem:1198.29M (Peak 1872.12M) | Time:60:57:41.30 | Mem:0.00M, Peak:0.00M | Scene | Synchronizing object | xiaoxiangguan_silk
Fra:1 Mem:1199.59M (Peak 1872.12M) | Time:60:57:41.30 | Mem:0.00M, Peak:0.00M | Scene | Synchronizing object | xiaoxiangguan_bark
Fra:1 Mem:1199.69M (Peak 1872.12M) | Time:60:57:41.30 | Mem:0.00M, Peak:0.00M | Scene | Synchronizing object | xiaoxiangguan_creamflower
Fra:1 Mem:1200.32M (Peak 1872.12M) | Time:60:57:41.30 | Mem:0.00M, Peak:0.00M | Scene | Synchronizing object | xiaoxiangguan_leafdark
Fra:1 Mem:1200.76M (Peak 1872.12M) | Time:60:57:41.30 | Mem:0.00M, Peak:0.00M | Scene | Synchronizing object | xiaoxiangguan_bamboo
Fra:1 Mem:1204.02M (Peak 1872.12M) | Time:60:57:41.30 | Mem:0.00M, Peak:0.00M | Scene | Synchronizing object | xiaoxiangguan_gold
Fra:1 Mem:1203.95M (Peak 1872.12M) | Time:60:57:41.30 | Mem:0.00M, Peak:0.00M | Scene | Synchronizing object | xiaoxiangguan_lightleaf
Fra:1 Mem:1204.18M (Peak 1872.12M) | Time:60:57:41.30 | Mem:0.00M, Peak:0.00M | Scene | Synchronizing object | xiaoxiangguan_ceramic.001
Fra:1 Mem:1209.52M (Peak 1872.12M) | Time:60:57:41.30 | Mem:0.00M, Peak:0.00M | Scene | Synchronizing object | xiaoxiangguan_bookcover.001
Fra:1 Mem:1209.54M (Peak 1872.12M) | Time:60:57:41.30 | Mem:0.00M, Peak:0.00M | Scene | Synchronizing object | xiaoxiangguan_ink.001
Fra:1 Mem:1209.75M (Peak 1872.12M) | Time:60:57:41.30 | Mem:0.00M, Peak:0.00M | Scene | Synchronizing object | xiaoxiangguan_leaf
Fra:1 Mem:1213.36M (Peak 1872.12M) | Time:60:57:41.30 | Mem:0.00M, Peak:0.00M | Scene | Synchronizing object | xiaoxiangguan_bookcloth.001
Fra:1 Mem:1213.38M (Peak 1872.12M) | Time:60:57:41.30 | Mem:0.00M, Peak:0.00M | Scene | Synchronizing object | xiaoxiangguan_ivory.001
Fra:1 Mem:1213.49M (Peak 1872.12M) | Time:60:57:41.30 | Mem:0.00M, Peak:0.00M | Scene | Synchronizing object | xiaoxiangguan_water.001
Fra:1 Mem:1213.49M (Peak 1872.12M) | Time:60:57:41.30 | Mem:0.00M, Peak:0.00M | Scene | Synchronizing object | xiaoxiangguan_paper
Fra:1 Mem:1213.49M (Peak 1872.12M) | Time:60:57:41.30 | Mem:0.00M, Peak:0.00M | Scene | Synchronizing object | xiaoxiangguan_bankstone
Fra:1 Mem:1213.60M (Peak 1872.12M) | Time:60:57:41.30 | Mem:0.00M, Peak:0.00M | Scene | Synchronizing object | xiaoxiangguan_furniture
Fra:1 Mem:1220.40M (Peak 1872.12M) | Time:60:57:41.31 | Mem:0.00M, Peak:0.00M | Scene | Initializing
Fra:1 Mem:1220.39M (Peak 1872.12M) | Time:60:57:41.31 | Mem:0.00M, Peak:0.00M | Scene | Updating Images | Loading forest_grove.hdr
Fra:1 Mem:1220.39M (Peak 1872.12M) | Time:60:57:41.31 | Mem:0.00M, Peak:0.00M | Scene | Updating Images | Loading r12_stone_diff.001
Fra:1 Mem:1221.39M (Peak 1872.12M) | Time:60:57:41.31 | Mem:0.00M, Peak:0.00M | Scene | Updating Images | Loading r12_stone_nor_gl.001
Fra:1 Mem:1221.39M (Peak 1872.12M) | Time:60:57:41.31 | Mem:0.00M, Peak:0.00M | Scene | Updating Images | Loading r12_cutstone_nor_gl.001
Fra:1 Mem:1223.39M (Peak 1872.12M) | Time:60:57:41.31 | Mem:0.00M, Peak:0.00M | Scene | Updating Images | Loading r12_cutstone_rough.001
Fra:1 Mem:1223.39M (Peak 1872.12M) | Time:60:57:41.31 | Mem:0.00M, Peak:0.00M | Scene | Updating Images | Loading fern_02_rgba.png.003
Fra:1 Mem:1227.41M (Peak 1872.12M) | Time:60:57:41.31 | Mem:1.00M, Peak:1.00M | Scene | Updating Images | Loading r12_darkwood_diff.001
Fra:1 Mem:1228.41M (Peak 1872.12M) | Time:60:57:41.31 | Mem:2.00M, Peak:2.00M | Scene | Updating Images | Loading r12_darkwood_nor_gl.001
Fra:1 Mem:1229.41M (Peak 1872.12M) | Time:60:57:41.31 | Mem:3.00M, Peak:3.00M | Scene | Updating Images | Loading r12_darkwood_rough.001
Fra:1 Mem:1230.41M (Peak 1872.12M) | Time:60:57:41.31 | Mem:5.00M, Peak:5.00M | Scene | Updating Images | Loading r12_floorwood_diff.001
Fra:1 Mem:1231.41M (Peak 1872.12M) | Time:60:57:41.31 | Mem:5.00M, Peak:5.00M | Scene | Updating Images | Loading r12_floorwood_nor_gl.001
Fra:1 Mem:1240.41M (Peak 1872.12M) | Time:60:57:41.31 | Mem:6.00M, Peak:6.00M | Scene | Updating Images | Loading r12_floorwood_rough.001
Fra:1 Mem:1241.41M (Peak 1872.12M) | Time:60:57:41.31 | Mem:8.00M, Peak:8.00M | Scene | Updating Images | Loading r12_wood_diff.001
Fra:1 Mem:1242.41M (Peak 1872.12M) | Time:60:57:41.31 | Mem:8.00M, Peak:8.00M | Scene | Updating Images | Loading r12_wood_nor_gl.001
Fra:1 Mem:1243.42M (Peak 1872.12M) | Time:60:57:41.31 | Mem:9.00M, Peak:9.00M | Scene | Updating Images | Loading island_tree_01_leaves_rgba.png.007
Fra:1 Mem:1243.67M (Peak 1872.12M) | Time:60:57:41.31 | Mem:10.00M, Peak:10.00M | Scene | Updating Images | Loading r12_wood_rough.001
Fra:1 Mem:1244.67M (Peak 1872.12M) | Time:60:57:41.31 | Mem:11.00M, Peak:11.00M | Scene | Updating Images | Loading r12_furniture_diff.001
Fra:1 Mem:1245.67M (Peak 1872.12M) | Time:60:57:41.31 | Mem:12.00M, Peak:12.00M | Scene | Updating Images | Loading r12_furniture_nor_gl.001
Fra:1 Mem:1246.67M (Peak 1872.12M) | Time:60:57:41.31 | Mem:13.25M, Peak:13.25M | Scene | Updating Images | Loading pine_sapling_small_twig_rgba.png.003
Fra:1 Mem:1246.92M (Peak 1872.12M) | Time:60:57:41.31 | Mem:13.25M, Peak:13.25M | Scene | Updating Images | Loading r12_furniture_rough.001
Fra:1 Mem:1247.92M (Peak 1872.12M) | Time:60:57:41.31 | Mem:14.25M, Peak:14.25M | Scene | Updating Images | Loading r12_latticewood_diff.001
Fra:1 Mem:1248.92M (Peak 1872.12M) | Time:60:57:41.31 | Mem:15.25M, Peak:15.25M | Scene | Updating Images | Loading r12_latticewood_nor_gl.001
Fra:1 Mem:1249.92M (Peak 1872.12M) | Time:60:57:41.31 | Mem:16.25M, Peak:16.25M | Scene | Updating Images | Loading r12_latticewood_rough.001
Fra:1 Mem:1250.92M (Peak 1872.12M) | Time:60:57:41.31 | Mem:17.25M, Peak:17.25M | Scene | Updating Images | Loading r12_roof_diff.001
Fra:1 Mem:1250.92M (Peak 1872.12M) | Time:60:57:41.31 | Mem:17.50M, Peak:17.50M | Scene | Updating Images | Loading island_tree_02_leaves_rgba.png.003
Fra:1 Mem:1252.17M (Peak 1872.12M) | Time:60:57:41.31 | Mem:19.50M, Peak:19.50M | Scene | Updating Images | Loading r12_roof_nor_gl.001
Fra:1 Mem:1252.17M (Peak 1872.12M) | Time:60:57:41.31 | Mem:19.50M, Peak:19.50M | Scene | Updating Images | Loading r12_roof_rough.001
Fra:1 Mem:1254.17M (Peak 1872.12M) | Time:60:57:41.31 | Mem:20.50M, Peak:20.50M | Scene | Updating Images | Loading r12_tilelight_diff.001
Fra:1 Mem:1255.17M (Peak 1872.12M) | Time:60:57:41.31 | Mem:20.75M, Peak:20.75M | Scene | Updating Images | Loading island_tree_01_leaves_rgba.png.006
Fra:1 Mem:1255.42M (Peak 1872.12M) | Time:60:57:41.31 | Mem:21.75M, Peak:21.75M | Scene | Updating Images | Loading r12_tilelight_nor_gl.001
Fra:1 Mem:1256.42M (Peak 1872.12M) | Time:60:57:41.31 | Mem:22.75M, Peak:22.75M | Scene | Updating Images | Loading r12_tilelight_rough.001
Fra:1 Mem:1257.42M (Peak 1872.12M) | Time:60:57:41.31 | Mem:23.75M, Peak:23.75M | Scene | Updating Images | Loading r12_tile_diff.001
Fra:1 Mem:1258.42M (Peak 1872.12M) | Time:60:57:41.31 | Mem:24.00M, Peak:24.00M | Scene | Updating Images | Loading fern_02_rgba.png.002
Fra:1 Mem:1258.42M (Peak 1872.12M) | Time:60:57:41.31 | Mem:26.00M, Peak:26.00M | Scene | Updating Images | Loading r12_tile_nor_gl.001
Fra:1 Mem:1259.42M (Peak 1872.12M) | Time:60:57:41.31 | Mem:26.00M, Peak:26.00M | Scene | Updating Images | Loading r12_tile_rough.001
Fra:1 Mem:1260.42M (Peak 1872.12M) | Time:60:57:41.31 | Mem:27.00M, Peak:27.00M | Scene | Updating Images | Loading r12_tiledark_diff.001
Fra:1 Mem:1261.42M (Peak 1872.12M) | Time:60:57:41.31 | Mem:28.00M, Peak:28.00M | Scene | Updating Images | Loading r12_tiledark_nor_gl.001
Fra:1 Mem:1261.42M (Peak 1872.12M) | Time:60:57:41.31 | Mem:29.00M, Peak:29.00M | Scene | Updating Images | Loading r12_tiledark_rough.001
Fra:1 Mem:1263.42M (Peak 1872.12M) | Time:60:57:41.31 | Mem:30.00M, Peak:30.00M | Scene | Updating Images | Loading rock_moss_set_01_diff
Fra:1 Mem:1267.42M (Peak 1872.12M) | Time:60:57:41.31 | Mem:31.00M, Peak:31.00M | Scene | Updating Images | Loading rock_moss_set_01_nor_gl
Fra:1 Mem:1272.42M (Peak 1872.12M) | Time:60:57:41.31 | Mem:32.00M, Peak:32.00M | Scene | Updating Images | Loading r12_paving_diff.001
Fra:1 Mem:1273.42M (Peak 1872.12M) | Time:60:57:41.31 | Mem:33.00M, Peak:33.00M | Scene | Updating Images | Loading r12_paving_nor_gl.001
Fra:1 Mem:1274.42M (Peak 1872.12M) | Time:60:57:41.31 | Mem:34.00M, Peak:34.00M | Scene | Updating Images | Loading r12_paving_rough.001
Fra:1 Mem:1275.42M (Peak 1872.12M) | Time:60:57:41.31 | Mem:35.00M, Peak:35.00M | Scene | Updating Images | Loading r12_gardenstone_diff
Fra:1 Mem:1276.42M (Peak 1872.12M) | Time:60:57:41.31 | Mem:36.00M, Peak:36.00M | Scene | Updating Images | Loading r12_gardenstone_nor_gl
Fra:1 Mem:1277.42M (Peak 1872.12M) | Time:60:57:41.31 | Mem:37.00M, Peak:37.00M | Scene | Updating Images | Loading r12_gardenstone_rough
Fra:1 Mem:1278.42M (Peak 1872.12M) | Time:60:57:41.31 | Mem:38.00M, Peak:38.00M | Scene | Updating Images | Loading worn_mossy_plasterwall.jpg
Fra:1 Mem:1282.42M (Peak 1872.12M) | Time:60:57:41.31 | Mem:44.00M, Peak:44.00M | Scene | Updating Images | Loading r12_bankstone_diff.001
Fra:1 Mem:1282.42M (Peak 1872.12M) | Time:60:57:41.31 | Mem:44.00M, Peak:44.00M | Scene | Updating Images | Loading r12_bankstone_nor_gl.001
Fra:1 Mem:1282.42M (Peak 1872.12M) | Time:60:57:41.31 | Mem:48.00M, Peak:48.00M | Scene | Updating Images | Loading island_tree_01_diff
Fra:1 Mem:1286.42M (Peak 1872.12M) | Time:60:57:41.31 | Mem:49.00M, Peak:49.00M | Scene | Updating Images | Loading island_tree_01_rough
Fra:1 Mem:1293.43M (Peak 1872.12M) | Time:60:57:41.31 | Mem:53.00M, Peak:53.00M | Scene | Updating Images | Loading island_tree_01_nor_gl
Fra:1 Mem:1297.43M (Peak 1872.12M) | Time:60:57:41.32 | Mem:57.00M, Peak:57.00M | Scene | Updating Images | Loading island_tree_01_leaves_diff-island_tree_01_leaves_alpha
Fra:1 Mem:1301.43M (Peak 1872.12M) | Time:60:57:41.32 | Mem:61.00M, Peak:61.00M | Scene | Updating Images | Loading island_tree_01_leaves_rough
Fra:1 Mem:1306.44M (Peak 1872.12M) | Time:60:57:41.32 | Mem:62.00M, Peak:62.00M | Scene | Updating Images | Loading island_tree_01_leaves_nor_gl
Fra:1 Mem:1310.44M (Peak 1872.12M) | Time:60:57:41.32 | Mem:66.00M, Peak:66.00M | Scene | Updating Images | Loading island_tree_01_branches_diff
Fra:1 Mem:1313.43M (Peak 1872.12M) | Time:60:57:41.32 | Mem:67.00M, Peak:67.00M | Scene | Updating Images | Loading island_tree_01_leaves_rgba.png.005
Fra:1 Mem:1323.68M (Peak 1872.12M) | Time:60:57:41.32 | Mem:71.00M, Peak:71.00M | Scene | Updating Images | Loading island_tree_01_branches_rough
Fra:1 Mem:1327.68M (Peak 1872.12M) | Time:60:57:41.32 | Mem:75.00M, Peak:75.00M | Scene | Updating Images | Loading island_tree_01_branches_nor_gl
Fra:1 Mem:1331.68M (Peak 1872.12M) | Time:60:57:41.32 | Mem:75.25M, Peak:75.25M | Scene | Updating Images | Loading pine_sapling_small_twig_rgba.png.002
Fra:1 Mem:1331.68M (Peak 1872.12M) | Time:60:57:41.32 | Mem:79.25M, Peak:79.25M | Scene | Updating Images | Loading island_tree_01_leaves_diff_1k.png.001
Fra:1 Mem:1332.93M (Peak 1872.12M) | Time:60:57:41.32 | Mem:85.50M, Peak:85.50M | Scene | Updating Images | Loading island_tree_02_leaves_rgba.png.002
Fra:1 Mem:1332.93M (Peak 1872.12M) | Time:60:57:41.32 | Mem:85.50M, Peak:85.50M | Scene | Updating Images | Loading island_tree_01_leaves_alpha_1k.png.001
Fra:1 Mem:1332.93M (Peak 1872.12M) | Time:60:57:41.32 | Mem:85.50M, Peak:85.50M | Scene | Updating Images | Loading island_tree_02_diff
Fra:1 Mem:1341.19M (Peak 1872.12M) | Time:60:57:41.32 | Mem:85.50M, Peak:85.50M | Scene | Updating Images | Loading island_tree_02_rough
Fra:1 Mem:1346.19M (Peak 1872.12M) | Time:60:57:41.32 | Mem:86.50M, Peak:86.50M | Scene | Updating Images | Loading island_tree_02_nor_gl
Fra:1 Mem:1346.18M (Peak 1872.12M) | Time:60:57:41.32 | Mem:90.50M, Peak:90.50M | Scene | Updating Images | Loading island_tree_02_leaves_diff-island_tree_02_leaves_alpha
Fra:1 Mem:1346.18M (Peak 1872.12M) | Time:60:57:41.32 | Mem:90.50M, Peak:90.50M | Scene | Updating Images | Loading island_tree_02_leaves_rough
Fra:1 Mem:1354.19M (Peak 1872.12M) | Time:60:57:41.32 | Mem:94.50M, Peak:94.50M | Scene | Updating Images | Loading island_tree_02_leaves_nor_gl
Fra:1 Mem:1358.18M (Peak 1872.12M) | Time:60:57:41.32 | Mem:94.75M, Peak:94.75M | Scene | Updating Images | Loading island_tree_01_leaves_rgba.png.004
Fra:1 Mem:1358.43M (Peak 1872.12M) | Time:60:57:41.32 | Mem:98.75M, Peak:98.75M | Scene | Updating Images | Loading island_tree_02_leaves_diff_1k.png.001
Fra:1 Mem:1362.43M (Peak 1872.12M) | Time:60:57:41.33 | Mem:102.75M, Peak:102.75M | Scene | Updating Images | Loading island_tree_02_leaves_alpha_1k.png.001
Fra:1 Mem:1362.69M (Peak 1872.12M) | Time:60:57:41.33 | Mem:107.75M, Peak:107.75M | Scene | Updating Images | Loading island_tree_02_branches_diff
Fra:1 Mem:1366.43M (Peak 1872.12M) | Time:60:57:41.33 | Mem:112.00M, Peak:112.00M | Scene | Updating Images | Loading fern_02_rgba.png.001
Fra:1 Mem:1366.43M (Peak 1872.12M) | Time:60:57:41.33 | Mem:112.00M, Peak:112.00M | Scene | Updating Images | Loading island_tree_02_branches_rough
Fra:1 Mem:1372.44M (Peak 1872.12M) | Time:60:57:41.33 | Mem:116.00M, Peak:116.00M | Scene | Updating Images | Loading island_tree_02_branches_nor_gl
Fra:1 Mem:1377.44M (Peak 1872.12M) | Time:60:57:41.33 | Mem:120.00M, Peak:120.00M | Scene | Updating Images | Loading pine_sapling_small_bark_diff
Fra:1 Mem:1377.43M (Peak 1872.12M) | Time:60:57:41.33 | Mem:124.00M, Peak:124.00M | Scene | Updating Images | Loading pine_sapling_small_bark_rough
Fra:1 Mem:1381.43M (Peak 1872.12M) | Time:60:57:41.33 | Mem:128.00M, Peak:128.00M | Scene | Updating Images | Loading pine_sapling_small_bark_nor_gl
Fra:1 Mem:1385.43M (Peak 1872.12M) | Time:60:57:41.33 | Mem:129.00M, Peak:129.00M | Scene | Updating Images | Loading pine_sapling_small_twig_diff
Fra:1 Mem:1389.43M (Peak 1872.12M) | Time:60:57:41.33 | Mem:133.00M, Peak:133.00M | Scene | Updating Images | Loading pine_sapling_small_twig_rough
Fra:1 Mem:1393.43M (Peak 1872.12M) | Time:60:57:41.33 | Mem:137.00M, Peak:137.00M | Scene | Updating Images | Loading pine_sapling_small_twig_nor_gl
Fra:1 Mem:1398.44M (Peak 1872.12M) | Time:60:57:41.33 | Mem:141.00M, Peak:141.00M | Scene | Updating Images | Loading pine_sapling_small_twig_diff_1k.png.001
Fra:1 Mem:1398.44M (Peak 1872.12M) | Time:60:57:41.33 | Mem:142.00M, Peak:142.00M | Scene | Updating Images | Loading pine_sapling_small_twig_alpha_1k.png.001
Fra:1 Mem:1397.43M (Peak 1872.12M) | Time:60:57:41.33 | Mem:143.00M, Peak:143.00M | Scene | Updating Images | Loading island_tree_01_leaves_rgba.png.003
Fra:1 Mem:1397.43M (Peak 1872.12M) | Time:60:57:41.33 | Mem:147.00M, Peak:147.00M | Scene | Updating Images | Loading island_tree_01_leaves_diff_1k.png.002
Fra:1 Mem:1397.43M (Peak 1872.12M) | Time:60:57:41.33 | Mem:151.00M, Peak:151.00M | Scene | Updating Images | Loading island_tree_01_leaves_alpha_1k.png.002
Fra:1 Mem:1389.68M (Peak 1872.12M) | Time:60:57:41.33 | Mem:155.00M, Peak:155.00M | Scene | Updating Images | Loading island_tree_02_leaves_diff_1k.png.002
Fra:1 Mem:1390.68M (Peak 1872.12M) | Time:60:57:41.33 | Mem:155.25M, Peak:155.25M | Scene | Updating Images | Loading pine_sapling_small_twig_rgba.png.001
Fra:1 Mem:1400.20M (Peak 1872.12M) | Time:60:57:41.33 | Mem:156.25M, Peak:156.25M | Scene | Updating Images | Loading island_tree_02_leaves_alpha_1k.png.002
Fra:1 Mem:1400.94M (Peak 1872.12M) | Time:60:57:41.33 | Mem:156.50M, Peak:156.50M | Scene | Updating Images | Loading island_tree_02_leaves_rgba.png.001
Fra:1 Mem:1393.18M (Peak 1872.12M) | Time:60:57:41.34 | Mem:157.50M, Peak:157.50M | Scene | Updating Images | Loading pine_sapling_small_twig_diff_1k.png.002
Fra:1 Mem:1393.44M (Peak 1872.12M) | Time:60:57:41.34 | Mem:166.50M, Peak:166.50M | Scene | Updating Images | Loading pine_sapling_small_twig_alpha_1k.png.002
Fra:1 Mem:1393.18M (Peak 1872.12M) | Time:60:57:41.34 | Mem:166.75M, Peak:166.75M | Scene | Updating Images | Loading island_tree_01_leaves_rgba.png.002
Fra:1 Mem:1393.18M (Peak 1872.12M) | Time:60:57:41.34 | Mem:166.75M, Peak:166.75M | Scene | Updating Images | Loading island_tree_01_leaves_diff_1k.png.003
Fra:1 Mem:1393.17M (Peak 1872.12M) | Time:60:57:41.34 | Mem:167.75M, Peak:167.75M | Scene | Updating Images | Loading island_tree_01_leaves_alpha_1k.png.003
Fra:1 Mem:1393.17M (Peak 1872.12M) | Time:60:57:41.34 | Mem:168.75M, Peak:168.75M | Scene | Updating Images | Loading island_tree_02_leaves_diff_1k.png.003
Fra:1 Mem:1394.42M (Peak 1872.12M) | Time:60:57:41.34 | Mem:169.00M, Peak:169.00M | Scene | Updating Images | Loading fern_02_rgba.png
Fra:1 Mem:1395.42M (Peak 1872.12M) | Time:60:57:41.34 | Mem:170.00M, Peak:170.00M | Scene | Updating Images | Loading island_tree_02_leaves_alpha_1k.png.003
Fra:1 Mem:1399.43M (Peak 1872.12M) | Time:60:57:41.34 | Mem:174.00M, Peak:174.00M | Scene | Updating Images | Loading pine_sapling_small_twig_diff_1k.png.003
Fra:1 Mem:1401.43M (Peak 1872.12M) | Time:60:57:41.34 | Mem:175.00M, Peak:175.00M | Scene | Updating Images | Loading pine_sapling_small_twig_alpha_1k.png.003
Fra:1 Mem:1402.44M (Peak 1872.12M) | Time:60:57:41.34 | Mem:177.00M, Peak:177.00M | Scene | Updating Images | Loading island_tree_01_leaves_diff_1k.png.004
Fra:1 Mem:1402.43M (Peak 1872.12M) | Time:60:57:41.34 | Mem:178.00M, Peak:178.00M | Scene | Updating Images | Loading island_tree_01_leaves_rgba.png.001
Fra:1 Mem:1403.44M (Peak 1872.12M) | Time:60:57:41.34 | Mem:179.00M, Peak:179.00M | Scene | Updating Images | Loading island_tree_01_leaves_alpha_1k.png.004
Fra:1 Mem:1403.44M (Peak 1872.12M) | Time:60:57:41.34 | Mem:179.00M, Peak:179.00M | Scene | Updating Images | Loading island_tree_02_leaves_diff_1k.png.004
Fra:1 Mem:1403.44M (Peak 1872.12M) | Time:60:57:41.34 | Mem:179.00M, Peak:179.00M | Scene | Updating Images | Loading island_tree_02_leaves_alpha_1k.png.004
Fra:1 Mem:1402.68M (Peak 1872.12M) | Time:60:57:41.34 | Mem:180.00M, Peak:180.00M | Scene | Updating Images | Loading pine_sapling_small_twig_diff_1k.png.004
Fra:1 Mem:1403.68M (Peak 1872.12M) | Time:60:57:41.34 | Mem:180.25M, Peak:180.25M | Scene | Updating Images | Loading pine_sapling_small_twig_rgba.png
Fra:1 Mem:1403.68M (Peak 1872.12M) | Time:60:57:41.34 | Mem:181.25M, Peak:181.25M | Scene | Updating Images | Loading pine_sapling_small_twig_alpha_1k.png.004
Fra:1 Mem:1403.92M (Peak 1872.12M) | Time:60:57:41.35 | Mem:182.25M, Peak:182.25M | Scene | Updating Images | Loading island_tree_01_leaves_diff_1k.png.005
Fra:1 Mem:1404.93M (Peak 1872.12M) | Time:60:57:41.35 | Mem:182.50M, Peak:182.50M | Scene | Updating Images | Loading island_tree_02_leaves_rgba.png
Fra:1 Mem:1410.19M (Peak 1872.12M) | Time:60:57:41.35 | Mem:183.50M, Peak:183.50M | Scene | Updating Images | Loading island_tree_01_leaves_alpha_1k.png.005
Fra:1 Mem:1410.19M (Peak 1872.12M) | Time:60:57:41.35 | Mem:183.75M, Peak:183.75M | Scene | Updating Images | Loading island_tree_01_leaves_rgba.png
Fra:1 Mem:1411.43M (Peak 1872.12M) | Time:60:57:41.35 | Mem:184.75M, Peak:184.75M | Scene | Updating Images | Loading island_tree_02_leaves_diff_1k.png.005
Fra:1 Mem:1411.43M (Peak 1872.12M) | Time:60:57:41.35 | Mem:187.75M, Peak:187.75M | Scene | Updating Images | Loading island_tree_02_leaves_alpha_1k.png.005
Fra:1 Mem:1411.43M (Peak 1872.12M) | Time:60:57:41.35 | Mem:187.75M, Peak:187.75M | Scene | Updating Images | Loading pine_sapling_small_twig_diff_1k.png.005
Fra:1 Mem:1412.69M (Peak 1872.12M) | Time:60:57:41.35 | Mem:188.75M, Peak:188.75M | Scene | Updating Images | Loading pine_sapling_small_twig_alpha_1k.png.005
Fra:1 Mem:1412.69M (Peak 1872.12M) | Time:60:57:41.35 | Mem:189.75M, Peak:189.75M | Scene | Updating Images | Loading island_tree_01_leaves_diff_1k.png.006
Fra:1 Mem:1412.43M (Peak 1872.12M) | Time:60:57:41.35 | Mem:190.00M, Peak:190.00M | Scene | Updating Images | Loading fern_02_alpha_1k.png.001
Fra:1 Mem:1413.43M (Peak 1872.12M) | Time:60:57:41.35 | Mem:191.00M, Peak:191.00M | Scene | Updating Images | Loading island_tree_01_leaves_alpha_1k.png.006
Fra:1 Mem:1412.42M (Peak 1872.12M) | Time:60:57:41.35 | Mem:192.00M, Peak:192.00M | Scene | Updating Images | Loading island_tree_02_leaves_diff_1k.png.006
Fra:1 Mem:1430.43M (Peak 1872.12M) | Time:60:57:41.35 | Mem:193.00M, Peak:193.00M | Scene | Updating Images | Loading island_tree_02_leaves_alpha_1k.png.006
Fra:1 Mem:1435.43M (Peak 1872.12M) | Time:60:57:41.35 | Mem:194.00M, Peak:194.00M | Scene | Updating Images | Loading pine_sapling_small_twig_diff_1k.png.006
Fra:1 Mem:1435.43M (Peak 1872.12M) | Time:60:57:41.35 | Mem:195.00M, Peak:195.00M | Scene | Updating Images | Loading pine_sapling_small_twig_alpha_1k.png.006
Fra:1 Mem:1437.44M (Peak 1872.12M) | Time:60:57:41.36 | Mem:196.00M, Peak:196.00M | Scene | Updating Images | Loading island_tree_01_leaves_diff_1k.png.007
Fra:1 Mem:1436.43M (Peak 1872.12M) | Time:60:57:41.36 | Mem:196.00M, Peak:196.00M | Scene | Updating Images | Loading island_tree_01_leaves_alpha_1k.png.007
Fra:1 Mem:1436.43M (Peak 1872.12M) | Time:60:57:41.36 | Mem:197.00M, Peak:197.00M | Scene | Updating Images | Loading island_tree_02_leaves_diff_1k.png.007
Fra:1 Mem:1436.43M (Peak 1872.12M) | Time:60:57:41.36 | Mem:197.00M, Peak:197.00M | Scene | Updating Images | Loading island_tree_02_leaves_alpha_1k.png.007
Fra:1 Mem:1436.43M (Peak 1872.12M) | Time:60:57:41.36 | Mem:198.00M, Peak:198.00M | Scene | Updating Images | Loading pine_sapling_small_twig_diff_1k.png.007
Fra:1 Mem:1439.43M (Peak 1872.12M) | Time:60:57:41.36 | Mem:199.00M, Peak:199.00M | Scene | Updating Images | Loading pine_sapling_small_twig_alpha_1k.png.007
Fra:1 Mem:1458.45M (Peak 1872.12M) | Time:60:57:41.36 | Mem:200.00M, Peak:200.00M | Scene | Updating Images | Loading island_tree_01_leaves_diff_1k.png.008
Fra:1 Mem:1461.45M (Peak 1872.12M) | Time:60:57:41.36 | Mem:202.00M, Peak:202.00M | Scene | Updating Images | Loading island_tree_01_leaves_alpha_1k.png.008
Fra:1 Mem:1460.44M (Peak 1872.12M) | Time:60:57:41.36 | Mem:203.00M, Peak:203.00M | Scene | Updating Images | Loading island_tree_02_leaves_diff_1k.png.008
Fra:1 Mem:1461.45M (Peak 1872.12M) | Time:60:57:41.36 | Mem:203.00M, Peak:203.00M | Scene | Updating Images | Loading island_tree_02_leaves_alpha_1k.png.008
Fra:1 Mem:1461.44M (Peak 1872.12M) | Time:60:57:41.36 | Mem:203.00M, Peak:203.00M | Scene | Updating Images | Loading pine_sapling_small_twig_diff_1k.png.008
Fra:1 Mem:1462.45M (Peak 1872.12M) | Time:60:57:41.36 | Mem:204.00M, Peak:204.00M | Scene | Updating Images | Loading pine_sapling_small_twig_alpha_1k.png.008
Fra:1 Mem:1461.44M (Peak 1872.12M) | Time:60:57:41.36 | Mem:205.00M, Peak:205.00M | Scene | Updating Images | Loading fern_02_diff_1k.png.002
Fra:1 Mem:1462.44M (Peak 1872.12M) | Time:60:57:41.36 | Mem:206.00M, Peak:206.00M | Scene | Updating Images | Loading fern_02_rough
Fra:1 Mem:1466.44M (Peak 1872.12M) | Time:60:57:41.36 | Mem:207.00M, Peak:207.00M | Scene | Updating Images | Loading fern_02_nor_gl
Fra:1 Mem:1462.44M (Peak 1872.12M) | Time:60:57:41.37 | Mem:209.00M, Peak:209.00M | Scene | Updating Images | Loading island_tree_01_leaves_diff_1k.png.009
Fra:1 Mem:1462.44M (Peak 1872.12M) | Time:60:57:41.37 | Mem:209.00M, Peak:209.00M | Scene | Updating Images | Loading island_tree_01_leaves_alpha_1k.png.009
Fra:1 Mem:1462.44M (Peak 1872.12M) | Time:60:57:41.37 | Mem:209.00M, Peak:209.00M | Scene | Updating Images | Loading island_tree_02_leaves_diff_1k.png.009
Fra:1 Mem:1463.43M (Peak 1872.12M) | Time:60:57:41.37 | Mem:212.00M, Peak:212.00M | Scene | Updating Images | Loading island_tree_02_leaves_alpha_1k.png.009
Fra:1 Mem:1464.44M (Peak 1872.12M) | Time:60:57:41.37 | Mem:212.00M, Peak:212.00M | Scene | Updating Images | Loading pine_sapling_small_twig_diff_1k.png.009
Fra:1 Mem:1465.44M (Peak 1872.12M) | Time:60:57:41.37 | Mem:228.00M, Peak:228.00M | Scene | Updating Images | Loading fern_02_alpha_1k.png
Fra:1 Mem:1483.44M (Peak 1872.12M) | Time:60:57:41.37 | Mem:230.00M, Peak:230.00M | Scene | Updating Images | Loading pine_sapling_small_twig_alpha_1k.png.009
Fra:1 Mem:1487.44M (Peak 1872.12M) | Time:60:57:41.37 | Mem:232.00M, Peak:232.00M | Scene | Updating Images | Loading fern_02_diff_1k.png.003
Fra:1 Mem:1487.44M (Peak 1872.12M) | Time:60:57:41.37 | Mem:233.00M, Peak:233.00M | Scene | Updating Images | Loading island_tree_01_leaves_diff_1k.png.010
Fra:1 Mem:1487.44M (Peak 1872.12M) | Time:60:57:41.37 | Mem:238.00M, Peak:238.00M | Scene | Updating Images | Loading island_tree_01_leaves_alpha_1k.png.010
Fra:1 Mem:1487.44M (Peak 1872.12M) | Time:60:57:41.37 | Mem:238.00M, Peak:238.00M | Scene | Updating Images | Loading island_tree_02_leaves_diff_1k.png.010
Fra:1 Mem:1483.43M (Peak 1872.12M) | Time:60:57:41.37 | Mem:242.00M, Peak:242.00M | Scene | Updating Images | Loading island_tree_02_leaves_alpha_1k.png.010
Fra:1 Mem:1483.43M (Peak 1872.12M) | Time:60:57:41.37 | Mem:246.00M, Peak:246.00M | Scene | Updating Images | Loading pine_sapling_small_twig_diff_1k.png.010
Fra:1 Mem:1488.43M (Peak 1872.12M) | Time:60:57:41.38 | Mem:247.00M, Peak:247.00M | Scene | Updating Images | Loading pine_sapling_small_twig_alpha_1k.png.010
Fra:1 Mem:1494.44M (Peak 1872.12M) | Time:60:57:41.38 | Mem:250.00M, Peak:250.00M | Scene | Updating Images | Loading fern_02_diff_1k.png.004
Fra:1 Mem:1495.44M (Peak 1872.12M) | Time:60:57:41.38 | Mem:250.00M, Peak:250.00M | Scene | Updating Images | Loading island_tree_01_leaves_diff_1k.png.011
Fra:1 Mem:1495.44M (Peak 1872.12M) | Time:60:57:41.38 | Mem:250.00M, Peak:250.00M | Scene | Updating Images | Loading island_tree_01_leaves_alpha_1k.png.011
Fra:1 Mem:1494.43M (Peak 1872.12M) | Time:60:57:41.38 | Mem:252.00M, Peak:252.00M | Scene | Updating Images | Loading island_tree_02_leaves_diff_1k.png.011
Fra:1 Mem:1494.43M (Peak 1872.12M) | Time:60:57:41.38 | Mem:252.00M, Peak:252.00M | Scene | Updating Images | Loading island_tree_02_leaves_alpha_1k.png.011
Fra:1 Mem:1510.44M (Peak 1872.12M) | Time:60:57:41.38 | Mem:253.00M, Peak:253.00M | Scene | Updating Images | Loading pine_sapling_small_twig_diff_1k.png.011
Fra:1 Mem:1519.45M (Peak 1872.12M) | Time:60:57:41.38 | Mem:254.00M, Peak:254.00M | Scene | Updating Images | Loading pine_sapling_small_twig_alpha_1k.png.011
Fra:1 Mem:1519.44M (Peak 1872.12M) | Time:60:57:41.39 | Mem:255.00M, Peak:255.00M | Scene | Updating Images | Loading island_tree_01_leaves_diff_1k.png.012
Fra:1 Mem:1519.44M (Peak 1872.12M) | Time:60:57:41.39 | Mem:259.00M, Peak:259.00M | Scene | Updating Images | Loading island_tree_01_leaves_alpha_1k.png.012
Fra:1 Mem:1504.44M (Peak 1872.12M) | Time:60:57:41.39 | Mem:259.00M, Peak:259.00M | Scene | Updating Images | Loading fern_02_diff_1k.png.005
DETAIL CONTACT xiaoxiangguan furniture 2392 0.32
Fra:1 Mem:1194.40M (Peak 1872.12M) | Time:60:57:41.73 | Mem:0.00M, Peak:0.00M | Scene | Synchronizing object | xiaoxiangguan_roof
Fra:1 Mem:1194.42M (Peak 1872.12M) | Time:60:57:41.73 | Mem:0.00M, Peak:0.00M | Scene | Synchronizing object | xiaoxiangguan_darkwood
Fra:1 Mem:1194.43M (Peak 1872.12M) | Time:60:57:41.73 | Mem:0.00M, Peak:0.00M | Scene | Synchronizing object | xiaoxiangguan_wood
Fra:1 Mem:1196.06M (Peak 1872.12M) | Time:60:57:41.73 | Mem:0.00M, Peak:0.00M | Scene | Synchronizing object | xiaoxiangguan_lantern
Fra:1 Mem:1196.77M (Peak 1872.12M) | Time:60:57:41.73 | Mem:0.00M, Peak:0.00M | Scene | Synchronizing object | xiaoxiangguan_silk
Fra:1 Mem:1196.88M (Peak 1872.12M) | Time:60:57:41.73 | Mem:0.00M, Peak:0.00M | Scene | Synchronizing object | xiaoxiangguan_gold
Fra:1 Mem:1196.96M (Peak 1872.12M) | Time:60:57:41.73 | Mem:0.00M, Peak:0.00M | Scene | Synchronizing object | xiaoxiangguan_latticewood.001
Fra:1 Mem:1197.17M (Peak 1872.12M) | Time:60:57:41.73 | Mem:0.00M, Peak:0.00M | Scene | Synchronizing object | xiaoxiangguan_ceramic.001
Fra:1 Mem:1197.13M (Peak 1872.12M) | Time:60:57:41.73 | Mem:0.00M, Peak:0.00M | Scene | Synchronizing object | xiaoxiangguan_tilelight.001
Fra:1 Mem:1197.35M (Peak 1872.12M) | Time:60:57:41.73 | Mem:0.00M, Peak:0.00M | Scene | Synchronizing object | xiaoxiangguan_bark
Fra:1 Mem:1198.17M (Peak 1872.12M) | Time:60:57:41.73 | Mem:0.00M, Peak:0.00M | Scene | Synchronizing object | xiaoxiangguan_creamflower
Fra:1 Mem:1198.72M (Peak 1872.12M) | Time:60:57:41.73 | Mem:0.00M, Peak:0.00M | Scene | Synchronizing object | xiaoxiangguan_leafdark
Fra:1 Mem:1198.72M (Peak 1872.12M) | Time:60:57:41.73 | Mem:0.00M, Peak:0.00M | Scene | Synchronizing object | xiaoxiangguan_ink.001
Fra:1 Mem:1198.96M (Peak 1872.12M) | Time:60:57:41.73 | Mem:0.00M, Peak:0.00M | Scene | Synchronizing object | xiaoxiangguan_lightleaf
Fra:1 Mem:1201.62M (Peak 1872.12M) | Time:60:57:41.73 | Mem:0.00M, Peak:0.00M | Scene | Synchronizing object | xiaoxiangguan_ivory.001
Fra:1 Mem:1207.16M (Peak 1872.12M) | Time:60:57:41.73 | Mem:0.00M, Peak:0.00M | Scene | Synchronizing object | xiaoxiangguan_paper
Fra:1 Mem:1208.17M (Peak 1872.12M) | Time:60:57:41.73 | Mem:0.00M, Peak:0.00M | Scene | Synchronizing object | xiaoxiangguan_furniture
Fra:1 Mem:1208.74M (Peak 1872.12M) | Time:60:57:41.73 | Mem:0.00M, Peak:0.00M | Scene | Synchronizing object | xiaoxiangguan_bankstone
Fra:1 Mem:1209.94M (Peak 1872.12M) | Time:60:57:41.73 | Mem:0.00M, Peak:0.00M | Scene | Synchronizing object | xiaoxiangguan_water.001
Fra:1 Mem:1209.94M (Peak 1872.12M) | Time:60:57:41.73 | Mem:0.00M, Peak:0.00M | Scene | Synchronizing object | xiaoxiangguan_bookcloth.001
Fra:1 Mem:1209.98M (Peak 1872.12M) | Time:60:57:41.73 | Mem:0.00M, Peak:0.00M | Scene | Synchronizing object | xiaoxiangguan_leaf
Fra:1 Mem:1220.37M (Peak 1872.12M) | Time:60:57:41.73 | Mem:0.00M, Peak:0.00M | Scene | Initializing
Fra:1 Mem:1220.37M (Peak 1872.12M) | Time:60:57:41.73 | Mem:0.00M, Peak:0.00M | Scene | Updating Images | Loading fern_02_rgba.png.003
Fra:1 Mem:1220.37M (Peak 1872.12M) | Time:60:57:41.73 | Mem:0.00M, Peak:0.00M | Scene | Updating Images | Loading forest_grove.hdr
Fra:1 Mem:1220.37M (Peak 1872.12M) | Time:60:57:41.73 | Mem:0.00M, Peak:0.00M | Scene | Updating Images | Loading r12_stone_diff.001
Fra:1 Mem:1220.37M (Peak 1872.12M) | Time:60:57:41.73 | Mem:0.00M, Peak:0.00M | Scene | Updating Images | Loading r12_cutstone_diff.001
Fra:1 Mem:1221.37M (Peak 1872.12M) | Time:60:57:41.73 | Mem:0.00M, Peak:0.00M | Scene | Updating Images | Loading r12_cutstone_nor_gl.001
Fra:1 Mem:1224.37M (Peak 1872.12M) | Time:60:57:41.73 | Mem:0.00M, Peak:0.00M | Scene | Updating Images | Loading r12_cutstone_rough.001
Fra:1 Mem:1227.38M (Peak 1872.12M) | Time:60:57:41.73 | Mem:1.00M, Peak:1.00M | Scene | Updating Images | Loading r12_darkwood_diff.001
Fra:1 Mem:1228.38M (Peak 1872.12M) | Time:60:57:41.73 | Mem:2.00M, Peak:2.00M | Scene | Updating Images | Loading r12_darkwood_nor_gl.001
Fra:1 Mem:1229.38M (Peak 1872.12M) | Time:60:57:41.73 | Mem:3.00M, Peak:3.00M | Scene | Updating Images | Loading r12_darkwood_rough.001
Fra:1 Mem:1230.38M (Peak 1872.12M) | Time:60:57:41.73 | Mem:5.00M, Peak:5.00M | Scene | Updating Images | Loading r12_floorwood_diff.001
Fra:1 Mem:1231.38M (Peak 1872.12M) | Time:60:57:41.73 | Mem:5.00M, Peak:5.00M | Scene | Updating Images | Loading r12_floorwood_nor_gl.001
Fra:1 Mem:1232.38M (Peak 1872.12M) | Time:60:57:41.73 | Mem:6.00M, Peak:6.00M | Scene | Updating Images | Loading r12_floorwood_rough.001
Fra:1 Mem:1233.38M (Peak 1872.12M) | Time:60:57:41.73 | Mem:7.00M, Peak:7.00M | Scene | Updating Images | Loading r12_wood_diff.001
Fra:1 Mem:1234.38M (Peak 1872.12M) | Time:60:57:41.74 | Mem:9.00M, Peak:9.00M | Scene | Updating Images | Loading r12_wood_nor_gl.001
Fra:1 Mem:1242.38M (Peak 1872.12M) | Time:60:57:41.74 | Mem:10.00M, Peak:10.00M | Scene | Updating Images | Loading r12_wood_rough.001
Fra:1 Mem:1244.38M (Peak 1872.12M) | Time:60:57:41.74 | Mem:11.00M, Peak:11.00M | Scene | Updating Images | Loading r12_furniture_diff.001
Fra:1 Mem:1245.38M (Peak 1872.12M) | Time:60:57:41.74 | Mem:11.00M, Peak:11.00M | Scene | Updating Images | Loading r12_furniture_nor_gl.001
Fra:1 Mem:1246.40M (Peak 1872.12M) | Time:60:57:41.74 | Mem:12.00M, Peak:12.00M | Scene | Updating Images | Loading island_tree_01_leaves_rgba.png.007
Fra:1 Mem:1246.40M (Peak 1872.12M) | Time:60:57:41.74 | Mem:13.00M, Peak:13.00M | Scene | Updating Images | Loading r12_furniture_rough.001
Fra:1 Mem:1247.65M (Peak 1872.12M) | Time:60:57:41.74 | Mem:14.00M, Peak:14.00M | Scene | Updating Images | Loading r12_latticewood_diff.001
Fra:1 Mem:1248.65M (Peak 1872.12M) | Time:60:57:41.74 | Mem:15.00M, Peak:15.00M | Scene | Updating Images | Loading r12_latticewood_nor_gl.001
Fra:1 Mem:1249.65M (Peak 1872.12M) | Time:60:57:41.74 | Mem:16.00M, Peak:16.00M | Scene | Updating Images | Loading r12_latticewood_rough.001
Fra:1 Mem:1249.65M (Peak 1872.12M) | Time:60:57:41.74 | Mem:16.25M, Peak:16.25M | Scene | Updating Images | Loading pine_sapling_small_twig_rgba.png.003
Fra:1 Mem:1250.90M (Peak 1872.12M) | Time:60:57:41.74 | Mem:17.25M, Peak:17.25M | Scene | Updating Images | Loading r12_roof_diff.001
Fra:1 Mem:1251.90M (Peak 1872.12M) | Time:60:57:41.74 | Mem:18.25M, Peak:18.25M | Scene | Updating Images | Loading r12_roof_nor_gl.001
Fra:1 Mem:1252.90M (Peak 1872.12M) | Time:60:57:41.74 | Mem:19.50M, Peak:19.50M | Scene | Updating Images | Loading island_tree_02_leaves_rgba.png.003
Fra:1 Mem:1253.15M (Peak 1872.12M) | Time:60:57:41.74 | Mem:20.50M, Peak:20.50M | Scene | Updating Images | Loading r12_roof_rough.001
Fra:1 Mem:1254.15M (Peak 1872.12M) | Time:60:57:41.74 | Mem:20.50M, Peak:20.50M | Scene | Updating Images | Loading r12_tilelight_diff.001
Fra:1 Mem:1255.15M (Peak 1872.12M) | Time:60:57:41.74 | Mem:21.50M, Peak:21.50M | Scene | Updating Images | Loading r12_tilelight_nor_gl.001
Fra:1 Mem:1256.15M (Peak 1872.12M) | Time:60:57:41.74 | Mem:22.50M, Peak:22.50M | Scene | Updating Images | Loading r12_tilelight_rough.001
Fra:1 Mem:1257.15M (Peak 1872.12M) | Time:60:57:41.74 | Mem:23.50M, Peak:23.50M | Scene | Updating Images | Loading r12_tile_diff.001
Fra:1 Mem:1258.15M (Peak 1872.12M) | Time:60:57:41.74 | Mem:23.75M, Peak:23.75M | Scene | Updating Images | Loading island_tree_01_leaves_rgba.png.006
Fra:1 Mem:1258.40M (Peak 1872.12M) | Time:60:57:41.74 | Mem:24.75M, Peak:24.75M | Scene | Updating Images | Loading r12_tile_nor_gl.001
Fra:1 Mem:1259.40M (Peak 1872.12M) | Time:60:57:41.74 | Mem:25.75M, Peak:25.75M | Scene | Updating Images | Loading r12_tile_rough.001
Fra:1 Mem:1260.40M (Peak 1872.12M) | Time:60:57:41.74 | Mem:26.75M, Peak:26.75M | Scene | Updating Images | Loading r12_tiledark_diff.001
Fra:1 Mem:1261.40M (Peak 1872.12M) | Time:60:57:41.74 | Mem:27.00M, Peak:27.00M | Scene | Updating Images | Loading fern_02_rgba.png.002
Fra:1 Mem:1261.40M (Peak 1872.12M) | Time:60:57:41.74 | Mem:28.00M, Peak:28.00M | Scene | Updating Images | Loading r12_tiledark_nor_gl.001
Fra:1 Mem:1262.40M (Peak 1872.12M) | Time:60:57:41.74 | Mem:29.00M, Peak:29.00M | Scene | Updating Images | Loading r12_tiledark_rough.001
Fra:1 Mem:1263.40M (Peak 1872.12M) | Time:60:57:41.74 | Mem:30.00M, Peak:30.00M | Scene | Updating Images | Loading rock_moss_set_01_diff
Fra:1 Mem:1267.40M (Peak 1872.12M) | Time:60:57:41.74 | Mem:31.00M, Peak:31.00M | Scene | Updating Images | Loading rock_moss_set_01_nor_gl
Fra:1 Mem:1271.40M (Peak 1872.12M) | Time:60:57:41.74 | Mem:32.00M, Peak:32.00M | Scene | Updating Images | Loading r12_paving_diff.001
Fra:1 Mem:1272.40M (Peak 1872.12M) | Time:60:57:41.74 | Mem:33.00M, Peak:33.00M | Scene | Updating Images | Loading r12_paving_nor_gl.001
Fra:1 Mem:1273.40M (Peak 1872.12M) | Time:60:57:41.74 | Mem:34.00M, Peak:34.00M | Scene | Updating Images | Loading r12_paving_rough.001
Fra:1 Mem:1275.40M (Peak 1872.12M) | Time:60:57:41.74 | Mem:35.00M, Peak:35.00M | Scene | Updating Images | Loading r12_gardenstone_diff
Fra:1 Mem:1275.40M (Peak 1872.12M) | Time:60:57:41.74 | Mem:37.00M, Peak:37.00M | Scene | Updating Images | Loading r12_gardenstone_nor_gl
Fra:1 Mem:1278.40M (Peak 1872.12M) | Time:60:57:41.74 | Mem:38.00M, Peak:38.00M | Scene | Updating Images | Loading worn_mossy_plasterwall.jpg
Fra:1 Mem:1282.40M (Peak 1872.12M) | Time:60:57:41.74 | Mem:39.00M, Peak:39.00M | Scene | Updating Images | Loading r12_bankstone_diff.001
Fra:1 Mem:1283.40M (Peak 1872.12M) | Time:60:57:41.74 | Mem:40.00M, Peak:40.00M | Scene | Updating Images | Loading r12_bankstone_nor_gl.001
Fra:1 Mem:1283.40M (Peak 1872.12M) | Time:60:57:41.74 | Mem:41.00M, Peak:41.00M | Scene | Updating Images | Loading r12_bankstone_rough.001
Fra:1 Mem:1284.40M (Peak 1872.12M) | Time:60:57:41.74 | Mem:45.00M, Peak:45.00M | Scene | Updating Images | Loading island_tree_01_diff
Fra:1 Mem:1289.40M (Peak 1872.12M) | Time:60:57:41.74 | Mem:49.00M, Peak:49.00M | Scene | Updating Images | Loading island_tree_01_rough
Fra:1 Mem:1293.40M (Peak 1872.12M) | Time:60:57:41.74 | Mem:57.00M, Peak:57.00M | Scene | Updating Images | Loading island_tree_01_nor_gl
Fra:1 Mem:1297.40M (Peak 1872.12M) | Time:60:57:41.74 | Mem:57.00M, Peak:57.00M | Scene | Updating Images | Loading island_tree_01_leaves_diff-island_tree_01_leaves_alpha
Fra:1 Mem:1301.40M (Peak 1872.12M) | Time:60:57:41.74 | Mem:58.00M, Peak:58.00M | Scene | Updating Images | Loading island_tree_01_leaves_rough
Fra:1 Mem:1315.40M (Peak 1872.12M) | Time:60:57:41.74 | Mem:62.00M, Peak:62.00M | Scene | Updating Images | Loading island_tree_01_leaves_nor_gl
Fra:1 Mem:1320.41M (Peak 1872.12M) | Time:60:57:41.74 | Mem:66.00M, Peak:66.00M | Scene | Updating Images | Loading island_tree_01_branches_diff
Fra:1 Mem:1323.40M (Peak 1872.12M) | Time:60:57:41.74 | Mem:67.00M, Peak:67.00M | Scene | Updating Images | Loading island_tree_01_leaves_rgba.png.005
Fra:1 Mem:1324.41M (Peak 1872.12M) | Time:60:57:41.74 | Mem:75.00M, Peak:75.00M | Scene | Updating Images | Loading island_tree_01_branches_rough
Fra:1 Mem:1327.65M (Peak 1872.12M) | Time:60:57:41.75 | Mem:80.00M, Peak:80.00M | Scene | Updating Images | Loading island_tree_01_branches_nor_gl
Fra:1 Mem:1331.65M (Peak 1872.12M) | Time:60:57:41.75 | Mem:81.00M, Peak:81.00M | Scene | Updating Images | Loading island_tree_01_leaves_diff_1k.png.001
Fra:1 Mem:1331.65M (Peak 1872.12M) | Time:60:57:41.75 | Mem:81.00M, Peak:81.00M | Scene | Updating Images | Loading island_tree_01_leaves_alpha_1k.png.001
Fra:1 Mem:1331.65M (Peak 1872.12M) | Time:60:57:41.75 | Mem:81.00M, Peak:81.00M | Scene | Updating Images | Loading island_tree_02_diff
Fra:1 Mem:1335.65M (Peak 1872.12M) | Time:60:57:41.75 | Mem:81.25M, Peak:81.25M | Scene | Updating Images | Loading pine_sapling_small_twig_rgba.png.002
Fra:1 Mem:1335.65M (Peak 1872.12M) | Time:60:57:41.75 | Mem:81.25M, Peak:81.25M | Scene | Updating Images | Loading island_tree_02_rough
Fra:1 Mem:1339.65M (Peak 1872.12M) | Time:60:57:41.75 | Mem:85.25M, Peak:85.25M | Scene | Updating Images | Loading island_tree_02_nor_gl
Fra:1 Mem:1343.65M (Peak 1872.12M) | Time:60:57:41.75 | Mem:93.25M, Peak:93.25M | Scene | Updating Images | Loading island_tree_02_leaves_diff-island_tree_02_leaves_alpha
Fra:1 Mem:1347.90M (Peak 1872.12M) | Time:60:57:41.75 | Mem:97.25M, Peak:97.25M | Scene | Updating Images | Loading island_tree_02_leaves_rough
Fra:1 Mem:1353.90M (Peak 1872.12M) | Time:60:57:41.75 | Mem:101.25M, Peak:101.25M | Scene | Updating Images | Loading island_tree_02_leaves_nor_gl
Fra:1 Mem:1357.91M (Peak 1872.12M) | Time:60:57:41.75 | Mem:105.25M, Peak:105.25M | Scene | Updating Images | Loading island_tree_02_leaves_diff_1k.png.001
Fra:1 Mem:1357.90M (Peak 1872.12M) | Time:60:57:41.75 | Mem:105.50M, Peak:105.50M | Scene | Updating Images | Loading island_tree_02_leaves_rgba.png.002
Fra:1 Mem:1358.15M (Peak 1872.12M) | Time:60:57:41.75 | Mem:109.50M, Peak:109.50M | Scene | Updating Images | Loading island_tree_02_leaves_alpha_1k.png.001
Fra:1 Mem:1358.15M (Peak 1872.12M) | Time:60:57:41.75 | Mem:110.50M, Peak:110.50M | Scene | Updating Images | Loading island_tree_02_branches_diff
Fra:1 Mem:1366.16M (Peak 1872.12M) | Time:60:57:41.75 | Mem:110.75M, Peak:110.75M | Scene | Updating Images | Loading island_tree_01_leaves_rgba.png.004
Fra:1 Mem:1367.41M (Peak 1872.12M) | Time:60:57:41.75 | Mem:111.75M, Peak:111.75M | Scene | Updating Images | Loading island_tree_02_branches_rough
Fra:1 Mem:1372.41M (Peak 1872.12M) | Time:60:57:41.75 | Mem:115.75M, Peak:115.75M | Scene | Updating Images | Loading island_tree_02_branches_nor_gl
Fra:1 Mem:1376.41M (Peak 1872.12M) | Time:60:57:41.75 | Mem:116.00M, Peak:116.00M | Scene | Updating Images | Loading fern_02_rgba.png.001
Fra:1 Mem:1376.41M (Peak 1872.12M) | Time:60:57:41.75 | Mem:120.00M, Peak:120.00M | Scene | Updating Images | Loading pine_sapling_small_bark_diff
Fra:1 Mem:1373.41M (Peak 1872.12M) | Time:60:57:41.75 | Mem:121.00M, Peak:121.00M | Scene | Updating Images | Loading pine_sapling_small_bark_rough
Fra:1 Mem:1377.41M (Peak 1872.12M) | Time:60:57:41.75 | Mem:129.00M, Peak:129.00M | Scene | Updating Images | Loading pine_sapling_small_bark_nor_gl
Fra:1 Mem:1381.41M (Peak 1872.12M) | Time:60:57:41.75 | Mem:129.00M, Peak:129.00M | Scene | Updating Images | Loading pine_sapling_small_twig_diff
Fra:1 Mem:1381.40M (Peak 1872.12M) | Time:60:57:41.76 | Mem:133.00M, Peak:133.00M | Scene | Updating Images | Loading pine_sapling_small_twig_rough
Fra:1 Mem:1385.40M (Peak 1872.12M) | Time:60:57:41.76 | Mem:133.00M, Peak:133.00M | Scene | Updating Images | Loading pine_sapling_small_twig_nor_gl
Fra:1 Mem:1389.40M (Peak 1872.12M) | Time:60:57:41.76 | Mem:137.00M, Peak:137.00M | Scene | Updating Images | Loading pine_sapling_small_twig_diff_1k.png.001
Fra:1 Mem:1389.40M (Peak 1872.12M) | Time:60:57:41.76 | Mem:141.00M, Peak:141.00M | Scene | Updating Images | Loading pine_sapling_small_twig_alpha_1k.png.001
Fra:1 Mem:1389.40M (Peak 1872.12M) | Time:60:57:41.76 | Mem:145.00M, Peak:145.00M | Scene | Updating Images | Loading island_tree_01_leaves_diff_1k.png.002
Fra:1 Mem:1389.40M (Peak 1872.12M) | Time:60:57:41.76 | Mem:149.00M, Peak:149.00M | Scene | Updating Images | Loading island_tree_01_leaves_alpha_1k.png.002
Fra:1 Mem:1391.41M (Peak 1872.12M) | Time:60:57:41.76 | Mem:153.00M, Peak:153.00M | Scene | Updating Images | Loading island_tree_02_leaves_diff_1k.png.002
Fra:1 Mem:1396.41M (Peak 1872.12M) | Time:60:57:41.76 | Mem:154.00M, Peak:154.00M | Scene | Updating Images | Loading island_tree_01_leaves_rgba.png.003
Fra:1 Mem:1398.41M (Peak 1872.12M) | Time:60:57:41.76 | Mem:155.00M, Peak:155.00M | Scene | Updating Images | Loading island_tree_02_leaves_alpha_1k.png.002
Fra:1 Mem:1394.67M (Peak 1872.12M) | Time:60:57:41.76 | Mem:156.25M, Peak:156.25M | Scene | Updating Images | Loading pine_sapling_small_twig_rgba.png.001
Fra:1 Mem:1393.65M (Peak 1872.12M) | Time:60:57:41.76 | Mem:156.25M, Peak:156.25M | Scene | Updating Images | Loading pine_sapling_small_twig_diff_1k.png.002
Fra:1 Mem:1394.66M (Peak 1872.12M) | Time:60:57:41.76 | Mem:157.25M, Peak:157.25M | Scene | Updating Images | Loading pine_sapling_small_twig_alpha_1k.png.002
Fra:1 Mem:1393.90M (Peak 1872.12M) | Time:60:57:41.76 | Mem:158.25M, Peak:158.25M | Scene | Updating Images | Loading island_tree_01_leaves_diff_1k.png.003
Fra:1 Mem:1393.90M (Peak 1872.12M) | Time:60:57:41.76 | Mem:166.25M, Peak:166.25M | Scene | Updating Images | Loading island_tree_01_leaves_alpha_1k.png.003
Fra:1 Mem:1393.90M (Peak 1872.12M) | Time:60:57:41.76 | Mem:167.25M, Peak:167.25M | Scene | Updating Images | Loading island_tree_02_leaves_diff_1k.png.003
Fra:1 Mem:1393.90M (Peak 1872.12M) | Time:60:57:41.76 | Mem:167.25M, Peak:167.25M | Scene | Updating Images | Loading island_tree_02_leaves_alpha_1k.png.003
Fra:1 Mem:1393.90M (Peak 1872.12M) | Time:60:57:41.76 | Mem:167.50M, Peak:167.50M | Scene | Updating Images | Loading island_tree_02_leaves_rgba.png.001
Fra:1 Mem:1394.15M (Peak 1872.12M) | Time:60:57:41.76 | Mem:167.75M, Peak:167.75M | Scene | Updating Images | Loading island_tree_01_leaves_rgba.png.002
Fra:1 Mem:1400.41M (Peak 1872.12M) | Time:60:57:41.77 | Mem:172.75M, Peak:172.75M | Scene | Updating Images | Loading pine_sapling_small_twig_diff_1k.png.003
Fra:1 Mem:1400.67M (Peak 1872.12M) | Time:60:57:41.77 | Mem:173.75M, Peak:173.75M | Scene | Updating Images | Loading pine_sapling_small_twig_alpha_1k.png.003
Fra:1 Mem:1400.41M (Peak 1872.12M) | Time:60:57:41.77 | Mem:175.00M, Peak:175.00M | Scene | Updating Images | Loading fern_02_rgba.png
Fra:1 Mem:1400.41M (Peak 1872.12M) | Time:60:57:41.77 | Mem:175.00M, Peak:175.00M | Scene | Updating Images | Loading island_tree_01_leaves_diff_1k.png.004
Fra:1 Mem:1400.40M (Peak 1872.12M) | Time:60:57:41.77 | Mem:176.00M, Peak:176.00M | Scene | Updating Images | Loading island_tree_01_leaves_alpha_1k.png.004
Fra:1 Mem:1401.40M (Peak 1872.12M) | Time:60:57:41.77 | Mem:177.00M, Peak:177.00M | Scene | Updating Images | Loading island_tree_02_leaves_diff_1k.png.004
Fra:1 Mem:1401.40M (Peak 1872.12M) | Time:60:57:41.77 | Mem:178.00M, Peak:178.00M | Scene | Updating Images | Loading island_tree_02_leaves_alpha_1k.png.004
Fra:1 Mem:1401.40M (Peak 1872.12M) | Time:60:57:41.77 | Mem:180.00M, Peak:180.00M | Scene | Updating Images | Loading pine_sapling_small_twig_diff_1k.png.004
Fra:1 Mem:1405.40M (Peak 1872.12M) | Time:60:57:41.77 | Mem:181.00M, Peak:181.00M | Scene | Updating Images | Loading island_tree_01_leaves_rgba.png.001
Fra:1 Mem:1406.40M (Peak 1872.12M) | Time:60:57:41.77 | Mem:182.00M, Peak:182.00M | Scene | Updating Images | Loading pine_sapling_small_twig_alpha_1k.png.004
Fra:1 Mem:1410.67M (Peak 1872.12M) | Time:60:57:41.77 | Mem:183.00M, Peak:183.00M | Scene | Updating Images | Loading island_tree_01_leaves_diff_1k.png.005
Fra:1 Mem:1410.67M (Peak 1872.12M) | Time:60:57:41.77 | Mem:184.00M, Peak:184.00M | Scene | Updating Images | Loading island_tree_01_leaves_alpha_1k.png.005
Fra:1 Mem:1409.65M (Peak 1872.12M) | Time:60:57:41.77 | Mem:184.25M, Peak:184.25M | Scene | Updating Images | Loading pine_sapling_small_twig_rgba.png
Fra:1 Mem:1409.65M (Peak 1872.12M) | Time:60:57:41.77 | Mem:186.25M, Peak:186.25M | Scene | Updating Images | Loading island_tree_02_leaves_diff_1k.png.005
Fra:1 Mem:1409.65M (Peak 1872.12M) | Time:60:57:41.77 | Mem:186.25M, Peak:186.25M | Scene | Updating Images | Loading island_tree_02_leaves_alpha_1k.png.005
Fra:1 Mem:1409.65M (Peak 1872.12M) | Time:60:57:41.77 | Mem:187.25M, Peak:187.25M | Scene | Updating Images | Loading pine_sapling_small_twig_diff_1k.png.005
Fra:1 Mem:1409.65M (Peak 1872.12M) | Time:60:57:41.77 | Mem:187.25M, Peak:187.25M | Scene | Updating Images | Loading pine_sapling_small_twig_alpha_1k.png.005
Fra:1 Mem:1409.65M (Peak 1872.12M) | Time:60:57:41.77 | Mem:188.25M, Peak:188.25M | Scene | Updating Images | Loading island_tree_01_leaves_diff_1k.png.006
Fra:1 Mem:1410.90M (Peak 1872.12M) | Time:60:57:41.77 | Mem:188.50M, Peak:188.50M | Scene | Updating Images | Loading island_tree_02_leaves_rgba.png
Fra:1 Mem:1410.90M (Peak 1872.12M) | Time:60:57:41.77 | Mem:189.50M, Peak:189.50M | Scene | Updating Images | Loading island_tree_01_leaves_alpha_1k.png.006
Fra:1 Mem:1412.15M (Peak 1872.12M) | Time:60:57:41.78 | Mem:189.75M, Peak:189.75M | Scene | Updating Images | Loading island_tree_01_leaves_rgba.png
Fra:1 Mem:1418.41M (Peak 1872.12M) | Time:60:57:41.78 | Mem:190.75M, Peak:190.75M | Scene | Updating Images | Loading island_tree_02_leaves_diff_1k.png.006
Fra:1 Mem:1419.42M (Peak 1872.12M) | Time:60:57:41.78 | Mem:192.00M, Peak:192.00M | Scene | Updating Images | Loading fern_02_alpha_1k.png.001
Fra:1 Mem:1419.41M (Peak 1872.12M) | Time:60:57:41.78 | Mem:193.00M, Peak:193.00M | Scene | Updating Images | Loading island_tree_02_leaves_alpha_1k.png.006
Fra:1 Mem:1418.40M (Peak 1872.12M) | Time:60:57:41.78 | Mem:193.00M, Peak:193.00M | Scene | Updating Images | Loading pine_sapling_small_twig_diff_1k.png.006
Fra:1 Mem:1418.40M (Peak 1872.12M) | Time:60:57:41.78 | Mem:196.00M, Peak:196.00M | Scene | Updating Images | Loading pine_sapling_small_twig_alpha_1k.png.006
Fra:1 Mem:1418.40M (Peak 1872.12M) | Time:60:57:41.78 | Mem:196.00M, Peak:196.00M | Scene | Updating Images | Loading island_tree_01_leaves_diff_1k.png.007
Fra:1 Mem:1418.40M (Peak 1872.12M) | Time:60:57:41.78 | Mem:197.00M, Peak:197.00M | Scene | Updating Images | Loading island_tree_01_leaves_alpha_1k.png.007
Fra:1 Mem:1418.40M (Peak 1872.12M) | Time:60:57:41.78 | Mem:198.00M, Peak:198.00M | Scene | Updating Images | Loading island_tree_02_leaves_diff_1k.png.007
Fra:1 Mem:1435.40M (Peak 1872.12M) | Time:60:57:41.78 | Mem:199.00M, Peak:199.00M | Scene | Updating Images | Loading island_tree_02_leaves_alpha_1k.png.007
Fra:1 Mem:1441.41M (Peak 1872.12M) | Time:60:57:41.78 | Mem:200.00M, Peak:200.00M | Scene | Updating Images | Loading pine_sapling_small_twig_diff_1k.png.007
Fra:1 Mem:1441.41M (Peak 1872.12M) | Time:60:57:41.78 | Mem:200.00M, Peak:200.00M | Scene | Updating Images | Loading pine_sapling_small_twig_alpha_1k.png.007
Fra:1 Mem:1443.42M (Peak 1872.12M) | Time:60:57:41.78 | Mem:201.00M, Peak:201.00M | Scene | Updating Images | Loading island_tree_01_leaves_diff_1k.png.008
Fra:1 Mem:1442.41M (Peak 1872.12M) | Time:60:57:41.79 | Mem:202.00M, Peak:202.00M | Scene | Updating Images | Loading island_tree_01_leaves_alpha_1k.png.008
Fra:1 Mem:1442.41M (Peak 1872.12M) | Time:60:57:41.79 | Mem:202.00M, Peak:202.00M | Scene | Updating Images | Loading island_tree_02_leaves_diff_1k.png.008
Fra:1 Mem:1443.41M (Peak 1872.12M) | Time:60:57:41.79 | Mem:203.00M, Peak:203.00M | Scene | Updating Images | Loading island_tree_02_leaves_alpha_1k.png.008
Fra:1 Mem:1442.40M (Peak 1872.12M) | Time:60:57:41.79 | Mem:204.00M, Peak:204.00M | Scene | Updating Images | Loading pine_sapling_small_twig_diff_1k.png.008
Fra:1 Mem:1445.41M (Peak 1872.12M) | Time:60:57:41.79 | Mem:205.00M, Peak:205.00M | Scene | Updating Images | Loading pine_sapling_small_twig_alpha_1k.png.008
Fra:1 Mem:1464.42M (Peak 1872.12M) | Time:60:57:41.79 | Mem:207.00M, Peak:207.00M | Scene | Updating Images | Loading fern_02_diff_1k.png.002
Fra:1 Mem:1465.42M (Peak 1872.12M) | Time:60:57:41.79 | Mem:207.00M, Peak:207.00M | Scene | Updating Images | Loading fern_02_rough
Fra:1 Mem:1470.42M (Peak 1872.12M) | Time:60:57:41.79 | Mem:210.00M, Peak:210.00M | Scene | Updating Images | Loading fern_02_nor_gl
Fra:1 Mem:1474.42M (Peak 1872.12M) | Time:60:57:41.79 | Mem:210.00M, Peak:210.00M | Scene | Updating Images | Loading island_tree_01_leaves_diff_1k.png.009
Fra:1 Mem:1478.42M (Peak 1872.12M) | Time:60:57:41.79 | Mem:210.00M, Peak:210.00M | Scene | Updating Images | Loading island_tree_01_leaves_alpha_1k.png.009
Fra:1 Mem:1478.42M (Peak 1872.12M) | Time:60:57:41.79 | Mem:211.00M, Peak:211.00M | Scene | Updating Images | Loading island_tree_02_leaves_diff_1k.png.009
Fra:1 Mem:1479.42M (Peak 1872.12M) | Time:60:57:41.79 | Mem:212.00M, Peak:212.00M | Scene | Updating Images | Loading island_tree_02_leaves_alpha_1k.png.009
Fra:1 Mem:1480.42M (Peak 1872.12M) | Time:60:57:41.79 | Mem:213.00M, Peak:213.00M | Scene | Updating Images | Loading pine_sapling_small_twig_diff_1k.png.009
Fra:1 Mem:1468.43M (Peak 1872.12M) | Time:60:57:41.79 | Mem:215.00M, Peak:215.00M | Scene | Updating Images | Loading pine_sapling_small_twig_alpha_1k.png.009
Fra:1 Mem:1467.42M (Peak 1872.12M) | Time:60:57:41.79 | Mem:217.00M, Peak:217.00M | Scene | Updating Images | Loading fern_02_diff_1k.png.003
Fra:1 Mem:1467.42M (Peak 1872.12M) | Time:60:57:41.79 | Mem:217.00M, Peak:217.00M | Scene | Updating Images | Loading island_tree_01_leaves_diff_1k.png.010
Fra:1 Mem:1468.42M (Peak 1872.12M) | Time:60:57:41.80 | Mem:217.00M, Peak:217.00M | Scene | Updating Images | Loading island_tree_01_leaves_alpha_1k.png.010
Fra:1 Mem:1468.42M (Peak 1872.12M) | Time:60:57:41.80 | Mem:221.00M, Peak:221.00M | Scene | Updating Images | Loading island_tree_02_leaves_diff_1k.png.010
Fra:1 Mem:1468.40M (Peak 1872.12M) | Time:60:57:41.80 | Mem:222.00M, Peak:222.00M | Scene | Updating Images | Loading island_tree_02_leaves_alpha_1k.png.010
Fra:1 Mem:1468.40M (Peak 1872.12M) | Time:60:57:41.80 | Mem:223.00M, Peak:223.00M | Scene | Updating Images | Loading pine_sapling_small_twig_diff_1k.png.010
Fra:1 Mem:1472.40M (Peak 1872.12M) | Time:60:57:41.80 | Mem:239.00M, Peak:239.00M | Scene | Updating Images | Loading fern_02_alpha_1k.png
Fra:1 Mem:1475.41M (Peak 1872.12M) | Time:60:57:41.80 | Mem:243.00M, Peak:243.00M | Scene | Updating Images | Loading pine_sapling_small_twig_alpha_1k.png.010
Fra:1 Mem:1494.42M (Peak 1872.12M) | Time:60:57:41.80 | Mem:244.00M, Peak:244.00M | Scene | Updating Images | Loading fern_02_diff_1k.png.004
Fra:1 Mem:1499.42M (Peak 1872.12M) | Time:60:57:41.80 | Mem:247.00M, Peak:247.00M | Scene | Updating Images | Loading island_tree_01_leaves_diff_1k.png.011
Fra:1 Mem:1498.41M (Peak 1872.12M) | Time:60:57:41.80 | Mem:247.00M, Peak:247.00M | Scene | Updating Images | Loading island_tree_01_leaves_alpha_1k.png.011
Fra:1 Mem:1498.41M (Peak 1872.12M) | Time:60:57:41.80 | Mem:247.00M, Peak:247.00M | Scene | Updating Images | Loading island_tree_02_leaves_diff_1k.png.011
Fra:1 Mem:1498.41M (Peak 1872.12M) | Time:60:57:41.80 | Mem:248.00M, Peak:248.00M | Scene | Updating Images | Loading island_tree_02_leaves_alpha_1k.png.011
Fra:1 Mem:1498.40M (Peak 1872.12M) | Time:60:57:41.80 | Mem:253.00M, Peak:253.00M | Scene | Updating Images | Loading pine_sapling_small_twig_diff_1k.png.011
Fra:1 Mem:1499.40M (Peak 1872.12M) | Time:60:57:41.80 | Mem:257.00M, Peak:257.00M | Scene | Updating Images | Loading pine_sapling_small_twig_alpha_1k.png.011
Fra:1 Mem:1499.40M (Peak 1872.12M) | Time:60:57:41.80 | Mem:257.00M, Peak:257.00M | Scene | Updating Images | Loading island_tree_01_leaves_diff_1k.png.012
Fra:1 Mem:1505.41M (Peak 1872.12M) | Time:60:57:41.81 | Mem:259.00M, Peak:259.00M | Scene | Updating Images | Loading island_tree_01_leaves_alpha_1k.png.012
Fra:1 Mem:1506.42M (Peak 1872.12M) | Time:60:57:41.81 | Mem:259.00M, Peak:259.00M | Scene | Updating Images | Loading fern_02_diff_1k.png.005
DETAIL CONTACT xiaoxiangguan paper 1660 0.32
Fra:1 Mem:1194.36M (Peak 1872.12M) | Time:60:57:42.14 | Mem:0.00M, Peak:0.00M | Scene | Synchronizing object | xiaoxiangguan_plaster
Fra:1 Mem:1194.36M (Peak 1872.12M) | Time:60:57:42.14 | Mem:0.00M, Peak:0.00M | Scene | Synchronizing object | xiaoxiangguan_cutstone
Fra:1 Mem:1194.45M (Peak 1872.12M) | Time:60:57:42.14 | Mem:0.00M, Peak:0.00M | Scene | Synchronizing object | xiaoxiangguan_floorwood
Fra:1 Mem:1196.40M (Peak 1872.12M) | Time:60:57:42.14 | Mem:0.00M, Peak:0.00M | Scene | Synchronizing object | xiaoxiangguan_wood
Fra:1 Mem:1196.58M (Peak 1872.12M) | Time:60:57:42.14 | Mem:0.00M, Peak:0.00M | Scene | Synchronizing object | xiaoxiangguan_latticewood.001
Fra:1 Mem:1197.69M (Peak 1872.12M) | Time:60:57:42.14 | Mem:0.00M, Peak:0.00M | Scene | Synchronizing object | xiaoxiangguan_tilelight.001
Fra:1 Mem:1197.69M (Peak 1872.12M) | Time:60:57:42.14 | Mem:0.00M, Peak:0.00M | Scene | Synchronizing object | xiaoxiangguan_lantern
Fra:1 Mem:1198.25M (Peak 1872.12M) | Time:60:57:42.14 | Mem:0.00M, Peak:0.00M | Scene | Synchronizing object | xiaoxiangguan_tiledark.001
Fra:1 Mem:1198.22M (Peak 1872.12M) | Time:60:57:42.14 | Mem:0.00M, Peak:0.00M | Scene | Synchronizing object | xiaoxiangguan_paving.001
Fra:1 Mem:1199.41M (Peak 1872.12M) | Time:60:57:42.14 | Mem:0.00M, Peak:0.00M | Scene | Synchronizing object | xiaoxiangguan_silk
Fra:1 Mem:1199.47M (Peak 1872.12M) | Time:60:57:42.14 | Mem:0.00M, Peak:0.00M | Scene | Synchronizing object | xiaoxiangguan_creamflower
Fra:1 Mem:1199.85M (Peak 1872.12M) | Time:60:57:42.14 | Mem:0.00M, Peak:0.00M | Scene | Synchronizing object | xiaoxiangguan_leafdark
Fra:1 Mem:1199.85M (Peak 1872.12M) | Time:60:57:42.14 | Mem:0.00M, Peak:0.00M | Scene | Synchronizing object | xiaoxiangguan_gold
Fra:1 Mem:1200.39M (Peak 1872.12M) | Time:60:57:42.14 | Mem:0.00M, Peak:0.00M | Scene | Synchronizing object | xiaoxiangguan_ceramic.001
Fra:1 Mem:1200.78M (Peak 1872.12M) | Time:60:57:42.14 | Mem:0.00M, Peak:0.00M | Scene | Synchronizing object | xiaoxiangguan_bookcover.001
Fra:1 Mem:1200.92M (Peak 1872.12M) | Time:60:57:42.14 | Mem:0.00M, Peak:0.00M | Scene | Synchronizing object | xiaoxiangguan_bamboo
Fra:1 Mem:1200.92M (Peak 1872.12M) | Time:60:57:42.14 | Mem:0.00M, Peak:0.00M | Scene | Synchronizing object | xiaoxiangguan_ink.001
Fra:1 Mem:1202.96M (Peak 1872.12M) | Time:60:57:42.14 | Mem:0.00M, Peak:0.00M | Scene | Synchronizing object | xiaoxiangguan_ivory.001
Fra:1 Mem:1204.33M (Peak 1872.12M) | Time:60:57:42.14 | Mem:0.00M, Peak:0.00M | Scene | Synchronizing object | xiaoxiangguan_lightleaf
Fra:1 Mem:1205.04M (Peak 1872.12M) | Time:60:57:42.14 | Mem:0.00M, Peak:0.00M | Scene | Synchronizing object | xiaoxiangguan_paper
Fra:1 Mem:1209.23M (Peak 1872.12M) | Time:60:57:42.14 | Mem:0.00M, Peak:0.00M | Scene | Synchronizing object | xiaoxiangguan_furniture
Fra:1 Mem:1210.13M (Peak 1872.12M) | Time:60:57:42.14 | Mem:0.00M, Peak:0.00M | Scene | Synchronizing object | xiaoxiangguan_bankstone
Fra:1 Mem:1210.24M (Peak 1872.12M) | Time:60:57:42.14 | Mem:0.00M, Peak:0.00M | Scene | Synchronizing object | xiaoxiangguan_water.001
Fra:1 Mem:1210.64M (Peak 1872.12M) | Time:60:57:42.14 | Mem:0.00M, Peak:0.00M | Scene | Synchronizing object | xiaoxiangguan_bookcloth.001
Fra:1 Mem:1210.24M (Peak 1872.12M) | Time:60:57:42.14 | Mem:0.00M, Peak:0.00M | Scene | Synchronizing object | xiaoxiangguan_leaf
Fra:1 Mem:1220.33M (Peak 1872.12M) | Time:60:57:42.14 | Mem:0.00M, Peak:0.00M | Scene | Initializing
Fra:1 Mem:1220.33M (Peak 1872.12M) | Time:60:57:42.14 | Mem:0.00M, Peak:0.00M | Scene | Updating Images | Loading r12_stone_diff.001
Fra:1 Mem:1220.33M (Peak 1872.12M) | Time:60:57:42.14 | Mem:0.00M, Peak:0.00M | Scene | Updating Images | Loading r12_cutstone_diff.001
Fra:1 Mem:1220.33M (Peak 1872.12M) | Time:60:57:42.14 | Mem:0.00M, Peak:0.00M | Scene | Updating Images | Loading fern_02_rgba.png.003
Fra:1 Mem:1221.33M (Peak 1872.12M) | Time:60:57:42.15 | Mem:0.00M, Peak:0.00M | Scene | Updating Images | Loading r12_cutstone_rough.001
Fra:1 Mem:1227.34M (Peak 1872.12M) | Time:60:57:42.15 | Mem:1.00M, Peak:1.00M | Scene | Updating Images | Loading r12_darkwood_diff.001
Fra:1 Mem:1228.34M (Peak 1872.12M) | Time:60:57:42.15 | Mem:2.00M, Peak:2.00M | Scene | Updating Images | Loading r12_darkwood_nor_gl.001
Fra:1 Mem:1229.34M (Peak 1872.12M) | Time:60:57:42.15 | Mem:3.00M, Peak:3.00M | Scene | Updating Images | Loading r12_darkwood_rough.001
Fra:1 Mem:1230.34M (Peak 1872.12M) | Time:60:57:42.15 | Mem:4.00M, Peak:4.00M | Scene | Updating Images | Loading r12_floorwood_diff.001
Fra:1 Mem:1231.34M (Peak 1872.12M) | Time:60:57:42.15 | Mem:6.00M, Peak:6.00M | Scene | Updating Images | Loading r12_floorwood_nor_gl.001
Fra:1 Mem:1232.34M (Peak 1872.12M) | Time:60:57:42.15 | Mem:7.00M, Peak:7.00M | Scene | Updating Images | Loading r12_floorwood_rough.001
Fra:1 Mem:1233.34M (Peak 1872.12M) | Time:60:57:42.15 | Mem:7.00M, Peak:7.00M | Scene | Updating Images | Loading r12_wood_diff.001
Fra:1 Mem:1234.34M (Peak 1872.12M) | Time:60:57:42.15 | Mem:8.00M, Peak:8.00M | Scene | Updating Images | Loading r12_wood_nor_gl.001
Fra:1 Mem:1243.34M (Peak 1872.12M) | Time:60:57:42.15 | Mem:9.00M, Peak:9.00M | Scene | Updating Images | Loading r12_wood_rough.001
Fra:1 Mem:1244.34M (Peak 1872.12M) | Time:60:57:42.15 | Mem:10.00M, Peak:10.00M | Scene | Updating Images | Loading r12_furniture_diff.001
Fra:1 Mem:1245.36M (Peak 1872.12M) | Time:60:57:42.15 | Mem:11.00M, Peak:11.00M | Scene | Updating Images | Loading island_tree_01_leaves_rgba.png.007
Fra:1 Mem:1245.61M (Peak 1872.12M) | Time:60:57:42.15 | Mem:13.00M, Peak:13.00M | Scene | Updating Images | Loading r12_furniture_nor_gl.001
Fra:1 Mem:1245.61M (Peak 1872.12M) | Time:60:57:42.15 | Mem:14.00M, Peak:14.00M | Scene | Updating Images | Loading r12_furniture_rough.001
Fra:1 Mem:1246.61M (Peak 1872.12M) | Time:60:57:42.15 | Mem:14.00M, Peak:14.00M | Scene | Updating Images | Loading r12_latticewood_diff.001
Fra:1 Mem:1248.61M (Peak 1872.12M) | Time:60:57:42.15 | Mem:15.00M, Peak:15.00M | Scene | Updating Images | Loading r12_latticewood_nor_gl.001
Fra:1 Mem:1249.61M (Peak 1872.12M) | Time:60:57:42.15 | Mem:15.25M, Peak:15.25M | Scene | Updating Images | Loading pine_sapling_small_twig_rgba.png.003
Fra:1 Mem:1249.86M (Peak 1872.12M) | Time:60:57:42.15 | Mem:16.25M, Peak:16.25M | Scene | Updating Images | Loading r12_latticewood_rough.001
Fra:1 Mem:1250.86M (Peak 1872.12M) | Time:60:57:42.15 | Mem:17.25M, Peak:17.25M | Scene | Updating Images | Loading r12_roof_diff.001
Fra:1 Mem:1250.86M (Peak 1872.12M) | Time:60:57:42.15 | Mem:18.25M, Peak:18.25M | Scene | Updating Images | Loading r12_roof_nor_gl.001
Fra:1 Mem:1251.86M (Peak 1872.12M) | Time:60:57:42.15 | Mem:19.50M, Peak:19.50M | Scene | Updating Images | Loading r12_roof_rough.001
Fra:1 Mem:1253.86M (Peak 1872.12M) | Time:60:57:42.15 | Mem:20.50M, Peak:20.50M | Scene | Updating Images | Loading r12_tilelight_diff.001
Fra:1 Mem:1255.11M (Peak 1872.12M) | Time:60:57:42.15 | Mem:21.75M, Peak:21.75M | Scene | Updating Images | Loading island_tree_01_leaves_rgba.png.006
Fra:1 Mem:1255.11M (Peak 1872.12M) | Time:60:57:42.15 | Mem:21.75M, Peak:21.75M | Scene | Updating Images | Loading r12_tilelight_nor_gl.001
Fra:1 Mem:1256.36M (Peak 1872.12M) | Time:60:57:42.15 | Mem:22.75M, Peak:22.75M | Scene | Updating Images | Loading r12_tilelight_rough.001
Fra:1 Mem:1257.36M (Peak 1872.12M) | Time:60:57:42.15 | Mem:23.75M, Peak:23.75M | Scene | Updating Images | Loading r12_tile_diff.001
Fra:1 Mem:1258.36M (Peak 1872.12M) | Time:60:57:42.15 | Mem:24.75M, Peak:24.75M | Scene | Updating Images | Loading r12_tile_nor_gl.001
Fra:1 Mem:1259.36M (Peak 1872.12M) | Time:60:57:42.15 | Mem:25.00M, Peak:25.00M | Scene | Updating Images | Loading fern_02_rgba.png.002
Fra:1 Mem:1259.36M (Peak 1872.12M) | Time:60:57:42.15 | Mem:26.00M, Peak:26.00M | Scene | Updating Images | Loading r12_tile_rough.001
Fra:1 Mem:1260.36M (Peak 1872.12M) | Time:60:57:42.15 | Mem:28.00M, Peak:28.00M | Scene | Updating Images | Loading r12_tiledark_diff.001
Fra:1 Mem:1261.36M (Peak 1872.12M) | Time:60:57:42.15 | Mem:28.00M, Peak:28.00M | Scene | Updating Images | Loading r12_tiledark_nor_gl.001
Fra:1 Mem:1262.36M (Peak 1872.12M) | Time:60:57:42.15 | Mem:29.00M, Peak:29.00M | Scene | Updating Images | Loading r12_tiledark_rough.001
Fra:1 Mem:1263.36M (Peak 1872.12M) | Time:60:57:42.15 | Mem:30.00M, Peak:30.00M | Scene | Updating Images | Loading rock_moss_set_01_diff
Fra:1 Mem:1267.36M (Peak 1872.12M) | Time:60:57:42.15 | Mem:31.00M, Peak:31.00M | Scene | Updating Images | Loading rock_moss_set_01_nor_gl
Fra:1 Mem:1272.36M (Peak 1872.12M) | Time:60:57:42.15 | Mem:32.00M, Peak:32.00M | Scene | Updating Images | Loading r12_paving_diff.001
Fra:1 Mem:1273.36M (Peak 1872.12M) | Time:60:57:42.15 | Mem:33.00M, Peak:33.00M | Scene | Updating Images | Loading r12_paving_nor_gl.001
Fra:1 Mem:1274.36M (Peak 1872.12M) | Time:60:57:42.15 | Mem:34.00M, Peak:34.00M | Scene | Updating Images | Loading r12_paving_rough.001
Fra:1 Mem:1275.36M (Peak 1872.12M) | Time:60:57:42.15 | Mem:35.00M, Peak:35.00M | Scene | Updating Images | Loading r12_gardenstone_diff
Fra:1 Mem:1276.36M (Peak 1872.12M) | Time:60:57:42.15 | Mem:36.00M, Peak:36.00M | Scene | Updating Images | Loading r12_gardenstone_nor_gl
Fra:1 Mem:1277.36M (Peak 1872.12M) | Time:60:57:42.15 | Mem:37.00M, Peak:37.00M | Scene | Updating Images | Loading r12_gardenstone_rough
Fra:1 Mem:1278.36M (Peak 1872.12M) | Time:60:57:42.15 | Mem:38.00M, Peak:38.00M | Scene | Updating Images | Loading worn_mossy_plasterwall.jpg
Fra:1 Mem:1282.36M (Peak 1872.12M) | Time:60:57:42.15 | Mem:39.00M, Peak:39.00M | Scene | Updating Images | Loading r12_bankstone_diff.001
Fra:1 Mem:1282.36M (Peak 1872.12M) | Time:60:57:42.15 | Mem:43.00M, Peak:43.00M | Scene | Updating Images | Loading r12_bankstone_nor_gl.001
Fra:1 Mem:1282.36M (Peak 1872.12M) | Time:60:57:42.15 | Mem:48.00M, Peak:48.00M | Scene | Updating Images | Loading r12_bankstone_rough.001
Fra:1 Mem:1282.36M (Peak 1872.12M) | Time:60:57:42.15 | Mem:48.00M, Peak:48.00M | Scene | Updating Images | Loading island_tree_01_diff
Fra:1 Mem:1286.36M (Peak 1872.12M) | Time:60:57:42.15 | Mem:49.00M, Peak:49.00M | Scene | Updating Images | Loading island_tree_01_rough
Fra:1 Mem:1293.36M (Peak 1872.12M) | Time:60:57:42.15 | Mem:53.00M, Peak:53.00M | Scene | Updating Images | Loading island_tree_01_nor_gl
Fra:1 Mem:1297.36M (Peak 1872.12M) | Time:60:57:42.15 | Mem:57.00M, Peak:57.00M | Scene | Updating Images | Loading island_tree_01_leaves_diff-island_tree_01_leaves_alpha
Fra:1 Mem:1302.37M (Peak 1872.12M) | Time:60:57:42.15 | Mem:61.00M, Peak:61.00M | Scene | Updating Images | Loading island_tree_01_leaves_rough
Fra:1 Mem:1307.38M (Peak 1872.12M) | Time:60:57:42.15 | Mem:65.00M, Peak:65.00M | Scene | Updating Images | Loading island_tree_01_leaves_nor_gl
Fra:1 Mem:1309.36M (Peak 1872.12M) | Time:60:57:42.15 | Mem:67.00M, Peak:67.00M | Scene | Updating Images | Loading island_tree_01_leaves_rgba.png.005
Fra:1 Mem:1309.36M (Peak 1872.12M) | Time:60:57:42.15 | Mem:67.00M, Peak:67.00M | Scene | Updating Images | Loading island_tree_01_branches_diff
Fra:1 Mem:1313.61M (Peak 1872.12M) | Time:60:57:42.15 | Mem:71.00M, Peak:71.00M | Scene | Updating Images | Loading island_tree_01_branches_rough
Fra:1 Mem:1327.61M (Peak 1872.12M) | Time:60:57:42.16 | Mem:75.00M, Peak:75.00M | Scene | Updating Images | Loading island_tree_01_branches_nor_gl
Fra:1 Mem:1331.61M (Peak 1872.12M) | Time:60:57:42.16 | Mem:79.00M, Peak:79.00M | Scene | Updating Images | Loading island_tree_01_leaves_diff_1k.png.001
Fra:1 Mem:1331.61M (Peak 1872.12M) | Time:60:57:42.16 | Mem:79.25M, Peak:79.25M | Scene | Updating Images | Loading pine_sapling_small_twig_rgba.png.002
Fra:1 Mem:1331.61M (Peak 1872.12M) | Time:60:57:42.16 | Mem:83.25M, Peak:83.25M | Scene | Updating Images | Loading island_tree_01_leaves_alpha_1k.png.001
Fra:1 Mem:1333.87M (Peak 1872.12M) | Time:60:57:42.16 | Mem:85.25M, Peak:85.25M | Scene | Updating Images | Loading island_tree_02_diff
Fra:1 Mem:1338.87M (Peak 1872.12M) | Time:60:57:42.16 | Mem:85.50M, Peak:85.50M | Scene | Updating Images | Loading island_tree_02_leaves_rgba.png.002
Fra:1 Mem:1337.86M (Peak 1872.12M) | Time:60:57:42.16 | Mem:86.50M, Peak:86.50M | Scene | Updating Images | Loading island_tree_02_rough
Fra:1 Mem:1342.11M (Peak 1872.12M) | Time:60:57:42.16 | Mem:91.50M, Peak:91.50M | Scene | Updating Images | Loading island_tree_02_nor_gl
Fra:1 Mem:1346.11M (Peak 1872.12M) | Time:60:57:42.16 | Mem:91.50M, Peak:91.50M | Scene | Updating Images | Loading island_tree_02_leaves_diff-island_tree_02_leaves_alpha
Fra:1 Mem:1346.11M (Peak 1872.12M) | Time:60:57:42.16 | Mem:95.50M, Peak:95.50M | Scene | Updating Images | Loading island_tree_02_leaves_rough
Fra:1 Mem:1358.12M (Peak 1872.12M) | Time:60:57:42.16 | Mem:95.50M, Peak:95.50M | Scene | Updating Images | Loading island_tree_02_leaves_nor_gl
Fra:1 Mem:1362.12M (Peak 1872.12M) | Time:60:57:42.16 | Mem:95.50M, Peak:95.50M | Scene | Updating Images | Loading island_tree_02_leaves_diff_1k.png.001
Fra:1 Mem:1362.38M (Peak 1872.12M) | Time:60:57:42.16 | Mem:99.50M, Peak:99.50M | Scene | Updating Images | Loading island_tree_02_leaves_alpha_1k.png.001
Fra:1 Mem:1362.12M (Peak 1872.12M) | Time:60:57:42.16 | Mem:99.75M, Peak:99.75M | Scene | Updating Images | Loading island_tree_01_leaves_rgba.png.004
Fra:1 Mem:1362.12M (Peak 1872.12M) | Time:60:57:42.16 | Mem:103.75M, Peak:103.75M | Scene | Updating Images | Loading island_tree_02_branches_diff
Fra:1 Mem:1362.11M (Peak 1872.12M) | Time:60:57:42.16 | Mem:107.75M, Peak:107.75M | Scene | Updating Images | Loading island_tree_02_branches_rough
Fra:1 Mem:1368.37M (Peak 1872.12M) | Time:60:57:42.16 | Mem:119.75M, Peak:119.75M | Scene | Updating Images | Loading island_tree_02_branches_nor_gl
Fra:1 Mem:1372.37M (Peak 1872.12M) | Time:60:57:42.16 | Mem:119.75M, Peak:119.75M | Scene | Updating Images | Loading pine_sapling_small_bark_diff
Fra:1 Mem:1376.36M (Peak 1872.12M) | Time:60:57:42.16 | Mem:120.00M, Peak:120.00M | Scene | Updating Images | Loading fern_02_rgba.png.001
Fra:1 Mem:1377.37M (Peak 1872.12M) | Time:60:57:42.16 | Mem:124.00M, Peak:124.00M | Scene | Updating Images | Loading pine_sapling_small_bark_rough
Fra:1 Mem:1385.37M (Peak 1872.12M) | Time:60:57:42.16 | Mem:129.00M, Peak:129.00M | Scene | Updating Images | Loading pine_sapling_small_bark_nor_gl
Fra:1 Mem:1389.37M (Peak 1872.12M) | Time:60:57:42.16 | Mem:129.00M, Peak:129.00M | Scene | Updating Images | Loading pine_sapling_small_twig_diff
Fra:1 Mem:1393.37M (Peak 1872.12M) | Time:60:57:42.16 | Mem:133.00M, Peak:133.00M | Scene | Updating Images | Loading pine_sapling_small_twig_rough
Fra:1 Mem:1397.37M (Peak 1872.12M) | Time:60:57:42.16 | Mem:134.00M, Peak:134.00M | Scene | Updating Images | Loading pine_sapling_small_twig_nor_gl
Fra:1 Mem:1401.37M (Peak 1872.12M) | Time:60:57:42.16 | Mem:138.00M, Peak:138.00M | Scene | Updating Images | Loading pine_sapling_small_twig_diff_1k.png.001
Fra:1 Mem:1401.37M (Peak 1872.12M) | Time:60:57:42.16 | Mem:146.00M, Peak:146.00M | Scene | Updating Images | Loading pine_sapling_small_twig_alpha_1k.png.001
Fra:1 Mem:1401.37M (Peak 1872.12M) | Time:60:57:42.17 | Mem:146.00M, Peak:146.00M | Scene | Updating Images | Loading island_tree_01_leaves_diff_1k.png.002
Fra:1 Mem:1397.36M (Peak 1872.12M) | Time:60:57:42.17 | Mem:150.00M, Peak:150.00M | Scene | Updating Images | Loading island_tree_01_leaves_alpha_1k.png.002
Fra:1 Mem:1391.37M (Peak 1872.12M) | Time:60:57:42.17 | Mem:154.00M, Peak:154.00M | Scene | Updating Images | Loading island_tree_02_leaves_diff_1k.png.002
Fra:1 Mem:1390.36M (Peak 1872.12M) | Time:60:57:42.17 | Mem:155.00M, Peak:155.00M | Scene | Updating Images | Loading island_tree_01_leaves_rgba.png.003
Fra:1 Mem:1392.36M (Peak 1872.12M) | Time:60:57:42.17 | Mem:156.00M, Peak:156.00M | Scene | Updating Images | Loading island_tree_02_leaves_alpha_1k.png.002
Fra:1 Mem:1393.87M (Peak 1872.12M) | Time:60:57:42.17 | Mem:157.00M, Peak:157.00M | Scene | Updating Images | Loading pine_sapling_small_twig_diff_1k.png.002
Fra:1 Mem:1393.61M (Peak 1872.12M) | Time:60:57:42.17 | Mem:157.25M, Peak:157.25M | Scene | Updating Images | Loading pine_sapling_small_twig_rgba.png.001
Fra:1 Mem:1394.86M (Peak 1872.12M) | Time:60:57:42.17 | Mem:158.25M, Peak:158.25M | Scene | Updating Images | Loading pine_sapling_small_twig_alpha_1k.png.002
Fra:1 Mem:1396.12M (Peak 1872.12M) | Time:60:57:42.17 | Mem:160.25M, Peak:160.25M | Scene | Updating Images | Loading island_tree_01_leaves_diff_1k.png.003
Fra:1 Mem:1395.86M (Peak 1872.12M) | Time:60:57:42.17 | Mem:160.50M, Peak:160.50M | Scene | Updating Images | Loading island_tree_01_leaves_alpha_1k.png.003
Fra:1 Mem:1395.86M (Peak 1872.12M) | Time:60:57:42.17 | Mem:160.50M, Peak:160.50M | Scene | Updating Images | Loading island_tree_02_leaves_rgba.png.001
Fra:1 Mem:1395.86M (Peak 1872.12M) | Time:60:57:42.17 | Mem:160.50M, Peak:160.50M | Scene | Updating Images | Loading island_tree_02_leaves_diff_1k.png.003
Fra:1 Mem:1395.86M (Peak 1872.12M) | Time:60:57:42.17 | Mem:168.50M, Peak:168.50M | Scene | Updating Images | Loading island_tree_02_leaves_alpha_1k.png.003
Fra:1 Mem:1397.12M (Peak 1872.12M) | Time:60:57:42.17 | Mem:168.50M, Peak:168.50M | Scene | Updating Images | Loading pine_sapling_small_twig_diff_1k.png.003
Fra:1 Mem:1396.11M (Peak 1872.12M) | Time:60:57:42.17 | Mem:169.50M, Peak:169.50M | Scene | Updating Images | Loading pine_sapling_small_twig_alpha_1k.png.003
Fra:1 Mem:1396.11M (Peak 1872.12M) | Time:60:57:42.17 | Mem:169.75M, Peak:169.75M | Scene | Updating Images | Loading island_tree_01_leaves_rgba.png.002
Fra:1 Mem:1396.36M (Peak 1872.12M) | Time:60:57:42.17 | Mem:173.75M, Peak:173.75M | Scene | Updating Images | Loading island_tree_01_leaves_diff_1k.png.004
Fra:1 Mem:1397.36M (Peak 1872.12M) | Time:60:57:42.17 | Mem:174.00M, Peak:174.00M | Scene | Updating Images | Loading fern_02_rgba.png
Fra:1 Mem:1403.37M (Peak 1872.12M) | Time:60:57:42.18 | Mem:175.00M, Peak:175.00M | Scene | Updating Images | Loading island_tree_01_leaves_alpha_1k.png.004
Fra:1 Mem:1403.37M (Peak 1872.12M) | Time:60:57:42.18 | Mem:177.00M, Peak:177.00M | Scene | Updating Images | Loading island_tree_02_leaves_diff_1k.png.004
Fra:1 Mem:1403.37M (Peak 1872.12M) | Time:60:57:42.18 | Mem:177.00M, Peak:177.00M | Scene | Updating Images | Loading island_tree_02_leaves_alpha_1k.png.004
Fra:1 Mem:1404.37M (Peak 1872.12M) | Time:60:57:42.18 | Mem:178.00M, Peak:178.00M | Scene | Updating Images | Loading pine_sapling_small_twig_diff_1k.png.004
Fra:1 Mem:1405.37M (Peak 1872.12M) | Time:60:57:42.18 | Mem:180.00M, Peak:180.00M | Scene | Updating Images | Loading pine_sapling_small_twig_alpha_1k.png.004
Fra:1 Mem:1404.36M (Peak 1872.12M) | Time:60:57:42.18 | Mem:181.00M, Peak:181.00M | Scene | Updating Images | Loading island_tree_01_leaves_diff_1k.png.005
Fra:1 Mem:1406.37M (Peak 1872.12M) | Time:60:57:42.18 | Mem:182.00M, Peak:182.00M | Scene | Updating Images | Loading island_tree_01_leaves_alpha_1k.png.005
Fra:1 Mem:1405.36M (Peak 1872.12M) | Time:60:57:42.18 | Mem:183.00M, Peak:183.00M | Scene | Updating Images | Loading island_tree_01_leaves_rgba.png.001
Fra:1 Mem:1405.36M (Peak 1872.12M) | Time:60:57:42.18 | Mem:184.00M, Peak:184.00M | Scene | Updating Images | Loading island_tree_02_leaves_diff_1k.png.005
Fra:1 Mem:1407.61M (Peak 1872.12M) | Time:60:57:42.18 | Mem:185.00M, Peak:185.00M | Scene | Updating Images | Loading island_tree_02_leaves_alpha_1k.png.005
Fra:1 Mem:1407.61M (Peak 1872.12M) | Time:60:57:42.18 | Mem:185.25M, Peak:185.25M | Scene | Updating Images | Loading pine_sapling_small_twig_rgba.png
Fra:1 Mem:1409.61M (Peak 1872.12M) | Time:60:57:42.18 | Mem:187.25M, Peak:187.25M | Scene | Updating Images | Loading pine_sapling_small_twig_diff_1k.png.005
Fra:1 Mem:1412.87M (Peak 1872.12M) | Time:60:57:42.18 | Mem:188.25M, Peak:188.25M | Scene | Updating Images | Loading pine_sapling_small_twig_alpha_1k.png.005
Fra:1 Mem:1412.86M (Peak 1872.12M) | Time:60:57:42.18 | Mem:189.25M, Peak:189.25M | Scene | Updating Images | Loading island_tree_01_leaves_diff_1k.png.006
Fra:1 Mem:1412.86M (Peak 1872.12M) | Time:60:57:42.18 | Mem:189.50M, Peak:189.50M | Scene | Updating Images | Loading island_tree_02_leaves_rgba.png
Fra:1 Mem:1413.86M (Peak 1872.12M) | Time:60:57:42.18 | Mem:190.50M, Peak:190.50M | Scene | Updating Images | Loading island_tree_01_leaves_alpha_1k.png.006
Fra:1 Mem:1414.11M (Peak 1872.12M) | Time:60:57:42.18 | Mem:191.50M, Peak:191.50M | Scene | Updating Images | Loading island_tree_02_leaves_diff_1k.png.006
Fra:1 Mem:1416.12M (Peak 1872.12M) | Time:60:57:42.18 | Mem:192.50M, Peak:192.50M | Scene | Updating Images | Loading island_tree_02_leaves_alpha_1k.png.006
Fra:1 Mem:1415.37M (Peak 1872.12M) | Time:60:57:42.18 | Mem:193.50M, Peak:193.50M | Scene | Updating Images | Loading pine_sapling_small_twig_diff_1k.png.006
Fra:1 Mem:1415.11M (Peak 1872.12M) | Time:60:57:42.19 | Mem:193.75M, Peak:193.75M | Scene | Updating Images | Loading island_tree_01_leaves_rgba.png
Fra:1 Mem:1415.36M (Peak 1872.12M) | Time:60:57:42.19 | Mem:194.75M, Peak:194.75M | Scene | Updating Images | Loading pine_sapling_small_twig_alpha_1k.png.006
Fra:1 Mem:1417.36M (Peak 1872.12M) | Time:60:57:42.19 | Mem:195.00M, Peak:195.00M | Scene | Updating Images | Loading fern_02_alpha_1k.png.001
Fra:1 Mem:1417.36M (Peak 1872.12M) | Time:60:57:42.19 | Mem:196.00M, Peak:196.00M | Scene | Updating Images | Loading island_tree_01_leaves_diff_1k.png.007
Fra:1 Mem:1435.36M (Peak 1872.12M) | Time:60:57:42.19 | Mem:197.00M, Peak:197.00M | Scene | Updating Images | Loading island_tree_01_leaves_alpha_1k.png.007
Fra:1 Mem:1435.36M (Peak 1872.12M) | Time:60:57:42.19 | Mem:198.00M, Peak:198.00M | Scene | Updating Images | Loading island_tree_02_leaves_diff_1k.png.007
Fra:1 Mem:1438.36M (Peak 1872.12M) | Time:60:57:42.19 | Mem:200.00M, Peak:200.00M | Scene | Updating Images | Loading island_tree_02_leaves_alpha_1k.png.007
Fra:1 Mem:1439.36M (Peak 1872.12M) | Time:60:57:42.19 | Mem:200.00M, Peak:200.00M | Scene | Updating Images | Loading pine_sapling_small_twig_diff_1k.png.007
Fra:1 Mem:1439.36M (Peak 1872.12M) | Time:60:57:42.19 | Mem:200.00M, Peak:200.00M | Scene | Updating Images | Loading pine_sapling_small_twig_alpha_1k.png.007
Fra:1 Mem:1441.37M (Peak 1872.12M) | Time:60:57:42.19 | Mem:201.00M, Peak:201.00M | Scene | Updating Images | Loading island_tree_01_leaves_diff_1k.png.008
Fra:1 Mem:1441.36M (Peak 1872.12M) | Time:60:57:42.19 | Mem:202.00M, Peak:202.00M | Scene | Updating Images | Loading island_tree_01_leaves_alpha_1k.png.008
Fra:1 Mem:1441.36M (Peak 1872.12M) | Time:60:57:42.19 | Mem:203.00M, Peak:203.00M | Scene | Updating Images | Loading island_tree_02_leaves_diff_1k.png.008
Fra:1 Mem:1441.36M (Peak 1872.12M) | Time:60:57:42.19 | Mem:204.00M, Peak:204.00M | Scene | Updating Images | Loading island_tree_02_leaves_alpha_1k.png.008
Fra:1 Mem:1447.37M (Peak 1872.12M) | Time:60:57:42.20 | Mem:205.00M, Peak:205.00M | Scene | Updating Images | Loading pine_sapling_small_twig_diff_1k.png.008
Fra:1 Mem:1448.37M (Peak 1872.12M) | Time:60:57:42.20 | Mem:205.00M, Peak:205.00M | Scene | Updating Images | Loading pine_sapling_small_twig_alpha_1k.png.008
Fra:1 Mem:1449.39M (Peak 1872.12M) | Time:60:57:42.20 | Mem:206.00M, Peak:206.00M | Scene | Updating Images | Loading fern_02_diff_1k.png.002
Fra:1 Mem:1465.38M (Peak 1872.12M) | Time:60:57:42.20 | Mem:208.00M, Peak:208.00M | Scene | Updating Images | Loading fern_02_rough
Fra:1 Mem:1468.38M (Peak 1872.12M) | Time:60:57:42.20 | Mem:208.00M, Peak:208.00M | Scene | Updating Images | Loading fern_02_nor_gl
Fra:1 Mem:1472.38M (Peak 1872.12M) | Time:60:57:42.20 | Mem:209.00M, Peak:209.00M | Scene | Updating Images | Loading island_tree_01_leaves_diff_1k.png.009
Fra:1 Mem:1472.38M (Peak 1872.12M) | Time:60:57:42.20 | Mem:209.00M, Peak:209.00M | Scene | Updating Images | Loading island_tree_01_leaves_alpha_1k.png.009
Fra:1 Mem:1480.39M (Peak 1872.12M) | Time:60:57:42.20 | Mem:212.00M, Peak:212.00M | Scene | Updating Images | Loading island_tree_02_leaves_diff_1k.png.009
Fra:1 Mem:1480.38M (Peak 1872.12M) | Time:60:57:42.20 | Mem:213.00M, Peak:213.00M | Scene | Updating Images | Loading island_tree_02_leaves_alpha_1k.png.009
Fra:1 Mem:1480.38M (Peak 1872.12M) | Time:60:57:42.20 | Mem:214.00M, Peak:214.00M | Scene | Updating Images | Loading pine_sapling_small_twig_diff_1k.png.009
Fra:1 Mem:1467.38M (Peak 1872.12M) | Time:60:57:42.20 | Mem:215.00M, Peak:215.00M | Scene | Updating Images | Loading pine_sapling_small_twig_alpha_1k.png.009
Fra:1 Mem:1468.38M (Peak 1872.12M) | Time:60:57:42.20 | Mem:216.00M, Peak:216.00M | Scene | Updating Images | Loading fern_02_diff_1k.png.003
Fra:1 Mem:1476.38M (Peak 1872.12M) | Time:60:57:42.20 | Mem:218.00M, Peak:218.00M | Scene | Updating Images | Loading island_tree_01_leaves_diff_1k.png.010
Fra:1 Mem:1476.38M (Peak 1872.12M) | Time:60:57:42.20 | Mem:218.00M, Peak:218.00M | Scene | Updating Images | Loading island_tree_01_leaves_alpha_1k.png.010
Fra:1 Mem:1472.37M (Peak 1872.12M) | Time:60:57:42.20 | Mem:222.00M, Peak:222.00M | Scene | Updating Images | Loading island_tree_02_leaves_alpha_1k.png.010
Fra:1 Mem:1472.37M (Peak 1872.12M) | Time:60:57:42.20 | Mem:222.00M, Peak:222.00M | Scene | Updating Images | Loading pine_sapling_small_twig_diff_1k.png.010
Fra:1 Mem:1472.37M (Peak 1872.12M) | Time:60:57:42.20 | Mem:238.00M, Peak:238.00M | Scene | Updating Images | Loading fern_02_alpha_1k.png
Fra:1 Mem:1489.37M (Peak 1872.12M) | Time:60:57:42.21 | Mem:243.00M, Peak:243.00M | Scene | Updating Images | Loading pine_sapling_small_twig_alpha_1k.png.010
Fra:1 Mem:1494.37M (Peak 1872.12M) | Time:60:57:42.21 | Mem:248.00M, Peak:248.00M | Scene | Updating Images | Loading fern_02_diff_1k.png.004
Fra:1 Mem:1502.38M (Peak 1872.12M) | Time:60:57:42.21 | Mem:250.00M, Peak:250.00M | Scene | Updating Images | Loading island_tree_01_leaves_diff_1k.png.011
Fra:1 Mem:1498.37M (Peak 1872.12M) | Time:60:57:42.21 | Mem:251.00M, Peak:251.00M | Scene | Updating Images | Loading island_tree_01_leaves_alpha_1k.png.011
Fra:1 Mem:1498.37M (Peak 1872.12M) | Time:60:57:42.21 | Mem:251.00M, Peak:251.00M | Scene | Updating Images | Loading island_tree_02_leaves_diff_1k.png.011
Fra:1 Mem:1498.37M (Peak 1872.12M) | Time:60:57:42.21 | Mem:255.00M, Peak:255.00M | Scene | Updating Images | Loading island_tree_02_leaves_alpha_1k.png.011
Fra:1 Mem:1498.37M (Peak 1872.12M) | Time:60:57:42.21 | Mem:256.00M, Peak:256.00M | Scene | Updating Images | Loading pine_sapling_small_twig_diff_1k.png.011
Fra:1 Mem:1498.36M (Peak 1872.12M) | Time:60:57:42.21 | Mem:257.00M, Peak:257.00M | Scene | Updating Images | Loading pine_sapling_small_twig_alpha_1k.png.011
Fra:1 Mem:1508.38M (Peak 1872.12M) | Time:60:57:42.22 | Mem:261.00M, Peak:261.00M | Scene | Updating Images | Loading island_tree_01_leaves_diff_1k.png.012
Fra:1 Mem:1509.38M (Peak 1872.12M) | Time:60:57:42.22 | Mem:261.00M, Peak:261.00M | Scene | Updating Images | Loading island_tree_01_leaves_alpha_1k.png.012
Fra:1 Mem:1509.38M (Peak 1872.12M) | Time:60:57:42.22 | Mem:261.00M, Peak:261.00M | Scene | Updating Images | Loading fern_02_diff_1k.png.005
DETAIL CONTACT xiaoxiangguan bookcover 768 0.32
Fra:1 Mem:1194.39M (Peak 1872.12M) | Time:60:57:42.55 | Mem:0.00M, Peak:0.00M | Scene | Synchronizing object | xiaoxiangguan_plaster
Fra:1 Mem:1194.39M (Peak 1872.12M) | Time:60:57:42.55 | Mem:0.00M, Peak:0.00M | Scene | Synchronizing object | xiaoxiangguan_cutstone
Fra:1 Mem:1194.46M (Peak 1872.12M) | Time:60:57:42.55 | Mem:0.00M, Peak:0.00M | Scene | Synchronizing object | xiaoxiangguan_floorwood
Fra:1 Mem:1196.52M (Peak 1872.12M) | Time:60:57:42.55 | Mem:0.00M, Peak:0.00M | Scene | Synchronizing object | xiaoxiangguan_wood
Fra:1 Mem:1197.65M (Peak 1872.12M) | Time:60:57:42.55 | Mem:0.00M, Peak:0.00M | Scene | Synchronizing object | xiaoxiangguan_latticewood.001
Fra:1 Mem:1198.15M (Peak 1872.12M) | Time:60:57:42.55 | Mem:0.00M, Peak:0.00M | Scene | Synchronizing object | xiaoxiangguan_lantern
Fra:1 Mem:1198.16M (Peak 1872.12M) | Time:60:57:42.55 | Mem:0.00M, Peak:0.00M | Scene | Synchronizing object | xiaoxiangguan_bark
Fra:1 Mem:1198.32M (Peak 1872.12M) | Time:60:57:42.55 | Mem:0.00M, Peak:0.00M | Scene | Synchronizing object | xiaoxiangguan_silk
Fra:1 Mem:1199.14M (Peak 1872.12M) | Time:60:57:42.55 | Mem:0.00M, Peak:0.00M | Scene | Synchronizing object | xiaoxiangguan_gold
Fra:1 Mem:1199.98M (Peak 1872.12M) | Time:60:57:42.55 | Mem:0.00M, Peak:0.00M | Scene | Synchronizing object | xiaoxiangguan_ceramic.001
Fra:1 Mem:1200.02M (Peak 1872.12M) | Time:60:57:42.55 | Mem:0.00M, Peak:0.00M | Scene | Synchronizing object | xiaoxiangguan_creamflower
Fra:1 Mem:1200.02M (Peak 1872.12M) | Time:60:57:42.55 | Mem:0.00M, Peak:0.00M | Scene | Synchronizing object | xiaoxiangguan_leafdark
Fra:1 Mem:1200.64M (Peak 1872.12M) | Time:60:57:42.55 | Mem:0.00M, Peak:0.00M | Scene | Synchronizing object | xiaoxiangguan_bamboo
Fra:1 Mem:1203.13M (Peak 1872.12M) | Time:60:57:42.55 | Mem:0.00M, Peak:0.00M | Scene | Synchronizing object | xiaoxiangguan_ink.001
Fra:1 Mem:1204.29M (Peak 1872.12M) | Time:60:57:42.55 | Mem:0.00M, Peak:0.00M | Scene | Synchronizing object | xiaoxiangguan_lightleaf
Fra:1 Mem:1205.38M (Peak 1872.12M) | Time:60:57:42.55 | Mem:0.00M, Peak:0.00M | Scene | Synchronizing object | xiaoxiangguan_ivory.001
Fra:1 Mem:1206.27M (Peak 1872.12M) | Time:60:57:42.55 | Mem:0.00M, Peak:0.00M | Scene | Synchronizing object | xiaoxiangguan_leaf
Fra:1 Mem:1210.52M (Peak 1872.12M) | Time:60:57:42.55 | Mem:0.00M, Peak:0.00M | Scene | Synchronizing object | xiaoxiangguan_paper
Fra:1 Mem:1211.89M (Peak 1872.12M) | Time:60:57:42.55 | Mem:0.00M, Peak:0.00M | Scene | Synchronizing object | xiaoxiangguan_bookcloth.001
Fra:1 Mem:1212.10M (Peak 1872.12M) | Time:60:57:42.55 | Mem:0.00M, Peak:0.00M | Scene | Synchronizing object | xiaoxiangguan_furniture
Fra:1 Mem:1213.10M (Peak 1872.12M) | Time:60:57:42.55 | Mem:0.00M, Peak:0.00M | Scene | Synchronizing object | xiaoxiangguan_water.001
Fra:1 Mem:1213.10M (Peak 1872.12M) | Time:60:57:42.55 | Mem:0.00M, Peak:0.00M | Scene | Synchronizing object | xiaoxiangguan_bankstone
Fra:1 Mem:1220.36M (Peak 1872.12M) | Time:60:57:42.55 | Mem:0.00M, Peak:0.00M | Scene | Initializing
Fra:1 Mem:1220.36M (Peak 1872.12M) | Time:60:57:42.55 | Mem:0.00M, Peak:0.00M | Scene | Updating Images | Loading fern_02_rgba.png.003
Fra:1 Mem:1220.36M (Peak 1872.12M) | Time:60:57:42.55 | Mem:0.00M, Peak:0.00M | Scene | Updating Images | Loading forest_grove.hdr
Fra:1 Mem:1221.36M (Peak 1872.12M) | Time:60:57:42.55 | Mem:0.00M, Peak:0.00M | Scene | Updating Images | Loading r12_stone_diff.001
Fra:1 Mem:1222.36M (Peak 1872.12M) | Time:60:57:42.55 | Mem:0.00M, Peak:0.00M | Scene | Updating Images | Loading r12_cutstone_diff.001
Fra:1 Mem:1222.36M (Peak 1872.12M) | Time:60:57:42.55 | Mem:0.00M, Peak:0.00M | Scene | Updating Images | Loading r12_cutstone_rough.001
Fra:1 Mem:1227.37M (Peak 1872.12M) | Time:60:57:42.55 | Mem:1.00M, Peak:1.00M | Scene | Updating Images | Loading r12_darkwood_diff.001
Fra:1 Mem:1228.37M (Peak 1872.12M) | Time:60:57:42.55 | Mem:2.00M, Peak:2.00M | Scene | Updating Images | Loading r12_darkwood_nor_gl.001
Fra:1 Mem:1229.37M (Peak 1872.12M) | Time:60:57:42.55 | Mem:3.00M, Peak:3.00M | Scene | Updating Images | Loading r12_darkwood_rough.001
Fra:1 Mem:1230.38M (Peak 1872.12M) | Time:60:57:42.55 | Mem:4.00M, Peak:4.00M | Scene | Updating Images | Loading island_tree_01_leaves_rgba.png.007
Fra:1 Mem:1230.63M (Peak 1872.12M) | Time:60:57:42.55 | Mem:5.00M, Peak:5.00M | Scene | Updating Images | Loading r12_floorwood_diff.001
Fra:1 Mem:1231.63M (Peak 1872.12M) | Time:60:57:42.55 | Mem:8.00M, Peak:8.00M | Scene | Updating Images | Loading r12_floorwood_nor_gl.001
Fra:1 Mem:1231.63M (Peak 1872.12M) | Time:60:57:42.55 | Mem:8.00M, Peak:8.00M | Scene | Updating Images | Loading r12_wood_diff.001
Fra:1 Mem:1233.63M (Peak 1872.12M) | Time:60:57:42.55 | Mem:8.25M, Peak:8.25M | Scene | Updating Images | Loading pine_sapling_small_twig_rgba.png.003
Fra:1 Mem:1242.89M (Peak 1872.12M) | Time:60:57:42.55 | Mem:8.50M, Peak:8.50M | Scene | Updating Images | Loading island_tree_02_leaves_rgba.png.003
Fra:1 Mem:1243.14M (Peak 1872.12M) | Time:60:57:42.55 | Mem:10.50M, Peak:10.50M | Scene | Updating Images | Loading r12_wood_nor_gl.001
Fra:1 Mem:1244.14M (Peak 1872.12M) | Time:60:57:42.55 | Mem:11.50M, Peak:11.50M | Scene | Updating Images | Loading r12_wood_rough.001
Fra:1 Mem:1245.14M (Peak 1872.12M) | Time:60:57:42.55 | Mem:11.50M, Peak:11.50M | Scene | Updating Images | Loading r12_furniture_diff.001
Fra:1 Mem:1246.14M (Peak 1872.12M) | Time:60:57:42.55 | Mem:11.75M, Peak:11.75M | Scene | Updating Images | Loading island_tree_01_leaves_rgba.png.006
Fra:1 Mem:1246.39M (Peak 1872.12M) | Time:60:57:42.55 | Mem:13.75M, Peak:13.75M | Scene | Updating Images | Loading r12_furniture_rough.001
Fra:1 Mem:1247.39M (Peak 1872.12M) | Time:60:57:42.55 | Mem:13.75M, Peak:13.75M | Scene | Updating Images | Loading r12_furniture_nor_gl.001
Fra:1 Mem:1248.39M (Peak 1872.12M) | Time:60:57:42.55 | Mem:14.00M, Peak:14.00M | Scene | Updating Images | Loading fern_02_rgba.png.002
Fra:1 Mem:1248.39M (Peak 1872.12M) | Time:60:57:42.55 | Mem:15.00M, Peak:15.00M | Scene | Updating Images | Loading r12_latticewood_diff.001
Fra:1 Mem:1249.39M (Peak 1872.12M) | Time:60:57:42.55 | Mem:16.00M, Peak:16.00M | Scene | Updating Images | Loading r12_latticewood_nor_gl.001
Fra:1 Mem:1250.39M (Peak 1872.12M) | Time:60:57:42.55 | Mem:18.00M, Peak:18.00M | Scene | Updating Images | Loading r12_latticewood_rough.001
Fra:1 Mem:1250.39M (Peak 1872.12M) | Time:60:57:42.55 | Mem:18.00M, Peak:18.00M | Scene | Updating Images | Loading r12_roof_diff.001
Fra:1 Mem:1253.39M (Peak 1872.12M) | Time:60:57:42.55 | Mem:19.00M, Peak:19.00M | Scene | Updating Images | Loading r12_roof_nor_gl.001
Fra:1 Mem:1254.39M (Peak 1872.12M) | Time:60:57:42.55 | Mem:20.00M, Peak:20.00M | Scene | Updating Images | Loading r12_roof_rough.001
Fra:1 Mem:1255.39M (Peak 1872.12M) | Time:60:57:42.55 | Mem:22.00M, Peak:22.00M | Scene | Updating Images | Loading r12_tilelight_diff.001
Fra:1 Mem:1255.39M (Peak 1872.12M) | Time:60:57:42.55 | Mem:22.00M, Peak:22.00M | Scene | Updating Images | Loading r12_tilelight_nor_gl.001
Fra:1 Mem:1257.39M (Peak 1872.12M) | Time:60:57:42.55 | Mem:23.00M, Peak:23.00M | Scene | Updating Images | Loading r12_tilelight_rough.001
Fra:1 Mem:1258.39M (Peak 1872.12M) | Time:60:57:42.55 | Mem:24.00M, Peak:24.00M | Scene | Updating Images | Loading r12_tile_diff.001
Fra:1 Mem:1259.39M (Peak 1872.12M) | Time:60:57:42.55 | Mem:26.00M, Peak:26.00M | Scene | Updating Images | Loading r12_tile_nor_gl.001
Fra:1 Mem:1260.39M (Peak 1872.12M) | Time:60:57:42.55 | Mem:26.00M, Peak:26.00M | Scene | Updating Images | Loading r12_tile_rough.001
Fra:1 Mem:1261.39M (Peak 1872.12M) | Time:60:57:42.55 | Mem:27.00M, Peak:27.00M | Scene | Updating Images | Loading r12_tiledark_diff.001
Fra:1 Mem:1262.39M (Peak 1872.12M) | Time:60:57:42.55 | Mem:28.00M, Peak:28.00M | Scene | Updating Images | Loading r12_tiledark_nor_gl.001
Fra:1 Mem:1263.39M (Peak 1872.12M) | Time:60:57:42.55 | Mem:29.00M, Peak:29.00M | Scene | Updating Images | Loading r12_tiledark_rough.001
Fra:1 Mem:1264.39M (Peak 1872.12M) | Time:60:57:42.55 | Mem:30.00M, Peak:30.00M | Scene | Updating Images | Loading rock_moss_set_01_diff
Fra:1 Mem:1268.39M (Peak 1872.12M) | Time:60:57:42.55 | Mem:31.00M, Peak:31.00M | Scene | Updating Images | Loading rock_moss_set_01_nor_gl
Fra:1 Mem:1272.39M (Peak 1872.12M) | Time:60:57:42.55 | Mem:32.00M, Peak:32.00M | Scene | Updating Images | Loading r12_paving_diff.001
Fra:1 Mem:1273.39M (Peak 1872.12M) | Time:60:57:42.55 | Mem:33.00M, Peak:33.00M | Scene | Updating Images | Loading r12_paving_nor_gl.001
Fra:1 Mem:1274.39M (Peak 1872.12M) | Time:60:57:42.55 | Mem:34.00M, Peak:34.00M | Scene | Updating Images | Loading r12_paving_rough.001
Fra:1 Mem:1275.39M (Peak 1872.12M) | Time:60:57:42.55 | Mem:35.00M, Peak:35.00M | Scene | Updating Images | Loading r12_gardenstone_diff
Fra:1 Mem:1276.39M (Peak 1872.12M) | Time:60:57:42.55 | Mem:36.00M, Peak:36.00M | Scene | Updating Images | Loading r12_gardenstone_nor_gl
Fra:1 Mem:1277.39M (Peak 1872.12M) | Time:60:57:42.55 | Mem:37.00M, Peak:37.00M | Scene | Updating Images | Loading r12_gardenstone_rough
Fra:1 Mem:1278.39M (Peak 1872.12M) | Time:60:57:42.55 | Mem:38.00M, Peak:38.00M | Scene | Updating Images | Loading worn_mossy_plasterwall.jpg
Fra:1 Mem:1282.39M (Peak 1872.12M) | Time:60:57:42.55 | Mem:39.00M, Peak:39.00M | Scene | Updating Images | Loading r12_bankstone_diff.001
Fra:1 Mem:1282.39M (Peak 1872.12M) | Time:60:57:42.55 | Mem:43.00M, Peak:43.00M | Scene | Updating Images | Loading r12_bankstone_nor_gl.001
Fra:1 Mem:1282.39M (Peak 1872.12M) | Time:60:57:42.55 | Mem:44.00M, Peak:44.00M | Scene | Updating Images | Loading r12_bankstone_rough.001
Fra:1 Mem:1282.39M (Peak 1872.12M) | Time:60:57:42.55 | Mem:49.00M, Peak:49.00M | Scene | Updating Images | Loading island_tree_01_diff
Fra:1 Mem:1286.39M (Peak 1872.12M) | Time:60:57:42.55 | Mem:49.00M, Peak:49.00M | Scene | Updating Images | Loading island_tree_01_rough
Fra:1 Mem:1293.39M (Peak 1872.12M) | Time:60:57:42.56 | Mem:53.00M, Peak:53.00M | Scene | Updating Images | Loading island_tree_01_nor_gl
Fra:1 Mem:1298.40M (Peak 1872.12M) | Time:60:57:42.56 | Mem:57.00M, Peak:57.00M | Scene | Updating Images | Loading island_tree_01_leaves_diff-island_tree_01_leaves_alpha
Fra:1 Mem:1302.40M (Peak 1872.12M) | Time:60:57:42.56 | Mem:61.00M, Peak:61.00M | Scene | Updating Images | Loading island_tree_01_leaves_rough
Fra:1 Mem:1305.39M (Peak 1872.12M) | Time:60:57:42.56 | Mem:62.00M, Peak:62.00M | Scene | Updating Images | Loading island_tree_01_leaves_rgba.png.005
Fra:1 Mem:1305.64M (Peak 1872.12M) | Time:60:57:42.56 | Mem:66.00M, Peak:66.00M | Scene | Updating Images | Loading island_tree_01_leaves_nor_gl
Fra:1 Mem:1309.64M (Peak 1872.12M) | Time:60:57:42.56 | Mem:67.00M, Peak:67.00M | Scene | Updating Images | Loading island_tree_01_branches_diff
Fra:1 Mem:1315.64M (Peak 1872.12M) | Time:60:57:42.56 | Mem:71.00M, Peak:71.00M | Scene | Updating Images | Loading island_tree_01_branches_rough
Fra:1 Mem:1327.64M (Peak 1872.12M) | Time:60:57:42.56 | Mem:71.25M, Peak:71.25M | Scene | Updating Images | Loading pine_sapling_small_twig_rgba.png.002
Fra:1 Mem:1327.64M (Peak 1872.12M) | Time:60:57:42.56 | Mem:75.25M, Peak:75.25M | Scene | Updating Images | Loading island_tree_01_branches_nor_gl
Fra:1 Mem:1332.15M (Peak 1872.12M) | Time:60:57:42.56 | Mem:83.25M, Peak:83.25M | Scene | Updating Images | Loading island_tree_01_leaves_diff_1k.png.001
Fra:1 Mem:1331.89M (Peak 1872.12M) | Time:60:57:42.56 | Mem:83.50M, Peak:83.50M | Scene | Updating Images | Loading island_tree_02_leaves_rgba.png.002
Fra:1 Mem:1331.89M (Peak 1872.12M) | Time:60:57:42.56 | Mem:83.50M, Peak:83.50M | Scene | Updating Images | Loading island_tree_01_leaves_alpha_1k.png.001
Fra:1 Mem:1332.14M (Peak 1872.12M) | Time:60:57:42.56 | Mem:84.50M, Peak:84.50M | Scene | Updating Images | Loading island_tree_02_diff
Fra:1 Mem:1336.14M (Peak 1872.12M) | Time:60:57:42.56 | Mem:85.50M, Peak:85.50M | Scene | Updating Images | Loading island_tree_02_rough
Fra:1 Mem:1344.15M (Peak 1872.12M) | Time:60:57:42.56 | Mem:85.75M, Peak:85.75M | Scene | Updating Images | Loading island_tree_01_leaves_rgba.png.004
Fra:1 Mem:1346.40M (Peak 1872.12M) | Time:60:57:42.56 | Mem:89.75M, Peak:89.75M | Scene | Updating Images | Loading island_tree_02_nor_gl
Fra:1 Mem:1350.40M (Peak 1872.12M) | Time:60:57:42.56 | Mem:93.75M, Peak:93.75M | Scene | Updating Images | Loading island_tree_02_leaves_diff-island_tree_02_leaves_alpha
Fra:1 Mem:1350.40M (Peak 1872.12M) | Time:60:57:42.56 | Mem:97.75M, Peak:97.75M | Scene | Updating Images | Loading island_tree_02_leaves_rough
Fra:1 Mem:1354.40M (Peak 1872.12M) | Time:60:57:42.56 | Mem:101.75M, Peak:101.75M | Scene | Updating Images | Loading island_tree_02_leaves_nor_gl
Fra:1 Mem:1358.65M (Peak 1872.12M) | Time:60:57:42.56 | Mem:102.75M, Peak:102.75M | Scene | Updating Images | Loading island_tree_02_leaves_diff_1k.png.001
Fra:1 Mem:1358.39M (Peak 1872.12M) | Time:60:57:42.56 | Mem:103.00M, Peak:103.00M | Scene | Updating Images | Loading fern_02_rgba.png.001
Fra:1 Mem:1358.39M (Peak 1872.12M) | Time:60:57:42.56 | Mem:107.00M, Peak:107.00M | Scene | Updating Images | Loading island_tree_02_leaves_alpha_1k.png.001
Fra:1 Mem:1358.39M (Peak 1872.12M) | Time:60:57:42.56 | Mem:111.00M, Peak:111.00M | Scene | Updating Images | Loading island_tree_02_branches_diff
Fra:1 Mem:1363.40M (Peak 1872.12M) | Time:60:57:42.57 | Mem:115.00M, Peak:115.00M | Scene | Updating Images | Loading island_tree_02_branches_rough
Fra:1 Mem:1366.39M (Peak 1872.12M) | Time:60:57:42.57 | Mem:116.00M, Peak:116.00M | Scene | Updating Images | Loading island_tree_02_branches_nor_gl
Fra:1 Mem:1371.39M (Peak 1872.12M) | Time:60:57:42.57 | Mem:120.00M, Peak:120.00M | Scene | Updating Images | Loading pine_sapling_small_bark_diff
Fra:1 Mem:1375.39M (Peak 1872.12M) | Time:60:57:42.57 | Mem:124.00M, Peak:124.00M | Scene | Updating Images | Loading pine_sapling_small_bark_rough
Fra:1 Mem:1384.40M (Peak 1872.12M) | Time:60:57:42.57 | Mem:128.00M, Peak:128.00M | Scene | Updating Images | Loading pine_sapling_small_bark_nor_gl
Fra:1 Mem:1389.40M (Peak 1872.12M) | Time:60:57:42.57 | Mem:132.00M, Peak:132.00M | Scene | Updating Images | Loading pine_sapling_small_twig_diff
Fra:1 Mem:1393.41M (Peak 1872.12M) | Time:60:57:42.57 | Mem:136.00M, Peak:136.00M | Scene | Updating Images | Loading pine_sapling_small_twig_rough
Fra:1 Mem:1397.40M (Peak 1872.12M) | Time:60:57:42.57 | Mem:141.00M, Peak:141.00M | Scene | Updating Images | Loading pine_sapling_small_twig_nor_gl
Fra:1 Mem:1401.41M (Peak 1872.12M) | Time:60:57:42.57 | Mem:141.00M, Peak:141.00M | Scene | Updating Images | Loading pine_sapling_small_twig_diff_1k.png.001
Fra:1 Mem:1398.40M (Peak 1872.12M) | Time:60:57:42.57 | Mem:145.00M, Peak:145.00M | Scene | Updating Images | Loading pine_sapling_small_twig_alpha_1k.png.001
Fra:1 Mem:1397.39M (Peak 1872.12M) | Time:60:57:42.57 | Mem:146.00M, Peak:146.00M | Scene | Updating Images | Loading island_tree_01_leaves_diff_1k.png.002
Fra:1 Mem:1389.39M (Peak 1872.12M) | Time:60:57:42.57 | Mem:147.00M, Peak:147.00M | Scene | Updating Images | Loading island_tree_01_leaves_rgba.png.003
Fra:1 Mem:1389.39M (Peak 1872.12M) | Time:60:57:42.57 | Mem:151.00M, Peak:151.00M | Scene | Updating Images | Loading island_tree_01_leaves_alpha_1k.png.002
Fra:1 Mem:1389.64M (Peak 1872.12M) | Time:60:57:42.57 | Mem:155.00M, Peak:155.00M | Scene | Updating Images | Loading island_tree_02_leaves_diff_1k.png.002
Fra:1 Mem:1389.64M (Peak 1872.12M) | Time:60:57:42.57 | Mem:155.25M, Peak:155.25M | Scene | Updating Images | Loading pine_sapling_small_twig_rgba.png.001
Fra:1 Mem:1394.90M (Peak 1872.12M) | Time:60:57:42.57 | Mem:156.25M, Peak:156.25M | Scene | Updating Images | Loading island_tree_02_leaves_alpha_1k.png.002
Fra:1 Mem:1394.89M (Peak 1872.12M) | Time:60:57:42.57 | Mem:156.50M, Peak:156.50M | Scene | Updating Images | Loading island_tree_02_leaves_rgba.png.001
Fra:1 Mem:1394.89M (Peak 1872.12M) | Time:60:57:42.57 | Mem:157.50M, Peak:157.50M | Scene | Updating Images | Loading pine_sapling_small_twig_diff_1k.png.002
Fra:1 Mem:1394.89M (Peak 1872.12M) | Time:60:57:42.57 | Mem:158.50M, Peak:158.50M | Scene | Updating Images | Loading pine_sapling_small_twig_alpha_1k.png.002
Fra:1 Mem:1396.15M (Peak 1872.12M) | Time:60:57:42.57 | Mem:158.50M, Peak:158.50M | Scene | Updating Images | Loading island_tree_01_leaves_diff_1k.png.003
Fra:1 Mem:1396.15M (Peak 1872.12M) | Time:60:57:42.58 | Mem:158.50M, Peak:158.50M | Scene | Updating Images | Loading island_tree_01_leaves_alpha_1k.png.003
Fra:1 Mem:1407.17M (Peak 1872.12M) | Time:60:57:42.58 | Mem:158.75M, Peak:158.75M | Scene | Updating Images | Loading island_tree_01_leaves_rgba.png.002
Fra:1 Mem:1406.16M (Peak 1872.12M) | Time:60:57:42.58 | Mem:159.75M, Peak:159.75M | Scene | Updating Images | Loading island_tree_02_leaves_diff_1k.png.003
Fra:1 Mem:1402.15M (Peak 1872.12M) | Time:60:57:42.58 | Mem:163.75M, Peak:163.75M | Scene | Updating Images | Loading island_tree_02_leaves_alpha_1k.png.003
Fra:1 Mem:1394.39M (Peak 1872.12M) | Time:60:57:42.58 | Mem:171.75M, Peak:171.75M | Scene | Updating Images | Loading pine_sapling_small_twig_diff_1k.png.003
Fra:1 Mem:1395.39M (Peak 1872.12M) | Time:60:57:42.58 | Mem:172.00M, Peak:172.00M | Scene | Updating Images | Loading fern_02_rgba.png
Fra:1 Mem:1398.40M (Peak 1872.12M) | Time:60:57:42.58 | Mem:173.00M, Peak:173.00M | Scene | Updating Images | Loading pine_sapling_small_twig_alpha_1k.png.003
Fra:1 Mem:1399.39M (Peak 1872.12M) | Time:60:57:42.58 | Mem:175.00M, Peak:175.00M | Scene | Updating Images | Loading island_tree_01_leaves_diff_1k.png.004
Fra:1 Mem:1400.39M (Peak 1872.12M) | Time:60:57:42.58 | Mem:176.00M, Peak:176.00M | Scene | Updating Images | Loading island_tree_01_leaves_alpha_1k.png.004
Fra:1 Mem:1401.40M (Peak 1872.12M) | Time:60:57:42.58 | Mem:176.00M, Peak:176.00M | Scene | Updating Images | Loading island_tree_02_leaves_diff_1k.png.004
Fra:1 Mem:1403.41M (Peak 1872.12M) | Time:60:57:42.58 | Mem:177.00M, Peak:177.00M | Scene | Updating Images | Loading island_tree_02_leaves_alpha_1k.png.004
Fra:1 Mem:1403.40M (Peak 1872.12M) | Time:60:57:42.58 | Mem:178.00M, Peak:178.00M | Scene | Updating Images | Loading pine_sapling_small_twig_diff_1k.png.004
Fra:1 Mem:1402.39M (Peak 1872.12M) | Time:60:57:42.58 | Mem:179.00M, Peak:179.00M | Scene | Updating Images | Loading island_tree_01_leaves_rgba.png.001
Fra:1 Mem:1404.40M (Peak 1872.12M) | Time:60:57:42.58 | Mem:180.00M, Peak:180.00M | Scene | Updating Images | Loading pine_sapling_small_twig_alpha_1k.png.004
Fra:1 Mem:1404.64M (Peak 1872.12M) | Time:60:57:42.58 | Mem:181.00M, Peak:181.00M | Scene | Updating Images | Loading island_tree_01_leaves_diff_1k.png.005
Fra:1 Mem:1405.65M (Peak 1872.12M) | Time:60:57:42.58 | Mem:181.25M, Peak:181.25M | Scene | Updating Images | Loading pine_sapling_small_twig_rgba.png
Fra:1 Mem:1406.65M (Peak 1872.12M) | Time:60:57:42.58 | Mem:182.25M, Peak:182.25M | Scene | Updating Images | Loading island_tree_01_leaves_alpha_1k.png.005
Fra:1 Mem:1406.89M (Peak 1872.12M) | Time:60:57:42.58 | Mem:185.25M, Peak:185.25M | Scene | Updating Images | Loading island_tree_02_leaves_diff_1k.png.005
Fra:1 Mem:1409.15M (Peak 1872.12M) | Time:60:57:42.59 | Mem:186.25M, Peak:186.25M | Scene | Updating Images | Loading island_tree_02_leaves_alpha_1k.png.005
Fra:1 Mem:1408.89M (Peak 1872.12M) | Time:60:57:42.59 | Mem:186.50M, Peak:186.50M | Scene | Updating Images | Loading island_tree_02_leaves_rgba.png
Fra:1 Mem:1409.89M (Peak 1872.12M) | Time:60:57:42.59 | Mem:187.50M, Peak:187.50M | Scene | Updating Images | Loading pine_sapling_small_twig_diff_1k.png.005
Fra:1 Mem:1412.40M (Peak 1872.12M) | Time:60:57:42.59 | Mem:188.50M, Peak:188.50M | Scene | Updating Images | Loading pine_sapling_small_twig_alpha_1k.png.005
Fra:1 Mem:1412.14M (Peak 1872.12M) | Time:60:57:42.59 | Mem:188.75M, Peak:188.75M | Scene | Updating Images | Loading island_tree_01_leaves_rgba.png
Fra:1 Mem:1412.14M (Peak 1872.12M) | Time:60:57:42.59 | Mem:189.75M, Peak:189.75M | Scene | Updating Images | Loading island_tree_01_leaves_diff_1k.png.006
Fra:1 Mem:1413.39M (Peak 1872.12M) | Time:60:57:42.59 | Mem:190.75M, Peak:190.75M | Scene | Updating Images | Loading island_tree_01_leaves_alpha_1k.png.006
Fra:1 Mem:1413.39M (Peak 1872.12M) | Time:60:57:42.59 | Mem:191.75M, Peak:191.75M | Scene | Updating Images | Loading island_tree_02_leaves_diff_1k.png.006
Fra:1 Mem:1414.39M (Peak 1872.12M) | Time:60:57:42.59 | Mem:192.00M, Peak:192.00M | Scene | Updating Images | Loading fern_02_alpha_1k.png.001
Fra:1 Mem:1415.40M (Peak 1872.12M) | Time:60:57:42.59 | Mem:193.00M, Peak:193.00M | Scene | Updating Images | Loading island_tree_02_leaves_alpha_1k.png.006
Fra:1 Mem:1431.39M (Peak 1872.12M) | Time:60:57:42.59 | Mem:194.00M, Peak:194.00M | Scene | Updating Images | Loading pine_sapling_small_twig_diff_1k.png.006
Fra:1 Mem:1433.39M (Peak 1872.12M) | Time:60:57:42.59 | Mem:195.00M, Peak:195.00M | Scene | Updating Images | Loading pine_sapling_small_twig_alpha_1k.png.006
Fra:1 Mem:1434.39M (Peak 1872.12M) | Time:60:57:42.59 | Mem:196.00M, Peak:196.00M | Scene | Updating Images | Loading island_tree_01_leaves_diff_1k.png.007
Fra:1 Mem:1435.39M (Peak 1872.12M) | Time:60:57:42.59 | Mem:196.00M, Peak:196.00M | Scene | Updating Images | Loading island_tree_01_leaves_alpha_1k.png.007
Fra:1 Mem:1436.39M (Peak 1872.12M) | Time:60:57:42.59 | Mem:197.00M, Peak:197.00M | Scene | Updating Images | Loading island_tree_02_leaves_diff_1k.png.007
Fra:1 Mem:1437.39M (Peak 1872.12M) | Time:60:57:42.59 | Mem:198.00M, Peak:198.00M | Scene | Updating Images | Loading island_tree_02_leaves_alpha_1k.png.007
Fra:1 Mem:1437.39M (Peak 1872.12M) | Time:60:57:42.59 | Mem:199.00M, Peak:199.00M | Scene | Updating Images | Loading pine_sapling_small_twig_diff_1k.png.007
Fra:1 Mem:1438.39M (Peak 1872.12M) | Time:60:57:42.60 | Mem:200.00M, Peak:200.00M | Scene | Updating Images | Loading pine_sapling_small_twig_alpha_1k.png.007
Fra:1 Mem:1440.39M (Peak 1872.12M) | Time:60:57:42.60 | Mem:201.00M, Peak:201.00M | Scene | Updating Images | Loading island_tree_01_leaves_diff_1k.png.008
Fra:1 Mem:1442.40M (Peak 1872.12M) | Time:60:57:42.60 | Mem:202.00M, Peak:202.00M | Scene | Updating Images | Loading island_tree_01_leaves_alpha_1k.png.008
Fra:1 Mem:1445.41M (Peak 1872.12M) | Time:60:57:42.60 | Mem:204.00M, Peak:204.00M | Scene | Updating Images | Loading island_tree_02_leaves_diff_1k.png.008
Fra:1 Mem:1446.41M (Peak 1872.12M) | Time:60:57:42.60 | Mem:205.00M, Peak:205.00M | Scene | Updating Images | Loading island_tree_02_leaves_alpha_1k.png.008
Fra:1 Mem:1445.39M (Peak 1872.12M) | Time:60:57:42.60 | Mem:206.00M, Peak:206.00M | Scene | Updating Images | Loading pine_sapling_small_twig_diff_1k.png.008
Fra:1 Mem:1445.39M (Peak 1872.12M) | Time:60:57:42.60 | Mem:207.00M, Peak:207.00M | Scene | Updating Images | Loading pine_sapling_small_twig_alpha_1k.png.008
Fra:1 Mem:1462.40M (Peak 1872.12M) | Time:60:57:42.60 | Mem:208.00M, Peak:208.00M | Scene | Updating Images | Loading fern_02_diff_1k.png.002
Fra:1 Mem:1462.40M (Peak 1872.12M) | Time:60:57:42.60 | Mem:208.00M, Peak:208.00M | Scene | Updating Images | Loading fern_02_rough
Fra:1 Mem:1466.40M (Peak 1872.12M) | Time:60:57:42.60 | Mem:209.00M, Peak:209.00M | Scene | Updating Images | Loading fern_02_nor_gl
Fra:1 Mem:1478.41M (Peak 1872.12M) | Time:60:57:42.60 | Mem:210.00M, Peak:210.00M | Scene | Updating Images | Loading island_tree_01_leaves_diff_1k.png.009
Fra:1 Mem:1478.41M (Peak 1872.12M) | Time:60:57:42.60 | Mem:211.00M, Peak:211.00M | Scene | Updating Images | Loading island_tree_01_leaves_alpha_1k.png.009
Fra:1 Mem:1465.42M (Peak 1872.12M) | Time:60:57:42.60 | Mem:212.00M, Peak:212.00M | Scene | Updating Images | Loading island_tree_02_leaves_diff_1k.png.009
Fra:1 Mem:1464.41M (Peak 1872.12M) | Time:60:57:42.60 | Mem:213.00M, Peak:213.00M | Scene | Updating Images | Loading island_tree_02_leaves_alpha_1k.png.009
Fra:1 Mem:1464.41M (Peak 1872.12M) | Time:60:57:42.60 | Mem:213.00M, Peak:213.00M | Scene | Updating Images | Loading pine_sapling_small_twig_diff_1k.png.009
Fra:1 Mem:1464.41M (Peak 1872.12M) | Time:60:57:42.60 | Mem:214.00M, Peak:214.00M | Scene | Updating Images | Loading pine_sapling_small_twig_alpha_1k.png.009
Fra:1 Mem:1472.41M (Peak 1872.12M) | Time:60:57:42.61 | Mem:217.00M, Peak:217.00M | Scene | Updating Images | Loading fern_02_diff_1k.png.003
Fra:1 Mem:1468.40M (Peak 1872.12M) | Time:60:57:42.61 | Mem:221.00M, Peak:221.00M | Scene | Updating Images | Loading island_tree_01_leaves_alpha_1k.png.010
Fra:1 Mem:1468.40M (Peak 1872.12M) | Time:60:57:42.61 | Mem:221.00M, Peak:221.00M | Scene | Updating Images | Loading island_tree_02_leaves_diff_1k.png.010
Fra:1 Mem:1468.39M (Peak 1872.12M) | Time:60:57:42.61 | Mem:222.00M, Peak:222.00M | Scene | Updating Images | Loading island_tree_02_leaves_alpha_1k.png.010
Fra:1 Mem:1468.39M (Peak 1872.12M) | Time:60:57:42.61 | Mem:223.00M, Peak:223.00M | Scene | Updating Images | Loading pine_sapling_small_twig_diff_1k.png.010
Fra:1 Mem:1468.39M (Peak 1872.12M) | Time:60:57:42.61 | Mem:239.00M, Peak:239.00M | Scene | Updating Images | Loading fern_02_alpha_1k.png
Fra:1 Mem:1484.39M (Peak 1872.12M) | Time:60:57:42.61 | Mem:243.00M, Peak:243.00M | Scene | Updating Images | Loading pine_sapling_small_twig_alpha_1k.png.010
Fra:1 Mem:1494.40M (Peak 1872.12M) | Time:60:57:42.61 | Mem:244.00M, Peak:244.00M | Scene | Updating Images | Loading fern_02_diff_1k.png.004
Fra:1 Mem:1495.41M (Peak 1872.12M) | Time:60:57:42.61 | Mem:245.00M, Peak:245.00M | Scene | Updating Images | Loading island_tree_01_leaves_diff_1k.png.011
Fra:1 Mem:1494.40M (Peak 1872.12M) | Time:60:57:42.61 | Mem:246.00M, Peak:246.00M | Scene | Updating Images | Loading island_tree_01_leaves_alpha_1k.png.011
Fra:1 Mem:1494.40M (Peak 1872.12M) | Time:60:57:42.61 | Mem:246.00M, Peak:246.00M | Scene | Updating Images | Loading island_tree_02_leaves_diff_1k.png.011
Fra:1 Mem:1498.41M (Peak 1872.12M) | Time:60:57:42.61 | Mem:247.00M, Peak:247.00M | Scene | Updating Images | Loading island_tree_02_leaves_alpha_1k.png.011
Fra:1 Mem:1498.40M (Peak 1872.12M) | Time:60:57:42.62 | Mem:252.00M, Peak:252.00M | Scene | Updating Images | Loading pine_sapling_small_twig_diff_1k.png.011
Fra:1 Mem:1502.40M (Peak 1872.12M) | Time:60:57:42.62 | Mem:256.00M, Peak:256.00M | Scene | Updating Images | Loading pine_sapling_small_twig_alpha_1k.png.011
Fra:1 Mem:1504.40M (Peak 1872.12M) | Time:60:57:42.62 | Mem:258.00M, Peak:258.00M | Scene | Updating Images | Loading island_tree_01_leaves_diff_1k.png.012
Fra:1 Mem:1504.40M (Peak 1872.12M) | Time:60:57:42.62 | Mem:258.00M, Peak:258.00M | Scene | Updating Images | Loading island_tree_01_leaves_alpha_1k.png.012
Fra:1 Mem:1522.41M (Peak 1872.12M) | Time:60:57:42.62 | Mem:263.00M, Peak:263.00M | Scene | Updating Images | Loading fern_02_diff_1k.png.005
DETAIL CONTACT xiaoxiangguan ceramic 1200 0.32
17:35:23 | INFO: Starting glTF 2.0 export
17:35:23 | INFO: Extracting primitive: xiaoxiangguan_bamboo
17:35:23 | INFO: Primitives created: 1
17:35:23 | INFO: Extracting primitive: xiaoxiangguan_bankstone
17:35:23 | INFO: Primitives created: 1
17:35:23 | INFO: Extracting primitive: xiaoxiangguan_bark
17:35:23 | INFO: Primitives created: 1
17:35:23 | INFO: Extracting primitive: xiaoxiangguan_bookcloth.001
17:35:23 | INFO: Primitives created: 1
17:35:23 | INFO: Extracting primitive: xiaoxiangguan_bookcover.001
17:35:23 | INFO: Primitives created: 1
17:35:23 | INFO: Extracting primitive: xiaoxiangguan_ceramic.001
17:35:23 | INFO: Primitives created: 1
17:35:23 | INFO: Extracting primitive: xiaoxiangguan_creamflower
17:35:23 | INFO: Primitives created: 1
17:35:23 | INFO: Extracting primitive: xiaoxiangguan_cutstone
17:35:23 | INFO: Primitives created: 1
17:35:23 | INFO: Extracting primitive: xiaoxiangguan_darkwood
17:35:23 | INFO: Primitives created: 1
17:35:23 | INFO: Extracting primitive: xiaoxiangguan_floorwood
17:35:23 | INFO: Primitives created: 1
17:35:23 | INFO: Extracting primitive: xiaoxiangguan_furniture
17:35:23 | INFO: Primitives created: 1
17:35:23 | INFO: Extracting primitive: xiaoxiangguan_gold
17:35:23 | INFO: Primitives created: 1
17:35:23 | INFO: Extracting primitive: xiaoxiangguan_ink.001
17:35:23 | INFO: Primitives created: 1
17:35:23 | INFO: Extracting primitive: xiaoxiangguan_ivory.001
17:35:23 | INFO: Primitives created: 1
17:35:23 | INFO: Extracting primitive: xiaoxiangguan_lantern
17:35:23 | INFO: Primitives created: 1
17:35:23 | INFO: Extracting primitive: xiaoxiangguan_latticewood.001
17:35:23 | INFO: Primitives created: 1
17:35:23 | INFO: Extracting primitive: xiaoxiangguan_leaf
17:35:23 | INFO: Primitives created: 1
17:35:23 | INFO: Extracting primitive: xiaoxiangguan_leafdark
17:35:23 | INFO: Primitives created: 1
17:35:23 | INFO: Extracting primitive: xiaoxiangguan_lightleaf
17:35:24 | INFO: Primitives created: 1
17:35:24 | INFO: Extracting primitive: xiaoxiangguan_paper
17:35:24 | INFO: Primitives created: 1
17:35:24 | INFO: Extracting primitive: xiaoxiangguan_paving.001
17:35:24 | INFO: Primitives created: 1
17:35:24 | INFO: Extracting primitive: xiaoxiangguan_plaster
17:35:24 | INFO: Primitives created: 1
17:35:24 | INFO: Extracting primitive: xiaoxiangguan_roof
17:35:24 | INFO: Primitives created: 1
17:35:24 | INFO: Extracting primitive: xiaoxiangguan_silk
17:35:24 | INFO: Primitives created: 1
17:35:24 | INFO: Extracting primitive: xiaoxiangguan_stone
17:35:24 | INFO: Primitives created: 1
17:35:24 | INFO: Extracting primitive: xiaoxiangguan_tile
17:35:24 | INFO: Primitives created: 1
17:35:24 | INFO: Extracting primitive: xiaoxiangguan_tiledark.001
17:35:24 | INFO: Primitives created: 1
17:35:24 | INFO: Extracting primitive: xiaoxiangguan_tilelight.001
17:35:24 | INFO: Primitives created: 1
17:35:24 | INFO: Extracting primitive: xiaoxiangguan_water.001
17:35:24 | INFO: Primitives created: 1
17:35:24 | INFO: Extracting primitive: xiaoxiangguan_wood
17:35:24 | INFO: Primitives created: 1
17:35:24 | INFO: Finished glTF 2.0 export in 0.89266037940979 s

REFERENCE PLACE xiaoxiangguan
17:35:28 | INFO: Starting glTF 2.0 export
17:35:28 | INFO: Extracting primitive: yihongyuan_bamboo.001
17:35:28 | INFO: Primitives created: 1
17:35:28 | INFO: Extracting primitive: yihongyuan_bark
17:35:28 | INFO: Primitives created: 1
17:35:28 | INFO: Extracting primitive: yihongyuan_bookcloth.001
17:35:28 | INFO: Primitives created: 1
17:35:28 | INFO: Extracting primitive: yihongyuan_bookcover.001
17:35:28 | INFO: Primitives created: 1
17:35:28 | INFO: Extracting primitive: yihongyuan_ceramic.001
17:35:28 | INFO: Primitives created: 1
17:35:28 | INFO: Extracting primitive: yihongyuan_courtbase
17:35:28 | INFO: Primitives created: 1
17:35:28 | INFO: Extracting primitive: yihongyuan_cutstone
17:35:28 | INFO: Primitives created: 1
17:35:28 | INFO: Extracting primitive: yihongyuan_darkwood.001
17:35:28 | INFO: Primitives created: 1
17:35:28 | INFO: Extracting primitive: yihongyuan_floorwood
17:35:28 | INFO: Primitives created: 1
17:35:28 | INFO: Extracting primitive: yihongyuan_flower.001
17:35:28 | INFO: Primitives created: 1
17:35:28 | INFO: Extracting primitive: yihongyuan_furniture
17:35:28 | INFO: Primitives created: 1
17:35:28 | INFO: Extracting primitive: yihongyuan_gardenstone
17:35:28 | INFO: Primitives created: 1
17:35:28 | INFO: Extracting primitive: yihongyuan_gold
17:35:28 | INFO: Primitives created: 1
17:35:28 | INFO: Extracting primitive: yihongyuan_ink.001
17:35:28 | INFO: Primitives created: 1
17:35:28 | INFO: Extracting primitive: yihongyuan_ivory.001
17:35:28 | INFO: Primitives created: 1
17:35:28 | INFO: Extracting primitive: yihongyuan_lantern
17:35:28 | INFO: Primitives created: 1
17:35:28 | INFO: Extracting primitive: yihongyuan_latticewood.001
17:35:28 | INFO: Primitives created: 1
17:35:28 | INFO: Extracting primitive: yihongyuan_leaf.001
17:35:28 | INFO: Primitives created: 1
17:35:28 | INFO: Extracting primitive: yihongyuan_leafdark
17:35:28 | INFO: Primitives created: 1
17:35:28 | INFO: Extracting primitive: yihongyuan_lightleaf.001
17:35:28 | INFO: Primitives created: 1
17:35:28 | INFO: Extracting primitive: yihongyuan_limestone.001
17:35:28 | INFO: Primitives created: 1
17:35:28 | INFO: Extracting primitive: yihongyuan_moss.001
17:35:28 | INFO: Primitives created: 1
17:35:28 | INFO: Extracting primitive: yihongyuan_paper.001
17:35:28 | INFO: Primitives created: 1
17:35:28 | INFO: Extracting primitive: yihongyuan_paving.001
17:35:28 | INFO: Primitives created: 1
17:35:28 | INFO: Extracting primitive: yihongyuan_plaster.001
17:35:28 | INFO: Primitives created: 1
17:35:28 | INFO: Extracting primitive: yihongyuan_roof.001
17:35:28 | INFO: Primitives created: 1
17:35:28 | INFO: Extracting primitive: yihongyuan_screen.001
17:35:28 | INFO: Primitives created: 1
17:35:28 | INFO: Extracting primitive: yihongyuan_silk.001
17:35:28 | INFO: Primitives created: 1
17:35:28 | INFO: Extracting primitive: yihongyuan_stone.001
17:35:28 | INFO: Primitives created: 1
17:35:28 | INFO: Extracting primitive: yihongyuan_tile.001
17:35:28 | INFO: Primitives created: 1
17:35:28 | INFO: Extracting primitive: yihongyuan_tiledark.001
17:35:28 | INFO: Primitives created: 1
17:35:28 | INFO: Extracting primitive: yihongyuan_tilelight.001
17:35:28 | INFO: Primitives created: 1
17:35:28 | INFO: Extracting primitive: yihongyuan_wood.001
17:35:28 | INFO: Primitives created: 1
17:35:28 | INFO: Finished glTF 2.0 export in 0.8024611473083496 s

REFERENCE PLACE yihongyuan
17:35:32 | INFO: Starting glTF 2.0 export
17:35:32 | INFO: Extracting primitive: hengwuyuan_bamboo.001
17:35:32 | INFO: Primitives created: 1
17:35:32 | INFO: Extracting primitive: hengwuyuan_bark.001
17:35:32 | INFO: Primitives created: 1
17:35:32 | INFO: Extracting primitive: hengwuyuan_bookcloth.001
17:35:32 | INFO: Primitives created: 1
17:35:32 | INFO: Extracting primitive: hengwuyuan_bookcover.001
17:35:32 | INFO: Primitives created: 1
17:35:32 | INFO: Extracting primitive: hengwuyuan_ceramic.001
17:35:32 | INFO: Primitives created: 1
17:35:32 | INFO: Extracting primitive: hengwuyuan_clay.001
17:35:32 | INFO: Primitives created: 1
17:35:32 | INFO: Extracting primitive: hengwuyuan_courtbase
17:35:32 | INFO: Primitives created: 1
17:35:32 | INFO: Extracting primitive: hengwuyuan_creamflower.001
17:35:32 | INFO: Primitives created: 1
17:35:32 | INFO: Extracting primitive: hengwuyuan_cutstone
17:35:32 | INFO: Primitives created: 1
17:35:32 | INFO: Extracting primitive: hengwuyuan_darkwood.001
17:35:32 | INFO: Primitives created: 1
17:35:32 | INFO: Extracting primitive: hengwuyuan_floorwood
17:35:32 | INFO: Primitives created: 1
17:35:32 | INFO: Extracting primitive: hengwuyuan_furniture
17:35:32 | INFO: Primitives created: 1
17:35:32 | INFO: Extracting primitive: hengwuyuan_gardenstone
17:35:32 | INFO: Primitives created: 1
17:35:32 | INFO: Extracting primitive: hengwuyuan_gold
17:35:32 | INFO: Primitives created: 1
17:35:32 | INFO: Extracting primitive: hengwuyuan_ink.001
17:35:32 | INFO: Primitives created: 1
17:35:32 | INFO: Extracting primitive: hengwuyuan_ivory.001
17:35:32 | INFO: Primitives created: 1
17:35:32 | INFO: Extracting primitive: hengwuyuan_lantern
17:35:32 | INFO: Primitives created: 1
17:35:32 | INFO: Extracting primitive: hengwuyuan_latticewood.001
17:35:32 | INFO: Primitives created: 1
17:35:32 | INFO: Extracting primitive: hengwuyuan_leaf.001
17:35:32 | INFO: Primitives created: 1
17:35:32 | INFO: Extracting primitive: hengwuyuan_leafdark.001
17:35:32 | INFO: Primitives created: 1
17:35:32 | INFO: Extracting primitive: hengwuyuan_lightleaf.001
17:35:32 | INFO: Primitives created: 1
17:35:32 | INFO: Extracting primitive: hengwuyuan_limestone.001
17:35:32 | INFO: Primitives created: 1
17:35:32 | INFO: Extracting primitive: hengwuyuan_moss.001
17:35:32 | INFO: Primitives created: 1
17:35:32 | INFO: Extracting primitive: hengwuyuan_paper.001
17:35:32 | INFO: Primitives created: 1
17:35:32 | INFO: Extracting primitive: hengwuyuan_paving.001
17:35:32 | INFO: Primitives created: 1
17:35:32 | INFO: Extracting primitive: hengwuyuan_plaster.001
17:35:32 | INFO: Primitives created: 1
17:35:32 | INFO: Extracting primitive: hengwuyuan_roof.001
17:35:32 | INFO: Primitives created: 1
17:35:32 | INFO: Extracting primitive: hengwuyuan_screen.001
17:35:32 | INFO: Primitives created: 1
17:35:32 | INFO: Extracting primitive: hengwuyuan_stone.001
17:35:32 | INFO: Primitives created: 1
17:35:32 | INFO: Extracting primitive: hengwuyuan_tile.001
17:35:32 | INFO: Primitives created: 1
17:35:32 | INFO: Extracting primitive: hengwuyuan_tiledark.001
17:35:32 | INFO: Primitives created: 1
17:35:32 | INFO: Extracting primitive: hengwuyuan_tilelight.001
17:35:32 | INFO: Primitives created: 1
17:35:32 | INFO: Extracting primitive: hengwuyuan_wood.001
17:35:33 | INFO: Primitives created: 1
17:35:33 | INFO: Finished glTF 2.0 export in 0.8132295608520508 s

REFERENCE PLACE hengwuyuan
17:35:34 | INFO: Starting glTF 2.0 export
17:35:34 | INFO: Extracting primitive: qiushuangzhai_bamboo.001
17:35:34 | INFO: Primitives created: 1
17:35:34 | INFO: Extracting primitive: qiushuangzhai_bark.001
17:35:34 | INFO: Primitives created: 1
17:35:34 | INFO: Extracting primitive: qiushuangzhai_bookcloth.001
17:35:34 | INFO: Primitives created: 1
17:35:34 | INFO: Extracting primitive: qiushuangzhai_bookcover.001
17:35:34 | INFO: Primitives created: 1
17:35:34 | INFO: Extracting primitive: qiushuangzhai_ceramic.001
17:35:34 | INFO: Primitives created: 1
17:35:34 | INFO: Extracting primitive: qiushuangzhai_courtbase
17:35:34 | INFO: Primitives created: 1
17:35:34 | INFO: Extracting primitive: qiushuangzhai_creamflower.001
17:35:34 | INFO: Primitives created: 1
17:35:34 | INFO: Extracting primitive: qiushuangzhai_cutstone
17:35:34 | INFO: Primitives created: 1
17:35:34 | INFO: Extracting primitive: qiushuangzhai_darkwood.001
17:35:34 | INFO: Primitives created: 1
17:35:34 | INFO: Extracting primitive: qiushuangzhai_floorwood
17:35:34 | INFO: Primitives created: 1
17:35:34 | INFO: Extracting primitive: qiushuangzhai_furniture
17:35:34 | INFO: Primitives created: 1
17:35:34 | INFO: Extracting primitive: qiushuangzhai_gold
17:35:34 | INFO: Primitives created: 1
17:35:34 | INFO: Extracting primitive: qiushuangzhai_ink.001
17:35:34 | INFO: Primitives created: 1
17:35:34 | INFO: Extracting primitive: qiushuangzhai_ivory.001
17:35:34 | INFO: Primitives created: 1
17:35:34 | INFO: Extracting primitive: qiushuangzhai_lantern
17:35:34 | INFO: Primitives created: 1
17:35:34 | INFO: Extracting primitive: qiushuangzhai_latticewood.001
17:35:34 | INFO: Primitives created: 1
17:35:34 | INFO: Extracting primitive: qiushuangzhai_leaf
17:35:34 | INFO: Primitives created: 1
17:35:34 | INFO: Extracting primitive: qiushuangzhai_leafdark.001
17:35:34 | INFO: Primitives created: 1
17:35:34 | INFO: Extracting primitive: qiushuangzhai_marble.001
17:35:34 | INFO: Primitives created: 1
17:35:34 | INFO: Extracting primitive: qiushuangzhai_moss.001
17:35:34 | INFO: Primitives created: 1
17:35:34 | INFO: Extracting primitive: qiushuangzhai_paper.001
17:35:34 | INFO: Primitives created: 1
17:35:34 | INFO: Extracting primitive: qiushuangzhai_paving.001
17:35:34 | INFO: Primitives created: 1
17:35:34 | INFO: Extracting primitive: qiushuangzhai_plaster.001
17:35:34 | INFO: Primitives created: 1
17:35:34 | INFO: Extracting primitive: qiushuangzhai_roof.001
17:35:34 | INFO: Primitives created: 1
17:35:34 | INFO: Extracting primitive: qiushuangzhai_screen
17:35:34 | INFO: Primitives created: 1
17:35:34 | INFO: Extracting primitive: qiushuangzhai_silk.001
17:35:34 | INFO: Primitives created: 1
17:35:34 | INFO: Extracting primitive: qiushuangzhai_stone.001
17:35:34 | INFO: Primitives created: 1
17:35:34 | INFO: Extracting primitive: qiushuangzhai_tile.001
17:35:34 | INFO: Primitives created: 1
17:35:34 | INFO: Extracting primitive: qiushuangzhai_tiledark.001
17:35:35 | INFO: Primitives created: 1
17:35:35 | INFO: Extracting primitive: qiushuangzhai_tilelight.001
17:35:35 | INFO: Primitives created: 1
17:35:35 | INFO: Extracting primitive: qiushuangzhai_wood.001
17:35:35 | INFO: Primitives created: 1
17:35:35 | INFO: Finished glTF 2.0 export in 0.6551110744476318 s

REFERENCE PLACE qiushuangzhai
17:35:36 | INFO: Starting glTF 2.0 export
17:35:36 | INFO: Extracting primitive: daoxiangcun_bark
17:35:36 | INFO: Primitives created: 1
17:35:36 | INFO: Extracting primitive: daoxiangcun_clay.001
17:35:36 | INFO: Primitives created: 1
17:35:36 | INFO: Extracting primitive: daoxiangcun_creamflower.001
17:35:36 | INFO: Primitives created: 1
17:35:36 | INFO: Extracting primitive: daoxiangcun_flower.001
17:35:36 | INFO: Primitives created: 1
17:35:36 | INFO: Extracting primitive: daoxiangcun_latticewood.001
17:35:36 | INFO: Primitives created: 1
17:35:36 | INFO: Extracting primitive: daoxiangcun_leafdark
17:35:36 | INFO: Primitives created: 1
17:35:36 | INFO: Extracting primitive: daoxiangcun_lightleaf.001
17:35:36 | INFO: Primitives created: 1
17:35:36 | INFO: Extracting primitive: daoxiangcun_paving.001
17:35:36 | INFO: Primitives created: 1
17:35:36 | INFO: Extracting primitive: daoxiangcun_screen.001
17:35:36 | INFO: Primitives created: 1
17:35:36 | INFO: Extracting primitive: daoxiangcun_stone.001
17:35:36 | INFO: Primitives created: 1
17:35:36 | INFO: Extracting primitive: daoxiangcun_thatch.001
17:35:36 | INFO: Primitives created: 1
17:35:36 | INFO: Extracting primitive: daoxiangcun_wood.001
17:35:36 | INFO: Primitives created: 1
17:35:36 | INFO: Finished glTF 2.0 export in 0.2983419895172119 s

REFERENCE PLACE daoxiangcun
17:35:37 | INFO: Starting glTF 2.0 export
17:35:37 | INFO: Extracting primitive: ouxiangxie_bamboo.001
17:35:37 | INFO: Primitives created: 1
17:35:37 | INFO: Extracting primitive: ouxiangxie_bookcloth.001
17:35:37 | INFO: Primitives created: 1
17:35:37 | INFO: Extracting primitive: ouxiangxie_bookcover.001
17:35:37 | INFO: Primitives created: 1
17:35:37 | INFO: Extracting primitive: ouxiangxie_ceramic.001
17:35:37 | INFO: Primitives created: 1
17:35:37 | INFO: Extracting primitive: ouxiangxie_darkwood.001
17:35:37 | INFO: Primitives created: 1
17:35:37 | INFO: Extracting primitive: ouxiangxie_furniture
17:35:37 | INFO: Primitives created: 1
17:35:37 | INFO: Extracting primitive: ouxiangxie_gold.001
17:35:37 | INFO: Primitives created: 1
17:35:37 | INFO: Extracting primitive: ouxiangxie_ink.001
17:35:37 | INFO: Primitives created: 1
17:35:37 | INFO: Extracting primitive: ouxiangxie_ivory.001
17:35:37 | INFO: Primitives created: 1
17:35:37 | INFO: Extracting primitive: ouxiangxie_latticewood.001
17:35:37 | INFO: Primitives created: 1
17:35:37 | INFO: Extracting primitive: ouxiangxie_paper
17:35:37 | INFO: Primitives created: 1
17:35:37 | INFO: Extracting primitive: ouxiangxie_roof.001
17:35:37 | INFO: Primitives created: 1
17:35:37 | INFO: Extracting primitive: ouxiangxie_screen
17:35:37 | INFO: Primitives created: 1
17:35:37 | INFO: Extracting primitive: ouxiangxie_stone.001
17:35:37 | INFO: Primitives created: 1
17:35:37 | INFO: Extracting primitive: ouxiangxie_tile.001
17:35:37 | INFO: Primitives created: 1
17:35:37 | INFO: Extracting primitive: ouxiangxie_tiledark.001
17:35:37 | INFO: Primitives created: 1
17:35:37 | INFO: Extracting primitive: ouxiangxie_tilelight.001
17:35:37 | INFO: Primitives created: 1
17:35:37 | INFO: Extracting primitive: ouxiangxie_wood.001
17:35:37 | INFO: Primitives created: 1
17:35:37 | INFO: Finished glTF 2.0 export in 0.3998372554779053 s

REFERENCE PLACE ouxiangxie
17:35:38 | INFO: Starting glTF 2.0 export
17:35:38 | INFO: Extracting primitive: dicuiting_darkwood
17:35:38 | INFO: Primitives created: 1
17:35:38 | INFO: Extracting primitive: dicuiting_gold
17:35:38 | INFO: Primitives created: 1
17:35:38 | INFO: Extracting primitive: dicuiting_lantern
17:35:38 | INFO: Primitives created: 1
17:35:38 | INFO: Extracting primitive: dicuiting_roof.001
17:35:38 | INFO: Primitives created: 1
17:35:38 | INFO: Extracting primitive: dicuiting_stone.001
17:35:38 | INFO: Primitives created: 1
17:35:38 | INFO: Extracting primitive: dicuiting_tile.001
17:35:38 | INFO: Primitives created: 1
17:35:38 | INFO: Extracting primitive: dicuiting_tiledark
17:35:38 | INFO: Primitives created: 1
17:35:38 | INFO: Extracting primitive: dicuiting_tilelight
17:35:38 | INFO: Primitives created: 1
17:35:38 | INFO: Extracting primitive: dicuiting_wood.001
17:35:38 | INFO: Primitives created: 1
17:35:38 | INFO: Finished glTF 2.0 export in 0.29148077964782715 s

REFERENCE PLACE dicuiting
17:35:38 | INFO: Starting glTF 2.0 export
17:35:38 | INFO: Extracting primitive: luxuean_bamboo.001
17:35:38 | INFO: Primitives created: 1
17:35:38 | INFO: Extracting primitive: luxuean_clay.001
17:35:38 | INFO: Primitives created: 1
17:35:38 | INFO: Extracting primitive: luxuean_lightleaf.001
17:35:38 | INFO: Primitives created: 1
17:35:38 | INFO: Extracting primitive: luxuean_paving.001
17:35:38 | INFO: Primitives created: 1
17:35:38 | INFO: Extracting primitive: luxuean_stone.001
17:35:38 | INFO: Primitives created: 1
17:35:38 | INFO: Extracting primitive: luxuean_thatch.001
17:35:38 | INFO: Primitives created: 1
17:35:38 | INFO: Extracting primitive: luxuean_wood.001
17:35:38 | INFO: Primitives created: 1
17:35:38 | INFO: Finished glTF 2.0 export in 0.1406242847442627 s

REFERENCE PLACE luxuean
17:35:39 | INFO: Starting glTF 2.0 export
17:35:39 | INFO: Extracting primitive: tubishanzhuang_bark
17:35:39 | INFO: Primitives created: 1
17:35:39 | INFO: Extracting primitive: tubishanzhuang_canopy
17:35:39 | INFO: Primitives created: 1
17:35:39 | INFO: Extracting primitive: tubishanzhuang_canopy_light
17:35:39 | INFO: Primitives created: 1
17:35:39 | INFO: Extracting primitive: tubishanzhuang_canopy_shadow
17:35:39 | INFO: Primitives created: 1
17:35:39 | INFO: Extracting primitive: tubishanzhuang_cutstone
17:35:39 | INFO: Primitives created: 1
17:35:39 | INFO: Extracting primitive: tubishanzhuang_darkwood.001
17:35:39 | INFO: Primitives created: 1
17:35:39 | INFO: Extracting primitive: tubishanzhuang_floorwood
17:35:39 | INFO: Primitives created: 1
17:35:39 | INFO: Extracting primitive: tubishanzhuang_furniture
17:35:39 | INFO: Primitives created: 1
17:35:39 | INFO: Extracting primitive: tubishanzhuang_latticewood.001
17:35:39 | INFO: Primitives created: 1
17:35:39 | INFO: Extracting primitive: tubishanzhuang_paving.001
17:35:39 | INFO: Primitives created: 1
17:35:39 | INFO: Extracting primitive: tubishanzhuang_roof.001
17:35:39 | INFO: Primitives created: 1
17:35:39 | INFO: Extracting primitive: tubishanzhuang_screen
17:35:39 | INFO: Primitives created: 1
17:35:39 | INFO: Extracting primitive: tubishanzhuang_stone.001
17:35:39 | INFO: Primitives created: 1
17:35:39 | INFO: Extracting primitive: tubishanzhuang_tile.001
17:35:39 | INFO: Primitives created: 1
17:35:39 | INFO: Extracting primitive: tubishanzhuang_tiledark.001
17:35:39 | INFO: Primitives created: 1
17:35:39 | INFO: Extracting primitive: tubishanzhuang_tilelight.001
17:35:39 | INFO: Primitives created: 1
17:35:39 | INFO: Extracting primitive: tubishanzhuang_wood.001
17:35:40 | INFO: Primitives created: 1
17:35:40 | INFO: Finished glTF 2.0 export in 0.5455234050750732 s

REFERENCE PLACE tubishanzhuang
17:35:40 | INFO: Starting glTF 2.0 export
17:35:40 | INFO: Extracting primitive: aojingxiguan_bark
17:35:40 | INFO: Primitives created: 1
17:35:40 | INFO: Extracting primitive: aojingxiguan_canopy
17:35:40 | INFO: Primitives created: 1
17:35:40 | INFO: Extracting primitive: aojingxiguan_canopy_light
17:35:40 | INFO: Primitives created: 1
17:35:40 | INFO: Extracting primitive: aojingxiguan_canopy_shadow
17:35:40 | INFO: Primitives created: 1
17:35:40 | INFO: Extracting primitive: aojingxiguan_cutstone
17:35:40 | INFO: Primitives created: 1
17:35:40 | INFO: Extracting primitive: aojingxiguan_darkwood.001
17:35:40 | INFO: Primitives created: 1
17:35:40 | INFO: Extracting primitive: aojingxiguan_floorwood
17:35:41 | INFO: Primitives created: 1
17:35:41 | INFO: Extracting primitive: aojingxiguan_furniture
17:35:41 | INFO: Primitives created: 1
17:35:41 | INFO: Extracting primitive: aojingxiguan_latticewood.001
17:35:41 | INFO: Primitives created: 1
17:35:41 | INFO: Extracting primitive: aojingxiguan_paving.001
17:35:41 | INFO: Primitives created: 1
17:35:41 | INFO: Extracting primitive: aojingxiguan_roof.001
17:35:41 | INFO: Primitives created: 1
17:35:41 | INFO: Extracting primitive: aojingxiguan_screen
17:35:41 | INFO: Primitives created: 1
17:35:41 | INFO: Extracting primitive: aojingxiguan_stone.001
17:35:41 | INFO: Primitives created: 1
17:35:41 | INFO: Extracting primitive: aojingxiguan_tile.001
17:35:41 | INFO: Primitives created: 1
17:35:41 | INFO: Extracting primitive: aojingxiguan_tiledark.001
17:35:41 | INFO: Primitives created: 1
17:35:41 | INFO: Extracting primitive: aojingxiguan_tilelight.001
17:35:41 | INFO: Primitives created: 1
17:35:41 | INFO: Extracting primitive: aojingxiguan_wood.001
17:35:41 | INFO: Primitives created: 1
17:35:41 | INFO: Finished glTF 2.0 export in 0.5482251644134521 s

REFERENCE PLACE aojingxiguan
Fra:1 Mem:1479.24M (Peak 1872.12M) | Time:60:58:13.29 | Mem:0.00M, Peak:0.00M | Scene | Synchronizing object | daguanlou_stone
Fra:1 Mem:1479.24M (Peak 1872.12M) | Time:60:58:13.29 | Mem:0.00M, Peak:0.00M | Scene | Synchronizing object | daguanlou_darkwood
Fra:1 Mem:1479.43M (Peak 1872.12M) | Time:60:58:13.29 | Mem:0.00M, Peak:0.00M | Scene | Synchronizing object | daguanlou_latticewood.001
Fra:1 Mem:1485.16M (Peak 1872.12M) | Time:60:58:13.29 | Mem:0.00M, Peak:0.00M | Scene | Synchronizing object | daguanlou_limestone.001
Fra:1 Mem:1495.68M (Peak 1872.12M) | Time:60:58:13.29 | Mem:0.00M, Peak:0.00M | Scene | Synchronizing object | daguanlou_screen
Fra:1 Mem:1503.54M (Peak 1872.12M) | Time:60:58:13.29 | Mem:0.00M, Peak:0.00M | Scene | Synchronizing object | daguanlou_roof
Fra:1 Mem:1503.68M (Peak 1872.12M) | Time:60:58:13.29 | Mem:0.00M, Peak:0.00M | Scene | Synchronizing object | daguanlou_tilelight
Fra:1 Mem:1504.11M (Peak 1872.12M) | Time:60:58:13.29 | Mem:0.00M, Peak:0.00M | Scene | Synchronizing object | daguanlou_tile
Fra:1 Mem:1504.52M (Peak 1872.12M) | Time:60:58:13.29 | Mem:0.00M, Peak:0.00M | Scene | Synchronizing object | daguanlou_tiledark
Fra:1 Mem:1507.16M (Peak 1872.12M) | Time:60:58:13.29 | Mem:0.00M, Peak:0.00M | Scene | Synchronizing object | daguanlou_lantern
Fra:1 Mem:1525.13M (Peak 1872.12M) | Time:60:58:13.29 | Mem:0.00M, Peak:0.00M | Scene | Synchronizing object | daguanlou_gold
Fra:1 Mem:1528.25M (Peak 1872.12M) | Time:60:58:13.29 | Mem:0.00M, Peak:0.00M | Scene | Synchronizing object | daguanlou_canopy_light
Fra:1 Mem:1532.32M (Peak 1872.12M) | Time:60:58:13.29 | Mem:0.00M, Peak:0.00M | Scene | Synchronizing object | daguanlou_paving
Fra:1 Mem:1533.19M (Peak 1872.12M) | Time:60:58:13.30 | Mem:0.00M, Peak:0.00M | Scene | Synchronizing object | daguanlou_courtbase
Fra:1 Mem:1541.30M (Peak 1872.12M) | Time:60:58:13.30 | Mem:0.00M, Peak:0.00M | Scene | Synchronizing object | daguanlou_paper
Fra:1 Mem:1549.07M (Peak 1872.12M) | Time:60:58:13.30 | Mem:0.00M, Peak:0.00M | Scene | Synchronizing object | daguanlou_canopy
Fra:1 Mem:1550.21M (Peak 1872.12M) | Time:60:58:13.30 | Mem:0.00M, Peak:0.00M | Scene | Synchronizing object | daguanlou_bookcloth.001
Fra:1 Mem:1550.41M (Peak 1872.12M) | Time:60:58:13.30 | Mem:0.00M, Peak:0.00M | Scene | Synchronizing object | daguanlou_ivory.001
Fra:1 Mem:1550.57M (Peak 1872.12M) | Time:60:58:13.30 | Mem:0.00M, Peak:0.00M | Scene | Synchronizing object | daguanlou_ink.001
Fra:1 Mem:1550.95M (Peak 1872.12M) | Time:60:58:13.30 | Mem:0.00M, Peak:0.00M | Scene | Synchronizing object | daguanlou_bookcover.001
Fra:1 Mem:1553.37M (Peak 1872.12M) | Time:60:58:13.30 | Mem:0.00M, Peak:0.00M | Scene | Synchronizing object | daguanlou_ceramic
Fra:1 Mem:1553.21M (Peak 1872.12M) | Time:60:58:13.30 | Mem:0.00M, Peak:0.00M | Scene | Synchronizing object | daguanlou_bamboo.001
Fra:1 Mem:1553.21M (Peak 1872.12M) | Time:60:58:13.30 | Mem:0.00M, Peak:0.00M | Scene | Synchronizing object | daguanlou_plaster
Fra:1 Mem:1554.06M (Peak 1872.12M) | Time:60:58:13.30 | Mem:0.00M, Peak:0.00M | Scene | Synchronizing object | daguanlou_bark
Fra:1 Mem:1554.15M (Peak 1872.12M) | Time:60:58:13.30 | Mem:0.00M, Peak:0.00M | Scene | Synchronizing object | daguanlou_canopy_shadow
Fra:1 Mem:1611.12M (Peak 1872.12M) | Time:60:58:13.34 | Mem:0.00M, Peak:0.00M | Scene | Initializing
Fra:1 Mem:1611.12M (Peak 1872.12M) | Time:60:58:13.34 | Mem:0.00M, Peak:0.00M | Scene | Updating Images | Loading fern_02_rgba.png.003
Fra:1 Mem:1611.12M (Peak 1872.12M) | Time:60:58:13.34 | Mem:0.00M, Peak:0.00M | Scene | Updating Images | Loading forest_grove.hdr
Fra:1 Mem:1612.12M (Peak 1872.12M) | Time:60:58:13.34 | Mem:0.00M, Peak:0.00M | Scene | Updating Images | Loading r12_stone_diff.001
Fra:1 Mem:1612.12M (Peak 1872.12M) | Time:60:58:13.34 | Mem:0.00M, Peak:0.00M | Scene | Updating Images | Loading r12_stone_rough.001
Fra:1 Mem:1614.12M (Peak 1872.12M) | Time:60:58:13.34 | Mem:0.00M, Peak:0.00M | Scene | Updating Images | Loading r12_cutstone_diff.001
Fra:1 Mem:1614.12M (Peak 1872.12M) | Time:60:58:13.34 | Mem:0.00M, Peak:0.00M | Scene | Updating Images | Loading r12_cutstone_rough.001
Fra:1 Mem:1618.13M (Peak 1872.12M) | Time:60:58:13.34 | Mem:1.00M, Peak:1.00M | Scene | Updating Images | Loading r12_darkwood_diff.001
Fra:1 Mem:1619.13M (Peak 1872.12M) | Time:60:58:13.34 | Mem:2.00M, Peak:2.00M | Scene | Updating Images | Loading r12_darkwood_nor_gl.001
Fra:1 Mem:1620.13M (Peak 1872.12M) | Time:60:58:13.34 | Mem:3.00M, Peak:3.00M | Scene | Updating Images | Loading r12_darkwood_rough.001
Fra:1 Mem:1621.13M (Peak 1872.12M) | Time:60:58:13.34 | Mem:4.00M, Peak:4.00M | Scene | Updating Images | Loading r12_floorwood_diff.001
Fra:1 Mem:1622.13M (Peak 1872.12M) | Time:60:58:13.34 | Mem:6.00M, Peak:6.00M | Scene | Updating Images | Loading r12_floorwood_nor_gl.001
Fra:1 Mem:1623.13M (Peak 1872.12M) | Time:60:58:13.34 | Mem:8.00M, Peak:8.00M | Scene | Updating Images | Loading r12_wood_nor_gl.001
Fra:1 Mem:1626.13M (Peak 1872.12M) | Time:60:58:13.34 | Mem:9.00M, Peak:9.00M | Scene | Updating Images | Loading r12_wood_rough.001
Fra:1 Mem:1627.14M (Peak 1872.12M) | Time:60:58:13.34 | Mem:10.00M, Peak:10.00M | Scene | Updating Images | Loading island_tree_01_leaves_rgba.png.007
Fra:1 Mem:1627.39M (Peak 1872.12M) | Time:60:58:13.34 | Mem:11.00M, Peak:11.00M | Scene | Updating Images | Loading r12_furniture_diff.001
Fra:1 Mem:1628.39M (Peak 1872.12M) | Time:60:58:13.34 | Mem:12.00M, Peak:12.00M | Scene | Updating Images | Loading r12_furniture_nor_gl.001
Fra:1 Mem:1628.39M (Peak 1872.12M) | Time:60:58:13.34 | Mem:13.00M, Peak:13.00M | Scene | Updating Images | Loading r12_furniture_rough.001
Fra:1 Mem:1630.39M (Peak 1872.12M) | Time:60:58:13.34 | Mem:14.00M, Peak:14.00M | Scene | Updating Images | Loading r12_latticewood_diff.001
Fra:1 Mem:1631.39M (Peak 1872.12M) | Time:60:58:13.34 | Mem:14.25M, Peak:14.25M | Scene | Updating Images | Loading pine_sapling_small_twig_rgba.png.003
Fra:1 Mem:1631.64M (Peak 1872.12M) | Time:60:58:13.34 | Mem:15.25M, Peak:15.25M | Scene | Updating Images | Loading r12_latticewood_nor_gl.001
Fra:1 Mem:1632.64M (Peak 1872.12M) | Time:60:58:13.34 | Mem:17.25M, Peak:17.25M | Scene | Updating Images | Loading r12_roof_diff.001
Fra:1 Mem:1634.64M (Peak 1872.12M) | Time:60:58:13.34 | Mem:18.25M, Peak:18.25M | Scene | Updating Images | Loading r12_roof_nor_gl.001
Fra:1 Mem:1634.64M (Peak 1872.12M) | Time:60:58:13.34 | Mem:18.50M, Peak:18.50M | Scene | Updating Images | Loading island_tree_02_leaves_rgba.png.003
Fra:1 Mem:1635.89M (Peak 1872.12M) | Time:60:58:13.34 | Mem:19.50M, Peak:19.50M | Scene | Updating Images | Loading r12_roof_rough.001
Fra:1 Mem:1636.89M (Peak 1872.12M) | Time:60:58:13.34 | Mem:20.50M, Peak:20.50M | Scene | Updating Images | Loading r12_tilelight_diff.001
Fra:1 Mem:1645.89M (Peak 1872.12M) | Time:60:58:13.34 | Mem:21.50M, Peak:21.50M | Scene | Updating Images | Loading r12_tilelight_nor_gl.001
Fra:1 Mem:1645.89M (Peak 1872.12M) | Time:60:58:13.34 | Mem:21.75M, Peak:21.75M | Scene | Updating Images | Loading island_tree_01_leaves_rgba.png.006
Fra:1 Mem:1647.14M (Peak 1872.12M) | Time:60:58:13.34 | Mem:22.75M, Peak:22.75M | Scene | Updating Images | Loading r12_tilelight_rough.001
Fra:1 Mem:1648.14M (Peak 1872.12M) | Time:60:58:13.34 | Mem:24.75M, Peak:24.75M | Scene | Updating Images | Loading r12_tile_diff.001
Fra:1 Mem:1649.14M (Peak 1872.12M) | Time:60:58:13.34 | Mem:24.75M, Peak:24.75M | Scene | Updating Images | Loading r12_tile_nor_gl.001
Fra:1 Mem:1650.14M (Peak 1872.12M) | Time:60:58:13.34 | Mem:25.75M, Peak:25.75M | Scene | Updating Images | Loading r12_tile_rough.001
Fra:1 Mem:1651.14M (Peak 1872.12M) | Time:60:58:13.34 | Mem:26.75M, Peak:26.75M | Scene | Updating Images | Loading r12_tiledark_diff.001
Fra:1 Mem:1652.14M (Peak 1872.12M) | Time:60:58:13.34 | Mem:27.00M, Peak:27.00M | Scene | Updating Images | Loading fern_02_rgba.png.002
Fra:1 Mem:1652.14M (Peak 1872.12M) | Time:60:58:13.34 | Mem:28.00M, Peak:28.00M | Scene | Updating Images | Loading r12_tiledark_nor_gl.001
Fra:1 Mem:1653.14M (Peak 1872.12M) | Time:60:58:13.34 | Mem:29.00M, Peak:29.00M | Scene | Updating Images | Loading r12_tiledark_rough.001
Fra:1 Mem:1654.14M (Peak 1872.12M) | Time:60:58:13.34 | Mem:30.00M, Peak:30.00M | Scene | Updating Images | Loading rock_moss_set_01_diff
Fra:1 Mem:1658.14M (Peak 1872.12M) | Time:60:58:13.34 | Mem:31.00M, Peak:31.00M | Scene | Updating Images | Loading rock_moss_set_01_nor_gl
Fra:1 Mem:1662.14M (Peak 1872.12M) | Time:60:58:13.34 | Mem:32.00M, Peak:32.00M | Scene | Updating Images | Loading r12_paving_diff.001
Fra:1 Mem:1664.15M (Peak 1872.12M) | Time:60:58:13.34 | Mem:33.00M, Peak:33.00M | Scene | Updating Images | Loading r12_paving_nor_gl.001
Fra:1 Mem:1665.15M (Peak 1872.12M) | Time:60:58:13.34 | Mem:34.00M, Peak:34.00M | Scene | Updating Images | Loading r12_paving_rough.001
Fra:1 Mem:1666.15M (Peak 1872.12M) | Time:60:58:13.34 | Mem:35.00M, Peak:35.00M | Scene | Updating Images | Loading r12_gardenstone_diff
Fra:1 Mem:1667.15M (Peak 1872.12M) | Time:60:58:13.34 | Mem:37.00M, Peak:37.00M | Scene | Updating Images | Loading r12_gardenstone_rough
Fra:1 Mem:1668.15M (Peak 1872.12M) | Time:60:58:13.34 | Mem:37.00M, Peak:37.00M | Scene | Updating Images | Loading r12_gardenstone_nor_gl
Fra:1 Mem:1669.15M (Peak 1872.12M) | Time:60:58:13.34 | Mem:41.00M, Peak:41.00M | Scene | Updating Images | Loading worn_mossy_plasterwall.jpg
Fra:1 Mem:1673.15M (Peak 1872.12M) | Time:60:58:13.34 | Mem:45.00M, Peak:45.00M | Scene | Updating Images | Loading r12_bankstone_diff.001
Fra:1 Mem:1674.15M (Peak 1872.12M) | Time:60:58:13.34 | Mem:47.00M, Peak:47.00M | Scene | Updating Images | Loading r12_bankstone_nor_gl.001
Fra:1 Mem:1675.15M (Peak 1872.12M) | Time:60:58:13.34 | Mem:48.00M, Peak:48.00M | Scene | Updating Images | Loading r12_bankstone_rough.001
Fra:1 Mem:1676.15M (Peak 1872.12M) | Time:60:58:13.34 | Mem:48.00M, Peak:48.00M | Scene | Updating Images | Loading r12_courtbase_diff.001
Fra:1 Mem:1677.15M (Peak 1872.12M) | Time:60:58:13.34 | Mem:49.00M, Peak:49.00M | Scene | Updating Images | Loading r12_courtbase_nor_gl.001
Fra:1 Mem:1678.15M (Peak 1872.12M) | Time:60:58:13.34 | Mem:50.00M, Peak:50.00M | Scene | Updating Images | Loading r12_courtbase_rough.001
Fra:1 Mem:1679.15M (Peak 1872.12M) | Time:60:58:13.34 | Mem:51.00M, Peak:51.00M | Scene | Updating Images | Loading island_tree_01_diff
Fra:1 Mem:1683.15M (Peak 1872.12M) | Time:60:58:13.34 | Mem:52.00M, Peak:52.00M | Scene | Updating Images | Loading island_tree_01_rough
Fra:1 Mem:1687.15M (Peak 1872.12M) | Time:60:58:13.34 | Mem:53.00M, Peak:53.00M | Scene | Updating Images | Loading island_tree_01_nor_gl
Fra:1 Mem:1691.15M (Peak 1872.12M) | Time:60:58:13.34 | Mem:54.00M, Peak:54.00M | Scene | Updating Images | Loading island_tree_01_leaves_diff-island_tree_01_leaves_alpha
Fra:1 Mem:1695.15M (Peak 1872.12M) | Time:60:58:13.34 | Mem:55.00M, Peak:55.00M | Scene | Updating Images | Loading island_tree_01_leaves_rough
Fra:1 Mem:1699.15M (Peak 1872.12M) | Time:60:58:13.34 | Mem:59.00M, Peak:59.00M | Scene | Updating Images | Loading island_tree_01_leaves_nor_gl
Fra:1 Mem:1703.15M (Peak 1872.12M) | Time:60:58:13.35 | Mem:63.00M, Peak:63.00M | Scene | Updating Images | Loading island_tree_01_branches_diff
Fra:1 Mem:1707.15M (Peak 1872.12M) | Time:60:58:13.35 | Mem:67.00M, Peak:67.00M | Scene | Updating Images | Loading island_tree_01_branches_rough
Fra:1 Mem:1711.15M (Peak 1872.12M) | Time:60:58:13.35 | Mem:71.00M, Peak:71.00M | Scene | Updating Images | Loading island_tree_01_branches_nor_gl
Fra:1 Mem:1715.15M (Peak 1872.12M) | Time:60:58:13.35 | Mem:75.00M, Peak:75.00M | Scene | Updating Images | Loading island_tree_01_leaves_diff_1k.png.001
Fra:1 Mem:1716.16M (Peak 1872.12M) | Time:60:58:13.35 | Mem:79.00M, Peak:79.00M | Scene | Updating Images | Loading island_tree_01_leaves_alpha_1k.png.001
Fra:1 Mem:1716.16M (Peak 1872.12M) | Time:60:58:13.35 | Mem:83.00M, Peak:83.00M | Scene | Updating Images | Loading island_tree_02_diff
Fra:1 Mem:1719.15M (Peak 1872.12M) | Time:60:58:13.35 | Mem:84.00M, Peak:84.00M | Scene | Updating Images | Loading island_tree_01_leaves_rgba.png.005
Fra:1 Mem:1719.15M (Peak 1872.12M) | Time:60:58:13.35 | Mem:88.00M, Peak:88.00M | Scene | Updating Images | Loading island_tree_02_rough
Fra:1 Mem:1723.40M (Peak 1872.12M) | Time:60:58:13.35 | Mem:92.00M, Peak:92.00M | Scene | Updating Images | Loading island_tree_02_nor_gl
Fra:1 Mem:1727.40M (Peak 1872.12M) | Time:60:58:13.35 | Mem:96.00M, Peak:96.00M | Scene | Updating Images | Loading island_tree_02_leaves_diff-island_tree_02_leaves_alpha
Fra:1 Mem:1731.40M (Peak 1872.12M) | Time:60:58:13.35 | Mem:100.00M, Peak:100.00M | Scene | Updating Images | Loading island_tree_02_leaves_rough
Fra:1 Mem:1735.40M (Peak 1872.12M) | Time:60:58:13.35 | Mem:104.00M, Peak:104.00M | Scene | Updating Images | Loading island_tree_02_leaves_nor_gl
Fra:1 Mem:1751.66M (Peak 1872.12M) | Time:60:58:13.35 | Mem:108.00M, Peak:108.00M | Scene | Updating Images | Loading island_tree_02_leaves_diff_1k.png.001
Fra:1 Mem:1751.40M (Peak 1872.12M) | Time:60:58:13.35 | Mem:108.25M, Peak:108.25M | Scene | Updating Images | Loading pine_sapling_small_twig_rgba.png.002
Fra:1 Mem:1751.65M (Peak 1872.12M) | Time:60:58:13.35 | Mem:112.25M, Peak:112.25M | Scene | Updating Images | Loading island_tree_02_leaves_alpha_1k.png.001
Fra:1 Mem:1751.65M (Peak 1872.12M) | Time:60:58:13.35 | Mem:113.25M, Peak:113.25M | Scene | Updating Images | Loading island_tree_02_branches_diff
Fra:1 Mem:1758.66M (Peak 1872.12M) | Time:60:58:13.35 | Mem:113.50M, Peak:113.50M | Scene | Updating Images | Loading island_tree_02_leaves_rgba.png.002
Fra:1 Mem:1757.90M (Peak 1872.12M) | Time:60:58:13.35 | Mem:114.50M, Peak:114.50M | Scene | Updating Images | Loading island_tree_02_branches_rough
Fra:1 Mem:1761.90M (Peak 1872.12M) | Time:60:58:13.35 | Mem:118.50M, Peak:118.50M | Scene | Updating Images | Loading island_tree_02_branches_nor_gl
Fra:1 Mem:1765.90M (Peak 1872.12M) | Time:60:58:13.35 | Mem:118.75M, Peak:118.75M | Scene | Updating Images | Loading island_tree_01_leaves_rgba.png.004
Fra:1 Mem:1765.90M (Peak 1872.12M) | Time:60:58:13.35 | Mem:122.75M, Peak:122.75M | Scene | Updating Images | Loading pine_sapling_small_bark_diff
Fra:1 Mem:1771.16M (Peak 1872.12M) | Time:60:58:13.35 | Mem:126.75M, Peak:126.75M | Scene | Updating Images | Loading pine_sapling_small_bark_rough
Fra:1 Mem:1778.16M (Peak 1872.12M) | Time:60:58:13.35 | Mem:127.75M, Peak:127.75M | Scene | Updating Images | Loading pine_sapling_small_bark_nor_gl
Fra:1 Mem:1778.15M (Peak 1872.12M) | Time:60:58:13.35 | Mem:128.75M, Peak:128.75M | Scene | Updating Images | Loading pine_sapling_small_twig_diff
Fra:1 Mem:1778.15M (Peak 1872.12M) | Time:60:58:13.35 | Mem:132.75M, Peak:132.75M | Scene | Updating Images | Loading pine_sapling_small_twig_rough
Fra:1 Mem:1786.15M (Peak 1872.12M) | Time:60:58:13.35 | Mem:136.75M, Peak:136.75M | Scene | Updating Images | Loading pine_sapling_small_twig_nor_gl
Fra:1 Mem:1790.41M (Peak 1872.12M) | Time:60:58:13.35 | Mem:140.75M, Peak:140.75M | Scene | Updating Images | Loading pine_sapling_small_twig_diff_1k.png.001
Fra:1 Mem:1790.15M (Peak 1872.12M) | Time:60:58:13.35 | Mem:141.00M, Peak:141.00M | Scene | Updating Images | Loading fern_02_rgba.png.001
Fra:1 Mem:1792.15M (Peak 1872.12M) | Time:60:58:13.36 | Mem:145.00M, Peak:145.00M | Scene | Updating Images | Loading pine_sapling_small_twig_alpha_1k.png.001
Fra:1 Mem:1793.15M (Peak 1872.12M) | Time:60:58:13.36 | Mem:157.00M, Peak:157.00M | Scene | Updating Images | Loading island_tree_01_leaves_diff_1k.png.002
Fra:1 Mem:1793.16M (Peak 1872.12M) | Time:60:58:13.36 | Mem:157.00M, Peak:157.00M | Scene | Updating Images | Loading island_tree_01_leaves_alpha_1k.png.002
Fra:1 Mem:1793.15M (Peak 1872.12M) | Time:60:58:13.36 | Mem:158.00M, Peak:158.00M | Scene | Updating Images | Loading island_tree_02_leaves_diff_1k.png.002
Fra:1 Mem:1793.15M (Peak 1872.12M) | Time:60:58:13.36 | Mem:159.00M, Peak:159.00M | Scene | Updating Images | Loading island_tree_02_leaves_alpha_1k.png.002
Fra:1 Mem:1793.15M (Peak 1872.12M) | Time:60:58:13.36 | Mem:159.00M, Peak:159.00M | Scene | Updating Images | Loading pine_sapling_small_twig_diff_1k.png.002
Fra:1 Mem:1793.15M (Peak 1872.12M) | Time:60:58:13.36 | Mem:159.00M, Peak:159.00M | Scene | Updating Images | Loading pine_sapling_small_twig_alpha_1k.png.002
Fra:1 Mem:1793.15M (Peak 1872.12M) | Time:60:58:13.36 | Mem:160.00M, Peak:160.00M | Scene | Updating Images | Loading island_tree_01_leaves_rgba.png.003
Fra:1 Mem:1793.40M (Peak 1872.12M) | Time:60:58:13.36 | Mem:160.25M, Peak:160.25M | Scene | Updating Images | Loading pine_sapling_small_twig_rgba.png.001
Fra:1 Mem:1799.91M (Peak 1872.12M) | Time:60:58:13.36 | Mem:164.25M, Peak:164.25M | Scene | Updating Images | Loading island_tree_01_leaves_diff_1k.png.003
Fra:1 Mem:1799.65M (Peak 1872.12M) | Time:60:58:13.36 | Mem:165.50M, Peak:165.50M | Scene | Updating Images | Loading island_tree_02_leaves_rgba.png.001
Fra:1 Mem:1799.90M (Peak 1872.12M) | Time:60:58:13.36 | Mem:166.50M, Peak:166.50M | Scene | Updating Images | Loading island_tree_01_leaves_alpha_1k.png.003
Fra:1 Mem:1800.91M (Peak 1872.12M) | Time:60:58:13.36 | Mem:166.50M, Peak:166.50M | Scene | Updating Images | Loading island_tree_02_leaves_diff_1k.png.003
Fra:1 Mem:1800.92M (Peak 1872.12M) | Time:60:58:13.36 | Mem:167.50M, Peak:167.50M | Scene | Updating Images | Loading island_tree_02_leaves_alpha_1k.png.003
Fra:1 Mem:1800.92M (Peak 1872.12M) | Time:60:58:13.36 | Mem:167.50M, Peak:167.50M | Scene | Updating Images | Loading pine_sapling_small_twig_diff_1k.png.003
Fra:1 Mem:1799.90M (Peak 1872.12M) | Time:60:58:13.36 | Mem:169.50M, Peak:169.50M | Scene | Updating Images | Loading pine_sapling_small_twig_alpha_1k.png.003
Fra:1 Mem:1799.90M (Peak 1872.12M) | Time:60:58:13.36 | Mem:169.50M, Peak:169.50M | Scene | Updating Images | Loading island_tree_01_leaves_diff_1k.png.004
Fra:1 Mem:1799.90M (Peak 1872.12M) | Time:60:58:13.37 | Mem:169.75M, Peak:169.75M | Scene | Updating Images | Loading island_tree_01_leaves_rgba.png.002
Fra:1 Mem:1800.15M (Peak 1872.12M) | Time:60:58:13.37 | Mem:170.00M, Peak:170.00M | Scene | Updating Images | Loading fern_02_rgba.png
Fra:1 Mem:1806.16M (Peak 1872.12M) | Time:60:58:13.37 | Mem:171.00M, Peak:171.00M | Scene | Updating Images | Loading island_tree_01_leaves_alpha_1k.png.004
Fra:1 Mem:1809.16M (Peak 1872.12M) | Time:60:58:13.37 | Mem:174.00M, Peak:174.00M | Scene | Updating Images | Loading island_tree_02_leaves_diff_1k.png.004
Fra:1 Mem:1809.15M (Peak 1872.12M) | Time:60:58:13.37 | Mem:176.00M, Peak:176.00M | Scene | Updating Images | Loading island_tree_02_leaves_alpha_1k.png.004
Fra:1 Mem:1809.15M (Peak 1872.12M) | Time:60:58:13.37 | Mem:176.00M, Peak:176.00M | Scene | Updating Images | Loading pine_sapling_small_twig_diff_1k.png.004
Fra:1 Mem:1811.17M (Peak 1872.12M) | Time:60:58:13.37 | Mem:177.00M, Peak:177.00M | Scene | Updating Images | Loading pine_sapling_small_twig_alpha_1k.png.004
Fra:1 Mem:1811.17M (Peak 1872.12M) | Time:60:58:13.37 | Mem:177.00M, Peak:177.00M | Scene | Updating Images | Loading island_tree_01_leaves_diff_1k.png.005
Fra:1 Mem:1810.16M (Peak 1872.12M) | Time:60:58:13.37 | Mem:178.00M, Peak:178.00M | Scene | Updating Images | Loading island_tree_01_leaves_alpha_1k.png.005
Fra:1 Mem:1809.15M (Peak 1872.12M) | Time:60:58:13.37 | Mem:179.00M, Peak:179.00M | Scene | Updating Images | Loading island_tree_01_leaves_rgba.png.001
Fra:1 Mem:1810.40M (Peak 1872.12M) | Time:60:58:13.37 | Mem:179.25M, Peak:179.25M | Scene | Updating Images | Loading pine_sapling_small_twig_rgba.png
Fra:1 Mem:1802.65M (Peak 1872.12M) | Time:60:58:13.38 | Mem:180.25M, Peak:180.25M | Scene | Updating Images | Loading island_tree_02_leaves_diff_1k.png.005
Fra:1 Mem:1808.66M (Peak 1872.12M) | Time:60:58:13.38 | Mem:180.50M, Peak:180.50M | Scene | Updating Images | Loading island_tree_02_leaves_rgba.png
Fra:1 Mem:1809.92M (Peak 1872.12M) | Time:60:58:13.38 | Mem:183.50M, Peak:183.50M | Scene | Updating Images | Loading island_tree_02_leaves_alpha_1k.png.005
Fra:1 Mem:1810.92M (Peak 1872.12M) | Time:60:58:13.38 | Mem:183.50M, Peak:183.50M | Scene | Updating Images | Loading pine_sapling_small_twig_diff_1k.png.005
Fra:1 Mem:1808.90M (Peak 1872.12M) | Time:60:58:13.38 | Mem:184.50M, Peak:184.50M | Scene | Updating Images | Loading pine_sapling_small_twig_alpha_1k.png.005
Fra:1 Mem:1808.90M (Peak 1872.12M) | Time:60:58:13.38 | Mem:185.50M, Peak:185.50M | Scene | Updating Images | Loading island_tree_01_leaves_diff_1k.png.006
Fra:1 Mem:1809.16M (Peak 1872.12M) | Time:60:58:13.38 | Mem:186.50M, Peak:186.50M | Scene | Updating Images | Loading island_tree_01_leaves_alpha_1k.png.006
Fra:1 Mem:1808.90M (Peak 1872.12M) | Time:60:58:13.38 | Mem:186.75M, Peak:186.75M | Scene | Updating Images | Loading island_tree_01_leaves_rgba.png
Fra:1 Mem:1809.15M (Peak 1872.12M) | Time:60:58:13.38 | Mem:187.75M, Peak:187.75M | Scene | Updating Images | Loading island_tree_02_leaves_diff_1k.png.006
Fra:1 Mem:1807.15M (Peak 1872.12M) | Time:60:58:13.38 | Mem:188.00M, Peak:188.00M | Scene | Updating Images | Loading fern_02_alpha_1k.png.001
Fra:1 Mem:1836.16M (Peak 1872.12M) | Time:60:58:13.38 | Mem:189.00M, Peak:189.00M | Scene | Updating Images | Loading island_tree_02_leaves_alpha_1k.png.006
Fra:1 Mem:1837.16M (Peak 1872.12M) | Time:60:58:13.38 | Mem:190.00M, Peak:190.00M | Scene | Updating Images | Loading pine_sapling_small_twig_diff_1k.png.006
Fra:1 Mem:1830.16M (Peak 1872.12M) | Time:60:58:13.38 | Mem:191.00M, Peak:191.00M | Scene | Updating Images | Loading pine_sapling_small_twig_alpha_1k.png.006
Fra:1 Mem:1830.15M (Peak 1872.12M) | Time:60:58:13.38 | Mem:192.00M, Peak:192.00M | Scene | Updating Images | Loading island_tree_01_leaves_diff_1k.png.007
Fra:1 Mem:1831.16M (Peak 1872.12M) | Time:60:58:13.39 | Mem:200.00M, Peak:200.00M | Scene | Updating Images | Loading island_tree_01_leaves_alpha_1k.png.007
Fra:1 Mem:1830.15M (Peak 1872.12M) | Time:60:58:13.39 | Mem:201.00M, Peak:201.00M | Scene | Updating Images | Loading island_tree_02_leaves_diff_1k.png.007
Fra:1 Mem:1831.15M (Peak 1872.12M) | Time:60:58:13.39 | Mem:202.00M, Peak:202.00M | Scene | Updating Images | Loading island_tree_02_leaves_alpha_1k.png.007
Fra:1 Mem:1831.15M (Peak 1872.12M) | Time:60:58:13.39 | Mem:203.00M, Peak:203.00M | Scene | Updating Images | Loading pine_sapling_small_twig_diff_1k.png.007
Fra:1 Mem:1831.15M (Peak 1872.12M) | Time:60:58:13.39 | Mem:204.00M, Peak:204.00M | Scene | Updating Images | Loading pine_sapling_small_twig_alpha_1k.png.007
Fra:1 Mem:1833.15M (Peak 1872.12M) | Time:60:58:13.39 | Mem:205.00M, Peak:205.00M | Scene | Updating Images | Loading island_tree_01_leaves_diff_1k.png.008
Fra:1 Mem:1854.17M (Peak 1872.12M) | Time:60:58:13.39 | Mem:206.00M, Peak:206.00M | Scene | Updating Images | Loading island_tree_01_leaves_alpha_1k.png.008
Fra:1 Mem:1856.17M (Peak 1872.12M) | Time:60:58:13.39 | Mem:207.00M, Peak:207.00M | Scene | Updating Images | Loading island_tree_02_leaves_diff_1k.png.008
Fra:1 Mem:1856.16M (Peak 1872.12M) | Time:60:58:13.39 | Mem:208.00M, Peak:208.00M | Scene | Updating Images | Loading island_tree_02_leaves_alpha_1k.png.008
Fra:1 Mem:1856.16M (Peak 1872.12M) | Time:60:58:13.39 | Mem:209.00M, Peak:209.00M | Scene | Updating Images | Loading pine_sapling_small_twig_diff_1k.png.008
Fra:1 Mem:1857.16M (Peak 1872.12M) | Time:60:58:13.39 | Mem:211.00M, Peak:211.00M | Scene | Updating Images | Loading pine_sapling_small_twig_alpha_1k.png.008
Fra:1 Mem:1857.16M (Peak 1872.12M) | Time:60:58:13.39 | Mem:211.00M, Peak:211.00M | Scene | Updating Images | Loading fern_02_diff_1k.png.002
Fra:1 Mem:1857.16M (Peak 1872.12M) | Time:60:58:13.39 | Mem:212.00M, Peak:212.00M | Scene | Updating Images | Loading fern_02_rough
Fra:1 Mem:1861.16M (Peak 1872.12M) | Time:60:58:13.39 | Mem:213.00M, Peak:213.00M | Scene | Updating Images | Loading fern_02_nor_gl
Fra:1 Mem:1867.16M (Peak 1872.12M) | Time:60:58:13.40 | Mem:214.00M, Peak:214.00M | Scene | Updating Images | Loading island_tree_01_leaves_diff_1k.png.009
Fra:1 Mem:1873.17M (Peak 1873.17M) | Time:60:58:13.40 | Mem:215.00M, Peak:215.00M | Scene | Updating Images | Loading island_tree_01_leaves_alpha_1k.png.009
Fra:1 Mem:1873.17M (Peak 1873.17M) | Time:60:58:13.40 | Mem:215.00M, Peak:215.00M | Scene | Updating Images | Loading island_tree_02_leaves_diff_1k.png.009
Fra:1 Mem:1873.16M (Peak 1874.18M) | Time:60:58:13.40 | Mem:216.00M, Peak:216.00M | Scene | Updating Images | Loading island_tree_02_leaves_alpha_1k.png.009
Fra:1 Mem:1859.17M (Peak 1876.18M) | Time:60:58:13.40 | Mem:217.00M, Peak:217.00M | Scene | Updating Images | Loading pine_sapling_small_twig_diff_1k.png.009
Fra:1 Mem:1861.15M (Peak 1876.18M) | Time:60:58:13.40 | Mem:220.00M, Peak:220.00M | Scene | Updating Images | Loading pine_sapling_small_twig_alpha_1k.png.009
Fra:1 Mem:1861.15M (Peak 1876.18M) | Time:60:58:13.40 | Mem:220.00M, Peak:220.00M | Scene | Updating Images | Loading fern_02_diff_1k.png.003
Fra:1 Mem:1861.15M (Peak 1876.18M) | Time:60:58:13.40 | Mem:221.00M, Peak:221.00M | Scene | Updating Images | Loading island_tree_01_leaves_diff_1k.png.010
Fra:1 Mem:1861.15M (Peak 1876.18M) | Time:60:58:13.40 | Mem:221.00M, Peak:221.00M | Scene | Updating Images | Loading island_tree_01_leaves_alpha_1k.png.010
Fra:1 Mem:1861.15M (Peak 1876.18M) | Time:60:58:13.40 | Mem:222.00M, Peak:222.00M | Scene | Updating Images | Loading island_tree_02_leaves_diff_1k.png.010
Fra:1 Mem:1861.15M (Peak 1876.18M) | Time:60:58:13.40 | Mem:226.00M, Peak:226.00M | Scene | Updating Images | Loading island_tree_02_leaves_alpha_1k.png.010
Fra:1 Mem:1861.15M (Peak 1876.18M) | Time:60:58:13.40 | Mem:242.00M, Peak:242.00M | Scene | Updating Images | Loading fern_02_alpha_1k.png
Fra:1 Mem:1869.16M (Peak 1876.18M) | Time:60:58:13.41 | Mem:246.00M, Peak:246.00M | Scene | Updating Images | Loading pine_sapling_small_twig_diff_1k.png.010
Fra:1 Mem:1886.17M (Peak 1886.17M) | Time:60:58:13.41 | Mem:247.00M, Peak:247.00M | Scene | Updating Images | Loading pine_sapling_small_twig_alpha_1k.png.010
Fra:1 Mem:1886.16M (Peak 1887.17M) | Time:60:58:13.41 | Mem:248.00M, Peak:248.00M | Scene | Updating Images | Loading fern_02_diff_1k.png.004
Fra:1 Mem:1887.16M (Peak 1887.17M) | Time:60:58:13.41 | Mem:249.00M, Peak:249.00M | Scene | Updating Images | Loading island_tree_01_leaves_diff_1k.png.011
Fra:1 Mem:1886.15M (Peak 1887.17M) | Time:60:58:13.41 | Mem:250.00M, Peak:250.00M | Scene | Updating Images | Loading island_tree_01_leaves_alpha_1k.png.011
Fra:1 Mem:1886.15M (Peak 1887.17M) | Time:60:58:13.41 | Mem:251.00M, Peak:251.00M | Scene | Updating Images | Loading island_tree_02_leaves_diff_1k.png.011
Fra:1 Mem:1892.16M (Peak 1893.17M) | Time:60:58:13.41 | Mem:252.00M, Peak:252.00M | Scene | Updating Images | Loading island_tree_02_leaves_alpha_1k.png.011
Fra:1 Mem:1893.15M (Peak 1897.17M) | Time:60:58:13.41 | Mem:253.00M, Peak:253.00M | Scene | Updating Images | Loading pine_sapling_small_twig_diff_1k.png.011
Fra:1 Mem:1897.16M (Peak 1902.18M) | Time:60:58:13.41 | Mem:258.00M, Peak:258.00M | Scene | Updating Images | Loading pine_sapling_small_twig_alpha_1k.png.011
Fra:1 Mem:1898.16M (Peak 1902.18M) | Time:60:58:13.41 | Mem:263.00M, Peak:263.00M | Scene | Updating Images | Loading island_tree_01_leaves_diff_1k.png.012
Fra:1 Mem:1899.17M (Peak 1902.18M) | Time:60:58:13.41 | Mem:263.00M, Peak:263.00M | Scene | Updating Images | Loading island_tree_01_leaves_alpha_1k.png.012
Fra:1 Mem:1899.17M (Peak 1902.18M) | Time:60:58:13.41 | Mem:263.00M, Peak:263.00M | Scene | Updating Images | Loading fern_02_diff_1k.png.005
DETAIL CONTACT daguanlou cutstone 45984 0.32
Fra:1 Mem:1513.66M (Peak 2415.14M) | Time:60:58:15.74 | Mem:0.00M, Peak:0.00M | Scene | Synchronizing object | daguanlou_stone
Fra:1 Mem:1513.66M (Peak 2415.14M) | Time:60:58:15.74 | Mem:0.00M, Peak:0.00M | Scene | Synchronizing object | daguanlou_furniture
Fra:1 Mem:1513.66M (Peak 2415.14M) | Time:60:58:15.74 | Mem:0.00M, Peak:0.00M | Scene | Synchronizing object | daguanlou_latticewood.001
Fra:1 Mem:1517.59M (Peak 2415.14M) | Time:60:58:15.74 | Mem:0.00M, Peak:0.00M | Scene | Synchronizing object | daguanlou_limestone.001
Fra:1 Mem:1528.46M (Peak 2415.14M) | Time:60:58:15.74 | Mem:0.00M, Peak:0.00M | Scene | Synchronizing object | daguanlou_canopy_light
Fra:1 Mem:1529.05M (Peak 2415.14M) | Time:60:58:15.74 | Mem:0.00M, Peak:0.00M | Scene | Synchronizing object | daguanlou_canopy
Fra:1 Mem:1529.77M (Peak 2415.14M) | Time:60:58:15.74 | Mem:0.00M, Peak:0.00M | Scene | Synchronizing object | daguanlou_screen
Fra:1 Mem:1530.06M (Peak 2415.14M) | Time:60:58:15.74 | Mem:0.00M, Peak:0.00M | Scene | Synchronizing object | daguanlou_roof
Fra:1 Mem:1530.88M (Peak 2415.14M) | Time:60:58:15.74 | Mem:0.00M, Peak:0.00M | Scene | Synchronizing object | daguanlou_tilelight
Fra:1 Mem:1532.02M (Peak 2415.14M) | Time:60:58:15.74 | Mem:0.00M, Peak:0.00M | Scene | Synchronizing object | daguanlou_tile
Fra:1 Mem:1531.05M (Peak 2415.14M) | Time:60:58:15.74 | Mem:0.00M, Peak:0.00M | Scene | Synchronizing object | daguanlou_canopy_shadow
Fra:1 Mem:1540.20M (Peak 2415.14M) | Time:60:58:15.74 | Mem:0.00M, Peak:0.00M | Scene | Synchronizing object | daguanlou_bark
Fra:1 Mem:1548.43M (Peak 2415.14M) | Time:60:58:15.74 | Mem:0.00M, Peak:0.00M | Scene | Synchronizing object | daguanlou_plaster
Fra:1 Mem:1549.24M (Peak 2415.14M) | Time:60:58:15.74 | Mem:0.00M, Peak:0.00M | Scene | Synchronizing object | daguanlou_bamboo.001
Fra:1 Mem:1549.24M (Peak 2415.14M) | Time:60:58:15.74 | Mem:0.00M, Peak:0.00M | Scene | Synchronizing object | daguanlou_tiledark
Fra:1 Mem:1549.24M (Peak 2415.14M) | Time:60:58:15.74 | Mem:0.00M, Peak:0.00M | Scene | Synchronizing object | daguanlou_ceramic
Fra:1 Mem:1549.27M (Peak 2415.14M) | Time:60:58:15.74 | Mem:0.00M, Peak:0.00M | Scene | Synchronizing object | daguanlou_bookcover.001
Fra:1 Mem:1550.19M (Peak 2415.14M) | Time:60:58:15.74 | Mem:0.00M, Peak:0.00M | Scene | Synchronizing object | daguanlou_ink.001
Fra:1 Mem:1551.94M (Peak 2415.14M) | Time:60:58:15.74 | Mem:0.00M, Peak:0.00M | Scene | Synchronizing object | daguanlou_ivory.001
Fra:1 Mem:1552.24M (Peak 2415.14M) | Time:60:58:15.74 | Mem:0.00M, Peak:0.00M | Scene | Synchronizing object | daguanlou_lantern
Fra:1 Mem:1552.24M (Peak 2415.14M) | Time:60:58:15.74 | Mem:0.00M, Peak:0.00M | Scene | Synchronizing object | daguanlou_bookcloth.001
Fra:1 Mem:1552.50M (Peak 2415.14M) | Time:60:58:15.74 | Mem:0.00M, Peak:0.00M | Scene | Synchronizing object | daguanlou_paper
Fra:1 Mem:1552.51M (Peak 2415.14M) | Time:60:58:15.74 | Mem:0.00M, Peak:0.00M | Scene | Synchronizing object | daguanlou_courtbase
Fra:1 Mem:1552.51M (Peak 2415.14M) | Time:60:58:15.74 | Mem:0.00M, Peak:0.00M | Scene | Synchronizing object | daguanlou_paving
Fra:1 Mem:1552.60M (Peak 2415.14M) | Time:60:58:15.74 | Mem:0.00M, Peak:0.00M | Scene | Synchronizing object | daguanlou_gold
Fra:1 Mem:1610.71M (Peak 2415.14M) | Time:60:58:15.77 | Mem:0.00M, Peak:0.00M | Scene | Initializing
Fra:1 Mem:1610.71M (Peak 2415.14M) | Time:60:58:15.77 | Mem:0.00M, Peak:0.00M | Scene | Updating Images | Loading fern_02_rgba.png.003
Fra:1 Mem:1610.71M (Peak 2415.14M) | Time:60:58:15.77 | Mem:0.00M, Peak:0.00M | Scene | Updating Images | Loading forest_grove.hdr
Fra:1 Mem:1611.71M (Peak 2415.14M) | Time:60:58:15.77 | Mem:0.00M, Peak:0.00M | Scene | Updating Images | Loading r12_stone_nor_gl.001
Fra:1 Mem:1611.71M (Peak 2415.14M) | Time:60:58:15.77 | Mem:0.00M, Peak:0.00M | Scene | Updating Images | Loading r12_cutstone_diff.001
Fra:1 Mem:1612.71M (Peak 2415.14M) | Time:60:58:15.77 | Mem:0.00M, Peak:0.00M | Scene | Updating Images | Loading r12_cutstone_nor_gl.001
Fra:1 Mem:1614.71M (Peak 2415.14M) | Time:60:58:15.77 | Mem:0.00M, Peak:0.00M | Scene | Updating Images | Loading r12_cutstone_rough.001
Fra:1 Mem:1617.72M (Peak 2415.14M) | Time:60:58:15.77 | Mem:3.00M, Peak:3.00M | Scene | Updating Images | Loading r12_darkwood_nor_gl.001
Fra:1 Mem:1617.72M (Peak 2415.14M) | Time:60:58:15.77 | Mem:3.00M, Peak:3.00M | Scene | Updating Images | Loading r12_darkwood_rough.001
Fra:1 Mem:1619.72M (Peak 2415.14M) | Time:60:58:15.77 | Mem:4.00M, Peak:4.00M | Scene | Updating Images | Loading r12_floorwood_diff.001
Fra:1 Mem:1621.72M (Peak 2415.14M) | Time:60:58:15.77 | Mem:5.00M, Peak:5.00M | Scene | Updating Images | Loading r12_floorwood_nor_gl.001
Fra:1 Mem:1622.72M (Peak 2415.14M) | Time:60:58:15.77 | Mem:6.00M, Peak:6.00M | Scene | Updating Images | Loading r12_floorwood_rough.001
Fra:1 Mem:1623.72M (Peak 2415.14M) | Time:60:58:15.77 | Mem:7.00M, Peak:7.00M | Scene | Updating Images | Loading r12_wood_diff.001
Fra:1 Mem:1624.72M (Peak 2415.14M) | Time:60:58:15.77 | Mem:8.00M, Peak:8.00M | Scene | Updating Images | Loading r12_wood_nor_gl.001
Fra:1 Mem:1625.72M (Peak 2415.14M) | Time:60:58:15.77 | Mem:9.00M, Peak:9.00M | Scene | Updating Images | Loading r12_wood_rough.001
Fra:1 Mem:1626.72M (Peak 2415.14M) | Time:60:58:15.77 | Mem:10.00M, Peak:10.00M | Scene | Updating Images | Loading r12_furniture_diff.001
Fra:1 Mem:1627.74M (Peak 2415.14M) | Time:60:58:15.77 | Mem:11.00M, Peak:11.00M | Scene | Updating Images | Loading island_tree_01_leaves_rgba.png.007
Fra:1 Mem:1627.99M (Peak 2415.14M) | Time:60:58:15.77 | Mem:13.00M, Peak:13.00M | Scene | Updating Images | Loading r12_furniture_nor_gl.001
Fra:1 Mem:1628.99M (Peak 2415.14M) | Time:60:58:15.77 | Mem:14.00M, Peak:14.00M | Scene | Updating Images | Loading r12_furniture_rough.001
Fra:1 Mem:1629.99M (Peak 2415.14M) | Time:60:58:15.77 | Mem:14.00M, Peak:14.00M | Scene | Updating Images | Loading r12_latticewood_diff.001
Fra:1 Mem:1630.99M (Peak 2415.14M) | Time:60:58:15.77 | Mem:14.25M, Peak:14.25M | Scene | Updating Images | Loading pine_sapling_small_twig_rgba.png.003
Fra:1 Mem:1631.24M (Peak 2415.14M) | Time:60:58:15.77 | Mem:15.25M, Peak:15.25M | Scene | Updating Images | Loading r12_latticewood_nor_gl.001
Fra:1 Mem:1632.24M (Peak 2415.14M) | Time:60:58:15.77 | Mem:17.25M, Peak:17.25M | Scene | Updating Images | Loading r12_latticewood_rough.001
Fra:1 Mem:1633.24M (Peak 2415.14M) | Time:60:58:15.77 | Mem:17.25M, Peak:17.25M | Scene | Updating Images | Loading r12_roof_diff.001
Fra:1 Mem:1634.24M (Peak 2415.14M) | Time:60:58:15.77 | Mem:18.25M, Peak:18.25M | Scene | Updating Images | Loading r12_roof_nor_gl.001
Fra:1 Mem:1635.24M (Peak 2415.14M) | Time:60:58:15.77 | Mem:18.50M, Peak:18.50M | Scene | Updating Images | Loading island_tree_02_leaves_rgba.png.003
Fra:1 Mem:1635.49M (Peak 2415.14M) | Time:60:58:15.77 | Mem:19.50M, Peak:19.50M | Scene | Updating Images | Loading r12_roof_rough.001
Fra:1 Mem:1636.49M (Peak 2415.14M) | Time:60:58:15.77 | Mem:20.50M, Peak:20.50M | Scene | Updating Images | Loading r12_tilelight_diff.001
Fra:1 Mem:1645.49M (Peak 2415.14M) | Time:60:58:15.77 | Mem:21.50M, Peak:21.50M | Scene | Updating Images | Loading r12_tilelight_nor_gl.001
Fra:1 Mem:1646.49M (Peak 2415.14M) | Time:60:58:15.77 | Mem:22.50M, Peak:22.50M | Scene | Updating Images | Loading r12_tilelight_rough.001
Fra:1 Mem:1647.49M (Peak 2415.14M) | Time:60:58:15.77 | Mem:23.50M, Peak:23.50M | Scene | Updating Images | Loading r12_tile_diff.001
Fra:1 Mem:1647.49M (Peak 2415.14M) | Time:60:58:15.77 | Mem:24.75M, Peak:24.75M | Scene | Updating Images | Loading r12_tile_nor_gl.001
Fra:1 Mem:1649.74M (Peak 2415.14M) | Time:60:58:15.77 | Mem:25.75M, Peak:25.75M | Scene | Updating Images | Loading r12_tile_rough.001
Fra:1 Mem:1650.74M (Peak 2415.14M) | Time:60:58:15.77 | Mem:26.00M, Peak:26.00M | Scene | Updating Images | Loading fern_02_rgba.png.002
Fra:1 Mem:1650.74M (Peak 2415.14M) | Time:60:58:15.77 | Mem:27.00M, Peak:27.00M | Scene | Updating Images | Loading r12_tiledark_diff.001
Fra:1 Mem:1651.74M (Peak 2415.14M) | Time:60:58:15.77 | Mem:28.00M, Peak:28.00M | Scene | Updating Images | Loading r12_tiledark_nor_gl.001
Fra:1 Mem:1652.74M (Peak 2415.14M) | Time:60:58:15.77 | Mem:29.00M, Peak:29.00M | Scene | Updating Images | Loading r12_tiledark_rough.001
Fra:1 Mem:1653.74M (Peak 2415.14M) | Time:60:58:15.77 | Mem:30.00M, Peak:30.00M | Scene | Updating Images | Loading rock_moss_set_01_diff
Fra:1 Mem:1657.74M (Peak 2415.14M) | Time:60:58:15.77 | Mem:31.00M, Peak:31.00M | Scene | Updating Images | Loading rock_moss_set_01_nor_gl
Fra:1 Mem:1662.74M (Peak 2415.14M) | Time:60:58:15.77 | Mem:32.00M, Peak:32.00M | Scene | Updating Images | Loading r12_paving_diff.001
Fra:1 Mem:1663.74M (Peak 2415.14M) | Time:60:58:15.77 | Mem:33.00M, Peak:33.00M | Scene | Updating Images | Loading r12_paving_nor_gl.001
Fra:1 Mem:1664.74M (Peak 2415.14M) | Time:60:58:15.77 | Mem:34.00M, Peak:34.00M | Scene | Updating Images | Loading r12_paving_rough.001
Fra:1 Mem:1665.74M (Peak 2415.14M) | Time:60:58:15.77 | Mem:35.00M, Peak:35.00M | Scene | Updating Images | Loading r12_gardenstone_diff
Fra:1 Mem:1666.74M (Peak 2415.14M) | Time:60:58:15.77 | Mem:36.00M, Peak:36.00M | Scene | Updating Images | Loading r12_gardenstone_nor_gl
Fra:1 Mem:1667.74M (Peak 2415.14M) | Time:60:58:15.77 | Mem:37.00M, Peak:37.00M | Scene | Updating Images | Loading r12_gardenstone_rough
Fra:1 Mem:1668.74M (Peak 2415.14M) | Time:60:58:15.77 | Mem:38.00M, Peak:38.00M | Scene | Updating Images | Loading worn_mossy_plasterwall.jpg
Fra:1 Mem:1672.74M (Peak 2415.14M) | Time:60:58:15.77 | Mem:39.00M, Peak:39.00M | Scene | Updating Images | Loading r12_bankstone_diff.001
Fra:1 Mem:1673.74M (Peak 2415.14M) | Time:60:58:15.77 | Mem:40.00M, Peak:40.00M | Scene | Updating Images | Loading r12_bankstone_nor_gl.001
Fra:1 Mem:1674.74M (Peak 2415.14M) | Time:60:58:15.77 | Mem:41.00M, Peak:41.00M | Scene | Updating Images | Loading r12_bankstone_rough.001
Fra:1 Mem:1675.74M (Peak 2415.14M) | Time:60:58:15.77 | Mem:45.00M, Peak:45.00M | Scene | Updating Images | Loading r12_courtbase_diff.001
Fra:1 Mem:1676.74M (Peak 2415.14M) | Time:60:58:15.78 | Mem:46.00M, Peak:46.00M | Scene | Updating Images | Loading r12_courtbase_nor_gl.001
Fra:1 Mem:1677.74M (Peak 2415.14M) | Time:60:58:15.78 | Mem:47.00M, Peak:47.00M | Scene | Updating Images | Loading r12_courtbase_rough.001
Fra:1 Mem:1678.74M (Peak 2415.14M) | Time:60:58:15.78 | Mem:53.00M, Peak:53.00M | Scene | Updating Images | Loading island_tree_01_diff
Fra:1 Mem:1678.74M (Peak 2415.14M) | Time:60:58:15.78 | Mem:54.00M, Peak:54.00M | Scene | Updating Images | Loading island_tree_01_nor_gl
Fra:1 Mem:1686.74M (Peak 2415.14M) | Time:60:58:15.78 | Mem:54.00M, Peak:54.00M | Scene | Updating Images | Loading island_tree_01_leaves_diff-island_tree_01_leaves_alpha
Fra:1 Mem:1694.74M (Peak 2415.14M) | Time:60:58:15.78 | Mem:55.00M, Peak:55.00M | Scene | Updating Images | Loading island_tree_01_leaves_rough
Fra:1 Mem:1699.75M (Peak 2415.14M) | Time:60:58:15.78 | Mem:59.00M, Peak:59.00M | Scene | Updating Images | Loading island_tree_01_leaves_nor_gl
Fra:1 Mem:1703.75M (Peak 2415.14M) | Time:60:58:15.78 | Mem:63.00M, Peak:63.00M | Scene | Updating Images | Loading island_tree_01_branches_diff
Fra:1 Mem:1706.74M (Peak 2415.14M) | Time:60:58:15.78 | Mem:64.00M, Peak:64.00M | Scene | Updating Images | Loading island_tree_01_leaves_rgba.png.005
Fra:1 Mem:1706.74M (Peak 2415.14M) | Time:60:58:15.78 | Mem:68.00M, Peak:68.00M | Scene | Updating Images | Loading island_tree_01_branches_rough
Fra:1 Mem:1710.74M (Peak 2415.14M) | Time:60:58:15.78 | Mem:72.00M, Peak:72.00M | Scene | Updating Images | Loading island_tree_01_branches_nor_gl
Fra:1 Mem:1714.74M (Peak 2415.14M) | Time:60:58:15.78 | Mem:76.00M, Peak:76.00M | Scene | Updating Images | Loading island_tree_01_leaves_diff_1k.png.001
Fra:1 Mem:1714.74M (Peak 2415.14M) | Time:60:58:15.78 | Mem:80.00M, Peak:80.00M | Scene | Updating Images | Loading island_tree_01_leaves_alpha_1k.png.001
Fra:1 Mem:1714.74M (Peak 2415.14M) | Time:60:58:15.78 | Mem:84.00M, Peak:84.00M | Scene | Updating Images | Loading island_tree_02_diff
Fra:1 Mem:1718.74M (Peak 2415.14M) | Time:60:58:15.78 | Mem:88.00M, Peak:88.00M | Scene | Updating Images | Loading island_tree_02_rough
Fra:1 Mem:1722.99M (Peak 2415.14M) | Time:60:58:15.78 | Mem:92.00M, Peak:92.00M | Scene | Updating Images | Loading island_tree_02_nor_gl
Fra:1 Mem:1728.25M (Peak 2415.14M) | Time:60:58:15.78 | Mem:96.00M, Peak:96.00M | Scene | Updating Images | Loading island_tree_02_leaves_diff-island_tree_02_leaves_alpha
Fra:1 Mem:1727.99M (Peak 2415.14M) | Time:60:58:15.78 | Mem:96.25M, Peak:96.25M | Scene | Updating Images | Loading pine_sapling_small_twig_rgba.png.002
Fra:1 Mem:1731.99M (Peak 2415.14M) | Time:60:58:15.78 | Mem:100.25M, Peak:100.25M | Scene | Updating Images | Loading island_tree_02_leaves_rough
Fra:1 Mem:1737.24M (Peak 2415.14M) | Time:60:58:15.78 | Mem:104.25M, Peak:104.25M | Scene | Updating Images | Loading island_tree_02_leaves_nor_gl
Fra:1 Mem:1745.25M (Peak 2415.14M) | Time:60:58:15.78 | Mem:108.25M, Peak:108.25M | Scene | Updating Images | Loading island_tree_02_leaves_diff_1k.png.001
Fra:1 Mem:1751.24M (Peak 2415.14M) | Time:60:58:15.78 | Mem:113.25M, Peak:113.25M | Scene | Updating Images | Loading island_tree_02_leaves_alpha_1k.png.001
Fra:1 Mem:1751.50M (Peak 2415.14M) | Time:60:58:15.78 | Mem:117.25M, Peak:117.25M | Scene | Updating Images | Loading island_tree_02_branches_diff
Fra:1 Mem:1755.50M (Peak 2415.14M) | Time:60:58:15.78 | Mem:117.25M, Peak:117.25M | Scene | Updating Images | Loading island_tree_02_branches_rough
Fra:1 Mem:1759.24M (Peak 2415.14M) | Time:60:58:15.78 | Mem:117.50M, Peak:117.50M | Scene | Updating Images | Loading island_tree_02_leaves_rgba.png.002
Fra:1 Mem:1760.49M (Peak 2415.14M) | Time:60:58:15.79 | Mem:118.50M, Peak:118.50M | Scene | Updating Images | Loading island_tree_02_branches_nor_gl
Fra:1 Mem:1765.49M (Peak 2415.14M) | Time:60:58:15.79 | Mem:122.50M, Peak:122.50M | Scene | Updating Images | Loading pine_sapling_small_bark_diff
Fra:1 Mem:1769.49M (Peak 2415.14M) | Time:60:58:15.79 | Mem:122.75M, Peak:122.75M | Scene | Updating Images | Loading island_tree_01_leaves_rgba.png.004
Fra:1 Mem:1769.49M (Peak 2415.14M) | Time:60:58:15.79 | Mem:126.75M, Peak:126.75M | Scene | Updating Images | Loading pine_sapling_small_bark_rough
Fra:1 Mem:1773.74M (Peak 2415.14M) | Time:60:58:15.79 | Mem:130.75M, Peak:130.75M | Scene | Updating Images | Loading pine_sapling_small_bark_nor_gl
Fra:1 Mem:1777.74M (Peak 2415.14M) | Time:60:58:15.79 | Mem:134.75M, Peak:134.75M | Scene | Updating Images | Loading pine_sapling_small_twig_diff
Fra:1 Mem:1781.74M (Peak 2415.14M) | Time:60:58:15.79 | Mem:135.75M, Peak:135.75M | Scene | Updating Images | Loading pine_sapling_small_twig_rough
Fra:1 Mem:1787.01M (Peak 2415.14M) | Time:60:58:15.79 | Mem:139.75M, Peak:139.75M | Scene | Updating Images | Loading pine_sapling_small_twig_nor_gl
Fra:1 Mem:1790.00M (Peak 2415.14M) | Time:60:58:15.79 | Mem:143.75M, Peak:143.75M | Scene | Updating Images | Loading pine_sapling_small_twig_diff_1k.png.001
Fra:1 Mem:1789.74M (Peak 2415.14M) | Time:60:58:15.79 | Mem:144.00M, Peak:144.00M | Scene | Updating Images | Loading fern_02_rgba.png.001
Fra:1 Mem:1789.74M (Peak 2415.14M) | Time:60:58:15.79 | Mem:145.00M, Peak:145.00M | Scene | Updating Images | Loading pine_sapling_small_twig_alpha_1k.png.001
Fra:1 Mem:1790.74M (Peak 2415.14M) | Time:60:58:15.79 | Mem:149.00M, Peak:149.00M | Scene | Updating Images | Loading island_tree_01_leaves_diff_1k.png.002
Fra:1 Mem:1790.74M (Peak 2415.14M) | Time:60:58:15.79 | Mem:153.00M, Peak:153.00M | Scene | Updating Images | Loading island_tree_01_leaves_alpha_1k.png.002
Fra:1 Mem:1790.74M (Peak 2415.14M) | Time:60:58:15.79 | Mem:157.00M, Peak:157.00M | Scene | Updating Images | Loading island_tree_02_leaves_diff_1k.png.002
Fra:1 Mem:1796.76M (Peak 2415.14M) | Time:60:58:15.79 | Mem:158.00M, Peak:158.00M | Scene | Updating Images | Loading island_tree_02_leaves_alpha_1k.png.002
Fra:1 Mem:1795.75M (Peak 2415.14M) | Time:60:58:15.79 | Mem:159.00M, Peak:159.00M | Scene | Updating Images | Loading island_tree_01_leaves_rgba.png.003
Fra:1 Mem:1796.99M (Peak 2415.14M) | Time:60:58:15.80 | Mem:161.00M, Peak:161.00M | Scene | Updating Images | Loading pine_sapling_small_twig_diff_1k.png.002
Fra:1 Mem:1796.99M (Peak 2415.14M) | Time:60:58:15.80 | Mem:162.00M, Peak:162.00M | Scene | Updating Images | Loading pine_sapling_small_twig_alpha_1k.png.002
Fra:1 Mem:1796.99M (Peak 2415.14M) | Time:60:58:15.80 | Mem:162.00M, Peak:162.00M | Scene | Updating Images | Loading island_tree_01_leaves_diff_1k.png.003
Fra:1 Mem:1797.25M (Peak 2415.14M) | Time:60:58:15.80 | Mem:162.00M, Peak:162.00M | Scene | Updating Images | Loading island_tree_01_leaves_alpha_1k.png.003
Fra:1 Mem:1796.99M (Peak 2415.14M) | Time:60:58:15.80 | Mem:162.25M, Peak:162.25M | Scene | Updating Images | Loading pine_sapling_small_twig_rgba.png.001
Fra:1 Mem:1796.99M (Peak 2415.14M) | Time:60:58:15.80 | Mem:162.25M, Peak:162.25M | Scene | Updating Images | Loading island_tree_02_leaves_diff_1k.png.003
Fra:1 Mem:1796.99M (Peak 2415.14M) | Time:60:58:15.80 | Mem:163.25M, Peak:163.25M | Scene | Updating Images | Loading island_tree_02_leaves_alpha_1k.png.003
Fra:1 Mem:1801.25M (Peak 2415.14M) | Time:60:58:15.80 | Mem:163.50M, Peak:163.50M | Scene | Updating Images | Loading island_tree_02_leaves_rgba.png.001
Fra:1 Mem:1797.24M (Peak 2415.14M) | Time:60:58:15.80 | Mem:167.50M, Peak:167.50M | Scene | Updating Images | Loading pine_sapling_small_twig_diff_1k.png.003
Fra:1 Mem:1802.51M (Peak 2415.14M) | Time:60:58:15.80 | Mem:168.75M, Peak:168.75M | Scene | Updating Images | Loading island_tree_01_leaves_rgba.png.002
Fra:1 Mem:1803.75M (Peak 2415.14M) | Time:60:58:15.80 | Mem:169.75M, Peak:169.75M | Scene | Updating Images | Loading pine_sapling_small_twig_alpha_1k.png.003
Fra:1 Mem:1805.75M (Peak 2415.14M) | Time:60:58:15.80 | Mem:170.00M, Peak:170.00M | Scene | Updating Images | Loading fern_02_rgba.png
Fra:1 Mem:1806.76M (Peak 2415.14M) | Time:60:58:15.80 | Mem:172.00M, Peak:172.00M | Scene | Updating Images | Loading island_tree_01_leaves_diff_1k.png.004
Fra:1 Mem:1807.75M (Peak 2415.14M) | Time:60:58:15.80 | Mem:173.00M, Peak:173.00M | Scene | Updating Images | Loading island_tree_01_leaves_alpha_1k.png.004
Fra:1 Mem:1807.75M (Peak 2415.14M) | Time:60:58:15.80 | Mem:174.00M, Peak:174.00M | Scene | Updating Images | Loading island_tree_02_leaves_alpha_1k.png.004
Fra:1 Mem:1806.74M (Peak 2415.14M) | Time:60:58:15.80 | Mem:175.00M, Peak:175.00M | Scene | Updating Images | Loading pine_sapling_small_twig_diff_1k.png.004
Fra:1 Mem:1806.74M (Peak 2415.14M) | Time:60:58:15.80 | Mem:176.00M, Peak:176.00M | Scene | Updating Images | Loading pine_sapling_small_twig_alpha_1k.png.004
Fra:1 Mem:1799.74M (Peak 2415.14M) | Time:60:58:15.81 | Mem:177.00M, Peak:177.00M | Scene | Updating Images | Loading island_tree_01_leaves_rgba.png.001
Fra:1 Mem:1805.00M (Peak 2415.14M) | Time:60:58:15.81 | Mem:177.25M, Peak:177.25M | Scene | Updating Images | Loading pine_sapling_small_twig_rgba.png
Fra:1 Mem:1805.00M (Peak 2415.14M) | Time:60:58:15.81 | Mem:178.25M, Peak:178.25M | Scene | Updating Images | Loading island_tree_01_leaves_diff_1k.png.005
Fra:1 Mem:1806.26M (Peak 2415.14M) | Time:60:58:15.81 | Mem:181.25M, Peak:181.25M | Scene | Updating Images | Loading island_tree_01_leaves_alpha_1k.png.005
Fra:1 Mem:1806.25M (Peak 2415.14M) | Time:60:58:15.81 | Mem:181.25M, Peak:181.25M | Scene | Updating Images | Loading island_tree_02_leaves_diff_1k.png.005
Fra:1 Mem:1806.25M (Peak 2415.14M) | Time:60:58:15.81 | Mem:182.25M, Peak:182.25M | Scene | Updating Images | Loading island_tree_02_leaves_alpha_1k.png.005
Fra:1 Mem:1806.25M (Peak 2415.14M) | Time:60:58:15.81 | Mem:182.25M, Peak:182.25M | Scene | Updating Images | Loading pine_sapling_small_twig_diff_1k.png.005
Fra:1 Mem:1806.25M (Peak 2415.14M) | Time:60:58:15.81 | Mem:182.25M, Peak:182.25M | Scene | Updating Images | Loading pine_sapling_small_twig_alpha_1k.png.005
Fra:1 Mem:1812.25M (Peak 2415.14M) | Time:60:58:15.81 | Mem:182.50M, Peak:182.50M | Scene | Updating Images | Loading island_tree_02_leaves_rgba.png
Fra:1 Mem:1812.50M (Peak 2415.14M) | Time:60:58:15.81 | Mem:183.50M, Peak:183.50M | Scene | Updating Images | Loading island_tree_01_leaves_diff_1k.png.006
Fra:1 Mem:1804.49M (Peak 2415.14M) | Time:60:58:15.81 | Mem:183.75M, Peak:183.75M | Scene | Updating Images | Loading island_tree_01_leaves_rgba.png
Fra:1 Mem:1806.49M (Peak 2415.14M) | Time:60:58:15.81 | Mem:191.75M, Peak:191.75M | Scene | Updating Images | Loading island_tree_01_leaves_alpha_1k.png.006
Fra:1 Mem:1809.75M (Peak 2415.14M) | Time:60:58:15.81 | Mem:193.00M, Peak:193.00M | Scene | Updating Images | Loading fern_02_alpha_1k.png.001
Fra:1 Mem:1809.75M (Peak 2415.14M) | Time:60:58:15.81 | Mem:193.00M, Peak:193.00M | Scene | Updating Images | Loading island_tree_02_leaves_diff_1k.png.006
Fra:1 Mem:1809.75M (Peak 2415.14M) | Time:60:58:15.81 | Mem:193.00M, Peak:193.00M | Scene | Updating Images | Loading island_tree_02_leaves_alpha_1k.png.006
Fra:1 Mem:1827.75M (Peak 2415.14M) | Time:60:58:15.82 | Mem:194.00M, Peak:194.00M | Scene | Updating Images | Loading pine_sapling_small_twig_diff_1k.png.006
Fra:1 Mem:1827.75M (Peak 2415.14M) | Time:60:58:15.82 | Mem:195.00M, Peak:195.00M | Scene | Updating Images | Loading pine_sapling_small_twig_alpha_1k.png.006
Fra:1 Mem:1827.75M (Peak 2415.14M) | Time:60:58:15.82 | Mem:195.00M, Peak:195.00M | Scene | Updating Images | Loading island_tree_01_leaves_diff_1k.png.007
Fra:1 Mem:1827.75M (Peak 2415.14M) | Time:60:58:15.82 | Mem:196.00M, Peak:196.00M | Scene | Updating Images | Loading island_tree_01_leaves_alpha_1k.png.007
Fra:1 Mem:1827.75M (Peak 2415.14M) | Time:60:58:15.82 | Mem:196.00M, Peak:196.00M | Scene | Updating Images | Loading island_tree_02_leaves_diff_1k.png.007
Fra:1 Mem:1834.76M (Peak 2415.14M) | Time:60:58:15.82 | Mem:197.00M, Peak:197.00M | Scene | Updating Images | Loading island_tree_02_leaves_alpha_1k.png.007
Fra:1 Mem:1834.76M (Peak 2415.14M) | Time:60:58:15.82 | Mem:197.00M, Peak:197.00M | Scene | Updating Images | Loading pine_sapling_small_twig_diff_1k.png.007
Fra:1 Mem:1835.75M (Peak 2415.14M) | Time:60:58:15.82 | Mem:202.00M, Peak:202.00M | Scene | Updating Images | Loading pine_sapling_small_twig_alpha_1k.png.007
Fra:1 Mem:1835.75M (Peak 2415.14M) | Time:60:58:15.82 | Mem:203.00M, Peak:203.00M | Scene | Updating Images | Loading island_tree_01_leaves_diff_1k.png.008
Fra:1 Mem:1835.75M (Peak 2415.14M) | Time:60:58:15.82 | Mem:203.00M, Peak:203.00M | Scene | Updating Images | Loading island_tree_01_leaves_alpha_1k.png.008
Fra:1 Mem:1836.75M (Peak 2415.14M) | Time:60:58:15.82 | Mem:203.00M, Peak:203.00M | Scene | Updating Images | Loading island_tree_02_leaves_diff_1k.png.008
Fra:1 Mem:1836.75M (Peak 2415.14M) | Time:60:58:15.82 | Mem:203.00M, Peak:203.00M | Scene | Updating Images | Loading island_tree_02_leaves_alpha_1k.png.008
Fra:1 Mem:1853.76M (Peak 2415.14M) | Time:60:58:15.82 | Mem:207.00M, Peak:207.00M | Scene | Updating Images | Loading pine_sapling_small_twig_diff_1k.png.008
Fra:1 Mem:1852.75M (Peak 2415.14M) | Time:60:58:15.82 | Mem:208.00M, Peak:208.00M | Scene | Updating Images | Loading pine_sapling_small_twig_alpha_1k.png.008
Fra:1 Mem:1857.76M (Peak 2415.14M) | Time:60:58:15.83 | Mem:210.00M, Peak:210.00M | Scene | Updating Images | Loading fern_02_diff_1k.png.002
Fra:1 Mem:1843.76M (Peak 2415.14M) | Time:60:58:15.83 | Mem:211.00M, Peak:211.00M | Scene | Updating Images | Loading fern_02_rough
Fra:1 Mem:1852.77M (Peak 2415.14M) | Time:60:58:15.83 | Mem:212.00M, Peak:212.00M | Scene | Updating Images | Loading fern_02_nor_gl
Fra:1 Mem:1852.77M (Peak 2415.14M) | Time:60:58:15.83 | Mem:213.00M, Peak:213.00M | Scene | Updating Images | Loading island_tree_01_leaves_diff_1k.png.009
Fra:1 Mem:1851.76M (Peak 2415.14M) | Time:60:58:15.83 | Mem:214.00M, Peak:214.00M | Scene | Updating Images | Loading island_tree_01_leaves_alpha_1k.png.009
Fra:1 Mem:1851.75M (Peak 2415.14M) | Time:60:58:15.83 | Mem:216.00M, Peak:216.00M | Scene | Updating Images | Loading island_tree_02_leaves_diff_1k.png.009
Fra:1 Mem:1856.74M (Peak 2415.14M) | Time:60:58:15.83 | Mem:217.00M, Peak:217.00M | Scene | Updating Images | Loading island_tree_02_leaves_alpha_1k.png.009
Fra:1 Mem:1859.75M (Peak 2415.14M) | Time:60:58:15.83 | Mem:218.00M, Peak:218.00M | Scene | Updating Images | Loading pine_sapling_small_twig_diff_1k.png.009
Fra:1 Mem:1859.75M (Peak 2415.14M) | Time:60:58:15.83 | Mem:234.00M, Peak:234.00M | Scene | Updating Images | Loading fern_02_alpha_1k.png
Fra:1 Mem:1876.75M (Peak 2415.14M) | Time:60:58:15.83 | Mem:236.00M, Peak:236.00M | Scene | Updating Images | Loading pine_sapling_small_twig_alpha_1k.png.009
Fra:1 Mem:1876.75M (Peak 2415.14M) | Time:60:58:15.83 | Mem:236.00M, Peak:236.00M | Scene | Updating Images | Loading fern_02_diff_1k.png.003
Fra:1 Mem:1876.75M (Peak 2415.14M) | Time:60:58:15.83 | Mem:236.00M, Peak:236.00M | Scene | Updating Images | Loading island_tree_01_leaves_diff_1k.png.010
Fra:1 Mem:1876.75M (Peak 2415.14M) | Time:60:58:15.83 | Mem:236.00M, Peak:236.00M | Scene | Updating Images | Loading island_tree_01_leaves_alpha_1k.png.010
Fra:1 Mem:1876.74M (Peak 2415.14M) | Time:60:58:15.84 | Mem:237.00M, Peak:237.00M | Scene | Updating Images | Loading island_tree_02_leaves_diff_1k.png.010
Fra:1 Mem:1876.74M (Peak 2415.14M) | Time:60:58:15.84 | Mem:241.00M, Peak:241.00M | Scene | Updating Images | Loading island_tree_02_leaves_alpha_1k.png.010
Fra:1 Mem:1885.76M (Peak 2415.14M) | Time:60:58:15.84 | Mem:242.00M, Peak:242.00M | Scene | Updating Images | Loading pine_sapling_small_twig_diff_1k.png.010
Fra:1 Mem:1890.76M (Peak 2415.14M) | Time:60:58:15.84 | Mem:248.00M, Peak:248.00M | Scene | Updating Images | Loading pine_sapling_small_twig_alpha_1k.png.010
Fra:1 Mem:1890.76M (Peak 2415.14M) | Time:60:58:15.84 | Mem:249.00M, Peak:249.00M | Scene | Updating Images | Loading fern_02_diff_1k.png.004
Fra:1 Mem:1890.76M (Peak 2415.14M) | Time:60:58:15.84 | Mem:250.00M, Peak:250.00M | Scene | Updating Images | Loading island_tree_01_leaves_diff_1k.png.011
Fra:1 Mem:1890.75M (Peak 2415.14M) | Time:60:58:15.84 | Mem:251.00M, Peak:251.00M | Scene | Updating Images | Loading island_tree_01_leaves_alpha_1k.png.011
Fra:1 Mem:1886.74M (Peak 2415.14M) | Time:60:58:15.84 | Mem:255.00M, Peak:255.00M | Scene | Updating Images | Loading island_tree_02_leaves_diff_1k.png.011
Fra:1 Mem:1886.74M (Peak 2415.14M) | Time:60:58:15.84 | Mem:256.00M, Peak:256.00M | Scene | Updating Images | Loading island_tree_02_leaves_alpha_1k.png.011
Fra:1 Mem:1907.76M (Peak 2415.14M) | Time:60:58:15.84 | Mem:256.00M, Peak:256.00M | Scene | Updating Images | Loading pine_sapling_small_twig_diff_1k.png.011
Fra:1 Mem:1907.75M (Peak 2415.14M) | Time:60:58:15.84 | Mem:257.00M, Peak:257.00M | Scene | Updating Images | Loading pine_sapling_small_twig_alpha_1k.png.011
Fra:1 Mem:1913.76M (Peak 2415.14M) | Time:60:58:15.85 | Mem:258.00M, Peak:258.00M | Scene | Updating Images | Loading island_tree_01_leaves_diff_1k.png.012
Fra:1 Mem:1903.76M (Peak 2415.14M) | Time:60:58:15.85 | Mem:261.00M, Peak:261.00M | Scene | Updating Images | Loading island_tree_01_leaves_alpha_1k.png.012
Fra:1 Mem:1898.74M (Peak 2415.14M) | Time:60:58:15.85 | Mem:262.00M, Peak:262.00M | Scene | Updating Images | Loading fern_02_diff_1k.png.005
DETAIL CONTACT daguanlou darkwood 75264 0.32
Fra:1 Mem:1515.69M (Peak 2415.14M) | Time:60:58:18.23 | Mem:0.00M, Peak:0.00M | Scene | Synchronizing object | daguanlou_stone
Fra:1 Mem:1515.69M (Peak 2415.14M) | Time:60:58:18.23 | Mem:0.00M, Peak:0.00M | Scene | Synchronizing object | daguanlou_darkwood
Fra:1 Mem:1515.88M (Peak 2415.14M) | Time:60:58:18.23 | Mem:0.00M, Peak:0.00M | Scene | Synchronizing object | daguanlou_furniture
Fra:1 Mem:1518.51M (Peak 2415.14M) | Time:60:58:18.23 | Mem:0.00M, Peak:0.00M | Scene | Synchronizing object | daguanlou_latticewood.001
Fra:1 Mem:1520.00M (Peak 2415.14M) | Time:60:58:18.23 | Mem:0.00M, Peak:0.00M | Scene | Synchronizing object | daguanlou_limestone.001
Fra:1 Mem:1525.16M (Peak 2415.14M) | Time:60:58:18.23 | Mem:0.00M, Peak:0.00M | Scene | Synchronizing object | daguanlou_screen
Fra:1 Mem:1525.68M (Peak 2415.14M) | Time:60:58:18.23 | Mem:0.00M, Peak:0.00M | Scene | Synchronizing object | daguanlou_roof
Fra:1 Mem:1528.26M (Peak 2415.14M) | Time:60:58:18.23 | Mem:0.00M, Peak:0.00M | Scene | Synchronizing object | daguanlou_canopy_light
Fra:1 Mem:1530.36M (Peak 2415.14M) | Time:60:58:18.23 | Mem:0.00M, Peak:0.00M | Scene | Synchronizing object | daguanlou_tilelight
Fra:1 Mem:1531.66M (Peak 2415.14M) | Time:60:58:18.23 | Mem:0.00M, Peak:0.00M | Scene | Synchronizing object | daguanlou_canopy
Fra:1 Mem:1531.91M (Peak 2415.14M) | Time:60:58:18.23 | Mem:0.00M, Peak:0.00M | Scene | Synchronizing object | daguanlou_tile
Fra:1 Mem:1553.96M (Peak 2415.14M) | Time:60:58:18.23 | Mem:0.00M, Peak:0.00M | Scene | Synchronizing object | daguanlou_tiledark
Fra:1 Mem:1556.37M (Peak 2415.14M) | Time:60:58:18.23 | Mem:0.00M, Peak:0.00M | Scene | Synchronizing object | daguanlou_canopy_shadow
Fra:1 Mem:1561.64M (Peak 2415.14M) | Time:60:58:18.23 | Mem:0.00M, Peak:0.00M | Scene | Synchronizing object | daguanlou_bark
Fra:1 Mem:1561.17M (Peak 2415.14M) | Time:60:58:18.23 | Mem:0.00M, Peak:0.00M | Scene | Synchronizing object | daguanlou_lantern
Fra:1 Mem:1561.17M (Peak 2415.14M) | Time:60:58:18.23 | Mem:0.00M, Peak:0.00M | Scene | Synchronizing object | daguanlou_plaster
Fra:1 Mem:1564.19M (Peak 2415.14M) | Time:60:58:18.23 | Mem:0.00M, Peak:0.00M | Scene | Synchronizing object | daguanlou_gold
Fra:1 Mem:1565.05M (Peak 2415.14M) | Time:60:58:18.23 | Mem:0.00M, Peak:0.00M | Scene | Synchronizing object | daguanlou_bamboo.001
Fra:1 Mem:1565.08M (Peak 2415.14M) | Time:60:58:18.23 | Mem:0.00M, Peak:0.00M | Scene | Synchronizing object | daguanlou_ceramic
Fra:1 Mem:1566.03M (Peak 2415.14M) | Time:60:58:18.23 | Mem:0.00M, Peak:0.00M | Scene | Synchronizing object | daguanlou_bookcover.001
Fra:1 Mem:1566.03M (Peak 2415.14M) | Time:60:58:18.23 | Mem:0.00M, Peak:0.00M | Scene | Synchronizing object | daguanlou_ink.001
Fra:1 Mem:1566.05M (Peak 2415.14M) | Time:60:58:18.23 | Mem:0.00M, Peak:0.00M | Scene | Synchronizing object | daguanlou_ivory.001
Fra:1 Mem:1566.18M (Peak 2415.14M) | Time:60:58:18.23 | Mem:0.00M, Peak:0.00M | Scene | Synchronizing object | daguanlou_bookcloth.001
Fra:1 Mem:1569.61M (Peak 2415.14M) | Time:60:58:18.23 | Mem:0.00M, Peak:0.00M | Scene | Synchronizing object | daguanlou_paper
Fra:1 Mem:1569.62M (Peak 2415.14M) | Time:60:58:18.23 | Mem:0.00M, Peak:0.00M | Scene | Synchronizing object | daguanlou_courtbase
Fra:1 Mem:1569.53M (Peak 2415.14M) | Time:60:58:18.23 | Mem:0.00M, Peak:0.00M | Scene | Synchronizing object | daguanlou_paving
Fra:1 Mem:1611.61M (Peak 2415.14M) | Time:60:58:18.27 | Mem:0.00M, Peak:0.00M | Scene | Initializing
Fra:1 Mem:1611.61M (Peak 2415.14M) | Time:60:58:18.27 | Mem:0.00M, Peak:0.00M | Scene | Updating Images | Loading fern_02_rgba.png.003
Fra:1 Mem:1612.61M (Peak 2415.14M) | Time:60:58:18.27 | Mem:0.00M, Peak:0.00M | Scene | Updating Images | Loading r12_cutstone_rough.001
Fra:1 Mem:1618.62M (Peak 2415.14M) | Time:60:58:18.27 | Mem:1.00M, Peak:1.00M | Scene | Updating Images | Loading r12_darkwood_diff.001
Fra:1 Mem:1619.62M (Peak 2415.14M) | Time:60:58:18.27 | Mem:2.00M, Peak:2.00M | Scene | Updating Images | Loading r12_darkwood_nor_gl.001
Fra:1 Mem:1620.62M (Peak 2415.14M) | Time:60:58:18.27 | Mem:3.00M, Peak:3.00M | Scene | Updating Images | Loading r12_darkwood_rough.001
Fra:1 Mem:1621.62M (Peak 2415.14M) | Time:60:58:18.27 | Mem:4.00M, Peak:4.00M | Scene | Updating Images | Loading r12_floorwood_diff.001
Fra:1 Mem:1622.62M (Peak 2415.14M) | Time:60:58:18.27 | Mem:5.00M, Peak:5.00M | Scene | Updating Images | Loading r12_floorwood_nor_gl.001
Fra:1 Mem:1622.63M (Peak 2415.14M) | Time:60:58:18.27 | Mem:6.00M, Peak:6.00M | Scene | Updating Images | Loading island_tree_01_leaves_rgba.png.007
Fra:1 Mem:1623.88M (Peak 2415.14M) | Time:60:58:18.27 | Mem:7.00M, Peak:7.00M | Scene | Updating Images | Loading r12_floorwood_rough.001
Fra:1 Mem:1624.88M (Peak 2415.14M) | Time:60:58:18.27 | Mem:7.25M, Peak:7.25M | Scene | Updating Images | Loading pine_sapling_small_twig_rgba.png.003
Fra:1 Mem:1625.13M (Peak 2415.14M) | Time:60:58:18.27 | Mem:8.25M, Peak:8.25M | Scene | Updating Images | Loading r12_wood_diff.001
Fra:1 Mem:1626.13M (Peak 2415.14M) | Time:60:58:18.27 | Mem:9.25M, Peak:9.25M | Scene | Updating Images | Loading r12_wood_nor_gl.001
Fra:1 Mem:1627.13M (Peak 2415.14M) | Time:60:58:18.27 | Mem:11.25M, Peak:11.25M | Scene | Updating Images | Loading r12_wood_rough.001
Fra:1 Mem:1627.13M (Peak 2415.14M) | Time:60:58:18.27 | Mem:12.50M, Peak:12.50M | Scene | Updating Images | Loading island_tree_02_leaves_rgba.png.003
Fra:1 Mem:1628.13M (Peak 2415.14M) | Time:60:58:18.27 | Mem:12.50M, Peak:12.50M | Scene | Updating Images | Loading r12_furniture_diff.001
Fra:1 Mem:1629.38M (Peak 2415.14M) | Time:60:58:18.27 | Mem:12.50M, Peak:12.50M | Scene | Updating Images | Loading r12_furniture_nor_gl.001
Fra:1 Mem:1630.38M (Peak 2415.14M) | Time:60:58:18.27 | Mem:13.50M, Peak:13.50M | Scene | Updating Images | Loading r12_furniture_rough.001
Fra:1 Mem:1631.38M (Peak 2415.14M) | Time:60:58:18.27 | Mem:13.75M, Peak:13.75M | Scene | Updating Images | Loading island_tree_01_leaves_rgba.png.006
Fra:1 Mem:1631.63M (Peak 2415.14M) | Time:60:58:18.27 | Mem:14.75M, Peak:14.75M | Scene | Updating Images | Loading r12_latticewood_diff.001
Fra:1 Mem:1632.63M (Peak 2415.14M) | Time:60:58:18.27 | Mem:16.75M, Peak:16.75M | Scene | Updating Images | Loading r12_latticewood_nor_gl.001
Fra:1 Mem:1632.63M (Peak 2415.14M) | Time:60:58:18.27 | Mem:16.75M, Peak:16.75M | Scene | Updating Images | Loading r12_latticewood_rough.001
Fra:1 Mem:1634.63M (Peak 2415.14M) | Time:60:58:18.27 | Mem:17.00M, Peak:17.00M | Scene | Updating Images | Loading fern_02_rgba.png.002
Fra:1 Mem:1642.63M (Peak 2415.14M) | Time:60:58:18.27 | Mem:18.00M, Peak:18.00M | Scene | Updating Images | Loading r12_roof_diff.001
Fra:1 Mem:1643.63M (Peak 2415.14M) | Time:60:58:18.27 | Mem:19.00M, Peak:19.00M | Scene | Updating Images | Loading r12_roof_nor_gl.001
Fra:1 Mem:1644.63M (Peak 2415.14M) | Time:60:58:18.27 | Mem:20.00M, Peak:20.00M | Scene | Updating Images | Loading r12_roof_rough.001
Fra:1 Mem:1645.63M (Peak 2415.14M) | Time:60:58:18.27 | Mem:21.00M, Peak:21.00M | Scene | Updating Images | Loading r12_tilelight_diff.001
Fra:1 Mem:1647.64M (Peak 2415.14M) | Time:60:58:18.27 | Mem:22.00M, Peak:22.00M | Scene | Updating Images | Loading r12_tilelight_nor_gl.001
Fra:1 Mem:1648.64M (Peak 2415.14M) | Time:60:58:18.27 | Mem:23.00M, Peak:23.00M | Scene | Updating Images | Loading r12_tilelight_rough.001
Fra:1 Mem:1649.64M (Peak 2415.14M) | Time:60:58:18.27 | Mem:25.00M, Peak:25.00M | Scene | Updating Images | Loading r12_tile_diff.001
Fra:1 Mem:1650.64M (Peak 2415.14M) | Time:60:58:18.27 | Mem:25.00M, Peak:25.00M | Scene | Updating Images | Loading r12_tile_nor_gl.001
Fra:1 Mem:1651.64M (Peak 2415.14M) | Time:60:58:18.27 | Mem:26.00M, Peak:26.00M | Scene | Updating Images | Loading r12_tile_rough.001
Fra:1 Mem:1652.64M (Peak 2415.14M) | Time:60:58:18.27 | Mem:27.00M, Peak:27.00M | Scene | Updating Images | Loading r12_tiledark_diff.001
Fra:1 Mem:1653.64M (Peak 2415.14M) | Time:60:58:18.27 | Mem:28.00M, Peak:28.00M | Scene | Updating Images | Loading r12_tiledark_nor_gl.001
Fra:1 Mem:1654.64M (Peak 2415.14M) | Time:60:58:18.27 | Mem:29.00M, Peak:29.00M | Scene | Updating Images | Loading r12_tiledark_rough.001
Fra:1 Mem:1655.64M (Peak 2415.14M) | Time:60:58:18.27 | Mem:30.00M, Peak:30.00M | Scene | Updating Images | Loading rock_moss_set_01_diff
Fra:1 Mem:1659.64M (Peak 2415.14M) | Time:60:58:18.27 | Mem:31.00M, Peak:31.00M | Scene | Updating Images | Loading rock_moss_set_01_nor_gl
Fra:1 Mem:1663.64M (Peak 2415.14M) | Time:60:58:18.27 | Mem:32.00M, Peak:32.00M | Scene | Updating Images | Loading r12_paving_diff.001
Fra:1 Mem:1664.64M (Peak 2415.14M) | Time:60:58:18.27 | Mem:33.00M, Peak:33.00M | Scene | Updating Images | Loading r12_paving_nor_gl.001
Fra:1 Mem:1665.64M (Peak 2415.14M) | Time:60:58:18.27 | Mem:34.00M, Peak:34.00M | Scene | Updating Images | Loading r12_paving_rough.001
Fra:1 Mem:1666.64M (Peak 2415.14M) | Time:60:58:18.27 | Mem:35.00M, Peak:35.00M | Scene | Updating Images | Loading r12_gardenstone_diff
Fra:1 Mem:1667.64M (Peak 2415.14M) | Time:60:58:18.27 | Mem:36.00M, Peak:36.00M | Scene | Updating Images | Loading r12_gardenstone_nor_gl
Fra:1 Mem:1668.64M (Peak 2415.14M) | Time:60:58:18.27 | Mem:37.00M, Peak:37.00M | Scene | Updating Images | Loading r12_gardenstone_rough
Fra:1 Mem:1669.64M (Peak 2415.14M) | Time:60:58:18.27 | Mem:38.00M, Peak:38.00M | Scene | Updating Images | Loading worn_mossy_plasterwall.jpg
Fra:1 Mem:1673.64M (Peak 2415.14M) | Time:60:58:18.27 | Mem:39.00M, Peak:39.00M | Scene | Updating Images | Loading r12_bankstone_diff.001
Fra:1 Mem:1674.64M (Peak 2415.14M) | Time:60:58:18.27 | Mem:40.00M, Peak:40.00M | Scene | Updating Images | Loading r12_bankstone_nor_gl.001
Fra:1 Mem:1675.64M (Peak 2415.14M) | Time:60:58:18.27 | Mem:41.00M, Peak:41.00M | Scene | Updating Images | Loading r12_bankstone_rough.001
Fra:1 Mem:1676.64M (Peak 2415.14M) | Time:60:58:18.27 | Mem:45.00M, Peak:45.00M | Scene | Updating Images | Loading r12_courtbase_diff.001
Fra:1 Mem:1677.64M (Peak 2415.14M) | Time:60:58:18.27 | Mem:49.00M, Peak:49.00M | Scene | Updating Images | Loading r12_courtbase_nor_gl.001
Fra:1 Mem:1678.64M (Peak 2415.14M) | Time:60:58:18.27 | Mem:50.00M, Peak:50.00M | Scene | Updating Images | Loading r12_courtbase_rough.001
Fra:1 Mem:1679.64M (Peak 2415.14M) | Time:60:58:18.27 | Mem:51.00M, Peak:51.00M | Scene | Updating Images | Loading island_tree_01_diff
Fra:1 Mem:1683.64M (Peak 2415.14M) | Time:60:58:18.27 | Mem:52.00M, Peak:52.00M | Scene | Updating Images | Loading island_tree_01_rough
Fra:1 Mem:1687.64M (Peak 2415.14M) | Time:60:58:18.27 | Mem:53.00M, Peak:53.00M | Scene | Updating Images | Loading island_tree_01_nor_gl
Fra:1 Mem:1691.64M (Peak 2415.14M) | Time:60:58:18.27 | Mem:54.00M, Peak:54.00M | Scene | Updating Images | Loading island_tree_01_leaves_diff-island_tree_01_leaves_alpha
Fra:1 Mem:1695.64M (Peak 2415.14M) | Time:60:58:18.27 | Mem:55.00M, Peak:55.00M | Scene | Updating Images | Loading island_tree_01_leaves_rough
Fra:1 Mem:1699.64M (Peak 2415.14M) | Time:60:58:18.27 | Mem:60.00M, Peak:60.00M | Scene | Updating Images | Loading island_tree_01_leaves_rgba.png.005
Fra:1 Mem:1699.64M (Peak 2415.14M) | Time:60:58:18.27 | Mem:60.00M, Peak:60.00M | Scene | Updating Images | Loading island_tree_01_leaves_nor_gl
Fra:1 Mem:1703.64M (Peak 2415.14M) | Time:60:58:18.28 | Mem:64.00M, Peak:64.00M | Scene | Updating Images | Loading island_tree_01_branches_diff
Fra:1 Mem:1707.64M (Peak 2415.14M) | Time:60:58:18.28 | Mem:68.00M, Peak:68.00M | Scene | Updating Images | Loading island_tree_01_branches_rough
Fra:1 Mem:1711.89M (Peak 2415.14M) | Time:60:58:18.28 | Mem:72.00M, Peak:72.00M | Scene | Updating Images | Loading island_tree_01_branches_nor_gl
Fra:1 Mem:1715.89M (Peak 2415.14M) | Time:60:58:18.28 | Mem:76.00M, Peak:76.00M | Scene | Updating Images | Loading island_tree_01_leaves_diff_1k.png.001
Fra:1 Mem:1715.89M (Peak 2415.14M) | Time:60:58:18.28 | Mem:76.25M, Peak:76.25M | Scene | Updating Images | Loading pine_sapling_small_twig_rgba.png.002
Fra:1 Mem:1715.89M (Peak 2415.14M) | Time:60:58:18.28 | Mem:80.25M, Peak:80.25M | Scene | Updating Images | Loading island_tree_01_leaves_alpha_1k.png.001
Fra:1 Mem:1715.89M (Peak 2415.14M) | Time:60:58:18.28 | Mem:84.25M, Peak:84.25M | Scene | Updating Images | Loading island_tree_02_diff
Fra:1 Mem:1720.14M (Peak 2415.14M) | Time:60:58:18.28 | Mem:88.25M, Peak:88.25M | Scene | Updating Images | Loading island_tree_02_rough
Fra:1 Mem:1724.14M (Peak 2415.14M) | Time:60:58:18.28 | Mem:92.25M, Peak:92.25M | Scene | Updating Images | Loading island_tree_02_nor_gl
Fra:1 Mem:1740.15M (Peak 2415.14M) | Time:60:58:18.28 | Mem:92.50M, Peak:92.50M | Scene | Updating Images | Loading island_tree_02_leaves_rgba.png.002
Fra:1 Mem:1744.15M (Peak 2415.14M) | Time:60:58:18.28 | Mem:96.50M, Peak:96.50M | Scene | Updating Images | Loading island_tree_02_leaves_diff-island_tree_02_leaves_alpha
Fra:1 Mem:1748.40M (Peak 2415.14M) | Time:60:58:18.28 | Mem:100.50M, Peak:100.50M | Scene | Updating Images | Loading island_tree_02_leaves_rough
Fra:1 Mem:1752.40M (Peak 2415.14M) | Time:60:58:18.28 | Mem:104.50M, Peak:104.50M | Scene | Updating Images | Loading island_tree_02_leaves_nor_gl
Fra:1 Mem:1752.39M (Peak 2415.14M) | Time:60:58:18.28 | Mem:109.50M, Peak:109.50M | Scene | Updating Images | Loading island_tree_02_leaves_diff_1k.png.001
Fra:1 Mem:1752.39M (Peak 2415.14M) | Time:60:58:18.28 | Mem:109.50M, Peak:109.50M | Scene | Updating Images | Loading island_tree_02_leaves_alpha_1k.png.001
Fra:1 Mem:1752.39M (Peak 2415.14M) | Time:60:58:18.28 | Mem:109.75M, Peak:109.75M | Scene | Updating Images | Loading island_tree_01_leaves_rgba.png.004
Fra:1 Mem:1752.39M (Peak 2415.14M) | Time:60:58:18.28 | Mem:110.75M, Peak:110.75M | Scene | Updating Images | Loading island_tree_02_branches_diff
Fra:1 Mem:1756.39M (Peak 2415.14M) | Time:60:58:18.28 | Mem:114.75M, Peak:114.75M | Scene | Updating Images | Loading island_tree_02_branches_rough
Fra:1 Mem:1760.39M (Peak 2415.14M) | Time:60:58:18.28 | Mem:118.75M, Peak:118.75M | Scene | Updating Images | Loading island_tree_02_branches_nor_gl
Fra:1 Mem:1764.64M (Peak 2415.14M) | Time:60:58:18.29 | Mem:122.75M, Peak:122.75M | Scene | Updating Images | Loading pine_sapling_small_bark_diff
Fra:1 Mem:1768.64M (Peak 2415.14M) | Time:60:58:18.29 | Mem:127.00M, Peak:127.00M | Scene | Updating Images | Loading fern_02_rgba.png.001
Fra:1 Mem:1770.64M (Peak 2415.14M) | Time:60:58:18.29 | Mem:131.00M, Peak:131.00M | Scene | Updating Images | Loading pine_sapling_small_bark_rough
Fra:1 Mem:1775.64M (Peak 2415.14M) | Time:60:58:18.29 | Mem:136.00M, Peak:136.00M | Scene | Updating Images | Loading pine_sapling_small_bark_nor_gl
Fra:1 Mem:1779.64M (Peak 2415.14M) | Time:60:58:18.29 | Mem:136.00M, Peak:136.00M | Scene | Updating Images | Loading pine_sapling_small_twig_diff
Fra:1 Mem:1783.64M (Peak 2415.14M) | Time:60:58:18.29 | Mem:140.00M, Peak:140.00M | Scene | Updating Images | Loading pine_sapling_small_twig_rough
Fra:1 Mem:1783.64M (Peak 2415.14M) | Time:60:58:18.29 | Mem:140.00M, Peak:140.00M | Scene | Updating Images | Loading pine_sapling_small_twig_diff_1k.png.001
Fra:1 Mem:1796.65M (Peak 2415.14M) | Time:60:58:18.29 | Mem:145.00M, Peak:145.00M | Scene | Updating Images | Loading pine_sapling_small_twig_alpha_1k.png.001
Fra:1 Mem:1796.66M (Peak 2415.14M) | Time:60:58:18.29 | Mem:149.00M, Peak:149.00M | Scene | Updating Images | Loading island_tree_01_leaves_diff_1k.png.002
Fra:1 Mem:1797.66M (Peak 2415.14M) | Time:60:58:18.29 | Mem:149.00M, Peak:149.00M | Scene | Updating Images | Loading island_tree_01_leaves_alpha_1k.png.002
Fra:1 Mem:1793.65M (Peak 2415.14M) | Time:60:58:18.29 | Mem:153.00M, Peak:153.00M | Scene | Updating Images | Loading island_tree_02_leaves_diff_1k.png.002
Fra:1 Mem:1792.64M (Peak 2415.14M) | Time:60:58:18.29 | Mem:154.00M, Peak:154.00M | Scene | Updating Images | Loading island_tree_01_leaves_rgba.png.003
Fra:1 Mem:1792.64M (Peak 2415.14M) | Time:60:58:18.29 | Mem:158.00M, Peak:158.00M | Scene | Updating Images | Loading island_tree_02_leaves_alpha_1k.png.002
Fra:1 Mem:1792.64M (Peak 2415.14M) | Time:60:58:18.29 | Mem:159.00M, Peak:159.00M | Scene | Updating Images | Loading pine_sapling_small_twig_diff_1k.png.002
Fra:1 Mem:1792.89M (Peak 2415.14M) | Time:60:58:18.29 | Mem:159.25M, Peak:159.25M | Scene | Updating Images | Loading pine_sapling_small_twig_rgba.png.001
Fra:1 Mem:1796.14M (Peak 2415.14M) | Time:60:58:18.30 | Mem:160.25M, Peak:160.25M | Scene | Updating Images | Loading pine_sapling_small_twig_alpha_1k.png.002
Fra:1 Mem:1802.17M (Peak 2415.14M) | Time:60:58:18.30 | Mem:160.50M, Peak:160.50M | Scene | Updating Images | Loading island_tree_02_leaves_rgba.png.001
Fra:1 Mem:1801.15M (Peak 2415.14M) | Time:60:58:18.30 | Mem:161.50M, Peak:161.50M | Scene | Updating Images | Loading island_tree_01_leaves_diff_1k.png.003
Fra:1 Mem:1801.40M (Peak 2415.14M) | Time:60:58:18.30 | Mem:162.50M, Peak:162.50M | Scene | Updating Images | Loading island_tree_01_leaves_alpha_1k.png.003
Fra:1 Mem:1801.40M (Peak 2415.14M) | Time:60:58:18.30 | Mem:163.50M, Peak:163.50M | Scene | Updating Images | Loading island_tree_02_leaves_diff_1k.png.003
Fra:1 Mem:1800.39M (Peak 2415.14M) | Time:60:58:18.30 | Mem:164.50M, Peak:164.50M | Scene | Updating Images | Loading island_tree_02_leaves_alpha_1k.png.003
Fra:1 Mem:1800.39M (Peak 2415.14M) | Time:60:58:18.30 | Mem:164.50M, Peak:164.50M | Scene | Updating Images | Loading pine_sapling_small_twig_diff_1k.png.003
Fra:1 Mem:1800.40M (Peak 2415.14M) | Time:60:58:18.30 | Mem:165.50M, Peak:165.50M | Scene | Updating Images | Loading pine_sapling_small_twig_alpha_1k.png.003
Fra:1 Mem:1800.39M (Peak 2415.14M) | Time:60:58:18.30 | Mem:165.75M, Peak:165.75M | Scene | Updating Images | Loading island_tree_01_leaves_rgba.png.002
Fra:1 Mem:1802.64M (Peak 2415.14M) | Time:60:58:18.30 | Mem:170.00M, Peak:170.00M | Scene | Updating Images | Loading fern_02_rgba.png
Fra:1 Mem:1804.64M (Peak 2415.14M) | Time:60:58:18.30 | Mem:171.00M, Peak:171.00M | Scene | Updating Images | Loading island_tree_01_leaves_diff_1k.png.004
Fra:1 Mem:1807.65M (Peak 2415.14M) | Time:60:58:18.30 | Mem:172.00M, Peak:172.00M | Scene | Updating Images | Loading island_tree_01_leaves_alpha_1k.png.004
Fra:1 Mem:1809.65M (Peak 2415.14M) | Time:60:58:18.30 | Mem:174.00M, Peak:174.00M | Scene | Updating Images | Loading island_tree_02_leaves_diff_1k.png.004
Fra:1 Mem:1810.66M (Peak 2415.14M) | Time:60:58:18.30 | Mem:174.00M, Peak:174.00M | Scene | Updating Images | Loading island_tree_02_leaves_alpha_1k.png.004
Fra:1 Mem:1810.66M (Peak 2415.14M) | Time:60:58:18.30 | Mem:174.00M, Peak:174.00M | Scene | Updating Images | Loading pine_sapling_small_twig_diff_1k.png.004
Fra:1 Mem:1801.64M (Peak 2415.14M) | Time:60:58:18.31 | Mem:177.00M, Peak:177.00M | Scene | Updating Images | Loading pine_sapling_small_twig_alpha_1k.png.004
Fra:1 Mem:1801.64M (Peak 2415.14M) | Time:60:58:18.31 | Mem:177.00M, Peak:177.00M | Scene | Updating Images | Loading island_tree_01_leaves_diff_1k.png.005
Fra:1 Mem:1801.65M (Peak 2415.14M) | Time:60:58:18.31 | Mem:177.00M, Peak:177.00M | Scene | Updating Images | Loading island_tree_01_leaves_alpha_1k.png.005
Fra:1 Mem:1801.64M (Peak 2415.14M) | Time:60:58:18.31 | Mem:178.00M, Peak:178.00M | Scene | Updating Images | Loading island_tree_01_leaves_rgba.png.001
Fra:1 Mem:1807.91M (Peak 2415.14M) | Time:60:58:18.31 | Mem:178.25M, Peak:178.25M | Scene | Updating Images | Loading pine_sapling_small_twig_rgba.png
Fra:1 Mem:1808.15M (Peak 2415.14M) | Time:60:58:18.31 | Mem:180.25M, Peak:180.25M | Scene | Updating Images | Loading island_tree_02_leaves_diff_1k.png.005
Fra:1 Mem:1810.17M (Peak 2415.14M) | Time:60:58:18.31 | Mem:180.25M, Peak:180.25M | Scene | Updating Images | Loading island_tree_02_leaves_alpha_1k.png.005
Fra:1 Mem:1808.15M (Peak 2415.14M) | Time:60:58:18.31 | Mem:181.25M, Peak:181.25M | Scene | Updating Images | Loading pine_sapling_small_twig_diff_1k.png.005
Fra:1 Mem:1808.15M (Peak 2415.14M) | Time:60:58:18.31 | Mem:182.25M, Peak:182.25M | Scene | Updating Images | Loading pine_sapling_small_twig_alpha_1k.png.005
Fra:1 Mem:1808.15M (Peak 2415.14M) | Time:60:58:18.31 | Mem:182.25M, Peak:182.25M | Scene | Updating Images | Loading island_tree_01_leaves_diff_1k.png.006
Fra:1 Mem:1808.40M (Peak 2415.14M) | Time:60:58:18.31 | Mem:183.25M, Peak:183.25M | Scene | Updating Images | Loading island_tree_01_leaves_alpha_1k.png.006
Fra:1 Mem:1808.14M (Peak 2415.14M) | Time:60:58:18.31 | Mem:183.50M, Peak:183.50M | Scene | Updating Images | Loading island_tree_02_leaves_rgba.png
Fra:1 Mem:1815.40M (Peak 2415.14M) | Time:60:58:18.31 | Mem:183.75M, Peak:183.75M | Scene | Updating Images | Loading island_tree_01_leaves_rgba.png
Fra:1 Mem:1812.65M (Peak 2415.14M) | Time:60:58:18.31 | Mem:185.75M, Peak:185.75M | Scene | Updating Images | Loading island_tree_02_leaves_diff_1k.png.006
Fra:1 Mem:1814.67M (Peak 2415.14M) | Time:60:58:18.32 | Mem:186.00M, Peak:186.00M | Scene | Updating Images | Loading fern_02_alpha_1k.png.001
Fra:1 Mem:1829.65M (Peak 2415.14M) | Time:60:58:18.32 | Mem:189.00M, Peak:189.00M | Scene | Updating Images | Loading island_tree_02_leaves_alpha_1k.png.006
Fra:1 Mem:1829.64M (Peak 2415.14M) | Time:60:58:18.32 | Mem:190.00M, Peak:190.00M | Scene | Updating Images | Loading pine_sapling_small_twig_diff_1k.png.006
Fra:1 Mem:1829.64M (Peak 2415.14M) | Time:60:58:18.32 | Mem:190.00M, Peak:190.00M | Scene | Updating Images | Loading pine_sapling_small_twig_alpha_1k.png.006
Fra:1 Mem:1829.64M (Peak 2415.14M) | Time:60:58:18.32 | Mem:191.00M, Peak:191.00M | Scene | Updating Images | Loading island_tree_01_leaves_diff_1k.png.007
Fra:1 Mem:1829.64M (Peak 2415.14M) | Time:60:58:18.32 | Mem:192.00M, Peak:192.00M | Scene | Updating Images | Loading island_tree_01_leaves_alpha_1k.png.007
Fra:1 Mem:1829.64M (Peak 2415.14M) | Time:60:58:18.32 | Mem:200.00M, Peak:200.00M | Scene | Updating Images | Loading island_tree_02_leaves_diff_1k.png.007
Fra:1 Mem:1829.64M (Peak 2415.14M) | Time:60:58:18.32 | Mem:201.00M, Peak:201.00M | Scene | Updating Images | Loading island_tree_02_leaves_alpha_1k.png.007
Fra:1 Mem:1838.66M (Peak 2415.14M) | Time:60:58:18.32 | Mem:204.00M, Peak:204.00M | Scene | Updating Images | Loading pine_sapling_small_twig_diff_1k.png.007
Fra:1 Mem:1838.66M (Peak 2415.14M) | Time:60:58:18.32 | Mem:204.00M, Peak:204.00M | Scene | Updating Images | Loading island_tree_01_leaves_diff_1k.png.008
Fra:1 Mem:1837.65M (Peak 2415.14M) | Time:60:58:18.32 | Mem:205.00M, Peak:205.00M | Scene | Updating Images | Loading island_tree_01_leaves_alpha_1k.png.008
Fra:1 Mem:1836.64M (Peak 2415.14M) | Time:60:58:18.32 | Mem:206.00M, Peak:206.00M | Scene | Updating Images | Loading island_tree_02_leaves_diff_1k.png.008
Fra:1 Mem:1836.64M (Peak 2415.14M) | Time:60:58:18.32 | Mem:207.00M, Peak:207.00M | Scene | Updating Images | Loading island_tree_02_leaves_alpha_1k.png.008
Fra:1 Mem:1836.64M (Peak 2415.14M) | Time:60:58:18.33 | Mem:208.00M, Peak:208.00M | Scene | Updating Images | Loading pine_sapling_small_twig_diff_1k.png.008
Fra:1 Mem:1861.67M (Peak 2415.14M) | Time:60:58:18.33 | Mem:210.00M, Peak:210.00M | Scene | Updating Images | Loading pine_sapling_small_twig_alpha_1k.png.008
Fra:1 Mem:1859.65M (Peak 2415.14M) | Time:60:58:18.33 | Mem:211.00M, Peak:211.00M | Scene | Updating Images | Loading fern_02_diff_1k.png.002
Fra:1 Mem:1859.65M (Peak 2415.14M) | Time:60:58:18.33 | Mem:212.00M, Peak:212.00M | Scene | Updating Images | Loading fern_02_rough
Fra:1 Mem:1859.65M (Peak 2415.14M) | Time:60:58:18.33 | Mem:212.00M, Peak:212.00M | Scene | Updating Images | Loading fern_02_nor_gl
Fra:1 Mem:1863.66M (Peak 2415.14M) | Time:60:58:18.33 | Mem:212.00M, Peak:212.00M | Scene | Updating Images | Loading island_tree_01_leaves_diff_1k.png.009
Fra:1 Mem:1867.65M (Peak 2415.14M) | Time:60:58:18.33 | Mem:212.00M, Peak:212.00M | Scene | Updating Images | Loading island_tree_01_leaves_alpha_1k.png.009
Fra:1 Mem:1867.65M (Peak 2415.14M) | Time:60:58:18.33 | Mem:213.00M, Peak:213.00M | Scene | Updating Images | Loading island_tree_02_leaves_diff_1k.png.009
Fra:1 Mem:1852.65M (Peak 2415.14M) | Time:60:58:18.33 | Mem:214.00M, Peak:214.00M | Scene | Updating Images | Loading island_tree_02_leaves_alpha_1k.png.009
Fra:1 Mem:1860.65M (Peak 2415.14M) | Time:60:58:18.34 | Mem:216.00M, Peak:216.00M | Scene | Updating Images | Loading pine_sapling_small_twig_diff_1k.png.009
Fra:1 Mem:1860.65M (Peak 2415.14M) | Time:60:58:18.34 | Mem:216.00M, Peak:216.00M | Scene | Updating Images | Loading pine_sapling_small_twig_alpha_1k.png.009
Fra:1 Mem:1860.65M (Peak 2415.14M) | Time:60:58:18.34 | Mem:216.00M, Peak:216.00M | Scene | Updating Images | Loading fern_02_diff_1k.png.003
Fra:1 Mem:1860.65M (Peak 2415.14M) | Time:60:58:18.34 | Mem:216.00M, Peak:216.00M | Scene | Updating Images | Loading island_tree_01_leaves_diff_1k.png.010
Fra:1 Mem:1861.65M (Peak 2415.14M) | Time:60:58:18.34 | Mem:232.00M, Peak:232.00M | Scene | Updating Images | Loading fern_02_alpha_1k.png
Fra:1 Mem:1871.66M (Peak 2415.14M) | Time:60:58:18.34 | Mem:236.00M, Peak:236.00M | Scene | Updating Images | Loading island_tree_01_leaves_alpha_1k.png.010
Fra:1 Mem:1888.67M (Peak 2415.14M) | Time:60:58:18.34 | Mem:238.00M, Peak:238.00M | Scene | Updating Images | Loading island_tree_02_leaves_diff_1k.png.010
Fra:1 Mem:1887.66M (Peak 2415.14M) | Time:60:58:18.34 | Mem:239.00M, Peak:239.00M | Scene | Updating Images | Loading island_tree_02_leaves_alpha_1k.png.010
Fra:1 Mem:1887.66M (Peak 2415.14M) | Time:60:58:18.34 | Mem:240.00M, Peak:240.00M | Scene | Updating Images | Loading pine_sapling_small_twig_diff_1k.png.010
Fra:1 Mem:1883.64M (Peak 2415.14M) | Time:60:58:18.34 | Mem:249.00M, Peak:249.00M | Scene | Updating Images | Loading pine_sapling_small_twig_alpha_1k.png.010
Fra:1 Mem:1883.64M (Peak 2415.14M) | Time:60:58:18.34 | Mem:250.00M, Peak:250.00M | Scene | Updating Images | Loading fern_02_diff_1k.png.004
Fra:1 Mem:1886.65M (Peak 2415.14M) | Time:60:58:18.34 | Mem:251.00M, Peak:251.00M | Scene | Updating Images | Loading island_tree_01_leaves_diff_1k.png.011
Fra:1 Mem:1886.65M (Peak 2415.14M) | Time:60:58:18.34 | Mem:251.00M, Peak:251.00M | Scene | Updating Images | Loading island_tree_01_leaves_alpha_1k.png.011
Fra:1 Mem:1886.64M (Peak 2415.14M) | Time:60:58:18.34 | Mem:252.00M, Peak:252.00M | Scene | Updating Images | Loading island_tree_02_leaves_diff_1k.png.011
Fra:1 Mem:1887.64M (Peak 2415.14M) | Time:60:58:18.35 | Mem:253.00M, Peak:253.00M | Scene | Updating Images | Loading island_tree_02_leaves_alpha_1k.png.011
Fra:1 Mem:1892.65M (Peak 2415.14M) | Time:60:58:18.35 | Mem:254.00M, Peak:254.00M | Scene | Updating Images | Loading pine_sapling_small_twig_diff_1k.png.011
Fra:1 Mem:1892.64M (Peak 2415.14M) | Time:60:58:18.35 | Mem:255.00M, Peak:255.00M | Scene | Updating Images | Loading pine_sapling_small_twig_alpha_1k.png.011
Fra:1 Mem:1914.67M (Peak 2415.14M) | Time:60:58:18.35 | Mem:257.00M, Peak:257.00M | Scene | Updating Images | Loading island_tree_01_leaves_diff_1k.png.012
Fra:1 Mem:1916.68M (Peak 2415.14M) | Time:60:58:18.35 | Mem:257.00M, Peak:257.00M | Scene | Updating Images | Loading island_tree_01_leaves_alpha_1k.png.012
Fra:1 Mem:1919.68M (Peak 2415.14M) | Time:60:58:18.35 | Mem:258.00M, Peak:258.00M | Scene | Updating Images | Loading fern_02_diff_1k.png.005
DETAIL CONTACT daguanlou floorwood 86496 0.32
Fra:1 Mem:1526.35M (Peak 2415.63M) | Time:60:58:20.96 | Mem:0.00M, Peak:0.00M | Scene | Synchronizing object | daguanlou_stone
Fra:1 Mem:1526.35M (Peak 2415.63M) | Time:60:58:20.96 | Mem:0.00M, Peak:0.00M | Scene | Synchronizing object | daguanlou_furniture
Fra:1 Mem:1526.60M (Peak 2415.63M) | Time:60:58:20.96 | Mem:0.00M, Peak:0.00M | Scene | Synchronizing object | daguanlou_latticewood.001
Fra:1 Mem:1534.65M (Peak 2415.63M) | Time:60:58:20.96 | Mem:0.00M, Peak:0.00M | Scene | Synchronizing object | daguanlou_screen
Fra:1 Mem:1535.13M (Peak 2415.63M) | Time:60:58:20.96 | Mem:0.00M, Peak:0.00M | Scene | Synchronizing object | daguanlou_limestone.001
Fra:1 Mem:1540.57M (Peak 2415.63M) | Time:60:58:20.96 | Mem:0.00M, Peak:0.00M | Scene | Synchronizing object | daguanlou_canopy_light
Fra:1 Mem:1542.63M (Peak 2415.63M) | Time:60:58:20.96 | Mem:0.00M, Peak:0.00M | Scene | Synchronizing object | daguanlou_canopy
Fra:1 Mem:1542.72M (Peak 2415.63M) | Time:60:58:20.96 | Mem:0.00M, Peak:0.00M | Scene | Synchronizing object | daguanlou_roof
Fra:1 Mem:1543.20M (Peak 2415.63M) | Time:60:58:20.96 | Mem:0.00M, Peak:0.00M | Scene | Synchronizing object | daguanlou_tilelight
Fra:1 Mem:1543.20M (Peak 2415.63M) | Time:60:58:20.96 | Mem:0.00M, Peak:0.00M | Scene | Synchronizing object | daguanlou_tile
Fra:1 Mem:1548.80M (Peak 2415.63M) | Time:60:58:20.96 | Mem:0.00M, Peak:0.00M | Scene | Synchronizing object | daguanlou_gold
Fra:1 Mem:1550.32M (Peak 2415.63M) | Time:60:58:20.96 | Mem:0.00M, Peak:0.00M | Scene | Synchronizing object | daguanlou_canopy_shadow
Fra:1 Mem:1555.24M (Peak 2415.63M) | Time:60:58:20.96 | Mem:0.00M, Peak:0.00M | Scene | Synchronizing object | daguanlou_paving
Fra:1 Mem:1571.39M (Peak 2415.63M) | Time:60:58:20.96 | Mem:0.00M, Peak:0.00M | Scene | Synchronizing object | daguanlou_bark
Fra:1 Mem:1570.92M (Peak 2415.63M) | Time:60:58:20.96 | Mem:0.00M, Peak:0.00M | Scene | Synchronizing object | daguanlou_courtbase
Fra:1 Mem:1570.99M (Peak 2415.63M) | Time:60:58:20.96 | Mem:0.00M, Peak:0.00M | Scene | Synchronizing object | daguanlou_plaster
Fra:1 Mem:1571.02M (Peak 2415.63M) | Time:60:58:20.96 | Mem:0.00M, Peak:0.00M | Scene | Synchronizing object | daguanlou_paper
Fra:1 Mem:1571.74M (Peak 2415.63M) | Time:60:58:20.97 | Mem:0.00M, Peak:0.00M | Scene | Synchronizing object | daguanlou_bookcloth.001
Fra:1 Mem:1573.96M (Peak 2415.63M) | Time:60:58:20.97 | Mem:0.00M, Peak:0.00M | Scene | Synchronizing object | daguanlou_ivory.001
Fra:1 Mem:1574.05M (Peak 2415.63M) | Time:60:58:20.97 | Mem:0.00M, Peak:0.00M | Scene | Synchronizing object | daguanlou_ink.001
Fra:1 Mem:1574.98M (Peak 2415.63M) | Time:60:58:20.97 | Mem:0.00M, Peak:0.00M | Scene | Synchronizing object | daguanlou_bamboo.001
Fra:1 Mem:1575.81M (Peak 2415.63M) | Time:60:58:20.97 | Mem:0.00M, Peak:0.00M | Scene | Synchronizing object | daguanlou_ceramic
Fra:1 Mem:1575.84M (Peak 2415.63M) | Time:60:58:20.97 | Mem:0.00M, Peak:0.00M | Scene | Synchronizing object | daguanlou_bookcover.001
Fra:1 Mem:1620.68M (Peak 2415.63M) | Time:60:58:21.00 | Mem:0.00M, Peak:0.00M | Scene | Initializing
Fra:1 Mem:1620.68M (Peak 2415.63M) | Time:60:58:21.00 | Mem:0.00M, Peak:0.00M | Scene | Updating Images | Loading forest_grove.hdr
Fra:1 Mem:1620.68M (Peak 2415.63M) | Time:60:58:21.00 | Mem:0.00M, Peak:0.00M | Scene | Updating Images | Loading r12_stone_nor_gl.001
Fra:1 Mem:1620.68M (Peak 2415.63M) | Time:60:58:21.00 | Mem:0.00M, Peak:0.00M | Scene | Updating Images | Loading r12_stone_rough.001
Fra:1 Mem:1622.68M (Peak 2415.63M) | Time:60:58:21.00 | Mem:0.00M, Peak:0.00M | Scene | Updating Images | Loading r12_cutstone_nor_gl.001
Fra:1 Mem:1623.68M (Peak 2415.63M) | Time:60:58:21.00 | Mem:0.00M, Peak:0.00M | Scene | Updating Images | Loading r12_cutstone_rough.001
Fra:1 Mem:1626.69M (Peak 2415.63M) | Time:60:58:21.00 | Mem:1.00M, Peak:1.00M | Scene | Updating Images | Loading r12_darkwood_diff.001
Fra:1 Mem:1628.69M (Peak 2415.63M) | Time:60:58:21.00 | Mem:2.00M, Peak:2.00M | Scene | Updating Images | Loading r12_darkwood_nor_gl.001
Fra:1 Mem:1629.69M (Peak 2415.63M) | Time:60:58:21.00 | Mem:3.00M, Peak:3.00M | Scene | Updating Images | Loading r12_darkwood_rough.001
Fra:1 Mem:1630.70M (Peak 2415.63M) | Time:60:58:21.00 | Mem:5.00M, Peak:5.00M | Scene | Updating Images | Loading r12_floorwood_diff.001
Fra:1 Mem:1630.70M (Peak 2415.63M) | Time:60:58:21.00 | Mem:6.00M, Peak:6.00M | Scene | Updating Images | Loading island_tree_01_leaves_rgba.png.007
Fra:1 Mem:1631.70M (Peak 2415.63M) | Time:60:58:21.00 | Mem:6.00M, Peak:6.00M | Scene | Updating Images | Loading r12_floorwood_nor_gl.001
Fra:1 Mem:1632.95M (Peak 2415.63M) | Time:60:58:21.00 | Mem:7.00M, Peak:7.00M | Scene | Updating Images | Loading r12_floorwood_rough.001
Fra:1 Mem:1633.95M (Peak 2415.63M) | Time:60:58:21.00 | Mem:7.25M, Peak:7.25M | Scene | Updating Images | Loading pine_sapling_small_twig_rgba.png.003
Fra:1 Mem:1634.20M (Peak 2415.63M) | Time:60:58:21.00 | Mem:8.25M, Peak:8.25M | Scene | Updating Images | Loading r12_wood_diff.001
Fra:1 Mem:1635.20M (Peak 2415.63M) | Time:60:58:21.00 | Mem:9.25M, Peak:9.25M | Scene | Updating Images | Loading r12_wood_nor_gl.001
Fra:1 Mem:1635.20M (Peak 2415.63M) | Time:60:58:21.00 | Mem:10.25M, Peak:10.25M | Scene | Updating Images | Loading r12_wood_rough.001
Fra:1 Mem:1636.20M (Peak 2415.63M) | Time:60:58:21.00 | Mem:10.50M, Peak:10.50M | Scene | Updating Images | Loading island_tree_02_leaves_rgba.png.003
Fra:1 Mem:1637.45M (Peak 2415.63M) | Time:60:58:21.00 | Mem:11.50M, Peak:11.50M | Scene | Updating Images | Loading r12_furniture_diff.001
Fra:1 Mem:1637.45M (Peak 2415.63M) | Time:60:58:21.00 | Mem:12.50M, Peak:12.50M | Scene | Updating Images | Loading r12_furniture_nor_gl.001
Fra:1 Mem:1639.45M (Peak 2415.63M) | Time:60:58:21.00 | Mem:12.75M, Peak:12.75M | Scene | Updating Images | Loading island_tree_01_leaves_rgba.png.006
Fra:1 Mem:1639.70M (Peak 2415.63M) | Time:60:58:21.00 | Mem:13.75M, Peak:13.75M | Scene | Updating Images | Loading r12_furniture_rough.001
Fra:1 Mem:1639.70M (Peak 2415.63M) | Time:60:58:21.00 | Mem:14.75M, Peak:14.75M | Scene | Updating Images | Loading r12_latticewood_diff.001
Fra:1 Mem:1641.70M (Peak 2415.63M) | Time:60:58:21.00 | Mem:15.00M, Peak:15.00M | Scene | Updating Images | Loading fern_02_rgba.png.002
Fra:1 Mem:1641.70M (Peak 2415.63M) | Time:60:58:21.00 | Mem:16.00M, Peak:16.00M | Scene | Updating Images | Loading r12_latticewood_nor_gl.001
Fra:1 Mem:1642.70M (Peak 2415.63M) | Time:60:58:21.00 | Mem:17.00M, Peak:17.00M | Scene | Updating Images | Loading r12_latticewood_rough.001
Fra:1 Mem:1642.70M (Peak 2415.63M) | Time:60:58:21.00 | Mem:18.00M, Peak:18.00M | Scene | Updating Images | Loading r12_roof_diff.001
Fra:1 Mem:1643.70M (Peak 2415.63M) | Time:60:58:21.00 | Mem:19.00M, Peak:19.00M | Scene | Updating Images | Loading r12_roof_nor_gl.001
Fra:1 Mem:1646.71M (Peak 2415.63M) | Time:60:58:21.00 | Mem:20.00M, Peak:20.00M | Scene | Updating Images | Loading r12_roof_rough.001
Fra:1 Mem:1647.71M (Peak 2415.63M) | Time:60:58:21.00 | Mem:21.00M, Peak:21.00M | Scene | Updating Images | Loading r12_tilelight_diff.001
Fra:1 Mem:1648.71M (Peak 2415.63M) | Time:60:58:21.00 | Mem:22.00M, Peak:22.00M | Scene | Updating Images | Loading r12_tilelight_nor_gl.001
Fra:1 Mem:1657.71M (Peak 2415.63M) | Time:60:58:21.00 | Mem:23.00M, Peak:23.00M | Scene | Updating Images | Loading r12_tilelight_rough.001
Fra:1 Mem:1658.71M (Peak 2415.63M) | Time:60:58:21.00 | Mem:24.00M, Peak:24.00M | Scene | Updating Images | Loading r12_tile_diff.001
Fra:1 Mem:1659.71M (Peak 2415.63M) | Time:60:58:21.00 | Mem:26.00M, Peak:26.00M | Scene | Updating Images | Loading r12_tile_rough.001
Fra:1 Mem:1659.71M (Peak 2415.63M) | Time:60:58:21.00 | Mem:27.00M, Peak:27.00M | Scene | Updating Images | Loading r12_tiledark_diff.001
Fra:1 Mem:1662.71M (Peak 2415.63M) | Time:60:58:21.00 | Mem:28.00M, Peak:28.00M | Scene | Updating Images | Loading r12_tiledark_nor_gl.001
Fra:1 Mem:1663.71M (Peak 2415.63M) | Time:60:58:21.00 | Mem:29.00M, Peak:29.00M | Scene | Updating Images | Loading r12_tiledark_rough.001
Fra:1 Mem:1664.71M (Peak 2415.63M) | Time:60:58:21.00 | Mem:30.00M, Peak:30.00M | Scene | Updating Images | Loading rock_moss_set_01_diff
Fra:1 Mem:1664.71M (Peak 2415.63M) | Time:60:58:21.00 | Mem:31.00M, Peak:31.00M | Scene | Updating Images | Loading rock_moss_set_01_nor_gl
Fra:1 Mem:1672.71M (Peak 2415.63M) | Time:60:58:21.00 | Mem:32.00M, Peak:32.00M | Scene | Updating Images | Loading r12_paving_diff.001
Fra:1 Mem:1673.71M (Peak 2415.63M) | Time:60:58:21.00 | Mem:34.00M, Peak:34.00M | Scene | Updating Images | Loading r12_paving_nor_gl.001
Fra:1 Mem:1673.71M (Peak 2415.63M) | Time:60:58:21.00 | Mem:35.00M, Peak:35.00M | Scene | Updating Images | Loading r12_gardenstone_diff
Fra:1 Mem:1676.71M (Peak 2415.63M) | Time:60:58:21.00 | Mem:36.00M, Peak:36.00M | Scene | Updating Images | Loading r12_gardenstone_nor_gl
Fra:1 Mem:1677.71M (Peak 2415.63M) | Time:60:58:21.00 | Mem:37.00M, Peak:37.00M | Scene | Updating Images | Loading r12_gardenstone_rough
Fra:1 Mem:1678.71M (Peak 2415.63M) | Time:60:58:21.00 | Mem:38.00M, Peak:38.00M | Scene | Updating Images | Loading worn_mossy_plasterwall.jpg
Fra:1 Mem:1682.71M (Peak 2415.63M) | Time:60:58:21.00 | Mem:39.00M, Peak:39.00M | Scene | Updating Images | Loading r12_bankstone_diff.001
Fra:1 Mem:1683.71M (Peak 2415.63M) | Time:60:58:21.00 | Mem:40.00M, Peak:40.00M | Scene | Updating Images | Loading r12_bankstone_nor_gl.001
Fra:1 Mem:1684.71M (Peak 2415.63M) | Time:60:58:21.00 | Mem:41.00M, Peak:41.00M | Scene | Updating Images | Loading r12_bankstone_rough.001
Fra:1 Mem:1685.71M (Peak 2415.63M) | Time:60:58:21.00 | Mem:49.00M, Peak:49.00M | Scene | Updating Images | Loading r12_courtbase_diff.001
Fra:1 Mem:1685.71M (Peak 2415.63M) | Time:60:58:21.00 | Mem:49.00M, Peak:49.00M | Scene | Updating Images | Loading r12_courtbase_nor_gl.001
Fra:1 Mem:1687.71M (Peak 2415.63M) | Time:60:58:21.00 | Mem:50.00M, Peak:50.00M | Scene | Updating Images | Loading r12_courtbase_rough.001
Fra:1 Mem:1688.71M (Peak 2415.63M) | Time:60:58:21.00 | Mem:51.00M, Peak:51.00M | Scene | Updating Images | Loading island_tree_01_diff
Fra:1 Mem:1692.71M (Peak 2415.63M) | Time:60:58:21.00 | Mem:53.00M, Peak:53.00M | Scene | Updating Images | Loading island_tree_01_rough
Fra:1 Mem:1692.71M (Peak 2415.63M) | Time:60:58:21.00 | Mem:53.00M, Peak:53.00M | Scene | Updating Images | Loading island_tree_01_nor_gl
Fra:1 Mem:1700.71M (Peak 2415.63M) | Time:60:58:21.00 | Mem:54.00M, Peak:54.00M | Scene | Updating Images | Loading island_tree_01_leaves_diff-island_tree_01_leaves_alpha
Fra:1 Mem:1704.71M (Peak 2415.63M) | Time:60:58:21.00 | Mem:55.00M, Peak:55.00M | Scene | Updating Images | Loading island_tree_01_leaves_rough
Fra:1 Mem:1709.72M (Peak 2415.63M) | Time:60:58:21.00 | Mem:59.00M, Peak:59.00M | Scene | Updating Images | Loading island_tree_01_leaves_nor_gl
Fra:1 Mem:1708.71M (Peak 2415.63M) | Time:60:58:21.00 | Mem:60.00M, Peak:60.00M | Scene | Updating Images | Loading island_tree_01_leaves_rgba.png.005
Fra:1 Mem:1712.96M (Peak 2415.63M) | Time:60:58:21.00 | Mem:64.00M, Peak:64.00M | Scene | Updating Images | Loading island_tree_01_branches_diff
Fra:1 Mem:1716.96M (Peak 2415.63M) | Time:60:58:21.00 | Mem:68.00M, Peak:68.00M | Scene | Updating Images | Loading island_tree_01_branches_rough
Fra:1 Mem:1720.96M (Peak 2415.63M) | Time:60:58:21.00 | Mem:72.00M, Peak:72.00M | Scene | Updating Images | Loading island_tree_01_branches_nor_gl
Fra:1 Mem:1724.96M (Peak 2415.63M) | Time:60:58:21.01 | Mem:76.00M, Peak:76.00M | Scene | Updating Images | Loading island_tree_01_leaves_diff_1k.png.001
Fra:1 Mem:1724.96M (Peak 2415.63M) | Time:60:58:21.01 | Mem:80.00M, Peak:80.00M | Scene | Updating Images | Loading island_tree_01_leaves_alpha_1k.png.001
Fra:1 Mem:1724.96M (Peak 2415.63M) | Time:60:58:21.01 | Mem:84.00M, Peak:84.00M | Scene | Updating Images | Loading island_tree_02_diff
Fra:1 Mem:1729.22M (Peak 2415.63M) | Time:60:58:21.01 | Mem:88.00M, Peak:88.00M | Scene | Updating Images | Loading island_tree_02_rough
Fra:1 Mem:1732.96M (Peak 2415.63M) | Time:60:58:21.01 | Mem:88.25M, Peak:88.25M | Scene | Updating Images | Loading pine_sapling_small_twig_rgba.png.002
Fra:1 Mem:1732.96M (Peak 2415.63M) | Time:60:58:21.01 | Mem:92.25M, Peak:92.25M | Scene | Updating Images | Loading island_tree_02_nor_gl
Fra:1 Mem:1739.21M (Peak 2415.63M) | Time:60:58:21.01 | Mem:96.25M, Peak:96.25M | Scene | Updating Images | Loading island_tree_02_leaves_diff-island_tree_02_leaves_alpha
Fra:1 Mem:1743.21M (Peak 2415.63M) | Time:60:58:21.01 | Mem:100.25M, Peak:100.25M | Scene | Updating Images | Loading island_tree_02_leaves_rough
Fra:1 Mem:1747.21M (Peak 2415.63M) | Time:60:58:21.01 | Mem:104.25M, Peak:104.25M | Scene | Updating Images | Loading island_tree_02_leaves_nor_gl
Fra:1 Mem:1751.21M (Peak 2415.63M) | Time:60:58:21.01 | Mem:108.25M, Peak:108.25M | Scene | Updating Images | Loading island_tree_02_leaves_diff_1k.png.001
Fra:1 Mem:1752.22M (Peak 2415.63M) | Time:60:58:21.01 | Mem:112.25M, Peak:112.25M | Scene | Updating Images | Loading island_tree_02_leaves_alpha_1k.png.001
Fra:1 Mem:1761.21M (Peak 2415.63M) | Time:60:58:21.01 | Mem:112.50M, Peak:112.50M | Scene | Updating Images | Loading island_tree_02_leaves_rgba.png.002
Fra:1 Mem:1761.21M (Peak 2415.63M) | Time:60:58:21.01 | Mem:113.50M, Peak:113.50M | Scene | Updating Images | Loading island_tree_02_branches_diff
Fra:1 Mem:1765.46M (Peak 2415.63M) | Time:60:58:21.01 | Mem:117.50M, Peak:117.50M | Scene | Updating Images | Loading island_tree_02_branches_rough
Fra:1 Mem:1771.47M (Peak 2415.63M) | Time:60:58:21.01 | Mem:117.75M, Peak:117.75M | Scene | Updating Images | Loading island_tree_01_leaves_rgba.png.004
Fra:1 Mem:1775.72M (Peak 2415.63M) | Time:60:58:21.01 | Mem:121.75M, Peak:121.75M | Scene | Updating Images | Loading island_tree_02_branches_nor_gl
Fra:1 Mem:1779.72M (Peak 2415.63M) | Time:60:58:21.01 | Mem:122.75M, Peak:122.75M | Scene | Updating Images | Loading pine_sapling_small_bark_diff
Fra:1 Mem:1783.72M (Peak 2415.63M) | Time:60:58:21.01 | Mem:123.75M, Peak:123.75M | Scene | Updating Images | Loading pine_sapling_small_bark_rough
Fra:1 Mem:1787.72M (Peak 2415.63M) | Time:60:58:21.01 | Mem:124.00M, Peak:124.00M | Scene | Updating Images | Loading fern_02_rgba.png.001
Fra:1 Mem:1783.71M (Peak 2415.63M) | Time:60:58:21.01 | Mem:132.00M, Peak:132.00M | Scene | Updating Images | Loading pine_sapling_small_bark_nor_gl
Fra:1 Mem:1788.71M (Peak 2415.63M) | Time:60:58:21.01 | Mem:132.00M, Peak:132.00M | Scene | Updating Images | Loading pine_sapling_small_twig_diff
Fra:1 Mem:1792.71M (Peak 2415.63M) | Time:60:58:21.02 | Mem:136.00M, Peak:136.00M | Scene | Updating Images | Loading pine_sapling_small_twig_rough
Fra:1 Mem:1796.71M (Peak 2415.63M) | Time:60:58:21.02 | Mem:140.00M, Peak:140.00M | Scene | Updating Images | Loading pine_sapling_small_twig_nor_gl
Fra:1 Mem:1800.71M (Peak 2415.63M) | Time:60:58:21.02 | Mem:141.00M, Peak:141.00M | Scene | Updating Images | Loading pine_sapling_small_twig_diff_1k.png.001
Fra:1 Mem:1800.71M (Peak 2415.63M) | Time:60:58:21.02 | Mem:145.00M, Peak:145.00M | Scene | Updating Images | Loading pine_sapling_small_twig_alpha_1k.png.001
Fra:1 Mem:1800.71M (Peak 2415.63M) | Time:60:58:21.02 | Mem:149.00M, Peak:149.00M | Scene | Updating Images | Loading island_tree_01_leaves_diff_1k.png.002
Fra:1 Mem:1800.71M (Peak 2415.63M) | Time:60:58:21.02 | Mem:153.00M, Peak:153.00M | Scene | Updating Images | Loading island_tree_01_leaves_alpha_1k.png.002
Fra:1 Mem:1801.72M (Peak 2415.63M) | Time:60:58:21.02 | Mem:157.00M, Peak:157.00M | Scene | Updating Images | Loading island_tree_02_leaves_diff_1k.png.002
Fra:1 Mem:1800.71M (Peak 2415.63M) | Time:60:58:21.02 | Mem:158.00M, Peak:158.00M | Scene | Updating Images | Loading island_tree_01_leaves_rgba.png.003
Fra:1 Mem:1800.96M (Peak 2415.63M) | Time:60:58:21.02 | Mem:158.25M, Peak:158.25M | Scene | Updating Images | Loading pine_sapling_small_twig_rgba.png.001
Fra:1 Mem:1806.47M (Peak 2415.63M) | Time:60:58:21.02 | Mem:161.25M, Peak:161.25M | Scene | Updating Images | Loading island_tree_02_leaves_alpha_1k.png.002
Fra:1 Mem:1807.48M (Peak 2415.63M) | Time:60:58:21.02 | Mem:161.25M, Peak:161.25M | Scene | Updating Images | Loading pine_sapling_small_twig_diff_1k.png.002
Fra:1 Mem:1807.22M (Peak 2415.63M) | Time:60:58:21.02 | Mem:161.50M, Peak:161.50M | Scene | Updating Images | Loading island_tree_02_leaves_rgba.png.001
Fra:1 Mem:1807.22M (Peak 2415.63M) | Time:60:58:21.02 | Mem:161.50M, Peak:161.50M | Scene | Updating Images | Loading pine_sapling_small_twig_alpha_1k.png.002
Fra:1 Mem:1806.21M (Peak 2415.63M) | Time:60:58:21.02 | Mem:161.50M, Peak:161.50M | Scene | Updating Images | Loading island_tree_01_leaves_diff_1k.png.003
Fra:1 Mem:1806.21M (Peak 2415.63M) | Time:60:58:21.02 | Mem:162.50M, Peak:162.50M | Scene | Updating Images | Loading island_tree_01_leaves_alpha_1k.png.003
Fra:1 Mem:1810.47M (Peak 2415.63M) | Time:60:58:21.03 | Mem:162.75M, Peak:162.75M | Scene | Updating Images | Loading island_tree_01_leaves_rgba.png.002
Fra:1 Mem:1806.46M (Peak 2415.63M) | Time:60:58:21.03 | Mem:166.75M, Peak:166.75M | Scene | Updating Images | Loading island_tree_02_leaves_diff_1k.png.003
Fra:1 Mem:1806.71M (Peak 2415.63M) | Time:60:58:21.03 | Mem:167.00M, Peak:167.00M | Scene | Updating Images | Loading fern_02_rgba.png
Fra:1 Mem:1807.74M (Peak 2415.63M) | Time:60:58:21.03 | Mem:169.00M, Peak:169.00M | Scene | Updating Images | Loading island_tree_02_leaves_alpha_1k.png.003
Fra:1 Mem:1805.71M (Peak 2415.63M) | Time:60:58:21.03 | Mem:170.00M, Peak:170.00M | Scene | Updating Images | Loading pine_sapling_small_twig_diff_1k.png.003
Fra:1 Mem:1805.71M (Peak 2415.63M) | Time:60:58:21.03 | Mem:171.00M, Peak:171.00M | Scene | Updating Images | Loading pine_sapling_small_twig_alpha_1k.png.003
Fra:1 Mem:1805.71M (Peak 2415.63M) | Time:60:58:21.03 | Mem:172.00M, Peak:172.00M | Scene | Updating Images | Loading island_tree_01_leaves_diff_1k.png.004
Fra:1 Mem:1805.71M (Peak 2415.63M) | Time:60:58:21.03 | Mem:174.00M, Peak:174.00M | Scene | Updating Images | Loading island_tree_01_leaves_alpha_1k.png.004
Fra:1 Mem:1805.71M (Peak 2415.63M) | Time:60:58:21.03 | Mem:174.00M, Peak:174.00M | Scene | Updating Images | Loading island_tree_02_leaves_diff_1k.png.004
Fra:1 Mem:1808.71M (Peak 2415.63M) | Time:60:58:21.03 | Mem:175.00M, Peak:175.00M | Scene | Updating Images | Loading island_tree_01_leaves_rgba.png.001
Fra:1 Mem:1809.97M (Peak 2415.63M) | Time:60:58:21.03 | Mem:176.00M, Peak:176.00M | Scene | Updating Images | Loading island_tree_02_leaves_alpha_1k.png.004
Fra:1 Mem:1808.96M (Peak 2415.63M) | Time:60:58:21.04 | Mem:177.00M, Peak:177.00M | Scene | Updating Images | Loading pine_sapling_small_twig_diff_1k.png.004
Fra:1 Mem:1808.96M (Peak 2415.63M) | Time:60:58:21.04 | Mem:178.00M, Peak:178.00M | Scene | Updating Images | Loading pine_sapling_small_twig_alpha_1k.png.004
Fra:1 Mem:1817.97M (Peak 2415.63M) | Time:60:58:21.04 | Mem:178.25M, Peak:178.25M | Scene | Updating Images | Loading pine_sapling_small_twig_rgba.png
Fra:1 Mem:1818.22M (Peak 2415.63M) | Time:60:58:21.04 | Mem:179.25M, Peak:179.25M | Scene | Updating Images | Loading island_tree_01_leaves_diff_1k.png.005
Fra:1 Mem:1818.22M (Peak 2415.63M) | Time:60:58:21.04 | Mem:179.25M, Peak:179.25M | Scene | Updating Images | Loading island_tree_01_leaves_alpha_1k.png.005
Fra:1 Mem:1820.22M (Peak 2415.63M) | Time:60:58:21.04 | Mem:180.25M, Peak:180.25M | Scene | Updating Images | Loading island_tree_02_leaves_diff_1k.png.005
Fra:1 Mem:1821.22M (Peak 2415.63M) | Time:60:58:21.04 | Mem:180.50M, Peak:180.50M | Scene | Updating Images | Loading island_tree_02_leaves_rgba.png
Fra:1 Mem:1821.22M (Peak 2415.63M) | Time:60:58:21.04 | Mem:181.50M, Peak:181.50M | Scene | Updating Images | Loading island_tree_02_leaves_alpha_1k.png.005
Fra:1 Mem:1821.22M (Peak 2415.63M) | Time:60:58:21.04 | Mem:182.50M, Peak:182.50M | Scene | Updating Images | Loading pine_sapling_small_twig_diff_1k.png.005
Fra:1 Mem:1814.46M (Peak 2415.63M) | Time:60:58:21.04 | Mem:183.50M, Peak:183.50M | Scene | Updating Images | Loading pine_sapling_small_twig_alpha_1k.png.005
Fra:1 Mem:1816.46M (Peak 2415.63M) | Time:60:58:21.04 | Mem:183.75M, Peak:183.75M | Scene | Updating Images | Loading island_tree_01_leaves_rgba.png
Fra:1 Mem:1816.46M (Peak 2415.63M) | Time:60:58:21.04 | Mem:191.75M, Peak:191.75M | Scene | Updating Images | Loading island_tree_01_leaves_diff_1k.png.006
Fra:1 Mem:1816.71M (Peak 2415.63M) | Time:60:58:21.04 | Mem:192.75M, Peak:192.75M | Scene | Updating Images | Loading island_tree_01_leaves_alpha_1k.png.006
Fra:1 Mem:1818.73M (Peak 2415.63M) | Time:60:58:21.04 | Mem:193.00M, Peak:193.00M | Scene | Updating Images | Loading fern_02_alpha_1k.png.001
Fra:1 Mem:1817.71M (Peak 2415.63M) | Time:60:58:21.04 | Mem:194.00M, Peak:194.00M | Scene | Updating Images | Loading island_tree_02_leaves_diff_1k.png.006
Fra:1 Mem:1818.71M (Peak 2415.63M) | Time:60:58:21.04 | Mem:196.00M, Peak:196.00M | Scene | Updating Images | Loading island_tree_02_leaves_alpha_1k.png.006
Fra:1 Mem:1834.71M (Peak 2415.63M) | Time:60:58:21.04 | Mem:197.00M, Peak:197.00M | Scene | Updating Images | Loading pine_sapling_small_twig_diff_1k.png.006
Fra:1 Mem:1835.71M (Peak 2415.63M) | Time:60:58:21.05 | Mem:198.00M, Peak:198.00M | Scene | Updating Images | Loading pine_sapling_small_twig_alpha_1k.png.006
Fra:1 Mem:1835.71M (Peak 2415.63M) | Time:60:58:21.05 | Mem:199.00M, Peak:199.00M | Scene | Updating Images | Loading island_tree_01_leaves_diff_1k.png.007
Fra:1 Mem:1838.71M (Peak 2415.63M) | Time:60:58:21.05 | Mem:200.00M, Peak:200.00M | Scene | Updating Images | Loading island_tree_01_leaves_alpha_1k.png.007
Fra:1 Mem:1838.71M (Peak 2415.63M) | Time:60:58:21.05 | Mem:200.00M, Peak:200.00M | Scene | Updating Images | Loading island_tree_02_leaves_diff_1k.png.007
Fra:1 Mem:1841.72M (Peak 2415.63M) | Time:60:58:21.05 | Mem:201.00M, Peak:201.00M | Scene | Updating Images | Loading island_tree_02_leaves_alpha_1k.png.007
Fra:1 Mem:1841.72M (Peak 2415.63M) | Time:60:58:21.05 | Mem:201.00M, Peak:201.00M | Scene | Updating Images | Loading pine_sapling_small_twig_diff_1k.png.007
Fra:1 Mem:1842.72M (Peak 2415.63M) | Time:60:58:21.05 | Mem:202.00M, Peak:202.00M | Scene | Updating Images | Loading pine_sapling_small_twig_alpha_1k.png.007
Fra:1 Mem:1843.72M (Peak 2415.63M) | Time:60:58:21.05 | Mem:203.00M, Peak:203.00M | Scene | Updating Images | Loading island_tree_01_leaves_diff_1k.png.008
Fra:1 Mem:1843.71M (Peak 2415.63M) | Time:60:58:21.05 | Mem:204.00M, Peak:204.00M | Scene | Updating Images | Loading island_tree_01_leaves_alpha_1k.png.008
Fra:1 Mem:1847.72M (Peak 2415.63M) | Time:60:58:21.05 | Mem:206.00M, Peak:206.00M | Scene | Updating Images | Loading island_tree_02_leaves_diff_1k.png.008
Fra:1 Mem:1847.72M (Peak 2415.63M) | Time:60:58:21.06 | Mem:207.00M, Peak:207.00M | Scene | Updating Images | Loading island_tree_02_leaves_alpha_1k.png.008
Fra:1 Mem:1848.71M (Peak 2415.63M) | Time:60:58:21.06 | Mem:209.00M, Peak:209.00M | Scene | Updating Images | Loading pine_sapling_small_twig_diff_1k.png.008
Fra:1 Mem:1849.71M (Peak 2415.63M) | Time:60:58:21.06 | Mem:210.00M, Peak:210.00M | Scene | Updating Images | Loading pine_sapling_small_twig_alpha_1k.png.008
Fra:1 Mem:1849.71M (Peak 2415.63M) | Time:60:58:21.06 | Mem:211.00M, Peak:211.00M | Scene | Updating Images | Loading fern_02_diff_1k.png.002
Fra:1 Mem:1867.73M (Peak 2415.63M) | Time:60:58:21.06 | Mem:212.00M, Peak:212.00M | Scene | Updating Images | Loading fern_02_rough
Fra:1 Mem:1872.72M (Peak 2415.63M) | Time:60:58:21.06 | Mem:213.00M, Peak:213.00M | Scene | Updating Images | Loading fern_02_nor_gl
Fra:1 Mem:1881.73M (Peak 2415.63M) | Time:60:58:21.06 | Mem:214.00M, Peak:214.00M | Scene | Updating Images | Loading island_tree_01_leaves_diff_1k.png.009
Fra:1 Mem:1881.73M (Peak 2415.63M) | Time:60:58:21.06 | Mem:215.00M, Peak:215.00M | Scene | Updating Images | Loading island_tree_01_leaves_alpha_1k.png.009
Fra:1 Mem:1881.72M (Peak 2415.63M) | Time:60:58:21.06 | Mem:216.00M, Peak:216.00M | Scene | Updating Images | Loading island_tree_02_leaves_diff_1k.png.009
Fra:1 Mem:1881.72M (Peak 2415.63M) | Time:60:58:21.06 | Mem:217.00M, Peak:217.00M | Scene | Updating Images | Loading island_tree_02_leaves_alpha_1k.png.009
Fra:1 Mem:1886.74M (Peak 2415.63M) | Time:60:58:21.06 | Mem:218.00M, Peak:218.00M | Scene | Updating Images | Loading pine_sapling_small_twig_diff_1k.png.009
Fra:1 Mem:1886.73M (Peak 2415.63M) | Time:60:58:21.06 | Mem:219.00M, Peak:219.00M | Scene | Updating Images | Loading pine_sapling_small_twig_alpha_1k.png.009
Fra:1 Mem:1885.72M (Peak 2415.63M) | Time:60:58:21.06 | Mem:220.00M, Peak:220.00M | Scene | Updating Images | Loading fern_02_diff_1k.png.003
Fra:1 Mem:1885.72M (Peak 2415.63M) | Time:60:58:21.07 | Mem:221.00M, Peak:221.00M | Scene | Updating Images | Loading island_tree_01_leaves_diff_1k.png.010
Fra:1 Mem:1885.72M (Peak 2415.63M) | Time:60:58:21.07 | Mem:221.00M, Peak:221.00M | Scene | Updating Images | Loading island_tree_01_leaves_alpha_1k.png.010
Fra:1 Mem:1870.72M (Peak 2415.63M) | Time:60:58:21.07 | Mem:225.00M, Peak:225.00M | Scene | Updating Images | Loading island_tree_02_leaves_diff_1k.png.010
Fra:1 Mem:1877.72M (Peak 2415.63M) | Time:60:58:21.07 | Mem:226.00M, Peak:226.00M | Scene | Updating Images | Loading island_tree_02_leaves_alpha_1k.png.010
Fra:1 Mem:1882.73M (Peak 2415.63M) | Time:60:58:21.07 | Mem:227.00M, Peak:227.00M | Scene | Updating Images | Loading pine_sapling_small_twig_diff_1k.png.010
Fra:1 Mem:1882.73M (Peak 2415.63M) | Time:60:58:21.07 | Mem:228.00M, Peak:228.00M | Scene | Updating Images | Loading pine_sapling_small_twig_alpha_1k.png.010
Fra:1 Mem:1879.72M (Peak 2415.63M) | Time:60:58:21.07 | Mem:232.00M, Peak:232.00M | Scene | Updating Images | Loading fern_02_diff_1k.png.004
Fra:1 Mem:1880.72M (Peak 2415.63M) | Time:60:58:21.07 | Mem:232.00M, Peak:232.00M | Scene | Updating Images | Loading island_tree_01_leaves_diff_1k.png.011
Fra:1 Mem:1881.72M (Peak 2415.63M) | Time:60:58:21.07 | Mem:233.00M, Peak:233.00M | Scene | Updating Images | Loading island_tree_01_leaves_alpha_1k.png.011
Fra:1 Mem:1881.72M (Peak 2415.63M) | Time:60:58:21.07 | Mem:234.00M, Peak:234.00M | Scene | Updating Images | Loading island_tree_02_leaves_diff_1k.png.011
Fra:1 Mem:1886.73M (Peak 2415.63M) | Time:60:58:21.07 | Mem:235.00M, Peak:235.00M | Scene | Updating Images | Loading island_tree_02_leaves_alpha_1k.png.011
Fra:1 Mem:1885.72M (Peak 2415.63M) | Time:60:58:21.07 | Mem:251.00M, Peak:251.00M | Scene | Updating Images | Loading fern_02_alpha_1k.png
Fra:1 Mem:1886.72M (Peak 2415.63M) | Time:60:58:21.07 | Mem:252.00M, Peak:252.00M | Scene | Updating Images | Loading pine_sapling_small_twig_diff_1k.png.011
Fra:1 Mem:1906.72M (Peak 2415.63M) | Time:60:58:21.08 | Mem:253.00M, Peak:253.00M | Scene | Updating Images | Loading pine_sapling_small_twig_alpha_1k.png.011
Fra:1 Mem:1906.72M (Peak 2415.63M) | Time:60:58:21.08 | Mem:257.00M, Peak:257.00M | Scene | Updating Images | Loading island_tree_01_leaves_diff_1k.png.012
Fra:1 Mem:1908.73M (Peak 2415.63M) | Time:60:58:21.08 | Mem:258.00M, Peak:258.00M | Scene | Updating Images | Loading island_tree_01_leaves_alpha_1k.png.012
Fra:1 Mem:1910.74M (Peak 2415.63M) | Time:60:58:21.08 | Mem:259.00M, Peak:259.00M | Scene | Updating Images | Loading fern_02_diff_1k.png.005
DETAIL CONTACT daguanlou wood 567552 0.32
Fra:1 Mem:1507.57M (Peak 2424.70M) | Time:60:58:27.82 | Mem:0.00M, Peak:0.00M | Scene | Synchronizing object | daguanlou_cutstone
Fra:1 Mem:1507.57M (Peak 2424.70M) | Time:60:58:27.82 | Mem:0.00M, Peak:0.00M | Scene | Synchronizing object | daguanlou_furniture
Fra:1 Mem:1507.76M (Peak 2424.70M) | Time:60:58:27.82 | Mem:0.00M, Peak:0.00M | Scene | Synchronizing object | daguanlou_latticewood.001
Fra:1 Mem:1508.38M (Peak 2424.70M) | Time:60:58:27.82 | Mem:0.00M, Peak:0.00M | Scene | Synchronizing object | daguanlou_limestone.001
Fra:1 Mem:1521.51M (Peak 2424.70M) | Time:60:58:27.82 | Mem:0.00M, Peak:0.00M | Scene | Synchronizing object | daguanlou_screen
Fra:1 Mem:1525.08M (Peak 2424.70M) | Time:60:58:27.83 | Mem:0.00M, Peak:0.00M | Scene | Synchronizing object | daguanlou_roof
Fra:1 Mem:1528.12M (Peak 2424.70M) | Time:60:58:27.83 | Mem:0.00M, Peak:0.00M | Scene | Synchronizing object | daguanlou_tile
Fra:1 Mem:1528.12M (Peak 2424.70M) | Time:60:58:27.83 | Mem:0.00M, Peak:0.00M | Scene | Synchronizing object | daguanlou_tilelight
Fra:1 Mem:1529.40M (Peak 2424.70M) | Time:60:58:27.83 | Mem:0.00M, Peak:0.00M | Scene | Synchronizing object | daguanlou_tiledark
Fra:1 Mem:1548.26M (Peak 2424.70M) | Time:60:58:27.83 | Mem:0.00M, Peak:0.00M | Scene | Synchronizing object | daguanlou_canopy_light
Fra:1 Mem:1548.80M (Peak 2424.70M) | Time:60:58:27.83 | Mem:0.00M, Peak:0.00M | Scene | Synchronizing object | daguanlou_lantern
Fra:1 Mem:1549.66M (Peak 2424.70M) | Time:60:58:27.83 | Mem:0.00M, Peak:0.00M | Scene | Synchronizing object | daguanlou_gold
Fra:1 Mem:1550.52M (Peak 2424.70M) | Time:60:58:27.83 | Mem:0.00M, Peak:0.00M | Scene | Synchronizing object | daguanlou_paving
Fra:1 Mem:1551.98M (Peak 2424.70M) | Time:60:58:27.83 | Mem:0.00M, Peak:0.00M | Scene | Synchronizing object | daguanlou_canopy
Fra:1 Mem:1552.75M (Peak 2424.70M) | Time:60:58:27.83 | Mem:0.00M, Peak:0.00M | Scene | Synchronizing object | daguanlou_courtbase
Fra:1 Mem:1553.58M (Peak 2424.70M) | Time:60:58:27.83 | Mem:0.00M, Peak:0.00M | Scene | Synchronizing object | daguanlou_paper
Fra:1 Mem:1553.59M (Peak 2424.70M) | Time:60:58:27.83 | Mem:0.00M, Peak:0.00M | Scene | Synchronizing object | daguanlou_bookcloth.001
Fra:1 Mem:1553.75M (Peak 2424.70M) | Time:60:58:27.83 | Mem:0.00M, Peak:0.00M | Scene | Synchronizing object | daguanlou_ivory.001
Fra:1 Mem:1553.76M (Peak 2424.70M) | Time:60:58:27.83 | Mem:0.00M, Peak:0.00M | Scene | Synchronizing object | daguanlou_ink.001
Fra:1 Mem:1553.76M (Peak 2424.70M) | Time:60:58:27.83 | Mem:0.00M, Peak:0.00M | Scene | Synchronizing object | daguanlou_bookcover.001
Fra:1 Mem:1555.13M (Peak 2424.70M) | Time:60:58:27.83 | Mem:0.00M, Peak:0.00M | Scene | Synchronizing object | daguanlou_ceramic
Fra:1 Mem:1555.95M (Peak 2424.70M) | Time:60:58:27.83 | Mem:0.00M, Peak:0.00M | Scene | Synchronizing object | daguanlou_bamboo.001
Fra:1 Mem:1555.96M (Peak 2424.70M) | Time:60:58:27.83 | Mem:0.00M, Peak:0.00M | Scene | Synchronizing object | daguanlou_plaster
Fra:1 Mem:1556.00M (Peak 2424.70M) | Time:60:58:27.83 | Mem:0.00M, Peak:0.00M | Scene | Synchronizing object | daguanlou_bark
Fra:1 Mem:1556.05M (Peak 2424.70M) | Time:60:58:27.83 | Mem:0.00M, Peak:0.00M | Scene | Synchronizing object | daguanlou_canopy_shadow
Fra:1 Mem:1593.30M (Peak 2424.70M) | Time:60:58:27.86 | Mem:0.00M, Peak:0.00M | Scene | Initializing
Fra:1 Mem:1593.29M (Peak 2424.70M) | Time:60:58:27.86 | Mem:0.00M, Peak:0.00M | Scene | Updating Images | Loading forest_grove.hdr
Fra:1 Mem:1593.29M (Peak 2424.70M) | Time:60:58:27.86 | Mem:0.00M, Peak:0.00M | Scene | Updating Images | Loading r12_stone_nor_gl.001
Fra:1 Mem:1594.29M (Peak 2424.70M) | Time:60:58:27.86 | Mem:0.00M, Peak:0.00M | Scene | Updating Images | Loading r12_cutstone_diff.001
Fra:1 Mem:1594.29M (Peak 2424.70M) | Time:60:58:27.86 | Mem:0.00M, Peak:0.00M | Scene | Updating Images | Loading r12_cutstone_rough.001
Fra:1 Mem:1600.31M (Peak 2424.70M) | Time:60:58:27.86 | Mem:3.00M, Peak:3.00M | Scene | Updating Images | Loading r12_darkwood_nor_gl.001
Fra:1 Mem:1600.31M (Peak 2424.70M) | Time:60:58:27.86 | Mem:4.00M, Peak:4.00M | Scene | Updating Images | Loading r12_floorwood_diff.001
Fra:1 Mem:1612.32M (Peak 2424.70M) | Time:60:58:27.86 | Mem:5.00M, Peak:5.00M | Scene | Updating Images | Loading island_tree_01_leaves_rgba.png.007
Fra:1 Mem:1612.57M (Peak 2424.70M) | Time:60:58:27.86 | Mem:8.00M, Peak:8.00M | Scene | Updating Images | Loading r12_floorwood_nor_gl.001
Fra:1 Mem:1612.57M (Peak 2424.70M) | Time:60:58:27.86 | Mem:8.00M, Peak:8.00M | Scene | Updating Images | Loading r12_wood_diff.001
Fra:1 Mem:1615.57M (Peak 2424.70M) | Time:60:58:27.86 | Mem:8.25M, Peak:8.25M | Scene | Updating Images | Loading pine_sapling_small_twig_rgba.png.003
Fra:1 Mem:1615.82M (Peak 2424.70M) | Time:60:58:27.86 | Mem:9.25M, Peak:9.25M | Scene | Updating Images | Loading r12_wood_nor_gl.001
Fra:1 Mem:1616.82M (Peak 2424.70M) | Time:60:58:27.86 | Mem:9.50M, Peak:9.50M | Scene | Updating Images | Loading island_tree_02_leaves_rgba.png.003
Fra:1 Mem:1617.07M (Peak 2424.70M) | Time:60:58:27.86 | Mem:10.50M, Peak:10.50M | Scene | Updating Images | Loading r12_wood_rough.001
Fra:1 Mem:1618.07M (Peak 2424.70M) | Time:60:58:27.86 | Mem:10.75M, Peak:10.75M | Scene | Updating Images | Loading island_tree_01_leaves_rgba.png.006
Fra:1 Mem:1618.32M (Peak 2424.70M) | Time:60:58:27.86 | Mem:12.75M, Peak:12.75M | Scene | Updating Images | Loading r12_furniture_diff.001
Fra:1 Mem:1619.32M (Peak 2424.70M) | Time:60:58:27.86 | Mem:12.75M, Peak:12.75M | Scene | Updating Images | Loading r12_furniture_nor_gl.001
Fra:1 Mem:1620.32M (Peak 2424.70M) | Time:60:58:27.86 | Mem:13.75M, Peak:13.75M | Scene | Updating Images | Loading r12_furniture_rough.001
Fra:1 Mem:1621.32M (Peak 2424.70M) | Time:60:58:27.86 | Mem:14.75M, Peak:14.75M | Scene | Updating Images | Loading r12_latticewood_diff.001
Fra:1 Mem:1622.32M (Peak 2424.70M) | Time:60:58:27.86 | Mem:15.00M, Peak:15.00M | Scene | Updating Images | Loading fern_02_rgba.png.002
Fra:1 Mem:1622.32M (Peak 2424.70M) | Time:60:58:27.86 | Mem:16.00M, Peak:16.00M | Scene | Updating Images | Loading r12_latticewood_nor_gl.001
Fra:1 Mem:1623.32M (Peak 2424.70M) | Time:60:58:27.86 | Mem:17.00M, Peak:17.00M | Scene | Updating Images | Loading r12_latticewood_rough.001
Fra:1 Mem:1624.32M (Peak 2424.70M) | Time:60:58:27.86 | Mem:18.00M, Peak:18.00M | Scene | Updating Images | Loading r12_roof_diff.001
Fra:1 Mem:1626.32M (Peak 2424.70M) | Time:60:58:27.86 | Mem:19.00M, Peak:19.00M | Scene | Updating Images | Loading r12_roof_nor_gl.001
Fra:1 Mem:1627.32M (Peak 2424.70M) | Time:60:58:27.86 | Mem:20.00M, Peak:20.00M | Scene | Updating Images | Loading r12_roof_rough.001
Fra:1 Mem:1628.32M (Peak 2424.70M) | Time:60:58:27.86 | Mem:21.00M, Peak:21.00M | Scene | Updating Images | Loading r12_tilelight_diff.001
Fra:1 Mem:1629.32M (Peak 2424.70M) | Time:60:58:27.86 | Mem:22.00M, Peak:22.00M | Scene | Updating Images | Loading r12_tilelight_nor_gl.001
Fra:1 Mem:1630.32M (Peak 2424.70M) | Time:60:58:27.86 | Mem:23.00M, Peak:23.00M | Scene | Updating Images | Loading r12_tilelight_rough.001
Fra:1 Mem:1631.32M (Peak 2424.70M) | Time:60:58:27.86 | Mem:24.00M, Peak:24.00M | Scene | Updating Images | Loading r12_tile_diff.001
Fra:1 Mem:1632.32M (Peak 2424.70M) | Time:60:58:27.86 | Mem:25.00M, Peak:25.00M | Scene | Updating Images | Loading r12_tile_nor_gl.001
Fra:1 Mem:1633.32M (Peak 2424.70M) | Time:60:58:27.86 | Mem:26.00M, Peak:26.00M | Scene | Updating Images | Loading r12_tile_rough.001
Fra:1 Mem:1634.32M (Peak 2424.70M) | Time:60:58:27.86 | Mem:27.00M, Peak:27.00M | Scene | Updating Images | Loading r12_tiledark_diff.001
Fra:1 Mem:1635.32M (Peak 2424.70M) | Time:60:58:27.86 | Mem:28.00M, Peak:28.00M | Scene | Updating Images | Loading r12_tiledark_nor_gl.001
Fra:1 Mem:1636.32M (Peak 2424.70M) | Time:60:58:27.86 | Mem:29.00M, Peak:29.00M | Scene | Updating Images | Loading r12_tiledark_rough.001
Fra:1 Mem:1637.32M (Peak 2424.70M) | Time:60:58:27.86 | Mem:31.00M, Peak:31.00M | Scene | Updating Images | Loading rock_moss_set_01_diff
Fra:1 Mem:1641.32M (Peak 2424.70M) | Time:60:58:27.86 | Mem:31.00M, Peak:31.00M | Scene | Updating Images | Loading rock_moss_set_01_nor_gl
Fra:1 Mem:1645.32M (Peak 2424.70M) | Time:60:58:27.86 | Mem:32.00M, Peak:32.00M | Scene | Updating Images | Loading r12_paving_diff.001
Fra:1 Mem:1646.32M (Peak 2424.70M) | Time:60:58:27.86 | Mem:33.00M, Peak:33.00M | Scene | Updating Images | Loading r12_paving_nor_gl.001
Fra:1 Mem:1647.32M (Peak 2424.70M) | Time:60:58:27.86 | Mem:34.00M, Peak:34.00M | Scene | Updating Images | Loading r12_paving_rough.001
Fra:1 Mem:1648.32M (Peak 2424.70M) | Time:60:58:27.86 | Mem:35.00M, Peak:35.00M | Scene | Updating Images | Loading r12_gardenstone_diff
Fra:1 Mem:1649.32M (Peak 2424.70M) | Time:60:58:27.86 | Mem:36.00M, Peak:36.00M | Scene | Updating Images | Loading r12_gardenstone_nor_gl
Fra:1 Mem:1650.32M (Peak 2424.70M) | Time:60:58:27.86 | Mem:37.00M, Peak:37.00M | Scene | Updating Images | Loading r12_gardenstone_rough
Fra:1 Mem:1651.32M (Peak 2424.70M) | Time:60:58:27.86 | Mem:38.00M, Peak:38.00M | Scene | Updating Images | Loading worn_mossy_plasterwall.jpg
Fra:1 Mem:1655.32M (Peak 2424.70M) | Time:60:58:27.86 | Mem:39.00M, Peak:39.00M | Scene | Updating Images | Loading r12_bankstone_diff.001
Fra:1 Mem:1656.32M (Peak 2424.70M) | Time:60:58:27.86 | Mem:40.00M, Peak:40.00M | Scene | Updating Images | Loading r12_bankstone_nor_gl.001
Fra:1 Mem:1657.32M (Peak 2424.70M) | Time:60:58:27.86 | Mem:44.00M, Peak:44.00M | Scene | Updating Images | Loading r12_bankstone_rough.001
Fra:1 Mem:1658.32M (Peak 2424.70M) | Time:60:58:27.86 | Mem:48.00M, Peak:48.00M | Scene | Updating Images | Loading r12_courtbase_diff.001
Fra:1 Mem:1658.32M (Peak 2424.70M) | Time:60:58:27.86 | Mem:49.00M, Peak:49.00M | Scene | Updating Images | Loading r12_courtbase_nor_gl.001
Fra:1 Mem:1660.32M (Peak 2424.70M) | Time:60:58:27.86 | Mem:50.00M, Peak:50.00M | Scene | Updating Images | Loading r12_courtbase_rough.001
Fra:1 Mem:1661.32M (Peak 2424.70M) | Time:60:58:27.86 | Mem:51.00M, Peak:51.00M | Scene | Updating Images | Loading island_tree_01_diff
Fra:1 Mem:1665.32M (Peak 2424.70M) | Time:60:58:27.86 | Mem:52.00M, Peak:52.00M | Scene | Updating Images | Loading island_tree_01_rough
Fra:1 Mem:1669.32M (Peak 2424.70M) | Time:60:58:27.86 | Mem:53.00M, Peak:53.00M | Scene | Updating Images | Loading island_tree_01_nor_gl
Fra:1 Mem:1674.33M (Peak 2424.70M) | Time:60:58:27.87 | Mem:54.00M, Peak:54.00M | Scene | Updating Images | Loading island_tree_01_leaves_diff-island_tree_01_leaves_alpha
Fra:1 Mem:1678.33M (Peak 2424.70M) | Time:60:58:27.87 | Mem:55.00M, Peak:55.00M | Scene | Updating Images | Loading island_tree_01_leaves_rough
Fra:1 Mem:1681.32M (Peak 2424.70M) | Time:60:58:27.87 | Mem:56.00M, Peak:56.00M | Scene | Updating Images | Loading island_tree_01_leaves_rgba.png.005
Fra:1 Mem:1681.32M (Peak 2424.70M) | Time:60:58:27.87 | Mem:60.00M, Peak:60.00M | Scene | Updating Images | Loading island_tree_01_leaves_nor_gl
Fra:1 Mem:1685.57M (Peak 2424.70M) | Time:60:58:27.87 | Mem:64.00M, Peak:64.00M | Scene | Updating Images | Loading island_tree_01_branches_diff
Fra:1 Mem:1689.57M (Peak 2424.70M) | Time:60:58:27.87 | Mem:68.00M, Peak:68.00M | Scene | Updating Images | Loading island_tree_01_branches_rough
Fra:1 Mem:1693.57M (Peak 2424.70M) | Time:60:58:27.87 | Mem:72.00M, Peak:72.00M | Scene | Updating Images | Loading island_tree_01_branches_nor_gl
Fra:1 Mem:1707.57M (Peak 2424.70M) | Time:60:58:27.87 | Mem:72.25M, Peak:72.25M | Scene | Updating Images | Loading pine_sapling_small_twig_rgba.png.002
Fra:1 Mem:1707.83M (Peak 2424.70M) | Time:60:58:27.87 | Mem:76.25M, Peak:76.25M | Scene | Updating Images | Loading island_tree_01_leaves_diff_1k.png.001
Fra:1 Mem:1707.83M (Peak 2424.70M) | Time:60:58:27.87 | Mem:80.25M, Peak:80.25M | Scene | Updating Images | Loading island_tree_01_leaves_alpha_1k.png.001
Fra:1 Mem:1707.83M (Peak 2424.70M) | Time:60:58:27.87 | Mem:84.25M, Peak:84.25M | Scene | Updating Images | Loading island_tree_02_diff
Fra:1 Mem:1711.83M (Peak 2424.70M) | Time:60:58:27.87 | Mem:88.25M, Peak:88.25M | Scene | Updating Images | Loading island_tree_02_rough
Fra:1 Mem:1715.83M (Peak 2424.70M) | Time:60:58:27.87 | Mem:92.25M, Peak:92.25M | Scene | Updating Images | Loading island_tree_02_nor_gl
Fra:1 Mem:1719.82M (Peak 2424.70M) | Time:60:58:27.87 | Mem:92.50M, Peak:92.50M | Scene | Updating Images | Loading island_tree_02_leaves_rgba.png.002
Fra:1 Mem:1719.82M (Peak 2424.70M) | Time:60:58:27.87 | Mem:96.50M, Peak:96.50M | Scene | Updating Images | Loading island_tree_02_leaves_diff-island_tree_02_leaves_alpha
Fra:1 Mem:1724.08M (Peak 2424.70M) | Time:60:58:27.87 | Mem:100.50M, Peak:100.50M | Scene | Updating Images | Loading island_tree_02_leaves_rough
Fra:1 Mem:1730.08M (Peak 2424.70M) | Time:60:58:27.87 | Mem:104.50M, Peak:104.50M | Scene | Updating Images | Loading island_tree_02_leaves_nor_gl
Fra:1 Mem:1734.08M (Peak 2424.70M) | Time:60:58:27.87 | Mem:104.75M, Peak:104.75M | Scene | Updating Images | Loading island_tree_01_leaves_rgba.png.004
Fra:1 Mem:1735.34M (Peak 2424.70M) | Time:60:58:27.88 | Mem:114.00M, Peak:114.00M | Scene | Updating Images | Loading fern_02_rgba.png.001
Fra:1 Mem:1734.33M (Peak 2424.70M) | Time:60:58:27.88 | Mem:114.00M, Peak:114.00M | Scene | Updating Images | Loading island_tree_02_leaves_diff_1k.png.001
Fra:1 Mem:1734.33M (Peak 2424.70M) | Time:60:58:27.88 | Mem:114.00M, Peak:114.00M | Scene | Updating Images | Loading island_tree_02_leaves_alpha_1k.png.001
Fra:1 Mem:1734.33M (Peak 2424.70M) | Time:60:58:27.88 | Mem:115.00M, Peak:115.00M | Scene | Updating Images | Loading island_tree_02_branches_diff
Fra:1 Mem:1743.33M (Peak 2424.70M) | Time:60:58:27.88 | Mem:115.00M, Peak:115.00M | Scene | Updating Images | Loading island_tree_02_branches_rough
Fra:1 Mem:1747.33M (Peak 2424.70M) | Time:60:58:27.88 | Mem:115.00M, Peak:115.00M | Scene | Updating Images | Loading island_tree_02_branches_nor_gl
Fra:1 Mem:1747.33M (Peak 2424.70M) | Time:60:58:27.88 | Mem:119.00M, Peak:119.00M | Scene | Updating Images | Loading pine_sapling_small_bark_diff
Fra:1 Mem:1753.33M (Peak 2424.70M) | Time:60:58:27.88 | Mem:123.00M, Peak:123.00M | Scene | Updating Images | Loading pine_sapling_small_bark_rough
Fra:1 Mem:1761.34M (Peak 2424.70M) | Time:60:58:27.88 | Mem:127.00M, Peak:127.00M | Scene | Updating Images | Loading pine_sapling_small_bark_nor_gl
Fra:1 Mem:1765.34M (Peak 2424.70M) | Time:60:58:27.88 | Mem:131.00M, Peak:131.00M | Scene | Updating Images | Loading pine_sapling_small_twig_diff
Fra:1 Mem:1769.34M (Peak 2424.70M) | Time:60:58:27.88 | Mem:135.00M, Peak:135.00M | Scene | Updating Images | Loading pine_sapling_small_twig_rough
Fra:1 Mem:1770.34M (Peak 2424.70M) | Time:60:58:27.88 | Mem:139.00M, Peak:139.00M | Scene | Updating Images | Loading pine_sapling_small_twig_nor_gl
Fra:1 Mem:1775.35M (Peak 2424.70M) | Time:60:58:27.88 | Mem:143.00M, Peak:143.00M | Scene | Updating Images | Loading pine_sapling_small_twig_diff_1k.png.001
Fra:1 Mem:1773.33M (Peak 2424.70M) | Time:60:58:27.88 | Mem:145.00M, Peak:145.00M | Scene | Updating Images | Loading island_tree_01_leaves_rgba.png.003
Fra:1 Mem:1773.33M (Peak 2424.70M) | Time:60:58:27.88 | Mem:149.00M, Peak:149.00M | Scene | Updating Images | Loading pine_sapling_small_twig_alpha_1k.png.001
Fra:1 Mem:1773.58M (Peak 2424.70M) | Time:60:58:27.88 | Mem:157.00M, Peak:157.00M | Scene | Updating Images | Loading island_tree_01_leaves_diff_1k.png.002
Fra:1 Mem:1773.58M (Peak 2424.70M) | Time:60:58:27.88 | Mem:157.00M, Peak:157.00M | Scene | Updating Images | Loading island_tree_01_leaves_alpha_1k.png.002
Fra:1 Mem:1773.58M (Peak 2424.70M) | Time:60:58:27.88 | Mem:158.00M, Peak:158.00M | Scene | Updating Images | Loading island_tree_02_leaves_diff_1k.png.002
Fra:1 Mem:1773.57M (Peak 2424.70M) | Time:60:58:27.88 | Mem:158.25M, Peak:158.25M | Scene | Updating Images | Loading pine_sapling_small_twig_rgba.png.001
Fra:1 Mem:1776.09M (Peak 2424.70M) | Time:60:58:27.89 | Mem:159.25M, Peak:159.25M | Scene | Updating Images | Loading island_tree_02_leaves_alpha_1k.png.002
Fra:1 Mem:1775.83M (Peak 2424.70M) | Time:60:58:27.89 | Mem:159.50M, Peak:159.50M | Scene | Updating Images | Loading island_tree_02_leaves_rgba.png.001
Fra:1 Mem:1775.82M (Peak 2424.70M) | Time:60:58:27.89 | Mem:160.50M, Peak:160.50M | Scene | Updating Images | Loading pine_sapling_small_twig_diff_1k.png.002
Fra:1 Mem:1771.08M (Peak 2424.70M) | Time:60:58:27.89 | Mem:160.75M, Peak:160.75M | Scene | Updating Images | Loading island_tree_01_leaves_rgba.png.002
Fra:1 Mem:1773.33M (Peak 2424.70M) | Time:60:58:27.89 | Mem:161.75M, Peak:161.75M | Scene | Updating Images | Loading pine_sapling_small_twig_alpha_1k.png.002
Fra:1 Mem:1773.34M (Peak 2424.70M) | Time:60:58:27.89 | Mem:161.75M, Peak:161.75M | Scene | Updating Images | Loading island_tree_01_leaves_diff_1k.png.003
Fra:1 Mem:1774.60M (Peak 2424.70M) | Time:60:58:27.89 | Mem:161.75M, Peak:161.75M | Scene | Updating Images | Loading island_tree_01_leaves_alpha_1k.png.003
Fra:1 Mem:1774.34M (Peak 2424.70M) | Time:60:58:27.89 | Mem:162.00M, Peak:162.00M | Scene | Updating Images | Loading fern_02_rgba.png
Fra:1 Mem:1773.33M (Peak 2424.70M) | Time:60:58:27.89 | Mem:163.00M, Peak:163.00M | Scene | Updating Images | Loading island_tree_02_leaves_diff_1k.png.003
Fra:1 Mem:1778.34M (Peak 2424.70M) | Time:60:58:27.89 | Mem:164.00M, Peak:164.00M | Scene | Updating Images | Loading island_tree_02_leaves_alpha_1k.png.003
Fra:1 Mem:1774.33M (Peak 2424.70M) | Time:60:58:27.89 | Mem:168.00M, Peak:168.00M | Scene | Updating Images | Loading pine_sapling_small_twig_diff_1k.png.003
Fra:1 Mem:1788.36M (Peak 2424.70M) | Time:60:58:27.90 | Mem:170.00M, Peak:170.00M | Scene | Updating Images | Loading pine_sapling_small_twig_alpha_1k.png.003
Fra:1 Mem:1787.35M (Peak 2424.70M) | Time:60:58:27.90 | Mem:171.00M, Peak:171.00M | Scene | Updating Images | Loading island_tree_01_leaves_rgba.png.001
Fra:1 Mem:1786.34M (Peak 2424.70M) | Time:60:58:27.90 | Mem:172.00M, Peak:172.00M | Scene | Updating Images | Loading island_tree_01_leaves_diff_1k.png.004
Fra:1 Mem:1786.34M (Peak 2424.70M) | Time:60:58:27.90 | Mem:173.00M, Peak:173.00M | Scene | Updating Images | Loading island_tree_01_leaves_alpha_1k.png.004
Fra:1 Mem:1786.34M (Peak 2424.70M) | Time:60:58:27.90 | Mem:174.00M, Peak:174.00M | Scene | Updating Images | Loading island_tree_02_leaves_diff_1k.png.004
Fra:1 Mem:1786.34M (Peak 2424.70M) | Time:60:58:27.90 | Mem:174.00M, Peak:174.00M | Scene | Updating Images | Loading island_tree_02_leaves_alpha_1k.png.004
Fra:1 Mem:1778.58M (Peak 2424.70M) | Time:60:58:27.90 | Mem:175.00M, Peak:175.00M | Scene | Updating Images | Loading pine_sapling_small_twig_diff_1k.png.004
Fra:1 Mem:1778.58M (Peak 2424.70M) | Time:60:58:27.90 | Mem:175.25M, Peak:175.25M | Scene | Updating Images | Loading pine_sapling_small_twig_rgba.png
Fra:1 Mem:1778.58M (Peak 2424.70M) | Time:60:58:27.90 | Mem:183.25M, Peak:183.25M | Scene | Updating Images | Loading pine_sapling_small_twig_alpha_1k.png.004
Fra:1 Mem:1779.83M (Peak 2424.70M) | Time:60:58:27.90 | Mem:183.50M, Peak:183.50M | Scene | Updating Images | Loading island_tree_02_leaves_rgba.png
Fra:1 Mem:1779.83M (Peak 2424.70M) | Time:60:58:27.90 | Mem:184.50M, Peak:184.50M | Scene | Updating Images | Loading island_tree_01_leaves_diff_1k.png.005
Fra:1 Mem:1786.09M (Peak 2424.70M) | Time:60:58:27.90 | Mem:184.75M, Peak:184.75M | Scene | Updating Images | Loading island_tree_01_leaves_rgba.png
Fra:1 Mem:1787.34M (Peak 2424.70M) | Time:60:58:27.90 | Mem:185.75M, Peak:185.75M | Scene | Updating Images | Loading island_tree_01_leaves_alpha_1k.png.005
Fra:1 Mem:1787.34M (Peak 2424.70M) | Time:60:58:27.90 | Mem:186.75M, Peak:186.75M | Scene | Updating Images | Loading island_tree_02_leaves_diff_1k.png.005
Fra:1 Mem:1788.34M (Peak 2424.70M) | Time:60:58:27.90 | Mem:188.00M, Peak:188.00M | Scene | Updating Images | Loading fern_02_alpha_1k.png.001
Fra:1 Mem:1787.33M (Peak 2424.70M) | Time:60:58:27.90 | Mem:188.00M, Peak:188.00M | Scene | Updating Images | Loading island_tree_02_leaves_alpha_1k.png.005
Fra:1 Mem:1787.32M (Peak 2424.70M) | Time:60:58:27.91 | Mem:192.00M, Peak:192.00M | Scene | Updating Images | Loading pine_sapling_small_twig_diff_1k.png.005
Fra:1 Mem:1787.33M (Peak 2424.70M) | Time:60:58:27.91 | Mem:193.00M, Peak:193.00M | Scene | Updating Images | Loading pine_sapling_small_twig_alpha_1k.png.005
Fra:1 Mem:1803.33M (Peak 2424.70M) | Time:60:58:27.91 | Mem:193.00M, Peak:193.00M | Scene | Updating Images | Loading island_tree_01_leaves_diff_1k.png.006
Fra:1 Mem:1803.33M (Peak 2424.70M) | Time:60:58:27.91 | Mem:193.00M, Peak:193.00M | Scene | Updating Images | Loading island_tree_01_leaves_alpha_1k.png.006
Fra:1 Mem:1805.33M (Peak 2424.70M) | Time:60:58:27.91 | Mem:194.00M, Peak:194.00M | Scene | Updating Images | Loading island_tree_02_leaves_diff_1k.png.006
Fra:1 Mem:1806.33M (Peak 2424.70M) | Time:60:58:27.91 | Mem:195.00M, Peak:195.00M | Scene | Updating Images | Loading island_tree_02_leaves_alpha_1k.png.006
Fra:1 Mem:1813.34M (Peak 2424.70M) | Time:60:58:27.91 | Mem:198.00M, Peak:198.00M | Scene | Updating Images | Loading pine_sapling_small_twig_diff_1k.png.006
Fra:1 Mem:1814.35M (Peak 2424.70M) | Time:60:58:27.91 | Mem:198.00M, Peak:198.00M | Scene | Updating Images | Loading pine_sapling_small_twig_alpha_1k.png.006
Fra:1 Mem:1814.35M (Peak 2424.70M) | Time:60:58:27.91 | Mem:199.00M, Peak:199.00M | Scene | Updating Images | Loading island_tree_01_leaves_diff_1k.png.007
Fra:1 Mem:1814.35M (Peak 2424.70M) | Time:60:58:27.91 | Mem:199.00M, Peak:199.00M | Scene | Updating Images | Loading island_tree_01_leaves_alpha_1k.png.007
Fra:1 Mem:1812.33M (Peak 2424.70M) | Time:60:58:27.91 | Mem:200.00M, Peak:200.00M | Scene | Updating Images | Loading island_tree_02_leaves_diff_1k.png.007
Fra:1 Mem:1812.33M (Peak 2424.70M) | Time:60:58:27.91 | Mem:201.00M, Peak:201.00M | Scene | Updating Images | Loading island_tree_02_leaves_alpha_1k.png.007
Fra:1 Mem:1812.33M (Peak 2424.70M) | Time:60:58:27.91 | Mem:202.00M, Peak:202.00M | Scene | Updating Images | Loading pine_sapling_small_twig_diff_1k.png.007
Fra:1 Mem:1835.34M (Peak 2424.70M) | Time:60:58:27.92 | Mem:204.00M, Peak:204.00M | Scene | Updating Images | Loading pine_sapling_small_twig_alpha_1k.png.007
Fra:1 Mem:1835.34M (Peak 2424.70M) | Time:60:58:27.92 | Mem:204.00M, Peak:204.00M | Scene | Updating Images | Loading island_tree_01_leaves_diff_1k.png.008
Fra:1 Mem:1835.34M (Peak 2424.70M) | Time:60:58:27.92 | Mem:205.00M, Peak:205.00M | Scene | Updating Images | Loading island_tree_01_leaves_alpha_1k.png.008
Fra:1 Mem:1835.35M (Peak 2424.70M) | Time:60:58:27.92 | Mem:205.00M, Peak:205.00M | Scene | Updating Images | Loading island_tree_02_leaves_diff_1k.png.008
Fra:1 Mem:1836.35M (Peak 2424.70M) | Time:60:58:27.92 | Mem:206.00M, Peak:206.00M | Scene | Updating Images | Loading island_tree_02_leaves_alpha_1k.png.008
Fra:1 Mem:1835.33M (Peak 2424.70M) | Time:60:58:27.92 | Mem:208.00M, Peak:208.00M | Scene | Updating Images | Loading pine_sapling_small_twig_diff_1k.png.008
Fra:1 Mem:1835.33M (Peak 2424.70M) | Time:60:58:27.92 | Mem:209.00M, Peak:209.00M | Scene | Updating Images | Loading pine_sapling_small_twig_alpha_1k.png.008
Fra:1 Mem:1819.32M (Peak 2424.70M) | Time:60:58:27.93 | Mem:225.00M, Peak:225.00M | Scene | Updating Images | Loading fern_02_alpha_1k.png
Fra:1 Mem:1842.33M (Peak 2424.70M) | Time:60:58:27.93 | Mem:227.00M, Peak:227.00M | Scene | Updating Images | Loading fern_02_diff_1k.png.002
Fra:1 Mem:1842.33M (Peak 2424.70M) | Time:60:58:27.93 | Mem:229.00M, Peak:229.00M | Scene | Updating Images | Loading fern_02_rough
Fra:1 Mem:1842.33M (Peak 2424.70M) | Time:60:58:27.93 | Mem:229.00M, Peak:229.00M | Scene | Updating Images | Loading island_tree_01_leaves_diff_1k.png.009
Fra:1 Mem:1851.34M (Peak 2424.70M) | Time:60:58:27.93 | Mem:230.00M, Peak:230.00M | Scene | Updating Images | Loading island_tree_01_leaves_alpha_1k.png.009
Fra:1 Mem:1850.33M (Peak 2424.70M) | Time:60:58:27.93 | Mem:232.00M, Peak:232.00M | Scene | Updating Images | Loading island_tree_02_leaves_diff_1k.png.009
Fra:1 Mem:1850.33M (Peak 2424.70M) | Time:60:58:27.93 | Mem:232.00M, Peak:232.00M | Scene | Updating Images | Loading island_tree_02_leaves_alpha_1k.png.009
Fra:1 Mem:1858.34M (Peak 2424.70M) | Time:60:58:27.94 | Mem:234.00M, Peak:234.00M | Scene | Updating Images | Loading pine_sapling_small_twig_diff_1k.png.009
Fra:1 Mem:1858.34M (Peak 2424.70M) | Time:60:58:27.94 | Mem:234.00M, Peak:234.00M | Scene | Updating Images | Loading pine_sapling_small_twig_alpha_1k.png.009
Fra:1 Mem:1858.34M (Peak 2424.70M) | Time:60:58:27.94 | Mem:234.00M, Peak:234.00M | Scene | Updating Images | Loading fern_02_diff_1k.png.003
Fra:1 Mem:1858.34M (Peak 2424.70M) | Time:60:58:27.94 | Mem:234.00M, Peak:234.00M | Scene | Updating Images | Loading island_tree_01_leaves_diff_1k.png.010
Fra:1 Mem:1883.38M (Peak 2424.70M) | Time:60:58:27.94 | Mem:242.00M, Peak:242.00M | Scene | Updating Images | Loading island_tree_01_leaves_alpha_1k.png.010
Fra:1 Mem:1881.34M (Peak 2424.70M) | Time:60:58:27.94 | Mem:242.00M, Peak:242.00M | Scene | Updating Images | Loading island_tree_02_leaves_diff_1k.png.010
Fra:1 Mem:1881.34M (Peak 2424.70M) | Time:60:58:27.94 | Mem:243.00M, Peak:243.00M | Scene | Updating Images | Loading island_tree_02_leaves_alpha_1k.png.010
Fra:1 Mem:1881.34M (Peak 2424.70M) | Time:60:58:27.94 | Mem:245.00M, Peak:245.00M | Scene | Updating Images | Loading pine_sapling_small_twig_diff_1k.png.010
Fra:1 Mem:1885.35M (Peak 2424.70M) | Time:60:58:27.94 | Mem:246.00M, Peak:246.00M | Scene | Updating Images | Loading pine_sapling_small_twig_alpha_1k.png.010
Fra:1 Mem:1881.34M (Peak 2424.70M) | Time:60:58:27.94 | Mem:251.00M, Peak:251.00M | Scene | Updating Images | Loading fern_02_diff_1k.png.004
Fra:1 Mem:1890.34M (Peak 2424.70M) | Time:60:58:27.95 | Mem:253.00M, Peak:253.00M | Scene | Updating Images | Loading island_tree_01_leaves_diff_1k.png.011
Fra:1 Mem:1890.34M (Peak 2424.70M) | Time:60:58:27.95 | Mem:254.00M, Peak:254.00M | Scene | Updating Images | Loading island_tree_01_leaves_alpha_1k.png.011
Fra:1 Mem:1891.35M (Peak 2424.70M) | Time:60:58:27.95 | Mem:258.00M, Peak:258.00M | Scene | Updating Images | Loading island_tree_02_leaves_diff_1k.png.011
Fra:1 Mem:1890.34M (Peak 2424.70M) | Time:60:58:27.95 | Mem:260.00M, Peak:260.00M | Scene | Updating Images | Loading island_tree_02_leaves_alpha_1k.png.011
Fra:1 Mem:1890.34M (Peak 2424.70M) | Time:60:58:27.95 | Mem:260.00M, Peak:260.00M | Scene | Updating Images | Loading pine_sapling_small_twig_diff_1k.png.011
Fra:1 Mem:1890.34M (Peak 2424.70M) | Time:60:58:27.95 | Mem:260.00M, Peak:260.00M | Scene | Updating Images | Loading pine_sapling_small_twig_alpha_1k.png.011
Fra:1 Mem:1884.35M (Peak 2424.70M) | Time:60:58:27.95 | Mem:276.00M, Peak:276.00M | Scene | Updating Images | Loading fern_02_diff_1k.png.005
Fra:1 Mem:1880.33M (Peak 2424.70M) | Time:60:58:27.95 | Mem:281.00M, Peak:281.00M | Scene | Updating Images | Loading island_tree_01_leaves_diff_1k.png.012
Fra:1 Mem:1884.33M (Peak 2424.70M) | Time:60:58:27.95 | Mem:283.00M, Peak:283.00M | Scene | Updating Images | Loading island_tree_01_leaves_alpha_1k.png.012
DETAIL CONTACT daguanlou furniture 14936 0.32
Fra:1 Mem:1509.20M (Peak 2424.70M) | Time:60:58:29.38 | Mem:0.00M, Peak:0.00M | Scene | Synchronizing object | daguanlou_stone
Fra:1 Mem:1509.20M (Peak 2424.70M) | Time:60:58:29.39 | Mem:0.00M, Peak:0.00M | Scene | Synchronizing object | daguanlou_latticewood.001
Fra:1 Mem:1520.64M (Peak 2424.70M) | Time:60:58:29.39 | Mem:0.00M, Peak:0.00M | Scene | Synchronizing object | daguanlou_limestone.001
Fra:1 Mem:1523.91M (Peak 2424.70M) | Time:60:58:29.39 | Mem:0.00M, Peak:0.00M | Scene | Synchronizing object | daguanlou_screen
Fra:1 Mem:1524.49M (Peak 2424.70M) | Time:60:58:29.39 | Mem:0.00M, Peak:0.00M | Scene | Synchronizing object | daguanlou_roof
Fra:1 Mem:1524.65M (Peak 2424.70M) | Time:60:58:29.39 | Mem:0.00M, Peak:0.00M | Scene | Synchronizing object | daguanlou_tilelight
Fra:1 Mem:1528.07M (Peak 2424.70M) | Time:60:58:29.39 | Mem:0.00M, Peak:0.00M | Scene | Synchronizing object | daguanlou_tile
Fra:1 Mem:1531.11M (Peak 2424.70M) | Time:60:58:29.39 | Mem:0.00M, Peak:0.00M | Scene | Synchronizing object | daguanlou_canopy_light
Fra:1 Mem:1552.04M (Peak 2424.70M) | Time:60:58:29.39 | Mem:0.00M, Peak:0.00M | Scene | Synchronizing object | daguanlou_canopy
Fra:1 Mem:1551.37M (Peak 2424.70M) | Time:60:58:29.39 | Mem:0.00M, Peak:0.00M | Scene | Synchronizing object | daguanlou_tiledark
Fra:1 Mem:1552.33M (Peak 2424.70M) | Time:60:58:29.39 | Mem:0.00M, Peak:0.00M | Scene | Synchronizing object | daguanlou_lantern
Fra:1 Mem:1555.39M (Peak 2424.70M) | Time:60:58:29.39 | Mem:0.00M, Peak:0.00M | Scene | Synchronizing object | daguanlou_gold
Fra:1 Mem:1556.12M (Peak 2424.70M) | Time:60:58:29.39 | Mem:0.00M, Peak:0.00M | Scene | Synchronizing object | daguanlou_canopy_shadow
Fra:1 Mem:1556.12M (Peak 2424.70M) | Time:60:58:29.39 | Mem:0.00M, Peak:0.00M | Scene | Synchronizing object | daguanlou_courtbase
Fra:1 Mem:1557.02M (Peak 2424.70M) | Time:60:58:29.39 | Mem:0.00M, Peak:0.00M | Scene | Synchronizing object | daguanlou_paper
Fra:1 Mem:1557.03M (Peak 2424.70M) | Time:60:58:29.39 | Mem:0.00M, Peak:0.00M | Scene | Synchronizing object | daguanlou_bookcloth.001
Fra:1 Mem:1557.19M (Peak 2424.70M) | Time:60:58:29.39 | Mem:0.00M, Peak:0.00M | Scene | Synchronizing object | daguanlou_ivory.001
Fra:1 Mem:1557.28M (Peak 2424.70M) | Time:60:58:29.39 | Mem:0.00M, Peak:0.00M | Scene | Synchronizing object | daguanlou_ink.001
Fra:1 Mem:1557.29M (Peak 2424.70M) | Time:60:58:29.39 | Mem:0.00M, Peak:0.00M | Scene | Synchronizing object | daguanlou_bookcover.001
Fra:1 Mem:1557.80M (Peak 2424.70M) | Time:60:58:29.39 | Mem:0.00M, Peak:0.00M | Scene | Synchronizing object | daguanlou_ceramic
Fra:1 Mem:1557.98M (Peak 2424.70M) | Time:60:58:29.39 | Mem:0.00M, Peak:0.00M | Scene | Synchronizing object | daguanlou_bamboo.001
Fra:1 Mem:1557.90M (Peak 2424.70M) | Time:60:58:29.39 | Mem:0.00M, Peak:0.00M | Scene | Synchronizing object | daguanlou_bark
Fra:1 Mem:1557.94M (Peak 2424.70M) | Time:60:58:29.39 | Mem:0.00M, Peak:0.00M | Scene | Synchronizing object | daguanlou_plaster
Fra:1 Mem:1594.93M (Peak 2424.70M) | Time:60:58:29.41 | Mem:0.00M, Peak:0.00M | Scene | Initializing
Fra:1 Mem:1594.92M (Peak 2424.70M) | Time:60:58:29.41 | Mem:0.00M, Peak:0.00M | Scene | Updating Images | Loading forest_grove.hdr
Fra:1 Mem:1594.92M (Peak 2424.70M) | Time:60:58:29.41 | Mem:0.00M, Peak:0.00M | Scene | Updating Images | Loading fern_02_rgba.png.003
Fra:1 Mem:1595.92M (Peak 2424.70M) | Time:60:58:29.41 | Mem:0.00M, Peak:0.00M | Scene | Updating Images | Loading r12_stone_rough.001
Fra:1 Mem:1595.92M (Peak 2424.70M) | Time:60:58:29.41 | Mem:0.00M, Peak:0.00M | Scene | Updating Images | Loading r12_stone_nor_gl.001
Fra:1 Mem:1601.94M (Peak 2424.70M) | Time:60:58:29.42 | Mem:1.00M, Peak:1.00M | Scene | Updating Images | Loading r12_darkwood_diff.001
Fra:1 Mem:1602.94M (Peak 2424.70M) | Time:60:58:29.42 | Mem:2.00M, Peak:2.00M | Scene | Updating Images | Loading r12_darkwood_nor_gl.001
Fra:1 Mem:1602.94M (Peak 2424.70M) | Time:60:58:29.42 | Mem:3.00M, Peak:3.00M | Scene | Updating Images | Loading r12_darkwood_rough.001
Fra:1 Mem:1604.94M (Peak 2424.70M) | Time:60:58:29.42 | Mem:4.00M, Peak:4.00M | Scene | Updating Images | Loading r12_floorwood_diff.001
Fra:1 Mem:1604.95M (Peak 2424.70M) | Time:60:58:29.42 | Mem:6.00M, Peak:6.00M | Scene | Updating Images | Loading island_tree_01_leaves_rgba.png.007
Fra:1 Mem:1607.20M (Peak 2424.70M) | Time:60:58:29.42 | Mem:7.00M, Peak:7.00M | Scene | Updating Images | Loading r12_floorwood_rough.001
Fra:1 Mem:1608.20M (Peak 2424.70M) | Time:60:58:29.42 | Mem:8.00M, Peak:8.00M | Scene | Updating Images | Loading r12_wood_diff.001
Fra:1 Mem:1608.20M (Peak 2424.70M) | Time:60:58:29.42 | Mem:8.25M, Peak:8.25M | Scene | Updating Images | Loading pine_sapling_small_twig_rgba.png.003
Fra:1 Mem:1609.45M (Peak 2424.70M) | Time:60:58:29.42 | Mem:9.25M, Peak:9.25M | Scene | Updating Images | Loading r12_wood_nor_gl.001
Fra:1 Mem:1610.45M (Peak 2424.70M) | Time:60:58:29.42 | Mem:10.25M, Peak:10.25M | Scene | Updating Images | Loading r12_wood_rough.001
Fra:1 Mem:1611.45M (Peak 2424.70M) | Time:60:58:29.42 | Mem:11.25M, Peak:11.25M | Scene | Updating Images | Loading r12_furniture_diff.001
Fra:1 Mem:1612.45M (Peak 2424.70M) | Time:60:58:29.42 | Mem:12.50M, Peak:12.50M | Scene | Updating Images | Loading r12_furniture_nor_gl.001
Fra:1 Mem:1620.45M (Peak 2424.70M) | Time:60:58:29.42 | Mem:13.50M, Peak:13.50M | Scene | Updating Images | Loading r12_furniture_rough.001
Fra:1 Mem:1622.70M (Peak 2424.70M) | Time:60:58:29.42 | Mem:14.50M, Peak:14.50M | Scene | Updating Images | Loading r12_latticewood_diff.001
Fra:1 Mem:1623.70M (Peak 2424.70M) | Time:60:58:29.42 | Mem:14.75M, Peak:14.75M | Scene | Updating Images | Loading island_tree_01_leaves_rgba.png.006
Fra:1 Mem:1623.95M (Peak 2424.70M) | Time:60:58:29.42 | Mem:15.75M, Peak:15.75M | Scene | Updating Images | Loading r12_latticewood_nor_gl.001
Fra:1 Mem:1624.95M (Peak 2424.70M) | Time:60:58:29.42 | Mem:17.00M, Peak:17.00M | Scene | Updating Images | Loading r12_latticewood_rough.001
Fra:1 Mem:1624.95M (Peak 2424.70M) | Time:60:58:29.42 | Mem:19.00M, Peak:19.00M | Scene | Updating Images | Loading r12_roof_nor_gl.001
Fra:1 Mem:1627.95M (Peak 2424.70M) | Time:60:58:29.42 | Mem:20.00M, Peak:20.00M | Scene | Updating Images | Loading r12_roof_rough.001
Fra:1 Mem:1628.95M (Peak 2424.70M) | Time:60:58:29.42 | Mem:21.00M, Peak:21.00M | Scene | Updating Images | Loading r12_tilelight_diff.001
Fra:1 Mem:1629.95M (Peak 2424.70M) | Time:60:58:29.42 | Mem:22.00M, Peak:22.00M | Scene | Updating Images | Loading r12_tilelight_nor_gl.001
Fra:1 Mem:1630.95M (Peak 2424.70M) | Time:60:58:29.42 | Mem:24.00M, Peak:24.00M | Scene | Updating Images | Loading r12_tilelight_rough.001
Fra:1 Mem:1631.95M (Peak 2424.70M) | Time:60:58:29.42 | Mem:24.00M, Peak:24.00M | Scene | Updating Images | Loading r12_tile_diff.001
Fra:1 Mem:1632.95M (Peak 2424.70M) | Time:60:58:29.42 | Mem:25.00M, Peak:25.00M | Scene | Updating Images | Loading r12_tile_nor_gl.001
Fra:1 Mem:1633.95M (Peak 2424.70M) | Time:60:58:29.42 | Mem:26.00M, Peak:26.00M | Scene | Updating Images | Loading r12_tile_rough.001
Fra:1 Mem:1635.95M (Peak 2424.70M) | Time:60:58:29.42 | Mem:28.00M, Peak:28.00M | Scene | Updating Images | Loading r12_tiledark_diff.001
Fra:1 Mem:1636.95M (Peak 2424.70M) | Time:60:58:29.42 | Mem:28.00M, Peak:28.00M | Scene | Updating Images | Loading r12_tiledark_nor_gl.001
Fra:1 Mem:1637.95M (Peak 2424.70M) | Time:60:58:29.42 | Mem:29.00M, Peak:29.00M | Scene | Updating Images | Loading r12_tiledark_rough.001
Fra:1 Mem:1638.95M (Peak 2424.70M) | Time:60:58:29.42 | Mem:31.00M, Peak:31.00M | Scene | Updating Images | Loading rock_moss_set_01_diff
Fra:1 Mem:1642.95M (Peak 2424.70M) | Time:60:58:29.42 | Mem:31.00M, Peak:31.00M | Scene | Updating Images | Loading rock_moss_set_01_nor_gl
Fra:1 Mem:1646.95M (Peak 2424.70M) | Time:60:58:29.42 | Mem:32.00M, Peak:32.00M | Scene | Updating Images | Loading r12_paving_diff.001
Fra:1 Mem:1647.95M (Peak 2424.70M) | Time:60:58:29.42 | Mem:33.00M, Peak:33.00M | Scene | Updating Images | Loading r12_paving_nor_gl.001
Fra:1 Mem:1648.95M (Peak 2424.70M) | Time:60:58:29.42 | Mem:34.00M, Peak:34.00M | Scene | Updating Images | Loading r12_paving_rough.001
Fra:1 Mem:1649.95M (Peak 2424.70M) | Time:60:58:29.42 | Mem:35.00M, Peak:35.00M | Scene | Updating Images | Loading r12_gardenstone_diff
Fra:1 Mem:1650.95M (Peak 2424.70M) | Time:60:58:29.42 | Mem:36.00M, Peak:36.00M | Scene | Updating Images | Loading r12_gardenstone_nor_gl
Fra:1 Mem:1651.95M (Peak 2424.70M) | Time:60:58:29.42 | Mem:40.00M, Peak:40.00M | Scene | Updating Images | Loading r12_gardenstone_rough
Fra:1 Mem:1652.95M (Peak 2424.70M) | Time:60:58:29.42 | Mem:41.00M, Peak:41.00M | Scene | Updating Images | Loading worn_mossy_plasterwall.jpg
Fra:1 Mem:1656.95M (Peak 2424.70M) | Time:60:58:29.42 | Mem:42.00M, Peak:42.00M | Scene | Updating Images | Loading r12_bankstone_diff.001
Fra:1 Mem:1657.95M (Peak 2424.70M) | Time:60:58:29.42 | Mem:46.00M, Peak:46.00M | Scene | Updating Images | Loading r12_bankstone_nor_gl.001
Fra:1 Mem:1658.95M (Peak 2424.70M) | Time:60:58:29.42 | Mem:47.00M, Peak:47.00M | Scene | Updating Images | Loading r12_bankstone_rough.001
Fra:1 Mem:1659.95M (Peak 2424.70M) | Time:60:58:29.42 | Mem:48.00M, Peak:48.00M | Scene | Updating Images | Loading r12_courtbase_diff.001
Fra:1 Mem:1660.95M (Peak 2424.70M) | Time:60:58:29.42 | Mem:49.00M, Peak:49.00M | Scene | Updating Images | Loading r12_courtbase_nor_gl.001
Fra:1 Mem:1661.95M (Peak 2424.70M) | Time:60:58:29.42 | Mem:50.00M, Peak:50.00M | Scene | Updating Images | Loading r12_courtbase_rough.001
Fra:1 Mem:1662.95M (Peak 2424.70M) | Time:60:58:29.42 | Mem:51.00M, Peak:51.00M | Scene | Updating Images | Loading island_tree_01_diff
Fra:1 Mem:1666.95M (Peak 2424.70M) | Time:60:58:29.42 | Mem:52.00M, Peak:52.00M | Scene | Updating Images | Loading island_tree_01_rough
Fra:1 Mem:1670.95M (Peak 2424.70M) | Time:60:58:29.42 | Mem:53.00M, Peak:53.00M | Scene | Updating Images | Loading island_tree_01_nor_gl
Fra:1 Mem:1674.95M (Peak 2424.70M) | Time:60:58:29.42 | Mem:54.00M, Peak:54.00M | Scene | Updating Images | Loading island_tree_01_leaves_diff-island_tree_01_leaves_alpha
Fra:1 Mem:1678.95M (Peak 2424.70M) | Time:60:58:29.42 | Mem:55.00M, Peak:55.00M | Scene | Updating Images | Loading island_tree_01_leaves_rough
Fra:1 Mem:1683.96M (Peak 2424.70M) | Time:60:58:29.42 | Mem:59.00M, Peak:59.00M | Scene | Updating Images | Loading island_tree_01_leaves_nor_gl
Fra:1 Mem:1683.96M (Peak 2424.70M) | Time:60:58:29.42 | Mem:67.00M, Peak:67.00M | Scene | Updating Images | Loading island_tree_01_branches_diff
Fra:1 Mem:1691.96M (Peak 2424.70M) | Time:60:58:29.42 | Mem:67.00M, Peak:67.00M | Scene | Updating Images | Loading island_tree_01_branches_rough
Fra:1 Mem:1694.95M (Peak 2424.70M) | Time:60:58:29.42 | Mem:68.00M, Peak:68.00M | Scene | Updating Images | Loading island_tree_01_leaves_rgba.png.005
Fra:1 Mem:1694.95M (Peak 2424.70M) | Time:60:58:29.42 | Mem:72.00M, Peak:72.00M | Scene | Updating Images | Loading island_tree_01_branches_nor_gl
Fra:1 Mem:1699.20M (Peak 2424.70M) | Time:60:58:29.43 | Mem:76.00M, Peak:76.00M | Scene | Updating Images | Loading island_tree_01_leaves_diff_1k.png.001
Fra:1 Mem:1699.20M (Peak 2424.70M) | Time:60:58:29.43 | Mem:80.00M, Peak:80.00M | Scene | Updating Images | Loading island_tree_01_leaves_alpha_1k.png.001
Fra:1 Mem:1699.20M (Peak 2424.70M) | Time:60:58:29.43 | Mem:84.00M, Peak:84.00M | Scene | Updating Images | Loading island_tree_02_diff
Fra:1 Mem:1703.20M (Peak 2424.70M) | Time:60:58:29.43 | Mem:88.00M, Peak:88.00M | Scene | Updating Images | Loading island_tree_02_rough
Fra:1 Mem:1717.20M (Peak 2424.70M) | Time:60:58:29.43 | Mem:88.25M, Peak:88.25M | Scene | Updating Images | Loading pine_sapling_small_twig_rgba.png.002
Fra:1 Mem:1717.20M (Peak 2424.70M) | Time:60:58:29.43 | Mem:92.25M, Peak:92.25M | Scene | Updating Images | Loading island_tree_02_nor_gl
Fra:1 Mem:1721.45M (Peak 2424.70M) | Time:60:58:29.43 | Mem:96.25M, Peak:96.25M | Scene | Updating Images | Loading island_tree_02_leaves_diff-island_tree_02_leaves_alpha
Fra:1 Mem:1725.46M (Peak 2424.70M) | Time:60:58:29.43 | Mem:100.25M, Peak:100.25M | Scene | Updating Images | Loading island_tree_02_leaves_rough
Fra:1 Mem:1731.46M (Peak 2424.70M) | Time:60:58:29.43 | Mem:104.25M, Peak:104.25M | Scene | Updating Images | Loading island_tree_02_leaves_nor_gl
Fra:1 Mem:1735.46M (Peak 2424.70M) | Time:60:58:29.43 | Mem:108.25M, Peak:108.25M | Scene | Updating Images | Loading island_tree_02_leaves_diff_1k.png.001
Fra:1 Mem:1735.46M (Peak 2424.70M) | Time:60:58:29.43 | Mem:108.50M, Peak:108.50M | Scene | Updating Images | Loading island_tree_02_leaves_rgba.png.002
Fra:1 Mem:1736.71M (Peak 2424.70M) | Time:60:58:29.43 | Mem:112.75M, Peak:112.75M | Scene | Updating Images | Loading island_tree_01_leaves_rgba.png.004
Fra:1 Mem:1736.96M (Peak 2424.70M) | Time:60:58:29.43 | Mem:114.75M, Peak:114.75M | Scene | Updating Images | Loading island_tree_02_leaves_alpha_1k.png.001
Fra:1 Mem:1736.96M (Peak 2424.70M) | Time:60:58:29.43 | Mem:115.00M, Peak:115.00M | Scene | Updating Images | Loading fern_02_rgba.png.001
Fra:1 Mem:1737.96M (Peak 2424.70M) | Time:60:58:29.43 | Mem:119.00M, Peak:119.00M | Scene | Updating Images | Loading island_tree_02_branches_diff
Fra:1 Mem:1741.96M (Peak 2424.70M) | Time:60:58:29.43 | Mem:119.00M, Peak:119.00M | Scene | Updating Images | Loading island_tree_02_branches_rough
Fra:1 Mem:1746.95M (Peak 2424.70M) | Time:60:58:29.43 | Mem:120.00M, Peak:120.00M | Scene | Updating Images | Loading island_tree_02_branches_nor_gl
Fra:1 Mem:1750.95M (Peak 2424.70M) | Time:60:58:29.43 | Mem:121.00M, Peak:121.00M | Scene | Updating Images | Loading pine_sapling_small_bark_diff
Fra:1 Mem:1750.95M (Peak 2424.70M) | Time:60:58:29.43 | Mem:125.00M, Peak:125.00M | Scene | Updating Images | Loading pine_sapling_small_bark_rough
Fra:1 Mem:1758.95M (Peak 2424.70M) | Time:60:58:29.43 | Mem:125.00M, Peak:125.00M | Scene | Updating Images | Loading pine_sapling_small_bark_nor_gl
Fra:1 Mem:1762.95M (Peak 2424.70M) | Time:60:58:29.43 | Mem:129.00M, Peak:129.00M | Scene | Updating Images | Loading pine_sapling_small_twig_diff
Fra:1 Mem:1762.95M (Peak 2424.70M) | Time:60:58:29.43 | Mem:129.00M, Peak:129.00M | Scene | Updating Images | Loading pine_sapling_small_twig_rough
Fra:1 Mem:1774.96M (Peak 2424.70M) | Time:60:58:29.44 | Mem:133.00M, Peak:133.00M | Scene | Updating Images | Loading pine_sapling_small_twig_nor_gl
Fra:1 Mem:1778.96M (Peak 2424.70M) | Time:60:58:29.44 | Mem:137.00M, Peak:137.00M | Scene | Updating Images | Loading pine_sapling_small_twig_diff_1k.png.001
Fra:1 Mem:1774.95M (Peak 2424.70M) | Time:60:58:29.44 | Mem:141.00M, Peak:141.00M | Scene | Updating Images | Loading pine_sapling_small_twig_alpha_1k.png.001
Fra:1 Mem:1774.95M (Peak 2424.70M) | Time:60:58:29.44 | Mem:145.00M, Peak:145.00M | Scene | Updating Images | Loading island_tree_01_leaves_diff_1k.png.002
Fra:1 Mem:1774.95M (Peak 2424.70M) | Time:60:58:29.44 | Mem:149.00M, Peak:149.00M | Scene | Updating Images | Loading island_tree_01_leaves_alpha_1k.png.002
Fra:1 Mem:1774.95M (Peak 2424.70M) | Time:60:58:29.44 | Mem:153.00M, Peak:153.00M | Scene | Updating Images | Loading island_tree_02_leaves_diff_1k.png.002
Fra:1 Mem:1774.95M (Peak 2424.70M) | Time:60:58:29.44 | Mem:157.00M, Peak:157.00M | Scene | Updating Images | Loading island_tree_02_leaves_alpha_1k.png.002
Fra:1 Mem:1774.95M (Peak 2424.70M) | Time:60:58:29.44 | Mem:158.00M, Peak:158.00M | Scene | Updating Images | Loading island_tree_01_leaves_rgba.png.003
Fra:1 Mem:1775.20M (Peak 2424.70M) | Time:60:58:29.44 | Mem:158.25M, Peak:158.25M | Scene | Updating Images | Loading pine_sapling_small_twig_rgba.png.001
Fra:1 Mem:1785.47M (Peak 2424.70M) | Time:60:58:29.44 | Mem:161.50M, Peak:161.50M | Scene | Updating Images | Loading island_tree_02_leaves_rgba.png.001
Fra:1 Mem:1785.47M (Peak 2424.70M) | Time:60:58:29.44 | Mem:161.50M, Peak:161.50M | Scene | Updating Images | Loading pine_sapling_small_twig_alpha_1k.png.002
Fra:1 Mem:1786.48M (Peak 2424.70M) | Time:60:58:29.44 | Mem:161.50M, Peak:161.50M | Scene | Updating Images | Loading island_tree_01_leaves_diff_1k.png.003
Fra:1 Mem:1781.71M (Peak 2424.70M) | Time:60:58:29.44 | Mem:166.50M, Peak:166.50M | Scene | Updating Images | Loading island_tree_01_leaves_alpha_1k.png.003
Fra:1 Mem:1781.71M (Peak 2424.70M) | Time:60:58:29.44 | Mem:167.50M, Peak:167.50M | Scene | Updating Images | Loading island_tree_02_leaves_diff_1k.png.003
Fra:1 Mem:1781.70M (Peak 2424.70M) | Time:60:58:29.45 | Mem:168.50M, Peak:168.50M | Scene | Updating Images | Loading island_tree_02_leaves_alpha_1k.png.003
Fra:1 Mem:1781.70M (Peak 2424.70M) | Time:60:58:29.45 | Mem:168.75M, Peak:168.75M | Scene | Updating Images | Loading island_tree_01_leaves_rgba.png.002
Fra:1 Mem:1781.95M (Peak 2424.70M) | Time:60:58:29.45 | Mem:169.00M, Peak:169.00M | Scene | Updating Images | Loading fern_02_rgba.png
Fra:1 Mem:1780.96M (Peak 2424.70M) | Time:60:58:29.45 | Mem:172.00M, Peak:172.00M | Scene | Updating Images | Loading pine_sapling_small_twig_diff_1k.png.003
Fra:1 Mem:1780.97M (Peak 2424.70M) | Time:60:58:29.45 | Mem:172.00M, Peak:172.00M | Scene | Updating Images | Loading pine_sapling_small_twig_alpha_1k.png.003
Fra:1 Mem:1781.97M (Peak 2424.70M) | Time:60:58:29.45 | Mem:172.00M, Peak:172.00M | Scene | Updating Images | Loading island_tree_01_leaves_diff_1k.png.004
Fra:1 Mem:1780.96M (Peak 2424.70M) | Time:60:58:29.45 | Mem:172.00M, Peak:172.00M | Scene | Updating Images | Loading island_tree_01_leaves_alpha_1k.png.004
Fra:1 Mem:1780.96M (Peak 2424.70M) | Time:60:58:29.45 | Mem:173.00M, Peak:173.00M | Scene | Updating Images | Loading island_tree_02_leaves_diff_1k.png.004
Fra:1 Mem:1780.96M (Peak 2424.70M) | Time:60:58:29.45 | Mem:173.00M, Peak:173.00M | Scene | Updating Images | Loading island_tree_02_leaves_alpha_1k.png.004
Fra:1 Mem:1780.96M (Peak 2424.70M) | Time:60:58:29.45 | Mem:174.00M, Peak:174.00M | Scene | Updating Images | Loading island_tree_01_leaves_rgba.png.001
Fra:1 Mem:1779.21M (Peak 2424.70M) | Time:60:58:29.46 | Mem:174.25M, Peak:174.25M | Scene | Updating Images | Loading pine_sapling_small_twig_rgba.png
Fra:1 Mem:1781.21M (Peak 2424.70M) | Time:60:58:29.46 | Mem:182.25M, Peak:182.25M | Scene | Updating Images | Loading pine_sapling_small_twig_diff_1k.png.004
Fra:1 Mem:1786.47M (Peak 2424.70M) | Time:60:58:29.46 | Mem:183.25M, Peak:183.25M | Scene | Updating Images | Loading pine_sapling_small_twig_alpha_1k.png.004
Fra:1 Mem:1786.46M (Peak 2424.70M) | Time:60:58:29.46 | Mem:185.50M, Peak:185.50M | Scene | Updating Images | Loading island_tree_02_leaves_rgba.png
Fra:1 Mem:1786.46M (Peak 2424.70M) | Time:60:58:29.46 | Mem:185.50M, Peak:185.50M | Scene | Updating Images | Loading island_tree_01_leaves_diff_1k.png.005
Fra:1 Mem:1786.46M (Peak 2424.70M) | Time:60:58:29.46 | Mem:185.50M, Peak:185.50M | Scene | Updating Images | Loading island_tree_01_leaves_alpha_1k.png.005
Fra:1 Mem:1787.47M (Peak 2424.70M) | Time:60:58:29.46 | Mem:185.50M, Peak:185.50M | Scene | Updating Images | Loading island_tree_02_leaves_diff_1k.png.005
Fra:1 Mem:1787.47M (Peak 2424.70M) | Time:60:58:29.46 | Mem:185.50M, Peak:185.50M | Scene | Updating Images | Loading island_tree_02_leaves_alpha_1k.png.005
Fra:1 Mem:1786.71M (Peak 2424.70M) | Time:60:58:29.46 | Mem:187.50M, Peak:187.50M | Scene | Updating Images | Loading pine_sapling_small_twig_diff_1k.png.005
Fra:1 Mem:1786.71M (Peak 2424.70M) | Time:60:58:29.46 | Mem:188.50M, Peak:188.50M | Scene | Updating Images | Loading pine_sapling_small_twig_alpha_1k.png.005
Fra:1 Mem:1786.71M (Peak 2424.70M) | Time:60:58:29.46 | Mem:188.75M, Peak:188.75M | Scene | Updating Images | Loading island_tree_01_leaves_rgba.png
Fra:1 Mem:1786.96M (Peak 2424.70M) | Time:60:58:29.46 | Mem:189.00M, Peak:189.00M | Scene | Updating Images | Loading fern_02_alpha_1k.png.001
Fra:1 Mem:1803.96M (Peak 2424.70M) | Time:60:58:29.46 | Mem:190.00M, Peak:190.00M | Scene | Updating Images | Loading island_tree_01_leaves_diff_1k.png.006
Fra:1 Mem:1810.97M (Peak 2424.70M) | Time:60:58:29.46 | Mem:192.00M, Peak:192.00M | Scene | Updating Images | Loading island_tree_01_leaves_alpha_1k.png.006
Fra:1 Mem:1810.98M (Peak 2424.70M) | Time:60:58:29.47 | Mem:193.00M, Peak:193.00M | Scene | Updating Images | Loading island_tree_02_leaves_diff_1k.png.006
Fra:1 Mem:1811.96M (Peak 2424.70M) | Time:60:58:29.47 | Mem:195.00M, Peak:195.00M | Scene | Updating Images | Loading island_tree_02_leaves_alpha_1k.png.006
Fra:1 Mem:1811.97M (Peak 2424.70M) | Time:60:58:29.47 | Mem:195.00M, Peak:195.00M | Scene | Updating Images | Loading pine_sapling_small_twig_diff_1k.png.006
Fra:1 Mem:1813.97M (Peak 2424.70M) | Time:60:58:29.47 | Mem:196.00M, Peak:196.00M | Scene | Updating Images | Loading pine_sapling_small_twig_alpha_1k.png.006
Fra:1 Mem:1812.96M (Peak 2424.70M) | Time:60:58:29.47 | Mem:198.00M, Peak:198.00M | Scene | Updating Images | Loading island_tree_01_leaves_diff_1k.png.007
Fra:1 Mem:1813.97M (Peak 2424.70M) | Time:60:58:29.47 | Mem:199.00M, Peak:199.00M | Scene | Updating Images | Loading island_tree_01_leaves_alpha_1k.png.007
Fra:1 Mem:1812.96M (Peak 2424.70M) | Time:60:58:29.47 | Mem:200.00M, Peak:200.00M | Scene | Updating Images | Loading island_tree_02_leaves_diff_1k.png.007
Fra:1 Mem:1812.95M (Peak 2424.70M) | Time:60:58:29.47 | Mem:201.00M, Peak:201.00M | Scene | Updating Images | Loading island_tree_02_leaves_alpha_1k.png.007
Fra:1 Mem:1815.96M (Peak 2424.70M) | Time:60:58:29.47 | Mem:202.00M, Peak:202.00M | Scene | Updating Images | Loading pine_sapling_small_twig_diff_1k.png.007
Fra:1 Mem:1837.99M (Peak 2424.70M) | Time:60:58:29.47 | Mem:204.00M, Peak:204.00M | Scene | Updating Images | Loading pine_sapling_small_twig_alpha_1k.png.007
Fra:1 Mem:1837.98M (Peak 2424.70M) | Time:60:58:29.47 | Mem:206.00M, Peak:206.00M | Scene | Updating Images | Loading island_tree_01_leaves_diff_1k.png.008
Fra:1 Mem:1837.98M (Peak 2424.70M) | Time:60:58:29.47 | Mem:206.00M, Peak:206.00M | Scene | Updating Images | Loading island_tree_01_leaves_alpha_1k.png.008
Fra:1 Mem:1837.98M (Peak 2424.70M) | Time:60:58:29.47 | Mem:206.00M, Peak:206.00M | Scene | Updating Images | Loading island_tree_02_leaves_diff_1k.png.008
Fra:1 Mem:1837.98M (Peak 2424.70M) | Time:60:58:29.47 | Mem:206.00M, Peak:206.00M | Scene | Updating Images | Loading island_tree_02_leaves_alpha_1k.png.008
Fra:1 Mem:1836.97M (Peak 2424.70M) | Time:60:58:29.47 | Mem:207.00M, Peak:207.00M | Scene | Updating Images | Loading pine_sapling_small_twig_diff_1k.png.008
Fra:1 Mem:1836.97M (Peak 2424.70M) | Time:60:58:29.48 | Mem:208.00M, Peak:208.00M | Scene | Updating Images | Loading pine_sapling_small_twig_alpha_1k.png.008
Fra:1 Mem:1821.97M (Peak 2424.70M) | Time:60:58:29.48 | Mem:209.00M, Peak:209.00M | Scene | Updating Images | Loading fern_02_diff_1k.png.002
Fra:1 Mem:1831.96M (Peak 2424.70M) | Time:60:58:29.48 | Mem:211.00M, Peak:211.00M | Scene | Updating Images | Loading fern_02_rough
Fra:1 Mem:1831.96M (Peak 2424.70M) | Time:60:58:29.48 | Mem:213.00M, Peak:213.00M | Scene | Updating Images | Loading fern_02_nor_gl
Fra:1 Mem:1839.97M (Peak 2424.70M) | Time:60:58:29.48 | Mem:213.00M, Peak:213.00M | Scene | Updating Images | Loading island_tree_01_leaves_diff_1k.png.009
Fra:1 Mem:1839.97M (Peak 2424.70M) | Time:60:58:29.48 | Mem:213.00M, Peak:213.00M | Scene | Updating Images | Loading island_tree_01_leaves_alpha_1k.png.009
Fra:1 Mem:1839.96M (Peak 2424.70M) | Time:60:58:29.48 | Mem:214.00M, Peak:214.00M | Scene | Updating Images | Loading island_tree_02_leaves_diff_1k.png.009
Fra:1 Mem:1839.96M (Peak 2424.70M) | Time:60:58:29.48 | Mem:216.00M, Peak:216.00M | Scene | Updating Images | Loading island_tree_02_leaves_alpha_1k.png.009
Fra:1 Mem:1839.96M (Peak 2424.70M) | Time:60:58:29.48 | Mem:232.00M, Peak:232.00M | Scene | Updating Images | Loading fern_02_alpha_1k.png
Fra:1 Mem:1864.98M (Peak 2424.70M) | Time:60:58:29.49 | Mem:233.00M, Peak:233.00M | Scene | Updating Images | Loading pine_sapling_small_twig_diff_1k.png.009
Fra:1 Mem:1864.98M (Peak 2424.70M) | Time:60:58:29.49 | Mem:234.00M, Peak:234.00M | Scene | Updating Images | Loading pine_sapling_small_twig_alpha_1k.png.009
Fra:1 Mem:1860.97M (Peak 2424.70M) | Time:60:58:29.49 | Mem:235.00M, Peak:235.00M | Scene | Updating Images | Loading fern_02_diff_1k.png.003
Fra:1 Mem:1859.96M (Peak 2424.70M) | Time:60:58:29.49 | Mem:236.00M, Peak:236.00M | Scene | Updating Images | Loading island_tree_01_leaves_diff_1k.png.010
Fra:1 Mem:1860.96M (Peak 2424.70M) | Time:60:58:29.49 | Mem:240.00M, Peak:240.00M | Scene | Updating Images | Loading island_tree_01_leaves_alpha_1k.png.010
Fra:1 Mem:1870.98M (Peak 2424.70M) | Time:60:58:29.49 | Mem:241.00M, Peak:241.00M | Scene | Updating Images | Loading island_tree_02_leaves_diff_1k.png.010
Fra:1 Mem:1872.97M (Peak 2424.70M) | Time:60:58:29.49 | Mem:247.00M, Peak:247.00M | Scene | Updating Images | Loading island_tree_02_leaves_alpha_1k.png.010
Fra:1 Mem:1872.97M (Peak 2424.70M) | Time:60:58:29.49 | Mem:247.00M, Peak:247.00M | Scene | Updating Images | Loading pine_sapling_small_twig_diff_1k.png.010
Fra:1 Mem:1872.97M (Peak 2424.70M) | Time:60:58:29.49 | Mem:248.00M, Peak:248.00M | Scene | Updating Images | Loading pine_sapling_small_twig_alpha_1k.png.010
Fra:1 Mem:1868.96M (Peak 2424.70M) | Time:60:58:29.49 | Mem:252.00M, Peak:252.00M | Scene | Updating Images | Loading fern_02_diff_1k.png.004
Fra:1 Mem:1869.96M (Peak 2424.70M) | Time:60:58:29.49 | Mem:253.00M, Peak:253.00M | Scene | Updating Images | Loading island_tree_01_leaves_diff_1k.png.011
Fra:1 Mem:1869.96M (Peak 2424.70M) | Time:60:58:29.49 | Mem:254.00M, Peak:254.00M | Scene | Updating Images | Loading island_tree_01_leaves_alpha_1k.png.011
Fra:1 Mem:1869.96M (Peak 2424.70M) | Time:60:58:29.49 | Mem:255.00M, Peak:255.00M | Scene | Updating Images | Loading island_tree_02_leaves_diff_1k.png.011
Fra:1 Mem:1894.97M (Peak 2424.70M) | Time:60:58:29.50 | Mem:257.00M, Peak:257.00M | Scene | Updating Images | Loading island_tree_02_leaves_alpha_1k.png.011
Fra:1 Mem:1894.97M (Peak 2424.70M) | Time:60:58:29.50 | Mem:257.00M, Peak:257.00M | Scene | Updating Images | Loading pine_sapling_small_twig_diff_1k.png.011
Fra:1 Mem:1894.97M (Peak 2424.70M) | Time:60:58:29.50 | Mem:257.00M, Peak:257.00M | Scene | Updating Images | Loading pine_sapling_small_twig_alpha_1k.png.011
Fra:1 Mem:1894.97M (Peak 2424.70M) | Time:60:58:29.50 | Mem:258.00M, Peak:258.00M | Scene | Updating Images | Loading island_tree_01_leaves_diff_1k.png.012
Fra:1 Mem:1894.97M (Peak 2424.70M) | Time:60:58:29.50 | Mem:259.00M, Peak:259.00M | Scene | Updating Images | Loading island_tree_01_leaves_alpha_1k.png.012
Fra:1 Mem:1894.97M (Peak 2424.70M) | Time:60:58:29.50 | Mem:260.00M, Peak:260.00M | Scene | Updating Images | Loading fern_02_diff_1k.png.005
DETAIL CONTACT daguanlou latticewood 44304 0.32
Fra:1 Mem:1507.02M (Peak 2424.70M) | Time:60:58:31.45 | Mem:0.00M, Peak:0.00M | Scene | Synchronizing object | daguanlou_cutstone
Fra:1 Mem:1507.02M (Peak 2424.70M) | Time:60:58:31.45 | Mem:0.00M, Peak:0.00M | Scene | Synchronizing object | daguanlou_wood
Fra:1 Mem:1507.21M (Peak 2424.70M) | Time:60:58:31.45 | Mem:0.00M, Peak:0.00M | Scene | Synchronizing object | daguanlou_latticewood.001
Fra:1 Mem:1508.67M (Peak 2424.70M) | Time:60:58:31.45 | Mem:0.00M, Peak:0.00M | Scene | Synchronizing object | daguanlou_limestone.001
Fra:1 Mem:1523.57M (Peak 2424.70M) | Time:60:58:31.45 | Mem:0.00M, Peak:0.00M | Scene | Synchronizing object | daguanlou_screen
Fra:1 Mem:1523.77M (Peak 2424.70M) | Time:60:58:31.45 | Mem:0.00M, Peak:0.00M | Scene | Synchronizing object | daguanlou_roof
Fra:1 Mem:1523.89M (Peak 2424.70M) | Time:60:58:31.45 | Mem:0.00M, Peak:0.00M | Scene | Synchronizing object | daguanlou_tilelight
Fra:1 Mem:1525.00M (Peak 2424.70M) | Time:60:58:31.45 | Mem:0.00M, Peak:0.00M | Scene | Synchronizing object | daguanlou_tile
Fra:1 Mem:1525.99M (Peak 2424.70M) | Time:60:58:31.45 | Mem:0.00M, Peak:0.00M | Scene | Synchronizing object | daguanlou_tiledark
Fra:1 Mem:1530.80M (Peak 2424.70M) | Time:60:58:31.45 | Mem:0.00M, Peak:0.00M | Scene | Synchronizing object | daguanlou_lantern
Fra:1 Mem:1548.78M (Peak 2424.70M) | Time:60:58:31.45 | Mem:0.00M, Peak:0.00M | Scene | Synchronizing object | daguanlou_gold
Fra:1 Mem:1549.09M (Peak 2424.70M) | Time:60:58:31.45 | Mem:0.00M, Peak:0.00M | Scene | Synchronizing object | daguanlou_paving
Fra:1 Mem:1550.08M (Peak 2424.70M) | Time:60:58:31.45 | Mem:0.00M, Peak:0.00M | Scene | Synchronizing object | daguanlou_courtbase
Fra:1 Mem:1550.90M (Peak 2424.70M) | Time:60:58:31.45 | Mem:0.00M, Peak:0.00M | Scene | Synchronizing object | daguanlou_paper
Fra:1 Mem:1550.90M (Peak 2424.70M) | Time:60:58:31.45 | Mem:0.00M, Peak:0.00M | Scene | Synchronizing object | daguanlou_bookcloth.001
Fra:1 Mem:1550.90M (Peak 2424.70M) | Time:60:58:31.45 | Mem:0.00M, Peak:0.00M | Scene | Synchronizing object | daguanlou_ivory.001
Fra:1 Mem:1553.11M (Peak 2424.70M) | Time:60:58:31.45 | Mem:0.00M, Peak:0.00M | Scene | Synchronizing object | daguanlou_ink.001
Fra:1 Mem:1553.11M (Peak 2424.70M) | Time:60:58:31.45 | Mem:0.00M, Peak:0.00M | Scene | Synchronizing object | daguanlou_bookcover.001
Fra:1 Mem:1553.13M (Peak 2424.70M) | Time:60:58:31.45 | Mem:0.00M, Peak:0.00M | Scene | Synchronizing object | daguanlou_ceramic
Fra:1 Mem:1553.31M (Peak 2424.70M) | Time:60:58:31.45 | Mem:0.00M, Peak:0.00M | Scene | Synchronizing object | daguanlou_bamboo.001
Fra:1 Mem:1554.23M (Peak 2424.70M) | Time:60:58:31.45 | Mem:0.00M, Peak:0.00M | Scene | Synchronizing object | daguanlou_plaster
Fra:1 Mem:1554.32M (Peak 2424.70M) | Time:60:58:31.45 | Mem:0.00M, Peak:0.00M | Scene | Synchronizing object | daguanlou_bark
Fra:1 Mem:1554.69M (Peak 2424.70M) | Time:60:58:31.45 | Mem:0.00M, Peak:0.00M | Scene | Synchronizing object | daguanlou_canopy_shadow
Fra:1 Mem:1555.38M (Peak 2424.70M) | Time:60:58:31.45 | Mem:0.00M, Peak:0.00M | Scene | Synchronizing object | daguanlou_canopy
Fra:1 Mem:1555.88M (Peak 2424.70M) | Time:60:58:31.45 | Mem:0.00M, Peak:0.00M | Scene | Synchronizing object | daguanlou_canopy_light
Fra:1 Mem:1592.74M (Peak 2424.70M) | Time:60:58:31.48 | Mem:0.00M, Peak:0.00M | Scene | Initializing
Fra:1 Mem:1592.74M (Peak 2424.70M) | Time:60:58:31.48 | Mem:0.00M, Peak:0.00M | Scene | Updating Images | Loading forest_grove.hdr
Fra:1 Mem:1592.74M (Peak 2424.70M) | Time:60:58:31.48 | Mem:0.00M, Peak:0.00M | Scene | Updating Images | Loading r12_cutstone_diff.001
Fra:1 Mem:1592.74M (Peak 2424.70M) | Time:60:58:31.48 | Mem:0.00M, Peak:0.00M | Scene | Updating Images | Loading r12_cutstone_nor_gl.001
Fra:1 Mem:1593.74M (Peak 2424.70M) | Time:60:58:31.48 | Mem:0.00M, Peak:0.00M | Scene | Updating Images | Loading r12_cutstone_rough.001
Fra:1 Mem:1599.75M (Peak 2424.70M) | Time:60:58:31.48 | Mem:1.00M, Peak:1.00M | Scene | Updating Images | Loading r12_darkwood_diff.001
Fra:1 Mem:1600.75M (Peak 2424.70M) | Time:60:58:31.48 | Mem:4.00M, Peak:4.00M | Scene | Updating Images | Loading r12_darkwood_nor_gl.001
Fra:1 Mem:1601.75M (Peak 2424.70M) | Time:60:58:31.48 | Mem:5.00M, Peak:5.00M | Scene | Updating Images | Loading r12_floorwood_diff.001
Fra:1 Mem:1601.75M (Peak 2424.70M) | Time:60:58:31.48 | Mem:5.00M, Peak:5.00M | Scene | Updating Images | Loading r12_floorwood_nor_gl.001
Fra:1 Mem:1604.75M (Peak 2424.70M) | Time:60:58:31.48 | Mem:6.00M, Peak:6.00M | Scene | Updating Images | Loading r12_floorwood_rough.001
Fra:1 Mem:1605.76M (Peak 2424.70M) | Time:60:58:31.48 | Mem:7.00M, Peak:7.00M | Scene | Updating Images | Loading island_tree_01_leaves_rgba.png.007
Fra:1 Mem:1606.01M (Peak 2424.70M) | Time:60:58:31.48 | Mem:9.00M, Peak:9.00M | Scene | Updating Images | Loading r12_wood_diff.001
Fra:1 Mem:1607.01M (Peak 2424.70M) | Time:60:58:31.48 | Mem:9.00M, Peak:9.00M | Scene | Updating Images | Loading r12_wood_nor_gl.001
Fra:1 Mem:1608.01M (Peak 2424.70M) | Time:60:58:31.48 | Mem:9.25M, Peak:9.25M | Scene | Updating Images | Loading pine_sapling_small_twig_rgba.png.003
Fra:1 Mem:1608.26M (Peak 2424.70M) | Time:60:58:31.48 | Mem:10.25M, Peak:10.25M | Scene | Updating Images | Loading r12_wood_rough.001
Fra:1 Mem:1609.26M (Peak 2424.70M) | Time:60:58:31.48 | Mem:11.25M, Peak:11.25M | Scene | Updating Images | Loading r12_furniture_diff.001
Fra:1 Mem:1610.26M (Peak 2424.70M) | Time:60:58:31.48 | Mem:12.25M, Peak:12.25M | Scene | Updating Images | Loading r12_furniture_nor_gl.001
Fra:1 Mem:1610.26M (Peak 2424.70M) | Time:60:58:31.48 | Mem:12.50M, Peak:12.50M | Scene | Updating Images | Loading island_tree_02_leaves_rgba.png.003
Fra:1 Mem:1611.52M (Peak 2424.70M) | Time:60:58:31.48 | Mem:13.50M, Peak:13.50M | Scene | Updating Images | Loading r12_furniture_rough.001
Fra:1 Mem:1612.52M (Peak 2424.70M) | Time:60:58:31.48 | Mem:13.75M, Peak:13.75M | Scene | Updating Images | Loading island_tree_01_leaves_rgba.png.006
Fra:1 Mem:1612.77M (Peak 2424.70M) | Time:60:58:31.48 | Mem:14.75M, Peak:14.75M | Scene | Updating Images | Loading r12_latticewood_diff.001
Fra:1 Mem:1612.77M (Peak 2424.70M) | Time:60:58:31.48 | Mem:15.75M, Peak:15.75M | Scene | Updating Images | Loading r12_latticewood_nor_gl.001
Fra:1 Mem:1614.77M (Peak 2424.70M) | Time:60:58:31.48 | Mem:16.00M, Peak:16.00M | Scene | Updating Images | Loading fern_02_rgba.png.002
Fra:1 Mem:1614.77M (Peak 2424.70M) | Time:60:58:31.48 | Mem:17.00M, Peak:17.00M | Scene | Updating Images | Loading r12_latticewood_rough.001
Fra:1 Mem:1615.77M (Peak 2424.70M) | Time:60:58:31.48 | Mem:18.00M, Peak:18.00M | Scene | Updating Images | Loading r12_roof_diff.001
Fra:1 Mem:1616.77M (Peak 2424.70M) | Time:60:58:31.48 | Mem:19.00M, Peak:19.00M | Scene | Updating Images | Loading r12_roof_nor_gl.001
Fra:1 Mem:1618.77M (Peak 2424.70M) | Time:60:58:31.48 | Mem:20.00M, Peak:20.00M | Scene | Updating Images | Loading r12_roof_rough.001
Fra:1 Mem:1619.77M (Peak 2424.70M) | Time:60:58:31.48 | Mem:22.00M, Peak:22.00M | Scene | Updating Images | Loading r12_tilelight_diff.001
Fra:1 Mem:1619.77M (Peak 2424.70M) | Time:60:58:31.48 | Mem:22.00M, Peak:22.00M | Scene | Updating Images | Loading r12_tilelight_nor_gl.001
Fra:1 Mem:1621.77M (Peak 2424.70M) | Time:60:58:31.48 | Mem:23.00M, Peak:23.00M | Scene | Updating Images | Loading r12_tilelight_rough.001
Fra:1 Mem:1622.77M (Peak 2424.70M) | Time:60:58:31.48 | Mem:24.00M, Peak:24.00M | Scene | Updating Images | Loading r12_tile_diff.001
Fra:1 Mem:1623.77M (Peak 2424.70M) | Time:60:58:31.48 | Mem:25.00M, Peak:25.00M | Scene | Updating Images | Loading r12_tile_nor_gl.001
Fra:1 Mem:1632.77M (Peak 2424.70M) | Time:60:58:31.48 | Mem:26.00M, Peak:26.00M | Scene | Updating Images | Loading r12_tile_rough.001
Fra:1 Mem:1633.77M (Peak 2424.70M) | Time:60:58:31.48 | Mem:27.00M, Peak:27.00M | Scene | Updating Images | Loading r12_tiledark_diff.001
Fra:1 Mem:1634.77M (Peak 2424.70M) | Time:60:58:31.48 | Mem:28.00M, Peak:28.00M | Scene | Updating Images | Loading r12_tiledark_nor_gl.001
Fra:1 Mem:1635.77M (Peak 2424.70M) | Time:60:58:31.48 | Mem:29.00M, Peak:29.00M | Scene | Updating Images | Loading r12_tiledark_rough.001
Fra:1 Mem:1636.77M (Peak 2424.70M) | Time:60:58:31.48 | Mem:32.00M, Peak:32.00M | Scene | Updating Images | Loading rock_moss_set_01_diff
Fra:1 Mem:1636.77M (Peak 2424.70M) | Time:60:58:31.48 | Mem:32.00M, Peak:32.00M | Scene | Updating Images | Loading rock_moss_set_01_nor_gl
Fra:1 Mem:1644.77M (Peak 2424.70M) | Time:60:58:31.48 | Mem:32.00M, Peak:32.00M | Scene | Updating Images | Loading r12_paving_diff.001
Fra:1 Mem:1645.77M (Peak 2424.70M) | Time:60:58:31.48 | Mem:33.00M, Peak:33.00M | Scene | Updating Images | Loading r12_paving_nor_gl.001
Fra:1 Mem:1646.77M (Peak 2424.70M) | Time:60:58:31.48 | Mem:34.00M, Peak:34.00M | Scene | Updating Images | Loading r12_paving_rough.001
Fra:1 Mem:1647.77M (Peak 2424.70M) | Time:60:58:31.48 | Mem:36.00M, Peak:36.00M | Scene | Updating Images | Loading r12_gardenstone_diff
Fra:1 Mem:1648.77M (Peak 2424.70M) | Time:60:58:31.48 | Mem:36.00M, Peak:36.00M | Scene | Updating Images | Loading r12_gardenstone_nor_gl
Fra:1 Mem:1649.77M (Peak 2424.70M) | Time:60:58:31.48 | Mem:37.00M, Peak:37.00M | Scene | Updating Images | Loading r12_gardenstone_rough
Fra:1 Mem:1650.77M (Peak 2424.70M) | Time:60:58:31.48 | Mem:38.00M, Peak:38.00M | Scene | Updating Images | Loading worn_mossy_plasterwall.jpg
Fra:1 Mem:1654.77M (Peak 2424.70M) | Time:60:58:31.48 | Mem:39.00M, Peak:39.00M | Scene | Updating Images | Loading r12_bankstone_diff.001
Fra:1 Mem:1655.77M (Peak 2424.70M) | Time:60:58:31.48 | Mem:44.00M, Peak:44.00M | Scene | Updating Images | Loading r12_bankstone_nor_gl.001
Fra:1 Mem:1655.77M (Peak 2424.70M) | Time:60:58:31.48 | Mem:44.00M, Peak:44.00M | Scene | Updating Images | Loading r12_bankstone_rough.001
Fra:1 Mem:1657.77M (Peak 2424.70M) | Time:60:58:31.48 | Mem:45.00M, Peak:45.00M | Scene | Updating Images | Loading r12_courtbase_diff.001
Fra:1 Mem:1658.77M (Peak 2424.70M) | Time:60:58:31.48 | Mem:46.00M, Peak:46.00M | Scene | Updating Images | Loading r12_courtbase_nor_gl.001
Fra:1 Mem:1659.77M (Peak 2424.70M) | Time:60:58:31.49 | Mem:47.00M, Peak:47.00M | Scene | Updating Images | Loading r12_courtbase_rough.001
Fra:1 Mem:1660.77M (Peak 2424.70M) | Time:60:58:31.49 | Mem:48.00M, Peak:48.00M | Scene | Updating Images | Loading island_tree_01_diff
Fra:1 Mem:1664.77M (Peak 2424.70M) | Time:60:58:31.49 | Mem:52.00M, Peak:52.00M | Scene | Updating Images | Loading island_tree_01_rough
Fra:1 Mem:1669.78M (Peak 2424.70M) | Time:60:58:31.49 | Mem:53.00M, Peak:53.00M | Scene | Updating Images | Loading island_tree_01_nor_gl
Fra:1 Mem:1673.78M (Peak 2424.70M) | Time:60:58:31.49 | Mem:54.00M, Peak:54.00M | Scene | Updating Images | Loading island_tree_01_leaves_diff-island_tree_01_leaves_alpha
Fra:1 Mem:1673.78M (Peak 2424.70M) | Time:60:58:31.49 | Mem:55.00M, Peak:55.00M | Scene | Updating Images | Loading island_tree_01_leaves_rough
Fra:1 Mem:1680.77M (Peak 2424.70M) | Time:60:58:31.49 | Mem:56.00M, Peak:56.00M | Scene | Updating Images | Loading island_tree_01_leaves_rgba.png.005
Fra:1 Mem:1680.77M (Peak 2424.70M) | Time:60:58:31.49 | Mem:60.00M, Peak:60.00M | Scene | Updating Images | Loading island_tree_01_leaves_nor_gl
Fra:1 Mem:1685.02M (Peak 2424.70M) | Time:60:58:31.49 | Mem:64.00M, Peak:64.00M | Scene | Updating Images | Loading island_tree_01_branches_diff
Fra:1 Mem:1689.02M (Peak 2424.70M) | Time:60:58:31.49 | Mem:68.00M, Peak:68.00M | Scene | Updating Images | Loading island_tree_01_branches_rough
Fra:1 Mem:1693.02M (Peak 2424.70M) | Time:60:58:31.49 | Mem:72.00M, Peak:72.00M | Scene | Updating Images | Loading island_tree_01_branches_nor_gl
Fra:1 Mem:1697.02M (Peak 2424.70M) | Time:60:58:31.49 | Mem:76.00M, Peak:76.00M | Scene | Updating Images | Loading island_tree_01_leaves_diff_1k.png.001
Fra:1 Mem:1697.02M (Peak 2424.70M) | Time:60:58:31.49 | Mem:80.00M, Peak:80.00M | Scene | Updating Images | Loading island_tree_01_leaves_alpha_1k.png.001
Fra:1 Mem:1697.02M (Peak 2424.70M) | Time:60:58:31.49 | Mem:84.00M, Peak:84.00M | Scene | Updating Images | Loading island_tree_02_diff
Fra:1 Mem:1701.02M (Peak 2424.70M) | Time:60:58:31.49 | Mem:84.25M, Peak:84.25M | Scene | Updating Images | Loading pine_sapling_small_twig_rgba.png.002
Fra:1 Mem:1701.27M (Peak 2424.70M) | Time:60:58:31.49 | Mem:88.25M, Peak:88.25M | Scene | Updating Images | Loading island_tree_02_rough
Fra:1 Mem:1705.27M (Peak 2424.70M) | Time:60:58:31.49 | Mem:92.25M, Peak:92.25M | Scene | Updating Images | Loading island_tree_02_nor_gl
Fra:1 Mem:1709.27M (Peak 2424.70M) | Time:60:58:31.49 | Mem:96.25M, Peak:96.25M | Scene | Updating Images | Loading island_tree_02_leaves_diff-island_tree_02_leaves_alpha
Fra:1 Mem:1725.27M (Peak 2424.70M) | Time:60:58:31.49 | Mem:96.50M, Peak:96.50M | Scene | Updating Images | Loading island_tree_02_leaves_rgba.png.002
Fra:1 Mem:1725.27M (Peak 2424.70M) | Time:60:58:31.49 | Mem:100.50M, Peak:100.50M | Scene | Updating Images | Loading island_tree_02_leaves_rough
Fra:1 Mem:1729.52M (Peak 2424.70M) | Time:60:58:31.49 | Mem:104.50M, Peak:104.50M | Scene | Updating Images | Loading island_tree_02_leaves_nor_gl
Fra:1 Mem:1734.53M (Peak 2424.70M) | Time:60:58:31.50 | Mem:104.75M, Peak:104.75M | Scene | Updating Images | Loading island_tree_01_leaves_rgba.png.004
Fra:1 Mem:1733.53M (Peak 2424.70M) | Time:60:58:31.50 | Mem:108.75M, Peak:108.75M | Scene | Updating Images | Loading island_tree_02_leaves_diff_1k.png.001
Fra:1 Mem:1733.77M (Peak 2424.70M) | Time:60:58:31.50 | Mem:109.75M, Peak:109.75M | Scene | Updating Images | Loading island_tree_02_leaves_alpha_1k.png.001
Fra:1 Mem:1737.78M (Peak 2424.70M) | Time:60:58:31.50 | Mem:113.75M, Peak:113.75M | Scene | Updating Images | Loading island_tree_02_branches_diff
Fra:1 Mem:1741.78M (Peak 2424.70M) | Time:60:58:31.50 | Mem:114.00M, Peak:114.00M | Scene | Updating Images | Loading fern_02_rgba.png.001
Fra:1 Mem:1737.77M (Peak 2424.70M) | Time:60:58:31.50 | Mem:118.00M, Peak:118.00M | Scene | Updating Images | Loading island_tree_02_branches_rough
Fra:1 Mem:1742.77M (Peak 2424.70M) | Time:60:58:31.50 | Mem:119.00M, Peak:119.00M | Scene | Updating Images | Loading island_tree_02_branches_nor_gl
Fra:1 Mem:1746.77M (Peak 2424.70M) | Time:60:58:31.50 | Mem:123.00M, Peak:123.00M | Scene | Updating Images | Loading pine_sapling_small_bark_diff
Fra:1 Mem:1751.77M (Peak 2424.70M) | Time:60:58:31.50 | Mem:127.00M, Peak:127.00M | Scene | Updating Images | Loading pine_sapling_small_bark_rough
Fra:1 Mem:1756.77M (Peak 2424.70M) | Time:60:58:31.50 | Mem:131.00M, Peak:131.00M | Scene | Updating Images | Loading pine_sapling_small_bark_nor_gl
Fra:1 Mem:1760.77M (Peak 2424.70M) | Time:60:58:31.50 | Mem:144.00M, Peak:144.00M | Scene | Updating Images | Loading pine_sapling_small_twig_diff
Fra:1 Mem:1768.78M (Peak 2424.70M) | Time:60:58:31.50 | Mem:144.00M, Peak:144.00M | Scene | Updating Images | Loading pine_sapling_small_twig_rough
Fra:1 Mem:1772.78M (Peak 2424.70M) | Time:60:58:31.50 | Mem:144.00M, Peak:144.00M | Scene | Updating Images | Loading pine_sapling_small_twig_nor_gl
Fra:1 Mem:1777.79M (Peak 2424.70M) | Time:60:58:31.50 | Mem:144.00M, Peak:144.00M | Scene | Updating Images | Loading pine_sapling_small_twig_diff_1k.png.001
Fra:1 Mem:1777.79M (Peak 2424.70M) | Time:60:58:31.50 | Mem:144.00M, Peak:144.00M | Scene | Updating Images | Loading pine_sapling_small_twig_alpha_1k.png.001
Fra:1 Mem:1773.78M (Peak 2424.70M) | Time:60:58:31.50 | Mem:148.00M, Peak:148.00M | Scene | Updating Images | Loading island_tree_01_leaves_diff_1k.png.002
Fra:1 Mem:1772.77M (Peak 2424.70M) | Time:60:58:31.50 | Mem:149.00M, Peak:149.00M | Scene | Updating Images | Loading island_tree_01_leaves_rgba.png.003
Fra:1 Mem:1772.78M (Peak 2424.70M) | Time:60:58:31.50 | Mem:157.00M, Peak:157.00M | Scene | Updating Images | Loading island_tree_01_leaves_alpha_1k.png.002
Fra:1 Mem:1772.77M (Peak 2424.70M) | Time:60:58:31.50 | Mem:158.00M, Peak:158.00M | Scene | Updating Images | Loading island_tree_02_leaves_diff_1k.png.002
Fra:1 Mem:1773.02M (Peak 2424.70M) | Time:60:58:31.51 | Mem:158.25M, Peak:158.25M | Scene | Updating Images | Loading pine_sapling_small_twig_rgba.png.001
Fra:1 Mem:1765.27M (Peak 2424.70M) | Time:60:58:31.51 | Mem:158.50M, Peak:158.50M | Scene | Updating Images | Loading island_tree_02_leaves_rgba.png.001
Fra:1 Mem:1772.55M (Peak 2424.70M) | Time:60:58:31.51 | Mem:158.75M, Peak:158.75M | Scene | Updating Images | Loading island_tree_01_leaves_rgba.png.002
Fra:1 Mem:1774.53M (Peak 2424.70M) | Time:60:58:31.51 | Mem:160.75M, Peak:160.75M | Scene | Updating Images | Loading island_tree_02_leaves_alpha_1k.png.002
Fra:1 Mem:1774.53M (Peak 2424.70M) | Time:60:58:31.51 | Mem:161.75M, Peak:161.75M | Scene | Updating Images | Loading pine_sapling_small_twig_diff_1k.png.002
Fra:1 Mem:1774.78M (Peak 2424.70M) | Time:60:58:31.51 | Mem:161.75M, Peak:161.75M | Scene | Updating Images | Loading pine_sapling_small_twig_alpha_1k.png.002
Fra:1 Mem:1774.78M (Peak 2424.70M) | Time:60:58:31.51 | Mem:161.75M, Peak:161.75M | Scene | Updating Images | Loading island_tree_01_leaves_diff_1k.png.003
Fra:1 Mem:1774.78M (Peak 2424.70M) | Time:60:58:31.51 | Mem:162.75M, Peak:162.75M | Scene | Updating Images | Loading island_tree_01_leaves_alpha_1k.png.003
Fra:1 Mem:1774.78M (Peak 2424.70M) | Time:60:58:31.51 | Mem:163.00M, Peak:163.00M | Scene | Updating Images | Loading fern_02_rgba.png
Fra:1 Mem:1776.78M (Peak 2424.70M) | Time:60:58:31.52 | Mem:167.00M, Peak:167.00M | Scene | Updating Images | Loading island_tree_02_leaves_diff_1k.png.003
Fra:1 Mem:1775.78M (Peak 2424.70M) | Time:60:58:31.52 | Mem:168.00M, Peak:168.00M | Scene | Updating Images | Loading island_tree_01_leaves_rgba.png.001
Fra:1 Mem:1776.03M (Peak 2424.70M) | Time:60:58:31.52 | Mem:176.00M, Peak:176.00M | Scene | Updating Images | Loading island_tree_02_leaves_alpha_1k.png.003
Fra:1 Mem:1778.04M (Peak 2424.70M) | Time:60:58:31.52 | Mem:178.00M, Peak:178.00M | Scene | Updating Images | Loading pine_sapling_small_twig_diff_1k.png.003
Fra:1 Mem:1777.03M (Peak 2424.70M) | Time:60:58:31.52 | Mem:179.00M, Peak:179.00M | Scene | Updating Images | Loading pine_sapling_small_twig_alpha_1k.png.003
Fra:1 Mem:1777.03M (Peak 2424.70M) | Time:60:58:31.52 | Mem:180.25M, Peak:180.25M | Scene | Updating Images | Loading pine_sapling_small_twig_rgba.png
Fra:1 Mem:1776.02M (Peak 2424.70M) | Time:60:58:31.52 | Mem:180.25M, Peak:180.25M | Scene | Updating Images | Loading island_tree_01_leaves_diff_1k.png.004
Fra:1 Mem:1776.02M (Peak 2424.70M) | Time:60:58:31.52 | Mem:180.25M, Peak:180.25M | Scene | Updating Images | Loading island_tree_01_leaves_alpha_1k.png.004
Fra:1 Mem:1776.02M (Peak 2424.70M) | Time:60:58:31.52 | Mem:182.25M, Peak:182.25M | Scene | Updating Images | Loading island_tree_02_leaves_diff_1k.png.004
Fra:1 Mem:1776.02M (Peak 2424.70M) | Time:60:58:31.52 | Mem:182.25M, Peak:182.25M | Scene | Updating Images | Loading island_tree_02_leaves_alpha_1k.png.004
Fra:1 Mem:1776.27M (Peak 2424.70M) | Time:60:58:31.52 | Mem:182.50M, Peak:182.50M | Scene | Updating Images | Loading island_tree_02_leaves_rgba.png
Fra:1 Mem:1777.52M (Peak 2424.70M) | Time:60:58:31.53 | Mem:182.75M, Peak:182.75M | Scene | Updating Images | Loading island_tree_01_leaves_rgba.png
Fra:1 Mem:1783.78M (Peak 2424.70M) | Time:60:58:31.53 | Mem:183.75M, Peak:183.75M | Scene | Updating Images | Loading pine_sapling_small_twig_diff_1k.png.004
Fra:1 Mem:1784.80M (Peak 2424.70M) | Time:60:58:31.53 | Mem:184.00M, Peak:184.00M | Scene | Updating Images | Loading fern_02_alpha_1k.png.001
Fra:1 Mem:1785.80M (Peak 2424.70M) | Time:60:58:31.53 | Mem:185.00M, Peak:185.00M | Scene | Updating Images | Loading pine_sapling_small_twig_alpha_1k.png.004
Fra:1 Mem:1786.80M (Peak 2424.70M) | Time:60:58:31.53 | Mem:186.00M, Peak:186.00M | Scene | Updating Images | Loading island_tree_01_leaves_diff_1k.png.005
Fra:1 Mem:1784.78M (Peak 2424.70M) | Time:60:58:31.53 | Mem:188.00M, Peak:188.00M | Scene | Updating Images | Loading island_tree_01_leaves_alpha_1k.png.005
Fra:1 Mem:1785.78M (Peak 2424.70M) | Time:60:58:31.53 | Mem:188.00M, Peak:188.00M | Scene | Updating Images | Loading island_tree_02_leaves_diff_1k.png.005
Fra:1 Mem:1784.77M (Peak 2424.70M) | Time:60:58:31.53 | Mem:189.00M, Peak:189.00M | Scene | Updating Images | Loading island_tree_02_leaves_alpha_1k.png.005
Fra:1 Mem:1800.77M (Peak 2424.70M) | Time:60:58:31.53 | Mem:191.00M, Peak:191.00M | Scene | Updating Images | Loading pine_sapling_small_twig_diff_1k.png.005
Fra:1 Mem:1800.77M (Peak 2424.70M) | Time:60:58:31.53 | Mem:191.00M, Peak:191.00M | Scene | Updating Images | Loading pine_sapling_small_twig_alpha_1k.png.005
Fra:1 Mem:1802.77M (Peak 2424.70M) | Time:60:58:31.53 | Mem:192.00M, Peak:192.00M | Scene | Updating Images | Loading island_tree_01_leaves_diff_1k.png.006
Fra:1 Mem:1808.78M (Peak 2424.70M) | Time:60:58:31.54 | Mem:193.00M, Peak:193.00M | Scene | Updating Images | Loading island_tree_01_leaves_alpha_1k.png.006
Fra:1 Mem:1808.78M (Peak 2424.70M) | Time:60:58:31.54 | Mem:194.00M, Peak:194.00M | Scene | Updating Images | Loading island_tree_02_leaves_diff_1k.png.006
Fra:1 Mem:1810.78M (Peak 2424.70M) | Time:60:58:31.54 | Mem:196.00M, Peak:196.00M | Scene | Updating Images | Loading island_tree_02_leaves_alpha_1k.png.006
Fra:1 Mem:1810.78M (Peak 2424.70M) | Time:60:58:31.54 | Mem:196.00M, Peak:196.00M | Scene | Updating Images | Loading island_tree_01_leaves_diff_1k.png.007
Fra:1 Mem:1810.78M (Peak 2424.70M) | Time:60:58:31.54 | Mem:196.00M, Peak:196.00M | Scene | Updating Images | Loading island_tree_01_leaves_alpha_1k.png.007
Fra:1 Mem:1810.78M (Peak 2424.70M) | Time:60:58:31.54 | Mem:197.00M, Peak:197.00M | Scene | Updating Images | Loading island_tree_02_leaves_diff_1k.png.007
Fra:1 Mem:1810.78M (Peak 2424.70M) | Time:60:58:31.54 | Mem:198.00M, Peak:198.00M | Scene | Updating Images | Loading island_tree_02_leaves_alpha_1k.png.007
Fra:1 Mem:1834.80M (Peak 2424.70M) | Time:60:58:31.55 | Mem:199.00M, Peak:199.00M | Scene | Updating Images | Loading pine_sapling_small_twig_diff_1k.png.007
Fra:1 Mem:1834.80M (Peak 2424.70M) | Time:60:58:31.55 | Mem:203.00M, Peak:203.00M | Scene | Updating Images | Loading pine_sapling_small_twig_alpha_1k.png.007
Fra:1 Mem:1834.80M (Peak 2424.70M) | Time:60:58:31.55 | Mem:203.00M, Peak:203.00M | Scene | Updating Images | Loading island_tree_01_leaves_diff_1k.png.008
Fra:1 Mem:1834.80M (Peak 2424.70M) | Time:60:58:31.55 | Mem:204.00M, Peak:204.00M | Scene | Updating Images | Loading island_tree_02_leaves_diff_1k.png.008
Fra:1 Mem:1833.79M (Peak 2424.70M) | Time:60:58:31.55 | Mem:204.00M, Peak:204.00M | Scene | Updating Images | Loading island_tree_02_leaves_alpha_1k.png.008
Fra:1 Mem:1833.78M (Peak 2424.70M) | Time:60:58:31.55 | Mem:206.00M, Peak:206.00M | Scene | Updating Images | Loading pine_sapling_small_twig_diff_1k.png.008
Fra:1 Mem:1818.77M (Peak 2424.70M) | Time:60:58:31.55 | Mem:207.00M, Peak:207.00M | Scene | Updating Images | Loading pine_sapling_small_twig_alpha_1k.png.008
Fra:1 Mem:1826.79M (Peak 2424.70M) | Time:60:58:31.56 | Mem:210.00M, Peak:210.00M | Scene | Updating Images | Loading fern_02_diff_1k.png.002
Fra:1 Mem:1825.78M (Peak 2424.70M) | Time:60:58:31.56 | Mem:226.00M, Peak:226.00M | Scene | Updating Images | Loading fern_02_alpha_1k.png
Fra:1 Mem:1826.79M (Peak 2424.70M) | Time:60:58:31.56 | Mem:226.00M, Peak:226.00M | Scene | Updating Images | Loading fern_02_rough
Fra:1 Mem:1825.78M (Peak 2424.70M) | Time:60:58:31.56 | Mem:228.00M, Peak:228.00M | Scene | Updating Images | Loading fern_02_nor_gl
Fra:1 Mem:1833.78M (Peak 2424.70M) | Time:60:58:31.56 | Mem:228.00M, Peak:228.00M | Scene | Updating Images | Loading island_tree_01_leaves_diff_1k.png.009
Fra:1 Mem:1834.79M (Peak 2424.70M) | Time:60:58:31.56 | Mem:229.00M, Peak:229.00M | Scene | Updating Images | Loading island_tree_01_leaves_alpha_1k.png.009
Fra:1 Mem:1833.78M (Peak 2424.70M) | Time:60:58:31.56 | Mem:229.00M, Peak:229.00M | Scene | Updating Images | Loading island_tree_02_leaves_diff_1k.png.009
Fra:1 Mem:1849.78M (Peak 2424.70M) | Time:60:58:31.56 | Mem:230.00M, Peak:230.00M | Scene | Updating Images | Loading island_tree_02_leaves_alpha_1k.png.009
Fra:1 Mem:1857.78M (Peak 2424.70M) | Time:60:58:31.56 | Mem:231.00M, Peak:231.00M | Scene | Updating Images | Loading pine_sapling_small_twig_diff_1k.png.009
Fra:1 Mem:1857.78M (Peak 2424.70M) | Time:60:58:31.56 | Mem:232.00M, Peak:232.00M | Scene | Updating Images | Loading pine_sapling_small_twig_alpha_1k.png.009
Fra:1 Mem:1857.78M (Peak 2424.70M) | Time:60:58:31.56 | Mem:234.00M, Peak:234.00M | Scene | Updating Images | Loading fern_02_diff_1k.png.003
Fra:1 Mem:1864.79M (Peak 2424.70M) | Time:60:58:31.57 | Mem:241.00M, Peak:241.00M | Scene | Updating Images | Loading island_tree_01_leaves_diff_1k.png.010
Fra:1 Mem:1863.77M (Peak 2424.70M) | Time:60:58:31.57 | Mem:242.00M, Peak:242.00M | Scene | Updating Images | Loading island_tree_01_leaves_alpha_1k.png.010
Fra:1 Mem:1864.78M (Peak 2424.70M) | Time:60:58:31.57 | Mem:243.00M, Peak:243.00M | Scene | Updating Images | Loading island_tree_02_leaves_diff_1k.png.010
Fra:1 Mem:1864.78M (Peak 2424.70M) | Time:60:58:31.57 | Mem:243.00M, Peak:243.00M | Scene | Updating Images | Loading island_tree_02_leaves_alpha_1k.png.010
Fra:1 Mem:1864.78M (Peak 2424.70M) | Time:60:58:31.57 | Mem:243.00M, Peak:243.00M | Scene | Updating Images | Loading pine_sapling_small_twig_diff_1k.png.010
Fra:1 Mem:1864.77M (Peak 2424.70M) | Time:60:58:31.57 | Mem:247.00M, Peak:247.00M | Scene | Updating Images | Loading pine_sapling_small_twig_alpha_1k.png.010
Fra:1 Mem:1880.78M (Peak 2424.70M) | Time:60:58:31.57 | Mem:248.00M, Peak:248.00M | Scene | Updating Images | Loading fern_02_diff_1k.png.004
Fra:1 Mem:1893.80M (Peak 2424.70M) | Time:60:58:31.57 | Mem:250.00M, Peak:250.00M | Scene | Updating Images | Loading island_tree_01_leaves_diff_1k.png.011
Fra:1 Mem:1893.80M (Peak 2424.70M) | Time:60:58:31.57 | Mem:250.00M, Peak:250.00M | Scene | Updating Images | Loading island_tree_01_leaves_alpha_1k.png.011
Fra:1 Mem:1893.80M (Peak 2424.70M) | Time:60:58:31.57 | Mem:251.00M, Peak:251.00M | Scene | Updating Images | Loading island_tree_02_leaves_diff_1k.png.011
Fra:1 Mem:1893.80M (Peak 2424.70M) | Time:60:58:31.57 | Mem:251.00M, Peak:251.00M | Scene | Updating Images | Loading island_tree_02_leaves_alpha_1k.png.011
Fra:1 Mem:1889.78M (Peak 2424.70M) | Time:60:58:31.57 | Mem:252.00M, Peak:252.00M | Scene | Updating Images | Loading pine_sapling_small_twig_diff_1k.png.011
Fra:1 Mem:1889.78M (Peak 2424.70M) | Time:60:58:31.57 | Mem:256.00M, Peak:256.00M | Scene | Updating Images | Loading pine_sapling_small_twig_alpha_1k.png.011
Fra:1 Mem:1879.78M (Peak 2424.70M) | Time:60:58:31.58 | Mem:257.00M, Peak:257.00M | Scene | Updating Images | Loading island_tree_01_leaves_diff_1k.png.012
Fra:1 Mem:1880.78M (Peak 2424.70M) | Time:60:58:31.58 | Mem:260.00M, Peak:260.00M | Scene | Updating Images | Loading island_tree_01_leaves_alpha_1k.png.012
Fra:1 Mem:1880.78M (Peak 2424.70M) | Time:60:58:31.58 | Mem:260.00M, Peak:260.00M | Scene | Updating Images | Loading fern_02_diff_1k.png.005
DETAIL CONTACT daguanlou paper 340 0.32
Fra:1 Mem:1507.03M (Peak 2424.70M) | Time:60:58:32.93 | Mem:0.00M, Peak:0.00M | Scene | Synchronizing object | daguanlou_stone
Fra:1 Mem:1507.03M (Peak 2424.70M) | Time:60:58:32.93 | Mem:0.00M, Peak:0.00M | Scene | Synchronizing object | daguanlou_cutstone
Fra:1 Mem:1507.22M (Peak 2424.70M) | Time:60:58:32.93 | Mem:0.00M, Peak:0.00M | Scene | Synchronizing object | daguanlou_wood
Fra:1 Mem:1508.43M (Peak 2424.70M) | Time:60:58:32.93 | Mem:0.00M, Peak:0.00M | Scene | Synchronizing object | daguanlou_latticewood.001
Fra:1 Mem:1509.91M (Peak 2424.70M) | Time:60:58:32.93 | Mem:0.00M, Peak:0.00M | Scene | Synchronizing object | daguanlou_limestone.001
Fra:1 Mem:1525.11M (Peak 2424.70M) | Time:60:58:32.93 | Mem:0.00M, Peak:0.00M | Scene | Synchronizing object | daguanlou_screen
Fra:1 Mem:1526.63M (Peak 2424.70M) | Time:60:58:32.93 | Mem:0.00M, Peak:0.00M | Scene | Synchronizing object | daguanlou_canopy_light
Fra:1 Mem:1526.91M (Peak 2424.70M) | Time:60:58:32.93 | Mem:0.00M, Peak:0.00M | Scene | Synchronizing object | daguanlou_roof
Fra:1 Mem:1527.11M (Peak 2424.70M) | Time:60:58:32.93 | Mem:0.00M, Peak:0.00M | Scene | Synchronizing object | daguanlou_tilelight
Fra:1 Mem:1528.44M (Peak 2424.70M) | Time:60:58:32.93 | Mem:0.00M, Peak:0.00M | Scene | Synchronizing object | daguanlou_tile
Fra:1 Mem:1528.57M (Peak 2424.70M) | Time:60:58:32.93 | Mem:0.00M, Peak:0.00M | Scene | Synchronizing object | daguanlou_tiledark
Fra:1 Mem:1528.63M (Peak 2424.70M) | Time:60:58:32.93 | Mem:0.00M, Peak:0.00M | Scene | Synchronizing object | daguanlou_canopy
Fra:1 Mem:1531.57M (Peak 2424.70M) | Time:60:58:32.93 | Mem:0.00M, Peak:0.00M | Scene | Synchronizing object | daguanlou_lantern
Fra:1 Mem:1549.06M (Peak 2424.70M) | Time:60:58:32.93 | Mem:0.00M, Peak:0.00M | Scene | Synchronizing object | daguanlou_gold
Fra:1 Mem:1549.06M (Peak 2424.70M) | Time:60:58:32.93 | Mem:0.00M, Peak:0.00M | Scene | Synchronizing object | daguanlou_canopy_shadow
Fra:1 Mem:1549.66M (Peak 2424.70M) | Time:60:58:32.93 | Mem:0.00M, Peak:0.00M | Scene | Synchronizing object | daguanlou_paving
Fra:1 Mem:1554.33M (Peak 2424.70M) | Time:60:58:32.93 | Mem:0.00M, Peak:0.00M | Scene | Synchronizing object | daguanlou_bark
Fra:1 Mem:1554.36M (Peak 2424.70M) | Time:60:58:32.93 | Mem:0.00M, Peak:0.00M | Scene | Synchronizing object | daguanlou_courtbase
Fra:1 Mem:1554.36M (Peak 2424.70M) | Time:60:58:32.93 | Mem:0.00M, Peak:0.00M | Scene | Synchronizing object | daguanlou_plaster
Fra:1 Mem:1554.39M (Peak 2424.70M) | Time:60:58:32.94 | Mem:0.00M, Peak:0.00M | Scene | Synchronizing object | daguanlou_paper
Fra:1 Mem:1554.45M (Peak 2424.70M) | Time:60:58:32.94 | Mem:0.00M, Peak:0.00M | Scene | Synchronizing object | daguanlou_bookcloth.001
Fra:1 Mem:1554.50M (Peak 2424.70M) | Time:60:58:32.94 | Mem:0.00M, Peak:0.00M | Scene | Synchronizing object | daguanlou_ivory.001
Fra:1 Mem:1554.52M (Peak 2424.70M) | Time:60:58:32.94 | Mem:0.00M, Peak:0.00M | Scene | Synchronizing object | daguanlou_ink.001
Fra:1 Mem:1554.53M (Peak 2424.70M) | Time:60:58:32.94 | Mem:0.00M, Peak:0.00M | Scene | Synchronizing object | daguanlou_bookcover.001
Fra:1 Mem:1555.37M (Peak 2424.70M) | Time:60:58:32.94 | Mem:0.00M, Peak:0.00M | Scene | Synchronizing object | daguanlou_ceramic
Fra:1 Mem:1555.36M (Peak 2424.70M) | Time:60:58:32.94 | Mem:0.00M, Peak:0.00M | Scene | Synchronizing object | daguanlou_bamboo.001
Fra:1 Mem:1592.75M (Peak 2424.70M) | Time:60:58:32.96 | Mem:0.00M, Peak:0.00M | Scene | Initializing
Fra:1 Mem:1592.75M (Peak 2424.70M) | Time:60:58:32.96 | Mem:0.00M, Peak:0.00M | Scene | Updating Images | Loading forest_grove.hdr
Fra:1 Mem:1592.75M (Peak 2424.70M) | Time:60:58:32.96 | Mem:0.00M, Peak:0.00M | Scene | Updating Images | Loading r12_stone_rough.001
Fra:1 Mem:1592.75M (Peak 2424.70M) | Time:60:58:32.96 | Mem:0.00M, Peak:0.00M | Scene | Updating Images | Loading r12_cutstone_diff.001
Fra:1 Mem:1593.75M (Peak 2424.70M) | Time:60:58:32.96 | Mem:0.00M, Peak:0.00M | Scene | Updating Images | Loading r12_cutstone_rough.001
Fra:1 Mem:1597.76M (Peak 2424.70M) | Time:60:58:32.96 | Mem:1.00M, Peak:1.00M | Scene | Updating Images | Loading r12_darkwood_diff.001
Fra:1 Mem:1600.76M (Peak 2424.70M) | Time:60:58:32.96 | Mem:2.00M, Peak:2.00M | Scene | Updating Images | Loading r12_darkwood_nor_gl.001
Fra:1 Mem:1601.76M (Peak 2424.70M) | Time:60:58:32.96 | Mem:3.00M, Peak:3.00M | Scene | Updating Images | Loading r12_darkwood_rough.001
Fra:1 Mem:1601.76M (Peak 2424.70M) | Time:60:58:32.96 | Mem:4.00M, Peak:4.00M | Scene | Updating Images | Loading r12_floorwood_diff.001
Fra:1 Mem:1603.76M (Peak 2424.70M) | Time:60:58:32.96 | Mem:5.00M, Peak:5.00M | Scene | Updating Images | Loading r12_floorwood_nor_gl.001
Fra:1 Mem:1604.76M (Peak 2424.70M) | Time:60:58:32.96 | Mem:6.00M, Peak:6.00M | Scene | Updating Images | Loading r12_floorwood_rough.001
Fra:1 Mem:1605.76M (Peak 2424.70M) | Time:60:58:32.96 | Mem:7.00M, Peak:7.00M | Scene | Updating Images | Loading r12_wood_diff.001
Fra:1 Mem:1606.76M (Peak 2424.70M) | Time:60:58:32.96 | Mem:9.00M, Peak:9.00M | Scene | Updating Images | Loading r12_wood_nor_gl.001
Fra:1 Mem:1606.76M (Peak 2424.70M) | Time:60:58:32.96 | Mem:10.00M, Peak:10.00M | Scene | Updating Images | Loading r12_wood_rough.001
Fra:1 Mem:1608.76M (Peak 2424.70M) | Time:60:58:32.96 | Mem:10.00M, Peak:10.00M | Scene | Updating Images | Loading r12_furniture_diff.001
Fra:1 Mem:1617.76M (Peak 2424.70M) | Time:60:58:32.96 | Mem:11.00M, Peak:11.00M | Scene | Updating Images | Loading r12_furniture_nor_gl.001
Fra:1 Mem:1618.78M (Peak 2424.70M) | Time:60:58:32.96 | Mem:13.00M, Peak:13.00M | Scene | Updating Images | Loading island_tree_01_leaves_rgba.png.007
Fra:1 Mem:1618.78M (Peak 2424.70M) | Time:60:58:32.96 | Mem:15.00M, Peak:15.00M | Scene | Updating Images | Loading r12_latticewood_nor_gl.001
Fra:1 Mem:1620.03M (Peak 2424.70M) | Time:60:58:32.96 | Mem:15.00M, Peak:15.00M | Scene | Updating Images | Loading r12_latticewood_diff.001
Fra:1 Mem:1622.03M (Peak 2424.70M) | Time:60:58:32.96 | Mem:16.00M, Peak:16.00M | Scene | Updating Images | Loading r12_latticewood_rough.001
Fra:1 Mem:1623.03M (Peak 2424.70M) | Time:60:58:32.96 | Mem:17.00M, Peak:17.00M | Scene | Updating Images | Loading r12_roof_diff.001
Fra:1 Mem:1624.03M (Peak 2424.70M) | Time:60:58:32.96 | Mem:18.00M, Peak:18.00M | Scene | Updating Images | Loading r12_roof_nor_gl.001
Fra:1 Mem:1624.03M (Peak 2424.70M) | Time:60:58:32.96 | Mem:18.25M, Peak:18.25M | Scene | Updating Images | Loading pine_sapling_small_twig_rgba.png.003
Fra:1 Mem:1625.28M (Peak 2424.70M) | Time:60:58:32.96 | Mem:19.25M, Peak:19.25M | Scene | Updating Images | Loading r12_roof_rough.001
Fra:1 Mem:1626.28M (Peak 2424.70M) | Time:60:58:32.96 | Mem:20.25M, Peak:20.25M | Scene | Updating Images | Loading r12_tilelight_diff.001
Fra:1 Mem:1627.28M (Peak 2424.70M) | Time:60:58:32.96 | Mem:21.25M, Peak:21.25M | Scene | Updating Images | Loading r12_tilelight_nor_gl.001
Fra:1 Mem:1628.28M (Peak 2424.70M) | Time:60:58:32.96 | Mem:21.50M, Peak:21.50M | Scene | Updating Images | Loading island_tree_02_leaves_rgba.png.003
Fra:1 Mem:1628.53M (Peak 2424.70M) | Time:60:58:32.96 | Mem:22.50M, Peak:22.50M | Scene | Updating Images | Loading r12_tilelight_rough.001
Fra:1 Mem:1629.53M (Peak 2424.70M) | Time:60:58:32.96 | Mem:23.50M, Peak:23.50M | Scene | Updating Images | Loading r12_tile_diff.001
Fra:1 Mem:1630.53M (Peak 2424.70M) | Time:60:58:32.96 | Mem:23.75M, Peak:23.75M | Scene | Updating Images | Loading island_tree_01_leaves_rgba.png.006
Fra:1 Mem:1630.78M (Peak 2424.70M) | Time:60:58:32.96 | Mem:25.75M, Peak:25.75M | Scene | Updating Images | Loading r12_tile_nor_gl.001
Fra:1 Mem:1631.78M (Peak 2424.70M) | Time:60:58:32.96 | Mem:25.75M, Peak:25.75M | Scene | Updating Images | Loading r12_tile_rough.001
Fra:1 Mem:1632.78M (Peak 2424.70M) | Time:60:58:32.96 | Mem:26.75M, Peak:26.75M | Scene | Updating Images | Loading r12_tiledark_diff.001
Fra:1 Mem:1633.78M (Peak 2424.70M) | Time:60:58:32.96 | Mem:27.75M, Peak:27.75M | Scene | Updating Images | Loading r12_tiledark_nor_gl.001
Fra:1 Mem:1634.78M (Peak 2424.70M) | Time:60:58:32.96 | Mem:28.75M, Peak:28.75M | Scene | Updating Images | Loading r12_tiledark_rough.001
Fra:1 Mem:1635.78M (Peak 2424.70M) | Time:60:58:32.96 | Mem:29.00M, Peak:29.00M | Scene | Updating Images | Loading fern_02_rgba.png.002
Fra:1 Mem:1635.78M (Peak 2424.70M) | Time:60:58:32.96 | Mem:30.00M, Peak:30.00M | Scene | Updating Images | Loading rock_moss_set_01_diff
Fra:1 Mem:1639.78M (Peak 2424.70M) | Time:60:58:32.96 | Mem:31.00M, Peak:31.00M | Scene | Updating Images | Loading rock_moss_set_01_nor_gl
Fra:1 Mem:1643.78M (Peak 2424.70M) | Time:60:58:32.96 | Mem:32.00M, Peak:32.00M | Scene | Updating Images | Loading r12_paving_diff.001
Fra:1 Mem:1644.78M (Peak 2424.70M) | Time:60:58:32.96 | Mem:33.00M, Peak:33.00M | Scene | Updating Images | Loading r12_paving_nor_gl.001
Fra:1 Mem:1646.78M (Peak 2424.70M) | Time:60:58:32.96 | Mem:34.00M, Peak:34.00M | Scene | Updating Images | Loading r12_paving_rough.001
Fra:1 Mem:1647.78M (Peak 2424.70M) | Time:60:58:32.96 | Mem:35.00M, Peak:35.00M | Scene | Updating Images | Loading r12_gardenstone_diff
Fra:1 Mem:1648.78M (Peak 2424.70M) | Time:60:58:32.96 | Mem:36.00M, Peak:36.00M | Scene | Updating Images | Loading r12_gardenstone_nor_gl
Fra:1 Mem:1649.78M (Peak 2424.70M) | Time:60:58:32.96 | Mem:37.00M, Peak:37.00M | Scene | Updating Images | Loading r12_gardenstone_rough
Fra:1 Mem:1650.78M (Peak 2424.70M) | Time:60:58:32.96 | Mem:38.00M, Peak:38.00M | Scene | Updating Images | Loading worn_mossy_plasterwall.jpg
Fra:1 Mem:1654.78M (Peak 2424.70M) | Time:60:58:32.96 | Mem:42.00M, Peak:42.00M | Scene | Updating Images | Loading r12_bankstone_diff.001
Fra:1 Mem:1655.78M (Peak 2424.70M) | Time:60:58:32.96 | Mem:47.00M, Peak:47.00M | Scene | Updating Images | Loading r12_bankstone_nor_gl.001
Fra:1 Mem:1655.78M (Peak 2424.70M) | Time:60:58:32.96 | Mem:47.00M, Peak:47.00M | Scene | Updating Images | Loading r12_bankstone_rough.001
Fra:1 Mem:1657.78M (Peak 2424.70M) | Time:60:58:32.96 | Mem:48.00M, Peak:48.00M | Scene | Updating Images | Loading r12_courtbase_diff.001
Fra:1 Mem:1658.78M (Peak 2424.70M) | Time:60:58:32.97 | Mem:50.00M, Peak:50.00M | Scene | Updating Images | Loading r12_courtbase_nor_gl.001
Fra:1 Mem:1658.78M (Peak 2424.70M) | Time:60:58:32.97 | Mem:50.00M, Peak:50.00M | Scene | Updating Images | Loading r12_courtbase_rough.001
Fra:1 Mem:1660.78M (Peak 2424.70M) | Time:60:58:32.97 | Mem:51.00M, Peak:51.00M | Scene | Updating Images | Loading island_tree_01_diff
Fra:1 Mem:1664.78M (Peak 2424.70M) | Time:60:58:32.97 | Mem:52.00M, Peak:52.00M | Scene | Updating Images | Loading island_tree_01_rough
Fra:1 Mem:1668.78M (Peak 2424.70M) | Time:60:58:32.97 | Mem:53.00M, Peak:53.00M | Scene | Updating Images | Loading island_tree_01_nor_gl
Fra:1 Mem:1672.78M (Peak 2424.70M) | Time:60:58:32.97 | Mem:54.00M, Peak:54.00M | Scene | Updating Images | Loading island_tree_01_leaves_diff-island_tree_01_leaves_alpha
Fra:1 Mem:1672.78M (Peak 2424.70M) | Time:60:58:32.97 | Mem:55.00M, Peak:55.00M | Scene | Updating Images | Loading island_tree_01_leaves_rough
Fra:1 Mem:1680.78M (Peak 2424.70M) | Time:60:58:32.97 | Mem:59.00M, Peak:59.00M | Scene | Updating Images | Loading island_tree_01_leaves_nor_gl
Fra:1 Mem:1684.78M (Peak 2424.70M) | Time:60:58:32.97 | Mem:63.00M, Peak:63.00M | Scene | Updating Images | Loading island_tree_01_branches_diff
Fra:1 Mem:1689.79M (Peak 2424.70M) | Time:60:58:32.97 | Mem:67.00M, Peak:67.00M | Scene | Updating Images | Loading island_tree_01_branches_rough
Fra:1 Mem:1693.79M (Peak 2424.70M) | Time:60:58:32.97 | Mem:71.00M, Peak:71.00M | Scene | Updating Images | Loading island_tree_01_branches_nor_gl
Fra:1 Mem:1696.78M (Peak 2424.70M) | Time:60:58:32.97 | Mem:72.00M, Peak:72.00M | Scene | Updating Images | Loading island_tree_01_leaves_rgba.png.005
Fra:1 Mem:1696.78M (Peak 2424.70M) | Time:60:58:32.97 | Mem:76.00M, Peak:76.00M | Scene | Updating Images | Loading island_tree_01_leaves_diff_1k.png.001
Fra:1 Mem:1696.78M (Peak 2424.70M) | Time:60:58:32.97 | Mem:80.00M, Peak:80.00M | Scene | Updating Images | Loading island_tree_01_leaves_alpha_1k.png.001
Fra:1 Mem:1696.78M (Peak 2424.70M) | Time:60:58:32.97 | Mem:84.00M, Peak:84.00M | Scene | Updating Images | Loading island_tree_02_diff
Fra:1 Mem:1701.03M (Peak 2424.70M) | Time:60:58:32.97 | Mem:88.00M, Peak:88.00M | Scene | Updating Images | Loading island_tree_02_rough
Fra:1 Mem:1705.03M (Peak 2424.70M) | Time:60:58:32.97 | Mem:92.00M, Peak:92.00M | Scene | Updating Images | Loading island_tree_02_nor_gl
Fra:1 Mem:1719.29M (Peak 2424.70M) | Time:60:58:32.97 | Mem:96.00M, Peak:96.00M | Scene | Updating Images | Loading island_tree_02_leaves_diff-island_tree_02_leaves_alpha
Fra:1 Mem:1719.29M (Peak 2424.70M) | Time:60:58:32.97 | Mem:100.00M, Peak:100.00M | Scene | Updating Images | Loading island_tree_02_leaves_rough
Fra:1 Mem:1723.29M (Peak 2424.70M) | Time:60:58:32.97 | Mem:104.00M, Peak:104.00M | Scene | Updating Images | Loading island_tree_02_leaves_nor_gl
Fra:1 Mem:1731.03M (Peak 2424.70M) | Time:60:58:32.97 | Mem:104.25M, Peak:104.25M | Scene | Updating Images | Loading pine_sapling_small_twig_rgba.png.002
Fra:1 Mem:1733.29M (Peak 2424.70M) | Time:60:58:32.97 | Mem:108.25M, Peak:108.25M | Scene | Updating Images | Loading island_tree_02_leaves_diff_1k.png.001
Fra:1 Mem:1733.29M (Peak 2424.70M) | Time:60:58:32.97 | Mem:112.25M, Peak:112.25M | Scene | Updating Images | Loading island_tree_02_leaves_alpha_1k.png.001
Fra:1 Mem:1737.29M (Peak 2424.70M) | Time:60:58:32.97 | Mem:113.25M, Peak:113.25M | Scene | Updating Images | Loading island_tree_02_branches_diff
Fra:1 Mem:1737.28M (Peak 2424.70M) | Time:60:58:32.98 | Mem:117.25M, Peak:117.25M | Scene | Updating Images | Loading island_tree_02_branches_rough
Fra:1 Mem:1741.28M (Peak 2424.70M) | Time:60:58:32.98 | Mem:117.50M, Peak:117.50M | Scene | Updating Images | Loading island_tree_02_leaves_rgba.png.002
Fra:1 Mem:1743.29M (Peak 2424.70M) | Time:60:58:32.98 | Mem:118.50M, Peak:118.50M | Scene | Updating Images | Loading island_tree_02_branches_nor_gl
Fra:1 Mem:1747.29M (Peak 2424.70M) | Time:60:58:32.98 | Mem:122.50M, Peak:122.50M | Scene | Updating Images | Loading pine_sapling_small_bark_diff
Fra:1 Mem:1751.54M (Peak 2424.70M) | Time:60:58:32.98 | Mem:126.50M, Peak:126.50M | Scene | Updating Images | Loading pine_sapling_small_bark_rough
Fra:1 Mem:1756.55M (Peak 2424.70M) | Time:60:58:32.98 | Mem:130.50M, Peak:130.50M | Scene | Updating Images | Loading pine_sapling_small_bark_nor_gl
Fra:1 Mem:1759.53M (Peak 2424.70M) | Time:60:58:32.98 | Mem:135.75M, Peak:135.75M | Scene | Updating Images | Loading island_tree_01_leaves_rgba.png.004
Fra:1 Mem:1759.78M (Peak 2424.70M) | Time:60:58:32.98 | Mem:143.75M, Peak:143.75M | Scene | Updating Images | Loading pine_sapling_small_twig_diff
Fra:1 Mem:1763.78M (Peak 2424.70M) | Time:60:58:32.98 | Mem:144.75M, Peak:144.75M | Scene | Updating Images | Loading pine_sapling_small_twig_rough
Fra:1 Mem:1767.78M (Peak 2424.70M) | Time:60:58:32.98 | Mem:144.75M, Peak:144.75M | Scene | Updating Images | Loading pine_sapling_small_twig_nor_gl
Fra:1 Mem:1771.78M (Peak 2424.70M) | Time:60:58:32.98 | Mem:145.00M, Peak:145.00M | Scene | Updating Images | Loading fern_02_rgba.png.001
Fra:1 Mem:1771.78M (Peak 2424.70M) | Time:60:58:32.98 | Mem:145.00M, Peak:145.00M | Scene | Updating Images | Loading pine_sapling_small_twig_diff_1k.png.001
Fra:1 Mem:1776.79M (Peak 2424.70M) | Time:60:58:32.98 | Mem:145.00M, Peak:145.00M | Scene | Updating Images | Loading pine_sapling_small_twig_alpha_1k.png.001
Fra:1 Mem:1776.79M (Peak 2424.70M) | Time:60:58:32.98 | Mem:145.00M, Peak:145.00M | Scene | Updating Images | Loading island_tree_01_leaves_diff_1k.png.002
Fra:1 Mem:1776.79M (Peak 2424.70M) | Time:60:58:32.98 | Mem:149.00M, Peak:149.00M | Scene | Updating Images | Loading island_tree_01_leaves_alpha_1k.png.002
Fra:1 Mem:1772.78M (Peak 2424.70M) | Time:60:58:32.98 | Mem:153.00M, Peak:153.00M | Scene | Updating Images | Loading island_tree_02_leaves_diff_1k.png.002
Fra:1 Mem:1772.78M (Peak 2424.70M) | Time:60:58:32.98 | Mem:157.00M, Peak:157.00M | Scene | Updating Images | Loading island_tree_02_leaves_alpha_1k.png.002
Fra:1 Mem:1773.78M (Peak 2424.70M) | Time:60:58:32.98 | Mem:158.00M, Peak:158.00M | Scene | Updating Images | Loading pine_sapling_small_twig_diff_1k.png.002
Fra:1 Mem:1773.78M (Peak 2424.70M) | Time:60:58:32.98 | Mem:159.00M, Peak:159.00M | Scene | Updating Images | Loading island_tree_01_leaves_rgba.png.003
Fra:1 Mem:1780.30M (Peak 2424.70M) | Time:60:58:32.99 | Mem:161.00M, Peak:161.00M | Scene | Updating Images | Loading pine_sapling_small_twig_alpha_1k.png.002
Fra:1 Mem:1780.04M (Peak 2424.70M) | Time:60:58:32.99 | Mem:162.25M, Peak:162.25M | Scene | Updating Images | Loading pine_sapling_small_twig_rgba.png.001
Fra:1 Mem:1780.29M (Peak 2424.70M) | Time:60:58:32.99 | Mem:162.25M, Peak:162.25M | Scene | Updating Images | Loading island_tree_01_leaves_diff_1k.png.003
Fra:1 Mem:1780.28M (Peak 2424.70M) | Time:60:58:32.99 | Mem:164.25M, Peak:164.25M | Scene | Updating Images | Loading island_tree_01_leaves_alpha_1k.png.003
Fra:1 Mem:1780.28M (Peak 2424.70M) | Time:60:58:32.99 | Mem:164.25M, Peak:164.25M | Scene | Updating Images | Loading island_tree_02_leaves_diff_1k.png.003
Fra:1 Mem:1781.29M (Peak 2424.70M) | Time:60:58:32.99 | Mem:164.25M, Peak:164.25M | Scene | Updating Images | Loading island_tree_02_leaves_alpha_1k.png.003
Fra:1 Mem:1782.29M (Peak 2424.70M) | Time:60:58:32.99 | Mem:164.50M, Peak:164.50M | Scene | Updating Images | Loading island_tree_02_leaves_rgba.png.001
Fra:1 Mem:1781.28M (Peak 2424.70M) | Time:60:58:32.99 | Mem:165.50M, Peak:165.50M | Scene | Updating Images | Loading pine_sapling_small_twig_diff_1k.png.003
Fra:1 Mem:1774.54M (Peak 2424.70M) | Time:60:58:32.99 | Mem:169.50M, Peak:169.50M | Scene | Updating Images | Loading pine_sapling_small_twig_alpha_1k.png.003
Fra:1 Mem:1774.53M (Peak 2424.70M) | Time:60:58:32.99 | Mem:169.75M, Peak:169.75M | Scene | Updating Images | Loading island_tree_01_leaves_rgba.png.002
Fra:1 Mem:1780.80M (Peak 2424.70M) | Time:60:58:32.99 | Mem:170.75M, Peak:170.75M | Scene | Updating Images | Loading island_tree_01_leaves_diff_1k.png.004
Fra:1 Mem:1780.05M (Peak 2424.70M) | Time:60:58:32.99 | Mem:171.75M, Peak:171.75M | Scene | Updating Images | Loading island_tree_01_leaves_alpha_1k.png.004
Fra:1 Mem:1779.79M (Peak 2424.70M) | Time:60:58:32.99 | Mem:172.00M, Peak:172.00M | Scene | Updating Images | Loading fern_02_rgba.png
Fra:1 Mem:1779.79M (Peak 2424.70M) | Time:60:58:32.99 | Mem:173.00M, Peak:173.00M | Scene | Updating Images | Loading island_tree_02_leaves_diff_1k.png.004
Fra:1 Mem:1781.79M (Peak 2424.70M) | Time:60:58:32.99 | Mem:175.00M, Peak:175.00M | Scene | Updating Images | Loading island_tree_02_leaves_alpha_1k.png.004
Fra:1 Mem:1780.78M (Peak 2424.70M) | Time:60:58:32.99 | Mem:175.00M, Peak:175.00M | Scene | Updating Images | Loading pine_sapling_small_twig_diff_1k.png.004
Fra:1 Mem:1780.78M (Peak 2424.70M) | Time:60:58:32.99 | Mem:176.00M, Peak:176.00M | Scene | Updating Images | Loading pine_sapling_small_twig_alpha_1k.png.004
Fra:1 Mem:1792.80M (Peak 2424.70M) | Time:60:58:33.00 | Mem:177.00M, Peak:177.00M | Scene | Updating Images | Loading island_tree_01_leaves_rgba.png.001
Fra:1 Mem:1793.05M (Peak 2424.70M) | Time:60:58:33.00 | Mem:178.00M, Peak:178.00M | Scene | Updating Images | Loading island_tree_01_leaves_diff_1k.png.005
Fra:1 Mem:1793.05M (Peak 2424.70M) | Time:60:58:33.00 | Mem:178.00M, Peak:178.00M | Scene | Updating Images | Loading island_tree_01_leaves_alpha_1k.png.005
Fra:1 Mem:1785.04M (Peak 2424.70M) | Time:60:58:33.00 | Mem:179.00M, Peak:179.00M | Scene | Updating Images | Loading island_tree_02_leaves_diff_1k.png.005
Fra:1 Mem:1787.05M (Peak 2424.70M) | Time:60:58:33.00 | Mem:180.25M, Peak:180.25M | Scene | Updating Images | Loading pine_sapling_small_twig_rgba.png
Fra:1 Mem:1786.04M (Peak 2424.70M) | Time:60:58:33.00 | Mem:181.25M, Peak:181.25M | Scene | Updating Images | Loading island_tree_02_leaves_alpha_1k.png.005
Fra:1 Mem:1787.29M (Peak 2424.70M) | Time:60:58:33.00 | Mem:182.25M, Peak:182.25M | Scene | Updating Images | Loading pine_sapling_small_twig_diff_1k.png.005
Fra:1 Mem:1786.28M (Peak 2424.70M) | Time:60:58:33.00 | Mem:183.25M, Peak:183.25M | Scene | Updating Images | Loading pine_sapling_small_twig_alpha_1k.png.005
Fra:1 Mem:1786.28M (Peak 2424.70M) | Time:60:58:33.00 | Mem:191.25M, Peak:191.25M | Scene | Updating Images | Loading island_tree_01_leaves_diff_1k.png.006
Fra:1 Mem:1787.28M (Peak 2424.70M) | Time:60:58:33.00 | Mem:192.25M, Peak:192.25M | Scene | Updating Images | Loading island_tree_01_leaves_alpha_1k.png.006
Fra:1 Mem:1787.28M (Peak 2424.70M) | Time:60:58:33.00 | Mem:192.50M, Peak:192.50M | Scene | Updating Images | Loading island_tree_02_leaves_rgba.png
Fra:1 Mem:1787.53M (Peak 2424.70M) | Time:60:58:33.00 | Mem:194.50M, Peak:194.50M | Scene | Updating Images | Loading island_tree_02_leaves_diff_1k.png.006
Fra:1 Mem:1788.53M (Peak 2424.70M) | Time:60:58:33.00 | Mem:194.75M, Peak:194.75M | Scene | Updating Images | Loading island_tree_01_leaves_rgba.png
Fra:1 Mem:1794.05M (Peak 2424.70M) | Time:60:58:33.01 | Mem:195.75M, Peak:195.75M | Scene | Updating Images | Loading island_tree_02_leaves_alpha_1k.png.006
Fra:1 Mem:1793.79M (Peak 2424.70M) | Time:60:58:33.01 | Mem:196.00M, Peak:196.00M | Scene | Updating Images | Loading fern_02_alpha_1k.png.001
Fra:1 Mem:1810.79M (Peak 2424.70M) | Time:60:58:33.01 | Mem:197.00M, Peak:197.00M | Scene | Updating Images | Loading pine_sapling_small_twig_diff_1k.png.006
Fra:1 Mem:1811.79M (Peak 2424.70M) | Time:60:58:33.01 | Mem:199.00M, Peak:199.00M | Scene | Updating Images | Loading pine_sapling_small_twig_alpha_1k.png.006
Fra:1 Mem:1812.79M (Peak 2424.70M) | Time:60:58:33.01 | Mem:199.00M, Peak:199.00M | Scene | Updating Images | Loading island_tree_01_leaves_diff_1k.png.007
Fra:1 Mem:1812.79M (Peak 2424.70M) | Time:60:58:33.01 | Mem:199.00M, Peak:199.00M | Scene | Updating Images | Loading island_tree_01_leaves_alpha_1k.png.007
Fra:1 Mem:1813.80M (Peak 2424.70M) | Time:60:58:33.01 | Mem:200.00M, Peak:200.00M | Scene | Updating Images | Loading island_tree_02_leaves_diff_1k.png.007
Fra:1 Mem:1812.79M (Peak 2424.70M) | Time:60:58:33.01 | Mem:201.00M, Peak:201.00M | Scene | Updating Images | Loading island_tree_02_leaves_alpha_1k.png.007
Fra:1 Mem:1812.78M (Peak 2424.70M) | Time:60:58:33.01 | Mem:202.00M, Peak:202.00M | Scene | Updating Images | Loading pine_sapling_small_twig_diff_1k.png.007
Fra:1 Mem:1812.78M (Peak 2424.70M) | Time:60:58:33.01 | Mem:202.00M, Peak:202.00M | Scene | Updating Images | Loading pine_sapling_small_twig_alpha_1k.png.007
Fra:1 Mem:1815.79M (Peak 2424.70M) | Time:60:58:33.01 | Mem:203.00M, Peak:203.00M | Scene | Updating Images | Loading island_tree_01_leaves_diff_1k.png.008
Fra:1 Mem:1821.80M (Peak 2424.70M) | Time:60:58:33.01 | Mem:205.00M, Peak:205.00M | Scene | Updating Images | Loading island_tree_02_leaves_diff_1k.png.008
Fra:1 Mem:1820.79M (Peak 2424.70M) | Time:60:58:33.01 | Mem:205.00M, Peak:205.00M | Scene | Updating Images | Loading island_tree_01_leaves_alpha_1k.png.008
Fra:1 Mem:1820.79M (Peak 2424.70M) | Time:60:58:33.01 | Mem:208.00M, Peak:208.00M | Scene | Updating Images | Loading island_tree_02_leaves_alpha_1k.png.008
Fra:1 Mem:1820.80M (Peak 2424.70M) | Time:60:58:33.01 | Mem:208.00M, Peak:208.00M | Scene | Updating Images | Loading pine_sapling_small_twig_diff_1k.png.008
Fra:1 Mem:1821.79M (Peak 2424.70M) | Time:60:58:33.01 | Mem:210.00M, Peak:210.00M | Scene | Updating Images | Loading pine_sapling_small_twig_alpha_1k.png.008
Fra:1 Mem:1820.78M (Peak 2424.70M) | Time:60:58:33.01 | Mem:211.00M, Peak:211.00M | Scene | Updating Images | Loading fern_02_diff_1k.png.002
Fra:1 Mem:1820.78M (Peak 2424.70M) | Time:60:58:33.02 | Mem:212.00M, Peak:212.00M | Scene | Updating Images | Loading fern_02_rough
Fra:1 Mem:1849.80M (Peak 2424.70M) | Time:60:58:33.02 | Mem:213.00M, Peak:213.00M | Scene | Updating Images | Loading fern_02_nor_gl
Fra:1 Mem:1853.80M (Peak 2424.70M) | Time:60:58:33.02 | Mem:214.00M, Peak:214.00M | Scene | Updating Images | Loading island_tree_01_leaves_diff_1k.png.009
Fra:1 Mem:1854.80M (Peak 2424.70M) | Time:60:58:33.02 | Mem:215.00M, Peak:215.00M | Scene | Updating Images | Loading island_tree_01_leaves_alpha_1k.png.009
Fra:1 Mem:1854.80M (Peak 2424.70M) | Time:60:58:33.02 | Mem:215.00M, Peak:215.00M | Scene | Updating Images | Loading island_tree_02_leaves_diff_1k.png.009
Fra:1 Mem:1854.80M (Peak 2424.70M) | Time:60:58:33.02 | Mem:216.00M, Peak:216.00M | Scene | Updating Images | Loading island_tree_02_leaves_alpha_1k.png.009
Fra:1 Mem:1839.80M (Peak 2424.70M) | Time:60:58:33.02 | Mem:217.00M, Peak:217.00M | Scene | Updating Images | Loading pine_sapling_small_twig_diff_1k.png.009
Fra:1 Mem:1839.80M (Peak 2424.70M) | Time:60:58:33.02 | Mem:221.00M, Peak:221.00M | Scene | Updating Images | Loading pine_sapling_small_twig_alpha_1k.png.009
Fra:1 Mem:1841.79M (Peak 2424.70M) | Time:60:58:33.02 | Mem:222.00M, Peak:222.00M | Scene | Updating Images | Loading fern_02_diff_1k.png.003
Fra:1 Mem:1843.79M (Peak 2424.70M) | Time:60:58:33.02 | Mem:223.00M, Peak:223.00M | Scene | Updating Images | Loading island_tree_01_leaves_diff_1k.png.010
Fra:1 Mem:1843.79M (Peak 2424.70M) | Time:60:58:33.02 | Mem:227.00M, Peak:227.00M | Scene | Updating Images | Loading island_tree_01_leaves_alpha_1k.png.010
Fra:1 Mem:1843.79M (Peak 2424.70M) | Time:60:58:33.03 | Mem:229.00M, Peak:229.00M | Scene | Updating Images | Loading island_tree_02_leaves_diff_1k.png.010
Fra:1 Mem:1847.79M (Peak 2424.70M) | Time:60:58:33.03 | Mem:230.00M, Peak:230.00M | Scene | Updating Images | Loading island_tree_02_leaves_alpha_1k.png.010
Fra:1 Mem:1847.79M (Peak 2424.70M) | Time:60:58:33.03 | Mem:230.00M, Peak:230.00M | Scene | Updating Images | Loading pine_sapling_small_twig_diff_1k.png.010
Fra:1 Mem:1847.79M (Peak 2424.70M) | Time:60:58:33.03 | Mem:246.00M, Peak:246.00M | Scene | Updating Images | Loading fern_02_alpha_1k.png
Fra:1 Mem:1872.80M (Peak 2424.70M) | Time:60:58:33.03 | Mem:247.00M, Peak:247.00M | Scene | Updating Images | Loading pine_sapling_small_twig_alpha_1k.png.010
Fra:1 Mem:1868.79M (Peak 2424.70M) | Time:60:58:33.03 | Mem:252.00M, Peak:252.00M | Scene | Updating Images | Loading fern_02_diff_1k.png.004
Fra:1 Mem:1873.81M (Peak 2424.70M) | Time:60:58:33.03 | Mem:253.00M, Peak:253.00M | Scene | Updating Images | Loading island_tree_01_leaves_diff_1k.png.011
Fra:1 Mem:1877.80M (Peak 2424.70M) | Time:60:58:33.03 | Mem:254.00M, Peak:254.00M | Scene | Updating Images | Loading island_tree_01_leaves_alpha_1k.png.011
Fra:1 Mem:1878.81M (Peak 2424.70M) | Time:60:58:33.03 | Mem:254.00M, Peak:254.00M | Scene | Updating Images | Loading island_tree_02_leaves_diff_1k.png.011
Fra:1 Mem:1873.79M (Peak 2424.70M) | Time:60:58:33.03 | Mem:255.00M, Peak:255.00M | Scene | Updating Images | Loading island_tree_02_leaves_alpha_1k.png.011
Fra:1 Mem:1873.79M (Peak 2424.70M) | Time:60:58:33.03 | Mem:259.00M, Peak:259.00M | Scene | Updating Images | Loading pine_sapling_small_twig_diff_1k.png.011
Fra:1 Mem:1873.79M (Peak 2424.70M) | Time:60:58:33.03 | Mem:260.00M, Peak:260.00M | Scene | Updating Images | Loading pine_sapling_small_twig_alpha_1k.png.011
Fra:1 Mem:1883.81M (Peak 2424.70M) | Time:60:58:33.04 | Mem:261.00M, Peak:261.00M | Scene | Updating Images | Loading island_tree_01_leaves_diff_1k.png.012
Fra:1 Mem:1880.79M (Peak 2424.70M) | Time:60:58:33.04 | Mem:262.00M, Peak:262.00M | Scene | Updating Images | Loading island_tree_01_leaves_alpha_1k.png.012
Fra:1 Mem:1880.79M (Peak 2424.70M) | Time:60:58:33.04 | Mem:268.00M, Peak:268.00M | Scene | Updating Images | Loading fern_02_diff_1k.png.005
DETAIL CONTACT daguanlou bookcloth 528 0.32
Fra:1 Mem:1507.01M (Peak 2424.70M) | Time:60:58:34.33 | Mem:0.00M, Peak:0.00M | Scene | Synchronizing object | daguanlou_darkwood
Fra:1 Mem:1507.01M (Peak 2424.70M) | Time:60:58:34.33 | Mem:0.00M, Peak:0.00M | Scene | Synchronizing object | daguanlou_latticewood.001
Fra:1 Mem:1510.66M (Peak 2424.70M) | Time:60:58:34.33 | Mem:0.00M, Peak:0.00M | Scene | Synchronizing object | daguanlou_limestone.001
Fra:1 Mem:1519.65M (Peak 2424.70M) | Time:60:58:34.33 | Mem:0.00M, Peak:0.00M | Scene | Synchronizing object | daguanlou_screen
Fra:1 Mem:1521.40M (Peak 2424.70M) | Time:60:58:34.33 | Mem:0.00M, Peak:0.00M | Scene | Synchronizing object | daguanlou_roof
Fra:1 Mem:1522.02M (Peak 2424.70M) | Time:60:58:34.33 | Mem:0.00M, Peak:0.00M | Scene | Synchronizing object | daguanlou_tilelight
Fra:1 Mem:1524.53M (Peak 2424.70M) | Time:60:58:34.33 | Mem:0.00M, Peak:0.00M | Scene | Synchronizing object | daguanlou_tile
Fra:1 Mem:1525.23M (Peak 2424.70M) | Time:60:58:34.33 | Mem:0.00M, Peak:0.00M | Scene | Synchronizing object | daguanlou_tiledark
Fra:1 Mem:1544.24M (Peak 2424.70M) | Time:60:58:34.33 | Mem:0.00M, Peak:0.00M | Scene | Synchronizing object | daguanlou_canopy_light
Fra:1 Mem:1550.14M (Peak 2424.70M) | Time:60:58:34.33 | Mem:0.00M, Peak:0.00M | Scene | Synchronizing object | daguanlou_canopy
Fra:1 Mem:1550.72M (Peak 2424.70M) | Time:60:58:34.34 | Mem:0.00M, Peak:0.00M | Scene | Synchronizing object | daguanlou_lantern
Fra:1 Mem:1553.40M (Peak 2424.70M) | Time:60:58:34.34 | Mem:0.00M, Peak:0.00M | Scene | Synchronizing object | daguanlou_gold
Fra:1 Mem:1553.50M (Peak 2424.70M) | Time:60:58:34.34 | Mem:0.00M, Peak:0.00M | Scene | Synchronizing object | daguanlou_paving
Fra:1 Mem:1553.35M (Peak 2424.70M) | Time:60:58:34.34 | Mem:0.00M, Peak:0.00M | Scene | Synchronizing object | daguanlou_canopy_shadow
Fra:1 Mem:1553.93M (Peak 2424.70M) | Time:60:58:34.34 | Mem:0.00M, Peak:0.00M | Scene | Synchronizing object | daguanlou_paper
Fra:1 Mem:1554.13M (Peak 2424.70M) | Time:60:58:34.34 | Mem:0.00M, Peak:0.00M | Scene | Synchronizing object | daguanlou_bookcloth.001
Fra:1 Mem:1554.36M (Peak 2424.70M) | Time:60:58:34.34 | Mem:0.00M, Peak:0.00M | Scene | Synchronizing object | daguanlou_ivory.001
Fra:1 Mem:1556.56M (Peak 2424.70M) | Time:60:58:34.34 | Mem:0.00M, Peak:0.00M | Scene | Synchronizing object | daguanlou_ink.001
Fra:1 Mem:1557.11M (Peak 2424.70M) | Time:60:58:34.34 | Mem:0.00M, Peak:0.00M | Scene | Synchronizing object | daguanlou_bookcover.001
Fra:1 Mem:1557.11M (Peak 2424.70M) | Time:60:58:34.34 | Mem:0.00M, Peak:0.00M | Scene | Synchronizing object | daguanlou_ceramic
Fra:1 Mem:1557.13M (Peak 2424.70M) | Time:60:58:34.34 | Mem:0.00M, Peak:0.00M | Scene | Synchronizing object | daguanlou_bamboo.001
Fra:1 Mem:1557.57M (Peak 2424.70M) | Time:60:58:34.34 | Mem:0.00M, Peak:0.00M | Scene | Synchronizing object | daguanlou_plaster
Fra:1 Mem:1557.72M (Peak 2424.70M) | Time:60:58:34.34 | Mem:0.00M, Peak:0.00M | Scene | Synchronizing object | daguanlou_bark
Fra:1 Mem:1592.73M (Peak 2424.70M) | Time:60:58:34.36 | Mem:0.00M, Peak:0.00M | Scene | Initializing
Fra:1 Mem:1592.73M (Peak 2424.70M) | Time:60:58:34.36 | Mem:0.00M, Peak:0.00M | Scene | Updating Images | Loading fern_02_rgba.png.003
Fra:1 Mem:1592.73M (Peak 2424.70M) | Time:60:58:34.36 | Mem:0.00M, Peak:0.00M | Scene | Updating Images | Loading r12_stone_rough.001
Fra:1 Mem:1593.73M (Peak 2424.70M) | Time:60:58:34.36 | Mem:0.00M, Peak:0.00M | Scene | Updating Images | Loading r12_cutstone_nor_gl.001
Fra:1 Mem:1595.73M (Peak 2424.70M) | Time:60:58:34.36 | Mem:0.00M, Peak:0.00M | Scene | Updating Images | Loading r12_cutstone_rough.001
Fra:1 Mem:1599.74M (Peak 2424.70M) | Time:60:58:34.36 | Mem:1.00M, Peak:1.00M | Scene | Updating Images | Loading r12_darkwood_diff.001
Fra:1 Mem:1600.74M (Peak 2424.70M) | Time:60:58:34.36 | Mem:2.00M, Peak:2.00M | Scene | Updating Images | Loading r12_darkwood_nor_gl.001
Fra:1 Mem:1601.74M (Peak 2424.70M) | Time:60:58:34.36 | Mem:3.00M, Peak:3.00M | Scene | Updating Images | Loading r12_darkwood_rough.001
Fra:1 Mem:1602.74M (Peak 2424.70M) | Time:60:58:34.36 | Mem:4.00M, Peak:4.00M | Scene | Updating Images | Loading r12_floorwood_diff.001
Fra:1 Mem:1603.76M (Peak 2424.70M) | Time:60:58:34.36 | Mem:5.00M, Peak:5.00M | Scene | Updating Images | Loading island_tree_01_leaves_rgba.png.007
Fra:1 Mem:1604.01M (Peak 2424.70M) | Time:60:58:34.36 | Mem:6.00M, Peak:6.00M | Scene | Updating Images | Loading r12_floorwood_nor_gl.001
Fra:1 Mem:1605.01M (Peak 2424.70M) | Time:60:58:34.36 | Mem:6.25M, Peak:6.25M | Scene | Updating Images | Loading pine_sapling_small_twig_rgba.png.003
Fra:1 Mem:1605.26M (Peak 2424.70M) | Time:60:58:34.37 | Mem:7.25M, Peak:7.25M | Scene | Updating Images | Loading r12_floorwood_rough.001
Fra:1 Mem:1605.26M (Peak 2424.70M) | Time:60:58:34.37 | Mem:8.25M, Peak:8.25M | Scene | Updating Images | Loading r12_wood_diff.001
Fra:1 Mem:1607.26M (Peak 2424.70M) | Time:60:58:34.37 | Mem:10.25M, Peak:10.25M | Scene | Updating Images | Loading r12_wood_nor_gl.001
Fra:1 Mem:1608.26M (Peak 2424.70M) | Time:60:58:34.37 | Mem:10.25M, Peak:10.25M | Scene | Updating Images | Loading r12_wood_rough.001
Fra:1 Mem:1608.26M (Peak 2424.70M) | Time:60:58:34.37 | Mem:10.50M, Peak:10.50M | Scene | Updating Images | Loading island_tree_02_leaves_rgba.png.003
Fra:1 Mem:1609.51M (Peak 2424.70M) | Time:60:58:34.37 | Mem:11.50M, Peak:11.50M | Scene | Updating Images | Loading r12_furniture_diff.001
Fra:1 Mem:1610.51M (Peak 2424.70M) | Time:60:58:34.37 | Mem:12.50M, Peak:12.50M | Scene | Updating Images | Loading r12_furniture_nor_gl.001
Fra:1 Mem:1611.51M (Peak 2424.70M) | Time:60:58:34.37 | Mem:12.75M, Peak:12.75M | Scene | Updating Images | Loading island_tree_01_leaves_rgba.png.006
Fra:1 Mem:1611.76M (Peak 2424.70M) | Time:60:58:34.37 | Mem:14.75M, Peak:14.75M | Scene | Updating Images | Loading r12_furniture_rough.001
Fra:1 Mem:1612.76M (Peak 2424.70M) | Time:60:58:34.37 | Mem:15.00M, Peak:15.00M | Scene | Updating Images | Loading fern_02_rgba.png.002
Fra:1 Mem:1613.76M (Peak 2424.70M) | Time:60:58:34.37 | Mem:17.00M, Peak:17.00M | Scene | Updating Images | Loading r12_latticewood_nor_gl.001
Fra:1 Mem:1613.76M (Peak 2424.70M) | Time:60:58:34.37 | Mem:17.00M, Peak:17.00M | Scene | Updating Images | Loading r12_latticewood_rough.001
Fra:1 Mem:1623.76M (Peak 2424.70M) | Time:60:58:34.37 | Mem:18.00M, Peak:18.00M | Scene | Updating Images | Loading r12_roof_diff.001
Fra:1 Mem:1623.76M (Peak 2424.70M) | Time:60:58:34.37 | Mem:19.00M, Peak:19.00M | Scene | Updating Images | Loading r12_roof_nor_gl.001
Fra:1 Mem:1626.76M (Peak 2424.70M) | Time:60:58:34.37 | Mem:20.00M, Peak:20.00M | Scene | Updating Images | Loading r12_roof_rough.001
Fra:1 Mem:1627.76M (Peak 2424.70M) | Time:60:58:34.37 | Mem:21.00M, Peak:21.00M | Scene | Updating Images | Loading r12_tilelight_diff.001
Fra:1 Mem:1628.76M (Peak 2424.70M) | Time:60:58:34.37 | Mem:22.00M, Peak:22.00M | Scene | Updating Images | Loading r12_tilelight_nor_gl.001
Fra:1 Mem:1628.76M (Peak 2424.70M) | Time:60:58:34.37 | Mem:23.00M, Peak:23.00M | Scene | Updating Images | Loading r12_tilelight_rough.001
Fra:1 Mem:1630.76M (Peak 2424.70M) | Time:60:58:34.37 | Mem:24.00M, Peak:24.00M | Scene | Updating Images | Loading r12_tile_diff.001
Fra:1 Mem:1631.76M (Peak 2424.70M) | Time:60:58:34.37 | Mem:25.00M, Peak:25.00M | Scene | Updating Images | Loading r12_tile_nor_gl.001
Fra:1 Mem:1632.76M (Peak 2424.70M) | Time:60:58:34.37 | Mem:26.00M, Peak:26.00M | Scene | Updating Images | Loading r12_tile_rough.001
Fra:1 Mem:1633.76M (Peak 2424.70M) | Time:60:58:34.37 | Mem:29.00M, Peak:29.00M | Scene | Updating Images | Loading r12_tiledark_diff.001
Fra:1 Mem:1633.76M (Peak 2424.70M) | Time:60:58:34.37 | Mem:29.00M, Peak:29.00M | Scene | Updating Images | Loading r12_tiledark_rough.001
Fra:1 Mem:1636.76M (Peak 2424.70M) | Time:60:58:34.37 | Mem:31.00M, Peak:31.00M | Scene | Updating Images | Loading rock_moss_set_01_diff
Fra:1 Mem:1640.76M (Peak 2424.70M) | Time:60:58:34.37 | Mem:31.00M, Peak:31.00M | Scene | Updating Images | Loading rock_moss_set_01_nor_gl
Fra:1 Mem:1644.76M (Peak 2424.70M) | Time:60:58:34.37 | Mem:32.00M, Peak:32.00M | Scene | Updating Images | Loading r12_paving_diff.001
Fra:1 Mem:1645.76M (Peak 2424.70M) | Time:60:58:34.37 | Mem:33.00M, Peak:33.00M | Scene | Updating Images | Loading r12_paving_nor_gl.001
Fra:1 Mem:1646.76M (Peak 2424.70M) | Time:60:58:34.37 | Mem:34.00M, Peak:34.00M | Scene | Updating Images | Loading r12_paving_rough.001
Fra:1 Mem:1647.76M (Peak 2424.70M) | Time:60:58:34.37 | Mem:35.00M, Peak:35.00M | Scene | Updating Images | Loading r12_gardenstone_diff
Fra:1 Mem:1648.76M (Peak 2424.70M) | Time:60:58:34.37 | Mem:36.00M, Peak:36.00M | Scene | Updating Images | Loading r12_gardenstone_nor_gl
Fra:1 Mem:1649.76M (Peak 2424.70M) | Time:60:58:34.37 | Mem:37.00M, Peak:37.00M | Scene | Updating Images | Loading r12_gardenstone_rough
Fra:1 Mem:1650.76M (Peak 2424.70M) | Time:60:58:34.37 | Mem:38.00M, Peak:38.00M | Scene | Updating Images | Loading worn_mossy_plasterwall.jpg
Fra:1 Mem:1654.76M (Peak 2424.70M) | Time:60:58:34.37 | Mem:39.00M, Peak:39.00M | Scene | Updating Images | Loading r12_bankstone_diff.001
Fra:1 Mem:1655.76M (Peak 2424.70M) | Time:60:58:34.37 | Mem:40.00M, Peak:40.00M | Scene | Updating Images | Loading r12_bankstone_nor_gl.001
Fra:1 Mem:1656.76M (Peak 2424.70M) | Time:60:58:34.37 | Mem:44.00M, Peak:44.00M | Scene | Updating Images | Loading r12_bankstone_rough.001
Fra:1 Mem:1657.76M (Peak 2424.70M) | Time:60:58:34.37 | Mem:45.00M, Peak:45.00M | Scene | Updating Images | Loading r12_courtbase_diff.001
Fra:1 Mem:1658.76M (Peak 2424.70M) | Time:60:58:34.37 | Mem:46.00M, Peak:46.00M | Scene | Updating Images | Loading r12_courtbase_nor_gl.001
Fra:1 Mem:1659.76M (Peak 2424.70M) | Time:60:58:34.37 | Mem:50.00M, Peak:50.00M | Scene | Updating Images | Loading r12_courtbase_rough.001
Fra:1 Mem:1660.76M (Peak 2424.70M) | Time:60:58:34.37 | Mem:52.00M, Peak:52.00M | Scene | Updating Images | Loading island_tree_01_diff
Fra:1 Mem:1664.76M (Peak 2424.70M) | Time:60:58:34.37 | Mem:52.00M, Peak:52.00M | Scene | Updating Images | Loading island_tree_01_rough
Fra:1 Mem:1668.76M (Peak 2424.70M) | Time:60:58:34.37 | Mem:53.00M, Peak:53.00M | Scene | Updating Images | Loading island_tree_01_nor_gl
Fra:1 Mem:1672.76M (Peak 2424.70M) | Time:60:58:34.37 | Mem:54.00M, Peak:54.00M | Scene | Updating Images | Loading island_tree_01_leaves_diff-island_tree_01_leaves_alpha
Fra:1 Mem:1677.77M (Peak 2424.70M) | Time:60:58:34.37 | Mem:55.00M, Peak:55.00M | Scene | Updating Images | Loading island_tree_01_leaves_rough
Fra:1 Mem:1680.76M (Peak 2424.70M) | Time:60:58:34.37 | Mem:56.00M, Peak:56.00M | Scene | Updating Images | Loading island_tree_01_leaves_rgba.png.005
Fra:1 Mem:1680.76M (Peak 2424.70M) | Time:60:58:34.37 | Mem:60.00M, Peak:60.00M | Scene | Updating Images | Loading island_tree_01_leaves_nor_gl
Fra:1 Mem:1684.76M (Peak 2424.70M) | Time:60:58:34.37 | Mem:68.00M, Peak:68.00M | Scene | Updating Images | Loading island_tree_01_branches_rough
Fra:1 Mem:1693.01M (Peak 2424.70M) | Time:60:58:34.37 | Mem:72.00M, Peak:72.00M | Scene | Updating Images | Loading island_tree_01_branches_nor_gl
Fra:1 Mem:1697.01M (Peak 2424.70M) | Time:60:58:34.38 | Mem:76.00M, Peak:76.00M | Scene | Updating Images | Loading island_tree_01_leaves_diff_1k.png.001
Fra:1 Mem:1697.01M (Peak 2424.70M) | Time:60:58:34.38 | Mem:76.25M, Peak:76.25M | Scene | Updating Images | Loading pine_sapling_small_twig_rgba.png.002
Fra:1 Mem:1697.26M (Peak 2424.70M) | Time:60:58:34.38 | Mem:80.25M, Peak:80.25M | Scene | Updating Images | Loading island_tree_01_leaves_alpha_1k.png.001
Fra:1 Mem:1697.26M (Peak 2424.70M) | Time:60:58:34.38 | Mem:84.25M, Peak:84.25M | Scene | Updating Images | Loading island_tree_02_diff
Fra:1 Mem:1712.26M (Peak 2424.70M) | Time:60:58:34.38 | Mem:88.25M, Peak:88.25M | Scene | Updating Images | Loading island_tree_02_rough
Fra:1 Mem:1717.27M (Peak 2424.70M) | Time:60:58:34.38 | Mem:92.25M, Peak:92.25M | Scene | Updating Images | Loading island_tree_02_nor_gl
Fra:1 Mem:1721.26M (Peak 2424.70M) | Time:60:58:34.38 | Mem:92.50M, Peak:92.50M | Scene | Updating Images | Loading island_tree_02_leaves_rgba.png.002
Fra:1 Mem:1725.52M (Peak 2424.70M) | Time:60:58:34.38 | Mem:96.50M, Peak:96.50M | Scene | Updating Images | Loading island_tree_02_leaves_diff-island_tree_02_leaves_alpha
Fra:1 Mem:1725.52M (Peak 2424.70M) | Time:60:58:34.38 | Mem:97.50M, Peak:97.50M | Scene | Updating Images | Loading island_tree_02_leaves_rough
Fra:1 Mem:1733.52M (Peak 2424.70M) | Time:60:58:34.38 | Mem:101.50M, Peak:101.50M | Scene | Updating Images | Loading island_tree_02_leaves_nor_gl
Fra:1 Mem:1737.52M (Peak 2424.70M) | Time:60:58:34.38 | Mem:102.50M, Peak:102.50M | Scene | Updating Images | Loading island_tree_02_leaves_diff_1k.png.001
Fra:1 Mem:1733.51M (Peak 2424.70M) | Time:60:58:34.38 | Mem:106.50M, Peak:106.50M | Scene | Updating Images | Loading island_tree_02_leaves_alpha_1k.png.001
Fra:1 Mem:1733.51M (Peak 2424.70M) | Time:60:58:34.38 | Mem:106.75M, Peak:106.75M | Scene | Updating Images | Loading island_tree_01_leaves_rgba.png.004
Fra:1 Mem:1733.76M (Peak 2424.70M) | Time:60:58:34.38 | Mem:110.75M, Peak:110.75M | Scene | Updating Images | Loading island_tree_02_branches_diff
Fra:1 Mem:1740.03M (Peak 2424.70M) | Time:60:58:34.38 | Mem:114.75M, Peak:114.75M | Scene | Updating Images | Loading island_tree_02_branches_rough
Fra:1 Mem:1743.76M (Peak 2424.70M) | Time:60:58:34.38 | Mem:115.00M, Peak:115.00M | Scene | Updating Images | Loading fern_02_rgba.png.001
Fra:1 Mem:1744.77M (Peak 2424.70M) | Time:60:58:34.38 | Mem:119.00M, Peak:119.00M | Scene | Updating Images | Loading island_tree_02_branches_nor_gl
Fra:1 Mem:1748.77M (Peak 2424.70M) | Time:60:58:34.38 | Mem:123.00M, Peak:123.00M | Scene | Updating Images | Loading pine_sapling_small_bark_diff
Fra:1 Mem:1752.76M (Peak 2424.70M) | Time:60:58:34.38 | Mem:124.00M, Peak:124.00M | Scene | Updating Images | Loading pine_sapling_small_bark_rough
Fra:1 Mem:1756.76M (Peak 2424.70M) | Time:60:58:34.38 | Mem:128.00M, Peak:128.00M | Scene | Updating Images | Loading pine_sapling_small_bark_nor_gl
Fra:1 Mem:1760.76M (Peak 2424.70M) | Time:60:58:34.38 | Mem:132.00M, Peak:132.00M | Scene | Updating Images | Loading pine_sapling_small_twig_diff
Fra:1 Mem:1764.77M (Peak 2424.70M) | Time:60:58:34.38 | Mem:136.00M, Peak:136.00M | Scene | Updating Images | Loading pine_sapling_small_twig_rough
Fra:1 Mem:1768.77M (Peak 2424.70M) | Time:60:58:34.38 | Mem:144.00M, Peak:144.00M | Scene | Updating Images | Loading pine_sapling_small_twig_nor_gl
Fra:1 Mem:1772.77M (Peak 2424.70M) | Time:60:58:34.39 | Mem:148.00M, Peak:148.00M | Scene | Updating Images | Loading pine_sapling_small_twig_diff_1k.png.001
Fra:1 Mem:1772.77M (Peak 2424.70M) | Time:60:58:34.39 | Mem:148.00M, Peak:148.00M | Scene | Updating Images | Loading pine_sapling_small_twig_alpha_1k.png.001
Fra:1 Mem:1773.77M (Peak 2424.70M) | Time:60:58:34.39 | Mem:148.00M, Peak:148.00M | Scene | Updating Images | Loading island_tree_01_leaves_diff_1k.png.002
Fra:1 Mem:1773.77M (Peak 2424.70M) | Time:60:58:34.39 | Mem:152.00M, Peak:152.00M | Scene | Updating Images | Loading island_tree_01_leaves_alpha_1k.png.002
Fra:1 Mem:1773.77M (Peak 2424.70M) | Time:60:58:34.39 | Mem:152.00M, Peak:152.00M | Scene | Updating Images | Loading island_tree_02_leaves_diff_1k.png.002
Fra:1 Mem:1772.76M (Peak 2424.70M) | Time:60:58:34.39 | Mem:153.00M, Peak:153.00M | Scene | Updating Images | Loading island_tree_01_leaves_rgba.png.003
Fra:1 Mem:1773.27M (Peak 2424.70M) | Time:60:58:34.39 | Mem:157.00M, Peak:157.00M | Scene | Updating Images | Loading island_tree_02_leaves_alpha_1k.png.002
Fra:1 Mem:1773.01M (Peak 2424.70M) | Time:60:58:34.39 | Mem:157.25M, Peak:157.25M | Scene | Updating Images | Loading pine_sapling_small_twig_rgba.png.001
Fra:1 Mem:1779.28M (Peak 2424.70M) | Time:60:58:34.39 | Mem:158.25M, Peak:158.25M | Scene | Updating Images | Loading pine_sapling_small_twig_diff_1k.png.002
Fra:1 Mem:1779.28M (Peak 2424.70M) | Time:60:58:34.39 | Mem:158.25M, Peak:158.25M | Scene | Updating Images | Loading pine_sapling_small_twig_alpha_1k.png.002
Fra:1 Mem:1779.27M (Peak 2424.70M) | Time:60:58:34.39 | Mem:160.25M, Peak:160.25M | Scene | Updating Images | Loading island_tree_01_leaves_diff_1k.png.003
Fra:1 Mem:1779.27M (Peak 2424.70M) | Time:60:58:34.39 | Mem:160.25M, Peak:160.25M | Scene | Updating Images | Loading island_tree_01_leaves_alpha_1k.png.003
Fra:1 Mem:1779.53M (Peak 2424.70M) | Time:60:58:34.39 | Mem:160.25M, Peak:160.25M | Scene | Updating Images | Loading island_tree_02_leaves_diff_1k.png.003
Fra:1 Mem:1779.27M (Peak 2424.70M) | Time:60:58:34.39 | Mem:160.50M, Peak:160.50M | Scene | Updating Images | Loading island_tree_02_leaves_rgba.png.001
Fra:1 Mem:1780.52M (Peak 2424.70M) | Time:60:58:34.39 | Mem:161.50M, Peak:161.50M | Scene | Updating Images | Loading island_tree_02_leaves_alpha_1k.png.003
Fra:1 Mem:1784.53M (Peak 2424.70M) | Time:60:58:34.39 | Mem:161.75M, Peak:161.75M | Scene | Updating Images | Loading island_tree_01_leaves_rgba.png.002
Fra:1 Mem:1781.52M (Peak 2424.70M) | Time:60:58:34.40 | Mem:166.75M, Peak:166.75M | Scene | Updating Images | Loading pine_sapling_small_twig_diff_1k.png.003
Fra:1 Mem:1781.77M (Peak 2424.70M) | Time:60:58:34.40 | Mem:168.75M, Peak:168.75M | Scene | Updating Images | Loading pine_sapling_small_twig_alpha_1k.png.003
Fra:1 Mem:1782.02M (Peak 2424.70M) | Time:60:58:34.40 | Mem:169.75M, Peak:169.75M | Scene | Updating Images | Loading island_tree_01_leaves_diff_1k.png.004
Fra:1 Mem:1781.76M (Peak 2424.70M) | Time:60:58:34.40 | Mem:170.00M, Peak:170.00M | Scene | Updating Images | Loading fern_02_rgba.png
Fra:1 Mem:1789.77M (Peak 2424.70M) | Time:60:58:34.40 | Mem:174.00M, Peak:174.00M | Scene | Updating Images | Loading island_tree_01_leaves_alpha_1k.png.004
Fra:1 Mem:1789.77M (Peak 2424.70M) | Time:60:58:34.40 | Mem:174.00M, Peak:174.00M | Scene | Updating Images | Loading island_tree_02_leaves_diff_1k.png.004
Fra:1 Mem:1789.77M (Peak 2424.70M) | Time:60:58:34.40 | Mem:176.00M, Peak:176.00M | Scene | Updating Images | Loading island_tree_02_leaves_alpha_1k.png.004
Fra:1 Mem:1789.77M (Peak 2424.70M) | Time:60:58:34.40 | Mem:176.00M, Peak:176.00M | Scene | Updating Images | Loading pine_sapling_small_twig_diff_1k.png.004
Fra:1 Mem:1790.77M (Peak 2424.70M) | Time:60:58:34.40 | Mem:176.00M, Peak:176.00M | Scene | Updating Images | Loading pine_sapling_small_twig_alpha_1k.png.004
Fra:1 Mem:1791.77M (Peak 2424.70M) | Time:60:58:34.40 | Mem:177.00M, Peak:177.00M | Scene | Updating Images | Loading island_tree_01_leaves_diff_1k.png.005
Fra:1 Mem:1791.76M (Peak 2424.70M) | Time:60:58:34.40 | Mem:179.00M, Peak:179.00M | Scene | Updating Images | Loading island_tree_01_leaves_rgba.png.001
Fra:1 Mem:1791.76M (Peak 2424.70M) | Time:60:58:34.40 | Mem:179.00M, Peak:179.00M | Scene | Updating Images | Loading island_tree_01_leaves_alpha_1k.png.005
Fra:1 Mem:1791.76M (Peak 2424.70M) | Time:60:58:34.40 | Mem:179.00M, Peak:179.00M | Scene | Updating Images | Loading island_tree_02_leaves_diff_1k.png.005
Fra:1 Mem:1784.01M (Peak 2424.70M) | Time:60:58:34.40 | Mem:179.25M, Peak:179.25M | Scene | Updating Images | Loading pine_sapling_small_twig_rgba.png
Fra:1 Mem:1788.27M (Peak 2424.70M) | Time:60:58:34.41 | Mem:180.25M, Peak:180.25M | Scene | Updating Images | Loading island_tree_02_leaves_alpha_1k.png.005
Fra:1 Mem:1792.29M (Peak 2424.70M) | Time:60:58:34.41 | Mem:180.50M, Peak:180.50M | Scene | Updating Images | Loading island_tree_02_leaves_rgba.png
Fra:1 Mem:1799.54M (Peak 2424.70M) | Time:60:58:34.41 | Mem:183.50M, Peak:183.50M | Scene | Updating Images | Loading pine_sapling_small_twig_diff_1k.png.005
Fra:1 Mem:1799.54M (Peak 2424.70M) | Time:60:58:34.41 | Mem:184.50M, Peak:184.50M | Scene | Updating Images | Loading pine_sapling_small_twig_alpha_1k.png.005
Fra:1 Mem:1799.54M (Peak 2424.70M) | Time:60:58:34.41 | Mem:185.50M, Peak:185.50M | Scene | Updating Images | Loading island_tree_01_leaves_diff_1k.png.006
Fra:1 Mem:1798.54M (Peak 2424.70M) | Time:60:58:34.41 | Mem:186.50M, Peak:186.50M | Scene | Updating Images | Loading island_tree_01_leaves_alpha_1k.png.006
Fra:1 Mem:1797.52M (Peak 2424.70M) | Time:60:58:34.41 | Mem:187.50M, Peak:187.50M | Scene | Updating Images | Loading island_tree_02_leaves_diff_1k.png.006
Fra:1 Mem:1797.52M (Peak 2424.70M) | Time:60:58:34.41 | Mem:188.50M, Peak:188.50M | Scene | Updating Images | Loading island_tree_02_leaves_alpha_1k.png.006
Fra:1 Mem:1797.52M (Peak 2424.70M) | Time:60:58:34.41 | Mem:188.75M, Peak:188.75M | Scene | Updating Images | Loading island_tree_01_leaves_rgba.png
Fra:1 Mem:1789.76M (Peak 2424.70M) | Time:60:58:34.41 | Mem:197.00M, Peak:197.00M | Scene | Updating Images | Loading fern_02_alpha_1k.png.001
Fra:1 Mem:1789.76M (Peak 2424.70M) | Time:60:58:34.41 | Mem:197.00M, Peak:197.00M | Scene | Updating Images | Loading pine_sapling_small_twig_diff_1k.png.006
Fra:1 Mem:1812.77M (Peak 2424.70M) | Time:60:58:34.41 | Mem:200.00M, Peak:200.00M | Scene | Updating Images | Loading pine_sapling_small_twig_alpha_1k.png.006
Fra:1 Mem:1812.77M (Peak 2424.70M) | Time:60:58:34.41 | Mem:200.00M, Peak:200.00M | Scene | Updating Images | Loading island_tree_01_leaves_alpha_1k.png.007
Fra:1 Mem:1812.77M (Peak 2424.70M) | Time:60:58:34.41 | Mem:201.00M, Peak:201.00M | Scene | Updating Images | Loading island_tree_02_leaves_diff_1k.png.007
Fra:1 Mem:1813.77M (Peak 2424.70M) | Time:60:58:34.41 | Mem:201.00M, Peak:201.00M | Scene | Updating Images | Loading island_tree_02_leaves_alpha_1k.png.007
Fra:1 Mem:1813.77M (Peak 2424.70M) | Time:60:58:34.42 | Mem:202.00M, Peak:202.00M | Scene | Updating Images | Loading pine_sapling_small_twig_diff_1k.png.007
Fra:1 Mem:1812.76M (Peak 2424.70M) | Time:60:58:34.42 | Mem:203.00M, Peak:203.00M | Scene | Updating Images | Loading pine_sapling_small_twig_alpha_1k.png.007
Fra:1 Mem:1836.79M (Peak 2424.70M) | Time:60:58:34.42 | Mem:206.00M, Peak:206.00M | Scene | Updating Images | Loading island_tree_01_leaves_diff_1k.png.008
Fra:1 Mem:1836.79M (Peak 2424.70M) | Time:60:58:34.42 | Mem:206.00M, Peak:206.00M | Scene | Updating Images | Loading island_tree_01_leaves_alpha_1k.png.008
Fra:1 Mem:1835.78M (Peak 2424.70M) | Time:60:58:34.42 | Mem:206.00M, Peak:206.00M | Scene | Updating Images | Loading island_tree_02_leaves_diff_1k.png.008
Fra:1 Mem:1835.78M (Peak 2424.70M) | Time:60:58:34.42 | Mem:206.00M, Peak:206.00M | Scene | Updating Images | Loading island_tree_02_leaves_alpha_1k.png.008
Fra:1 Mem:1835.78M (Peak 2424.70M) | Time:60:58:34.42 | Mem:207.00M, Peak:207.00M | Scene | Updating Images | Loading pine_sapling_small_twig_diff_1k.png.008
Fra:1 Mem:1836.78M (Peak 2424.70M) | Time:60:58:34.42 | Mem:208.00M, Peak:208.00M | Scene | Updating Images | Loading pine_sapling_small_twig_alpha_1k.png.008
Fra:1 Mem:1835.77M (Peak 2424.70M) | Time:60:58:34.42 | Mem:210.00M, Peak:210.00M | Scene | Updating Images | Loading fern_02_diff_1k.png.002
Fra:1 Mem:1830.78M (Peak 2424.70M) | Time:60:58:34.43 | Mem:211.00M, Peak:211.00M | Scene | Updating Images | Loading fern_02_rough
Fra:1 Mem:1833.77M (Peak 2424.70M) | Time:60:58:34.43 | Mem:229.00M, Peak:229.00M | Scene | Updating Images | Loading fern_02_nor_gl
Fra:1 Mem:1833.77M (Peak 2424.70M) | Time:60:58:34.43 | Mem:229.00M, Peak:229.00M | Scene | Updating Images | Loading island_tree_01_leaves_diff_1k.png.009
Fra:1 Mem:1833.77M (Peak 2424.70M) | Time:60:58:34.43 | Mem:229.00M, Peak:229.00M | Scene | Updating Images | Loading island_tree_01_leaves_alpha_1k.png.009
Fra:1 Mem:1833.77M (Peak 2424.70M) | Time:60:58:34.43 | Mem:230.00M, Peak:230.00M | Scene | Updating Images | Loading island_tree_02_leaves_diff_1k.png.009
Fra:1 Mem:1833.77M (Peak 2424.70M) | Time:60:58:34.43 | Mem:232.00M, Peak:232.00M | Scene | Updating Images | Loading island_tree_02_leaves_alpha_1k.png.009
Fra:1 Mem:1861.79M (Peak 2424.70M) | Time:60:58:34.43 | Mem:233.00M, Peak:233.00M | Scene | Updating Images | Loading pine_sapling_small_twig_diff_1k.png.009
Fra:1 Mem:1858.78M (Peak 2424.70M) | Time:60:58:34.43 | Mem:234.00M, Peak:234.00M | Scene | Updating Images | Loading pine_sapling_small_twig_alpha_1k.png.009
Fra:1 Mem:1858.78M (Peak 2424.70M) | Time:60:58:34.43 | Mem:234.00M, Peak:234.00M | Scene | Updating Images | Loading fern_02_diff_1k.png.003
Fra:1 Mem:1857.77M (Peak 2424.70M) | Time:60:58:34.43 | Mem:238.00M, Peak:238.00M | Scene | Updating Images | Loading island_tree_01_leaves_diff_1k.png.010
Fra:1 Mem:1857.77M (Peak 2424.70M) | Time:60:58:34.43 | Mem:239.00M, Peak:239.00M | Scene | Updating Images | Loading island_tree_01_leaves_alpha_1k.png.010
Fra:1 Mem:1869.78M (Peak 2424.70M) | Time:60:58:34.44 | Mem:243.00M, Peak:243.00M | Scene | Updating Images | Loading island_tree_02_leaves_diff_1k.png.010
Fra:1 Mem:1869.79M (Peak 2424.70M) | Time:60:58:34.44 | Mem:244.00M, Peak:244.00M | Scene | Updating Images | Loading island_tree_02_leaves_alpha_1k.png.010
Fra:1 Mem:1870.79M (Peak 2424.70M) | Time:60:58:34.44 | Mem:246.00M, Peak:246.00M | Scene | Updating Images | Loading pine_sapling_small_twig_diff_1k.png.010
Fra:1 Mem:1865.77M (Peak 2424.70M) | Time:60:58:34.44 | Mem:250.00M, Peak:250.00M | Scene | Updating Images | Loading pine_sapling_small_twig_alpha_1k.png.010
Fra:1 Mem:1866.77M (Peak 2424.70M) | Time:60:58:34.44 | Mem:252.00M, Peak:252.00M | Scene | Updating Images | Loading fern_02_diff_1k.png.004
Fra:1 Mem:1867.77M (Peak 2424.70M) | Time:60:58:34.44 | Mem:253.00M, Peak:253.00M | Scene | Updating Images | Loading island_tree_01_leaves_diff_1k.png.011
Fra:1 Mem:1885.78M (Peak 2424.70M) | Time:60:58:34.44 | Mem:255.00M, Peak:255.00M | Scene | Updating Images | Loading island_tree_01_leaves_alpha_1k.png.011
Fra:1 Mem:1889.78M (Peak 2424.70M) | Time:60:58:34.44 | Mem:255.00M, Peak:255.00M | Scene | Updating Images | Loading island_tree_02_leaves_diff_1k.png.011
Fra:1 Mem:1890.78M (Peak 2424.70M) | Time:60:58:34.44 | Mem:256.00M, Peak:256.00M | Scene | Updating Images | Loading island_tree_02_leaves_alpha_1k.png.011
Fra:1 Mem:1890.78M (Peak 2424.70M) | Time:60:58:34.44 | Mem:256.00M, Peak:256.00M | Scene | Updating Images | Loading pine_sapling_small_twig_diff_1k.png.011
Fra:1 Mem:1892.78M (Peak 2424.70M) | Time:60:58:34.45 | Mem:258.00M, Peak:258.00M | Scene | Updating Images | Loading pine_sapling_small_twig_alpha_1k.png.011
Fra:1 Mem:1892.78M (Peak 2424.70M) | Time:60:58:34.45 | Mem:258.00M, Peak:258.00M | Scene | Updating Images | Loading island_tree_01_leaves_diff_1k.png.012
Fra:1 Mem:1897.79M (Peak 2424.70M) | Time:60:58:34.45 | Mem:264.00M, Peak:264.00M | Scene | Updating Images | Loading island_tree_01_leaves_alpha_1k.png.012
Fra:1 Mem:1880.77M (Peak 2424.70M) | Time:60:58:34.45 | Mem:265.00M, Peak:265.00M | Scene | Updating Images | Loading fern_02_diff_1k.png.005
DETAIL CONTACT daguanlou bookcover 48 0.32
Fra:1 Mem:1507.07M (Peak 2424.70M) | Time:60:58:35.75 | Mem:0.00M, Peak:0.00M | Scene | Synchronizing object | daguanlou_stone
Fra:1 Mem:1507.07M (Peak 2424.70M) | Time:60:58:35.75 | Mem:0.00M, Peak:0.00M | Scene | Synchronizing object | daguanlou_wood
Fra:1 Mem:1507.07M (Peak 2424.70M) | Time:60:58:35.75 | Mem:0.00M, Peak:0.00M | Scene | Synchronizing object | daguanlou_furniture
Fra:1 Mem:1508.11M (Peak 2424.70M) | Time:60:58:35.75 | Mem:0.00M, Peak:0.00M | Scene | Synchronizing object | daguanlou_latticewood.001
Fra:1 Mem:1511.67M (Peak 2424.70M) | Time:60:58:35.75 | Mem:0.00M, Peak:0.00M | Scene | Synchronizing object | daguanlou_screen
Fra:1 Mem:1512.77M (Peak 2424.70M) | Time:60:58:35.75 | Mem:0.00M, Peak:0.00M | Scene | Synchronizing object | daguanlou_limestone.001
Fra:1 Mem:1513.81M (Peak 2424.70M) | Time:60:58:35.75 | Mem:0.00M, Peak:0.00M | Scene | Synchronizing object | daguanlou_roof
Fra:1 Mem:1514.76M (Peak 2424.70M) | Time:60:58:35.75 | Mem:0.00M, Peak:0.00M | Scene | Synchronizing object | daguanlou_tilelight
Fra:1 Mem:1517.99M (Peak 2424.70M) | Time:60:58:35.75 | Mem:0.00M, Peak:0.00M | Scene | Synchronizing object | daguanlou_tile
Fra:1 Mem:1525.62M (Peak 2424.70M) | Time:60:58:35.75 | Mem:0.00M, Peak:0.00M | Scene | Synchronizing object | daguanlou_tiledark
Fra:1 Mem:1528.81M (Peak 2424.70M) | Time:60:58:35.75 | Mem:0.00M, Peak:0.00M | Scene | Synchronizing object | daguanlou_lantern
Fra:1 Mem:1529.25M (Peak 2424.70M) | Time:60:58:35.75 | Mem:0.00M, Peak:0.00M | Scene | Synchronizing object | daguanlou_canopy_light
Fra:1 Mem:1529.50M (Peak 2424.70M) | Time:60:58:35.75 | Mem:0.00M, Peak:0.00M | Scene | Synchronizing object | daguanlou_gold
Fra:1 Mem:1530.95M (Peak 2424.70M) | Time:60:58:35.75 | Mem:0.00M, Peak:0.00M | Scene | Synchronizing object | daguanlou_paving
Fra:1 Mem:1531.20M (Peak 2424.70M) | Time:60:58:35.75 | Mem:0.00M, Peak:0.00M | Scene | Synchronizing object | daguanlou_canopy
Fra:1 Mem:1534.18M (Peak 2424.70M) | Time:60:58:35.75 | Mem:0.00M, Peak:0.00M | Scene | Synchronizing object | daguanlou_courtbase
Fra:1 Mem:1534.18M (Peak 2424.70M) | Time:60:58:35.75 | Mem:0.00M, Peak:0.00M | Scene | Synchronizing object | daguanlou_canopy_shadow
Fra:1 Mem:1534.46M (Peak 2424.70M) | Time:60:58:35.75 | Mem:0.00M, Peak:0.00M | Scene | Synchronizing object | daguanlou_paper
Fra:1 Mem:1534.62M (Peak 2424.70M) | Time:60:58:35.75 | Mem:0.00M, Peak:0.00M | Scene | Synchronizing object | daguanlou_bookcloth.001
Fra:1 Mem:1534.79M (Peak 2424.70M) | Time:60:58:35.75 | Mem:0.00M, Peak:0.00M | Scene | Synchronizing object | daguanlou_ivory.001
Fra:1 Mem:1550.65M (Peak 2424.70M) | Time:60:58:35.75 | Mem:0.00M, Peak:0.00M | Scene | Synchronizing object | daguanlou_ink.001
Fra:1 Mem:1550.65M (Peak 2424.70M) | Time:60:58:35.75 | Mem:0.00M, Peak:0.00M | Scene | Synchronizing object | daguanlou_bookcover.001
Fra:1 Mem:1550.66M (Peak 2424.70M) | Time:60:58:35.75 | Mem:0.00M, Peak:0.00M | Scene | Synchronizing object | daguanlou_ceramic
Fra:1 Mem:1550.66M (Peak 2424.70M) | Time:60:58:35.75 | Mem:0.00M, Peak:0.00M | Scene | Synchronizing object | daguanlou_bamboo.001
Fra:1 Mem:1552.31M (Peak 2424.70M) | Time:60:58:35.75 | Mem:0.00M, Peak:0.00M | Scene | Synchronizing object | daguanlou_plaster
Fra:1 Mem:1552.15M (Peak 2424.70M) | Time:60:58:35.75 | Mem:0.00M, Peak:0.00M | Scene | Synchronizing object | daguanlou_bark
Fra:1 Mem:1592.80M (Peak 2424.70M) | Time:60:58:35.78 | Mem:0.00M, Peak:0.00M | Scene | Initializing
Fra:1 Mem:1592.80M (Peak 2424.70M) | Time:60:58:35.78 | Mem:0.00M, Peak:0.00M | Scene | Updating Images | Loading forest_grove.hdr
Fra:1 Mem:1592.80M (Peak 2424.70M) | Time:60:58:35.78 | Mem:0.00M, Peak:0.00M | Scene | Updating Images | Loading r12_stone_nor_gl.001
Fra:1 Mem:1592.80M (Peak 2424.70M) | Time:60:58:35.78 | Mem:0.00M, Peak:0.00M | Scene | Updating Images | Loading r12_cutstone_nor_gl.001
Fra:1 Mem:1594.80M (Peak 2424.70M) | Time:60:58:35.78 | Mem:0.00M, Peak:0.00M | Scene | Updating Images | Loading fern_02_rgba.png.003
Fra:1 Mem:1596.81M (Peak 2424.70M) | Time:60:58:35.78 | Mem:1.00M, Peak:1.00M | Scene | Updating Images | Loading r12_darkwood_diff.001
Fra:1 Mem:1600.81M (Peak 2424.70M) | Time:60:58:35.78 | Mem:2.00M, Peak:2.00M | Scene | Updating Images | Loading r12_darkwood_nor_gl.001
Fra:1 Mem:1609.81M (Peak 2424.70M) | Time:60:58:35.78 | Mem:3.00M, Peak:3.00M | Scene | Updating Images | Loading r12_darkwood_rough.001
Fra:1 Mem:1609.81M (Peak 2424.70M) | Time:60:58:35.78 | Mem:4.00M, Peak:4.00M | Scene | Updating Images | Loading r12_floorwood_diff.001
Fra:1 Mem:1611.81M (Peak 2424.70M) | Time:60:58:35.78 | Mem:5.00M, Peak:5.00M | Scene | Updating Images | Loading r12_floorwood_nor_gl.001
Fra:1 Mem:1612.81M (Peak 2424.70M) | Time:60:58:35.78 | Mem:6.00M, Peak:6.00M | Scene | Updating Images | Loading r12_floorwood_rough.001
Fra:1 Mem:1613.81M (Peak 2424.70M) | Time:60:58:35.78 | Mem:7.00M, Peak:7.00M | Scene | Updating Images | Loading r12_wood_diff.001
Fra:1 Mem:1614.81M (Peak 2424.70M) | Time:60:58:35.78 | Mem:8.00M, Peak:8.00M | Scene | Updating Images | Loading r12_wood_nor_gl.001
Fra:1 Mem:1615.81M (Peak 2424.70M) | Time:60:58:35.78 | Mem:9.00M, Peak:9.00M | Scene | Updating Images | Loading r12_wood_rough.001
Fra:1 Mem:1616.81M (Peak 2424.70M) | Time:60:58:35.78 | Mem:11.00M, Peak:11.00M | Scene | Updating Images | Loading r12_furniture_diff.001
Fra:1 Mem:1617.81M (Peak 2424.70M) | Time:60:58:35.78 | Mem:11.00M, Peak:11.00M | Scene | Updating Images | Loading r12_furniture_nor_gl.001
Fra:1 Mem:1617.81M (Peak 2424.70M) | Time:60:58:35.78 | Mem:12.00M, Peak:12.00M | Scene | Updating Images | Loading r12_furniture_rough.001
Fra:1 Mem:1619.81M (Peak 2424.70M) | Time:60:58:35.78 | Mem:13.00M, Peak:13.00M | Scene | Updating Images | Loading r12_latticewood_diff.001
Fra:1 Mem:1620.82M (Peak 2424.70M) | Time:60:58:35.78 | Mem:14.00M, Peak:14.00M | Scene | Updating Images | Loading island_tree_01_leaves_rgba.png.007
Fra:1 Mem:1621.07M (Peak 2424.70M) | Time:60:58:35.78 | Mem:15.00M, Peak:15.00M | Scene | Updating Images | Loading r12_latticewood_nor_gl.001
Fra:1 Mem:1622.07M (Peak 2424.70M) | Time:60:58:35.78 | Mem:17.00M, Peak:17.00M | Scene | Updating Images | Loading r12_roof_diff.001
Fra:1 Mem:1623.07M (Peak 2424.70M) | Time:60:58:35.78 | Mem:17.00M, Peak:17.00M | Scene | Updating Images | Loading r12_latticewood_rough.001
Fra:1 Mem:1624.07M (Peak 2424.70M) | Time:60:58:35.78 | Mem:17.25M, Peak:17.25M | Scene | Updating Images | Loading pine_sapling_small_twig_rgba.png.003
Fra:1 Mem:1624.32M (Peak 2424.70M) | Time:60:58:35.78 | Mem:18.25M, Peak:18.25M | Scene | Updating Images | Loading r12_roof_nor_gl.001
Fra:1 Mem:1625.32M (Peak 2424.70M) | Time:60:58:35.78 | Mem:18.50M, Peak:18.50M | Scene | Updating Images | Loading island_tree_02_leaves_rgba.png.003
Fra:1 Mem:1625.57M (Peak 2424.70M) | Time:60:58:35.78 | Mem:19.50M, Peak:19.50M | Scene | Updating Images | Loading r12_roof_rough.001
Fra:1 Mem:1626.57M (Peak 2424.70M) | Time:60:58:35.78 | Mem:20.75M, Peak:20.75M | Scene | Updating Images | Loading island_tree_01_leaves_rgba.png.006
Fra:1 Mem:1626.57M (Peak 2424.70M) | Time:60:58:35.78 | Mem:21.75M, Peak:21.75M | Scene | Updating Images | Loading r12_tilelight_nor_gl.001
Fra:1 Mem:1627.82M (Peak 2424.70M) | Time:60:58:35.78 | Mem:21.75M, Peak:21.75M | Scene | Updating Images | Loading r12_tilelight_diff.001
Fra:1 Mem:1628.82M (Peak 2424.70M) | Time:60:58:35.78 | Mem:22.75M, Peak:22.75M | Scene | Updating Images | Loading r12_tilelight_rough.001
Fra:1 Mem:1629.82M (Peak 2424.70M) | Time:60:58:35.78 | Mem:23.00M, Peak:23.00M | Scene | Updating Images | Loading fern_02_rgba.png.002
Fra:1 Mem:1629.82M (Peak 2424.70M) | Time:60:58:35.78 | Mem:24.00M, Peak:24.00M | Scene | Updating Images | Loading r12_tile_diff.001
Fra:1 Mem:1630.82M (Peak 2424.70M) | Time:60:58:35.78 | Mem:25.00M, Peak:25.00M | Scene | Updating Images | Loading r12_tile_nor_gl.001
Fra:1 Mem:1631.82M (Peak 2424.70M) | Time:60:58:35.78 | Mem:26.00M, Peak:26.00M | Scene | Updating Images | Loading r12_tile_rough.001
Fra:1 Mem:1632.82M (Peak 2424.70M) | Time:60:58:35.78 | Mem:27.00M, Peak:27.00M | Scene | Updating Images | Loading r12_tiledark_diff.001
Fra:1 Mem:1634.83M (Peak 2424.70M) | Time:60:58:35.78 | Mem:29.00M, Peak:29.00M | Scene | Updating Images | Loading r12_tiledark_rough.001
Fra:1 Mem:1635.83M (Peak 2424.70M) | Time:60:58:35.78 | Mem:30.00M, Peak:30.00M | Scene | Updating Images | Loading r12_tiledark_nor_gl.001
Fra:1 Mem:1635.83M (Peak 2424.70M) | Time:60:58:35.78 | Mem:30.00M, Peak:30.00M | Scene | Updating Images | Loading rock_moss_set_01_diff
Fra:1 Mem:1640.83M (Peak 2424.70M) | Time:60:58:35.78 | Mem:31.00M, Peak:31.00M | Scene | Updating Images | Loading rock_moss_set_01_nor_gl
Fra:1 Mem:1644.83M (Peak 2424.70M) | Time:60:58:35.78 | Mem:32.00M, Peak:32.00M | Scene | Updating Images | Loading r12_paving_diff.001
Fra:1 Mem:1645.83M (Peak 2424.70M) | Time:60:58:35.78 | Mem:33.00M, Peak:33.00M | Scene | Updating Images | Loading r12_paving_nor_gl.001
Fra:1 Mem:1646.83M (Peak 2424.70M) | Time:60:58:35.78 | Mem:34.00M, Peak:34.00M | Scene | Updating Images | Loading r12_paving_rough.001
Fra:1 Mem:1647.83M (Peak 2424.70M) | Time:60:58:35.78 | Mem:36.00M, Peak:36.00M | Scene | Updating Images | Loading r12_gardenstone_diff
Fra:1 Mem:1648.83M (Peak 2424.70M) | Time:60:58:35.78 | Mem:36.00M, Peak:36.00M | Scene | Updating Images | Loading r12_gardenstone_nor_gl
Fra:1 Mem:1649.83M (Peak 2424.70M) | Time:60:58:35.78 | Mem:37.00M, Peak:37.00M | Scene | Updating Images | Loading r12_gardenstone_rough
Fra:1 Mem:1650.83M (Peak 2424.70M) | Time:60:58:35.78 | Mem:41.00M, Peak:41.00M | Scene | Updating Images | Loading worn_mossy_plasterwall.jpg
Fra:1 Mem:1654.83M (Peak 2424.70M) | Time:60:58:35.78 | Mem:42.00M, Peak:42.00M | Scene | Updating Images | Loading r12_bankstone_diff.001
Fra:1 Mem:1655.83M (Peak 2424.70M) | Time:60:58:35.78 | Mem:43.00M, Peak:43.00M | Scene | Updating Images | Loading r12_bankstone_nor_gl.001
Fra:1 Mem:1656.83M (Peak 2424.70M) | Time:60:58:35.78 | Mem:44.00M, Peak:44.00M | Scene | Updating Images | Loading r12_bankstone_rough.001
Fra:1 Mem:1657.83M (Peak 2424.70M) | Time:60:58:35.78 | Mem:45.00M, Peak:45.00M | Scene | Updating Images | Loading r12_courtbase_diff.001
Fra:1 Mem:1658.83M (Peak 2424.70M) | Time:60:58:35.78 | Mem:46.00M, Peak:46.00M | Scene | Updating Images | Loading r12_courtbase_nor_gl.001
Fra:1 Mem:1659.83M (Peak 2424.70M) | Time:60:58:35.79 | Mem:52.00M, Peak:52.00M | Scene | Updating Images | Loading r12_courtbase_rough.001
Fra:1 Mem:1660.83M (Peak 2424.70M) | Time:60:58:35.79 | Mem:53.00M, Peak:53.00M | Scene | Updating Images | Loading island_tree_01_rough
Fra:1 Mem:1668.83M (Peak 2424.70M) | Time:60:58:35.79 | Mem:53.00M, Peak:53.00M | Scene | Updating Images | Loading island_tree_01_nor_gl
Fra:1 Mem:1672.83M (Peak 2424.70M) | Time:60:58:35.79 | Mem:54.00M, Peak:54.00M | Scene | Updating Images | Loading island_tree_01_leaves_diff-island_tree_01_leaves_alpha
Fra:1 Mem:1672.83M (Peak 2424.70M) | Time:60:58:35.79 | Mem:55.00M, Peak:55.00M | Scene | Updating Images | Loading island_tree_01_leaves_rough
Fra:1 Mem:1681.84M (Peak 2424.70M) | Time:60:58:35.79 | Mem:59.00M, Peak:59.00M | Scene | Updating Images | Loading island_tree_01_leaves_nor_gl
Fra:1 Mem:1684.83M (Peak 2424.70M) | Time:60:58:35.79 | Mem:60.00M, Peak:60.00M | Scene | Updating Images | Loading island_tree_01_leaves_rgba.png.005
Fra:1 Mem:1685.08M (Peak 2424.70M) | Time:60:58:35.79 | Mem:64.00M, Peak:64.00M | Scene | Updating Images | Loading island_tree_01_branches_diff
Fra:1 Mem:1689.08M (Peak 2424.70M) | Time:60:58:35.79 | Mem:68.00M, Peak:68.00M | Scene | Updating Images | Loading island_tree_01_branches_rough
Fra:1 Mem:1689.08M (Peak 2424.70M) | Time:60:58:35.79 | Mem:72.00M, Peak:72.00M | Scene | Updating Images | Loading island_tree_01_branches_nor_gl
Fra:1 Mem:1697.08M (Peak 2424.70M) | Time:60:58:35.79 | Mem:76.00M, Peak:76.00M | Scene | Updating Images | Loading island_tree_01_leaves_diff_1k.png.001
Fra:1 Mem:1697.08M (Peak 2424.70M) | Time:60:58:35.79 | Mem:76.25M, Peak:76.25M | Scene | Updating Images | Loading pine_sapling_small_twig_rgba.png.002
Fra:1 Mem:1697.08M (Peak 2424.70M) | Time:60:58:35.79 | Mem:80.25M, Peak:80.25M | Scene | Updating Images | Loading island_tree_01_leaves_alpha_1k.png.001
Fra:1 Mem:1697.08M (Peak 2424.70M) | Time:60:58:35.79 | Mem:84.25M, Peak:84.25M | Scene | Updating Images | Loading island_tree_02_diff
Fra:1 Mem:1711.33M (Peak 2424.70M) | Time:60:58:35.79 | Mem:88.25M, Peak:88.25M | Scene | Updating Images | Loading island_tree_02_rough
Fra:1 Mem:1715.33M (Peak 2424.70M) | Time:60:58:35.79 | Mem:92.25M, Peak:92.25M | Scene | Updating Images | Loading island_tree_02_nor_gl
Fra:1 Mem:1720.33M (Peak 2424.70M) | Time:60:58:35.79 | Mem:96.25M, Peak:96.25M | Scene | Updating Images | Loading island_tree_02_leaves_diff-island_tree_02_leaves_alpha
Fra:1 Mem:1725.33M (Peak 2424.70M) | Time:60:58:35.79 | Mem:100.25M, Peak:100.25M | Scene | Updating Images | Loading island_tree_02_leaves_rough
Fra:1 Mem:1729.59M (Peak 2424.70M) | Time:60:58:35.79 | Mem:104.25M, Peak:104.25M | Scene | Updating Images | Loading island_tree_02_leaves_nor_gl
Fra:1 Mem:1733.33M (Peak 2424.70M) | Time:60:58:35.79 | Mem:104.50M, Peak:104.50M | Scene | Updating Images | Loading island_tree_02_leaves_rgba.png.002
Fra:1 Mem:1734.34M (Peak 2424.70M) | Time:60:58:35.79 | Mem:108.50M, Peak:108.50M | Scene | Updating Images | Loading island_tree_02_leaves_diff_1k.png.001
Fra:1 Mem:1733.58M (Peak 2424.70M) | Time:60:58:35.79 | Mem:109.50M, Peak:109.50M | Scene | Updating Images | Loading island_tree_02_leaves_alpha_1k.png.001
Fra:1 Mem:1733.58M (Peak 2424.70M) | Time:60:58:35.79 | Mem:109.50M, Peak:109.50M | Scene | Updating Images | Loading island_tree_02_branches_diff
Fra:1 Mem:1737.84M (Peak 2424.70M) | Time:60:58:35.80 | Mem:113.50M, Peak:113.50M | Scene | Updating Images | Loading island_tree_02_branches_rough
Fra:1 Mem:1741.58M (Peak 2424.70M) | Time:60:58:35.80 | Mem:113.75M, Peak:113.75M | Scene | Updating Images | Loading island_tree_01_leaves_rgba.png.004
Fra:1 Mem:1746.84M (Peak 2424.70M) | Time:60:58:35.80 | Mem:117.75M, Peak:117.75M | Scene | Updating Images | Loading island_tree_02_branches_nor_gl
Fra:1 Mem:1751.84M (Peak 2424.70M) | Time:60:58:35.80 | Mem:121.75M, Peak:121.75M | Scene | Updating Images | Loading pine_sapling_small_bark_diff
Fra:1 Mem:1755.84M (Peak 2424.70M) | Time:60:58:35.80 | Mem:122.00M, Peak:122.00M | Scene | Updating Images | Loading fern_02_rgba.png.001
Fra:1 Mem:1756.85M (Peak 2424.70M) | Time:60:58:35.80 | Mem:126.00M, Peak:126.00M | Scene | Updating Images | Loading pine_sapling_small_bark_rough
Fra:1 Mem:1757.84M (Peak 2424.70M) | Time:60:58:35.80 | Mem:131.00M, Peak:131.00M | Scene | Updating Images | Loading pine_sapling_small_bark_nor_gl
Fra:1 Mem:1760.83M (Peak 2424.70M) | Time:60:58:35.80 | Mem:132.00M, Peak:132.00M | Scene | Updating Images | Loading pine_sapling_small_twig_diff
Fra:1 Mem:1764.83M (Peak 2424.70M) | Time:60:58:35.80 | Mem:136.00M, Peak:136.00M | Scene | Updating Images | Loading pine_sapling_small_twig_rough
Fra:1 Mem:1768.83M (Peak 2424.70M) | Time:60:58:35.80 | Mem:140.00M, Peak:140.00M | Scene | Updating Images | Loading pine_sapling_small_twig_nor_gl
Fra:1 Mem:1772.83M (Peak 2424.70M) | Time:60:58:35.80 | Mem:144.00M, Peak:144.00M | Scene | Updating Images | Loading pine_sapling_small_twig_diff_1k.png.001
Fra:1 Mem:1772.83M (Peak 2424.70M) | Time:60:58:35.80 | Mem:148.00M, Peak:148.00M | Scene | Updating Images | Loading pine_sapling_small_twig_alpha_1k.png.001
Fra:1 Mem:1772.83M (Peak 2424.70M) | Time:60:58:35.80 | Mem:157.00M, Peak:157.00M | Scene | Updating Images | Loading island_tree_01_leaves_diff_1k.png.002
Fra:1 Mem:1772.83M (Peak 2424.70M) | Time:60:58:35.80 | Mem:157.00M, Peak:157.00M | Scene | Updating Images | Loading island_tree_01_leaves_alpha_1k.png.002
Fra:1 Mem:1772.83M (Peak 2424.70M) | Time:60:58:35.80 | Mem:158.00M, Peak:158.00M | Scene | Updating Images | Loading island_tree_01_leaves_rgba.png.003
Fra:1 Mem:1772.83M (Peak 2424.70M) | Time:60:58:35.80 | Mem:158.00M, Peak:158.00M | Scene | Updating Images | Loading island_tree_02_leaves_diff_1k.png.002
Fra:1 Mem:1772.83M (Peak 2424.70M) | Time:60:58:35.80 | Mem:158.00M, Peak:158.00M | Scene | Updating Images | Loading island_tree_02_leaves_alpha_1k.png.002
Fra:1 Mem:1775.08M (Peak 2424.70M) | Time:60:58:35.81 | Mem:158.25M, Peak:158.25M | Scene | Updating Images | Loading pine_sapling_small_twig_rgba.png.001
Fra:1 Mem:1776.09M (Peak 2424.70M) | Time:60:58:35.81 | Mem:159.25M, Peak:159.25M | Scene | Updating Images | Loading pine_sapling_small_twig_diff_1k.png.002
Fra:1 Mem:1776.08M (Peak 2424.70M) | Time:60:58:35.81 | Mem:160.25M, Peak:160.25M | Scene | Updating Images | Loading pine_sapling_small_twig_alpha_1k.png.002
Fra:1 Mem:1782.60M (Peak 2424.70M) | Time:60:58:35.81 | Mem:162.25M, Peak:162.25M | Scene | Updating Images | Loading island_tree_01_leaves_diff_1k.png.003
Fra:1 Mem:1781.33M (Peak 2424.70M) | Time:60:58:35.81 | Mem:162.50M, Peak:162.50M | Scene | Updating Images | Loading island_tree_02_leaves_rgba.png.001
Fra:1 Mem:1781.33M (Peak 2424.70M) | Time:60:58:35.81 | Mem:163.50M, Peak:163.50M | Scene | Updating Images | Loading island_tree_01_leaves_alpha_1k.png.003
Fra:1 Mem:1782.58M (Peak 2424.70M) | Time:60:58:35.81 | Mem:164.50M, Peak:164.50M | Scene | Updating Images | Loading island_tree_02_leaves_diff_1k.png.003
Fra:1 Mem:1782.84M (Peak 2424.70M) | Time:60:58:35.81 | Mem:165.50M, Peak:165.50M | Scene | Updating Images | Loading island_tree_02_leaves_alpha_1k.png.003
Fra:1 Mem:1782.84M (Peak 2424.70M) | Time:60:58:35.81 | Mem:166.50M, Peak:166.50M | Scene | Updating Images | Loading pine_sapling_small_twig_diff_1k.png.003
Fra:1 Mem:1782.58M (Peak 2424.70M) | Time:60:58:35.81 | Mem:166.75M, Peak:166.75M | Scene | Updating Images | Loading island_tree_01_leaves_rgba.png.002
Fra:1 Mem:1787.84M (Peak 2424.70M) | Time:60:58:35.81 | Mem:167.75M, Peak:167.75M | Scene | Updating Images | Loading pine_sapling_small_twig_alpha_1k.png.003
Fra:1 Mem:1783.83M (Peak 2424.70M) | Time:60:58:35.81 | Mem:171.75M, Peak:171.75M | Scene | Updating Images | Loading island_tree_01_leaves_diff_1k.png.004
Fra:1 Mem:1775.83M (Peak 2424.70M) | Time:60:58:35.81 | Mem:172.00M, Peak:172.00M | Scene | Updating Images | Loading fern_02_rgba.png
Fra:1 Mem:1776.83M (Peak 2424.70M) | Time:60:58:35.81 | Mem:173.00M, Peak:173.00M | Scene | Updating Images | Loading island_tree_01_leaves_alpha_1k.png.004
Fra:1 Mem:1781.83M (Peak 2424.70M) | Time:60:58:35.81 | Mem:175.00M, Peak:175.00M | Scene | Updating Images | Loading island_tree_02_leaves_diff_1k.png.004
Fra:1 Mem:1782.84M (Peak 2424.70M) | Time:60:58:35.81 | Mem:175.00M, Peak:175.00M | Scene | Updating Images | Loading island_tree_02_leaves_alpha_1k.png.004
Fra:1 Mem:1782.83M (Peak 2424.70M) | Time:60:58:35.82 | Mem:176.00M, Peak:176.00M | Scene | Updating Images | Loading pine_sapling_small_twig_diff_1k.png.004
Fra:1 Mem:1783.84M (Peak 2424.70M) | Time:60:58:35.82 | Mem:177.00M, Peak:177.00M | Scene | Updating Images | Loading pine_sapling_small_twig_alpha_1k.png.004
Fra:1 Mem:1782.83M (Peak 2424.70M) | Time:60:58:35.82 | Mem:178.00M, Peak:178.00M | Scene | Updating Images | Loading island_tree_01_leaves_diff_1k.png.005
Fra:1 Mem:1789.84M (Peak 2424.70M) | Time:60:58:35.82 | Mem:179.00M, Peak:179.00M | Scene | Updating Images | Loading island_tree_01_leaves_alpha_1k.png.005
Fra:1 Mem:1788.83M (Peak 2424.70M) | Time:60:58:35.82 | Mem:180.00M, Peak:180.00M | Scene | Updating Images | Loading island_tree_01_leaves_rgba.png.001
Fra:1 Mem:1792.09M (Peak 2424.70M) | Time:60:58:35.82 | Mem:181.00M, Peak:181.00M | Scene | Updating Images | Loading island_tree_02_leaves_diff_1k.png.005
Fra:1 Mem:1784.08M (Peak 2424.70M) | Time:60:58:35.82 | Mem:181.25M, Peak:181.25M | Scene | Updating Images | Loading pine_sapling_small_twig_rgba.png
Fra:1 Mem:1786.33M (Peak 2424.70M) | Time:60:58:35.82 | Mem:190.25M, Peak:190.25M | Scene | Updating Images | Loading island_tree_02_leaves_alpha_1k.png.005
Fra:1 Mem:1786.33M (Peak 2424.70M) | Time:60:58:35.82 | Mem:190.25M, Peak:190.25M | Scene | Updating Images | Loading pine_sapling_small_twig_diff_1k.png.005
Fra:1 Mem:1787.33M (Peak 2424.70M) | Time:60:58:35.82 | Mem:190.25M, Peak:190.25M | Scene | Updating Images | Loading pine_sapling_small_twig_alpha_1k.png.005
Fra:1 Mem:1787.33M (Peak 2424.70M) | Time:60:58:35.82 | Mem:191.25M, Peak:191.25M | Scene | Updating Images | Loading island_tree_01_leaves_diff_1k.png.006
Fra:1 Mem:1787.33M (Peak 2424.70M) | Time:60:58:35.82 | Mem:191.25M, Peak:191.25M | Scene | Updating Images | Loading island_tree_01_leaves_alpha_1k.png.006
Fra:1 Mem:1787.59M (Peak 2424.70M) | Time:60:58:35.82 | Mem:192.25M, Peak:192.25M | Scene | Updating Images | Loading island_tree_02_leaves_diff_1k.png.006
Fra:1 Mem:1787.33M (Peak 2424.70M) | Time:60:58:35.82 | Mem:192.50M, Peak:192.50M | Scene | Updating Images | Loading island_tree_02_leaves_rgba.png
Fra:1 Mem:1788.58M (Peak 2424.70M) | Time:60:58:35.82 | Mem:193.50M, Peak:193.50M | Scene | Updating Images | Loading island_tree_02_leaves_alpha_1k.png.006
Fra:1 Mem:1788.58M (Peak 2424.70M) | Time:60:58:35.82 | Mem:193.75M, Peak:193.75M | Scene | Updating Images | Loading island_tree_01_leaves_rgba.png
Fra:1 Mem:1792.84M (Peak 2424.70M) | Time:60:58:35.83 | Mem:194.75M, Peak:194.75M | Scene | Updating Images | Loading pine_sapling_small_twig_diff_1k.png.006
Fra:1 Mem:1791.83M (Peak 2424.70M) | Time:60:58:35.83 | Mem:195.75M, Peak:195.75M | Scene | Updating Images | Loading pine_sapling_small_twig_alpha_1k.png.006
Fra:1 Mem:1791.83M (Peak 2424.70M) | Time:60:58:35.83 | Mem:196.00M, Peak:196.00M | Scene | Updating Images | Loading fern_02_alpha_1k.png.001
Fra:1 Mem:1794.83M (Peak 2424.70M) | Time:60:58:35.83 | Mem:198.00M, Peak:198.00M | Scene | Updating Images | Loading island_tree_01_leaves_diff_1k.png.007
Fra:1 Mem:1811.84M (Peak 2424.70M) | Time:60:58:35.83 | Mem:199.00M, Peak:199.00M | Scene | Updating Images | Loading island_tree_01_leaves_alpha_1k.png.007
Fra:1 Mem:1813.85M (Peak 2424.70M) | Time:60:58:35.83 | Mem:199.00M, Peak:199.00M | Scene | Updating Images | Loading island_tree_02_leaves_diff_1k.png.007
Fra:1 Mem:1811.83M (Peak 2424.70M) | Time:60:58:35.83 | Mem:201.00M, Peak:201.00M | Scene | Updating Images | Loading island_tree_02_leaves_alpha_1k.png.007
Fra:1 Mem:1811.83M (Peak 2424.70M) | Time:60:58:35.83 | Mem:201.00M, Peak:201.00M | Scene | Updating Images | Loading pine_sapling_small_twig_diff_1k.png.007
Fra:1 Mem:1814.83M (Peak 2424.70M) | Time:60:58:35.83 | Mem:202.00M, Peak:202.00M | Scene | Updating Images | Loading pine_sapling_small_twig_alpha_1k.png.007
Fra:1 Mem:1814.83M (Peak 2424.70M) | Time:60:58:35.83 | Mem:203.00M, Peak:203.00M | Scene | Updating Images | Loading island_tree_01_leaves_diff_1k.png.008
Fra:1 Mem:1814.83M (Peak 2424.70M) | Time:60:58:35.83 | Mem:204.00M, Peak:204.00M | Scene | Updating Images | Loading island_tree_01_leaves_alpha_1k.png.008
Fra:1 Mem:1824.86M (Peak 2424.70M) | Time:60:58:35.84 | Mem:207.00M, Peak:207.00M | Scene | Updating Images | Loading island_tree_02_leaves_diff_1k.png.008
Fra:1 Mem:1821.83M (Peak 2424.70M) | Time:60:58:35.84 | Mem:209.00M, Peak:209.00M | Scene | Updating Images | Loading island_tree_02_leaves_alpha_1k.png.008
Fra:1 Mem:1821.83M (Peak 2424.70M) | Time:60:58:35.84 | Mem:209.00M, Peak:209.00M | Scene | Updating Images | Loading pine_sapling_small_twig_diff_1k.png.008
Fra:1 Mem:1821.83M (Peak 2424.70M) | Time:60:58:35.84 | Mem:210.00M, Peak:210.00M | Scene | Updating Images | Loading pine_sapling_small_twig_alpha_1k.png.008
Fra:1 Mem:1821.83M (Peak 2424.70M) | Time:60:58:35.84 | Mem:210.00M, Peak:210.00M | Scene | Updating Images | Loading fern_02_diff_1k.png.002
Fra:1 Mem:1821.83M (Peak 2424.70M) | Time:60:58:35.84 | Mem:211.00M, Peak:211.00M | Scene | Updating Images | Loading fern_02_rough
Fra:1 Mem:1825.83M (Peak 2424.70M) | Time:60:58:35.84 | Mem:211.00M, Peak:211.00M | Scene | Updating Images | Loading fern_02_nor_gl
Fra:1 Mem:1853.85M (Peak 2424.70M) | Time:60:58:35.84 | Mem:212.00M, Peak:212.00M | Scene | Updating Images | Loading island_tree_01_leaves_diff_1k.png.009
Fra:1 Mem:1854.86M (Peak 2424.70M) | Time:60:58:35.84 | Mem:213.00M, Peak:213.00M | Scene | Updating Images | Loading island_tree_01_leaves_alpha_1k.png.009
Fra:1 Mem:1853.84M (Peak 2424.70M) | Time:60:58:35.84 | Mem:215.00M, Peak:215.00M | Scene | Updating Images | Loading island_tree_02_leaves_diff_1k.png.009
Fra:1 Mem:1853.84M (Peak 2424.70M) | Time:60:58:35.84 | Mem:216.00M, Peak:216.00M | Scene | Updating Images | Loading island_tree_02_leaves_alpha_1k.png.009
Fra:1 Mem:1858.86M (Peak 2424.70M) | Time:60:58:35.85 | Mem:221.00M, Peak:221.00M | Scene | Updating Images | Loading pine_sapling_small_twig_diff_1k.png.009
Fra:1 Mem:1845.85M (Peak 2424.70M) | Time:60:58:35.85 | Mem:223.00M, Peak:223.00M | Scene | Updating Images | Loading pine_sapling_small_twig_alpha_1k.png.009
Fra:1 Mem:1846.86M (Peak 2424.70M) | Time:60:58:35.85 | Mem:223.00M, Peak:223.00M | Scene | Updating Images | Loading fern_02_diff_1k.png.003
Fra:1 Mem:1846.86M (Peak 2424.70M) | Time:60:58:35.85 | Mem:223.00M, Peak:223.00M | Scene | Updating Images | Loading island_tree_01_leaves_diff_1k.png.010
Fra:1 Mem:1842.84M (Peak 2424.70M) | Time:60:58:35.85 | Mem:224.00M, Peak:224.00M | Scene | Updating Images | Loading island_tree_01_leaves_alpha_1k.png.010
Fra:1 Mem:1842.84M (Peak 2424.70M) | Time:60:58:35.85 | Mem:228.00M, Peak:228.00M | Scene | Updating Images | Loading island_tree_02_leaves_diff_1k.png.010
Fra:1 Mem:1842.84M (Peak 2424.70M) | Time:60:58:35.85 | Mem:232.00M, Peak:232.00M | Scene | Updating Images | Loading island_tree_02_leaves_alpha_1k.png.010
Fra:1 Mem:1842.83M (Peak 2424.70M) | Time:60:58:35.85 | Mem:233.00M, Peak:233.00M | Scene | Updating Images | Loading pine_sapling_small_twig_diff_1k.png.010
Fra:1 Mem:1842.83M (Peak 2424.70M) | Time:60:58:35.85 | Mem:249.00M, Peak:249.00M | Scene | Updating Images | Loading fern_02_alpha_1k.png
Fra:1 Mem:1864.83M (Peak 2424.70M) | Time:60:58:35.85 | Mem:250.00M, Peak:250.00M | Scene | Updating Images | Loading pine_sapling_small_twig_alpha_1k.png.010
Fra:1 Mem:1870.85M (Peak 2424.70M) | Time:60:58:35.85 | Mem:251.00M, Peak:251.00M | Scene | Updating Images | Loading fern_02_diff_1k.png.004
Fra:1 Mem:1869.84M (Peak 2424.70M) | Time:60:58:35.85 | Mem:253.00M, Peak:253.00M | Scene | Updating Images | Loading island_tree_01_leaves_diff_1k.png.011
Fra:1 Mem:1869.84M (Peak 2424.70M) | Time:60:58:35.85 | Mem:253.00M, Peak:253.00M | Scene | Updating Images | Loading island_tree_01_leaves_alpha_1k.png.011
Fra:1 Mem:1869.84M (Peak 2424.70M) | Time:60:58:35.85 | Mem:253.00M, Peak:253.00M | Scene | Updating Images | Loading island_tree_02_leaves_diff_1k.png.011
Fra:1 Mem:1869.84M (Peak 2424.70M) | Time:60:58:35.85 | Mem:254.00M, Peak:254.00M | Scene | Updating Images | Loading island_tree_02_leaves_alpha_1k.png.011
Fra:1 Mem:1869.84M (Peak 2424.70M) | Time:60:58:35.86 | Mem:254.00M, Peak:254.00M | Scene | Updating Images | Loading pine_sapling_small_twig_diff_1k.png.011
Fra:1 Mem:1879.86M (Peak 2424.70M) | Time:60:58:35.86 | Mem:261.00M, Peak:261.00M | Scene | Updating Images | Loading pine_sapling_small_twig_alpha_1k.png.011
Fra:1 Mem:1879.85M (Peak 2424.70M) | Time:60:58:35.86 | Mem:262.00M, Peak:262.00M | Scene | Updating Images | Loading island_tree_01_leaves_diff_1k.png.012
Fra:1 Mem:1880.85M (Peak 2424.70M) | Time:60:58:35.86 | Mem:262.00M, Peak:262.00M | Scene | Updating Images | Loading island_tree_01_leaves_alpha_1k.png.012
Fra:1 Mem:1879.84M (Peak 2424.70M) | Time:60:58:35.86 | Mem:263.00M, Peak:263.00M | Scene | Updating Images | Loading fern_02_diff_1k.png.005
DETAIL CONTACT daguanlou ceramic 1200 0.32
Fra:1 Mem:1507.16M (Peak 2424.70M) | Time:60:58:37.28 | Mem:0.00M, Peak:0.00M | Scene | Synchronizing object | daguanlou_stone
Fra:1 Mem:1507.16M (Peak 2424.70M) | Time:60:58:37.28 | Mem:0.00M, Peak:0.00M | Scene | Synchronizing object | daguanlou_wood
Fra:1 Mem:1507.34M (Peak 2424.70M) | Time:60:58:37.28 | Mem:0.00M, Peak:0.00M | Scene | Synchronizing object | daguanlou_latticewood.001
Fra:1 Mem:1511.01M (Peak 2424.70M) | Time:60:58:37.28 | Mem:0.00M, Peak:0.00M | Scene | Synchronizing object | daguanlou_limestone.001
Fra:1 Mem:1522.14M (Peak 2424.70M) | Time:60:58:37.28 | Mem:0.00M, Peak:0.00M | Scene | Synchronizing object | daguanlou_screen
Fra:1 Mem:1522.45M (Peak 2424.70M) | Time:60:58:37.28 | Mem:0.00M, Peak:0.00M | Scene | Synchronizing object | daguanlou_roof
Fra:1 Mem:1523.36M (Peak 2424.70M) | Time:60:58:37.28 | Mem:0.00M, Peak:0.00M | Scene | Synchronizing object | daguanlou_tilelight
Fra:1 Mem:1525.13M (Peak 2424.70M) | Time:60:58:37.28 | Mem:0.00M, Peak:0.00M | Scene | Synchronizing object | daguanlou_tile
Fra:1 Mem:1525.13M (Peak 2424.70M) | Time:60:58:37.28 | Mem:0.00M, Peak:0.00M | Scene | Synchronizing object | daguanlou_canopy_light
Fra:1 Mem:1544.11M (Peak 2424.70M) | Time:60:58:37.28 | Mem:0.00M, Peak:0.00M | Scene | Synchronizing object | daguanlou_canopy
Fra:1 Mem:1544.67M (Peak 2424.70M) | Time:60:58:37.28 | Mem:0.00M, Peak:0.00M | Scene | Synchronizing object | daguanlou_tiledark
Fra:1 Mem:1547.91M (Peak 2424.70M) | Time:60:58:37.28 | Mem:0.00M, Peak:0.00M | Scene | Synchronizing object | daguanlou_lantern
Fra:1 Mem:1547.91M (Peak 2424.70M) | Time:60:58:37.28 | Mem:0.00M, Peak:0.00M | Scene | Synchronizing object | daguanlou_canopy_shadow
Fra:1 Mem:1548.53M (Peak 2424.70M) | Time:60:58:37.28 | Mem:0.00M, Peak:0.00M | Scene | Synchronizing object | daguanlou_gold
Fra:1 Mem:1548.68M (Peak 2424.70M) | Time:60:58:37.28 | Mem:0.00M, Peak:0.00M | Scene | Synchronizing object | daguanlou_paving
Fra:1 Mem:1551.53M (Peak 2424.70M) | Time:60:58:37.28 | Mem:0.00M, Peak:0.00M | Scene | Synchronizing object | daguanlou_courtbase
Fra:1 Mem:1551.69M (Peak 2424.70M) | Time:60:58:37.28 | Mem:0.00M, Peak:0.00M | Scene | Synchronizing object | daguanlou_bark
Fra:1 Mem:1551.69M (Peak 2424.70M) | Time:60:58:37.28 | Mem:0.00M, Peak:0.00M | Scene | Synchronizing object | daguanlou_paper
Fra:1 Mem:1551.73M (Peak 2424.70M) | Time:60:58:37.28 | Mem:0.00M, Peak:0.00M | Scene | Synchronizing object | daguanlou_bookcloth.001
Fra:1 Mem:1551.73M (Peak 2424.70M) | Time:60:58:37.28 | Mem:0.00M, Peak:0.00M | Scene | Synchronizing object | daguanlou_ivory.001
Fra:1 Mem:1551.78M (Peak 2424.70M) | Time:60:58:37.28 | Mem:0.00M, Peak:0.00M | Scene | Synchronizing object | daguanlou_ink.001
Fra:1 Mem:1551.78M (Peak 2424.70M) | Time:60:58:37.28 | Mem:0.00M, Peak:0.00M | Scene | Synchronizing object | daguanlou_bookcover.001
Fra:1 Mem:1551.80M (Peak 2424.70M) | Time:60:58:37.28 | Mem:0.00M, Peak:0.00M | Scene | Synchronizing object | daguanlou_ceramic
Fra:1 Mem:1551.89M (Peak 2424.70M) | Time:60:58:37.28 | Mem:0.00M, Peak:0.00M | Scene | Synchronizing object | daguanlou_bamboo.001
Fra:1 Mem:1592.87M (Peak 2424.70M) | Time:60:58:37.30 | Mem:0.00M, Peak:0.00M | Scene | Initializing
Fra:1 Mem:1592.86M (Peak 2424.70M) | Time:60:58:37.30 | Mem:0.00M, Peak:0.00M | Scene | Updating Images | Loading fern_02_rgba.png.003
Fra:1 Mem:1593.86M (Peak 2424.70M) | Time:60:58:37.30 | Mem:0.00M, Peak:0.00M | Scene | Updating Images | Loading forest_grove.hdr
Fra:1 Mem:1593.86M (Peak 2424.70M) | Time:60:58:37.30 | Mem:0.00M, Peak:0.00M | Scene | Updating Images | Loading r12_stone_diff.001
Fra:1 Mem:1594.86M (Peak 2424.70M) | Time:60:58:37.30 | Mem:0.00M, Peak:0.00M | Scene | Updating Images | Loading r12_cutstone_diff.001
Fra:1 Mem:1594.86M (Peak 2424.70M) | Time:60:58:37.30 | Mem:0.00M, Peak:0.00M | Scene | Updating Images | Loading r12_cutstone_nor_gl.001
Fra:1 Mem:1596.86M (Peak 2424.70M) | Time:60:58:37.30 | Mem:0.00M, Peak:0.00M | Scene | Updating Images | Loading r12_cutstone_rough.001
Fra:1 Mem:1599.88M (Peak 2424.70M) | Time:60:58:37.30 | Mem:1.00M, Peak:1.00M | Scene | Updating Images | Loading r12_darkwood_diff.001
Fra:1 Mem:1600.88M (Peak 2424.70M) | Time:60:58:37.30 | Mem:2.00M, Peak:2.00M | Scene | Updating Images | Loading r12_darkwood_nor_gl.001
Fra:1 Mem:1601.89M (Peak 2424.70M) | Time:60:58:37.30 | Mem:3.00M, Peak:3.00M | Scene | Updating Images | Loading island_tree_01_leaves_rgba.png.007
Fra:1 Mem:1602.14M (Peak 2424.70M) | Time:60:58:37.30 | Mem:5.00M, Peak:5.00M | Scene | Updating Images | Loading r12_darkwood_rough.001
Fra:1 Mem:1602.14M (Peak 2424.70M) | Time:60:58:37.30 | Mem:5.00M, Peak:5.00M | Scene | Updating Images | Loading r12_floorwood_diff.001
Fra:1 Mem:1604.14M (Peak 2424.70M) | Time:60:58:37.30 | Mem:7.00M, Peak:7.00M | Scene | Updating Images | Loading r12_floorwood_nor_gl.001
Fra:1 Mem:1605.14M (Peak 2424.70M) | Time:60:58:37.30 | Mem:8.00M, Peak:8.00M | Scene | Updating Images | Loading r12_floorwood_rough.001
Fra:1 Mem:1606.14M (Peak 2424.70M) | Time:60:58:37.30 | Mem:8.00M, Peak:8.00M | Scene | Updating Images | Loading r12_wood_diff.001
Fra:1 Mem:1606.14M (Peak 2424.70M) | Time:60:58:37.30 | Mem:8.25M, Peak:8.25M | Scene | Updating Images | Loading pine_sapling_small_twig_rgba.png.003
Fra:1 Mem:1607.39M (Peak 2424.70M) | Time:60:58:37.30 | Mem:9.25M, Peak:9.25M | Scene | Updating Images | Loading r12_wood_nor_gl.001
Fra:1 Mem:1608.39M (Peak 2424.70M) | Time:60:58:37.30 | Mem:10.25M, Peak:10.25M | Scene | Updating Images | Loading r12_wood_rough.001
Fra:1 Mem:1609.39M (Peak 2424.70M) | Time:60:58:37.30 | Mem:11.50M, Peak:11.50M | Scene | Updating Images | Loading island_tree_02_leaves_rgba.png.003
Fra:1 Mem:1609.64M (Peak 2424.70M) | Time:60:58:37.30 | Mem:11.50M, Peak:11.50M | Scene | Updating Images | Loading r12_furniture_diff.001
Fra:1 Mem:1618.64M (Peak 2424.70M) | Time:60:58:37.30 | Mem:12.50M, Peak:12.50M | Scene | Updating Images | Loading r12_furniture_nor_gl.001
Fra:1 Mem:1619.64M (Peak 2424.70M) | Time:60:58:37.30 | Mem:12.75M, Peak:12.75M | Scene | Updating Images | Loading island_tree_01_leaves_rgba.png.006
Fra:1 Mem:1619.89M (Peak 2424.70M) | Time:60:58:37.30 | Mem:13.75M, Peak:13.75M | Scene | Updating Images | Loading r12_furniture_rough.001
Fra:1 Mem:1620.89M (Peak 2424.70M) | Time:60:58:37.30 | Mem:15.00M, Peak:15.00M | Scene | Updating Images | Loading fern_02_rgba.png.002
Fra:1 Mem:1620.89M (Peak 2424.70M) | Time:60:58:37.30 | Mem:15.00M, Peak:15.00M | Scene | Updating Images | Loading r12_latticewood_diff.001
Fra:1 Mem:1621.89M (Peak 2424.70M) | Time:60:58:37.30 | Mem:16.00M, Peak:16.00M | Scene | Updating Images | Loading r12_latticewood_nor_gl.001
Fra:1 Mem:1622.89M (Peak 2424.70M) | Time:60:58:37.30 | Mem:17.00M, Peak:17.00M | Scene | Updating Images | Loading r12_latticewood_rough.001
Fra:1 Mem:1623.89M (Peak 2424.70M) | Time:60:58:37.30 | Mem:18.00M, Peak:18.00M | Scene | Updating Images | Loading r12_roof_diff.001
Fra:1 Mem:1625.89M (Peak 2424.70M) | Time:60:58:37.30 | Mem:19.00M, Peak:19.00M | Scene | Updating Images | Loading r12_roof_nor_gl.001
Fra:1 Mem:1626.89M (Peak 2424.70M) | Time:60:58:37.30 | Mem:20.00M, Peak:20.00M | Scene | Updating Images | Loading r12_roof_rough.001
Fra:1 Mem:1626.89M (Peak 2424.70M) | Time:60:58:37.30 | Mem:21.00M, Peak:21.00M | Scene | Updating Images | Loading r12_tilelight_diff.001
Fra:1 Mem:1628.89M (Peak 2424.70M) | Time:60:58:37.30 | Mem:22.00M, Peak:22.00M | Scene | Updating Images | Loading r12_tilelight_nor_gl.001
Fra:1 Mem:1629.89M (Peak 2424.70M) | Time:60:58:37.31 | Mem:23.00M, Peak:23.00M | Scene | Updating Images | Loading r12_tilelight_rough.001
Fra:1 Mem:1629.89M (Peak 2424.70M) | Time:60:58:37.31 | Mem:24.00M, Peak:24.00M | Scene | Updating Images | Loading r12_tile_diff.001
Fra:1 Mem:1631.89M (Peak 2424.70M) | Time:60:58:37.31 | Mem:26.00M, Peak:26.00M | Scene | Updating Images | Loading r12_tile_nor_gl.001
Fra:1 Mem:1632.89M (Peak 2424.70M) | Time:60:58:37.31 | Mem:27.00M, Peak:27.00M | Scene | Updating Images | Loading r12_tile_rough.001
Fra:1 Mem:1633.89M (Peak 2424.70M) | Time:60:58:37.31 | Mem:27.00M, Peak:27.00M | Scene | Updating Images | Loading r12_tiledark_diff.001
Fra:1 Mem:1634.89M (Peak 2424.70M) | Time:60:58:37.31 | Mem:28.00M, Peak:28.00M | Scene | Updating Images | Loading r12_tiledark_nor_gl.001
Fra:1 Mem:1635.89M (Peak 2424.70M) | Time:60:58:37.31 | Mem:29.00M, Peak:29.00M | Scene | Updating Images | Loading r12_tiledark_rough.001
Fra:1 Mem:1636.89M (Peak 2424.70M) | Time:60:58:37.31 | Mem:30.00M, Peak:30.00M | Scene | Updating Images | Loading rock_moss_set_01_diff
Fra:1 Mem:1640.89M (Peak 2424.70M) | Time:60:58:37.31 | Mem:31.00M, Peak:31.00M | Scene | Updating Images | Loading rock_moss_set_01_nor_gl
Fra:1 Mem:1644.89M (Peak 2424.70M) | Time:60:58:37.31 | Mem:32.00M, Peak:32.00M | Scene | Updating Images | Loading r12_paving_diff.001
Fra:1 Mem:1645.89M (Peak 2424.70M) | Time:60:58:37.31 | Mem:33.00M, Peak:33.00M | Scene | Updating Images | Loading r12_paving_nor_gl.001
Fra:1 Mem:1646.89M (Peak 2424.70M) | Time:60:58:37.31 | Mem:34.00M, Peak:34.00M | Scene | Updating Images | Loading r12_paving_rough.001
Fra:1 Mem:1647.89M (Peak 2424.70M) | Time:60:58:37.31 | Mem:35.00M, Peak:35.00M | Scene | Updating Images | Loading r12_gardenstone_diff
Fra:1 Mem:1648.89M (Peak 2424.70M) | Time:60:58:37.31 | Mem:36.00M, Peak:36.00M | Scene | Updating Images | Loading r12_gardenstone_nor_gl
Fra:1 Mem:1649.89M (Peak 2424.70M) | Time:60:58:37.31 | Mem:37.00M, Peak:37.00M | Scene | Updating Images | Loading r12_gardenstone_rough
Fra:1 Mem:1650.89M (Peak 2424.70M) | Time:60:58:37.31 | Mem:38.00M, Peak:38.00M | Scene | Updating Images | Loading worn_mossy_plasterwall.jpg
Fra:1 Mem:1654.89M (Peak 2424.70M) | Time:60:58:37.31 | Mem:39.00M, Peak:39.00M | Scene | Updating Images | Loading r12_bankstone_diff.001
Fra:1 Mem:1655.89M (Peak 2424.70M) | Time:60:58:37.31 | Mem:43.00M, Peak:43.00M | Scene | Updating Images | Loading r12_bankstone_nor_gl.001
Fra:1 Mem:1656.89M (Peak 2424.70M) | Time:60:58:37.31 | Mem:44.00M, Peak:44.00M | Scene | Updating Images | Loading r12_bankstone_rough.001
Fra:1 Mem:1657.89M (Peak 2424.70M) | Time:60:58:37.31 | Mem:45.00M, Peak:45.00M | Scene | Updating Images | Loading r12_courtbase_diff.001
Fra:1 Mem:1658.89M (Peak 2424.70M) | Time:60:58:37.31 | Mem:46.00M, Peak:46.00M | Scene | Updating Images | Loading r12_courtbase_nor_gl.001
Fra:1 Mem:1659.89M (Peak 2424.70M) | Time:60:58:37.31 | Mem:47.00M, Peak:47.00M | Scene | Updating Images | Loading r12_courtbase_rough.001
Fra:1 Mem:1660.89M (Peak 2424.70M) | Time:60:58:37.31 | Mem:48.00M, Peak:48.00M | Scene | Updating Images | Loading island_tree_01_diff
Fra:1 Mem:1664.89M (Peak 2424.70M) | Time:60:58:37.31 | Mem:52.00M, Peak:52.00M | Scene | Updating Images | Loading island_tree_01_rough
Fra:1 Mem:1668.89M (Peak 2424.70M) | Time:60:58:37.31 | Mem:53.00M, Peak:53.00M | Scene | Updating Images | Loading island_tree_01_nor_gl
Fra:1 Mem:1672.89M (Peak 2424.70M) | Time:60:58:37.31 | Mem:54.00M, Peak:54.00M | Scene | Updating Images | Loading island_tree_01_leaves_diff-island_tree_01_leaves_alpha
Fra:1 Mem:1677.90M (Peak 2424.70M) | Time:60:58:37.31 | Mem:55.00M, Peak:55.00M | Scene | Updating Images | Loading island_tree_01_leaves_rough
Fra:1 Mem:1681.90M (Peak 2424.70M) | Time:60:58:37.31 | Mem:59.00M, Peak:59.00M | Scene | Updating Images | Loading island_tree_01_leaves_nor_gl
Fra:1 Mem:1685.90M (Peak 2424.70M) | Time:60:58:37.31 | Mem:63.00M, Peak:63.00M | Scene | Updating Images | Loading island_tree_01_branches_diff
Fra:1 Mem:1689.90M (Peak 2424.70M) | Time:60:58:37.31 | Mem:67.00M, Peak:67.00M | Scene | Updating Images | Loading island_tree_01_branches_rough
Fra:1 Mem:1692.89M (Peak 2424.70M) | Time:60:58:37.31 | Mem:68.00M, Peak:68.00M | Scene | Updating Images | Loading island_tree_01_leaves_rgba.png.005
Fra:1 Mem:1693.14M (Peak 2424.70M) | Time:60:58:37.31 | Mem:72.00M, Peak:72.00M | Scene | Updating Images | Loading island_tree_01_branches_nor_gl
Fra:1 Mem:1697.14M (Peak 2424.70M) | Time:60:58:37.31 | Mem:76.00M, Peak:76.00M | Scene | Updating Images | Loading island_tree_01_leaves_diff_1k.png.001
Fra:1 Mem:1697.15M (Peak 2424.70M) | Time:60:58:37.31 | Mem:80.00M, Peak:80.00M | Scene | Updating Images | Loading island_tree_01_leaves_alpha_1k.png.001
Fra:1 Mem:1697.40M (Peak 2424.70M) | Time:60:58:37.31 | Mem:84.00M, Peak:84.00M | Scene | Updating Images | Loading island_tree_02_diff
Fra:1 Mem:1701.14M (Peak 2424.70M) | Time:60:58:37.31 | Mem:84.25M, Peak:84.25M | Scene | Updating Images | Loading pine_sapling_small_twig_rgba.png.002
Fra:1 Mem:1702.15M (Peak 2424.70M) | Time:60:58:37.31 | Mem:88.25M, Peak:88.25M | Scene | Updating Images | Loading island_tree_02_rough
Fra:1 Mem:1706.40M (Peak 2424.70M) | Time:60:58:37.31 | Mem:92.25M, Peak:92.25M | Scene | Updating Images | Loading island_tree_02_nor_gl
Fra:1 Mem:1720.40M (Peak 2424.70M) | Time:60:58:37.32 | Mem:96.25M, Peak:96.25M | Scene | Updating Images | Loading island_tree_02_leaves_diff-island_tree_02_leaves_alpha
Fra:1 Mem:1724.40M (Peak 2424.70M) | Time:60:58:37.32 | Mem:100.25M, Peak:100.25M | Scene | Updating Images | Loading island_tree_02_leaves_rough
Fra:1 Mem:1728.40M (Peak 2424.70M) | Time:60:58:37.32 | Mem:104.25M, Peak:104.25M | Scene | Updating Images | Loading island_tree_02_leaves_nor_gl
Fra:1 Mem:1733.40M (Peak 2424.70M) | Time:60:58:37.32 | Mem:104.50M, Peak:104.50M | Scene | Updating Images | Loading island_tree_02_leaves_rgba.png.002
Fra:1 Mem:1737.66M (Peak 2424.70M) | Time:60:58:37.32 | Mem:112.50M, Peak:112.50M | Scene | Updating Images | Loading island_tree_02_leaves_diff_1k.png.001
Fra:1 Mem:1737.66M (Peak 2424.70M) | Time:60:58:37.32 | Mem:112.50M, Peak:112.50M | Scene | Updating Images | Loading island_tree_02_leaves_alpha_1k.png.001
Fra:1 Mem:1738.67M (Peak 2424.70M) | Time:60:58:37.32 | Mem:112.50M, Peak:112.50M | Scene | Updating Images | Loading island_tree_02_branches_diff
Fra:1 Mem:1737.65M (Peak 2424.70M) | Time:60:58:37.32 | Mem:116.50M, Peak:116.50M | Scene | Updating Images | Loading island_tree_02_branches_rough
Fra:1 Mem:1741.65M (Peak 2424.70M) | Time:60:58:37.32 | Mem:117.50M, Peak:117.50M | Scene | Updating Images | Loading island_tree_02_branches_nor_gl
Fra:1 Mem:1745.65M (Peak 2424.70M) | Time:60:58:37.32 | Mem:117.75M, Peak:117.75M | Scene | Updating Images | Loading island_tree_01_leaves_rgba.png.004
Fra:1 Mem:1745.65M (Peak 2424.70M) | Time:60:58:37.32 | Mem:121.75M, Peak:121.75M | Scene | Updating Images | Loading pine_sapling_small_bark_diff
Fra:1 Mem:1749.65M (Peak 2424.70M) | Time:60:58:37.32 | Mem:125.75M, Peak:125.75M | Scene | Updating Images | Loading pine_sapling_small_bark_rough
Fra:1 Mem:1753.90M (Peak 2424.70M) | Time:60:58:37.32 | Mem:129.75M, Peak:129.75M | Scene | Updating Images | Loading pine_sapling_small_bark_nor_gl
Fra:1 Mem:1759.90M (Peak 2424.70M) | Time:60:58:37.32 | Mem:133.75M, Peak:133.75M | Scene | Updating Images | Loading pine_sapling_small_twig_diff
Fra:1 Mem:1759.90M (Peak 2424.70M) | Time:60:58:37.32 | Mem:137.75M, Peak:137.75M | Scene | Updating Images | Loading pine_sapling_small_twig_rough
Fra:1 Mem:1767.90M (Peak 2424.70M) | Time:60:58:37.32 | Mem:138.00M, Peak:138.00M | Scene | Updating Images | Loading fern_02_rgba.png.001
Fra:1 Mem:1768.90M (Peak 2424.70M) | Time:60:58:37.32 | Mem:146.00M, Peak:146.00M | Scene | Updating Images | Loading pine_sapling_small_twig_nor_gl
Fra:1 Mem:1776.91M (Peak 2424.70M) | Time:60:58:37.32 | Mem:152.00M, Peak:152.00M | Scene | Updating Images | Loading pine_sapling_small_twig_diff_1k.png.001
Fra:1 Mem:1776.91M (Peak 2424.70M) | Time:60:58:37.32 | Mem:152.00M, Peak:152.00M | Scene | Updating Images | Loading pine_sapling_small_twig_alpha_1k.png.001
Fra:1 Mem:1777.92M (Peak 2424.70M) | Time:60:58:37.32 | Mem:152.00M, Peak:152.00M | Scene | Updating Images | Loading island_tree_01_leaves_diff_1k.png.002
Fra:1 Mem:1772.90M (Peak 2424.70M) | Time:60:58:37.32 | Mem:156.00M, Peak:156.00M | Scene | Updating Images | Loading island_tree_01_leaves_alpha_1k.png.002
Fra:1 Mem:1772.90M (Peak 2424.70M) | Time:60:58:37.32 | Mem:156.00M, Peak:156.00M | Scene | Updating Images | Loading island_tree_02_leaves_diff_1k.png.002
Fra:1 Mem:1772.90M (Peak 2424.70M) | Time:60:58:37.32 | Mem:157.00M, Peak:157.00M | Scene | Updating Images | Loading island_tree_02_leaves_alpha_1k.png.002
Fra:1 Mem:1772.89M (Peak 2424.70M) | Time:60:58:37.33 | Mem:158.00M, Peak:158.00M | Scene | Updating Images | Loading island_tree_01_leaves_rgba.png.003
Fra:1 Mem:1777.15M (Peak 2424.70M) | Time:60:58:37.33 | Mem:158.25M, Peak:158.25M | Scene | Updating Images | Loading pine_sapling_small_twig_rgba.png.001
Fra:1 Mem:1779.41M (Peak 2424.70M) | Time:60:58:37.33 | Mem:159.25M, Peak:159.25M | Scene | Updating Images | Loading pine_sapling_small_twig_diff_1k.png.002
Fra:1 Mem:1780.40M (Peak 2424.70M) | Time:60:58:37.33 | Mem:161.25M, Peak:161.25M | Scene | Updating Images | Loading pine_sapling_small_twig_alpha_1k.png.002
Fra:1 Mem:1780.40M (Peak 2424.70M) | Time:60:58:37.33 | Mem:162.50M, Peak:162.50M | Scene | Updating Images | Loading island_tree_02_leaves_rgba.png.001
Fra:1 Mem:1780.40M (Peak 2424.70M) | Time:60:58:37.33 | Mem:162.50M, Peak:162.50M | Scene | Updating Images | Loading island_tree_01_leaves_diff_1k.png.003
Fra:1 Mem:1780.40M (Peak 2424.70M) | Time:60:58:37.33 | Mem:162.50M, Peak:162.50M | Scene | Updating Images | Loading island_tree_01_leaves_alpha_1k.png.003
Fra:1 Mem:1784.66M (Peak 2424.70M) | Time:60:58:37.33 | Mem:163.50M, Peak:163.50M | Scene | Updating Images | Loading island_tree_02_leaves_diff_1k.png.003
Fra:1 Mem:1780.66M (Peak 2424.70M) | Time:60:58:37.33 | Mem:167.50M, Peak:167.50M | Scene | Updating Images | Loading island_tree_02_leaves_alpha_1k.png.003
Fra:1 Mem:1780.65M (Peak 2424.70M) | Time:60:58:37.33 | Mem:168.50M, Peak:168.50M | Scene | Updating Images | Loading pine_sapling_small_twig_diff_1k.png.003
Fra:1 Mem:1780.65M (Peak 2424.70M) | Time:60:58:37.33 | Mem:168.75M, Peak:168.75M | Scene | Updating Images | Loading island_tree_01_leaves_rgba.png.002
Fra:1 Mem:1782.90M (Peak 2424.70M) | Time:60:58:37.33 | Mem:171.00M, Peak:171.00M | Scene | Updating Images | Loading pine_sapling_small_twig_alpha_1k.png.003
Fra:1 Mem:1782.90M (Peak 2424.70M) | Time:60:58:37.34 | Mem:171.00M, Peak:171.00M | Scene | Updating Images | Loading fern_02_rgba.png
Fra:1 Mem:1780.91M (Peak 2424.70M) | Time:60:58:37.34 | Mem:172.00M, Peak:172.00M | Scene | Updating Images | Loading island_tree_01_leaves_diff_1k.png.004
Fra:1 Mem:1780.90M (Peak 2424.70M) | Time:60:58:37.34 | Mem:172.00M, Peak:172.00M | Scene | Updating Images | Loading island_tree_01_leaves_alpha_1k.png.004
Fra:1 Mem:1781.91M (Peak 2424.70M) | Time:60:58:37.34 | Mem:173.00M, Peak:173.00M | Scene | Updating Images | Loading island_tree_02_leaves_diff_1k.png.004
Fra:1 Mem:1780.90M (Peak 2424.70M) | Time:60:58:37.34 | Mem:174.00M, Peak:174.00M | Scene | Updating Images | Loading island_tree_02_leaves_alpha_1k.png.004
Fra:1 Mem:1780.90M (Peak 2424.70M) | Time:60:58:37.34 | Mem:175.00M, Peak:175.00M | Scene | Updating Images | Loading pine_sapling_small_twig_diff_1k.png.004
Fra:1 Mem:1780.90M (Peak 2424.70M) | Time:60:58:37.34 | Mem:176.00M, Peak:176.00M | Scene | Updating Images | Loading pine_sapling_small_twig_alpha_1k.png.004
Fra:1 Mem:1781.90M (Peak 2424.70M) | Time:60:58:37.34 | Mem:177.00M, Peak:177.00M | Scene | Updating Images | Loading island_tree_01_leaves_rgba.png.001
Fra:1 Mem:1785.41M (Peak 2424.70M) | Time:60:58:37.34 | Mem:179.00M, Peak:179.00M | Scene | Updating Images | Loading island_tree_01_leaves_diff_1k.png.005
Fra:1 Mem:1785.15M (Peak 2424.70M) | Time:60:58:37.34 | Mem:179.25M, Peak:179.25M | Scene | Updating Images | Loading pine_sapling_small_twig_rgba.png
Fra:1 Mem:1786.41M (Peak 2424.70M) | Time:60:58:37.34 | Mem:180.25M, Peak:180.25M | Scene | Updating Images | Loading island_tree_01_leaves_alpha_1k.png.005
Fra:1 Mem:1785.40M (Peak 2424.70M) | Time:60:58:37.34 | Mem:189.25M, Peak:189.25M | Scene | Updating Images | Loading island_tree_02_leaves_diff_1k.png.005
Fra:1 Mem:1785.40M (Peak 2424.70M) | Time:60:58:37.34 | Mem:189.25M, Peak:189.25M | Scene | Updating Images | Loading island_tree_02_leaves_alpha_1k.png.005
Fra:1 Mem:1785.40M (Peak 2424.70M) | Time:60:58:37.34 | Mem:189.25M, Peak:189.25M | Scene | Updating Images | Loading pine_sapling_small_twig_diff_1k.png.005
Fra:1 Mem:1785.41M (Peak 2424.70M) | Time:60:58:37.34 | Mem:190.25M, Peak:190.25M | Scene | Updating Images | Loading pine_sapling_small_twig_alpha_1k.png.005
Fra:1 Mem:1785.40M (Peak 2424.70M) | Time:60:58:37.34 | Mem:191.25M, Peak:191.25M | Scene | Updating Images | Loading island_tree_01_leaves_diff_1k.png.006
Fra:1 Mem:1785.39M (Peak 2424.70M) | Time:60:58:37.34 | Mem:191.50M, Peak:191.50M | Scene | Updating Images | Loading island_tree_02_leaves_rgba.png
Fra:1 Mem:1786.65M (Peak 2424.70M) | Time:60:58:37.35 | Mem:191.75M, Peak:191.75M | Scene | Updating Images | Loading island_tree_01_leaves_rgba.png
Fra:1 Mem:1786.90M (Peak 2424.70M) | Time:60:58:37.35 | Mem:192.75M, Peak:192.75M | Scene | Updating Images | Loading island_tree_01_leaves_alpha_1k.png.006
Fra:1 Mem:1787.90M (Peak 2424.70M) | Time:60:58:37.35 | Mem:193.00M, Peak:193.00M | Scene | Updating Images | Loading fern_02_alpha_1k.png.001
Fra:1 Mem:1808.91M (Peak 2424.70M) | Time:60:58:37.35 | Mem:194.00M, Peak:194.00M | Scene | Updating Images | Loading island_tree_02_leaves_diff_1k.png.006
Fra:1 Mem:1809.90M (Peak 2424.70M) | Time:60:58:37.35 | Mem:196.00M, Peak:196.00M | Scene | Updating Images | Loading island_tree_02_leaves_alpha_1k.png.006
Fra:1 Mem:1811.92M (Peak 2424.70M) | Time:60:58:37.35 | Mem:196.00M, Peak:196.00M | Scene | Updating Images | Loading pine_sapling_small_twig_diff_1k.png.006
Fra:1 Mem:1811.92M (Peak 2424.70M) | Time:60:58:37.35 | Mem:196.00M, Peak:196.00M | Scene | Updating Images | Loading pine_sapling_small_twig_alpha_1k.png.006
Fra:1 Mem:1809.90M (Peak 2424.70M) | Time:60:58:37.35 | Mem:197.00M, Peak:197.00M | Scene | Updating Images | Loading island_tree_01_leaves_diff_1k.png.007
Fra:1 Mem:1809.90M (Peak 2424.70M) | Time:60:58:37.35 | Mem:198.00M, Peak:198.00M | Scene | Updating Images | Loading island_tree_01_leaves_alpha_1k.png.007
Fra:1 Mem:1810.90M (Peak 2424.70M) | Time:60:58:37.35 | Mem:200.00M, Peak:200.00M | Scene | Updating Images | Loading island_tree_02_leaves_diff_1k.png.007
Fra:1 Mem:1810.90M (Peak 2424.70M) | Time:60:58:37.35 | Mem:201.00M, Peak:201.00M | Scene | Updating Images | Loading island_tree_02_leaves_alpha_1k.png.007
Fra:1 Mem:1833.94M (Peak 2424.70M) | Time:60:58:37.36 | Mem:203.00M, Peak:203.00M | Scene | Updating Images | Loading pine_sapling_small_twig_diff_1k.png.007
Fra:1 Mem:1836.94M (Peak 2424.70M) | Time:60:58:37.36 | Mem:204.00M, Peak:204.00M | Scene | Updating Images | Loading island_tree_01_leaves_diff_1k.png.008
Fra:1 Mem:1835.92M (Peak 2424.70M) | Time:60:58:37.36 | Mem:206.00M, Peak:206.00M | Scene | Updating Images | Loading island_tree_01_leaves_alpha_1k.png.008
Fra:1 Mem:1834.91M (Peak 2424.70M) | Time:60:58:37.36 | Mem:207.00M, Peak:207.00M | Scene | Updating Images | Loading island_tree_02_leaves_diff_1k.png.008
Fra:1 Mem:1833.90M (Peak 2424.70M) | Time:60:58:37.36 | Mem:209.00M, Peak:209.00M | Scene | Updating Images | Loading island_tree_02_leaves_alpha_1k.png.008
Fra:1 Mem:1833.90M (Peak 2424.70M) | Time:60:58:37.36 | Mem:209.00M, Peak:209.00M | Scene | Updating Images | Loading pine_sapling_small_twig_diff_1k.png.008
Fra:1 Mem:1824.90M (Peak 2424.70M) | Time:60:58:37.37 | Mem:212.00M, Peak:212.00M | Scene | Updating Images | Loading pine_sapling_small_twig_alpha_1k.png.008
Fra:1 Mem:1824.90M (Peak 2424.70M) | Time:60:58:37.37 | Mem:212.00M, Peak:212.00M | Scene | Updating Images | Loading fern_02_diff_1k.png.002
Fra:1 Mem:1824.90M (Peak 2424.70M) | Time:60:58:37.37 | Mem:212.00M, Peak:212.00M | Scene | Updating Images | Loading fern_02_rough
Fra:1 Mem:1829.91M (Peak 2424.70M) | Time:60:58:37.37 | Mem:212.00M, Peak:212.00M | Scene | Updating Images | Loading fern_02_nor_gl
Fra:1 Mem:1832.90M (Peak 2424.70M) | Time:60:58:37.37 | Mem:213.00M, Peak:213.00M | Scene | Updating Images | Loading island_tree_01_leaves_diff_1k.png.009
Fra:1 Mem:1832.90M (Peak 2424.70M) | Time:60:58:37.37 | Mem:215.00M, Peak:215.00M | Scene | Updating Images | Loading island_tree_02_leaves_diff_1k.png.009
Fra:1 Mem:1832.90M (Peak 2424.70M) | Time:60:58:37.37 | Mem:231.00M, Peak:231.00M | Scene | Updating Images | Loading fern_02_alpha_1k.png
Fra:1 Mem:1856.91M (Peak 2424.70M) | Time:60:58:37.37 | Mem:232.00M, Peak:232.00M | Scene | Updating Images | Loading island_tree_02_leaves_alpha_1k.png.009
Fra:1 Mem:1857.91M (Peak 2424.70M) | Time:60:58:37.37 | Mem:233.00M, Peak:233.00M | Scene | Updating Images | Loading pine_sapling_small_twig_diff_1k.png.009
Fra:1 Mem:1862.92M (Peak 2424.70M) | Time:60:58:37.37 | Mem:234.00M, Peak:234.00M | Scene | Updating Images | Loading pine_sapling_small_twig_alpha_1k.png.009
Fra:1 Mem:1862.91M (Peak 2424.70M) | Time:60:58:37.37 | Mem:235.00M, Peak:235.00M | Scene | Updating Images | Loading fern_02_diff_1k.png.003
Fra:1 Mem:1859.90M (Peak 2424.70M) | Time:60:58:37.37 | Mem:241.00M, Peak:241.00M | Scene | Updating Images | Loading island_tree_01_leaves_diff_1k.png.010
Fra:1 Mem:1863.90M (Peak 2424.70M) | Time:60:58:37.37 | Mem:241.00M, Peak:241.00M | Scene | Updating Images | Loading island_tree_01_leaves_alpha_1k.png.010
Fra:1 Mem:1864.91M (Peak 2424.70M) | Time:60:58:37.37 | Mem:241.00M, Peak:241.00M | Scene | Updating Images | Loading island_tree_02_leaves_diff_1k.png.010
Fra:1 Mem:1864.90M (Peak 2424.70M) | Time:60:58:37.37 | Mem:242.00M, Peak:242.00M | Scene | Updating Images | Loading island_tree_02_leaves_alpha_1k.png.010
Fra:1 Mem:1864.90M (Peak 2424.70M) | Time:60:58:37.37 | Mem:243.00M, Peak:243.00M | Scene | Updating Images | Loading pine_sapling_small_twig_diff_1k.png.010
Fra:1 Mem:1872.92M (Peak 2424.70M) | Time:60:58:37.38 | Mem:248.00M, Peak:248.00M | Scene | Updating Images | Loading pine_sapling_small_twig_alpha_1k.png.010
Fra:1 Mem:1872.91M (Peak 2424.70M) | Time:60:58:37.38 | Mem:250.00M, Peak:250.00M | Scene | Updating Images | Loading fern_02_diff_1k.png.004
Fra:1 Mem:1870.91M (Peak 2424.70M) | Time:60:58:37.38 | Mem:251.00M, Peak:251.00M | Scene | Updating Images | Loading island_tree_01_leaves_diff_1k.png.011
Fra:1 Mem:1873.90M (Peak 2424.70M) | Time:60:58:37.38 | Mem:252.00M, Peak:252.00M | Scene | Updating Images | Loading island_tree_01_leaves_alpha_1k.png.011
Fra:1 Mem:1873.90M (Peak 2424.70M) | Time:60:58:37.38 | Mem:252.00M, Peak:252.00M | Scene | Updating Images | Loading island_tree_02_leaves_diff_1k.png.011
Fra:1 Mem:1877.91M (Peak 2424.70M) | Time:60:58:37.38 | Mem:253.00M, Peak:253.00M | Scene | Updating Images | Loading island_tree_02_leaves_alpha_1k.png.011
Fra:1 Mem:1873.90M (Peak 2424.70M) | Time:60:58:37.38 | Mem:257.00M, Peak:257.00M | Scene | Updating Images | Loading pine_sapling_small_twig_diff_1k.png.011
Fra:1 Mem:1874.90M (Peak 2424.70M) | Time:60:58:37.38 | Mem:261.00M, Peak:261.00M | Scene | Updating Images | Loading pine_sapling_small_twig_alpha_1k.png.011
Fra:1 Mem:1895.91M (Peak 2424.70M) | Time:60:58:37.38 | Mem:262.00M, Peak:262.00M | Scene | Updating Images | Loading island_tree_01_leaves_diff_1k.png.012
Fra:1 Mem:1895.91M (Peak 2424.70M) | Time:60:58:37.39 | Mem:263.00M, Peak:263.00M | Scene | Updating Images | Loading island_tree_01_leaves_alpha_1k.png.012
Fra:1 Mem:1897.92M (Peak 2424.70M) | Time:60:58:37.39 | Mem:265.00M, Peak:265.00M | Scene | Updating Images | Loading fern_02_diff_1k.png.005
DETAIL CONTACT daguanlou plaster 5088 0.32
17:36:19 | INFO: Starting glTF 2.0 export
17:36:19 | INFO: Extracting primitive: daguanlou_bamboo.001
17:36:19 | INFO: Primitives created: 1
17:36:19 | INFO: Extracting primitive: daguanlou_bark
17:36:19 | INFO: Primitives created: 1
17:36:19 | INFO: Extracting primitive: daguanlou_bookcloth.001
17:36:19 | INFO: Primitives created: 1
17:36:19 | INFO: Extracting primitive: daguanlou_bookcover.001
17:36:19 | INFO: Primitives created: 1
17:36:19 | INFO: Extracting primitive: daguanlou_canopy
17:36:19 | INFO: Primitives created: 1
17:36:19 | INFO: Extracting primitive: daguanlou_canopy_light
17:36:19 | INFO: Primitives created: 1
17:36:19 | INFO: Extracting primitive: daguanlou_canopy_shadow
17:36:19 | INFO: Primitives created: 1
17:36:19 | INFO: Extracting primitive: daguanlou_ceramic
17:36:19 | INFO: Primitives created: 1
17:36:19 | INFO: Extracting primitive: daguanlou_courtbase
17:36:19 | INFO: Primitives created: 1
17:36:19 | INFO: Extracting primitive: daguanlou_cutstone
17:36:19 | INFO: Primitives created: 1
17:36:19 | INFO: Extracting primitive: daguanlou_darkwood
17:36:19 | INFO: Primitives created: 1
17:36:19 | INFO: Extracting primitive: daguanlou_floorwood
17:36:19 | INFO: Primitives created: 1
17:36:19 | INFO: Extracting primitive: daguanlou_furniture
17:36:19 | INFO: Primitives created: 1
17:36:19 | INFO: Extracting primitive: daguanlou_gold
17:36:19 | INFO: Primitives created: 1
17:36:19 | INFO: Extracting primitive: daguanlou_ink.001
17:36:19 | INFO: Primitives created: 1
17:36:19 | INFO: Extracting primitive: daguanlou_ivory.001
17:36:19 | INFO: Primitives created: 1
17:36:19 | INFO: Extracting primitive: daguanlou_lantern
17:36:19 | INFO: Primitives created: 1
17:36:19 | INFO: Extracting primitive: daguanlou_latticewood.001
17:36:19 | INFO: Primitives created: 1
17:36:19 | INFO: Extracting primitive: daguanlou_limestone.001
17:36:19 | INFO: Primitives created: 1
17:36:19 | INFO: Extracting primitive: daguanlou_paper
17:36:19 | INFO: Primitives created: 1
17:36:19 | INFO: Extracting primitive: daguanlou_paving
17:36:19 | INFO: Primitives created: 1
17:36:19 | INFO: Extracting primitive: daguanlou_plaster
17:36:19 | INFO: Primitives created: 1
17:36:19 | INFO: Extracting primitive: daguanlou_roof
17:36:19 | INFO: Primitives created: 1
17:36:19 | INFO: Extracting primitive: daguanlou_screen
17:36:19 | INFO: Primitives created: 1
17:36:19 | INFO: Extracting primitive: daguanlou_stone
17:36:19 | INFO: Primitives created: 1
17:36:19 | INFO: Extracting primitive: daguanlou_tile
17:36:20 | INFO: Primitives created: 1
17:36:20 | INFO: Extracting primitive: daguanlou_tiledark
17:36:20 | INFO: Primitives created: 1
17:36:20 | INFO: Extracting primitive: daguanlou_tilelight
17:36:20 | INFO: Primitives created: 1
17:36:20 | INFO: Extracting primitive: daguanlou_wood
17:36:20 | INFO: Primitives created: 1
17:36:21 | INFO: Finished glTF 2.0 export in 1.9913666248321533 s

REFERENCE PLACE daguanlou
17:36:23 | INFO: Starting glTF 2.0 export
17:36:23 | INFO: Extracting primitive: longcuian_bamboo.001
17:36:23 | INFO: Primitives created: 1
17:36:23 | INFO: Extracting primitive: longcuian_bark
17:36:23 | INFO: Primitives created: 1
17:36:23 | INFO: Extracting primitive: longcuian_bookcloth.001
17:36:23 | INFO: Primitives created: 1
17:36:23 | INFO: Extracting primitive: longcuian_bookcover.001
17:36:23 | INFO: Primitives created: 1
17:36:23 | INFO: Extracting primitive: longcuian_canopy
17:36:23 | INFO: Primitives created: 1
17:36:23 | INFO: Extracting primitive: longcuian_canopy_light
17:36:23 | INFO: Primitives created: 1
17:36:23 | INFO: Extracting primitive: longcuian_canopy_shadow
17:36:23 | INFO: Primitives created: 1
17:36:23 | INFO: Extracting primitive: longcuian_ceramic
17:36:23 | INFO: Primitives created: 1
17:36:23 | INFO: Extracting primitive: longcuian_courtbase
17:36:23 | INFO: Primitives created: 1
17:36:23 | INFO: Extracting primitive: longcuian_cutstone
17:36:23 | INFO: Primitives created: 1
17:36:23 | INFO: Extracting primitive: longcuian_darkwood
17:36:23 | INFO: Primitives created: 1
17:36:23 | INFO: Extracting primitive: longcuian_floorwood
17:36:23 | INFO: Primitives created: 1
17:36:23 | INFO: Extracting primitive: longcuian_flower
17:36:23 | INFO: Primitives created: 1
17:36:23 | INFO: Extracting primitive: longcuian_furniture
17:36:23 | INFO: Primitives created: 1
17:36:23 | INFO: Extracting primitive: longcuian_gold.001
17:36:23 | INFO: Primitives created: 1
17:36:23 | INFO: Extracting primitive: longcuian_ink.001
17:36:23 | INFO: Primitives created: 1
17:36:23 | INFO: Extracting primitive: longcuian_ivory.001
17:36:23 | INFO: Primitives created: 1
17:36:23 | INFO: Extracting primitive: longcuian_latticewood.001
17:36:23 | INFO: Primitives created: 1
17:36:23 | INFO: Extracting primitive: longcuian_leafdark
17:36:23 | INFO: Primitives created: 1
17:36:23 | INFO: Extracting primitive: longcuian_paper
17:36:23 | INFO: Primitives created: 1
17:36:23 | INFO: Extracting primitive: longcuian_paving
17:36:23 | INFO: Primitives created: 1
17:36:23 | INFO: Extracting primitive: longcuian_plaster
17:36:23 | INFO: Primitives created: 1
17:36:23 | INFO: Extracting primitive: longcuian_roof
17:36:23 | INFO: Primitives created: 1
17:36:23 | INFO: Extracting primitive: longcuian_screen
17:36:23 | INFO: Primitives created: 1
17:36:23 | INFO: Extracting primitive: longcuian_stone
17:36:23 | INFO: Primitives created: 1
17:36:23 | INFO: Extracting primitive: longcuian_tile
17:36:23 | INFO: Primitives created: 1
17:36:23 | INFO: Extracting primitive: longcuian_tiledark
17:36:23 | INFO: Primitives created: 1
17:36:23 | INFO: Extracting primitive: longcuian_tilelight
17:36:23 | INFO: Primitives created: 1
17:36:23 | INFO: Extracting primitive: longcuian_wood
17:36:23 | INFO: Primitives created: 1
17:36:24 | INFO: Finished glTF 2.0 export in 0.7505645751953125 s

REFERENCE PLACE longcuian
17:36:25 | INFO: Starting glTF 2.0 export
17:36:25 | INFO: Extracting primitive: nuanxiangwu_bamboo.001
17:36:25 | INFO: Primitives created: 1
17:36:25 | INFO: Extracting primitive: nuanxiangwu_bark
17:36:25 | INFO: Primitives created: 1
17:36:25 | INFO: Extracting primitive: nuanxiangwu_bookcloth.001
17:36:25 | INFO: Primitives created: 1
17:36:25 | INFO: Extracting primitive: nuanxiangwu_bookcover.001
17:36:25 | INFO: Primitives created: 1
17:36:25 | INFO: Extracting primitive: nuanxiangwu_ceramic
17:36:25 | INFO: Primitives created: 1
17:36:25 | INFO: Extracting primitive: nuanxiangwu_courtbase
17:36:25 | INFO: Primitives created: 1
17:36:25 | INFO: Extracting primitive: nuanxiangwu_creamflower
17:36:25 | INFO: Primitives created: 1
17:36:25 | INFO: Extracting primitive: nuanxiangwu_cutstone
17:36:25 | INFO: Primitives created: 1
17:36:25 | INFO: Extracting primitive: nuanxiangwu_darkwood
17:36:25 | INFO: Primitives created: 1
17:36:25 | INFO: Extracting primitive: nuanxiangwu_floorwood
17:36:25 | INFO: Primitives created: 1
17:36:25 | INFO: Extracting primitive: nuanxiangwu_furniture
17:36:25 | INFO: Primitives created: 1
17:36:25 | INFO: Extracting primitive: nuanxiangwu_gold.001
17:36:25 | INFO: Primitives created: 1
17:36:25 | INFO: Extracting primitive: nuanxiangwu_ink.001
17:36:25 | INFO: Primitives created: 1
17:36:25 | INFO: Extracting primitive: nuanxiangwu_ivory.001
17:36:25 | INFO: Primitives created: 1
17:36:25 | INFO: Extracting primitive: nuanxiangwu_latticewood.001
17:36:25 | INFO: Primitives created: 1
17:36:25 | INFO: Extracting primitive: nuanxiangwu_leafdark
17:36:25 | INFO: Primitives created: 1
17:36:25 | INFO: Extracting primitive: nuanxiangwu_paper
17:36:25 | INFO: Primitives created: 1
17:36:25 | INFO: Extracting primitive: nuanxiangwu_paving
17:36:25 | INFO: Primitives created: 1
17:36:25 | INFO: Extracting primitive: nuanxiangwu_roof
17:36:25 | INFO: Primitives created: 1
17:36:25 | INFO: Extracting primitive: nuanxiangwu_screen
17:36:25 | INFO: Primitives created: 1
17:36:25 | INFO: Extracting primitive: nuanxiangwu_silk
17:36:25 | INFO: Primitives created: 1
17:36:25 | INFO: Extracting primitive: nuanxiangwu_stone
17:36:25 | INFO: Primitives created: 1
17:36:25 | INFO: Extracting primitive: nuanxiangwu_tile
17:36:25 | INFO: Primitives created: 1
17:36:25 | INFO: Extracting primitive: nuanxiangwu_tiledark
17:36:25 | INFO: Primitives created: 1
17:36:25 | INFO: Extracting primitive: nuanxiangwu_tilelight
17:36:26 | INFO: Primitives created: 1
17:36:26 | INFO: Extracting primitive: nuanxiangwu_wood
17:36:26 | INFO: Primitives created: 1
17:36:26 | INFO: Finished glTF 2.0 export in 0.6854152679443359 s

REFERENCE PLACE nuanxiangwu
R12 connected planted margins 4879 additional rooted plants
17:36:50 | INFO: Data are loaded, start creating Blender stuff
17:36:50 | INFO: Blender create Mesh node Plane.037
17:36:50 | INFO: Blender create Mesh node Plane.038
17:36:50 | INFO: Blender create Mesh node Plane.039
17:36:50 | INFO: Blender create Mesh node Plane.042
17:36:50 | INFO: Blender create Mesh node Plane.043
17:36:50 | INFO: Blender create Mesh node Plane.045
17:36:50 | INFO: Blender create Mesh node Plane.047
17:36:50 | INFO: Blender create Mesh node Plane.048
17:36:50 | INFO: Blender create Mesh node Plane.050
17:36:50 | INFO: Blender create Mesh node Plane.051
17:36:50 | INFO: Blender create Mesh node Plane.053
17:36:50 | INFO: Blender create Mesh node Plane.054
17:36:50 | INFO: Blender create Mesh node Plane.055
17:36:50 | INFO: Blender create Mesh node Plane.056
17:36:50 | INFO: Blender create Mesh node Plane.057
17:36:50 | INFO: Blender create Mesh node Plane.058
17:36:50 | INFO: Blender create Mesh node Plane.059
17:36:50 | INFO: glTF import finished in 0.59s
GROUND CONTACT {'count': 2107, 'maxAdjustmentM': 7.096155281066895, 'adjustedOver5cm': 993, 'outsideLandRemoved': [{'name': 'Ground_Cover_1137', 'position': [-36.71399688720703, 89.21057891845703, 0.07999999821186066]}, {'name': 'Ground_Cover_1211', 'position': [-56.9346809387207, -51.89047622680664, 0.07999999821186066]}, {'name': 'Ground_Cover_1361', 'position': [15.991191864013672, 93.60343170166016, 0.07999999821186066]}, {'name': 'Ground_Cover_1362', 'position': [14.775075912475586, 93.32986450195312, 0.07999999821186066]}, {'name': 'Ground_Cover_1497', 'position': [10.870467185974121, 93.98253631591797, 0.07999999821186066]}, {'name': 'Ground_Cover_1498', 'position': [10.039082527160645, 94.91129302978516, 0.07999999821186066]}, {'name': 'Ground_Cover_1552', 'position': [25.983922958374023, 90.31136322021484, 0.07999999821186066]}, {'name': 'Ground_Cover_1615', 'position': [-38.107765197753906, 88.65628814697266, 0.07999999821186066]}, {'name': 'Ground_Cover_1631', 'position': [14.309663772583008, 93.45738220214844, 0.07999999821186066]}, {'name': 'Ground_Cover_1632', 'position': [13.399434089660645, 94.30900573730469, 0.07999999821186066]}, {'name': 'Ground_Cover_1714', 'position': [-35.55704116821289, 90.12789154052734, 0.07999999821186066]}, {'name': 'Ground_Cover_1836', 'position': [-49.509498596191406, 82.10880279541016, 0.07999999821186066]}, {'name': 'Ground_Cover_1987', 'position': [7.823019504547119, 95.15949249267578, 0.07999999821186066]}, {'name': 'Ground_Cover_1988', 'position': [6.577739715576172, 95.10420989990234, 0.07999999821186066]}, {'name': 'Ground_Cover_2044', 'position': [17.128145217895508, 93.1224365234375, 0.07999999821186066]}, {'name': 'Ground_Cover_2069', 'position': [-56.97316360473633, -63.06965637207031, 0.07999999821186066]}], 'outsideTreesRemoved': [{'name': 'LivingTree_002', 'position': [-37.0, -55.0, 0.0]}], 'treesSeated': 11196, 'maxTreeAdjustmentM': 30.974212646484375, 'method': 'Vertical ray against the actual saved earth mesh; grass root seated 5mm above the hit, tree pivots at the hit. Generated grass offsets without land below are omitted.'}
EDITABLE GROUND COVER 2123 290 faces per source clump
SOURCE UNDERSTORY 376 ground-seated instances
