
> daguanyuan-rumeng@1.0.0 models:verify
> node scripts/pipeline.mjs verify-models

MASTER REOPEN VALIDATED {'reopened': True, 'placeIds': ['aojingxiguan', 'daguanlou', 'daguanyuan_gate', 'daoxiangcun', 'dicuiting', 'hengwuyuan', 'longcuian', 'luxuean', 'nuanxiangwu', 'ouxiangxie', 'qiushuangzhai', 'qujingtongyou', 'tubishanzhuang', 'xiaoxiangguan', 'yihongyuan'], 'meshes': 14093, 'missingImages': [], 'packedImages': 179, 'manualLayerPresent': True, 'nativeFullCrowns': True, 'nativeTreeInstances': 11196, 'linkedCrownMeshes': 4}
Blender 4.5.9 LTS (hash 8bf95cbd38d1 built 2026-04-21 01:33:45)
Read blend: "D:\Users\Lenovo\Desktop\大观园\blender\daguanyuan_master.blend"

Blender quit
BUILT TERRAIN PATH CHECK 2217 height failures 0 duplicate ground surfaces 0 [] []
Blender 4.5.9 LTS (hash 8bf95cbd38d1 built 2026-04-21 01:33:45)
Read blend: "D:\Users\Lenovo\Desktop\大观园\blender\daguanyuan_master.blend"

Blender quit
18:19:36 | INFO: Data are loaded, start creating Blender stuff
18:19:36 | INFO: Blender create Mesh node daguanyuan_gate_screen
18:19:36 | INFO: Draco Decoder: Decode primitive daguanyuan_gate_screen
18:19:36 | INFO: Blender create Mesh node Mobile_daguanyuan_gate
18:19:36 | INFO: Draco Decoder: Decode primitive Mobile_daguanyuan_gate
18:19:36 | INFO: Blender create Mesh node Mobile_daguanyuan_gate_floorwood
18:19:36 | INFO: Draco Decoder: Decode primitive Mobile_daguanyuan_gate_floorwood
18:19:36 | INFO: Blender create Mesh node Mobile_daguanyuan_gate_limestone
18:19:36 | INFO: Draco Decoder: Decode primitive Mobile_daguanyuan_gate_limestone
18:19:36 | INFO: Blender create Mesh node Mobile_daguanyuan_gate_paving
18:19:36 | INFO: Draco Decoder: Decode primitive Mobile_daguanyuan_gate_paving
18:19:36 | INFO: Blender create Mesh node Mobile_daguanyuan_gate_roof
18:19:36 | INFO: Draco Decoder: Decode primitive Mobile_daguanyuan_gate_roof
18:19:36 | INFO: Blender create Mesh node Mobile_daguanyuan_gate_roofshell
18:19:36 | INFO: Draco Decoder: Decode primitive Mobile_daguanyuan_gate_roofshell
18:19:36 | INFO: Blender create Mesh node Mobile_qujingtongyou_gardenstone
18:19:36 | INFO: Draco Decoder: Decode primitive Mobile_qujingtongyou_gardenstone
18:19:36 | INFO: Blender create Mesh node Mobile_qujingtongyou_limestone
18:19:36 | INFO: Draco Decoder: Decode primitive Mobile_qujingtongyou_limestone
18:19:36 | INFO: Blender create Mesh node Mobile_qujingtongyou_plants
18:19:36 | INFO: Draco Decoder: Decode primitive Mobile_qujingtongyou_plants
18:19:36 | INFO: Blender create Mesh node Mobile_xiaoxiangguan
18:19:36 | INFO: Draco Decoder: Decode primitive Mobile_xiaoxiangguan
18:19:36 | INFO: Blender create Mesh node Mobile_xiaoxiangguan_bankstone
18:19:36 | INFO: Draco Decoder: Decode primitive Mobile_xiaoxiangguan_bankstone
18:19:36 | INFO: Blender create Mesh node Mobile_xiaoxiangguan_floorwood
18:19:36 | INFO: Draco Decoder: Decode primitive Mobile_xiaoxiangguan_floorwood
18:19:36 | INFO: Blender create Mesh node Mobile_xiaoxiangguan_paving
18:19:36 | INFO: Draco Decoder: Decode primitive Mobile_xiaoxiangguan_paving
18:19:36 | INFO: Blender create Mesh node Mobile_xiaoxiangguan_plants
18:19:36 | INFO: Draco Decoder: Decode primitive Mobile_xiaoxiangguan_plants
18:19:36 | INFO: Blender create Mesh node Mobile_xiaoxiangguan_roof
18:19:36 | INFO: Draco Decoder: Decode primitive Mobile_xiaoxiangguan_roof
18:19:37 | INFO: Blender create Mesh node Mobile_xiaoxiangguan_roofshell
18:19:37 | INFO: Draco Decoder: Decode primitive Mobile_xiaoxiangguan_roofshell
18:19:37 | INFO: Blender create Mesh node xiaoxiangguan_lantern
18:19:37 | INFO: Draco Decoder: Decode primitive xiaoxiangguan_lantern
18:19:37 | INFO: Blender create Mesh node xiaoxiangguan_silk
18:19:37 | INFO: Draco Decoder: Decode primitive xiaoxiangguan_silk
18:19:37 | INFO: Blender create Mesh node Mobile_yihongyuan
18:19:37 | INFO: Draco Decoder: Decode primitive Mobile_yihongyuan
18:19:37 | INFO: Blender create Mesh node Mobile_yihongyuan_courtbase
18:19:37 | INFO: Draco Decoder: Decode primitive Mobile_yihongyuan_courtbase
18:19:37 | INFO: Blender create Mesh node Mobile_yihongyuan_floorwood
18:19:37 | INFO: Draco Decoder: Decode primitive Mobile_yihongyuan_floorwood
18:19:37 | INFO: Blender create Mesh node Mobile_yihongyuan_gardenstone
18:19:37 | INFO: Draco Decoder: Decode primitive Mobile_yihongyuan_gardenstone
18:19:37 | INFO: Blender create Mesh node Mobile_yihongyuan_limestone
18:19:37 | INFO: Draco Decoder: Decode primitive Mobile_yihongyuan_limestone
18:19:37 | INFO: Blender create Mesh node Mobile_yihongyuan_paving
18:19:37 | INFO: Draco Decoder: Decode primitive Mobile_yihongyuan_paving
18:19:37 | INFO: Blender create Mesh node Mobile_yihongyuan_plants
18:19:37 | INFO: Draco Decoder: Decode primitive Mobile_yihongyuan_plants
18:19:37 | INFO: Blender create Mesh node Mobile_yihongyuan_roof
18:19:37 | INFO: Draco Decoder: Decode primitive Mobile_yihongyuan_roof
18:19:37 | INFO: Blender create Mesh node Mobile_yihongyuan_roofshell
18:19:37 | INFO: Draco Decoder: Decode primitive Mobile_yihongyuan_roofshell
18:19:37 | INFO: Blender create Mesh node yihongyuan_lantern
18:19:37 | INFO: Draco Decoder: Decode primitive yihongyuan_lantern
18:19:37 | INFO: Blender create Mesh node yihongyuan_screen.001
18:19:37 | INFO: Draco Decoder: Decode primitive yihongyuan_screen.001
18:19:37 | INFO: Blender create Mesh node yihongyuan_silk.001
18:19:37 | INFO: Draco Decoder: Decode primitive yihongyuan_silk.001
18:19:37 | INFO: Blender create Mesh node hengwuyuan_lantern
18:19:37 | INFO: Draco Decoder: Decode primitive hengwuyuan_lantern
18:19:37 | INFO: Blender create Mesh node hengwuyuan_screen.001
18:19:37 | INFO: Draco Decoder: Decode primitive hengwuyuan_screen.001
18:19:37 | INFO: Blender create Mesh node Mobile_hengwuyuan
18:19:37 | INFO: Draco Decoder: Decode primitive Mobile_hengwuyuan
18:19:37 | INFO: Blender create Mesh node Mobile_hengwuyuan_courtbase
18:19:37 | INFO: Draco Decoder: Decode primitive Mobile_hengwuyuan_courtbase
18:19:37 | INFO: Blender create Mesh node Mobile_hengwuyuan_floorwood
18:19:37 | INFO: Draco Decoder: Decode primitive Mobile_hengwuyuan_floorwood
18:19:37 | INFO: Blender create Mesh node Mobile_hengwuyuan_gardenstone
18:19:37 | INFO: Draco Decoder: Decode primitive Mobile_hengwuyuan_gardenstone
18:19:37 | INFO: Blender create Mesh node Mobile_hengwuyuan_limestone
18:19:37 | INFO: Draco Decoder: Decode primitive Mobile_hengwuyuan_limestone
18:19:37 | INFO: Blender create Mesh node Mobile_hengwuyuan_paving
18:19:37 | INFO: Draco Decoder: Decode primitive Mobile_hengwuyuan_paving
18:19:37 | INFO: Blender create Mesh node Mobile_hengwuyuan_plants
18:19:37 | INFO: Draco Decoder: Decode primitive Mobile_hengwuyuan_plants
18:19:37 | INFO: Blender create Mesh node Mobile_hengwuyuan_roof
18:19:37 | INFO: Draco Decoder: Decode primitive Mobile_hengwuyuan_roof
18:19:37 | INFO: Blender create Mesh node Mobile_hengwuyuan_roofshell
18:19:37 | INFO: Draco Decoder: Decode primitive Mobile_hengwuyuan_roofshell
18:19:37 | INFO: Blender create Mesh node Mobile_qiushuangzhai
18:19:37 | INFO: Draco Decoder: Decode primitive Mobile_qiushuangzhai
18:19:37 | INFO: Blender create Mesh node Mobile_qiushuangzhai_courtbase
18:19:37 | INFO: Draco Decoder: Decode primitive Mobile_qiushuangzhai_courtbase
18:19:37 | INFO: Blender create Mesh node Mobile_qiushuangzhai_floorwood
18:19:37 | INFO: Draco Decoder: Decode primitive Mobile_qiushuangzhai_floorwood
18:19:37 | INFO: Blender create Mesh node Mobile_qiushuangzhai_paving
18:19:37 | INFO: Draco Decoder: Decode primitive Mobile_qiushuangzhai_paving
18:19:37 | INFO: Blender create Mesh node Mobile_qiushuangzhai_plants
18:19:37 | INFO: Draco Decoder: Decode primitive Mobile_qiushuangzhai_plants
18:19:37 | INFO: Blender create Mesh node Mobile_qiushuangzhai_roof
18:19:37 | INFO: Draco Decoder: Decode primitive Mobile_qiushuangzhai_roof
18:19:37 | INFO: Blender create Mesh node Mobile_qiushuangzhai_roofshell
18:19:37 | INFO: Draco Decoder: Decode primitive Mobile_qiushuangzhai_roofshell
18:19:37 | INFO: Blender create Mesh node qiushuangzhai_lantern
18:19:37 | INFO: Draco Decoder: Decode primitive qiushuangzhai_lantern
18:19:37 | INFO: Blender create Mesh node qiushuangzhai_screen
18:19:37 | INFO: Draco Decoder: Decode primitive qiushuangzhai_screen
18:19:37 | INFO: Blender create Mesh node qiushuangzhai_silk.001
18:19:37 | INFO: Draco Decoder: Decode primitive qiushuangzhai_silk.001
18:19:37 | INFO: Blender create Mesh node daoxiangcun_screen.001
18:19:37 | INFO: Draco Decoder: Decode primitive daoxiangcun_screen.001
18:19:37 | INFO: Blender create Mesh node Mobile_daoxiangcun
18:19:37 | INFO: Draco Decoder: Decode primitive Mobile_daoxiangcun
18:19:37 | INFO: Blender create Mesh node Mobile_daoxiangcun_paving
18:19:37 | INFO: Draco Decoder: Decode primitive Mobile_daoxiangcun_paving
18:19:37 | INFO: Blender create Mesh node Mobile_daoxiangcun_plants
18:19:37 | INFO: Draco Decoder: Decode primitive Mobile_daoxiangcun_plants
18:19:37 | INFO: Blender create Mesh node Mobile_ouxiangxie
18:19:37 | INFO: Draco Decoder: Decode primitive Mobile_ouxiangxie
18:19:37 | INFO: Blender create Mesh node Mobile_ouxiangxie_plants
18:19:37 | INFO: Draco Decoder: Decode primitive Mobile_ouxiangxie_plants
18:19:37 | INFO: Blender create Mesh node Mobile_ouxiangxie_roof
18:19:37 | INFO: Draco Decoder: Decode primitive Mobile_ouxiangxie_roof
18:19:37 | INFO: Blender create Mesh node Mobile_ouxiangxie_roofshell
18:19:37 | INFO: Draco Decoder: Decode primitive Mobile_ouxiangxie_roofshell
18:19:37 | INFO: Blender create Mesh node ouxiangxie_screen
18:19:37 | INFO: Draco Decoder: Decode primitive ouxiangxie_screen
18:19:37 | INFO: Blender create Mesh node dicuiting_lantern
18:19:37 | INFO: Draco Decoder: Decode primitive dicuiting_lantern
18:19:37 | INFO: Blender create Mesh node Mobile_dicuiting
18:19:37 | INFO: Draco Decoder: Decode primitive Mobile_dicuiting
18:19:37 | INFO: Blender create Mesh node Mobile_dicuiting_roof
18:19:37 | INFO: Draco Decoder: Decode primitive Mobile_dicuiting_roof
18:19:37 | INFO: Blender create Mesh node Mobile_dicuiting_roofshell
18:19:37 | INFO: Draco Decoder: Decode primitive Mobile_dicuiting_roofshell
18:19:37 | INFO: Blender create Mesh node Mobile_luxuean
18:19:37 | INFO: Draco Decoder: Decode primitive Mobile_luxuean
18:19:37 | INFO: Blender create Mesh node Mobile_luxuean_paving
18:19:37 | INFO: Draco Decoder: Decode primitive Mobile_luxuean_paving
18:19:37 | INFO: Blender create Mesh node Mobile_luxuean_plants
18:19:37 | INFO: Draco Decoder: Decode primitive Mobile_luxuean_plants
18:19:37 | INFO: Blender create Mesh node Mobile_tubishanzhuang
18:19:37 | INFO: Draco Decoder: Decode primitive Mobile_tubishanzhuang
18:19:37 | INFO: Blender create Mesh node Mobile_tubishanzhuang_floorwood
18:19:37 | INFO: Draco Decoder: Decode primitive Mobile_tubishanzhuang_floorwood
18:19:37 | INFO: Blender create Mesh node Mobile_tubishanzhuang_paving
18:19:37 | INFO: Draco Decoder: Decode primitive Mobile_tubishanzhuang_paving
18:19:37 | INFO: Blender create Mesh node Mobile_tubishanzhuang_plants
18:19:37 | INFO: Draco Decoder: Decode primitive Mobile_tubishanzhuang_plants
18:19:37 | INFO: Blender create Mesh node Mobile_tubishanzhuang_roof
18:19:37 | INFO: Draco Decoder: Decode primitive Mobile_tubishanzhuang_roof
18:19:37 | INFO: Blender create Mesh node Mobile_tubishanzhuang_roofshell
18:19:37 | INFO: Draco Decoder: Decode primitive Mobile_tubishanzhuang_roofshell
18:19:37 | INFO: Blender create Mesh node tubishanzhuang_screen
18:19:37 | INFO: Draco Decoder: Decode primitive tubishanzhuang_screen
18:19:37 | INFO: Blender create Mesh node aojingxiguan_screen
18:19:37 | INFO: Draco Decoder: Decode primitive aojingxiguan_screen
18:19:37 | INFO: Blender create Mesh node Mobile_aojingxiguan
18:19:37 | INFO: Draco Decoder: Decode primitive Mobile_aojingxiguan
18:19:37 | INFO: Blender create Mesh node Mobile_aojingxiguan_floorwood
18:19:37 | INFO: Draco Decoder: Decode primitive Mobile_aojingxiguan_floorwood
18:19:37 | INFO: Blender create Mesh node Mobile_aojingxiguan_paving
18:19:37 | INFO: Draco Decoder: Decode primitive Mobile_aojingxiguan_paving
18:19:37 | INFO: Blender create Mesh node Mobile_aojingxiguan_plants
18:19:37 | INFO: Draco Decoder: Decode primitive Mobile_aojingxiguan_plants
Blender 4.5.9 LTS (hash 8bf95cbd38d1 built 2026-04-21 01:33:45)
Read blend: "D:\Users\Lenovo\Desktop\大观园\blender\daguanyuan_master.blend"
DracoDecoder | Decoded 384 vertices, 576 indices
DracoDecoder | Decoded 3678 vertices, 3678 indices
DracoDecoder | Decoded 1508 vertices, 2262 indices
DracoDecoder | Decoded 183 vertices, 183 indices
DracoDecoder | Decoded 4 vertices, 6 indices
DracoDecoder | Decoded 1795 vertices, 1797 indices
DracoDecoder | Decoded 238 vertices, 354 indices
DracoDecoder | Decoded 2191 vertices, 8301 indices
DracoDecoder | Decoded 273 vertices, 273 indices
DracoDecoder | Decoded 486 vertices, 486 indices
DracoDecoder | Decoded 5216 vertices, 5250 indices
DracoDecoder | Decoded 744 vertices, 744 indices
DracoDecoder | Decoded 1152 vertices, 1728 indices
DracoDecoder | Decoded 18 vertices, 30 indices
DracoDecoder | Decoded 18763 vertices, 19197 indices
DracoDecoder | Decoded 3240 vertices, 3240 indices
DracoDecoder | Decoded 736 vertices, 1092 indices
DracoDecoder | Decoded 320 vertices, 480 indices
DracoDecoder | Decoded 24 vertices, 36 indices
DracoDecoder | Decoded 5092 vertices, 5118 indices
DracoDecoder | Decoded 4 vertices, 6 indices
DracoDecoder | Decoded 1440 vertices, 2160 indices
DracoDecoder | Decoded 2227 vertices, 8310 indices
DracoDecoder | Decoded 366 vertices, 366 indices
DracoDecoder | Decoded 410 vertices, 618 indices
DracoDecoder | Decoded 3761 vertices, 4161 indices
DracoDecoder | Decoded 4404 vertices, 4404 indices
DracoDecoder | Decoded 878 vertices, 1302 indices
DracoDecoder | Decoded 320 vertices, 480 indices
DracoDecoder | Decoded 120 vertices, 180 indices
DracoDecoder | Decoded 72 vertices, 108 indices
DracoDecoder | Decoded 320 vertices, 480 indices
DracoDecoder | Decoded 24 vertices, 36 indices
DracoDecoder | Decoded 4265 vertices, 4281 indices
DracoDecoder | Decoded 8 vertices, 12 indices
DracoDecoder | Decoded 1648 vertices, 2472 indices
DracoDecoder | Decoded 2203 vertices, 8337 indices
DracoDecoder | Decoded 273 vertices, 273 indices
DracoDecoder | Decoded 254 vertices, 384 indices
DracoDecoder | Decoded 2920 vertices, 3024 indices
DracoDecoder | Decoded 3657 vertices, 3657 indices
DracoDecoder | Decoded 626 vertices, 930 indices
DracoDecoder | Decoded 6762 vertices, 6918 indices
DracoDecoder | Decoded 4 vertices, 6 indices
DracoDecoder | Decoded 1784 vertices, 2676 indices
DracoDecoder | Decoded 594 vertices, 894 indices
DracoDecoder | Decoded 1669 vertices, 1707 indices
DracoDecoder | Decoded 2211 vertices, 2211 indices
DracoDecoder | Decoded 406 vertices, 606 indices
DracoDecoder | Decoded 320 vertices, 480 indices
DracoDecoder | Decoded 192 vertices, 288 indices
DracoDecoder | Decoded 24 vertices, 36 indices
DracoDecoder | Decoded 192 vertices, 288 indices
DracoDecoder | Decoded 1194 vertices, 1212 indices
DracoDecoder | Decoded 30 vertices, 66 indices
DracoDecoder | Decoded 7803 vertices, 7857 indices
DracoDecoder | Decoded 1126 vertices, 1164 indices
DracoDecoder | Decoded 192 vertices, 324 indices
DracoDecoder | Decoded 1611 vertices, 1611 indices
DracoDecoder | Decoded 286 vertices, 426 indices
DracoDecoder | Decoded 216 vertices, 324 indices
DracoDecoder | Decoded 1280 vertices, 1920 indices
DracoDecoder | Decoded 624 vertices, 696 indices
DracoDecoder | Decoded 861 vertices, 861 indices
DracoDecoder | Decoded 246 vertices, 366 indices
DracoDecoder | Decoded 1306 vertices, 1380 indices
DracoDecoder | Decoded 22 vertices, 54 indices
DracoDecoder | Decoded 687 vertices, 735 indices
DracoDecoder | Decoded 2772 vertices, 2772 indices
DracoDecoder | Decoded 1488 vertices, 2232 indices
DracoDecoder | Decoded 766 vertices, 1152 indices
DracoDecoder | Decoded 486 vertices, 486 indices
DracoDecoder | Decoded 1788 vertices, 1788 indices
DracoDecoder | Decoded 286 vertices, 426 indices
DracoDecoder | Decoded 192 vertices, 288 indices
DracoDecoder | Decoded 192 vertices, 288 indices
DracoDecoder | Decoded 2702 vertices, 2706 indices
DracoDecoder | Decoded 1332 vertices, 1998 indices
DracoDecoder | Decoded 770 vertices, 1164 indices
DracoDecoder | Decoded 486 vertices, 18:19:37 | INFO: Blender create Mesh node Mobile_aojingxiguan_roof
18:19:37 | INFO: Draco Decoder: Decode primitive Mobile_aojingxiguan_roof
18:19:37 | INFO: Blender create Mesh node Mobile_aojingxiguan_roofshell
18:19:37 | INFO: Draco Decoder: Decode primitive Mobile_aojingxiguan_roofshell
18:19:37 | INFO: Blender create Mesh node daguanlou_lantern
18:19:37 | INFO: Draco Decoder: Decode primitive daguanlou_lantern
18:19:37 | INFO: Blender create Mesh node daguanlou_screen
18:19:37 | INFO: Draco Decoder: Decode primitive daguanlou_screen
18:19:37 | INFO: Blender create Mesh node Mobile_daguanlou
18:19:37 | INFO: Draco Decoder: Decode primitive Mobile_daguanlou
18:19:37 | INFO: Blender create Mesh node Mobile_daguanlou_courtbase
18:19:37 | INFO: Draco Decoder: Decode primitive Mobile_daguanlou_courtbase
18:19:37 | INFO: Blender create Mesh node Mobile_daguanlou_floorwood
18:19:37 | INFO: Draco Decoder: Decode primitive Mobile_daguanlou_floorwood
18:19:37 | INFO: Blender create Mesh node Mobile_daguanlou_limestone
18:19:37 | INFO: Draco Decoder: Decode primitive Mobile_daguanlou_limestone
18:19:37 | INFO: Blender create Mesh node Mobile_daguanlou_paving
18:19:37 | INFO: Draco Decoder: Decode primitive Mobile_daguanlou_paving
18:19:37 | INFO: Blender create Mesh node Mobile_daguanlou_plants
18:19:37 | INFO: Draco Decoder: Decode primitive Mobile_daguanlou_plants
18:19:37 | INFO: Blender create Mesh node Mobile_daguanlou_roof
18:19:37 | INFO: Draco Decoder: Decode primitive Mobile_daguanlou_roof
18:19:37 | INFO: Blender create Mesh node Mobile_daguanlou_roofshell
18:19:37 | INFO: Draco Decoder: Decode primitive Mobile_daguanlou_roofshell
18:19:37 | INFO: Blender create Mesh node longcuian_screen
18:19:37 | INFO: Draco Decoder: Decode primitive longcuian_screen
18:19:37 | INFO: Blender create Mesh node Mobile_longcuian
18:19:37 | INFO: Draco Decoder: Decode primitive Mobile_longcuian
18:19:37 | INFO: Blender create Mesh node Mobile_longcuian_courtbase
18:19:37 | INFO: Draco Decoder: Decode primitive Mobile_longcuian_courtbase
18:19:37 | INFO: Blender create Mesh node Mobile_longcuian_floorwood
18:19:37 | INFO: Draco Decoder: Decode primitive Mobile_longcuian_floorwood
18:19:37 | INFO: Blender create Mesh node Mobile_longcuian_paving
18:19:37 | INFO: Draco Decoder: Decode primitive Mobile_longcuian_paving
18:19:37 | INFO: Blender create Mesh node Mobile_longcuian_plants
18:19:37 | INFO: Draco Decoder: Decode primitive Mobile_longcuian_plants
18:19:37 | INFO: Blender create Mesh node Mobile_longcuian_roof
18:19:37 | INFO: Draco Decoder: Decode primitive Mobile_longcuian_roof
18:19:37 | INFO: Blender create Mesh node Mobile_longcuian_roofshell
18:19:37 | INFO: Draco Decoder: Decode primitive Mobile_longcuian_roofshell
18:19:37 | INFO: Blender create Mesh node Mobile_nuanxiangwu
18:19:37 | INFO: Draco Decoder: Decode primitive Mobile_nuanxiangwu
18:19:37 | INFO: Blender create Mesh node Mobile_nuanxiangwu_courtbase
18:19:37 | INFO: Draco Decoder: Decode primitive Mobile_nuanxiangwu_courtbase
18:19:37 | INFO: Blender create Mesh node Mobile_nuanxiangwu_floorwood
18:19:37 | INFO: Draco Decoder: Decode primitive Mobile_nuanxiangwu_floorwood
18:19:37 | INFO: Blender create Mesh node Mobile_nuanxiangwu_paving
18:19:37 | INFO: Draco Decoder: Decode primitive Mobile_nuanxiangwu_paving
18:19:37 | INFO: Blender create Mesh node Mobile_nuanxiangwu_plants
18:19:37 | INFO: Draco Decoder: Decode primitive Mobile_nuanxiangwu_plants
18:19:37 | INFO: Blender create Mesh node Mobile_nuanxiangwu_roof
18:19:37 | INFO: Draco Decoder: Decode primitive Mobile_nuanxiangwu_roof
18:19:37 | INFO: Blender create Mesh node Mobile_nuanxiangwu_roofshell
18:19:37 | INFO: Draco Decoder: Decode primitive Mobile_nuanxiangwu_roofshell
18:19:37 | INFO: Blender create Mesh node nuanxiangwu_screen
18:19:37 | INFO: Draco Decoder: Decode primitive nuanxiangwu_screen
18:19:37 | INFO: Blender create Mesh node nuanxiangwu_silk
18:19:37 | INFO: Draco Decoder: Decode primitive nuanxiangwu_silk
18:19:37 | INFO: Blender create Mesh node landscape_lantern
18:19:37 | INFO: Draco Decoder: Decode primitive landscape_lantern
18:19:37 | INFO: Blender create Mesh node Mobile_landscape_earth
18:19:37 | INFO: Draco Decoder: Decode primitive Mobile_landscape_earth
18:19:37 | INFO: Blender create Mesh node Mobile_landscape_bankstone
18:19:37 | INFO: Draco Decoder: Decode primitive Mobile_landscape_bankstone
18:19:37 | INFO: Blender create Mesh node Mobile_landscape_limestone
18:19:37 | INFO: Draco Decoder: Decode primitive Mobile_landscape_limestone
18:19:37 | INFO: Blender create Mesh node Mobile_landscape_plants
18:19:37 | INFO: Draco Decoder: Decode primitive Mobile_landscape_plants
18:19:37 | INFO: Blender create Mesh node Mobile_landscape
18:19:37 | INFO: Draco Decoder: Decode primitive Mobile_landscape
18:19:37 | INFO: Blender create Mesh node Mobile_landscape_roofshell
18:19:37 | INFO: Draco Decoder: Decode primitive Mobile_landscape_roofshell
18:19:37 | INFO: Blender create Mesh node Mobile_landscape_paving
18:19:37 | INFO: Draco Decoder: Decode primitive Mobile_landscape_paving
18:19:37 | INFO: glTF import finished in 0.98s
ROOF COVERAGE 1281 missing 0
486 indices
DracoDecoder | Decoded 1629 vertices, 1629 indices
DracoDecoder | Decoded 286 vertices, 426 indices
DracoDecoder | Decoded 2704 vertices, 2928 indices
DracoDecoder | Decoded 1920 vertices, 2880 indices
DracoDecoder | Decoded 35213 vertices, 35457 indices
DracoDecoder | Decoded 8 vertices, 12 indices
DracoDecoder | Decoded 14416 vertices, 21624 indices
DracoDecoder | Decoded 2199 vertices, 2199 indices
DracoDecoder | Decoded 2848 vertices, 4332 indices
DracoDecoder | Decoded 1809 vertices, 1809 indices
DracoDecoder | Decoded 27766 vertices, 27774 indices
DracoDecoder | Decoded 3638 vertices, 5418 indices
DracoDecoder | Decoded 192 vertices, 288 indices
DracoDecoder | Decoded 5207 vertices, 5223 indices
DracoDecoder | Decoded 4 vertices, 6 indices
DracoDecoder | Decoded 1860 vertices, 2790 indices
DracoDecoder | Decoded 318 vertices, 480 indices
DracoDecoder | Decoded 3815 vertices, 3825 indices
DracoDecoder | Decoded 3210 vertices, 3210 indices
DracoDecoder | Decoded 690 vertices, 1026 indices
DracoDecoder | Decoded 3525 vertices, 3561 indices
DracoDecoder | Decoded 4 vertices, 6 indices
DracoDecoder | Decoded 1232 vertices, 1848 indices
DracoDecoder | Decoded 266 vertices, 420 indices
DracoDecoder | Decoded 2238 vertices, 2262 indices
DracoDecoder | Decoded 2784 vertices, 2784 indices
DracoDecoder | Decoded 506 vertices, 750 indices
DracoDecoder | Decoded 216 vertices, 324 indices
DracoDecoder | Decoded 48 vertices, 72 indices
DracoDecoder | Decoded 1744 vertices, 1824 indices
DracoDecoder | Decoded 4227 vertices, 21927 indices
DracoDecoder | Decoded 6444 vertices, 9666 indices
DracoDecoder | Decoded 353461 vertices, 353463 indices
DracoDecoder | Decoded 22138 vertices, 23226 indices
DracoDecoder | Decoded 59961 vertices, 71901 indices
DracoDecoder | Decoded 1334 vertices, 1974 indices
DracoDecoder | Decoded 22014 vertices, 36270 indices

Blender quit
18:19:39 | INFO: Data are loaded, start creating Blender stuff
18:19:39 | INFO: Blender create Mesh node daguanyuan_gate_screen
18:19:39 | INFO: Draco Decoder: Decode primitive daguanyuan_gate_screen
18:19:39 | INFO: Blender create Mesh node Mobile_daguanyuan_gate
18:19:39 | INFO: Draco Decoder: Decode primitive Mobile_daguanyuan_gate
18:19:39 | INFO: Blender create Mesh node Mobile_daguanyuan_gate_floorwood
18:19:39 | INFO: Draco Decoder: Decode primitive Mobile_daguanyuan_gate_floorwood
18:19:39 | INFO: Blender create Mesh node Mobile_daguanyuan_gate_limestone
18:19:39 | INFO: Draco Decoder: Decode primitive Mobile_daguanyuan_gate_limestone
18:19:39 | INFO: Blender create Mesh node Mobile_daguanyuan_gate_paving
18:19:39 | INFO: Draco Decoder: Decode primitive Mobile_daguanyuan_gate_paving
18:19:39 | INFO: Blender create Mesh node Mobile_daguanyuan_gate_roof
18:19:39 | INFO: Draco Decoder: Decode primitive Mobile_daguanyuan_gate_roof
18:19:39 | INFO: Blender create Mesh node Mobile_daguanyuan_gate_roofshell
18:19:39 | INFO: Draco Decoder: Decode primitive Mobile_daguanyuan_gate_roofshell
18:19:39 | INFO: Blender create Mesh node Mobile_qujingtongyou_gardenstone
18:19:39 | INFO: Draco Decoder: Decode primitive Mobile_qujingtongyou_gardenstone
18:19:39 | INFO: Blender create Mesh node Mobile_qujingtongyou_limestone
18:19:39 | INFO: Draco Decoder: Decode primitive Mobile_qujingtongyou_limestone
18:19:39 | INFO: Blender create Mesh node Mobile_qujingtongyou_plants
18:19:39 | INFO: Draco Decoder: Decode primitive Mobile_qujingtongyou_plants
18:19:39 | INFO: Blender create Mesh node Mobile_xiaoxiangguan
18:19:39 | INFO: Draco Decoder: Decode primitive Mobile_xiaoxiangguan
18:19:39 | INFO: Blender create Mesh node Mobile_xiaoxiangguan_bankstone
18:19:39 | INFO: Draco Decoder: Decode primitive Mobile_xiaoxiangguan_bankstone
18:19:39 | INFO: Blender create Mesh node Mobile_xiaoxiangguan_floorwood
18:19:39 | INFO: Draco Decoder: Decode primitive Mobile_xiaoxiangguan_floorwood
18:19:39 | INFO: Blender create Mesh node Mobile_xiaoxiangguan_paving
18:19:39 | INFO: Draco Decoder: Decode primitive Mobile_xiaoxiangguan_paving
18:19:39 | INFO: Blender create Mesh node Mobile_xiaoxiangguan_plants
18:19:39 | INFO: Draco Decoder: Decode primitive Mobile_xiaoxiangguan_plants
18:19:39 | INFO: Blender create Mesh node Mobile_xiaoxiangguan_roof
18:19:39 | INFO: Draco Decoder: Decode primitive Mobile_xiaoxiangguan_roof
18:19:39 | INFO: Blender create Mesh node Mobile_xiaoxiangguan_roofshell
18:19:39 | INFO: Draco Decoder: Decode primitive Mobile_xiaoxiangguan_roofshell
18:19:39 | INFO: Blender create Mesh node xiaoxiangguan_lantern
18:19:39 | INFO: Draco Decoder: Decode primitive xiaoxiangguan_lantern
18:19:39 | INFO: Blender create Mesh node xiaoxiangguan_silk
18:19:39 | INFO: Draco Decoder: Decode primitive xiaoxiangguan_silk
18:19:39 | INFO: Blender create Mesh node Mobile_yihongyuan
18:19:39 | INFO: Draco Decoder: Decode primitive Mobile_yihongyuan
18:19:39 | INFO: Blender create Mesh node Mobile_yihongyuan_courtbase
18:19:39 | INFO: Draco Decoder: Decode primitive Mobile_yihongyuan_courtbase
18:19:39 | INFO: Blender create Mesh node Mobile_yihongyuan_floorwood
18:19:39 | INFO: Draco Decoder: Decode primitive Mobile_yihongyuan_floorwood
18:19:39 | INFO: Blender create Mesh node Mobile_yihongyuan_gardenstone
18:19:39 | INFO: Draco Decoder: Decode primitive Mobile_yihongyuan_gardenstone
18:19:39 | INFO: Blender create Mesh node Mobile_yihongyuan_limestone
18:19:39 | INFO: Draco Decoder: Decode primitive Mobile_yihongyuan_limestone
18:19:39 | INFO: Blender create Mesh node Mobile_yihongyuan_paving
18:19:39 | INFO: Draco Decoder: Decode primitive Mobile_yihongyuan_paving
18:19:39 | INFO: Blender create Mesh node Mobile_yihongyuan_plants
18:19:39 | INFO: Draco Decoder: Decode primitive Mobile_yihongyuan_plants
18:19:39 | INFO: Blender create Mesh node Mobile_yihongyuan_roof
18:19:39 | INFO: Draco Decoder: Decode primitive Mobile_yihongyuan_roof
18:19:39 | INFO: Blender create Mesh node Mobile_yihongyuan_roofshell
18:19:39 | INFO: Draco Decoder: Decode primitive Mobile_yihongyuan_roofshell
18:19:39 | INFO: Blender create Mesh node yihongyuan_lantern
18:19:39 | INFO: Draco Decoder: Decode primitive yihongyuan_lantern
18:19:39 | INFO: Blender create Mesh node yihongyuan_screen.001
18:19:39 | INFO: Draco Decoder: Decode primitive yihongyuan_screen.001
18:19:39 | INFO: Blender create Mesh node yihongyuan_silk.001
18:19:39 | INFO: Draco Decoder: Decode primitive yihongyuan_silk.001
18:19:39 | INFO: Blender create Mesh node hengwuyuan_lantern
18:19:39 | INFO: Draco Decoder: Decode primitive hengwuyuan_lantern
18:19:39 | INFO: Blender create Mesh node hengwuyuan_screen.001
18:19:39 | INFO: Draco Decoder: Decode primitive hengwuyuan_screen.001
18:19:39 | INFO: Blender create Mesh node Mobile_hengwuyuan
18:19:39 | INFO: Draco Decoder: Decode primitive Mobile_hengwuyuan
18:19:39 | INFO: Blender create Mesh node Mobile_hengwuyuan_courtbase
18:19:39 | INFO: Draco Decoder: Decode primitive Mobile_hengwuyuan_courtbase
18:19:39 | INFO: Blender create Mesh node Mobile_hengwuyuan_floorwood
18:19:39 | INFO: Draco Decoder: Decode primitive Mobile_hengwuyuan_floorwood
18:19:39 | INFO: Blender create Mesh node Mobile_hengwuyuan_gardenstone
18:19:39 | INFO: Draco Decoder: Decode primitive Mobile_hengwuyuan_gardenstone
18:19:39 | INFO: Blender create Mesh node Mobile_hengwuyuan_limestone
18:19:39 | INFO: Draco Decoder: Decode primitive Mobile_hengwuyuan_limestone
18:19:39 | INFO: Blender create Mesh node Mobile_hengwuyuan_paving
18:19:39 | INFO: Draco Decoder: Decode primitive Mobile_hengwuyuan_paving
18:19:39 | INFO: Blender create Mesh node Mobile_hengwuyuan_plants
18:19:39 | INFO: Draco Decoder: Decode primitive Mobile_hengwuyuan_plants
18:19:39 | INFO: Blender create Mesh node Mobile_hengwuyuan_roof
18:19:39 | INFO: Draco Decoder: Decode primitive Mobile_hengwuyuan_roof
18:19:39 | INFO: Blender create Mesh node Mobile_hengwuyuan_roofshell
18:19:39 | INFO: Draco Decoder: Decode primitive Mobile_hengwuyuan_roofshell
18:19:39 | INFO: Blender create Mesh node Mobile_qiushuangzhai
18:19:39 | INFO: Draco Decoder: Decode primitive Mobile_qiushuangzhai
18:19:39 | INFO: Blender create Mesh node Mobile_qiushuangzhai_courtbase
18:19:39 | INFO: Draco Decoder: Decode primitive Mobile_qiushuangzhai_courtbase
18:19:39 | INFO: Blender create Mesh node Mobile_qiushuangzhai_floorwood
18:19:39 | INFO: Draco Decoder: Decode primitive Mobile_qiushuangzhai_floorwood
18:19:39 | INFO: Blender create Mesh node Mobile_qiushuangzhai_paving
18:19:39 | INFO: Draco Decoder: Decode primitive Mobile_qiushuangzhai_paving
18:19:39 | INFO: Blender create Mesh node Mobile_qiushuangzhai_plants
18:19:39 | INFO: Draco Decoder: Decode primitive Mobile_qiushuangzhai_plants
18:19:39 | INFO: Blender create Mesh node Mobile_qiushuangzhai_roof
18:19:39 | INFO: Draco Decoder: Decode primitive Mobile_qiushuangzhai_roof
18:19:39 | INFO: Blender create Mesh node Mobile_qiushuangzhai_roofshell
18:19:39 | INFO: Draco Decoder: Decode primitive Mobile_qiushuangzhai_roofshell
18:19:39 | INFO: Blender create Mesh node qiushuangzhai_lantern
18:19:39 | INFO: Draco Decoder: Decode primitive qiushuangzhai_lantern
18:19:39 | INFO: Blender create Mesh node qiushuangzhai_screen
18:19:39 | INFO: Draco Decoder: Decode primitive qiushuangzhai_screen
18:19:39 | INFO: Blender create Mesh node qiushuangzhai_silk.001
18:19:39 | INFO: Draco Decoder: Decode primitive qiushuangzhai_silk.001
18:19:39 | INFO: Blender create Mesh node daoxiangcun_screen.001
18:19:39 | INFO: Draco Decoder: Decode primitive daoxiangcun_screen.001
18:19:39 | INFO: Blender create Mesh node Mobile_daoxiangcun
18:19:39 | INFO: Draco Decoder: Decode primitive Mobile_daoxiangcun
18:19:39 | INFO: Blender create Mesh node Mobile_daoxiangcun_paving
18:19:39 | INFO: Draco Decoder: Decode primitive Mobile_daoxiangcun_paving
18:19:39 | INFO: Blender create Mesh node Mobile_daoxiangcun_plants
18:19:39 | INFO: Draco Decoder: Decode primitive Mobile_daoxiangcun_plants
18:19:39 | INFO: Blender create Mesh node Mobile_ouxiangxie
18:19:39 | INFO: Draco Decoder: Decode primitive Mobile_ouxiangxie
18:19:39 | INFO: Blender create Mesh node Mobile_ouxiangxie_plants
18:19:39 | INFO: Draco Decoder: Decode primitive Mobile_ouxiangxie_plants
18:19:39 | INFO: Blender create Mesh node Mobile_ouxiangxie_roof
18:19:39 | INFO: Draco Decoder: Decode primitive Mobile_ouxiangxie_roof
18:19:39 | INFO: Blender create Mesh node Mobile_ouxiangxie_roofshell
18:19:39 | INFO: Draco Decoder: Decode primitive Mobile_ouxiangxie_roofshell
18:19:39 | INFO: Blender create Mesh node ouxiangxie_screen
18:19:39 | INFO: Draco Decoder: Decode primitive ouxiangxie_screen
18:19:39 | INFO: Blender create Mesh node dicuiting_lantern
18:19:39 | INFO: Draco Decoder: Decode primitive dicuiting_lantern
18:19:39 | INFO: Blender create Mesh node Mobile_dicuiting
18:19:39 | INFO: Draco Decoder: Decode primitive Mobile_dicuiting
18:19:39 | INFO: Blender create Mesh node Mobile_dicuiting_roof
18:19:39 | INFO: Draco Decoder: Decode primitive Mobile_dicuiting_roof
18:19:39 | INFO: Blender create Mesh node Mobile_dicuiting_roofshell
18:19:39 | INFO: Draco Decoder: Decode primitive Mobile_dicuiting_roofshell
18:19:39 | INFO: Blender create Mesh node Mobile_luxuean
18:19:39 | INFO: Draco Decoder: Decode primitive Mobile_luxuean
18:19:39 | INFO: Blender create Mesh node Mobile_luxuean_paving
18:19:39 | INFO: Draco Decoder: Decode primitive Mobile_luxuean_paving
18:19:39 | INFO: Blender create Mesh node Mobile_luxuean_plants
18:19:39 | INFO: Draco Decoder: Decode primitive Mobile_luxuean_plants
18:19:39 | INFO: Blender create Mesh node Mobile_tubishanzhuang
18:19:39 | INFO: Draco Decoder: Decode primitive Mobile_tubishanzhuang
18:19:39 | INFO: Blender create Mesh node Mobile_tubishanzhuang_floorwood
18:19:39 | INFO: Draco Decoder: Decode primitive Mobile_tubishanzhuang_floorwood
18:19:39 | INFO: Blender create Mesh node Mobile_tubishanzhuang_paving
18:19:39 | INFO: Draco Decoder: Decode primitive Mobile_tubishanzhuang_paving
18:19:39 | INFO: Blender create Mesh node Mobile_tubishanzhuang_plants
18:19:39 | INFO: Draco Decoder: Decode primitive Mobile_tubishanzhuang_plants
18:19:39 | INFO: Blender create Mesh node Mobile_tubishanzhuang_roof
18:19:39 | INFO: Draco Decoder: Decode primitive Mobile_tubishanzhuang_roof
18:19:39 | INFO: Blender create Mesh node Mobile_tubishanzhuang_roofshell
18:19:39 | INFO: Draco Decoder: Decode primitive Mobile_tubishanzhuang_roofshell
18:19:39 | INFO: Blender create Mesh node tubishanzhuang_screen
18:19:39 | INFO: Draco Decoder: Decode primitive tubishanzhuang_screen
18:19:39 | INFO: Blender create Mesh node aojingxiguan_screen
18:19:39 | INFO: Draco Decoder: Decode primitive aojingxiguan_screen
18:19:39 | INFO: Blender create Mesh node Mobile_aojingxiguan
18:19:39 | INFO: Draco Decoder: Decode primitive Mobile_aojingxiguan
18:19:39 | INFO: Blender create Mesh node Mobile_aojingxiguan_floorwood
18:19:39 | INFO: Draco Decoder: Decode primitive Mobile_aojingxiguan_floorwood
18:19:39 | INFO: Blender create Mesh node Mobile_aojingxiguan_paving
18:19:39 | INFO: Draco Decoder: Decode primitive Mobile_aojingxiguan_paving
18:19:39 | INFO: Blender create Mesh node Mobile_aojingxiguan_plants
18:19:39 | INFO: Draco Decoder: Decode primitive Mobile_aojingxiguan_plants
18:19:39 | INFO: Blender create Mesh node Mobile_aojingxiguan_roof
18:19:39 | INFO: Draco Decoder: Decode primitive Mobile_aojingxiguan_roof
18:19:39 | INFO: Blender create Mesh node Mobile_aojingxiguan_roofshell
18:19:39 | INFO: Draco Decoder: Decode primitive Mobile_aojingxiguan_roofshell
Blender 4.5.9 LTS (hash 8bf95cbd38d1 built 2026-04-21 01:33:45)
DracoDecoder | Decoded 384 vertices, 576 indices
DracoDecoder | Decoded 3678 vertices, 3678 indices
DracoDecoder | Decoded 1508 vertices, 2262 indices
DracoDecoder | Decoded 183 vertices, 183 indices
DracoDecoder | Decoded 4 vertices, 6 indices
DracoDecoder | Decoded 1795 vertices, 1797 indices
DracoDecoder | Decoded 238 vertices, 354 indices
DracoDecoder | Decoded 2191 vertices, 8301 indices
DracoDecoder | Decoded 273 vertices, 273 indices
DracoDecoder | Decoded 486 vertices, 486 indices
DracoDecoder | Decoded 5216 vertices, 5250 indices
DracoDecoder | Decoded 744 vertices, 744 indices
DracoDecoder | Decoded 1152 vertices, 1728 indices
DracoDecoder | Decoded 18 vertices, 30 indices
DracoDecoder | Decoded 18763 vertices, 19197 indices
DracoDecoder | Decoded 3240 vertices, 3240 indices
DracoDecoder | Decoded 736 vertices, 1092 indices
DracoDecoder | Decoded 320 vertices, 480 indices
DracoDecoder | Decoded 24 vertices, 36 indices
DracoDecoder | Decoded 5092 vertices, 5118 indices
DracoDecoder | Decoded 4 vertices, 6 indices
DracoDecoder | Decoded 1440 vertices, 2160 indices
DracoDecoder | Decoded 2227 vertices, 8310 indices
DracoDecoder | Decoded 366 vertices, 366 indices
DracoDecoder | Decoded 410 vertices, 618 indices
DracoDecoder | Decoded 3761 vertices, 4161 indices
DracoDecoder | Decoded 4404 vertices, 4404 indices
DracoDecoder | Decoded 878 vertices, 1302 indices
DracoDecoder | Decoded 320 vertices, 480 indices
DracoDecoder | Decoded 120 vertices, 180 indices
DracoDecoder | Decoded 72 vertices, 108 indices
DracoDecoder | Decoded 320 vertices, 480 indices
DracoDecoder | Decoded 24 vertices, 36 indices
DracoDecoder | Decoded 4265 vertices, 4281 indices
DracoDecoder | Decoded 8 vertices, 12 indices
DracoDecoder | Decoded 1648 vertices, 2472 indices
DracoDecoder | Decoded 2203 vertices, 8337 indices
DracoDecoder | Decoded 273 vertices, 273 indices
DracoDecoder | Decoded 254 vertices, 384 indices
DracoDecoder | Decoded 2920 vertices, 3024 indices
DracoDecoder | Decoded 3657 vertices, 3657 indices
DracoDecoder | Decoded 626 vertices, 930 indices
DracoDecoder | Decoded 6762 vertices, 6918 indices
DracoDecoder | Decoded 4 vertices, 6 indices
DracoDecoder | Decoded 1784 vertices, 2676 indices
DracoDecoder | Decoded 594 vertices, 894 indices
DracoDecoder | Decoded 1669 vertices, 1707 indices
DracoDecoder | Decoded 2211 vertices, 2211 indices
DracoDecoder | Decoded 406 vertices, 606 indices
DracoDecoder | Decoded 320 vertices, 480 indices
DracoDecoder | Decoded 192 vertices, 288 indices
DracoDecoder | Decoded 24 vertices, 36 indices
DracoDecoder | Decoded 192 vertices, 288 indices
DracoDecoder | Decoded 1194 vertices, 1212 indices
DracoDecoder | Decoded 30 vertices, 66 indices
DracoDecoder | Decoded 7803 vertices, 7857 indices
DracoDecoder | Decoded 1126 vertices, 1164 indices
DracoDecoder | Decoded 192 vertices, 324 indices
DracoDecoder | Decoded 1611 vertices, 1611 indices
DracoDecoder | Decoded 286 vertices, 426 indices
DracoDecoder | Decoded 216 vertices, 324 indices
DracoDecoder | Decoded 1280 vertices, 1920 indices
DracoDecoder | Decoded 624 vertices, 696 indices
DracoDecoder | Decoded 861 vertices, 861 indices
DracoDecoder | Decoded 246 vertices, 366 indices
DracoDecoder | Decoded 1306 vertices, 1380 indices
DracoDecoder | Decoded 22 vertices, 54 indices
DracoDecoder | Decoded 687 vertices, 735 indices
DracoDecoder | Decoded 2772 vertices, 2772 indices
DracoDecoder | Decoded 1488 vertices, 2232 indices
DracoDecoder | Decoded 766 vertices, 1152 indices
DracoDecoder | Decoded 486 vertices, 486 indices
DracoDecoder | Decoded 1788 vertices, 1788 indices
DracoDecoder | Decoded 286 vertices, 426 indices
DracoDecoder | Decoded 192 vertices, 288 indices
DracoDecoder | Decoded 192 vertices, 288 indices
DracoDecoder | Decoded 2702 vertices, 2706 indices
DracoDecoder | Decoded 1332 vertices, 1998 indices
DracoDecoder | Decoded 770 vertices, 1164 indices
DracoDecoder | Decoded 486 vertices, 486 indices
DracoDecoder | Decoded 1629 vertices, 1629 indices
DracoDecoder | De18:19:39 | INFO: Blender create Mesh node daguanlou_lantern
18:19:39 | INFO: Draco Decoder: Decode primitive daguanlou_lantern
18:19:39 | INFO: Blender create Mesh node daguanlou_screen
18:19:39 | INFO: Draco Decoder: Decode primitive daguanlou_screen
18:19:39 | INFO: Blender create Mesh node Mobile_daguanlou
18:19:39 | INFO: Draco Decoder: Decode primitive Mobile_daguanlou
18:19:39 | INFO: Blender create Mesh node Mobile_daguanlou_courtbase
18:19:39 | INFO: Draco Decoder: Decode primitive Mobile_daguanlou_courtbase
18:19:39 | INFO: Blender create Mesh node Mobile_daguanlou_floorwood
18:19:39 | INFO: Draco Decoder: Decode primitive Mobile_daguanlou_floorwood
18:19:39 | INFO: Blender create Mesh node Mobile_daguanlou_limestone
18:19:39 | INFO: Draco Decoder: Decode primitive Mobile_daguanlou_limestone
18:19:39 | INFO: Blender create Mesh node Mobile_daguanlou_paving
18:19:39 | INFO: Draco Decoder: Decode primitive Mobile_daguanlou_paving
18:19:39 | INFO: Blender create Mesh node Mobile_daguanlou_plants
18:19:39 | INFO: Draco Decoder: Decode primitive Mobile_daguanlou_plants
18:19:39 | INFO: Blender create Mesh node Mobile_daguanlou_roof
18:19:39 | INFO: Draco Decoder: Decode primitive Mobile_daguanlou_roof
18:19:39 | INFO: Blender create Mesh node Mobile_daguanlou_roofshell
18:19:39 | INFO: Draco Decoder: Decode primitive Mobile_daguanlou_roofshell
18:19:39 | INFO: Blender create Mesh node longcuian_screen
18:19:39 | INFO: Draco Decoder: Decode primitive longcuian_screen
18:19:39 | INFO: Blender create Mesh node Mobile_longcuian
18:19:39 | INFO: Draco Decoder: Decode primitive Mobile_longcuian
18:19:39 | INFO: Blender create Mesh node Mobile_longcuian_courtbase
18:19:39 | INFO: Draco Decoder: Decode primitive Mobile_longcuian_courtbase
18:19:39 | INFO: Blender create Mesh node Mobile_longcuian_floorwood
18:19:39 | INFO: Draco Decoder: Decode primitive Mobile_longcuian_floorwood
18:19:39 | INFO: Blender create Mesh node Mobile_longcuian_paving
18:19:39 | INFO: Draco Decoder: Decode primitive Mobile_longcuian_paving
18:19:39 | INFO: Blender create Mesh node Mobile_longcuian_plants
18:19:39 | INFO: Draco Decoder: Decode primitive Mobile_longcuian_plants
18:19:39 | INFO: Blender create Mesh node Mobile_longcuian_roof
18:19:39 | INFO: Draco Decoder: Decode primitive Mobile_longcuian_roof
18:19:39 | INFO: Blender create Mesh node Mobile_longcuian_roofshell
18:19:39 | INFO: Draco Decoder: Decode primitive Mobile_longcuian_roofshell
18:19:39 | INFO: Blender create Mesh node Mobile_nuanxiangwu
18:19:39 | INFO: Draco Decoder: Decode primitive Mobile_nuanxiangwu
18:19:39 | INFO: Blender create Mesh node Mobile_nuanxiangwu_courtbase
18:19:39 | INFO: Draco Decoder: Decode primitive Mobile_nuanxiangwu_courtbase
18:19:39 | INFO: Blender create Mesh node Mobile_nuanxiangwu_floorwood
18:19:39 | INFO: Draco Decoder: Decode primitive Mobile_nuanxiangwu_floorwood
18:19:39 | INFO: Blender create Mesh node Mobile_nuanxiangwu_paving
18:19:39 | INFO: Draco Decoder: Decode primitive Mobile_nuanxiangwu_paving
18:19:39 | INFO: Blender create Mesh node Mobile_nuanxiangwu_plants
18:19:39 | INFO: Draco Decoder: Decode primitive Mobile_nuanxiangwu_plants
18:19:39 | INFO: Blender create Mesh node Mobile_nuanxiangwu_roof
18:19:39 | INFO: Draco Decoder: Decode primitive Mobile_nuanxiangwu_roof
18:19:39 | INFO: Blender create Mesh node Mobile_nuanxiangwu_roofshell
18:19:39 | INFO: Draco Decoder: Decode primitive Mobile_nuanxiangwu_roofshell
18:19:39 | INFO: Blender create Mesh node nuanxiangwu_screen
18:19:39 | INFO: Draco Decoder: Decode primitive nuanxiangwu_screen
18:19:39 | INFO: Blender create Mesh node nuanxiangwu_silk
18:19:39 | INFO: Draco Decoder: Decode primitive nuanxiangwu_silk
18:19:39 | INFO: Blender create Mesh node landscape_lantern
18:19:39 | INFO: Draco Decoder: Decode primitive landscape_lantern
18:19:39 | INFO: Blender create Mesh node Mobile_landscape_earth
18:19:39 | INFO: Draco Decoder: Decode primitive Mobile_landscape_earth
18:19:39 | INFO: Blender create Mesh node Mobile_landscape_bankstone
18:19:39 | INFO: Draco Decoder: Decode primitive Mobile_landscape_bankstone
18:19:39 | INFO: Blender create Mesh node Mobile_landscape_limestone
18:19:39 | INFO: Draco Decoder: Decode primitive Mobile_landscape_limestone
18:19:39 | INFO: Blender create Mesh node Mobile_landscape_plants
18:19:39 | INFO: Draco Decoder: Decode primitive Mobile_landscape_plants
18:19:39 | INFO: Blender create Mesh node Mobile_landscape
18:19:39 | INFO: Draco Decoder: Decode primitive Mobile_landscape
18:19:40 | INFO: Blender create Mesh node Mobile_landscape_roofshell
18:19:40 | INFO: Draco Decoder: Decode primitive Mobile_landscape_roofshell
18:19:40 | INFO: Blender create Mesh node Mobile_landscape_paving
18:19:40 | INFO: Draco Decoder: Decode primitive Mobile_landscape_paving
18:19:40 | INFO: glTF import finished in 1.01s
BUILT TERRAIN PATH CHECK 2217 height failures 0 duplicate ground surfaces 0 [] []
coded 286 vertices, 426 indices
DracoDecoder | Decoded 2704 vertices, 2928 indices
DracoDecoder | Decoded 1920 vertices, 2880 indices
DracoDecoder | Decoded 35213 vertices, 35457 indices
DracoDecoder | Decoded 8 vertices, 12 indices
DracoDecoder | Decoded 14416 vertices, 21624 indices
DracoDecoder | Decoded 2199 vertices, 2199 indices
DracoDecoder | Decoded 2848 vertices, 4332 indices
DracoDecoder | Decoded 1809 vertices, 1809 indices
DracoDecoder | Decoded 27766 vertices, 27774 indices
DracoDecoder | Decoded 3638 vertices, 5418 indices
DracoDecoder | Decoded 192 vertices, 288 indices
DracoDecoder | Decoded 5207 vertices, 5223 indices
DracoDecoder | Decoded 4 vertices, 6 indices
DracoDecoder | Decoded 1860 vertices, 2790 indices
DracoDecoder | Decoded 318 vertices, 480 indices
DracoDecoder | Decoded 3815 vertices, 3825 indices
DracoDecoder | Decoded 3210 vertices, 3210 indices
DracoDecoder | Decoded 690 vertices, 1026 indices
DracoDecoder | Decoded 3525 vertices, 3561 indices
DracoDecoder | Decoded 4 vertices, 6 indices
DracoDecoder | Decoded 1232 vertices, 1848 indices
DracoDecoder | Decoded 266 vertices, 420 indices
DracoDecoder | Decoded 2238 vertices, 2262 indices
DracoDecoder | Decoded 2784 vertices, 2784 indices
DracoDecoder | Decoded 506 vertices, 750 indices
DracoDecoder | Decoded 216 vertices, 324 indices
DracoDecoder | Decoded 48 vertices, 72 indices
DracoDecoder | Decoded 1744 vertices, 1824 indices
DracoDecoder | Decoded 4227 vertices, 21927 indices
DracoDecoder | Decoded 6444 vertices, 9666 indices
DracoDecoder | Decoded 353461 vertices, 353463 indices
DracoDecoder | Decoded 22138 vertices, 23226 indices
DracoDecoder | Decoded 59961 vertices, 71901 indices
DracoDecoder | Decoded 1334 vertices, 1974 indices
DracoDecoder | Decoded 22014 vertices, 36270 indices

Blender quit
18:19:43 | INFO: Data are loaded, start creating Blender stuff
18:19:43 | INFO: Blender create Mesh node daguanyuan_gate_screen
18:19:43 | INFO: Draco Decoder: Decode primitive daguanyuan_gate_screen
18:19:43 | INFO: Blender create Mesh node Mobile_daguanyuan_gate
18:19:43 | INFO: Draco Decoder: Decode primitive Mobile_daguanyuan_gate
18:19:43 | INFO: Blender create Mesh node Mobile_daguanyuan_gate_floorwood
18:19:43 | INFO: Draco Decoder: Decode primitive Mobile_daguanyuan_gate_floorwood
18:19:43 | INFO: Blender create Mesh node Mobile_daguanyuan_gate_limestone
18:19:43 | INFO: Draco Decoder: Decode primitive Mobile_daguanyuan_gate_limestone
18:19:43 | INFO: Blender create Mesh node Mobile_daguanyuan_gate_paving
18:19:43 | INFO: Draco Decoder: Decode primitive Mobile_daguanyuan_gate_paving
18:19:43 | INFO: Blender create Mesh node Mobile_daguanyuan_gate_roof
18:19:43 | INFO: Draco Decoder: Decode primitive Mobile_daguanyuan_gate_roof
18:19:43 | INFO: Blender create Mesh node Mobile_daguanyuan_gate_roofshell
18:19:43 | INFO: Draco Decoder: Decode primitive Mobile_daguanyuan_gate_roofshell
18:19:43 | INFO: Blender create Mesh node Mobile_qujingtongyou_gardenstone
18:19:43 | INFO: Draco Decoder: Decode primitive Mobile_qujingtongyou_gardenstone
18:19:43 | INFO: Blender create Mesh node Mobile_qujingtongyou_limestone
18:19:43 | INFO: Draco Decoder: Decode primitive Mobile_qujingtongyou_limestone
18:19:43 | INFO: Blender create Mesh node Mobile_qujingtongyou_plants
18:19:43 | INFO: Draco Decoder: Decode primitive Mobile_qujingtongyou_plants
18:19:43 | INFO: Blender create Mesh node Mobile_xiaoxiangguan
18:19:43 | INFO: Draco Decoder: Decode primitive Mobile_xiaoxiangguan
18:19:43 | INFO: Blender create Mesh node Mobile_xiaoxiangguan_bankstone
18:19:43 | INFO: Draco Decoder: Decode primitive Mobile_xiaoxiangguan_bankstone
18:19:43 | INFO: Blender create Mesh node Mobile_xiaoxiangguan_floorwood
18:19:43 | INFO: Draco Decoder: Decode primitive Mobile_xiaoxiangguan_floorwood
18:19:43 | INFO: Blender create Mesh node Mobile_xiaoxiangguan_paving
18:19:43 | INFO: Draco Decoder: Decode primitive Mobile_xiaoxiangguan_paving
18:19:43 | INFO: Blender create Mesh node Mobile_xiaoxiangguan_plants
18:19:43 | INFO: Draco Decoder: Decode primitive Mobile_xiaoxiangguan_plants
18:19:43 | INFO: Blender create Mesh node Mobile_xiaoxiangguan_roof
18:19:43 | INFO: Draco Decoder: Decode primitive Mobile_xiaoxiangguan_roof
18:19:43 | INFO: Blender create Mesh node Mobile_xiaoxiangguan_roofshell
18:19:43 | INFO: Draco Decoder: Decode primitive Mobile_xiaoxiangguan_roofshell
18:19:43 | INFO: Blender create Mesh node xiaoxiangguan_lantern
18:19:43 | INFO: Draco Decoder: Decode primitive xiaoxiangguan_lantern
18:19:43 | INFO: Blender create Mesh node xiaoxiangguan_silk
18:19:43 | INFO: Draco Decoder: Decode primitive xiaoxiangguan_silk
18:19:43 | INFO: Blender create Mesh node Mobile_yihongyuan
18:19:43 | INFO: Draco Decoder: Decode primitive Mobile_yihongyuan
18:19:43 | INFO: Blender create Mesh node Mobile_yihongyuan_courtbase
18:19:43 | INFO: Draco Decoder: Decode primitive Mobile_yihongyuan_courtbase
18:19:43 | INFO: Blender create Mesh node Mobile_yihongyuan_floorwood
18:19:43 | INFO: Draco Decoder: Decode primitive Mobile_yihongyuan_floorwood
18:19:43 | INFO: Blender create Mesh node Mobile_yihongyuan_gardenstone
18:19:43 | INFO: Draco Decoder: Decode primitive Mobile_yihongyuan_gardenstone
18:19:43 | INFO: Blender create Mesh node Mobile_yihongyuan_limestone
18:19:43 | INFO: Draco Decoder: Decode primitive Mobile_yihongyuan_limestone
18:19:43 | INFO: Blender create Mesh node Mobile_yihongyuan_paving
18:19:43 | INFO: Draco Decoder: Decode primitive Mobile_yihongyuan_paving
18:19:43 | INFO: Blender create Mesh node Mobile_yihongyuan_plants
18:19:43 | INFO: Draco Decoder: Decode primitive Mobile_yihongyuan_plants
18:19:43 | INFO: Blender create Mesh node Mobile_yihongyuan_roof
18:19:43 | INFO: Draco Decoder: Decode primitive Mobile_yihongyuan_roof
18:19:43 | INFO: Blender create Mesh node Mobile_yihongyuan_roofshell
18:19:43 | INFO: Draco Decoder: Decode primitive Mobile_yihongyuan_roofshell
18:19:43 | INFO: Blender create Mesh node yihongyuan_lantern
18:19:43 | INFO: Draco Decoder: Decode primitive yihongyuan_lantern
18:19:43 | INFO: Blender create Mesh node yihongyuan_screen.001
18:19:43 | INFO: Draco Decoder: Decode primitive yihongyuan_screen.001
18:19:43 | INFO: Blender create Mesh node yihongyuan_silk.001
18:19:43 | INFO: Draco Decoder: Decode primitive yihongyuan_silk.001
18:19:43 | INFO: Blender create Mesh node hengwuyuan_lantern
18:19:43 | INFO: Draco Decoder: Decode primitive hengwuyuan_lantern
18:19:43 | INFO: Blender create Mesh node hengwuyuan_screen.001
18:19:43 | INFO: Draco Decoder: Decode primitive hengwuyuan_screen.001
18:19:43 | INFO: Blender create Mesh node Mobile_hengwuyuan
18:19:43 | INFO: Draco Decoder: Decode primitive Mobile_hengwuyuan
18:19:43 | INFO: Blender create Mesh node Mobile_hengwuyuan_courtbase
18:19:43 | INFO: Draco Decoder: Decode primitive Mobile_hengwuyuan_courtbase
18:19:43 | INFO: Blender create Mesh node Mobile_hengwuyuan_floorwood
18:19:43 | INFO: Draco Decoder: Decode primitive Mobile_hengwuyuan_floorwood
18:19:43 | INFO: Blender create Mesh node Mobile_hengwuyuan_gardenstone
18:19:43 | INFO: Draco Decoder: Decode primitive Mobile_hengwuyuan_gardenstone
18:19:43 | INFO: Blender create Mesh node Mobile_hengwuyuan_limestone
18:19:43 | INFO: Draco Decoder: Decode primitive Mobile_hengwuyuan_limestone
18:19:43 | INFO: Blender create Mesh node Mobile_hengwuyuan_paving
18:19:43 | INFO: Draco Decoder: Decode primitive Mobile_hengwuyuan_paving
18:19:43 | INFO: Blender create Mesh node Mobile_hengwuyuan_plants
18:19:43 | INFO: Draco Decoder: Decode primitive Mobile_hengwuyuan_plants
18:19:43 | INFO: Blender create Mesh node Mobile_hengwuyuan_roof
18:19:43 | INFO: Draco Decoder: Decode primitive Mobile_hengwuyuan_roof
18:19:43 | INFO: Blender create Mesh node Mobile_hengwuyuan_roofshell
18:19:43 | INFO: Draco Decoder: Decode primitive Mobile_hengwuyuan_roofshell
18:19:43 | INFO: Blender create Mesh node Mobile_qiushuangzhai
18:19:43 | INFO: Draco Decoder: Decode primitive Mobile_qiushuangzhai
18:19:43 | INFO: Blender create Mesh node Mobile_qiushuangzhai_courtbase
18:19:43 | INFO: Draco Decoder: Decode primitive Mobile_qiushuangzhai_courtbase
18:19:43 | INFO: Blender create Mesh node Mobile_qiushuangzhai_floorwood
18:19:43 | INFO: Draco Decoder: Decode primitive Mobile_qiushuangzhai_floorwood
18:19:43 | INFO: Blender create Mesh node Mobile_qiushuangzhai_paving
18:19:43 | INFO: Draco Decoder: Decode primitive Mobile_qiushuangzhai_paving
18:19:43 | INFO: Blender create Mesh node Mobile_qiushuangzhai_plants
18:19:43 | INFO: Draco Decoder: Decode primitive Mobile_qiushuangzhai_plants
18:19:43 | INFO: Blender create Mesh node Mobile_qiushuangzhai_roof
18:19:43 | INFO: Draco Decoder: Decode primitive Mobile_qiushuangzhai_roof
18:19:43 | INFO: Blender create Mesh node Mobile_qiushuangzhai_roofshell
18:19:43 | INFO: Draco Decoder: Decode primitive Mobile_qiushuangzhai_roofshell
18:19:43 | INFO: Blender create Mesh node qiushuangzhai_lantern
18:19:43 | INFO: Draco Decoder: Decode primitive qiushuangzhai_lantern
18:19:43 | INFO: Blender create Mesh node qiushuangzhai_screen
18:19:43 | INFO: Draco Decoder: Decode primitive qiushuangzhai_screen
18:19:43 | INFO: Blender create Mesh node qiushuangzhai_silk.001
18:19:43 | INFO: Draco Decoder: Decode primitive qiushuangzhai_silk.001
18:19:43 | INFO: Blender create Mesh node daoxiangcun_screen.001
18:19:43 | INFO: Draco Decoder: Decode primitive daoxiangcun_screen.001
18:19:43 | INFO: Blender create Mesh node Mobile_daoxiangcun
18:19:43 | INFO: Draco Decoder: Decode primitive Mobile_daoxiangcun
18:19:43 | INFO: Blender create Mesh node Mobile_daoxiangcun_paving
18:19:43 | INFO: Draco Decoder: Decode primitive Mobile_daoxiangcun_paving
18:19:43 | INFO: Blender create Mesh node Mobile_daoxiangcun_plants
18:19:43 | INFO: Draco Decoder: Decode primitive Mobile_daoxiangcun_plants
18:19:43 | INFO: Blender create Mesh node Mobile_ouxiangxie
18:19:43 | INFO: Draco Decoder: Decode primitive Mobile_ouxiangxie
18:19:43 | INFO: Blender create Mesh node Mobile_ouxiangxie_plants
18:19:43 | INFO: Draco Decoder: Decode primitive Mobile_ouxiangxie_plants
18:19:43 | INFO: Blender create Mesh node Mobile_ouxiangxie_roof
18:19:43 | INFO: Draco Decoder: Decode primitive Mobile_ouxiangxie_roof
18:19:43 | INFO: Blender create Mesh node Mobile_ouxiangxie_roofshell
18:19:43 | INFO: Draco Decoder: Decode primitive Mobile_ouxiangxie_roofshell
18:19:43 | INFO: Blender create Mesh node ouxiangxie_screen
18:19:43 | INFO: Draco Decoder: Decode primitive ouxiangxie_screen
18:19:43 | INFO: Blender create Mesh node dicuiting_lantern
18:19:43 | INFO: Draco Decoder: Decode primitive dicuiting_lantern
18:19:43 | INFO: Blender create Mesh node Mobile_dicuiting
18:19:43 | INFO: Draco Decoder: Decode primitive Mobile_dicuiting
18:19:43 | INFO: Blender create Mesh node Mobile_dicuiting_roof
18:19:43 | INFO: Draco Decoder: Decode primitive Mobile_dicuiting_roof
18:19:43 | INFO: Blender create Mesh node Mobile_dicuiting_roofshell
18:19:43 | INFO: Draco Decoder: Decode primitive Mobile_dicuiting_roofshell
18:19:43 | INFO: Blender create Mesh node Mobile_luxuean
18:19:43 | INFO: Draco Decoder: Decode primitive Mobile_luxuean
18:19:43 | INFO: Blender create Mesh node Mobile_luxuean_paving
18:19:43 | INFO: Draco Decoder: Decode primitive Mobile_luxuean_paving
18:19:43 | INFO: Blender create Mesh node Mobile_luxuean_plants
18:19:43 | INFO: Draco Decoder: Decode primitive Mobile_luxuean_plants
18:19:43 | INFO: Blender create Mesh node Mobile_tubishanzhuang
18:19:43 | INFO: Draco Decoder: Decode primitive Mobile_tubishanzhuang
18:19:43 | INFO: Blender create Mesh node Mobile_tubishanzhuang_floorwood
18:19:43 | INFO: Draco Decoder: Decode primitive Mobile_tubishanzhuang_floorwood
18:19:43 | INFO: Blender create Mesh node Mobile_tubishanzhuang_paving
18:19:43 | INFO: Draco Decoder: Decode primitive Mobile_tubishanzhuang_paving
18:19:43 | INFO: Blender create Mesh node Mobile_tubishanzhuang_plants
18:19:43 | INFO: Draco Decoder: Decode primitive Mobile_tubishanzhuang_plants
18:19:43 | INFO: Blender create Mesh node Mobile_tubishanzhuang_roof
18:19:43 | INFO: Draco Decoder: Decode primitive Mobile_tubishanzhuang_roof
18:19:43 | INFO: Blender create Mesh node Mobile_tubishanzhuang_roofshell
18:19:43 | INFO: Draco Decoder: Decode primitive Mobile_tubishanzhuang_roofshell
18:19:43 | INFO: Blender create Mesh node tubishanzhuang_screen
18:19:43 | INFO: Draco Decoder: Decode primitive tubishanzhuang_screen
18:19:43 | INFO: Blender create Mesh node aojingxiguan_screen
18:19:43 | INFO: Draco Decoder: Decode primitive aojingxiguan_screen
18:19:43 | INFO: Blender create Mesh node Mobile_aojingxiguan
18:19:43 | INFO: Draco Decoder: Decode primitive Mobile_aojingxiguan
18:19:43 | INFO: Blender create Mesh node Mobile_aojingxiguan_floorwood
18:19:43 | INFO: Draco Decoder: Decode primitive Mobile_aojingxiguan_floorwood
18:19:43 | INFO: Blender create Mesh node Mobile_aojingxiguan_paving
18:19:43 | INFO: Draco Decoder: Decode primitive Mobile_aojingxiguan_paving
18:19:43 | INFO: Blender create Mesh node Mobile_aojingxiguan_plants
18:19:43 | INFO: Draco Decoder: Decode primitive Mobile_aojingxiguan_plants
Blender 4.5.9 LTS (hash 8bf95cbd38d1 built 2026-04-21 01:33:45)
Read blend: "D:\Users\Lenovo\Desktop\大观园\blender\daguanyuan_master.blend"
DracoDecoder | Decoded 384 vertices, 576 indices
DracoDecoder | Decoded 3678 vertices, 3678 indices
DracoDecoder | Decoded 1508 vertices, 2262 indices
DracoDecoder | Decoded 183 vertices, 183 indices
DracoDecoder | Decoded 4 vertices, 6 indices
DracoDecoder | Decoded 1795 vertices, 1797 indices
DracoDecoder | Decoded 238 vertices, 354 indices
DracoDecoder | Decoded 2191 vertices, 8301 indices
DracoDecoder | Decoded 273 vertices, 273 indices
DracoDecoder | Decoded 486 vertices, 486 indices
DracoDecoder | Decoded 5216 vertices, 5250 indices
DracoDecoder | Decoded 744 vertices, 744 indices
DracoDecoder | Decoded 1152 vertices, 1728 indices
DracoDecoder | Decoded 18 vertices, 30 indices
DracoDecoder | Decoded 18763 vertices, 19197 indices
DracoDecoder | Decoded 3240 vertices, 3240 indices
DracoDecoder | Decoded 736 vertices, 1092 indices
DracoDecoder | Decoded 320 vertices, 480 indices
DracoDecoder | Decoded 24 vertices, 36 indices
DracoDecoder | Decoded 5092 vertices, 5118 indices
DracoDecoder | Decoded 4 vertices, 6 indices
DracoDecoder | Decoded 1440 vertices, 2160 indices
DracoDecoder | Decoded 2227 vertices, 8310 indices
DracoDecoder | Decoded 366 vertices, 366 indices
DracoDecoder | Decoded 410 vertices, 618 indices
DracoDecoder | Decoded 3761 vertices, 4161 indices
DracoDecoder | Decoded 4404 vertices, 4404 indices
DracoDecoder | Decoded 878 vertices, 1302 indices
DracoDecoder | Decoded 320 vertices, 480 indices
DracoDecoder | Decoded 120 vertices, 180 indices
DracoDecoder | Decoded 72 vertices, 108 indices
DracoDecoder | Decoded 320 vertices, 480 indices
DracoDecoder | Decoded 24 vertices, 36 indices
DracoDecoder | Decoded 4265 vertices, 4281 indices
DracoDecoder | Decoded 8 vertices, 12 indices
DracoDecoder | Decoded 1648 vertices, 2472 indices
DracoDecoder | Decoded 2203 vertices, 8337 indices
DracoDecoder | Decoded 273 vertices, 273 indices
DracoDecoder | Decoded 254 vertices, 384 indices
DracoDecoder | Decoded 2920 vertices, 3024 indices
DracoDecoder | Decoded 3657 vertices, 3657 indices
DracoDecoder | Decoded 626 vertices, 930 indices
DracoDecoder | Decoded 6762 vertices, 6918 indices
DracoDecoder | Decoded 4 vertices, 6 indices
DracoDecoder | Decoded 1784 vertices, 2676 indices
DracoDecoder | Decoded 594 vertices, 894 indices
DracoDecoder | Decoded 1669 vertices, 1707 indices
DracoDecoder | Decoded 2211 vertices, 2211 indices
DracoDecoder | Decoded 406 vertices, 606 indices
DracoDecoder | Decoded 320 vertices, 480 indices
DracoDecoder | Decoded 192 vertices, 288 indices
DracoDecoder | Decoded 24 vertices, 36 indices
DracoDecoder | Decoded 192 vertices, 288 indices
DracoDecoder | Decoded 1194 vertices, 1212 indices
DracoDecoder | Decoded 30 vertices, 66 indices
DracoDecoder | Decoded 7803 vertices, 7857 indices
DracoDecoder | Decoded 1126 vertices, 1164 indices
DracoDecoder | Decoded 192 vertices, 324 indices
DracoDecoder | Decoded 1611 vertices, 1611 indices
DracoDecoder | Decoded 286 vertices, 426 indices
DracoDecoder | Decoded 216 vertices, 324 indices
DracoDecoder | Decoded 1280 vertices, 1920 indices
DracoDecoder | Decoded 624 vertices, 696 indices
DracoDecoder | Decoded 861 vertices, 861 indices
DracoDecoder | Decoded 246 vertices, 366 indices
DracoDecoder | Decoded 1306 vertices, 1380 indices
DracoDecoder | Decoded 22 vertices, 54 indices
DracoDecoder | Decoded 687 vertices, 735 indices
DracoDecoder | Decoded 2772 vertices, 2772 indices
DracoDecoder | Decoded 1488 vertices, 2232 indices
DracoDecoder | Decoded 766 vertices, 1152 indices
DracoDecoder | Decoded 486 vertices, 486 indices
DracoDecoder | Decoded 1788 vertices, 1788 indices
DracoDecoder | Decoded 286 vertices, 426 indices
DracoDecoder | Decoded 192 vertices, 288 indices
DracoDecoder | Decoded 192 vertices, 288 indices
DracoDecoder | Decoded 2702 vertices, 2706 indices
DracoDecoder | Decoded 1332 vertices, 1998 indices
DracoDecoder | Decoded 770 vertices, 1164 indices
DracoDecoder | Decoded 486 vertices, 18:19:43 | INFO: Blender create Mesh node Mobile_aojingxiguan_roof
18:19:43 | INFO: Draco Decoder: Decode primitive Mobile_aojingxiguan_roof
18:19:43 | INFO: Blender create Mesh node Mobile_aojingxiguan_roofshell
18:19:43 | INFO: Draco Decoder: Decode primitive Mobile_aojingxiguan_roofshell
18:19:43 | INFO: Blender create Mesh node daguanlou_lantern
18:19:43 | INFO: Draco Decoder: Decode primitive daguanlou_lantern
18:19:43 | INFO: Blender create Mesh node daguanlou_screen
18:19:43 | INFO: Draco Decoder: Decode primitive daguanlou_screen
18:19:43 | INFO: Blender create Mesh node Mobile_daguanlou
18:19:43 | INFO: Draco Decoder: Decode primitive Mobile_daguanlou
18:19:43 | INFO: Blender create Mesh node Mobile_daguanlou_courtbase
18:19:43 | INFO: Draco Decoder: Decode primitive Mobile_daguanlou_courtbase
18:19:44 | INFO: Blender create Mesh node Mobile_daguanlou_floorwood
18:19:44 | INFO: Draco Decoder: Decode primitive Mobile_daguanlou_floorwood
18:19:44 | INFO: Blender create Mesh node Mobile_daguanlou_limestone
18:19:44 | INFO: Draco Decoder: Decode primitive Mobile_daguanlou_limestone
18:19:44 | INFO: Blender create Mesh node Mobile_daguanlou_paving
18:19:44 | INFO: Draco Decoder: Decode primitive Mobile_daguanlou_paving
18:19:44 | INFO: Blender create Mesh node Mobile_daguanlou_plants
18:19:44 | INFO: Draco Decoder: Decode primitive Mobile_daguanlou_plants
18:19:44 | INFO: Blender create Mesh node Mobile_daguanlou_roof
18:19:44 | INFO: Draco Decoder: Decode primitive Mobile_daguanlou_roof
18:19:44 | INFO: Blender create Mesh node Mobile_daguanlou_roofshell
18:19:44 | INFO: Draco Decoder: Decode primitive Mobile_daguanlou_roofshell
18:19:44 | INFO: Blender create Mesh node longcuian_screen
18:19:44 | INFO: Draco Decoder: Decode primitive longcuian_screen
18:19:44 | INFO: Blender create Mesh node Mobile_longcuian
18:19:44 | INFO: Draco Decoder: Decode primitive Mobile_longcuian
18:19:44 | INFO: Blender create Mesh node Mobile_longcuian_courtbase
18:19:44 | INFO: Draco Decoder: Decode primitive Mobile_longcuian_courtbase
18:19:44 | INFO: Blender create Mesh node Mobile_longcuian_floorwood
18:19:44 | INFO: Draco Decoder: Decode primitive Mobile_longcuian_floorwood
18:19:44 | INFO: Blender create Mesh node Mobile_longcuian_paving
18:19:44 | INFO: Draco Decoder: Decode primitive Mobile_longcuian_paving
18:19:44 | INFO: Blender create Mesh node Mobile_longcuian_plants
18:19:44 | INFO: Draco Decoder: Decode primitive Mobile_longcuian_plants
18:19:44 | INFO: Blender create Mesh node Mobile_longcuian_roof
18:19:44 | INFO: Draco Decoder: Decode primitive Mobile_longcuian_roof
18:19:44 | INFO: Blender create Mesh node Mobile_longcuian_roofshell
18:19:44 | INFO: Draco Decoder: Decode primitive Mobile_longcuian_roofshell
18:19:44 | INFO: Blender create Mesh node Mobile_nuanxiangwu
18:19:44 | INFO: Draco Decoder: Decode primitive Mobile_nuanxiangwu
18:19:44 | INFO: Blender create Mesh node Mobile_nuanxiangwu_courtbase
18:19:44 | INFO: Draco Decoder: Decode primitive Mobile_nuanxiangwu_courtbase
18:19:44 | INFO: Blender create Mesh node Mobile_nuanxiangwu_floorwood
18:19:44 | INFO: Draco Decoder: Decode primitive Mobile_nuanxiangwu_floorwood
18:19:44 | INFO: Blender create Mesh node Mobile_nuanxiangwu_paving
18:19:44 | INFO: Draco Decoder: Decode primitive Mobile_nuanxiangwu_paving
18:19:44 | INFO: Blender create Mesh node Mobile_nuanxiangwu_plants
18:19:44 | INFO: Draco Decoder: Decode primitive Mobile_nuanxiangwu_plants
18:19:44 | INFO: Blender create Mesh node Mobile_nuanxiangwu_roof
18:19:44 | INFO: Draco Decoder: Decode primitive Mobile_nuanxiangwu_roof
18:19:44 | INFO: Blender create Mesh node Mobile_nuanxiangwu_roofshell
18:19:44 | INFO: Draco Decoder: Decode primitive Mobile_nuanxiangwu_roofshell
18:19:44 | INFO: Blender create Mesh node nuanxiangwu_screen
18:19:44 | INFO: Draco Decoder: Decode primitive nuanxiangwu_screen
18:19:44 | INFO: Blender create Mesh node nuanxiangwu_silk
18:19:44 | INFO: Draco Decoder: Decode primitive nuanxiangwu_silk
18:19:44 | INFO: Blender create Mesh node landscape_lantern
18:19:44 | INFO: Draco Decoder: Decode primitive landscape_lantern
18:19:44 | INFO: Blender create Mesh node Mobile_landscape_earth
18:19:44 | INFO: Draco Decoder: Decode primitive Mobile_landscape_earth
18:19:44 | INFO: Blender create Mesh node Mobile_landscape_bankstone
18:19:44 | INFO: Draco Decoder: Decode primitive Mobile_landscape_bankstone
18:19:44 | INFO: Blender create Mesh node Mobile_landscape_limestone
18:19:44 | INFO: Draco Decoder: Decode primitive Mobile_landscape_limestone
18:19:44 | INFO: Blender create Mesh node Mobile_landscape_plants
18:19:44 | INFO: Draco Decoder: Decode primitive Mobile_landscape_plants
18:19:44 | INFO: Blender create Mesh node Mobile_landscape
18:19:44 | INFO: Draco Decoder: Decode primitive Mobile_landscape
18:19:44 | INFO: Blender create Mesh node Mobile_landscape_roofshell
18:19:44 | INFO: Draco Decoder: Decode primitive Mobile_landscape_roofshell
18:19:44 | INFO: Blender create Mesh node Mobile_landscape_paving
18:19:44 | INFO: Draco Decoder: Decode primitive Mobile_landscape_paving
18:19:44 | INFO: glTF import finished in 1.00s
FLOOR COVERAGE 2959 missing 0
486 indices
DracoDecoder | Decoded 1629 vertices, 1629 indices
DracoDecoder | Decoded 286 vertices, 426 indices
DracoDecoder | Decoded 2704 vertices, 2928 indices
DracoDecoder | Decoded 1920 vertices, 2880 indices
DracoDecoder | Decoded 35213 vertices, 35457 indices
DracoDecoder | Decoded 8 vertices, 12 indices
DracoDecoder | Decoded 14416 vertices, 21624 indices
DracoDecoder | Decoded 2199 vertices, 2199 indices
DracoDecoder | Decoded 2848 vertices, 4332 indices
DracoDecoder | Decoded 1809 vertices, 1809 indices
DracoDecoder | Decoded 27766 vertices, 27774 indices
DracoDecoder | Decoded 3638 vertices, 5418 indices
DracoDecoder | Decoded 192 vertices, 288 indices
DracoDecoder | Decoded 5207 vertices, 5223 indices
DracoDecoder | Decoded 4 vertices, 6 indices
DracoDecoder | Decoded 1860 vertices, 2790 indices
DracoDecoder | Decoded 318 vertices, 480 indices
DracoDecoder | Decoded 3815 vertices, 3825 indices
DracoDecoder | Decoded 3210 vertices, 3210 indices
DracoDecoder | Decoded 690 vertices, 1026 indices
DracoDecoder | Decoded 3525 vertices, 3561 indices
DracoDecoder | Decoded 4 vertices, 6 indices
DracoDecoder | Decoded 1232 vertices, 1848 indices
DracoDecoder | Decoded 266 vertices, 420 indices
DracoDecoder | Decoded 2238 vertices, 2262 indices
DracoDecoder | Decoded 2784 vertices, 2784 indices
DracoDecoder | Decoded 506 vertices, 750 indices
DracoDecoder | Decoded 216 vertices, 324 indices
DracoDecoder | Decoded 48 vertices, 72 indices
DracoDecoder | Decoded 1744 vertices, 1824 indices
DracoDecoder | Decoded 4227 vertices, 21927 indices
DracoDecoder | Decoded 6444 vertices, 9666 indices
DracoDecoder | Decoded 353461 vertices, 353463 indices
DracoDecoder | Decoded 22138 vertices, 23226 indices
DracoDecoder | Decoded 59961 vertices, 71901 indices
DracoDecoder | Decoded 1334 vertices, 1974 indices
DracoDecoder | Decoded 22014 vertices, 36270 indices

Blender quit
18:19:48 | INFO: Data are loaded, start creating Blender stuff
18:19:48 | INFO: Blender create Mesh node daguanyuan_gate_screen
18:19:48 | INFO: Draco Decoder: Decode primitive daguanyuan_gate_screen
18:19:48 | INFO: Blender create Mesh node Mobile_daguanyuan_gate
18:19:48 | INFO: Draco Decoder: Decode primitive Mobile_daguanyuan_gate
18:19:48 | INFO: Blender create Mesh node Mobile_daguanyuan_gate_floorwood
18:19:48 | INFO: Draco Decoder: Decode primitive Mobile_daguanyuan_gate_floorwood
18:19:48 | INFO: Blender create Mesh node Mobile_daguanyuan_gate_limestone
18:19:48 | INFO: Draco Decoder: Decode primitive Mobile_daguanyuan_gate_limestone
18:19:48 | INFO: Blender create Mesh node Mobile_daguanyuan_gate_paving
18:19:48 | INFO: Draco Decoder: Decode primitive Mobile_daguanyuan_gate_paving
18:19:48 | INFO: Blender create Mesh node Mobile_daguanyuan_gate_roof
18:19:48 | INFO: Draco Decoder: Decode primitive Mobile_daguanyuan_gate_roof
18:19:48 | INFO: Blender create Mesh node Mobile_daguanyuan_gate_roofshell
18:19:48 | INFO: Draco Decoder: Decode primitive Mobile_daguanyuan_gate_roofshell
18:19:48 | INFO: Blender create Mesh node Mobile_qujingtongyou_gardenstone
18:19:48 | INFO: Draco Decoder: Decode primitive Mobile_qujingtongyou_gardenstone
18:19:48 | INFO: Blender create Mesh node Mobile_qujingtongyou_limestone
18:19:48 | INFO: Draco Decoder: Decode primitive Mobile_qujingtongyou_limestone
18:19:48 | INFO: Blender create Mesh node Mobile_qujingtongyou_plants
18:19:48 | INFO: Draco Decoder: Decode primitive Mobile_qujingtongyou_plants
18:19:48 | INFO: Blender create Mesh node Mobile_xiaoxiangguan
18:19:48 | INFO: Draco Decoder: Decode primitive Mobile_xiaoxiangguan
18:19:48 | INFO: Blender create Mesh node Mobile_xiaoxiangguan_bankstone
18:19:48 | INFO: Draco Decoder: Decode primitive Mobile_xiaoxiangguan_bankstone
18:19:48 | INFO: Blender create Mesh node Mobile_xiaoxiangguan_floorwood
18:19:48 | INFO: Draco Decoder: Decode primitive Mobile_xiaoxiangguan_floorwood
18:19:48 | INFO: Blender create Mesh node Mobile_xiaoxiangguan_paving
18:19:48 | INFO: Draco Decoder: Decode primitive Mobile_xiaoxiangguan_paving
18:19:48 | INFO: Blender create Mesh node Mobile_xiaoxiangguan_plants
18:19:48 | INFO: Draco Decoder: Decode primitive Mobile_xiaoxiangguan_plants
18:19:48 | INFO: Blender create Mesh node Mobile_xiaoxiangguan_roof
18:19:48 | INFO: Draco Decoder: Decode primitive Mobile_xiaoxiangguan_roof
18:19:48 | INFO: Blender create Mesh node Mobile_xiaoxiangguan_roofshell
18:19:48 | INFO: Draco Decoder: Decode primitive Mobile_xiaoxiangguan_roofshell
18:19:48 | INFO: Blender create Mesh node xiaoxiangguan_lantern
18:19:48 | INFO: Draco Decoder: Decode primitive xiaoxiangguan_lantern
18:19:48 | INFO: Blender create Mesh node xiaoxiangguan_silk
18:19:48 | INFO: Draco Decoder: Decode primitive xiaoxiangguan_silk
18:19:48 | INFO: Blender create Mesh node Mobile_yihongyuan
18:19:48 | INFO: Draco Decoder: Decode primitive Mobile_yihongyuan
18:19:48 | INFO: Blender create Mesh node Mobile_yihongyuan_courtbase
18:19:48 | INFO: Draco Decoder: Decode primitive Mobile_yihongyuan_courtbase
18:19:48 | INFO: Blender create Mesh node Mobile_yihongyuan_floorwood
18:19:48 | INFO: Draco Decoder: Decode primitive Mobile_yihongyuan_floorwood
18:19:48 | INFO: Blender create Mesh node Mobile_yihongyuan_gardenstone
18:19:48 | INFO: Draco Decoder: Decode primitive Mobile_yihongyuan_gardenstone
18:19:48 | INFO: Blender create Mesh node Mobile_yihongyuan_limestone
18:19:48 | INFO: Draco Decoder: Decode primitive Mobile_yihongyuan_limestone
18:19:48 | INFO: Blender create Mesh node Mobile_yihongyuan_paving
18:19:48 | INFO: Draco Decoder: Decode primitive Mobile_yihongyuan_paving
18:19:48 | INFO: Blender create Mesh node Mobile_yihongyuan_plants
18:19:48 | INFO: Draco Decoder: Decode primitive Mobile_yihongyuan_plants
18:19:48 | INFO: Blender create Mesh node Mobile_yihongyuan_roof
18:19:48 | INFO: Draco Decoder: Decode primitive Mobile_yihongyuan_roof
18:19:48 | INFO: Blender create Mesh node Mobile_yihongyuan_roofshell
18:19:48 | INFO: Draco Decoder: Decode primitive Mobile_yihongyuan_roofshell
18:19:48 | INFO: Blender create Mesh node yihongyuan_lantern
18:19:48 | INFO: Draco Decoder: Decode primitive yihongyuan_lantern
18:19:48 | INFO: Blender create Mesh node yihongyuan_screen.001
18:19:48 | INFO: Draco Decoder: Decode primitive yihongyuan_screen.001
18:19:48 | INFO: Blender create Mesh node yihongyuan_silk.001
18:19:48 | INFO: Draco Decoder: Decode primitive yihongyuan_silk.001
18:19:48 | INFO: Blender create Mesh node hengwuyuan_lantern
18:19:48 | INFO: Draco Decoder: Decode primitive hengwuyuan_lantern
18:19:48 | INFO: Blender create Mesh node hengwuyuan_screen.001
18:19:48 | INFO: Draco Decoder: Decode primitive hengwuyuan_screen.001
18:19:48 | INFO: Blender create Mesh node Mobile_hengwuyuan
18:19:48 | INFO: Draco Decoder: Decode primitive Mobile_hengwuyuan
18:19:48 | INFO: Blender create Mesh node Mobile_hengwuyuan_courtbase
18:19:48 | INFO: Draco Decoder: Decode primitive Mobile_hengwuyuan_courtbase
18:19:48 | INFO: Blender create Mesh node Mobile_hengwuyuan_floorwood
18:19:48 | INFO: Draco Decoder: Decode primitive Mobile_hengwuyuan_floorwood
18:19:48 | INFO: Blender create Mesh node Mobile_hengwuyuan_gardenstone
18:19:48 | INFO: Draco Decoder: Decode primitive Mobile_hengwuyuan_gardenstone
18:19:48 | INFO: Blender create Mesh node Mobile_hengwuyuan_limestone
18:19:48 | INFO: Draco Decoder: Decode primitive Mobile_hengwuyuan_limestone
18:19:48 | INFO: Blender create Mesh node Mobile_hengwuyuan_paving
18:19:48 | INFO: Draco Decoder: Decode primitive Mobile_hengwuyuan_paving
18:19:48 | INFO: Blender create Mesh node Mobile_hengwuyuan_plants
18:19:48 | INFO: Draco Decoder: Decode primitive Mobile_hengwuyuan_plants
18:19:48 | INFO: Blender create Mesh node Mobile_hengwuyuan_roof
18:19:48 | INFO: Draco Decoder: Decode primitive Mobile_hengwuyuan_roof
18:19:48 | INFO: Blender create Mesh node Mobile_hengwuyuan_roofshell
18:19:48 | INFO: Draco Decoder: Decode primitive Mobile_hengwuyuan_roofshell
18:19:48 | INFO: Blender create Mesh node Mobile_qiushuangzhai
18:19:48 | INFO: Draco Decoder: Decode primitive Mobile_qiushuangzhai
18:19:48 | INFO: Blender create Mesh node Mobile_qiushuangzhai_courtbase
18:19:48 | INFO: Draco Decoder: Decode primitive Mobile_qiushuangzhai_courtbase
18:19:48 | INFO: Blender create Mesh node Mobile_qiushuangzhai_floorwood
18:19:48 | INFO: Draco Decoder: Decode primitive Mobile_qiushuangzhai_floorwood
18:19:48 | INFO: Blender create Mesh node Mobile_qiushuangzhai_paving
18:19:48 | INFO: Draco Decoder: Decode primitive Mobile_qiushuangzhai_paving
18:19:48 | INFO: Blender create Mesh node Mobile_qiushuangzhai_plants
18:19:48 | INFO: Draco Decoder: Decode primitive Mobile_qiushuangzhai_plants
18:19:48 | INFO: Blender create Mesh node Mobile_qiushuangzhai_roof
18:19:48 | INFO: Draco Decoder: Decode primitive Mobile_qiushuangzhai_roof
18:19:48 | INFO: Blender create Mesh node Mobile_qiushuangzhai_roofshell
18:19:48 | INFO: Draco Decoder: Decode primitive Mobile_qiushuangzhai_roofshell
18:19:48 | INFO: Blender create Mesh node qiushuangzhai_lantern
18:19:48 | INFO: Draco Decoder: Decode primitive qiushuangzhai_lantern
18:19:48 | INFO: Blender create Mesh node qiushuangzhai_screen
18:19:48 | INFO: Draco Decoder: Decode primitive qiushuangzhai_screen
18:19:48 | INFO: Blender create Mesh node qiushuangzhai_silk.001
18:19:48 | INFO: Draco Decoder: Decode primitive qiushuangzhai_silk.001
18:19:48 | INFO: Blender create Mesh node daoxiangcun_screen.001
18:19:48 | INFO: Draco Decoder: Decode primitive daoxiangcun_screen.001
18:19:48 | INFO: Blender create Mesh node Mobile_daoxiangcun
18:19:48 | INFO: Draco Decoder: Decode primitive Mobile_daoxiangcun
18:19:48 | INFO: Blender create Mesh node Mobile_daoxiangcun_paving
18:19:48 | INFO: Draco Decoder: Decode primitive Mobile_daoxiangcun_paving
18:19:48 | INFO: Blender create Mesh node Mobile_daoxiangcun_plants
18:19:48 | INFO: Draco Decoder: Decode primitive Mobile_daoxiangcun_plants
18:19:48 | INFO: Blender create Mesh node Mobile_ouxiangxie
18:19:48 | INFO: Draco Decoder: Decode primitive Mobile_ouxiangxie
18:19:48 | INFO: Blender create Mesh node Mobile_ouxiangxie_plants
18:19:48 | INFO: Draco Decoder: Decode primitive Mobile_ouxiangxie_plants
18:19:48 | INFO: Blender create Mesh node Mobile_ouxiangxie_roof
18:19:48 | INFO: Draco Decoder: Decode primitive Mobile_ouxiangxie_roof
18:19:48 | INFO: Blender create Mesh node Mobile_ouxiangxie_roofshell
18:19:48 | INFO: Draco Decoder: Decode primitive Mobile_ouxiangxie_roofshell
18:19:48 | INFO: Blender create Mesh node ouxiangxie_screen
18:19:48 | INFO: Draco Decoder: Decode primitive ouxiangxie_screen
18:19:48 | INFO: Blender create Mesh node dicuiting_lantern
18:19:48 | INFO: Draco Decoder: Decode primitive dicuiting_lantern
18:19:48 | INFO: Blender create Mesh node Mobile_dicuiting
18:19:48 | INFO: Draco Decoder: Decode primitive Mobile_dicuiting
18:19:48 | INFO: Blender create Mesh node Mobile_dicuiting_roof
18:19:48 | INFO: Draco Decoder: Decode primitive Mobile_dicuiting_roof
18:19:48 | INFO: Blender create Mesh node Mobile_dicuiting_roofshell
18:19:48 | INFO: Draco Decoder: Decode primitive Mobile_dicuiting_roofshell
18:19:48 | INFO: Blender create Mesh node Mobile_luxuean
18:19:48 | INFO: Draco Decoder: Decode primitive Mobile_luxuean
18:19:48 | INFO: Blender create Mesh node Mobile_luxuean_paving
18:19:48 | INFO: Draco Decoder: Decode primitive Mobile_luxuean_paving
18:19:48 | INFO: Blender create Mesh node Mobile_luxuean_plants
18:19:48 | INFO: Draco Decoder: Decode primitive Mobile_luxuean_plants
18:19:48 | INFO: Blender create Mesh node Mobile_tubishanzhuang
18:19:48 | INFO: Draco Decoder: Decode primitive Mobile_tubishanzhuang
18:19:48 | INFO: Blender create Mesh node Mobile_tubishanzhuang_floorwood
18:19:48 | INFO: Draco Decoder: Decode primitive Mobile_tubishanzhuang_floorwood
18:19:48 | INFO: Blender create Mesh node Mobile_tubishanzhuang_paving
18:19:48 | INFO: Draco Decoder: Decode primitive Mobile_tubishanzhuang_paving
18:19:48 | INFO: Blender create Mesh node Mobile_tubishanzhuang_plants
18:19:48 | INFO: Draco Decoder: Decode primitive Mobile_tubishanzhuang_plants
18:19:48 | INFO: Blender create Mesh node Mobile_tubishanzhuang_roof
18:19:48 | INFO: Draco Decoder: Decode primitive Mobile_tubishanzhuang_roof
18:19:48 | INFO: Blender create Mesh node Mobile_tubishanzhuang_roofshell
18:19:48 | INFO: Draco Decoder: Decode primitive Mobile_tubishanzhuang_roofshell
18:19:48 | INFO: Blender create Mesh node tubishanzhuang_screen
18:19:48 | INFO: Draco Decoder: Decode primitive tubishanzhuang_screen
18:19:48 | INFO: Blender create Mesh node aojingxiguan_screen
18:19:48 | INFO: Draco Decoder: Decode primitive aojingxiguan_screen
18:19:48 | INFO: Blender create Mesh node Mobile_aojingxiguan
18:19:48 | INFO: Draco Decoder: Decode primitive Mobile_aojingxiguan
18:19:48 | INFO: Blender create Mesh node Mobile_aojingxiguan_floorwood
18:19:48 | INFO: Draco Decoder: Decode primitive Mobile_aojingxiguan_floorwood
18:19:48 | INFO: Blender create Mesh node Mobile_aojingxiguan_paving
18:19:48 | INFO: Draco Decoder: Decode primitive Mobile_aojingxiguan_paving
18:19:48 | INFO: Blender create Mesh node Mobile_aojingxiguan_plants
18:19:48 | INFO: Draco Decoder: Decode primitive Mobile_aojingxiguan_plants
Blender 4.5.9 LTS (hash 8bf95cbd38d1 built 2026-04-21 01:33:45)
Read blend: "D:\Users\Lenovo\Desktop\大观园\blender\daguanyuan_master.blend"
DracoDecoder | Decoded 384 vertices, 576 indices
DracoDecoder | Decoded 3678 vertices, 3678 indices
DracoDecoder | Decoded 1508 vertices, 2262 indices
DracoDecoder | Decoded 183 vertices, 183 indices
DracoDecoder | Decoded 4 vertices, 6 indices
DracoDecoder | Decoded 1795 vertices, 1797 indices
DracoDecoder | Decoded 238 vertices, 354 indices
DracoDecoder | Decoded 2191 vertices, 8301 indices
DracoDecoder | Decoded 273 vertices, 273 indices
DracoDecoder | Decoded 486 vertices, 486 indices
DracoDecoder | Decoded 5216 vertices, 5250 indices
DracoDecoder | Decoded 744 vertices, 744 indices
DracoDecoder | Decoded 1152 vertices, 1728 indices
DracoDecoder | Decoded 18 vertices, 30 indices
DracoDecoder | Decoded 18763 vertices, 19197 indices
DracoDecoder | Decoded 3240 vertices, 3240 indices
DracoDecoder | Decoded 736 vertices, 1092 indices
DracoDecoder | Decoded 320 vertices, 480 indices
DracoDecoder | Decoded 24 vertices, 36 indices
DracoDecoder | Decoded 5092 vertices, 5118 indices
DracoDecoder | Decoded 4 vertices, 6 indices
DracoDecoder | Decoded 1440 vertices, 2160 indices
DracoDecoder | Decoded 2227 vertices, 8310 indices
DracoDecoder | Decoded 366 vertices, 366 indices
DracoDecoder | Decoded 410 vertices, 618 indices
DracoDecoder | Decoded 3761 vertices, 4161 indices
DracoDecoder | Decoded 4404 vertices, 4404 indices
DracoDecoder | Decoded 878 vertices, 1302 indices
DracoDecoder | Decoded 320 vertices, 480 indices
DracoDecoder | Decoded 120 vertices, 180 indices
DracoDecoder | Decoded 72 vertices, 108 indices
DracoDecoder | Decoded 320 vertices, 480 indices
DracoDecoder | Decoded 24 vertices, 36 indices
DracoDecoder | Decoded 4265 vertices, 4281 indices
DracoDecoder | Decoded 8 vertices, 12 indices
DracoDecoder | Decoded 1648 vertices, 2472 indices
DracoDecoder | Decoded 2203 vertices, 8337 indices
DracoDecoder | Decoded 273 vertices, 273 indices
DracoDecoder | Decoded 254 vertices, 384 indices
DracoDecoder | Decoded 2920 vertices, 3024 indices
DracoDecoder | Decoded 3657 vertices, 3657 indices
DracoDecoder | Decoded 626 vertices, 930 indices
DracoDecoder | Decoded 6762 vertices, 6918 indices
DracoDecoder | Decoded 4 vertices, 6 indices
DracoDecoder | Decoded 1784 vertices, 2676 indices
DracoDecoder | Decoded 594 vertices, 894 indices
DracoDecoder | Decoded 1669 vertices, 1707 indices
DracoDecoder | Decoded 2211 vertices, 2211 indices
DracoDecoder | Decoded 406 vertices, 606 indices
DracoDecoder | Decoded 320 vertices, 480 indices
DracoDecoder | Decoded 192 vertices, 288 indices
DracoDecoder | Decoded 24 vertices, 36 indices
DracoDecoder | Decoded 192 vertices, 288 indices
DracoDecoder | Decoded 1194 vertices, 1212 indices
DracoDecoder | Decoded 30 vertices, 66 indices
DracoDecoder | Decoded 7803 vertices, 7857 indices
DracoDecoder | Decoded 1126 vertices, 1164 indices
DracoDecoder | Decoded 192 vertices, 324 indices
DracoDecoder | Decoded 1611 vertices, 1611 indices
DracoDecoder | Decoded 286 vertices, 426 indices
DracoDecoder | Decoded 216 vertices, 324 indices
DracoDecoder | Decoded 1280 vertices, 1920 indices
DracoDecoder | Decoded 624 vertices, 696 indices
DracoDecoder | Decoded 861 vertices, 861 indices
DracoDecoder | Decoded 246 vertices, 366 indices
DracoDecoder | Decoded 1306 vertices, 1380 indices
DracoDecoder | Decoded 22 vertices, 54 indices
DracoDecoder | Decoded 687 vertices, 735 indices
DracoDecoder | Decoded 2772 vertices, 2772 indices
DracoDecoder | Decoded 1488 vertices, 2232 indices
DracoDecoder | Decoded 766 vertices, 1152 indices
DracoDecoder | Decoded 486 vertices, 486 indices
DracoDecoder | Decoded 1788 vertices, 1788 indices
DracoDecoder | Decoded 286 vertices, 426 indices
DracoDecoder | Decoded 192 vertices, 288 indices
DracoDecoder | Decoded 192 vertices, 288 indices
DracoDecoder | Decoded 2702 vertices, 2706 indices
DracoDecoder | Decoded 1332 vertices, 1998 indices
DracoDecoder | Decoded 770 vertices, 1164 indices
DracoDecoder | Decoded 486 vertices, 18:19:48 | INFO: Blender create Mesh node Mobile_aojingxiguan_roof
18:19:48 | INFO: Draco Decoder: Decode primitive Mobile_aojingxiguan_roof
18:19:48 | INFO: Blender create Mesh node Mobile_aojingxiguan_roofshell
18:19:48 | INFO: Draco Decoder: Decode primitive Mobile_aojingxiguan_roofshell
18:19:48 | INFO: Blender create Mesh node daguanlou_lantern
18:19:48 | INFO: Draco Decoder: Decode primitive daguanlou_lantern
18:19:48 | INFO: Blender create Mesh node daguanlou_screen
18:19:48 | INFO: Draco Decoder: Decode primitive daguanlou_screen
18:19:48 | INFO: Blender create Mesh node Mobile_daguanlou
18:19:48 | INFO: Draco Decoder: Decode primitive Mobile_daguanlou
18:19:48 | INFO: Blender create Mesh node Mobile_daguanlou_courtbase
18:19:48 | INFO: Draco Decoder: Decode primitive Mobile_daguanlou_courtbase
18:19:48 | INFO: Blender create Mesh node Mobile_daguanlou_floorwood
18:19:48 | INFO: Draco Decoder: Decode primitive Mobile_daguanlou_floorwood
18:19:48 | INFO: Blender create Mesh node Mobile_daguanlou_limestone
18:19:48 | INFO: Draco Decoder: Decode primitive Mobile_daguanlou_limestone
18:19:48 | INFO: Blender create Mesh node Mobile_daguanlou_paving
18:19:48 | INFO: Draco Decoder: Decode primitive Mobile_daguanlou_paving
18:19:48 | INFO: Blender create Mesh node Mobile_daguanlou_plants
18:19:48 | INFO: Draco Decoder: Decode primitive Mobile_daguanlou_plants
18:19:48 | INFO: Blender create Mesh node Mobile_daguanlou_roof
18:19:48 | INFO: Draco Decoder: Decode primitive Mobile_daguanlou_roof
18:19:48 | INFO: Blender create Mesh node Mobile_daguanlou_roofshell
18:19:48 | INFO: Draco Decoder: Decode primitive Mobile_daguanlou_roofshell
18:19:48 | INFO: Blender create Mesh node longcuian_screen
18:19:48 | INFO: Draco Decoder: Decode primitive longcuian_screen
18:19:48 | INFO: Blender create Mesh node Mobile_longcuian
18:19:48 | INFO: Draco Decoder: Decode primitive Mobile_longcuian
18:19:48 | INFO: Blender create Mesh node Mobile_longcuian_courtbase
18:19:48 | INFO: Draco Decoder: Decode primitive Mobile_longcuian_courtbase
18:19:48 | INFO: Blender create Mesh node Mobile_longcuian_floorwood
18:19:48 | INFO: Draco Decoder: Decode primitive Mobile_longcuian_floorwood
18:19:48 | INFO: Blender create Mesh node Mobile_longcuian_paving
18:19:48 | INFO: Draco Decoder: Decode primitive Mobile_longcuian_paving
18:19:48 | INFO: Blender create Mesh node Mobile_longcuian_plants
18:19:48 | INFO: Draco Decoder: Decode primitive Mobile_longcuian_plants
18:19:48 | INFO: Blender create Mesh node Mobile_longcuian_roof
18:19:48 | INFO: Draco Decoder: Decode primitive Mobile_longcuian_roof
18:19:48 | INFO: Blender create Mesh node Mobile_longcuian_roofshell
18:19:48 | INFO: Draco Decoder: Decode primitive Mobile_longcuian_roofshell
18:19:48 | INFO: Blender create Mesh node Mobile_nuanxiangwu
18:19:48 | INFO: Draco Decoder: Decode primitive Mobile_nuanxiangwu
18:19:48 | INFO: Blender create Mesh node Mobile_nuanxiangwu_courtbase
18:19:48 | INFO: Draco Decoder: Decode primitive Mobile_nuanxiangwu_courtbase
18:19:48 | INFO: Blender create Mesh node Mobile_nuanxiangwu_floorwood
18:19:48 | INFO: Draco Decoder: Decode primitive Mobile_nuanxiangwu_floorwood
18:19:48 | INFO: Blender create Mesh node Mobile_nuanxiangwu_paving
18:19:48 | INFO: Draco Decoder: Decode primitive Mobile_nuanxiangwu_paving
18:19:48 | INFO: Blender create Mesh node Mobile_nuanxiangwu_plants
18:19:48 | INFO: Draco Decoder: Decode primitive Mobile_nuanxiangwu_plants
18:19:48 | INFO: Blender create Mesh node Mobile_nuanxiangwu_roof
18:19:48 | INFO: Draco Decoder: Decode primitive Mobile_nuanxiangwu_roof
18:19:48 | INFO: Blender create Mesh node Mobile_nuanxiangwu_roofshell
18:19:48 | INFO: Draco Decoder: Decode primitive Mobile_nuanxiangwu_roofshell
18:19:48 | INFO: Blender create Mesh node nuanxiangwu_screen
18:19:48 | INFO: Draco Decoder: Decode primitive nuanxiangwu_screen
18:19:48 | INFO: Blender create Mesh node nuanxiangwu_silk
18:19:48 | INFO: Draco Decoder: Decode primitive nuanxiangwu_silk
18:19:48 | INFO: Blender create Mesh node landscape_lantern
18:19:48 | INFO: Draco Decoder: Decode primitive landscape_lantern
18:19:48 | INFO: Blender create Mesh node Mobile_landscape_earth
18:19:48 | INFO: Draco Decoder: Decode primitive Mobile_landscape_earth
18:19:48 | INFO: Blender create Mesh node Mobile_landscape_bankstone
18:19:48 | INFO: Draco Decoder: Decode primitive Mobile_landscape_bankstone
18:19:48 | INFO: Blender create Mesh node Mobile_landscape_limestone
18:19:48 | INFO: Draco Decoder: Decode primitive Mobile_landscape_limestone
18:19:48 | INFO: Blender create Mesh node Mobile_landscape_plants
18:19:48 | INFO: Draco Decoder: Decode primitive Mobile_landscape_plants
18:19:49 | INFO: Blender create Mesh node Mobile_landscape
18:19:49 | INFO: Draco Decoder: Decode primitive Mobile_landscape
18:19:49 | INFO: Blender create Mesh node Mobile_landscape_roofshell
18:19:49 | INFO: Draco Decoder: Decode primitive Mobile_landscape_roofshell
18:19:49 | INFO: Blender create Mesh node Mobile_landscape_paving
18:19:49 | INFO: Draco Decoder: Decode primitive Mobile_landscape_paving
18:19:49 | INFO: glTF import finished in 0.93s
PAVING COVERAGE 1278 missing 0
486 indices
DracoDecoder | Decoded 1629 vertices, 1629 indices
DracoDecoder | Decoded 286 vertices, 426 indices
DracoDecoder | Decoded 2704 vertices, 2928 indices
DracoDecoder | Decoded 1920 vertices, 2880 indices
DracoDecoder | Decoded 35213 vertices, 35457 indices
DracoDecoder | Decoded 8 vertices, 12 indices
DracoDecoder | Decoded 14416 vertices, 21624 indices
DracoDecoder | Decoded 2199 vertices, 2199 indices
DracoDecoder | Decoded 2848 vertices, 4332 indices
DracoDecoder | Decoded 1809 vertices, 1809 indices
DracoDecoder | Decoded 27766 vertices, 27774 indices
DracoDecoder | Decoded 3638 vertices, 5418 indices
DracoDecoder | Decoded 192 vertices, 288 indices
DracoDecoder | Decoded 5207 vertices, 5223 indices
DracoDecoder | Decoded 4 vertices, 6 indices
DracoDecoder | Decoded 1860 vertices, 2790 indices
DracoDecoder | Decoded 318 vertices, 480 indices
DracoDecoder | Decoded 3815 vertices, 3825 indices
DracoDecoder | Decoded 3210 vertices, 3210 indices
DracoDecoder | Decoded 690 vertices, 1026 indices
DracoDecoder | Decoded 3525 vertices, 3561 indices
DracoDecoder | Decoded 4 vertices, 6 indices
DracoDecoder | Decoded 1232 vertices, 1848 indices
DracoDecoder | Decoded 266 vertices, 420 indices
DracoDecoder | Decoded 2238 vertices, 2262 indices
DracoDecoder | Decoded 2784 vertices, 2784 indices
DracoDecoder | Decoded 506 vertices, 750 indices
DracoDecoder | Decoded 216 vertices, 324 indices
DracoDecoder | Decoded 48 vertices, 72 indices
DracoDecoder | Decoded 1744 vertices, 1824 indices
DracoDecoder | Decoded 4227 vertices, 21927 indices
DracoDecoder | Decoded 6444 vertices, 9666 indices
DracoDecoder | Decoded 353461 vertices, 353463 indices
DracoDecoder | Decoded 22138 vertices, 23226 indices
DracoDecoder | Decoded 59961 vertices, 71901 indices
DracoDecoder | Decoded 1334 vertices, 1974 indices
DracoDecoder | Decoded 22014 vertices, 36270 indices

Blender quit
ROUTE SURFACES master 4719 missing 0 inverted 0
18:19:52 | INFO: Data are loaded, start creating Blender stuff
18:19:52 | INFO: Blender create Mesh node daguanyuan_gate_screen
18:19:52 | INFO: Draco Decoder: Decode primitive daguanyuan_gate_screen
18:19:52 | INFO: Blender create Mesh node Mobile_daguanyuan_gate
18:19:52 | INFO: Draco Decoder: Decode primitive Mobile_daguanyuan_gate
18:19:52 | INFO: Blender create Mesh node Mobile_daguanyuan_gate_floorwood
18:19:52 | INFO: Draco Decoder: Decode primitive Mobile_daguanyuan_gate_floorwood
18:19:52 | INFO: Blender create Mesh node Mobile_daguanyuan_gate_limestone
18:19:52 | INFO: Draco Decoder: Decode primitive Mobile_daguanyuan_gate_limestone
18:19:52 | INFO: Blender create Mesh node Mobile_daguanyuan_gate_paving
18:19:52 | INFO: Draco Decoder: Decode primitive Mobile_daguanyuan_gate_paving
18:19:52 | INFO: Blender create Mesh node Mobile_daguanyuan_gate_roof
18:19:52 | INFO: Draco Decoder: Decode primitive Mobile_daguanyuan_gate_roof
18:19:52 | INFO: Blender create Mesh node Mobile_daguanyuan_gate_roofshell
18:19:52 | INFO: Draco Decoder: Decode primitive Mobile_daguanyuan_gate_roofshell
18:19:52 | INFO: Blender create Mesh node Mobile_qujingtongyou_gardenstone
18:19:52 | INFO: Draco Decoder: Decode primitive Mobile_qujingtongyou_gardenstone
18:19:52 | INFO: Blender create Mesh node Mobile_qujingtongyou_limestone
18:19:52 | INFO: Draco Decoder: Decode primitive Mobile_qujingtongyou_limestone
18:19:52 | INFO: Blender create Mesh node Mobile_qujingtongyou_plants
18:19:52 | INFO: Draco Decoder: Decode primitive Mobile_qujingtongyou_plants
18:19:52 | INFO: Blender create Mesh node Mobile_xiaoxiangguan
18:19:52 | INFO: Draco Decoder: Decode primitive Mobile_xiaoxiangguan
18:19:52 | INFO: Blender create Mesh node Mobile_xiaoxiangguan_bankstone
18:19:52 | INFO: Draco Decoder: Decode primitive Mobile_xiaoxiangguan_bankstone
18:19:52 | INFO: Blender create Mesh node Mobile_xiaoxiangguan_floorwood
18:19:52 | INFO: Draco Decoder: Decode primitive Mobile_xiaoxiangguan_floorwood
18:19:52 | INFO: Blender create Mesh node Mobile_xiaoxiangguan_paving
18:19:52 | INFO: Draco Decoder: Decode primitive Mobile_xiaoxiangguan_paving
18:19:52 | INFO: Blender create Mesh node Mobile_xiaoxiangguan_plants
18:19:52 | INFO: Draco Decoder: Decode primitive Mobile_xiaoxiangguan_plants
18:19:52 | INFO: Blender create Mesh node Mobile_xiaoxiangguan_roof
18:19:52 | INFO: Draco Decoder: Decode primitive Mobile_xiaoxiangguan_roof
18:19:52 | INFO: Blender create Mesh node Mobile_xiaoxiangguan_roofshell
18:19:52 | INFO: Draco Decoder: Decode primitive Mobile_xiaoxiangguan_roofshell
18:19:52 | INFO: Blender create Mesh node xiaoxiangguan_lantern
18:19:52 | INFO: Draco Decoder: Decode primitive xiaoxiangguan_lantern
18:19:52 | INFO: Blender create Mesh node xiaoxiangguan_silk
18:19:52 | INFO: Draco Decoder: Decode primitive xiaoxiangguan_silk
18:19:52 | INFO: Blender create Mesh node Mobile_yihongyuan
18:19:52 | INFO: Draco Decoder: Decode primitive Mobile_yihongyuan
18:19:52 | INFO: Blender create Mesh node Mobile_yihongyuan_courtbase
18:19:52 | INFO: Draco Decoder: Decode primitive Mobile_yihongyuan_courtbase
18:19:52 | INFO: Blender create Mesh node Mobile_yihongyuan_floorwood
18:19:52 | INFO: Draco Decoder: Decode primitive Mobile_yihongyuan_floorwood
18:19:52 | INFO: Blender create Mesh node Mobile_yihongyuan_gardenstone
18:19:52 | INFO: Draco Decoder: Decode primitive Mobile_yihongyuan_gardenstone
18:19:52 | INFO: Blender create Mesh node Mobile_yihongyuan_limestone
18:19:52 | INFO: Draco Decoder: Decode primitive Mobile_yihongyuan_limestone
18:19:52 | INFO: Blender create Mesh node Mobile_yihongyuan_paving
18:19:52 | INFO: Draco Decoder: Decode primitive Mobile_yihongyuan_paving
18:19:52 | INFO: Blender create Mesh node Mobile_yihongyuan_plants
18:19:52 | INFO: Draco Decoder: Decode primitive Mobile_yihongyuan_plants
18:19:52 | INFO: Blender create Mesh node Mobile_yihongyuan_roof
18:19:52 | INFO: Draco Decoder: Decode primitive Mobile_yihongyuan_roof
18:19:52 | INFO: Blender create Mesh node Mobile_yihongyuan_roofshell
18:19:52 | INFO: Draco Decoder: Decode primitive Mobile_yihongyuan_roofshell
18:19:52 | INFO: Blender create Mesh node yihongyuan_lantern
18:19:52 | INFO: Draco Decoder: Decode primitive yihongyuan_lantern
18:19:52 | INFO: Blender create Mesh node yihongyuan_screen.001
18:19:52 | INFO: Draco Decoder: Decode primitive yihongyuan_screen.001
18:19:52 | INFO: Blender create Mesh node yihongyuan_silk.001
18:19:52 | INFO: Draco Decoder: Decode primitive yihongyuan_silk.001
18:19:52 | INFO: Blender create Mesh node hengwuyuan_lantern
18:19:52 | INFO: Draco Decoder: Decode primitive hengwuyuan_lantern
18:19:52 | INFO: Blender create Mesh node hengwuyuan_screen.001
18:19:52 | INFO: Draco Decoder: Decode primitive hengwuyuan_screen.001
18:19:52 | INFO: Blender create Mesh node Mobile_hengwuyuan
18:19:52 | INFO: Draco Decoder: Decode primitive Mobile_hengwuyuan
18:19:52 | INFO: Blender create Mesh node Mobile_hengwuyuan_courtbase
18:19:52 | INFO: Draco Decoder: Decode primitive Mobile_hengwuyuan_courtbase
18:19:52 | INFO: Blender create Mesh node Mobile_hengwuyuan_floorwood
18:19:52 | INFO: Draco Decoder: Decode primitive Mobile_hengwuyuan_floorwood
18:19:52 | INFO: Blender create Mesh node Mobile_hengwuyuan_gardenstone
18:19:52 | INFO: Draco Decoder: Decode primitive Mobile_hengwuyuan_gardenstone
18:19:52 | INFO: Blender create Mesh node Mobile_hengwuyuan_limestone
18:19:52 | INFO: Draco Decoder: Decode primitive Mobile_hengwuyuan_limestone
18:19:52 | INFO: Blender create Mesh node Mobile_hengwuyuan_paving
18:19:52 | INFO: Draco Decoder: Decode primitive Mobile_hengwuyuan_paving
18:19:52 | INFO: Blender create Mesh node Mobile_hengwuyuan_plants
18:19:52 | INFO: Draco Decoder: Decode primitive Mobile_hengwuyuan_plants
18:19:52 | INFO: Blender create Mesh node Mobile_hengwuyuan_roof
18:19:52 | INFO: Draco Decoder: Decode primitive Mobile_hengwuyuan_roof
18:19:52 | INFO: Blender create Mesh node Mobile_hengwuyuan_roofshell
18:19:52 | INFO: Draco Decoder: Decode primitive Mobile_hengwuyuan_roofshell
18:19:52 | INFO: Blender create Mesh node Mobile_qiushuangzhai
18:19:52 | INFO: Draco Decoder: Decode primitive Mobile_qiushuangzhai
18:19:52 | INFO: Blender create Mesh node Mobile_qiushuangzhai_courtbase
18:19:52 | INFO: Draco Decoder: Decode primitive Mobile_qiushuangzhai_courtbase
18:19:52 | INFO: Blender create Mesh node Mobile_qiushuangzhai_floorwood
18:19:52 | INFO: Draco Decoder: Decode primitive Mobile_qiushuangzhai_floorwood
18:19:52 | INFO: Blender create Mesh node Mobile_qiushuangzhai_paving
18:19:52 | INFO: Draco Decoder: Decode primitive Mobile_qiushuangzhai_paving
18:19:52 | INFO: Blender create Mesh node Mobile_qiushuangzhai_plants
18:19:52 | INFO: Draco Decoder: Decode primitive Mobile_qiushuangzhai_plants
18:19:52 | INFO: Blender create Mesh node Mobile_qiushuangzhai_roof
18:19:52 | INFO: Draco Decoder: Decode primitive Mobile_qiushuangzhai_roof
18:19:52 | INFO: Blender create Mesh node Mobile_qiushuangzhai_roofshell
18:19:52 | INFO: Draco Decoder: Decode primitive Mobile_qiushuangzhai_roofshell
18:19:52 | INFO: Blender create Mesh node qiushuangzhai_lantern
18:19:52 | INFO: Draco Decoder: Decode primitive qiushuangzhai_lantern
18:19:52 | INFO: Blender create Mesh node qiushuangzhai_screen
18:19:52 | INFO: Draco Decoder: Decode primitive qiushuangzhai_screen
18:19:52 | INFO: Blender create Mesh node qiushuangzhai_silk.001
18:19:52 | INFO: Draco Decoder: Decode primitive qiushuangzhai_silk.001
18:19:52 | INFO: Blender create Mesh node daoxiangcun_screen.001
18:19:52 | INFO: Draco Decoder: Decode primitive daoxiangcun_screen.001
18:19:52 | INFO: Blender create Mesh node Mobile_daoxiangcun
18:19:52 | INFO: Draco Decoder: Decode primitive Mobile_daoxiangcun
18:19:52 | INFO: Blender create Mesh node Mobile_daoxiangcun_paving
18:19:52 | INFO: Draco Decoder: Decode primitive Mobile_daoxiangcun_paving
18:19:52 | INFO: Blender create Mesh node Mobile_daoxiangcun_plants
18:19:52 | INFO: Draco Decoder: Decode primitive Mobile_daoxiangcun_plants
18:19:52 | INFO: Blender create Mesh node Mobile_ouxiangxie
18:19:52 | INFO: Draco Decoder: Decode primitive Mobile_ouxiangxie
18:19:52 | INFO: Blender create Mesh node Mobile_ouxiangxie_plants
18:19:52 | INFO: Draco Decoder: Decode primitive Mobile_ouxiangxie_plants
18:19:52 | INFO: Blender create Mesh node Mobile_ouxiangxie_roof
18:19:52 | INFO: Draco Decoder: Decode primitive Mobile_ouxiangxie_roof
18:19:52 | INFO: Blender create Mesh node Mobile_ouxiangxie_roofshell
18:19:52 | INFO: Draco Decoder: Decode primitive Mobile_ouxiangxie_roofshell
18:19:52 | INFO: Blender create Mesh node ouxiangxie_screen
18:19:52 | INFO: Draco Decoder: Decode primitive ouxiangxie_screen
18:19:52 | INFO: Blender create Mesh node dicuiting_lantern
18:19:52 | INFO: Draco Decoder: Decode primitive dicuiting_lantern
18:19:52 | INFO: Blender create Mesh node Mobile_dicuiting
18:19:52 | INFO: Draco Decoder: Decode primitive Mobile_dicuiting
18:19:52 | INFO: Blender create Mesh node Mobile_dicuiting_roof
18:19:52 | INFO: Draco Decoder: Decode primitive Mobile_dicuiting_roof
18:19:52 | INFO: Blender create Mesh node Mobile_dicuiting_roofshell
18:19:52 | INFO: Draco Decoder: Decode primitive Mobile_dicuiting_roofshell
18:19:52 | INFO: Blender create Mesh node Mobile_luxuean
18:19:52 | INFO: Draco Decoder: Decode primitive Mobile_luxuean
18:19:52 | INFO: Blender create Mesh node Mobile_luxuean_paving
18:19:52 | INFO: Draco Decoder: Decode primitive Mobile_luxuean_paving
18:19:52 | INFO: Blender create Mesh node Mobile_luxuean_plants
18:19:52 | INFO: Draco Decoder: Decode primitive Mobile_luxuean_plants
18:19:52 | INFO: Blender create Mesh node Mobile_tubishanzhuang
18:19:52 | INFO: Draco Decoder: Decode primitive Mobile_tubishanzhuang
18:19:52 | INFO: Blender create Mesh node Mobile_tubishanzhuang_floorwood
18:19:52 | INFO: Draco Decoder: Decode primitive Mobile_tubishanzhuang_floorwood
18:19:52 | INFO: Blender create Mesh node Mobile_tubishanzhuang_paving
18:19:52 | INFO: Draco Decoder: Decode primitive Mobile_tubishanzhuang_paving
18:19:52 | INFO: Blender create Mesh node Mobile_tubishanzhuang_plants
18:19:52 | INFO: Draco Decoder: Decode primitive Mobile_tubishanzhuang_plants
18:19:52 | INFO: Blender create Mesh node Mobile_tubishanzhuang_roof
18:19:52 | INFO: Draco Decoder: Decode primitive Mobile_tubishanzhuang_roof
18:19:52 | INFO: Blender create Mesh node Mobile_tubishanzhuang_roofshell
18:19:52 | INFO: Draco Decoder: Decode primitive Mobile_tubishanzhuang_roofshell
18:19:52 | INFO: Blender create Mesh node tubishanzhuang_screen
18:19:52 | INFO: Draco Decoder: Decode primitive tubishanzhuang_screen
18:19:52 | INFO: Blender create Mesh node aojingxiguan_screen
18:19:52 | INFO: Draco Decoder: Decode primitive aojingxiguan_screen
18:19:52 | INFO: Blender create Mesh node Mobile_aojingxiguan
18:19:52 | INFO: Draco Decoder: Decode primitive Mobile_aojingxiguan
18:19:52 | INFO: Blender create Mesh node Mobile_aojingxiguan_floorwood
18:19:52 | INFO: Draco Decoder: Decode primitive Mobile_aojingxiguan_floorwood
18:19:52 | INFO: Blender create Mesh node Mobile_aojingxiguan_paving
18:19:52 | INFO: Draco Decoder: Decode primitive Mobile_aojingxiguan_paving
18:19:52 | INFO: Blender create Mesh node Mobile_aojingxiguan_plants
18:19:52 | INFO: Draco Decoder: Decode primitive Mobile_aojingxiguan_plants
Blender 4.5.9 LTS (hash 8bf95cbd38d1 built 2026-04-21 01:33:45)
Read blend: "D:\Users\Lenovo\Desktop\大观园\blender\daguanyuan_master.blend"
DracoDecoder | Decoded 384 vertices, 576 indices
DracoDecoder | Decoded 3678 vertices, 3678 indices
DracoDecoder | Decoded 1508 vertices, 2262 indices
DracoDecoder | Decoded 183 vertices, 183 indices
DracoDecoder | Decoded 4 vertices, 6 indices
DracoDecoder | Decoded 1795 vertices, 1797 indices
DracoDecoder | Decoded 238 vertices, 354 indices
DracoDecoder | Decoded 2191 vertices, 8301 indices
DracoDecoder | Decoded 273 vertices, 273 indices
DracoDecoder | Decoded 486 vertices, 486 indices
DracoDecoder | Decoded 5216 vertices, 5250 indices
DracoDecoder | Decoded 744 vertices, 744 indices
DracoDecoder | Decoded 1152 vertices, 1728 indices
DracoDecoder | Decoded 18 vertices, 30 indices
DracoDecoder | Decoded 18763 vertices, 19197 indices
DracoDecoder | Decoded 3240 vertices, 3240 indices
DracoDecoder | Decoded 736 vertices, 1092 indices
DracoDecoder | Decoded 320 vertices, 480 indices
DracoDecoder | Decoded 24 vertices, 36 indices
DracoDecoder | Decoded 5092 vertices, 5118 indices
DracoDecoder | Decoded 4 vertices, 6 indices
DracoDecoder | Decoded 1440 vertices, 2160 indices
DracoDecoder | Decoded 2227 vertices, 8310 indices
DracoDecoder | Decoded 366 vertices, 366 indices
DracoDecoder | Decoded 410 vertices, 618 indices
DracoDecoder | Decoded 3761 vertices, 4161 indices
DracoDecoder | Decoded 4404 vertices, 4404 indices
DracoDecoder | Decoded 878 vertices, 1302 indices
DracoDecoder | Decoded 320 vertices, 480 indices
DracoDecoder | Decoded 120 vertices, 180 indices
DracoDecoder | Decoded 72 vertices, 108 indices
DracoDecoder | Decoded 320 vertices, 480 indices
DracoDecoder | Decoded 24 vertices, 36 indices
DracoDecoder | Decoded 4265 vertices, 4281 indices
DracoDecoder | Decoded 8 vertices, 12 indices
DracoDecoder | Decoded 1648 vertices, 2472 indices
DracoDecoder | Decoded 2203 vertices, 8337 indices
DracoDecoder | Decoded 273 vertices, 273 indices
DracoDecoder | Decoded 254 vertices, 384 indices
DracoDecoder | Decoded 2920 vertices, 3024 indices
DracoDecoder | Decoded 3657 vertices, 3657 indices
DracoDecoder | Decoded 626 vertices, 930 indices
DracoDecoder | Decoded 6762 vertices, 6918 indices
DracoDecoder | Decoded 4 vertices, 6 indices
DracoDecoder | Decoded 1784 vertices, 2676 indices
DracoDecoder | Decoded 594 vertices, 894 indices
DracoDecoder | Decoded 1669 vertices, 1707 indices
DracoDecoder | Decoded 2211 vertices, 2211 indices
DracoDecoder | Decoded 406 vertices, 606 indices
DracoDecoder | Decoded 320 vertices, 480 indices
DracoDecoder | Decoded 192 vertices, 288 indices
DracoDecoder | Decoded 24 vertices, 36 indices
DracoDecoder | Decoded 192 vertices, 288 indices
DracoDecoder | Decoded 1194 vertices, 1212 indices
DracoDecoder | Decoded 30 vertices, 66 indices
DracoDecoder | Decoded 7803 vertices, 7857 indices
DracoDecoder | Decoded 1126 vertices, 1164 indices
DracoDecoder | Decoded 192 vertices, 324 indices
DracoDecoder | Decoded 1611 vertices, 1611 indices
DracoDecoder | Decoded 286 vertices, 426 indices
DracoDecoder | Decoded 216 vertices, 324 indices
DracoDecoder | Decoded 1280 vertices, 1920 indices
DracoDecoder | Decoded 624 vertices, 696 indices
DracoDecoder | Decoded 861 vertices, 861 indices
DracoDecoder | Decoded 246 vertices, 366 indices
DracoDecoder | Decoded 1306 vertices, 1380 indices
DracoDecoder | Decoded 22 vertices, 54 indices
DracoDecoder | Decoded 687 vertices, 735 indices
DracoDecoder | Decoded 2772 vertices, 2772 indices
DracoDecoder | Decoded 1488 vertices, 2232 indices
DracoDecoder | Decoded 766 vertices, 1152 indices
DracoDecoder | Decoded 486 vertices, 486 indices
DracoDecoder | Decoded 1788 vertices, 1788 indices
DracoDecoder | Decoded 286 vertices, 426 indices
DracoDecoder | Decoded 192 vertices, 288 indices
DracoDecoder | Decoded 192 vertices, 288 indices
DracoDecoder | Decoded 2702 vertices, 2706 indices
DracoDecoder | Decoded 1332 vertices, 1998 indices
DracoDecoder | Decoded 770 vertices, 1164 indices
DracoDecoder | Decoded 486 vertices, 18:19:52 | INFO: Blender create Mesh node Mobile_aojingxiguan_roof
18:19:52 | INFO: Draco Decoder: Decode primitive Mobile_aojingxiguan_roof
18:19:52 | INFO: Blender create Mesh node Mobile_aojingxiguan_roofshell
18:19:52 | INFO: Draco Decoder: Decode primitive Mobile_aojingxiguan_roofshell
18:19:52 | INFO: Blender create Mesh node daguanlou_lantern
18:19:52 | INFO: Draco Decoder: Decode primitive daguanlou_lantern
18:19:52 | INFO: Blender create Mesh node daguanlou_screen
18:19:52 | INFO: Draco Decoder: Decode primitive daguanlou_screen
18:19:52 | INFO: Blender create Mesh node Mobile_daguanlou
18:19:52 | INFO: Draco Decoder: Decode primitive Mobile_daguanlou
18:19:52 | INFO: Blender create Mesh node Mobile_daguanlou_courtbase
18:19:52 | INFO: Draco Decoder: Decode primitive Mobile_daguanlou_courtbase
18:19:52 | INFO: Blender create Mesh node Mobile_daguanlou_floorwood
18:19:52 | INFO: Draco Decoder: Decode primitive Mobile_daguanlou_floorwood
18:19:52 | INFO: Blender create Mesh node Mobile_daguanlou_limestone
18:19:52 | INFO: Draco Decoder: Decode primitive Mobile_daguanlou_limestone
18:19:52 | INFO: Blender create Mesh node Mobile_daguanlou_paving
18:19:52 | INFO: Draco Decoder: Decode primitive Mobile_daguanlou_paving
18:19:52 | INFO: Blender create Mesh node Mobile_daguanlou_plants
18:19:52 | INFO: Draco Decoder: Decode primitive Mobile_daguanlou_plants
18:19:52 | INFO: Blender create Mesh node Mobile_daguanlou_roof
18:19:52 | INFO: Draco Decoder: Decode primitive Mobile_daguanlou_roof
18:19:52 | INFO: Blender create Mesh node Mobile_daguanlou_roofshell
18:19:52 | INFO: Draco Decoder: Decode primitive Mobile_daguanlou_roofshell
18:19:52 | INFO: Blender create Mesh node longcuian_screen
18:19:52 | INFO: Draco Decoder: Decode primitive longcuian_screen
18:19:52 | INFO: Blender create Mesh node Mobile_longcuian
18:19:52 | INFO: Draco Decoder: Decode primitive Mobile_longcuian
18:19:52 | INFO: Blender create Mesh node Mobile_longcuian_courtbase
18:19:52 | INFO: Draco Decoder: Decode primitive Mobile_longcuian_courtbase
18:19:52 | INFO: Blender create Mesh node Mobile_longcuian_floorwood
18:19:52 | INFO: Draco Decoder: Decode primitive Mobile_longcuian_floorwood
18:19:52 | INFO: Blender create Mesh node Mobile_longcuian_paving
18:19:52 | INFO: Draco Decoder: Decode primitive Mobile_longcuian_paving
18:19:52 | INFO: Blender create Mesh node Mobile_longcuian_plants
18:19:52 | INFO: Draco Decoder: Decode primitive Mobile_longcuian_plants
18:19:52 | INFO: Blender create Mesh node Mobile_longcuian_roof
18:19:52 | INFO: Draco Decoder: Decode primitive Mobile_longcuian_roof
18:19:52 | INFO: Blender create Mesh node Mobile_longcuian_roofshell
18:19:52 | INFO: Draco Decoder: Decode primitive Mobile_longcuian_roofshell
18:19:52 | INFO: Blender create Mesh node Mobile_nuanxiangwu
18:19:52 | INFO: Draco Decoder: Decode primitive Mobile_nuanxiangwu
18:19:52 | INFO: Blender create Mesh node Mobile_nuanxiangwu_courtbase
18:19:52 | INFO: Draco Decoder: Decode primitive Mobile_nuanxiangwu_courtbase
18:19:52 | INFO: Blender create Mesh node Mobile_nuanxiangwu_floorwood
18:19:52 | INFO: Draco Decoder: Decode primitive Mobile_nuanxiangwu_floorwood
18:19:52 | INFO: Blender create Mesh node Mobile_nuanxiangwu_paving
18:19:52 | INFO: Draco Decoder: Decode primitive Mobile_nuanxiangwu_paving
18:19:52 | INFO: Blender create Mesh node Mobile_nuanxiangwu_plants
18:19:52 | INFO: Draco Decoder: Decode primitive Mobile_nuanxiangwu_plants
18:19:52 | INFO: Blender create Mesh node Mobile_nuanxiangwu_roof
18:19:52 | INFO: Draco Decoder: Decode primitive Mobile_nuanxiangwu_roof
18:19:52 | INFO: Blender create Mesh node Mobile_nuanxiangwu_roofshell
18:19:52 | INFO: Draco Decoder: Decode primitive Mobile_nuanxiangwu_roofshell
18:19:52 | INFO: Blender create Mesh node nuanxiangwu_screen
18:19:52 | INFO: Draco Decoder: Decode primitive nuanxiangwu_screen
18:19:52 | INFO: Blender create Mesh node nuanxiangwu_silk
18:19:52 | INFO: Draco Decoder: Decode primitive nuanxiangwu_silk
18:19:52 | INFO: Blender create Mesh node landscape_lantern
18:19:52 | INFO: Draco Decoder: Decode primitive landscape_lantern
18:19:52 | INFO: Blender create Mesh node Mobile_landscape_earth
18:19:52 | INFO: Draco Decoder: Decode primitive Mobile_landscape_earth
18:19:52 | INFO: Blender create Mesh node Mobile_landscape_bankstone
18:19:52 | INFO: Draco Decoder: Decode primitive Mobile_landscape_bankstone
18:19:52 | INFO: Blender create Mesh node Mobile_landscape_limestone
18:19:52 | INFO: Draco Decoder: Decode primitive Mobile_landscape_limestone
18:19:53 | INFO: Blender create Mesh node Mobile_landscape_plants
18:19:53 | INFO: Draco Decoder: Decode primitive Mobile_landscape_plants
18:19:53 | INFO: Blender create Mesh node Mobile_landscape
18:19:53 | INFO: Draco Decoder: Decode primitive Mobile_landscape
18:19:53 | INFO: Blender create Mesh node Mobile_landscape_roofshell
18:19:53 | INFO: Draco Decoder: Decode primitive Mobile_landscape_roofshell
18:19:53 | INFO: Blender create Mesh node Mobile_landscape_paving
18:19:53 | INFO: Draco Decoder: Decode primitive Mobile_landscape_paving
18:19:53 | INFO: glTF import finished in 0.90s
ROUTE SURFACES overview 4719 missing 0 inverted 0
18:19:53 | INFO: Data are loaded, start creating Blender stuff
18:19:53 | INFO: Blender create Mesh node daguanyuan_gate_screen
18:19:53 | INFO: Draco Decoder: Decode primitive daguanyuan_gate_screen
18:19:53 | INFO: Blender create Mesh node Mobile_daguanyuan_gate
18:19:53 | INFO: Draco Decoder: Decode primitive Mobile_daguanyuan_gate
18:19:53 | INFO: Blender create Mesh node Mobile_daguanyuan_gate_floorwood
18:19:53 | INFO: Draco Decoder: Decode primitive Mobile_daguanyuan_gate_floorwood
18:19:53 | INFO: Blender create Mesh node Mobile_daguanyuan_gate_limestone
18:19:53 | INFO: Draco Decoder: Decode primitive Mobile_daguanyuan_gate_limestone
18:19:53 | INFO: Blender create Mesh node Mobile_daguanyuan_gate_paving
18:19:53 | INFO: Draco Decoder: Decode primitive Mobile_daguanyuan_gate_paving
18:19:53 | INFO: Blender create Mesh node Mobile_daguanyuan_gate_roof
18:19:53 | INFO: Draco Decoder: Decode primitive Mobile_daguanyuan_gate_roof
18:19:53 | INFO: Blender create Mesh node Mobile_daguanyuan_gate_roofshell
18:19:53 | INFO: Draco Decoder: Decode primitive Mobile_daguanyuan_gate_roofshell
18:19:53 | INFO: Blender create Mesh node Mobile_qujingtongyou_gardenstone
18:19:53 | INFO: Draco Decoder: Decode primitive Mobile_qujingtongyou_gardenstone
18:19:53 | INFO: Blender create Mesh node Mobile_qujingtongyou_limestone
18:19:53 | INFO: Draco Decoder: Decode primitive Mobile_qujingtongyou_limestone
18:19:53 | INFO: Blender create Mesh node Mobile_qujingtongyou_plants
18:19:53 | INFO: Draco Decoder: Decode primitive Mobile_qujingtongyou_plants
18:19:53 | INFO: Blender create Mesh node Mobile_xiaoxiangguan
18:19:53 | INFO: Draco Decoder: Decode primitive Mobile_xiaoxiangguan
18:19:53 | INFO: Blender create Mesh node Mobile_xiaoxiangguan_bankstone
18:19:53 | INFO: Draco Decoder: Decode primitive Mobile_xiaoxiangguan_bankstone
18:19:53 | INFO: Blender create Mesh node Mobile_xiaoxiangguan_floorwood
18:19:53 | INFO: Draco Decoder: Decode primitive Mobile_xiaoxiangguan_floorwood
18:19:53 | INFO: Blender create Mesh node Mobile_xiaoxiangguan_paving
18:19:53 | INFO: Draco Decoder: Decode primitive Mobile_xiaoxiangguan_paving
18:19:53 | INFO: Blender create Mesh node Mobile_xiaoxiangguan_plants
18:19:53 | INFO: Draco Decoder: Decode primitive Mobile_xiaoxiangguan_plants
18:19:53 | INFO: Blender create Mesh node Mobile_xiaoxiangguan_roof
18:19:53 | INFO: Draco Decoder: Decode primitive Mobile_xiaoxiangguan_roof
18:19:53 | INFO: Blender create Mesh node Mobile_xiaoxiangguan_roofshell
18:19:53 | INFO: Draco Decoder: Decode primitive Mobile_xiaoxiangguan_roofshell
18:19:53 | INFO: Blender create Mesh node xiaoxiangguan_lantern
18:19:53 | INFO: Draco Decoder: Decode primitive xiaoxiangguan_lantern
18:19:53 | INFO: Blender create Mesh node xiaoxiangguan_silk
18:19:53 | INFO: Draco Decoder: Decode primitive xiaoxiangguan_silk
18:19:53 | INFO: Blender create Mesh node Mobile_yihongyuan
18:19:53 | INFO: Draco Decoder: Decode primitive Mobile_yihongyuan
18:19:53 | INFO: Blender create Mesh node Mobile_yihongyuan_courtbase
18:19:53 | INFO: Draco Decoder: Decode primitive Mobile_yihongyuan_courtbase
18:19:53 | INFO: Blender create Mesh node Mobile_yihongyuan_floorwood
18:19:53 | INFO: Draco Decoder: Decode primitive Mobile_yihongyuan_floorwood
18:19:53 | INFO: Blender create Mesh node Mobile_yihongyuan_gardenstone
18:19:53 | INFO: Draco Decoder: Decode primitive Mobile_yihongyuan_gardenstone
18:19:53 | INFO: Blender create Mesh node Mobile_yihongyuan_limestone
18:19:53 | INFO: Draco Decoder: Decode primitive Mobile_yihongyuan_limestone
18:19:53 | INFO: Blender create Mesh node Mobile_yihongyuan_paving
18:19:53 | INFO: Draco Decoder: Decode primitive Mobile_yihongyuan_paving
18:19:53 | INFO: Blender create Mesh node Mobile_yihongyuan_plants
18:19:53 | INFO: Draco Decoder: Decode primitive Mobile_yihongyuan_plants
18:19:53 | INFO: Blender create Mesh node Mobile_yihongyuan_roof
18:19:53 | INFO: Draco Decoder: Decode primitive Mobile_yihongyuan_roof
18:19:53 | INFO: Blender create Mesh node Mobile_yihongyuan_roofshell
18:19:53 | INFO: Draco Decoder: Decode primitive Mobile_yihongyuan_roofshell
18:19:53 | INFO: Blender create Mesh node yihongyuan_lantern
18:19:53 | INFO: Draco Decoder: Decode primitive yihongyuan_lantern
18:19:53 | INFO: Blender create Mesh node yihongyuan_screen.001
18:19:53 | INFO: Draco Decoder: Decode primitive yihongyuan_screen.001
18:19:53 | INFO: Blender create Mesh node yihongyuan_silk.001
18:19:53 | INFO: Draco Decoder: Decode primitive yihongyuan_silk.001
18:19:53 | INFO: Blender create Mesh node hengwuyuan_lantern
18:19:53 | INFO: Draco Decoder: Decode primitive hengwuyuan_lantern
18:19:53 | INFO: Blender create Mesh node hengwuyuan_screen.001
18:19:53 | INFO: Draco Decoder: Decode primitive hengwuyuan_screen.001
18:19:53 | INFO: Blender create Mesh node Mobile_hengwuyuan
18:19:53 | INFO: Draco Decoder: Decode primitive Mobile_hengwuyuan
18:19:53 | INFO: Blender create Mesh node Mobile_hengwuyuan_courtbase
18:19:53 | INFO: Draco Decoder: Decode primitive Mobile_hengwuyuan_courtbase
18:19:53 | INFO: Blender create Mesh node Mobile_hengwuyuan_floorwood
18:19:53 | INFO: Draco Decoder: Decode primitive Mobile_hengwuyuan_floorwood
18:19:53 | INFO: Blender create Mesh node Mobile_hengwuyuan_gardenstone
18:19:53 | INFO: Draco Decoder: Decode primitive Mobile_hengwuyuan_gardenstone
18:19:53 | INFO: Blender create Mesh node Mobile_hengwuyuan_limestone
18:19:53 | INFO: Draco Decoder: Decode primitive Mobile_hengwuyuan_limestone
18:19:53 | INFO: Blender create Mesh node Mobile_hengwuyuan_paving
18:19:53 | INFO: Draco Decoder: Decode primitive Mobile_hengwuyuan_paving
18:19:53 | INFO: Blender create Mesh node Mobile_hengwuyuan_plants
18:19:53 | INFO: Draco Decoder: Decode primitive Mobile_hengwuyuan_plants
18:19:53 | INFO: Blender create Mesh node Mobile_hengwuyuan_roof
18:19:53 | INFO: Draco Decoder: Decode primitive Mobile_hengwuyuan_roof
18:19:53 | INFO: Blender create Mesh node Mobile_hengwuyuan_roofshell
18:19:53 | INFO: Draco Decoder: Decode primitive Mobile_hengwuyuan_roofshell
18:19:53 | INFO: Blender create Mesh node Mobile_qiushuangzhai
18:19:53 | INFO: Draco Decoder: Decode primitive Mobile_qiushuangzhai
18:19:53 | INFO: Blender create Mesh node Mobile_qiushuangzhai_courtbase
18:19:53 | INFO: Draco Decoder: Decode primitive Mobile_qiushuangzhai_courtbase
18:19:53 | INFO: Blender create Mesh node Mobile_qiushuangzhai_floorwood
18:19:53 | INFO: Draco Decoder: Decode primitive Mobile_qiushuangzhai_floorwood
486 indices
DracoDecoder | Decoded 1629 vertices, 1629 indices
DracoDecoder | Decoded 286 vertices, 426 indices
DracoDecoder | Decoded 2704 vertices, 2928 indices
DracoDecoder | Decoded 1920 vertices, 2880 indices
DracoDecoder | Decoded 35213 vertices, 35457 indices
DracoDecoder | Decoded 8 vertices, 12 indices
DracoDecoder | Decoded 14416 vertices, 21624 indices
DracoDecoder | Decoded 2199 vertices, 2199 indices
DracoDecoder | Decoded 2848 vertices, 4332 indices
DracoDecoder | Decoded 1809 vertices, 1809 indices
DracoDecoder | Decoded 27766 vertices, 27774 indices
DracoDecoder | Decoded 3638 vertices, 5418 indices
DracoDecoder | Decoded 192 vertices, 288 indices
DracoDecoder | Decoded 5207 vertices, 5223 indices
DracoDecoder | Decoded 4 vertices, 6 indices
DracoDecoder | Decoded 1860 vertices, 2790 indices
DracoDecoder | Decoded 318 vertices, 480 indices
DracoDecoder | Decoded 3815 vertices, 3825 indices
DracoDecoder | Decoded 3210 vertices, 3210 indices
DracoDecoder | Decoded 690 vertices, 1026 indices
DracoDecoder | Decoded 3525 vertices, 3561 indices
DracoDecoder | Decoded 4 vertices, 6 indices
DracoDecoder | Decoded 1232 vertices, 1848 indices
DracoDecoder | Decoded 266 vertices, 420 indices
DracoDecoder | Decoded 2238 vertices, 2262 indices
DracoDecoder | Decoded 2784 vertices, 2784 indices
DracoDecoder | Decoded 506 vertices, 750 indices
DracoDecoder | Decoded 216 vertices, 324 indices
DracoDecoder | Decoded 48 vertices, 72 indices
DracoDecoder | Decoded 1744 vertices, 1824 indices
DracoDecoder | Decoded 4227 vertices, 21927 indices
DracoDecoder | Decoded 6444 vertices, 9666 indices
DracoDecoder | Decoded 353461 vertices, 353463 indices
DracoDecoder | Decoded 22138 vertices, 23226 indices
DracoDecoder | Decoded 59961 vertices, 71901 indices
DracoDecoder | Decoded 1334 vertices, 1974 indices
DracoDecoder | Decoded 22014 vertices, 36270 indices
DracoDecoder | Decoded 384 vertices, 576 indices
DracoDecoder | Decoded 3678 vertices, 3678 indices
DracoDecoder | Decoded 1508 vertices, 2262 indices
DracoDecoder | Decoded 183 vertices, 183 indices
DracoDecoder | Decoded 4 vertices, 6 indices
DracoDecoder | Decoded 1795 vertices, 1797 indices
DracoDecoder | Decoded 238 vertices, 354 indices
DracoDecoder | Decoded 2191 vertices, 8301 indices
DracoDecoder | Decoded 273 vertices, 273 indices
DracoDecoder | Decoded 486 vertices, 486 indices
DracoDecoder | Decoded 5216 vertices, 5250 indices
DracoDecoder | Decoded 744 vertices, 744 indices
DracoDecoder | Decoded 1152 vertices, 1728 indices
DracoDecoder | Decoded 18 vertices, 30 indices
DracoDecoder | Decoded 18763 vertices, 19197 indices
DracoDecoder | Decoded 3240 vertices, 3240 indices
DracoDecoder | Decoded 736 vertices, 1092 indices
DracoDecoder | Decoded 320 vertices, 480 indices
DracoDecoder | Decoded 24 vertices, 36 indices
DracoDecoder | Decoded 5092 vertices, 5118 indices
DracoDecoder | Decoded 4 vertices, 6 indices
DracoDecoder | Decoded 1440 vertices, 2160 indices
DracoDecoder | Decoded 2227 vertices, 8310 indices
DracoDecoder | Decoded 366 vertices, 366 indices
DracoDecoder | Decoded 410 vertices, 618 indices
DracoDecoder | Decoded 3761 vertices, 4161 indices
DracoDecoder | Decoded 4404 vertices, 4404 indices
DracoDecoder | Decoded 878 vertices, 1302 indices
DracoDecoder | Decoded 320 vertices, 480 indices
DracoDecoder | Decoded 120 vertices, 180 indices
DracoDecoder | Decoded 72 vertices, 108 indices
DracoDecoder | Decoded 320 vertices, 480 indices
DracoDecoder | Decoded 24 vertices, 36 indices
DracoDecoder | Decoded 4265 vertices, 4281 indices
DracoDecoder | Decoded 8 vertices, 12 indices
DracoDecoder | Decoded 1648 vertices, 2472 indices
DracoDecoder | Decoded 2203 vertices, 8337 indices
DracoDecoder | Decoded 273 vertices, 273 indices
DracoDecoder | Decoded 254 vertices, 384 indices
DracoDecoder | Decoded 2920 vertices, 3024 indices
DracoDecoder | Decoded 3657 vertices, 3657 indices
DracoDecoder | Decoded 626 vertices, 930 indices
DracoDecoder | Decoded 6762 vertices, 6918 indices
DracoDecoder | Decoded 4 vertices, 6 indices
DracoDecoder | Decoded 1784 vertices, 18:19:53 | INFO: Blender create Mesh node Mobile_qiushuangzhai_paving
18:19:53 | INFO: Draco Decoder: Decode primitive Mobile_qiushuangzhai_paving
18:19:53 | INFO: Blender create Mesh node Mobile_qiushuangzhai_plants
18:19:53 | INFO: Draco Decoder: Decode primitive Mobile_qiushuangzhai_plants
18:19:53 | INFO: Blender create Mesh node Mobile_qiushuangzhai_roof
18:19:53 | INFO: Draco Decoder: Decode primitive Mobile_qiushuangzhai_roof
18:19:53 | INFO: Blender create Mesh node Mobile_qiushuangzhai_roofshell
18:19:53 | INFO: Draco Decoder: Decode primitive Mobile_qiushuangzhai_roofshell
18:19:53 | INFO: Blender create Mesh node qiushuangzhai_lantern
18:19:53 | INFO: Draco Decoder: Decode primitive qiushuangzhai_lantern
18:19:53 | INFO: Blender create Mesh node qiushuangzhai_screen
18:19:53 | INFO: Draco Decoder: Decode primitive qiushuangzhai_screen
18:19:53 | INFO: Blender create Mesh node qiushuangzhai_silk.001
18:19:53 | INFO: Draco Decoder: Decode primitive qiushuangzhai_silk.001
18:19:53 | INFO: Blender create Mesh node daoxiangcun_screen.001
18:19:53 | INFO: Draco Decoder: Decode primitive daoxiangcun_screen.001
18:19:53 | INFO: Blender create Mesh node Mobile_daoxiangcun
18:19:53 | INFO: Draco Decoder: Decode primitive Mobile_daoxiangcun
18:19:53 | INFO: Blender create Mesh node Mobile_daoxiangcun_paving
18:19:53 | INFO: Draco Decoder: Decode primitive Mobile_daoxiangcun_paving
18:19:53 | INFO: Blender create Mesh node Mobile_daoxiangcun_plants
18:19:53 | INFO: Draco Decoder: Decode primitive Mobile_daoxiangcun_plants
18:19:53 | INFO: Blender create Mesh node Mobile_ouxiangxie
18:19:53 | INFO: Draco Decoder: Decode primitive Mobile_ouxiangxie
18:19:53 | INFO: Blender create Mesh node Mobile_ouxiangxie_plants
18:19:53 | INFO: Draco Decoder: Decode primitive Mobile_ouxiangxie_plants
18:19:53 | INFO: Blender create Mesh node Mobile_ouxiangxie_roof
18:19:53 | INFO: Draco Decoder: Decode primitive Mobile_ouxiangxie_roof
18:19:53 | INFO: Blender create Mesh node Mobile_ouxiangxie_roofshell
18:19:53 | INFO: Draco Decoder: Decode primitive Mobile_ouxiangxie_roofshell
18:19:53 | INFO: Blender create Mesh node ouxiangxie_screen
18:19:53 | INFO: Draco Decoder: Decode primitive ouxiangxie_screen
18:19:53 | INFO: Blender create Mesh node dicuiting_lantern
18:19:53 | INFO: Draco Decoder: Decode primitive dicuiting_lantern
18:19:53 | INFO: Blender create Mesh node Mobile_dicuiting
18:19:53 | INFO: Draco Decoder: Decode primitive Mobile_dicuiting
18:19:53 | INFO: Blender create Mesh node Mobile_dicuiting_roof
18:19:53 | INFO: Draco Decoder: Decode primitive Mobile_dicuiting_roof
18:19:53 | INFO: Blender create Mesh node Mobile_dicuiting_roofshell
18:19:53 | INFO: Draco Decoder: Decode primitive Mobile_dicuiting_roofshell
18:19:53 | INFO: Blender create Mesh node Mobile_luxuean
18:19:53 | INFO: Draco Decoder: Decode primitive Mobile_luxuean
18:19:53 | INFO: Blender create Mesh node Mobile_luxuean_paving
18:19:53 | INFO: Draco Decoder: Decode primitive Mobile_luxuean_paving
18:19:53 | INFO: Blender create Mesh node Mobile_luxuean_plants
18:19:53 | INFO: Draco Decoder: Decode primitive Mobile_luxuean_plants
18:19:53 | INFO: Blender create Mesh node Mobile_tubishanzhuang
18:19:53 | INFO: Draco Decoder: Decode primitive Mobile_tubishanzhuang
18:19:53 | INFO: Blender create Mesh node Mobile_tubishanzhuang_floorwood
18:19:53 | INFO: Draco Decoder: Decode primitive Mobile_tubishanzhuang_floorwood
18:19:53 | INFO: Blender create Mesh node Mobile_tubishanzhuang_paving
18:19:53 | INFO: Draco Decoder: Decode primitive Mobile_tubishanzhuang_paving
18:19:53 | INFO: Blender create Mesh node Mobile_tubishanzhuang_plants
18:19:53 | INFO: Draco Decoder: Decode primitive Mobile_tubishanzhuang_plants
18:19:53 | INFO: Blender create Mesh node Mobile_tubishanzhuang_roof
18:19:53 | INFO: Draco Decoder: Decode primitive Mobile_tubishanzhuang_roof
18:19:53 | INFO: Blender create Mesh node Mobile_tubishanzhuang_roofshell
18:19:53 | INFO: Draco Decoder: Decode primitive Mobile_tubishanzhuang_roofshell
18:19:53 | INFO: Blender create Mesh node tubishanzhuang_screen
18:19:53 | INFO: Draco Decoder: Decode primitive tubishanzhuang_screen
18:19:53 | INFO: Blender create Mesh node aojingxiguan_screen
18:19:53 | INFO: Draco Decoder: Decode primitive aojingxiguan_screen
18:19:53 | INFO: Blender create Mesh node Mobile_aojingxiguan
18:19:53 | INFO: Draco Decoder: Decode primitive Mobile_aojingxiguan
18:19:53 | INFO: Blender create Mesh node Mobile_aojingxiguan_floorwood
18:19:53 | INFO: Draco Decoder: Decode primitive Mobile_aojingxiguan_floorwood
18:19:53 | INFO: Blender create Mesh node Mobile_aojingxiguan_paving
18:19:53 | INFO: Draco Decoder: Decode primitive Mobile_aojingxiguan_paving
18:19:53 | INFO: Blender create Mesh node Mobile_aojingxiguan_plants
18:19:53 | INFO: Draco Decoder: Decode primitive Mobile_aojingxiguan_plants
18:19:53 | INFO: Blender create Mesh node Mobile_aojingxiguan_roof
18:19:53 | INFO: Draco Decoder: Decode primitive Mobile_aojingxiguan_roof
18:19:53 | INFO: Blender create Mesh node Mobile_aojingxiguan_roofshell
18:19:53 | INFO: Draco Decoder: Decode primitive Mobile_aojingxiguan_roofshell
18:19:53 | INFO: Blender create Mesh node daguanlou_lantern
18:19:53 | INFO: Draco Decoder: Decode primitive daguanlou_lantern
18:19:53 | INFO: Blender create Mesh node daguanlou_screen
18:19:53 | INFO: Draco Decoder: Decode primitive daguanlou_screen
18:19:53 | INFO: Blender create Mesh node Mobile_daguanlou
18:19:53 | INFO: Draco Decoder: Decode primitive Mobile_daguanlou
18:19:53 | INFO: Blender create Mesh node Mobile_daguanlou_courtbase
18:19:53 | INFO: Draco Decoder: Decode primitive Mobile_daguanlou_courtbase
18:19:53 | INFO: Blender create Mesh node Mobile_daguanlou_floorwood
18:19:53 | INFO: Draco Decoder: Decode primitive Mobile_daguanlou_floorwood
18:19:53 | INFO: Blender create Mesh node Mobile_daguanlou_limestone
18:19:53 | INFO: Draco Decoder: Decode primitive Mobile_daguanlou_limestone
18:19:53 | INFO: Blender create Mesh node Mobile_daguanlou_paving
18:19:53 | INFO: Draco Decoder: Decode primitive Mobile_daguanlou_paving
18:19:53 | INFO: Blender create Mesh node Mobile_daguanlou_plants
18:19:53 | INFO: Draco Decoder: Decode primitive Mobile_daguanlou_plants
18:19:53 | INFO: Blender create Mesh node Mobile_daguanlou_roof
18:19:53 | INFO: Draco Decoder: Decode primitive Mobile_daguanlou_roof
18:19:53 | INFO: Blender create Mesh node Mobile_daguanlou_roofshell
18:19:53 | INFO: Draco Decoder: Decode primitive Mobile_daguanlou_roofshell
18:19:53 | INFO: Blender create Mesh node longcuian_screen
18:19:53 | INFO: Draco Decoder: Decode primitive longcuian_screen
18:19:53 | INFO: Blender create Mesh node Mobile_longcuian
18:19:53 | INFO: Draco Decoder: Decode primitive Mobile_longcuian
18:19:53 | INFO: Blender create Mesh node Mobile_longcuian_courtbase
18:19:53 | INFO: Draco Decoder: Decode primitive Mobile_longcuian_courtbase
18:19:53 | INFO: Blender create Mesh node Mobile_longcuian_floorwood
18:19:53 | INFO: Draco Decoder: Decode primitive Mobile_longcuian_floorwood
18:19:53 | INFO: Blender create Mesh node Mobile_longcuian_paving
18:19:53 | INFO: Draco Decoder: Decode primitive Mobile_longcuian_paving
18:19:53 | INFO: Blender create Mesh node Mobile_longcuian_plants
18:19:53 | INFO: Draco Decoder: Decode primitive Mobile_longcuian_plants
18:19:53 | INFO: Blender create Mesh node Mobile_longcuian_roof
18:19:53 | INFO: Draco Decoder: Decode primitive Mobile_longcuian_roof
18:19:53 | INFO: Blender create Mesh node Mobile_longcuian_roofshell
18:19:53 | INFO: Draco Decoder: Decode primitive Mobile_longcuian_roofshell
18:19:53 | INFO: Blender create Mesh node Mobile_nuanxiangwu
18:19:53 | INFO: Draco Decoder: Decode primitive Mobile_nuanxiangwu
18:19:53 | INFO: Blender create Mesh node Mobile_nuanxiangwu_courtbase
18:19:53 | INFO: Draco Decoder: Decode primitive Mobile_nuanxiangwu_courtbase
18:19:53 | INFO: Blender create Mesh node Mobile_nuanxiangwu_floorwood
18:19:53 | INFO: Draco Decoder: Decode primitive Mobile_nuanxiangwu_floorwood
18:19:53 | INFO: Blender create Mesh node Mobile_nuanxiangwu_paving
18:19:53 | INFO: Draco Decoder: Decode primitive Mobile_nuanxiangwu_paving
18:19:53 | INFO: Blender create Mesh node Mobile_nuanxiangwu_plants
18:19:53 | INFO: Draco Decoder: Decode primitive Mobile_nuanxiangwu_plants
18:19:53 | INFO: Blender create Mesh node Mobile_nuanxiangwu_roof
18:19:53 | INFO: Draco Decoder: Decode primitive Mobile_nuanxiangwu_roof
18:19:53 | INFO: Blender create Mesh node Mobile_nuanxiangwu_roofshell
18:19:53 | INFO: Draco Decoder: Decode primitive Mobile_nuanxiangwu_roofshell
18:19:53 | INFO: Blender create Mesh node nuanxiangwu_screen
18:19:53 | INFO: Draco Decoder: Decode primitive nuanxiangwu_screen
18:19:53 | INFO: Blender create Mesh node nuanxiangwu_silk
18:19:53 | INFO: Draco Decoder: Decode primitive nuanxiangwu_silk
18:19:53 | INFO: Blender create Mesh node landscape_lantern
18:19:53 | INFO: Draco Decoder: Decode primitive landscape_lantern
18:19:53 | INFO: Blender create Mesh node Mobile_landscape_earth
18:19:53 | INFO: Draco Decoder: Decode primitive Mobile_landscape_earth
18:19:53 | INFO: Blender create Mesh node Mobile_landscape_bankstone
18:19:53 | INFO: Draco Decoder: Decode primitive Mobile_landscape_bankstone
18:19:53 | INFO: Blender create Mesh node Mobile_landscape_limestone
18:19:53 | INFO: Draco Decoder: Decode primitive Mobile_landscape_limestone
18:19:54 | INFO: Blender create Mesh node Mobile_landscape_plants
18:19:54 | INFO: Draco Decoder: Decode primitive Mobile_landscape_plants
18:19:54 | INFO: Blender create Mesh node Mobile_landscape
18:19:54 | INFO: Draco Decoder: Decode primitive Mobile_landscape
18:19:54 | INFO: Blender create Mesh node Mobile_landscape_roofshell
18:19:54 | INFO: Draco Decoder: Decode primitive Mobile_landscape_roofshell
18:19:54 | INFO: Blender create Mesh node Mobile_landscape_paving
18:19:54 | INFO: Draco Decoder: Decode primitive Mobile_landscape_paving
18:19:54 | INFO: glTF import finished in 0.94s
ROUTE SURFACES overview-low 4719 missing 0 inverted 0
2676 indices
DracoDecoder | Decoded 594 vertices, 894 indices
DracoDecoder | Decoded 1669 vertices, 1707 indices
DracoDecoder | Decoded 2211 vertices, 2211 indices
DracoDecoder | Decoded 406 vertices, 606 indices
DracoDecoder | Decoded 320 vertices, 480 indices
DracoDecoder | Decoded 192 vertices, 288 indices
DracoDecoder | Decoded 24 vertices, 36 indices
DracoDecoder | Decoded 192 vertices, 288 indices
DracoDecoder | Decoded 1194 vertices, 1212 indices
DracoDecoder | Decoded 30 vertices, 66 indices
DracoDecoder | Decoded 7803 vertices, 7857 indices
DracoDecoder | Decoded 1126 vertices, 1164 indices
DracoDecoder | Decoded 192 vertices, 324 indices
DracoDecoder | Decoded 1611 vertices, 1611 indices
DracoDecoder | Decoded 286 vertices, 426 indices
DracoDecoder | Decoded 216 vertices, 324 indices
DracoDecoder | Decoded 1280 vertices, 1920 indices
DracoDecoder | Decoded 624 vertices, 696 indices
DracoDecoder | Decoded 861 vertices, 861 indices
DracoDecoder | Decoded 246 vertices, 366 indices
DracoDecoder | Decoded 1306 vertices, 1380 indices
DracoDecoder | Decoded 22 vertices, 54 indices
DracoDecoder | Decoded 687 vertices, 735 indices
DracoDecoder | Decoded 2772 vertices, 2772 indices
DracoDecoder | Decoded 1488 vertices, 2232 indices
DracoDecoder | Decoded 766 vertices, 1152 indices
DracoDecoder | Decoded 486 vertices, 486 indices
DracoDecoder | Decoded 1788 vertices, 1788 indices
DracoDecoder | Decoded 286 vertices, 426 indices
DracoDecoder | Decoded 192 vertices, 288 indices
DracoDecoder | Decoded 192 vertices, 288 indices
DracoDecoder | Decoded 2702 vertices, 2706 indices
DracoDecoder | Decoded 1332 vertices, 1998 indices
DracoDecoder | Decoded 770 vertices, 1164 indices
DracoDecoder | Decoded 486 vertices, 486 indices
DracoDecoder | Decoded 1629 vertices, 1629 indices
DracoDecoder | Decoded 286 vertices, 426 indices
DracoDecoder | Decoded 2704 vertices, 2928 indices
DracoDecoder | Decoded 1920 vertices, 2880 indices
DracoDecoder | Decoded 35213 vertices, 35457 indices
DracoDecoder | Decoded 8 vertices, 12 indices
DracoDecoder | Decoded 14416 vertices, 21624 indices
DracoDecoder | Decoded 2199 vertices, 2199 indices
DracoDecoder | Decoded 2848 vertices, 4332 indices
DracoDecoder | Decoded 1809 vertices, 1809 indices
DracoDecoder | Decoded 27766 vertices, 27774 indices
DracoDecoder | Decoded 3638 vertices, 5418 indices
DracoDecoder | Decoded 192 vertices, 288 indices
DracoDecoder | Decoded 5207 vertices, 5223 indices
DracoDecoder | Decoded 4 vertices, 6 indices
DracoDecoder | Decoded 1860 vertices, 2790 indices
DracoDecoder | Decoded 318 vertices, 480 indices
DracoDecoder | Decoded 3815 vertices, 3825 indices
DracoDecoder | Decoded 3210 vertices, 3210 indices
DracoDecoder | Decoded 690 vertices, 1026 indices
DracoDecoder | Decoded 3525 vertices, 3561 indices
DracoDecoder | Decoded 4 vertices, 6 indices
DracoDecoder | Decoded 1232 vertices, 1848 indices
DracoDecoder | Decoded 266 vertices, 420 indices
DracoDecoder | Decoded 2238 vertices, 2262 indices
DracoDecoder | Decoded 2784 vertices, 2784 indices
DracoDecoder | Decoded 506 vertices, 750 indices
DracoDecoder | Decoded 216 vertices, 324 indices
DracoDecoder | Decoded 48 vertices, 72 indices
DracoDecoder | Decoded 1744 vertices, 1824 indices
DracoDecoder | Decoded 4227 vertices, 21927 indices
DracoDecoder | Decoded 6444 vertices, 9666 indices
DracoDecoder | Decoded 353461 vertices, 353463 indices
DracoDecoder | Decoded 22138 vertices, 23226 indices
DracoDecoder | Decoded 59961 vertices, 71901 indices
DracoDecoder | Decoded 1334 vertices, 1974 indices
DracoDecoder | Decoded 22014 vertices, 36270 indices

Blender quit
NATIVE WATER COVERAGE 10182 failed 0
Blender 4.5.9 LTS (hash 8bf95cbd38d1 built 2026-04-21 01:33:45)
Read blend: "D:\Users\Lenovo\Desktop\大观园\blender\daguanyuan_master.blend"

Blender quit
18:20:02 | INFO: Data are loaded, start creating Blender stuff
18:20:02 | INFO: Blender create Mesh node hengwuyuan_bamboo.001
18:20:02 | INFO: Draco Decoder: Decode primitive hengwuyuan_bamboo.001
18:20:02 | INFO: Blender create Mesh node hengwuyuan_bark.001
18:20:02 | INFO: Draco Decoder: Decode primitive hengwuyuan_bark.001
18:20:02 | INFO: Blender create Mesh node hengwuyuan_bookcloth.001
18:20:02 | INFO: Draco Decoder: Decode primitive hengwuyuan_bookcloth.001
18:20:02 | INFO: Blender create Mesh node hengwuyuan_bookcover.001
18:20:02 | INFO: Draco Decoder: Decode primitive hengwuyuan_bookcover.001
18:20:02 | INFO: Blender create Mesh node hengwuyuan_ceramic.001
18:20:02 | INFO: Draco Decoder: Decode primitive hengwuyuan_ceramic.001
18:20:02 | INFO: Blender create Mesh node hengwuyuan_clay.001
18:20:02 | INFO: Draco Decoder: Decode primitive hengwuyuan_clay.001
18:20:02 | INFO: Blender create Mesh node hengwuyuan_courtbase
18:20:02 | INFO: Draco Decoder: Decode primitive hengwuyuan_courtbase
18:20:02 | INFO: Blender create Mesh node hengwuyuan_creamflower.001
18:20:02 | INFO: Draco Decoder: Decode primitive hengwuyuan_creamflower.001
18:20:02 | INFO: Blender create Mesh node hengwuyuan_cutstone
18:20:02 | INFO: Draco Decoder: Decode primitive hengwuyuan_cutstone
18:20:02 | INFO: Blender create Mesh node hengwuyuan_darkwood.001
18:20:02 | INFO: Draco Decoder: Decode primitive hengwuyuan_darkwood.001
18:20:02 | INFO: Blender create Mesh node hengwuyuan_floorwood
18:20:02 | INFO: Draco Decoder: Decode primitive hengwuyuan_floorwood
18:20:02 | INFO: Blender create Mesh node hengwuyuan_furniture
18:20:02 | INFO: Draco Decoder: Decode primitive hengwuyuan_furniture
18:20:02 | INFO: Blender create Mesh node hengwuyuan_gardenstone
18:20:02 | INFO: Draco Decoder: Decode primitive hengwuyuan_gardenstone
18:20:02 | INFO: Blender create Mesh node hengwuyuan_gold
18:20:02 | INFO: Draco Decoder: Decode primitive hengwuyuan_gold
18:20:02 | INFO: Blender create Mesh node hengwuyuan_ink.001
18:20:02 | INFO: Draco Decoder: Decode primitive hengwuyuan_ink.001
18:20:02 | INFO: Blender create Mesh node hengwuyuan_ivory.001
18:20:02 | INFO: Draco Decoder: Decode primitive hengwuyuan_ivory.001
18:20:02 | INFO: Blender create Mesh node hengwuyuan_lantern
18:20:02 | INFO: Draco Decoder: Decode primitive hengwuyuan_lantern
18:20:02 | INFO: Blender create Mesh node hengwuyuan_latticewood.001
18:20:02 | INFO: Draco Decoder: Decode primitive hengwuyuan_latticewood.001
18:20:02 | INFO: Blender create Mesh node hengwuyuan_leaf.001
18:20:02 | INFO: Draco Decoder: Decode primitive hengwuyuan_leaf.001
18:20:02 | INFO: Blender create Mesh node hengwuyuan_leafdark.001
18:20:02 | INFO: Draco Decoder: Decode primitive hengwuyuan_leafdark.001
18:20:02 | INFO: Blender create Mesh node hengwuyuan_lightleaf.001
18:20:02 | INFO: Draco Decoder: Decode primitive hengwuyuan_lightleaf.001
18:20:02 | INFO: Blender create Mesh node hengwuyuan_limestone.001
18:20:02 | INFO: Draco Decoder: Decode primitive hengwuyuan_limestone.001
18:20:02 | INFO: Blender create Mesh node hengwuyuan_moss.001
18:20:02 | INFO: Draco Decoder: Decode primitive hengwuyuan_moss.001
18:20:02 | INFO: Blender create Mesh node hengwuyuan_paper.001
18:20:02 | INFO: Draco Decoder: Decode primitive hengwuyuan_paper.001
18:20:02 | INFO: Blender create Mesh node hengwuyuan_paving.001
18:20:02 | INFO: Draco Decoder: Decode primitive hengwuyuan_paving.001
18:20:02 | INFO: Blender create Mesh node hengwuyuan_plaster.001
18:20:02 | INFO: Draco Decoder: Decode primitive hengwuyuan_plaster.001
18:20:02 | INFO: Blender create Mesh node hengwuyuan_roof.001
18:20:02 | INFO: Draco Decoder: Decode primitive hengwuyuan_roof.001
18:20:02 | INFO: Blender create Mesh node hengwuyuan_screen.001
18:20:02 | INFO: Draco Decoder: Decode primitive hengwuyuan_screen.001
18:20:02 | INFO: Blender create Mesh node hengwuyuan_stone.001
18:20:02 | INFO: Draco Decoder: Decode primitive hengwuyuan_stone.001
18:20:02 | INFO: Blender create Mesh node hengwuyuan_tile.001
18:20:02 | INFO: Draco Decoder: Decode primitive hengwuyuan_tile.001
18:20:02 | INFO: Blender create Mesh node hengwuyuan_tiledark.001
18:20:02 | INFO: Draco Decoder: Decode primitive hengwuyuan_tiledark.001
18:20:02 | INFO: Blender create Mesh node hengwuyuan_tilelight.001
18:20:02 | INFO: Draco Decoder: Decode primitive hengwuyuan_tilelight.001
18:20:02 | INFO: Blender create Mesh node hengwuyuan_wood.001
18:20:02 | INFO: Draco Decoder: Decode primitive hengwuyuan_wood.001
18:20:02 | INFO: glTF import finished in 0.52s
18:20:02 | INFO: Data are loaded, start creating Blender stuff
18:20:02 | INFO: Blender create Mesh node hengwuyuan_lantern
18:20:02 | INFO: Draco Decoder: Decode primitive hengwuyuan_lantern
18:20:02 | INFO: Blender create Mesh node hengwuyuan_screen.001
18:20:02 | INFO: Draco Decoder: Decode primitive hengwuyuan_screen.001
18:20:02 | INFO: Blender create Mesh node Mobile_hengwuyuan
18:20:02 | INFO: Draco Decoder: Decode primitive Mobile_hengwuyuan
18:20:02 | INFO: Blender create Mesh node Mobile_hengwuyuan_courtbase
18:20:02 | INFO: Draco Decoder: Decode primitive Mobile_hengwuyuan_courtbase
18:20:02 | INFO: Blender create Mesh node Mobile_hengwuyuan_floorwood
18:20:02 | INFO: Draco Decoder: Decode primitive Mobile_hengwuyuan_floorwood
18:20:02 | INFO: Blender create Mesh node Mobile_hengwuyuan_gardenstone
18:20:02 | INFO: Draco Decoder: Decode primitive Mobile_hengwuyuan_gardenstone
18:20:02 | INFO: Blender create Mesh node Mobile_hengwuyuan_limestone
18:20:02 | INFO: Draco Decoder: Decode primitive Mobile_hengwuyuan_limestone
18:20:02 | INFO: Blender create Mesh node Mobile_hengwuyuan_paving
18:20:02 | INFO: Draco Decoder: Decode primitive Mobile_hengwuyuan_paving
18:20:02 | INFO: Blender create Mesh node Mobile_hengwuyuan_plants
18:20:02 | INFO: Draco Decoder: Decode primitive Mobile_hengwuyuan_plants
18:20:02 | INFO: Blender create Mesh node Mobile_hengwuyuan_roof
18:20:02 | INFO: Draco Decoder: Decode primitive Mobile_hengwuyuan_roof
18:20:02 | INFO: Blender create Mesh node Mobile_hengwuyuan_roofshell
18:20:02 | INFO: Draco Decoder: Decode primitive Mobile_hengwuyuan_roofshell
18:20:02 | INFO: glTF import finished in 0.15s
18:20:02 | INFO: Data are loaded, start creating Blender stuff
18:20:02 | INFO: Blender create Mesh node daguanyuan_gate_screen
18:20:02 | INFO: Draco Decoder: Decode primitive daguanyuan_gate_screen
18:20:02 | INFO: Blender create Mesh node Mobile_daguanyuan_gate
18:20:02 | INFO: Draco Decoder: Decode primitive Mobile_daguanyuan_gate
18:20:02 | INFO: Blender create Mesh node Mobile_daguanyuan_gate_floorwood
18:20:02 | INFO: Draco Decoder: Decode primitive Mobile_daguanyuan_gate_floorwood
18:20:02 | INFO: Blender create Mesh node Mobile_daguanyuan_gate_limestone
18:20:02 | INFO: Draco Decoder: Decode primitive Mobile_daguanyuan_gate_limestone
18:20:02 | INFO: Blender create Mesh node Mobile_daguanyuan_gate_paving
18:20:02 | INFO: Draco Decoder: Decode primitive Mobile_daguanyuan_gate_paving
18:20:02 | INFO: Blender create Mesh node Mobile_daguanyuan_gate_roof
18:20:02 | INFO: Draco Decoder: Decode primitive Mobile_daguanyuan_gate_roof
18:20:02 | INFO: Blender create Mesh node Mobile_daguanyuan_gate_roofshell
18:20:02 | INFO: Draco Decoder: Decode primitive Mobile_daguanyuan_gate_roofshell
18:20:02 | INFO: Blender create Mesh node Mobile_qujingtongyou_gardenstone
18:20:02 | INFO: Draco Decoder: Decode primitive Mobile_qujingtongyou_gardenstone
18:20:02 | INFO: Blender create Mesh node Mobile_qujingtongyou_limestone
18:20:02 | INFO: Draco Decoder: Decode primitive Mobile_qujingtongyou_limestone
18:20:02 | INFO: Blender create Mesh node Mobile_qujingtongyou_plants
18:20:02 | INFO: Draco Decoder: Decode primitive Mobile_qujingtongyou_plants
18:20:02 | INFO: Blender create Mesh node Mobile_xiaoxiangguan
18:20:02 | INFO: Draco Decoder: Decode primitive Mobile_xiaoxiangguan
18:20:02 | INFO: Blender create Mesh node Mobile_xiaoxiangguan_bankstone
18:20:02 | INFO: Draco Decoder: Decode primitive Mobile_xiaoxiangguan_bankstone
18:20:03 | INFO: Blender create Mesh node Mobile_xiaoxiangguan_floorwood
18:20:03 | INFO: Draco Decoder: Decode primitive Mobile_xiaoxiangguan_floorwood
18:20:03 | INFO: Blender create Mesh node Mobile_xiaoxiangguan_paving
18:20:03 | INFO: Draco Decoder: Decode primitive Mobile_xiaoxiangguan_paving
18:20:03 | INFO: Blender create Mesh node Mobile_xiaoxiangguan_plants
18:20:03 | INFO: Draco Decoder: Decode primitive Mobile_xiaoxiangguan_plants
18:20:03 | INFO: Blender create Mesh node Mobile_xiaoxiangguan_roof
18:20:03 | INFO: Draco Decoder: Decode primitive Mobile_xiaoxiangguan_roof
18:20:03 | INFO: Blender create Mesh node Mobile_xiaoxiangguan_roofshell
18:20:03 | INFO: Draco Decoder: Decode primitive Mobile_xiaoxiangguan_roofshell
18:20:03 | INFO: Blender create Mesh node xiaoxiangguan_lantern
18:20:03 | INFO: Draco Decoder: Decode primitive xiaoxiangguan_lantern
18:20:03 | INFO: Blender create Mesh node xiaoxiangguan_silk
18:20:03 | INFO: Draco Decoder: Decode primitive xiaoxiangguan_silk
18:20:03 | INFO: Blender create Mesh node Mobile_yihongyuan
18:20:03 | INFO: Draco Decoder: Decode primitive Mobile_yihongyuan
18:20:03 | INFO: Blender create Mesh node Mobile_yihongyuan_courtbase
18:20:03 | INFO: Draco Decoder: Decode primitive Mobile_yihongyuan_courtbase
18:20:03 | INFO: Blender create Mesh node Mobile_yihongyuan_floorwood
18:20:03 | INFO: Draco Decoder: Decode primitive Mobile_yihongyuan_floorwood
18:20:03 | INFO: Blender create Mesh node Mobile_yihongyuan_gardenstone
18:20:03 | INFO: Draco Decoder: Decode primitive Mobile_yihongyuan_gardenstone
18:20:03 | INFO: Blender create Mesh node Mobile_yihongyuan_limestone
18:20:03 | INFO: Draco Decoder: Decode primitive Mobile_yihongyuan_limestone
18:20:03 | INFO: Blender create Mesh node Mobile_yihongyuan_paving
18:20:03 | INFO: Draco Decoder: Decode primitive Mobile_yihongyuan_paving
18:20:03 | INFO: Blender create Mesh node Mobile_yihongyuan_plants
18:20:03 | INFO: Draco Decoder: Decode primitive Mobile_yihongyuan_plants
18:20:03 | INFO: Blender create Mesh node Mobile_yihongyuan_roof
18:20:03 | INFO: Draco Decoder: Decode primitive Mobile_yihongyuan_roof
18:20:03 | INFO: Blender create Mesh node Mobile_yihongyuan_roofshell
18:20:03 | INFO: Draco Decoder: Decode primitive Mobile_yihongyuan_roofshell
18:20:03 | INFO: Blender create Mesh node yihongyuan_lantern
18:20:03 | INFO: Draco Decoder: Decode primitive yihongyuan_lantern
18:20:03 | INFO: Blender create Mesh node yihongyuan_screen.001
18:20:03 | INFO: Draco Decoder: Decode primitive yihongyuan_screen.001
18:20:03 | INFO: Blender create Mesh node yihongyuan_silk.001
18:20:03 | INFO: Draco Decoder: Decode primitive yihongyuan_silk.001
18:20:03 | INFO: Blender create Mesh node hengwuyuan_lantern
18:20:03 | INFO: Draco Decoder: Decode primitive hengwuyuan_lantern
18:20:03 | INFO: Blender create Mesh node hengwuyuan_screen.001
18:20:03 | INFO: Draco Decoder: Decode primitive hengwuyuan_screen.001
18:20:03 | INFO: Blender create Mesh node Mobile_hengwuyuan
18:20:03 | INFO: Draco Decoder: Decode primitive Mobile_hengwuyuan
18:20:03 | INFO: Blender create Mesh node Mobile_hengwuyuan_courtbase
18:20:03 | INFO: Draco Decoder: Decode primitive Mobile_hengwuyuan_courtbase
Blender 4.5.9 LTS (hash 8bf95cbd38d1 built 2026-04-21 01:33:45)
Read blend: "D:\Users\Lenovo\Desktop\大观园\blender\daguanyuan_master.blend"
DracoDecoder | Decoded 9192 vertices, 13824 indices
DracoDecoder | Decoded 14608 vertices, 25200 indices
DracoDecoder | Decoded 528 vertices, 792 indices
DracoDecoder | Decoded 48 vertices, 72 indices
DracoDecoder | Decoded 560 vertices, 924 indices
DracoDecoder | Decoded 320 vertices, 480 indices
DracoDecoder | Decoded 48 vertices, 72 indices
DracoDecoder | Decoded 858 vertices, 1320 indices
DracoDecoder | Decoded 7536 vertices, 12420 indices
DracoDecoder | Decoded 7520 vertices, 10548 indices
DracoDecoder | Decoded 9888 vertices, 14832 indices
DracoDecoder | Decoded 1496 vertices, 2520 indices
DracoDecoder | Decoded 4936 vertices, 21075 indices
DracoDecoder | Decoded 720 vertices, 1176 indices
DracoDecoder | Decoded 752 vertices, 1152 indices
DracoDecoder | Decoded 312 vertices, 468 indices
DracoDecoder | Decoded 320 vertices, 480 indices
DracoDecoder | Decoded 2448 vertices, 3672 indices
DracoDecoder | Decoded 26054 vertices, 31584 indices
DracoDecoder | Decoded 27391 vertices, 33396 indices
DracoDecoder | Decoded 12116 vertices, 14400 indices
DracoDecoder | Decoded 8092 vertices, 8094 indices
DracoDecoder | Decoded 16800 vertices, 16800 indices
DracoDecoder | Decoded 340 vertices, 540 indices
DracoDecoder | Decoded 1494 vertices, 2244 indices
DracoDecoder | Decoded 4800 vertices, 6600 indices
DracoDecoder | Decoded 626 vertices, 930 indices
DracoDecoder | Decoded 24 vertices, 36 indices
DracoDecoder | Decoded 3360 vertices, 5016 indices
DracoDecoder | Decoded 96466 vertices, 189648 indices
DracoDecoder | Decoded 30816 vertices, 54528 indices
DracoDecoder | Decoded 6708 vertices, 13068 indices
DracoDecoder | Decoded 69712 vertices, 100776 indices
DracoDecoder | Decoded 320 vertices, 480 indices
DracoDecoder | Decoded 24 vertices, 36 indices
DracoDecoder | Decoded 25721 vertices, 39099 indices
DracoDecoder | Decoded 8 vertices, 12 indices
DracoDecoder | Decoded 1648 vertices, 2472 indices
DracoDecoder | Decoded 3150 vertices, 12639 indices
DracoDecoder | Decoded 2751 vertices, 2751 indices
DracoDecoder | Decoded 254 vertices, 384 indices
DracoDecoder | Decoded 28796 vertices, 30369 indices
DracoDecoder | Decoded 48998 vertices, 60966 indices
DracoDecoder | Decoded 626 vertices, 930 indices
DracoDecoder | Decoded 384 vertices, 576 indices
DracoDecoder | Decoded 3678 vertices, 3678 indices
DracoDecoder | Decoded 1508 vertices, 2262 indices
DracoDecoder | Decoded 183 vertices, 183 indices
DracoDecoder | Decoded 4 vertices, 6 indices
DracoDecoder | Decoded 1795 vertices, 1797 indices
DracoDecoder | Decoded 238 vertices, 354 indices
DracoDecoder | Decoded 2191 vertices, 8301 indices
DracoDecoder | Decoded 273 vertices, 273 indices
DracoDecoder | Decoded 486 vertices, 486 indices
DracoDecoder | Decoded 5216 vertices, 5250 indices
DracoDecoder | Decoded 744 vertices, 744 indices
DracoDecoder | Decoded 1152 vertices, 1728 indices
DracoDecoder | Decoded 18 vertices, 30 indices
DracoDecoder | Decoded 18763 vertices, 19197 indices
DracoDecoder | Decoded 3240 vertices, 3240 indices
DracoDecoder | Decoded 736 vertices, 1092 indices
DracoDecoder | Decoded 320 vertices, 480 indices
DracoDecoder | Decoded 24 vertices, 36 indices
DracoDecoder | Decoded 5092 vertices, 5118 indices
DracoDecoder | Decoded 4 vertices, 6 indices
DracoDecoder | Decoded 1440 vertices, 2160 indices
DracoDecoder | Decoded 2227 vertices, 8310 indices
DracoDecoder | Decoded 366 vertices, 366 indices
DracoDecoder | Decoded 410 vertices, 618 indices
DracoDecoder | Decoded 3761 vertices, 4161 indices
DracoDecoder | Decoded 4404 vertices, 4404 indices
DracoDecoder | Decoded 878 vertices, 1302 indices
DracoDecoder | Decoded 320 vertices, 480 indices
DracoDecoder | Decoded 120 vertices, 180 indices
DracoDecoder | Decoded 72 vertices, 108 indices
DracoDecoder | Decoded 320 vertices, 480 indices
DracoDecoder | Decoded 24 vertices, 36 indices
DracoDecoder | Decoded 4265 vertices, 4281 indices
DracoDecoder | Decoded 8 vertices, 12 18:20:03 | INFO: Blender create Mesh node Mobile_hengwuyuan_floorwood
18:20:03 | INFO: Draco Decoder: Decode primitive Mobile_hengwuyuan_floorwood
18:20:03 | INFO: Blender create Mesh node Mobile_hengwuyuan_gardenstone
18:20:03 | INFO: Draco Decoder: Decode primitive Mobile_hengwuyuan_gardenstone
18:20:03 | INFO: Blender create Mesh node Mobile_hengwuyuan_limestone
18:20:03 | INFO: Draco Decoder: Decode primitive Mobile_hengwuyuan_limestone
18:20:03 | INFO: Blender create Mesh node Mobile_hengwuyuan_paving
18:20:03 | INFO: Draco Decoder: Decode primitive Mobile_hengwuyuan_paving
18:20:03 | INFO: Blender create Mesh node Mobile_hengwuyuan_plants
18:20:03 | INFO: Draco Decoder: Decode primitive Mobile_hengwuyuan_plants
18:20:03 | INFO: Blender create Mesh node Mobile_hengwuyuan_roof
18:20:03 | INFO: Draco Decoder: Decode primitive Mobile_hengwuyuan_roof
18:20:03 | INFO: Blender create Mesh node Mobile_hengwuyuan_roofshell
18:20:03 | INFO: Draco Decoder: Decode primitive Mobile_hengwuyuan_roofshell
18:20:03 | INFO: Blender create Mesh node Mobile_qiushuangzhai
18:20:03 | INFO: Draco Decoder: Decode primitive Mobile_qiushuangzhai
18:20:03 | INFO: Blender create Mesh node Mobile_qiushuangzhai_courtbase
18:20:03 | INFO: Draco Decoder: Decode primitive Mobile_qiushuangzhai_courtbase
18:20:03 | INFO: Blender create Mesh node Mobile_qiushuangzhai_floorwood
18:20:03 | INFO: Draco Decoder: Decode primitive Mobile_qiushuangzhai_floorwood
18:20:03 | INFO: Blender create Mesh node Mobile_qiushuangzhai_paving
18:20:03 | INFO: Draco Decoder: Decode primitive Mobile_qiushuangzhai_paving
18:20:03 | INFO: Blender create Mesh node Mobile_qiushuangzhai_plants
18:20:03 | INFO: Draco Decoder: Decode primitive Mobile_qiushuangzhai_plants
18:20:03 | INFO: Blender create Mesh node Mobile_qiushuangzhai_roof
18:20:03 | INFO: Draco Decoder: Decode primitive Mobile_qiushuangzhai_roof
18:20:03 | INFO: Blender create Mesh node Mobile_qiushuangzhai_roofshell
18:20:03 | INFO: Draco Decoder: Decode primitive Mobile_qiushuangzhai_roofshell
18:20:03 | INFO: Blender create Mesh node qiushuangzhai_lantern
18:20:03 | INFO: Draco Decoder: Decode primitive qiushuangzhai_lantern
18:20:03 | INFO: Blender create Mesh node qiushuangzhai_screen
18:20:03 | INFO: Draco Decoder: Decode primitive qiushuangzhai_screen
18:20:03 | INFO: Blender create Mesh node qiushuangzhai_silk.001
18:20:03 | INFO: Draco Decoder: Decode primitive qiushuangzhai_silk.001
18:20:03 | INFO: Blender create Mesh node daoxiangcun_screen.001
18:20:03 | INFO: Draco Decoder: Decode primitive daoxiangcun_screen.001
18:20:03 | INFO: Blender create Mesh node Mobile_daoxiangcun
18:20:03 | INFO: Draco Decoder: Decode primitive Mobile_daoxiangcun
18:20:03 | INFO: Blender create Mesh node Mobile_daoxiangcun_paving
18:20:03 | INFO: Draco Decoder: Decode primitive Mobile_daoxiangcun_paving
18:20:03 | INFO: Blender create Mesh node Mobile_daoxiangcun_plants
18:20:03 | INFO: Draco Decoder: Decode primitive Mobile_daoxiangcun_plants
18:20:03 | INFO: Blender create Mesh node Mobile_ouxiangxie
18:20:03 | INFO: Draco Decoder: Decode primitive Mobile_ouxiangxie
18:20:03 | INFO: Blender create Mesh node Mobile_ouxiangxie_plants
18:20:03 | INFO: Draco Decoder: Decode primitive Mobile_ouxiangxie_plants
18:20:03 | INFO: Blender create Mesh node Mobile_ouxiangxie_roof
18:20:03 | INFO: Draco Decoder: Decode primitive Mobile_ouxiangxie_roof
18:20:03 | INFO: Blender create Mesh node Mobile_ouxiangxie_roofshell
18:20:03 | INFO: Draco Decoder: Decode primitive Mobile_ouxiangxie_roofshell
18:20:03 | INFO: Blender create Mesh node ouxiangxie_screen
18:20:03 | INFO: Draco Decoder: Decode primitive ouxiangxie_screen
18:20:03 | INFO: Blender create Mesh node dicuiting_lantern
18:20:03 | INFO: Draco Decoder: Decode primitive dicuiting_lantern
18:20:03 | INFO: Blender create Mesh node Mobile_dicuiting
18:20:03 | INFO: Draco Decoder: Decode primitive Mobile_dicuiting
18:20:03 | INFO: Blender create Mesh node Mobile_dicuiting_roof
18:20:03 | INFO: Draco Decoder: Decode primitive Mobile_dicuiting_roof
18:20:03 | INFO: Blender create Mesh node Mobile_dicuiting_roofshell
18:20:03 | INFO: Draco Decoder: Decode primitive Mobile_dicuiting_roofshell
18:20:03 | INFO: Blender create Mesh node Mobile_luxuean
18:20:03 | INFO: Draco Decoder: Decode primitive Mobile_luxuean
18:20:03 | INFO: Blender create Mesh node Mobile_luxuean_paving
18:20:03 | INFO: Draco Decoder: Decode primitive Mobile_luxuean_paving
18:20:03 | INFO: Blender create Mesh node Mobile_luxuean_plants
18:20:03 | INFO: Draco Decoder: Decode primitive Mobile_luxuean_plants
18:20:03 | INFO: Blender create Mesh node Mobile_tubishanzhuang
18:20:03 | INFO: Draco Decoder: Decode primitive Mobile_tubishanzhuang
18:20:03 | INFO: Blender create Mesh node Mobile_tubishanzhuang_floorwood
18:20:03 | INFO: Draco Decoder: Decode primitive Mobile_tubishanzhuang_floorwood
18:20:03 | INFO: Blender create Mesh node Mobile_tubishanzhuang_paving
18:20:03 | INFO: Draco Decoder: Decode primitive Mobile_tubishanzhuang_paving
18:20:03 | INFO: Blender create Mesh node Mobile_tubishanzhuang_plants
18:20:03 | INFO: Draco Decoder: Decode primitive Mobile_tubishanzhuang_plants
18:20:03 | INFO: Blender create Mesh node Mobile_tubishanzhuang_roof
18:20:03 | INFO: Draco Decoder: Decode primitive Mobile_tubishanzhuang_roof
18:20:03 | INFO: Blender create Mesh node Mobile_tubishanzhuang_roofshell
18:20:03 | INFO: Draco Decoder: Decode primitive Mobile_tubishanzhuang_roofshell
18:20:03 | INFO: Blender create Mesh node tubishanzhuang_screen
18:20:03 | INFO: Draco Decoder: Decode primitive tubishanzhuang_screen
18:20:03 | INFO: Blender create Mesh node aojingxiguan_screen
18:20:03 | INFO: Draco Decoder: Decode primitive aojingxiguan_screen
18:20:03 | INFO: Blender create Mesh node Mobile_aojingxiguan
18:20:03 | INFO: Draco Decoder: Decode primitive Mobile_aojingxiguan
18:20:03 | INFO: Blender create Mesh node Mobile_aojingxiguan_floorwood
18:20:03 | INFO: Draco Decoder: Decode primitive Mobile_aojingxiguan_floorwood
18:20:03 | INFO: Blender create Mesh node Mobile_aojingxiguan_paving
18:20:03 | INFO: Draco Decoder: Decode primitive Mobile_aojingxiguan_paving
18:20:03 | INFO: Blender create Mesh node Mobile_aojingxiguan_plants
18:20:03 | INFO: Draco Decoder: Decode primitive Mobile_aojingxiguan_plants
18:20:03 | INFO: Blender create Mesh node Mobile_aojingxiguan_roof
18:20:03 | INFO: Draco Decoder: Decode primitive Mobile_aojingxiguan_roof
18:20:03 | INFO: Blender create Mesh node Mobile_aojingxiguan_roofshell
18:20:03 | INFO: Draco Decoder: Decode primitive Mobile_aojingxiguan_roofshell
18:20:03 | INFO: Blender create Mesh node daguanlou_lantern
18:20:03 | INFO: Draco Decoder: Decode primitive daguanlou_lantern
18:20:03 | INFO: Blender create Mesh node daguanlou_screen
18:20:03 | INFO: Draco Decoder: Decode primitive daguanlou_screen
18:20:03 | INFO: Blender create Mesh node Mobile_daguanlou
18:20:03 | INFO: Draco Decoder: Decode primitive Mobile_daguanlou
18:20:03 | INFO: Blender create Mesh node Mobile_daguanlou_courtbase
18:20:03 | INFO: Draco Decoder: Decode primitive Mobile_daguanlou_courtbase
18:20:03 | INFO: Blender create Mesh node Mobile_daguanlou_floorwood
18:20:03 | INFO: Draco Decoder: Decode primitive Mobile_daguanlou_floorwood
18:20:03 | INFO: Blender create Mesh node Mobile_daguanlou_limestone
18:20:03 | INFO: Draco Decoder: Decode primitive Mobile_daguanlou_limestone
18:20:03 | INFO: Blender create Mesh node Mobile_daguanlou_paving
18:20:03 | INFO: Draco Decoder: Decode primitive Mobile_daguanlou_paving
18:20:03 | INFO: Blender create Mesh node Mobile_daguanlou_plants
18:20:03 | INFO: Draco Decoder: Decode primitive Mobile_daguanlou_plants
18:20:03 | INFO: Blender create Mesh node Mobile_daguanlou_roof
18:20:03 | INFO: Draco Decoder: Decode primitive Mobile_daguanlou_roof
18:20:03 | INFO: Blender create Mesh node Mobile_daguanlou_roofshell
18:20:03 | INFO: Draco Decoder: Decode primitive Mobile_daguanlou_roofshell
18:20:03 | INFO: Blender create Mesh node longcuian_screen
18:20:03 | INFO: Draco Decoder: Decode primitive longcuian_screen
18:20:03 | INFO: Blender create Mesh node Mobile_longcuian
18:20:03 | INFO: Draco Decoder: Decode primitive Mobile_longcuian
18:20:03 | INFO: Blender create Mesh node Mobile_longcuian_courtbase
18:20:03 | INFO: Draco Decoder: Decode primitive Mobile_longcuian_courtbase
18:20:03 | INFO: Blender create Mesh node Mobile_longcuian_floorwood
18:20:03 | INFO: Draco Decoder: Decode primitive Mobile_longcuian_floorwood
18:20:03 | INFO: Blender create Mesh node Mobile_longcuian_paving
18:20:03 | INFO: Draco Decoder: Decode primitive Mobile_longcuian_paving
18:20:03 | INFO: Blender create Mesh node Mobile_longcuian_plants
18:20:03 | INFO: Draco Decoder: Decode primitive Mobile_longcuian_plants
18:20:03 | INFO: Blender create Mesh node Mobile_longcuian_roof
18:20:03 | INFO: Draco Decoder: Decode primitive Mobile_longcuian_roof
18:20:03 | INFO: Blender create Mesh node Mobile_longcuian_roofshell
18:20:03 | INFO: Draco Decoder: Decode primitive Mobile_longcuian_roofshell
18:20:03 | INFO: Blender create Mesh node Mobile_nuanxiangwu
18:20:03 | INFO: Draco Decoder: Decode primitive Mobile_nuanxiangwu
18:20:03 | INFO: Blender create Mesh node Mobile_nuanxiangwu_courtbase
18:20:03 | INFO: Draco Decoder: Decode primitive Mobile_nuanxiangwu_courtbase
18:20:03 | INFO: Blender create Mesh node Mobile_nuanxiangwu_floorwood
18:20:03 | INFO: Draco Decoder: Decode primitive Mobile_nuanxiangwu_floorwood
18:20:03 | INFO: Blender create Mesh node Mobile_nuanxiangwu_paving
18:20:03 | INFO: Draco Decoder: Decode primitive Mobile_nuanxiangwu_paving
18:20:03 | INFO: Blender create Mesh node Mobile_nuanxiangwu_plants
18:20:03 | INFO: Draco Decoder: Decode primitive Mobile_nuanxiangwu_plants
18:20:03 | INFO: Blender create Mesh node Mobile_nuanxiangwu_roof
18:20:03 | INFO: Draco Decoder: Decode primitive Mobile_nuanxiangwu_roof
18:20:03 | INFO: Blender create Mesh node Mobile_nuanxiangwu_roofshell
18:20:03 | INFO: Draco Decoder: Decode primitive Mobile_nuanxiangwu_roofshell
18:20:03 | INFO: Blender create Mesh node nuanxiangwu_screen
18:20:03 | INFO: Draco Decoder: Decode primitive nuanxiangwu_screen
18:20:03 | INFO: Blender create Mesh node nuanxiangwu_silk
18:20:03 | INFO: Draco Decoder: Decode primitive nuanxiangwu_silk
18:20:03 | INFO: Blender create Mesh node landscape_lantern
18:20:03 | INFO: Draco Decoder: Decode primitive landscape_lantern
18:20:03 | INFO: Blender create Mesh node Mobile_landscape_earth
18:20:03 | INFO: Draco Decoder: Decode primitive Mobile_landscape_earth
18:20:03 | INFO: Blender create Mesh node Mobile_landscape_bankstone
18:20:03 | INFO: Draco Decoder: Decode primitive Mobile_landscape_bankstone
18:20:03 | INFO: Blender create Mesh node Mobile_landscape_limestone
18:20:03 | INFO: Draco Decoder: Decode primitive Mobile_landscape_limestone
18:20:03 | INFO: Blender create Mesh node Mobile_landscape_plants
18:20:03 | INFO: Draco Decoder: Decode primitive Mobile_landscape_plants
18:20:03 | INFO: Blender create Mesh node Mobile_landscape
18:20:03 | INFO: Draco Decoder: Decode primitive Mobile_landscape
18:20:03 | INFO: Blender create Mesh node Mobile_landscape_roofshell
18:20:03 | INFO: Draco Decoder: Decode primitive Mobile_landscape_roofshell
18:20:03 | INFO: Blender create Mesh node Mobile_landscape_paving
18:20:03 | INFO: Draco Decoder: Decode primitive Mobile_landscape_paving
indices
DracoDecoder | Decoded 1648 vertices, 2472 indices
DracoDecoder | Decoded 2203 vertices, 8337 indices
DracoDecoder | Decoded 273 vertices, 273 indices
DracoDecoder | Decoded 254 vertices, 384 indices
DracoDecoder | Decoded 2920 vertices, 3024 indices
DracoDecoder | Decoded 3657 vertices, 3657 indices
DracoDecoder | Decoded 626 vertices, 930 indices
DracoDecoder | Decoded 6762 vertices, 6918 indices
DracoDecoder | Decoded 4 vertices, 6 indices
DracoDecoder | Decoded 1784 vertices, 2676 indices
DracoDecoder | Decoded 594 vertices, 894 indices
DracoDecoder | Decoded 1669 vertices, 1707 indices
DracoDecoder | Decoded 2211 vertices, 2211 indices
DracoDecoder | Decoded 406 vertices, 606 indices
DracoDecoder | Decoded 320 vertices, 480 indices
DracoDecoder | Decoded 192 vertices, 288 indices
DracoDecoder | Decoded 24 vertices, 36 indices
DracoDecoder | Decoded 192 vertices, 288 indices
DracoDecoder | Decoded 1194 vertices, 1212 indices
DracoDecoder | Decoded 30 vertices, 66 indices
DracoDecoder | Decoded 7803 vertices, 7857 indices
DracoDecoder | Decoded 1126 vertices, 1164 indices
DracoDecoder | Decoded 192 vertices, 324 indices
DracoDecoder | Decoded 1611 vertices, 1611 indices
DracoDecoder | Decoded 286 vertices, 426 indices
DracoDecoder | Decoded 216 vertices, 324 indices
DracoDecoder | Decoded 1280 vertices, 1920 indices
DracoDecoder | Decoded 624 vertices, 696 indices
DracoDecoder | Decoded 861 vertices, 861 indices
DracoDecoder | Decoded 246 vertices, 366 indices
DracoDecoder | Decoded 1306 vertices, 1380 indices
DracoDecoder | Decoded 22 vertices, 54 indices
DracoDecoder | Decoded 687 vertices, 735 indices
DracoDecoder | Decoded 2772 vertices, 2772 indices
DracoDecoder | Decoded 1488 vertices, 2232 indices
DracoDecoder | Decoded 766 vertices, 1152 indices
DracoDecoder | Decoded 486 vertices, 486 indices
DracoDecoder | Decoded 1788 vertices, 1788 indices
DracoDecoder | Decoded 286 vertices, 426 indices
DracoDecoder | Decoded 192 vertices, 288 indices
DracoDecoder | Decoded 192 vertices, 288 indices
DracoDecoder | Decoded 2702 vertices, 2706 indices
DracoDecoder | Decoded 1332 vertices, 1998 indices
DracoDecoder | Decoded 770 vertices, 1164 indices
DracoDecoder | Decoded 486 vertices, 486 indices
DracoDecoder | Decoded 1629 vertices, 1629 indices
DracoDecoder | Decoded 286 vertices, 426 indices
DracoDecoder | Decoded 2704 vertices, 2928 indices
DracoDecoder | Decoded 1920 vertices, 2880 indices
DracoDecoder | Decoded 35213 vertices, 35457 indices
DracoDecoder | Decoded 8 vertices, 12 indices
DracoDecoder | Decoded 14416 vertices, 21624 indices
DracoDecoder | Decoded 2199 vertices, 2199 indices
DracoDecoder | Decoded 2848 vertices, 4332 indices
DracoDecoder | Decoded 1809 vertices, 1809 indices
DracoDecoder | Decoded 27766 vertices, 27774 indices
DracoDecoder | Decoded 3638 vertices, 5418 indices
DracoDecoder | Decoded 192 vertices, 288 indices
DracoDecoder | Decoded 5207 vertices, 5223 indices
DracoDecoder | Decoded 4 vertices, 6 indices
DracoDecoder | Decoded 1860 vertices, 2790 indices
DracoDecoder | Decoded 318 vertices, 480 indices
DracoDecoder | Decoded 3815 vertices, 3825 indices
DracoDecoder | Decoded 3210 vertices, 3210 indices
DracoDecoder | Decoded 690 vertices, 1026 indices
DracoDecoder | Decoded 3525 vertices, 3561 indices
DracoDecoder | Decoded 4 vertices, 6 indices
DracoDecoder | Decoded 1232 vertices, 1848 indices
DracoDecoder | Decoded 266 vertices, 420 indices
DracoDecoder | Decoded 2238 vertices, 2262 indices
DracoDecoder | Decoded 2784 vertices, 2784 indices
DracoDecoder | Decoded 506 vertices, 750 indices
DracoDecoder | Decoded 216 vertices, 324 indices
DracoDecoder | Decoded 48 vertices, 72 indices
DracoDecoder | Decoded 1744 vertices, 1824 indices
DracoDecoder | Decoded 4227 vertices, 21927 indices
DracoDecoder | Decoded 6444 vertices, 9666 indices
DracoDecoder | Decoded 353461 vertices, 353463 indices
DracoDecoder | Decoded 22138 vertices, 23226 indices
DracoDecoder | Decoded 59961 vertices, 71901 indices
DracoDecoder | Decoded 1334 vertices, 1974 indices
DracoDecoder | Decoded 22014 vertice18:20:03 | INFO: glTF import finished in 0.93s
ACTUAL COURT CAVITIES 20 passed True
s, 36270 indices

Blender quit
CRAFT PIXEL CHECK 52 passed True
FERN ALPHA CHECK 2 passed True
VEGETATION PIXEL CHECK 7 passed True
