
> daguanyuan-rumeng@1.0.0 textures:bake
> node scripts/pipeline.mjs canopy

island_tree_01_leaves_alpha_1k.png 57438
island_tree_01_leaves_diff_1k.png 1638916
SOURCE CROWN VERIFIED island_tree_02
SOURCE CROWN VERIFIED pine_sapling_small
04:05:21 | INFO: Data are loaded, start creating Blender stuff
04:05:21 | INFO: Blender create Mesh node island_trees_01_blockout_cleaned
04:05:22 | INFO: glTF import finished in 1.65s
Blender 4.5.9 LTS (hash 8bf95cbd38d1 built 2026-04-21 01:33:45)
Fra:1 Mem:188.72M (Peak 188.72M) | Time:00:00.00 | Mem:0.00M, Peak:0.00M | Scene, ViewLayer | Synchronizing object | island_tree_01_LOD0
Fra:1 Mem:188.72M (Peak 188.72M) | Time:00:00.00 | Mem:0.00M, Peak:0.00M | Scene, ViewLayer | Synchronizing object | Diffuse daylight
Fra:1 Mem:410.56M (Peak 447.17M) | Time:00:00.28 | Mem:0.00M, Peak:0.00M | Scene, ViewLayer | Initializing
Fra:1 Mem:410.55M (Peak 447.17M) | Time:00:00.28 | Mem:0.00M, Peak:0.00M | Scene, ViewLayer | Updating Images | Loading island_tree_01_branches_nor_gl
Fra:1 Mem:414.56M (Peak 447.17M) | Time:00:00.28 | Mem:0.00M, Peak:0.00M | Scene, ViewLayer | Updating Images | Loading island_tree_01_diff
Fra:1 Mem:414.56M (Peak 447.17M) | Time:00:00.28 | Mem:0.00M, Peak:0.00M | Scene, ViewLayer | Updating Images | Loading island_tree_01_nor_gl
Fra:1 Mem:418.56M (Peak 447.17M) | Time:00:00.28 | Mem:0.00M, Peak:0.00M | Scene, ViewLayer | Updating Images | Loading island_tree_01_leaves_rough
Fra:1 Mem:422.56M (Peak 447.17M) | Time:00:00.28 | Mem:0.00M, Peak:0.00M | Scene, ViewLayer | Updating Images | Loading island_tree_01_leaves_diff_1k.png.001
Fra:1 Mem:426.56M (Peak 447.17M) | Time:00:00.28 | Mem:0.00M, Peak:0.00M | Scene, ViewLayer | Updating Images | Loading island_tree_01_leaves_nor_gl
Fra:1 Mem:435.58M (Peak 447.17M) | Time:00:00.28 | Mem:1.00M, Peak:1.00M | Scene, ViewLayer | Updating Images | Loading island_tree_01_leaves_alpha_1k.png.001
Fra:1 Mem:440.58M (Peak 447.17M) | Time:00:00.29 | Mem:2.00M, Peak:2.00M | Scene, ViewLayer | Updating Images | Loading island_tree_01_branches_diff
Fra:1 Mem:448.59M (Peak 452.59M) | Time:00:00.29 | Mem:6.00M, Peak:6.00M | Scene, ViewLayer | Updating Images | Loading island_tree_01_branches_rough
Fra:1 Mem:448.15M (Peak 456.59M) | Time:00:00.30 | Mem:38.00M, Peak:38.00M | Scene, ViewLayer | Waiting for render to start
Fra:1 Mem:448.15M (Peak 456.59M) | Time:00:00.30 | Mem:38.00M, Peak:38.00M | Scene, ViewLayer | Updating Scene
Fra:1 Mem:448.15M (Peak 456.59M) | Time:00:00.30 | Mem:38.00M, Peak:38.00M | Scene, ViewLayer | Updating Shaders
Fra:1 Mem:448.15M (Peak 456.59M) | Time:00:00.30 | Mem:38.00M, Peak:38.00M | Scene, ViewLayer | Loading render kernels (may take a few minutes the first time)
Fra:1 Mem:448.23M (Peak 456.59M) | Time:00:00.30 | Mem:38.00M, Peak:38.00M | Scene, ViewLayer | Updating Procedurals
Fra:1 Mem:448.23M (Peak 456.59M) | Time:00:00.30 | Mem:38.00M, Peak:38.00M | Scene, ViewLayer | Updating Background
Fra:1 Mem:448.23M (Peak 456.59M) | Time:00:00.30 | Mem:38.00M, Peak:38.00M | Scene, ViewLayer | Updating Camera
Fra:1 Mem:448.23M (Peak 456.59M) | Time:00:00.30 | Mem:38.00M, Peak:38.00M | Scene, ViewLayer | Updating Meshes Flags
Fra:1 Mem:448.23M (Peak 456.59M) | Time:00:00.30 | Mem:38.00M, Peak:38.00M | Scene, ViewLayer | Updating Objects
Fra:1 Mem:448.23M (Peak 456.59M) | Time:00:00.30 | Mem:38.00M, Peak:38.00M | Scene, ViewLayer | Updating Objects | Copying Transformations to device
Fra:1 Mem:448.23M (Peak 456.59M) | Time:00:00.30 | Mem:38.00M, Peak:38.00M | Scene, ViewLayer | Updating Particle Systems
Fra:1 Mem:448.23M (Peak 456.59M) | Time:00:00.30 | Mem:38.00M, Peak:38.00M | Scene, ViewLayer | Updating Particle Systems | Copying Particles to device
Fra:1 Mem:448.23M (Peak 456.59M) | Time:00:00.30 | Mem:38.00M, Peak:38.00M | Scene, ViewLayer | Updating Meshes
Fra:1 Mem:539.75M (Peak 539.75M) | Time:00:01.19 | Mem:38.00M, Peak:38.00M | Scene, ViewLayer | Updating Objects | Applying Static Transformations
Fra:1 Mem:539.75M (Peak 539.75M) | Time:00:01.19 | Mem:38.00M, Peak:38.00M | Scene, ViewLayer | Updating Mesh | Computing attributes
Fra:1 Mem:701.10M (Peak 701.10M) | Time:00:01.23 | Mem:38.00M, Peak:38.00M | Scene, ViewLayer | Updating Mesh | Copying Attributes to device
Fra:1 Mem:701.10M (Peak 701.10M) | Time:00:01.23 | Mem:199.36M, Peak:199.36M | Scene, ViewLayer | Updating Scene BVH | Building
Fra:1 Mem:701.10M (Peak 701.10M) | Time:00:01.23 | Mem:199.36M, Peak:199.36M | Scene, ViewLayer | Updating Scene BVH | Building BVH
Fra:1 Mem:701.10M (Peak 701.10M) | Time:00:01.23 | Mem:248.17M, Peak:248.17M | Scene, ViewLayer | Updating Scene BVH | Building BVH 0%
Fra:1 Mem:701.10M (Peak 701.10M) | Time:00:01.31 | Mem:307.36M, Peak:356.17M | Scene, ViewLayer | Updating Scene BVH | Copying BVH to device
Fra:1 Mem:701.10M (Peak 701.10M) | Time:00:01.31 | Mem:307.36M, Peak:356.17M | Scene, ViewLayer | Updating Mesh | Computing normals
Fra:1 Mem:755.35M (Peak 755.35M) | Time:00:01.35 | Mem:307.36M, Peak:356.17M | Scene, ViewLayer | Updating Mesh | Copying Mesh to device
Fra:1 Mem:755.35M (Peak 755.35M) | Time:00:01.35 | Mem:361.61M, Peak:361.61M | Scene, ViewLayer | Updating Objects Flags
Fra:1 Mem:755.35M (Peak 755.35M) | Time:00:01.35 | Mem:361.61M, Peak:361.61M | Scene, ViewLayer | Updating Primitive Offsets
Fra:1 Mem:755.35M (Peak 755.35M) | Time:00:01.35 | Mem:361.61M, Peak:361.61M | Scene, ViewLayer | Updating Images
Fra:1 Mem:751.35M (Peak 755.35M) | Time:00:01.35 | Mem:357.61M, Peak:361.61M | Scene, ViewLayer | Updating Camera Volume
Fra:1 Mem:751.35M (Peak 755.35M) | Time:00:01.35 | Mem:357.61M, Peak:361.61M | Scene, ViewLayer | Updating Lookup Tables
Fra:1 Mem:751.35M (Peak 755.35M) | Time:00:01.35 | Mem:357.69M, Peak:361.61M | Scene, ViewLayer | Updating Lights
Fra:1 Mem:751.35M (Peak 755.35M) | Time:00:01.35 | Mem:357.69M, Peak:361.61M | Scene, ViewLayer | Updating Lights | Computing tree
Fra:1 Mem:751.35M (Peak 755.35M) | Time:00:01.35 | Mem:357.69M, Peak:361.61M | Scene, ViewLayer | Updating Integrator
Fra:1 Mem:751.35M (Peak 755.35M) | Time:00:01.35 | Mem:357.69M, Peak:361.61M | Scene, ViewLayer | Updating Film
Fra:1 Mem:751.36M (Peak 755.35M) | Time:00:01.35 | Mem:357.61M, Peak:361.61M | Scene, ViewLayer | Updating Lookup Tables
Fra:1 Mem:751.36M (Peak 755.35M) | Time:00:01.35 | Mem:357.69M, Peak:361.61M | Scene, ViewLayer | Updating Baking
Fra:1 Mem:751.36M (Peak 755.35M) | Time:00:01.35 | Mem:357.69M, Peak:361.61M | Scene, ViewLayer | Updating Device | Writing constant memory
Fra:1 Mem:751.36M (Peak 755.35M) | Time:00:01.35 | Mem:357.69M, Peak:361.61M | Scene, ViewLayer | Loading denoising kernels (may take a few minutes the first time)
Fra:1 Mem:751.36M (Peak 755.35M) | Time:00:01.35 | Mem:357.69M, Peak:361.61M | Scene, ViewLayer | Sample 0/24
Fra:1 Mem:762.14M (Peak 762.14M) | Time:00:01.40 | Remaining:00:01.09 | Mem:368.39M, Peak:368.39M | Scene, ViewLayer | Sample 1/24
Fra:1 Mem:766.64M (Peak 773.39M) | Time:00:02.70 | Mem:368.39M, Peak:368.39M | Scene, ViewLayer | Sample 24/24
Fra:1 Mem:766.64M (Peak 773.39M) | Time:00:02.70 | Mem:368.39M, Peak:368.39M | Scene, ViewLayer | Finished
Saved: 'D:\Users\Lenovo\Desktop\大观园\assets\processed\crown-r10\0-0.next.png'
Time: 00:02.85 (Saving: 00:00.13)

Fra:1 Mem:288.34M (Peak 288.34M) | Time:00:00.00 | Mem:0.00M, Peak:0.00M | Scene, ViewLayer | Synchronizing object | Diffuse daylight
Fra:1 Mem:288.34M (Peak 288.34M) | Time:00:00.00 | Mem:0.00M, Peak:0.00M | Scene, ViewLayer | Synchronizing object | island_tree_01_LOD0
Fra:1 Mem:410.56M (Peak 447.17M) | Time:00:00.06 | Mem:0.00M, Peak:0.00M | Scene, ViewLayer | Initializing
Fra:1 Mem:410.56M (Peak 447.17M) | Time:00:00.06 | Mem:0.00M, Peak:0.00M | Scene, ViewLayer | Updating Images | Loading island_tree_01_branches_nor_gl
Fra:1 Mem:414.56M (Peak 447.17M) | Time:00:00.06 | Mem:0.00M, Peak:0.00M | Scene, ViewLayer | Updating Images | Loading island_tree_01_diff
Fra:1 Mem:418.56M (Peak 447.17M) | Time:00:00.06 | Mem:0.00M, Peak:0.00M | Scene, ViewLayer | Updating Images | Loading island_tree_01_leaves_diff-island_tree_01_leaves_alpha
Fra:1 Mem:418.56M (Peak 447.17M) | Time:00:00.06 | Mem:0.00M, Peak:0.00M | Scene, ViewLayer | Updating Images | Loading island_tree_01_leaves_diff_1k.png.001
Fra:1 Mem:435.58M (Peak 447.17M) | Time:00:00.06 | Mem:1.00M, Peak:1.00M | Scene, ViewLayer | Updating Images | Loading island_tree_01_leaves_alpha_1k.png.001
Fra:1 Mem:440.58M (Peak 447.17M) | Time:00:00.06 | Mem:2.00M, Peak:2.00M | Scene, ViewLayer | Updating Images | Loading island_tree_01_branches_diff
Fra:1 Mem:444.58M (Peak 448.59M) | Time:00:00.06 | Mem:6.00M, Peak:6.00M | Scene, ViewLayer | Updating Images | Loading island_tree_01_branches_rough
Fra:1 Mem:448.15M (Peak 460.60M) | Time:00:00.07 | Mem:38.00M, Peak:38.00M | Scene, ViewLayer | Waiting for render to start
Fra:1 Mem:448.15M (Peak 460.60M) | Time:00:00.07 | Mem:38.00M, Peak:38.00M | Scene, ViewLayer | Updating Scene
Fra:1 Mem:448.15M (Peak 460.60M) | Time:00:00.07 | Mem:38.00M, Peak:38.00M | Scene, ViewLayer | Updating Shaders
Fra:1 Mem:448.15M (Peak 460.60M) | Time:00:00.07 | Mem:38.00M, Peak:38.00M | Scene, ViewLayer | Loading render kernels (may take a few minutes the first time)
Fra:1 Mem:448.23M (Peak 460.60M) | Time:00:00.07 | Mem:38.00M, Peak:38.00M | Scene, ViewLayer | Updating Procedurals
Fra:1 Mem:448.23M (Peak 460.60M) | Time:00:00.07 | Mem:38.00M, Peak:38.00M | Scene, ViewLayer | Updating Background
Fra:1 Mem:448.23M (Peak 460.60M) | Time:00:00.07 | Mem:38.00M, Peak:38.00M | Scene, ViewLayer | Updating Camera
Fra:1 Mem:448.23M (Peak 460.60M) | Time:00:00.07 | Mem:38.00M, Peak:38.00M | Scene, ViewLayer | Updating Meshes Flags
Fra:1 Mem:448.23M (Peak 460.60M) | Time:00:00.07 | Mem:38.00M, Peak:38.00M | Scene, ViewLayer | Updating Objects
Fra:1 Mem:448.23M (Peak 460.60M) | Time:00:00.07 | Mem:38.00M, Peak:38.00M | Scene, ViewLayer | Updating Objects | Copying Transformations to device
Fra:1 Mem:448.23M (Peak 460.60M) | Time:00:00.07 | Mem:38.00M, Peak:38.00M | Scene, ViewLayer | Updating Particle Systems
Fra:1 Mem:448.23M (Peak 460.60M) | Time:00:00.07 | Mem:38.00M, Peak:38.00M | Scene, ViewLayer | Updating Particle Systems | Copying Particles to device
Fra:1 Mem:448.23M (Peak 460.60M) | Time:00:00.07 | Mem:38.00M, Peak:38.00M | Scene, ViewLayer | Updating Meshes
Fra:1 Mem:539.75M (Peak 539.75M) | Time:00:00.93 | Mem:38.00M, Peak:38.00M | Scene, ViewLayer | Updating Objects | Applying Static Transformations
Fra:1 Mem:539.75M (Peak 539.75M) | Time:00:00.93 | Mem:38.00M, Peak:38.00M | Scene, ViewLayer | Updating Mesh | Computing attributes
Fra:1 Mem:701.10M (Peak 701.10M) | Time:00:00.98 | Mem:38.00M, Peak:38.00M | Scene, ViewLayer | Updating Mesh | Copying Attributes to device
Fra:1 Mem:701.10M (Peak 701.10M) | Time:00:00.98 | Mem:199.36M, Peak:199.36M | Scene, ViewLayer | Updating Scene BVH | Building
Fra:1 Mem:701.10M (Peak 701.10M) | Time:00:00.98 | Mem:199.36M, Peak:199.36M | Scene, ViewLayer | Updating Scene BVH | Building BVH
Fra:1 Mem:701.10M (Peak 701.10M) | Time:00:00.98 | Mem:248.17M, Peak:248.17M | Scene, ViewLayer | Updating Scene BVH | Building BVH 0%
Fra:1 Mem:701.10M (Peak 701.10M) | Time:00:01.08 | Mem:309.36M, Peak:358.17M | Scene, ViewLayer | Updating Scene BVH | Copying BVH to device
Fra:1 Mem:701.10M (Peak 701.10M) | Time:00:01.08 | Mem:309.36M, Peak:358.17M | Scene, ViewLayer | Updating Mesh | Computing normals
Fra:1 Mem:755.35M (Peak 755.35M) | Time:00:01.11 | Mem:309.36M, Peak:358.17M | Scene, ViewLayer | Updating Mesh | Copying Mesh to device
Fra:1 Mem:755.35M (Peak 755.35M) | Time:00:01.11 | Mem:363.61M, Peak:363.61M | Scene, ViewLayer | Updating Objects Flags
Fra:1 Mem:755.35M (Peak 755.35M) | Time:00:01.11 | Mem:363.61M, Peak:363.61M | Scene, ViewLayer | Updating Primitive Offsets
Fra:1 Mem:755.35M (Peak 755.35M) | Time:00:01.11 | Mem:363.61M, Peak:363.61M | Scene, ViewLayer | Updating Images
Fra:1 Mem:751.35M (Peak 755.35M) | Time:00:01.11 | Mem:359.61M, Peak:363.61M | Scene, ViewLayer | Updating Camera Volume
Fra:1 Mem:751.35M (Peak 755.35M) | Time:00:01.11 | Mem:359.61M, Peak:363.61M | Scene, ViewLayer | Updating Lookup Tables
Fra:1 Mem:751.35M (Peak 755.35M) | Time:00:01.11 | Mem:359.69M, Peak:363.61M | Scene, ViewLayer | Updating Lights
Fra:1 Mem:751.35M (Peak 755.35M) | Time:00:01.11 | Mem:359.69M, Peak:363.61M | Scene, ViewLayer | Updating Lights | Computing tree
Fra:1 Mem:751.35M (Peak 755.35M) | Time:00:01.11 | Mem:359.69M, Peak:363.61M | Scene, ViewLayer | Updating Integrator
Fra:1 Mem:751.35M (Peak 755.35M) | Time:00:01.11 | Mem:359.69M, Peak:363.61M | Scene, ViewLayer | Updating Film
Fra:1 Mem:751.36M (Peak 755.35M) | Time:00:01.11 | Mem:359.61M, Peak:363.61M | Scene, ViewLayer | Updating Lookup Tables
Fra:1 Mem:751.36M (Peak 755.35M) | Time:00:01.11 | Mem:359.69M, Peak:363.61M | Scene, ViewLayer | Updating Baking
Fra:1 Mem:751.36M (Peak 755.35M) | Time:00:01.11 | Mem:359.69M, Peak:363.61M | Scene, ViewLayer | Updating Device | Writing constant memory
Fra:1 Mem:751.36M (Peak 755.35M) | Time:00:01.11 | Mem:359.69M, Peak:363.61M | Scene, ViewLayer | Loading denoising kernels (may take a few minutes the first time)
Fra:1 Mem:751.36M (Peak 755.35M) | Time:00:01.11 | Mem:359.69M, Peak:363.61M | Scene, ViewLayer | Sample 0/24
Fra:1 Mem:762.14M (Peak 762.14M) | Time:00:01.15 | Remaining:00:00.89 | Mem:370.39M, Peak:370.39M | Scene, ViewLayer | Sample 1/24
Fra:1 Mem:766.64M (Peak 773.39M) | Time:00:02.28 | Mem:370.39M, Peak:370.39M | Scene, ViewLayer | Sample 24/24
Fra:1 Mem:766.64M (Peak 773.39M) | Time:00:02.28 | Mem:370.39M, Peak:370.39M | Scene, ViewLayer | Finished
Saved: 'D:\Users\Lenovo\Desktop\大观园\assets\processed\crown-r10\0-1.next.png'
Time: 00:02.31 (Saving: 00:00.01)

Fra:1 Mem:288.34M (Peak 288.34M) | Time:00:00.00 | Mem:0.00M, Peak:0.00M | Scene, ViewLayer | Synchronizing object | island_tree_01_LOD0
Fra:1 Mem:291.06M (Peak 291.06M) | Time:00:00.00 | Mem:0.00M, Peak:0.00M | Scene, ViewLayer | Synchronizing object | Diffuse daylight
Fra:1 Mem:410.56M (Peak 447.17M) | Time:00:00.04 | Mem:0.00M, Peak:0.00M | Scene, ViewLayer | Initializing
Fra:1 Mem:410.56M (Peak 447.17M) | Time:00:00.04 | Mem:0.00M, Peak:0.00M | Scene, ViewLayer | Updating Images | Loading island_tree_01_branches_nor_gl
Fra:1 Mem:410.56M (Peak 447.17M) | Time:00:00.05 | Mem:0.00M, Peak:0.00M | Scene, ViewLayer | Updating Images | Loading island_tree_01_diff
Fra:1 Mem:414.56M (Peak 447.17M) | Time:00:00.05 | Mem:0.00M, Peak:0.00M | Scene, ViewLayer | Updating Images | Loading island_tree_01_rough
Fra:1 Mem:422.56M (Peak 447.17M) | Time:00:00.05 | Mem:0.00M, Peak:0.00M | Scene, ViewLayer | Updating Images | Loading island_tree_01_nor_gl
Fra:1 Mem:422.56M (Peak 447.17M) | Time:00:00.05 | Mem:0.00M, Peak:0.00M | Scene, ViewLayer | Updating Images | Loading island_tree_01_leaves_rough
Fra:1 Mem:430.56M (Peak 447.17M) | Time:00:00.05 | Mem:0.00M, Peak:0.00M | Scene, ViewLayer | Updating Images | Loading island_tree_01_leaves_nor_gl
Fra:1 Mem:434.56M (Peak 447.17M) | Time:00:00.05 | Mem:0.00M, Peak:0.00M | Scene, ViewLayer | Updating Images | Loading island_tree_01_leaves_diff_1k.png.001
Fra:1 Mem:439.58M (Peak 447.17M) | Time:00:00.05 | Mem:1.00M, Peak:1.00M | Scene, ViewLayer | Updating Images | Loading island_tree_01_leaves_alpha_1k.png.001
Fra:1 Mem:440.58M (Peak 447.17M) | Time:00:00.05 | Mem:2.00M, Peak:2.00M | Scene, ViewLayer | Updating Images | Loading island_tree_01_branches_diff
Fra:1 Mem:444.58M (Peak 448.59M) | Time:00:00.05 | Mem:6.00M, Peak:6.00M | Scene, ViewLayer | Updating Images | Loading island_tree_01_branches_rough
Fra:1 Mem:448.15M (Peak 456.59M) | Time:00:00.06 | Mem:38.00M, Peak:38.00M | Scene, ViewLayer | Waiting for render to start
Fra:1 Mem:448.15M (Peak 456.59M) | Time:00:00.06 | Mem:38.00M, Peak:38.00M | Scene, ViewLayer | Updating Scene
Fra:1 Mem:448.15M (Peak 456.59M) | Time:00:00.06 | Mem:38.00M, Peak:38.00M | Scene, ViewLayer | Updating Shaders
Fra:1 Mem:448.15M (Peak 456.59M) | Time:00:00.06 | Mem:38.00M, Peak:38.00M | Scene, ViewLayer | Loading render kernels (may take a few minutes the first time)
Fra:1 Mem:448.23M (Peak 456.59M) | Time:00:00.06 | Mem:38.00M, Peak:38.00M | Scene, ViewLayer | Updating Procedurals
Fra:1 Mem:448.23M (Peak 456.59M) | Time:00:00.06 | Mem:38.00M, Peak:38.00M | Scene, ViewLayer | Updating Background
Fra:1 Mem:448.23M (Peak 456.59M) | Time:00:00.06 | Mem:38.00M, Peak:38.00M | Scene, ViewLayer | Updating Camera
Fra:1 Mem:448.23M (Peak 456.59M) | Time:00:00.06 | Mem:38.00M, Peak:38.00M | Scene, ViewLayer | Updating Meshes Flags
Fra:1 Mem:448.23M (Peak 456.59M) | Time:00:00.06 | Mem:38.00M, Peak:38.00M | Scene, ViewLayer | Updating Objects
Fra:1 Mem:448.23M (Peak 456.59M) | Time:00:00.06 | Mem:38.00M, Peak:38.00M | Scene, ViewLayer | Updating Objects | Copying Transformations to device
Fra:1 Mem:448.23M (Peak 456.59M) | Time:00:00.06 | Mem:38.00M, Peak:38.00M | Scene, ViewLayer | Updating Particle Systems
Fra:1 Mem:448.23M (Peak 456.59M) | Time:00:00.06 | Mem:38.00M, Peak:38.00M | Scene, ViewLayer | Updating Particle Systems | Copying Particles to device
Fra:1 Mem:448.23M (Peak 456.59M) | Time:00:00.06 | Mem:38.00M, Peak:38.00M | Scene, ViewLayer | Updating Meshes
Fra:1 Mem:539.75M (Peak 539.75M) | Time:00:00.88 | Mem:38.00M, Peak:38.00M | Scene, ViewLayer | Updating Objects | Applying Static Transformations
Fra:1 Mem:539.75M (Peak 539.75M) | Time:00:00.88 | Mem:38.00M, Peak:38.00M | Scene, ViewLayer | Updating Mesh | Computing attributes
Fra:1 Mem:701.10M (Peak 701.10M) | Time:00:00.93 | Mem:38.00M, Peak:38.00M | Scene, ViewLayer | Updating Mesh | Copying Attributes to device
Fra:1 Mem:701.10M (Peak 701.10M) | Time:00:00.93 | Mem:199.36M, Peak:199.36M | Scene, ViewLayer | Updating Scene BVH | Building
Fra:1 Mem:701.10M (Peak 701.10M) | Time:00:00.93 | Mem:199.36M, Peak:199.36M | Scene, ViewLayer | Updating Scene BVH | Building BVH
Fra:1 Mem:701.10M (Peak 701.10M) | Time:00:00.93 | Mem:248.17M, Peak:248.17M | Scene, ViewLayer | Updating Scene BVH | Building BVH 0%
Fra:1 Mem:701.10M (Peak 701.10M) | Time:00:01.01 | Mem:309.36M, Peak:358.17M | Scene, ViewLayer | Updating Scene BVH | Copying BVH to device
Fra:1 Mem:701.10M (Peak 701.10M) | Time:00:01.01 | Mem:309.36M, Peak:358.17M | Scene, ViewLayer | Updating Mesh | Computing normals
Fra:1 Mem:755.35M (Peak 755.35M) | Time:00:01.04 | Mem:309.36M, Peak:358.17M | Scene, ViewLayer | Updating Mesh | Copying Mesh to device
Fra:1 Mem:755.35M (Peak 755.35M) | Time:00:01.04 | Mem:363.61M, Peak:363.61M | Scene, ViewLayer | Updating Objects Flags
Fra:1 Mem:755.35M (Peak 755.35M) | Time:00:01.04 | Mem:363.61M, Peak:363.61M | Scene, ViewLayer | Updating Primitive Offsets
Fra:1 Mem:755.35M (Peak 755.35M) | Time:00:01.04 | Mem:363.61M, Peak:363.61M | Scene, ViewLayer | Updating Images
Fra:1 Mem:751.35M (Peak 755.35M) | Time:00:01.04 | Mem:359.61M, Peak:363.61M | Scene, ViewLayer | Updating Camera Volume
Fra:1 Mem:751.35M (Peak 755.35M) | Time:00:01.04 | Mem:359.61M, Peak:363.61M | Scene, ViewLayer | Updating Lookup Tables
Fra:1 Mem:751.35M (Peak 755.35M) | Time:00:01.04 | Mem:359.69M, Peak:363.61M | Scene, ViewLayer | Updating Lights
Fra:1 Mem:751.35M (Peak 755.35M) | Time:00:01.04 | Mem:359.69M, Peak:363.61M | Scene, ViewLayer | Updating Lights | Computing tree
Fra:1 Mem:751.35M (Peak 755.35M) | Time:00:01.04 | Mem:359.69M, Peak:363.61M | Scene, ViewLayer | Updating Integrator
Fra:1 Mem:751.35M (Peak 755.35M) | Time:00:01.04 | Mem:359.69M, Peak:363.61M | Scene, ViewLayer | Updating Film
Fra:1 Mem:751.36M (Peak 755.35M) | Time:00:01.04 | Mem:359.61M, Peak:363.61M | Scene, ViewLayer | Updating Lookup Tables
Fra:1 Mem:751.36M (Peak 755.35M) | Time:00:01.04 | Mem:359.69M, Peak:363.61M | Scene, ViewLayer | Updating Baking
Fra:1 Mem:751.36M (Peak 755.35M) | Time:00:01.04 | Mem:359.69M, Peak:363.61M | Scene, ViewLayer | Updating Device | Writing constant memory
Fra:1 Mem:751.36M (Peak 755.35M) | Time:00:01.04 | Mem:359.69M, Peak:363.61M | Scene, ViewLayer | Loading denoising kernels (may take a few minutes the first time)
Fra:1 Mem:751.36M (Peak 755.35M) | Time:00:01.04 | Mem:359.69M, Peak:363.61M | Scene, ViewLayer | Sample 0/24
Fra:1 Mem:762.14M (Peak 762.14M) | Time:00:01.07 | Remaining:00:00.72 | Mem:370.39M, Peak:370.39M | Scene, ViewLayer | Sample 1/24
Fra:1 Mem:766.64M (Peak 773.39M) | Time:00:02.17 | Mem:370.39M, Peak:370.39M | Scene, ViewLayer | Sample 24/24
Fra:1 Mem:766.64M (Peak 773.39M) | Time:00:02.17 | Mem:370.39M, Peak:370.39M | Scene, ViewLayer | Finished
Saved: 'D:\Users\Lenovo\Desktop\大观园\assets\processed\crown-r10\0-2.next.png'
Time: 00:02.20 (Saving: 00:00.01)

Fra:1 Mem:288.34M (Peak 288.34M) | Time:00:00.00 | Mem:0.00M, Peak:0.00M | Scene, ViewLayer | Synchronizing object | Diffuse daylight
Fra:1 Mem:288.34M (Peak 288.34M) | Time:00:00.00 | Mem:0.00M, Peak:0.00M | Scene, ViewLayer | Synchronizing object | island_tree_01_LOD0
Fra:1 Mem:410.56M (Peak 447.17M) | Time:00:00.05 | Mem:0.00M, Peak:0.00M | Scene, ViewLayer | Initializing
Fra:1 Mem:410.56M (Peak 447.17M) | Time:00:00.05 | Mem:0.00M, Peak:0.00M | Scene, ViewLayer | Updating Images | Loading island_tree_01_branches_nor_gl
Fra:1 Mem:410.56M (Peak 447.17M) | Time:00:00.05 | Mem:0.00M, Peak:0.00M | Scene, ViewLayer | Updating Images | Loading island_tree_01_diff
Fra:1 Mem:414.56M (Peak 447.17M) | Time:00:00.05 | Mem:0.00M, Peak:0.00M | Scene, ViewLayer | Updating Images | Loading island_tree_01_nor_gl
Fra:1 Mem:418.56M (Peak 447.17M) | Time:00:00.05 | Mem:0.00M, Peak:0.00M | Scene, ViewLayer | Updating Images | Loading island_tree_01_leaves_diff-island_tree_01_leaves_alpha
Fra:1 Mem:426.56M (Peak 447.17M) | Time:00:00.05 | Mem:0.00M, Peak:0.00M | Scene, ViewLayer | Updating Images | Loading island_tree_01_leaves_rough
Fra:1 Mem:430.56M (Peak 447.17M) | Time:00:00.05 | Mem:0.00M, Peak:0.00M | Scene, ViewLayer | Updating Images | Loading island_tree_01_leaves_nor_gl
Fra:1 Mem:434.56M (Peak 447.17M) | Time:00:00.05 | Mem:0.00M, Peak:0.00M | Scene, ViewLayer | Updating Images | Loading island_tree_01_leaves_diff_1k.png.001
Fra:1 Mem:439.58M (Peak 447.17M) | Time:00:00.05 | Mem:1.00M, Peak:1.00M | Scene, ViewLayer | Updating Images | Loading island_tree_01_leaves_alpha_1k.png.001
Fra:1 Mem:440.58M (Peak 447.17M) | Time:00:00.06 | Mem:2.00M, Peak:2.00M | Scene, ViewLayer | Updating Images | Loading island_tree_01_branches_diff
Fra:1 Mem:444.58M (Peak 448.59M) | Time:00:00.06 | Mem:6.00M, Peak:6.00M | Scene, ViewLayer | Updating Images | Loading island_tree_01_branches_rough
Fra:1 Mem:448.15M (Peak 456.59M) | Time:00:00.07 | Mem:38.00M, Peak:38.00M | Scene, ViewLayer | Waiting for render to start
Fra:1 Mem:448.15M (Peak 456.59M) | Time:00:00.07 | Mem:38.00M, Peak:38.00M | Scene, ViewLayer | Updating Scene
Fra:1 Mem:448.15M (Peak 456.59M) | Time:00:00.07 | Mem:38.00M, Peak:38.00M | Scene, ViewLayer | Updating Shaders
Fra:1 Mem:448.15M (Peak 456.59M) | Time:00:00.07 | Mem:38.00M, Peak:38.00M | Scene, ViewLayer | Loading render kernels (may take a few minutes the first time)
Fra:1 Mem:448.23M (Peak 456.59M) | Time:00:00.07 | Mem:38.00M, Peak:38.00M | Scene, ViewLayer | Updating Procedurals
Fra:1 Mem:448.23M (Peak 456.59M) | Time:00:00.07 | Mem:38.00M, Peak:38.00M | Scene, ViewLayer | Updating Background
Fra:1 Mem:448.23M (Peak 456.59M) | Time:00:00.07 | Mem:38.00M, Peak:38.00M | Scene, ViewLayer | Updating Camera
Fra:1 Mem:448.23M (Peak 456.59M) | Time:00:00.07 | Mem:38.00M, Peak:38.00M | Scene, ViewLayer | Updating Meshes Flags
Fra:1 Mem:448.23M (Peak 456.59M) | Time:00:00.07 | Mem:38.00M, Peak:38.00M | Scene, ViewLayer | Updating Objects
Fra:1 Mem:448.23M (Peak 456.59M) | Time:00:00.07 | Mem:38.00M, Peak:38.00M | Scene, ViewLayer | Updating Objects | Copying Transformations to device
Fra:1 Mem:448.23M (Peak 456.59M) | Time:00:00.07 | Mem:38.00M, Peak:38.00M | Scene, ViewLayer | Updating Particle Systems
Fra:1 Mem:448.23M (Peak 456.59M) | Time:00:00.07 | Mem:38.00M, Peak:38.00M | Scene, ViewLayer | Updating Particle Systems | Copying Particles to device
Fra:1 Mem:448.23M (Peak 456.59M) | Time:00:00.07 | Mem:38.00M, Peak:38.00M | Scene, ViewLayer | Updating Meshes
Fra:1 Mem:539.75M (Peak 539.75M) | Time:00:00.92 | Mem:38.00M, Peak:38.00M | Scene, ViewLayer | Updating Objects | Applying Static Transformations
Fra:1 Mem:539.75M (Peak 539.75M) | Time:00:00.92 | Mem:38.00M, Peak:38.00M | Scene, ViewLayer | Updating Mesh | Computing attributes
Fra:1 Mem:701.10M (Peak 701.10M) | Time:00:00.96 | Mem:38.00M, Peak:38.00M | Scene, ViewLayer | Updating Mesh | Copying Attributes to device
Fra:1 Mem:701.10M (Peak 701.10M) | Time:00:00.97 | Mem:199.36M, Peak:199.36M | Scene, ViewLayer | Updating Scene BVH | Building
Fra:1 Mem:701.10M (Peak 701.10M) | Time:00:00.97 | Mem:199.36M, Peak:199.36M | Scene, ViewLayer | Updating Scene BVH | Building BVH
Fra:1 Mem:701.10M (Peak 701.10M) | Time:00:00.97 | Mem:248.17M, Peak:248.17M | Scene, ViewLayer | Updating Scene BVH | Building BVH 0%
Fra:1 Mem:701.10M (Peak 701.10M) | Time:00:01.05 | Mem:309.36M, Peak:358.17M | Scene, ViewLayer | Updating Scene BVH | Copying BVH to device
Fra:1 Mem:701.10M (Peak 701.10M) | Time:00:01.05 | Mem:309.36M, Peak:358.17M | Scene, ViewLayer | Updating Mesh | Computing normals
Fra:1 Mem:755.35M (Peak 755.35M) | Time:00:01.08 | Mem:309.36M, Peak:358.17M | Scene, ViewLayer | Updating Mesh | Copying Mesh to device
Fra:1 Mem:755.35M (Peak 755.35M) | Time:00:01.08 | Mem:363.61M, Peak:363.61M | Scene, ViewLayer | Updating Objects Flags
Fra:1 Mem:755.35M (Peak 755.35M) | Time:00:01.08 | Mem:363.61M, Peak:363.61M | Scene, ViewLayer | Updating Primitive Offsets
Fra:1 Mem:755.35M (Peak 755.35M) | Time:00:01.08 | Mem:363.61M, Peak:363.61M | Scene, ViewLayer | Updating Images
Fra:1 Mem:751.35M (Peak 755.35M) | Time:00:01.08 | Mem:359.61M, Peak:363.61M | Scene, ViewLayer | Updating Camera Volume
Fra:1 Mem:751.35M (Peak 755.35M) | Time:00:01.08 | Mem:359.61M, Peak:363.61M | Scene, ViewLayer | Updating Lookup Tables
Fra:1 Mem:751.35M (Peak 755.35M) | Time:00:01.08 | Mem:359.69M, Peak:363.61M | Scene, ViewLayer | Updating Lights
Fra:1 Mem:751.35M (Peak 755.35M) | Time:00:01.08 | Mem:359.69M, Peak:363.61M | Scene, ViewLayer | Updating Lights | Computing tree
Fra:1 Mem:751.35M (Peak 755.35M) | Time:00:01.08 | Mem:359.69M, Peak:363.61M | Scene, ViewLayer | Updating Integrator
Fra:1 Mem:751.35M (Peak 755.35M) | Time:00:01.08 | Mem:359.69M, Peak:363.61M | Scene, ViewLayer | Updating Film
Fra:1 Mem:751.36M (Peak 755.35M) | Time:00:01.08 | Mem:359.61M, Peak:363.61M | Scene, ViewLayer | Updating Lookup Tables
Fra:1 Mem:751.36M (Peak 755.35M) | Time:00:01.08 | Mem:359.69M, Peak:363.61M | Scene, ViewLayer | Updating Baking
Fra:1 Mem:751.36M (Peak 755.35M) | Time:00:01.08 | Mem:359.69M, Peak:363.61M | Scene, ViewLayer | Updating Device | Writing constant memory
Fra:1 Mem:751.36M (Peak 755.35M) | Time:00:01.08 | Mem:359.69M, Peak:363.61M | Scene, ViewLayer | Loading denoising kernels (may take a few minutes the first time)
Fra:1 Mem:751.36M (Peak 755.35M) | Time:00:01.08 | Mem:359.69M, Peak:363.61M | Scene, ViewLayer | Sample 0/24
Fra:1 Mem:762.14M (Peak 762.14M) | Time:00:01.12 | Remaining:00:01.01 | Mem:370.39M, Peak:370.39M | Scene, ViewLayer | Sample 1/24
Fra:1 Mem:766.64M (Peak 773.39M) | Time:00:02.30 | Mem:370.39M, Peak:370.39M | Scene, ViewLayer | Sample 24/24
Fra:1 Mem:766.64M (Peak 773.39M) | Time:00:02.30 | Mem:370.39M, Peak:370.39M | Scene, ViewLayer | Finished
Saved: 'D:\Users\Lenovo\Desktop\大观园\assets\processed\crown-r10\0-3.next.png'
Time: 00:02.32 (Saving: 00:00.01)

Fra:1 Mem:288.34M (Peak 288.34M) | Time:00:00.00 | Mem:0.00M, Peak:0.00M | Scene, ViewLayer | Synchronizing object | island_tree_01_LOD0
Fra:1 Mem:288.34M (Peak 288.34M) | Time:00:00.00 | Mem:0.00M, Peak:0.00M | Scene, ViewLayer | Synchronizing object | Diffuse daylight
Fra:1 Mem:410.56M (Peak 447.17M) | Time:00:00.05 | Mem:0.00M, Peak:0.00M | Scene, ViewLayer | Initializing
Fra:1 Mem:410.56M (Peak 447.17M) | Time:00:00.05 | Mem:0.00M, Peak:0.00M | Scene, ViewLayer | Updating Images | Loading island_tree_01_branches_nor_gl
Fra:1 Mem:410.56M (Peak 447.17M) | Time:00:00.05 | Mem:0.00M, Peak:0.00M | Scene, ViewLayer | Updating Images | Loading island_tree_01_diff
Fra:1 Mem:414.56M (Peak 447.17M) | Time:00:00.05 | Mem:0.00M, Peak:0.00M | Scene, ViewLayer | Updating Images | Loading island_tree_01_rough
Fra:1 Mem:418.56M (Peak 447.17M) | Time:00:00.05 | Mem:0.00M, Peak:0.00M | Scene, ViewLayer | Updating Images | Loading island_tree_01_leaves_rough
Fra:1 Mem:418.56M (Peak 447.17M) | Time:00:00.05 | Mem:0.00M, Peak:0.00M | Scene, ViewLayer | Updating Images | Loading island_tree_01_leaves_nor_gl
Fra:1 Mem:426.56M (Peak 447.17M) | Time:00:00.05 | Mem:0.00M, Peak:0.00M | Scene, ViewLayer | Updating Images | Loading island_tree_01_leaves_diff_1k.png.001
Fra:1 Mem:439.58M (Peak 447.17M) | Time:00:00.05 | Mem:1.00M, Peak:1.00M | Scene, ViewLayer | Updating Images | Loading island_tree_01_leaves_alpha_1k.png.001
Fra:1 Mem:440.58M (Peak 447.17M) | Time:00:00.05 | Mem:2.00M, Peak:2.00M | Scene, ViewLayer | Updating Images | Loading island_tree_01_branches_diff
Fra:1 Mem:444.58M (Peak 448.59M) | Time:00:00.05 | Mem:6.00M, Peak:6.00M | Scene, ViewLayer | Updating Images | Loading island_tree_01_branches_rough
Fra:1 Mem:448.15M (Peak 456.60M) | Time:00:00.06 | Mem:38.00M, Peak:38.00M | Scene, ViewLayer | Waiting for render to start
Fra:1 Mem:448.15M (Peak 456.60M) | Time:00:00.06 | Mem:38.00M, Peak:38.00M | Scene, ViewLayer | Updating Scene
Fra:1 Mem:448.15M (Peak 456.60M) | Time:00:00.06 | Mem:38.00M, Peak:38.00M | Scene, ViewLayer | Updating Shaders
Fra:1 Mem:448.15M (Peak 456.60M) | Time:00:00.06 | Mem:38.00M, Peak:38.00M | Scene, ViewLayer | Loading render kernels (may take a few minutes the first time)
Fra:1 Mem:448.23M (Peak 456.60M) | Time:00:00.06 | Mem:38.00M, Peak:38.00M | Scene, ViewLayer | Updating Procedurals
Fra:1 Mem:448.23M (Peak 456.60M) | Time:00:00.06 | Mem:38.00M, Peak:38.00M | Scene, ViewLayer | Updating Background
Fra:1 Mem:448.23M (Peak 456.60M) | Time:00:00.06 | Mem:38.00M, Peak:38.00M | Scene, ViewLayer | Updating Camera
Fra:1 Mem:448.23M (Peak 456.60M) | Time:00:00.06 | Mem:38.00M, Peak:38.00M | Scene, ViewLayer | Updating Meshes Flags
Fra:1 Mem:448.23M (Peak 456.60M) | Time:00:00.06 | Mem:38.00M, Peak:38.00M | Scene, ViewLayer | Updating Objects
Fra:1 Mem:448.23M (Peak 456.60M) | Time:00:00.06 | Mem:38.00M, Peak:38.00M | Scene, ViewLayer | Updating Objects | Copying Transformations to device
Fra:1 Mem:448.23M (Peak 456.60M) | Time:00:00.06 | Mem:38.00M, Peak:38.00M | Scene, ViewLayer | Updating Particle Systems
Fra:1 Mem:448.23M (Peak 456.60M) | Time:00:00.06 | Mem:38.00M, Peak:38.00M | Scene, ViewLayer | Updating Particle Systems | Copying Particles to device
Fra:1 Mem:448.23M (Peak 456.60M) | Time:00:00.06 | Mem:38.00M, Peak:38.00M | Scene, ViewLayer | Updating Meshes
Fra:1 Mem:539.75M (Peak 539.75M) | Time:00:00.90 | Mem:38.00M, Peak:38.00M | Scene, ViewLayer | Updating Objects | Applying Static Transformations
Fra:1 Mem:539.75M (Peak 539.75M) | Time:00:00.90 | Mem:38.00M, Peak:38.00M | Scene, ViewLayer | Updating Mesh | Computing attributes
Fra:1 Mem:701.11M (Peak 701.11M) | Time:00:00.94 | Mem:38.00M, Peak:38.00M | Scene, ViewLayer | Updating Mesh | Copying Attributes to device
Fra:1 Mem:701.10M (Peak 701.11M) | Time:00:00.95 | Mem:199.36M, Peak:199.36M | Scene, ViewLayer | Updating Scene BVH | Building
Fra:1 Mem:701.10M (Peak 701.11M) | Time:00:00.95 | Mem:199.36M, Peak:199.36M | Scene, ViewLayer | Updating Scene BVH | Building BVH
Fra:1 Mem:701.10M (Peak 701.11M) | Time:00:00.95 | Mem:248.17M, Peak:248.17M | Scene, ViewLayer | Updating Scene BVH | Building BVH 0%
Fra:1 Mem:701.10M (Peak 701.11M) | Time:00:01.02 | Mem:309.36M, Peak:358.17M | Scene, ViewLayer | Updating Scene BVH | Copying BVH to device
Fra:1 Mem:701.10M (Peak 701.11M) | Time:00:01.02 | Mem:309.36M, Peak:358.17M | Scene, ViewLayer | Updating Mesh | Computing normals
Fra:1 Mem:755.35M (Peak 755.35M) | Time:00:01.04 | Mem:309.36M, Peak:358.17M | Scene, ViewLayer | Updating Mesh | Copying Mesh to device
Fra:1 Mem:755.35M (Peak 755.35M) | Time:00:01.04 | Mem:363.61M, Peak:363.61M | Scene, ViewLayer | Updating Objects Flags
Fra:1 Mem:755.35M (Peak 755.35M) | Time:00:01.04 | Mem:363.61M, Peak:363.61M | Scene, ViewLayer | Updating Primitive Offsets
Fra:1 Mem:755.35M (Peak 755.35M) | Time:00:01.04 | Mem:363.61M, Peak:363.61M | Scene, ViewLayer | Updating Images
Fra:1 Mem:751.35M (Peak 755.35M) | Time:00:01.04 | Mem:359.61M, Peak:363.61M | Scene, ViewLayer | Updating Camera Volume
Fra:1 Mem:751.35M (Peak 755.35M) | Time:00:01.04 | Mem:359.61M, Peak:363.61M | Scene, ViewLayer | Updating Lookup Tables
Fra:1 Mem:751.35M (Peak 755.35M) | Time:00:01.04 | Mem:359.69M, Peak:363.61M | Scene, ViewLayer | Updating Lights
Fra:1 Mem:751.35M (Peak 755.35M) | Time:00:01.04 | Mem:359.69M, Peak:363.61M | Scene, ViewLayer | Updating Lights | Computing tree
Fra:1 Mem:751.35M (Peak 755.35M) | Time:00:01.04 | Mem:359.69M, Peak:363.61M | Scene, ViewLayer | Updating Integrator
Fra:1 Mem:751.35M (Peak 755.35M) | Time:00:01.04 | Mem:359.69M, Peak:363.61M | Scene, ViewLayer | Updating Film
Fra:1 Mem:751.36M (Peak 755.35M) | Time:00:01.04 | Mem:359.61M, Peak:363.61M | Scene, ViewLayer | Updating Lookup Tables
Fra:1 Mem:751.36M (Peak 755.35M) | Time:00:01.04 | Mem:359.69M, Peak:363.61M | Scene, ViewLayer | Updating Baking
Fra:1 Mem:751.36M (Peak 755.35M) | Time:00:01.04 | Mem:359.69M, Peak:363.61M | Scene, ViewLayer | Updating Device | Writing constant memory
Fra:1 Mem:751.36M (Peak 755.35M) | Time:00:01.04 | Mem:359.69M, Peak:363.61M | Scene, ViewLayer | Loading denoising kernels (may take a few minutes the first time)
Fra:1 Mem:751.36M (Peak 755.35M) | Time:00:01.04 | Mem:359.69M, Peak:363.61M | Scene, ViewLayer | Sample 0/24
Fra:1 Mem:762.14M (Peak 762.14M) | Time:00:01.09 | Remaining:00:01.04 | Mem:370.39M, Peak:370.39M | Scene, ViewLayer | Sample 1/24
Fra:1 Mem:766.64M (Peak 773.39M) | Time:00:02.36 | Mem:370.39M, Peak:370.39M | Scene, ViewLayer | Sample 24/24
Fra:1 Mem:766.64M (Peak 773.39M) | Time:00:02.36 | Mem:370.39M, Peak:370.39M | Scene, ViewLayer | Finished
Saved: 'D:\Users\Lenovo\Desktop\大观园\assets\processed\crown-r10\0-4.next.png'
Time: 00:02.38 (Saving: 00:00.01)

04:05:44 | INFO: Data are loaded, start creating Blender stuff
04:05:44 | INFO: Blender create Mesh node mesh.001
04:05:45 | INFO: glTF import finished in 1.03s
Fra:1 Mem:411.73M (Peak 411.73M) | Time:00:00.00 | Mem:0.00M, Peak:0.00M | Scene, ViewLayer | Synchronizing object | island_tree_02_LOD0
Fra:1 Mem:411.74M (Peak 411.74M) | Time:00:00.00 | Mem:0.00M, Peak:0.00M | Scene, ViewLayer | Synchronizing object | Diffuse daylight
Fra:1 Mem:559.13M (Peak 583.67M) | Time:00:00.19 | Mem:0.00M, Peak:0.00M | Scene, ViewLayer | Initializing
Fra:1 Mem:559.12M (Peak 583.67M) | Time:00:00.19 | Mem:0.00M, Peak:0.00M | Scene, ViewLayer | Updating Images | Loading island_tree_02_branches_nor_gl
Fra:1 Mem:563.13M (Peak 583.67M) | Time:00:00.19 | Mem:0.00M, Peak:0.00M | Scene, ViewLayer | Updating Images | Loading island_tree_02_diff
Fra:1 Mem:563.13M (Peak 583.67M) | Time:00:00.19 | Mem:0.00M, Peak:0.00M | Scene, ViewLayer | Updating Images | Loading island_tree_02_rough
Fra:1 Mem:567.13M (Peak 583.67M) | Time:00:00.19 | Mem:0.00M, Peak:0.00M | Scene, ViewLayer | Updating Images | Loading island_tree_02_leaves_nor_gl
Fra:1 Mem:571.13M (Peak 583.67M) | Time:00:00.19 | Mem:0.00M, Peak:0.00M | Scene, ViewLayer | Updating Images | Loading island_tree_02_leaves_diff_1k.png.001
Fra:1 Mem:588.15M (Peak 588.15M) | Time:00:00.19 | Mem:1.00M, Peak:1.00M | Scene, ViewLayer | Updating Images | Loading island_tree_02_leaves_alpha_1k.png.001
Fra:1 Mem:589.15M (Peak 590.16M) | Time:00:00.19 | Mem:2.00M, Peak:2.00M | Scene, ViewLayer | Updating Images | Loading island_tree_02_branches_diff
Fra:1 Mem:593.15M (Peak 597.16M) | Time:00:00.20 | Mem:6.00M, Peak:6.00M | Scene, ViewLayer | Updating Images | Loading island_tree_02_branches_rough
Fra:1 Mem:596.72M (Peak 605.16M) | Time:00:00.21 | Mem:38.00M, Peak:38.00M | Scene, ViewLayer | Waiting for render to start
Fra:1 Mem:596.72M (Peak 605.16M) | Time:00:00.21 | Mem:38.00M, Peak:38.00M | Scene, ViewLayer | Updating Scene
Fra:1 Mem:596.72M (Peak 605.16M) | Time:00:00.21 | Mem:38.00M, Peak:38.00M | Scene, ViewLayer | Updating Shaders
Fra:1 Mem:596.72M (Peak 605.16M) | Time:00:00.21 | Mem:38.00M, Peak:38.00M | Scene, ViewLayer | Loading render kernels (may take a few minutes the first time)
Fra:1 Mem:596.80M (Peak 605.16M) | Time:00:00.21 | Mem:38.00M, Peak:38.00M | Scene, ViewLayer | Updating Procedurals
Fra:1 Mem:596.80M (Peak 605.16M) | Time:00:00.21 | Mem:38.00M, Peak:38.00M | Scene, ViewLayer | Updating Background
Fra:1 Mem:596.80M (Peak 605.16M) | Time:00:00.21 | Mem:38.00M, Peak:38.00M | Scene, ViewLayer | Updating Camera
Fra:1 Mem:596.80M (Peak 605.16M) | Time:00:00.21 | Mem:38.00M, Peak:38.00M | Scene, ViewLayer | Updating Meshes Flags
Fra:1 Mem:596.80M (Peak 605.16M) | Time:00:00.21 | Mem:38.00M, Peak:38.00M | Scene, ViewLayer | Updating Objects
Fra:1 Mem:596.80M (Peak 605.16M) | Time:00:00.21 | Mem:38.00M, Peak:38.00M | Scene, ViewLayer | Updating Objects | Copying Transformations to device
Fra:1 Mem:596.80M (Peak 605.16M) | Time:00:00.21 | Mem:38.00M, Peak:38.00M | Scene, ViewLayer | Updating Particle Systems
Fra:1 Mem:596.80M (Peak 605.16M) | Time:00:00.21 | Mem:38.00M, Peak:38.00M | Scene, ViewLayer | Updating Particle Systems | Copying Particles to device
Fra:1 Mem:596.80M (Peak 605.16M) | Time:00:00.21 | Mem:38.00M, Peak:38.00M | Scene, ViewLayer | Updating Meshes
Fra:1 Mem:658.16M (Peak 658.16M) | Time:00:00.77 | Mem:38.00M, Peak:38.00M | Scene, ViewLayer | Updating Objects | Applying Static Transformations
Fra:1 Mem:658.16M (Peak 658.16M) | Time:00:00.77 | Mem:38.00M, Peak:38.00M | Scene, ViewLayer | Updating Mesh | Computing attributes
Fra:1 Mem:766.33M (Peak 766.33M) | Time:00:00.80 | Mem:38.00M, Peak:38.00M | Scene, ViewLayer | Updating Mesh | Copying Attributes to device
Fra:1 Mem:766.33M (Peak 766.33M) | Time:00:00.80 | Mem:146.18M, Peak:146.18M | Scene, ViewLayer | Updating Scene BVH | Building
Fra:1 Mem:766.33M (Peak 766.33M) | Time:00:00.80 | Mem:146.18M, Peak:146.18M | Scene, ViewLayer | Updating Scene BVH | Building BVH
Fra:1 Mem:766.33M (Peak 766.33M) | Time:00:00.80 | Mem:178.90M, Peak:178.90M | Scene, ViewLayer | Updating Scene BVH | Building BVH 0%
Fra:1 Mem:766.33M (Peak 766.33M) | Time:00:00.85 | Mem:218.18M, Peak:250.90M | Scene, ViewLayer | Updating Scene BVH | Copying BVH to device
Fra:1 Mem:766.33M (Peak 766.33M) | Time:00:00.85 | Mem:218.18M, Peak:250.90M | Scene, ViewLayer | Updating Mesh | Computing normals
Fra:1 Mem:802.70M (Peak 802.70M) | Time:00:00.87 | Mem:218.18M, Peak:250.90M | Scene, ViewLayer | Updating Mesh | Copying Mesh to device
Fra:1 Mem:802.70M (Peak 802.70M) | Time:00:00.87 | Mem:254.55M, Peak:254.55M | Scene, ViewLayer | Updating Objects Flags
Fra:1 Mem:802.70M (Peak 802.70M) | Time:00:00.87 | Mem:254.55M, Peak:254.55M | Scene, ViewLayer | Updating Primitive Offsets
Fra:1 Mem:802.70M (Peak 802.70M) | Time:00:00.87 | Mem:254.55M, Peak:254.55M | Scene, ViewLayer | Updating Images
Fra:1 Mem:798.70M (Peak 802.70M) | Time:00:00.87 | Mem:250.55M, Peak:254.55M | Scene, ViewLayer | Updating Camera Volume
Fra:1 Mem:798.70M (Peak 802.70M) | Time:00:00.87 | Mem:250.55M, Peak:254.55M | Scene, ViewLayer | Updating Lookup Tables
Fra:1 Mem:798.70M (Peak 802.70M) | Time:00:00.87 | Mem:250.63M, Peak:254.55M | Scene, ViewLayer | Updating Lights
Fra:1 Mem:798.70M (Peak 802.70M) | Time:00:00.87 | Mem:250.63M, Peak:254.55M | Scene, ViewLayer | Updating Lights | Computing tree
Fra:1 Mem:798.70M (Peak 802.70M) | Time:00:00.87 | Mem:250.63M, Peak:254.55M | Scene, ViewLayer | Updating Integrator
Fra:1 Mem:798.70M (Peak 802.70M) | Time:00:00.87 | Mem:250.63M, Peak:254.55M | Scene, ViewLayer | Updating Film
Fra:1 Mem:798.71M (Peak 802.70M) | Time:00:00.87 | Mem:250.55M, Peak:254.55M | Scene, ViewLayer | Updating Lookup Tables
Fra:1 Mem:798.71M (Peak 802.70M) | Time:00:00.87 | Mem:250.64M, Peak:254.55M | Scene, ViewLayer | Updating Baking
Fra:1 Mem:798.71M (Peak 802.70M) | Time:00:00.87 | Mem:250.64M, Peak:254.55M | Scene, ViewLayer | Updating Device | Writing constant memory
Fra:1 Mem:798.71M (Peak 802.70M) | Time:00:00.87 | Mem:250.64M, Peak:254.55M | Scene, ViewLayer | Loading denoising kernels (may take a few minutes the first time)
Fra:1 Mem:798.71M (Peak 802.70M) | Time:00:00.87 | Mem:250.64M, Peak:254.55M | Scene, ViewLayer | Sample 0/24
Fra:1 Mem:809.49M (Peak 809.49M) | Time:00:00.90 | Remaining:00:00.72 | Mem:261.34M, Peak:261.34M | Scene, ViewLayer | Sample 1/24
Fra:1 Mem:813.99M (Peak 820.74M) | Time:00:01.89 | Mem:261.34M, Peak:261.34M | Scene, ViewLayer | Sample 24/24
Fra:1 Mem:813.99M (Peak 820.74M) | Time:00:01.89 | Mem:261.34M, Peak:261.34M | Scene, ViewLayer | Finished
Saved: 'D:\Users\Lenovo\Desktop\大观园\assets\processed\crown-r10\1-0.next.png'
Time: 00:01.92 (Saving: 00:00.01)

Fra:1 Mem:477.18M (Peak 477.18M) | Time:00:00.00 | Mem:0.00M, Peak:0.00M | Scene, ViewLayer | Synchronizing object | island_tree_02_LOD0
Fra:1 Mem:479.00M (Peak 479.00M) | Time:00:00.00 | Mem:0.00M, Peak:0.00M | Scene, ViewLayer | Synchronizing object | Diffuse daylight
Fra:1 Mem:559.13M (Peak 583.67M) | Time:00:00.04 | Mem:0.00M, Peak:0.00M | Scene, ViewLayer | Initializing
Fra:1 Mem:559.12M (Peak 583.67M) | Time:00:00.04 | Mem:0.00M, Peak:0.00M | Scene, ViewLayer | Updating Images | Loading island_tree_02_branches_nor_gl
Fra:1 Mem:563.13M (Peak 583.67M) | Time:00:00.04 | Mem:0.00M, Peak:0.00M | Scene, ViewLayer | Updating Images | Loading island_tree_02_diff
Fra:1 Mem:563.13M (Peak 583.67M) | Time:00:00.04 | Mem:0.00M, Peak:0.00M | Scene, ViewLayer | Updating Images | Loading island_tree_02_leaves_diff-island_tree_02_leaves_alpha
Fra:1 Mem:571.13M (Peak 583.67M) | Time:00:00.04 | Mem:0.00M, Peak:0.00M | Scene, ViewLayer | Updating Images | Loading island_tree_02_leaves_nor_gl
Fra:1 Mem:579.13M (Peak 583.67M) | Time:00:00.04 | Mem:0.00M, Peak:0.00M | Scene, ViewLayer | Updating Images | Loading island_tree_02_leaves_diff_1k.png.001
Fra:1 Mem:580.14M (Peak 583.67M) | Time:00:00.04 | Mem:1.00M, Peak:1.00M | Scene, ViewLayer | Updating Images | Loading island_tree_02_leaves_alpha_1k.png.001
Fra:1 Mem:589.15M (Peak 590.16M) | Time:00:00.04 | Mem:2.00M, Peak:2.00M | Scene, ViewLayer | Updating Images | Loading island_tree_02_branches_diff
Fra:1 Mem:593.15M (Peak 597.16M) | Time:00:00.04 | Mem:6.00M, Peak:6.00M | Scene, ViewLayer | Updating Images | Loading island_tree_02_branches_rough
Fra:1 Mem:596.72M (Peak 609.17M) | Time:00:00.05 | Mem:38.00M, Peak:38.00M | Scene, ViewLayer | Waiting for render to start
Fra:1 Mem:596.72M (Peak 609.17M) | Time:00:00.05 | Mem:38.00M, Peak:38.00M | Scene, ViewLayer | Updating Scene
Fra:1 Mem:596.72M (Peak 609.17M) | Time:00:00.05 | Mem:38.00M, Peak:38.00M | Scene, ViewLayer | Updating Shaders
Fra:1 Mem:596.72M (Peak 609.17M) | Time:00:00.05 | Mem:38.00M, Peak:38.00M | Scene, ViewLayer | Loading render kernels (may take a few minutes the first time)
Fra:1 Mem:596.80M (Peak 609.17M) | Time:00:00.05 | Mem:38.00M, Peak:38.00M | Scene, ViewLayer | Updating Procedurals
Fra:1 Mem:596.80M (Peak 609.17M) | Time:00:00.05 | Mem:38.00M, Peak:38.00M | Scene, ViewLayer | Updating Background
Fra:1 Mem:596.80M (Peak 609.17M) | Time:00:00.05 | Mem:38.00M, Peak:38.00M | Scene, ViewLayer | Updating Camera
Fra:1 Mem:596.80M (Peak 609.17M) | Time:00:00.05 | Mem:38.00M, Peak:38.00M | Scene, ViewLayer | Updating Meshes Flags
Fra:1 Mem:596.80M (Peak 609.17M) | Time:00:00.05 | Mem:38.00M, Peak:38.00M | Scene, ViewLayer | Updating Objects
Fra:1 Mem:596.80M (Peak 609.17M) | Time:00:00.05 | Mem:38.00M, Peak:38.00M | Scene, ViewLayer | Updating Objects | Copying Transformations to device
Fra:1 Mem:596.80M (Peak 609.17M) | Time:00:00.05 | Mem:38.00M, Peak:38.00M | Scene, ViewLayer | Updating Particle Systems
Fra:1 Mem:596.80M (Peak 609.17M) | Time:00:00.05 | Mem:38.00M, Peak:38.00M | Scene, ViewLayer | Updating Particle Systems | Copying Particles to device
Fra:1 Mem:596.80M (Peak 609.17M) | Time:00:00.05 | Mem:38.00M, Peak:38.00M | Scene, ViewLayer | Updating Meshes
Fra:1 Mem:658.16M (Peak 658.16M) | Time:00:00.58 | Mem:38.00M, Peak:38.00M | Scene, ViewLayer | Updating Objects | Applying Static Transformations
Fra:1 Mem:658.16M (Peak 658.16M) | Time:00:00.58 | Mem:38.00M, Peak:38.00M | Scene, ViewLayer | Updating Mesh | Computing attributes
Fra:1 Mem:766.33M (Peak 766.33M) | Time:00:00.61 | Mem:38.00M, Peak:38.00M | Scene, ViewLayer | Updating Mesh | Copying Attributes to device
Fra:1 Mem:766.33M (Peak 766.33M) | Time:00:00.61 | Mem:146.18M, Peak:146.18M | Scene, ViewLayer | Updating Scene BVH | Building
Fra:1 Mem:766.33M (Peak 766.33M) | Time:00:00.61 | Mem:146.18M, Peak:146.18M | Scene, ViewLayer | Updating Scene BVH | Building BVH
Fra:1 Mem:766.33M (Peak 766.33M) | Time:00:00.61 | Mem:178.90M, Peak:178.90M | Scene, ViewLayer | Updating Scene BVH | Building BVH 0%
Fra:1 Mem:766.33M (Peak 766.33M) | Time:00:00.66 | Mem:218.18M, Peak:250.90M | Scene, ViewLayer | Updating Scene BVH | Copying BVH to device
Fra:1 Mem:766.33M (Peak 766.33M) | Time:00:00.66 | Mem:218.18M, Peak:250.90M | Scene, ViewLayer | Updating Mesh | Computing normals
Fra:1 Mem:802.70M (Peak 802.70M) | Time:00:00.67 | Mem:218.18M, Peak:250.90M | Scene, ViewLayer | Updating Mesh | Copying Mesh to device
Fra:1 Mem:802.70M (Peak 802.70M) | Time:00:00.67 | Mem:254.55M, Peak:254.55M | Scene, ViewLayer | Updating Objects Flags
Fra:1 Mem:802.70M (Peak 802.70M) | Time:00:00.67 | Mem:254.55M, Peak:254.55M | Scene, ViewLayer | Updating Primitive Offsets
Fra:1 Mem:802.70M (Peak 802.70M) | Time:00:00.67 | Mem:254.55M, Peak:254.55M | Scene, ViewLayer | Updating Images
Fra:1 Mem:798.70M (Peak 802.70M) | Time:00:00.67 | Mem:250.55M, Peak:254.55M | Scene, ViewLayer | Updating Camera Volume
Fra:1 Mem:798.70M (Peak 802.70M) | Time:00:00.67 | Mem:250.55M, Peak:254.55M | Scene, ViewLayer | Updating Lookup Tables
Fra:1 Mem:798.70M (Peak 802.70M) | Time:00:00.67 | Mem:250.63M, Peak:254.55M | Scene, ViewLayer | Updating Lights
Fra:1 Mem:798.70M (Peak 802.70M) | Time:00:00.67 | Mem:250.63M, Peak:254.55M | Scene, ViewLayer | Updating Lights | Computing tree
Fra:1 Mem:798.70M (Peak 802.70M) | Time:00:00.67 | Mem:250.63M, Peak:254.55M | Scene, ViewLayer | Updating Integrator
Fra:1 Mem:798.70M (Peak 802.70M) | Time:00:00.67 | Mem:250.63M, Peak:254.55M | Scene, ViewLayer | Updating Film
Fra:1 Mem:798.71M (Peak 802.70M) | Time:00:00.67 | Mem:250.55M, Peak:254.55M | Scene, ViewLayer | Updating Lookup Tables
Fra:1 Mem:798.71M (Peak 802.70M) | Time:00:00.67 | Mem:250.64M, Peak:254.55M | Scene, ViewLayer | Updating Baking
Fra:1 Mem:798.71M (Peak 802.70M) | Time:00:00.67 | Mem:250.64M, Peak:254.55M | Scene, ViewLayer | Updating Device | Writing constant memory
Fra:1 Mem:798.71M (Peak 802.70M) | Time:00:00.67 | Mem:250.64M, Peak:254.55M | Scene, ViewLayer | Loading denoising kernels (may take a few minutes the first time)
Fra:1 Mem:798.71M (Peak 802.70M) | Time:00:00.67 | Mem:250.64M, Peak:254.55M | Scene, ViewLayer | Sample 0/24
Fra:1 Mem:809.49M (Peak 809.49M) | Time:00:00.70 | Remaining:00:00.62 | Mem:261.34M, Peak:261.34M | Scene, ViewLayer | Sample 1/24
Fra:1 Mem:813.99M (Peak 820.74M) | Time:00:01.74 | Mem:261.34M, Peak:261.34M | Scene, ViewLayer | Sample 24/24
Fra:1 Mem:813.99M (Peak 820.74M) | Time:00:01.74 | Mem:261.34M, Peak:261.34M | Scene, ViewLayer | Finished
Saved: 'D:\Users\Lenovo\Desktop\大观园\assets\processed\crown-r10\1-1.next.png'
Time: 00:01.75 (Saving: 00:00.01)

Fra:1 Mem:477.18M (Peak 477.18M) | Time:00:00.00 | Mem:0.00M, Peak:0.00M | Scene, ViewLayer | Synchronizing object | island_tree_02_LOD0
Fra:1 Mem:477.18M (Peak 477.18M) | Time:00:00.00 | Mem:0.00M, Peak:0.00M | Scene, ViewLayer | Synchronizing object | Diffuse daylight
Fra:1 Mem:559.13M (Peak 583.67M) | Time:00:00.03 | Mem:0.00M, Peak:0.00M | Scene, ViewLayer | Initializing
Fra:1 Mem:559.12M (Peak 583.67M) | Time:00:00.03 | Mem:0.00M, Peak:0.00M | Scene, ViewLayer | Updating Images | Loading island_tree_02_branches_nor_gl
Fra:1 Mem:559.13M (Peak 583.67M) | Time:00:00.03 | Mem:0.00M, Peak:0.00M | Scene, ViewLayer | Updating Images | Loading island_tree_02_diff
Fra:1 Mem:563.13M (Peak 583.67M) | Time:00:00.03 | Mem:0.00M, Peak:0.00M | Scene, ViewLayer | Updating Images | Loading island_tree_02_rough
Fra:1 Mem:571.13M (Peak 583.67M) | Time:00:00.03 | Mem:0.00M, Peak:0.00M | Scene, ViewLayer | Updating Images | Loading island_tree_02_leaves_rough
Fra:1 Mem:571.13M (Peak 583.67M) | Time:00:00.03 | Mem:0.00M, Peak:0.00M | Scene, ViewLayer | Updating Images | Loading island_tree_02_leaves_diff_1k.png.001
Fra:1 Mem:588.15M (Peak 588.15M) | Time:00:00.03 | Mem:1.00M, Peak:1.00M | Scene, ViewLayer | Updating Images | Loading island_tree_02_leaves_alpha_1k.png.001
Fra:1 Mem:589.15M (Peak 590.16M) | Time:00:00.04 | Mem:2.00M, Peak:2.00M | Scene, ViewLayer | Updating Images | Loading island_tree_02_branches_diff
Fra:1 Mem:593.15M (Peak 597.16M) | Time:00:00.04 | Mem:6.00M, Peak:6.00M | Scene, ViewLayer | Updating Images | Loading island_tree_02_branches_rough
Fra:1 Mem:596.72M (Peak 609.17M) | Time:00:00.05 | Mem:38.00M, Peak:38.00M | Scene, ViewLayer | Waiting for render to start
Fra:1 Mem:596.72M (Peak 609.17M) | Time:00:00.05 | Mem:38.00M, Peak:38.00M | Scene, ViewLayer | Updating Scene
Fra:1 Mem:596.72M (Peak 609.17M) | Time:00:00.05 | Mem:38.00M, Peak:38.00M | Scene, ViewLayer | Updating Shaders
Fra:1 Mem:596.72M (Peak 609.17M) | Time:00:00.05 | Mem:38.00M, Peak:38.00M | Scene, ViewLayer | Loading render kernels (may take a few minutes the first time)
Fra:1 Mem:596.80M (Peak 609.17M) | Time:00:00.05 | Mem:38.00M, Peak:38.00M | Scene, ViewLayer | Updating Procedurals
Fra:1 Mem:596.80M (Peak 609.17M) | Time:00:00.05 | Mem:38.00M, Peak:38.00M | Scene, ViewLayer | Updating Background
Fra:1 Mem:596.80M (Peak 609.17M) | Time:00:00.05 | Mem:38.00M, Peak:38.00M | Scene, ViewLayer | Updating Camera
Fra:1 Mem:596.80M (Peak 609.17M) | Time:00:00.05 | Mem:38.00M, Peak:38.00M | Scene, ViewLayer | Updating Meshes Flags
Fra:1 Mem:596.80M (Peak 609.17M) | Time:00:00.05 | Mem:38.00M, Peak:38.00M | Scene, ViewLayer | Updating Objects
Fra:1 Mem:596.80M (Peak 609.17M) | Time:00:00.05 | Mem:38.00M, Peak:38.00M | Scene, ViewLayer | Updating Objects | Copying Transformations to device
Fra:1 Mem:596.80M (Peak 609.17M) | Time:00:00.05 | Mem:38.00M, Peak:38.00M | Scene, ViewLayer | Updating Particle Systems
Fra:1 Mem:596.80M (Peak 609.17M) | Time:00:00.05 | Mem:38.00M, Peak:38.00M | Scene, ViewLayer | Updating Particle Systems | Copying Particles to device
Fra:1 Mem:596.80M (Peak 609.17M) | Time:00:00.05 | Mem:38.00M, Peak:38.00M | Scene, ViewLayer | Updating Meshes
Fra:1 Mem:658.16M (Peak 658.16M) | Time:00:00.61 | Mem:38.00M, Peak:38.00M | Scene, ViewLayer | Updating Objects | Applying Static Transformations
Fra:1 Mem:658.16M (Peak 658.16M) | Time:00:00.61 | Mem:38.00M, Peak:38.00M | Scene, ViewLayer | Updating Mesh | Computing attributes
Fra:1 Mem:766.33M (Peak 766.33M) | Time:00:00.63 | Mem:38.00M, Peak:38.00M | Scene, ViewLayer | Updating Mesh | Copying Attributes to device
Fra:1 Mem:766.33M (Peak 766.33M) | Time:00:00.63 | Mem:146.18M, Peak:146.18M | Scene, ViewLayer | Updating Scene BVH | Building
Fra:1 Mem:766.33M (Peak 766.33M) | Time:00:00.63 | Mem:146.18M, Peak:146.18M | Scene, ViewLayer | Updating Scene BVH | Building BVH
Fra:1 Mem:766.33M (Peak 766.33M) | Time:00:00.63 | Mem:178.90M, Peak:178.90M | Scene, ViewLayer | Updating Scene BVH | Building BVH 0%
Fra:1 Mem:766.33M (Peak 766.33M) | Time:00:00.70 | Mem:218.18M, Peak:250.90M | Scene, ViewLayer | Updating Scene BVH | Copying BVH to device
Fra:1 Mem:766.33M (Peak 766.33M) | Time:00:00.70 | Mem:218.18M, Peak:250.90M | Scene, ViewLayer | Updating Mesh | Computing normals
Fra:1 Mem:802.70M (Peak 802.70M) | Time:00:00.71 | Mem:218.18M, Peak:250.90M | Scene, ViewLayer | Updating Mesh | Copying Mesh to device
Fra:1 Mem:802.70M (Peak 802.70M) | Time:00:00.71 | Mem:254.55M, Peak:254.55M | Scene, ViewLayer | Updating Objects Flags
Fra:1 Mem:802.70M (Peak 802.70M) | Time:00:00.71 | Mem:254.55M, Peak:254.55M | Scene, ViewLayer | Updating Primitive Offsets
Fra:1 Mem:802.70M (Peak 802.70M) | Time:00:00.71 | Mem:254.55M, Peak:254.55M | Scene, ViewLayer | Updating Images
Fra:1 Mem:798.70M (Peak 802.70M) | Time:00:00.71 | Mem:250.55M, Peak:254.55M | Scene, ViewLayer | Updating Camera Volume
Fra:1 Mem:798.70M (Peak 802.70M) | Time:00:00.71 | Mem:250.55M, Peak:254.55M | Scene, ViewLayer | Updating Lookup Tables
Fra:1 Mem:798.70M (Peak 802.70M) | Time:00:00.71 | Mem:250.63M, Peak:254.55M | Scene, ViewLayer | Updating Lights
Fra:1 Mem:798.70M (Peak 802.70M) | Time:00:00.71 | Mem:250.63M, Peak:254.55M | Scene, ViewLayer | Updating Lights | Computing tree
Fra:1 Mem:798.70M (Peak 802.70M) | Time:00:00.71 | Mem:250.63M, Peak:254.55M | Scene, ViewLayer | Updating Integrator
Fra:1 Mem:798.70M (Peak 802.70M) | Time:00:00.71 | Mem:250.63M, Peak:254.55M | Scene, ViewLayer | Updating Film
Fra:1 Mem:798.71M (Peak 802.70M) | Time:00:00.71 | Mem:250.55M, Peak:254.55M | Scene, ViewLayer | Updating Lookup Tables
Fra:1 Mem:798.71M (Peak 802.70M) | Time:00:00.71 | Mem:250.64M, Peak:254.55M | Scene, ViewLayer | Updating Baking
Fra:1 Mem:798.71M (Peak 802.70M) | Time:00:00.71 | Mem:250.64M, Peak:254.55M | Scene, ViewLayer | Updating Device | Writing constant memory
Fra:1 Mem:798.71M (Peak 802.70M) | Time:00:00.71 | Mem:250.64M, Peak:254.55M | Scene, ViewLayer | Loading denoising kernels (may take a few minutes the first time)
Fra:1 Mem:798.71M (Peak 802.70M) | Time:00:00.71 | Mem:250.64M, Peak:254.55M | Scene, ViewLayer | Sample 0/24
Fra:1 Mem:809.49M (Peak 809.49M) | Time:00:00.75 | Remaining:00:00.82 | Mem:261.34M, Peak:261.34M | Scene, ViewLayer | Sample 1/24
Fra:1 Mem:813.99M (Peak 820.74M) | Time:00:01.81 | Mem:261.34M, Peak:261.34M | Scene, ViewLayer | Sample 24/24
Fra:1 Mem:813.99M (Peak 820.74M) | Time:00:01.81 | Mem:261.34M, Peak:261.34M | Scene, ViewLayer | Finished
Saved: 'D:\Users\Lenovo\Desktop\大观园\assets\processed\crown-r10\1-2.next.png'
Time: 00:01.83 (Saving: 00:00.01)

Fra:1 Mem:477.18M (Peak 477.18M) | Time:00:00.00 | Mem:0.00M, Peak:0.00M | Scene, ViewLayer | Synchronizing object | island_tree_02_LOD0
Fra:1 Mem:479.00M (Peak 479.00M) | Time:00:00.00 | Mem:0.00M, Peak:0.00M | Scene, ViewLayer | Synchronizing object | Diffuse daylight
Fra:1 Mem:559.13M (Peak 583.67M) | Time:00:00.03 | Mem:0.00M, Peak:0.00M | Scene, ViewLayer | Initializing
Fra:1 Mem:559.13M (Peak 583.67M) | Time:00:00.03 | Mem:0.00M, Peak:0.00M | Scene, ViewLayer | Updating Images | Loading island_tree_02_branches_nor_gl
Fra:1 Mem:563.13M (Peak 583.67M) | Time:00:00.03 | Mem:0.00M, Peak:0.00M | Scene, ViewLayer | Updating Images | Loading island_tree_02_diff
Fra:1 Mem:563.13M (Peak 583.67M) | Time:00:00.03 | Mem:0.00M, Peak:0.00M | Scene, ViewLayer | Updating Images | Loading island_tree_02_rough
Fra:1 Mem:571.13M (Peak 583.67M) | Time:00:00.03 | Mem:0.00M, Peak:0.00M | Scene, ViewLayer | Updating Images | Loading island_tree_02_nor_gl
Fra:1 Mem:571.13M (Peak 583.67M) | Time:00:00.03 | Mem:0.00M, Peak:0.00M | Scene, ViewLayer | Updating Images | Loading island_tree_02_leaves_diff-island_tree_02_leaves_alpha
Fra:1 Mem:579.13M (Peak 583.67M) | Time:00:00.03 | Mem:0.00M, Peak:0.00M | Scene, ViewLayer | Updating Images | Loading island_tree_02_leaves_rough
Fra:1 Mem:583.13M (Peak 583.67M) | Time:00:00.03 | Mem:0.00M, Peak:0.00M | Scene, ViewLayer | Updating Images | Loading island_tree_02_leaves_nor_gl
Fra:1 Mem:587.13M (Peak 587.13M) | Time:00:00.03 | Mem:0.00M, Peak:0.00M | Scene, ViewLayer | Updating Images | Loading island_tree_02_leaves_diff_1k.png.001
Fra:1 Mem:588.15M (Peak 588.15M) | Time:00:00.03 | Mem:1.00M, Peak:1.00M | Scene, ViewLayer | Updating Images | Loading island_tree_02_leaves_alpha_1k.png.001
Fra:1 Mem:589.15M (Peak 590.16M) | Time:00:00.03 | Mem:2.00M, Peak:2.00M | Scene, ViewLayer | Updating Images | Loading island_tree_02_branches_diff
Fra:1 Mem:593.15M (Peak 597.16M) | Time:00:00.03 | Mem:6.00M, Peak:6.00M | Scene, ViewLayer | Updating Images | Loading island_tree_02_branches_rough
Fra:1 Mem:596.72M (Peak 613.18M) | Time:00:00.04 | Mem:38.00M, Peak:38.00M | Scene, ViewLayer | Waiting for render to start
Fra:1 Mem:596.72M (Peak 613.18M) | Time:00:00.04 | Mem:38.00M, Peak:38.00M | Scene, ViewLayer | Updating Scene
Fra:1 Mem:596.72M (Peak 613.18M) | Time:00:00.04 | Mem:38.00M, Peak:38.00M | Scene, ViewLayer | Updating Shaders
Fra:1 Mem:596.72M (Peak 613.18M) | Time:00:00.04 | Mem:38.00M, Peak:38.00M | Scene, ViewLayer | Loading render kernels (may take a few minutes the first time)
Fra:1 Mem:596.80M (Peak 613.18M) | Time:00:00.04 | Mem:38.00M, Peak:38.00M | Scene, ViewLayer | Updating Procedurals
Fra:1 Mem:596.80M (Peak 613.18M) | Time:00:00.04 | Mem:38.00M, Peak:38.00M | Scene, ViewLayer | Updating Background
Fra:1 Mem:596.80M (Peak 613.18M) | Time:00:00.04 | Mem:38.00M, Peak:38.00M | Scene, ViewLayer | Updating Camera
Fra:1 Mem:596.80M (Peak 613.18M) | Time:00:00.04 | Mem:38.00M, Peak:38.00M | Scene, ViewLayer | Updating Meshes Flags
Fra:1 Mem:596.80M (Peak 613.18M) | Time:00:00.04 | Mem:38.00M, Peak:38.00M | Scene, ViewLayer | Updating Objects
Fra:1 Mem:596.80M (Peak 613.18M) | Time:00:00.04 | Mem:38.00M, Peak:38.00M | Scene, ViewLayer | Updating Objects | Copying Transformations to device
Fra:1 Mem:596.80M (Peak 613.18M) | Time:00:00.04 | Mem:38.00M, Peak:38.00M | Scene, ViewLayer | Updating Particle Systems
Fra:1 Mem:596.80M (Peak 613.18M) | Time:00:00.04 | Mem:38.00M, Peak:38.00M | Scene, ViewLayer | Updating Particle Systems | Copying Particles to device
Fra:1 Mem:596.80M (Peak 613.18M) | Time:00:00.04 | Mem:38.00M, Peak:38.00M | Scene, ViewLayer | Updating Meshes
Fra:1 Mem:658.16M (Peak 658.16M) | Time:00:00.59 | Mem:38.00M, Peak:38.00M | Scene, ViewLayer | Updating Objects | Applying Static Transformations
Fra:1 Mem:658.16M (Peak 658.16M) | Time:00:00.59 | Mem:38.00M, Peak:38.00M | Scene, ViewLayer | Updating Mesh | Computing attributes
Fra:1 Mem:766.33M (Peak 766.33M) | Time:00:00.61 | Mem:38.00M, Peak:38.00M | Scene, ViewLayer | Updating Mesh | Copying Attributes to device
Fra:1 Mem:766.33M (Peak 766.33M) | Time:00:00.61 | Mem:146.18M, Peak:146.18M | Scene, ViewLayer | Updating Scene BVH | Building
Fra:1 Mem:766.33M (Peak 766.33M) | Time:00:00.61 | Mem:146.18M, Peak:146.18M | Scene, ViewLayer | Updating Scene BVH | Building BVH
Fra:1 Mem:766.33M (Peak 766.33M) | Time:00:00.61 | Mem:178.90M, Peak:178.90M | Scene, ViewLayer | Updating Scene BVH | Building BVH 0%
Fra:1 Mem:766.33M (Peak 766.33M) | Time:00:00.66 | Mem:218.18M, Peak:250.90M | Scene, ViewLayer | Updating Scene BVH | Copying BVH to device
Fra:1 Mem:766.33M (Peak 766.33M) | Time:00:00.66 | Mem:218.18M, Peak:250.90M | Scene, ViewLayer | Updating Mesh | Computing normals
Fra:1 Mem:802.70M (Peak 802.70M) | Time:00:00.68 | Mem:218.18M, Peak:250.90M | Scene, ViewLayer | Updating Mesh | Copying Mesh to device
Fra:1 Mem:802.70M (Peak 802.70M) | Time:00:00.68 | Mem:254.55M, Peak:254.55M | Scene, ViewLayer | Updating Objects Flags
Fra:1 Mem:802.70M (Peak 802.70M) | Time:00:00.68 | Mem:254.55M, Peak:254.55M | Scene, ViewLayer | Updating Primitive Offsets
Fra:1 Mem:802.70M (Peak 802.70M) | Time:00:00.68 | Mem:254.55M, Peak:254.55M | Scene, ViewLayer | Updating Images
Fra:1 Mem:798.70M (Peak 802.70M) | Time:00:00.68 | Mem:250.55M, Peak:254.55M | Scene, ViewLayer | Updating Camera Volume
Fra:1 Mem:798.70M (Peak 802.70M) | Time:00:00.68 | Mem:250.55M, Peak:254.55M | Scene, ViewLayer | Updating Lookup Tables
Fra:1 Mem:798.70M (Peak 802.70M) | Time:00:00.68 | Mem:250.63M, Peak:254.55M | Scene, ViewLayer | Updating Lights
Fra:1 Mem:798.70M (Peak 802.70M) | Time:00:00.68 | Mem:250.63M, Peak:254.55M | Scene, ViewLayer | Updating Lights | Computing tree
Fra:1 Mem:798.70M (Peak 802.70M) | Time:00:00.68 | Mem:250.63M, Peak:254.55M | Scene, ViewLayer | Updating Integrator
Fra:1 Mem:798.70M (Peak 802.70M) | Time:00:00.68 | Mem:250.63M, Peak:254.55M | Scene, ViewLayer | Updating Film
Fra:1 Mem:798.71M (Peak 802.70M) | Time:00:00.68 | Mem:250.55M, Peak:254.55M | Scene, ViewLayer | Updating Lookup Tables
Fra:1 Mem:798.71M (Peak 802.70M) | Time:00:00.68 | Mem:250.64M, Peak:254.55M | Scene, ViewLayer | Updating Baking
Fra:1 Mem:798.71M (Peak 802.70M) | Time:00:00.68 | Mem:250.64M, Peak:254.55M | Scene, ViewLayer | Updating Device | Writing constant memory
Fra:1 Mem:798.71M (Peak 802.70M) | Time:00:00.68 | Mem:250.64M, Peak:254.55M | Scene, ViewLayer | Loading denoising kernels (may take a few minutes the first time)
Fra:1 Mem:798.71M (Peak 802.70M) | Time:00:00.68 | Mem:250.64M, Peak:254.55M | Scene, ViewLayer | Sample 0/24
Fra:1 Mem:809.49M (Peak 809.49M) | Time:00:00.71 | Remaining:00:00.77 | Mem:261.34M, Peak:261.34M | Scene, ViewLayer | Sample 1/24
Fra:1 Mem:813.99M (Peak 820.74M) | Time:00:01.86 | Mem:261.34M, Peak:261.34M | Scene, ViewLayer | Sample 24/24
Fra:1 Mem:813.99M (Peak 820.74M) | Time:00:01.86 | Mem:261.34M, Peak:261.34M | Scene, ViewLayer | Finished
Saved: 'D:\Users\Lenovo\Desktop\大观园\assets\processed\crown-r10\1-3.next.png'
Time: 00:01.88 (Saving: 00:00.01)

Fra:1 Mem:477.18M (Peak 477.18M) | Time:00:00.00 | Mem:0.00M, Peak:0.00M | Scene, ViewLayer | Synchronizing object | island_tree_02_LOD0
Fra:1 Mem:477.18M (Peak 477.18M) | Time:00:00.00 | Mem:0.00M, Peak:0.00M | Scene, ViewLayer | Synchronizing object | Diffuse daylight
Fra:1 Mem:559.13M (Peak 583.67M) | Time:00:00.03 | Mem:0.00M, Peak:0.00M | Scene, ViewLayer | Initializing
Fra:1 Mem:559.13M (Peak 583.67M) | Time:00:00.03 | Mem:0.00M, Peak:0.00M | Scene, ViewLayer | Updating Images | Loading island_tree_02_branches_nor_gl
Fra:1 Mem:563.13M (Peak 583.67M) | Time:00:00.03 | Mem:0.00M, Peak:0.00M | Scene, ViewLayer | Updating Images | Loading island_tree_02_diff
Fra:1 Mem:563.13M (Peak 583.67M) | Time:00:00.03 | Mem:0.00M, Peak:0.00M | Scene, ViewLayer | Updating Images | Loading island_tree_02_leaves_nor_gl
Fra:1 Mem:567.13M (Peak 583.67M) | Time:00:00.03 | Mem:0.00M, Peak:0.00M | Scene, ViewLayer | Updating Images | Loading island_tree_02_leaves_diff_1k.png.001
Fra:1 Mem:588.15M (Peak 588.15M) | Time:00:00.03 | Mem:1.00M, Peak:1.00M | Scene, ViewLayer | Updating Images | Loading island_tree_02_leaves_alpha_1k.png.001
Fra:1 Mem:589.15M (Peak 590.16M) | Time:00:00.03 | Mem:2.00M, Peak:2.00M | Scene, ViewLayer | Updating Images | Loading island_tree_02_branches_diff
Fra:1 Mem:593.15M (Peak 597.16M) | Time:00:00.04 | Mem:6.00M, Peak:6.00M | Scene, ViewLayer | Updating Images | Loading island_tree_02_branches_rough
Fra:1 Mem:596.72M (Peak 605.16M) | Time:00:00.05 | Mem:38.00M, Peak:38.00M | Scene, ViewLayer | Waiting for render to start
Fra:1 Mem:596.72M (Peak 605.16M) | Time:00:00.05 | Mem:38.00M, Peak:38.00M | Scene, ViewLayer | Updating Scene
Fra:1 Mem:596.72M (Peak 605.16M) | Time:00:00.05 | Mem:38.00M, Peak:38.00M | Scene, ViewLayer | Updating Shaders
Fra:1 Mem:596.72M (Peak 605.16M) | Time:00:00.05 | Mem:38.00M, Peak:38.00M | Scene, ViewLayer | Loading render kernels (may take a few minutes the first time)
Fra:1 Mem:596.80M (Peak 605.16M) | Time:00:00.05 | Mem:38.00M, Peak:38.00M | Scene, ViewLayer | Updating Procedurals
Fra:1 Mem:596.80M (Peak 605.16M) | Time:00:00.05 | Mem:38.00M, Peak:38.00M | Scene, ViewLayer | Updating Background
Fra:1 Mem:596.80M (Peak 605.16M) | Time:00:00.05 | Mem:38.00M, Peak:38.00M | Scene, ViewLayer | Updating Camera
Fra:1 Mem:596.80M (Peak 605.16M) | Time:00:00.05 | Mem:38.00M, Peak:38.00M | Scene, ViewLayer | Updating Meshes Flags
Fra:1 Mem:596.80M (Peak 605.16M) | Time:00:00.05 | Mem:38.00M, Peak:38.00M | Scene, ViewLayer | Updating Objects
Fra:1 Mem:596.80M (Peak 605.16M) | Time:00:00.05 | Mem:38.00M, Peak:38.00M | Scene, ViewLayer | Updating Objects | Copying Transformations to device
Fra:1 Mem:596.80M (Peak 605.16M) | Time:00:00.05 | Mem:38.00M, Peak:38.00M | Scene, ViewLayer | Updating Particle Systems
Fra:1 Mem:596.80M (Peak 605.16M) | Time:00:00.05 | Mem:38.00M, Peak:38.00M | Scene, ViewLayer | Updating Particle Systems | Copying Particles to device
Fra:1 Mem:596.80M (Peak 605.16M) | Time:00:00.05 | Mem:38.00M, Peak:38.00M | Scene, ViewLayer | Updating Meshes
Fra:1 Mem:658.16M (Peak 658.16M) | Time:00:00.62 | Mem:38.00M, Peak:38.00M | Scene, ViewLayer | Updating Objects | Applying Static Transformations
Fra:1 Mem:658.16M (Peak 658.16M) | Time:00:00.62 | Mem:38.00M, Peak:38.00M | Scene, ViewLayer | Updating Mesh | Computing attributes
Fra:1 Mem:766.33M (Peak 766.33M) | Time:00:00.65 | Mem:38.00M, Peak:38.00M | Scene, ViewLayer | Updating Mesh | Copying Attributes to device
Fra:1 Mem:766.33M (Peak 766.33M) | Time:00:00.65 | Mem:146.18M, Peak:146.18M | Scene, ViewLayer | Updating Scene BVH | Building
Fra:1 Mem:766.33M (Peak 766.33M) | Time:00:00.65 | Mem:146.18M, Peak:146.18M | Scene, ViewLayer | Updating Scene BVH | Building BVH
Fra:1 Mem:766.33M (Peak 766.33M) | Time:00:00.65 | Mem:178.90M, Peak:178.90M | Scene, ViewLayer | Updating Scene BVH | Building BVH 0%
Fra:1 Mem:766.33M (Peak 766.33M) | Time:00:00.71 | Mem:218.18M, Peak:250.90M | Scene, ViewLayer | Updating Scene BVH | Copying BVH to device
Fra:1 Mem:766.33M (Peak 766.33M) | Time:00:00.71 | Mem:218.18M, Peak:250.90M | Scene, ViewLayer | Updating Mesh | Computing normals
Fra:1 Mem:802.70M (Peak 802.70M) | Time:00:00.73 | Mem:218.18M, Peak:250.90M | Scene, ViewLayer | Updating Mesh | Copying Mesh to device
Fra:1 Mem:802.70M (Peak 802.70M) | Time:00:00.73 | Mem:254.55M, Peak:254.55M | Scene, ViewLayer | Updating Objects Flags
Fra:1 Mem:802.70M (Peak 802.70M) | Time:00:00.73 | Mem:254.55M, Peak:254.55M | Scene, ViewLayer | Updating Primitive Offsets
Fra:1 Mem:802.70M (Peak 802.70M) | Time:00:00.73 | Mem:254.55M, Peak:254.55M | Scene, ViewLayer | Updating Images
Fra:1 Mem:798.70M (Peak 802.70M) | Time:00:00.73 | Mem:250.55M, Peak:254.55M | Scene, ViewLayer | Updating Camera Volume
Fra:1 Mem:798.70M (Peak 802.70M) | Time:00:00.73 | Mem:250.55M, Peak:254.55M | Scene, ViewLayer | Updating Lookup Tables
Fra:1 Mem:798.70M (Peak 802.70M) | Time:00:00.73 | Mem:250.63M, Peak:254.55M | Scene, ViewLayer | Updating Lights
Fra:1 Mem:798.70M (Peak 802.70M) | Time:00:00.73 | Mem:250.63M, Peak:254.55M | Scene, ViewLayer | Updating Lights | Computing tree
Fra:1 Mem:798.70M (Peak 802.70M) | Time:00:00.73 | Mem:250.63M, Peak:254.55M | Scene, ViewLayer | Updating Integrator
Fra:1 Mem:798.70M (Peak 802.70M) | Time:00:00.73 | Mem:250.63M, Peak:254.55M | Scene, ViewLayer | Updating Film
Fra:1 Mem:798.71M (Peak 802.70M) | Time:00:00.73 | Mem:250.55M, Peak:254.55M | Scene, ViewLayer | Updating Lookup Tables
Fra:1 Mem:798.71M (Peak 802.70M) | Time:00:00.73 | Mem:250.64M, Peak:254.55M | Scene, ViewLayer | Updating Baking
Fra:1 Mem:798.71M (Peak 802.70M) | Time:00:00.73 | Mem:250.64M, Peak:254.55M | Scene, ViewLayer | Updating Device | Writing constant memory
Fra:1 Mem:798.71M (Peak 802.70M) | Time:00:00.73 | Mem:250.64M, Peak:254.55M | Scene, ViewLayer | Loading denoising kernels (may take a few minutes the first time)
Fra:1 Mem:798.71M (Peak 802.70M) | Time:00:00.73 | Mem:250.64M, Peak:254.55M | Scene, ViewLayer | Sample 0/24
Fra:1 Mem:809.49M (Peak 809.49M) | Time:00:00.78 | Remaining:00:00.98 | Mem:261.34M, Peak:261.34M | Scene, ViewLayer | Sample 1/24
Fra:1 Mem:813.99M (Peak 820.74M) | Time:00:02.03 | Mem:261.34M, Peak:261.34M | Scene, ViewLayer | Sample 24/24
Fra:1 Mem:813.99M (Peak 820.74M) | Time:00:02.03 | Mem:261.34M, Peak:261.34M | Scene, ViewLayer | Finished
Saved: 'D:\Users\Lenovo\Desktop\大观园\assets\processed\crown-r10\1-4.next.png'
Time: 00:02.04 (Saving: 00:00.01)

04:06:00 | INFO: Data are loaded, start creating Blender stuff
04:06:00 | INFO: Blender create Mesh node pine_sapling_small_b
04:06:00 | INFO: Blender create Mesh node pine_sapling_small_a
04:06:01 | INFO: Blender create Mesh node pine_sapling_small_c
04:06:01 | INFO: glTF import finished in 0.41s
Fra:1 Mem:534.89M (Peak 534.89M) | Time:00:00.00 | Mem:0.00M, Peak:0.00M | Scene, ViewLayer | Synchronizing object | pine_sapling_small_a
Fra:1 Mem:534.90M (Peak 534.90M) | Time:00:00.00 | Mem:0.00M, Peak:0.00M | Scene, ViewLayer | Synchronizing object | Diffuse daylight
Fra:1 Mem:550.96M (Peak 568.78M) | Time:00:00.04 | Mem:0.00M, Peak:0.00M | Scene, ViewLayer | Initializing
Fra:1 Mem:550.95M (Peak 568.78M) | Time:00:00.04 | Mem:0.00M, Peak:0.00M | Scene, ViewLayer | Updating Images | Loading pine_sapling_small_twig_alpha_1k.png.001
Fra:1 Mem:550.95M (Peak 568.78M) | Time:00:00.04 | Mem:0.00M, Peak:0.00M | Scene, ViewLayer | Updating Images | Loading pine_sapling_small_bark_diff
Fra:1 Mem:554.95M (Peak 568.78M) | Time:00:00.04 | Mem:0.00M, Peak:0.00M | Scene, ViewLayer | Updating Images | Loading pine_sapling_small_bark_rough
Fra:1 Mem:554.95M (Peak 568.78M) | Time:00:00.04 | Mem:0.00M, Peak:0.00M | Scene, ViewLayer | Updating Images | Loading pine_sapling_small_twig_rough
Fra:1 Mem:562.96M (Peak 568.78M) | Time:00:00.04 | Mem:0.00M, Peak:0.00M | Scene, ViewLayer | Updating Images | Loading pine_sapling_small_twig_nor_gl
Fra:1 Mem:576.64M (Peak 584.99M) | Time:00:00.05 | Mem:26.00M, Peak:26.00M | Scene, ViewLayer | Waiting for render to start
Fra:1 Mem:576.64M (Peak 584.99M) | Time:00:00.05 | Mem:26.00M, Peak:26.00M | Scene, ViewLayer | Updating Scene
Fra:1 Mem:576.64M (Peak 584.99M) | Time:00:00.05 | Mem:26.00M, Peak:26.00M | Scene, ViewLayer | Updating Shaders
Fra:1 Mem:576.64M (Peak 584.99M) | Time:00:00.05 | Mem:26.00M, Peak:26.00M | Scene, ViewLayer | Loading render kernels (may take a few minutes the first time)
Fra:1 Mem:576.72M (Peak 584.99M) | Time:00:00.05 | Mem:26.00M, Peak:26.00M | Scene, ViewLayer | Updating Procedurals
Fra:1 Mem:576.72M (Peak 584.99M) | Time:00:00.05 | Mem:26.00M, Peak:26.00M | Scene, ViewLayer | Updating Background
Fra:1 Mem:576.72M (Peak 584.99M) | Time:00:00.05 | Mem:26.00M, Peak:26.00M | Scene, ViewLayer | Updating Camera
Fra:1 Mem:576.72M (Peak 584.99M) | Time:00:00.05 | Mem:26.00M, Peak:26.00M | Scene, ViewLayer | Updating Meshes Flags
Fra:1 Mem:576.72M (Peak 584.99M) | Time:00:00.05 | Mem:26.00M, Peak:26.00M | Scene, ViewLayer | Updating Objects
Fra:1 Mem:576.72M (Peak 584.99M) | Time:00:00.05 | Mem:26.00M, Peak:26.00M | Scene, ViewLayer | Updating Objects | Copying Transformations to device
Fra:1 Mem:576.72M (Peak 584.99M) | Time:00:00.05 | Mem:26.00M, Peak:26.00M | Scene, ViewLayer | Updating Particle Systems
Fra:1 Mem:576.72M (Peak 584.99M) | Time:00:00.05 | Mem:26.00M, Peak:26.00M | Scene, ViewLayer | Updating Particle Systems | Copying Particles to device
Fra:1 Mem:576.72M (Peak 584.99M) | Time:00:00.05 | Mem:26.00M, Peak:26.00M | Scene, ViewLayer | Updating Meshes
Fra:1 Mem:584.88M (Peak 584.99M) | Time:00:00.11 | Mem:26.00M, Peak:26.00M | Scene, ViewLayer | Updating Objects | Applying Static Transformations
Fra:1 Mem:584.88M (Peak 584.99M) | Time:00:00.11 | Mem:26.00M, Peak:26.00M | Scene, ViewLayer | Updating Mesh | Computing attributes
Fra:1 Mem:596.33M (Peak 596.33M) | Time:00:00.11 | Mem:26.00M, Peak:26.00M | Scene, ViewLayer | Updating Mesh | Copying Attributes to device
Fra:1 Mem:596.33M (Peak 596.33M) | Time:00:00.11 | Mem:37.46M, Peak:37.46M | Scene, ViewLayer | Updating Scene BVH | Building
Fra:1 Mem:596.33M (Peak 596.33M) | Time:00:00.11 | Mem:37.46M, Peak:37.46M | Scene, ViewLayer | Updating Scene BVH | Building BVH
Fra:1 Mem:596.33M (Peak 596.33M) | Time:00:00.11 | Mem:41.81M, Peak:41.81M | Scene, ViewLayer | Updating Scene BVH | Building BVH 0%
Fra:1 Mem:596.33M (Peak 596.33M) | Time:00:00.12 | Mem:47.00M, Peak:51.35M | Scene, ViewLayer | Updating Scene BVH | Copying BVH to device
Fra:1 Mem:596.33M (Peak 596.33M) | Time:00:00.12 | Mem:47.00M, Peak:51.35M | Scene, ViewLayer | Updating Mesh | Computing normals
Fra:1 Mem:601.85M (Peak 601.85M) | Time:00:00.12 | Mem:47.00M, Peak:51.35M | Scene, ViewLayer | Updating Mesh | Copying Mesh to device
Fra:1 Mem:601.85M (Peak 601.85M) | Time:00:00.12 | Mem:52.51M, Peak:52.51M | Scene, ViewLayer | Updating Objects Flags
Fra:1 Mem:601.85M (Peak 601.85M) | Time:00:00.12 | Mem:52.51M, Peak:52.51M | Scene, ViewLayer | Updating Primitive Offsets
Fra:1 Mem:601.85M (Peak 601.85M) | Time:00:00.12 | Mem:52.51M, Peak:52.51M | Scene, ViewLayer | Updating Images
Fra:1 Mem:597.85M (Peak 601.85M) | Time:00:00.12 | Mem:48.51M, Peak:52.51M | Scene, ViewLayer | Updating Camera Volume
Fra:1 Mem:597.85M (Peak 601.85M) | Time:00:00.12 | Mem:48.51M, Peak:52.51M | Scene, ViewLayer | Updating Lookup Tables
Fra:1 Mem:597.85M (Peak 601.85M) | Time:00:00.12 | Mem:48.60M, Peak:52.51M | Scene, ViewLayer | Updating Lights
Fra:1 Mem:597.85M (Peak 601.85M) | Time:00:00.12 | Mem:48.60M, Peak:52.51M | Scene, ViewLayer | Updating Lights | Computing tree
Fra:1 Mem:597.85M (Peak 601.85M) | Time:00:00.12 | Mem:48.60M, Peak:52.51M | Scene, ViewLayer | Updating Integrator
Fra:1 Mem:597.85M (Peak 601.85M) | Time:00:00.12 | Mem:48.60M, Peak:52.51M | Scene, ViewLayer | Updating Film
Fra:1 Mem:597.86M (Peak 601.85M) | Time:00:00.12 | Mem:48.51M, Peak:52.51M | Scene, ViewLayer | Updating Lookup Tables
Fra:1 Mem:597.86M (Peak 601.85M) | Time:00:00.12 | Mem:48.60M, Peak:52.51M | Scene, ViewLayer | Updating Baking
Fra:1 Mem:597.86M (Peak 601.85M) | Time:00:00.12 | Mem:48.60M, Peak:52.51M | Scene, ViewLayer | Updating Device | Writing constant memory
Fra:1 Mem:597.86M (Peak 601.85M) | Time:00:00.12 | Mem:48.60M, Peak:52.51M | Scene, ViewLayer | Loading denoising kernels (may take a few minutes the first time)
Fra:1 Mem:597.86M (Peak 601.85M) | Time:00:00.12 | Mem:48.60M, Peak:52.51M | Scene, ViewLayer | Sample 0/24
Fra:1 Mem:608.64M (Peak 608.64M) | Time:00:00.13 | Remaining:00:00.27 | Mem:59.30M, Peak:59.30M | Scene, ViewLayer | Sample 1/24
Fra:1 Mem:613.14M (Peak 619.89M) | Time:00:00.85 | Mem:59.30M, Peak:59.30M | Scene, ViewLayer | Sample 24/24
Fra:1 Mem:613.14M (Peak 619.89M) | Time:00:00.85 | Mem:59.30M, Peak:59.30M | Scene, ViewLayer | Finished
Saved: 'D:\Users\Lenovo\Desktop\大观园\assets\processed\crown-r10\2-0.next.png'
Time: 00:00.86 (Saving: 00:00.01)

Fra:1 Mem:538.70M (Peak 538.70M) | Time:00:00.00 | Mem:0.00M, Peak:0.00M | Scene, ViewLayer | Synchronizing object | Diffuse daylight
Fra:1 Mem:538.70M (Peak 538.70M) | Time:00:00.00 | Mem:0.00M, Peak:0.00M | Scene, ViewLayer | Synchronizing object | pine_sapling_small_a
Fra:1 Mem:550.96M (Peak 568.78M) | Time:00:00.03 | Mem:0.00M, Peak:0.00M | Scene, ViewLayer | Initializing
Fra:1 Mem:550.95M (Peak 568.78M) | Time:00:00.03 | Mem:0.00M, Peak:0.00M | Scene, ViewLayer | Updating Images | Loading pine_sapling_small_twig_alpha_1k.png.001
Fra:1 Mem:550.95M (Peak 568.78M) | Time:00:00.03 | Mem:0.00M, Peak:0.00M | Scene, ViewLayer | Updating Images | Loading pine_sapling_small_bark_diff
Fra:1 Mem:550.95M (Peak 568.78M) | Time:00:00.03 | Mem:0.00M, Peak:0.00M | Scene, ViewLayer | Updating Images | Loading pine_sapling_small_bark_rough
Fra:1 Mem:550.95M (Peak 568.78M) | Time:00:00.03 | Mem:0.00M, Peak:0.00M | Scene, ViewLayer | Updating Images | Loading pine_sapling_small_bark_nor_gl
Fra:1 Mem:558.96M (Peak 568.78M) | Time:00:00.03 | Mem:0.00M, Peak:0.00M | Scene, ViewLayer | Updating Images | Loading pine_sapling_small_twig_diff
Fra:1 Mem:566.96M (Peak 568.78M) | Time:00:00.03 | Mem:0.00M, Peak:0.00M | Scene, ViewLayer | Updating Images | Loading pine_sapling_small_twig_rough
Fra:1 Mem:566.96M (Peak 568.78M) | Time:00:00.03 | Mem:0.00M, Peak:0.00M | Scene, ViewLayer | Updating Images | Loading pine_sapling_small_twig_diff_1k.png.001
Fra:1 Mem:576.64M (Peak 584.99M) | Time:00:00.04 | Mem:26.00M, Peak:26.00M | Scene, ViewLayer | Waiting for render to start
Fra:1 Mem:576.64M (Peak 584.99M) | Time:00:00.04 | Mem:26.00M, Peak:26.00M | Scene, ViewLayer | Updating Scene
Fra:1 Mem:576.64M (Peak 584.99M) | Time:00:00.04 | Mem:26.00M, Peak:26.00M | Scene, ViewLayer | Updating Shaders
Fra:1 Mem:576.64M (Peak 584.99M) | Time:00:00.04 | Mem:26.00M, Peak:26.00M | Scene, ViewLayer | Loading render kernels (may take a few minutes the first time)
Fra:1 Mem:576.72M (Peak 584.99M) | Time:00:00.04 | Mem:26.00M, Peak:26.00M | Scene, ViewLayer | Updating Procedurals
Fra:1 Mem:576.72M (Peak 584.99M) | Time:00:00.04 | Mem:26.00M, Peak:26.00M | Scene, ViewLayer | Updating Background
Fra:1 Mem:576.72M (Peak 584.99M) | Time:00:00.04 | Mem:26.00M, Peak:26.00M | Scene, ViewLayer | Updating Camera
Fra:1 Mem:576.72M (Peak 584.99M) | Time:00:00.04 | Mem:26.00M, Peak:26.00M | Scene, ViewLayer | Updating Meshes Flags
Fra:1 Mem:576.72M (Peak 584.99M) | Time:00:00.04 | Mem:26.00M, Peak:26.00M | Scene, ViewLayer | Updating Objects
Fra:1 Mem:576.72M (Peak 584.99M) | Time:00:00.04 | Mem:26.00M, Peak:26.00M | Scene, ViewLayer | Updating Objects | Copying Transformations to device
Fra:1 Mem:576.72M (Peak 584.99M) | Time:00:00.04 | Mem:26.00M, Peak:26.00M | Scene, ViewLayer | Updating Particle Systems
Fra:1 Mem:576.72M (Peak 584.99M) | Time:00:00.04 | Mem:26.00M, Peak:26.00M | Scene, ViewLayer | Updating Particle Systems | Copying Particles to device
Fra:1 Mem:576.72M (Peak 584.99M) | Time:00:00.04 | Mem:26.00M, Peak:26.00M | Scene, ViewLayer | Updating Meshes
Fra:1 Mem:584.88M (Peak 584.99M) | Time:00:00.10 | Mem:26.00M, Peak:26.00M | Scene, ViewLayer | Updating Objects | Applying Static Transformations
Fra:1 Mem:584.88M (Peak 584.99M) | Time:00:00.10 | Mem:26.00M, Peak:26.00M | Scene, ViewLayer | Updating Mesh | Computing attributes
Fra:1 Mem:596.33M (Peak 596.33M) | Time:00:00.10 | Mem:26.00M, Peak:26.00M | Scene, ViewLayer | Updating Mesh | Copying Attributes to device
Fra:1 Mem:596.33M (Peak 596.33M) | Time:00:00.10 | Mem:37.46M, Peak:37.46M | Scene, ViewLayer | Updating Scene BVH | Building
Fra:1 Mem:596.33M (Peak 596.33M) | Time:00:00.10 | Mem:37.46M, Peak:37.46M | Scene, ViewLayer | Updating Scene BVH | Building BVH
Fra:1 Mem:596.33M (Peak 596.33M) | Time:00:00.10 | Mem:41.81M, Peak:41.81M | Scene, ViewLayer | Updating Scene BVH | Building BVH 0%
Fra:1 Mem:596.33M (Peak 596.33M) | Time:00:00.10 | Mem:47.00M, Peak:51.35M | Scene, ViewLayer | Updating Scene BVH | Copying BVH to device
Fra:1 Mem:596.33M (Peak 596.33M) | Time:00:00.10 | Mem:47.00M, Peak:51.35M | Scene, ViewLayer | Updating Mesh | Computing normals
Fra:1 Mem:601.85M (Peak 601.85M) | Time:00:00.11 | Mem:47.00M, Peak:51.35M | Scene, ViewLayer | Updating Mesh | Copying Mesh to device
Fra:1 Mem:601.85M (Peak 601.85M) | Time:00:00.11 | Mem:52.51M, Peak:52.51M | Scene, ViewLayer | Updating Objects Flags
Fra:1 Mem:601.85M (Peak 601.85M) | Time:00:00.11 | Mem:52.51M, Peak:52.51M | Scene, ViewLayer | Updating Primitive Offsets
Fra:1 Mem:601.85M (Peak 601.85M) | Time:00:00.11 | Mem:52.51M, Peak:52.51M | Scene, ViewLayer | Updating Images
Fra:1 Mem:597.85M (Peak 601.85M) | Time:00:00.11 | Mem:48.51M, Peak:52.51M | Scene, ViewLayer | Updating Camera Volume
Fra:1 Mem:597.85M (Peak 601.85M) | Time:00:00.11 | Mem:48.51M, Peak:52.51M | Scene, ViewLayer | Updating Lookup Tables
Fra:1 Mem:597.85M (Peak 601.85M) | Time:00:00.11 | Mem:48.60M, Peak:52.51M | Scene, ViewLayer | Updating Lights
Fra:1 Mem:597.85M (Peak 601.85M) | Time:00:00.11 | Mem:48.60M, Peak:52.51M | Scene, ViewLayer | Updating Lights | Computing tree
Fra:1 Mem:597.85M (Peak 601.85M) | Time:00:00.11 | Mem:48.60M, Peak:52.51M | Scene, ViewLayer | Updating Integrator
Fra:1 Mem:597.85M (Peak 601.85M) | Time:00:00.11 | Mem:48.60M, Peak:52.51M | Scene, ViewLayer | Updating Film
Fra:1 Mem:597.86M (Peak 601.85M) | Time:00:00.11 | Mem:48.51M, Peak:52.51M | Scene, ViewLayer | Updating Lookup Tables
Fra:1 Mem:597.86M (Peak 601.85M) | Time:00:00.11 | Mem:48.60M, Peak:52.51M | Scene, ViewLayer | Updating Baking
Fra:1 Mem:597.86M (Peak 601.85M) | Time:00:00.11 | Mem:48.60M, Peak:52.51M | Scene, ViewLayer | Updating Device | Writing constant memory
Fra:1 Mem:597.86M (Peak 601.85M) | Time:00:00.11 | Mem:48.60M, Peak:52.51M | Scene, ViewLayer | Loading denoising kernels (may take a few minutes the first time)
Fra:1 Mem:597.86M (Peak 601.85M) | Time:00:00.11 | Mem:48.60M, Peak:52.51M | Scene, ViewLayer | Sample 0/24
Fra:1 Mem:608.64M (Peak 608.64M) | Time:00:00.12 | Remaining:00:00.24 | Mem:59.30M, Peak:59.30M | Scene, ViewLayer | Sample 1/24
Fra:1 Mem:613.14M (Peak 619.89M) | Time:00:00.81 | Mem:59.30M, Peak:59.30M | Scene, ViewLayer | Sample 24/24
Fra:1 Mem:613.14M (Peak 619.89M) | Time:00:00.81 | Mem:59.30M, Peak:59.30M | Scene, ViewLayer | Finished
Saved: 'D:\Users\Lenovo\Desktop\大观园\assets\processed\crown-r10\2-1.next.png'
Time: 00:00.82 (Saving: 00:00.01)

Fra:1 Mem:538.70M (Peak 538.70M) | Time:00:00.00 | Mem:0.00M, Peak:0.00M | Scene, ViewLayer | Synchronizing object | Diffuse daylight
Fra:1 Mem:538.70M (Peak 538.70M) | Time:00:00.00 | Mem:0.00M, Peak:0.00M | Scene, ViewLayer | Synchronizing object | pine_sapling_small_a
Fra:1 Mem:550.96M (Peak 568.78M) | Time:00:00.02 | Mem:0.00M, Peak:0.00M | Scene, ViewLayer | Initializing
Fra:1 Mem:550.95M (Peak 568.78M) | Time:00:00.02 | Mem:0.00M, Peak:0.00M | Scene, ViewLayer | Updating Images | Loading pine_sapling_small_twig_alpha_1k.png.001
Fra:1 Mem:550.95M (Peak 568.78M) | Time:00:00.02 | Mem:0.00M, Peak:0.00M | Scene, ViewLayer | Updating Images | Loading pine_sapling_small_bark_diff
Fra:1 Mem:550.95M (Peak 568.78M) | Time:00:00.02 | Mem:0.00M, Peak:0.00M | Scene, ViewLayer | Updating Images | Loading pine_sapling_small_bark_nor_gl
Fra:1 Mem:554.95M (Peak 568.78M) | Time:00:00.02 | Mem:0.00M, Peak:0.00M | Scene, ViewLayer | Updating Images | Loading pine_sapling_small_twig_diff
Fra:1 Mem:558.96M (Peak 568.78M) | Time:00:00.02 | Mem:0.00M, Peak:0.00M | Scene, ViewLayer | Updating Images | Loading pine_sapling_small_twig_diff_1k.png.001
Fra:1 Mem:576.64M (Peak 584.99M) | Time:00:00.04 | Mem:26.00M, Peak:26.00M | Scene, ViewLayer | Waiting for render to start
Fra:1 Mem:576.64M (Peak 584.99M) | Time:00:00.04 | Mem:26.00M, Peak:26.00M | Scene, ViewLayer | Updating Scene
Fra:1 Mem:576.64M (Peak 584.99M) | Time:00:00.04 | Mem:26.00M, Peak:26.00M | Scene, ViewLayer | Updating Shaders
Fra:1 Mem:576.64M (Peak 584.99M) | Time:00:00.04 | Mem:26.00M, Peak:26.00M | Scene, ViewLayer | Loading render kernels (may take a few minutes the first time)
Fra:1 Mem:576.72M (Peak 584.99M) | Time:00:00.04 | Mem:26.00M, Peak:26.00M | Scene, ViewLayer | Updating Procedurals
Fra:1 Mem:576.72M (Peak 584.99M) | Time:00:00.04 | Mem:26.00M, Peak:26.00M | Scene, ViewLayer | Updating Background
Fra:1 Mem:576.72M (Peak 584.99M) | Time:00:00.04 | Mem:26.00M, Peak:26.00M | Scene, ViewLayer | Updating Camera
Fra:1 Mem:576.72M (Peak 584.99M) | Time:00:00.04 | Mem:26.00M, Peak:26.00M | Scene, ViewLayer | Updating Meshes Flags
Fra:1 Mem:576.72M (Peak 584.99M) | Time:00:00.04 | Mem:26.00M, Peak:26.00M | Scene, ViewLayer | Updating Objects
Fra:1 Mem:576.72M (Peak 584.99M) | Time:00:00.04 | Mem:26.00M, Peak:26.00M | Scene, ViewLayer | Updating Objects | Copying Transformations to device
Fra:1 Mem:576.72M (Peak 584.99M) | Time:00:00.04 | Mem:26.00M, Peak:26.00M | Scene, ViewLayer | Updating Particle Systems
Fra:1 Mem:576.72M (Peak 584.99M) | Time:00:00.04 | Mem:26.00M, Peak:26.00M | Scene, ViewLayer | Updating Particle Systems | Copying Particles to device
Fra:1 Mem:576.72M (Peak 584.99M) | Time:00:00.04 | Mem:26.00M, Peak:26.00M | Scene, ViewLayer | Updating Meshes
Fra:1 Mem:584.88M (Peak 584.99M) | Time:00:00.10 | Mem:26.00M, Peak:26.00M | Scene, ViewLayer | Updating Objects | Applying Static Transformations
Fra:1 Mem:584.88M (Peak 584.99M) | Time:00:00.10 | Mem:26.00M, Peak:26.00M | Scene, ViewLayer | Updating Mesh | Computing attributes
Fra:1 Mem:596.33M (Peak 596.33M) | Time:00:00.10 | Mem:26.00M, Peak:26.00M | Scene, ViewLayer | Updating Mesh | Copying Attributes to device
Fra:1 Mem:596.33M (Peak 596.33M) | Time:00:00.10 | Mem:37.46M, Peak:37.46M | Scene, ViewLayer | Updating Scene BVH | Building
Fra:1 Mem:596.33M (Peak 596.33M) | Time:00:00.10 | Mem:37.46M, Peak:37.46M | Scene, ViewLayer | Updating Scene BVH | Building BVH
Fra:1 Mem:596.33M (Peak 596.33M) | Time:00:00.10 | Mem:41.81M, Peak:41.81M | Scene, ViewLayer | Updating Scene BVH | Building BVH 0%
Fra:1 Mem:596.33M (Peak 596.33M) | Time:00:00.11 | Mem:47.00M, Peak:51.35M | Scene, ViewLayer | Updating Scene BVH | Copying BVH to device
Fra:1 Mem:596.33M (Peak 596.33M) | Time:00:00.11 | Mem:47.00M, Peak:51.35M | Scene, ViewLayer | Updating Mesh | Computing normals
Fra:1 Mem:601.85M (Peak 601.85M) | Time:00:00.11 | Mem:47.00M, Peak:51.35M | Scene, ViewLayer | Updating Mesh | Copying Mesh to device
Fra:1 Mem:601.85M (Peak 601.85M) | Time:00:00.11 | Mem:52.51M, Peak:52.51M | Scene, ViewLayer | Updating Objects Flags
Fra:1 Mem:601.85M (Peak 601.85M) | Time:00:00.11 | Mem:52.51M, Peak:52.51M | Scene, ViewLayer | Updating Primitive Offsets
Fra:1 Mem:601.85M (Peak 601.85M) | Time:00:00.11 | Mem:52.51M, Peak:52.51M | Scene, ViewLayer | Updating Images
Fra:1 Mem:597.85M (Peak 601.85M) | Time:00:00.11 | Mem:48.51M, Peak:52.51M | Scene, ViewLayer | Updating Camera Volume
Fra:1 Mem:597.85M (Peak 601.85M) | Time:00:00.11 | Mem:48.51M, Peak:52.51M | Scene, ViewLayer | Updating Lookup Tables
Fra:1 Mem:597.85M (Peak 601.85M) | Time:00:00.11 | Mem:48.60M, Peak:52.51M | Scene, ViewLayer | Updating Lights
Fra:1 Mem:597.85M (Peak 601.85M) | Time:00:00.11 | Mem:48.60M, Peak:52.51M | Scene, ViewLayer | Updating Lights | Computing tree
Fra:1 Mem:597.85M (Peak 601.85M) | Time:00:00.11 | Mem:48.60M, Peak:52.51M | Scene, ViewLayer | Updating Integrator
Fra:1 Mem:597.85M (Peak 601.85M) | Time:00:00.11 | Mem:48.60M, Peak:52.51M | Scene, ViewLayer | Updating Film
Fra:1 Mem:597.86M (Peak 601.85M) | Time:00:00.11 | Mem:48.51M, Peak:52.51M | Scene, ViewLayer | Updating Lookup Tables
Fra:1 Mem:597.86M (Peak 601.85M) | Time:00:00.11 | Mem:48.60M, Peak:52.51M | Scene, ViewLayer | Updating Baking
Fra:1 Mem:597.86M (Peak 601.85M) | Time:00:00.11 | Mem:48.60M, Peak:52.51M | Scene, ViewLayer | Updating Device | Writing constant memory
Fra:1 Mem:597.86M (Peak 601.85M) | Time:00:00.11 | Mem:48.60M, Peak:52.51M | Scene, ViewLayer | Loading denoising kernels (may take a few minutes the first time)
Fra:1 Mem:597.86M (Peak 601.85M) | Time:00:00.11 | Mem:48.60M, Peak:52.51M | Scene, ViewLayer | Sample 0/24
Fra:1 Mem:608.64M (Peak 608.64M) | Time:00:00.12 | Remaining:00:00.25 | Mem:59.30M, Peak:59.30M | Scene, ViewLayer | Sample 1/24
Fra:1 Mem:613.14M (Peak 619.89M) | Time:00:00.90 | Mem:59.30M, Peak:59.30M | Scene, ViewLayer | Sample 24/24
Fra:1 Mem:613.14M (Peak 619.89M) | Time:00:00.90 | Mem:59.30M, Peak:59.30M | Scene, ViewLayer | Finished
Saved: 'D:\Users\Lenovo\Desktop\大观园\assets\processed\crown-r10\2-2.next.png'
Time: 00:00.92 (Saving: 00:00.01)

Fra:1 Mem:538.70M (Peak 538.70M) | Time:00:00.00 | Mem:0.00M, Peak:0.00M | Scene, ViewLayer | Synchronizing object | Diffuse daylight
Fra:1 Mem:538.70M (Peak 538.70M) | Time:00:00.00 | Mem:0.00M, Peak:0.00M | Scene, ViewLayer | Synchronizing object | pine_sapling_small_a
Fra:1 Mem:550.96M (Peak 568.78M) | Time:00:00.02 | Mem:0.00M, Peak:0.00M | Scene, ViewLayer | Initializing
Fra:1 Mem:550.95M (Peak 568.78M) | Time:00:00.02 | Mem:0.00M, Peak:0.00M | Scene, ViewLayer | Updating Images | Loading pine_sapling_small_twig_alpha_1k.png.001
Fra:1 Mem:550.95M (Peak 568.78M) | Time:00:00.02 | Mem:0.00M, Peak:0.00M | Scene, ViewLayer | Updating Images | Loading pine_sapling_small_bark_diff
Fra:1 Mem:550.95M (Peak 568.78M) | Time:00:00.02 | Mem:0.00M, Peak:0.00M | Scene, ViewLayer | Updating Images | Loading pine_sapling_small_bark_rough
Fra:1 Mem:558.96M (Peak 568.78M) | Time:00:00.02 | Mem:0.00M, Peak:0.00M | Scene, ViewLayer | Updating Images | Loading pine_sapling_small_twig_nor_gl
Fra:1 Mem:558.96M (Peak 568.78M) | Time:00:00.02 | Mem:0.00M, Peak:0.00M | Scene, ViewLayer | Updating Images | Loading pine_sapling_small_twig_diff_1k.png.001
Fra:1 Mem:576.64M (Peak 584.99M) | Time:00:00.03 | Mem:26.00M, Peak:26.00M | Scene, ViewLayer | Waiting for render to start
Fra:1 Mem:576.64M (Peak 584.99M) | Time:00:00.03 | Mem:26.00M, Peak:26.00M | Scene, ViewLayer | Updating Scene
Fra:1 Mem:576.64M (Peak 584.99M) | Time:00:00.03 | Mem:26.00M, Peak:26.00M | Scene, ViewLayer | Updating Shaders
Fra:1 Mem:576.64M (Peak 584.99M) | Time:00:00.03 | Mem:26.00M, Peak:26.00M | Scene, ViewLayer | Loading render kernels (may take a few minutes the first time)
Fra:1 Mem:576.72M (Peak 584.99M) | Time:00:00.03 | Mem:26.00M, Peak:26.00M | Scene, ViewLayer | Updating Procedurals
Fra:1 Mem:576.72M (Peak 584.99M) | Time:00:00.03 | Mem:26.00M, Peak:26.00M | Scene, ViewLayer | Updating Background
Fra:1 Mem:576.72M (Peak 584.99M) | Time:00:00.03 | Mem:26.00M, Peak:26.00M | Scene, ViewLayer | Updating Camera
Fra:1 Mem:576.72M (Peak 584.99M) | Time:00:00.03 | Mem:26.00M, Peak:26.00M | Scene, ViewLayer | Updating Meshes Flags
Fra:1 Mem:576.72M (Peak 584.99M) | Time:00:00.03 | Mem:26.00M, Peak:26.00M | Scene, ViewLayer | Updating Objects
Fra:1 Mem:576.72M (Peak 584.99M) | Time:00:00.03 | Mem:26.00M, Peak:26.00M | Scene, ViewLayer | Updating Objects | Copying Transformations to device
Fra:1 Mem:576.72M (Peak 584.99M) | Time:00:00.03 | Mem:26.00M, Peak:26.00M | Scene, ViewLayer | Updating Particle Systems
Fra:1 Mem:576.72M (Peak 584.99M) | Time:00:00.03 | Mem:26.00M, Peak:26.00M | Scene, ViewLayer | Updating Particle Systems | Copying Particles to device
Fra:1 Mem:576.72M (Peak 584.99M) | Time:00:00.03 | Mem:26.00M, Peak:26.00M | Scene, ViewLayer | Updating Meshes
Fra:1 Mem:584.88M (Peak 584.99M) | Time:00:00.09 | Mem:26.00M, Peak:26.00M | Scene, ViewLayer | Updating Objects | Applying Static Transformations
Fra:1 Mem:584.88M (Peak 584.99M) | Time:00:00.09 | Mem:26.00M, Peak:26.00M | Scene, ViewLayer | Updating Mesh | Computing attributes
Fra:1 Mem:596.33M (Peak 596.33M) | Time:00:00.09 | Mem:26.00M, Peak:26.00M | Scene, ViewLayer | Updating Mesh | Copying Attributes to device
Fra:1 Mem:596.33M (Peak 596.33M) | Time:00:00.09 | Mem:37.46M, Peak:37.46M | Scene, ViewLayer | Updating Scene BVH | Building
Fra:1 Mem:596.33M (Peak 596.33M) | Time:00:00.09 | Mem:37.46M, Peak:37.46M | Scene, ViewLayer | Updating Scene BVH | Building BVH
Fra:1 Mem:596.33M (Peak 596.33M) | Time:00:00.09 | Mem:41.81M, Peak:41.81M | Scene, ViewLayer | Updating Scene BVH | Building BVH 0%
Fra:1 Mem:596.33M (Peak 596.33M) | Time:00:00.10 | Mem:47.00M, Peak:51.35M | Scene, ViewLayer | Updating Scene BVH | Copying BVH to device
Fra:1 Mem:596.33M (Peak 596.33M) | Time:00:00.10 | Mem:47.00M, Peak:51.35M | Scene, ViewLayer | Updating Mesh | Computing normals
Fra:1 Mem:601.85M (Peak 601.85M) | Time:00:00.10 | Mem:47.00M, Peak:51.35M | Scene, ViewLayer | Updating Mesh | Copying Mesh to device
Fra:1 Mem:601.85M (Peak 601.85M) | Time:00:00.10 | Mem:52.51M, Peak:52.51M | Scene, ViewLayer | Updating Objects Flags
Fra:1 Mem:601.85M (Peak 601.85M) | Time:00:00.10 | Mem:52.51M, Peak:52.51M | Scene, ViewLayer | Updating Primitive Offsets
Fra:1 Mem:601.85M (Peak 601.85M) | Time:00:00.10 | Mem:52.51M, Peak:52.51M | Scene, ViewLayer | Updating Images
Fra:1 Mem:597.85M (Peak 601.85M) | Time:00:00.10 | Mem:48.51M, Peak:52.51M | Scene, ViewLayer | Updating Camera Volume
Fra:1 Mem:597.85M (Peak 601.85M) | Time:00:00.10 | Mem:48.51M, Peak:52.51M | Scene, ViewLayer | Updating Lookup Tables
Fra:1 Mem:597.85M (Peak 601.85M) | Time:00:00.10 | Mem:48.60M, Peak:52.51M | Scene, ViewLayer | Updating Lights
Fra:1 Mem:597.85M (Peak 601.85M) | Time:00:00.10 | Mem:48.60M, Peak:52.51M | Scene, ViewLayer | Updating Lights | Computing tree
Fra:1 Mem:597.85M (Peak 601.85M) | Time:00:00.10 | Mem:48.60M, Peak:52.51M | Scene, ViewLayer | Updating Integrator
Fra:1 Mem:597.85M (Peak 601.85M) | Time:00:00.10 | Mem:48.60M, Peak:52.51M | Scene, ViewLayer | Updating Film
Fra:1 Mem:597.86M (Peak 601.85M) | Time:00:00.10 | Mem:48.51M, Peak:52.51M | Scene, ViewLayer | Updating Lookup Tables
Fra:1 Mem:597.86M (Peak 601.85M) | Time:00:00.10 | Mem:48.60M, Peak:52.51M | Scene, ViewLayer | Updating Baking
Fra:1 Mem:597.86M (Peak 601.85M) | Time:00:00.10 | Mem:48.60M, Peak:52.51M | Scene, ViewLayer | Updating Device | Writing constant memory
Fra:1 Mem:597.86M (Peak 601.85M) | Time:00:00.10 | Mem:48.60M, Peak:52.51M | Scene, ViewLayer | Loading denoising kernels (may take a few minutes the first time)
Fra:1 Mem:597.86M (Peak 601.85M) | Time:00:00.10 | Mem:48.60M, Peak:52.51M | Scene, ViewLayer | Sample 0/24
Fra:1 Mem:608.64M (Peak 608.64M) | Time:00:00.11 | Remaining:00:00.29 | Mem:59.30M, Peak:59.30M | Scene, ViewLayer | Sample 1/24
Fra:1 Mem:613.14M (Peak 619.89M) | Time:00:00.90 | Mem:59.30M, Peak:59.30M | Scene, ViewLayer | Sample 24/24
Fra:1 Mem:613.14M (Peak 619.89M) | Time:00:00.90 | Mem:59.30M, Peak:59.30M | Scene, ViewLayer | Finished
Saved: 'D:\Users\Lenovo\Desktop\大观园\assets\processed\crown-r10\2-3.next.png'
Time: 00:00.92 (Saving: 00:00.01)

Fra:1 Mem:538.70M (Peak 538.70M) | Time:00:00.00 | Mem:0.00M, Peak:0.00M | Scene, ViewLayer | Synchronizing object | pine_sapling_small_a
Fra:1 Mem:538.70M (Peak 538.70M) | Time:00:00.00 | Mem:0.00M, Peak:0.00M | Scene, ViewLayer | Synchronizing object | Diffuse daylight
Fra:1 Mem:550.96M (Peak 568.78M) | Time:00:00.03 | Mem:0.00M, Peak:0.00M | Scene, ViewLayer | Initializing
Fra:1 Mem:550.95M (Peak 568.78M) | Time:00:00.03 | Mem:0.00M, Peak:0.00M | Scene, ViewLayer | Updating Images | Loading pine_sapling_small_twig_alpha_1k.png.001
Fra:1 Mem:550.95M (Peak 568.78M) | Time:00:00.03 | Mem:0.00M, Peak:0.00M | Scene, ViewLayer | Updating Images | Loading pine_sapling_small_bark_diff
Fra:1 Mem:550.95M (Peak 568.78M) | Time:00:00.03 | Mem:0.00M, Peak:0.00M | Scene, ViewLayer | Updating Images | Loading pine_sapling_small_twig_rough
Fra:1 Mem:554.95M (Peak 568.78M) | Time:00:00.03 | Mem:0.00M, Peak:0.00M | Scene, ViewLayer | Updating Images | Loading pine_sapling_small_twig_diff_1k.png.001
Fra:1 Mem:576.64M (Peak 584.99M) | Time:00:00.04 | Mem:26.00M, Peak:26.00M | Scene, ViewLayer | Waiting for render to start
Fra:1 Mem:576.64M (Peak 584.99M) | Time:00:00.04 | Mem:26.00M, Peak:26.00M | Scene, ViewLayer | Updating Scene
Fra:1 Mem:576.64M (Peak 584.99M) | Time:00:00.04 | Mem:26.00M, Peak:26.00M | Scene, ViewLayer | Updating Shaders
Fra:1 Mem:576.64M (Peak 584.99M) | Time:00:00.04 | Mem:26.00M, Peak:26.00M | Scene, ViewLayer | Loading render kernels (may take a few minutes the first time)
Fra:1 Mem:576.72M (Peak 584.99M) | Time:00:00.04 | Mem:26.00M, Peak:26.00M | Scene, ViewLayer | Updating Procedurals
Fra:1 Mem:576.72M (Peak 584.99M) | Time:00:00.04 | Mem:26.00M, Peak:26.00M | Scene, ViewLayer | Updating Background
Fra:1 Mem:576.72M (Peak 584.99M) | Time:00:00.04 | Mem:26.00M, Peak:26.00M | Scene, ViewLayer | Updating Camera
Fra:1 Mem:576.72M (Peak 584.99M) | Time:00:00.04 | Mem:26.00M, Peak:26.00M | Scene, ViewLayer | Updating Meshes Flags
Fra:1 Mem:576.72M (Peak 584.99M) | Time:00:00.04 | Mem:26.00M, Peak:26.00M | Scene, ViewLayer | Updating Objects
Fra:1 Mem:576.72M (Peak 584.99M) | Time:00:00.04 | Mem:26.00M, Peak:26.00M | Scene, ViewLayer | Updating Objects | Copying Transformations to device
Fra:1 Mem:576.72M (Peak 584.99M) | Time:00:00.04 | Mem:26.00M, Peak:26.00M | Scene, ViewLayer | Updating Particle Systems
Fra:1 Mem:576.72M (Peak 584.99M) | Time:00:00.04 | Mem:26.00M, Peak:26.00M | Scene, ViewLayer | Updating Particle Systems | Copying Particles to device
Fra:1 Mem:576.72M (Peak 584.99M) | Time:00:00.04 | Mem:26.00M, Peak:26.00M | Scene, ViewLayer | Updating Meshes
Fra:1 Mem:584.88M (Peak 584.99M) | Time:00:00.11 | Mem:26.00M, Peak:26.00M | Scene, ViewLayer | Updating Objects | Applying Static Transformations
Fra:1 Mem:584.88M (Peak 584.99M) | Time:00:00.11 | Mem:26.00M, Peak:26.00M | Scene, ViewLayer | Updating Mesh | Computing attributes
Fra:1 Mem:596.33M (Peak 596.33M) | Time:00:00.11 | Mem:26.00M, Peak:26.00M | Scene, ViewLayer | Updating Mesh | Copying Attributes to device
Fra:1 Mem:596.33M (Peak 596.33M) | Time:00:00.11 | Mem:37.46M, Peak:37.46M | Scene, ViewLayer | Updating Scene BVH | Building
Fra:1 Mem:596.33M (Peak 596.33M) | Time:00:00.11 | Mem:37.46M, Peak:37.46M | Scene, ViewLayer | Updating Scene BVH | Building BVH
Fra:1 Mem:596.33M (Peak 596.33M) | Time:00:00.11 | Mem:41.81M, Peak:41.81M | Scene, ViewLayer | Updating Scene BVH | Building BVH 0%
Fra:1 Mem:596.33M (Peak 596.33M) | Time:00:00.12 | Mem:47.00M, Peak:51.35M | Scene, ViewLayer | Updating Scene BVH | Copying BVH to device
Fra:1 Mem:596.33M (Peak 596.33M) | Time:00:00.12 | Mem:47.00M, Peak:51.35M | Scene, ViewLayer | Updating Mesh | Computing normals
Fra:1 Mem:601.85M (Peak 601.85M) | Time:00:00.12 | Mem:47.00M, Peak:51.35M | Scene, ViewLayer | Updating Mesh | Copying Mesh to device
Fra:1 Mem:601.85M (Peak 601.85M) | Time:00:00.12 | Mem:52.51M, Peak:52.51M | Scene, ViewLayer | Updating Objects Flags
Fra:1 Mem:601.85M (Peak 601.85M) | Time:00:00.12 | Mem:52.51M, Peak:52.51M | Scene, ViewLayer | Updating Primitive Offsets
Fra:1 Mem:601.85M (Peak 601.85M) | Time:00:00.12 | Mem:52.51M, Peak:52.51M | Scene, ViewLayer | Updating Images
Fra:1 Mem:597.85M (Peak 601.85M) | Time:00:00.12 | Mem:48.51M, Peak:52.51M | Scene, ViewLayer | Updating Camera Volume
Fra:1 Mem:597.85M (Peak 601.85M) | Time:00:00.12 | Mem:48.51M, Peak:52.51M | Scene, ViewLayer | Updating Lookup Tables
Fra:1 Mem:597.85M (Peak 601.85M) | Time:00:00.12 | Mem:48.60M, Peak:52.51M | Scene, ViewLayer | Updating Lights
Fra:1 Mem:597.85M (Peak 601.85M) | Time:00:00.12 | Mem:48.60M, Peak:52.51M | Scene, ViewLayer | Updating Lights | Computing tree
Fra:1 Mem:597.85M (Peak 601.85M) | Time:00:00.12 | Mem:48.60M, Peak:52.51M | Scene, ViewLayer | Updating Integrator
Fra:1 Mem:597.85M (Peak 601.85M) | Time:00:00.12 | Mem:48.60M, Peak:52.51M | Scene, ViewLayer | Updating Film
Fra:1 Mem:597.86M (Peak 601.85M) | Time:00:00.12 | Mem:48.51M, Peak:52.51M | Scene, ViewLayer | Updating Lookup Tables
Fra:1 Mem:597.86M (Peak 601.85M) | Time:00:00.12 | Mem:48.60M, Peak:52.51M | Scene, ViewLayer | Updating Baking
Fra:1 Mem:597.86M (Peak 601.85M) | Time:00:00.12 | Mem:48.60M, Peak:52.51M | Scene, ViewLayer | Updating Device | Writing constant memory
Fra:1 Mem:597.86M (Peak 601.85M) | Time:00:00.12 | Mem:48.60M, Peak:52.51M | Scene, ViewLayer | Loading denoising kernels (may take a few minutes the first time)
Fra:1 Mem:597.86M (Peak 601.85M) | Time:00:00.12 | Mem:48.60M, Peak:52.51M | Scene, ViewLayer | Sample 0/24
Fra:1 Mem:608.64M (Peak 608.64M) | Time:00:00.13 | Remaining:00:00.30 | Mem:59.30M, Peak:59.30M | Scene, ViewLayer | Sample 1/24
Fra:1 Mem:613.14M (Peak 619.89M) | Time:00:00.94 | Mem:59.30M, Peak:59.30M | Scene, ViewLayer | Sample 24/24
Fra:1 Mem:613.14M (Peak 619.89M) | Time:00:00.94 | Mem:59.30M, Peak:59.30M | Scene, ViewLayer | Finished
Saved: 'D:\Users\Lenovo\Desktop\大观园\assets\processed\crown-r10\2-4.next.png'
Time: 00:00.95 (Saving: 00:00.01)

04:06:06 | INFO: Data are loaded, start creating Blender stuff
04:06:06 | INFO: Blender create Mesh node island_trees_01_blockout_cleaned
04:06:08 | INFO: glTF import finished in 1.61s
Fra:1 Mem:713.28M (Peak 713.28M) | Time:00:00.00 | Mem:0.00M, Peak:0.00M | Scene, ViewLayer | Synchronizing object | Diffuse daylight
Fra:1 Mem:713.28M (Peak 713.28M) | Time:00:00.00 | Mem:0.00M, Peak:0.00M | Scene, ViewLayer | Synchronizing object | island_tree_01_LOD0
Fra:1 Mem:933.13M (Peak 969.73M) | Time:00:00.30 | Mem:0.00M, Peak:0.00M | Scene, ViewLayer | Initializing
Fra:1 Mem:933.12M (Peak 969.73M) | Time:00:00.30 | Mem:0.00M, Peak:0.00M | Scene, ViewLayer | Updating Images | Loading island_tree_01_branches_nor_gl
Fra:1 Mem:933.12M (Peak 969.73M) | Time:00:00.30 | Mem:0.00M, Peak:0.00M | Scene, ViewLayer | Updating Images | Loading island_tree_01_diff
Fra:1 Mem:941.12M (Peak 969.73M) | Time:00:00.30 | Mem:0.00M, Peak:0.00M | Scene, ViewLayer | Updating Images | Loading island_tree_01_rough
Fra:1 Mem:945.12M (Peak 969.73M) | Time:00:00.30 | Mem:0.00M, Peak:0.00M | Scene, ViewLayer | Updating Images | Loading island_tree_01_nor_gl
Fra:1 Mem:945.12M (Peak 969.73M) | Time:00:00.30 | Mem:0.00M, Peak:0.00M | Scene, ViewLayer | Updating Images | Loading island_tree_01_leaves_diff-island_tree_01_leaves_alpha
Fra:1 Mem:949.12M (Peak 969.73M) | Time:00:00.30 | Mem:0.00M, Peak:0.00M | Scene, ViewLayer | Updating Images | Loading island_tree_01_leaves_rough
Fra:1 Mem:957.13M (Peak 969.73M) | Time:00:00.30 | Mem:0.00M, Peak:0.00M | Scene, ViewLayer | Updating Images | Loading island_tree_01_leaves_nor_gl
Fra:1 Mem:957.13M (Peak 969.73M) | Time:00:00.30 | Mem:0.00M, Peak:0.00M | Scene, ViewLayer | Updating Images | Loading island_tree_01_leaves_diff_1k.png.002
Fra:1 Mem:962.14M (Peak 969.73M) | Time:00:00.30 | Mem:1.00M, Peak:1.00M | Scene, ViewLayer | Updating Images | Loading island_tree_01_leaves_alpha_1k.png.002
Fra:1 Mem:963.14M (Peak 969.73M) | Time:00:00.31 | Mem:2.00M, Peak:2.00M | Scene, ViewLayer | Updating Images | Loading island_tree_01_branches_diff
Fra:1 Mem:967.14M (Peak 971.15M) | Time:00:00.31 | Mem:6.00M, Peak:6.00M | Scene, ViewLayer | Updating Images | Loading island_tree_01_branches_rough
Fra:1 Mem:970.71M (Peak 983.16M) | Time:00:00.32 | Mem:38.00M, Peak:38.00M | Scene, ViewLayer | Waiting for render to start
Fra:1 Mem:970.71M (Peak 983.16M) | Time:00:00.32 | Mem:38.00M, Peak:38.00M | Scene, ViewLayer | Updating Scene
Fra:1 Mem:970.71M (Peak 983.16M) | Time:00:00.32 | Mem:38.00M, Peak:38.00M | Scene, ViewLayer | Updating Shaders
Fra:1 Mem:970.71M (Peak 983.16M) | Time:00:00.32 | Mem:38.00M, Peak:38.00M | Scene, ViewLayer | Loading render kernels (may take a few minutes the first time)
Fra:1 Mem:970.80M (Peak 983.16M) | Time:00:00.32 | Mem:38.00M, Peak:38.00M | Scene, ViewLayer | Updating Procedurals
Fra:1 Mem:970.80M (Peak 983.16M) | Time:00:00.32 | Mem:38.00M, Peak:38.00M | Scene, ViewLayer | Updating Background
Fra:1 Mem:970.80M (Peak 983.16M) | Time:00:00.32 | Mem:38.00M, Peak:38.00M | Scene, ViewLayer | Updating Camera
Fra:1 Mem:970.80M (Peak 983.16M) | Time:00:00.32 | Mem:38.00M, Peak:38.00M | Scene, ViewLayer | Updating Meshes Flags
Fra:1 Mem:970.80M (Peak 983.16M) | Time:00:00.32 | Mem:38.00M, Peak:38.00M | Scene, ViewLayer | Updating Objects
Fra:1 Mem:970.80M (Peak 983.16M) | Time:00:00.32 | Mem:38.00M, Peak:38.00M | Scene, ViewLayer | Updating Objects | Copying Transformations to device
Fra:1 Mem:970.80M (Peak 983.16M) | Time:00:00.32 | Mem:38.00M, Peak:38.00M | Scene, ViewLayer | Updating Particle Systems
Fra:1 Mem:970.80M (Peak 983.16M) | Time:00:00.32 | Mem:38.00M, Peak:38.00M | Scene, ViewLayer | Updating Particle Systems | Copying Particles to device
Fra:1 Mem:970.80M (Peak 983.16M) | Time:00:00.32 | Mem:38.00M, Peak:38.00M | Scene, ViewLayer | Updating Meshes
Fra:1 Mem:1062.32M (Peak 1062.32M) | Time:00:01.30 | Mem:38.00M, Peak:38.00M | Scene, ViewLayer | Updating Objects | Applying Static Transformations
Fra:1 Mem:1062.32M (Peak 1062.32M) | Time:00:01.30 | Mem:38.00M, Peak:38.00M | Scene, ViewLayer | Updating Mesh | Computing attributes
Fra:1 Mem:1223.67M (Peak 1223.67M) | Time:00:01.35 | Mem:38.00M, Peak:38.00M | Scene, ViewLayer | Updating Mesh | Copying Attributes to device
Fra:1 Mem:1223.67M (Peak 1223.67M) | Time:00:01.35 | Mem:199.36M, Peak:199.36M | Scene, ViewLayer | Updating Scene BVH | Building
Fra:1 Mem:1223.67M (Peak 1223.67M) | Time:00:01.35 | Mem:199.36M, Peak:199.36M | Scene, ViewLayer | Updating Scene BVH | Building BVH
Fra:1 Mem:1223.67M (Peak 1223.67M) | Time:00:01.35 | Mem:248.17M, Peak:248.17M | Scene, ViewLayer | Updating Scene BVH | Building BVH 0%
Fra:1 Mem:1223.67M (Peak 1223.67M) | Time:00:01.45 | Mem:309.36M, Peak:358.17M | Scene, ViewLayer | Updating Scene BVH | Copying BVH to device
Fra:1 Mem:1223.67M (Peak 1223.67M) | Time:00:01.45 | Mem:309.36M, Peak:358.17M | Scene, ViewLayer | Updating Mesh | Computing normals
Fra:1 Mem:1277.92M (Peak 1277.92M) | Time:00:01.49 | Mem:309.36M, Peak:358.17M | Scene, ViewLayer | Updating Mesh | Copying Mesh to device
Fra:1 Mem:1277.92M (Peak 1277.92M) | Time:00:01.49 | Mem:363.61M, Peak:363.61M | Scene, ViewLayer | Updating Objects Flags
Fra:1 Mem:1277.92M (Peak 1277.92M) | Time:00:01.49 | Mem:363.61M, Peak:363.61M | Scene, ViewLayer | Updating Primitive Offsets
Fra:1 Mem:1277.92M (Peak 1277.92M) | Time:00:01.49 | Mem:363.61M, Peak:363.61M | Scene, ViewLayer | Updating Images
Fra:1 Mem:1273.92M (Peak 1277.92M) | Time:00:01.49 | Mem:359.61M, Peak:363.61M | Scene, ViewLayer | Updating Camera Volume
Fra:1 Mem:1273.92M (Peak 1277.92M) | Time:00:01.49 | Mem:359.61M, Peak:363.61M | Scene, ViewLayer | Updating Lookup Tables
Fra:1 Mem:1273.92M (Peak 1277.92M) | Time:00:01.49 | Mem:359.69M, Peak:363.61M | Scene, ViewLayer | Updating Lights
Fra:1 Mem:1273.92M (Peak 1277.92M) | Time:00:01.49 | Mem:359.69M, Peak:363.61M | Scene, ViewLayer | Updating Lights | Computing tree
Fra:1 Mem:1273.92M (Peak 1277.92M) | Time:00:01.49 | Mem:359.69M, Peak:363.61M | Scene, ViewLayer | Updating Integrator
Fra:1 Mem:1273.92M (Peak 1277.92M) | Time:00:01.49 | Mem:359.69M, Peak:363.61M | Scene, ViewLayer | Updating Film
Fra:1 Mem:1273.92M (Peak 1277.92M) | Time:00:01.49 | Mem:359.61M, Peak:363.61M | Scene, ViewLayer | Updating Lookup Tables
Fra:1 Mem:1273.92M (Peak 1277.92M) | Time:00:01.49 | Mem:359.69M, Peak:363.61M | Scene, ViewLayer | Updating Baking
Fra:1 Mem:1273.92M (Peak 1277.92M) | Time:00:01.49 | Mem:359.69M, Peak:363.61M | Scene, ViewLayer | Updating Device | Writing constant memory
Fra:1 Mem:1273.92M (Peak 1277.92M) | Time:00:01.49 | Mem:359.69M, Peak:363.61M | Scene, ViewLayer | Loading denoising kernels (may take a few minutes the first time)
Fra:1 Mem:1273.92M (Peak 1277.92M) | Time:00:01.49 | Mem:359.69M, Peak:363.61M | Scene, ViewLayer | Sample 0/24
Fra:1 Mem:1284.70M (Peak 1284.70M) | Time:00:01.51 | Remaining:00:00.57 | Mem:370.39M, Peak:370.39M | Scene, ViewLayer | Sample 1/24
Fra:1 Mem:1289.20M (Peak 1295.96M) | Time:00:02.43 | Mem:370.39M, Peak:370.39M | Scene, ViewLayer | Sample 24/24
Fra:1 Mem:1289.20M (Peak 1295.96M) | Time:00:02.43 | Mem:370.39M, Peak:370.39M | Scene, ViewLayer | Finished
Saved: 'D:\Users\Lenovo\Desktop\大观园\assets\processed\crown-r10\3-0.next.png'
Time: 00:02.47 (Saving: 00:00.01)

Fra:1 Mem:810.90M (Peak 810.90M) | Time:00:00.00 | Mem:0.00M, Peak:0.00M | Scene, ViewLayer | Synchronizing object | island_tree_01_LOD0
Fra:1 Mem:810.90M (Peak 810.90M) | Time:00:00.00 | Mem:0.00M, Peak:0.00M | Scene, ViewLayer | Synchronizing object | Diffuse daylight
Fra:1 Mem:933.13M (Peak 969.73M) | Time:00:00.07 | Mem:0.00M, Peak:0.00M | Scene, ViewLayer | Initializing
Fra:1 Mem:933.12M (Peak 969.73M) | Time:00:00.07 | Mem:0.00M, Peak:0.00M | Scene, ViewLayer | Updating Images | Loading island_tree_01_branches_nor_gl
Fra:1 Mem:937.12M (Peak 969.73M) | Time:00:00.07 | Mem:0.00M, Peak:0.00M | Scene, ViewLayer | Updating Images | Loading island_tree_01_diff
Fra:1 Mem:937.12M (Peak 969.73M) | Time:00:00.07 | Mem:0.00M, Peak:0.00M | Scene, ViewLayer | Updating Images | Loading island_tree_01_leaves_rough
Fra:1 Mem:957.13M (Peak 969.73M) | Time:00:00.07 | Mem:0.00M, Peak:0.00M | Scene, ViewLayer | Updating Images | Loading island_tree_01_leaves_nor_gl
Fra:1 Mem:961.13M (Peak 969.73M) | Time:00:00.07 | Mem:0.00M, Peak:0.00M | Scene, ViewLayer | Updating Images | Loading island_tree_01_leaves_diff_1k.png.002
Fra:1 Mem:962.14M (Peak 969.73M) | Time:00:00.07 | Mem:1.00M, Peak:1.00M | Scene, ViewLayer | Updating Images | Loading island_tree_01_leaves_alpha_1k.png.002
Fra:1 Mem:963.14M (Peak 969.73M) | Time:00:00.08 | Mem:2.00M, Peak:2.00M | Scene, ViewLayer | Updating Images | Loading island_tree_01_branches_diff
Fra:1 Mem:967.14M (Peak 971.15M) | Time:00:00.08 | Mem:6.00M, Peak:6.00M | Scene, ViewLayer | Updating Images | Loading island_tree_01_branches_rough
Fra:1 Mem:970.71M (Peak 983.16M) | Time:00:00.09 | Mem:38.00M, Peak:38.00M | Scene, ViewLayer | Waiting for render to start
Fra:1 Mem:970.71M (Peak 983.16M) | Time:00:00.09 | Mem:38.00M, Peak:38.00M | Scene, ViewLayer | Updating Scene
Fra:1 Mem:970.71M (Peak 983.16M) | Time:00:00.09 | Mem:38.00M, Peak:38.00M | Scene, ViewLayer | Updating Shaders
Fra:1 Mem:970.71M (Peak 983.16M) | Time:00:00.09 | Mem:38.00M, Peak:38.00M | Scene, ViewLayer | Loading render kernels (may take a few minutes the first time)
Fra:1 Mem:970.80M (Peak 983.16M) | Time:00:00.09 | Mem:38.00M, Peak:38.00M | Scene, ViewLayer | Updating Procedurals
Fra:1 Mem:970.80M (Peak 983.16M) | Time:00:00.09 | Mem:38.00M, Peak:38.00M | Scene, ViewLayer | Updating Background
Fra:1 Mem:970.80M (Peak 983.16M) | Time:00:00.09 | Mem:38.00M, Peak:38.00M | Scene, ViewLayer | Updating Camera
Fra:1 Mem:970.80M (Peak 983.16M) | Time:00:00.09 | Mem:38.00M, Peak:38.00M | Scene, ViewLayer | Updating Meshes Flags
Fra:1 Mem:970.80M (Peak 983.16M) | Time:00:00.09 | Mem:38.00M, Peak:38.00M | Scene, ViewLayer | Updating Objects
Fra:1 Mem:970.80M (Peak 983.16M) | Time:00:00.09 | Mem:38.00M, Peak:38.00M | Scene, ViewLayer | Updating Objects | Copying Transformations to device
Fra:1 Mem:970.80M (Peak 983.16M) | Time:00:00.09 | Mem:38.00M, Peak:38.00M | Scene, ViewLayer | Updating Particle Systems
Fra:1 Mem:970.80M (Peak 983.16M) | Time:00:00.09 | Mem:38.00M, Peak:38.00M | Scene, ViewLayer | Updating Particle Systems | Copying Particles to device
Fra:1 Mem:970.80M (Peak 983.16M) | Time:00:00.09 | Mem:38.00M, Peak:38.00M | Scene, ViewLayer | Updating Meshes
Fra:1 Mem:1062.32M (Peak 1062.32M) | Time:00:01.02 | Mem:38.00M, Peak:38.00M | Scene, ViewLayer | Updating Objects | Applying Static Transformations
Fra:1 Mem:1062.32M (Peak 1062.32M) | Time:00:01.02 | Mem:38.00M, Peak:38.00M | Scene, ViewLayer | Updating Mesh | Computing attributes
Fra:1 Mem:1223.67M (Peak 1223.67M) | Time:00:01.06 | Mem:38.00M, Peak:38.00M | Scene, ViewLayer | Updating Mesh | Copying Attributes to device
Fra:1 Mem:1223.67M (Peak 1223.67M) | Time:00:01.06 | Mem:199.36M, Peak:199.36M | Scene, ViewLayer | Updating Scene BVH | Building
Fra:1 Mem:1223.67M (Peak 1223.67M) | Time:00:01.06 | Mem:199.36M, Peak:199.36M | Scene, ViewLayer | Updating Scene BVH | Building BVH
Fra:1 Mem:1223.67M (Peak 1223.67M) | Time:00:01.06 | Mem:248.17M, Peak:248.17M | Scene, ViewLayer | Updating Scene BVH | Building BVH 0%
Fra:1 Mem:1223.67M (Peak 1223.67M) | Time:00:01.15 | Mem:309.36M, Peak:358.17M | Scene, ViewLayer | Updating Scene BVH | Copying BVH to device
Fra:1 Mem:1223.67M (Peak 1223.67M) | Time:00:01.15 | Mem:309.36M, Peak:358.17M | Scene, ViewLayer | Updating Mesh | Computing normals
Fra:1 Mem:1277.92M (Peak 1277.92M) | Time:00:01.18 | Mem:309.36M, Peak:358.17M | Scene, ViewLayer | Updating Mesh | Copying Mesh to device
Fra:1 Mem:1277.92M (Peak 1277.92M) | Time:00:01.18 | Mem:363.61M, Peak:363.61M | Scene, ViewLayer | Updating Objects Flags
Fra:1 Mem:1277.92M (Peak 1277.92M) | Time:00:01.18 | Mem:363.61M, Peak:363.61M | Scene, ViewLayer | Updating Primitive Offsets
Fra:1 Mem:1277.92M (Peak 1277.92M) | Time:00:01.18 | Mem:363.61M, Peak:363.61M | Scene, ViewLayer | Updating Images
Fra:1 Mem:1273.92M (Peak 1277.92M) | Time:00:01.18 | Mem:359.61M, Peak:363.61M | Scene, ViewLayer | Updating Camera Volume
Fra:1 Mem:1273.92M (Peak 1277.92M) | Time:00:01.18 | Mem:359.61M, Peak:363.61M | Scene, ViewLayer | Updating Lookup Tables
Fra:1 Mem:1273.92M (Peak 1277.92M) | Time:00:01.18 | Mem:359.69M, Peak:363.61M | Scene, ViewLayer | Updating Lights
Fra:1 Mem:1273.92M (Peak 1277.92M) | Time:00:01.18 | Mem:359.69M, Peak:363.61M | Scene, ViewLayer | Updating Lights | Computing tree
Fra:1 Mem:1273.92M (Peak 1277.92M) | Time:00:01.18 | Mem:359.69M, Peak:363.61M | Scene, ViewLayer | Updating Integrator
Fra:1 Mem:1273.92M (Peak 1277.92M) | Time:00:01.18 | Mem:359.69M, Peak:363.61M | Scene, ViewLayer | Updating Film
Fra:1 Mem:1273.92M (Peak 1277.92M) | Time:00:01.18 | Mem:359.61M, Peak:363.61M | Scene, ViewLayer | Updating Lookup Tables
Fra:1 Mem:1273.92M (Peak 1277.92M) | Time:00:01.18 | Mem:359.69M, Peak:363.61M | Scene, ViewLayer | Updating Baking
Fra:1 Mem:1273.92M (Peak 1277.92M) | Time:00:01.18 | Mem:359.69M, Peak:363.61M | Scene, ViewLayer | Updating Device | Writing constant memory
Fra:1 Mem:1273.92M (Peak 1277.92M) | Time:00:01.18 | Mem:359.69M, Peak:363.61M | Scene, ViewLayer | Loading denoising kernels (may take a few minutes the first time)
Fra:1 Mem:1273.92M (Peak 1277.92M) | Time:00:01.18 | Mem:359.69M, Peak:363.61M | Scene, ViewLayer | Sample 0/24
Fra:1 Mem:1284.70M (Peak 1284.70M) | Time:00:01.20 | Remaining:00:00.44 | Mem:370.39M, Peak:370.39M | Scene, ViewLayer | Sample 1/24
Fra:1 Mem:1289.21M (Peak 1295.96M) | Time:00:02.17 | Mem:370.39M, Peak:370.39M | Scene, ViewLayer | Sample 24/24
Fra:1 Mem:1289.21M (Peak 1295.96M) | Time:00:02.17 | Mem:370.39M, Peak:370.39M | Scene, ViewLayer | Finished
Saved: 'D:\Users\Lenovo\Desktop\大观园\assets\processed\crown-r10\3-1.next.png'
Time: 00:02.20 (Saving: 00:00.01)

Fra:1 Mem:810.90M (Peak 810.90M) | Time:00:00.00 | Mem:0.00M, Peak:0.00M | Scene, ViewLayer | Synchronizing object | island_tree_01_LOD0
Fra:1 Mem:813.62M (Peak 813.62M) | Time:00:00.00 | Mem:0.00M, Peak:0.00M | Scene, ViewLayer | Synchronizing object | Diffuse daylight
Fra:1 Mem:933.13M (Peak 969.73M) | Time:00:00.06 | Mem:0.00M, Peak:0.00M | Scene, ViewLayer | Initializing
Fra:1 Mem:933.12M (Peak 969.73M) | Time:00:00.06 | Mem:0.00M, Peak:0.00M | Scene, ViewLayer | Updating Images | Loading island_tree_01_branches_nor_gl
Fra:1 Mem:933.12M (Peak 969.73M) | Time:00:00.06 | Mem:0.00M, Peak:0.00M | Scene, ViewLayer | Updating Images | Loading island_tree_01_rough
Fra:1 Mem:937.12M (Peak 969.73M) | Time:00:00.06 | Mem:0.00M, Peak:0.00M | Scene, ViewLayer | Updating Images | Loading island_tree_01_nor_gl
Fra:1 Mem:941.12M (Peak 969.73M) | Time:00:00.06 | Mem:0.00M, Peak:0.00M | Scene, ViewLayer | Updating Images | Loading island_tree_01_leaves_diff-island_tree_01_leaves_alpha
Fra:1 Mem:945.12M (Peak 969.73M) | Time:00:00.06 | Mem:0.00M, Peak:0.00M | Scene, ViewLayer | Updating Images | Loading island_tree_01_leaves_rough
Fra:1 Mem:957.13M (Peak 969.73M) | Time:00:00.06 | Mem:0.00M, Peak:0.00M | Scene, ViewLayer | Updating Images | Loading island_tree_01_leaves_nor_gl
Fra:1 Mem:961.13M (Peak 969.73M) | Time:00:00.06 | Mem:0.00M, Peak:0.00M | Scene, ViewLayer | Updating Images | Loading island_tree_01_leaves_diff_1k.png.002
Fra:1 Mem:962.14M (Peak 969.73M) | Time:00:00.06 | Mem:1.00M, Peak:1.00M | Scene, ViewLayer | Updating Images | Loading island_tree_01_leaves_alpha_1k.png.002
Fra:1 Mem:963.14M (Peak 969.73M) | Time:00:00.06 | Mem:2.00M, Peak:2.00M | Scene, ViewLayer | Updating Images | Loading island_tree_01_branches_diff
Fra:1 Mem:967.14M (Peak 971.15M) | Time:00:00.06 | Mem:6.00M, Peak:6.00M | Scene, ViewLayer | Updating Images | Loading island_tree_01_branches_rough
Fra:1 Mem:970.71M (Peak 979.16M) | Time:00:00.07 | Mem:38.00M, Peak:38.00M | Scene, ViewLayer | Waiting for render to start
Fra:1 Mem:970.71M (Peak 979.16M) | Time:00:00.07 | Mem:38.00M, Peak:38.00M | Scene, ViewLayer | Updating Scene
Fra:1 Mem:970.71M (Peak 979.16M) | Time:00:00.07 | Mem:38.00M, Peak:38.00M | Scene, ViewLayer | Updating Shaders
Fra:1 Mem:970.71M (Peak 979.16M) | Time:00:00.07 | Mem:38.00M, Peak:38.00M | Scene, ViewLayer | Loading render kernels (may take a few minutes the first time)
Fra:1 Mem:970.80M (Peak 979.16M) | Time:00:00.08 | Mem:38.00M, Peak:38.00M | Scene, ViewLayer | Updating Procedurals
Fra:1 Mem:970.80M (Peak 979.16M) | Time:00:00.08 | Mem:38.00M, Peak:38.00M | Scene, ViewLayer | Updating Background
Fra:1 Mem:970.80M (Peak 979.16M) | Time:00:00.08 | Mem:38.00M, Peak:38.00M | Scene, ViewLayer | Updating Camera
Fra:1 Mem:970.80M (Peak 979.16M) | Time:00:00.08 | Mem:38.00M, Peak:38.00M | Scene, ViewLayer | Updating Meshes Flags
Fra:1 Mem:970.80M (Peak 979.16M) | Time:00:00.08 | Mem:38.00M, Peak:38.00M | Scene, ViewLayer | Updating Objects
Fra:1 Mem:970.80M (Peak 979.16M) | Time:00:00.08 | Mem:38.00M, Peak:38.00M | Scene, ViewLayer | Updating Objects | Copying Transformations to device
Fra:1 Mem:970.80M (Peak 979.16M) | Time:00:00.08 | Mem:38.00M, Peak:38.00M | Scene, ViewLayer | Updating Particle Systems
Fra:1 Mem:970.80M (Peak 979.16M) | Time:00:00.08 | Mem:38.00M, Peak:38.00M | Scene, ViewLayer | Updating Particle Systems | Copying Particles to device
Fra:1 Mem:970.80M (Peak 979.16M) | Time:00:00.08 | Mem:38.00M, Peak:38.00M | Scene, ViewLayer | Updating Meshes
Fra:1 Mem:1062.32M (Peak 1062.32M) | Time:00:00.93 | Mem:38.00M, Peak:38.00M | Scene, ViewLayer | Updating Objects | Applying Static Transformations
Fra:1 Mem:1062.32M (Peak 1062.32M) | Time:00:00.93 | Mem:38.00M, Peak:38.00M | Scene, ViewLayer | Updating Mesh | Computing attributes
Fra:1 Mem:1223.67M (Peak 1223.67M) | Time:00:00.97 | Mem:38.00M, Peak:38.00M | Scene, ViewLayer | Updating Mesh | Copying Attributes to device
Fra:1 Mem:1223.67M (Peak 1223.67M) | Time:00:00.97 | Mem:199.36M, Peak:199.36M | Scene, ViewLayer | Updating Scene BVH | Building
Fra:1 Mem:1223.67M (Peak 1223.67M) | Time:00:00.97 | Mem:199.36M, Peak:199.36M | Scene, ViewLayer | Updating Scene BVH | Building BVH
Fra:1 Mem:1223.67M (Peak 1223.67M) | Time:00:00.97 | Mem:248.17M, Peak:248.17M | Scene, ViewLayer | Updating Scene BVH | Building BVH 0%
Fra:1 Mem:1223.67M (Peak 1223.67M) | Time:00:01.06 | Mem:309.36M, Peak:358.17M | Scene, ViewLayer | Updating Scene BVH | Copying BVH to device
Fra:1 Mem:1223.67M (Peak 1223.67M) | Time:00:01.06 | Mem:309.36M, Peak:358.17M | Scene, ViewLayer | Updating Mesh | Computing normals
Fra:1 Mem:1277.92M (Peak 1277.92M) | Time:00:01.08 | Mem:309.36M, Peak:358.17M | Scene, ViewLayer | Updating Mesh | Copying Mesh to device
Fra:1 Mem:1277.92M (Peak 1277.92M) | Time:00:01.08 | Mem:363.61M, Peak:363.61M | Scene, ViewLayer | Updating Objects Flags
Fra:1 Mem:1277.92M (Peak 1277.92M) | Time:00:01.08 | Mem:363.61M, Peak:363.61M | Scene, ViewLayer | Updating Primitive Offsets
Fra:1 Mem:1277.92M (Peak 1277.92M) | Time:00:01.08 | Mem:363.61M, Peak:363.61M | Scene, ViewLayer | Updating Images
Fra:1 Mem:1273.92M (Peak 1277.92M) | Time:00:01.08 | Mem:359.61M, Peak:363.61M | Scene, ViewLayer | Updating Camera Volume
Fra:1 Mem:1273.92M (Peak 1277.92M) | Time:00:01.08 | Mem:359.61M, Peak:363.61M | Scene, ViewLayer | Updating Lookup Tables
Fra:1 Mem:1273.92M (Peak 1277.92M) | Time:00:01.08 | Mem:359.69M, Peak:363.61M | Scene, ViewLayer | Updating Lights
Fra:1 Mem:1273.92M (Peak 1277.92M) | Time:00:01.08 | Mem:359.69M, Peak:363.61M | Scene, ViewLayer | Updating Lights | Computing tree
Fra:1 Mem:1273.92M (Peak 1277.92M) | Time:00:01.08 | Mem:359.69M, Peak:363.61M | Scene, ViewLayer | Updating Integrator
Fra:1 Mem:1273.92M (Peak 1277.92M) | Time:00:01.08 | Mem:359.69M, Peak:363.61M | Scene, ViewLayer | Updating Film
Fra:1 Mem:1273.92M (Peak 1277.92M) | Time:00:01.08 | Mem:359.61M, Peak:363.61M | Scene, ViewLayer | Updating Lookup Tables
Fra:1 Mem:1273.92M (Peak 1277.92M) | Time:00:01.08 | Mem:359.69M, Peak:363.61M | Scene, ViewLayer | Updating Baking
Fra:1 Mem:1273.92M (Peak 1277.92M) | Time:00:01.08 | Mem:359.69M, Peak:363.61M | Scene, ViewLayer | Updating Device | Writing constant memory
Fra:1 Mem:1273.92M (Peak 1277.92M) | Time:00:01.08 | Mem:359.69M, Peak:363.61M | Scene, ViewLayer | Loading denoising kernels (may take a few minutes the first time)
Fra:1 Mem:1273.92M (Peak 1277.92M) | Time:00:01.08 | Mem:359.69M, Peak:363.61M | Scene, ViewLayer | Sample 0/24
Fra:1 Mem:1284.70M (Peak 1284.70M) | Time:00:01.10 | Remaining:00:00.51 | Mem:370.39M, Peak:370.39M | Scene, ViewLayer | Sample 1/24
Fra:1 Mem:1289.21M (Peak 1295.96M) | Time:00:02.11 | Mem:370.39M, Peak:370.39M | Scene, ViewLayer | Sample 24/24
Fra:1 Mem:1289.21M (Peak 1295.96M) | Time:00:02.11 | Mem:370.39M, Peak:370.39M | Scene, ViewLayer | Finished
Saved: 'D:\Users\Lenovo\Desktop\大观园\assets\processed\crown-r10\3-2.next.png'
Time: 00:02.13 (Saving: 00:00.01)

Fra:1 Mem:810.90M (Peak 810.90M) | Time:00:00.00 | Mem:0.00M, Peak:0.00M | Scene, ViewLayer | Synchronizing object | island_tree_01_LOD0
Fra:1 Mem:810.90M (Peak 810.90M) | Time:00:00.00 | Mem:0.00M, Peak:0.00M | Scene, ViewLayer | Synchronizing object | Diffuse daylight
Fra:1 Mem:933.13M (Peak 969.73M) | Time:00:00.05 | Mem:0.00M, Peak:0.00M | Scene, ViewLayer | Initializing
Fra:1 Mem:933.12M (Peak 969.73M) | Time:00:00.05 | Mem:0.00M, Peak:0.00M | Scene, ViewLayer | Updating Images | Loading island_tree_01_branches_nor_gl
Fra:1 Mem:937.12M (Peak 969.73M) | Time:00:00.05 | Mem:0.00M, Peak:0.00M | Scene, ViewLayer | Updating Images | Loading island_tree_01_diff
Fra:1 Mem:937.12M (Peak 969.73M) | Time:00:00.05 | Mem:0.00M, Peak:0.00M | Scene, ViewLayer | Updating Images | Loading island_tree_01_rough
Fra:1 Mem:945.12M (Peak 969.73M) | Time:00:00.05 | Mem:0.00M, Peak:0.00M | Scene, ViewLayer | Updating Images | Loading island_tree_01_nor_gl
Fra:1 Mem:949.12M (Peak 969.73M) | Time:00:00.05 | Mem:0.00M, Peak:0.00M | Scene, ViewLayer | Updating Images | Loading island_tree_01_leaves_diff-island_tree_01_leaves_alpha
Fra:1 Mem:953.13M (Peak 969.73M) | Time:00:00.05 | Mem:0.00M, Peak:0.00M | Scene, ViewLayer | Updating Images | Loading island_tree_01_leaves_rough
Fra:1 Mem:957.13M (Peak 969.73M) | Time:00:00.05 | Mem:0.00M, Peak:0.00M | Scene, ViewLayer | Updating Images | Loading island_tree_01_leaves_nor_gl
Fra:1 Mem:961.13M (Peak 969.73M) | Time:00:00.05 | Mem:0.00M, Peak:0.00M | Scene, ViewLayer | Updating Images | Loading island_tree_01_leaves_diff_1k.png.002
Fra:1 Mem:962.14M (Peak 969.73M) | Time:00:00.05 | Mem:1.00M, Peak:1.00M | Scene, ViewLayer | Updating Images | Loading island_tree_01_leaves_alpha_1k.png.002
Fra:1 Mem:963.14M (Peak 969.73M) | Time:00:00.06 | Mem:2.00M, Peak:2.00M | Scene, ViewLayer | Updating Images | Loading island_tree_01_branches_diff
Fra:1 Mem:967.14M (Peak 971.15M) | Time:00:00.06 | Mem:6.00M, Peak:6.00M | Scene, ViewLayer | Updating Images | Loading island_tree_01_branches_rough
Fra:1 Mem:970.71M (Peak 979.16M) | Time:00:00.07 | Mem:38.00M, Peak:38.00M | Scene, ViewLayer | Waiting for render to start
Fra:1 Mem:970.71M (Peak 979.16M) | Time:00:00.07 | Mem:38.00M, Peak:38.00M | Scene, ViewLayer | Updating Scene
Fra:1 Mem:970.71M (Peak 979.16M) | Time:00:00.07 | Mem:38.00M, Peak:38.00M | Scene, ViewLayer | Updating Shaders
Fra:1 Mem:970.71M (Peak 979.16M) | Time:00:00.07 | Mem:38.00M, Peak:38.00M | Scene, ViewLayer | Loading render kernels (may take a few minutes the first time)
Fra:1 Mem:970.80M (Peak 979.16M) | Time:00:00.07 | Mem:38.00M, Peak:38.00M | Scene, ViewLayer | Updating Procedurals
Fra:1 Mem:970.80M (Peak 979.16M) | Time:00:00.07 | Mem:38.00M, Peak:38.00M | Scene, ViewLayer | Updating Background
Fra:1 Mem:970.80M (Peak 979.16M) | Time:00:00.07 | Mem:38.00M, Peak:38.00M | Scene, ViewLayer | Updating Camera
Fra:1 Mem:970.80M (Peak 979.16M) | Time:00:00.07 | Mem:38.00M, Peak:38.00M | Scene, ViewLayer | Updating Meshes Flags
Fra:1 Mem:970.80M (Peak 979.16M) | Time:00:00.07 | Mem:38.00M, Peak:38.00M | Scene, ViewLayer | Updating Objects
Fra:1 Mem:970.80M (Peak 979.16M) | Time:00:00.07 | Mem:38.00M, Peak:38.00M | Scene, ViewLayer | Updating Objects | Copying Transformations to device
Fra:1 Mem:970.80M (Peak 979.16M) | Time:00:00.07 | Mem:38.00M, Peak:38.00M | Scene, ViewLayer | Updating Particle Systems
Fra:1 Mem:970.80M (Peak 979.16M) | Time:00:00.07 | Mem:38.00M, Peak:38.00M | Scene, ViewLayer | Updating Particle Systems | Copying Particles to device
Fra:1 Mem:970.80M (Peak 979.16M) | Time:00:00.07 | Mem:38.00M, Peak:38.00M | Scene, ViewLayer | Updating Meshes
Fra:1 Mem:1062.32M (Peak 1062.32M) | Time:00:00.89 | Mem:38.00M, Peak:38.00M | Scene, ViewLayer | Updating Objects | Applying Static Transformations
Fra:1 Mem:1062.32M (Peak 1062.32M) | Time:00:00.89 | Mem:38.00M, Peak:38.00M | Scene, ViewLayer | Updating Mesh | Computing attributes
Fra:1 Mem:1223.67M (Peak 1223.67M) | Time:00:00.93 | Mem:38.00M, Peak:38.00M | Scene, ViewLayer | Updating Mesh | Copying Attributes to device
Fra:1 Mem:1223.67M (Peak 1223.67M) | Time:00:00.93 | Mem:199.36M, Peak:199.36M | Scene, ViewLayer | Updating Scene BVH | Building
Fra:1 Mem:1223.67M (Peak 1223.67M) | Time:00:00.93 | Mem:199.36M, Peak:199.36M | Scene, ViewLayer | Updating Scene BVH | Building BVH
Fra:1 Mem:1223.67M (Peak 1223.67M) | Time:00:00.93 | Mem:248.17M, Peak:248.17M | Scene, ViewLayer | Updating Scene BVH | Building BVH 0%
Fra:1 Mem:1223.67M (Peak 1223.67M) | Time:00:01.01 | Mem:307.36M, Peak:356.17M | Scene, ViewLayer | Updating Scene BVH | Copying BVH to device
Fra:1 Mem:1223.67M (Peak 1223.67M) | Time:00:01.01 | Mem:307.36M, Peak:356.17M | Scene, ViewLayer | Updating Mesh | Computing normals
Fra:1 Mem:1277.92M (Peak 1277.92M) | Time:00:01.04 | Mem:307.36M, Peak:356.17M | Scene, ViewLayer | Updating Mesh | Copying Mesh to device
Fra:1 Mem:1277.92M (Peak 1277.92M) | Time:00:01.04 | Mem:361.61M, Peak:361.61M | Scene, ViewLayer | Updating Objects Flags
Fra:1 Mem:1277.92M (Peak 1277.92M) | Time:00:01.04 | Mem:361.61M, Peak:361.61M | Scene, ViewLayer | Updating Primitive Offsets
Fra:1 Mem:1277.92M (Peak 1277.92M) | Time:00:01.04 | Mem:361.61M, Peak:361.61M | Scene, ViewLayer | Updating Images
Fra:1 Mem:1273.92M (Peak 1277.92M) | Time:00:01.04 | Mem:357.61M, Peak:361.61M | Scene, ViewLayer | Updating Camera Volume
Fra:1 Mem:1273.92M (Peak 1277.92M) | Time:00:01.04 | Mem:357.61M, Peak:361.61M | Scene, ViewLayer | Updating Lookup Tables
Fra:1 Mem:1273.92M (Peak 1277.92M) | Time:00:01.04 | Mem:357.69M, Peak:361.61M | Scene, ViewLayer | Updating Lights
Fra:1 Mem:1273.92M (Peak 1277.92M) | Time:00:01.04 | Mem:357.69M, Peak:361.61M | Scene, ViewLayer | Updating Lights | Computing tree
Fra:1 Mem:1273.92M (Peak 1277.92M) | Time:00:01.04 | Mem:357.69M, Peak:361.61M | Scene, ViewLayer | Updating Integrator
Fra:1 Mem:1273.92M (Peak 1277.92M) | Time:00:01.04 | Mem:357.69M, Peak:361.61M | Scene, ViewLayer | Updating Film
Fra:1 Mem:1273.92M (Peak 1277.92M) | Time:00:01.04 | Mem:357.61M, Peak:361.61M | Scene, ViewLayer | Updating Lookup Tables
Fra:1 Mem:1273.92M (Peak 1277.92M) | Time:00:01.04 | Mem:357.69M, Peak:361.61M | Scene, ViewLayer | Updating Baking
Fra:1 Mem:1273.92M (Peak 1277.92M) | Time:00:01.04 | Mem:357.69M, Peak:361.61M | Scene, ViewLayer | Updating Device | Writing constant memory
Fra:1 Mem:1273.92M (Peak 1277.92M) | Time:00:01.04 | Mem:357.69M, Peak:361.61M | Scene, ViewLayer | Loading denoising kernels (may take a few minutes the first time)
Fra:1 Mem:1273.92M (Peak 1277.92M) | Time:00:01.04 | Mem:357.69M, Peak:361.61M | Scene, ViewLayer | Sample 0/24
Fra:1 Mem:1284.70M (Peak 1284.70M) | Time:00:01.06 | Remaining:00:00.49 | Mem:368.39M, Peak:368.39M | Scene, ViewLayer | Sample 1/24
Fra:1 Mem:1289.21M (Peak 1295.96M) | Time:00:02.01 | Mem:368.39M, Peak:368.39M | Scene, ViewLayer | Sample 24/24
Fra:1 Mem:1289.21M (Peak 1295.96M) | Time:00:02.01 | Mem:368.39M, Peak:368.39M | Scene, ViewLayer | Finished
Saved: 'D:\Users\Lenovo\Desktop\大观园\assets\processed\crown-r10\3-3.next.png'
Time: 00:02.05 (Saving: 00:00.01)

Fra:1 Mem:810.90M (Peak 810.90M) | Time:00:00.00 | Mem:0.00M, Peak:0.00M | Scene, ViewLayer | Synchronizing object | island_tree_01_LOD0
Fra:1 Mem:810.90M (Peak 810.90M) | Time:00:00.00 | Mem:0.00M, Peak:0.00M | Scene, ViewLayer | Synchronizing object | Diffuse daylight
Fra:1 Mem:933.13M (Peak 969.73M) | Time:00:00.05 | Mem:0.00M, Peak:0.00M | Scene, ViewLayer | Initializing
Fra:1 Mem:933.12M (Peak 969.73M) | Time:00:00.05 | Mem:0.00M, Peak:0.00M | Scene, ViewLayer | Updating Images | Loading island_tree_01_branches_nor_gl
Fra:1 Mem:937.12M (Peak 969.73M) | Time:00:00.05 | Mem:0.00M, Peak:0.00M | Scene, ViewLayer | Updating Images | Loading island_tree_01_diff
Fra:1 Mem:937.12M (Peak 969.73M) | Time:00:00.05 | Mem:0.00M, Peak:0.00M | Scene, ViewLayer | Updating Images | Loading island_tree_01_rough
Fra:1 Mem:941.12M (Peak 969.73M) | Time:00:00.05 | Mem:0.00M, Peak:0.00M | Scene, ViewLayer | Updating Images | Loading island_tree_01_leaves_diff-island_tree_01_leaves_alpha
Fra:1 Mem:949.12M (Peak 969.73M) | Time:00:00.05 | Mem:0.00M, Peak:0.00M | Scene, ViewLayer | Updating Images | Loading island_tree_01_leaves_rough
Fra:1 Mem:949.12M (Peak 969.73M) | Time:00:00.05 | Mem:0.00M, Peak:0.00M | Scene, ViewLayer | Updating Images | Loading island_tree_01_leaves_nor_gl
Fra:1 Mem:953.13M (Peak 969.73M) | Time:00:00.05 | Mem:0.00M, Peak:0.00M | Scene, ViewLayer | Updating Images | Loading island_tree_01_leaves_diff_1k.png.002
Fra:1 Mem:962.14M (Peak 969.73M) | Time:00:00.05 | Mem:1.00M, Peak:1.00M | Scene, ViewLayer | Updating Images | Loading island_tree_01_leaves_alpha_1k.png.002
Fra:1 Mem:963.14M (Peak 969.73M) | Time:00:00.05 | Mem:2.00M, Peak:2.00M | Scene, ViewLayer | Updating Images | Loading island_tree_01_branches_diff
Fra:1 Mem:967.14M (Peak 971.15M) | Time:00:00.05 | Mem:6.00M, Peak:6.00M | Scene, ViewLayer | Updating Images | Loading island_tree_01_branches_rough
Fra:1 Mem:970.71M (Peak 979.16M) | Time:00:00.06 | Mem:38.00M, Peak:38.00M | Scene, ViewLayer | Waiting for render to start
Fra:1 Mem:970.71M (Peak 979.16M) | Time:00:00.06 | Mem:38.00M, Peak:38.00M | Scene, ViewLayer | Updating Scene
Fra:1 Mem:970.71M (Peak 979.16M) | Time:00:00.06 | Mem:38.00M, Peak:38.00M | Scene, ViewLayer | Updating Shaders
Fra:1 Mem:970.71M (Peak 979.16M) | Time:00:00.06 | Mem:38.00M, Peak:38.00M | Scene, ViewLayer | Loading render kernels (may take a few minutes the first time)
Fra:1 Mem:970.80M (Peak 979.16M) | Time:00:00.06 | Mem:38.00M, Peak:38.00M | Scene, ViewLayer | Updating Procedurals
Fra:1 Mem:970.80M (Peak 979.16M) | Time:00:00.06 | Mem:38.00M, Peak:38.00M | Scene, ViewLayer | Updating Background
Fra:1 Mem:970.80M (Peak 979.16M) | Time:00:00.06 | Mem:38.00M, Peak:38.00M | Scene, ViewLayer | Updating Camera
Fra:1 Mem:970.80M (Peak 979.16M) | Time:00:00.06 | Mem:38.00M, Peak:38.00M | Scene, ViewLayer | Updating Meshes Flags
Fra:1 Mem:970.80M (Peak 979.16M) | Time:00:00.06 | Mem:38.00M, Peak:38.00M | Scene, ViewLayer | Updating Objects
Fra:1 Mem:970.80M (Peak 979.16M) | Time:00:00.06 | Mem:38.00M, Peak:38.00M | Scene, ViewLayer | Updating Objects | Copying Transformations to device
Fra:1 Mem:970.80M (Peak 979.16M) | Time:00:00.06 | Mem:38.00M, Peak:38.00M | Scene, ViewLayer | Updating Particle Systems
Fra:1 Mem:970.80M (Peak 979.16M) | Time:00:00.06 | Mem:38.00M, Peak:38.00M | Scene, ViewLayer | Updating Particle Systems | Copying Particles to device
Fra:1 Mem:970.80M (Peak 979.16M) | Time:00:00.06 | Mem:38.00M, Peak:38.00M | Scene, ViewLayer | Updating Meshes
Fra:1 Mem:1062.32M (Peak 1062.32M) | Time:00:00.92 | Mem:38.00M, Peak:38.00M | Scene, ViewLayer | Updating Objects | Applying Static Transformations
Fra:1 Mem:1062.32M (Peak 1062.32M) | Time:00:00.92 | Mem:38.00M, Peak:38.00M | Scene, ViewLayer | Updating Mesh | Computing attributes
Fra:1 Mem:1223.67M (Peak 1223.67M) | Time:00:00.97 | Mem:38.00M, Peak:38.00M | Scene, ViewLayer | Updating Mesh | Copying Attributes to device
Fra:1 Mem:1223.67M (Peak 1223.67M) | Time:00:00.97 | Mem:199.36M, Peak:199.36M | Scene, ViewLayer | Updating Scene BVH | Building
Fra:1 Mem:1223.67M (Peak 1223.67M) | Time:00:00.97 | Mem:199.36M, Peak:199.36M | Scene, ViewLayer | Updating Scene BVH | Building BVH
Fra:1 Mem:1223.67M (Peak 1223.67M) | Time:00:00.97 | Mem:248.17M, Peak:248.17M | Scene, ViewLayer | Updating Scene BVH | Building BVH 0%
Fra:1 Mem:1223.67M (Peak 1223.67M) | Time:00:01.05 | Mem:307.36M, Peak:356.17M | Scene, ViewLayer | Updating Scene BVH | Copying BVH to device
Fra:1 Mem:1223.67M (Peak 1223.67M) | Time:00:01.05 | Mem:307.36M, Peak:356.17M | Scene, ViewLayer | Updating Mesh | Computing normals
Fra:1 Mem:1277.92M (Peak 1277.92M) | Time:00:01.08 | Mem:307.36M, Peak:356.17M | Scene, ViewLayer | Updating Mesh | Copying Mesh to device
Fra:1 Mem:1277.92M (Peak 1277.92M) | Time:00:01.08 | Mem:361.61M, Peak:361.61M | Scene, ViewLayer | Updating Objects Flags
Fra:1 Mem:1277.92M (Peak 1277.92M) | Time:00:01.08 | Mem:361.61M, Peak:361.61M | Scene, ViewLayer | Updating Primitive Offsets
Fra:1 Mem:1277.92M (Peak 1277.92M) | Time:00:01.08 | Mem:361.61M, Peak:361.61M | Scene, ViewLayer | Updating Images
Fra:1 Mem:1273.92M (Peak 1277.92M) | Time:00:01.08 | Mem:357.61M, Peak:361.61M | Scene, ViewLayer | Updating Camera Volume
Fra:1 Mem:1273.92M (Peak 1277.92M) | Time:00:01.08 | Mem:357.61M, Peak:361.61M | Scene, ViewLayer | Updating Lookup Tables
Fra:1 Mem:1273.92M (Peak 1277.92M) | Time:00:01.08 | Mem:357.69M, Peak:361.61M | Scene, ViewLayer | Updating Lights
Fra:1 Mem:1273.92M (Peak 1277.92M) | Time:00:01.08 | Mem:357.69M, Peak:361.61M | Scene, ViewLayer | Updating Lights | Computing tree
Fra:1 Mem:1273.92M (Peak 1277.92M) | Time:00:01.08 | Mem:357.69M, Peak:361.61M | Scene, ViewLayer | Updating Integrator
Fra:1 Mem:1273.92M (Peak 1277.92M) | Time:00:01.08 | Mem:357.69M, Peak:361.61M | Scene, ViewLayer | Updating Film
Fra:1 Mem:1273.92M (Peak 1277.92M) | Time:00:01.08 | Mem:357.61M, Peak:361.61M | Scene, ViewLayer | Updating Lookup Tables
Fra:1 Mem:1273.92M (Peak 1277.92M) | Time:00:01.08 | Mem:357.69M, Peak:361.61M | Scene, ViewLayer | Updating Baking
Fra:1 Mem:1273.92M (Peak 1277.92M) | Time:00:01.08 | Mem:357.69M, Peak:361.61M | Scene, ViewLayer | Updating Device | Writing constant memory
Fra:1 Mem:1273.92M (Peak 1277.92M) | Time:00:01.08 | Mem:357.69M, Peak:361.61M | Scene, ViewLayer | Loading denoising kernels (may take a few minutes the first time)
Fra:1 Mem:1273.92M (Peak 1277.92M) | Time:00:01.08 | Mem:357.69M, Peak:361.61M | Scene, ViewLayer | Sample 0/24
Fra:1 Mem:1284.70M (Peak 1284.70M) | Time:00:01.11 | Remaining:00:00.82 | Mem:368.39M, Peak:368.39M | Scene, ViewLayer | Sample 1/24
Fra:1 Mem:1289.21M (Peak 1295.96M) | Time:00:02.42 | Mem:368.39M, Peak:368.39M | Scene, ViewLayer | Sample 24/24
Fra:1 Mem:1289.21M (Peak 1295.96M) | Time:00:02.42 | Mem:368.39M, Peak:368.39M | Scene, ViewLayer | Finished
Saved: 'D:\Users\Lenovo\Desktop\大观园\assets\processed\crown-r10\3-4.next.png'
Time: 00:02.45 (Saving: 00:00.01)

CROWN ATLAS SOURCE RENDERS COMPLETE

Blender quit
CANOPY ATLAS 754988 bytes; 20 source views
ENVIRONMENT LIGHT MAP 118136
Blender 4.5.9 LTS (hash 8bf95cbd38d1 built 2026-04-21 01:33:45)

Blender quit
