14:03:41 | INFO: Data are loaded, start creating Blender stuff
14:03:41 | INFO: Blender create Mesh node island_trees_01_blockout_cleaned
14:03:43 | INFO: glTF import finished in 2.22s
Blender 4.5.9 LTS (hash 8bf95cbd38d1 built 2026-04-21 01:33:45)
Fra:1 Mem:185.30M (Peak 185.30M) | Time:00:00.00 | Mem:0.00M, Peak:0.00M | Scene, ViewLayer | Synchronizing object | Diffuse daylight
Fra:1 Mem:185.30M (Peak 185.30M) | Time:00:00.00 | Mem:0.00M, Peak:0.00M | Scene, ViewLayer | Synchronizing object | island_tree_01_LOD0
Fra:1 Mem:407.15M (Peak 443.76M) | Time:00:00.37 | Mem:0.00M, Peak:0.00M | Scene, ViewLayer | Initializing
Fra:1 Mem:407.14M (Peak 443.76M) | Time:00:00.37 | Mem:0.00M, Peak:0.00M | Scene, ViewLayer | Updating Images | Loading island_tree_01_branches_nor_gl
Fra:1 Mem:411.14M (Peak 443.76M) | Time:00:00.37 | Mem:0.00M, Peak:0.00M | Scene, ViewLayer | Updating Images | Loading island_tree_01_diff
Fra:1 Mem:411.14M (Peak 443.76M) | Time:00:00.37 | Mem:0.00M, Peak:0.00M | Scene, ViewLayer | Updating Images | Loading island_tree_01_nor_gl
Fra:1 Mem:415.14M (Peak 443.76M) | Time:00:00.37 | Mem:0.00M, Peak:0.00M | Scene, ViewLayer | Updating Images | Loading island_tree_01_leaves_rgba.png
Fra:1 Mem:435.41M (Peak 443.76M) | Time:00:00.38 | Mem:0.25M, Peak:0.25M | Scene, ViewLayer | Updating Images | Loading island_tree_01_branches_diff
Fra:1 Mem:439.41M (Peak 443.76M) | Time:00:00.38 | Mem:4.25M, Peak:4.25M | Scene, ViewLayer | Updating Images | Loading island_tree_01_branches_rough
Fra:1 Mem:442.99M (Peak 451.43M) | Time:00:00.39 | Mem:36.25M, Peak:36.25M | Scene, ViewLayer | Waiting for render to start
Fra:1 Mem:442.99M (Peak 451.43M) | Time:00:00.39 | Mem:36.25M, Peak:36.25M | Scene, ViewLayer | Updating Scene
Fra:1 Mem:442.99M (Peak 451.43M) | Time:00:00.39 | Mem:36.25M, Peak:36.25M | Scene, ViewLayer | Updating Shaders
Fra:1 Mem:442.99M (Peak 451.43M) | Time:00:00.39 | Mem:36.25M, Peak:36.25M | Scene, ViewLayer | Loading render kernels (may take a few minutes the first time)
Fra:1 Mem:443.08M (Peak 451.43M) | Time:00:00.39 | Mem:36.25M, Peak:36.25M | Scene, ViewLayer | Updating Procedurals
Fra:1 Mem:443.08M (Peak 451.43M) | Time:00:00.39 | Mem:36.25M, Peak:36.25M | Scene, ViewLayer | Updating Background
Fra:1 Mem:443.08M (Peak 451.43M) | Time:00:00.39 | Mem:36.25M, Peak:36.25M | Scene, ViewLayer | Updating Camera
Fra:1 Mem:443.08M (Peak 451.43M) | Time:00:00.39 | Mem:36.25M, Peak:36.25M | Scene, ViewLayer | Updating Meshes Flags
Fra:1 Mem:443.08M (Peak 451.43M) | Time:00:00.39 | Mem:36.25M, Peak:36.25M | Scene, ViewLayer | Updating Objects
Fra:1 Mem:443.08M (Peak 451.43M) | Time:00:00.39 | Mem:36.25M, Peak:36.25M | Scene, ViewLayer | Updating Objects | Copying Transformations to device
Fra:1 Mem:443.08M (Peak 451.43M) | Time:00:00.39 | Mem:36.25M, Peak:36.25M | Scene, ViewLayer | Updating Particle Systems
Fra:1 Mem:443.08M (Peak 451.43M) | Time:00:00.39 | Mem:36.25M, Peak:36.25M | Scene, ViewLayer | Updating Particle Systems | Copying Particles to device
Fra:1 Mem:443.08M (Peak 451.43M) | Time:00:00.39 | Mem:36.25M, Peak:36.25M | Scene, ViewLayer | Updating Meshes
Fra:1 Mem:534.60M (Peak 534.60M) | Time:00:01.88 | Mem:36.25M, Peak:36.25M | Scene, ViewLayer | Updating Objects | Applying Static Transformations
Fra:1 Mem:534.60M (Peak 534.60M) | Time:00:01.88 | Mem:36.25M, Peak:36.25M | Scene, ViewLayer | Updating Mesh | Computing attributes
Fra:1 Mem:695.95M (Peak 695.95M) | Time:00:01.96 | Mem:36.25M, Peak:36.25M | Scene, ViewLayer | Updating Mesh | Copying Attributes to device
Fra:1 Mem:695.95M (Peak 695.95M) | Time:00:01.97 | Mem:197.61M, Peak:197.61M | Scene, ViewLayer | Updating Scene BVH | Building
Fra:1 Mem:695.95M (Peak 695.95M) | Time:00:01.97 | Mem:197.61M, Peak:197.61M | Scene, ViewLayer | Updating Scene BVH | Building BVH
Fra:1 Mem:695.95M (Peak 695.95M) | Time:00:01.97 | Mem:246.42M, Peak:246.42M | Scene, ViewLayer | Updating Scene BVH | Building BVH 0%
Fra:1 Mem:695.95M (Peak 695.95M) | Time:00:02.08 | Mem:305.61M, Peak:354.42M | Scene, ViewLayer | Updating Scene BVH | Copying BVH to device
Fra:1 Mem:695.95M (Peak 695.95M) | Time:00:02.08 | Mem:305.61M, Peak:354.42M | Scene, ViewLayer | Updating Mesh | Computing normals
Fra:1 Mem:750.20M (Peak 750.20M) | Time:00:02.13 | Mem:305.61M, Peak:354.42M | Scene, ViewLayer | Updating Mesh | Copying Mesh to device
Fra:1 Mem:750.20M (Peak 750.20M) | Time:00:02.13 | Mem:359.86M, Peak:359.86M | Scene, ViewLayer | Updating Objects Flags
Fra:1 Mem:750.20M (Peak 750.20M) | Time:00:02.13 | Mem:359.86M, Peak:359.86M | Scene, ViewLayer | Updating Primitive Offsets
Fra:1 Mem:750.20M (Peak 750.20M) | Time:00:02.13 | Mem:359.86M, Peak:359.86M | Scene, ViewLayer | Updating Images
Fra:1 Mem:746.20M (Peak 750.20M) | Time:00:02.13 | Mem:355.86M, Peak:359.86M | Scene, ViewLayer | Updating Camera Volume
Fra:1 Mem:746.20M (Peak 750.20M) | Time:00:02.13 | Mem:355.86M, Peak:359.86M | Scene, ViewLayer | Updating Lookup Tables
Fra:1 Mem:746.20M (Peak 750.20M) | Time:00:02.13 | Mem:355.94M, Peak:359.86M | Scene, ViewLayer | Updating Lights
Fra:1 Mem:746.20M (Peak 750.20M) | Time:00:02.13 | Mem:355.94M, Peak:359.86M | Scene, ViewLayer | Updating Lights | Computing tree
Fra:1 Mem:746.20M (Peak 750.20M) | Time:00:02.13 | Mem:355.94M, Peak:359.86M | Scene, ViewLayer | Updating Integrator
Fra:1 Mem:746.20M (Peak 750.20M) | Time:00:02.13 | Mem:355.94M, Peak:359.86M | Scene, ViewLayer | Updating Film
Fra:1 Mem:746.20M (Peak 750.20M) | Time:00:02.13 | Mem:355.86M, Peak:359.86M | Scene, ViewLayer | Updating Lookup Tables
Fra:1 Mem:746.20M (Peak 750.20M) | Time:00:02.13 | Mem:355.94M, Peak:359.86M | Scene, ViewLayer | Updating Baking
Fra:1 Mem:746.20M (Peak 750.20M) | Time:00:02.13 | Mem:355.94M, Peak:359.86M | Scene, ViewLayer | Updating Device | Writing constant memory
Fra:1 Mem:746.20M (Peak 750.20M) | Time:00:02.13 | Mem:355.94M, Peak:359.86M | Scene, ViewLayer | Loading denoising kernels (may take a few minutes the first time)
Fra:1 Mem:746.20M (Peak 750.20M) | Time:00:02.13 | Mem:355.94M, Peak:359.86M | Scene, ViewLayer | Sample 0/24
Fra:1 Mem:756.98M (Peak 756.98M) | Time:00:02.21 | Remaining:00:01.89 | Mem:366.64M, Peak:366.64M | Scene, ViewLayer | Sample 1/24
Fra:1 Mem:761.49M (Peak 768.24M) | Time:00:04.18 | Mem:366.64M, Peak:366.64M | Scene, ViewLayer | Sample 24/24
Fra:1 Mem:761.49M (Peak 768.24M) | Time:00:04.18 | Mem:366.64M, Peak:366.64M | Scene, ViewLayer | Finished
Saved: 'D:\Users\Lenovo\Desktop\大观园\assets\processed\crown-r11\0-0.next.png'
Time: 00:04.46 (Saving: 00:00.24)

Fra:1 Mem:284.92M (Peak 284.92M) | Time:00:00.00 | Mem:0.00M, Peak:0.00M | Scene, ViewLayer | Synchronizing object | island_tree_01_LOD0
Fra:1 Mem:284.92M (Peak 284.92M) | Time:00:00.00 | Mem:0.00M, Peak:0.00M | Scene, ViewLayer | Synchronizing object | Diffuse daylight
Fra:1 Mem:407.15M (Peak 443.76M) | Time:00:00.07 | Mem:0.00M, Peak:0.00M | Scene, ViewLayer | Initializing
Fra:1 Mem:407.14M (Peak 443.76M) | Time:00:00.07 | Mem:0.00M, Peak:0.00M | Scene, ViewLayer | Updating Images | Loading island_tree_01_branches_nor_gl
Fra:1 Mem:407.14M (Peak 443.76M) | Time:00:00.07 | Mem:0.00M, Peak:0.00M | Scene, ViewLayer | Updating Images | Loading island_tree_01_diff
Fra:1 Mem:411.14M (Peak 443.76M) | Time:00:00.07 | Mem:0.00M, Peak:0.00M | Scene, ViewLayer | Updating Images | Loading island_tree_01_leaves_rgba.png
Fra:1 Mem:435.41M (Peak 443.76M) | Time:00:00.08 | Mem:0.25M, Peak:0.25M | Scene, ViewLayer | Updating Images | Loading island_tree_01_branches_diff
Fra:1 Mem:439.41M (Peak 443.76M) | Time:00:00.09 | Mem:4.25M, Peak:4.25M | Scene, ViewLayer | Updating Images | Loading island_tree_01_branches_rough
Fra:1 Mem:442.99M (Peak 455.44M) | Time:00:00.10 | Mem:36.25M, Peak:36.25M | Scene, ViewLayer | Waiting for render to start
Fra:1 Mem:442.99M (Peak 455.44M) | Time:00:00.10 | Mem:36.25M, Peak:36.25M | Scene, ViewLayer | Updating Scene
Fra:1 Mem:442.99M (Peak 455.44M) | Time:00:00.10 | Mem:36.25M, Peak:36.25M | Scene, ViewLayer | Updating Shaders
Fra:1 Mem:442.99M (Peak 455.44M) | Time:00:00.10 | Mem:36.25M, Peak:36.25M | Scene, ViewLayer | Loading render kernels (may take a few minutes the first time)
Fra:1 Mem:443.08M (Peak 455.44M) | Time:00:00.10 | Mem:36.25M, Peak:36.25M | Scene, ViewLayer | Updating Procedurals
Fra:1 Mem:443.08M (Peak 455.44M) | Time:00:00.10 | Mem:36.25M, Peak:36.25M | Scene, ViewLayer | Updating Background
Fra:1 Mem:443.08M (Peak 455.44M) | Time:00:00.10 | Mem:36.25M, Peak:36.25M | Scene, ViewLayer | Updating Camera
Fra:1 Mem:443.08M (Peak 455.44M) | Time:00:00.10 | Mem:36.25M, Peak:36.25M | Scene, ViewLayer | Updating Meshes Flags
Fra:1 Mem:443.08M (Peak 455.44M) | Time:00:00.10 | Mem:36.25M, Peak:36.25M | Scene, ViewLayer | Updating Objects
Fra:1 Mem:443.08M (Peak 455.44M) | Time:00:00.10 | Mem:36.25M, Peak:36.25M | Scene, ViewLayer | Updating Objects | Copying Transformations to device
Fra:1 Mem:443.08M (Peak 455.44M) | Time:00:00.10 | Mem:36.25M, Peak:36.25M | Scene, ViewLayer | Updating Particle Systems
Fra:1 Mem:443.08M (Peak 455.44M) | Time:00:00.10 | Mem:36.25M, Peak:36.25M | Scene, ViewLayer | Updating Particle Systems | Copying Particles to device
Fra:1 Mem:443.08M (Peak 455.44M) | Time:00:00.10 | Mem:36.25M, Peak:36.25M | Scene, ViewLayer | Updating Meshes
Fra:1 Mem:534.60M (Peak 534.60M) | Time:00:01.58 | Mem:36.25M, Peak:36.25M | Scene, ViewLayer | Updating Objects | Applying Static Transformations
Fra:1 Mem:534.60M (Peak 534.60M) | Time:00:01.58 | Mem:36.25M, Peak:36.25M | Scene, ViewLayer | Updating Mesh | Computing attributes
Fra:1 Mem:695.95M (Peak 695.95M) | Time:00:01.65 | Mem:36.25M, Peak:36.25M | Scene, ViewLayer | Updating Mesh | Copying Attributes to device
Fra:1 Mem:695.95M (Peak 695.95M) | Time:00:01.65 | Mem:197.61M, Peak:197.61M | Scene, ViewLayer | Updating Scene BVH | Building
Fra:1 Mem:695.95M (Peak 695.95M) | Time:00:01.65 | Mem:197.61M, Peak:197.61M | Scene, ViewLayer | Updating Scene BVH | Building BVH
Fra:1 Mem:695.95M (Peak 695.95M) | Time:00:01.65 | Mem:246.42M, Peak:246.42M | Scene, ViewLayer | Updating Scene BVH | Building BVH 0%
Fra:1 Mem:695.95M (Peak 695.95M) | Time:00:01.78 | Mem:307.61M, Peak:356.42M | Scene, ViewLayer | Updating Scene BVH | Copying BVH to device
Fra:1 Mem:695.95M (Peak 695.95M) | Time:00:01.78 | Mem:307.61M, Peak:356.42M | Scene, ViewLayer | Updating Mesh | Computing normals
Fra:1 Mem:750.20M (Peak 750.20M) | Time:00:01.83 | Mem:307.61M, Peak:356.42M | Scene, ViewLayer | Updating Mesh | Copying Mesh to device
Fra:1 Mem:750.20M (Peak 750.20M) | Time:00:01.83 | Mem:361.86M, Peak:361.86M | Scene, ViewLayer | Updating Objects Flags
Fra:1 Mem:750.20M (Peak 750.20M) | Time:00:01.83 | Mem:361.86M, Peak:361.86M | Scene, ViewLayer | Updating Primitive Offsets
Fra:1 Mem:750.20M (Peak 750.20M) | Time:00:01.83 | Mem:361.86M, Peak:361.86M | Scene, ViewLayer | Updating Images
Fra:1 Mem:746.20M (Peak 750.20M) | Time:00:01.83 | Mem:357.86M, Peak:361.86M | Scene, ViewLayer | Updating Camera Volume
Fra:1 Mem:746.20M (Peak 750.20M) | Time:00:01.83 | Mem:357.86M, Peak:361.86M | Scene, ViewLayer | Updating Lookup Tables
Fra:1 Mem:746.20M (Peak 750.20M) | Time:00:01.83 | Mem:357.94M, Peak:361.86M | Scene, ViewLayer | Updating Lights
Fra:1 Mem:746.20M (Peak 750.20M) | Time:00:01.83 | Mem:357.94M, Peak:361.86M | Scene, ViewLayer | Updating Lights | Computing tree
Fra:1 Mem:746.20M (Peak 750.20M) | Time:00:01.83 | Mem:357.94M, Peak:361.86M | Scene, ViewLayer | Updating Integrator
Fra:1 Mem:746.20M (Peak 750.20M) | Time:00:01.83 | Mem:357.94M, Peak:361.86M | Scene, ViewLayer | Updating Film
Fra:1 Mem:746.20M (Peak 750.20M) | Time:00:01.83 | Mem:357.86M, Peak:361.86M | Scene, ViewLayer | Updating Lookup Tables
Fra:1 Mem:746.20M (Peak 750.20M) | Time:00:01.83 | Mem:357.94M, Peak:361.86M | Scene, ViewLayer | Updating Baking
Fra:1 Mem:746.20M (Peak 750.20M) | Time:00:01.83 | Mem:357.94M, Peak:361.86M | Scene, ViewLayer | Updating Device | Writing constant memory
Fra:1 Mem:746.20M (Peak 750.20M) | Time:00:01.83 | Mem:357.94M, Peak:361.86M | Scene, ViewLayer | Loading denoising kernels (may take a few minutes the first time)
Fra:1 Mem:746.20M (Peak 750.20M) | Time:00:01.83 | Mem:357.94M, Peak:361.86M | Scene, ViewLayer | Sample 0/24
Fra:1 Mem:756.98M (Peak 756.98M) | Time:00:01.89 | Remaining:00:01.26 | Mem:368.64M, Peak:368.64M | Scene, ViewLayer | Sample 1/24
Fra:1 Mem:761.49M (Peak 768.24M) | Time:00:03.57 | Mem:368.64M, Peak:368.64M | Scene, ViewLayer | Sample 24/24
Fra:1 Mem:761.49M (Peak 768.24M) | Time:00:03.57 | Mem:368.64M, Peak:368.64M | Scene, ViewLayer | Finished
Saved: 'D:\Users\Lenovo\Desktop\大观园\assets\processed\crown-r11\0-1.next.png'
Time: 00:03.64 (Saving: 00:00.02)

Fra:1 Mem:284.92M (Peak 284.92M) | Time:00:00.00 | Mem:0.00M, Peak:0.00M | Scene, ViewLayer | Synchronizing object | island_tree_01_LOD0
Fra:1 Mem:284.92M (Peak 284.92M) | Time:00:00.00 | Mem:0.00M, Peak:0.00M | Scene, ViewLayer | Synchronizing object | Diffuse daylight
Fra:1 Mem:407.15M (Peak 443.76M) | Time:00:00.09 | Mem:0.00M, Peak:0.00M | Scene, ViewLayer | Initializing
Fra:1 Mem:407.14M (Peak 443.76M) | Time:00:00.09 | Mem:0.00M, Peak:0.00M | Scene, ViewLayer | Updating Images | Loading island_tree_01_branches_nor_gl
Fra:1 Mem:407.14M (Peak 443.76M) | Time:00:00.09 | Mem:0.00M, Peak:0.00M | Scene, ViewLayer | Updating Images | Loading island_tree_01_diff
Fra:1 Mem:411.14M (Peak 443.76M) | Time:00:00.09 | Mem:0.00M, Peak:0.00M | Scene, ViewLayer | Updating Images | Loading island_tree_01_leaves_rgba.png
Fra:1 Mem:435.41M (Peak 443.76M) | Time:00:00.09 | Mem:0.25M, Peak:0.25M | Scene, ViewLayer | Updating Images | Loading island_tree_01_branches_diff
Fra:1 Mem:439.41M (Peak 443.76M) | Time:00:00.10 | Mem:4.25M, Peak:4.25M | Scene, ViewLayer | Updating Images | Loading island_tree_01_branches_rough
Fra:1 Mem:442.99M (Peak 455.44M) | Time:00:00.12 | Mem:36.25M, Peak:36.25M | Scene, ViewLayer | Waiting for render to start
Fra:1 Mem:442.99M (Peak 455.44M) | Time:00:00.12 | Mem:36.25M, Peak:36.25M | Scene, ViewLayer | Updating Scene
Fra:1 Mem:442.99M (Peak 455.44M) | Time:00:00.12 | Mem:36.25M, Peak:36.25M | Scene, ViewLayer | Updating Shaders
Fra:1 Mem:442.99M (Peak 455.44M) | Time:00:00.12 | Mem:36.25M, Peak:36.25M | Scene, ViewLayer | Loading render kernels (may take a few minutes the first time)
Fra:1 Mem:443.08M (Peak 455.44M) | Time:00:00.12 | Mem:36.25M, Peak:36.25M | Scene, ViewLayer | Updating Procedurals
Fra:1 Mem:443.08M (Peak 455.44M) | Time:00:00.12 | Mem:36.25M, Peak:36.25M | Scene, ViewLayer | Updating Background
Fra:1 Mem:443.08M (Peak 455.44M) | Time:00:00.12 | Mem:36.25M, Peak:36.25M | Scene, ViewLayer | Updating Camera
Fra:1 Mem:443.08M (Peak 455.44M) | Time:00:00.12 | Mem:36.25M, Peak:36.25M | Scene, ViewLayer | Updating Meshes Flags
Fra:1 Mem:443.08M (Peak 455.44M) | Time:00:00.12 | Mem:36.25M, Peak:36.25M | Scene, ViewLayer | Updating Objects
Fra:1 Mem:443.08M (Peak 455.44M) | Time:00:00.12 | Mem:36.25M, Peak:36.25M | Scene, ViewLayer | Updating Objects | Copying Transformations to device
Fra:1 Mem:443.08M (Peak 455.44M) | Time:00:00.12 | Mem:36.25M, Peak:36.25M | Scene, ViewLayer | Updating Particle Systems
Fra:1 Mem:443.08M (Peak 455.44M) | Time:00:00.12 | Mem:36.25M, Peak:36.25M | Scene, ViewLayer | Updating Particle Systems | Copying Particles to device
Fra:1 Mem:443.08M (Peak 455.44M) | Time:00:00.12 | Mem:36.25M, Peak:36.25M | Scene, ViewLayer | Updating Meshes
Fra:1 Mem:534.60M (Peak 534.60M) | Time:00:01.51 | Mem:36.25M, Peak:36.25M | Scene, ViewLayer | Updating Objects | Applying Static Transformations
Fra:1 Mem:534.60M (Peak 534.60M) | Time:00:01.51 | Mem:36.25M, Peak:36.25M | Scene, ViewLayer | Updating Mesh | Computing attributes
Fra:1 Mem:695.95M (Peak 695.95M) | Time:00:01.60 | Mem:36.25M, Peak:36.25M | Scene, ViewLayer | Updating Mesh | Copying Attributes to device
Fra:1 Mem:695.95M (Peak 695.95M) | Time:00:01.61 | Mem:197.61M, Peak:197.61M | Scene, ViewLayer | Updating Scene BVH | Building
Fra:1 Mem:695.95M (Peak 695.95M) | Time:00:01.61 | Mem:197.61M, Peak:197.61M | Scene, ViewLayer | Updating Scene BVH | Building BVH
Fra:1 Mem:695.95M (Peak 695.95M) | Time:00:01.61 | Mem:246.42M, Peak:246.42M | Scene, ViewLayer | Updating Scene BVH | Building BVH 0%
Fra:1 Mem:695.95M (Peak 695.95M) | Time:00:01.73 | Mem:307.61M, Peak:356.42M | Scene, ViewLayer | Updating Scene BVH | Copying BVH to device
Fra:1 Mem:695.95M (Peak 695.95M) | Time:00:01.73 | Mem:307.61M, Peak:356.42M | Scene, ViewLayer | Updating Mesh | Computing normals
Fra:1 Mem:750.20M (Peak 750.20M) | Time:00:01.76 | Mem:307.61M, Peak:356.42M | Scene, ViewLayer | Updating Mesh | Copying Mesh to device
Fra:1 Mem:750.20M (Peak 750.20M) | Time:00:01.76 | Mem:361.86M, Peak:361.86M | Scene, ViewLayer | Updating Objects Flags
Fra:1 Mem:750.20M (Peak 750.20M) | Time:00:01.76 | Mem:361.86M, Peak:361.86M | Scene, ViewLayer | Updating Primitive Offsets
Fra:1 Mem:750.20M (Peak 750.20M) | Time:00:01.76 | Mem:361.86M, Peak:361.86M | Scene, ViewLayer | Updating Images
Fra:1 Mem:746.20M (Peak 750.20M) | Time:00:01.76 | Mem:357.86M, Peak:361.86M | Scene, ViewLayer | Updating Camera Volume
Fra:1 Mem:746.20M (Peak 750.20M) | Time:00:01.76 | Mem:357.86M, Peak:361.86M | Scene, ViewLayer | Updating Lookup Tables
Fra:1 Mem:746.20M (Peak 750.20M) | Time:00:01.76 | Mem:357.94M, Peak:361.86M | Scene, ViewLayer | Updating Lights
Fra:1 Mem:746.20M (Peak 750.20M) | Time:00:01.76 | Mem:357.94M, Peak:361.86M | Scene, ViewLayer | Updating Lights | Computing tree
Fra:1 Mem:746.20M (Peak 750.20M) | Time:00:01.76 | Mem:357.94M, Peak:361.86M | Scene, ViewLayer | Updating Integrator
Fra:1 Mem:746.20M (Peak 750.20M) | Time:00:01.76 | Mem:357.94M, Peak:361.86M | Scene, ViewLayer | Updating Film
Fra:1 Mem:746.20M (Peak 750.20M) | Time:00:01.76 | Mem:357.86M, Peak:361.86M | Scene, ViewLayer | Updating Lookup Tables
Fra:1 Mem:746.20M (Peak 750.20M) | Time:00:01.76 | Mem:357.94M, Peak:361.86M | Scene, ViewLayer | Updating Baking
Fra:1 Mem:746.20M (Peak 750.20M) | Time:00:01.76 | Mem:357.94M, Peak:361.86M | Scene, ViewLayer | Updating Device | Writing constant memory
Fra:1 Mem:746.20M (Peak 750.20M) | Time:00:01.76 | Mem:357.94M, Peak:361.86M | Scene, ViewLayer | Loading denoising kernels (may take a few minutes the first time)
Fra:1 Mem:746.20M (Peak 750.20M) | Time:00:01.76 | Mem:357.94M, Peak:361.86M | Scene, ViewLayer | Sample 0/24
Fra:1 Mem:756.98M (Peak 756.98M) | Time:00:01.82 | Remaining:00:01.17 | Mem:368.64M, Peak:368.64M | Scene, ViewLayer | Sample 1/24
Fra:1 Mem:761.49M (Peak 768.24M) | Time:00:03.45 | Mem:368.64M, Peak:368.64M | Scene, ViewLayer | Sample 24/24
Fra:1 Mem:761.49M (Peak 768.24M) | Time:00:03.45 | Mem:368.64M, Peak:368.64M | Scene, ViewLayer | Finished
Saved: 'D:\Users\Lenovo\Desktop\大观园\assets\processed\crown-r11\0-2.next.png'
Time: 00:03.51 (Saving: 00:00.02)

Fra:1 Mem:284.92M (Peak 284.92M) | Time:00:00.00 | Mem:0.00M, Peak:0.00M | Scene, ViewLayer | Synchronizing object | island_tree_01_LOD0
Fra:1 Mem:284.92M (Peak 284.92M) | Time:00:00.00 | Mem:0.00M, Peak:0.00M | Scene, ViewLayer | Synchronizing object | Diffuse daylight
Fra:1 Mem:407.15M (Peak 443.76M) | Time:00:00.08 | Mem:0.00M, Peak:0.00M | Scene, ViewLayer | Initializing
Fra:1 Mem:407.14M (Peak 443.76M) | Time:00:00.08 | Mem:0.00M, Peak:0.00M | Scene, ViewLayer | Updating Images | Loading island_tree_01_branches_nor_gl
Fra:1 Mem:407.14M (Peak 443.76M) | Time:00:00.08 | Mem:0.00M, Peak:0.00M | Scene, ViewLayer | Updating Images | Loading island_tree_01_nor_gl
Fra:1 Mem:411.14M (Peak 443.76M) | Time:00:00.08 | Mem:0.00M, Peak:0.00M | Scene, ViewLayer | Updating Images | Loading island_tree_01_leaves_rgba.png
Fra:1 Mem:435.41M (Peak 443.76M) | Time:00:00.08 | Mem:0.25M, Peak:0.25M | Scene, ViewLayer | Updating Images | Loading island_tree_01_branches_diff
Fra:1 Mem:439.41M (Peak 443.76M) | Time:00:00.09 | Mem:4.25M, Peak:4.25M | Scene, ViewLayer | Updating Images | Loading island_tree_01_branches_rough
Fra:1 Mem:442.99M (Peak 455.44M) | Time:00:00.11 | Mem:36.25M, Peak:36.25M | Scene, ViewLayer | Waiting for render to start
Fra:1 Mem:442.99M (Peak 455.44M) | Time:00:00.11 | Mem:36.25M, Peak:36.25M | Scene, ViewLayer | Updating Scene
Fra:1 Mem:442.99M (Peak 455.44M) | Time:00:00.11 | Mem:36.25M, Peak:36.25M | Scene, ViewLayer | Updating Shaders
Fra:1 Mem:442.99M (Peak 455.44M) | Time:00:00.11 | Mem:36.25M, Peak:36.25M | Scene, ViewLayer | Loading render kernels (may take a few minutes the first time)
Fra:1 Mem:443.08M (Peak 455.44M) | Time:00:00.11 | Mem:36.25M, Peak:36.25M | Scene, ViewLayer | Updating Procedurals
Fra:1 Mem:443.08M (Peak 455.44M) | Time:00:00.11 | Mem:36.25M, Peak:36.25M | Scene, ViewLayer | Updating Background
Fra:1 Mem:443.08M (Peak 455.44M) | Time:00:00.11 | Mem:36.25M, Peak:36.25M | Scene, ViewLayer | Updating Camera
Fra:1 Mem:443.08M (Peak 455.44M) | Time:00:00.11 | Mem:36.25M, Peak:36.25M | Scene, ViewLayer | Updating Meshes Flags
Fra:1 Mem:443.08M (Peak 455.44M) | Time:00:00.11 | Mem:36.25M, Peak:36.25M | Scene, ViewLayer | Updating Objects
Fra:1 Mem:443.08M (Peak 455.44M) | Time:00:00.11 | Mem:36.25M, Peak:36.25M | Scene, ViewLayer | Updating Objects | Copying Transformations to device
Fra:1 Mem:443.08M (Peak 455.44M) | Time:00:00.11 | Mem:36.25M, Peak:36.25M | Scene, ViewLayer | Updating Particle Systems
Fra:1 Mem:443.08M (Peak 455.44M) | Time:00:00.11 | Mem:36.25M, Peak:36.25M | Scene, ViewLayer | Updating Particle Systems | Copying Particles to device
Fra:1 Mem:443.08M (Peak 455.44M) | Time:00:00.11 | Mem:36.25M, Peak:36.25M | Scene, ViewLayer | Updating Meshes
Fra:1 Mem:534.60M (Peak 534.60M) | Time:00:01.54 | Mem:36.25M, Peak:36.25M | Scene, ViewLayer | Updating Objects | Applying Static Transformations
Fra:1 Mem:534.60M (Peak 534.60M) | Time:00:01.54 | Mem:36.25M, Peak:36.25M | Scene, ViewLayer | Updating Mesh | Computing attributes
Fra:1 Mem:695.95M (Peak 695.95M) | Time:00:01.61 | Mem:36.25M, Peak:36.25M | Scene, ViewLayer | Updating Mesh | Copying Attributes to device
Fra:1 Mem:695.95M (Peak 695.95M) | Time:00:01.61 | Mem:197.61M, Peak:197.61M | Scene, ViewLayer | Updating Scene BVH | Building
Fra:1 Mem:695.95M (Peak 695.95M) | Time:00:01.61 | Mem:197.61M, Peak:197.61M | Scene, ViewLayer | Updating Scene BVH | Building BVH
Fra:1 Mem:695.95M (Peak 695.95M) | Time:00:01.61 | Mem:246.42M, Peak:246.42M | Scene, ViewLayer | Updating Scene BVH | Building BVH 0%
Fra:1 Mem:695.95M (Peak 695.95M) | Time:00:01.74 | Mem:307.61M, Peak:356.42M | Scene, ViewLayer | Updating Scene BVH | Copying BVH to device
Fra:1 Mem:695.95M (Peak 695.95M) | Time:00:01.74 | Mem:307.61M, Peak:356.42M | Scene, ViewLayer | Updating Mesh | Computing normals
Fra:1 Mem:750.20M (Peak 750.20M) | Time:00:01.78 | Mem:307.61M, Peak:356.42M | Scene, ViewLayer | Updating Mesh | Copying Mesh to device
Fra:1 Mem:750.20M (Peak 750.20M) | Time:00:01.78 | Mem:361.86M, Peak:361.86M | Scene, ViewLayer | Updating Objects Flags
Fra:1 Mem:750.20M (Peak 750.20M) | Time:00:01.78 | Mem:361.86M, Peak:361.86M | Scene, ViewLayer | Updating Primitive Offsets
Fra:1 Mem:750.20M (Peak 750.20M) | Time:00:01.78 | Mem:361.86M, Peak:361.86M | Scene, ViewLayer | Updating Images
Fra:1 Mem:746.20M (Peak 750.20M) | Time:00:01.78 | Mem:357.86M, Peak:361.86M | Scene, ViewLayer | Updating Camera Volume
Fra:1 Mem:746.20M (Peak 750.20M) | Time:00:01.78 | Mem:357.86M, Peak:361.86M | Scene, ViewLayer | Updating Lookup Tables
Fra:1 Mem:746.20M (Peak 750.20M) | Time:00:01.78 | Mem:357.94M, Peak:361.86M | Scene, ViewLayer | Updating Lights
Fra:1 Mem:746.20M (Peak 750.20M) | Time:00:01.78 | Mem:357.94M, Peak:361.86M | Scene, ViewLayer | Updating Lights | Computing tree
Fra:1 Mem:746.20M (Peak 750.20M) | Time:00:01.78 | Mem:357.94M, Peak:361.86M | Scene, ViewLayer | Updating Integrator
Fra:1 Mem:746.20M (Peak 750.20M) | Time:00:01.78 | Mem:357.94M, Peak:361.86M | Scene, ViewLayer | Updating Film
Fra:1 Mem:746.20M (Peak 750.20M) | Time:00:01.78 | Mem:357.86M, Peak:361.86M | Scene, ViewLayer | Updating Lookup Tables
Fra:1 Mem:746.20M (Peak 750.20M) | Time:00:01.78 | Mem:357.94M, Peak:361.86M | Scene, ViewLayer | Updating Baking
Fra:1 Mem:746.20M (Peak 750.20M) | Time:00:01.78 | Mem:357.94M, Peak:361.86M | Scene, ViewLayer | Updating Device | Writing constant memory
Fra:1 Mem:746.20M (Peak 750.20M) | Time:00:01.78 | Mem:357.94M, Peak:361.86M | Scene, ViewLayer | Loading denoising kernels (may take a few minutes the first time)
Fra:1 Mem:746.20M (Peak 750.20M) | Time:00:01.78 | Mem:357.94M, Peak:361.86M | Scene, ViewLayer | Sample 0/24
Fra:1 Mem:756.98M (Peak 756.98M) | Time:00:01.84 | Remaining:00:01.36 | Mem:368.64M, Peak:368.64M | Scene, ViewLayer | Sample 1/24
Fra:1 Mem:761.49M (Peak 768.24M) | Time:00:03.76 | Mem:368.64M, Peak:368.64M | Scene, ViewLayer | Sample 24/24
Fra:1 Mem:761.49M (Peak 768.24M) | Time:00:03.76 | Mem:368.64M, Peak:368.64M | Scene, ViewLayer | Finished
Saved: 'D:\Users\Lenovo\Desktop\大观园\assets\processed\crown-r11\0-3.next.png'
Time: 00:03.82 (Saving: 00:00.02)

Fra:1 Mem:284.92M (Peak 284.92M) | Time:00:00.00 | Mem:0.00M, Peak:0.00M | Scene, ViewLayer | Synchronizing object | island_tree_01_LOD0
Fra:1 Mem:284.92M (Peak 284.92M) | Time:00:00.00 | Mem:0.00M, Peak:0.00M | Scene, ViewLayer | Synchronizing object | Diffuse daylight
Fra:1 Mem:407.15M (Peak 443.76M) | Time:00:00.10 | Mem:0.00M, Peak:0.00M | Scene, ViewLayer | Initializing
Fra:1 Mem:407.14M (Peak 443.76M) | Time:00:00.10 | Mem:0.00M, Peak:0.00M | Scene, ViewLayer | Updating Images | Loading island_tree_01_branches_nor_gl
Fra:1 Mem:407.14M (Peak 443.76M) | Time:00:00.10 | Mem:0.00M, Peak:0.00M | Scene, ViewLayer | Updating Images | Loading island_tree_01_diff
Fra:1 Mem:407.14M (Peak 443.76M) | Time:00:00.10 | Mem:0.00M, Peak:0.00M | Scene, ViewLayer | Updating Images | Loading island_tree_01_leaves_rgba.png
Fra:1 Mem:435.41M (Peak 443.76M) | Time:00:00.10 | Mem:0.25M, Peak:0.25M | Scene, ViewLayer | Updating Images | Loading island_tree_01_branches_diff
Fra:1 Mem:439.41M (Peak 443.76M) | Time:00:00.11 | Mem:4.25M, Peak:4.25M | Scene, ViewLayer | Updating Images | Loading island_tree_01_branches_rough
Fra:1 Mem:442.99M (Peak 451.43M) | Time:00:00.13 | Mem:36.25M, Peak:36.25M | Scene, ViewLayer | Waiting for render to start
Fra:1 Mem:442.99M (Peak 451.43M) | Time:00:00.13 | Mem:36.25M, Peak:36.25M | Scene, ViewLayer | Updating Scene
Fra:1 Mem:442.99M (Peak 451.43M) | Time:00:00.13 | Mem:36.25M, Peak:36.25M | Scene, ViewLayer | Updating Shaders
Fra:1 Mem:442.99M (Peak 451.43M) | Time:00:00.14 | Mem:36.25M, Peak:36.25M | Scene, ViewLayer | Loading render kernels (may take a few minutes the first time)
Fra:1 Mem:443.08M (Peak 451.43M) | Time:00:00.14 | Mem:36.25M, Peak:36.25M | Scene, ViewLayer | Updating Procedurals
Fra:1 Mem:443.08M (Peak 451.43M) | Time:00:00.14 | Mem:36.25M, Peak:36.25M | Scene, ViewLayer | Updating Background
Fra:1 Mem:443.08M (Peak 451.43M) | Time:00:00.14 | Mem:36.25M, Peak:36.25M | Scene, ViewLayer | Updating Camera
Fra:1 Mem:443.08M (Peak 451.43M) | Time:00:00.14 | Mem:36.25M, Peak:36.25M | Scene, ViewLayer | Updating Meshes Flags
Fra:1 Mem:443.08M (Peak 451.43M) | Time:00:00.14 | Mem:36.25M, Peak:36.25M | Scene, ViewLayer | Updating Objects
Fra:1 Mem:443.08M (Peak 451.43M) | Time:00:00.14 | Mem:36.25M, Peak:36.25M | Scene, ViewLayer | Updating Objects | Copying Transformations to device
Fra:1 Mem:443.08M (Peak 451.43M) | Time:00:00.14 | Mem:36.25M, Peak:36.25M | Scene, ViewLayer | Updating Particle Systems
Fra:1 Mem:443.08M (Peak 451.43M) | Time:00:00.14 | Mem:36.25M, Peak:36.25M | Scene, ViewLayer | Updating Particle Systems | Copying Particles to device
Fra:1 Mem:443.08M (Peak 451.43M) | Time:00:00.14 | Mem:36.25M, Peak:36.25M | Scene, ViewLayer | Updating Meshes
Fra:1 Mem:534.60M (Peak 534.60M) | Time:00:01.50 | Mem:36.25M, Peak:36.25M | Scene, ViewLayer | Updating Objects | Applying Static Transformations
Fra:1 Mem:534.60M (Peak 534.60M) | Time:00:01.50 | Mem:36.25M, Peak:36.25M | Scene, ViewLayer | Updating Mesh | Computing attributes
Fra:1 Mem:695.95M (Peak 695.95M) | Time:00:01.57 | Mem:36.25M, Peak:36.25M | Scene, ViewLayer | Updating Mesh | Copying Attributes to device
Fra:1 Mem:695.95M (Peak 695.95M) | Time:00:01.58 | Mem:197.61M, Peak:197.61M | Scene, ViewLayer | Updating Scene BVH | Building
Fra:1 Mem:695.95M (Peak 695.95M) | Time:00:01.58 | Mem:197.61M, Peak:197.61M | Scene, ViewLayer | Updating Scene BVH | Building BVH
Fra:1 Mem:695.95M (Peak 695.95M) | Time:00:01.58 | Mem:246.42M, Peak:246.42M | Scene, ViewLayer | Updating Scene BVH | Building BVH 0%
Fra:1 Mem:695.95M (Peak 695.95M) | Time:00:01.68 | Mem:305.61M, Peak:354.42M | Scene, ViewLayer | Updating Scene BVH | Copying BVH to device
Fra:1 Mem:695.95M (Peak 695.95M) | Time:00:01.68 | Mem:305.61M, Peak:354.42M | Scene, ViewLayer | Updating Mesh | Computing normals
Fra:1 Mem:750.20M (Peak 750.20M) | Time:00:01.71 | Mem:305.61M, Peak:354.42M | Scene, ViewLayer | Updating Mesh | Copying Mesh to device
Fra:1 Mem:750.20M (Peak 750.20M) | Time:00:01.71 | Mem:359.86M, Peak:359.86M | Scene, ViewLayer | Updating Objects Flags
Fra:1 Mem:750.20M (Peak 750.20M) | Time:00:01.71 | Mem:359.86M, Peak:359.86M | Scene, ViewLayer | Updating Primitive Offsets
Fra:1 Mem:750.20M (Peak 750.20M) | Time:00:01.71 | Mem:359.86M, Peak:359.86M | Scene, ViewLayer | Updating Images
Fra:1 Mem:746.20M (Peak 750.20M) | Time:00:01.71 | Mem:355.86M, Peak:359.86M | Scene, ViewLayer | Updating Camera Volume
Fra:1 Mem:746.20M (Peak 750.20M) | Time:00:01.71 | Mem:355.86M, Peak:359.86M | Scene, ViewLayer | Updating Lookup Tables
Fra:1 Mem:746.20M (Peak 750.20M) | Time:00:01.71 | Mem:355.94M, Peak:359.86M | Scene, ViewLayer | Updating Lights
Fra:1 Mem:746.20M (Peak 750.20M) | Time:00:01.71 | Mem:355.94M, Peak:359.86M | Scene, ViewLayer | Updating Lights | Computing tree
Fra:1 Mem:746.20M (Peak 750.20M) | Time:00:01.71 | Mem:355.94M, Peak:359.86M | Scene, ViewLayer | Updating Integrator
Fra:1 Mem:746.20M (Peak 750.20M) | Time:00:01.71 | Mem:355.94M, Peak:359.86M | Scene, ViewLayer | Updating Film
Fra:1 Mem:746.20M (Peak 750.20M) | Time:00:01.71 | Mem:355.86M, Peak:359.86M | Scene, ViewLayer | Updating Lookup Tables
Fra:1 Mem:746.20M (Peak 750.20M) | Time:00:01.71 | Mem:355.94M, Peak:359.86M | Scene, ViewLayer | Updating Baking
Fra:1 Mem:746.20M (Peak 750.20M) | Time:00:01.71 | Mem:355.94M, Peak:359.86M | Scene, ViewLayer | Updating Device | Writing constant memory
Fra:1 Mem:746.21M (Peak 750.20M) | Time:00:01.71 | Mem:355.94M, Peak:359.86M | Scene, ViewLayer | Loading denoising kernels (may take a few minutes the first time)
Fra:1 Mem:746.21M (Peak 750.20M) | Time:00:01.71 | Mem:355.94M, Peak:359.86M | Scene, ViewLayer | Sample 0/24
Fra:1 Mem:756.98M (Peak 756.98M) | Time:00:01.77 | Remaining:00:01.40 | Mem:366.64M, Peak:366.64M | Scene, ViewLayer | Sample 1/24
Fra:1 Mem:761.49M (Peak 768.24M) | Time:00:03.32 | Mem:366.64M, Peak:366.64M | Scene, ViewLayer | Sample 24/24
Fra:1 Mem:761.49M (Peak 768.24M) | Time:00:03.32 | Mem:366.64M, Peak:366.64M | Scene, ViewLayer | Finished
Saved: 'D:\Users\Lenovo\Desktop\大观园\assets\processed\crown-r11\0-4.next.png'
Time: 00:03.36 (Saving: 00:00.01)

14:04:14 | INFO: Data are loaded, start creating Blender stuff
14:04:14 | INFO: Blender create Mesh node mesh.001
14:04:16 | INFO: glTF import finished in 1.52s
Fra:1 Mem:404.92M (Peak 404.92M) | Time:00:00.00 | Mem:0.00M, Peak:0.00M | Scene, ViewLayer | Synchronizing object | island_tree_02_LOD0
Fra:1 Mem:404.93M (Peak 404.93M) | Time:00:00.00 | Mem:0.00M, Peak:0.00M | Scene, ViewLayer | Synchronizing object | Diffuse daylight
Fra:1 Mem:552.32M (Peak 576.86M) | Time:00:00.26 | Mem:0.00M, Peak:0.00M | Scene, ViewLayer | Initializing
Fra:1 Mem:552.31M (Peak 576.86M) | Time:00:00.26 | Mem:0.00M, Peak:0.00M | Scene, ViewLayer | Updating Images | Loading island_tree_02_branches_nor_gl
Fra:1 Mem:552.31M (Peak 576.86M) | Time:00:00.26 | Mem:0.00M, Peak:0.00M | Scene, ViewLayer | Updating Images | Loading island_tree_02_diff
Fra:1 Mem:556.31M (Peak 576.86M) | Time:00:00.26 | Mem:0.00M, Peak:0.00M | Scene, ViewLayer | Updating Images | Loading island_tree_02_leaves_nor_gl
Fra:1 Mem:580.32M (Peak 580.32M) | Time:00:00.26 | Mem:0.00M, Peak:0.00M | Scene, ViewLayer | Updating Images | Loading island_tree_02_leaves_rgba.png
Fra:1 Mem:580.58M (Peak 580.58M) | Time:00:00.27 | Mem:0.25M, Peak:0.25M | Scene, ViewLayer | Updating Images | Loading island_tree_02_branches_diff
Fra:1 Mem:584.58M (Peak 588.59M) | Time:00:00.27 | Mem:4.25M, Peak:4.25M | Scene, ViewLayer | Updating Images | Loading island_tree_02_branches_rough
Fra:1 Mem:588.16M (Peak 596.60M) | Time:00:00.30 | Mem:36.25M, Peak:36.25M | Scene, ViewLayer | Waiting for render to start
Fra:1 Mem:588.16M (Peak 596.60M) | Time:00:00.30 | Mem:36.25M, Peak:36.25M | Scene, ViewLayer | Updating Scene
Fra:1 Mem:588.16M (Peak 596.60M) | Time:00:00.30 | Mem:36.25M, Peak:36.25M | Scene, ViewLayer | Updating Shaders
Fra:1 Mem:588.16M (Peak 596.60M) | Time:00:00.30 | Mem:36.25M, Peak:36.25M | Scene, ViewLayer | Loading render kernels (may take a few minutes the first time)
Fra:1 Mem:588.25M (Peak 596.60M) | Time:00:00.30 | Mem:36.25M, Peak:36.25M | Scene, ViewLayer | Updating Procedurals
Fra:1 Mem:588.25M (Peak 596.60M) | Time:00:00.30 | Mem:36.25M, Peak:36.25M | Scene, ViewLayer | Updating Background
Fra:1 Mem:588.25M (Peak 596.60M) | Time:00:00.30 | Mem:36.25M, Peak:36.25M | Scene, ViewLayer | Updating Camera
Fra:1 Mem:588.25M (Peak 596.60M) | Time:00:00.30 | Mem:36.25M, Peak:36.25M | Scene, ViewLayer | Updating Meshes Flags
Fra:1 Mem:588.25M (Peak 596.60M) | Time:00:00.30 | Mem:36.25M, Peak:36.25M | Scene, ViewLayer | Updating Objects
Fra:1 Mem:588.25M (Peak 596.60M) | Time:00:00.30 | Mem:36.25M, Peak:36.25M | Scene, ViewLayer | Updating Objects | Copying Transformations to device
Fra:1 Mem:588.25M (Peak 596.60M) | Time:00:00.30 | Mem:36.25M, Peak:36.25M | Scene, ViewLayer | Updating Particle Systems
Fra:1 Mem:588.25M (Peak 596.60M) | Time:00:00.30 | Mem:36.25M, Peak:36.25M | Scene, ViewLayer | Updating Particle Systems | Copying Particles to device
Fra:1 Mem:588.25M (Peak 596.60M) | Time:00:00.30 | Mem:36.25M, Peak:36.25M | Scene, ViewLayer | Updating Meshes
Fra:1 Mem:649.60M (Peak 649.60M) | Time:00:01.40 | Mem:36.25M, Peak:36.25M | Scene, ViewLayer | Updating Objects | Applying Static Transformations
Fra:1 Mem:649.60M (Peak 649.60M) | Time:00:01.40 | Mem:36.25M, Peak:36.25M | Scene, ViewLayer | Updating Mesh | Computing attributes
Fra:1 Mem:757.77M (Peak 757.77M) | Time:00:01.48 | Mem:36.25M, Peak:36.25M | Scene, ViewLayer | Updating Mesh | Copying Attributes to device
Fra:1 Mem:757.77M (Peak 757.77M) | Time:00:01.49 | Mem:144.43M, Peak:144.43M | Scene, ViewLayer | Updating Scene BVH | Building
Fra:1 Mem:757.77M (Peak 757.77M) | Time:00:01.49 | Mem:144.43M, Peak:144.43M | Scene, ViewLayer | Updating Scene BVH | Building BVH
Fra:1 Mem:757.77M (Peak 757.77M) | Time:00:01.49 | Mem:177.15M, Peak:177.15M | Scene, ViewLayer | Updating Scene BVH | Building BVH 0%
Fra:1 Mem:757.77M (Peak 757.77M) | Time:00:01.59 | Mem:216.43M, Peak:249.15M | Scene, ViewLayer | Updating Scene BVH | Copying BVH to device
Fra:1 Mem:757.77M (Peak 757.77M) | Time:00:01.59 | Mem:216.43M, Peak:249.15M | Scene, ViewLayer | Updating Mesh | Computing normals
Fra:1 Mem:794.15M (Peak 794.15M) | Time:00:01.62 | Mem:216.43M, Peak:249.15M | Scene, ViewLayer | Updating Mesh | Copying Mesh to device
Fra:1 Mem:794.15M (Peak 794.15M) | Time:00:01.62 | Mem:252.80M, Peak:252.80M | Scene, ViewLayer | Updating Objects Flags
Fra:1 Mem:794.15M (Peak 794.15M) | Time:00:01.62 | Mem:252.80M, Peak:252.80M | Scene, ViewLayer | Updating Primitive Offsets
Fra:1 Mem:794.15M (Peak 794.15M) | Time:00:01.62 | Mem:252.80M, Peak:252.80M | Scene, ViewLayer | Updating Images
Fra:1 Mem:790.15M (Peak 794.15M) | Time:00:01.62 | Mem:248.80M, Peak:252.80M | Scene, ViewLayer | Updating Camera Volume
Fra:1 Mem:790.15M (Peak 794.15M) | Time:00:01.62 | Mem:248.80M, Peak:252.80M | Scene, ViewLayer | Updating Lookup Tables
Fra:1 Mem:790.15M (Peak 794.15M) | Time:00:01.62 | Mem:248.88M, Peak:252.80M | Scene, ViewLayer | Updating Lights
Fra:1 Mem:790.15M (Peak 794.15M) | Time:00:01.62 | Mem:248.88M, Peak:252.80M | Scene, ViewLayer | Updating Lights | Computing tree
Fra:1 Mem:790.15M (Peak 794.15M) | Time:00:01.62 | Mem:248.88M, Peak:252.80M | Scene, ViewLayer | Updating Integrator
Fra:1 Mem:790.15M (Peak 794.15M) | Time:00:01.62 | Mem:248.88M, Peak:252.80M | Scene, ViewLayer | Updating Film
Fra:1 Mem:790.15M (Peak 794.15M) | Time:00:01.62 | Mem:248.80M, Peak:252.80M | Scene, ViewLayer | Updating Lookup Tables
Fra:1 Mem:790.15M (Peak 794.15M) | Time:00:01.62 | Mem:248.89M, Peak:252.80M | Scene, ViewLayer | Updating Baking
Fra:1 Mem:790.15M (Peak 794.15M) | Time:00:01.62 | Mem:248.89M, Peak:252.80M | Scene, ViewLayer | Updating Device | Writing constant memory
Fra:1 Mem:790.16M (Peak 794.15M) | Time:00:01.62 | Mem:248.89M, Peak:252.80M | Scene, ViewLayer | Loading denoising kernels (may take a few minutes the first time)
Fra:1 Mem:790.16M (Peak 794.15M) | Time:00:01.62 | Mem:248.89M, Peak:252.80M | Scene, ViewLayer | Sample 0/24
Fra:1 Mem:800.93M (Peak 800.93M) | Time:00:01.68 | Remaining:00:01.36 | Mem:259.59M, Peak:259.59M | Scene, ViewLayer | Sample 1/24
Fra:1 Mem:805.44M (Peak 812.19M) | Time:00:03.31 | Mem:259.59M, Peak:259.59M | Scene, ViewLayer | Sample 24/24
Fra:1 Mem:805.44M (Peak 812.19M) | Time:00:03.31 | Mem:259.59M, Peak:259.59M | Scene, ViewLayer | Finished
Saved: 'D:\Users\Lenovo\Desktop\大观园\assets\processed\crown-r11\1-0.next.png'
Time: 00:03.36 (Saving: 00:00.03)

Fra:1 Mem:470.37M (Peak 470.37M) | Time:00:00.00 | Mem:0.00M, Peak:0.00M | Scene, ViewLayer | Synchronizing object | island_tree_02_LOD0
Fra:1 Mem:470.37M (Peak 470.37M) | Time:00:00.00 | Mem:0.00M, Peak:0.00M | Scene, ViewLayer | Synchronizing object | Diffuse daylight
Fra:1 Mem:552.32M (Peak 576.86M) | Time:00:00.08 | Mem:0.00M, Peak:0.00M | Scene, ViewLayer | Initializing
Fra:1 Mem:552.31M (Peak 576.86M) | Time:00:00.08 | Mem:0.00M, Peak:0.00M | Scene, ViewLayer | Updating Images | Loading island_tree_02_diff
Fra:1 Mem:552.31M (Peak 576.86M) | Time:00:00.08 | Mem:0.00M, Peak:0.00M | Scene, ViewLayer | Updating Images | Loading island_tree_02_rough
Fra:1 Mem:552.31M (Peak 576.86M) | Time:00:00.08 | Mem:0.00M, Peak:0.00M | Scene, ViewLayer | Updating Images | Loading island_tree_02_leaves_nor_gl
Fra:1 Mem:560.32M (Peak 576.86M) | Time:00:00.08 | Mem:0.00M, Peak:0.00M | Scene, ViewLayer | Updating Images | Loading island_tree_02_leaves_rgba.png
Fra:1 Mem:580.58M (Peak 580.58M) | Time:00:00.08 | Mem:0.25M, Peak:0.25M | Scene, ViewLayer | Updating Images | Loading island_tree_02_branches_diff
Fra:1 Mem:584.58M (Peak 588.59M) | Time:00:00.09 | Mem:4.25M, Peak:4.25M | Scene, ViewLayer | Updating Images | Loading island_tree_02_branches_rough
Fra:1 Mem:588.16M (Peak 596.60M) | Time:00:00.10 | Mem:36.25M, Peak:36.25M | Scene, ViewLayer | Waiting for render to start
Fra:1 Mem:588.16M (Peak 596.60M) | Time:00:00.10 | Mem:36.25M, Peak:36.25M | Scene, ViewLayer | Updating Scene
Fra:1 Mem:588.16M (Peak 596.60M) | Time:00:00.10 | Mem:36.25M, Peak:36.25M | Scene, ViewLayer | Updating Shaders
Fra:1 Mem:588.16M (Peak 596.60M) | Time:00:00.10 | Mem:36.25M, Peak:36.25M | Scene, ViewLayer | Loading render kernels (may take a few minutes the first time)
Fra:1 Mem:588.25M (Peak 596.60M) | Time:00:00.10 | Mem:36.25M, Peak:36.25M | Scene, ViewLayer | Updating Procedurals
Fra:1 Mem:588.25M (Peak 596.60M) | Time:00:00.10 | Mem:36.25M, Peak:36.25M | Scene, ViewLayer | Updating Background
Fra:1 Mem:588.25M (Peak 596.60M) | Time:00:00.10 | Mem:36.25M, Peak:36.25M | Scene, ViewLayer | Updating Camera
Fra:1 Mem:588.25M (Peak 596.60M) | Time:00:00.10 | Mem:36.25M, Peak:36.25M | Scene, ViewLayer | Updating Meshes Flags
Fra:1 Mem:588.25M (Peak 596.60M) | Time:00:00.10 | Mem:36.25M, Peak:36.25M | Scene, ViewLayer | Updating Objects
Fra:1 Mem:588.25M (Peak 596.60M) | Time:00:00.10 | Mem:36.25M, Peak:36.25M | Scene, ViewLayer | Updating Objects | Copying Transformations to device
Fra:1 Mem:588.25M (Peak 596.60M) | Time:00:00.10 | Mem:36.25M, Peak:36.25M | Scene, ViewLayer | Updating Particle Systems
Fra:1 Mem:588.25M (Peak 596.60M) | Time:00:00.10 | Mem:36.25M, Peak:36.25M | Scene, ViewLayer | Updating Particle Systems | Copying Particles to device
Fra:1 Mem:588.25M (Peak 596.60M) | Time:00:00.10 | Mem:36.25M, Peak:36.25M | Scene, ViewLayer | Updating Meshes
Fra:1 Mem:649.60M (Peak 649.60M) | Time:00:01.06 | Mem:36.25M, Peak:36.25M | Scene, ViewLayer | Updating Objects | Applying Static Transformations
Fra:1 Mem:649.60M (Peak 649.60M) | Time:00:01.06 | Mem:36.25M, Peak:36.25M | Scene, ViewLayer | Updating Mesh | Computing attributes
Fra:1 Mem:757.77M (Peak 757.77M) | Time:00:01.11 | Mem:36.25M, Peak:36.25M | Scene, ViewLayer | Updating Mesh | Copying Attributes to device
Fra:1 Mem:757.77M (Peak 757.77M) | Time:00:01.11 | Mem:144.43M, Peak:144.43M | Scene, ViewLayer | Updating Scene BVH | Building
Fra:1 Mem:757.77M (Peak 757.77M) | Time:00:01.11 | Mem:144.43M, Peak:144.43M | Scene, ViewLayer | Updating Scene BVH | Building BVH
Fra:1 Mem:757.77M (Peak 757.77M) | Time:00:01.11 | Mem:177.15M, Peak:177.15M | Scene, ViewLayer | Updating Scene BVH | Building BVH 0%
Fra:1 Mem:757.77M (Peak 757.77M) | Time:00:01.18 | Mem:216.43M, Peak:249.15M | Scene, ViewLayer | Updating Scene BVH | Copying BVH to device
Fra:1 Mem:757.77M (Peak 757.77M) | Time:00:01.18 | Mem:216.43M, Peak:249.15M | Scene, ViewLayer | Updating Mesh | Computing normals
Fra:1 Mem:794.15M (Peak 794.15M) | Time:00:01.21 | Mem:216.43M, Peak:249.15M | Scene, ViewLayer | Updating Mesh | Copying Mesh to device
Fra:1 Mem:794.15M (Peak 794.15M) | Time:00:01.21 | Mem:252.80M, Peak:252.80M | Scene, ViewLayer | Updating Objects Flags
Fra:1 Mem:794.15M (Peak 794.15M) | Time:00:01.21 | Mem:252.80M, Peak:252.80M | Scene, ViewLayer | Updating Primitive Offsets
Fra:1 Mem:794.15M (Peak 794.15M) | Time:00:01.21 | Mem:252.80M, Peak:252.80M | Scene, ViewLayer | Updating Images
Fra:1 Mem:790.15M (Peak 794.15M) | Time:00:01.21 | Mem:248.80M, Peak:252.80M | Scene, ViewLayer | Updating Camera Volume
Fra:1 Mem:790.15M (Peak 794.15M) | Time:00:01.21 | Mem:248.80M, Peak:252.80M | Scene, ViewLayer | Updating Lookup Tables
Fra:1 Mem:790.15M (Peak 794.15M) | Time:00:01.21 | Mem:248.88M, Peak:252.80M | Scene, ViewLayer | Updating Lights
Fra:1 Mem:790.15M (Peak 794.15M) | Time:00:01.21 | Mem:248.88M, Peak:252.80M | Scene, ViewLayer | Updating Lights | Computing tree
Fra:1 Mem:790.15M (Peak 794.15M) | Time:00:01.21 | Mem:248.88M, Peak:252.80M | Scene, ViewLayer | Updating Integrator
Fra:1 Mem:790.15M (Peak 794.15M) | Time:00:01.21 | Mem:248.88M, Peak:252.80M | Scene, ViewLayer | Updating Film
Fra:1 Mem:790.15M (Peak 794.15M) | Time:00:01.21 | Mem:248.80M, Peak:252.80M | Scene, ViewLayer | Updating Lookup Tables
Fra:1 Mem:790.15M (Peak 794.15M) | Time:00:01.21 | Mem:248.89M, Peak:252.80M | Scene, ViewLayer | Updating Baking
Fra:1 Mem:790.15M (Peak 794.15M) | Time:00:01.21 | Mem:248.89M, Peak:252.80M | Scene, ViewLayer | Updating Device | Writing constant memory
Fra:1 Mem:790.16M (Peak 794.15M) | Time:00:01.21 | Mem:248.89M, Peak:252.80M | Scene, ViewLayer | Loading denoising kernels (may take a few minutes the first time)
Fra:1 Mem:790.16M (Peak 794.15M) | Time:00:01.21 | Mem:248.89M, Peak:252.80M | Scene, ViewLayer | Sample 0/24
Fra:1 Mem:800.93M (Peak 800.93M) | Time:00:01.26 | Remaining:00:00.97 | Mem:259.59M, Peak:259.59M | Scene, ViewLayer | Sample 1/24
Fra:1 Mem:805.44M (Peak 812.19M) | Time:00:02.81 | Mem:259.59M, Peak:259.59M | Scene, ViewLayer | Sample 24/24
Fra:1 Mem:805.44M (Peak 812.19M) | Time:00:02.81 | Mem:259.59M, Peak:259.59M | Scene, ViewLayer | Finished
Saved: 'D:\Users\Lenovo\Desktop\大观园\assets\processed\crown-r11\1-1.next.png'
Time: 00:02.84 (Saving: 00:00.01)

Fra:1 Mem:470.37M (Peak 470.37M) | Time:00:00.00 | Mem:0.00M, Peak:0.00M | Scene, ViewLayer | Synchronizing object | island_tree_02_LOD0
Fra:1 Mem:470.37M (Peak 470.37M) | Time:00:00.00 | Mem:0.00M, Peak:0.00M | Scene, ViewLayer | Synchronizing object | Diffuse daylight
Fra:1 Mem:552.32M (Peak 576.86M) | Time:00:00.07 | Mem:0.00M, Peak:0.00M | Scene, ViewLayer | Initializing
Fra:1 Mem:552.31M (Peak 576.86M) | Time:00:00.07 | Mem:0.00M, Peak:0.00M | Scene, ViewLayer | Updating Images | Loading island_tree_02_branches_nor_gl
Fra:1 Mem:552.31M (Peak 576.86M) | Time:00:00.07 | Mem:0.00M, Peak:0.00M | Scene, ViewLayer | Updating Images | Loading island_tree_02_diff
Fra:1 Mem:556.31M (Peak 576.86M) | Time:00:00.07 | Mem:0.00M, Peak:0.00M | Scene, ViewLayer | Updating Images | Loading island_tree_02_leaves_nor_gl
Fra:1 Mem:564.32M (Peak 576.86M) | Time:00:00.07 | Mem:0.00M, Peak:0.00M | Scene, ViewLayer | Updating Images | Loading island_tree_02_leaves_rgba.png
Fra:1 Mem:580.58M (Peak 580.58M) | Time:00:00.07 | Mem:0.25M, Peak:0.25M | Scene, ViewLayer | Updating Images | Loading island_tree_02_branches_diff
Fra:1 Mem:584.58M (Peak 588.59M) | Time:00:00.08 | Mem:4.25M, Peak:4.25M | Scene, ViewLayer | Updating Images | Loading island_tree_02_branches_rough
Fra:1 Mem:588.16M (Peak 600.61M) | Time:00:00.10 | Mem:36.25M, Peak:36.25M | Scene, ViewLayer | Waiting for render to start
Fra:1 Mem:588.16M (Peak 600.61M) | Time:00:00.10 | Mem:36.25M, Peak:36.25M | Scene, ViewLayer | Updating Scene
Fra:1 Mem:588.16M (Peak 600.61M) | Time:00:00.10 | Mem:36.25M, Peak:36.25M | Scene, ViewLayer | Updating Shaders
Fra:1 Mem:588.16M (Peak 600.61M) | Time:00:00.10 | Mem:36.25M, Peak:36.25M | Scene, ViewLayer | Loading render kernels (may take a few minutes the first time)
Fra:1 Mem:588.25M (Peak 600.61M) | Time:00:00.10 | Mem:36.25M, Peak:36.25M | Scene, ViewLayer | Updating Procedurals
Fra:1 Mem:588.25M (Peak 600.61M) | Time:00:00.10 | Mem:36.25M, Peak:36.25M | Scene, ViewLayer | Updating Background
Fra:1 Mem:588.25M (Peak 600.61M) | Time:00:00.10 | Mem:36.25M, Peak:36.25M | Scene, ViewLayer | Updating Camera
Fra:1 Mem:588.25M (Peak 600.61M) | Time:00:00.10 | Mem:36.25M, Peak:36.25M | Scene, ViewLayer | Updating Meshes Flags
Fra:1 Mem:588.25M (Peak 600.61M) | Time:00:00.10 | Mem:36.25M, Peak:36.25M | Scene, ViewLayer | Updating Objects
Fra:1 Mem:588.25M (Peak 600.61M) | Time:00:00.10 | Mem:36.25M, Peak:36.25M | Scene, ViewLayer | Updating Objects | Copying Transformations to device
Fra:1 Mem:588.25M (Peak 600.61M) | Time:00:00.10 | Mem:36.25M, Peak:36.25M | Scene, ViewLayer | Updating Particle Systems
Fra:1 Mem:588.25M (Peak 600.61M) | Time:00:00.10 | Mem:36.25M, Peak:36.25M | Scene, ViewLayer | Updating Particle Systems | Copying Particles to device
Fra:1 Mem:588.25M (Peak 600.61M) | Time:00:00.10 | Mem:36.25M, Peak:36.25M | Scene, ViewLayer | Updating Meshes
Fra:1 Mem:649.60M (Peak 649.60M) | Time:00:01.05 | Mem:36.25M, Peak:36.25M | Scene, ViewLayer | Updating Objects | Applying Static Transformations
Fra:1 Mem:649.60M (Peak 649.60M) | Time:00:01.05 | Mem:36.25M, Peak:36.25M | Scene, ViewLayer | Updating Mesh | Computing attributes
Fra:1 Mem:757.77M (Peak 757.77M) | Time:00:01.11 | Mem:36.25M, Peak:36.25M | Scene, ViewLayer | Updating Mesh | Copying Attributes to device
Fra:1 Mem:757.77M (Peak 757.77M) | Time:00:01.11 | Mem:144.43M, Peak:144.43M | Scene, ViewLayer | Updating Scene BVH | Building
Fra:1 Mem:757.77M (Peak 757.77M) | Time:00:01.11 | Mem:144.43M, Peak:144.43M | Scene, ViewLayer | Updating Scene BVH | Building BVH
Fra:1 Mem:757.77M (Peak 757.77M) | Time:00:01.11 | Mem:177.15M, Peak:177.15M | Scene, ViewLayer | Updating Scene BVH | Building BVH 0%
Fra:1 Mem:757.77M (Peak 757.77M) | Time:00:01.19 | Mem:216.43M, Peak:249.15M | Scene, ViewLayer | Updating Scene BVH | Copying BVH to device
Fra:1 Mem:757.77M (Peak 757.77M) | Time:00:01.19 | Mem:216.43M, Peak:249.15M | Scene, ViewLayer | Updating Mesh | Computing normals
Fra:1 Mem:794.15M (Peak 794.15M) | Time:00:01.21 | Mem:216.43M, Peak:249.15M | Scene, ViewLayer | Updating Mesh | Copying Mesh to device
Fra:1 Mem:794.15M (Peak 794.15M) | Time:00:01.21 | Mem:252.80M, Peak:252.80M | Scene, ViewLayer | Updating Objects Flags
Fra:1 Mem:794.15M (Peak 794.15M) | Time:00:01.21 | Mem:252.80M, Peak:252.80M | Scene, ViewLayer | Updating Primitive Offsets
Fra:1 Mem:794.15M (Peak 794.15M) | Time:00:01.21 | Mem:252.80M, Peak:252.80M | Scene, ViewLayer | Updating Images
Fra:1 Mem:790.15M (Peak 794.15M) | Time:00:01.21 | Mem:248.80M, Peak:252.80M | Scene, ViewLayer | Updating Camera Volume
Fra:1 Mem:790.15M (Peak 794.15M) | Time:00:01.21 | Mem:248.80M, Peak:252.80M | Scene, ViewLayer | Updating Lookup Tables
Fra:1 Mem:790.15M (Peak 794.15M) | Time:00:01.21 | Mem:248.88M, Peak:252.80M | Scene, ViewLayer | Updating Lights
Fra:1 Mem:790.15M (Peak 794.15M) | Time:00:01.21 | Mem:248.88M, Peak:252.80M | Scene, ViewLayer | Updating Lights | Computing tree
Fra:1 Mem:790.15M (Peak 794.15M) | Time:00:01.21 | Mem:248.88M, Peak:252.80M | Scene, ViewLayer | Updating Integrator
Fra:1 Mem:790.15M (Peak 794.15M) | Time:00:01.21 | Mem:248.88M, Peak:252.80M | Scene, ViewLayer | Updating Film
Fra:1 Mem:790.15M (Peak 794.15M) | Time:00:01.21 | Mem:248.80M, Peak:252.80M | Scene, ViewLayer | Updating Lookup Tables
Fra:1 Mem:790.15M (Peak 794.15M) | Time:00:01.21 | Mem:248.89M, Peak:252.80M | Scene, ViewLayer | Updating Baking
Fra:1 Mem:790.15M (Peak 794.15M) | Time:00:01.21 | Mem:248.89M, Peak:252.80M | Scene, ViewLayer | Updating Device | Writing constant memory
Fra:1 Mem:790.16M (Peak 794.15M) | Time:00:01.21 | Mem:248.89M, Peak:252.80M | Scene, ViewLayer | Loading denoising kernels (may take a few minutes the first time)
Fra:1 Mem:790.16M (Peak 794.15M) | Time:00:01.21 | Mem:248.89M, Peak:252.80M | Scene, ViewLayer | Sample 0/24
Fra:1 Mem:800.93M (Peak 800.93M) | Time:00:01.26 | Remaining:00:01.14 | Mem:259.59M, Peak:259.59M | Scene, ViewLayer | Sample 1/24
Fra:1 Mem:805.44M (Peak 812.19M) | Time:00:02.90 | Mem:259.59M, Peak:259.59M | Scene, ViewLayer | Sample 24/24
Fra:1 Mem:805.44M (Peak 812.19M) | Time:00:02.90 | Mem:259.59M, Peak:259.59M | Scene, ViewLayer | Finished
Saved: 'D:\Users\Lenovo\Desktop\大观园\assets\processed\crown-r11\1-2.next.png'
Time: 00:02.93 (Saving: 00:00.02)

Fra:1 Mem:470.37M (Peak 470.37M) | Time:00:00.00 | Mem:0.00M, Peak:0.00M | Scene, ViewLayer | Synchronizing object | island_tree_02_LOD0
Fra:1 Mem:470.37M (Peak 470.37M) | Time:00:00.00 | Mem:0.00M, Peak:0.00M | Scene, ViewLayer | Synchronizing object | Diffuse daylight
Fra:1 Mem:552.32M (Peak 576.86M) | Time:00:00.05 | Mem:0.00M, Peak:0.00M | Scene, ViewLayer | Initializing
Fra:1 Mem:552.31M (Peak 576.86M) | Time:00:00.05 | Mem:0.00M, Peak:0.00M | Scene, ViewLayer | Updating Images | Loading island_tree_02_branches_nor_gl
Fra:1 Mem:552.31M (Peak 576.86M) | Time:00:00.05 | Mem:0.00M, Peak:0.00M | Scene, ViewLayer | Updating Images | Loading island_tree_02_diff
Fra:1 Mem:556.31M (Peak 576.86M) | Time:00:00.05 | Mem:0.00M, Peak:0.00M | Scene, ViewLayer | Updating Images | Loading island_tree_02_leaves_diff-island_tree_02_leaves_alpha
Fra:1 Mem:560.32M (Peak 576.86M) | Time:00:00.05 | Mem:0.00M, Peak:0.00M | Scene, ViewLayer | Updating Images | Loading island_tree_02_leaves_nor_gl
Fra:1 Mem:564.32M (Peak 576.86M) | Time:00:00.05 | Mem:0.00M, Peak:0.00M | Scene, ViewLayer | Updating Images | Loading island_tree_02_leaves_rgba.png
Fra:1 Mem:580.59M (Peak 580.59M) | Time:00:00.06 | Mem:0.25M, Peak:0.25M | Scene, ViewLayer | Updating Images | Loading island_tree_02_branches_diff
Fra:1 Mem:584.59M (Peak 588.59M) | Time:00:00.07 | Mem:4.25M, Peak:4.25M | Scene, ViewLayer | Updating Images | Loading island_tree_02_branches_rough
Fra:1 Mem:588.16M (Peak 596.60M) | Time:00:00.08 | Mem:36.25M, Peak:36.25M | Scene, ViewLayer | Waiting for render to start
Fra:1 Mem:588.16M (Peak 596.60M) | Time:00:00.08 | Mem:36.25M, Peak:36.25M | Scene, ViewLayer | Updating Scene
Fra:1 Mem:588.16M (Peak 596.60M) | Time:00:00.08 | Mem:36.25M, Peak:36.25M | Scene, ViewLayer | Updating Shaders
Fra:1 Mem:588.16M (Peak 596.60M) | Time:00:00.08 | Mem:36.25M, Peak:36.25M | Scene, ViewLayer | Loading render kernels (may take a few minutes the first time)
Fra:1 Mem:588.25M (Peak 596.60M) | Time:00:00.08 | Mem:36.25M, Peak:36.25M | Scene, ViewLayer | Updating Procedurals
Fra:1 Mem:588.25M (Peak 596.60M) | Time:00:00.09 | Mem:36.25M, Peak:36.25M | Scene, ViewLayer | Updating Background
Fra:1 Mem:588.25M (Peak 596.60M) | Time:00:00.09 | Mem:36.25M, Peak:36.25M | Scene, ViewLayer | Updating Camera
Fra:1 Mem:588.25M (Peak 596.60M) | Time:00:00.09 | Mem:36.25M, Peak:36.25M | Scene, ViewLayer | Updating Meshes Flags
Fra:1 Mem:588.25M (Peak 596.60M) | Time:00:00.09 | Mem:36.25M, Peak:36.25M | Scene, ViewLayer | Updating Objects
Fra:1 Mem:588.25M (Peak 596.60M) | Time:00:00.09 | Mem:36.25M, Peak:36.25M | Scene, ViewLayer | Updating Objects | Copying Transformations to device
Fra:1 Mem:588.25M (Peak 596.60M) | Time:00:00.09 | Mem:36.25M, Peak:36.25M | Scene, ViewLayer | Updating Particle Systems
Fra:1 Mem:588.25M (Peak 596.60M) | Time:00:00.09 | Mem:36.25M, Peak:36.25M | Scene, ViewLayer | Updating Particle Systems | Copying Particles to device
Fra:1 Mem:588.25M (Peak 596.60M) | Time:00:00.09 | Mem:36.25M, Peak:36.25M | Scene, ViewLayer | Updating Meshes
Fra:1 Mem:649.60M (Peak 649.60M) | Time:00:00.99 | Mem:36.25M, Peak:36.25M | Scene, ViewLayer | Updating Objects | Applying Static Transformations
Fra:1 Mem:649.60M (Peak 649.60M) | Time:00:00.99 | Mem:36.25M, Peak:36.25M | Scene, ViewLayer | Updating Mesh | Computing attributes
Fra:1 Mem:757.77M (Peak 757.77M) | Time:00:01.02 | Mem:36.25M, Peak:36.25M | Scene, ViewLayer | Updating Mesh | Copying Attributes to device
Fra:1 Mem:757.77M (Peak 757.77M) | Time:00:01.02 | Mem:144.43M, Peak:144.43M | Scene, ViewLayer | Updating Scene BVH | Building
Fra:1 Mem:757.77M (Peak 757.77M) | Time:00:01.02 | Mem:144.43M, Peak:144.43M | Scene, ViewLayer | Updating Scene BVH | Building BVH
Fra:1 Mem:757.77M (Peak 757.77M) | Time:00:01.02 | Mem:177.15M, Peak:177.15M | Scene, ViewLayer | Updating Scene BVH | Building BVH 0%
Fra:1 Mem:757.77M (Peak 757.77M) | Time:00:01.10 | Mem:216.43M, Peak:249.15M | Scene, ViewLayer | Updating Scene BVH | Copying BVH to device
Fra:1 Mem:757.77M (Peak 757.77M) | Time:00:01.10 | Mem:216.43M, Peak:249.15M | Scene, ViewLayer | Updating Mesh | Computing normals
Fra:1 Mem:794.15M (Peak 794.15M) | Time:00:01.13 | Mem:216.43M, Peak:249.15M | Scene, ViewLayer | Updating Mesh | Copying Mesh to device
Fra:1 Mem:794.15M (Peak 794.15M) | Time:00:01.13 | Mem:252.80M, Peak:252.80M | Scene, ViewLayer | Updating Objects Flags
Fra:1 Mem:794.15M (Peak 794.15M) | Time:00:01.13 | Mem:252.80M, Peak:252.80M | Scene, ViewLayer | Updating Primitive Offsets
Fra:1 Mem:794.15M (Peak 794.15M) | Time:00:01.13 | Mem:252.80M, Peak:252.80M | Scene, ViewLayer | Updating Images
Fra:1 Mem:790.15M (Peak 794.15M) | Time:00:01.13 | Mem:248.80M, Peak:252.80M | Scene, ViewLayer | Updating Camera Volume
Fra:1 Mem:790.15M (Peak 794.15M) | Time:00:01.13 | Mem:248.80M, Peak:252.80M | Scene, ViewLayer | Updating Lookup Tables
Fra:1 Mem:790.15M (Peak 794.15M) | Time:00:01.13 | Mem:248.88M, Peak:252.80M | Scene, ViewLayer | Updating Lights
Fra:1 Mem:790.15M (Peak 794.15M) | Time:00:01.13 | Mem:248.88M, Peak:252.80M | Scene, ViewLayer | Updating Lights | Computing tree
Fra:1 Mem:790.15M (Peak 794.15M) | Time:00:01.13 | Mem:248.88M, Peak:252.80M | Scene, ViewLayer | Updating Integrator
Fra:1 Mem:790.15M (Peak 794.15M) | Time:00:01.13 | Mem:248.88M, Peak:252.80M | Scene, ViewLayer | Updating Film
Fra:1 Mem:790.15M (Peak 794.15M) | Time:00:01.13 | Mem:248.80M, Peak:252.80M | Scene, ViewLayer | Updating Lookup Tables
Fra:1 Mem:790.15M (Peak 794.15M) | Time:00:01.13 | Mem:248.89M, Peak:252.80M | Scene, ViewLayer | Updating Baking
Fra:1 Mem:790.15M (Peak 794.15M) | Time:00:01.13 | Mem:248.89M, Peak:252.80M | Scene, ViewLayer | Updating Device | Writing constant memory
Fra:1 Mem:790.16M (Peak 794.15M) | Time:00:01.13 | Mem:248.89M, Peak:252.80M | Scene, ViewLayer | Loading denoising kernels (may take a few minutes the first time)
Fra:1 Mem:790.16M (Peak 794.15M) | Time:00:01.13 | Mem:248.89M, Peak:252.80M | Scene, ViewLayer | Sample 0/24
Fra:1 Mem:800.94M (Peak 800.94M) | Time:00:01.18 | Remaining:00:01.16 | Mem:259.59M, Peak:259.59M | Scene, ViewLayer | Sample 1/24
Fra:1 Mem:805.44M (Peak 812.19M) | Time:00:02.87 | Mem:259.59M, Peak:259.59M | Scene, ViewLayer | Sample 24/24
Fra:1 Mem:805.44M (Peak 812.19M) | Time:00:02.87 | Mem:259.59M, Peak:259.59M | Scene, ViewLayer | Finished
Saved: 'D:\Users\Lenovo\Desktop\大观园\assets\processed\crown-r11\1-3.next.png'
Time: 00:02.91 (Saving: 00:00.02)

Fra:1 Mem:470.37M (Peak 470.37M) | Time:00:00.00 | Mem:0.00M, Peak:0.00M | Scene, ViewLayer | Synchronizing object | island_tree_02_LOD0
Fra:1 Mem:470.37M (Peak 470.37M) | Time:00:00.00 | Mem:0.00M, Peak:0.00M | Scene, ViewLayer | Synchronizing object | Diffuse daylight
Fra:1 Mem:552.32M (Peak 576.86M) | Time:00:00.07 | Mem:0.00M, Peak:0.00M | Scene, ViewLayer | Initializing
Fra:1 Mem:552.31M (Peak 576.86M) | Time:00:00.07 | Mem:0.00M, Peak:0.00M | Scene, ViewLayer | Updating Images | Loading island_tree_02_branches_nor_gl
Fra:1 Mem:552.31M (Peak 576.86M) | Time:00:00.07 | Mem:0.00M, Peak:0.00M | Scene, ViewLayer | Updating Images | Loading island_tree_02_diff
Fra:1 Mem:552.31M (Peak 576.86M) | Time:00:00.07 | Mem:0.00M, Peak:0.00M | Scene, ViewLayer | Updating Images | Loading island_tree_02_leaves_nor_gl
Fra:1 Mem:560.32M (Peak 576.86M) | Time:00:00.07 | Mem:0.00M, Peak:0.00M | Scene, ViewLayer | Updating Images | Loading island_tree_02_leaves_rgba.png
Fra:1 Mem:580.59M (Peak 580.59M) | Time:00:00.08 | Mem:0.25M, Peak:0.25M | Scene, ViewLayer | Updating Images | Loading island_tree_02_branches_diff
Fra:1 Mem:584.59M (Peak 588.59M) | Time:00:00.08 | Mem:4.25M, Peak:4.25M | Scene, ViewLayer | Updating Images | Loading island_tree_02_branches_rough
Fra:1 Mem:588.16M (Peak 596.60M) | Time:00:00.10 | Mem:36.25M, Peak:36.25M | Scene, ViewLayer | Waiting for render to start
Fra:1 Mem:588.16M (Peak 596.60M) | Time:00:00.10 | Mem:36.25M, Peak:36.25M | Scene, ViewLayer | Updating Scene
Fra:1 Mem:588.16M (Peak 596.60M) | Time:00:00.10 | Mem:36.25M, Peak:36.25M | Scene, ViewLayer | Updating Shaders
Fra:1 Mem:588.16M (Peak 596.60M) | Time:00:00.10 | Mem:36.25M, Peak:36.25M | Scene, ViewLayer | Loading render kernels (may take a few minutes the first time)
Fra:1 Mem:588.25M (Peak 596.60M) | Time:00:00.10 | Mem:36.25M, Peak:36.25M | Scene, ViewLayer | Updating Procedurals
Fra:1 Mem:588.25M (Peak 596.60M) | Time:00:00.10 | Mem:36.25M, Peak:36.25M | Scene, ViewLayer | Updating Background
Fra:1 Mem:588.25M (Peak 596.60M) | Time:00:00.10 | Mem:36.25M, Peak:36.25M | Scene, ViewLayer | Updating Camera
Fra:1 Mem:588.25M (Peak 596.60M) | Time:00:00.10 | Mem:36.25M, Peak:36.25M | Scene, ViewLayer | Updating Meshes Flags
Fra:1 Mem:588.25M (Peak 596.60M) | Time:00:00.10 | Mem:36.25M, Peak:36.25M | Scene, ViewLayer | Updating Objects
Fra:1 Mem:588.25M (Peak 596.60M) | Time:00:00.10 | Mem:36.25M, Peak:36.25M | Scene, ViewLayer | Updating Objects | Copying Transformations to device
Fra:1 Mem:588.25M (Peak 596.60M) | Time:00:00.10 | Mem:36.25M, Peak:36.25M | Scene, ViewLayer | Updating Particle Systems
Fra:1 Mem:588.25M (Peak 596.60M) | Time:00:00.10 | Mem:36.25M, Peak:36.25M | Scene, ViewLayer | Updating Particle Systems | Copying Particles to device
Fra:1 Mem:588.25M (Peak 596.60M) | Time:00:00.10 | Mem:36.25M, Peak:36.25M | Scene, ViewLayer | Updating Meshes
Fra:1 Mem:649.60M (Peak 649.60M) | Time:00:01.04 | Mem:36.25M, Peak:36.25M | Scene, ViewLayer | Updating Objects | Applying Static Transformations
Fra:1 Mem:649.60M (Peak 649.60M) | Time:00:01.04 | Mem:36.25M, Peak:36.25M | Scene, ViewLayer | Updating Mesh | Computing attributes
Fra:1 Mem:757.77M (Peak 757.77M) | Time:00:01.07 | Mem:36.25M, Peak:36.25M | Scene, ViewLayer | Updating Mesh | Copying Attributes to device
Fra:1 Mem:757.77M (Peak 757.77M) | Time:00:01.07 | Mem:144.43M, Peak:144.43M | Scene, ViewLayer | Updating Scene BVH | Building
Fra:1 Mem:757.77M (Peak 757.77M) | Time:00:01.07 | Mem:144.43M, Peak:144.43M | Scene, ViewLayer | Updating Scene BVH | Building BVH
Fra:1 Mem:757.77M (Peak 757.77M) | Time:00:01.07 | Mem:177.15M, Peak:177.15M | Scene, ViewLayer | Updating Scene BVH | Building BVH 0%
Fra:1 Mem:757.77M (Peak 757.77M) | Time:00:01.16 | Mem:216.43M, Peak:249.15M | Scene, ViewLayer | Updating Scene BVH | Copying BVH to device
Fra:1 Mem:757.77M (Peak 757.77M) | Time:00:01.16 | Mem:216.43M, Peak:249.15M | Scene, ViewLayer | Updating Mesh | Computing normals
Fra:1 Mem:794.15M (Peak 794.15M) | Time:00:01.19 | Mem:216.43M, Peak:249.15M | Scene, ViewLayer | Updating Mesh | Copying Mesh to device
Fra:1 Mem:794.15M (Peak 794.15M) | Time:00:01.19 | Mem:252.80M, Peak:252.80M | Scene, ViewLayer | Updating Objects Flags
Fra:1 Mem:794.15M (Peak 794.15M) | Time:00:01.19 | Mem:252.80M, Peak:252.80M | Scene, ViewLayer | Updating Primitive Offsets
Fra:1 Mem:794.15M (Peak 794.15M) | Time:00:01.19 | Mem:252.80M, Peak:252.80M | Scene, ViewLayer | Updating Images
Fra:1 Mem:790.15M (Peak 794.15M) | Time:00:01.19 | Mem:248.80M, Peak:252.80M | Scene, ViewLayer | Updating Camera Volume
Fra:1 Mem:790.15M (Peak 794.15M) | Time:00:01.19 | Mem:248.80M, Peak:252.80M | Scene, ViewLayer | Updating Lookup Tables
Fra:1 Mem:790.15M (Peak 794.15M) | Time:00:01.19 | Mem:248.88M, Peak:252.80M | Scene, ViewLayer | Updating Lights
Fra:1 Mem:790.15M (Peak 794.15M) | Time:00:01.19 | Mem:248.88M, Peak:252.80M | Scene, ViewLayer | Updating Lights | Computing tree
Fra:1 Mem:790.15M (Peak 794.15M) | Time:00:01.19 | Mem:248.88M, Peak:252.80M | Scene, ViewLayer | Updating Integrator
Fra:1 Mem:790.15M (Peak 794.15M) | Time:00:01.19 | Mem:248.88M, Peak:252.80M | Scene, ViewLayer | Updating Film
Fra:1 Mem:790.15M (Peak 794.15M) | Time:00:01.19 | Mem:248.80M, Peak:252.80M | Scene, ViewLayer | Updating Lookup Tables
Fra:1 Mem:790.15M (Peak 794.15M) | Time:00:01.19 | Mem:248.89M, Peak:252.80M | Scene, ViewLayer | Updating Baking
Fra:1 Mem:790.15M (Peak 794.15M) | Time:00:01.19 | Mem:248.89M, Peak:252.80M | Scene, ViewLayer | Updating Device | Writing constant memory
Fra:1 Mem:790.16M (Peak 794.15M) | Time:00:01.19 | Mem:248.89M, Peak:252.80M | Scene, ViewLayer | Loading denoising kernels (may take a few minutes the first time)
Fra:1 Mem:790.16M (Peak 794.15M) | Time:00:01.19 | Mem:248.89M, Peak:252.80M | Scene, ViewLayer | Sample 0/24
Fra:1 Mem:800.94M (Peak 800.94M) | Time:00:01.25 | Remaining:00:01.40 | Mem:259.59M, Peak:259.59M | Scene, ViewLayer | Sample 1/24
Fra:1 Mem:805.44M (Peak 812.19M) | Time:00:02.94 | Mem:259.59M, Peak:259.59M | Scene, ViewLayer | Sample 24/24
Fra:1 Mem:805.44M (Peak 812.19M) | Time:00:02.94 | Mem:259.59M, Peak:259.59M | Scene, ViewLayer | Finished
Saved: 'D:\Users\Lenovo\Desktop\大观园\assets\processed\crown-r11\1-4.next.png'
Time: 00:02.97 (Saving: 00:00.01)

14:04:40 | INFO: Data are loaded, start creating Blender stuff
14:04:40 | INFO: Blender create Mesh node pine_sapling_small_b
14:04:40 | INFO: Blender create Mesh node pine_sapling_small_a
14:04:40 | INFO: Blender create Mesh node pine_sapling_small_c
14:04:40 | INFO: glTF import finished in 0.60s
Fra:1 Mem:524.73M (Peak 524.73M) | Time:00:00.00 | Mem:0.00M, Peak:0.00M | Scene, ViewLayer | Synchronizing object | pine_sapling_small_a
Fra:1 Mem:524.74M (Peak 524.74M) | Time:00:00.00 | Mem:0.00M, Peak:0.00M | Scene, ViewLayer | Synchronizing object | Diffuse daylight
Fra:1 Mem:540.80M (Peak 558.62M) | Time:00:00.05 | Mem:0.00M, Peak:0.00M | Scene, ViewLayer | Initializing
Fra:1 Mem:540.79M (Peak 558.62M) | Time:00:00.05 | Mem:0.00M, Peak:0.00M | Scene, ViewLayer | Updating Images | Loading pine_sapling_small_twig_rgba.png
Fra:1 Mem:540.79M (Peak 558.62M) | Time:00:00.05 | Mem:0.00M, Peak:0.00M | Scene, ViewLayer | Updating Images | Loading pine_sapling_small_bark_rough
Fra:1 Mem:540.79M (Peak 558.62M) | Time:00:00.05 | Mem:0.00M, Peak:0.00M | Scene, ViewLayer | Updating Images | Loading pine_sapling_small_twig_diff
Fra:1 Mem:540.79M (Peak 558.62M) | Time:00:00.05 | Mem:0.00M, Peak:0.00M | Scene, ViewLayer | Updating Images | Loading pine_sapling_small_twig_rough
Fra:1 Mem:548.80M (Peak 558.62M) | Time:00:00.05 | Mem:0.00M, Peak:0.00M | Scene, ViewLayer | Updating Images | Loading pine_sapling_small_twig_nor_gl
Fra:1 Mem:564.74M (Peak 573.07M) | Time:00:00.06 | Mem:24.25M, Peak:24.25M | Scene, ViewLayer | Waiting for render to start
Fra:1 Mem:564.74M (Peak 573.07M) | Time:00:00.06 | Mem:24.25M, Peak:24.25M | Scene, ViewLayer | Updating Scene
Fra:1 Mem:564.74M (Peak 573.07M) | Time:00:00.06 | Mem:24.25M, Peak:24.25M | Scene, ViewLayer | Updating Shaders
Fra:1 Mem:564.74M (Peak 573.07M) | Time:00:00.06 | Mem:24.25M, Peak:24.25M | Scene, ViewLayer | Loading render kernels (may take a few minutes the first time)
Fra:1 Mem:564.82M (Peak 573.07M) | Time:00:00.07 | Mem:24.25M, Peak:24.25M | Scene, ViewLayer | Updating Procedurals
Fra:1 Mem:564.82M (Peak 573.07M) | Time:00:00.07 | Mem:24.25M, Peak:24.25M | Scene, ViewLayer | Updating Background
Fra:1 Mem:564.82M (Peak 573.07M) | Time:00:00.07 | Mem:24.25M, Peak:24.25M | Scene, ViewLayer | Updating Camera
Fra:1 Mem:564.82M (Peak 573.07M) | Time:00:00.07 | Mem:24.25M, Peak:24.25M | Scene, ViewLayer | Updating Meshes Flags
Fra:1 Mem:564.82M (Peak 573.07M) | Time:00:00.07 | Mem:24.25M, Peak:24.25M | Scene, ViewLayer | Updating Objects
Fra:1 Mem:564.82M (Peak 573.07M) | Time:00:00.07 | Mem:24.25M, Peak:24.25M | Scene, ViewLayer | Updating Objects | Copying Transformations to device
Fra:1 Mem:564.82M (Peak 573.07M) | Time:00:00.07 | Mem:24.25M, Peak:24.25M | Scene, ViewLayer | Updating Particle Systems
Fra:1 Mem:564.82M (Peak 573.07M) | Time:00:00.07 | Mem:24.25M, Peak:24.25M | Scene, ViewLayer | Updating Particle Systems | Copying Particles to device
Fra:1 Mem:564.82M (Peak 573.07M) | Time:00:00.07 | Mem:24.25M, Peak:24.25M | Scene, ViewLayer | Updating Meshes
Fra:1 Mem:572.97M (Peak 573.07M) | Time:00:00.17 | Mem:24.25M, Peak:24.25M | Scene, ViewLayer | Updating Objects | Applying Static Transformations
Fra:1 Mem:572.97M (Peak 573.07M) | Time:00:00.17 | Mem:24.25M, Peak:24.25M | Scene, ViewLayer | Updating Mesh | Computing attributes
Fra:1 Mem:584.43M (Peak 584.43M) | Time:00:00.18 | Mem:24.25M, Peak:24.25M | Scene, ViewLayer | Updating Mesh | Copying Attributes to device
Fra:1 Mem:584.43M (Peak 584.43M) | Time:00:00.18 | Mem:35.71M, Peak:35.71M | Scene, ViewLayer | Updating Scene BVH | Building
Fra:1 Mem:584.43M (Peak 584.43M) | Time:00:00.18 | Mem:35.71M, Peak:35.71M | Scene, ViewLayer | Updating Scene BVH | Building BVH
Fra:1 Mem:584.43M (Peak 584.43M) | Time:00:00.18 | Mem:40.06M, Peak:40.06M | Scene, ViewLayer | Updating Scene BVH | Building BVH 0%
Fra:1 Mem:584.43M (Peak 584.43M) | Time:00:00.18 | Mem:45.25M, Peak:49.60M | Scene, ViewLayer | Updating Scene BVH | Copying BVH to device
Fra:1 Mem:584.43M (Peak 584.43M) | Time:00:00.18 | Mem:45.25M, Peak:49.60M | Scene, ViewLayer | Updating Mesh | Computing normals
Fra:1 Mem:589.95M (Peak 589.95M) | Time:00:00.19 | Mem:45.25M, Peak:49.60M | Scene, ViewLayer | Updating Mesh | Copying Mesh to device
Fra:1 Mem:589.95M (Peak 589.95M) | Time:00:00.19 | Mem:50.76M, Peak:50.76M | Scene, ViewLayer | Updating Objects Flags
Fra:1 Mem:589.95M (Peak 589.95M) | Time:00:00.19 | Mem:50.76M, Peak:50.76M | Scene, ViewLayer | Updating Primitive Offsets
Fra:1 Mem:589.95M (Peak 589.95M) | Time:00:00.19 | Mem:50.76M, Peak:50.76M | Scene, ViewLayer | Updating Images
Fra:1 Mem:585.95M (Peak 589.95M) | Time:00:00.19 | Mem:46.76M, Peak:50.76M | Scene, ViewLayer | Updating Camera Volume
Fra:1 Mem:585.95M (Peak 589.95M) | Time:00:00.19 | Mem:46.76M, Peak:50.76M | Scene, ViewLayer | Updating Lookup Tables
Fra:1 Mem:585.95M (Peak 589.95M) | Time:00:00.19 | Mem:46.85M, Peak:50.76M | Scene, ViewLayer | Updating Lights
Fra:1 Mem:585.95M (Peak 589.95M) | Time:00:00.19 | Mem:46.85M, Peak:50.76M | Scene, ViewLayer | Updating Lights | Computing tree
Fra:1 Mem:585.95M (Peak 589.95M) | Time:00:00.19 | Mem:46.85M, Peak:50.76M | Scene, ViewLayer | Updating Integrator
Fra:1 Mem:585.95M (Peak 589.95M) | Time:00:00.19 | Mem:46.85M, Peak:50.76M | Scene, ViewLayer | Updating Film
Fra:1 Mem:585.95M (Peak 589.95M) | Time:00:00.19 | Mem:46.76M, Peak:50.76M | Scene, ViewLayer | Updating Lookup Tables
Fra:1 Mem:585.95M (Peak 589.95M) | Time:00:00.19 | Mem:46.85M, Peak:50.76M | Scene, ViewLayer | Updating Baking
Fra:1 Mem:585.95M (Peak 589.95M) | Time:00:00.19 | Mem:46.85M, Peak:50.76M | Scene, ViewLayer | Updating Device | Writing constant memory
Fra:1 Mem:585.96M (Peak 589.95M) | Time:00:00.19 | Mem:46.85M, Peak:50.76M | Scene, ViewLayer | Loading denoising kernels (may take a few minutes the first time)
Fra:1 Mem:585.96M (Peak 589.95M) | Time:00:00.19 | Mem:46.85M, Peak:50.76M | Scene, ViewLayer | Sample 0/24
Fra:1 Mem:596.73M (Peak 596.73M) | Time:00:00.20 | Remaining:00:00.39 | Mem:57.55M, Peak:57.55M | Scene, ViewLayer | Sample 1/24
Fra:1 Mem:601.24M (Peak 607.99M) | Time:00:01.14 | Mem:57.55M, Peak:57.55M | Scene, ViewLayer | Sample 24/24
Fra:1 Mem:601.24M (Peak 607.99M) | Time:00:01.14 | Mem:57.55M, Peak:57.55M | Scene, ViewLayer | Finished
Saved: 'D:\Users\Lenovo\Desktop\大观园\assets\processed\crown-r11\2-0.next.png'
Time: 00:01.15 (Saving: 00:00.01)

Fra:1 Mem:528.54M (Peak 528.54M) | Time:00:00.00 | Mem:0.00M, Peak:0.00M | Scene, ViewLayer | Synchronizing object | Diffuse daylight
Fra:1 Mem:528.54M (Peak 528.54M) | Time:00:00.00 | Mem:0.00M, Peak:0.00M | Scene, ViewLayer | Synchronizing object | pine_sapling_small_a
Fra:1 Mem:540.80M (Peak 558.62M) | Time:00:00.03 | Mem:0.00M, Peak:0.00M | Scene, ViewLayer | Initializing
Fra:1 Mem:540.79M (Peak 558.62M) | Time:00:00.03 | Mem:0.00M, Peak:0.00M | Scene, ViewLayer | Updating Images | Loading pine_sapling_small_twig_rgba.png
Fra:1 Mem:540.79M (Peak 558.62M) | Time:00:00.03 | Mem:0.00M, Peak:0.00M | Scene, ViewLayer | Updating Images | Loading pine_sapling_small_bark_diff
Fra:1 Mem:540.79M (Peak 558.62M) | Time:00:00.03 | Mem:0.00M, Peak:0.00M | Scene, ViewLayer | Updating Images | Loading pine_sapling_small_bark_rough
Fra:1 Mem:544.79M (Peak 558.62M) | Time:00:00.03 | Mem:0.00M, Peak:0.00M | Scene, ViewLayer | Updating Images | Loading pine_sapling_small_twig_nor_gl
Fra:1 Mem:564.74M (Peak 577.09M) | Time:00:00.05 | Mem:24.25M, Peak:24.25M | Scene, ViewLayer | Waiting for render to start
Fra:1 Mem:564.74M (Peak 577.09M) | Time:00:00.05 | Mem:24.25M, Peak:24.25M | Scene, ViewLayer | Updating Scene
Fra:1 Mem:564.74M (Peak 577.09M) | Time:00:00.05 | Mem:24.25M, Peak:24.25M | Scene, ViewLayer | Updating Shaders
Fra:1 Mem:564.74M (Peak 577.09M) | Time:00:00.05 | Mem:24.25M, Peak:24.25M | Scene, ViewLayer | Loading render kernels (may take a few minutes the first time)
Fra:1 Mem:564.82M (Peak 577.09M) | Time:00:00.05 | Mem:24.25M, Peak:24.25M | Scene, ViewLayer | Updating Procedurals
Fra:1 Mem:564.82M (Peak 577.09M) | Time:00:00.05 | Mem:24.25M, Peak:24.25M | Scene, ViewLayer | Updating Background
Fra:1 Mem:564.82M (Peak 577.09M) | Time:00:00.05 | Mem:24.25M, Peak:24.25M | Scene, ViewLayer | Updating Camera
Fra:1 Mem:564.82M (Peak 577.09M) | Time:00:00.05 | Mem:24.25M, Peak:24.25M | Scene, ViewLayer | Updating Meshes Flags
Fra:1 Mem:564.82M (Peak 577.09M) | Time:00:00.05 | Mem:24.25M, Peak:24.25M | Scene, ViewLayer | Updating Objects
Fra:1 Mem:564.82M (Peak 577.09M) | Time:00:00.05 | Mem:24.25M, Peak:24.25M | Scene, ViewLayer | Updating Objects | Copying Transformations to device
Fra:1 Mem:564.82M (Peak 577.09M) | Time:00:00.05 | Mem:24.25M, Peak:24.25M | Scene, ViewLayer | Updating Particle Systems
Fra:1 Mem:564.82M (Peak 577.09M) | Time:00:00.05 | Mem:24.25M, Peak:24.25M | Scene, ViewLayer | Updating Particle Systems | Copying Particles to device
Fra:1 Mem:564.82M (Peak 577.09M) | Time:00:00.05 | Mem:24.25M, Peak:24.25M | Scene, ViewLayer | Updating Meshes
Fra:1 Mem:572.97M (Peak 577.09M) | Time:00:00.15 | Mem:24.25M, Peak:24.25M | Scene, ViewLayer | Updating Objects | Applying Static Transformations
Fra:1 Mem:572.97M (Peak 577.09M) | Time:00:00.15 | Mem:24.25M, Peak:24.25M | Scene, ViewLayer | Updating Mesh | Computing attributes
Fra:1 Mem:584.43M (Peak 584.43M) | Time:00:00.16 | Mem:24.25M, Peak:24.25M | Scene, ViewLayer | Updating Mesh | Copying Attributes to device
Fra:1 Mem:584.43M (Peak 584.43M) | Time:00:00.16 | Mem:35.71M, Peak:35.71M | Scene, ViewLayer | Updating Scene BVH | Building
Fra:1 Mem:584.43M (Peak 584.43M) | Time:00:00.16 | Mem:35.71M, Peak:35.71M | Scene, ViewLayer | Updating Scene BVH | Building BVH
Fra:1 Mem:584.43M (Peak 584.43M) | Time:00:00.16 | Mem:40.06M, Peak:40.06M | Scene, ViewLayer | Updating Scene BVH | Building BVH 0%
Fra:1 Mem:584.43M (Peak 584.43M) | Time:00:00.17 | Mem:45.25M, Peak:49.60M | Scene, ViewLayer | Updating Scene BVH | Copying BVH to device
Fra:1 Mem:584.43M (Peak 584.43M) | Time:00:00.17 | Mem:45.25M, Peak:49.60M | Scene, ViewLayer | Updating Mesh | Computing normals
Fra:1 Mem:589.95M (Peak 589.95M) | Time:00:00.17 | Mem:45.25M, Peak:49.60M | Scene, ViewLayer | Updating Mesh | Copying Mesh to device
Fra:1 Mem:589.95M (Peak 589.95M) | Time:00:00.17 | Mem:50.76M, Peak:50.76M | Scene, ViewLayer | Updating Objects Flags
Fra:1 Mem:589.95M (Peak 589.95M) | Time:00:00.17 | Mem:50.76M, Peak:50.76M | Scene, ViewLayer | Updating Primitive Offsets
Fra:1 Mem:589.95M (Peak 589.95M) | Time:00:00.17 | Mem:50.76M, Peak:50.76M | Scene, ViewLayer | Updating Images
Fra:1 Mem:585.95M (Peak 589.95M) | Time:00:00.17 | Mem:46.76M, Peak:50.76M | Scene, ViewLayer | Updating Camera Volume
Fra:1 Mem:585.95M (Peak 589.95M) | Time:00:00.17 | Mem:46.76M, Peak:50.76M | Scene, ViewLayer | Updating Lookup Tables
Fra:1 Mem:585.95M (Peak 589.95M) | Time:00:00.17 | Mem:46.85M, Peak:50.76M | Scene, ViewLayer | Updating Lights
Fra:1 Mem:585.95M (Peak 589.95M) | Time:00:00.17 | Mem:46.85M, Peak:50.76M | Scene, ViewLayer | Updating Lights | Computing tree
Fra:1 Mem:585.95M (Peak 589.95M) | Time:00:00.17 | Mem:46.85M, Peak:50.76M | Scene, ViewLayer | Updating Integrator
Fra:1 Mem:585.95M (Peak 589.95M) | Time:00:00.17 | Mem:46.85M, Peak:50.76M | Scene, ViewLayer | Updating Film
Fra:1 Mem:585.95M (Peak 589.95M) | Time:00:00.17 | Mem:46.76M, Peak:50.76M | Scene, ViewLayer | Updating Lookup Tables
Fra:1 Mem:585.95M (Peak 589.95M) | Time:00:00.17 | Mem:46.85M, Peak:50.76M | Scene, ViewLayer | Updating Baking
Fra:1 Mem:585.95M (Peak 589.95M) | Time:00:00.17 | Mem:46.85M, Peak:50.76M | Scene, ViewLayer | Updating Device | Writing constant memory
Fra:1 Mem:585.96M (Peak 589.95M) | Time:00:00.17 | Mem:46.85M, Peak:50.76M | Scene, ViewLayer | Loading denoising kernels (may take a few minutes the first time)
Fra:1 Mem:585.96M (Peak 589.95M) | Time:00:00.17 | Mem:46.85M, Peak:50.76M | Scene, ViewLayer | Sample 0/24
Fra:1 Mem:596.73M (Peak 596.73M) | Time:00:00.18 | Remaining:00:00.32 | Mem:57.55M, Peak:57.55M | Scene, ViewLayer | Sample 1/24
Fra:1 Mem:601.24M (Peak 607.99M) | Time:00:01.16 | Mem:57.55M, Peak:57.55M | Scene, ViewLayer | Sample 24/24
Fra:1 Mem:601.24M (Peak 607.99M) | Time:00:01.16 | Mem:57.55M, Peak:57.55M | Scene, ViewLayer | Finished
Saved: 'D:\Users\Lenovo\Desktop\大观园\assets\processed\crown-r11\2-1.next.png'
Time: 00:01.17 (Saving: 00:00.01)

Fra:1 Mem:528.54M (Peak 528.54M) | Time:00:00.00 | Mem:0.00M, Peak:0.00M | Scene, ViewLayer | Synchronizing object | pine_sapling_small_a
Fra:1 Mem:528.54M (Peak 528.54M) | Time:00:00.00 | Mem:0.00M, Peak:0.00M | Scene, ViewLayer | Synchronizing object | Diffuse daylight
Fra:1 Mem:540.80M (Peak 558.62M) | Time:00:00.03 | Mem:0.00M, Peak:0.00M | Scene, ViewLayer | Initializing
Fra:1 Mem:540.79M (Peak 558.62M) | Time:00:00.03 | Mem:0.00M, Peak:0.00M | Scene, ViewLayer | Updating Images | Loading pine_sapling_small_twig_rgba.png
Fra:1 Mem:540.79M (Peak 558.62M) | Time:00:00.03 | Mem:0.00M, Peak:0.00M | Scene, ViewLayer | Updating Images | Loading pine_sapling_small_bark_diff
Fra:1 Mem:540.79M (Peak 558.62M) | Time:00:00.03 | Mem:0.00M, Peak:0.00M | Scene, ViewLayer | Updating Images | Loading pine_sapling_small_bark_nor_gl
Fra:1 Mem:540.79M (Peak 558.62M) | Time:00:00.03 | Mem:0.00M, Peak:0.00M | Scene, ViewLayer | Updating Images | Loading pine_sapling_small_twig_rough
Fra:1 Mem:548.80M (Peak 558.62M) | Time:00:00.03 | Mem:0.00M, Peak:0.00M | Scene, ViewLayer | Updating Images | Loading pine_sapling_small_twig_nor_gl
Fra:1 Mem:564.74M (Peak 573.08M) | Time:00:00.05 | Mem:24.25M, Peak:24.25M | Scene, ViewLayer | Waiting for render to start
Fra:1 Mem:564.74M (Peak 573.08M) | Time:00:00.05 | Mem:24.25M, Peak:24.25M | Scene, ViewLayer | Updating Scene
Fra:1 Mem:564.74M (Peak 573.08M) | Time:00:00.05 | Mem:24.25M, Peak:24.25M | Scene, ViewLayer | Updating Shaders
Fra:1 Mem:564.74M (Peak 573.08M) | Time:00:00.05 | Mem:24.25M, Peak:24.25M | Scene, ViewLayer | Loading render kernels (may take a few minutes the first time)
Fra:1 Mem:564.82M (Peak 573.08M) | Time:00:00.05 | Mem:24.25M, Peak:24.25M | Scene, ViewLayer | Updating Procedurals
Fra:1 Mem:564.82M (Peak 573.08M) | Time:00:00.05 | Mem:24.25M, Peak:24.25M | Scene, ViewLayer | Updating Background
Fra:1 Mem:564.82M (Peak 573.08M) | Time:00:00.05 | Mem:24.25M, Peak:24.25M | Scene, ViewLayer | Updating Camera
Fra:1 Mem:564.82M (Peak 573.08M) | Time:00:00.05 | Mem:24.25M, Peak:24.25M | Scene, ViewLayer | Updating Meshes Flags
Fra:1 Mem:564.82M (Peak 573.08M) | Time:00:00.05 | Mem:24.25M, Peak:24.25M | Scene, ViewLayer | Updating Objects
Fra:1 Mem:564.82M (Peak 573.08M) | Time:00:00.05 | Mem:24.25M, Peak:24.25M | Scene, ViewLayer | Updating Objects | Copying Transformations to device
Fra:1 Mem:564.82M (Peak 573.08M) | Time:00:00.05 | Mem:24.25M, Peak:24.25M | Scene, ViewLayer | Updating Particle Systems
Fra:1 Mem:564.82M (Peak 573.08M) | Time:00:00.05 | Mem:24.25M, Peak:24.25M | Scene, ViewLayer | Updating Particle Systems | Copying Particles to device
Fra:1 Mem:564.82M (Peak 573.08M) | Time:00:00.05 | Mem:24.25M, Peak:24.25M | Scene, ViewLayer | Updating Meshes
Fra:1 Mem:572.97M (Peak 573.08M) | Time:00:00.16 | Mem:24.25M, Peak:24.25M | Scene, ViewLayer | Updating Objects | Applying Static Transformations
Fra:1 Mem:572.97M (Peak 573.08M) | Time:00:00.16 | Mem:24.25M, Peak:24.25M | Scene, ViewLayer | Updating Mesh | Computing attributes
Fra:1 Mem:584.43M (Peak 584.43M) | Time:00:00.17 | Mem:24.25M, Peak:24.25M | Scene, ViewLayer | Updating Mesh | Copying Attributes to device
Fra:1 Mem:584.43M (Peak 584.43M) | Time:00:00.17 | Mem:35.71M, Peak:35.71M | Scene, ViewLayer | Updating Scene BVH | Building
Fra:1 Mem:584.43M (Peak 584.43M) | Time:00:00.17 | Mem:35.71M, Peak:35.71M | Scene, ViewLayer | Updating Scene BVH | Building BVH
Fra:1 Mem:584.43M (Peak 584.43M) | Time:00:00.17 | Mem:40.06M, Peak:40.06M | Scene, ViewLayer | Updating Scene BVH | Building BVH 0%
Fra:1 Mem:584.43M (Peak 584.43M) | Time:00:00.17 | Mem:45.25M, Peak:49.60M | Scene, ViewLayer | Updating Scene BVH | Copying BVH to device
Fra:1 Mem:584.43M (Peak 584.43M) | Time:00:00.17 | Mem:45.25M, Peak:49.60M | Scene, ViewLayer | Updating Mesh | Computing normals
Fra:1 Mem:589.95M (Peak 589.95M) | Time:00:00.18 | Mem:45.25M, Peak:49.60M | Scene, ViewLayer | Updating Mesh | Copying Mesh to device
Fra:1 Mem:589.95M (Peak 589.95M) | Time:00:00.18 | Mem:50.76M, Peak:50.76M | Scene, ViewLayer | Updating Objects Flags
Fra:1 Mem:589.95M (Peak 589.95M) | Time:00:00.18 | Mem:50.76M, Peak:50.76M | Scene, ViewLayer | Updating Primitive Offsets
Fra:1 Mem:589.95M (Peak 589.95M) | Time:00:00.18 | Mem:50.76M, Peak:50.76M | Scene, ViewLayer | Updating Images
Fra:1 Mem:585.95M (Peak 589.95M) | Time:00:00.18 | Mem:46.76M, Peak:50.76M | Scene, ViewLayer | Updating Camera Volume
Fra:1 Mem:585.95M (Peak 589.95M) | Time:00:00.18 | Mem:46.76M, Peak:50.76M | Scene, ViewLayer | Updating Lookup Tables
Fra:1 Mem:585.95M (Peak 589.95M) | Time:00:00.18 | Mem:46.85M, Peak:50.76M | Scene, ViewLayer | Updating Lights
Fra:1 Mem:585.95M (Peak 589.95M) | Time:00:00.18 | Mem:46.85M, Peak:50.76M | Scene, ViewLayer | Updating Lights | Computing tree
Fra:1 Mem:585.95M (Peak 589.95M) | Time:00:00.18 | Mem:46.85M, Peak:50.76M | Scene, ViewLayer | Updating Integrator
Fra:1 Mem:585.95M (Peak 589.95M) | Time:00:00.18 | Mem:46.85M, Peak:50.76M | Scene, ViewLayer | Updating Film
Fra:1 Mem:585.95M (Peak 589.95M) | Time:00:00.18 | Mem:46.76M, Peak:50.76M | Scene, ViewLayer | Updating Lookup Tables
Fra:1 Mem:585.95M (Peak 589.95M) | Time:00:00.18 | Mem:46.85M, Peak:50.76M | Scene, ViewLayer | Updating Baking
Fra:1 Mem:585.95M (Peak 589.95M) | Time:00:00.18 | Mem:46.85M, Peak:50.76M | Scene, ViewLayer | Updating Device | Writing constant memory
Fra:1 Mem:585.96M (Peak 589.95M) | Time:00:00.18 | Mem:46.85M, Peak:50.76M | Scene, ViewLayer | Loading denoising kernels (may take a few minutes the first time)
Fra:1 Mem:585.96M (Peak 589.95M) | Time:00:00.18 | Mem:46.85M, Peak:50.76M | Scene, ViewLayer | Sample 0/24
Fra:1 Mem:596.74M (Peak 596.74M) | Time:00:00.19 | Remaining:00:00.38 | Mem:57.55M, Peak:57.55M | Scene, ViewLayer | Sample 1/24
Fra:1 Mem:601.24M (Peak 607.99M) | Time:00:01.22 | Mem:57.55M, Peak:57.55M | Scene, ViewLayer | Sample 24/24
Fra:1 Mem:601.24M (Peak 607.99M) | Time:00:01.22 | Mem:57.55M, Peak:57.55M | Scene, ViewLayer | Finished
Saved: 'D:\Users\Lenovo\Desktop\大观园\assets\processed\crown-r11\2-2.next.png'
Time: 00:01.25 (Saving: 00:00.02)

Fra:1 Mem:528.54M (Peak 528.54M) | Time:00:00.00 | Mem:0.00M, Peak:0.00M | Scene, ViewLayer | Synchronizing object | pine_sapling_small_a
Fra:1 Mem:528.55M (Peak 528.55M) | Time:00:00.00 | Mem:0.00M, Peak:0.00M | Scene, ViewLayer | Synchronizing object | Diffuse daylight
Fra:1 Mem:540.80M (Peak 558.62M) | Time:00:00.04 | Mem:0.00M, Peak:0.00M | Scene, ViewLayer | Initializing
Fra:1 Mem:540.79M (Peak 558.62M) | Time:00:00.04 | Mem:0.00M, Peak:0.00M | Scene, ViewLayer | Updating Images | Loading pine_sapling_small_twig_rgba.png
Fra:1 Mem:540.79M (Peak 558.62M) | Time:00:00.04 | Mem:0.00M, Peak:0.00M | Scene, ViewLayer | Updating Images | Loading pine_sapling_small_bark_diff
Fra:1 Mem:540.79M (Peak 558.62M) | Time:00:00.04 | Mem:0.00M, Peak:0.00M | Scene, ViewLayer | Updating Images | Loading pine_sapling_small_twig_nor_gl
Fra:1 Mem:564.74M (Peak 573.08M) | Time:00:00.06 | Mem:24.25M, Peak:24.25M | Scene, ViewLayer | Waiting for render to start
Fra:1 Mem:564.74M (Peak 573.08M) | Time:00:00.06 | Mem:24.25M, Peak:24.25M | Scene, ViewLayer | Updating Scene
Fra:1 Mem:564.74M (Peak 573.08M) | Time:00:00.06 | Mem:24.25M, Peak:24.25M | Scene, ViewLayer | Updating Shaders
Fra:1 Mem:564.74M (Peak 573.08M) | Time:00:00.06 | Mem:24.25M, Peak:24.25M | Scene, ViewLayer | Loading render kernels (may take a few minutes the first time)
Fra:1 Mem:564.82M (Peak 573.08M) | Time:00:00.06 | Mem:24.25M, Peak:24.25M | Scene, ViewLayer | Updating Procedurals
Fra:1 Mem:564.82M (Peak 573.08M) | Time:00:00.06 | Mem:24.25M, Peak:24.25M | Scene, ViewLayer | Updating Background
Fra:1 Mem:564.82M (Peak 573.08M) | Time:00:00.06 | Mem:24.25M, Peak:24.25M | Scene, ViewLayer | Updating Camera
Fra:1 Mem:564.82M (Peak 573.08M) | Time:00:00.06 | Mem:24.25M, Peak:24.25M | Scene, ViewLayer | Updating Meshes Flags
Fra:1 Mem:564.82M (Peak 573.08M) | Time:00:00.06 | Mem:24.25M, Peak:24.25M | Scene, ViewLayer | Updating Objects
Fra:1 Mem:564.82M (Peak 573.08M) | Time:00:00.06 | Mem:24.25M, Peak:24.25M | Scene, ViewLayer | Updating Objects | Copying Transformations to device
Fra:1 Mem:564.82M (Peak 573.08M) | Time:00:00.06 | Mem:24.25M, Peak:24.25M | Scene, ViewLayer | Updating Particle Systems
Fra:1 Mem:564.82M (Peak 573.08M) | Time:00:00.06 | Mem:24.25M, Peak:24.25M | Scene, ViewLayer | Updating Particle Systems | Copying Particles to device
Fra:1 Mem:564.82M (Peak 573.08M) | Time:00:00.06 | Mem:24.25M, Peak:24.25M | Scene, ViewLayer | Updating Meshes
Fra:1 Mem:572.97M (Peak 573.08M) | Time:00:00.18 | Mem:24.25M, Peak:24.25M | Scene, ViewLayer | Updating Objects | Applying Static Transformations
Fra:1 Mem:572.97M (Peak 573.08M) | Time:00:00.18 | Mem:24.25M, Peak:24.25M | Scene, ViewLayer | Updating Mesh | Computing attributes
Fra:1 Mem:584.43M (Peak 584.43M) | Time:00:00.19 | Mem:24.25M, Peak:24.25M | Scene, ViewLayer | Updating Mesh | Copying Attributes to device
Fra:1 Mem:584.43M (Peak 584.43M) | Time:00:00.19 | Mem:35.71M, Peak:35.71M | Scene, ViewLayer | Updating Scene BVH | Building
Fra:1 Mem:584.43M (Peak 584.43M) | Time:00:00.19 | Mem:35.71M, Peak:35.71M | Scene, ViewLayer | Updating Scene BVH | Building BVH
Fra:1 Mem:584.43M (Peak 584.43M) | Time:00:00.19 | Mem:40.06M, Peak:40.06M | Scene, ViewLayer | Updating Scene BVH | Building BVH 0%
Fra:1 Mem:584.43M (Peak 584.43M) | Time:00:00.20 | Mem:45.25M, Peak:49.60M | Scene, ViewLayer | Updating Scene BVH | Copying BVH to device
Fra:1 Mem:584.43M (Peak 584.43M) | Time:00:00.20 | Mem:45.25M, Peak:49.60M | Scene, ViewLayer | Updating Mesh | Computing normals
Fra:1 Mem:589.95M (Peak 589.95M) | Time:00:00.20 | Mem:45.25M, Peak:49.60M | Scene, ViewLayer | Updating Mesh | Copying Mesh to device
Fra:1 Mem:589.95M (Peak 589.95M) | Time:00:00.20 | Mem:50.76M, Peak:50.76M | Scene, ViewLayer | Updating Objects Flags
Fra:1 Mem:589.95M (Peak 589.95M) | Time:00:00.20 | Mem:50.76M, Peak:50.76M | Scene, ViewLayer | Updating Primitive Offsets
Fra:1 Mem:589.95M (Peak 589.95M) | Time:00:00.20 | Mem:50.76M, Peak:50.76M | Scene, ViewLayer | Updating Images
Fra:1 Mem:585.95M (Peak 589.95M) | Time:00:00.20 | Mem:46.76M, Peak:50.76M | Scene, ViewLayer | Updating Camera Volume
Fra:1 Mem:585.95M (Peak 589.95M) | Time:00:00.20 | Mem:46.76M, Peak:50.76M | Scene, ViewLayer | Updating Lookup Tables
Fra:1 Mem:585.95M (Peak 589.95M) | Time:00:00.20 | Mem:46.85M, Peak:50.76M | Scene, ViewLayer | Updating Lights
Fra:1 Mem:585.95M (Peak 589.95M) | Time:00:00.20 | Mem:46.85M, Peak:50.76M | Scene, ViewLayer | Updating Lights | Computing tree
Fra:1 Mem:585.95M (Peak 589.95M) | Time:00:00.20 | Mem:46.85M, Peak:50.76M | Scene, ViewLayer | Updating Integrator
Fra:1 Mem:585.95M (Peak 589.95M) | Time:00:00.20 | Mem:46.85M, Peak:50.76M | Scene, ViewLayer | Updating Film
Fra:1 Mem:585.95M (Peak 589.95M) | Time:00:00.20 | Mem:46.76M, Peak:50.76M | Scene, ViewLayer | Updating Lookup Tables
Fra:1 Mem:585.95M (Peak 589.95M) | Time:00:00.20 | Mem:46.85M, Peak:50.76M | Scene, ViewLayer | Updating Baking
Fra:1 Mem:585.95M (Peak 589.95M) | Time:00:00.20 | Mem:46.85M, Peak:50.76M | Scene, ViewLayer | Updating Device | Writing constant memory
Fra:1 Mem:585.96M (Peak 589.95M) | Time:00:00.20 | Mem:46.85M, Peak:50.76M | Scene, ViewLayer | Loading denoising kernels (may take a few minutes the first time)
Fra:1 Mem:585.96M (Peak 589.95M) | Time:00:00.20 | Mem:46.85M, Peak:50.76M | Scene, ViewLayer | Sample 0/24
Fra:1 Mem:596.74M (Peak 596.74M) | Time:00:00.22 | Remaining:00:00.41 | Mem:57.55M, Peak:57.55M | Scene, ViewLayer | Sample 1/24
Fra:1 Mem:601.24M (Peak 607.99M) | Time:00:01.39 | Mem:57.55M, Peak:57.55M | Scene, ViewLayer | Sample 24/24
Fra:1 Mem:601.24M (Peak 607.99M) | Time:00:01.39 | Mem:57.55M, Peak:57.55M | Scene, ViewLayer | Finished
Saved: 'D:\Users\Lenovo\Desktop\大观园\assets\processed\crown-r11\2-3.next.png'
Time: 00:01.41 (Saving: 00:00.01)

Fra:1 Mem:528.54M (Peak 528.54M) | Time:00:00.00 | Mem:0.00M, Peak:0.00M | Scene, ViewLayer | Synchronizing object | pine_sapling_small_a
Fra:1 Mem:528.81M (Peak 528.81M) | Time:00:00.00 | Mem:0.00M, Peak:0.00M | Scene, ViewLayer | Synchronizing object | Diffuse daylight
Fra:1 Mem:540.80M (Peak 558.62M) | Time:00:00.05 | Mem:0.00M, Peak:0.00M | Scene, ViewLayer | Initializing
Fra:1 Mem:540.79M (Peak 558.62M) | Time:00:00.05 | Mem:0.00M, Peak:0.00M | Scene, ViewLayer | Updating Images | Loading pine_sapling_small_twig_rgba.png
Fra:1 Mem:540.79M (Peak 558.62M) | Time:00:00.05 | Mem:0.00M, Peak:0.00M | Scene, ViewLayer | Updating Images | Loading pine_sapling_small_bark_diff
Fra:1 Mem:540.79M (Peak 558.62M) | Time:00:00.05 | Mem:0.00M, Peak:0.00M | Scene, ViewLayer | Updating Images | Loading pine_sapling_small_twig_nor_gl
Fra:1 Mem:564.74M (Peak 569.07M) | Time:00:00.07 | Mem:24.25M, Peak:24.25M | Scene, ViewLayer | Waiting for render to start
Fra:1 Mem:564.74M (Peak 569.07M) | Time:00:00.07 | Mem:24.25M, Peak:24.25M | Scene, ViewLayer | Updating Scene
Fra:1 Mem:564.74M (Peak 569.07M) | Time:00:00.07 | Mem:24.25M, Peak:24.25M | Scene, ViewLayer | Updating Shaders
Fra:1 Mem:564.74M (Peak 569.07M) | Time:00:00.07 | Mem:24.25M, Peak:24.25M | Scene, ViewLayer | Loading render kernels (may take a few minutes the first time)
Fra:1 Mem:564.82M (Peak 569.07M) | Time:00:00.07 | Mem:24.25M, Peak:24.25M | Scene, ViewLayer | Updating Procedurals
Fra:1 Mem:564.82M (Peak 569.07M) | Time:00:00.07 | Mem:24.25M, Peak:24.25M | Scene, ViewLayer | Updating Background
Fra:1 Mem:564.82M (Peak 569.07M) | Time:00:00.07 | Mem:24.25M, Peak:24.25M | Scene, ViewLayer | Updating Camera
Fra:1 Mem:564.82M (Peak 569.07M) | Time:00:00.07 | Mem:24.25M, Peak:24.25M | Scene, ViewLayer | Updating Meshes Flags
Fra:1 Mem:564.82M (Peak 569.07M) | Time:00:00.07 | Mem:24.25M, Peak:24.25M | Scene, ViewLayer | Updating Objects
Fra:1 Mem:564.82M (Peak 569.07M) | Time:00:00.07 | Mem:24.25M, Peak:24.25M | Scene, ViewLayer | Updating Objects | Copying Transformations to device
Fra:1 Mem:564.82M (Peak 569.07M) | Time:00:00.07 | Mem:24.25M, Peak:24.25M | Scene, ViewLayer | Updating Particle Systems
Fra:1 Mem:564.82M (Peak 569.07M) | Time:00:00.07 | Mem:24.25M, Peak:24.25M | Scene, ViewLayer | Updating Particle Systems | Copying Particles to device
Fra:1 Mem:564.82M (Peak 569.07M) | Time:00:00.07 | Mem:24.25M, Peak:24.25M | Scene, ViewLayer | Updating Meshes
Fra:1 Mem:572.97M (Peak 572.97M) | Time:00:00.21 | Mem:24.25M, Peak:24.25M | Scene, ViewLayer | Updating Objects | Applying Static Transformations
Fra:1 Mem:572.97M (Peak 572.97M) | Time:00:00.21 | Mem:24.25M, Peak:24.25M | Scene, ViewLayer | Updating Mesh | Computing attributes
Fra:1 Mem:584.43M (Peak 584.43M) | Time:00:00.21 | Mem:24.25M, Peak:24.25M | Scene, ViewLayer | Updating Mesh | Copying Attributes to device
Fra:1 Mem:584.43M (Peak 584.43M) | Time:00:00.21 | Mem:35.71M, Peak:35.71M | Scene, ViewLayer | Updating Scene BVH | Building
Fra:1 Mem:584.43M (Peak 584.43M) | Time:00:00.21 | Mem:35.71M, Peak:35.71M | Scene, ViewLayer | Updating Scene BVH | Building BVH
Fra:1 Mem:584.43M (Peak 584.43M) | Time:00:00.22 | Mem:40.06M, Peak:40.06M | Scene, ViewLayer | Updating Scene BVH | Building BVH 0%
Fra:1 Mem:584.43M (Peak 584.43M) | Time:00:00.23 | Mem:45.25M, Peak:49.60M | Scene, ViewLayer | Updating Scene BVH | Copying BVH to device
Fra:1 Mem:584.43M (Peak 584.43M) | Time:00:00.23 | Mem:45.25M, Peak:49.60M | Scene, ViewLayer | Updating Mesh | Computing normals
Fra:1 Mem:589.95M (Peak 589.95M) | Time:00:00.23 | Mem:45.25M, Peak:49.60M | Scene, ViewLayer | Updating Mesh | Copying Mesh to device
Fra:1 Mem:589.95M (Peak 589.95M) | Time:00:00.23 | Mem:50.76M, Peak:50.76M | Scene, ViewLayer | Updating Objects Flags
Fra:1 Mem:589.95M (Peak 589.95M) | Time:00:00.23 | Mem:50.76M, Peak:50.76M | Scene, ViewLayer | Updating Primitive Offsets
Fra:1 Mem:589.95M (Peak 589.95M) | Time:00:00.23 | Mem:50.76M, Peak:50.76M | Scene, ViewLayer | Updating Images
Fra:1 Mem:585.95M (Peak 589.95M) | Time:00:00.23 | Mem:46.76M, Peak:50.76M | Scene, ViewLayer | Updating Camera Volume
Fra:1 Mem:585.95M (Peak 589.95M) | Time:00:00.23 | Mem:46.76M, Peak:50.76M | Scene, ViewLayer | Updating Lookup Tables
Fra:1 Mem:585.95M (Peak 589.95M) | Time:00:00.23 | Mem:46.85M, Peak:50.76M | Scene, ViewLayer | Updating Lights
Fra:1 Mem:585.95M (Peak 589.95M) | Time:00:00.23 | Mem:46.85M, Peak:50.76M | Scene, ViewLayer | Updating Lights | Computing tree
Fra:1 Mem:585.95M (Peak 589.95M) | Time:00:00.23 | Mem:46.85M, Peak:50.76M | Scene, ViewLayer | Updating Integrator
Fra:1 Mem:585.95M (Peak 589.95M) | Time:00:00.23 | Mem:46.85M, Peak:50.76M | Scene, ViewLayer | Updating Film
Fra:1 Mem:585.95M (Peak 589.95M) | Time:00:00.23 | Mem:46.76M, Peak:50.76M | Scene, ViewLayer | Updating Lookup Tables
Fra:1 Mem:585.95M (Peak 589.95M) | Time:00:00.23 | Mem:46.85M, Peak:50.76M | Scene, ViewLayer | Updating Baking
Fra:1 Mem:585.95M (Peak 589.95M) | Time:00:00.23 | Mem:46.85M, Peak:50.76M | Scene, ViewLayer | Updating Device | Writing constant memory
Fra:1 Mem:585.96M (Peak 589.95M) | Time:00:00.23 | Mem:46.85M, Peak:50.76M | Scene, ViewLayer | Loading denoising kernels (may take a few minutes the first time)
Fra:1 Mem:585.96M (Peak 589.95M) | Time:00:00.23 | Mem:46.85M, Peak:50.76M | Scene, ViewLayer | Sample 0/24
Fra:1 Mem:596.74M (Peak 596.74M) | Time:00:00.25 | Remaining:00:00.48 | Mem:57.55M, Peak:57.55M | Scene, ViewLayer | Sample 1/24
Fra:1 Mem:601.24M (Peak 607.99M) | Time:00:01.62 | Mem:57.55M, Peak:57.55M | Scene, ViewLayer | Sample 24/24
Fra:1 Mem:601.24M (Peak 607.99M) | Time:00:01.62 | Mem:57.55M, Peak:57.55M | Scene, ViewLayer | Finished
Saved: 'D:\Users\Lenovo\Desktop\大观园\assets\processed\crown-r11\2-4.next.png'
Time: 00:01.64 (Saving: 00:00.01)

14:04:48 | INFO: Data are loaded, start creating Blender stuff
14:04:48 | INFO: Blender create Mesh node island_trees_01_blockout_cleaned
14:04:50 | INFO: glTF import finished in 2.62s
Fra:1 Mem:699.72M (Peak 699.72M) | Time:00:00.00 | Mem:0.00M, Peak:0.00M | Scene, ViewLayer | Synchronizing object | island_tree_01_LOD0
Fra:1 Mem:699.73M (Peak 699.73M) | Time:00:00.00 | Mem:0.00M, Peak:0.00M | Scene, ViewLayer | Synchronizing object | Diffuse daylight
Fra:1 Mem:919.57M (Peak 956.18M) | Time:00:00.37 | Mem:0.00M, Peak:0.00M | Scene, ViewLayer | Initializing
Fra:1 Mem:919.56M (Peak 956.18M) | Time:00:00.37 | Mem:0.00M, Peak:0.00M | Scene, ViewLayer | Updating Images | Loading island_tree_01_diff
Fra:1 Mem:919.56M (Peak 956.18M) | Time:00:00.37 | Mem:0.00M, Peak:0.00M | Scene, ViewLayer | Updating Images | Loading island_tree_01_rough
Fra:1 Mem:919.56M (Peak 956.18M) | Time:00:00.37 | Mem:0.00M, Peak:0.00M | Scene, ViewLayer | Updating Images | Loading island_tree_01_leaves_nor_gl
Fra:1 Mem:927.57M (Peak 956.18M) | Time:00:00.37 | Mem:0.00M, Peak:0.00M | Scene, ViewLayer | Updating Images | Loading island_tree_01_leaves_rgba.png.001
Fra:1 Mem:947.84M (Peak 956.18M) | Time:00:00.37 | Mem:0.25M, Peak:0.25M | Scene, ViewLayer | Updating Images | Loading island_tree_01_branches_diff
Fra:1 Mem:951.84M (Peak 956.18M) | Time:00:00.38 | Mem:4.25M, Peak:4.25M | Scene, ViewLayer | Updating Images | Loading island_tree_01_branches_rough
Fra:1 Mem:955.41M (Peak 967.86M) | Time:00:00.39 | Mem:36.25M, Peak:36.25M | Scene, ViewLayer | Waiting for render to start
Fra:1 Mem:955.41M (Peak 967.86M) | Time:00:00.39 | Mem:36.25M, Peak:36.25M | Scene, ViewLayer | Updating Scene
Fra:1 Mem:955.41M (Peak 967.86M) | Time:00:00.39 | Mem:36.25M, Peak:36.25M | Scene, ViewLayer | Updating Shaders
Fra:1 Mem:955.41M (Peak 967.86M) | Time:00:00.39 | Mem:36.25M, Peak:36.25M | Scene, ViewLayer | Loading render kernels (may take a few minutes the first time)
Fra:1 Mem:955.50M (Peak 967.86M) | Time:00:00.39 | Mem:36.25M, Peak:36.25M | Scene, ViewLayer | Updating Procedurals
Fra:1 Mem:955.50M (Peak 967.86M) | Time:00:00.39 | Mem:36.25M, Peak:36.25M | Scene, ViewLayer | Updating Background
Fra:1 Mem:955.50M (Peak 967.86M) | Time:00:00.39 | Mem:36.25M, Peak:36.25M | Scene, ViewLayer | Updating Camera
Fra:1 Mem:955.50M (Peak 967.86M) | Time:00:00.39 | Mem:36.25M, Peak:36.25M | Scene, ViewLayer | Updating Meshes Flags
Fra:1 Mem:955.50M (Peak 967.86M) | Time:00:00.39 | Mem:36.25M, Peak:36.25M | Scene, ViewLayer | Updating Objects
Fra:1 Mem:955.50M (Peak 967.86M) | Time:00:00.39 | Mem:36.25M, Peak:36.25M | Scene, ViewLayer | Updating Objects | Copying Transformations to device
Fra:1 Mem:955.50M (Peak 967.86M) | Time:00:00.39 | Mem:36.25M, Peak:36.25M | Scene, ViewLayer | Updating Particle Systems
Fra:1 Mem:955.50M (Peak 967.86M) | Time:00:00.39 | Mem:36.25M, Peak:36.25M | Scene, ViewLayer | Updating Particle Systems | Copying Particles to device
Fra:1 Mem:955.50M (Peak 967.86M) | Time:00:00.39 | Mem:36.25M, Peak:36.25M | Scene, ViewLayer | Updating Meshes
Fra:1 Mem:1047.02M (Peak 1047.02M) | Time:00:01.67 | Mem:36.25M, Peak:36.25M | Scene, ViewLayer | Updating Objects | Applying Static Transformations
Fra:1 Mem:1047.02M (Peak 1047.02M) | Time:00:01.67 | Mem:36.25M, Peak:36.25M | Scene, ViewLayer | Updating Mesh | Computing attributes
Fra:1 Mem:1208.37M (Peak 1208.37M) | Time:00:01.76 | Mem:36.25M, Peak:36.25M | Scene, ViewLayer | Updating Mesh | Copying Attributes to device
Fra:1 Mem:1208.37M (Peak 1208.37M) | Time:00:01.76 | Mem:197.61M, Peak:197.61M | Scene, ViewLayer | Updating Scene BVH | Building
Fra:1 Mem:1208.37M (Peak 1208.37M) | Time:00:01.76 | Mem:197.61M, Peak:197.61M | Scene, ViewLayer | Updating Scene BVH | Building BVH
Fra:1 Mem:1208.37M (Peak 1208.37M) | Time:00:01.76 | Mem:246.42M, Peak:246.42M | Scene, ViewLayer | Updating Scene BVH | Building BVH 0%
Fra:1 Mem:1208.37M (Peak 1208.37M) | Time:00:01.88 | Mem:307.61M, Peak:356.42M | Scene, ViewLayer | Updating Scene BVH | Copying BVH to device
Fra:1 Mem:1208.37M (Peak 1208.37M) | Time:00:01.88 | Mem:307.61M, Peak:356.42M | Scene, ViewLayer | Updating Mesh | Computing normals
Fra:1 Mem:1262.62M (Peak 1262.62M) | Time:00:01.92 | Mem:307.61M, Peak:356.42M | Scene, ViewLayer | Updating Mesh | Copying Mesh to device
Fra:1 Mem:1262.62M (Peak 1262.62M) | Time:00:01.92 | Mem:361.86M, Peak:361.86M | Scene, ViewLayer | Updating Objects Flags
Fra:1 Mem:1262.62M (Peak 1262.62M) | Time:00:01.92 | Mem:361.86M, Peak:361.86M | Scene, ViewLayer | Updating Primitive Offsets
Fra:1 Mem:1262.62M (Peak 1262.62M) | Time:00:01.92 | Mem:361.86M, Peak:361.86M | Scene, ViewLayer | Updating Images
Fra:1 Mem:1258.62M (Peak 1262.62M) | Time:00:01.92 | Mem:357.86M, Peak:361.86M | Scene, ViewLayer | Updating Camera Volume
Fra:1 Mem:1258.62M (Peak 1262.62M) | Time:00:01.92 | Mem:357.86M, Peak:361.86M | Scene, ViewLayer | Updating Lookup Tables
Fra:1 Mem:1258.62M (Peak 1262.62M) | Time:00:01.92 | Mem:357.94M, Peak:361.86M | Scene, ViewLayer | Updating Lights
Fra:1 Mem:1258.62M (Peak 1262.62M) | Time:00:01.92 | Mem:357.94M, Peak:361.86M | Scene, ViewLayer | Updating Lights | Computing tree
Fra:1 Mem:1258.62M (Peak 1262.62M) | Time:00:01.92 | Mem:357.94M, Peak:361.86M | Scene, ViewLayer | Updating Integrator
Fra:1 Mem:1258.62M (Peak 1262.62M) | Time:00:01.92 | Mem:357.94M, Peak:361.86M | Scene, ViewLayer | Updating Film
Fra:1 Mem:1258.62M (Peak 1262.62M) | Time:00:01.92 | Mem:357.86M, Peak:361.86M | Scene, ViewLayer | Updating Lookup Tables
Fra:1 Mem:1258.62M (Peak 1262.62M) | Time:00:01.92 | Mem:357.94M, Peak:361.86M | Scene, ViewLayer | Updating Baking
Fra:1 Mem:1258.62M (Peak 1262.62M) | Time:00:01.92 | Mem:357.94M, Peak:361.86M | Scene, ViewLayer | Updating Device | Writing constant memory
Fra:1 Mem:1258.63M (Peak 1262.62M) | Time:00:01.92 | Mem:357.94M, Peak:361.86M | Scene, ViewLayer | Loading denoising kernels (may take a few minutes the first time)
Fra:1 Mem:1258.63M (Peak 1262.62M) | Time:00:01.92 | Mem:357.94M, Peak:361.86M | Scene, ViewLayer | Sample 0/24
Fra:1 Mem:1269.41M (Peak 1269.41M) | Time:00:01.94 | Remaining:00:00.66 | Mem:368.64M, Peak:368.64M | Scene, ViewLayer | Sample 1/24
Fra:1 Mem:1273.91M (Peak 1280.66M) | Time:00:02.84 | Mem:368.64M, Peak:368.64M | Scene, ViewLayer | Sample 24/24
Fra:1 Mem:1273.91M (Peak 1280.66M) | Time:00:02.84 | Mem:368.64M, Peak:368.64M | Scene, ViewLayer | Finished
Saved: 'D:\Users\Lenovo\Desktop\大观园\assets\processed\crown-r11\3-0.next.png'
Time: 00:02.88 (Saving: 00:00.01)

Fra:1 Mem:797.34M (Peak 797.34M) | Time:00:00.00 | Mem:0.00M, Peak:0.00M | Scene, ViewLayer | Synchronizing object | island_tree_01_LOD0
Fra:1 Mem:797.34M (Peak 797.34M) | Time:00:00.00 | Mem:0.00M, Peak:0.00M | Scene, ViewLayer | Synchronizing object | Diffuse daylight
Fra:1 Mem:919.57M (Peak 956.18M) | Time:00:00.08 | Mem:0.00M, Peak:0.00M | Scene, ViewLayer | Initializing
Fra:1 Mem:919.56M (Peak 956.18M) | Time:00:00.08 | Mem:0.00M, Peak:0.00M | Scene, ViewLayer | Updating Images | Loading island_tree_01_branches_nor_gl
Fra:1 Mem:919.56M (Peak 956.18M) | Time:00:00.08 | Mem:0.00M, Peak:0.00M | Scene, ViewLayer | Updating Images | Loading island_tree_01_diff
Fra:1 Mem:919.56M (Peak 956.18M) | Time:00:00.08 | Mem:0.00M, Peak:0.00M | Scene, ViewLayer | Updating Images | Loading island_tree_01_nor_gl
Fra:1 Mem:923.57M (Peak 956.18M) | Time:00:00.08 | Mem:0.00M, Peak:0.00M | Scene, ViewLayer | Updating Images | Loading island_tree_01_leaves_nor_gl
Fra:1 Mem:931.57M (Peak 956.18M) | Time:00:00.08 | Mem:0.00M, Peak:0.00M | Scene, ViewLayer | Updating Images | Loading island_tree_01_leaves_rgba.png.001
Fra:1 Mem:947.84M (Peak 956.18M) | Time:00:00.09 | Mem:0.25M, Peak:0.25M | Scene, ViewLayer | Updating Images | Loading island_tree_01_branches_diff
Fra:1 Mem:955.84M (Peak 959.85M) | Time:00:00.09 | Mem:4.25M, Peak:4.25M | Scene, ViewLayer | Updating Images | Loading island_tree_01_branches_rough
Fra:1 Mem:955.41M (Peak 967.86M) | Time:00:00.11 | Mem:36.25M, Peak:36.25M | Scene, ViewLayer | Waiting for render to start
Fra:1 Mem:955.41M (Peak 967.86M) | Time:00:00.11 | Mem:36.25M, Peak:36.25M | Scene, ViewLayer | Updating Scene
Fra:1 Mem:955.41M (Peak 967.86M) | Time:00:00.11 | Mem:36.25M, Peak:36.25M | Scene, ViewLayer | Updating Shaders
Fra:1 Mem:955.41M (Peak 967.86M) | Time:00:00.11 | Mem:36.25M, Peak:36.25M | Scene, ViewLayer | Loading render kernels (may take a few minutes the first time)
Fra:1 Mem:955.50M (Peak 967.86M) | Time:00:00.11 | Mem:36.25M, Peak:36.25M | Scene, ViewLayer | Updating Procedurals
Fra:1 Mem:955.50M (Peak 967.86M) | Time:00:00.11 | Mem:36.25M, Peak:36.25M | Scene, ViewLayer | Updating Background
Fra:1 Mem:955.50M (Peak 967.86M) | Time:00:00.11 | Mem:36.25M, Peak:36.25M | Scene, ViewLayer | Updating Camera
Fra:1 Mem:955.50M (Peak 967.86M) | Time:00:00.11 | Mem:36.25M, Peak:36.25M | Scene, ViewLayer | Updating Meshes Flags
Fra:1 Mem:955.50M (Peak 967.86M) | Time:00:00.11 | Mem:36.25M, Peak:36.25M | Scene, ViewLayer | Updating Objects
Fra:1 Mem:955.50M (Peak 967.86M) | Time:00:00.11 | Mem:36.25M, Peak:36.25M | Scene, ViewLayer | Updating Objects | Copying Transformations to device
Fra:1 Mem:955.50M (Peak 967.86M) | Time:00:00.11 | Mem:36.25M, Peak:36.25M | Scene, ViewLayer | Updating Particle Systems
Fra:1 Mem:955.50M (Peak 967.86M) | Time:00:00.11 | Mem:36.25M, Peak:36.25M | Scene, ViewLayer | Updating Particle Systems | Copying Particles to device
Fra:1 Mem:955.50M (Peak 967.86M) | Time:00:00.11 | Mem:36.25M, Peak:36.25M | Scene, ViewLayer | Updating Meshes
Fra:1 Mem:1047.02M (Peak 1047.02M) | Time:00:01.54 | Mem:36.25M, Peak:36.25M | Scene, ViewLayer | Updating Objects | Applying Static Transformations
Fra:1 Mem:1047.02M (Peak 1047.02M) | Time:00:01.54 | Mem:36.25M, Peak:36.25M | Scene, ViewLayer | Updating Mesh | Computing attributes
Fra:1 Mem:1208.37M (Peak 1208.37M) | Time:00:01.63 | Mem:36.25M, Peak:36.25M | Scene, ViewLayer | Updating Mesh | Copying Attributes to device
Fra:1 Mem:1208.37M (Peak 1208.37M) | Time:00:01.63 | Mem:197.61M, Peak:197.61M | Scene, ViewLayer | Updating Scene BVH | Building
Fra:1 Mem:1208.37M (Peak 1208.37M) | Time:00:01.63 | Mem:197.61M, Peak:197.61M | Scene, ViewLayer | Updating Scene BVH | Building BVH
Fra:1 Mem:1208.37M (Peak 1208.37M) | Time:00:01.63 | Mem:246.42M, Peak:246.42M | Scene, ViewLayer | Updating Scene BVH | Building BVH 0%
Fra:1 Mem:1208.37M (Peak 1208.37M) | Time:00:01.75 | Mem:305.61M, Peak:354.42M | Scene, ViewLayer | Updating Scene BVH | Copying BVH to device
Fra:1 Mem:1208.37M (Peak 1208.37M) | Time:00:01.75 | Mem:305.61M, Peak:354.42M | Scene, ViewLayer | Updating Mesh | Computing normals
Fra:1 Mem:1262.62M (Peak 1262.62M) | Time:00:01.78 | Mem:305.61M, Peak:354.42M | Scene, ViewLayer | Updating Mesh | Copying Mesh to device
Fra:1 Mem:1262.62M (Peak 1262.62M) | Time:00:01.78 | Mem:359.86M, Peak:359.86M | Scene, ViewLayer | Updating Objects Flags
Fra:1 Mem:1262.62M (Peak 1262.62M) | Time:00:01.78 | Mem:359.86M, Peak:359.86M | Scene, ViewLayer | Updating Primitive Offsets
Fra:1 Mem:1262.62M (Peak 1262.62M) | Time:00:01.78 | Mem:359.86M, Peak:359.86M | Scene, ViewLayer | Updating Images
Fra:1 Mem:1258.62M (Peak 1262.62M) | Time:00:01.78 | Mem:355.86M, Peak:359.86M | Scene, ViewLayer | Updating Camera Volume
Fra:1 Mem:1258.62M (Peak 1262.62M) | Time:00:01.78 | Mem:355.86M, Peak:359.86M | Scene, ViewLayer | Updating Lookup Tables
Fra:1 Mem:1258.62M (Peak 1262.62M) | Time:00:01.78 | Mem:355.94M, Peak:359.86M | Scene, ViewLayer | Updating Lights
Fra:1 Mem:1258.62M (Peak 1262.62M) | Time:00:01.78 | Mem:355.94M, Peak:359.86M | Scene, ViewLayer | Updating Lights | Computing tree
Fra:1 Mem:1258.62M (Peak 1262.62M) | Time:00:01.78 | Mem:355.94M, Peak:359.86M | Scene, ViewLayer | Updating Integrator
Fra:1 Mem:1258.62M (Peak 1262.62M) | Time:00:01.78 | Mem:355.94M, Peak:359.86M | Scene, ViewLayer | Updating Film
Fra:1 Mem:1258.62M (Peak 1262.62M) | Time:00:01.79 | Mem:355.86M, Peak:359.86M | Scene, ViewLayer | Updating Lookup Tables
Fra:1 Mem:1258.62M (Peak 1262.62M) | Time:00:01.79 | Mem:355.94M, Peak:359.86M | Scene, ViewLayer | Updating Baking
Fra:1 Mem:1258.62M (Peak 1262.62M) | Time:00:01.79 | Mem:355.94M, Peak:359.86M | Scene, ViewLayer | Updating Device | Writing constant memory
Fra:1 Mem:1258.63M (Peak 1262.62M) | Time:00:01.79 | Mem:355.94M, Peak:359.86M | Scene, ViewLayer | Loading denoising kernels (may take a few minutes the first time)
Fra:1 Mem:1258.63M (Peak 1262.62M) | Time:00:01.79 | Mem:355.94M, Peak:359.86M | Scene, ViewLayer | Sample 0/24
Fra:1 Mem:1269.41M (Peak 1269.41M) | Time:00:01.81 | Remaining:00:00.68 | Mem:366.64M, Peak:366.64M | Scene, ViewLayer | Sample 1/24
Fra:1 Mem:1273.91M (Peak 1280.66M) | Time:00:02.95 | Mem:366.64M, Peak:366.64M | Scene, ViewLayer | Sample 24/24
Fra:1 Mem:1273.91M (Peak 1280.66M) | Time:00:02.95 | Mem:366.64M, Peak:366.64M | Scene, ViewLayer | Finished
Saved: 'D:\Users\Lenovo\Desktop\大观园\assets\processed\crown-r11\3-1.next.png'
Time: 00:02.99 (Saving: 00:00.01)

Fra:1 Mem:797.35M (Peak 797.35M) | Time:00:00.00 | Mem:0.00M, Peak:0.00M | Scene, ViewLayer | Synchronizing object | island_tree_01_LOD0
Fra:1 Mem:800.07M (Peak 800.07M) | Time:00:00.00 | Mem:0.00M, Peak:0.00M | Scene, ViewLayer | Synchronizing object | Diffuse daylight
Fra:1 Mem:919.57M (Peak 956.18M) | Time:00:00.08 | Mem:0.00M, Peak:0.00M | Scene, ViewLayer | Initializing
Fra:1 Mem:919.56M (Peak 956.18M) | Time:00:00.08 | Mem:0.00M, Peak:0.00M | Scene, ViewLayer | Updating Images | Loading island_tree_01_branches_nor_gl
Fra:1 Mem:919.56M (Peak 956.18M) | Time:00:00.08 | Mem:0.00M, Peak:0.00M | Scene, ViewLayer | Updating Images | Loading island_tree_01_diff
Fra:1 Mem:927.57M (Peak 956.18M) | Time:00:00.08 | Mem:0.00M, Peak:0.00M | Scene, ViewLayer | Updating Images | Loading island_tree_01_leaves_diff-island_tree_01_leaves_alpha
Fra:1 Mem:927.57M (Peak 956.18M) | Time:00:00.08 | Mem:0.00M, Peak:0.00M | Scene, ViewLayer | Updating Images | Loading island_tree_01_leaves_rgba.png.001
Fra:1 Mem:947.84M (Peak 956.18M) | Time:00:00.08 | Mem:0.25M, Peak:0.25M | Scene, ViewLayer | Updating Images | Loading island_tree_01_branches_diff
Fra:1 Mem:951.84M (Peak 956.18M) | Time:00:00.09 | Mem:4.25M, Peak:4.25M | Scene, ViewLayer | Updating Images | Loading island_tree_01_branches_rough
Fra:1 Mem:955.41M (Peak 971.87M) | Time:00:00.11 | Mem:36.25M, Peak:36.25M | Scene, ViewLayer | Waiting for render to start
Fra:1 Mem:955.41M (Peak 971.87M) | Time:00:00.11 | Mem:36.25M, Peak:36.25M | Scene, ViewLayer | Updating Scene
Fra:1 Mem:955.41M (Peak 971.87M) | Time:00:00.11 | Mem:36.25M, Peak:36.25M | Scene, ViewLayer | Updating Shaders
Fra:1 Mem:955.42M (Peak 971.87M) | Time:00:00.11 | Mem:36.25M, Peak:36.25M | Scene, ViewLayer | Loading render kernels (may take a few minutes the first time)
Fra:1 Mem:955.50M (Peak 971.87M) | Time:00:00.11 | Mem:36.25M, Peak:36.25M | Scene, ViewLayer | Updating Procedurals
Fra:1 Mem:955.50M (Peak 971.87M) | Time:00:00.11 | Mem:36.25M, Peak:36.25M | Scene, ViewLayer | Updating Background
Fra:1 Mem:955.50M (Peak 971.87M) | Time:00:00.11 | Mem:36.25M, Peak:36.25M | Scene, ViewLayer | Updating Camera
Fra:1 Mem:955.50M (Peak 971.87M) | Time:00:00.11 | Mem:36.25M, Peak:36.25M | Scene, ViewLayer | Updating Meshes Flags
Fra:1 Mem:955.50M (Peak 971.87M) | Time:00:00.11 | Mem:36.25M, Peak:36.25M | Scene, ViewLayer | Updating Objects
Fra:1 Mem:955.50M (Peak 971.87M) | Time:00:00.11 | Mem:36.25M, Peak:36.25M | Scene, ViewLayer | Updating Objects | Copying Transformations to device
Fra:1 Mem:955.50M (Peak 971.87M) | Time:00:00.11 | Mem:36.25M, Peak:36.25M | Scene, ViewLayer | Updating Particle Systems
Fra:1 Mem:955.50M (Peak 971.87M) | Time:00:00.11 | Mem:36.25M, Peak:36.25M | Scene, ViewLayer | Updating Particle Systems | Copying Particles to device
Fra:1 Mem:955.50M (Peak 971.87M) | Time:00:00.11 | Mem:36.25M, Peak:36.25M | Scene, ViewLayer | Updating Meshes
Fra:1 Mem:1047.02M (Peak 1047.02M) | Time:00:01.44 | Mem:36.25M, Peak:36.25M | Scene, ViewLayer | Updating Objects | Applying Static Transformations
Fra:1 Mem:1047.02M (Peak 1047.02M) | Time:00:01.44 | Mem:36.25M, Peak:36.25M | Scene, ViewLayer | Updating Mesh | Computing attributes
Fra:1 Mem:1208.37M (Peak 1208.37M) | Time:00:01.51 | Mem:36.25M, Peak:36.25M | Scene, ViewLayer | Updating Mesh | Copying Attributes to device
Fra:1 Mem:1208.37M (Peak 1208.37M) | Time:00:01.51 | Mem:197.61M, Peak:197.61M | Scene, ViewLayer | Updating Scene BVH | Building
Fra:1 Mem:1208.37M (Peak 1208.37M) | Time:00:01.51 | Mem:197.61M, Peak:197.61M | Scene, ViewLayer | Updating Scene BVH | Building BVH
Fra:1 Mem:1208.37M (Peak 1208.37M) | Time:00:01.51 | Mem:246.42M, Peak:246.42M | Scene, ViewLayer | Updating Scene BVH | Building BVH 0%
Fra:1 Mem:1208.37M (Peak 1208.37M) | Time:00:01.62 | Mem:305.61M, Peak:354.42M | Scene, ViewLayer | Updating Scene BVH | Copying BVH to device
Fra:1 Mem:1208.37M (Peak 1208.37M) | Time:00:01.62 | Mem:305.61M, Peak:354.42M | Scene, ViewLayer | Updating Mesh | Computing normals
Fra:1 Mem:1262.62M (Peak 1262.62M) | Time:00:01.64 | Mem:305.61M, Peak:354.42M | Scene, ViewLayer | Updating Mesh | Copying Mesh to device
Fra:1 Mem:1262.62M (Peak 1262.62M) | Time:00:01.64 | Mem:359.86M, Peak:359.86M | Scene, ViewLayer | Updating Objects Flags
Fra:1 Mem:1262.62M (Peak 1262.62M) | Time:00:01.64 | Mem:359.86M, Peak:359.86M | Scene, ViewLayer | Updating Primitive Offsets
Fra:1 Mem:1262.62M (Peak 1262.62M) | Time:00:01.64 | Mem:359.86M, Peak:359.86M | Scene, ViewLayer | Updating Images
Fra:1 Mem:1258.62M (Peak 1262.62M) | Time:00:01.64 | Mem:355.86M, Peak:359.86M | Scene, ViewLayer | Updating Camera Volume
Fra:1 Mem:1258.62M (Peak 1262.62M) | Time:00:01.64 | Mem:355.86M, Peak:359.86M | Scene, ViewLayer | Updating Lookup Tables
Fra:1 Mem:1258.62M (Peak 1262.62M) | Time:00:01.64 | Mem:355.94M, Peak:359.86M | Scene, ViewLayer | Updating Lights
Fra:1 Mem:1258.62M (Peak 1262.62M) | Time:00:01.64 | Mem:355.94M, Peak:359.86M | Scene, ViewLayer | Updating Lights | Computing tree
Fra:1 Mem:1258.62M (Peak 1262.62M) | Time:00:01.64 | Mem:355.94M, Peak:359.86M | Scene, ViewLayer | Updating Integrator
Fra:1 Mem:1258.62M (Peak 1262.62M) | Time:00:01.64 | Mem:355.94M, Peak:359.86M | Scene, ViewLayer | Updating Film
Fra:1 Mem:1258.62M (Peak 1262.62M) | Time:00:01.64 | Mem:355.86M, Peak:359.86M | Scene, ViewLayer | Updating Lookup Tables
Fra:1 Mem:1258.62M (Peak 1262.62M) | Time:00:01.64 | Mem:355.94M, Peak:359.86M | Scene, ViewLayer | Updating Baking
Fra:1 Mem:1258.62M (Peak 1262.62M) | Time:00:01.64 | Mem:355.94M, Peak:359.86M | Scene, ViewLayer | Updating Device | Writing constant memory
Fra:1 Mem:1258.63M (Peak 1262.62M) | Time:00:01.64 | Mem:355.94M, Peak:359.86M | Scene, ViewLayer | Loading denoising kernels (may take a few minutes the first time)
Fra:1 Mem:1258.63M (Peak 1262.62M) | Time:00:01.64 | Mem:355.94M, Peak:359.86M | Scene, ViewLayer | Sample 0/24
Fra:1 Mem:1269.41M (Peak 1269.41M) | Time:00:01.67 | Remaining:00:00.59 | Mem:366.64M, Peak:366.64M | Scene, ViewLayer | Sample 1/24
Fra:1 Mem:1273.91M (Peak 1280.66M) | Time:00:02.67 | Mem:366.64M, Peak:366.64M | Scene, ViewLayer | Sample 24/24
Fra:1 Mem:1273.91M (Peak 1280.66M) | Time:00:02.67 | Mem:366.64M, Peak:366.64M | Scene, ViewLayer | Finished
Saved: 'D:\Users\Lenovo\Desktop\大观园\assets\processed\crown-r11\3-2.next.png'
Time: 00:02.71 (Saving: 00:00.01)

Fra:1 Mem:797.35M (Peak 797.35M) | Time:00:00.00 | Mem:0.00M, Peak:0.00M | Scene, ViewLayer | Synchronizing object | island_tree_01_LOD0
Fra:1 Mem:797.35M (Peak 797.35M) | Time:00:00.00 | Mem:0.00M, Peak:0.00M | Scene, ViewLayer | Synchronizing object | Diffuse daylight
Fra:1 Mem:919.57M (Peak 956.18M) | Time:00:00.08 | Mem:0.00M, Peak:0.00M | Scene, ViewLayer | Initializing
Fra:1 Mem:919.56M (Peak 956.18M) | Time:00:00.08 | Mem:0.00M, Peak:0.00M | Scene, ViewLayer | Updating Images | Loading island_tree_01_branches_nor_gl
Fra:1 Mem:923.57M (Peak 956.18M) | Time:00:00.08 | Mem:0.00M, Peak:0.00M | Scene, ViewLayer | Updating Images | Loading island_tree_01_diff
Fra:1 Mem:923.57M (Peak 956.18M) | Time:00:00.08 | Mem:0.00M, Peak:0.00M | Scene, ViewLayer | Updating Images | Loading island_tree_01_leaves_diff-island_tree_01_leaves_alpha
Fra:1 Mem:927.57M (Peak 956.18M) | Time:00:00.08 | Mem:0.00M, Peak:0.00M | Scene, ViewLayer | Updating Images | Loading island_tree_01_leaves_rgba.png.001
Fra:1 Mem:947.84M (Peak 956.18M) | Time:00:00.08 | Mem:0.25M, Peak:0.25M | Scene, ViewLayer | Updating Images | Loading island_tree_01_branches_diff
Fra:1 Mem:951.84M (Peak 956.18M) | Time:00:00.09 | Mem:4.25M, Peak:4.25M | Scene, ViewLayer | Updating Images | Loading island_tree_01_branches_rough
Fra:1 Mem:955.42M (Peak 975.88M) | Time:00:00.10 | Mem:36.25M, Peak:36.25M | Scene, ViewLayer | Waiting for render to start
Fra:1 Mem:955.42M (Peak 975.88M) | Time:00:00.10 | Mem:36.25M, Peak:36.25M | Scene, ViewLayer | Updating Scene
Fra:1 Mem:955.42M (Peak 975.88M) | Time:00:00.10 | Mem:36.25M, Peak:36.25M | Scene, ViewLayer | Updating Shaders
Fra:1 Mem:955.42M (Peak 975.88M) | Time:00:00.10 | Mem:36.25M, Peak:36.25M | Scene, ViewLayer | Loading render kernels (may take a few minutes the first time)
Fra:1 Mem:955.50M (Peak 975.88M) | Time:00:00.10 | Mem:36.25M, Peak:36.25M | Scene, ViewLayer | Updating Procedurals
Fra:1 Mem:955.50M (Peak 975.88M) | Time:00:00.10 | Mem:36.25M, Peak:36.25M | Scene, ViewLayer | Updating Background
Fra:1 Mem:955.50M (Peak 975.88M) | Time:00:00.10 | Mem:36.25M, Peak:36.25M | Scene, ViewLayer | Updating Camera
Fra:1 Mem:955.50M (Peak 975.88M) | Time:00:00.10 | Mem:36.25M, Peak:36.25M | Scene, ViewLayer | Updating Meshes Flags
Fra:1 Mem:955.50M (Peak 975.88M) | Time:00:00.10 | Mem:36.25M, Peak:36.25M | Scene, ViewLayer | Updating Objects
Fra:1 Mem:955.50M (Peak 975.88M) | Time:00:00.10 | Mem:36.25M, Peak:36.25M | Scene, ViewLayer | Updating Objects | Copying Transformations to device
Fra:1 Mem:955.50M (Peak 975.88M) | Time:00:00.10 | Mem:36.25M, Peak:36.25M | Scene, ViewLayer | Updating Particle Systems
Fra:1 Mem:955.50M (Peak 975.88M) | Time:00:00.10 | Mem:36.25M, Peak:36.25M | Scene, ViewLayer | Updating Particle Systems | Copying Particles to device
Fra:1 Mem:955.50M (Peak 975.88M) | Time:00:00.10 | Mem:36.25M, Peak:36.25M | Scene, ViewLayer | Updating Meshes
Fra:1 Mem:1047.02M (Peak 1047.02M) | Time:00:01.38 | Mem:36.25M, Peak:36.25M | Scene, ViewLayer | Updating Objects | Applying Static Transformations
Fra:1 Mem:1047.02M (Peak 1047.02M) | Time:00:01.38 | Mem:36.25M, Peak:36.25M | Scene, ViewLayer | Updating Mesh | Computing attributes
Fra:1 Mem:1208.37M (Peak 1208.37M) | Time:00:01.45 | Mem:36.25M, Peak:36.25M | Scene, ViewLayer | Updating Mesh | Copying Attributes to device
Fra:1 Mem:1208.37M (Peak 1208.37M) | Time:00:01.45 | Mem:197.61M, Peak:197.61M | Scene, ViewLayer | Updating Scene BVH | Building
Fra:1 Mem:1208.37M (Peak 1208.37M) | Time:00:01.45 | Mem:197.61M, Peak:197.61M | Scene, ViewLayer | Updating Scene BVH | Building BVH
Fra:1 Mem:1208.37M (Peak 1208.37M) | Time:00:01.45 | Mem:246.42M, Peak:246.42M | Scene, ViewLayer | Updating Scene BVH | Building BVH 0%
Fra:1 Mem:1208.37M (Peak 1208.37M) | Time:00:01.56 | Mem:307.61M, Peak:356.42M | Scene, ViewLayer | Updating Scene BVH | Copying BVH to device
Fra:1 Mem:1208.37M (Peak 1208.37M) | Time:00:01.56 | Mem:307.61M, Peak:356.42M | Scene, ViewLayer | Updating Mesh | Computing normals
Fra:1 Mem:1262.62M (Peak 1262.62M) | Time:00:01.59 | Mem:307.61M, Peak:356.42M | Scene, ViewLayer | Updating Mesh | Copying Mesh to device
Fra:1 Mem:1262.62M (Peak 1262.62M) | Time:00:01.59 | Mem:361.86M, Peak:361.86M | Scene, ViewLayer | Updating Objects Flags
Fra:1 Mem:1262.62M (Peak 1262.62M) | Time:00:01.59 | Mem:361.86M, Peak:361.86M | Scene, ViewLayer | Updating Primitive Offsets
Fra:1 Mem:1262.62M (Peak 1262.62M) | Time:00:01.59 | Mem:361.86M, Peak:361.86M | Scene, ViewLayer | Updating Images
Fra:1 Mem:1258.62M (Peak 1262.62M) | Time:00:01.59 | Mem:357.86M, Peak:361.86M | Scene, ViewLayer | Updating Camera Volume
Fra:1 Mem:1258.62M (Peak 1262.62M) | Time:00:01.59 | Mem:357.86M, Peak:361.86M | Scene, ViewLayer | Updating Lookup Tables
Fra:1 Mem:1258.62M (Peak 1262.62M) | Time:00:01.59 | Mem:357.94M, Peak:361.86M | Scene, ViewLayer | Updating Lights
Fra:1 Mem:1258.62M (Peak 1262.62M) | Time:00:01.59 | Mem:357.94M, Peak:361.86M | Scene, ViewLayer | Updating Lights | Computing tree
Fra:1 Mem:1258.62M (Peak 1262.62M) | Time:00:01.59 | Mem:357.94M, Peak:361.86M | Scene, ViewLayer | Updating Integrator
Fra:1 Mem:1258.62M (Peak 1262.62M) | Time:00:01.59 | Mem:357.94M, Peak:361.86M | Scene, ViewLayer | Updating Film
Fra:1 Mem:1258.62M (Peak 1262.62M) | Time:00:01.59 | Mem:357.86M, Peak:361.86M | Scene, ViewLayer | Updating Lookup Tables
Fra:1 Mem:1258.62M (Peak 1262.62M) | Time:00:01.59 | Mem:357.94M, Peak:361.86M | Scene, ViewLayer | Updating Baking
Fra:1 Mem:1258.62M (Peak 1262.62M) | Time:00:01.59 | Mem:357.94M, Peak:361.86M | Scene, ViewLayer | Updating Device | Writing constant memory
Fra:1 Mem:1258.63M (Peak 1262.62M) | Time:00:01.59 | Mem:357.94M, Peak:361.86M | Scene, ViewLayer | Loading denoising kernels (may take a few minutes the first time)
Fra:1 Mem:1258.63M (Peak 1262.62M) | Time:00:01.59 | Mem:357.94M, Peak:361.86M | Scene, ViewLayer | Sample 0/24
Fra:1 Mem:1269.41M (Peak 1269.41M) | Time:00:01.61 | Remaining:00:00.56 | Mem:368.64M, Peak:368.64M | Scene, ViewLayer | Sample 1/24
Fra:1 Mem:1273.91M (Peak 1280.66M) | Time:00:02.61 | Mem:368.64M, Peak:368.64M | Scene, ViewLayer | Sample 24/24
Fra:1 Mem:1273.91M (Peak 1280.66M) | Time:00:02.61 | Mem:368.64M, Peak:368.64M | Scene, ViewLayer | Finished
Saved: 'D:\Users\Lenovo\Desktop\大观园\assets\processed\crown-r11\3-3.next.png'
Time: 00:02.64 (Saving: 00:00.01)

Fra:1 Mem:797.35M (Peak 797.35M) | Time:00:00.00 | Mem:0.00M, Peak:0.00M | Scene, ViewLayer | Synchronizing object | island_tree_01_LOD0
Fra:1 Mem:797.35M (Peak 797.35M) | Time:00:00.00 | Mem:0.00M, Peak:0.00M | Scene, ViewLayer | Synchronizing object | Diffuse daylight
Fra:1 Mem:919.57M (Peak 956.18M) | Time:00:00.08 | Mem:0.00M, Peak:0.00M | Scene, ViewLayer | Initializing
Fra:1 Mem:919.56M (Peak 956.18M) | Time:00:00.08 | Mem:0.00M, Peak:0.00M | Scene, ViewLayer | Updating Images | Loading island_tree_01_branches_nor_gl
Fra:1 Mem:923.57M (Peak 956.18M) | Time:00:00.08 | Mem:0.00M, Peak:0.00M | Scene, ViewLayer | Updating Images | Loading island_tree_01_rough
Fra:1 Mem:923.57M (Peak 956.18M) | Time:00:00.08 | Mem:0.00M, Peak:0.00M | Scene, ViewLayer | Updating Images | Loading island_tree_01_leaves_diff-island_tree_01_leaves_alpha
Fra:1 Mem:927.57M (Peak 956.18M) | Time:00:00.08 | Mem:0.00M, Peak:0.00M | Scene, ViewLayer | Updating Images | Loading island_tree_01_leaves_rgba.png.001
Fra:1 Mem:947.84M (Peak 956.18M) | Time:00:00.08 | Mem:0.25M, Peak:0.25M | Scene, ViewLayer | Updating Images | Loading island_tree_01_branches_diff
Fra:1 Mem:951.84M (Peak 956.18M) | Time:00:00.08 | Mem:4.25M, Peak:4.25M | Scene, ViewLayer | Updating Images | Loading island_tree_01_branches_rough
Fra:1 Mem:955.42M (Peak 971.87M) | Time:00:00.10 | Mem:36.25M, Peak:36.25M | Scene, ViewLayer | Waiting for render to start
Fra:1 Mem:955.42M (Peak 971.87M) | Time:00:00.10 | Mem:36.25M, Peak:36.25M | Scene, ViewLayer | Updating Scene
Fra:1 Mem:955.42M (Peak 971.87M) | Time:00:00.10 | Mem:36.25M, Peak:36.25M | Scene, ViewLayer | Updating Shaders
Fra:1 Mem:955.42M (Peak 971.87M) | Time:00:00.10 | Mem:36.25M, Peak:36.25M | Scene, ViewLayer | Loading render kernels (may take a few minutes the first time)
Fra:1 Mem:955.50M (Peak 971.87M) | Time:00:00.10 | Mem:36.25M, Peak:36.25M | Scene, ViewLayer | Updating Procedurals
Fra:1 Mem:955.50M (Peak 971.87M) | Time:00:00.10 | Mem:36.25M, Peak:36.25M | Scene, ViewLayer | Updating Background
Fra:1 Mem:955.50M (Peak 971.87M) | Time:00:00.10 | Mem:36.25M, Peak:36.25M | Scene, ViewLayer | Updating Camera
Fra:1 Mem:955.50M (Peak 971.87M) | Time:00:00.10 | Mem:36.25M, Peak:36.25M | Scene, ViewLayer | Updating Meshes Flags
Fra:1 Mem:955.50M (Peak 971.87M) | Time:00:00.10 | Mem:36.25M, Peak:36.25M | Scene, ViewLayer | Updating Objects
Fra:1 Mem:955.50M (Peak 971.87M) | Time:00:00.10 | Mem:36.25M, Peak:36.25M | Scene, ViewLayer | Updating Objects | Copying Transformations to device
Fra:1 Mem:955.50M (Peak 971.87M) | Time:00:00.10 | Mem:36.25M, Peak:36.25M | Scene, ViewLayer | Updating Particle Systems
Fra:1 Mem:955.50M (Peak 971.87M) | Time:00:00.10 | Mem:36.25M, Peak:36.25M | Scene, ViewLayer | Updating Particle Systems | Copying Particles to device
Fra:1 Mem:955.50M (Peak 971.87M) | Time:00:00.10 | Mem:36.25M, Peak:36.25M | Scene, ViewLayer | Updating Meshes
Fra:1 Mem:1047.02M (Peak 1047.02M) | Time:00:01.36 | Mem:36.25M, Peak:36.25M | Scene, ViewLayer | Updating Objects | Applying Static Transformations
Fra:1 Mem:1047.02M (Peak 1047.02M) | Time:00:01.36 | Mem:36.25M, Peak:36.25M | Scene, ViewLayer | Updating Mesh | Computing attributes
Fra:1 Mem:1208.37M (Peak 1208.37M) | Time:00:01.43 | Mem:36.25M, Peak:36.25M | Scene, ViewLayer | Updating Mesh | Copying Attributes to device
Fra:1 Mem:1208.37M (Peak 1208.37M) | Time:00:01.43 | Mem:197.61M, Peak:197.61M | Scene, ViewLayer | Updating Scene BVH | Building
Fra:1 Mem:1208.37M (Peak 1208.37M) | Time:00:01.43 | Mem:197.61M, Peak:197.61M | Scene, ViewLayer | Updating Scene BVH | Building BVH
Fra:1 Mem:1208.37M (Peak 1208.37M) | Time:00:01.43 | Mem:246.42M, Peak:246.42M | Scene, ViewLayer | Updating Scene BVH | Building BVH 0%
Fra:1 Mem:1208.37M (Peak 1208.37M) | Time:00:01.55 | Mem:305.61M, Peak:354.42M | Scene, ViewLayer | Updating Scene BVH | Copying BVH to device
Fra:1 Mem:1208.37M (Peak 1208.37M) | Time:00:01.55 | Mem:305.61M, Peak:354.42M | Scene, ViewLayer | Updating Mesh | Computing normals
Fra:1 Mem:1262.62M (Peak 1262.62M) | Time:00:01.58 | Mem:305.61M, Peak:354.42M | Scene, ViewLayer | Updating Mesh | Copying Mesh to device
Fra:1 Mem:1262.62M (Peak 1262.62M) | Time:00:01.58 | Mem:359.86M, Peak:359.86M | Scene, ViewLayer | Updating Objects Flags
Fra:1 Mem:1262.62M (Peak 1262.62M) | Time:00:01.58 | Mem:359.86M, Peak:359.86M | Scene, ViewLayer | Updating Primitive Offsets
Fra:1 Mem:1262.62M (Peak 1262.62M) | Time:00:01.58 | Mem:359.86M, Peak:359.86M | Scene, ViewLayer | Updating Images
Fra:1 Mem:1258.62M (Peak 1262.62M) | Time:00:01.58 | Mem:355.86M, Peak:359.86M | Scene, ViewLayer | Updating Camera Volume
Fra:1 Mem:1258.62M (Peak 1262.62M) | Time:00:01.58 | Mem:355.86M, Peak:359.86M | Scene, ViewLayer | Updating Lookup Tables
Fra:1 Mem:1258.62M (Peak 1262.62M) | Time:00:01.58 | Mem:355.94M, Peak:359.86M | Scene, ViewLayer | Updating Lights
Fra:1 Mem:1258.62M (Peak 1262.62M) | Time:00:01.58 | Mem:355.94M, Peak:359.86M | Scene, ViewLayer | Updating Lights | Computing tree
Fra:1 Mem:1258.62M (Peak 1262.62M) | Time:00:01.58 | Mem:355.94M, Peak:359.86M | Scene, ViewLayer | Updating Integrator
Fra:1 Mem:1258.62M (Peak 1262.62M) | Time:00:01.58 | Mem:355.94M, Peak:359.86M | Scene, ViewLayer | Updating Film
Fra:1 Mem:1258.63M (Peak 1262.62M) | Time:00:01.58 | Mem:355.86M, Peak:359.86M | Scene, ViewLayer | Updating Lookup Tables
Fra:1 Mem:1258.63M (Peak 1262.62M) | Time:00:01.58 | Mem:355.94M, Peak:359.86M | Scene, ViewLayer | Updating Baking
Fra:1 Mem:1258.63M (Peak 1262.62M) | Time:00:01.58 | Mem:355.94M, Peak:359.86M | Scene, ViewLayer | Updating Device | Writing constant memory
Fra:1 Mem:1258.63M (Peak 1262.62M) | Time:00:01.58 | Mem:355.94M, Peak:359.86M | Scene, ViewLayer | Loading denoising kernels (may take a few minutes the first time)
Fra:1 Mem:1258.63M (Peak 1262.62M) | Time:00:01.58 | Mem:355.94M, Peak:359.86M | Scene, ViewLayer | Sample 0/24
Fra:1 Mem:1269.41M (Peak 1269.41M) | Time:00:01.62 | Remaining:00:01.04 | Mem:366.64M, Peak:366.64M | Scene, ViewLayer | Sample 1/24
Fra:1 Mem:1273.91M (Peak 1280.66M) | Time:00:03.01 | Mem:366.64M, Peak:366.64M | Scene, ViewLayer | Sample 24/24
Fra:1 Mem:1273.91M (Peak 1280.66M) | Time:00:03.01 | Mem:366.64M, Peak:366.64M | Scene, ViewLayer | Finished
Saved: 'D:\Users\Lenovo\Desktop\大观园\assets\processed\crown-r11\3-4.next.png'
Time: 00:03.06 (Saving: 00:00.01)

CROWN ATLAS SOURCE RENDERS COMPLETE

Blender quit
