
> daguanyuan-rumeng@1.0.0 models:views
> node scripts/pipeline.mjs model-views

Blender 4.5.9 LTS (hash 8bf95cbd38d1 built 2026-04-21 01:33:45)
Read blend: "D:\Users\Lenovo\Desktop\澶ц鍥璡blender\daguanyuan_master.blend"
Fra:1 Mem:1600.92M (Peak 1833.19M) | Time:00:01.02 | Mem:0.00M, Peak:0.00M | Scene, ViewLayer | Synchronizing object | daguanyuan_gate_stone.001
Fra:1 Mem:1600.93M (Peak 1833.19M) | Time:00:01.02 | Mem:0.00M, Peak:0.00M | Scene, ViewLayer | Synchronizing object | daguanyuan_gate_latticewood.001
Fra:1 Mem:1603.62M (Peak 1833.19M) | Time:00:01.02 | Mem:0.00M, Peak:0.00M | Scene, ViewLayer | Synchronizing object | daguanyuan_gate_screen
Fra:1 Mem:1603.63M (Peak 1833.19M) | Time:00:01.02 | Mem:0.00M, Peak:0.00M | Scene, ViewLayer | Synchronizing object | daguanyuan_gate_tilelight.001
Fra:1 Mem:1603.99M (Peak 1833.19M) | Time:00:01.02 | Mem:0.00M, Peak:0.00M | Scene, ViewLayer | Synchronizing object | daguanyuan_gate_tile.001
Fra:1 Mem:1604.13M (Peak 1833.19M) | Time:00:01.02 | Mem:0.00M, Peak:0.00M | Scene, ViewLayer | Synchronizing object | daguanyuan_gate_tiledark.001
Fra:1 Mem:1605.20M (Peak 1833.19M) | Time:00:01.02 | Mem:0.00M, Peak:0.00M | Scene, ViewLayer | Synchronizing object | daguanyuan_gate_limestone.001
Fra:1 Mem:1605.87M (Peak 1833.19M) | Time:00:01.02 | Mem:0.00M, Peak:0.00M | Scene, ViewLayer | Synchronizing object | daguanyuan_gate_paving.001
Fra:1 Mem:1605.87M (Peak 1833.19M) | Time:00:01.02 | Mem:0.00M, Peak:0.00M | Scene, ViewLayer | Synchronizing object | qujingtongyou_gardenstone
Fra:1 Mem:1607.55M (Peak 1833.19M) | Time:00:01.02 | Mem:0.00M, Peak:0.00M | Scene, ViewLayer | Synchronizing object | qujingtongyou_limestone.001
Fra:1 Mem:1608.05M (Peak 1833.19M) | Time:00:01.02 | Mem:0.00M, Peak:0.00M | Scene, ViewLayer | Synchronizing object | qujingtongyou_bark
Fra:1 Mem:1608.45M (Peak 1833.19M) | Time:00:01.02 | Mem:0.00M, Peak:0.00M | Scene, ViewLayer | Synchronizing object | qujingtongyou_canopy_shadow
Fra:1 Mem:1608.88M (Peak 1833.19M) | Time:00:01.02 | Mem:0.00M, Peak:0.00M | Scene, ViewLayer | Synchronizing object | qujingtongyou_canopy
Fra:1 Mem:1610.11M (Peak 1833.19M) | Time:00:01.02 | Mem:0.00M, Peak:0.00M | Scene, ViewLayer | Synchronizing object | qujingtongyou_canopy_light
Fra:1 Mem:1610.13M (Peak 1833.19M) | Time:00:01.02 | Mem:0.00M, Peak:0.00M | Scene, ViewLayer | Synchronizing object | xiaoxiangguan_plaster
Fra:1 Mem:1610.40M (Peak 1833.19M) | Time:00:01.02 | Mem:0.00M, Peak:0.00M | Scene, ViewLayer | Synchronizing object | xiaoxiangguan_roof
Fra:1 Mem:1610.81M (Peak 1833.19M) | Time:00:01.02 | Mem:0.00M, Peak:0.00M | Scene, ViewLayer | Synchronizing object | xiaoxiangguan_stone
Fra:1 Mem:1611.28M (Peak 1833.19M) | Time:00:01.02 | Mem:0.00M, Peak:0.00M | Scene, ViewLayer | Synchronizing object | xiaoxiangguan_tile
Fra:1 Mem:1612.34M (Peak 1833.19M) | Time:00:01.03 | Mem:0.00M, Peak:0.00M | Scene, ViewLayer | Synchronizing object | xiaoxiangguan_cutstone
Fra:1 Mem:1612.30M (Peak 1833.19M) | Time:00:01.03 | Mem:0.00M, Peak:0.00M | Scene, ViewLayer | Synchronizing object | xiaoxiangguan_darkwood
Fra:1 Mem:1615.92M (Peak 1833.19M) | Time:00:01.03 | Mem:0.00M, Peak:0.00M | Scene, ViewLayer | Synchronizing object | xiaoxiangguan_floorwood
Fra:1 Mem:1616.00M (Peak 1833.19M) | Time:00:01.03 | Mem:0.00M, Peak:0.00M | Scene, ViewLayer | Synchronizing object | xiaoxiangguan_wood
Fra:1 Mem:1618.55M (Peak 1833.19M) | Time:00:01.03 | Mem:0.00M, Peak:0.00M | Scene, ViewLayer | Synchronizing object | xiaoxiangguan_latticewood.001
Fra:1 Mem:1619.09M (Peak 1833.19M) | Time:00:01.03 | Mem:0.00M, Peak:0.00M | Scene, ViewLayer | Synchronizing object | xiaoxiangguan_tilelight.001
Fra:1 Mem:1620.55M (Peak 1833.19M) | Time:00:01.03 | Mem:0.00M, Peak:0.00M | Scene, ViewLayer | Synchronizing object | xiaoxiangguan_tiledark.001
Fra:1 Mem:1620.89M (Peak 1833.19M) | Time:00:01.03 | Mem:0.00M, Peak:0.00M | Scene, ViewLayer | Synchronizing object | xiaoxiangguan_paving.001
Fra:1 Mem:1621.24M (Peak 1833.19M) | Time:00:01.03 | Mem:0.00M, Peak:0.00M | Scene, ViewLayer | Synchronizing object | xiaoxiangguan_bookcloth.001
Fra:1 Mem:1621.31M (Peak 1833.19M) | Time:00:01.03 | Mem:0.00M, Peak:0.00M | Scene, ViewLayer | Synchronizing object | xiaoxiangguan_water.001
Fra:1 Mem:1621.84M (Peak 1833.19M) | Time:00:01.03 | Mem:0.00M, Peak:0.00M | Scene, ViewLayer | Synchronizing object | xiaoxiangguan_bankstone
Fra:1 Mem:1624.19M (Peak 1833.19M) | Time:00:01.03 | Mem:0.00M, Peak:0.00M | Scene, ViewLayer | Synchronizing object | xiaoxiangguan_furniture
Fra:1 Mem:1624.19M (Peak 1833.19M) | Time:00:01.03 | Mem:0.00M, Peak:0.00M | Scene, ViewLayer | Synchronizing object | xiaoxiangguan_paper
Fra:1 Mem:1624.27M (Peak 1833.19M) | Time:00:01.03 | Mem:0.00M, Peak:0.00M | Scene, ViewLayer | Synchronizing object | xiaoxiangguan_ivory.001
Fra:1 Mem:1623.64M (Peak 1833.19M) | Time:00:01.03 | Mem:0.00M, Peak:0.00M | Scene, ViewLayer | Synchronizing object | xiaoxiangguan_ink.001
Fra:1 Mem:1624.04M (Peak 1833.19M) | Time:00:01.03 | Mem:0.00M, Peak:0.00M | Scene, ViewLayer | Synchronizing object | xiaoxiangguan_bookcover.001
Fra:1 Mem:1624.04M (Peak 1833.19M) | Time:00:01.03 | Mem:0.00M, Peak:0.00M | Scene, ViewLayer | Synchronizing object | xiaoxiangguan_ceramic.001
Fra:1 Mem:1624.47M (Peak 1833.19M) | Time:00:01.03 | Mem:0.00M, Peak:0.00M | Scene, ViewLayer | Synchronizing object | xiaoxiangguan_gold
Fra:1 Mem:1624.47M (Peak 1833.19M) | Time:00:01.03 | Mem:0.00M, Peak:0.00M | Scene, ViewLayer | Synchronizing object | xiaoxiangguan_lantern
Fra:1 Mem:1624.49M (Peak 1833.19M) | Time:00:01.03 | Mem:0.00M, Peak:0.00M | Scene, ViewLayer | Synchronizing object | xiaoxiangguan_focal_bark
Fra:1 Mem:1624.62M (Peak 1833.19M) | Time:00:01.03 | Mem:0.00M, Peak:0.00M | Scene, ViewLayer | Synchronizing object | xiaoxiangguan_focal_botanical_petal
Fra:1 Mem:1624.70M (Peak 1833.19M) | Time:00:01.03 | Mem:0.00M, Peak:0.00M | Scene, ViewLayer | Synchronizing object | xiaoxiangguan_focal_botanical_bamboo
Fra:1 Mem:1629.06M (Peak 1833.19M) | Time:00:01.03 | Mem:0.00M, Peak:0.00M | Scene, ViewLayer | Synchronizing object | xiaoxiangguan_focal_botanical_stem
Fra:1 Mem:1630.14M (Peak 1833.19M) | Time:00:01.03 | Mem:0.00M, Peak:0.00M | Scene, ViewLayer | Synchronizing object | xiaoxiangguan_focal_botanical_banana
Fra:1 Mem:1639.33M (Peak 1833.19M) | Time:00:01.03 | Mem:0.00M, Peak:0.00M | Scene, ViewLayer | Synchronizing object | xiaoxiangguan_focal_bamboo
Fra:1 Mem:1640.39M (Peak 1833.19M) | Time:00:01.03 | Mem:0.00M, Peak:0.00M | Scene, ViewLayer | Synchronizing object | xiaoxiangguan_focal_leaf
Fra:1 Mem:1641.81M (Peak 1833.19M) | Time:00:01.03 | Mem:0.00M, Peak:0.00M | Scene, ViewLayer | Synchronizing object | xiaoxiangguan_focal_leafdark
Fra:1 Mem:1645.72M (Peak 1833.19M) | Time:00:01.03 | Mem:0.00M, Peak:0.00M | Scene, ViewLayer | Synchronizing object | xiaoxiangguan_focal_botanical_litter
Fra:1 Mem:1646.21M (Peak 1833.19M) | Time:00:01.03 | Mem:0.00M, Peak:0.00M | Scene, ViewLayer | Synchronizing object | yihongyuan_plaster.001
Fra:1 Mem:1646.79M (Peak 1833.19M) | Time:00:01.03 | Mem:0.00M, Peak:0.00M | Scene, ViewLayer | Synchronizing object | yihongyuan_roof.001
Fra:1 Mem:1646.80M (Peak 1833.19M) | Time:00:01.03 | Mem:0.00M, Peak:0.00M | Scene, ViewLayer | Synchronizing object | yihongyuan_stone.001
Fra:1 Mem:1647.09M (Peak 1833.19M) | Time:00:01.03 | Mem:0.00M, Peak:0.00M | Scene, ViewLayer | Synchronizing object | yihongyuan_tile.001
Fra:1 Mem:1647.33M (Peak 1833.19M) | Time:00:01.03 | Mem:0.00M, Peak:0.00M | Scene, ViewLayer | Synchronizing object | yihongyuan_cutstone
Fra:1 Mem:1651.38M (Peak 1833.19M) | Time:00:01.03 | Mem:0.00M, Peak:0.00M | Scene, ViewLayer | Synchronizing object | yihongyuan_darkwood.001
Fra:1 Mem:1651.47M (Peak 1833.19M) | Time:00:01.03 | Mem:0.00M, Peak:0.00M | Scene, ViewLayer | Synchronizing object | yihongyuan_floorwood
Fra:1 Mem:1651.53M (Peak 1833.19M) | Time:00:01.03 | Mem:0.00M, Peak:0.00M | Scene, ViewLayer | Synchronizing object | yihongyuan_wood.001
Fra:1 Mem:1654.47M (Peak 1833.19M) | Time:00:01.03 | Mem:0.00M, Peak:0.00M | Scene, ViewLayer | Synchronizing object | yihongyuan_latticewood.001
Fra:1 Mem:1655.96M (Peak 1833.19M) | Time:00:01.04 | Mem:0.00M, Peak:0.00M | Scene, ViewLayer | Synchronizing object | yihongyuan_tilelight.001
Fra:1 Mem:1664.19M (Peak 1833.19M) | Time:00:01.04 | Mem:0.00M, Peak:0.00M | Scene, ViewLayer | Synchronizing object | yihongyuan_tiledark.001
Fra:1 Mem:1665.12M (Peak 1833.19M) | Time:00:01.04 | Mem:0.00M, Peak:0.00M | Scene, ViewLayer | Synchronizing object | yihongyuan_paving.001
Fra:1 Mem:1666.59M (Peak 1833.19M) | Time:00:01.04 | Mem:0.00M, Peak:0.00M | Scene, ViewLayer | Synchronizing object | yihongyuan_courtbase
Fra:1 Mem:1666.80M (Peak 1833.19M) | Time:00:01.04 | Mem:0.00M, Peak:0.00M | Scene, ViewLayer | Synchronizing object | yihongyuan_gardenstone
Fra:1 Mem:1672.87M (Peak 1833.19M) | Time:00:01.04 | Mem:0.00M, Peak:0.00M | Scene, ViewLayer | Synchronizing object | yihongyuan_limestone.001
Fra:1 Mem:1675.26M (Peak 1833.19M) | Time:00:01.04 | Mem:0.00M, Peak:0.00M | Scene, ViewLayer | Synchronizing object | yihongyuan_furniture
Fra:1 Mem:1675.26M (Peak 1833.19M) | Time:00:01.04 | Mem:0.00M, Peak:0.00M | Scene, ViewLayer | Synchronizing object | yihongyuan_bookcloth.001
Fra:1 Mem:1675.28M (Peak 1833.19M) | Time:00:01.04 | Mem:0.00M, Peak:0.00M | Scene, ViewLayer | Synchronizing object | yihongyuan_ivory.001
Fra:1 Mem:1675.32M (Peak 1833.19M) | Time:00:01.04 | Mem:0.00M, Peak:0.00M | Scene, ViewLayer | Synchronizing object | yihongyuan_ink.001
Fra:1 Mem:1675.41M (Peak 1833.19M) | Time:00:01.04 | Mem:0.00M, Peak:0.00M | Scene, ViewLayer | Synchronizing object | yihongyuan_bookcover.001
Fra:1 Mem:1675.43M (Peak 1833.19M) | Time:00:01.04 | Mem:0.00M, Peak:0.00M | Scene, ViewLayer | Synchronizing object | yihongyuan_ceramic.001
Fra:1 Mem:1675.46M (Peak 1833.19M) | Time:00:01.04 | Mem:0.00M, Peak:0.00M | Scene, ViewLayer | Synchronizing object | yihongyuan_gold
Fra:1 Mem:1674.75M (Peak 1833.19M) | Time:00:01.04 | Mem:0.00M, Peak:0.00M | Scene, ViewLayer | Synchronizing object | yihongyuan_screen.001
Fra:1 Mem:1674.75M (Peak 1833.19M) | Time:00:01.04 | Mem:0.00M, Peak:0.00M | Scene, ViewLayer | Synchronizing object | yihongyuan_focal_bark
Fra:1 Mem:1675.78M (Peak 1833.19M) | Time:00:01.04 | Mem:0.00M, Peak:0.00M | Scene, ViewLayer | Synchronizing object | yihongyuan_focal_botanical_petal
Fra:1 Mem:1677.84M (Peak 1833.19M) | Time:00:01.04 | Mem:0.00M, Peak:0.00M | Scene, ViewLayer | Synchronizing object | yihongyuan_focal_botanical_bamboo
Fra:1 Mem:1678.87M (Peak 1833.19M) | Time:00:01.04 | Mem:0.00M, Peak:0.00M | Scene, ViewLayer | Synchronizing object | yihongyuan_focal_botanical_stem
Fra:1 Mem:1679.19M (Peak 1833.19M) | Time:00:01.04 | Mem:0.00M, Peak:0.00M | Scene, ViewLayer | Synchronizing object | yihongyuan_focal_botanical_banana
Fra:1 Mem:1680.71M (Peak 1833.19M) | Time:00:01.04 | Mem:0.00M, Peak:0.00M | Scene, ViewLayer | Synchronizing object | yihongyuan_focal_bamboo
Fra:1 Mem:1689.77M (Peak 1833.19M) | Time:00:01.04 | Mem:0.00M, Peak:0.00M | Scene, ViewLayer | Synchronizing object | yihongyuan_focal_moss
Fra:1 Mem:1689.91M (Peak 1833.19M) | Time:00:01.04 | Mem:0.00M, Peak:0.00M | Scene, ViewLayer | Synchronizing object | yihongyuan_focal_leafdark
Fra:1 Mem:1691.01M (Peak 1833.19M) | Time:00:01.04 | Mem:0.00M, Peak:0.00M | Scene, ViewLayer | Synchronizing object | yihongyuan_focal_leaf
Fra:1 Mem:1691.40M (Peak 1833.19M) | Time:00:01.04 | Mem:0.00M, Peak:0.00M | Scene, ViewLayer | Synchronizing object | yihongyuan_focal_botanical_litter
Fra:1 Mem:1691.21M (Peak 1833.19M) | Time:00:01.05 | Mem:0.00M, Peak:0.00M | Scene, ViewLayer | Synchronizing object | hengwuyuan_plaster.001
Fra:1 Mem:1691.41M (Peak 1833.19M) | Time:00:01.05 | Mem:0.00M, Peak:0.00M | Scene, ViewLayer | Synchronizing object | hengwuyuan_roof.001
Fra:1 Mem:1691.59M (Peak 1833.19M) | Time:00:01.05 | Mem:0.00M, Peak:0.00M | Scene, ViewLayer | Synchronizing object | hengwuyuan_stone.001
Fra:1 Mem:1691.50M (Peak 1833.19M) | Time:00:01.05 | Mem:0.00M, Peak:0.00M | Scene, ViewLayer | Synchronizing object | hengwuyuan_tile.001
Fra:1 Mem:1692.86M (Peak 1833.19M) | Time:00:01.05 | Mem:0.00M, Peak:0.00M | Scene, ViewLayer | Synchronizing object | hengwuyuan_cutstone
Fra:1 Mem:1692.65M (Peak 1833.19M) | Time:00:01.05 | Mem:0.00M, Peak:0.00M | Scene, ViewLayer | Synchronizing object | hengwuyuan_darkwood.001
Fra:1 Mem:1694.73M (Peak 1833.19M) | Time:00:01.05 | Mem:0.00M, Peak:0.00M | Scene, ViewLayer | Synchronizing object | hengwuyuan_wood.001
Fra:1 Mem:1698.00M (Peak 1833.19M) | Time:00:01.05 | Mem:0.00M, Peak:0.00M | Scene, ViewLayer | Synchronizing object | hengwuyuan_latticewood.001
Fra:1 Mem:1701.29M (Peak 1833.19M) | Time:00:01.05 | Mem:0.00M, Peak:0.00M | Scene, ViewLayer | Synchronizing object | hengwuyuan_tilelight.001
Fra:1 Mem:1701.29M (Peak 1833.19M) | Time:00:01.05 | Mem:0.00M, Peak:0.00M | Scene, ViewLayer | Synchronizing object | hengwuyuan_tiledark.001
Fra:1 Mem:1703.36M (Peak 1833.19M) | Time:00:01.05 | Mem:0.00M, Peak:0.00M | Scene, ViewLayer | Synchronizing object | hengwuyuan_paving.001
Fra:1 Mem:1708.49M (Peak 1833.19M) | Time:00:01.05 | Mem:0.00M, Peak:0.00M | Scene, ViewLayer | Synchronizing object | hengwuyuan_gardenstone
Fra:1 Mem:1710.88M (Peak 1833.19M) | Time:00:01.05 | Mem:0.00M, Peak:0.00M | Scene, ViewLayer | Synchronizing object | hengwuyuan_limestone.001
Fra:1 Mem:1713.19M (Peak 1833.19M) | Time:00:01.05 | Mem:0.00M, Peak:0.00M | Scene, ViewLayer | Synchronizing object | hengwuyuan_courtbase
Fra:1 Mem:1713.32M (Peak 1833.19M) | Time:00:01.05 | Mem:0.00M, Peak:0.00M | Scene, ViewLayer | Synchronizing object | hengwuyuan_furniture
Fra:1 Mem:1713.13M (Peak 1833.19M) | Time:00:01.05 | Mem:0.00M, Peak:0.00M | Scene, ViewLayer | Synchronizing object | hengwuyuan_paper.001
Fra:1 Mem:1713.14M (Peak 1833.19M) | Time:00:01.05 | Mem:0.00M, Peak:0.00M | Scene, ViewLayer | Synchronizing object | hengwuyuan_bookcloth.001
Fra:1 Mem:1713.95M (Peak 1833.19M) | Time:00:01.05 | Mem:0.00M, Peak:0.00M | Scene, ViewLayer | Synchronizing object | hengwuyuan_ivory.001
Fra:1 Mem:1713.99M (Peak 1833.19M) | Time:00:01.05 | Mem:0.00M, Peak:0.00M | Scene, ViewLayer | Synchronizing object | hengwuyuan_ink.001
Fra:1 Mem:1713.99M (Peak 1833.19M) | Time:00:01.05 | Mem:0.00M, Peak:0.00M | Scene, ViewLayer | Synchronizing object | hengwuyuan_ceramic.001
Fra:1 Mem:1713.00M (Peak 1833.19M) | Time:00:01.05 | Mem:0.00M, Peak:0.00M | Scene, ViewLayer | Synchronizing object | hengwuyuan_gold
Fra:1 Mem:1713.02M (Peak 1833.19M) | Time:00:01.05 | Mem:0.00M, Peak:0.00M | Scene, ViewLayer | Synchronizing object | hengwuyuan_clay.001
Fra:1 Mem:1713.05M (Peak 1833.19M) | Time:00:01.05 | Mem:0.00M, Peak:0.00M | Scene, ViewLayer | Synchronizing object | hengwuyuan_screen.001
Fra:1 Mem:1713.05M (Peak 1833.19M) | Time:00:01.05 | Mem:0.00M, Peak:0.00M | Scene, ViewLayer | Synchronizing object | hengwuyuan_focal_bamboo
Fra:1 Mem:1713.06M (Peak 1833.19M) | Time:00:01.05 | Mem:0.00M, Peak:0.00M | Scene, ViewLayer | Synchronizing object | hengwuyuan_focal_leafdark
Fra:1 Mem:1713.06M (Peak 1833.19M) | Time:00:01.05 | Mem:0.00M, Peak:0.00M | Scene, ViewLayer | Synchronizing object | hengwuyuan_focal_bark
Fra:1 Mem:1715.73M (Peak 1833.19M) | Time:00:01.05 | Mem:0.00M, Peak:0.00M | Scene, ViewLayer | Synchronizing object | hengwuyuan_focal_moss
Fra:1 Mem:1720.38M (Peak 1833.19M) | Time:00:01.05 | Mem:0.00M, Peak:0.00M | Scene, ViewLayer | Synchronizing object | hengwuyuan_focal_botanical_bamboo
Fra:1 Mem:1721.42M (Peak 1833.19M) | Time:00:01.05 | Mem:0.00M, Peak:0.00M | Scene, ViewLayer | Synchronizing object | hengwuyuan_focal_botanical_litter
Fra:1 Mem:1724.79M (Peak 1833.19M) | Time:00:01.05 | Mem:0.00M, Peak:0.00M | Scene, ViewLayer | Synchronizing object | qiushuangzhai_plaster.001
Fra:1 Mem:1725.03M (Peak 1833.19M) | Time:00:01.05 | Mem:0.00M, Peak:0.00M | Scene, ViewLayer | Synchronizing object | qiushuangzhai_roof.001
Fra:1 Mem:1725.21M (Peak 1833.19M) | Time:00:01.05 | Mem:0.00M, Peak:0.00M | Scene, ViewLayer | Synchronizing object | qiushuangzhai_stone.001
Fra:1 Mem:1725.23M (Peak 1833.19M) | Time:00:01.05 | Mem:0.00M, Peak:0.00M | Scene, ViewLayer | Synchronizing object | qiushuangzhai_tile.001
Fra:1 Mem:1725.84M (Peak 1833.19M) | Time:00:01.05 | Mem:0.00M, Peak:0.00M | Scene, ViewLayer | Synchronizing object | qiushuangzhai_cutstone
Fra:1 Mem:1729.90M (Peak 1833.19M) | Time:00:01.05 | Mem:0.00M, Peak:0.00M | Scene, ViewLayer | Synchronizing object | qiushuangzhai_darkwood.001
Fra:1 Mem:1731.44M (Peak 1833.19M) | Time:00:01.05 | Mem:0.00M, Peak:0.00M | Scene, ViewLayer | Synchronizing object | qiushuangzhai_floorwood
Fra:1 Mem:1732.51M (Peak 1833.19M) | Time:00:01.05 | Mem:0.00M, Peak:0.00M | Scene, ViewLayer | Synchronizing object | qiushuangzhai_wood.001
Fra:1 Mem:1737.50M (Peak 1833.19M) | Time:00:01.05 | Mem:0.00M, Peak:0.00M | Scene, ViewLayer | Synchronizing object | qiushuangzhai_furniture
Fra:1 Mem:1736.67M (Peak 1833.19M) | Time:00:01.06 | Mem:0.00M, Peak:0.00M | Scene, ViewLayer | Synchronizing object | qiushuangzhai_latticewood.001
Fra:1 Mem:1736.75M (Peak 1833.19M) | Time:00:01.06 | Mem:0.00M, Peak:0.00M | Scene, ViewLayer | Synchronizing object | qiushuangzhai_screen
Fra:1 Mem:1737.59M (Peak 1833.19M) | Time:00:01.06 | Mem:0.00M, Peak:0.00M | Scene, ViewLayer | Synchronizing object | qiushuangzhai_tilelight.001
Fra:1 Mem:1734.18M (Peak 1833.19M) | Time:00:01.06 | Mem:0.00M, Peak:0.00M | Scene, ViewLayer | Synchronizing object | qiushuangzhai_tiledark.001
Fra:1 Mem:1734.07M (Peak 1833.19M) | Time:00:01.06 | Mem:0.00M, Peak:0.00M | Scene, ViewLayer | Synchronizing object | qiushuangzhai_paving.001
Fra:1 Mem:1735.58M (Peak 1833.19M) | Time:00:01.06 | Mem:0.00M, Peak:0.00M | Scene, ViewLayer | Synchronizing object | qiushuangzhai_marble.001
Fra:1 Mem:1735.58M (Peak 1833.19M) | Time:00:01.06 | Mem:0.00M, Peak:0.00M | Scene, ViewLayer | Synchronizing object | qiushuangzhai_paper.001
Fra:1 Mem:1735.61M (Peak 1833.19M) | Time:00:01.06 | Mem:0.00M, Peak:0.00M | Scene, ViewLayer | Synchronizing object | qiushuangzhai_bookcloth.001
Fra:1 Mem:1735.61M (Peak 1833.19M) | Time:00:01.06 | Mem:0.00M, Peak:0.00M | Scene, ViewLayer | Synchronizing object | qiushuangzhai_ivory.001
Fra:1 Mem:1735.82M (Peak 1833.19M) | Time:00:01.06 | Mem:0.00M, Peak:0.00M | Scene, ViewLayer | Synchronizing object | qiushuangzhai_ink.001
Fra:1 Mem:1735.83M (Peak 1833.19M) | Time:00:01.06 | Mem:0.00M, Peak:0.00M | Scene, ViewLayer | Synchronizing object | qiushuangzhai_bookcover.001
Fra:1 Mem:1735.85M (Peak 1833.19M) | Time:00:01.06 | Mem:0.00M, Peak:0.00M | Scene, ViewLayer | Synchronizing object | qiushuangzhai_ceramic.001
Fra:1 Mem:1736.07M (Peak 1833.19M) | Time:00:01.06 | Mem:0.00M, Peak:0.00M | Scene, ViewLayer | Synchronizing object | qiushuangzhai_gold
Fra:1 Mem:1737.20M (Peak 1833.19M) | Time:00:01.06 | Mem:0.00M, Peak:0.00M | Scene, ViewLayer | Synchronizing object | qiushuangzhai_silk.001
Fra:1 Mem:1737.98M (Peak 1833.19M) | Time:00:01.06 | Mem:0.00M, Peak:0.00M | Scene, ViewLayer | Synchronizing object | qiushuangzhai_lantern
Fra:1 Mem:1737.96M (Peak 1833.19M) | Time:00:01.06 | Mem:0.00M, Peak:0.00M | Scene, ViewLayer | Synchronizing object | qiushuangzhai_focal_bamboo
Fra:1 Mem:1737.98M (Peak 1833.19M) | Time:00:01.06 | Mem:0.00M, Peak:0.00M | Scene, ViewLayer | Synchronizing object | qiushuangzhai_focal_leafdark
Fra:1 Mem:1738.06M (Peak 1833.19M) | Time:00:01.06 | Mem:0.00M, Peak:0.00M | Scene, ViewLayer | Synchronizing object | qiushuangzhai_focal_creamflower
Fra:1 Mem:1738.77M (Peak 1833.19M) | Time:00:01.06 | Mem:0.00M, Peak:0.00M | Scene, ViewLayer | Synchronizing object | qiushuangzhai_focal_moss
Fra:1 Mem:1740.95M (Peak 1833.19M) | Time:00:01.06 | Mem:0.00M, Peak:0.00M | Scene, ViewLayer | Synchronizing object | qiushuangzhai_focal_bark
Fra:1 Mem:1741.13M (Peak 1833.19M) | Time:00:01.06 | Mem:0.00M, Peak:0.00M | Scene, ViewLayer | Synchronizing object | qiushuangzhai_focal_leaf
Fra:1 Mem:1742.18M (Peak 1833.19M) | Time:00:01.06 | Mem:0.00M, Peak:0.00M | Scene, ViewLayer | Synchronizing object | qiushuangzhai_focal_botanical_bamboo
Fra:1 Mem:1745.51M (Peak 1833.19M) | Time:00:01.06 | Mem:0.00M, Peak:0.00M | Scene, ViewLayer | Synchronizing object | qiushuangzhai_focal_botanical_litter
Fra:1 Mem:1745.40M (Peak 1833.19M) | Time:00:01.06 | Mem:0.00M, Peak:0.00M | Scene, ViewLayer | Synchronizing object | daoxiangcun_stone.001
Fra:1 Mem:1749.50M (Peak 1833.19M) | Time:00:01.06 | Mem:0.00M, Peak:0.00M | Scene, ViewLayer | Synchronizing object | daoxiangcun_paving.001
Fra:1 Mem:1750.69M (Peak 1833.19M) | Time:00:01.06 | Mem:0.00M, Peak:0.00M | Scene, ViewLayer | Synchronizing object | daoxiangcun_clay.001
Fra:1 Mem:1750.63M (Peak 1833.19M) | Time:00:01.06 | Mem:0.00M, Peak:0.00M | Scene, ViewLayer | Synchronizing object | daoxiangcun_wood.001
Fra:1 Mem:1750.41M (Peak 1833.19M) | Time:00:01.06 | Mem:0.00M, Peak:0.00M | Scene, ViewLayer | Synchronizing object | daoxiangcun_screen.001
Fra:1 Mem:1751.06M (Peak 1833.19M) | Time:00:01.06 | Mem:0.00M, Peak:0.00M | Scene, ViewLayer | Synchronizing object | daoxiangcun_latticewood.001
Fra:1 Mem:1750.97M (Peak 1833.19M) | Time:00:01.06 | Mem:0.00M, Peak:0.00M | Scene, ViewLayer | Synchronizing object | daoxiangcun_thatch.001
Fra:1 Mem:1751.75M (Peak 1833.19M) | Time:00:01.06 | Mem:0.00M, Peak:0.00M | Scene, ViewLayer | Synchronizing object | daoxiangcun_lightleaf.001
Fra:1 Mem:1751.78M (Peak 1833.19M) | Time:00:01.06 | Mem:0.00M, Peak:0.00M | Scene, ViewLayer | Synchronizing object | daoxiangcun_bark
Fra:1 Mem:1752.14M (Peak 1833.19M) | Time:00:01.06 | Mem:0.00M, Peak:0.00M | Scene, ViewLayer | Synchronizing object | daoxiangcun_flower.001
Fra:1 Mem:1754.64M (Peak 1833.19M) | Time:00:01.06 | Mem:0.00M, Peak:0.00M | Scene, ViewLayer | Synchronizing object | daoxiangcun_leafdark
Fra:1 Mem:1755.23M (Peak 1833.19M) | Time:00:01.06 | Mem:0.00M, Peak:0.00M | Scene, ViewLayer | Synchronizing object | daoxiangcun_creamflower.001
Fra:1 Mem:1755.40M (Peak 1833.19M) | Time:00:01.06 | Mem:0.00M, Peak:0.00M | Scene, ViewLayer | Synchronizing object | ouxiangxie_wood.001
Fra:1 Mem:1758.98M (Peak 1833.19M) | Time:00:01.06 | Mem:0.00M, Peak:0.00M | Scene, ViewLayer | Synchronizing object | ouxiangxie_stone.001
Fra:1 Mem:1759.32M (Peak 1833.19M) | Time:00:01.06 | Mem:0.00M, Peak:0.00M | Scene, ViewLayer | Synchronizing object | ouxiangxie_screen
Fra:1 Mem:1761.74M (Peak 1833.19M) | Time:00:01.06 | Mem:0.00M, Peak:0.00M | Scene, ViewLayer | Synchronizing object | ouxiangxie_latticewood.001
Fra:1 Mem:1762.08M (Peak 1833.19M) | Time:00:01.06 | Mem:0.00M, Peak:0.00M | Scene, ViewLayer | Synchronizing object | ouxiangxie_roof.001
Fra:1 Mem:1763.17M (Peak 1833.19M) | Time:00:01.06 | Mem:0.00M, Peak:0.00M | Scene, ViewLayer | Synchronizing object | ouxiangxie_tilelight.001
Fra:1 Mem:1763.20M (Peak 1833.19M) | Time:00:01.06 | Mem:0.00M, Peak:0.00M | Scene, ViewLayer | Synchronizing object | ouxiangxie_tile.001
Fra:1 Mem:1764.00M (Peak 1833.19M) | Time:00:01.06 | Mem:0.00M, Peak:0.00M | Scene, ViewLayer | Synchronizing object | ouxiangxie_tiledark.001
Fra:1 Mem:1764.08M (Peak 1833.19M) | Time:00:01.06 | Mem:0.00M, Peak:0.00M | Scene, ViewLayer | Synchronizing object | ouxiangxie_darkwood.001
Fra:1 Mem:1767.54M (Peak 1833.19M) | Time:00:01.06 | Mem:0.00M, Peak:0.00M | Scene, ViewLayer | Synchronizing object | ouxiangxie_furniture
Fra:1 Mem:1769.15M (Peak 1833.19M) | Time:00:01.06 | Mem:0.00M, Peak:0.00M | Scene, ViewLayer | Synchronizing object | ouxiangxie_paper
Fra:1 Mem:1770.07M (Peak 1833.19M) | Time:00:01.06 | Mem:0.00M, Peak:0.00M | Scene, ViewLayer | Synchronizing object | ouxiangxie_bookcloth.001
Fra:1 Mem:1769.79M (Peak 1833.19M) | Time:00:01.06 | Mem:0.00M, Peak:0.00M | Scene, ViewLayer | Synchronizing object | ouxiangxie_ivory.001
Fra:1 Mem:1769.92M (Peak 1833.19M) | Time:00:01.06 | Mem:0.00M, Peak:0.00M | Scene, ViewLayer | Synchronizing object | ouxiangxie_ink.001
Fra:1 Mem:1770.77M (Peak 1833.19M) | Time:00:01.06 | Mem:0.00M, Peak:0.00M | Scene, ViewLayer | Synchronizing object | ouxiangxie_bookcover.001
Fra:1 Mem:1770.78M (Peak 1833.19M) | Time:00:01.07 | Mem:0.00M, Peak:0.00M | Scene, ViewLayer | Synchronizing object | ouxiangxie_ceramic.001
Fra:1 Mem:1770.78M (Peak 1833.19M) | Time:00:01.07 | Mem:0.00M, Peak:0.00M | Scene, ViewLayer | Synchronizing object | ouxiangxie_bamboo.001
Fra:1 Mem:1770.80M (Peak 1833.19M) | Time:00:01.07 | Mem:0.00M, Peak:0.00M | Scene, ViewLayer | Synchronizing object | ouxiangxie_gold.001
Fra:1 Mem:1770.82M (Peak 1833.19M) | Time:00:01.07 | Mem:0.00M, Peak:0.00M | Scene, ViewLayer | Synchronizing object | dicuiting_stone.001
Fra:1 Mem:1770.82M (Peak 1833.19M) | Time:00:01.07 | Mem:0.00M, Peak:0.00M | Scene, ViewLayer | Synchronizing object | dicuiting_darkwood
Fra:1 Mem:1770.89M (Peak 1833.19M) | Time:00:01.07 | Mem:0.00M, Peak:0.00M | Scene, ViewLayer | Synchronizing object | dicuiting_lantern
Fra:1 Mem:1770.89M (Peak 1833.19M) | Time:00:01.07 | Mem:0.00M, Peak:0.00M | Scene, ViewLayer | Synchronizing object | dicuiting_gold
Fra:1 Mem:1772.56M (Peak 1833.19M) | Time:00:01.07 | Mem:0.00M, Peak:0.00M | Scene, ViewLayer | Synchronizing object | dicuiting_roof.001
Fra:1 Mem:1772.58M (Peak 1833.19M) | Time:00:01.07 | Mem:0.00M, Peak:0.00M | Scene, ViewLayer | Synchronizing object | dicuiting_tilelight
Fra:1 Mem:1772.63M (Peak 1833.19M) | Time:00:01.07 | Mem:0.00M, Peak:0.00M | Scene, ViewLayer | Synchronizing object | dicuiting_tile.001
Fra:1 Mem:1772.84M (Peak 1833.19M) | Time:00:01.07 | Mem:0.00M, Peak:0.00M | Scene, ViewLayer | Synchronizing object | dicuiting_tiledark
Fra:1 Mem:1772.84M (Peak 1833.19M) | Time:00:01.07 | Mem:0.00M, Peak:0.00M | Scene, ViewLayer | Synchronizing object | luxuean_stone.001
Fra:1 Mem:1772.92M (Peak 1833.19M) | Time:00:01.07 | Mem:0.00M, Peak:0.00M | Scene, ViewLayer | Synchronizing object | luxuean_paving.001
Fra:1 Mem:1773.49M (Peak 1833.19M) | Time:00:01.07 | Mem:0.00M, Peak:0.00M | Scene, ViewLayer | Synchronizing object | luxuean_clay.001
Fra:1 Mem:1773.15M (Peak 1833.19M) | Time:00:01.07 | Mem:0.00M, Peak:0.00M | Scene, ViewLayer | Synchronizing object | luxuean_wood.001
Fra:1 Mem:1773.73M (Peak 1833.19M) | Time:00:01.07 | Mem:0.00M, Peak:0.00M | Scene, ViewLayer | Synchronizing object | luxuean_thatch.001
Fra:1 Mem:1773.75M (Peak 1833.19M) | Time:00:01.07 | Mem:0.00M, Peak:0.00M | Scene, ViewLayer | Synchronizing object | luxuean_bamboo.001
Fra:1 Mem:1774.04M (Peak 1833.19M) | Time:00:01.07 | Mem:0.00M, Peak:0.00M | Scene, ViewLayer | Synchronizing object | luxuean_lightleaf.001
Fra:1 Mem:1774.25M (Peak 1833.19M) | Time:00:01.07 | Mem:0.00M, Peak:0.00M | Scene, ViewLayer | Synchronizing object | tubishanzhuang_stone.001
Fra:1 Mem:1774.92M (Peak 1833.19M) | Time:00:01.07 | Mem:0.00M, Peak:0.00M | Scene, ViewLayer | Synchronizing object | tubishanzhuang_cutstone
Fra:1 Mem:1774.98M (Peak 1833.19M) | Time:00:01.07 | Mem:0.00M, Peak:0.00M | Scene, ViewLayer | Synchronizing object | tubishanzhuang_darkwood.001
Fra:1 Mem:1775.41M (Peak 1833.19M) | Time:00:01.07 | Mem:0.00M, Peak:0.00M | Scene, ViewLayer | Synchronizing object | tubishanzhuang_floorwood
Fra:1 Mem:1775.91M (Peak 1833.19M) | Time:00:01.07 | Mem:0.00M, Peak:0.00M | Scene, ViewLayer | Synchronizing object | tubishanzhuang_wood.001
Fra:1 Mem:1776.47M (Peak 1833.19M) | Time:00:01.07 | Mem:0.00M, Peak:0.00M | Scene, ViewLayer | Synchronizing object | tubishanzhuang_furniture
Fra:1 Mem:1777.55M (Peak 1833.19M) | Time:00:01.07 | Mem:0.00M, Peak:0.00M | Scene, ViewLayer | Synchronizing object | tubishanzhuang_latticewood.001
Fra:1 Mem:1778.43M (Peak 1833.19M) | Time:00:01.07 | Mem:0.00M, Peak:0.00M | Scene, ViewLayer | Synchronizing object | tubishanzhuang_screen
Fra:1 Mem:1778.55M (Peak 1833.19M) | Time:00:01.07 | Mem:0.00M, Peak:0.00M | Scene, ViewLayer | Synchronizing object | tubishanzhuang_roof.001
Fra:1 Mem:1779.65M (Peak 1833.19M) | Time:00:01.07 | Mem:0.00M, Peak:0.00M | Scene, ViewLayer | Synchronizing object | tubishanzhuang_tilelight.001
Fra:1 Mem:1779.70M (Peak 1833.19M) | Time:00:01.07 | Mem:0.00M, Peak:0.00M | Scene, ViewLayer | Synchronizing object | tubishanzhuang_tile.001
Fra:1 Mem:1779.55M (Peak 1833.19M) | Time:00:01.07 | Mem:0.00M, Peak:0.00M | Scene, ViewLayer | Synchronizing object | tubishanzhuang_tiledark.001
Fra:1 Mem:1780.46M (Peak 1833.19M) | Time:00:01.07 | Mem:0.00M, Peak:0.00M | Scene, ViewLayer | Synchronizing object | tubishanzhuang_bark
Fra:1 Mem:1781.82M (Peak 1833.19M) | Time:00:01.07 | Mem:0.00M, Peak:0.00M | Scene, ViewLayer | Synchronizing object | tubishanzhuang_canopy_shadow
Fra:1 Mem:1781.87M (Peak 1833.19M) | Time:00:01.07 | Mem:0.00M, Peak:0.00M | Scene, ViewLayer | Synchronizing object | tubishanzhuang_canopy
Fra:1 Mem:1782.08M (Peak 1833.19M) | Time:00:01.07 | Mem:0.00M, Peak:0.00M | Scene, ViewLayer | Synchronizing object | tubishanzhuang_canopy_light
Fra:1 Mem:1783.70M (Peak 1833.19M) | Time:00:01.07 | Mem:0.00M, Peak:0.00M | Scene, ViewLayer | Synchronizing object | tubishanzhuang_paving.001
Fra:1 Mem:1783.77M (Peak 1833.19M) | Time:00:01.07 | Mem:0.00M, Peak:0.00M | Scene, ViewLayer | Synchronizing object | aojingxiguan_stone.001
Fra:1 Mem:1784.02M (Peak 1833.19M) | Time:00:01.07 | Mem:0.00M, Peak:0.00M | Scene, ViewLayer | Synchronizing object | aojingxiguan_cutstone
Fra:1 Mem:1784.52M (Peak 1833.19M) | Time:00:01.07 | Mem:0.00M, Peak:0.00M | Scene, ViewLayer | Synchronizing object | aojingxiguan_darkwood.001
Fra:1 Mem:1784.53M (Peak 1833.19M) | Time:00:01.07 | Mem:0.00M, Peak:0.00M | Scene, ViewLayer | Synchronizing object | aojingxiguan_floorwood
Fra:1 Mem:1785.24M (Peak 1833.19M) | Time:00:01.07 | Mem:0.00M, Peak:0.00M | Scene, ViewLayer | Synchronizing object | aojingxiguan_wood.001
Fra:1 Mem:1785.38M (Peak 1833.19M) | Time:00:01.07 | Mem:0.00M, Peak:0.00M | Scene, ViewLayer | Synchronizing object | aojingxiguan_furniture
Fra:1 Mem:1785.93M (Peak 1833.19M) | Time:00:01.07 | Mem:0.00M, Peak:0.00M | Scene, ViewLayer | Synchronizing object | aojingxiguan_latticewood.001
Fra:1 Mem:1785.94M (Peak 1833.19M) | Time:00:01.07 | Mem:0.00M, Peak:0.00M | Scene, ViewLayer | Synchronizing object | aojingxiguan_screen
Fra:1 Mem:1787.16M (Peak 1833.19M) | Time:00:01.07 | Mem:0.00M, Peak:0.00M | Scene, ViewLayer | Synchronizing object | aojingxiguan_roof.001
Fra:1 Mem:1787.33M (Peak 1833.19M) | Time:00:01.07 | Mem:0.00M, Peak:0.00M | Scene, ViewLayer | Synchronizing object | aojingxiguan_tilelight.001
Fra:1 Mem:1787.42M (Peak 1833.19M) | Time:00:01.07 | Mem:0.00M, Peak:0.00M | Scene, ViewLayer | Synchronizing object | aojingxiguan_tile.001
Fra:1 Mem:1790.57M (Peak 1833.19M) | Time:00:01.07 | Mem:0.00M, Peak:0.00M | Scene, ViewLayer | Synchronizing object | aojingxiguan_tiledark.001
Fra:1 Mem:1790.07M (Peak 1833.19M) | Time:00:01.07 | Mem:0.00M, Peak:0.00M | Scene, ViewLayer | Synchronizing object | aojingxiguan_bark
Fra:1 Mem:1790.11M (Peak 1833.19M) | Time:00:01.07 | Mem:0.00M, Peak:0.00M | Scene, ViewLayer | Synchronizing object | aojingxiguan_canopy_shadow
Fra:1 Mem:1790.24M (Peak 1833.19M) | Time:00:01.07 | Mem:0.00M, Peak:0.00M | Scene, ViewLayer | Synchronizing object | aojingxiguan_canopy
Fra:1 Mem:1790.26M (Peak 1833.19M) | Time:00:01.07 | Mem:0.00M, Peak:0.00M | Scene, ViewLayer | Synchronizing object | aojingxiguan_canopy_light
Fra:1 Mem:1792.73M (Peak 1833.19M) | Time:00:01.07 | Mem:0.00M, Peak:0.00M | Scene, ViewLayer | Synchronizing object | aojingxiguan_paving.001
Fra:1 Mem:1793.59M (Peak 1833.19M) | Time:00:01.07 | Mem:0.00M, Peak:0.00M | Scene, ViewLayer | Synchronizing object | daguanlou_stone
Fra:1 Mem:1793.79M (Peak 1833.19M) | Time:00:01.07 | Mem:0.00M, Peak:0.00M | Scene, ViewLayer | Synchronizing object | daguanlou_cutstone
Fra:1 Mem:1795.93M (Peak 1833.19M) | Time:00:01.07 | Mem:0.00M, Peak:0.00M | Scene, ViewLayer | Synchronizing object | daguanlou_darkwood
Fra:1 Mem:1796.97M (Peak 1833.19M) | Time:00:01.07 | Mem:0.00M, Peak:0.00M | Scene, ViewLayer | Synchronizing object | daguanlou_floorwood
Fra:1 Mem:1797.55M (Peak 1833.19M) | Time:00:01.07 | Mem:0.00M, Peak:0.00M | Scene, ViewLayer | Synchronizing object | daguanlou_wood
Fra:1 Mem:1805.24M (Peak 1833.19M) | Time:00:01.07 | Mem:0.00M, Peak:0.00M | Scene, ViewLayer | Synchronizing object | daguanlou_furniture
Fra:1 Mem:1808.95M (Peak 1833.19M) | Time:00:01.07 | Mem:0.00M, Peak:0.00M | Scene, ViewLayer | Synchronizing object | daguanlou_latticewood.001
Fra:1 Mem:1811.12M (Peak 1833.19M) | Time:00:01.07 | Mem:0.00M, Peak:0.00M | Scene, ViewLayer | Synchronizing object | daguanlou_screen
Fra:1 Mem:1813.45M (Peak 1833.19M) | Time:00:01.08 | Mem:0.00M, Peak:0.00M | Scene, ViewLayer | Synchronizing object | daguanlou_roof
Fra:1 Mem:1818.37M (Peak 1833.19M) | Time:00:01.08 | Mem:0.00M, Peak:0.00M | Scene, ViewLayer | Synchronizing object | daguanlou_tilelight
Fra:1 Mem:1819.55M (Peak 1833.19M) | Time:00:01.08 | Mem:0.00M, Peak:0.00M | Scene, ViewLayer | Synchronizing object | daguanlou_tile
Fra:1 Mem:1819.55M (Peak 1833.19M) | Time:00:01.08 | Mem:0.00M, Peak:0.00M | Scene, ViewLayer | Synchronizing object | daguanlou_tiledark
Fra:1 Mem:1833.00M (Peak 1833.19M) | Time:00:01.08 | Mem:0.00M, Peak:0.00M | Scene, ViewLayer | Synchronizing object | daguanlou_lantern
Fra:1 Mem:1837.44M (Peak 1837.44M) | Time:00:01.08 | Mem:0.00M, Peak:0.00M | Scene, ViewLayer | Synchronizing object | daguanlou_gold
Fra:1 Mem:1862.36M (Peak 1862.36M) | Time:00:01.08 | Mem:0.00M, Peak:0.00M | Scene, ViewLayer | Synchronizing object | daguanlou_paving
Fra:1 Mem:1862.44M (Peak 1862.44M) | Time:00:01.08 | Mem:0.00M, Peak:0.00M | Scene, ViewLayer | Synchronizing object | daguanlou_courtbase
Fra:1 Mem:1862.51M (Peak 1862.51M) | Time:00:01.08 | Mem:0.00M, Peak:0.00M | Scene, ViewLayer | Synchronizing object | daguanlou_paper
Fra:1 Mem:1862.57M (Peak 1862.57M) | Time:00:01.08 | Mem:0.00M, Peak:0.00M | Scene, ViewLayer | Synchronizing object | daguanlou_bookcloth.001
Fra:1 Mem:1863.47M (Peak 1863.47M) | Time:00:01.08 | Mem:0.00M, Peak:0.00M | Scene, ViewLayer | Synchronizing object | daguanlou_ivory.001
Fra:1 Mem:1863.49M (Peak 1863.49M) | Time:00:01.08 | Mem:0.00M, Peak:0.00M | Scene, ViewLayer | Synchronizing object | daguanlou_ink.001
Fra:1 Mem:1864.45M (Peak 1864.45M) | Time:00:01.08 | Mem:0.00M, Peak:0.00M | Scene, ViewLayer | Synchronizing object | daguanlou_bookcover.001
Fra:1 Mem:1864.45M (Peak 1864.45M) | Time:00:01.08 | Mem:0.00M, Peak:0.00M | Scene, ViewLayer | Synchronizing object | daguanlou_ceramic
Fra:1 Mem:1864.45M (Peak 1864.45M) | Time:00:01.08 | Mem:0.00M, Peak:0.00M | Scene, ViewLayer | Synchronizing object | daguanlou_plaster
Fra:1 Mem:1866.85M (Peak 1866.85M) | Time:00:01.08 | Mem:0.00M, Peak:0.00M | Scene, ViewLayer | Synchronizing object | daguanlou_canopy_shadow
Fra:1 Mem:1866.87M (Peak 1866.87M) | Time:00:01.08 | Mem:0.00M, Peak:0.00M | Scene, ViewLayer | Synchronizing object | daguanlou_canopy
Fra:1 Mem:1867.63M (Peak 1867.63M) | Time:00:01.08 | Mem:0.00M, Peak:0.00M | Scene, ViewLayer | Synchronizing object | daguanlou_canopy_light
Fra:1 Mem:1873.18M (Peak 1873.18M) | Time:00:01.09 | Mem:0.00M, Peak:0.00M | Scene, ViewLayer | Synchronizing object | daguanlou_limestone.001
Fra:1 Mem:1875.09M (Peak 1875.09M) | Time:00:01.09 | Mem:0.00M, Peak:0.00M | Scene, ViewLayer | Synchronizing object | daguanlou_ground_bamboo
Fra:1 Mem:1875.54M (Peak 1875.54M) | Time:00:01.09 | Mem:0.00M, Peak:0.00M | Scene, ViewLayer | Synchronizing object | daguanlou_ground_botanical_bamboo
Fra:1 Mem:1883.19M (Peak 1883.19M) | Time:00:01.09 | Mem:0.00M, Peak:0.00M | Scene, ViewLayer | Synchronizing object | daguanlou_ground_botanical_litter
Fra:1 Mem:1911.44M (Peak 1911.44M) | Time:00:01.09 | Mem:0.00M, Peak:0.00M | Scene, ViewLayer | Synchronizing object | longcuian_stone
Fra:1 Mem:1913.71M (Peak 1913.71M) | Time:00:01.09 | Mem:0.00M, Peak:0.00M | Scene, ViewLayer | Synchronizing object | longcuian_cutstone
Fra:1 Mem:1913.99M (Peak 1913.99M) | Time:00:01.09 | Mem:0.00M, Peak:0.00M | Scene, ViewLayer | Synchronizing object | longcuian_darkwood
Fra:1 Mem:1914.29M (Peak 1914.29M) | Time:00:01.09 | Mem:0.00M, Peak:0.00M | Scene, ViewLayer | Synchronizing object | longcuian_floorwood
Fra:1 Mem:1914.66M (Peak 1914.66M) | Time:00:01.09 | Mem:0.00M, Peak:0.00M | Scene, ViewLayer | Synchronizing object | longcuian_wood
Fra:1 Mem:1917.96M (Peak 1917.96M) | Time:00:01.09 | Mem:0.00M, Peak:0.00M | Scene, ViewLayer | Synchronizing object | longcuian_plaster
Fra:1 Mem:1923.22M (Peak 1923.22M) | Time:00:01.09 | Mem:0.00M, Peak:0.00M | Scene, ViewLayer | Synchronizing object | longcuian_latticewood.001
Fra:1 Mem:1924.03M (Peak 1924.03M) | Time:00:01.10 | Mem:0.00M, Peak:0.00M | Scene, ViewLayer | Synchronizing object | longcuian_roof
Fra:1 Mem:1924.01M (Peak 1924.03M) | Time:00:01.10 | Mem:0.00M, Peak:0.00M | Scene, ViewLayer | Synchronizing object | longcuian_tilelight
Fra:1 Mem:1924.95M (Peak 1924.95M) | Time:00:01.10 | Mem:0.00M, Peak:0.00M | Scene, ViewLayer | Synchronizing object | longcuian_tile
Fra:1 Mem:1926.20M (Peak 1926.20M) | Time:00:01.10 | Mem:0.00M, Peak:0.00M | Scene, ViewLayer | Synchronizing object | longcuian_tiledark
Fra:1 Mem:1946.89M (Peak 1946.89M) | Time:00:01.10 | Mem:0.00M, Peak:0.00M | Scene, ViewLayer | Synchronizing object | longcuian_paving
Fra:1 Mem:1947.21M (Peak 1947.21M) | Time:00:01.10 | Mem:0.00M, Peak:0.00M | Scene, ViewLayer | Synchronizing object | longcuian_furniture
Fra:1 Mem:1953.03M (Peak 1954.24M) | Time:00:01.10 | Mem:0.00M, Peak:0.00M | Scene, ViewLayer | Synchronizing object | longcuian_paper
Fra:1 Mem:1953.05M (Peak 1954.24M) | Time:00:01.10 | Mem:0.00M, Peak:0.00M | Scene, ViewLayer | Synchronizing object | longcuian_ivory.001
Fra:1 Mem:1953.94M (Peak 1954.24M) | Time:00:01.10 | Mem:0.00M, Peak:0.00M | Scene, ViewLayer | Synchronizing object | longcuian_ink.001
Fra:1 Mem:1953.94M (Peak 1954.24M) | Time:00:01.10 | Mem:0.00M, Peak:0.00M | Scene, ViewLayer | Synchronizing object | longcuian_bookcover.001
Fra:1 Mem:1956.37M (Peak 1956.37M) | Time:00:01.10 | Mem:0.00M, Peak:0.00M | Scene, ViewLayer | Synchronizing object | longcuian_ceramic
Fra:1 Mem:1956.39M (Peak 1956.39M) | Time:00:01.10 | Mem:0.00M, Peak:0.00M | Scene, ViewLayer | Synchronizing object | longcuian_bamboo.001
Fra:1 Mem:1956.41M (Peak 1956.41M) | Time:00:01.10 | Mem:0.00M, Peak:0.00M | Scene, ViewLayer | Synchronizing object | longcuian_gold.001
Fra:1 Mem:1954.50M (Peak 1956.41M) | Time:00:01.10 | Mem:0.00M, Peak:0.00M | Scene, ViewLayer | Synchronizing object | longcuian_courtbase
Fra:1 Mem:1957.19M (Peak 1957.19M) | Time:00:01.11 | Mem:0.00M, Peak:0.00M | Scene, ViewLayer | Synchronizing object | longcuian_bark
Fra:1 Mem:1959.19M (Peak 1959.19M) | Time:00:01.11 | Mem:0.00M, Peak:0.00M | Scene, ViewLayer | Synchronizing object | longcuian_flower
Fra:1 Mem:1958.42M (Peak 1959.19M) | Time:00:01.11 | Mem:0.00M, Peak:0.00M | Scene, ViewLayer | Synchronizing object | longcuian_leafdark
Fra:1 Mem:1967.39M (Peak 1967.39M) | Time:00:01.11 | Mem:0.00M, Peak:0.00M | Scene, ViewLayer | Synchronizing object | longcuian_canopy_shadow
Fra:1 Mem:1967.46M (Peak 1967.46M) | Time:00:01.11 | Mem:0.00M, Peak:0.00M | Scene, ViewLayer | Synchronizing object | longcuian_canopy
Fra:1 Mem:1975.39M (Peak 1975.39M) | Time:00:01.11 | Mem:0.00M, Peak:0.00M | Scene, ViewLayer | Synchronizing object | longcuian_canopy_light
Fra:1 Mem:1975.61M (Peak 1975.61M) | Time:00:01.11 | Mem:0.00M, Peak:0.00M | Scene, ViewLayer | Synchronizing object | nuanxiangwu_stone
Fra:1 Mem:1975.70M (Peak 1975.70M) | Time:00:01.11 | Mem:0.00M, Peak:0.00M | Scene, ViewLayer | Synchronizing object | nuanxiangwu_cutstone
Fra:1 Mem:1975.73M (Peak 1975.73M) | Time:00:01.11 | Mem:0.00M, Peak:0.00M | Scene, ViewLayer | Synchronizing object | nuanxiangwu_darkwood
Fra:1 Mem:1976.66M (Peak 1976.66M) | Time:00:01.11 | Mem:0.00M, Peak:0.00M | Scene, ViewLayer | Synchronizing object | nuanxiangwu_floorwood
Fra:1 Mem:1977.19M (Peak 1977.19M) | Time:00:01.12 | Mem:0.00M, Peak:0.00M | Scene, ViewLayer | Synchronizing object | nuanxiangwu_wood
Fra:1 Mem:1976.04M (Peak 1981.67M) | Time:00:01.12 | Mem:0.00M, Peak:0.00M | Scene, ViewLayer | Synchronizing object | nuanxiangwu_furniture
Fra:1 Mem:1976.04M (Peak 1981.67M) | Time:00:01.12 | Mem:0.00M, Peak:0.00M | Scene, ViewLayer | Synchronizing object | nuanxiangwu_latticewood.001
Fra:1 Mem:1976.85M (Peak 1981.67M) | Time:00:01.12 | Mem:0.00M, Peak:0.00M | Scene, ViewLayer | Synchronizing object | nuanxiangwu_screen
Fra:1 Mem:1977.60M (Peak 1981.67M) | Time:00:01.12 | Mem:0.00M, Peak:0.00M | Scene, ViewLayer | Synchronizing object | nuanxiangwu_roof
Fra:1 Mem:1977.22M (Peak 1981.67M) | Time:00:01.12 | Mem:0.00M, Peak:0.00M | Scene, ViewLayer | Synchronizing object | nuanxiangwu_tile
Fra:1 Mem:1977.22M (Peak 1981.67M) | Time:00:01.12 | Mem:0.00M, Peak:0.00M | Scene, ViewLayer | Synchronizing object | nuanxiangwu_tilelight
Fra:1 Mem:1978.47M (Peak 1981.67M) | Time:00:01.12 | Mem:0.00M, Peak:0.00M | Scene, ViewLayer | Synchronizing object | nuanxiangwu_tiledark
Fra:1 Mem:1978.68M (Peak 1981.67M) | Time:00:01.12 | Mem:0.00M, Peak:0.00M | Scene, ViewLayer | Synchronizing object | nuanxiangwu_paving
Fra:1 Mem:1980.26M (Peak 1981.67M) | Time:00:01.12 | Mem:0.00M, Peak:0.00M | Scene, ViewLayer | Synchronizing object | nuanxiangwu_paper
Fra:1 Mem:1981.25M (Peak 1981.67M) | Time:00:01.12 | Mem:0.00M, Peak:0.00M | Scene, ViewLayer | Synchronizing object | nuanxiangwu_bookcloth.001
Fra:1 Mem:1981.26M (Peak 1981.67M) | Time:00:01.12 | Mem:0.00M, Peak:0.00M | Scene, ViewLayer | Synchronizing object | nuanxiangwu_ivory.001
Fra:1 Mem:1981.32M (Peak 1981.67M) | Time:00:01.12 | Mem:0.00M, Peak:0.00M | Scene, ViewLayer | Synchronizing object | nuanxiangwu_ink.001
Fra:1 Mem:1981.48M (Peak 1981.67M) | Time:00:01.12 | Mem:0.00M, Peak:0.00M | Scene, ViewLayer | Synchronizing object | nuanxiangwu_bookcover.001
Fra:1 Mem:1982.07M (Peak 1982.07M) | Time:00:01.12 | Mem:0.00M, Peak:0.00M | Scene, ViewLayer | Synchronizing object | nuanxiangwu_ceramic
Fra:1 Mem:1982.07M (Peak 1982.07M) | Time:00:01.12 | Mem:0.00M, Peak:0.00M | Scene, ViewLayer | Synchronizing object | nuanxiangwu_bamboo.001
Fra:1 Mem:1982.45M (Peak 1982.45M) | Time:00:01.12 | Mem:0.00M, Peak:0.00M | Scene, ViewLayer | Synchronizing object | nuanxiangwu_gold.001
Fra:1 Mem:1982.46M (Peak 1982.46M) | Time:00:01.12 | Mem:0.00M, Peak:0.00M | Scene, ViewLayer | Synchronizing object | nuanxiangwu_silk
Fra:1 Mem:1982.47M (Peak 1982.47M) | Time:00:01.12 | Mem:0.00M, Peak:0.00M | Scene, ViewLayer | Synchronizing object | nuanxiangwu_bark
Fra:1 Mem:1983.05M (Peak 1983.05M) | Time:00:01.12 | Mem:0.00M, Peak:0.00M | Scene, ViewLayer | Synchronizing object | nuanxiangwu_creamflower
Fra:1 Mem:1985.18M (Peak 1985.29M) | Time:00:01.12 | Mem:0.00M, Peak:0.00M | Scene, ViewLayer | Synchronizing object | nuanxiangwu_leafdark
Fra:1 Mem:1986.80M (Peak 1986.80M) | Time:00:01.12 | Mem:0.00M, Peak:0.00M | Scene, ViewLayer | Synchronizing object | nuanxiangwu_courtbase
Fra:1 Mem:1986.98M (Peak 1986.98M) | Time:00:01.12 | Mem:0.00M, Peak:0.00M | Scene, ViewLayer | Synchronizing object | landscape_earth.001
Fra:1 Mem:1986.98M (Peak 1986.98M) | Time:00:01.12 | Mem:0.00M, Peak:0.00M | Scene, ViewLayer | Synchronizing object | landscape_bankstone
Fra:1 Mem:1988.11M (Peak 1988.11M) | Time:00:01.12 | Mem:0.00M, Peak:0.00M | Scene, ViewLayer | Synchronizing object | landscape_limestone.001
Fra:1 Mem:1998.74M (Peak 1998.74M) | Time:00:01.12 | Mem:0.00M, Peak:0.00M | Scene, ViewLayer | Synchronizing object | landscape_bark
Fra:1 Mem:2017.92M (Peak 2017.92M) | Time:00:01.12 | Mem:0.00M, Peak:0.00M | Scene, ViewLayer | Synchronizing object | landscape_leaf
Fra:1 Mem:2030.49M (Peak 2030.49M) | Time:00:01.13 | Mem:0.00M, Peak:0.00M | Scene, ViewLayer | Synchronizing object | landscape_bamboo.001
Fra:1 Mem:2031.60M (Peak 2031.60M) | Time:00:01.13 | Mem:0.00M, Peak:0.00M | Scene, ViewLayer | Synchronizing object | landscape_canopy_light
Fra:1 Mem:2048.42M (Peak 2049.35M) | Time:00:01.13 | Mem:0.00M, Peak:0.00M | Scene, ViewLayer | Synchronizing object | landscape_creamflower.001
Fra:1 Mem:2060.83M (Peak 2060.83M) | Time:00:01.13 | Mem:0.00M, Peak:0.00M | Scene, ViewLayer | Synchronizing object | landscape_leafdark
Fra:1 Mem:2082.45M (Peak 2089.59M) | Time:00:01.15 | Mem:0.00M, Peak:0.00M | Scene, ViewLayer | Synchronizing object | Reviewed_Lake_Surface
Fra:1 Mem:2082.47M (Peak 2089.59M) | Time:00:01.15 | Mem:0.00M, Peak:0.00M | Scene, ViewLayer | Synchronizing object | Evidence_Daylight
Fra:1 Mem:2082.47M (Peak 2089.59M) | Time:00:01.15 | Mem:0.00M, Peak:0.00M | Scene, ViewLayer | Synchronizing object | Understory_0001
Fra:1 Mem:2082.48M (Peak 2089.59M) | Time:00:01.15 | Mem:0.00M, Peak:0.00M | Scene, ViewLayer | Synchronizing object | landscape_flower.001
Fra:1 Mem:2093.53M (Peak 2093.53M) | Time:00:01.15 | Mem:0.00M, Peak:0.00M | Scene, ViewLayer | Synchronizing object | landscape_plaster
Fra:1 Mem:2095.08M (Peak 2095.08M) | Time:00:01.15 | Mem:0.00M, Peak:0.00M | Scene, ViewLayer | Synchronizing object | landscape_roof
Fra:1 Mem:2095.14M (Peak 2095.14M) | Time:00:01.15 | Mem:0.00M, Peak:0.00M | Scene, ViewLayer | Synchronizing object | landscape_stone.001
Fra:1 Mem:2099.16M (Peak 2099.16M) | Time:00:01.15 | Mem:0.00M, Peak:0.00M | Scene, ViewLayer | Synchronizing object | landscape_tile
Fra:1 Mem:2099.18M (Peak 2099.18M) | Time:00:01.15 | Mem:0.00M, Peak:0.00M | Scene, ViewLayer | Synchronizing object | landscape_paving
Fra:1 Mem:2104.56M (Peak 2104.56M) | Time:00:01.15 | Mem:0.00M, Peak:0.00M | Scene, ViewLayer | Synchronizing object | Understory_0000
Fra:1 Mem:2105.50M (Peak 2105.50M) | Time:00:01.15 | Mem:0.00M, Peak:0.00M | Scene, ViewLayer | Synchronizing object | Ground_Cover_0000
Fra:1 Mem:2105.55M (Peak 2105.55M) | Time:00:01.15 | Mem:0.00M, Peak:0.00M | Scene, ViewLayer | Synchronizing object | LivingTree_975
Fra:1 Mem:2120.86M (Peak 2121.51M) | Time:00:01.15 | Mem:0.00M, Peak:0.00M | Scene, ViewLayer | Synchronizing object | landscape_wood.001
Fra:1 Mem:2130.67M (Peak 2130.67M) | Time:00:01.15 | Mem:0.00M, Peak:0.00M | Scene, ViewLayer | Synchronizing object | landscape_tilelight
Fra:1 Mem:2139.48M (Peak 2139.48M) | Time:00:01.16 | Mem:0.00M, Peak:0.00M | Scene, ViewLayer | Synchronizing object | landscape_tiledark
Fra:1 Mem:2151.01M (Peak 2151.01M) | Time:00:01.16 | Mem:0.00M, Peak:0.00M | Scene, ViewLayer | Synchronizing object | landscape_darkwood
Fra:1 Mem:2144.44M (Peak 2154.44M) | Time:00:01.16 | Mem:0.00M, Peak:0.00M | Scene, ViewLayer | Synchronizing object | landscape_lantern
Fra:1 Mem:2147.39M (Peak 2154.44M) | Time:00:01.16 | Mem:0.00M, Peak:0.00M | Scene, ViewLayer | Synchronizing object | landscape_gold
Fra:1 Mem:2147.91M (Peak 2154.44M) | Time:00:01.16 | Mem:0.00M, Peak:0.00M | Scene, ViewLayer | Synchronizing object | landscape_lightleaf.001
Fra:1 Mem:2147.99M (Peak 2154.44M) | Time:00:01.16 | Mem:0.00M, Peak:0.00M | Scene, ViewLayer | Synchronizing object | shore_ground_bamboo
Fra:1 Mem:2149.42M (Peak 2154.44M) | Time:00:01.17 | Mem:0.00M, Peak:0.00M | Scene, ViewLayer | Synchronizing object | shore_ground_botanical_bamboo
Fra:1 Mem:2181.35M (Peak 2184.74M) | Time:00:01.18 | Mem:0.00M, Peak:0.00M | Scene, ViewLayer | Synchronizing object | LivingTree_000
Fra:1 Mem:2225.81M (Peak 2228.83M) | Time:00:01.18 | Mem:0.00M, Peak:0.00M | Scene, ViewLayer | Synchronizing object | LivingTree_005
Fra:1 Mem:2238.93M (Peak 2243.20M) | Time:00:01.19 | Mem:0.00M, Peak:0.00M | Scene, ViewLayer | Synchronizing object | LivingTree_102
Fra:1 Mem:2960.79M (Peak 3034.00M) | Time:00:01.59 | Mem:0.00M, Peak:0.00M | Scene, ViewLayer | Initializing
Fra:1 Mem:2859.25M (Peak 3034.00M) | Time:00:01.64 | Mem:0.00M, Peak:0.00M | Scene, ViewLayer | Updating Images | Loading fern_02_rgba.png.003
Fra:1 Mem:2859.25M (Peak 3034.00M) | Time:00:01.64 | Mem:0.00M, Peak:0.00M | Scene, ViewLayer | Updating Images | Loading r12_cutstone_diff.001
Fra:1 Mem:2859.25M (Peak 3034.00M) | Time:00:01.64 | Mem:0.00M, Peak:0.00M | Scene, ViewLayer | Updating Images | Loading r12_stone_diff.001
Fra:1 Mem:2859.25M (Peak 3034.00M) | Time:00:01.64 | Mem:0.00M, Peak:0.00M | Scene, ViewLayer | Updating Images | Loading r12_cutstone_nor_gl.001
Fra:1 Mem:2870.31M (Peak 3034.00M) | Time:00:01.71 | Mem:2.00M, Peak:2.00M | Scene, ViewLayer | Updating Images | Loading r12_darkwood_rough.001
Fra:1 Mem:2870.31M (Peak 3034.00M) | Time:00:01.71 | Mem:3.00M, Peak:3.00M | Scene, ViewLayer | Updating Images | Loading r12_floorwood_diff.001
Fra:1 Mem:2869.30M (Peak 3034.00M) | Time:00:01.71 | Mem:4.00M, Peak:4.00M | Scene, ViewLayer | Updating Images | Loading r12_floorwood_nor_gl.001
Fra:1 Mem:2868.29M (Peak 3034.00M) | Time:00:01.71 | Mem:5.00M, Peak:5.00M | Scene, ViewLayer | Updating Images | Loading grass_medium_01_nor_gl
Fra:1 Mem:2867.27M (Peak 3034.00M) | Time:00:01.71 | Mem:6.00M, Peak:6.00M | Scene, ViewLayer | Updating Images | Loading r12_floorwood_rough.001
Fra:1 Mem:2867.27M (Peak 3034.00M) | Time:00:01.71 | Mem:7.00M, Peak:7.00M | Scene, ViewLayer | Updating Images | Loading r12_wood_diff.001
Fra:1 Mem:2877.27M (Peak 3034.00M) | Time:00:01.71 | Mem:8.00M, Peak:8.00M | Scene, ViewLayer | Updating Images | Loading r12_wood_nor_gl.001
Fra:1 Mem:2880.29M (Peak 3034.00M) | Time:00:01.71 | Mem:9.00M, Peak:9.00M | Scene, ViewLayer | Updating Images | Loading r12_wood_rough.001
Fra:1 Mem:2881.30M (Peak 3034.00M) | Time:00:01.71 | Mem:10.00M, Peak:10.00M | Scene, ViewLayer | Updating Images | Loading r12_furniture_diff.001
Fra:1 Mem:2880.29M (Peak 3034.00M) | Time:00:01.71 | Mem:11.00M, Peak:11.00M | Scene, ViewLayer | Updating Images | Loading r12_furniture_nor_gl.001
Fra:1 Mem:2881.27M (Peak 3034.00M) | Time:00:01.71 | Mem:12.00M, Peak:12.00M | Scene, ViewLayer | Updating Images | Loading r12_furniture_rough.001
Fra:1 Mem:2881.27M (Peak 3034.00M) | Time:00:01.71 | Mem:13.00M, Peak:13.00M | Scene, ViewLayer | Updating Images | Loading r12_latticewood_diff.001
Fra:1 Mem:2883.27M (Peak 3034.00M) | Time:00:01.71 | Mem:14.00M, Peak:14.00M | Scene, ViewLayer | Updating Images | Loading r12_latticewood_nor_gl.001
Fra:1 Mem:2884.27M (Peak 3034.00M) | Time:00:01.71 | Mem:15.00M, Peak:15.00M | Scene, ViewLayer | Updating Images | Loading r12_latticewood_rough.001
Fra:1 Mem:2885.27M (Peak 3034.00M) | Time:00:01.72 | Mem:16.00M, Peak:16.00M | Scene, ViewLayer | Updating Images | Loading r12_roof_diff.001
Fra:1 Mem:2887.28M (Peak 3034.00M) | Time:00:01.72 | Mem:17.00M, Peak:17.00M | Scene, ViewLayer | Updating Images | Loading r12_roof_nor_gl.001
Fra:1 Mem:2886.27M (Peak 3034.00M) | Time:00:01.72 | Mem:18.00M, Peak:18.00M | Scene, ViewLayer | Updating Images | Loading r12_roof_rough.001
Fra:1 Mem:2888.27M (Peak 3034.00M) | Time:00:01.72 | Mem:19.00M, Peak:19.00M | Scene, ViewLayer | Updating Images | Loading r12_tilelight_diff.001
Fra:1 Mem:2889.27M (Peak 3034.00M) | Time:00:01.72 | Mem:20.00M, Peak:20.00M | Scene, ViewLayer | Updating Images | Loading r12_tilelight_nor_gl.001
Fra:1 Mem:2890.27M (Peak 3034.00M) | Time:00:01.72 | Mem:22.00M, Peak:22.00M | Scene, ViewLayer | Updating Images | Loading r12_tile_diff.001
Fra:1 Mem:2894.29M (Peak 3034.00M) | Time:00:01.72 | Mem:23.00M, Peak:23.00M | Scene, ViewLayer | Updating Images | Loading r12_tile_nor_gl.001
Fra:1 Mem:2893.28M (Peak 3034.00M) | Time:00:01.72 | Mem:24.00M, Peak:24.00M | Scene, ViewLayer | Updating Images | Loading r12_tile_rough.001
Fra:1 Mem:2894.27M (Peak 3034.00M) | Time:00:01.72 | Mem:25.00M, Peak:25.00M | Scene, ViewLayer | Updating Images | Loading r12_tiledark_diff.001
Fra:1 Mem:2895.27M (Peak 3034.00M) | Time:00:01.72 | Mem:26.00M, Peak:26.00M | Scene, ViewLayer | Updating Images | Loading r12_tiledark_nor_gl.001
Fra:1 Mem:2902.30M (Peak 3034.00M) | Time:00:01.72 | Mem:27.00M, Peak:27.00M | Scene, ViewLayer | Updating Images | Loading r12_tiledark_rough.001
Fra:1 Mem:2902.29M (Peak 3034.00M) | Time:00:01.72 | Mem:28.00M, Peak:28.00M | Scene, ViewLayer | Updating Images | Loading rock_moss_set_01_diff
Fra:1 Mem:2905.28M (Peak 3034.00M) | Time:00:01.72 | Mem:29.00M, Peak:29.00M | Scene, ViewLayer | Updating Images | Loading rock_moss_set_01_nor_gl
Fra:1 Mem:2907.29M (Peak 3034.00M) | Time:00:01.72 | Mem:33.00M, Peak:33.00M | Scene, ViewLayer | Updating Images | Loading grass_medium_01_rough
Fra:1 Mem:2910.28M (Peak 3034.00M) | Time:00:01.72 | Mem:34.00M, Peak:34.00M | Scene, ViewLayer | Updating Images | Loading r12_paving_diff.001
Fra:1 Mem:2910.27M (Peak 3034.00M) | Time:00:01.72 | Mem:35.00M, Peak:35.00M | Scene, ViewLayer | Updating Images | Loading r12_paving_nor_gl.001
Fra:1 Mem:2911.27M (Peak 3034.00M) | Time:00:01.72 | Mem:36.00M, Peak:36.00M | Scene, ViewLayer | Updating Images | Loading r12_paving_rough.001
Fra:1 Mem:2913.28M (Peak 3034.00M) | Time:00:01.73 | Mem:37.00M, Peak:37.00M | Scene, ViewLayer | Updating Images | Loading r12_gardenstone_diff
Fra:1 Mem:2913.27M (Peak 3034.00M) | Time:00:01.73 | Mem:38.00M, Peak:38.00M | Scene, ViewLayer | Updating Images | Loading r12_gardenstone_nor_gl
Fra:1 Mem:2915.28M (Peak 3034.00M) | Time:00:01.73 | Mem:39.00M, Peak:39.00M | Scene, ViewLayer | Updating Images | Loading r12_gardenstone_rough
Fra:1 Mem:2916.28M (Peak 3034.00M) | Time:00:01.73 | Mem:40.00M, Peak:40.00M | Scene, ViewLayer | Updating Images | Loading worn_mossy_plasterwall.jpg
Fra:1 Mem:2919.27M (Peak 3034.00M) | Time:00:01.73 | Mem:41.00M, Peak:41.00M | Scene, ViewLayer | Updating Images | Loading r12_bankstone_diff.001
Fra:1 Mem:2920.27M (Peak 3034.00M) | Time:00:01.73 | Mem:42.00M, Peak:42.00M | Scene, ViewLayer | Updating Images | Loading r12_bankstone_nor_gl.001
Fra:1 Mem:2930.30M (Peak 3034.00M) | Time:00:01.73 | Mem:43.00M, Peak:43.00M | Scene, ViewLayer | Updating Images | Loading r12_bankstone_rough.001
Fra:1 Mem:2929.29M (Peak 3034.00M) | Time:00:01.73 | Mem:44.00M, Peak:44.00M | Scene, ViewLayer | Updating Images | Loading petal.png
Fra:1 Mem:2930.35M (Peak 3034.00M) | Time:00:01.73 | Mem:44.06M, Peak:44.06M | Scene, ViewLayer | Updating Images | Loading bamboo.png
Fra:1 Mem:2926.47M (Peak 3034.00M) | Time:00:01.73 | Mem:48.06M, Peak:48.06M | Scene, ViewLayer | Updating Images | Loading stem.png
Fra:1 Mem:2922.46M (Peak 3034.00M) | Time:00:01.73 | Mem:52.06M, Peak:52.06M | Scene, ViewLayer | Updating Images | Loading banana.png
Fra:1 Mem:2923.59M (Peak 3034.00M) | Time:00:01.73 | Mem:52.19M, Peak:52.19M | Scene, ViewLayer | Updating Images | Loading litter.png
Fra:1 Mem:2923.15M (Peak 3034.00M) | Time:00:01.73 | Mem:53.19M, Peak:53.19M | Scene, ViewLayer | Updating Images | Loading r12_courtbase_diff.001
Fra:1 Mem:2929.17M (Peak 3034.00M) | Time:00:01.74 | Mem:53.38M, Peak:53.38M | Scene, ViewLayer | Updating Images | Loading r12_courtbase_nor_gl.001
Fra:1 Mem:2929.17M (Peak 3034.00M) | Time:00:01.74 | Mem:53.38M, Peak:53.38M | Scene, ViewLayer | Updating Images | Loading r12_courtbase_rough.001
Fra:1 Mem:2926.16M (Peak 3034.00M) | Time:00:01.74 | Mem:57.38M, Peak:57.38M | Scene, ViewLayer | Updating Images | Loading grass_medium_01_diff-grass_medium_01_alpha
Fra:1 Mem:2930.15M (Peak 3034.00M) | Time:00:01.74 | Mem:58.38M, Peak:58.38M | Scene, ViewLayer | Updating Images | Loading turf.png
Fra:1 Mem:2934.15M (Peak 3034.00M) | Time:00:01.74 | Mem:59.38M, Peak:59.38M | Scene, ViewLayer | Updating Images | Loading Master_Surface_Zones
Fra:1 Mem:2936.91M (Peak 3034.00M) | Time:00:01.74 | Mem:60.38M, Peak:60.38M | Scene, ViewLayer | Updating Images | Loading soil.jpg
Fra:1 Mem:2936.40M (Peak 3034.00M) | Time:00:01.74 | Mem:60.88M, Peak:60.88M | Scene, ViewLayer | Updating Images | Loading island_tree_02_diff
Fra:1 Mem:2941.41M (Peak 3034.00M) | Time:00:01.74 | Mem:61.88M, Peak:61.88M | Scene, ViewLayer | Updating Images | Loading island_tree_02_rough
Fra:1 Mem:2944.40M (Peak 3034.00M) | Time:00:01.74 | Mem:62.88M, Peak:62.88M | Scene, ViewLayer | Updating Images | Loading island_tree_02_nor_gl
Fra:1 Mem:2949.40M (Peak 3034.00M) | Time:00:01.74 | Mem:63.88M, Peak:63.88M | Scene, ViewLayer | Updating Images | Loading island_tree_02_leaves_diff-island_tree_02_leaves_alpha
Fra:1 Mem:2957.41M (Peak 3034.00M) | Time:00:01.75 | Mem:67.88M, Peak:67.88M | Scene, ViewLayer | Updating Images | Loading pine_sapling_small_twig_rgba.png.004
Fra:1 Mem:2953.65M (Peak 3034.00M) | Time:00:01.75 | Mem:71.88M, Peak:71.88M | Scene, ViewLayer | Updating Images | Loading island_tree_02_leaves_rough
Fra:1 Mem:2959.91M (Peak 3034.00M) | Time:00:01.75 | Mem:72.12M, Peak:72.12M | Scene, ViewLayer | Updating Images | Loading pine_sapling_small_twig_nor_gl
Fra:1 Mem:2961.65M (Peak 3034.00M) | Time:00:01.75 | Mem:74.38M, Peak:74.38M | Scene, ViewLayer | Updating Images | Loading island_tree_02_leaves_nor_gl
Fra:1 Mem:2973.67M (Peak 3034.00M) | Time:00:01.75 | Mem:78.38M, Peak:78.38M | Scene, ViewLayer | Updating Images | Loading island_tree_02_leaves_rgba.png.004
Fra:1 Mem:2969.91M (Peak 3034.00M) | Time:00:01.75 | Mem:82.38M, Peak:82.38M | Scene, ViewLayer | Updating Images | Loading island_tree_02_branches_diff
Fra:1 Mem:2969.90M (Peak 3034.00M) | Time:00:01.75 | Mem:86.38M, Peak:86.38M | Scene, ViewLayer | Updating Images | Loading island_tree_02_branches_rough
Fra:1 Mem:2977.91M (Peak 3034.00M) | Time:00:01.75 | Mem:86.62M, Peak:86.62M | Scene, ViewLayer | Updating Images | Loading island_tree_02_branches_nor_gl
Fra:1 Mem:2973.90M (Peak 3034.00M) | Time:00:01.75 | Mem:90.62M, Peak:90.62M | Scene, ViewLayer | Updating Images | Loading island_tree_01_diff
Fra:1 Mem:2981.90M (Peak 3034.00M) | Time:00:01.76 | Mem:94.62M, Peak:94.62M | Scene, ViewLayer | Updating Images | Loading island_tree_01_rough
Fra:1 Mem:2993.92M (Peak 3034.00M) | Time:00:01.76 | Mem:98.62M, Peak:98.62M | Scene, ViewLayer | Updating Images | Loading pine_sapling_small_twig_rough
Fra:1 Mem:2989.91M (Peak 3034.00M) | Time:00:01.76 | Mem:102.62M, Peak:102.62M | Scene, ViewLayer | Updating Images | Loading island_tree_01_nor_gl
Fra:1 Mem:2993.90M (Peak 3034.00M) | Time:00:01.76 | Mem:106.62M, Peak:106.62M | Scene, ViewLayer | Updating Images | Loading island_tree_01_leaves_diff-island_tree_01_leaves_alpha
Fra:1 Mem:2997.90M (Peak 3034.00M) | Time:00:01.76 | Mem:110.62M, Peak:110.62M | Scene, ViewLayer | Updating Images | Loading island_tree_01_leaves_rough
Fra:1 Mem:3005.91M (Peak 3034.00M) | Time:00:01.77 | Mem:114.62M, Peak:114.62M | Scene, ViewLayer | Updating Images | Loading island_tree_01_leaves_nor_gl
Fra:1 Mem:3005.90M (Peak 3034.00M) | Time:00:01.77 | Mem:118.62M, Peak:118.62M | Scene, ViewLayer | Updating Images | Loading island_tree_01_leaves_rgba.png.009
Fra:1 Mem:3006.15M (Peak 3034.00M) | Time:00:01.77 | Mem:118.88M, Peak:118.88M | Scene, ViewLayer | Updating Images | Loading island_tree_01_branches_diff
Fra:1 Mem:3022.18M (Peak 3034.00M) | Time:00:01.77 | Mem:122.88M, Peak:122.88M | Scene, ViewLayer | Updating Images | Loading island_tree_01_branches_rough
Fra:1 Mem:3022.17M (Peak 3034.00M) | Time:00:01.77 | Mem:126.88M, Peak:126.88M | Scene, ViewLayer | Updating Images | Loading pine_sapling_small_twig_diff
Fra:1 Mem:3022.16M (Peak 3034.00M) | Time:00:01.77 | Mem:130.88M, Peak:130.88M | Scene, ViewLayer | Updating Images | Loading island_tree_01_branches_nor_gl
Fra:1 Mem:3022.15M (Peak 3034.00M) | Time:00:01.77 | Mem:134.88M, Peak:134.88M | Scene, ViewLayer | Updating Images | Loading island_tree_01_leaves_rgba.png.008
Fra:1 Mem:3026.41M (Peak 3034.00M) | Time:00:01.77 | Mem:135.12M, Peak:135.12M | Scene, ViewLayer | Updating Images | Loading pine_sapling_small_bark_diff
Fra:1 Mem:3026.40M (Peak 3034.00M) | Time:00:01.78 | Mem:139.12M, Peak:139.12M | Scene, ViewLayer | Updating Images | Loading pine_sapling_small_bark_rough
Fra:1 Mem:3030.40M (Peak 3034.41M) | Time:00:01.78 | Mem:143.12M, Peak:143.12M | Scene, ViewLayer | Updating Images | Loading pine_sapling_small_bark_nor_gl
Fra:1 Mem:2810.74M (Peak 3038.41M) | Time:00:01.85 | Mem:175.12M, Peak:175.12M | Scene, ViewLayer | Waiting for render to start
Fra:1 Mem:2810.74M (Peak 3038.41M) | Time:00:01.85 | Mem:175.12M, Peak:175.12M | Scene, ViewLayer | Updating Scene
Fra:1 Mem:2810.74M (Peak 3038.41M) | Time:00:01.85 | Mem:175.12M, Peak:175.12M | Scene, ViewLayer | Updating Shaders
Fra:1 Mem:2810.74M (Peak 3038.41M) | Time:00:01.85 | Mem:175.12M, Peak:175.12M | Scene, ViewLayer | Loading render kernels (may take a few minutes the first time)
Fra:1 Mem:2810.87M (Peak 3038.41M) | Time:00:01.85 | Mem:175.17M, Peak:175.17M | Scene, ViewLayer | Updating Procedurals
Fra:1 Mem:2810.87M (Peak 3038.41M) | Time:00:01.85 | Mem:175.17M, Peak:175.17M | Scene, ViewLayer | Updating Background
Fra:1 Mem:2810.87M (Peak 3038.41M) | Time:00:01.85 | Mem:175.17M, Peak:175.17M | Scene, ViewLayer | Updating Camera
Fra:1 Mem:2810.87M (Peak 3038.41M) | Time:00:01.85 | Mem:175.17M, Peak:175.17M | Scene, ViewLayer | Updating Meshes Flags
Fra:1 Mem:2810.87M (Peak 3038.41M) | Time:00:01.85 | Mem:175.17M, Peak:175.17M | Scene, ViewLayer | Updating Objects
Fra:1 Mem:2810.87M (Peak 3038.41M) | Time:00:01.85 | Mem:175.17M, Peak:175.17M | Scene, ViewLayer | Updating Objects | Copying Transformations to device
Fra:1 Mem:2814.18M (Peak 3038.41M) | Time:00:01.86 | Mem:178.38M, Peak:178.38M | Scene, ViewLayer | Updating Particle Systems
Fra:1 Mem:2814.18M (Peak 3038.41M) | Time:00:01.86 | Mem:178.38M, Peak:178.38M | Scene, ViewLayer | Updating Particle Systems | Copying Particles to device
Fra:1 Mem:2814.18M (Peak 3038.41M) | Time:00:01.86 | Mem:178.38M, Peak:178.38M | Scene, ViewLayer | Updating Meshes
Fra:1 Mem:3247.39M (Peak 3247.39M) | Time:00:06.23 | Mem:178.38M, Peak:178.38M | Scene, ViewLayer | Updating Objects | Applying Static Transformations
Fra:1 Mem:3247.39M (Peak 3247.39M) | Time:00:06.25 | Mem:178.38M, Peak:178.38M | Scene, ViewLayer | Updating Mesh | Computing attributes
Fra:1 Mem:4005.19M (Peak 4005.19M) | Time:00:06.50 | Mem:178.42M, Peak:178.42M | Scene, ViewLayer | Updating Mesh | Copying Attributes to device
Fra:1 Mem:4004.30M (Peak 4005.19M) | Time:00:06.51 | Mem:935.30M, Peak:935.30M | Scene, ViewLayer | Updating Geometry BVH Plane.016 8/7 | Building BVH
Fra:1 Mem:4004.30M (Peak 4005.19M) | Time:00:06.51 | Mem:935.30M, Peak:935.30M | Scene, ViewLayer | Updating Geometry BVH Plane.043 6/7 | Building BVH
Fra:1 Mem:4004.30M (Peak 4005.19M) | Time:00:06.51 | Mem:935.30M, Peak:935.30M | Scene, ViewLayer | Updating Geometry BVH pine_sapling_small_a 5/7 | Building BVH
Fra:1 Mem:4004.30M (Peak 4005.19M) | Time:00:06.51 | Mem:939.68M, Peak:939.68M | Scene, ViewLayer | Updating Geometry BVH Plane.015 7/7 | Building BVH
Fra:1 Mem:4004.30M (Peak 4005.19M) | Time:00:06.51 | Mem:939.70M, Peak:939.70M | Scene, ViewLayer | Updating Geometry BVH Plane.015 7/7 | Building BVH 0%
Fra:1 Mem:4004.30M (Peak 4005.19M) | Time:00:06.51 | Mem:939.71M, Peak:939.71M | Scene, ViewLayer | Updating Geometry BVH mesh.001 2/7 | Building BVH
Fra:1 Mem:4004.30M (Peak 4005.19M) | Time:00:06.51 | Mem:972.50M, Peak:972.53M | Scene, ViewLayer | Updating Geometry BVH island_trees_01_blockout_cleaned.002 3/7 | Building BVH
Fra:1 Mem:4004.30M (Peak 4005.19M) | Time:00:06.51 | Mem:1021.31M, Peak:1021.31M | Scene, ViewLayer | Updating Geometry BVH island_trees_01_blockout_cleaned.001 4/7 | Building BVH
Fra:1 Mem:4004.30M (Peak 4005.19M) | Time:00:06.75 | Mem:1236.97M, Peak:1353.31M | Scene, ViewLayer | Updating Scene BVH | Building
Fra:1 Mem:4004.41M (Peak 4005.19M) | Time:00:06.75 | Mem:1236.97M, Peak:1353.31M | Scene, ViewLayer | Updating Scene BVH | Building BVH
Fra:1 Mem:4004.41M (Peak 4005.19M) | Time:00:06.83 | Mem:1430.09M, Peak:1430.09M | Scene, ViewLayer | Updating Scene BVH | Building BVH 0%
Fra:1 Mem:4004.41M (Peak 4005.19M) | Time:00:07.08 | Mem:1778.09M, Peak:1778.09M | Scene, ViewLayer | Updating Scene BVH | Building BVH 92%
Fra:1 Mem:4004.41M (Peak 4005.19M) | Time:00:07.11 | Mem:1627.15M, Peak:1808.09M | Scene, ViewLayer | Updating Scene BVH | Copying BVH to device
Fra:1 Mem:4004.41M (Peak 4005.19M) | Time:00:07.11 | Mem:1627.15M, Peak:1808.09M | Scene, ViewLayer | Updating Mesh | Computing normals
Fra:1 Mem:4357.64M (Peak 4357.64M) | Time:00:07.31 | Mem:1627.15M, Peak:1808.09M | Scene, ViewLayer | Updating Mesh | Copying Mesh to device
Fra:1 Mem:4357.64M (Peak 4357.64M) | Time:00:07.31 | Mem:1980.38M, Peak:1980.38M | Scene, ViewLayer | Updating Objects Flags
Fra:1 Mem:4357.64M (Peak 4357.64M) | Time:00:07.31 | Mem:1980.49M, Peak:1980.49M | Scene, ViewLayer | Updating Primitive Offsets
Fra:1 Mem:4357.69M (Peak 4357.69M) | Time:00:07.31 | Mem:1980.54M, Peak:1980.54M | Scene, ViewLayer | Updating Images
Fra:1 Mem:4345.69M (Peak 4357.69M) | Time:00:07.31 | Mem:1968.54M, Peak:1980.54M | Scene, ViewLayer | Updating Camera Volume
Fra:1 Mem:4345.69M (Peak 4357.69M) | Time:00:07.31 | Mem:1968.54M, Peak:1980.54M | Scene, ViewLayer | Updating Lookup Tables
Fra:1 Mem:4345.69M (Peak 4357.69M) | Time:00:07.31 | Mem:1968.62M, Peak:1980.54M | Scene, ViewLayer | Updating Lights
Fra:1 Mem:4345.69M (Peak 4357.69M) | Time:00:07.31 | Mem:1968.62M, Peak:1980.54M | Scene, ViewLayer | Updating Lights | Computing tree
Fra:1 Mem:4345.80M (Peak 4357.69M) | Time:00:07.31 | Mem:1968.73M, Peak:1980.54M | Scene, ViewLayer | Updating Integrator
Fra:1 Mem:4345.80M (Peak 4357.69M) | Time:00:07.31 | Mem:1968.73M, Peak:1980.54M | Scene, ViewLayer | Updating Film
Fra:1 Mem:4345.80M (Peak 4357.69M) | Time:00:07.31 | Mem:1968.65M, Peak:1980.54M | Scene, ViewLayer | Updating Lookup Tables
Fra:1 Mem:4345.80M (Peak 4357.69M) | Time:00:07.31 | Mem:1968.74M, Peak:1980.54M | Scene, ViewLayer | Updating Baking
Fra:1 Mem:4345.80M (Peak 4357.69M) | Time:00:07.31 | Mem:1968.74M, Peak:1980.54M | Scene, ViewLayer | Updating Device | Writing constant memory
Fra:1 Mem:4346.02M (Peak 4357.69M) | Time:00:07.31 | Mem:1968.74M, Peak:1980.54M | Scene, ViewLayer | Loading denoising kernels (may take a few minutes the first time)
Fra:1 Mem:4346.02M (Peak 4357.69M) | Time:00:07.31 | Mem:1968.74M, Peak:1980.54M | Scene, ViewLayer | Sample 0/24
Fra:1 Mem:4420.33M (Peak 4420.33M) | Time:00:08.96 | Remaining:00:37.85 | Mem:2042.97M, Peak:2042.97M | Scene, ViewLayer | Sample 1/24
Fra:1 Mem:4420.33M (Peak 4420.33M) | Time:00:29.83 | Remaining:00:09.27 | Mem:2042.97M, Peak:2042.97M | Scene, ViewLayer | Sample 17/24
Fra:1 Mem:4451.58M (Peak 4498.46M) | Time:00:44.78 | Mem:2042.97M, Peak:2042.97M | Scene, ViewLayer | Sample 24/24
Fra:1 Mem:4451.58M (Peak 4498.46M) | Time:00:44.78 | Mem:2042.97M, Peak:2042.97M | Scene, ViewLayer | Finished
Saved: 'D:\Users\Lenovo\Desktop\澶ц鍥璡reports\blender\fix1-master-full.next.png'
Time: 00:45.24 (Saving: 00:00.25)

Fra:1 Mem:2166.93M (Peak 2404.99M) | Time:00:01.25 | Mem:0.00M, Peak:0.00M | Scene, ViewLayer | Synchronizing object | daguanyuan_gate_stone.001
Fra:1 Mem:2166.93M (Peak 2404.99M) | Time:00:01.25 | Mem:0.00M, Peak:0.00M | Scene, ViewLayer | Synchronizing object | daguanyuan_gate_darkwood.001
Fra:1 Mem:2166.93M (Peak 2404.99M) | Time:00:01.25 | Mem:0.00M, Peak:0.00M | Scene, ViewLayer | Synchronizing object | daguanyuan_gate_floorwood
Fra:1 Mem:2166.93M (Peak 2404.99M) | Time:00:01.25 | Mem:0.00M, Peak:0.00M | Scene, ViewLayer | Synchronizing object | daguanyuan_gate_latticewood.001
Fra:1 Mem:2169.13M (Peak 2404.99M) | Time:00:01.25 | Mem:0.00M, Peak:0.00M | Scene, ViewLayer | Synchronizing object | daguanyuan_gate_screen
Fra:1 Mem:2169.13M (Peak 2404.99M) | Time:00:01.25 | Mem:0.00M, Peak:0.00M | Scene, ViewLayer | Synchronizing object | daguanyuan_gate_roof.001
Fra:1 Mem:2169.14M (Peak 2404.99M) | Time:00:01.25 | Mem:0.00M, Peak:0.00M | Scene, ViewLayer | Synchronizing object | daguanyuan_gate_tilelight.001
Fra:1 Mem:2169.19M (Peak 2404.99M) | Time:00:01.25 | Mem:0.00M, Peak:0.00M | Scene, ViewLayer | Synchronizing object | daguanyuan_gate_tile.001
Fra:1 Mem:2169.52M (Peak 2404.99M) | Time:00:01.25 | Mem:0.00M, Peak:0.00M | Scene, ViewLayer | Synchronizing object | daguanyuan_gate_limestone.001
Fra:1 Mem:2170.57M (Peak 2404.99M) | Time:00:01.25 | Mem:0.00M, Peak:0.00M | Scene, ViewLayer | Synchronizing object | daguanyuan_gate_paving.001
Fra:1 Mem:2170.72M (Peak 2404.99M) | Time:00:01.25 | Mem:0.00M, Peak:0.00M | Scene, ViewLayer | Synchronizing object | qujingtongyou_gardenstone
Fra:1 Mem:2171.24M (Peak 2404.99M) | Time:00:01.25 | Mem:0.00M, Peak:0.00M | Scene, ViewLayer | Synchronizing object | qujingtongyou_limestone.001
Fra:1 Mem:2172.14M (Peak 2404.99M) | Time:00:01.25 | Mem:0.00M, Peak:0.00M | Scene, ViewLayer | Synchronizing object | qujingtongyou_bark
Fra:1 Mem:2172.21M (Peak 2404.99M) | Time:00:01.25 | Mem:0.00M, Peak:0.00M | Scene, ViewLayer | Synchronizing object | qujingtongyou_canopy_shadow
Fra:1 Mem:2172.21M (Peak 2404.99M) | Time:00:01.25 | Mem:0.00M, Peak:0.00M | Scene, ViewLayer | Synchronizing object | qujingtongyou_canopy
Fra:1 Mem:2172.44M (Peak 2404.99M) | Time:00:01.25 | Mem:0.00M, Peak:0.00M | Scene, ViewLayer | Synchronizing object | qujingtongyou_canopy_light
Fra:1 Mem:2172.81M (Peak 2404.99M) | Time:00:01.25 | Mem:0.00M, Peak:0.00M | Scene, ViewLayer | Synchronizing object | xiaoxiangguan_plaster
Fra:1 Mem:2172.81M (Peak 2404.99M) | Time:00:01.25 | Mem:0.00M, Peak:0.00M | Scene, ViewLayer | Synchronizing object | xiaoxiangguan_roof
Fra:1 Mem:2172.87M (Peak 2404.99M) | Time:00:01.25 | Mem:0.00M, Peak:0.00M | Scene, ViewLayer | Synchronizing object | xiaoxiangguan_stone
Fra:1 Mem:2173.08M (Peak 2404.99M) | Time:00:01.25 | Mem:0.00M, Peak:0.00M | Scene, ViewLayer | Synchronizing object | xiaoxiangguan_tile
Fra:1 Mem:2173.08M (Peak 2404.99M) | Time:00:01.25 | Mem:0.00M, Peak:0.00M | Scene, ViewLayer | Synchronizing object | xiaoxiangguan_cutstone
Fra:1 Mem:2173.25M (Peak 2404.99M) | Time:00:01.25 | Mem:0.00M, Peak:0.00M | Scene, ViewLayer | Synchronizing object | xiaoxiangguan_darkwood
Fra:1 Mem:2175.40M (Peak 2404.99M) | Time:00:01.25 | Mem:0.00M, Peak:0.00M | Scene, ViewLayer | Synchronizing object | xiaoxiangguan_floorwood
Fra:1 Mem:2175.69M (Peak 2404.99M) | Time:00:01.25 | Mem:0.00M, Peak:0.00M | Scene, ViewLayer | Synchronizing object | xiaoxiangguan_wood
Fra:1 Mem:2176.87M (Peak 2404.99M) | Time:00:01.25 | Mem:0.00M, Peak:0.00M | Scene, ViewLayer | Synchronizing object | xiaoxiangguan_latticewood.001
Fra:1 Mem:2177.04M (Peak 2404.99M) | Time:00:01.25 | Mem:0.00M, Peak:0.00M | Scene, ViewLayer | Synchronizing object | xiaoxiangguan_tilelight.001
Fra:1 Mem:2177.84M (Peak 2404.99M) | Time:00:01.25 | Mem:0.00M, Peak:0.00M | Scene, ViewLayer | Synchronizing object | xiaoxiangguan_tiledark.001
Fra:1 Mem:2178.64M (Peak 2404.99M) | Time:00:01.25 | Mem:0.00M, Peak:0.00M | Scene, ViewLayer | Synchronizing object | xiaoxiangguan_paving.001
Fra:1 Mem:2179.50M (Peak 2404.99M) | Time:00:01.25 | Mem:0.00M, Peak:0.00M | Scene, ViewLayer | Synchronizing object | xiaoxiangguan_bookcloth.001
Fra:1 Mem:2178.93M (Peak 2404.99M) | Time:00:01.25 | Mem:0.00M, Peak:0.00M | Scene, ViewLayer | Synchronizing object | xiaoxiangguan_water.001
Fra:1 Mem:2179.22M (Peak 2404.99M) | Time:00:01.25 | Mem:0.00M, Peak:0.00M | Scene, ViewLayer | Synchronizing object | xiaoxiangguan_bankstone
Fra:1 Mem:2179.31M (Peak 2404.99M) | Time:00:01.25 | Mem:0.00M, Peak:0.00M | Scene, ViewLayer | Synchronizing object | xiaoxiangguan_furniture
Fra:1 Mem:2180.93M (Peak 2404.99M) | Time:00:01.25 | Mem:0.00M, Peak:0.00M | Scene, ViewLayer | Synchronizing object | xiaoxiangguan_paper
Fra:1 Mem:2181.02M (Peak 2404.99M) | Time:00:01.25 | Mem:0.00M, Peak:0.00M | Scene, ViewLayer | Synchronizing object | xiaoxiangguan_ivory.001
Fra:1 Mem:2181.02M (Peak 2404.99M) | Time:00:01.25 | Mem:0.00M, Peak:0.00M | Scene, ViewLayer | Synchronizing object | xiaoxiangguan_ink.001
Fra:1 Mem:2181.75M (Peak 2404.99M) | Time:00:01.25 | Mem:0.00M, Peak:0.00M | Scene, ViewLayer | Synchronizing object | xiaoxiangguan_bookcover.001
Fra:1 Mem:2181.75M (Peak 2404.99M) | Time:00:01.25 | Mem:0.00M, Peak:0.00M | Scene, ViewLayer | Synchronizing object | xiaoxiangguan_ceramic.001
Fra:1 Mem:2182.02M (Peak 2404.99M) | Time:00:01.25 | Mem:0.00M, Peak:0.00M | Scene, ViewLayer | Synchronizing object | xiaoxiangguan_gold
Fra:1 Mem:2182.04M (Peak 2404.99M) | Time:00:01.25 | Mem:0.00M, Peak:0.00M | Scene, ViewLayer | Synchronizing object | xiaoxiangguan_silk
Fra:1 Mem:2182.07M (Peak 2404.99M) | Time:00:01.25 | Mem:0.00M, Peak:0.00M | Scene, ViewLayer | Synchronizing object | xiaoxiangguan_lantern
Fra:1 Mem:2181.33M (Peak 2404.99M) | Time:00:01.25 | Mem:0.00M, Peak:0.00M | Scene, ViewLayer | Synchronizing object | xiaoxiangguan_focal_bark
Fra:1 Mem:2181.33M (Peak 2404.99M) | Time:00:01.25 | Mem:0.00M, Peak:0.00M | Scene, ViewLayer | Synchronizing object | xiaoxiangguan_focal_botanical_petal
Fra:1 Mem:2181.37M (Peak 2404.99M) | Time:00:01.25 | Mem:0.00M, Peak:0.00M | Scene, ViewLayer | Synchronizing object | xiaoxiangguan_focal_botanical_bamboo
Fra:1 Mem:2181.37M (Peak 2404.99M) | Time:00:01.25 | Mem:0.00M, Peak:0.00M | Scene, ViewLayer | Synchronizing object | xiaoxiangguan_focal_botanical_stem
Fra:1 Mem:2189.42M (Peak 2404.99M) | Time:00:01.25 | Mem:0.00M, Peak:0.00M | Scene, ViewLayer | Synchronizing object | xiaoxiangguan_focal_botanical_banana
Fra:1 Mem:2192.90M (Peak 2404.99M) | Time:00:01.25 | Mem:0.00M, Peak:0.00M | Scene, ViewLayer | Synchronizing object | xiaoxiangguan_focal_bamboo
Fra:1 Mem:2192.90M (Peak 2404.99M) | Time:00:01.25 | Mem:0.00M, Peak:0.00M | Scene, ViewLayer | Synchronizing object | xiaoxiangguan_focal_leaf
Fra:1 Mem:2194.65M (Peak 2404.99M) | Time:00:01.25 | Mem:0.00M, Peak:0.00M | Scene, ViewLayer | Synchronizing object | xiaoxiangguan_focal_leafdark
Fra:1 Mem:2195.12M (Peak 2404.99M) | Time:00:01.26 | Mem:0.00M, Peak:0.00M | Scene, ViewLayer | Synchronizing object | xiaoxiangguan_focal_botanical_litter
Fra:1 Mem:2195.55M (Peak 2404.99M) | Time:00:01.26 | Mem:0.00M, Peak:0.00M | Scene, ViewLayer | Synchronizing object | yihongyuan_plaster.001
Fra:1 Mem:2197.06M (Peak 2404.99M) | Time:00:01.26 | Mem:0.00M, Peak:0.00M | Scene, ViewLayer | Synchronizing object | yihongyuan_roof.001
Fra:1 Mem:2197.17M (Peak 2404.99M) | Time:00:01.26 | Mem:0.00M, Peak:0.00M | Scene, ViewLayer | Synchronizing object | yihongyuan_stone.001
Fra:1 Mem:2197.19M (Peak 2404.99M) | Time:00:01.26 | Mem:0.00M, Peak:0.00M | Scene, ViewLayer | Synchronizing object | yihongyuan_tile.001
Fra:1 Mem:2200.14M (Peak 2404.99M) | Time:00:01.26 | Mem:0.00M, Peak:0.00M | Scene, ViewLayer | Synchronizing object | yihongyuan_cutstone
Fra:1 Mem:2200.14M (Peak 2404.99M) | Time:00:01.26 | Mem:0.00M, Peak:0.00M | Scene, ViewLayer | Synchronizing object | yihongyuan_darkwood.001
Fra:1 Mem:2200.64M (Peak 2404.99M) | Time:00:01.26 | Mem:0.00M, Peak:0.00M | Scene, ViewLayer | Synchronizing object | yihongyuan_floorwood
Fra:1 Mem:2200.16M (Peak 2404.99M) | Time:00:01.26 | Mem:0.00M, Peak:0.00M | Scene, ViewLayer | Synchronizing object | yihongyuan_wood.001
Fra:1 Mem:2200.16M (Peak 2404.99M) | Time:00:01.26 | Mem:0.00M, Peak:0.00M | Scene, ViewLayer | Synchronizing object | yihongyuan_latticewood.001
Fra:1 Mem:2202.51M (Peak 2404.99M) | Time:00:01.26 | Mem:0.00M, Peak:0.00M | Scene, ViewLayer | Synchronizing object | yihongyuan_tilelight.001
Fra:1 Mem:2205.64M (Peak 2404.99M) | Time:00:01.26 | Mem:0.00M, Peak:0.00M | Scene, ViewLayer | Synchronizing object | yihongyuan_tiledark.001
Fra:1 Mem:2205.64M (Peak 2404.99M) | Time:00:01.26 | Mem:0.00M, Peak:0.00M | Scene, ViewLayer | Synchronizing object | yihongyuan_paving.001
Fra:1 Mem:2206.03M (Peak 2404.99M) | Time:00:01.26 | Mem:0.00M, Peak:0.00M | Scene, ViewLayer | Synchronizing object | yihongyuan_courtbase
Fra:1 Mem:2209.49M (Peak 2404.99M) | Time:00:01.26 | Mem:0.00M, Peak:0.00M | Scene, ViewLayer | Synchronizing object | yihongyuan_gardenstone
Fra:1 Mem:2211.25M (Peak 2404.99M) | Time:00:01.26 | Mem:0.00M, Peak:0.00M | Scene, ViewLayer | Synchronizing object | yihongyuan_limestone.001
Fra:1 Mem:2211.35M (Peak 2404.99M) | Time:00:01.26 | Mem:0.00M, Peak:0.00M | Scene, ViewLayer | Synchronizing object | yihongyuan_furniture
Fra:1 Mem:2211.49M (Peak 2404.99M) | Time:00:01.26 | Mem:0.00M, Peak:0.00M | Scene, ViewLayer | Synchronizing object | yihongyuan_paper.001
Fra:1 Mem:2212.13M (Peak 2404.99M) | Time:00:01.26 | Mem:0.00M, Peak:0.00M | Scene, ViewLayer | Synchronizing object | yihongyuan_bookcloth.001
Fra:1 Mem:2212.23M (Peak 2404.99M) | Time:00:01.26 | Mem:0.00M, Peak:0.00M | Scene, ViewLayer | Synchronizing object | yihongyuan_ivory.001
Fra:1 Mem:2212.42M (Peak 2404.99M) | Time:00:01.26 | Mem:0.00M, Peak:0.00M | Scene, ViewLayer | Synchronizing object | yihongyuan_ink.001
Fra:1 Mem:2212.43M (Peak 2404.99M) | Time:00:01.26 | Mem:0.00M, Peak:0.00M | Scene, ViewLayer | Synchronizing object | yihongyuan_bookcover.001
Fra:1 Mem:2212.44M (Peak 2404.99M) | Time:00:01.26 | Mem:0.00M, Peak:0.00M | Scene, ViewLayer | Synchronizing object | yihongyuan_ceramic.001
Fra:1 Mem:2212.46M (Peak 2404.99M) | Time:00:01.26 | Mem:0.00M, Peak:0.00M | Scene, ViewLayer | Synchronizing object | yihongyuan_gold
Fra:1 Mem:2212.47M (Peak 2404.99M) | Time:00:01.26 | Mem:0.00M, Peak:0.00M | Scene, ViewLayer | Synchronizing object | yihongyuan_silk.001
Fra:1 Mem:2212.48M (Peak 2404.99M) | Time:00:01.26 | Mem:0.00M, Peak:0.00M | Scene, ViewLayer | Synchronizing object | yihongyuan_lantern
Fra:1 Mem:2212.48M (Peak 2404.99M) | Time:00:01.26 | Mem:0.00M, Peak:0.00M | Scene, ViewLayer | Synchronizing object | yihongyuan_screen.001
Fra:1 Mem:2212.49M (Peak 2404.99M) | Time:00:01.26 | Mem:0.00M, Peak:0.00M | Scene, ViewLayer | Synchronizing object | yihongyuan_focal_bark
Fra:1 Mem:2212.49M (Peak 2404.99M) | Time:00:01.26 | Mem:0.00M, Peak:0.00M | Scene, ViewLayer | Synchronizing object | yihongyuan_focal_botanical_petal
Fra:1 Mem:2213.32M (Peak 2404.99M) | Time:00:01.26 | Mem:0.00M, Peak:0.00M | Scene, ViewLayer | Synchronizing object | yihongyuan_focal_botanical_bamboo
Fra:1 Mem:2216.22M (Peak 2404.99M) | Time:00:01.26 | Mem:0.00M, Peak:0.00M | Scene, ViewLayer | Synchronizing object | yihongyuan_focal_botanical_stem
Fra:1 Mem:2217.92M (Peak 2404.99M) | Time:00:01.26 | Mem:0.00M, Peak:0.00M | Scene, ViewLayer | Synchronizing object | yihongyuan_focal_botanical_banana
Fra:1 Mem:2222.63M (Peak 2404.99M) | Time:00:01.26 | Mem:0.00M, Peak:0.00M | Scene, ViewLayer | Synchronizing object | yihongyuan_focal_bamboo
Fra:1 Mem:2223.19M (Peak 2404.99M) | Time:00:01.26 | Mem:0.00M, Peak:0.00M | Scene, ViewLayer | Synchronizing object | yihongyuan_focal_moss
Fra:1 Mem:2223.74M (Peak 2404.99M) | Time:00:01.26 | Mem:0.00M, Peak:0.00M | Scene, ViewLayer | Synchronizing object | yihongyuan_focal_leafdark
Fra:1 Mem:2224.23M (Peak 2404.99M) | Time:00:01.26 | Mem:0.00M, Peak:0.00M | Scene, ViewLayer | Synchronizing object | yihongyuan_focal_leaf
Fra:1 Mem:2225.07M (Peak 2404.99M) | Time:00:01.26 | Mem:0.00M, Peak:0.00M | Scene, ViewLayer | Synchronizing object | yihongyuan_focal_botanical_litter
Fra:1 Mem:2225.18M (Peak 2404.99M) | Time:00:01.26 | Mem:0.00M, Peak:0.00M | Scene, ViewLayer | Synchronizing object | hengwuyuan_plaster.001
Fra:1 Mem:2225.45M (Peak 2404.99M) | Time:00:01.26 | Mem:0.00M, Peak:0.00M | Scene, ViewLayer | Synchronizing object | hengwuyuan_roof.001
Fra:1 Mem:2225.61M (Peak 2404.99M) | Time:00:01.26 | Mem:0.00M, Peak:0.00M | Scene, ViewLayer | Synchronizing object | hengwuyuan_stone.001
Fra:1 Mem:2225.73M (Peak 2404.99M) | Time:00:01.26 | Mem:0.00M, Peak:0.00M | Scene, ViewLayer | Synchronizing object | hengwuyuan_tile.001
Fra:1 Mem:2227.68M (Peak 2404.99M) | Time:00:01.26 | Mem:0.00M, Peak:0.00M | Scene, ViewLayer | Synchronizing object | hengwuyuan_cutstone
Fra:1 Mem:2227.70M (Peak 2404.99M) | Time:00:01.26 | Mem:0.00M, Peak:0.00M | Scene, ViewLayer | Synchronizing object | hengwuyuan_darkwood.001
Fra:1 Mem:2229.15M (Peak 2404.99M) | Time:00:01.26 | Mem:0.00M, Peak:0.00M | Scene, ViewLayer | Synchronizing object | hengwuyuan_floorwood
Fra:1 Mem:2229.59M (Peak 2404.99M) | Time:00:01.26 | Mem:0.00M, Peak:0.00M | Scene, ViewLayer | Synchronizing object | hengwuyuan_wood.001
Fra:1 Mem:2229.94M (Peak 2404.99M) | Time:00:01.26 | Mem:0.00M, Peak:0.00M | Scene, ViewLayer | Synchronizing object | hengwuyuan_latticewood.001
Fra:1 Mem:2230.13M (Peak 2404.99M) | Time:00:01.27 | Mem:0.00M, Peak:0.00M | Scene, ViewLayer | Synchronizing object | hengwuyuan_tilelight.001
Fra:1 Mem:2232.28M (Peak 2404.99M) | Time:00:01.27 | Mem:0.00M, Peak:0.00M | Scene, ViewLayer | Synchronizing object | hengwuyuan_tiledark.001
Fra:1 Mem:2233.93M (Peak 2404.99M) | Time:00:01.27 | Mem:0.00M, Peak:0.00M | Scene, ViewLayer | Synchronizing object | hengwuyuan_paving.001
Fra:1 Mem:2235.87M (Peak 2404.99M) | Time:00:01.27 | Mem:0.00M, Peak:0.00M | Scene, ViewLayer | Synchronizing object | hengwuyuan_gardenstone
Fra:1 Mem:2235.94M (Peak 2404.99M) | Time:00:01.27 | Mem:0.00M, Peak:0.00M | Scene, ViewLayer | Synchronizing object | hengwuyuan_limestone.001
Fra:1 Mem:2235.13M (Peak 2404.99M) | Time:00:01.27 | Mem:0.00M, Peak:0.00M | Scene, ViewLayer | Synchronizing object | hengwuyuan_courtbase
Fra:1 Mem:2235.25M (Peak 2404.99M) | Time:00:01.27 | Mem:0.00M, Peak:0.00M | Scene, ViewLayer | Synchronizing object | hengwuyuan_furniture
Fra:1 Mem:2236.17M (Peak 2404.99M) | Time:00:01.27 | Mem:0.00M, Peak:0.00M | Scene, ViewLayer | Synchronizing object | hengwuyuan_paper.001
Fra:1 Mem:2236.33M (Peak 2404.99M) | Time:00:01.27 | Mem:0.00M, Peak:0.00M | Scene, ViewLayer | Synchronizing object | hengwuyuan_bookcloth.001
Fra:1 Mem:2236.34M (Peak 2404.99M) | Time:00:01.27 | Mem:0.00M, Peak:0.00M | Scene, ViewLayer | Synchronizing object | hengwuyuan_ivory.001
Fra:1 Mem:2236.36M (Peak 2404.99M) | Time:00:01.27 | Mem:0.00M, Peak:0.00M | Scene, ViewLayer | Synchronizing object | hengwuyuan_ink.001
Fra:1 Mem:2236.52M (Peak 2404.99M) | Time:00:01.27 | Mem:0.00M, Peak:0.00M | Scene, ViewLayer | Synchronizing object | hengwuyuan_bookcover.001
Fra:1 Mem:2236.52M (Peak 2404.99M) | Time:00:01.27 | Mem:0.00M, Peak:0.00M | Scene, ViewLayer | Synchronizing object | hengwuyuan_ceramic.001
Fra:1 Mem:2236.74M (Peak 2404.99M) | Time:00:01.27 | Mem:0.00M, Peak:0.00M | Scene, ViewLayer | Synchronizing object | hengwuyuan_gold
Fra:1 Mem:2236.34M (Peak 2404.99M) | Time:00:01.27 | Mem:0.00M, Peak:0.00M | Scene, ViewLayer | Synchronizing object | hengwuyuan_clay.001
Fra:1 Mem:2236.35M (Peak 2404.99M) | Time:00:01.27 | Mem:0.00M, Peak:0.00M | Scene, ViewLayer | Synchronizing object | hengwuyuan_screen.001
Fra:1 Mem:2236.35M (Peak 2404.99M) | Time:00:01.27 | Mem:0.00M, Peak:0.00M | Scene, ViewLayer | Synchronizing object | hengwuyuan_lantern
Fra:1 Mem:2236.35M (Peak 2404.99M) | Time:00:01.27 | Mem:0.00M, Peak:0.00M | Scene, ViewLayer | Synchronizing object | hengwuyuan_focal_leaf
Fra:1 Mem:2236.35M (Peak 2404.99M) | Time:00:01.27 | Mem:0.00M, Peak:0.00M | Scene, ViewLayer | Synchronizing object | hengwuyuan_focal_bamboo
Fra:1 Mem:2236.56M (Peak 2404.99M) | Time:00:01.27 | Mem:0.00M, Peak:0.00M | Scene, ViewLayer | Synchronizing object | hengwuyuan_focal_leafdark
Fra:1 Mem:2236.76M (Peak 2404.99M) | Time:00:01.27 | Mem:0.00M, Peak:0.00M | Scene, ViewLayer | Synchronizing object | hengwuyuan_focal_creamflower
Fra:1 Mem:2237.75M (Peak 2404.99M) | Time:00:01.27 | Mem:0.00M, Peak:0.00M | Scene, ViewLayer | Synchronizing object | hengwuyuan_focal_bark
Fra:1 Mem:2238.49M (Peak 2404.99M) | Time:00:01.27 | Mem:0.00M, Peak:0.00M | Scene, ViewLayer | Synchronizing object | hengwuyuan_focal_moss
Fra:1 Mem:2238.57M (Peak 2404.99M) | Time:00:01.27 | Mem:0.00M, Peak:0.00M | Scene, ViewLayer | Synchronizing object | hengwuyuan_focal_botanical_bamboo
Fra:1 Mem:2241.30M (Peak 2404.99M) | Time:00:01.27 | Mem:0.00M, Peak:0.00M | Scene, ViewLayer | Synchronizing object | hengwuyuan_focal_botanical_litter
Fra:1 Mem:2243.06M (Peak 2404.99M) | Time:00:01.27 | Mem:0.00M, Peak:0.00M | Scene, ViewLayer | Synchronizing object | qiushuangzhai_plaster.001
Fra:1 Mem:2243.06M (Peak 2404.99M) | Time:00:01.27 | Mem:0.00M, Peak:0.00M | Scene, ViewLayer | Synchronizing object | qiushuangzhai_roof.001
Fra:1 Mem:2243.16M (Peak 2404.99M) | Time:00:01.27 | Mem:0.00M, Peak:0.00M | Scene, ViewLayer | Synchronizing object | qiushuangzhai_stone.001
Fra:1 Mem:2243.18M (Peak 2404.99M) | Time:00:01.27 | Mem:0.00M, Peak:0.00M | Scene, ViewLayer | Synchronizing object | qiushuangzhai_tile.001
Fra:1 Mem:2244.77M (Peak 2404.99M) | Time:00:01.27 | Mem:0.00M, Peak:0.00M | Scene, ViewLayer | Synchronizing object | qiushuangzhai_cutstone
Fra:1 Mem:2245.76M (Peak 2404.99M) | Time:00:01.27 | Mem:0.00M, Peak:0.00M | Scene, ViewLayer | Synchronizing object | qiushuangzhai_darkwood.001
Fra:1 Mem:2245.94M (Peak 2404.99M) | Time:00:01.27 | Mem:0.00M, Peak:0.00M | Scene, ViewLayer | Synchronizing object | qiushuangzhai_floorwood
Fra:1 Mem:2248.13M (Peak 2404.99M) | Time:00:01.27 | Mem:0.00M, Peak:0.00M | Scene, ViewLayer | Synchronizing object | qiushuangzhai_wood.001
Fra:1 Mem:2247.74M (Peak 2404.99M) | Time:00:01.27 | Mem:0.00M, Peak:0.00M | Scene, ViewLayer | Synchronizing object | qiushuangzhai_furniture
Fra:1 Mem:2249.01M (Peak 2404.99M) | Time:00:01.27 | Mem:0.00M, Peak:0.00M | Scene, ViewLayer | Synchronizing object | qiushuangzhai_latticewood.001
Fra:1 Mem:2251.39M (Peak 2404.99M) | Time:00:01.27 | Mem:0.00M, Peak:0.00M | Scene, ViewLayer | Synchronizing object | qiushuangzhai_screen
Fra:1 Mem:2251.45M (Peak 2404.99M) | Time:00:01.27 | Mem:0.00M, Peak:0.00M | Scene, ViewLayer | Synchronizing object | qiushuangzhai_tilelight.001
Fra:1 Mem:2251.53M (Peak 2404.99M) | Time:00:01.27 | Mem:0.00M, Peak:0.00M | Scene, ViewLayer | Synchronizing object | qiushuangzhai_courtbase
Fra:1 Mem:2252.06M (Peak 2404.99M) | Time:00:01.27 | Mem:0.00M, Peak:0.00M | Scene, ViewLayer | Synchronizing object | qiushuangzhai_paving.001
Fra:1 Mem:2252.51M (Peak 2404.99M) | Time:00:01.27 | Mem:0.00M, Peak:0.00M | Scene, ViewLayer | Synchronizing object | qiushuangzhai_marble.001
Fra:1 Mem:2252.51M (Peak 2404.99M) | Time:00:01.27 | Mem:0.00M, Peak:0.00M | Scene, ViewLayer | Synchronizing object | qiushuangzhai_paper.001
Fra:1 Mem:2252.51M (Peak 2404.99M) | Time:00:01.27 | Mem:0.00M, Peak:0.00M | Scene, ViewLayer | Synchronizing object | qiushuangzhai_ivory.001
Fra:1 Mem:2252.87M (Peak 2404.99M) | Time:00:01.27 | Mem:0.00M, Peak:0.00M | Scene, ViewLayer | Synchronizing object | qiushuangzhai_ink.001
Fra:1 Mem:2252.96M (Peak 2404.99M) | Time:00:01.27 | Mem:0.00M, Peak:0.00M | Scene, ViewLayer | Synchronizing object | qiushuangzhai_bookcover.001
Fra:1 Mem:2253.10M (Peak 2404.99M) | Time:00:01.27 | Mem:0.00M, Peak:0.00M | Scene, ViewLayer | Synchronizing object | qiushuangzhai_ceramic.001
Fra:1 Mem:2253.17M (Peak 2404.99M) | Time:00:01.27 | Mem:0.00M, Peak:0.00M | Scene, ViewLayer | Synchronizing object | qiushuangzhai_gold
Fra:1 Mem:2253.22M (Peak 2404.99M) | Time:00:01.27 | Mem:0.00M, Peak:0.00M | Scene, ViewLayer | Synchronizing object | qiushuangzhai_silk.001
Fra:1 Mem:2254.63M (Peak 2404.99M) | Time:00:01.27 | Mem:0.00M, Peak:0.00M | Scene, ViewLayer | Synchronizing object | qiushuangzhai_lantern
Fra:1 Mem:2255.36M (Peak 2404.99M) | Time:00:01.27 | Mem:0.00M, Peak:0.00M | Scene, ViewLayer | Synchronizing object | qiushuangzhai_focal_leafdark
Fra:1 Mem:2255.57M (Peak 2404.99M) | Time:00:01.27 | Mem:0.00M, Peak:0.00M | Scene, ViewLayer | Synchronizing object | qiushuangzhai_focal_creamflower
Fra:1 Mem:2255.89M (Peak 2404.99M) | Time:00:01.27 | Mem:0.00M, Peak:0.00M | Scene, ViewLayer | Synchronizing object | qiushuangzhai_focal_moss
Fra:1 Mem:2256.49M (Peak 2404.99M) | Time:00:01.27 | Mem:0.00M, Peak:0.00M | Scene, ViewLayer | Synchronizing object | qiushuangzhai_focal_bark
Fra:1 Mem:2257.78M (Peak 2404.99M) | Time:00:01.27 | Mem:0.00M, Peak:0.00M | Scene, ViewLayer | Synchronizing object | qiushuangzhai_focal_leaf
Fra:1 Mem:2257.70M (Peak 2404.99M) | Time:00:01.27 | Mem:0.00M, Peak:0.00M | Scene, ViewLayer | Synchronizing object | qiushuangzhai_focal_botanical_bamboo
Fra:1 Mem:2260.15M (Peak 2404.99M) | Time:00:01.27 | Mem:0.00M, Peak:0.00M | Scene, ViewLayer | Synchronizing object | qiushuangzhai_focal_botanical_litter
Fra:1 Mem:2260.40M (Peak 2404.99M) | Time:00:01.27 | Mem:0.00M, Peak:0.00M | Scene, ViewLayer | Synchronizing object | daoxiangcun_stone.001
Fra:1 Mem:2260.34M (Peak 2404.99M) | Time:00:01.27 | Mem:0.00M, Peak:0.00M | Scene, ViewLayer | Synchronizing object | daoxiangcun_paving.001
Fra:1 Mem:2260.51M (Peak 2404.99M) | Time:00:01.27 | Mem:0.00M, Peak:0.00M | Scene, ViewLayer | Synchronizing object | daoxiangcun_clay.001
Fra:1 Mem:2267.36M (Peak 2404.99M) | Time:00:01.27 | Mem:0.00M, Peak:0.00M | Scene, ViewLayer | Synchronizing object | daoxiangcun_wood.001
Fra:1 Mem:2266.91M (Peak 2404.99M) | Time:00:01.28 | Mem:0.00M, Peak:0.00M | Scene, ViewLayer | Synchronizing object | daoxiangcun_screen.001
Fra:1 Mem:2267.00M (Peak 2404.99M) | Time:00:01.28 | Mem:0.00M, Peak:0.00M | Scene, ViewLayer | Synchronizing object | daoxiangcun_latticewood.001
Fra:1 Mem:2266.06M (Peak 2404.99M) | Time:00:01.28 | Mem:0.00M, Peak:0.00M | Scene, ViewLayer | Synchronizing object | daoxiangcun_thatch.001
Fra:1 Mem:2266.06M (Peak 2404.99M) | Time:00:01.28 | Mem:0.00M, Peak:0.00M | Scene, ViewLayer | Synchronizing object | daoxiangcun_lightleaf.001
Fra:1 Mem:2266.17M (Peak 2404.99M) | Time:00:01.28 | Mem:0.00M, Peak:0.00M | Scene, ViewLayer | Synchronizing object | daoxiangcun_bark
Fra:1 Mem:2266.18M (Peak 2404.99M) | Time:00:01.28 | Mem:0.00M, Peak:0.00M | Scene, ViewLayer | Synchronizing object | daoxiangcun_flower.001
Fra:1 Mem:2266.18M (Peak 2404.99M) | Time:00:01.28 | Mem:0.00M, Peak:0.00M | Scene, ViewLayer | Synchronizing object | daoxiangcun_leafdark
Fra:1 Mem:2270.08M (Peak 2404.99M) | Time:00:01.28 | Mem:0.00M, Peak:0.00M | Scene, ViewLayer | Synchronizing object | daoxiangcun_creamflower.001
Fra:1 Mem:2273.50M (Peak 2404.99M) | Time:00:01.28 | Mem:0.00M, Peak:0.00M | Scene, ViewLayer | Synchronizing object | ouxiangxie_wood.001
Fra:1 Mem:2273.66M (Peak 2404.99M) | Time:00:01.28 | Mem:0.00M, Peak:0.00M | Scene, ViewLayer | Synchronizing object | ouxiangxie_stone.001
Fra:1 Mem:2273.70M (Peak 2404.99M) | Time:00:01.28 | Mem:0.00M, Peak:0.00M | Scene, ViewLayer | Synchronizing object | ouxiangxie_screen
Fra:1 Mem:2274.57M (Peak 2404.99M) | Time:00:01.28 | Mem:0.00M, Peak:0.00M | Scene, ViewLayer | Synchronizing object | ouxiangxie_latticewood.001
Fra:1 Mem:2274.65M (Peak 2404.99M) | Time:00:01.28 | Mem:0.00M, Peak:0.00M | Scene, ViewLayer | Synchronizing object | ouxiangxie_roof.001
Fra:1 Mem:2274.69M (Peak 2404.99M) | Time:00:01.28 | Mem:0.00M, Peak:0.00M | Scene, ViewLayer | Synchronizing object | ouxiangxie_tilelight.001
Fra:1 Mem:2274.82M (Peak 2404.99M) | Time:00:01.28 | Mem:0.00M, Peak:0.00M | Scene, ViewLayer | Synchronizing object | ouxiangxie_tile.001
Fra:1 Mem:2274.83M (Peak 2404.99M) | Time:00:01.28 | Mem:0.00M, Peak:0.00M | Scene, ViewLayer | Synchronizing object | ouxiangxie_tiledark.001
Fra:1 Mem:2276.01M (Peak 2404.99M) | Time:00:01.28 | Mem:0.00M, Peak:0.00M | Scene, ViewLayer | Synchronizing object | ouxiangxie_darkwood.001
Fra:1 Mem:2276.24M (Peak 2404.99M) | Time:00:01.28 | Mem:0.00M, Peak:0.00M | Scene, ViewLayer | Synchronizing object | ouxiangxie_furniture
Fra:1 Mem:2277.70M (Peak 2404.99M) | Time:00:01.28 | Mem:0.00M, Peak:0.00M | Scene, ViewLayer | Synchronizing object | ouxiangxie_paper
Fra:1 Mem:2277.87M (Peak 2404.99M) | Time:00:01.28 | Mem:0.00M, Peak:0.00M | Scene, ViewLayer | Synchronizing object | ouxiangxie_bookcloth.001
Fra:1 Mem:2277.88M (Peak 2404.99M) | Time:00:01.28 | Mem:0.00M, Peak:0.00M | Scene, ViewLayer | Synchronizing object | ouxiangxie_ivory.001
Fra:1 Mem:2277.94M (Peak 2404.99M) | Time:00:01.28 | Mem:0.00M, Peak:0.00M | Scene, ViewLayer | Synchronizing object | ouxiangxie_ink.001
Fra:1 Mem:2277.94M (Peak 2404.99M) | Time:00:01.28 | Mem:0.00M, Peak:0.00M | Scene, ViewLayer | Synchronizing object | ouxiangxie_bookcover.001
Fra:1 Mem:2280.75M (Peak 2404.99M) | Time:00:01.28 | Mem:0.00M, Peak:0.00M | Scene, ViewLayer | Synchronizing object | ouxiangxie_ceramic.001
Fra:1 Mem:2280.76M (Peak 2404.99M) | Time:00:01.28 | Mem:0.00M, Peak:0.00M | Scene, ViewLayer | Synchronizing object | ouxiangxie_bamboo.001
Fra:1 Mem:2280.77M (Peak 2404.99M) | Time:00:01.28 | Mem:0.00M, Peak:0.00M | Scene, ViewLayer | Synchronizing object | ouxiangxie_gold.001
Fra:1 Mem:2280.78M (Peak 2404.99M) | Time:00:01.28 | Mem:0.00M, Peak:0.00M | Scene, ViewLayer | Synchronizing object | dicuiting_stone.001
Fra:1 Mem:2280.78M (Peak 2404.99M) | Time:00:01.28 | Mem:0.00M, Peak:0.00M | Scene, ViewLayer | Synchronizing object | dicuiting_wood.001
Fra:1 Mem:2280.78M (Peak 2404.99M) | Time:00:01.28 | Mem:0.00M, Peak:0.00M | Scene, ViewLayer | Synchronizing object | dicuiting_darkwood
Fra:1 Mem:2280.91M (Peak 2404.99M) | Time:00:01.28 | Mem:0.00M, Peak:0.00M | Scene, ViewLayer | Synchronizing object | dicuiting_lantern
Fra:1 Mem:2281.49M (Peak 2404.99M) | Time:00:01.28 | Mem:0.00M, Peak:0.00M | Scene, ViewLayer | Synchronizing object | dicuiting_gold
Fra:1 Mem:2281.52M (Peak 2404.99M) | Time:00:01.28 | Mem:0.00M, Peak:0.00M | Scene, ViewLayer | Synchronizing object | dicuiting_roof.001
Fra:1 Mem:2281.53M (Peak 2404.99M) | Time:00:01.28 | Mem:0.00M, Peak:0.00M | Scene, ViewLayer | Synchronizing object | dicuiting_tilelight
Fra:1 Mem:2281.54M (Peak 2404.99M) | Time:00:01.28 | Mem:0.00M, Peak:0.00M | Scene, ViewLayer | Synchronizing object | dicuiting_tiledark
Fra:1 Mem:2282.21M (Peak 2404.99M) | Time:00:01.28 | Mem:0.00M, Peak:0.00M | Scene, ViewLayer | Synchronizing object | luxuean_stone.001
Fra:1 Mem:2283.00M (Peak 2404.99M) | Time:00:01.28 | Mem:0.00M, Peak:0.00M | Scene, ViewLayer | Synchronizing object | luxuean_paving.001
Fra:1 Mem:2283.01M (Peak 2404.99M) | Time:00:01.28 | Mem:0.00M, Peak:0.00M | Scene, ViewLayer | Synchronizing object | luxuean_clay.001
Fra:1 Mem:2283.01M (Peak 2404.99M) | Time:00:01.28 | Mem:0.00M, Peak:0.00M | Scene, ViewLayer | Synchronizing object | luxuean_wood.001
Fra:1 Mem:2285.00M (Peak 2404.99M) | Time:00:01.28 | Mem:0.00M, Peak:0.00M | Scene, ViewLayer | Synchronizing object | luxuean_thatch.001
Fra:1 Mem:2285.93M (Peak 2404.99M) | Time:00:01.28 | Mem:0.00M, Peak:0.00M | Scene, ViewLayer | Synchronizing object | luxuean_bamboo.001
Fra:1 Mem:2285.93M (Peak 2404.99M) | Time:00:01.28 | Mem:0.00M, Peak:0.00M | Scene, ViewLayer | Synchronizing object | luxuean_lightleaf.001
Fra:1 Mem:2287.31M (Peak 2404.99M) | Time:00:01.28 | Mem:0.00M, Peak:0.00M | Scene, ViewLayer | Synchronizing object | tubishanzhuang_stone.001
Fra:1 Mem:2287.50M (Peak 2404.99M) | Time:00:01.28 | Mem:0.00M, Peak:0.00M | Scene, ViewLayer | Synchronizing object | tubishanzhuang_cutstone
Fra:1 Mem:2288.29M (Peak 2404.99M) | Time:00:01.28 | Mem:0.00M, Peak:0.00M | Scene, ViewLayer | Synchronizing object | tubishanzhuang_darkwood.001
Fra:1 Mem:2288.48M (Peak 2404.99M) | Time:00:01.28 | Mem:0.00M, Peak:0.00M | Scene, ViewLayer | Synchronizing object | tubishanzhuang_floorwood
Fra:1 Mem:2288.69M (Peak 2404.99M) | Time:00:01.28 | Mem:0.00M, Peak:0.00M | Scene, ViewLayer | Synchronizing object | tubishanzhuang_wood.001
Fra:1 Mem:2288.80M (Peak 2404.99M) | Time:00:01.28 | Mem:0.00M, Peak:0.00M | Scene, ViewLayer | Synchronizing object | tubishanzhuang_furniture
Fra:1 Mem:2291.79M (Peak 2404.99M) | Time:00:01.28 | Mem:0.00M, Peak:0.00M | Scene, ViewLayer | Synchronizing object | tubishanzhuang_latticewood.001
Fra:1 Mem:2286.67M (Peak 2404.99M) | Time:00:01.28 | Mem:0.00M, Peak:0.00M | Scene, ViewLayer | Synchronizing object | tubishanzhuang_screen
Fra:1 Mem:2286.98M (Peak 2404.99M) | Time:00:01.28 | Mem:0.00M, Peak:0.00M | Scene, ViewLayer | Synchronizing object | tubishanzhuang_roof.001
Fra:1 Mem:2287.10M (Peak 2404.99M) | Time:00:01.28 | Mem:0.00M, Peak:0.00M | Scene, ViewLayer | Synchronizing object | tubishanzhuang_tilelight.001
Fra:1 Mem:2287.18M (Peak 2404.99M) | Time:00:01.28 | Mem:0.00M, Peak:0.00M | Scene, ViewLayer | Synchronizing object | tubishanzhuang_tile.001
Fra:1 Mem:2287.92M (Peak 2404.99M) | Time:00:01.28 | Mem:0.00M, Peak:0.00M | Scene, ViewLayer | Synchronizing object | tubishanzhuang_tiledark.001
Fra:1 Mem:2287.96M (Peak 2404.99M) | Time:00:01.28 | Mem:0.00M, Peak:0.00M | Scene, ViewLayer | Synchronizing object | tubishanzhuang_bark
Fra:1 Mem:2289.17M (Peak 2404.99M) | Time:00:01.28 | Mem:0.00M, Peak:0.00M | Scene, ViewLayer | Synchronizing object | tubishanzhuang_canopy_shadow
Fra:1 Mem:2288.85M (Peak 2404.99M) | Time:00:01.28 | Mem:0.00M, Peak:0.00M | Scene, ViewLayer | Synchronizing object | tubishanzhuang_canopy
Fra:1 Mem:2289.15M (Peak 2404.99M) | Time:00:01.28 | Mem:0.00M, Peak:0.00M | Scene, ViewLayer | Synchronizing object | tubishanzhuang_canopy_light
Fra:1 Mem:2289.15M (Peak 2404.99M) | Time:00:01.28 | Mem:0.00M, Peak:0.00M | Scene, ViewLayer | Synchronizing object | tubishanzhuang_paving.001
Fra:1 Mem:2289.21M (Peak 2404.99M) | Time:00:01.28 | Mem:0.00M, Peak:0.00M | Scene, ViewLayer | Synchronizing object | aojingxiguan_stone.001
Fra:1 Mem:2288.88M (Peak 2404.99M) | Time:00:01.28 | Mem:0.00M, Peak:0.00M | Scene, ViewLayer | Synchronizing object | aojingxiguan_cutstone
Fra:1 Mem:2288.89M (Peak 2404.99M) | Time:00:01.28 | Mem:0.00M, Peak:0.00M | Scene, ViewLayer | Synchronizing object | aojingxiguan_darkwood.001
Fra:1 Mem:2289.06M (Peak 2404.99M) | Time:00:01.28 | Mem:0.00M, Peak:0.00M | Scene, ViewLayer | Synchronizing object | aojingxiguan_floorwood
Fra:1 Mem:2289.28M (Peak 2404.99M) | Time:00:01.28 | Mem:0.00M, Peak:0.00M | Scene, ViewLayer | Synchronizing object | aojingxiguan_wood.001
Fra:1 Mem:2289.39M (Peak 2404.99M) | Time:00:01.28 | Mem:0.00M, Peak:0.00M | Scene, ViewLayer | Synchronizing object | aojingxiguan_furniture
Fra:1 Mem:2290.07M (Peak 2404.99M) | Time:00:01.28 | Mem:0.00M, Peak:0.00M | Scene, ViewLayer | Synchronizing object | aojingxiguan_latticewood.001
Fra:1 Mem:2290.77M (Peak 2404.99M) | Time:00:01.28 | Mem:0.00M, Peak:0.00M | Scene, ViewLayer | Synchronizing object | aojingxiguan_screen
Fra:1 Mem:2291.93M (Peak 2404.99M) | Time:00:01.28 | Mem:0.00M, Peak:0.00M | Scene, ViewLayer | Synchronizing object | aojingxiguan_roof.001
Fra:1 Mem:2292.24M (Peak 2404.99M) | Time:00:01.28 | Mem:0.00M, Peak:0.00M | Scene, ViewLayer | Synchronizing object | aojingxiguan_tilelight.001
Fra:1 Mem:2292.24M (Peak 2404.99M) | Time:00:01.28 | Mem:0.00M, Peak:0.00M | Scene, ViewLayer | Synchronizing object | aojingxiguan_tile.001
Fra:1 Mem:2294.16M (Peak 2404.99M) | Time:00:01.28 | Mem:0.00M, Peak:0.00M | Scene, ViewLayer | Synchronizing object | aojingxiguan_tiledark.001
Fra:1 Mem:2294.34M (Peak 2404.99M) | Time:00:01.28 | Mem:0.00M, Peak:0.00M | Scene, ViewLayer | Synchronizing object | aojingxiguan_bark
Fra:1 Mem:2294.39M (Peak 2404.99M) | Time:00:01.28 | Mem:0.00M, Peak:0.00M | Scene, ViewLayer | Synchronizing object | aojingxiguan_canopy_shadow
Fra:1 Mem:2294.39M (Peak 2404.99M) | Time:00:01.28 | Mem:0.00M, Peak:0.00M | Scene, ViewLayer | Synchronizing object | aojingxiguan_canopy
Fra:1 Mem:2294.91M (Peak 2404.99M) | Time:00:01.28 | Mem:0.00M, Peak:0.00M | Scene, ViewLayer | Synchronizing object | aojingxiguan_canopy_light
Fra:1 Mem:2295.04M (Peak 2404.99M) | Time:00:01.28 | Mem:0.00M, Peak:0.00M | Scene, ViewLayer | Synchronizing object | aojingxiguan_paving.001
Fra:1 Mem:2295.26M (Peak 2404.99M) | Time:00:01.28 | Mem:0.00M, Peak:0.00M | Scene, ViewLayer | Synchronizing object | daguanlou_stone
Fra:1 Mem:2296.33M (Peak 2404.99M) | Time:00:01.28 | Mem:0.00M, Peak:0.00M | Scene, ViewLayer | Synchronizing object | daguanlou_cutstone
Fra:1 Mem:2296.41M (Peak 2404.99M) | Time:00:01.28 | Mem:0.00M, Peak:0.00M | Scene, ViewLayer | Synchronizing object | daguanlou_darkwood
Fra:1 Mem:2298.97M (Peak 2404.99M) | Time:00:01.29 | Mem:0.00M, Peak:0.00M | Scene, ViewLayer | Synchronizing object | daguanlou_floorwood
Fra:1 Mem:2304.82M (Peak 2404.99M) | Time:00:01.29 | Mem:0.00M, Peak:0.00M | Scene, ViewLayer | Synchronizing object | daguanlou_wood
Fra:1 Mem:2304.82M (Peak 2404.99M) | Time:00:01.29 | Mem:0.00M, Peak:0.00M | Scene, ViewLayer | Synchronizing object | daguanlou_furniture
Fra:1 Mem:2313.20M (Peak 2404.99M) | Time:00:01.29 | Mem:0.00M, Peak:0.00M | Scene, ViewLayer | Synchronizing object | daguanlou_latticewood.001
Fra:1 Mem:2313.97M (Peak 2404.99M) | Time:00:01.29 | Mem:0.00M, Peak:0.00M | Scene, ViewLayer | Synchronizing object | daguanlou_screen
Fra:1 Mem:2313.98M (Peak 2404.99M) | Time:00:01.29 | Mem:0.00M, Peak:0.00M | Scene, ViewLayer | Synchronizing object | daguanlou_roof
Fra:1 Mem:2314.71M (Peak 2404.99M) | Time:00:01.29 | Mem:0.00M, Peak:0.00M | Scene, ViewLayer | Synchronizing object | daguanlou_tilelight
Fra:1 Mem:2315.82M (Peak 2404.99M) | Time:00:01.29 | Mem:0.00M, Peak:0.00M | Scene, ViewLayer | Synchronizing object | daguanlou_tile
Fra:1 Mem:2315.65M (Peak 2404.99M) | Time:00:01.29 | Mem:0.00M, Peak:0.00M | Scene, ViewLayer | Synchronizing object | daguanlou_tiledark
Fra:1 Mem:2334.38M (Peak 2404.99M) | Time:00:01.29 | Mem:0.00M, Peak:0.00M | Scene, ViewLayer | Synchronizing object | daguanlou_lantern
Fra:1 Mem:2335.30M (Peak 2404.99M) | Time:00:01.29 | Mem:0.00M, Peak:0.00M | Scene, ViewLayer | Synchronizing object | daguanlou_gold
Fra:1 Mem:2335.95M (Peak 2404.99M) | Time:00:01.29 | Mem:0.00M, Peak:0.00M | Scene, ViewLayer | Synchronizing object | daguanlou_paving
Fra:1 Mem:2339.89M (Peak 2404.99M) | Time:00:01.29 | Mem:0.00M, Peak:0.00M | Scene, ViewLayer | Synchronizing object | daguanlou_courtbase
Fra:1 Mem:2339.89M (Peak 2404.99M) | Time:00:01.29 | Mem:0.00M, Peak:0.00M | Scene, ViewLayer | Synchronizing object | daguanlou_paper
Fra:1 Mem:2340.60M (Peak 2404.99M) | Time:00:01.29 | Mem:0.00M, Peak:0.00M | Scene, ViewLayer | Synchronizing object | daguanlou_bookcloth.001
Fra:1 Mem:2340.61M (Peak 2404.99M) | Time:00:01.29 | Mem:0.00M, Peak:0.00M | Scene, ViewLayer | Synchronizing object | daguanlou_ivory.001
Fra:1 Mem:2340.62M (Peak 2404.99M) | Time:00:01.29 | Mem:0.00M, Peak:0.00M | Scene, ViewLayer | Synchronizing object | daguanlou_ink.001
Fra:1 Mem:2340.63M (Peak 2404.99M) | Time:00:01.29 | Mem:0.00M, Peak:0.00M | Scene, ViewLayer | Synchronizing object | daguanlou_bookcover.001
Fra:1 Mem:2341.14M (Peak 2404.99M) | Time:00:01.29 | Mem:0.00M, Peak:0.00M | Scene, ViewLayer | Synchronizing object | daguanlou_ceramic
Fra:1 Mem:2341.19M (Peak 2404.99M) | Time:00:01.29 | Mem:0.00M, Peak:0.00M | Scene, ViewLayer | Synchronizing object | daguanlou_bamboo.001
Fra:1 Mem:2340.68M (Peak 2404.99M) | Time:00:01.29 | Mem:0.00M, Peak:0.00M | Scene, ViewLayer | Synchronizing object | daguanlou_plaster
Fra:1 Mem:2340.68M (Peak 2404.99M) | Time:00:01.29 | Mem:0.00M, Peak:0.00M | Scene, ViewLayer | Synchronizing object | daguanlou_bark
Fra:1 Mem:2340.72M (Peak 2404.99M) | Time:00:01.29 | Mem:0.00M, Peak:0.00M | Scene, ViewLayer | Synchronizing object | daguanlou_canopy_shadow
Fra:1 Mem:2341.04M (Peak 2404.99M) | Time:00:01.29 | Mem:0.00M, Peak:0.00M | Scene, ViewLayer | Synchronizing object | daguanlou_canopy
Fra:1 Mem:2342.04M (Peak 2404.99M) | Time:00:01.29 | Mem:0.00M, Peak:0.00M | Scene, ViewLayer | Synchronizing object | daguanlou_canopy_light
Fra:1 Mem:2342.33M (Peak 2404.99M) | Time:00:01.29 | Mem:0.00M, Peak:0.00M | Scene, ViewLayer | Synchronizing object | daguanlou_limestone.001
Fra:1 Mem:2343.33M (Peak 2404.99M) | Time:00:01.29 | Mem:0.00M, Peak:0.00M | Scene, ViewLayer | Synchronizing object | daguanlou_ground_bamboo
Fra:1 Mem:2345.99M (Peak 2404.99M) | Time:00:01.29 | Mem:0.00M, Peak:0.00M | Scene, ViewLayer | Synchronizing object | daguanlou_ground_botanical_bamboo
Fra:1 Mem:2350.97M (Peak 2404.99M) | Time:00:01.29 | Mem:0.00M, Peak:0.00M | Scene, ViewLayer | Synchronizing object | daguanlou_ground_botanical_litter
Fra:1 Mem:2358.00M (Peak 2404.99M) | Time:00:01.29 | Mem:0.00M, Peak:0.00M | Scene, ViewLayer | Synchronizing object | longcuian_stone
Fra:1 Mem:2358.89M (Peak 2404.99M) | Time:00:01.29 | Mem:0.00M, Peak:0.00M | Scene, ViewLayer | Synchronizing object | longcuian_cutstone
Fra:1 Mem:2361.39M (Peak 2404.99M) | Time:00:01.29 | Mem:0.00M, Peak:0.00M | Scene, ViewLayer | Synchronizing object | longcuian_darkwood
Fra:1 Mem:2370.55M (Peak 2404.99M) | Time:00:01.29 | Mem:0.00M, Peak:0.00M | Scene, ViewLayer | Synchronizing object | longcuian_floorwood
Fra:1 Mem:2370.02M (Peak 2404.99M) | Time:00:01.29 | Mem:0.00M, Peak:0.00M | Scene, ViewLayer | Synchronizing object | longcuian_wood
Fra:1 Mem:2370.80M (Peak 2404.99M) | Time:00:01.30 | Mem:0.00M, Peak:0.00M | Scene, ViewLayer | Synchronizing object | longcuian_plaster
Fra:1 Mem:2372.13M (Peak 2404.99M) | Time:00:01.30 | Mem:0.00M, Peak:0.00M | Scene, ViewLayer | Synchronizing object | longcuian_latticewood.001
Fra:1 Mem:2372.19M (Peak 2404.99M) | Time:00:01.30 | Mem:0.00M, Peak:0.00M | Scene, ViewLayer | Synchronizing object | longcuian_roof
Fra:1 Mem:2373.14M (Peak 2404.99M) | Time:00:01.30 | Mem:0.00M, Peak:0.00M | Scene, ViewLayer | Synchronizing object | longcuian_tilelight
Fra:1 Mem:2373.45M (Peak 2404.99M) | Time:00:01.30 | Mem:0.00M, Peak:0.00M | Scene, ViewLayer | Synchronizing object | longcuian_tile
Fra:1 Mem:2375.30M (Peak 2404.99M) | Time:00:01.30 | Mem:0.00M, Peak:0.00M | Scene, ViewLayer | Synchronizing object | longcuian_tiledark
Fra:1 Mem:2385.30M (Peak 2404.99M) | Time:00:01.30 | Mem:0.00M, Peak:0.00M | Scene, ViewLayer | Synchronizing object | longcuian_paving
Fra:1 Mem:2385.72M (Peak 2404.99M) | Time:00:01.30 | Mem:0.00M, Peak:0.00M | Scene, ViewLayer | Synchronizing object | longcuian_furniture
Fra:1 Mem:2385.82M (Peak 2404.99M) | Time:00:01.30 | Mem:0.00M, Peak:0.00M | Scene, ViewLayer | Synchronizing object | longcuian_screen
Fra:1 Mem:2386.00M (Peak 2404.99M) | Time:00:01.30 | Mem:0.00M, Peak:0.00M | Scene, ViewLayer | Synchronizing object | longcuian_paper
Fra:1 Mem:2387.00M (Peak 2404.99M) | Time:00:01.30 | Mem:0.00M, Peak:0.00M | Scene, ViewLayer | Synchronizing object | longcuian_bookcloth.001
Fra:1 Mem:2387.02M (Peak 2404.99M) | Time:00:01.30 | Mem:0.00M, Peak:0.00M | Scene, ViewLayer | Synchronizing object | longcuian_ivory.001
Fra:1 Mem:2387.95M (Peak 2404.99M) | Time:00:01.30 | Mem:0.00M, Peak:0.00M | Scene, ViewLayer | Synchronizing object | longcuian_ink.001
Fra:1 Mem:2389.49M (Peak 2404.99M) | Time:00:01.30 | Mem:0.00M, Peak:0.00M | Scene, ViewLayer | Synchronizing object | longcuian_bookcover.001
Fra:1 Mem:2389.49M (Peak 2404.99M) | Time:00:01.30 | Mem:0.00M, Peak:0.00M | Scene, ViewLayer | Synchronizing object | longcuian_ceramic
Fra:1 Mem:2389.86M (Peak 2404.99M) | Time:00:01.30 | Mem:0.00M, Peak:0.00M | Scene, ViewLayer | Synchronizing object | longcuian_bamboo.001
Fra:1 Mem:2389.87M (Peak 2404.99M) | Time:00:01.30 | Mem:0.00M, Peak:0.00M | Scene, ViewLayer | Synchronizing object | longcuian_gold.001
Fra:1 Mem:2389.88M (Peak 2404.99M) | Time:00:01.30 | Mem:0.00M, Peak:0.00M | Scene, ViewLayer | Synchronizing object | longcuian_courtbase
Fra:1 Mem:2391.17M (Peak 2404.99M) | Time:00:01.30 | Mem:0.00M, Peak:0.00M | Scene, ViewLayer | Synchronizing object | longcuian_bark
Fra:1 Mem:2391.20M (Peak 2404.99M) | Time:00:01.30 | Mem:0.00M, Peak:0.00M | Scene, ViewLayer | Synchronizing object | longcuian_flower
Fra:1 Mem:2392.41M (Peak 2404.99M) | Time:00:01.30 | Mem:0.00M, Peak:0.00M | Scene, ViewLayer | Synchronizing object | longcuian_leafdark
Fra:1 Mem:2392.16M (Peak 2404.99M) | Time:00:01.30 | Mem:0.00M, Peak:0.00M | Scene, ViewLayer | Synchronizing object | longcuian_canopy_shadow
Fra:1 Mem:2391.55M (Peak 2404.99M) | Time:00:01.30 | Mem:0.00M, Peak:0.00M | Scene, ViewLayer | Synchronizing object | longcuian_canopy
Fra:1 Mem:2391.62M (Peak 2404.99M) | Time:00:01.30 | Mem:0.00M, Peak:0.00M | Scene, ViewLayer | Synchronizing object | longcuian_canopy_light
Fra:1 Mem:2391.92M (Peak 2404.99M) | Time:00:01.30 | Mem:0.00M, Peak:0.00M | Scene, ViewLayer | Synchronizing object | nuanxiangwu_stone
Fra:1 Mem:2391.95M (Peak 2404.99M) | Time:00:01.30 | Mem:0.00M, Peak:0.00M | Scene, ViewLayer | Synchronizing object | nuanxiangwu_darkwood
Fra:1 Mem:2392.12M (Peak 2404.99M) | Time:00:01.30 | Mem:0.00M, Peak:0.00M | Scene, ViewLayer | Synchronizing object | nuanxiangwu_floorwood
Fra:1 Mem:2392.61M (Peak 2404.99M) | Time:00:01.30 | Mem:0.00M, Peak:0.00M | Scene, ViewLayer | Synchronizing object | nuanxiangwu_wood
Fra:1 Mem:2392.99M (Peak 2404.99M) | Time:00:01.30 | Mem:0.00M, Peak:0.00M | Scene, ViewLayer | Synchronizing object | nuanxiangwu_furniture
Fra:1 Mem:2393.09M (Peak 2404.99M) | Time:00:01.30 | Mem:0.00M, Peak:0.00M | Scene, ViewLayer | Synchronizing object | nuanxiangwu_latticewood.001
Fra:1 Mem:2394.45M (Peak 2404.99M) | Time:00:01.30 | Mem:0.00M, Peak:0.00M | Scene, ViewLayer | Synchronizing object | nuanxiangwu_screen
Fra:1 Mem:2394.67M (Peak 2404.99M) | Time:00:01.30 | Mem:0.00M, Peak:0.00M | Scene, ViewLayer | Synchronizing object | nuanxiangwu_roof
Fra:1 Mem:2394.06M (Peak 2404.99M) | Time:00:01.30 | Mem:0.00M, Peak:0.00M | Scene, ViewLayer | Synchronizing object | nuanxiangwu_tilelight
Fra:1 Mem:2394.63M (Peak 2404.99M) | Time:00:01.30 | Mem:0.00M, Peak:0.00M | Scene, ViewLayer | Synchronizing object | nuanxiangwu_tile
Fra:1 Mem:2396.15M (Peak 2404.99M) | Time:00:01.30 | Mem:0.00M, Peak:0.00M | Scene, ViewLayer | Synchronizing object | nuanxiangwu_tiledark
Fra:1 Mem:2396.71M (Peak 2404.99M) | Time:00:01.30 | Mem:0.00M, Peak:0.00M | Scene, ViewLayer | Synchronizing object | nuanxiangwu_paving
Fra:1 Mem:2397.16M (Peak 2404.99M) | Time:00:01.30 | Mem:0.00M, Peak:0.00M | Scene, ViewLayer | Synchronizing object | nuanxiangwu_paper
Fra:1 Mem:2398.17M (Peak 2404.99M) | Time:00:01.30 | Mem:0.00M, Peak:0.00M | Scene, ViewLayer | Synchronizing object | nuanxiangwu_bookcloth.001
Fra:1 Mem:2398.14M (Peak 2404.99M) | Time:00:01.30 | Mem:0.00M, Peak:0.00M | Scene, ViewLayer | Synchronizing object | nuanxiangwu_ivory.001
Fra:1 Mem:2398.14M (Peak 2404.99M) | Time:00:01.31 | Mem:0.00M, Peak:0.00M | Scene, ViewLayer | Synchronizing object | nuanxiangwu_ink.001
Fra:1 Mem:2398.83M (Peak 2404.99M) | Time:00:01.31 | Mem:0.00M, Peak:0.00M | Scene, ViewLayer | Synchronizing object | nuanxiangwu_bookcover.001
Fra:1 Mem:2398.83M (Peak 2404.99M) | Time:00:01.31 | Mem:0.00M, Peak:0.00M | Scene, ViewLayer | Synchronizing object | nuanxiangwu_ceramic
Fra:1 Mem:2398.85M (Peak 2404.99M) | Time:00:01.31 | Mem:0.00M, Peak:0.00M | Scene, ViewLayer | Synchronizing object | nuanxiangwu_bamboo.001
Fra:1 Mem:2398.86M (Peak 2404.99M) | Time:00:01.31 | Mem:0.00M, Peak:0.00M | Scene, ViewLayer | Synchronizing object | nuanxiangwu_gold.001
Fra:1 Mem:2398.86M (Peak 2404.99M) | Time:00:01.31 | Mem:0.00M, Peak:0.00M | Scene, ViewLayer | Synchronizing object | nuanxiangwu_silk
Fra:1 Mem:2398.87M (Peak 2404.99M) | Time:00:01.31 | Mem:0.00M, Peak:0.00M | Scene, ViewLayer | Synchronizing object | nuanxiangwu_bark
Fra:1 Mem:2405.34M (Peak 2405.34M) | Time:00:01.31 | Mem:0.00M, Peak:0.00M | Scene, ViewLayer | Synchronizing object | nuanxiangwu_creamflower
Fra:1 Mem:2406.14M (Peak 2406.14M) | Time:00:01.31 | Mem:0.00M, Peak:0.00M | Scene, ViewLayer | Synchronizing object | nuanxiangwu_leafdark
Fra:1 Mem:2406.97M (Peak 2406.97M) | Time:00:01.31 | Mem:0.00M, Peak:0.00M | Scene, ViewLayer | Synchronizing object | nuanxiangwu_courtbase
Fra:1 Mem:2406.97M (Peak 2406.97M) | Time:00:01.31 | Mem:0.00M, Peak:0.00M | Scene, ViewLayer | Synchronizing object | landscape_earth.001
Fra:1 Mem:2416.07M (Peak 2416.07M) | Time:00:01.31 | Mem:0.00M, Peak:0.00M | Scene, ViewLayer | Synchronizing object | landscape_bankstone
Fra:1 Mem:2416.33M (Peak 2416.33M) | Time:00:01.31 | Mem:0.00M, Peak:0.00M | Scene, ViewLayer | Synchronizing object | landscape_limestone.001
Fra:1 Mem:2416.40M (Peak 2416.40M) | Time:00:01.31 | Mem:0.00M, Peak:0.00M | Scene, ViewLayer | Synchronizing object | landscape_bark
Fra:1 Mem:2440.61M (Peak 2440.61M) | Time:00:01.31 | Mem:0.00M, Peak:0.00M | Scene, ViewLayer | Synchronizing object | landscape_leaf
Fra:1 Mem:2443.17M (Peak 2443.17M) | Time:00:01.31 | Mem:0.00M, Peak:0.00M | Scene, ViewLayer | Synchronizing object | landscape_bamboo.001
Fra:1 Mem:2447.34M (Peak 2447.34M) | Time:00:01.31 | Mem:0.00M, Peak:0.00M | Scene, ViewLayer | Synchronizing object | landscape_canopy_light
Fra:1 Mem:2453.73M (Peak 2453.73M) | Time:00:01.31 | Mem:0.00M, Peak:0.00M | Scene, ViewLayer | Synchronizing object | landscape_creamflower.001
Fra:1 Mem:2458.70M (Peak 2463.96M) | Time:00:01.32 | Mem:0.00M, Peak:0.00M | Scene, ViewLayer | Synchronizing object | landscape_leafdark
Fra:1 Mem:2460.79M (Peak 2463.96M) | Time:00:01.32 | Mem:0.00M, Peak:0.00M | Scene, ViewLayer | Synchronizing object | landscape_flower.001
Fra:1 Mem:2465.19M (Peak 2465.19M) | Time:00:01.32 | Mem:0.00M, Peak:0.00M | Scene, ViewLayer | Synchronizing object | landscape_plaster
Fra:1 Mem:2465.21M (Peak 2465.21M) | Time:00:01.32 | Mem:0.00M, Peak:0.00M | Scene, ViewLayer | Synchronizing object | landscape_roof
Fra:1 Mem:2466.22M (Peak 2466.22M) | Time:00:01.32 | Mem:0.00M, Peak:0.00M | Scene, ViewLayer | Synchronizing object | landscape_stone.001
Fra:1 Mem:2468.15M (Peak 2468.15M) | Time:00:01.32 | Mem:0.00M, Peak:0.00M | Scene, ViewLayer | Synchronizing object | landscape_tile
Fra:1 Mem:2482.53M (Peak 2482.53M) | Time:00:01.32 | Mem:0.00M, Peak:0.00M | Scene, ViewLayer | Synchronizing object | landscape_paving
Fra:1 Mem:2501.85M (Peak 2502.21M) | Time:00:01.33 | Mem:0.00M, Peak:0.00M | Scene, ViewLayer | Synchronizing object | landscape_wood.001
Fra:1 Mem:2525.19M (Peak 2525.41M) | Time:00:01.33 | Mem:0.00M, Peak:0.00M | Scene, ViewLayer | Synchronizing object | landscape_tilelight
Fra:1 Mem:2523.51M (Peak 2525.41M) | Time:00:01.33 | Mem:0.00M, Peak:0.00M | Scene, ViewLayer | Synchronizing object | landscape_tiledark
Fra:1 Mem:2524.95M (Peak 2525.41M) | Time:00:01.34 | Mem:0.00M, Peak:0.00M | Scene, ViewLayer | Synchronizing object | landscape_darkwood
Fra:1 Mem:2525.08M (Peak 2525.41M) | Time:00:01.34 | Mem:0.00M, Peak:0.00M | Scene, ViewLayer | Synchronizing object | landscape_lantern
Fra:1 Mem:2530.14M (Peak 2530.14M) | Time:00:01.34 | Mem:0.00M, Peak:0.00M | Scene, ViewLayer | Synchronizing object | landscape_gold
Fra:1 Mem:2530.61M (Peak 2530.61M) | Time:00:01.34 | Mem:0.00M, Peak:0.00M | Scene, ViewLayer | Synchronizing object | landscape_lightleaf.001
Fra:1 Mem:2530.64M (Peak 2530.64M) | Time:00:01.34 | Mem:0.00M, Peak:0.00M | Scene, ViewLayer | Synchronizing object | shore_ground_bamboo
Fra:1 Mem:2528.68M (Peak 2534.10M) | Time:00:01.34 | Mem:0.00M, Peak:0.00M | Scene, ViewLayer | Synchronizing object | shore_ground_botanical_bamboo
Fra:1 Mem:2527.79M (Peak 2534.10M) | Time:00:01.34 | Mem:0.00M, Peak:0.00M | Scene, ViewLayer | Synchronizing object | LivingTree_005
Fra:1 Mem:2649.32M (Peak 2650.47M) | Time:00:01.35 | Mem:0.00M, Peak:0.00M | Scene, ViewLayer | Synchronizing object | LivingTree_102
Fra:1 Mem:2648.73M (Peak 2652.04M) | Time:00:01.35 | Mem:0.00M, Peak:0.00M | Scene, ViewLayer | Synchronizing object | LivingTree_975
Fra:1 Mem:2847.28M (Peak 2847.28M) | Time:00:01.41 | Mem:0.00M, Peak:0.00M | Scene, ViewLayer | Synchronizing object | Ground_Cover_0000
Fra:1 Mem:2852.17M (Peak 2852.17M) | Time:00:01.42 | Mem:0.00M, Peak:0.00M | Scene, ViewLayer | Synchronizing object | Understory_0001
Fra:1 Mem:2877.58M (Peak 2877.58M) | Time:00:01.42 | Mem:0.00M, Peak:0.00M | Scene, ViewLayer | Synchronizing object | Reviewed_Lake_Surface
Fra:1 Mem:2877.60M (Peak 2877.60M) | Time:00:01.42 | Mem:0.00M, Peak:0.00M | Scene, ViewLayer | Synchronizing object | Evidence_Daylight
Fra:1 Mem:2960.79M (Peak 3034.01M) | Time:00:01.56 | Mem:0.00M, Peak:0.00M | Scene, ViewLayer | Initializing
Fra:1 Mem:2859.25M (Peak 3034.01M) | Time:00:01.61 | Mem:0.00M, Peak:0.00M | Scene, ViewLayer | Updating Images | Loading fern_02_rgba.png.003
Fra:1 Mem:2859.25M (Peak 3034.01M) | Time:00:01.61 | Mem:0.00M, Peak:0.00M | Scene, ViewLayer | Updating Images | Loading r12_stone_rough.001
Fra:1 Mem:2859.25M (Peak 3034.01M) | Time:00:01.61 | Mem:0.00M, Peak:0.00M | Scene, ViewLayer | Updating Images | Loading r12_cutstone_nor_gl.001
Fra:1 Mem:2859.25M (Peak 3034.01M) | Time:00:01.61 | Mem:0.00M, Peak:0.00M | Scene, ViewLayer | Updating Images | Loading r12_darkwood_diff.001
Fra:1 Mem:2867.27M (Peak 3034.01M) | Time:00:01.61 | Mem:2.00M, Peak:2.00M | Scene, ViewLayer | Updating Images | Loading r12_darkwood_nor_gl.001
Fra:1 Mem:2867.27M (Peak 3034.01M) | Time:00:01.61 | Mem:2.00M, Peak:2.00M | Scene, ViewLayer | Updating Images | Loading r12_darkwood_rough.001
Fra:1 Mem:2869.28M (Peak 3034.01M) | Time:00:01.61 | Mem:3.00M, Peak:3.00M | Scene, ViewLayer | Updating Images | Loading r12_floorwood_diff.001
Fra:1 Mem:2872.29M (Peak 3034.01M) | Time:00:01.61 | Mem:4.00M, Peak:4.00M | Scene, ViewLayer | Updating Images | Loading r12_floorwood_nor_gl.001
Fra:1 Mem:2871.28M (Peak 3034.01M) | Time:00:01.61 | Mem:5.00M, Peak:5.00M | Scene, ViewLayer | Updating Images | Loading grass_medium_01_nor_gl
Fra:1 Mem:2870.27M (Peak 3034.01M) | Time:00:01.61 | Mem:6.00M, Peak:6.00M | Scene, ViewLayer | Updating Images | Loading r12_floorwood_rough.001
Fra:1 Mem:2872.27M (Peak 3034.01M) | Time:00:01.61 | Mem:7.00M, Peak:7.00M | Scene, ViewLayer | Updating Images | Loading r12_wood_diff.001
Fra:1 Mem:2879.29M (Peak 3034.01M) | Time:00:01.61 | Mem:8.00M, Peak:8.00M | Scene, ViewLayer | Updating Images | Loading r12_wood_nor_gl.001
Fra:1 Mem:2877.27M (Peak 3034.01M) | Time:00:01.61 | Mem:9.00M, Peak:9.00M | Scene, ViewLayer | Updating Images | Loading r12_wood_rough.001
Fra:1 Mem:2877.27M (Peak 3034.01M) | Time:00:01.61 | Mem:10.00M, Peak:10.00M | Scene, ViewLayer | Updating Images | Loading r12_furniture_diff.001
Fra:1 Mem:2880.28M (Peak 3034.01M) | Time:00:01.62 | Mem:11.00M, Peak:11.00M | Scene, ViewLayer | Updating Images | Loading r12_furniture_nor_gl.001
Fra:1 Mem:2882.28M (Peak 3034.01M) | Time:00:01.62 | Mem:12.00M, Peak:12.00M | Scene, ViewLayer | Updating Images | Loading r12_furniture_rough.001
Fra:1 Mem:2881.27M (Peak 3034.01M) | Time:00:01.62 | Mem:13.00M, Peak:13.00M | Scene, ViewLayer | Updating Images | Loading r12_latticewood_diff.001
Fra:1 Mem:2883.28M (Peak 3034.01M) | Time:00:01.62 | Mem:14.00M, Peak:14.00M | Scene, ViewLayer | Updating Images | Loading r12_latticewood_nor_gl.001
Fra:1 Mem:2884.28M (Peak 3034.01M) | Time:00:01.62 | Mem:15.00M, Peak:15.00M | Scene, ViewLayer | Updating Images | Loading r12_latticewood_rough.001
Fra:1 Mem:2885.28M (Peak 3034.01M) | Time:00:01.62 | Mem:16.00M, Peak:16.00M | Scene, ViewLayer | Updating Images | Loading r12_roof_diff.001
Fra:1 Mem:2886.28M (Peak 3034.01M) | Time:00:01.62 | Mem:17.00M, Peak:17.00M | Scene, ViewLayer | Updating Images | Loading r12_roof_nor_gl.001
Fra:1 Mem:2889.29M (Peak 3034.01M) | Time:00:01.62 | Mem:18.00M, Peak:18.00M | Scene, ViewLayer | Updating Images | Loading r12_roof_rough.001
Fra:1 Mem:2888.28M (Peak 3034.01M) | Time:00:01.62 | Mem:19.00M, Peak:19.00M | Scene, ViewLayer | Updating Images | Loading r12_tilelight_diff.001
Fra:1 Mem:2888.27M (Peak 3034.01M) | Time:00:01.62 | Mem:20.00M, Peak:20.00M | Scene, ViewLayer | Updating Images | Loading r12_tilelight_nor_gl.001
Fra:1 Mem:2890.28M (Peak 3034.01M) | Time:00:01.62 | Mem:21.00M, Peak:21.00M | Scene, ViewLayer | Updating Images | Loading r12_tilelight_rough.001
Fra:1 Mem:2891.28M (Peak 3034.01M) | Time:00:01.62 | Mem:22.00M, Peak:22.00M | Scene, ViewLayer | Updating Images | Loading r12_tile_diff.001
Fra:1 Mem:2893.29M (Peak 3034.01M) | Time:00:01.62 | Mem:23.00M, Peak:23.00M | Scene, ViewLayer | Updating Images | Loading r12_tile_nor_gl.001
Fra:1 Mem:2893.28M (Peak 3034.01M) | Time:00:01.63 | Mem:24.00M, Peak:24.00M | Scene, ViewLayer | Updating Images | Loading r12_tile_rough.001
Fra:1 Mem:2895.29M (Peak 3034.01M) | Time:00:01.63 | Mem:25.00M, Peak:25.00M | Scene, ViewLayer | Updating Images | Loading r12_tiledark_diff.001
Fra:1 Mem:2896.29M (Peak 3034.01M) | Time:00:01.63 | Mem:26.00M, Peak:26.00M | Scene, ViewLayer | Updating Images | Loading r12_tiledark_nor_gl.001
Fra:1 Mem:2895.27M (Peak 3034.01M) | Time:00:01.63 | Mem:27.00M, Peak:27.00M | Scene, ViewLayer | Updating Images | Loading r12_tiledark_rough.001
Fra:1 Mem:2897.28M (Peak 3034.01M) | Time:00:01.63 | Mem:28.00M, Peak:28.00M | Scene, ViewLayer | Updating Images | Loading rock_moss_set_01_diff
Fra:1 Mem:2902.29M (Peak 3034.01M) | Time:00:01.63 | Mem:29.00M, Peak:29.00M | Scene, ViewLayer | Updating Images | Loading rock_moss_set_01_nor_gl
Fra:1 Mem:2909.29M (Peak 3034.01M) | Time:00:01.63 | Mem:30.00M, Peak:30.00M | Scene, ViewLayer | Updating Images | Loading r12_paving_diff.001
Fra:1 Mem:2910.29M (Peak 3034.01M) | Time:00:01.63 | Mem:31.00M, Peak:31.00M | Scene, ViewLayer | Updating Images | Loading r12_paving_nor_gl.001
Fra:1 Mem:2911.28M (Peak 3034.01M) | Time:00:01.63 | Mem:32.00M, Peak:32.00M | Scene, ViewLayer | Updating Images | Loading r12_paving_rough.001
Fra:1 Mem:2909.29M (Peak 3034.01M) | Time:00:01.63 | Mem:36.00M, Peak:36.00M | Scene, ViewLayer | Updating Images | Loading grass_medium_01_rough
Fra:1 Mem:2912.28M (Peak 3034.01M) | Time:00:01.63 | Mem:37.00M, Peak:37.00M | Scene, ViewLayer | Updating Images | Loading r12_gardenstone_diff
Fra:1 Mem:2913.28M (Peak 3034.01M) | Time:00:01.63 | Mem:38.00M, Peak:38.00M | Scene, ViewLayer | Updating Images | Loading r12_gardenstone_nor_gl
Fra:1 Mem:2914.28M (Peak 3034.01M) | Time:00:01.63 | Mem:39.00M, Peak:39.00M | Scene, ViewLayer | Updating Images | Loading r12_gardenstone_rough
Fra:1 Mem:2914.28M (Peak 3034.01M) | Time:00:01.63 | Mem:40.00M, Peak:40.00M | Scene, ViewLayer | Updating Images | Loading worn_mossy_plasterwall.jpg
Fra:1 Mem:2919.28M (Peak 3034.01M) | Time:00:01.64 | Mem:41.00M, Peak:41.00M | Scene, ViewLayer | Updating Images | Loading r12_bankstone_diff.001
Fra:1 Mem:2920.28M (Peak 3034.01M) | Time:00:01.64 | Mem:42.00M, Peak:42.00M | Scene, ViewLayer | Updating Images | Loading r12_bankstone_nor_gl.001
Fra:1 Mem:2925.28M (Peak 3034.01M) | Time:00:01.64 | Mem:43.00M, Peak:43.00M | Scene, ViewLayer | Updating Images | Loading r12_bankstone_rough.001
Fra:1 Mem:2930.29M (Peak 3034.01M) | Time:00:01.64 | Mem:44.00M, Peak:44.00M | Scene, ViewLayer | Updating Images | Loading petal.png
Fra:1 Mem:2930.43M (Peak 3034.01M) | Time:00:01.64 | Mem:45.00M, Peak:45.00M | Scene, ViewLayer | Updating Images | Loading bamboo.png
Fra:1 Mem:2930.35M (Peak 3034.01M) | Time:00:01.64 | Mem:45.06M, Peak:45.06M | Scene, ViewLayer | Updating Images | Loading stem.png
Fra:1 Mem:2926.34M (Peak 3034.01M) | Time:00:01.64 | Mem:49.06M, Peak:49.06M | Scene, ViewLayer | Updating Images | Loading banana.png
Fra:1 Mem:2922.46M (Peak 3034.01M) | Time:00:01.64 | Mem:53.06M, Peak:53.06M | Scene, ViewLayer | Updating Images | Loading litter.png
Fra:1 Mem:2923.23M (Peak 3034.01M) | Time:00:01.64 | Mem:53.19M, Peak:53.19M | Scene, ViewLayer | Updating Images | Loading r12_courtbase_diff.001
Fra:1 Mem:2924.16M (Peak 3034.01M) | Time:00:01.64 | Mem:53.25M, Peak:53.25M | Scene, ViewLayer | Updating Images | Loading r12_courtbase_nor_gl.001
Fra:1 Mem:2924.15M (Peak 3034.01M) | Time:00:01.64 | Mem:54.25M, Peak:54.25M | Scene, ViewLayer | Updating Images | Loading r12_courtbase_rough.001
Fra:1 Mem:2926.15M (Peak 3034.01M) | Time:00:01.64 | Mem:54.38M, Peak:54.38M | Scene, ViewLayer | Updating Images | Loading turf.png
Fra:1 Mem:2930.15M (Peak 3034.01M) | Time:00:01.64 | Mem:55.38M, Peak:55.38M | Scene, ViewLayer | Updating Images | Loading Master_Surface_Zones
Fra:1 Mem:2932.40M (Peak 3034.01M) | Time:00:01.65 | Mem:55.88M, Peak:55.88M | Scene, ViewLayer | Updating Images | Loading soil.jpg
Fra:1 Mem:2932.40M (Peak 3034.01M) | Time:00:01.65 | Mem:56.88M, Peak:56.88M | Scene, ViewLayer | Updating Images | Loading island_tree_02_diff
Fra:1 Mem:2936.40M (Peak 3034.01M) | Time:00:01.65 | Mem:57.88M, Peak:57.88M | Scene, ViewLayer | Updating Images | Loading island_tree_02_rough
Fra:1 Mem:2946.42M (Peak 3034.01M) | Time:00:01.65 | Mem:58.88M, Peak:58.88M | Scene, ViewLayer | Updating Images | Loading island_tree_02_nor_gl
Fra:1 Mem:2945.41M (Peak 3034.01M) | Time:00:01.65 | Mem:59.88M, Peak:59.88M | Scene, ViewLayer | Updating Images | Loading island_tree_02_leaves_diff-island_tree_02_leaves_alpha
Fra:1 Mem:2953.41M (Peak 3034.01M) | Time:00:01.65 | Mem:63.88M, Peak:63.88M | Scene, ViewLayer | Updating Images | Loading grass_medium_01_diff-grass_medium_01_alpha
Fra:1 Mem:2953.40M (Peak 3034.01M) | Time:00:01.65 | Mem:67.88M, Peak:67.88M | Scene, ViewLayer | Updating Images | Loading island_tree_02_leaves_rough
Fra:1 Mem:2957.40M (Peak 3034.01M) | Time:00:01.66 | Mem:70.12M, Peak:70.12M | Scene, ViewLayer | Updating Images | Loading island_tree_02_leaves_nor_gl
Fra:1 Mem:2961.40M (Peak 3034.01M) | Time:00:01.66 | Mem:74.12M, Peak:74.12M | Scene, ViewLayer | Updating Images | Loading island_tree_02_leaves_rgba.png.004
Fra:1 Mem:2961.65M (Peak 3034.01M) | Time:00:01.66 | Mem:78.12M, Peak:78.12M | Scene, ViewLayer | Updating Images | Loading island_tree_02_branches_diff
Fra:1 Mem:2965.65M (Peak 3034.01M) | Time:00:01.66 | Mem:78.38M, Peak:78.38M | Scene, ViewLayer | Updating Images | Loading island_tree_02_branches_rough
Fra:1 Mem:2973.66M (Peak 3034.01M) | Time:00:01.66 | Mem:82.38M, Peak:82.38M | Scene, ViewLayer | Updating Images | Loading pine_sapling_small_twig_rgba.png.004
Fra:1 Mem:2969.90M (Peak 3034.01M) | Time:00:01.67 | Mem:86.38M, Peak:86.38M | Scene, ViewLayer | Updating Images | Loading island_tree_02_branches_nor_gl
Fra:1 Mem:2977.91M (Peak 3034.01M) | Time:00:01.67 | Mem:86.62M, Peak:86.62M | Scene, ViewLayer | Updating Images | Loading pine_sapling_small_twig_nor_gl
Fra:1 Mem:2977.90M (Peak 3034.01M) | Time:00:01.67 | Mem:90.62M, Peak:90.62M | Scene, ViewLayer | Updating Images | Loading island_tree_01_diff
Fra:1 Mem:2989.92M (Peak 3034.01M) | Time:00:01.67 | Mem:94.62M, Peak:94.62M | Scene, ViewLayer | Updating Images | Loading island_tree_01_rough
Fra:1 Mem:2989.91M (Peak 3034.01M) | Time:00:01.67 | Mem:98.62M, Peak:98.62M | Scene, ViewLayer | Updating Images | Loading island_tree_01_nor_gl
Fra:1 Mem:2993.91M (Peak 3034.01M) | Time:00:01.67 | Mem:102.62M, Peak:102.62M | Scene, ViewLayer | Updating Images | Loading island_tree_01_leaves_diff-island_tree_01_leaves_alpha
Fra:1 Mem:2993.90M (Peak 3034.01M) | Time:00:01.67 | Mem:106.62M, Peak:106.62M | Scene, ViewLayer | Updating Images | Loading island_tree_01_leaves_rough
Fra:1 Mem:2997.90M (Peak 3034.01M) | Time:00:01.68 | Mem:110.62M, Peak:110.62M | Scene, ViewLayer | Updating Images | Loading island_tree_01_leaves_nor_gl
Fra:1 Mem:3013.93M (Peak 3034.01M) | Time:00:01.68 | Mem:114.62M, Peak:114.62M | Scene, ViewLayer | Updating Images | Loading pine_sapling_small_twig_rough
Fra:1 Mem:3013.92M (Peak 3034.01M) | Time:00:01.68 | Mem:118.62M, Peak:118.62M | Scene, ViewLayer | Updating Images | Loading island_tree_01_leaves_rgba.png.009
Fra:1 Mem:3009.91M (Peak 3034.01M) | Time:00:01.68 | Mem:122.62M, Peak:122.62M | Scene, ViewLayer | Updating Images | Loading island_tree_01_branches_diff
Fra:1 Mem:3010.15M (Peak 3034.01M) | Time:00:01.68 | Mem:126.62M, Peak:126.62M | Scene, ViewLayer | Updating Images | Loading island_tree_01_branches_rough
Fra:1 Mem:3014.15M (Peak 3034.01M) | Time:00:01.68 | Mem:126.88M, Peak:126.88M | Scene, ViewLayer | Updating Images | Loading island_tree_01_branches_nor_gl
Fra:1 Mem:3022.16M (Peak 3034.01M) | Time:00:01.69 | Mem:130.88M, Peak:130.88M | Scene, ViewLayer | Updating Images | Loading island_tree_01_leaves_rgba.png.008
Fra:1 Mem:3018.40M (Peak 3034.01M) | Time:00:01.69 | Mem:134.88M, Peak:134.88M | Scene, ViewLayer | Updating Images | Loading pine_sapling_small_bark_diff
Fra:1 Mem:3022.40M (Peak 3034.01M) | Time:00:01.69 | Mem:135.12M, Peak:135.12M | Scene, ViewLayer | Updating Images | Loading pine_sapling_small_bark_rough
Fra:1 Mem:3026.40M (Peak 3034.01M) | Time:00:01.69 | Mem:139.12M, Peak:139.12M | Scene, ViewLayer | Updating Images | Loading pine_sapling_small_bark_nor_gl
Fra:1 Mem:3034.41M (Peak 3038.42M) | Time:00:01.69 | Mem:143.12M, Peak:143.12M | Scene, ViewLayer | Updating Images | Loading pine_sapling_small_twig_diff
Fra:1 Mem:2810.74M (Peak 3046.43M) | Time:00:01.78 | Mem:175.12M, Peak:175.12M | Scene, ViewLayer | Waiting for render to start
Fra:1 Mem:2810.74M (Peak 3046.43M) | Time:00:01.78 | Mem:175.12M, Peak:175.12M | Scene, ViewLayer | Updating Scene
Fra:1 Mem:2810.74M (Peak 3046.43M) | Time:00:01.78 | Mem:175.12M, Peak:175.12M | Scene, ViewLayer | Updating Shaders
Fra:1 Mem:2810.74M (Peak 3046.43M) | Time:00:01.78 | Mem:175.12M, Peak:175.12M | Scene, ViewLayer | Loading render kernels (may take a few minutes the first time)
Fra:1 Mem:2810.87M (Peak 3046.43M) | Time:00:01.78 | Mem:175.17M, Peak:175.17M | Scene, ViewLayer | Updating Procedurals
Fra:1 Mem:2810.87M (Peak 3046.43M) | Time:00:01.78 | Mem:175.17M, Peak:175.17M | Scene, ViewLayer | Updating Background
Fra:1 Mem:2810.87M (Peak 3046.43M) | Time:00:01.78 | Mem:175.17M, Peak:175.17M | Scene, ViewLayer | Updating Camera
Fra:1 Mem:2810.87M (Peak 3046.43M) | Time:00:01.78 | Mem:175.17M, Peak:175.17M | Scene, ViewLayer | Updating Meshes Flags
Fra:1 Mem:2810.87M (Peak 3046.43M) | Time:00:01.78 | Mem:175.17M, Peak:175.17M | Scene, ViewLayer | Updating Objects
Fra:1 Mem:2810.87M (Peak 3046.43M) | Time:00:01.78 | Mem:175.17M, Peak:175.17M | Scene, ViewLayer | Updating Objects | Copying Transformations to device
Fra:1 Mem:2814.19M (Peak 3046.43M) | Time:00:01.78 | Mem:178.38M, Peak:178.38M | Scene, ViewLayer | Updating Particle Systems
Fra:1 Mem:2814.19M (Peak 3046.43M) | Time:00:01.78 | Mem:178.38M, Peak:178.38M | Scene, ViewLayer | Updating Particle Systems | Copying Particles to device
Fra:1 Mem:2814.19M (Peak 3046.43M) | Time:00:01.78 | Mem:178.38M, Peak:178.38M | Scene, ViewLayer | Updating Meshes
Fra:1 Mem:3247.39M (Peak 3247.39M) | Time:00:06.92 | Mem:178.38M, Peak:178.38M | Scene, ViewLayer | Updating Objects | Applying Static Transformations
Fra:1 Mem:3247.39M (Peak 3247.39M) | Time:00:06.94 | Mem:178.38M, Peak:178.38M | Scene, ViewLayer | Updating Mesh | Computing attributes
Fra:1 Mem:4005.19M (Peak 4005.19M) | Time:00:07.25 | Mem:178.42M, Peak:178.42M | Scene, ViewLayer | Updating Mesh | Copying Attributes to device
Fra:1 Mem:4004.30M (Peak 4005.19M) | Time:00:07.26 | Mem:935.30M, Peak:935.30M | Scene, ViewLayer | Updating Geometry BVH Plane.016 8/7 | Building BVH
Fra:1 Mem:4004.30M (Peak 4005.19M) | Time:00:07.26 | Mem:935.32M, Peak:935.32M | Scene, ViewLayer | Updating Geometry BVH Plane.016 8/7 | Building BVH 0%
Fra:1 Mem:4004.30M (Peak 4005.19M) | Time:00:07.26 | Mem:935.35M, Peak:935.38M | Scene, ViewLayer | Updating Geometry BVH Plane.015 7/7 | Building BVH
Fra:1 Mem:4004.30M (Peak 4005.19M) | Time:00:07.26 | Mem:935.41M, Peak:935.43M | Scene, ViewLayer | Updating Geometry BVH Plane.043 6/7 | Building BVH
Fra:1 Mem:4004.30M (Peak 4005.19M) | Time:00:07.26 | Mem:935.43M, Peak:935.44M | Scene, ViewLayer | Updating Geometry BVH pine_sapling_small_a 5/7 | Building BVH
Fra:1 Mem:4004.30M (Peak 4005.19M) | Time:00:07.26 | Mem:940.24M, Peak:940.24M | Scene, ViewLayer | Updating Geometry BVH mesh.001 2/7 | Building BVH
Fra:1 Mem:4004.30M (Peak 4005.19M) | Time:00:07.26 | Mem:974.78M, Peak:974.78M | Scene, ViewLayer | Updating Geometry BVH island_trees_01_blockout_cleaned.001 4/7 | Building BVH
Fra:1 Mem:4004.30M (Peak 4005.19M) | Time:00:07.26 | Mem:1025.86M, Peak:1025.86M | Scene, ViewLayer | Updating Geometry BVH island_trees_01_blockout_cleaned.002 3/7 | Building BVH
Fra:1 Mem:4004.30M (Peak 4005.19M) | Time:00:07.51 | Mem:1306.59M, Peak:1306.59M | Scene, ViewLayer | Updating Geometry BVH island_trees_01_blockout_cleaned.002 3/7 | Building BVH 97%
Fra:1 Mem:4004.30M (Peak 4005.19M) | Time:00:07.51 | Mem:1306.59M, Peak:1306.59M | Scene, ViewLayer | Updating Geometry BVH island_trees_01_blockout_cleaned.002 3/7 | Building BVH 79%
Fra:1 Mem:4004.30M (Peak 4005.19M) | Time:00:07.53 | Mem:1236.97M, Peak:1322.59M | Scene, ViewLayer | Updating Scene BVH | Building
Fra:1 Mem:4004.41M (Peak 4005.19M) | Time:00:07.53 | Mem:1236.97M, Peak:1322.59M | Scene, ViewLayer | Updating Scene BVH | Building BVH
Fra:1 Mem:4004.41M (Peak 4005.19M) | Time:00:07.76 | Mem:1546.09M, Peak:1546.09M | Scene, ViewLayer | Updating Scene BVH | Building BVH 32%
Fra:1 Mem:4004.41M (Peak 4005.19M) | Time:00:07.94 | Mem:1625.15M, Peak:1806.09M | Scene, ViewLayer | Updating Scene BVH | Copying BVH to device
Fra:1 Mem:4004.41M (Peak 4005.19M) | Time:00:07.94 | Mem:1625.15M, Peak:1806.09M | Scene, ViewLayer | Updating Mesh | Computing normals
Fra:1 Mem:4357.64M (Peak 4357.64M) | Time:00:08.21 | Mem:1625.15M, Peak:1806.09M | Scene, ViewLayer | Updating Mesh | Copying Mesh to device
Fra:1 Mem:4357.64M (Peak 4357.64M) | Time:00:08.21 | Mem:1978.38M, Peak:1978.38M | Scene, ViewLayer | Updating Objects Flags
Fra:1 Mem:4357.64M (Peak 4357.64M) | Time:00:08.21 | Mem:1978.49M, Peak:1978.49M | Scene, ViewLayer | Updating Primitive Offsets
Fra:1 Mem:4357.70M (Peak 4357.70M) | Time:00:08.21 | Mem:1978.54M, Peak:1978.54M | Scene, ViewLayer | Updating Images
Fra:1 Mem:4345.70M (Peak 4357.70M) | Time:00:08.21 | Mem:1966.54M, Peak:1978.54M | Scene, ViewLayer | Updating Camera Volume
Fra:1 Mem:4345.70M (Peak 4357.70M) | Time:00:08.21 | Mem:1966.54M, Peak:1978.54M | Scene, ViewLayer | Updating Lookup Tables
Fra:1 Mem:4345.70M (Peak 4357.70M) | Time:00:08.21 | Mem:1966.62M, Peak:1978.54M | Scene, ViewLayer | Updating Lights
Fra:1 Mem:4345.70M (Peak 4357.70M) | Time:00:08.21 | Mem:1966.62M, Peak:1978.54M | Scene, ViewLayer | Updating Lights | Computing tree
Fra:1 Mem:4345.80M (Peak 4357.70M) | Time:00:08.21 | Mem:1966.73M, Peak:1978.54M | Scene, ViewLayer | Updating Integrator
Fra:1 Mem:4345.80M (Peak 4357.70M) | Time:00:08.21 | Mem:1966.73M, Peak:1978.54M | Scene, ViewLayer | Updating Film
Fra:1 Mem:4345.81M (Peak 4357.70M) | Time:00:08.21 | Mem:1966.65M, Peak:1978.54M | Scene, ViewLayer | Updating Lookup Tables
Fra:1 Mem:4345.81M (Peak 4357.70M) | Time:00:08.21 | Mem:1966.74M, Peak:1978.54M | Scene, ViewLayer | Updating Baking
Fra:1 Mem:4345.81M (Peak 4357.70M) | Time:00:08.21 | Mem:1966.74M, Peak:1978.54M | Scene, ViewLayer | Updating Device | Writing constant memory
Fra:1 Mem:4346.02M (Peak 4357.70M) | Time:00:08.22 | Mem:1966.74M, Peak:1978.54M | Scene, ViewLayer | Loading denoising kernels (may take a few minutes the first time)
Fra:1 Mem:4346.02M (Peak 4357.70M) | Time:00:08.22 | Mem:1966.74M, Peak:1978.54M | Scene, ViewLayer | Sample 0/24
Fra:1 Mem:4420.33M (Peak 4420.33M) | Time:00:09.80 | Remaining:00:36.51 | Mem:2040.97M, Peak:2040.97M | Scene, ViewLayer | Sample 1/24
Fra:1 Mem:4420.33M (Peak 4420.33M) | Time:00:31.63 | Remaining:00:09.64 | Mem:2040.97M, Peak:2040.97M | Scene, ViewLayer | Sample 17/24
Fra:1 Mem:4451.59M (Peak 4498.46M) | Time:00:44.29 | Mem:2040.97M, Peak:2040.97M | Scene, ViewLayer | Sample 24/24
Fra:1 Mem:4451.59M (Peak 4498.46M) | Time:00:44.29 | Mem:2040.97M, Peak:2040.97M | Scene, ViewLayer | Finished
Saved: 'D:\Users\Lenovo\Desktop\澶ц鍥璡reports\blender\fix1-master-xiaoxiang.next.png'
Time: 00:44.56 (Saving: 00:00.09)

CURRENT MASTER VIEWS COMPLETE fix1

Blender quit
