
> daguanyuan-rumeng@1.0.0 models:verify
> node scripts/pipeline.mjs verify-models

MASTER REOPEN VALIDATED {'reopened': True, 'placeIds': ['aojingxiguan', 'daguanlou', 'daguanyuan_gate', 'daoxiangcun', 'dicuiting', 'hengwuyuan', 'longcuian', 'luxuean', 'nuanxiangwu', 'ouxiangxie', 'qiushuangzhai', 'qujingtongyou', 'tubishanzhuang', 'xiaoxiangguan', 'yihongyuan'], 'meshes': 14732, 'missingImages': [], 'packedImages': 184, 'manualLayerPresent': True, 'nativeFullCrowns': True, 'nativeTreeInstances': 11196, 'linkedCrownMeshes': 4}
Blender 4.5.9 LTS (hash 8bf95cbd38d1 built 2026-04-21 01:33:45)
Read blend: "D:\Users\Lenovo\Desktop\澶ц鍥璡blender\daguanyuan_master.blend"

Blender quit
BUILT TERRAIN PATH CHECK 2217 height failures 0 duplicate ground surfaces 0 [] []
Blender 4.5.9 LTS (hash 8bf95cbd38d1 built 2026-04-21 01:33:45)
Read blend: "D:\Users\Lenovo\Desktop\澶ц鍥璡blender\daguanyuan_master.blend"

Blender quit
22:47:40 | INFO: Data are loaded, start creating Blender stuff
22:47:40 | INFO: Blender create Mesh node daguanyuan_gate_screen
22:47:40 | INFO: Draco Decoder: Decode primitive daguanyuan_gate_screen
22:47:40 | INFO: Blender create Mesh node Mobile_daguanyuan_gate
22:47:40 | INFO: Draco Decoder: Decode primitive Mobile_daguanyuan_gate
22:47:40 | INFO: Blender create Mesh node Mobile_daguanyuan_gate_floorwood
22:47:40 | INFO: Draco Decoder: Decode primitive Mobile_daguanyuan_gate_floorwood
22:47:40 | INFO: Blender create Mesh node Mobile_daguanyuan_gate_limestone
22:47:40 | INFO: Draco Decoder: Decode primitive Mobile_daguanyuan_gate_limestone
22:47:40 | INFO: Blender create Mesh node Mobile_daguanyuan_gate_paving
22:47:40 | INFO: Draco Decoder: Decode primitive Mobile_daguanyuan_gate_paving
22:47:40 | INFO: Blender create Mesh node Mobile_daguanyuan_gate_roof
22:47:40 | INFO: Draco Decoder: Decode primitive Mobile_daguanyuan_gate_roof
22:47:40 | INFO: Blender create Mesh node Mobile_daguanyuan_gate_roofshell
22:47:40 | INFO: Draco Decoder: Decode primitive Mobile_daguanyuan_gate_roofshell
22:47:40 | INFO: Blender create Mesh node Mobile_qujingtongyou_gardenstone
22:47:40 | INFO: Draco Decoder: Decode primitive Mobile_qujingtongyou_gardenstone
22:47:40 | INFO: Blender create Mesh node Mobile_qujingtongyou_limestone
22:47:40 | INFO: Draco Decoder: Decode primitive Mobile_qujingtongyou_limestone
22:47:40 | INFO: Blender create Mesh node Mobile_qujingtongyou_plants
22:47:40 | INFO: Draco Decoder: Decode primitive Mobile_qujingtongyou_plants
22:47:40 | INFO: Blender create Mesh node Mobile_xiaoxiangguan
22:47:40 | INFO: Draco Decoder: Decode primitive Mobile_xiaoxiangguan
22:47:40 | INFO: Blender create Mesh node Mobile_xiaoxiangguan_bankstone
22:47:40 | INFO: Draco Decoder: Decode primitive Mobile_xiaoxiangguan_bankstone
22:47:40 | INFO: Blender create Mesh node Mobile_xiaoxiangguan_floorwood
22:47:40 | INFO: Draco Decoder: Decode primitive Mobile_xiaoxiangguan_floorwood
22:47:40 | INFO: Blender create Mesh node Mobile_xiaoxiangguan_paving
22:47:40 | INFO: Draco Decoder: Decode primitive Mobile_xiaoxiangguan_paving
22:47:40 | INFO: Blender create Mesh node Mobile_xiaoxiangguan_roof
22:47:40 | INFO: Draco Decoder: Decode primitive Mobile_xiaoxiangguan_roof
22:47:40 | INFO: Blender create Mesh node Mobile_xiaoxiangguan_roofshell
22:47:40 | INFO: Draco Decoder: Decode primitive Mobile_xiaoxiangguan_roofshell
22:47:40 | INFO: Blender create Mesh node xiaoxiangguan_lantern
22:47:40 | INFO: Draco Decoder: Decode primitive xiaoxiangguan_lantern
22:47:40 | INFO: Blender create Mesh node xiaoxiangguan_silk
22:47:40 | INFO: Draco Decoder: Decode primitive xiaoxiangguan_silk
22:47:40 | INFO: Blender create Mesh node Mobile_xiaoxiangguan_botanical_bamboo
22:47:40 | INFO: Draco Decoder: Decode primitive Mobile_xiaoxiangguan_botanical_bamboo
22:47:40 | INFO: Blender create Mesh node Mobile_xiaoxiangguan_botanical_banana
22:47:40 | INFO: Draco Decoder: Decode primitive Mobile_xiaoxiangguan_botanical_banana
22:47:40 | INFO: Blender create Mesh node Mobile_xiaoxiangguan_botanical_litter
22:47:40 | INFO: Draco Decoder: Decode primitive Mobile_xiaoxiangguan_botanical_litter
22:47:40 | INFO: Blender create Mesh node Mobile_xiaoxiangguan_botanical_petal
22:47:40 | INFO: Draco Decoder: Decode primitive Mobile_xiaoxiangguan_botanical_petal
22:47:40 | INFO: Blender create Mesh node Mobile_xiaoxiangguan_plants
22:47:40 | INFO: Draco Decoder: Decode primitive Mobile_xiaoxiangguan_plants
22:47:40 | INFO: Blender create Mesh node Mobile_yihongyuan
22:47:40 | INFO: Draco Decoder: Decode primitive Mobile_yihongyuan
22:47:40 | INFO: Blender create Mesh node Mobile_yihongyuan_courtbase
22:47:40 | INFO: Draco Decoder: Decode primitive Mobile_yihongyuan_courtbase
22:47:40 | INFO: Blender create Mesh node Mobile_yihongyuan_floorwood
22:47:40 | INFO: Draco Decoder: Decode primitive Mobile_yihongyuan_floorwood
22:47:40 | INFO: Blender create Mesh node Mobile_yihongyuan_gardenstone
22:47:40 | INFO: Draco Decoder: Decode primitive Mobile_yihongyuan_gardenstone
22:47:40 | INFO: Blender create Mesh node Mobile_yihongyuan_limestone
22:47:40 | INFO: Draco Decoder: Decode primitive Mobile_yihongyuan_limestone
22:47:40 | INFO: Blender create Mesh node Mobile_yihongyuan_paving
22:47:40 | INFO: Draco Decoder: Decode primitive Mobile_yihongyuan_paving
22:47:40 | INFO: Blender create Mesh node Mobile_yihongyuan_roof
22:47:40 | INFO: Draco Decoder: Decode primitive Mobile_yihongyuan_roof
22:47:40 | INFO: Blender create Mesh node Mobile_yihongyuan_roofshell
22:47:40 | INFO: Draco Decoder: Decode primitive Mobile_yihongyuan_roofshell
22:47:40 | INFO: Blender create Mesh node yihongyuan_lantern
22:47:40 | INFO: Draco Decoder: Decode primitive yihongyuan_lantern
22:47:40 | INFO: Blender create Mesh node yihongyuan_screen.001
22:47:40 | INFO: Draco Decoder: Decode primitive yihongyuan_screen.001
22:47:40 | INFO: Blender create Mesh node yihongyuan_silk.001
22:47:40 | INFO: Draco Decoder: Decode primitive yihongyuan_silk.001
22:47:40 | INFO: Blender create Mesh node Mobile_yihongyuan_botanical_bamboo
22:47:40 | INFO: Draco Decoder: Decode primitive Mobile_yihongyuan_botanical_bamboo
22:47:40 | INFO: Blender create Mesh node Mobile_yihongyuan_botanical_banana
22:47:40 | INFO: Draco Decoder: Decode primitive Mobile_yihongyuan_botanical_banana
22:47:40 | INFO: Blender create Mesh node Mobile_yihongyuan_botanical_litter
22:47:40 | INFO: Draco Decoder: Decode primitive Mobile_yihongyuan_botanical_litter
22:47:40 | INFO: Blender create Mesh node Mobile_yihongyuan_botanical_petal
22:47:40 | INFO: Draco Decoder: Decode primitive Mobile_yihongyuan_botanical_petal
22:47:40 | INFO: Blender create Mesh node Mobile_yihongyuan_plants
22:47:40 | INFO: Draco Decoder: Decode primitive Mobile_yihongyuan_plants
22:47:40 | INFO: Blender create Mesh node hengwuyuan_lantern
22:47:40 | INFO: Draco Decoder: Decode primitive hengwuyuan_lantern
22:47:40 | INFO: Blender create Mesh node hengwuyuan_screen.001
22:47:40 | INFO: Draco Decoder: Decode primitive hengwuyuan_screen.001
22:47:40 | INFO: Blender create Mesh node Mobile_hengwuyuan
22:47:40 | INFO: Draco Decoder: Decode primitive Mobile_hengwuyuan
22:47:40 | INFO: Blender create Mesh node Mobile_hengwuyuan_courtbase
22:47:40 | INFO: Draco Decoder: Decode primitive Mobile_hengwuyuan_courtbase
22:47:40 | INFO: Blender create Mesh node Mobile_hengwuyuan_floorwood
22:47:40 | INFO: Draco Decoder: Decode primitive Mobile_hengwuyuan_floorwood
22:47:40 | INFO: Blender create Mesh node Mobile_hengwuyuan_gardenstone
22:47:40 | INFO: Draco Decoder: Decode primitive Mobile_hengwuyuan_gardenstone
22:47:40 | INFO: Blender create Mesh node Mobile_hengwuyuan_limestone
22:47:40 | INFO: Draco Decoder: Decode primitive Mobile_hengwuyuan_limestone
22:47:40 | INFO: Blender create Mesh node Mobile_hengwuyuan_paving
22:47:40 | INFO: Draco Decoder: Decode primitive Mobile_hengwuyuan_paving
22:47:40 | INFO: Blender create Mesh node Mobile_hengwuyuan_roof
22:47:40 | INFO: Draco Decoder: Decode primitive Mobile_hengwuyuan_roof
22:47:40 | INFO: Blender create Mesh node Mobile_hengwuyuan_roofshell
22:47:40 | INFO: Draco Decoder: Decode primitive Mobile_hengwuyuan_roofshell
22:47:40 | INFO: Blender create Mesh node Mobile_hengwuyuan_botanical_bamboo
22:47:40 | INFO: Draco Decoder: Decode primitive Mobile_hengwuyuan_botanical_bamboo
22:47:40 | INFO: Blender create Mesh node Mobile_hengwuyuan_botanical_litter
22:47:40 | INFO: Draco Decoder: Decode primitive Mobile_hengwuyuan_botanical_litter
22:47:40 | INFO: Blender create Mesh node Mobile_hengwuyuan_plants
22:47:40 | INFO: Draco Decoder: Decode primitive Mobile_hengwuyuan_plants
22:47:40 | INFO: Blender create Mesh node Mobile_qiushuangzhai
22:47:40 | INFO: Draco Decoder: Decode primitive Mobile_qiushuangzhai
22:47:40 | INFO: Blender create Mesh node Mobile_qiushuangzhai_courtbase
22:47:40 | INFO: Draco Decoder: Decode primitive Mobile_qiushuangzhai_courtbase
22:47:40 | INFO: Blender create Mesh node Mobile_qiushuangzhai_floorwood
22:47:40 | INFO: Draco Decoder: Decode primitive Mobile_qiushuangzhai_floorwood
22:47:40 | INFO: Blender create Mesh node Mobile_qiushuangzhai_paving
22:47:40 | INFO: Draco Decoder: Decode primitive Mobile_qiushuangzhai_paving
22:47:40 | INFO: Blender create Mesh node Mobile_qiushuangzhai_roof
22:47:40 | INFO: Draco Decoder: Decode primitive Mobile_qiushuangzhai_roof
22:47:40 | INFO: Blender create Mesh node Mobile_qiushuangzhai_roofshell
22:47:40 | INFO: Draco Decoder: Decode primitive Mobile_qiushuangzhai_roofshell
22:47:40 | INFO: Blender create Mesh node qiushuangzhai_lantern
22:47:40 | INFO: Draco Decoder: Decode primitive qiushuangzhai_lantern
22:47:40 | INFO: Blender create Mesh node qiushuangzhai_screen
22:47:40 | INFO: Draco Decoder: Decode primitive qiushuangzhai_screen
22:47:40 | INFO: Blender create Mesh node qiushuangzhai_silk.001
22:47:40 | INFO: Draco Decoder: Decode primitive qiushuangzhai_silk.001
22:47:40 | INFO: Blender create Mesh node Mobile_qiushuangzhai_botanical_bamboo
22:47:40 | INFO: Draco Decoder: Decode primitive Mobile_qiushuangzhai_botanical_bamboo
22:47:40 | INFO: Blender create Mesh node Mobile_qiushuangzhai_botanical_litter
22:47:40 | INFO: Draco Decoder: Decode primitive Mobile_qiushuangzhai_botanical_litter
22:47:40 | INFO: Blender create Mesh node Mobile_qiushuangzhai_plants
22:47:40 | INFO: Draco Decoder: Decode primitive Mobile_qiushuangzhai_plants
22:47:40 | INFO: Blender create Mesh node daoxiangcun_screen.001
22:47:40 | INFO: Draco Decoder: Decode primitive daoxiangcun_screen.001
22:47:40 | INFO: Blender create Mesh node Mobile_daoxiangcun
22:47:40 | INFO: Draco Decoder: Decode primitive Mobile_daoxiangcun
22:47:40 | INFO: Blender create Mesh node Mobile_daoxiangcun_paving
22:47:40 | INFO: Draco Decoder: Decode primitive Mobile_daoxiangcun_paving
22:47:40 | INFO: Blender create Mesh node Mobile_daoxiangcun_plants
22:47:40 | INFO: Draco Decoder: Decode primitive Mobile_daoxiangcun_plants
22:47:40 | INFO: Blender create Mesh node Mobile_ouxiangxie
22:47:40 | INFO: Draco Decoder: Decode primitive Mobile_ouxiangxie
22:47:40 | INFO: Blender create Mesh node Mobile_ouxiangxie_roof
22:47:40 | INFO: Draco Decoder: Decode primitive Mobile_ouxiangxie_roof
22:47:40 | INFO: Blender create Mesh node Mobile_ouxiangxie_roofshell
22:47:40 | INFO: Draco Decoder: Decode primitive Mobile_ouxiangxie_roofshell
22:47:40 | INFO: Blender create Mesh node ouxiangxie_screen
22:47:40 | INFO: Draco Decoder: Decode primitive ouxiangxie_screen
22:47:40 | INFO: Blender create Mesh node Mobile_ouxiangxie_plants
22:47:40 | INFO: Draco Decoder: Decode primitive Mobile_ouxiangxie_plants
22:47:40 | INFO: Blender create Mesh node dicuiting_lantern
22:47:40 | INFO: Draco Decoder: Decode primitive dicuiting_lantern
22:47:40 | INFO: Blender create Mesh node Mobile_dicuiting
22:47:40 | INFO: Draco Decoder: Decode primitive Mobile_dicuiting
22:47:40 | INFO: Blender create Mesh node Mobile_dicuiting_roof
22:47:40 | INFO: Draco Decoder: Decode primitive Mobile_dicuiting_roof
22:47:40 | INFO: Blender create Mesh node Mobile_dicuiting_roofshell
22:47:40 | INFO: Draco Decoder: Decode primitive Mobile_dicuiting_roofshell
22:47:40 | INFO: Blender create Mesh node Mobile_luxuean
22:47:40 | INFO: Draco Decoder: Decode primitive Mobile_luxuean
22:47:40 | INFO: Blender create Mesh node Mobile_luxuean_paving
22:47:40 | INFO: Draco Decoder: Decode primitive Mobile_luxuean_paving
22:47:40 | INFO: Blender create Mesh node Mobile_luxuean_plants
22:47:40 | INFO: Draco Decoder: Decode primitive Mobile_luxuean_plants
22:47:40 | INFO: Blender create Mesh node Mobile_tubishanzhuang
22:47:40 | INFO: Draco Decoder: Decode primitive Mobile_tubishanzhuang
Blender 4.5.9 LTS (hash 8bf95cbd38d1 built 2026-04-21 01:33:45)
Read blend: "D:\Users\Lenovo\Desktop\澶ц鍥璡blender\daguanyuan_master.blend"
DracoDecoder | Decoded 384 vertices, 576 indices
DracoDecoder | Decoded 3678 vertices, 3678 indices
DracoDecoder | Decoded 1508 vertices, 2262 indices
DracoDecoder | Decoded 183 vertices, 183 indices
DracoDecoder | Decoded 4 vertices, 6 indices
DracoDecoder | Decoded 1795 vertices, 1797 indices
DracoDecoder | Decoded 238 vertices, 354 indices
DracoDecoder | Decoded 2190 vertices, 8301 indices
DracoDecoder | Decoded 273 vertices, 273 indices
DracoDecoder | Decoded 486 vertices, 486 indices
DracoDecoder | Decoded 5216 vertices, 5250 indices
DracoDecoder | Decoded 744 vertices, 744 indices
DracoDecoder | Decoded 1152 vertices, 1728 indices
DracoDecoder | Decoded 18 vertices, 30 indices
DracoDecoder | Decoded 3240 vertices, 3240 indices
DracoDecoder | Decoded 736 vertices, 1092 indices
DracoDecoder | Decoded 320 vertices, 480 indices
DracoDecoder | Decoded 24 vertices, 36 indices
DracoDecoder | Decoded 3693 vertices, 3723 indices
DracoDecoder | Decoded 44 vertices, 78 indices
DracoDecoder | Decoded 105 vertices, 111 indices
DracoDecoder | Decoded 186 vertices, 186 indices
DracoDecoder | Decoded 1360 vertices, 1386 indices
DracoDecoder | Decoded 5092 vertices, 5118 indices
DracoDecoder | Decoded 4 vertices, 6 indices
DracoDecoder | Decoded 1440 vertices, 2160 indices
DracoDecoder | Decoded 2227 vertices, 8310 indices
DracoDecoder | Decoded 366 vertices, 366 indices
DracoDecoder | Decoded 410 vertices, 618 indices
DracoDecoder | Decoded 4404 vertices, 4404 indices
DracoDecoder | Decoded 878 vertices, 1302 indices
DracoDecoder | Decoded 320 vertices, 480 indices
DracoDecoder | Decoded 120 vertices, 180 indices
DracoDecoder | Decoded 72 vertices, 108 indices
DracoDecoder | Decoded 710 vertices, 720 indices
DracoDecoder | Decoded 131 vertices, 237 indices
DracoDecoder | Decoded 59 vertices, 63 indices
DracoDecoder | Decoded 186 vertices, 186 indices
DracoDecoder | Decoded 1722 vertices, 1788 indices
DracoDecoder | Decoded 320 vertices, 480 indices
DracoDecoder | Decoded 24 vertices, 36 indices
DracoDecoder | Decoded 4265 vertices, 4281 indices
DracoDecoder | Decoded 8 vertices, 12 indices
DracoDecoder | Decoded 1648 vertices, 2472 indices
DracoDecoder | Decoded 2202 vertices, 8337 indices
DracoDecoder | Decoded 273 vertices, 273 indices
DracoDecoder | Decoded 254 vertices, 384 indices
DracoDecoder | Decoded 3657 vertices, 3657 indices
DracoDecoder | Decoded 626 vertices, 930 indices
DracoDecoder | Decoded 1106 vertices, 1110 indices
DracoDecoder | Decoded 81 vertices, 81 indices
DracoDecoder | Decoded 1547 vertices, 1713 indices
DracoDecoder | Decoded 6506 vertices, 6660 indices
DracoDecoder | Decoded 4 vertices, 6 indices
DracoDecoder | Decoded 1784 vertices, 2676 indices
DracoDecoder | Decoded 594 vertices, 894 indices
DracoDecoder | Decoded 2211 vertices, 2211 indices
DracoDecoder | Decoded 406 vertices, 606 indices
DracoDecoder | Decoded 320 vertices, 480 indices
DracoDecoder | Decoded 192 vertices, 288 indices
DracoDecoder | Decoded 24 vertices, 36 indices
DracoDecoder | Decoded 1037 vertices, 1041 indices
DracoDecoder | Decoded 82 vertices, 84 indices
DracoDecoder | Decoded 1577 vertices, 1707 indices
DracoDecoder | Decoded 192 vertices, 288 indices
DracoDecoder | Decoded 1098 vertices, 1116 indices
DracoDecoder | Decoded 30 vertices, 66 indices
DracoDecoder | Decoded 7803 vertices, 7857 indices
DracoDecoder | Decoded 1124 vertices, 1164 indices
DracoDecoder | Decoded 1611 vertices, 1611 indices
DracoDecoder | Decoded 286 vertices, 426 indices
DracoDecoder | Decoded 216 vertices, 324 indices
DracoDecoder | Decoded 192 vertices, 324 indices
DracoDecoder | Decoded 1280 vertices, 1920 indices
DracoDecoder | Decoded 608 vertices, 672 indices
DracoDecoder | Decoded 861 vertices, 861 indices
DracoDecoder | Decoded 246 vertices, 366 indices
DracoDecoder | Decoded 1306 vertices, 1380 indices
DracoDecoder | Decoded 22 vertices, 54 indices
DracoDecoder | Decoded 687 vertices, 735 indices
Drac22:47:40 | INFO: Blender create Mesh node Mobile_tubishanzhuang_floorwood
22:47:40 | INFO: Draco Decoder: Decode primitive Mobile_tubishanzhuang_floorwood
22:47:40 | INFO: Blender create Mesh node Mobile_tubishanzhuang_paving
22:47:40 | INFO: Draco Decoder: Decode primitive Mobile_tubishanzhuang_paving
22:47:40 | INFO: Blender create Mesh node Mobile_tubishanzhuang_roof
22:47:40 | INFO: Draco Decoder: Decode primitive Mobile_tubishanzhuang_roof
22:47:40 | INFO: Blender create Mesh node Mobile_tubishanzhuang_roofshell
22:47:40 | INFO: Draco Decoder: Decode primitive Mobile_tubishanzhuang_roofshell
22:47:40 | INFO: Blender create Mesh node tubishanzhuang_screen
22:47:40 | INFO: Draco Decoder: Decode primitive tubishanzhuang_screen
22:47:40 | INFO: Blender create Mesh node Mobile_tubishanzhuang_plants
22:47:40 | INFO: Draco Decoder: Decode primitive Mobile_tubishanzhuang_plants
22:47:40 | INFO: Blender create Mesh node aojingxiguan_screen
22:47:40 | INFO: Draco Decoder: Decode primitive aojingxiguan_screen
22:47:40 | INFO: Blender create Mesh node Mobile_aojingxiguan
22:47:40 | INFO: Draco Decoder: Decode primitive Mobile_aojingxiguan
22:47:40 | INFO: Blender create Mesh node Mobile_aojingxiguan_floorwood
22:47:40 | INFO: Draco Decoder: Decode primitive Mobile_aojingxiguan_floorwood
22:47:40 | INFO: Blender create Mesh node Mobile_aojingxiguan_paving
22:47:40 | INFO: Draco Decoder: Decode primitive Mobile_aojingxiguan_paving
22:47:40 | INFO: Blender create Mesh node Mobile_aojingxiguan_roof
22:47:40 | INFO: Draco Decoder: Decode primitive Mobile_aojingxiguan_roof
22:47:40 | INFO: Blender create Mesh node Mobile_aojingxiguan_roofshell
22:47:40 | INFO: Draco Decoder: Decode primitive Mobile_aojingxiguan_roofshell
22:47:40 | INFO: Blender create Mesh node Mobile_aojingxiguan_plants
22:47:40 | INFO: Draco Decoder: Decode primitive Mobile_aojingxiguan_plants
22:47:40 | INFO: Blender create Mesh node daguanlou_lantern
22:47:40 | INFO: Draco Decoder: Decode primitive daguanlou_lantern
22:47:40 | INFO: Blender create Mesh node daguanlou_screen
22:47:40 | INFO: Draco Decoder: Decode primitive daguanlou_screen
22:47:40 | INFO: Blender create Mesh node Mobile_daguanlou
22:47:40 | INFO: Draco Decoder: Decode primitive Mobile_daguanlou
22:47:41 | INFO: Blender create Mesh node Mobile_daguanlou_courtbase
22:47:41 | INFO: Draco Decoder: Decode primitive Mobile_daguanlou_courtbase
22:47:41 | INFO: Blender create Mesh node Mobile_daguanlou_floorwood
22:47:41 | INFO: Draco Decoder: Decode primitive Mobile_daguanlou_floorwood
22:47:41 | INFO: Blender create Mesh node Mobile_daguanlou_limestone
22:47:41 | INFO: Draco Decoder: Decode primitive Mobile_daguanlou_limestone
22:47:41 | INFO: Blender create Mesh node Mobile_daguanlou_paving
22:47:41 | INFO: Draco Decoder: Decode primitive Mobile_daguanlou_paving
22:47:41 | INFO: Blender create Mesh node Mobile_daguanlou_roof
22:47:41 | INFO: Draco Decoder: Decode primitive Mobile_daguanlou_roof
22:47:41 | INFO: Blender create Mesh node Mobile_daguanlou_roofshell
22:47:41 | INFO: Draco Decoder: Decode primitive Mobile_daguanlou_roofshell
22:47:41 | INFO: Blender create Mesh node Mobile_daguanlou_botanical_bamboo
22:47:41 | INFO: Draco Decoder: Decode primitive Mobile_daguanlou_botanical_bamboo
22:47:41 | INFO: Blender create Mesh node Mobile_daguanlou_botanical_litter
22:47:41 | INFO: Draco Decoder: Decode primitive Mobile_daguanlou_botanical_litter
22:47:41 | INFO: Blender create Mesh node Mobile_daguanlou_plants
22:47:41 | INFO: Draco Decoder: Decode primitive Mobile_daguanlou_plants
22:47:41 | INFO: Blender create Mesh node longcuian_screen
22:47:41 | INFO: Draco Decoder: Decode primitive longcuian_screen
22:47:41 | INFO: Blender create Mesh node Mobile_longcuian
22:47:41 | INFO: Draco Decoder: Decode primitive Mobile_longcuian
22:47:41 | INFO: Blender create Mesh node Mobile_longcuian_courtbase
22:47:41 | INFO: Draco Decoder: Decode primitive Mobile_longcuian_courtbase
22:47:41 | INFO: Blender create Mesh node Mobile_longcuian_floorwood
22:47:41 | INFO: Draco Decoder: Decode primitive Mobile_longcuian_floorwood
22:47:41 | INFO: Blender create Mesh node Mobile_longcuian_paving
22:47:41 | INFO: Draco Decoder: Decode primitive Mobile_longcuian_paving
22:47:41 | INFO: Blender create Mesh node Mobile_longcuian_roof
22:47:41 | INFO: Draco Decoder: Decode primitive Mobile_longcuian_roof
22:47:41 | INFO: Blender create Mesh node Mobile_longcuian_roofshell
22:47:41 | INFO: Draco Decoder: Decode primitive Mobile_longcuian_roofshell
22:47:41 | INFO: Blender create Mesh node Mobile_longcuian_plants
22:47:41 | INFO: Draco Decoder: Decode primitive Mobile_longcuian_plants
22:47:41 | INFO: Blender create Mesh node Mobile_nuanxiangwu
22:47:41 | INFO: Draco Decoder: Decode primitive Mobile_nuanxiangwu
22:47:41 | INFO: Blender create Mesh node Mobile_nuanxiangwu_courtbase
22:47:41 | INFO: Draco Decoder: Decode primitive Mobile_nuanxiangwu_courtbase
22:47:41 | INFO: Blender create Mesh node Mobile_nuanxiangwu_floorwood
22:47:41 | INFO: Draco Decoder: Decode primitive Mobile_nuanxiangwu_floorwood
22:47:41 | INFO: Blender create Mesh node Mobile_nuanxiangwu_paving
22:47:41 | INFO: Draco Decoder: Decode primitive Mobile_nuanxiangwu_paving
22:47:41 | INFO: Blender create Mesh node Mobile_nuanxiangwu_roof
22:47:41 | INFO: Draco Decoder: Decode primitive Mobile_nuanxiangwu_roof
22:47:41 | INFO: Blender create Mesh node Mobile_nuanxiangwu_roofshell
22:47:41 | INFO: Draco Decoder: Decode primitive Mobile_nuanxiangwu_roofshell
22:47:41 | INFO: Blender create Mesh node nuanxiangwu_screen
22:47:41 | INFO: Draco Decoder: Decode primitive nuanxiangwu_screen
22:47:41 | INFO: Blender create Mesh node nuanxiangwu_silk
22:47:41 | INFO: Draco Decoder: Decode primitive nuanxiangwu_silk
22:47:41 | INFO: Blender create Mesh node Mobile_nuanxiangwu_plants
22:47:41 | INFO: Draco Decoder: Decode primitive Mobile_nuanxiangwu_plants
22:47:41 | INFO: Blender create Mesh node landscape_lantern
22:47:41 | INFO: Draco Decoder: Decode primitive landscape_lantern
22:47:41 | INFO: Blender create Mesh node Mobile_landscape
22:47:41 | INFO: Draco Decoder: Decode primitive Mobile_landscape
22:47:41 | INFO: Blender create Mesh node Mobile_landscape_paving
22:47:41 | INFO: Draco Decoder: Decode primitive Mobile_landscape_paving
22:47:41 | INFO: Blender create Mesh node Mobile_landscape_limestone
22:47:41 | INFO: Draco Decoder: Decode primitive Mobile_landscape_limestone
22:47:41 | INFO: Blender create Mesh node Mobile_landscape_roofshell
22:47:41 | INFO: Draco Decoder: Decode primitive Mobile_landscape_roofshell
22:47:41 | INFO: Blender create Mesh node Mobile_landscape_earth
22:47:41 | INFO: Draco Decoder: Decode primitive Mobile_landscape_earth
22:47:41 | INFO: Blender create Mesh node Mobile_landscape_bankstone
22:47:41 | INFO: Draco Decoder: Decode primitive Mobile_landscape_bankstone
22:47:41 | INFO: Blender create Mesh node Mobile_landscape_plants
22:47:41 | INFO: Draco Decoder: Decode primitive Mobile_landscape_plants
22:47:41 | INFO: Blender create Mesh node Mobile_landscape_botanical_bamboo
22:47:41 | INFO: Draco Decoder: Decode primitive Mobile_landscape_botanical_bamboo
22:47:41 | INFO: glTF import finished in 1.06s
ROOF COVERAGE 1281 missing 0
oDecoder | Decoded 2772 vertices, 2772 indices
DracoDecoder | Decoded 1488 vertices, 2232 indices
DracoDecoder | Decoded 764 vertices, 1146 indices
DracoDecoder | Decoded 1788 vertices, 1788 indices
DracoDecoder | Decoded 286 vertices, 426 indices
DracoDecoder | Decoded 192 vertices, 288 indices
DracoDecoder | Decoded 486 vertices, 486 indices
DracoDecoder | Decoded 192 vertices, 288 indices
DracoDecoder | Decoded 2694 vertices, 2694 indices
DracoDecoder | Decoded 1332 vertices, 1998 indices
DracoDecoder | Decoded 768 vertices, 1158 indices
DracoDecoder | Decoded 1629 vertices, 1629 indices
DracoDecoder | Decoded 286 vertices, 426 indices
DracoDecoder | Decoded 486 vertices, 486 indices
DracoDecoder | Decoded 2704 vertices, 2928 indices
DracoDecoder | Decoded 1920 vertices, 2880 indices
DracoDecoder | Decoded 33799 vertices, 33951 indices
DracoDecoder | Decoded 8 vertices, 12 indices
DracoDecoder | Decoded 14416 vertices, 21624 indices
DracoDecoder | Decoded 2175 vertices, 2199 indices
DracoDecoder | Decoded 2842 vertices, 4314 indices
DracoDecoder | Decoded 27766 vertices, 27774 indices
DracoDecoder | Decoded 3638 vertices, 5418 indices
DracoDecoder | Decoded 5658 vertices, 5658 indices
DracoDecoder | Decoded 423 vertices, 423 indices
DracoDecoder | Decoded 1809 vertices, 1809 indices
DracoDecoder | Decoded 192 vertices, 288 indices
DracoDecoder | Decoded 5207 vertices, 5223 indices
DracoDecoder | Decoded 4 vertices, 6 indices
DracoDecoder | Decoded 1860 vertices, 2790 indices
DracoDecoder | Decoded 318 vertices, 480 indices
DracoDecoder | Decoded 3210 vertices, 3210 indices
DracoDecoder | Decoded 690 vertices, 1026 indices
DracoDecoder | Decoded 3815 vertices, 3825 indices
DracoDecoder | Decoded 3429 vertices, 3465 indices
DracoDecoder | Decoded 4 vertices, 6 indices
DracoDecoder | Decoded 1232 vertices, 1848 indices
DracoDecoder | Decoded 266 vertices, 420 indices
DracoDecoder | Decoded 2784 vertices, 2784 indices
DracoDecoder | Decoded 506 vertices, 750 indices
DracoDecoder | Decoded 216 vertices, 324 indices
DracoDecoder | Decoded 48 vertices, 72 indices
DracoDecoder | Decoded 2238 vertices, 2262 indices
DracoDecoder | Decoded 1744 vertices, 1824 indices
DracoDecoder | Decoded 59149 vertices, 70887 indices
DracoDecoder | Decoded 20980 vertices, 33252 indices
DracoDecoder | Decoded 352924 vertices, 353376 indices
DracoDecoder | Decoded 1334 vertices, 1974 indices
DracoDecoder | Decoded 4227 vertices, 21927 indices
DracoDecoder | Decoded 6444 vertices, 9666 indices
DracoDecoder | Decoded 22138 vertices, 23226 indices
DracoDecoder | Decoded 16431 vertices, 16431 indices

Blender quit
22:47:43 | INFO: Data are loaded, start creating Blender stuff
22:47:43 | INFO: Blender create Mesh node daguanyuan_gate_screen
22:47:43 | INFO: Draco Decoder: Decode primitive daguanyuan_gate_screen
22:47:43 | INFO: Blender create Mesh node Mobile_daguanyuan_gate
22:47:43 | INFO: Draco Decoder: Decode primitive Mobile_daguanyuan_gate
22:47:43 | INFO: Blender create Mesh node Mobile_daguanyuan_gate_floorwood
22:47:43 | INFO: Draco Decoder: Decode primitive Mobile_daguanyuan_gate_floorwood
22:47:43 | INFO: Blender create Mesh node Mobile_daguanyuan_gate_limestone
22:47:43 | INFO: Draco Decoder: Decode primitive Mobile_daguanyuan_gate_limestone
22:47:43 | INFO: Blender create Mesh node Mobile_daguanyuan_gate_paving
22:47:43 | INFO: Draco Decoder: Decode primitive Mobile_daguanyuan_gate_paving
22:47:43 | INFO: Blender create Mesh node Mobile_daguanyuan_gate_roof
22:47:43 | INFO: Draco Decoder: Decode primitive Mobile_daguanyuan_gate_roof
22:47:43 | INFO: Blender create Mesh node Mobile_daguanyuan_gate_roofshell
22:47:43 | INFO: Draco Decoder: Decode primitive Mobile_daguanyuan_gate_roofshell
22:47:43 | INFO: Blender create Mesh node Mobile_qujingtongyou_gardenstone
22:47:43 | INFO: Draco Decoder: Decode primitive Mobile_qujingtongyou_gardenstone
22:47:43 | INFO: Blender create Mesh node Mobile_qujingtongyou_limestone
22:47:43 | INFO: Draco Decoder: Decode primitive Mobile_qujingtongyou_limestone
22:47:43 | INFO: Blender create Mesh node Mobile_qujingtongyou_plants
22:47:43 | INFO: Draco Decoder: Decode primitive Mobile_qujingtongyou_plants
22:47:43 | INFO: Blender create Mesh node Mobile_xiaoxiangguan
22:47:43 | INFO: Draco Decoder: Decode primitive Mobile_xiaoxiangguan
22:47:43 | INFO: Blender create Mesh node Mobile_xiaoxiangguan_bankstone
22:47:43 | INFO: Draco Decoder: Decode primitive Mobile_xiaoxiangguan_bankstone
22:47:43 | INFO: Blender create Mesh node Mobile_xiaoxiangguan_floorwood
22:47:43 | INFO: Draco Decoder: Decode primitive Mobile_xiaoxiangguan_floorwood
22:47:43 | INFO: Blender create Mesh node Mobile_xiaoxiangguan_paving
22:47:43 | INFO: Draco Decoder: Decode primitive Mobile_xiaoxiangguan_paving
22:47:43 | INFO: Blender create Mesh node Mobile_xiaoxiangguan_roof
22:47:43 | INFO: Draco Decoder: Decode primitive Mobile_xiaoxiangguan_roof
22:47:43 | INFO: Blender create Mesh node Mobile_xiaoxiangguan_roofshell
22:47:43 | INFO: Draco Decoder: Decode primitive Mobile_xiaoxiangguan_roofshell
22:47:43 | INFO: Blender create Mesh node xiaoxiangguan_lantern
22:47:43 | INFO: Draco Decoder: Decode primitive xiaoxiangguan_lantern
22:47:43 | INFO: Blender create Mesh node xiaoxiangguan_silk
22:47:43 | INFO: Draco Decoder: Decode primitive xiaoxiangguan_silk
22:47:43 | INFO: Blender create Mesh node Mobile_xiaoxiangguan_botanical_bamboo
22:47:43 | INFO: Draco Decoder: Decode primitive Mobile_xiaoxiangguan_botanical_bamboo
22:47:43 | INFO: Blender create Mesh node Mobile_xiaoxiangguan_botanical_banana
22:47:43 | INFO: Draco Decoder: Decode primitive Mobile_xiaoxiangguan_botanical_banana
22:47:43 | INFO: Blender create Mesh node Mobile_xiaoxiangguan_botanical_litter
22:47:43 | INFO: Draco Decoder: Decode primitive Mobile_xiaoxiangguan_botanical_litter
22:47:43 | INFO: Blender create Mesh node Mobile_xiaoxiangguan_botanical_petal
22:47:43 | INFO: Draco Decoder: Decode primitive Mobile_xiaoxiangguan_botanical_petal
22:47:43 | INFO: Blender create Mesh node Mobile_xiaoxiangguan_plants
22:47:43 | INFO: Draco Decoder: Decode primitive Mobile_xiaoxiangguan_plants
22:47:43 | INFO: Blender create Mesh node Mobile_yihongyuan
22:47:43 | INFO: Draco Decoder: Decode primitive Mobile_yihongyuan
22:47:43 | INFO: Blender create Mesh node Mobile_yihongyuan_courtbase
22:47:43 | INFO: Draco Decoder: Decode primitive Mobile_yihongyuan_courtbase
22:47:43 | INFO: Blender create Mesh node Mobile_yihongyuan_floorwood
22:47:43 | INFO: Draco Decoder: Decode primitive Mobile_yihongyuan_floorwood
22:47:43 | INFO: Blender create Mesh node Mobile_yihongyuan_gardenstone
22:47:43 | INFO: Draco Decoder: Decode primitive Mobile_yihongyuan_gardenstone
22:47:43 | INFO: Blender create Mesh node Mobile_yihongyuan_limestone
22:47:43 | INFO: Draco Decoder: Decode primitive Mobile_yihongyuan_limestone
22:47:43 | INFO: Blender create Mesh node Mobile_yihongyuan_paving
22:47:43 | INFO: Draco Decoder: Decode primitive Mobile_yihongyuan_paving
22:47:43 | INFO: Blender create Mesh node Mobile_yihongyuan_roof
22:47:43 | INFO: Draco Decoder: Decode primitive Mobile_yihongyuan_roof
22:47:43 | INFO: Blender create Mesh node Mobile_yihongyuan_roofshell
22:47:43 | INFO: Draco Decoder: Decode primitive Mobile_yihongyuan_roofshell
22:47:43 | INFO: Blender create Mesh node yihongyuan_lantern
22:47:43 | INFO: Draco Decoder: Decode primitive yihongyuan_lantern
22:47:43 | INFO: Blender create Mesh node yihongyuan_screen.001
22:47:43 | INFO: Draco Decoder: Decode primitive yihongyuan_screen.001
22:47:43 | INFO: Blender create Mesh node yihongyuan_silk.001
22:47:43 | INFO: Draco Decoder: Decode primitive yihongyuan_silk.001
22:47:43 | INFO: Blender create Mesh node Mobile_yihongyuan_botanical_bamboo
22:47:43 | INFO: Draco Decoder: Decode primitive Mobile_yihongyuan_botanical_bamboo
22:47:43 | INFO: Blender create Mesh node Mobile_yihongyuan_botanical_banana
22:47:43 | INFO: Draco Decoder: Decode primitive Mobile_yihongyuan_botanical_banana
22:47:43 | INFO: Blender create Mesh node Mobile_yihongyuan_botanical_litter
22:47:43 | INFO: Draco Decoder: Decode primitive Mobile_yihongyuan_botanical_litter
22:47:43 | INFO: Blender create Mesh node Mobile_yihongyuan_botanical_petal
22:47:43 | INFO: Draco Decoder: Decode primitive Mobile_yihongyuan_botanical_petal
22:47:43 | INFO: Blender create Mesh node Mobile_yihongyuan_plants
22:47:43 | INFO: Draco Decoder: Decode primitive Mobile_yihongyuan_plants
22:47:43 | INFO: Blender create Mesh node hengwuyuan_lantern
22:47:43 | INFO: Draco Decoder: Decode primitive hengwuyuan_lantern
22:47:43 | INFO: Blender create Mesh node hengwuyuan_screen.001
22:47:43 | INFO: Draco Decoder: Decode primitive hengwuyuan_screen.001
22:47:43 | INFO: Blender create Mesh node Mobile_hengwuyuan
22:47:43 | INFO: Draco Decoder: Decode primitive Mobile_hengwuyuan
22:47:43 | INFO: Blender create Mesh node Mobile_hengwuyuan_courtbase
22:47:43 | INFO: Draco Decoder: Decode primitive Mobile_hengwuyuan_courtbase
22:47:43 | INFO: Blender create Mesh node Mobile_hengwuyuan_floorwood
22:47:43 | INFO: Draco Decoder: Decode primitive Mobile_hengwuyuan_floorwood
22:47:43 | INFO: Blender create Mesh node Mobile_hengwuyuan_gardenstone
22:47:43 | INFO: Draco Decoder: Decode primitive Mobile_hengwuyuan_gardenstone
22:47:43 | INFO: Blender create Mesh node Mobile_hengwuyuan_limestone
22:47:43 | INFO: Draco Decoder: Decode primitive Mobile_hengwuyuan_limestone
22:47:43 | INFO: Blender create Mesh node Mobile_hengwuyuan_paving
22:47:43 | INFO: Draco Decoder: Decode primitive Mobile_hengwuyuan_paving
22:47:43 | INFO: Blender create Mesh node Mobile_hengwuyuan_roof
22:47:43 | INFO: Draco Decoder: Decode primitive Mobile_hengwuyuan_roof
22:47:43 | INFO: Blender create Mesh node Mobile_hengwuyuan_roofshell
22:47:43 | INFO: Draco Decoder: Decode primitive Mobile_hengwuyuan_roofshell
22:47:43 | INFO: Blender create Mesh node Mobile_hengwuyuan_botanical_bamboo
22:47:43 | INFO: Draco Decoder: Decode primitive Mobile_hengwuyuan_botanical_bamboo
22:47:43 | INFO: Blender create Mesh node Mobile_hengwuyuan_botanical_litter
22:47:43 | INFO: Draco Decoder: Decode primitive Mobile_hengwuyuan_botanical_litter
22:47:43 | INFO: Blender create Mesh node Mobile_hengwuyuan_plants
22:47:43 | INFO: Draco Decoder: Decode primitive Mobile_hengwuyuan_plants
22:47:43 | INFO: Blender create Mesh node Mobile_qiushuangzhai
22:47:43 | INFO: Draco Decoder: Decode primitive Mobile_qiushuangzhai
22:47:43 | INFO: Blender create Mesh node Mobile_qiushuangzhai_courtbase
22:47:43 | INFO: Draco Decoder: Decode primitive Mobile_qiushuangzhai_courtbase
22:47:43 | INFO: Blender create Mesh node Mobile_qiushuangzhai_floorwood
22:47:43 | INFO: Draco Decoder: Decode primitive Mobile_qiushuangzhai_floorwood
22:47:43 | INFO: Blender create Mesh node Mobile_qiushuangzhai_paving
22:47:43 | INFO: Draco Decoder: Decode primitive Mobile_qiushuangzhai_paving
22:47:43 | INFO: Blender create Mesh node Mobile_qiushuangzhai_roof
22:47:43 | INFO: Draco Decoder: Decode primitive Mobile_qiushuangzhai_roof
22:47:43 | INFO: Blender create Mesh node Mobile_qiushuangzhai_roofshell
22:47:43 | INFO: Draco Decoder: Decode primitive Mobile_qiushuangzhai_roofshell
22:47:43 | INFO: Blender create Mesh node qiushuangzhai_lantern
22:47:43 | INFO: Draco Decoder: Decode primitive qiushuangzhai_lantern
22:47:43 | INFO: Blender create Mesh node qiushuangzhai_screen
22:47:43 | INFO: Draco Decoder: Decode primitive qiushuangzhai_screen
22:47:43 | INFO: Blender create Mesh node qiushuangzhai_silk.001
22:47:43 | INFO: Draco Decoder: Decode primitive qiushuangzhai_silk.001
22:47:43 | INFO: Blender create Mesh node Mobile_qiushuangzhai_botanical_bamboo
22:47:43 | INFO: Draco Decoder: Decode primitive Mobile_qiushuangzhai_botanical_bamboo
22:47:43 | INFO: Blender create Mesh node Mobile_qiushuangzhai_botanical_litter
22:47:43 | INFO: Draco Decoder: Decode primitive Mobile_qiushuangzhai_botanical_litter
22:47:43 | INFO: Blender create Mesh node Mobile_qiushuangzhai_plants
22:47:43 | INFO: Draco Decoder: Decode primitive Mobile_qiushuangzhai_plants
22:47:43 | INFO: Blender create Mesh node daoxiangcun_screen.001
22:47:43 | INFO: Draco Decoder: Decode primitive daoxiangcun_screen.001
22:47:43 | INFO: Blender create Mesh node Mobile_daoxiangcun
22:47:43 | INFO: Draco Decoder: Decode primitive Mobile_daoxiangcun
22:47:43 | INFO: Blender create Mesh node Mobile_daoxiangcun_paving
22:47:43 | INFO: Draco Decoder: Decode primitive Mobile_daoxiangcun_paving
22:47:43 | INFO: Blender create Mesh node Mobile_daoxiangcun_plants
22:47:43 | INFO: Draco Decoder: Decode primitive Mobile_daoxiangcun_plants
22:47:43 | INFO: Blender create Mesh node Mobile_ouxiangxie
22:47:43 | INFO: Draco Decoder: Decode primitive Mobile_ouxiangxie
22:47:43 | INFO: Blender create Mesh node Mobile_ouxiangxie_roof
22:47:43 | INFO: Draco Decoder: Decode primitive Mobile_ouxiangxie_roof
22:47:43 | INFO: Blender create Mesh node Mobile_ouxiangxie_roofshell
22:47:43 | INFO: Draco Decoder: Decode primitive Mobile_ouxiangxie_roofshell
22:47:43 | INFO: Blender create Mesh node ouxiangxie_screen
22:47:43 | INFO: Draco Decoder: Decode primitive ouxiangxie_screen
22:47:43 | INFO: Blender create Mesh node Mobile_ouxiangxie_plants
22:47:43 | INFO: Draco Decoder: Decode primitive Mobile_ouxiangxie_plants
22:47:43 | INFO: Blender create Mesh node dicuiting_lantern
22:47:43 | INFO: Draco Decoder: Decode primitive dicuiting_lantern
22:47:43 | INFO: Blender create Mesh node Mobile_dicuiting
22:47:43 | INFO: Draco Decoder: Decode primitive Mobile_dicuiting
22:47:43 | INFO: Blender create Mesh node Mobile_dicuiting_roof
22:47:43 | INFO: Draco Decoder: Decode primitive Mobile_dicuiting_roof
22:47:43 | INFO: Blender create Mesh node Mobile_dicuiting_roofshell
22:47:43 | INFO: Draco Decoder: Decode primitive Mobile_dicuiting_roofshell
22:47:43 | INFO: Blender create Mesh node Mobile_luxuean
22:47:43 | INFO: Draco Decoder: Decode primitive Mobile_luxuean
22:47:43 | INFO: Blender create Mesh node Mobile_luxuean_paving
22:47:43 | INFO: Draco Decoder: Decode primitive Mobile_luxuean_paving
22:47:43 | INFO: Blender create Mesh node Mobile_luxuean_plants
22:47:43 | INFO: Draco Decoder: Decode primitive Mobile_luxuean_plants
22:47:43 | INFO: Blender create Mesh node Mobile_tubishanzhuang
22:47:43 | INFO: Draco Decoder: Decode primitive Mobile_tubishanzhuang
22:47:43 | INFO: Blender create Mesh node Mobile_tubishanzhuang_floorwood
22:47:43 | INFO: Draco Decoder: Decode primitive Mobile_tubishanzhuang_floorwood
Blender 4.5.9 LTS (hash 8bf95cbd38d1 built 2026-04-21 01:33:45)
DracoDecoder | Decoded 384 vertices, 576 indices
DracoDecoder | Decoded 3678 vertices, 3678 indices
DracoDecoder | Decoded 1508 vertices, 2262 indices
DracoDecoder | Decoded 183 vertices, 183 indices
DracoDecoder | Decoded 4 vertices, 6 indices
DracoDecoder | Decoded 1795 vertices, 1797 indices
DracoDecoder | Decoded 238 vertices, 354 indices
DracoDecoder | Decoded 2190 vertices, 8301 indices
DracoDecoder | Decoded 273 vertices, 273 indices
DracoDecoder | Decoded 486 vertices, 486 indices
DracoDecoder | Decoded 5216 vertices, 5250 indices
DracoDecoder | Decoded 744 vertices, 744 indices
DracoDecoder | Decoded 1152 vertices, 1728 indices
DracoDecoder | Decoded 18 vertices, 30 indices
DracoDecoder | Decoded 3240 vertices, 3240 indices
DracoDecoder | Decoded 736 vertices, 1092 indices
DracoDecoder | Decoded 320 vertices, 480 indices
DracoDecoder | Decoded 24 vertices, 36 indices
DracoDecoder | Decoded 3693 vertices, 3723 indices
DracoDecoder | Decoded 44 vertices, 78 indices
DracoDecoder | Decoded 105 vertices, 111 indices
DracoDecoder | Decoded 186 vertices, 186 indices
DracoDecoder | Decoded 1360 vertices, 1386 indices
DracoDecoder | Decoded 5092 vertices, 5118 indices
DracoDecoder | Decoded 4 vertices, 6 indices
DracoDecoder | Decoded 1440 vertices, 2160 indices
DracoDecoder | Decoded 2227 vertices, 8310 indices
DracoDecoder | Decoded 366 vertices, 366 indices
DracoDecoder | Decoded 410 vertices, 618 indices
DracoDecoder | Decoded 4404 vertices, 4404 indices
DracoDecoder | Decoded 878 vertices, 1302 indices
DracoDecoder | Decoded 320 vertices, 480 indices
DracoDecoder | Decoded 120 vertices, 180 indices
DracoDecoder | Decoded 72 vertices, 108 indices
DracoDecoder | Decoded 710 vertices, 720 indices
DracoDecoder | Decoded 131 vertices, 237 indices
DracoDecoder | Decoded 59 vertices, 63 indices
DracoDecoder | Decoded 186 vertices, 186 indices
DracoDecoder | Decoded 1722 vertices, 1788 indices
DracoDecoder | Decoded 320 vertices, 480 indices
DracoDecoder | Decoded 24 vertices, 36 indices
DracoDecoder | Decoded 4265 vertices, 4281 indices
DracoDecoder | Decoded 8 vertices, 12 indices
DracoDecoder | Decoded 1648 vertices, 2472 indices
DracoDecoder | Decoded 2202 vertices, 8337 indices
DracoDecoder | Decoded 273 vertices, 273 indices
DracoDecoder | Decoded 254 vertices, 384 indices
DracoDecoder | Decoded 3657 vertices, 3657 indices
DracoDecoder | Decoded 626 vertices, 930 indices
DracoDecoder | Decoded 1106 vertices, 1110 indices
DracoDecoder | Decoded 81 vertices, 81 indices
DracoDecoder | Decoded 1547 vertices, 1713 indices
DracoDecoder | Decoded 6506 vertices, 6660 indices
DracoDecoder | Decoded 4 vertices, 6 indices
DracoDecoder | Decoded 1784 vertices, 2676 indices
DracoDecoder | Decoded 594 vertices, 894 indices
DracoDecoder | Decoded 2211 vertices, 2211 indices
DracoDecoder | Decoded 406 vertices, 606 indices
DracoDecoder | Decoded 320 vertices, 480 indices
DracoDecoder | Decoded 192 vertices, 288 indices
DracoDecoder | Decoded 24 vertices, 36 indices
DracoDecoder | Decoded 1037 vertices, 1041 indices
DracoDecoder | Decoded 82 vertices, 84 indices
DracoDecoder | Decoded 1577 vertices, 1707 indices
DracoDecoder | Decoded 192 vertices, 288 indices
DracoDecoder | Decoded 1098 vertices, 1116 indices
DracoDecoder | Decoded 30 vertices, 66 indices
DracoDecoder | Decoded 7803 vertices, 7857 indices
DracoDecoder | Decoded 1124 vertices, 1164 indices
DracoDecoder | Decoded 1611 vertices, 1611 indices
DracoDecoder | Decoded 286 vertices, 426 indices
DracoDecoder | Decoded 216 vertices, 324 indices
DracoDecoder | Decoded 192 vertices, 324 indices
DracoDecoder | Decoded 1280 vertices, 1920 indices
DracoDecoder | Decoded 608 vertices, 672 indices
DracoDecoder | Decoded 861 vertices, 861 indices
DracoDecoder | Decoded 246 vertices, 366 indices
DracoDecoder | Decoded 1306 vertices, 1380 indices
DracoDecoder | Decoded 22 vertices, 54 indices
DracoDecoder | Decoded 687 vertices, 735 indices
DracoDecoder | Decoded 2772 vertices, 2772 indices
DracoDecoder | Decoded 1488 verti22:47:43 | INFO: Blender create Mesh node Mobile_tubishanzhuang_paving
22:47:43 | INFO: Draco Decoder: Decode primitive Mobile_tubishanzhuang_paving
22:47:43 | INFO: Blender create Mesh node Mobile_tubishanzhuang_roof
22:47:43 | INFO: Draco Decoder: Decode primitive Mobile_tubishanzhuang_roof
22:47:43 | INFO: Blender create Mesh node Mobile_tubishanzhuang_roofshell
22:47:43 | INFO: Draco Decoder: Decode primitive Mobile_tubishanzhuang_roofshell
22:47:43 | INFO: Blender create Mesh node tubishanzhuang_screen
22:47:43 | INFO: Draco Decoder: Decode primitive tubishanzhuang_screen
22:47:43 | INFO: Blender create Mesh node Mobile_tubishanzhuang_plants
22:47:43 | INFO: Draco Decoder: Decode primitive Mobile_tubishanzhuang_plants
22:47:43 | INFO: Blender create Mesh node aojingxiguan_screen
22:47:43 | INFO: Draco Decoder: Decode primitive aojingxiguan_screen
22:47:43 | INFO: Blender create Mesh node Mobile_aojingxiguan
22:47:43 | INFO: Draco Decoder: Decode primitive Mobile_aojingxiguan
22:47:43 | INFO: Blender create Mesh node Mobile_aojingxiguan_floorwood
22:47:43 | INFO: Draco Decoder: Decode primitive Mobile_aojingxiguan_floorwood
22:47:43 | INFO: Blender create Mesh node Mobile_aojingxiguan_paving
22:47:43 | INFO: Draco Decoder: Decode primitive Mobile_aojingxiguan_paving
22:47:43 | INFO: Blender create Mesh node Mobile_aojingxiguan_roof
22:47:43 | INFO: Draco Decoder: Decode primitive Mobile_aojingxiguan_roof
22:47:43 | INFO: Blender create Mesh node Mobile_aojingxiguan_roofshell
22:47:43 | INFO: Draco Decoder: Decode primitive Mobile_aojingxiguan_roofshell
22:47:43 | INFO: Blender create Mesh node Mobile_aojingxiguan_plants
22:47:43 | INFO: Draco Decoder: Decode primitive Mobile_aojingxiguan_plants
22:47:43 | INFO: Blender create Mesh node daguanlou_lantern
22:47:43 | INFO: Draco Decoder: Decode primitive daguanlou_lantern
22:47:43 | INFO: Blender create Mesh node daguanlou_screen
22:47:43 | INFO: Draco Decoder: Decode primitive daguanlou_screen
22:47:43 | INFO: Blender create Mesh node Mobile_daguanlou
22:47:43 | INFO: Draco Decoder: Decode primitive Mobile_daguanlou
22:47:43 | INFO: Blender create Mesh node Mobile_daguanlou_courtbase
22:47:43 | INFO: Draco Decoder: Decode primitive Mobile_daguanlou_courtbase
22:47:43 | INFO: Blender create Mesh node Mobile_daguanlou_floorwood
22:47:43 | INFO: Draco Decoder: Decode primitive Mobile_daguanlou_floorwood
22:47:43 | INFO: Blender create Mesh node Mobile_daguanlou_limestone
22:47:43 | INFO: Draco Decoder: Decode primitive Mobile_daguanlou_limestone
22:47:43 | INFO: Blender create Mesh node Mobile_daguanlou_paving
22:47:43 | INFO: Draco Decoder: Decode primitive Mobile_daguanlou_paving
22:47:43 | INFO: Blender create Mesh node Mobile_daguanlou_roof
22:47:43 | INFO: Draco Decoder: Decode primitive Mobile_daguanlou_roof
22:47:43 | INFO: Blender create Mesh node Mobile_daguanlou_roofshell
22:47:43 | INFO: Draco Decoder: Decode primitive Mobile_daguanlou_roofshell
22:47:43 | INFO: Blender create Mesh node Mobile_daguanlou_botanical_bamboo
22:47:43 | INFO: Draco Decoder: Decode primitive Mobile_daguanlou_botanical_bamboo
22:47:43 | INFO: Blender create Mesh node Mobile_daguanlou_botanical_litter
22:47:43 | INFO: Draco Decoder: Decode primitive Mobile_daguanlou_botanical_litter
22:47:43 | INFO: Blender create Mesh node Mobile_daguanlou_plants
22:47:43 | INFO: Draco Decoder: Decode primitive Mobile_daguanlou_plants
22:47:43 | INFO: Blender create Mesh node longcuian_screen
22:47:43 | INFO: Draco Decoder: Decode primitive longcuian_screen
22:47:43 | INFO: Blender create Mesh node Mobile_longcuian
22:47:43 | INFO: Draco Decoder: Decode primitive Mobile_longcuian
22:47:43 | INFO: Blender create Mesh node Mobile_longcuian_courtbase
22:47:43 | INFO: Draco Decoder: Decode primitive Mobile_longcuian_courtbase
22:47:43 | INFO: Blender create Mesh node Mobile_longcuian_floorwood
22:47:43 | INFO: Draco Decoder: Decode primitive Mobile_longcuian_floorwood
22:47:43 | INFO: Blender create Mesh node Mobile_longcuian_paving
22:47:43 | INFO: Draco Decoder: Decode primitive Mobile_longcuian_paving
22:47:43 | INFO: Blender create Mesh node Mobile_longcuian_roof
22:47:43 | INFO: Draco Decoder: Decode primitive Mobile_longcuian_roof
22:47:43 | INFO: Blender create Mesh node Mobile_longcuian_roofshell
22:47:43 | INFO: Draco Decoder: Decode primitive Mobile_longcuian_roofshell
22:47:43 | INFO: Blender create Mesh node Mobile_longcuian_plants
22:47:43 | INFO: Draco Decoder: Decode primitive Mobile_longcuian_plants
22:47:43 | INFO: Blender create Mesh node Mobile_nuanxiangwu
22:47:43 | INFO: Draco Decoder: Decode primitive Mobile_nuanxiangwu
22:47:43 | INFO: Blender create Mesh node Mobile_nuanxiangwu_courtbase
22:47:43 | INFO: Draco Decoder: Decode primitive Mobile_nuanxiangwu_courtbase
22:47:43 | INFO: Blender create Mesh node Mobile_nuanxiangwu_floorwood
22:47:43 | INFO: Draco Decoder: Decode primitive Mobile_nuanxiangwu_floorwood
22:47:43 | INFO: Blender create Mesh node Mobile_nuanxiangwu_paving
22:47:43 | INFO: Draco Decoder: Decode primitive Mobile_nuanxiangwu_paving
22:47:43 | INFO: Blender create Mesh node Mobile_nuanxiangwu_roof
22:47:43 | INFO: Draco Decoder: Decode primitive Mobile_nuanxiangwu_roof
22:47:43 | INFO: Blender create Mesh node Mobile_nuanxiangwu_roofshell
22:47:43 | INFO: Draco Decoder: Decode primitive Mobile_nuanxiangwu_roofshell
22:47:43 | INFO: Blender create Mesh node nuanxiangwu_screen
22:47:43 | INFO: Draco Decoder: Decode primitive nuanxiangwu_screen
22:47:43 | INFO: Blender create Mesh node nuanxiangwu_silk
22:47:43 | INFO: Draco Decoder: Decode primitive nuanxiangwu_silk
22:47:43 | INFO: Blender create Mesh node Mobile_nuanxiangwu_plants
22:47:43 | INFO: Draco Decoder: Decode primitive Mobile_nuanxiangwu_plants
22:47:43 | INFO: Blender create Mesh node landscape_lantern
22:47:43 | INFO: Draco Decoder: Decode primitive landscape_lantern
22:47:43 | INFO: Blender create Mesh node Mobile_landscape
22:47:43 | INFO: Draco Decoder: Decode primitive Mobile_landscape
22:47:43 | INFO: Blender create Mesh node Mobile_landscape_paving
22:47:43 | INFO: Draco Decoder: Decode primitive Mobile_landscape_paving
22:47:43 | INFO: Blender create Mesh node Mobile_landscape_limestone
22:47:43 | INFO: Draco Decoder: Decode primitive Mobile_landscape_limestone
22:47:44 | INFO: Blender create Mesh node Mobile_landscape_roofshell
22:47:44 | INFO: Draco Decoder: Decode primitive Mobile_landscape_roofshell
22:47:44 | INFO: Blender create Mesh node Mobile_landscape_earth
22:47:44 | INFO: Draco Decoder: Decode primitive Mobile_landscape_earth
22:47:44 | INFO: Blender create Mesh node Mobile_landscape_bankstone
22:47:44 | INFO: Draco Decoder: Decode primitive Mobile_landscape_bankstone
22:47:44 | INFO: Blender create Mesh node Mobile_landscape_plants
22:47:44 | INFO: Draco Decoder: Decode primitive Mobile_landscape_plants
22:47:44 | INFO: Blender create Mesh node Mobile_landscape_botanical_bamboo
22:47:44 | INFO: Draco Decoder: Decode primitive Mobile_landscape_botanical_bamboo
22:47:44 | INFO: glTF import finished in 1.12s
BUILT TERRAIN PATH CHECK 2217 height failures 0 duplicate ground surfaces 0 [] []
ces, 2232 indices
DracoDecoder | Decoded 764 vertices, 1146 indices
DracoDecoder | Decoded 1788 vertices, 1788 indices
DracoDecoder | Decoded 286 vertices, 426 indices
DracoDecoder | Decoded 192 vertices, 288 indices
DracoDecoder | Decoded 486 vertices, 486 indices
DracoDecoder | Decoded 192 vertices, 288 indices
DracoDecoder | Decoded 2694 vertices, 2694 indices
DracoDecoder | Decoded 1332 vertices, 1998 indices
DracoDecoder | Decoded 768 vertices, 1158 indices
DracoDecoder | Decoded 1629 vertices, 1629 indices
DracoDecoder | Decoded 286 vertices, 426 indices
DracoDecoder | Decoded 486 vertices, 486 indices
DracoDecoder | Decoded 2704 vertices, 2928 indices
DracoDecoder | Decoded 1920 vertices, 2880 indices
DracoDecoder | Decoded 33799 vertices, 33951 indices
DracoDecoder | Decoded 8 vertices, 12 indices
DracoDecoder | Decoded 14416 vertices, 21624 indices
DracoDecoder | Decoded 2175 vertices, 2199 indices
DracoDecoder | Decoded 2842 vertices, 4314 indices
DracoDecoder | Decoded 27766 vertices, 27774 indices
DracoDecoder | Decoded 3638 vertices, 5418 indices
DracoDecoder | Decoded 5658 vertices, 5658 indices
DracoDecoder | Decoded 423 vertices, 423 indices
DracoDecoder | Decoded 1809 vertices, 1809 indices
DracoDecoder | Decoded 192 vertices, 288 indices
DracoDecoder | Decoded 5207 vertices, 5223 indices
DracoDecoder | Decoded 4 vertices, 6 indices
DracoDecoder | Decoded 1860 vertices, 2790 indices
DracoDecoder | Decoded 318 vertices, 480 indices
DracoDecoder | Decoded 3210 vertices, 3210 indices
DracoDecoder | Decoded 690 vertices, 1026 indices
DracoDecoder | Decoded 3815 vertices, 3825 indices
DracoDecoder | Decoded 3429 vertices, 3465 indices
DracoDecoder | Decoded 4 vertices, 6 indices
DracoDecoder | Decoded 1232 vertices, 1848 indices
DracoDecoder | Decoded 266 vertices, 420 indices
DracoDecoder | Decoded 2784 vertices, 2784 indices
DracoDecoder | Decoded 506 vertices, 750 indices
DracoDecoder | Decoded 216 vertices, 324 indices
DracoDecoder | Decoded 48 vertices, 72 indices
DracoDecoder | Decoded 2238 vertices, 2262 indices
DracoDecoder | Decoded 1744 vertices, 1824 indices
DracoDecoder | Decoded 59149 vertices, 70887 indices
DracoDecoder | Decoded 20980 vertices, 33252 indices
DracoDecoder | Decoded 352924 vertices, 353376 indices
DracoDecoder | Decoded 1334 vertices, 1974 indices
DracoDecoder | Decoded 4227 vertices, 21927 indices
DracoDecoder | Decoded 6444 vertices, 9666 indices
DracoDecoder | Decoded 22138 vertices, 23226 indices
DracoDecoder | Decoded 16431 vertices, 16431 indices

Blender quit
22:47:48 | INFO: Data are loaded, start creating Blender stuff
22:47:48 | INFO: Blender create Mesh node daguanyuan_gate_screen
22:47:48 | INFO: Draco Decoder: Decode primitive daguanyuan_gate_screen
22:47:48 | INFO: Blender create Mesh node Mobile_daguanyuan_gate
22:47:48 | INFO: Draco Decoder: Decode primitive Mobile_daguanyuan_gate
22:47:48 | INFO: Blender create Mesh node Mobile_daguanyuan_gate_floorwood
22:47:48 | INFO: Draco Decoder: Decode primitive Mobile_daguanyuan_gate_floorwood
22:47:48 | INFO: Blender create Mesh node Mobile_daguanyuan_gate_limestone
22:47:48 | INFO: Draco Decoder: Decode primitive Mobile_daguanyuan_gate_limestone
22:47:48 | INFO: Blender create Mesh node Mobile_daguanyuan_gate_paving
22:47:48 | INFO: Draco Decoder: Decode primitive Mobile_daguanyuan_gate_paving
22:47:48 | INFO: Blender create Mesh node Mobile_daguanyuan_gate_roof
22:47:48 | INFO: Draco Decoder: Decode primitive Mobile_daguanyuan_gate_roof
22:47:48 | INFO: Blender create Mesh node Mobile_daguanyuan_gate_roofshell
22:47:48 | INFO: Draco Decoder: Decode primitive Mobile_daguanyuan_gate_roofshell
22:47:48 | INFO: Blender create Mesh node Mobile_qujingtongyou_gardenstone
22:47:48 | INFO: Draco Decoder: Decode primitive Mobile_qujingtongyou_gardenstone
22:47:48 | INFO: Blender create Mesh node Mobile_qujingtongyou_limestone
22:47:48 | INFO: Draco Decoder: Decode primitive Mobile_qujingtongyou_limestone
22:47:48 | INFO: Blender create Mesh node Mobile_qujingtongyou_plants
22:47:48 | INFO: Draco Decoder: Decode primitive Mobile_qujingtongyou_plants
22:47:48 | INFO: Blender create Mesh node Mobile_xiaoxiangguan
22:47:48 | INFO: Draco Decoder: Decode primitive Mobile_xiaoxiangguan
22:47:48 | INFO: Blender create Mesh node Mobile_xiaoxiangguan_bankstone
22:47:48 | INFO: Draco Decoder: Decode primitive Mobile_xiaoxiangguan_bankstone
22:47:48 | INFO: Blender create Mesh node Mobile_xiaoxiangguan_floorwood
22:47:48 | INFO: Draco Decoder: Decode primitive Mobile_xiaoxiangguan_floorwood
22:47:48 | INFO: Blender create Mesh node Mobile_xiaoxiangguan_paving
22:47:48 | INFO: Draco Decoder: Decode primitive Mobile_xiaoxiangguan_paving
22:47:48 | INFO: Blender create Mesh node Mobile_xiaoxiangguan_roof
22:47:48 | INFO: Draco Decoder: Decode primitive Mobile_xiaoxiangguan_roof
22:47:48 | INFO: Blender create Mesh node Mobile_xiaoxiangguan_roofshell
22:47:48 | INFO: Draco Decoder: Decode primitive Mobile_xiaoxiangguan_roofshell
22:47:48 | INFO: Blender create Mesh node xiaoxiangguan_lantern
22:47:48 | INFO: Draco Decoder: Decode primitive xiaoxiangguan_lantern
22:47:48 | INFO: Blender create Mesh node xiaoxiangguan_silk
22:47:48 | INFO: Draco Decoder: Decode primitive xiaoxiangguan_silk
22:47:48 | INFO: Blender create Mesh node Mobile_xiaoxiangguan_botanical_bamboo
22:47:48 | INFO: Draco Decoder: Decode primitive Mobile_xiaoxiangguan_botanical_bamboo
22:47:48 | INFO: Blender create Mesh node Mobile_xiaoxiangguan_botanical_banana
22:47:48 | INFO: Draco Decoder: Decode primitive Mobile_xiaoxiangguan_botanical_banana
22:47:48 | INFO: Blender create Mesh node Mobile_xiaoxiangguan_botanical_litter
22:47:48 | INFO: Draco Decoder: Decode primitive Mobile_xiaoxiangguan_botanical_litter
22:47:48 | INFO: Blender create Mesh node Mobile_xiaoxiangguan_botanical_petal
22:47:48 | INFO: Draco Decoder: Decode primitive Mobile_xiaoxiangguan_botanical_petal
22:47:48 | INFO: Blender create Mesh node Mobile_xiaoxiangguan_plants
22:47:48 | INFO: Draco Decoder: Decode primitive Mobile_xiaoxiangguan_plants
22:47:48 | INFO: Blender create Mesh node Mobile_yihongyuan
22:47:48 | INFO: Draco Decoder: Decode primitive Mobile_yihongyuan
22:47:48 | INFO: Blender create Mesh node Mobile_yihongyuan_courtbase
22:47:48 | INFO: Draco Decoder: Decode primitive Mobile_yihongyuan_courtbase
22:47:48 | INFO: Blender create Mesh node Mobile_yihongyuan_floorwood
22:47:48 | INFO: Draco Decoder: Decode primitive Mobile_yihongyuan_floorwood
22:47:48 | INFO: Blender create Mesh node Mobile_yihongyuan_gardenstone
22:47:48 | INFO: Draco Decoder: Decode primitive Mobile_yihongyuan_gardenstone
22:47:48 | INFO: Blender create Mesh node Mobile_yihongyuan_limestone
22:47:48 | INFO: Draco Decoder: Decode primitive Mobile_yihongyuan_limestone
22:47:48 | INFO: Blender create Mesh node Mobile_yihongyuan_paving
22:47:48 | INFO: Draco Decoder: Decode primitive Mobile_yihongyuan_paving
22:47:48 | INFO: Blender create Mesh node Mobile_yihongyuan_roof
22:47:48 | INFO: Draco Decoder: Decode primitive Mobile_yihongyuan_roof
22:47:48 | INFO: Blender create Mesh node Mobile_yihongyuan_roofshell
22:47:48 | INFO: Draco Decoder: Decode primitive Mobile_yihongyuan_roofshell
22:47:48 | INFO: Blender create Mesh node yihongyuan_lantern
22:47:48 | INFO: Draco Decoder: Decode primitive yihongyuan_lantern
22:47:48 | INFO: Blender create Mesh node yihongyuan_screen.001
22:47:48 | INFO: Draco Decoder: Decode primitive yihongyuan_screen.001
22:47:48 | INFO: Blender create Mesh node yihongyuan_silk.001
22:47:48 | INFO: Draco Decoder: Decode primitive yihongyuan_silk.001
22:47:48 | INFO: Blender create Mesh node Mobile_yihongyuan_botanical_bamboo
22:47:48 | INFO: Draco Decoder: Decode primitive Mobile_yihongyuan_botanical_bamboo
22:47:48 | INFO: Blender create Mesh node Mobile_yihongyuan_botanical_banana
22:47:48 | INFO: Draco Decoder: Decode primitive Mobile_yihongyuan_botanical_banana
22:47:48 | INFO: Blender create Mesh node Mobile_yihongyuan_botanical_litter
22:47:48 | INFO: Draco Decoder: Decode primitive Mobile_yihongyuan_botanical_litter
22:47:48 | INFO: Blender create Mesh node Mobile_yihongyuan_botanical_petal
22:47:48 | INFO: Draco Decoder: Decode primitive Mobile_yihongyuan_botanical_petal
22:47:48 | INFO: Blender create Mesh node Mobile_yihongyuan_plants
22:47:48 | INFO: Draco Decoder: Decode primitive Mobile_yihongyuan_plants
22:47:48 | INFO: Blender create Mesh node hengwuyuan_lantern
22:47:48 | INFO: Draco Decoder: Decode primitive hengwuyuan_lantern
22:47:48 | INFO: Blender create Mesh node hengwuyuan_screen.001
22:47:48 | INFO: Draco Decoder: Decode primitive hengwuyuan_screen.001
22:47:48 | INFO: Blender create Mesh node Mobile_hengwuyuan
22:47:48 | INFO: Draco Decoder: Decode primitive Mobile_hengwuyuan
22:47:48 | INFO: Blender create Mesh node Mobile_hengwuyuan_courtbase
22:47:48 | INFO: Draco Decoder: Decode primitive Mobile_hengwuyuan_courtbase
22:47:48 | INFO: Blender create Mesh node Mobile_hengwuyuan_floorwood
22:47:48 | INFO: Draco Decoder: Decode primitive Mobile_hengwuyuan_floorwood
22:47:48 | INFO: Blender create Mesh node Mobile_hengwuyuan_gardenstone
22:47:48 | INFO: Draco Decoder: Decode primitive Mobile_hengwuyuan_gardenstone
22:47:48 | INFO: Blender create Mesh node Mobile_hengwuyuan_limestone
22:47:48 | INFO: Draco Decoder: Decode primitive Mobile_hengwuyuan_limestone
22:47:48 | INFO: Blender create Mesh node Mobile_hengwuyuan_paving
22:47:48 | INFO: Draco Decoder: Decode primitive Mobile_hengwuyuan_paving
22:47:48 | INFO: Blender create Mesh node Mobile_hengwuyuan_roof
22:47:48 | INFO: Draco Decoder: Decode primitive Mobile_hengwuyuan_roof
22:47:48 | INFO: Blender create Mesh node Mobile_hengwuyuan_roofshell
22:47:48 | INFO: Draco Decoder: Decode primitive Mobile_hengwuyuan_roofshell
22:47:48 | INFO: Blender create Mesh node Mobile_hengwuyuan_botanical_bamboo
22:47:48 | INFO: Draco Decoder: Decode primitive Mobile_hengwuyuan_botanical_bamboo
22:47:48 | INFO: Blender create Mesh node Mobile_hengwuyuan_botanical_litter
22:47:48 | INFO: Draco Decoder: Decode primitive Mobile_hengwuyuan_botanical_litter
22:47:48 | INFO: Blender create Mesh node Mobile_hengwuyuan_plants
22:47:48 | INFO: Draco Decoder: Decode primitive Mobile_hengwuyuan_plants
22:47:48 | INFO: Blender create Mesh node Mobile_qiushuangzhai
22:47:48 | INFO: Draco Decoder: Decode primitive Mobile_qiushuangzhai
22:47:48 | INFO: Blender create Mesh node Mobile_qiushuangzhai_courtbase
22:47:48 | INFO: Draco Decoder: Decode primitive Mobile_qiushuangzhai_courtbase
22:47:48 | INFO: Blender create Mesh node Mobile_qiushuangzhai_floorwood
22:47:48 | INFO: Draco Decoder: Decode primitive Mobile_qiushuangzhai_floorwood
22:47:48 | INFO: Blender create Mesh node Mobile_qiushuangzhai_paving
22:47:48 | INFO: Draco Decoder: Decode primitive Mobile_qiushuangzhai_paving
22:47:48 | INFO: Blender create Mesh node Mobile_qiushuangzhai_roof
22:47:48 | INFO: Draco Decoder: Decode primitive Mobile_qiushuangzhai_roof
22:47:48 | INFO: Blender create Mesh node Mobile_qiushuangzhai_roofshell
22:47:48 | INFO: Draco Decoder: Decode primitive Mobile_qiushuangzhai_roofshell
22:47:48 | INFO: Blender create Mesh node qiushuangzhai_lantern
22:47:48 | INFO: Draco Decoder: Decode primitive qiushuangzhai_lantern
22:47:48 | INFO: Blender create Mesh node qiushuangzhai_screen
22:47:48 | INFO: Draco Decoder: Decode primitive qiushuangzhai_screen
22:47:48 | INFO: Blender create Mesh node qiushuangzhai_silk.001
22:47:48 | INFO: Draco Decoder: Decode primitive qiushuangzhai_silk.001
22:47:48 | INFO: Blender create Mesh node Mobile_qiushuangzhai_botanical_bamboo
22:47:48 | INFO: Draco Decoder: Decode primitive Mobile_qiushuangzhai_botanical_bamboo
22:47:48 | INFO: Blender create Mesh node Mobile_qiushuangzhai_botanical_litter
22:47:48 | INFO: Draco Decoder: Decode primitive Mobile_qiushuangzhai_botanical_litter
22:47:48 | INFO: Blender create Mesh node Mobile_qiushuangzhai_plants
22:47:48 | INFO: Draco Decoder: Decode primitive Mobile_qiushuangzhai_plants
22:47:48 | INFO: Blender create Mesh node daoxiangcun_screen.001
22:47:48 | INFO: Draco Decoder: Decode primitive daoxiangcun_screen.001
22:47:48 | INFO: Blender create Mesh node Mobile_daoxiangcun
22:47:48 | INFO: Draco Decoder: Decode primitive Mobile_daoxiangcun
22:47:48 | INFO: Blender create Mesh node Mobile_daoxiangcun_paving
22:47:48 | INFO: Draco Decoder: Decode primitive Mobile_daoxiangcun_paving
22:47:48 | INFO: Blender create Mesh node Mobile_daoxiangcun_plants
22:47:48 | INFO: Draco Decoder: Decode primitive Mobile_daoxiangcun_plants
22:47:48 | INFO: Blender create Mesh node Mobile_ouxiangxie
22:47:48 | INFO: Draco Decoder: Decode primitive Mobile_ouxiangxie
22:47:48 | INFO: Blender create Mesh node Mobile_ouxiangxie_roof
22:47:48 | INFO: Draco Decoder: Decode primitive Mobile_ouxiangxie_roof
22:47:48 | INFO: Blender create Mesh node Mobile_ouxiangxie_roofshell
22:47:48 | INFO: Draco Decoder: Decode primitive Mobile_ouxiangxie_roofshell
22:47:48 | INFO: Blender create Mesh node ouxiangxie_screen
22:47:48 | INFO: Draco Decoder: Decode primitive ouxiangxie_screen
22:47:48 | INFO: Blender create Mesh node Mobile_ouxiangxie_plants
22:47:48 | INFO: Draco Decoder: Decode primitive Mobile_ouxiangxie_plants
22:47:48 | INFO: Blender create Mesh node dicuiting_lantern
22:47:48 | INFO: Draco Decoder: Decode primitive dicuiting_lantern
22:47:48 | INFO: Blender create Mesh node Mobile_dicuiting
22:47:48 | INFO: Draco Decoder: Decode primitive Mobile_dicuiting
22:47:48 | INFO: Blender create Mesh node Mobile_dicuiting_roof
22:47:48 | INFO: Draco Decoder: Decode primitive Mobile_dicuiting_roof
22:47:48 | INFO: Blender create Mesh node Mobile_dicuiting_roofshell
22:47:48 | INFO: Draco Decoder: Decode primitive Mobile_dicuiting_roofshell
22:47:48 | INFO: Blender create Mesh node Mobile_luxuean
22:47:48 | INFO: Draco Decoder: Decode primitive Mobile_luxuean
22:47:48 | INFO: Blender create Mesh node Mobile_luxuean_paving
22:47:48 | INFO: Draco Decoder: Decode primitive Mobile_luxuean_paving
22:47:48 | INFO: Blender create Mesh node Mobile_luxuean_plants
22:47:48 | INFO: Draco Decoder: Decode primitive Mobile_luxuean_plants
22:47:48 | INFO: Blender create Mesh node Mobile_tubishanzhuang
22:47:48 | INFO: Draco Decoder: Decode primitive Mobile_tubishanzhuang
Blender 4.5.9 LTS (hash 8bf95cbd38d1 built 2026-04-21 01:33:45)
Read blend: "D:\Users\Lenovo\Desktop\澶ц鍥璡blender\daguanyuan_master.blend"
DracoDecoder | Decoded 384 vertices, 576 indices
DracoDecoder | Decoded 3678 vertices, 3678 indices
DracoDecoder | Decoded 1508 vertices, 2262 indices
DracoDecoder | Decoded 183 vertices, 183 indices
DracoDecoder | Decoded 4 vertices, 6 indices
DracoDecoder | Decoded 1795 vertices, 1797 indices
DracoDecoder | Decoded 238 vertices, 354 indices
DracoDecoder | Decoded 2190 vertices, 8301 indices
DracoDecoder | Decoded 273 vertices, 273 indices
DracoDecoder | Decoded 486 vertices, 486 indices
DracoDecoder | Decoded 5216 vertices, 5250 indices
DracoDecoder | Decoded 744 vertices, 744 indices
DracoDecoder | Decoded 1152 vertices, 1728 indices
DracoDecoder | Decoded 18 vertices, 30 indices
DracoDecoder | Decoded 3240 vertices, 3240 indices
DracoDecoder | Decoded 736 vertices, 1092 indices
DracoDecoder | Decoded 320 vertices, 480 indices
DracoDecoder | Decoded 24 vertices, 36 indices
DracoDecoder | Decoded 3693 vertices, 3723 indices
DracoDecoder | Decoded 44 vertices, 78 indices
DracoDecoder | Decoded 105 vertices, 111 indices
DracoDecoder | Decoded 186 vertices, 186 indices
DracoDecoder | Decoded 1360 vertices, 1386 indices
DracoDecoder | Decoded 5092 vertices, 5118 indices
DracoDecoder | Decoded 4 vertices, 6 indices
DracoDecoder | Decoded 1440 vertices, 2160 indices
DracoDecoder | Decoded 2227 vertices, 8310 indices
DracoDecoder | Decoded 366 vertices, 366 indices
DracoDecoder | Decoded 410 vertices, 618 indices
DracoDecoder | Decoded 4404 vertices, 4404 indices
DracoDecoder | Decoded 878 vertices, 1302 indices
DracoDecoder | Decoded 320 vertices, 480 indices
DracoDecoder | Decoded 120 vertices, 180 indices
DracoDecoder | Decoded 72 vertices, 108 indices
DracoDecoder | Decoded 710 vertices, 720 indices
DracoDecoder | Decoded 131 vertices, 237 indices
DracoDecoder | Decoded 59 vertices, 63 indices
DracoDecoder | Decoded 186 vertices, 186 indices
DracoDecoder | Decoded 1722 vertices, 1788 indices
DracoDecoder | Decoded 320 vertices, 480 indices
DracoDecoder | Decoded 24 vertices, 36 indices
DracoDecoder | Decoded 4265 vertices, 4281 indices
DracoDecoder | Decoded 8 vertices, 12 indices
DracoDecoder | Decoded 1648 vertices, 2472 indices
DracoDecoder | Decoded 2202 vertices, 8337 indices
DracoDecoder | Decoded 273 vertices, 273 indices
DracoDecoder | Decoded 254 vertices, 384 indices
DracoDecoder | Decoded 3657 vertices, 3657 indices
DracoDecoder | Decoded 626 vertices, 930 indices
DracoDecoder | Decoded 1106 vertices, 1110 indices
DracoDecoder | Decoded 81 vertices, 81 indices
DracoDecoder | Decoded 1547 vertices, 1713 indices
DracoDecoder | Decoded 6506 vertices, 6660 indices
DracoDecoder | Decoded 4 vertices, 6 indices
DracoDecoder | Decoded 1784 vertices, 2676 indices
DracoDecoder | Decoded 594 vertices, 894 indices
DracoDecoder | Decoded 2211 vertices, 2211 indices
DracoDecoder | Decoded 406 vertices, 606 indices
DracoDecoder | Decoded 320 vertices, 480 indices
DracoDecoder | Decoded 192 vertices, 288 indices
DracoDecoder | Decoded 24 vertices, 36 indices
DracoDecoder | Decoded 1037 vertices, 1041 indices
DracoDecoder | Decoded 82 vertices, 84 indices
DracoDecoder | Decoded 1577 vertices, 1707 indices
DracoDecoder | Decoded 192 vertices, 288 indices
DracoDecoder | Decoded 1098 vertices, 1116 indices
DracoDecoder | Decoded 30 vertices, 66 indices
DracoDecoder | Decoded 7803 vertices, 7857 indices
DracoDecoder | Decoded 1124 vertices, 1164 indices
DracoDecoder | Decoded 1611 vertices, 1611 indices
DracoDecoder | Decoded 286 vertices, 426 indices
DracoDecoder | Decoded 216 vertices, 324 indices
DracoDecoder | Decoded 192 vertices, 324 indices
DracoDecoder | Decoded 1280 vertices, 1920 indices
DracoDecoder | Decoded 608 vertices, 672 indices
DracoDecoder | Decoded 861 vertices, 861 indices
DracoDecoder | Decoded 246 vertices, 366 indices
DracoDecoder | Decoded 1306 vertices, 1380 indices
DracoDecoder | Decoded 22 vertices, 54 indices
DracoDecoder | Decoded 687 vertices, 735 indices
Drac22:47:48 | INFO: Blender create Mesh node Mobile_tubishanzhuang_floorwood
22:47:48 | INFO: Draco Decoder: Decode primitive Mobile_tubishanzhuang_floorwood
22:47:48 | INFO: Blender create Mesh node Mobile_tubishanzhuang_paving
22:47:48 | INFO: Draco Decoder: Decode primitive Mobile_tubishanzhuang_paving
22:47:48 | INFO: Blender create Mesh node Mobile_tubishanzhuang_roof
22:47:48 | INFO: Draco Decoder: Decode primitive Mobile_tubishanzhuang_roof
22:47:48 | INFO: Blender create Mesh node Mobile_tubishanzhuang_roofshell
22:47:48 | INFO: Draco Decoder: Decode primitive Mobile_tubishanzhuang_roofshell
22:47:48 | INFO: Blender create Mesh node tubishanzhuang_screen
22:47:48 | INFO: Draco Decoder: Decode primitive tubishanzhuang_screen
22:47:48 | INFO: Blender create Mesh node Mobile_tubishanzhuang_plants
22:47:48 | INFO: Draco Decoder: Decode primitive Mobile_tubishanzhuang_plants
22:47:48 | INFO: Blender create Mesh node aojingxiguan_screen
22:47:48 | INFO: Draco Decoder: Decode primitive aojingxiguan_screen
22:47:48 | INFO: Blender create Mesh node Mobile_aojingxiguan
22:47:48 | INFO: Draco Decoder: Decode primitive Mobile_aojingxiguan
22:47:48 | INFO: Blender create Mesh node Mobile_aojingxiguan_floorwood
22:47:48 | INFO: Draco Decoder: Decode primitive Mobile_aojingxiguan_floorwood
22:47:48 | INFO: Blender create Mesh node Mobile_aojingxiguan_paving
22:47:48 | INFO: Draco Decoder: Decode primitive Mobile_aojingxiguan_paving
22:47:48 | INFO: Blender create Mesh node Mobile_aojingxiguan_roof
22:47:48 | INFO: Draco Decoder: Decode primitive Mobile_aojingxiguan_roof
22:47:48 | INFO: Blender create Mesh node Mobile_aojingxiguan_roofshell
22:47:48 | INFO: Draco Decoder: Decode primitive Mobile_aojingxiguan_roofshell
22:47:48 | INFO: Blender create Mesh node Mobile_aojingxiguan_plants
22:47:48 | INFO: Draco Decoder: Decode primitive Mobile_aojingxiguan_plants
22:47:48 | INFO: Blender create Mesh node daguanlou_lantern
22:47:48 | INFO: Draco Decoder: Decode primitive daguanlou_lantern
22:47:48 | INFO: Blender create Mesh node daguanlou_screen
22:47:48 | INFO: Draco Decoder: Decode primitive daguanlou_screen
22:47:48 | INFO: Blender create Mesh node Mobile_daguanlou
22:47:48 | INFO: Draco Decoder: Decode primitive Mobile_daguanlou
22:47:48 | INFO: Blender create Mesh node Mobile_daguanlou_courtbase
22:47:48 | INFO: Draco Decoder: Decode primitive Mobile_daguanlou_courtbase
22:47:48 | INFO: Blender create Mesh node Mobile_daguanlou_floorwood
22:47:48 | INFO: Draco Decoder: Decode primitive Mobile_daguanlou_floorwood
22:47:48 | INFO: Blender create Mesh node Mobile_daguanlou_limestone
22:47:48 | INFO: Draco Decoder: Decode primitive Mobile_daguanlou_limestone
22:47:48 | INFO: Blender create Mesh node Mobile_daguanlou_paving
22:47:48 | INFO: Draco Decoder: Decode primitive Mobile_daguanlou_paving
22:47:48 | INFO: Blender create Mesh node Mobile_daguanlou_roof
22:47:48 | INFO: Draco Decoder: Decode primitive Mobile_daguanlou_roof
22:47:48 | INFO: Blender create Mesh node Mobile_daguanlou_roofshell
22:47:48 | INFO: Draco Decoder: Decode primitive Mobile_daguanlou_roofshell
22:47:48 | INFO: Blender create Mesh node Mobile_daguanlou_botanical_bamboo
22:47:48 | INFO: Draco Decoder: Decode primitive Mobile_daguanlou_botanical_bamboo
22:47:48 | INFO: Blender create Mesh node Mobile_daguanlou_botanical_litter
22:47:48 | INFO: Draco Decoder: Decode primitive Mobile_daguanlou_botanical_litter
22:47:48 | INFO: Blender create Mesh node Mobile_daguanlou_plants
22:47:48 | INFO: Draco Decoder: Decode primitive Mobile_daguanlou_plants
22:47:48 | INFO: Blender create Mesh node longcuian_screen
22:47:48 | INFO: Draco Decoder: Decode primitive longcuian_screen
22:47:48 | INFO: Blender create Mesh node Mobile_longcuian
22:47:48 | INFO: Draco Decoder: Decode primitive Mobile_longcuian
22:47:48 | INFO: Blender create Mesh node Mobile_longcuian_courtbase
22:47:48 | INFO: Draco Decoder: Decode primitive Mobile_longcuian_courtbase
22:47:48 | INFO: Blender create Mesh node Mobile_longcuian_floorwood
22:47:48 | INFO: Draco Decoder: Decode primitive Mobile_longcuian_floorwood
22:47:48 | INFO: Blender create Mesh node Mobile_longcuian_paving
22:47:48 | INFO: Draco Decoder: Decode primitive Mobile_longcuian_paving
22:47:48 | INFO: Blender create Mesh node Mobile_longcuian_roof
22:47:48 | INFO: Draco Decoder: Decode primitive Mobile_longcuian_roof
22:47:48 | INFO: Blender create Mesh node Mobile_longcuian_roofshell
22:47:48 | INFO: Draco Decoder: Decode primitive Mobile_longcuian_roofshell
22:47:48 | INFO: Blender create Mesh node Mobile_longcuian_plants
22:47:48 | INFO: Draco Decoder: Decode primitive Mobile_longcuian_plants
22:47:48 | INFO: Blender create Mesh node Mobile_nuanxiangwu
22:47:48 | INFO: Draco Decoder: Decode primitive Mobile_nuanxiangwu
22:47:48 | INFO: Blender create Mesh node Mobile_nuanxiangwu_courtbase
22:47:48 | INFO: Draco Decoder: Decode primitive Mobile_nuanxiangwu_courtbase
22:47:48 | INFO: Blender create Mesh node Mobile_nuanxiangwu_floorwood
22:47:48 | INFO: Draco Decoder: Decode primitive Mobile_nuanxiangwu_floorwood
22:47:48 | INFO: Blender create Mesh node Mobile_nuanxiangwu_paving
22:47:48 | INFO: Draco Decoder: Decode primitive Mobile_nuanxiangwu_paving
22:47:48 | INFO: Blender create Mesh node Mobile_nuanxiangwu_roof
22:47:48 | INFO: Draco Decoder: Decode primitive Mobile_nuanxiangwu_roof
22:47:48 | INFO: Blender create Mesh node Mobile_nuanxiangwu_roofshell
22:47:48 | INFO: Draco Decoder: Decode primitive Mobile_nuanxiangwu_roofshell
22:47:48 | INFO: Blender create Mesh node nuanxiangwu_screen
22:47:48 | INFO: Draco Decoder: Decode primitive nuanxiangwu_screen
22:47:48 | INFO: Blender create Mesh node nuanxiangwu_silk
22:47:48 | INFO: Draco Decoder: Decode primitive nuanxiangwu_silk
22:47:48 | INFO: Blender create Mesh node Mobile_nuanxiangwu_plants
22:47:48 | INFO: Draco Decoder: Decode primitive Mobile_nuanxiangwu_plants
22:47:48 | INFO: Blender create Mesh node landscape_lantern
22:47:48 | INFO: Draco Decoder: Decode primitive landscape_lantern
22:47:48 | INFO: Blender create Mesh node Mobile_landscape
22:47:48 | INFO: Draco Decoder: Decode primitive Mobile_landscape
22:47:48 | INFO: Blender create Mesh node Mobile_landscape_paving
22:47:48 | INFO: Draco Decoder: Decode primitive Mobile_landscape_paving
22:47:48 | INFO: Blender create Mesh node Mobile_landscape_limestone
22:47:48 | INFO: Draco Decoder: Decode primitive Mobile_landscape_limestone
22:47:49 | INFO: Blender create Mesh node Mobile_landscape_roofshell
22:47:49 | INFO: Draco Decoder: Decode primitive Mobile_landscape_roofshell
22:47:49 | INFO: Blender create Mesh node Mobile_landscape_earth
22:47:49 | INFO: Draco Decoder: Decode primitive Mobile_landscape_earth
22:47:49 | INFO: Blender create Mesh node Mobile_landscape_bankstone
22:47:49 | INFO: Draco Decoder: Decode primitive Mobile_landscape_bankstone
22:47:49 | INFO: Blender create Mesh node Mobile_landscape_plants
22:47:49 | INFO: Draco Decoder: Decode primitive Mobile_landscape_plants
22:47:49 | INFO: Blender create Mesh node Mobile_landscape_botanical_bamboo
22:47:49 | INFO: Draco Decoder: Decode primitive Mobile_landscape_botanical_bamboo
22:47:49 | INFO: glTF import finished in 1.06s
FLOOR COVERAGE 2959 missing 0
oDecoder | Decoded 2772 vertices, 2772 indices
DracoDecoder | Decoded 1488 vertices, 2232 indices
DracoDecoder | Decoded 764 vertices, 1146 indices
DracoDecoder | Decoded 1788 vertices, 1788 indices
DracoDecoder | Decoded 286 vertices, 426 indices
DracoDecoder | Decoded 192 vertices, 288 indices
DracoDecoder | Decoded 486 vertices, 486 indices
DracoDecoder | Decoded 192 vertices, 288 indices
DracoDecoder | Decoded 2694 vertices, 2694 indices
DracoDecoder | Decoded 1332 vertices, 1998 indices
DracoDecoder | Decoded 768 vertices, 1158 indices
DracoDecoder | Decoded 1629 vertices, 1629 indices
DracoDecoder | Decoded 286 vertices, 426 indices
DracoDecoder | Decoded 486 vertices, 486 indices
DracoDecoder | Decoded 2704 vertices, 2928 indices
DracoDecoder | Decoded 1920 vertices, 2880 indices
DracoDecoder | Decoded 33799 vertices, 33951 indices
DracoDecoder | Decoded 8 vertices, 12 indices
DracoDecoder | Decoded 14416 vertices, 21624 indices
DracoDecoder | Decoded 2175 vertices, 2199 indices
DracoDecoder | Decoded 2842 vertices, 4314 indices
DracoDecoder | Decoded 27766 vertices, 27774 indices
DracoDecoder | Decoded 3638 vertices, 5418 indices
DracoDecoder | Decoded 5658 vertices, 5658 indices
DracoDecoder | Decoded 423 vertices, 423 indices
DracoDecoder | Decoded 1809 vertices, 1809 indices
DracoDecoder | Decoded 192 vertices, 288 indices
DracoDecoder | Decoded 5207 vertices, 5223 indices
DracoDecoder | Decoded 4 vertices, 6 indices
DracoDecoder | Decoded 1860 vertices, 2790 indices
DracoDecoder | Decoded 318 vertices, 480 indices
DracoDecoder | Decoded 3210 vertices, 3210 indices
DracoDecoder | Decoded 690 vertices, 1026 indices
DracoDecoder | Decoded 3815 vertices, 3825 indices
DracoDecoder | Decoded 3429 vertices, 3465 indices
DracoDecoder | Decoded 4 vertices, 6 indices
DracoDecoder | Decoded 1232 vertices, 1848 indices
DracoDecoder | Decoded 266 vertices, 420 indices
DracoDecoder | Decoded 2784 vertices, 2784 indices
DracoDecoder | Decoded 506 vertices, 750 indices
DracoDecoder | Decoded 216 vertices, 324 indices
DracoDecoder | Decoded 48 vertices, 72 indices
DracoDecoder | Decoded 2238 vertices, 2262 indices
DracoDecoder | Decoded 1744 vertices, 1824 indices
DracoDecoder | Decoded 59149 vertices, 70887 indices
DracoDecoder | Decoded 20980 vertices, 33252 indices
DracoDecoder | Decoded 352924 vertices, 353376 indices
DracoDecoder | Decoded 1334 vertices, 1974 indices
DracoDecoder | Decoded 4227 vertices, 21927 indices
DracoDecoder | Decoded 6444 vertices, 9666 indices
DracoDecoder | Decoded 22138 vertices, 23226 indices
DracoDecoder | Decoded 16431 vertices, 16431 indices

Blender quit
22:47:53 | INFO: Data are loaded, start creating Blender stuff
22:47:53 | INFO: Blender create Mesh node daguanyuan_gate_screen
22:47:53 | INFO: Draco Decoder: Decode primitive daguanyuan_gate_screen
22:47:53 | INFO: Blender create Mesh node Mobile_daguanyuan_gate
22:47:53 | INFO: Draco Decoder: Decode primitive Mobile_daguanyuan_gate
22:47:53 | INFO: Blender create Mesh node Mobile_daguanyuan_gate_floorwood
22:47:53 | INFO: Draco Decoder: Decode primitive Mobile_daguanyuan_gate_floorwood
22:47:53 | INFO: Blender create Mesh node Mobile_daguanyuan_gate_limestone
22:47:53 | INFO: Draco Decoder: Decode primitive Mobile_daguanyuan_gate_limestone
22:47:53 | INFO: Blender create Mesh node Mobile_daguanyuan_gate_paving
22:47:53 | INFO: Draco Decoder: Decode primitive Mobile_daguanyuan_gate_paving
22:47:53 | INFO: Blender create Mesh node Mobile_daguanyuan_gate_roof
22:47:53 | INFO: Draco Decoder: Decode primitive Mobile_daguanyuan_gate_roof
22:47:53 | INFO: Blender create Mesh node Mobile_daguanyuan_gate_roofshell
22:47:53 | INFO: Draco Decoder: Decode primitive Mobile_daguanyuan_gate_roofshell
22:47:53 | INFO: Blender create Mesh node Mobile_qujingtongyou_gardenstone
22:47:53 | INFO: Draco Decoder: Decode primitive Mobile_qujingtongyou_gardenstone
22:47:53 | INFO: Blender create Mesh node Mobile_qujingtongyou_limestone
22:47:53 | INFO: Draco Decoder: Decode primitive Mobile_qujingtongyou_limestone
22:47:53 | INFO: Blender create Mesh node Mobile_qujingtongyou_plants
22:47:53 | INFO: Draco Decoder: Decode primitive Mobile_qujingtongyou_plants
22:47:53 | INFO: Blender create Mesh node Mobile_xiaoxiangguan
22:47:53 | INFO: Draco Decoder: Decode primitive Mobile_xiaoxiangguan
22:47:53 | INFO: Blender create Mesh node Mobile_xiaoxiangguan_bankstone
22:47:53 | INFO: Draco Decoder: Decode primitive Mobile_xiaoxiangguan_bankstone
22:47:53 | INFO: Blender create Mesh node Mobile_xiaoxiangguan_floorwood
22:47:53 | INFO: Draco Decoder: Decode primitive Mobile_xiaoxiangguan_floorwood
22:47:53 | INFO: Blender create Mesh node Mobile_xiaoxiangguan_paving
22:47:53 | INFO: Draco Decoder: Decode primitive Mobile_xiaoxiangguan_paving
22:47:53 | INFO: Blender create Mesh node Mobile_xiaoxiangguan_roof
22:47:53 | INFO: Draco Decoder: Decode primitive Mobile_xiaoxiangguan_roof
22:47:53 | INFO: Blender create Mesh node Mobile_xiaoxiangguan_roofshell
22:47:53 | INFO: Draco Decoder: Decode primitive Mobile_xiaoxiangguan_roofshell
22:47:53 | INFO: Blender create Mesh node xiaoxiangguan_lantern
22:47:53 | INFO: Draco Decoder: Decode primitive xiaoxiangguan_lantern
22:47:53 | INFO: Blender create Mesh node xiaoxiangguan_silk
22:47:53 | INFO: Draco Decoder: Decode primitive xiaoxiangguan_silk
22:47:53 | INFO: Blender create Mesh node Mobile_xiaoxiangguan_botanical_bamboo
22:47:53 | INFO: Draco Decoder: Decode primitive Mobile_xiaoxiangguan_botanical_bamboo
22:47:53 | INFO: Blender create Mesh node Mobile_xiaoxiangguan_botanical_banana
22:47:53 | INFO: Draco Decoder: Decode primitive Mobile_xiaoxiangguan_botanical_banana
22:47:53 | INFO: Blender create Mesh node Mobile_xiaoxiangguan_botanical_litter
22:47:53 | INFO: Draco Decoder: Decode primitive Mobile_xiaoxiangguan_botanical_litter
22:47:53 | INFO: Blender create Mesh node Mobile_xiaoxiangguan_botanical_petal
22:47:53 | INFO: Draco Decoder: Decode primitive Mobile_xiaoxiangguan_botanical_petal
22:47:53 | INFO: Blender create Mesh node Mobile_xiaoxiangguan_plants
22:47:53 | INFO: Draco Decoder: Decode primitive Mobile_xiaoxiangguan_plants
22:47:53 | INFO: Blender create Mesh node Mobile_yihongyuan
22:47:53 | INFO: Draco Decoder: Decode primitive Mobile_yihongyuan
22:47:53 | INFO: Blender create Mesh node Mobile_yihongyuan_courtbase
22:47:53 | INFO: Draco Decoder: Decode primitive Mobile_yihongyuan_courtbase
22:47:53 | INFO: Blender create Mesh node Mobile_yihongyuan_floorwood
22:47:53 | INFO: Draco Decoder: Decode primitive Mobile_yihongyuan_floorwood
22:47:53 | INFO: Blender create Mesh node Mobile_yihongyuan_gardenstone
22:47:53 | INFO: Draco Decoder: Decode primitive Mobile_yihongyuan_gardenstone
22:47:53 | INFO: Blender create Mesh node Mobile_yihongyuan_limestone
22:47:53 | INFO: Draco Decoder: Decode primitive Mobile_yihongyuan_limestone
22:47:53 | INFO: Blender create Mesh node Mobile_yihongyuan_paving
22:47:53 | INFO: Draco Decoder: Decode primitive Mobile_yihongyuan_paving
22:47:53 | INFO: Blender create Mesh node Mobile_yihongyuan_roof
22:47:53 | INFO: Draco Decoder: Decode primitive Mobile_yihongyuan_roof
22:47:53 | INFO: Blender create Mesh node Mobile_yihongyuan_roofshell
22:47:53 | INFO: Draco Decoder: Decode primitive Mobile_yihongyuan_roofshell
22:47:53 | INFO: Blender create Mesh node yihongyuan_lantern
22:47:53 | INFO: Draco Decoder: Decode primitive yihongyuan_lantern
22:47:53 | INFO: Blender create Mesh node yihongyuan_screen.001
22:47:53 | INFO: Draco Decoder: Decode primitive yihongyuan_screen.001
22:47:53 | INFO: Blender create Mesh node yihongyuan_silk.001
22:47:53 | INFO: Draco Decoder: Decode primitive yihongyuan_silk.001
22:47:53 | INFO: Blender create Mesh node Mobile_yihongyuan_botanical_bamboo
22:47:53 | INFO: Draco Decoder: Decode primitive Mobile_yihongyuan_botanical_bamboo
22:47:53 | INFO: Blender create Mesh node Mobile_yihongyuan_botanical_banana
22:47:53 | INFO: Draco Decoder: Decode primitive Mobile_yihongyuan_botanical_banana
22:47:53 | INFO: Blender create Mesh node Mobile_yihongyuan_botanical_litter
22:47:53 | INFO: Draco Decoder: Decode primitive Mobile_yihongyuan_botanical_litter
22:47:53 | INFO: Blender create Mesh node Mobile_yihongyuan_botanical_petal
22:47:53 | INFO: Draco Decoder: Decode primitive Mobile_yihongyuan_botanical_petal
22:47:53 | INFO: Blender create Mesh node Mobile_yihongyuan_plants
22:47:53 | INFO: Draco Decoder: Decode primitive Mobile_yihongyuan_plants
22:47:53 | INFO: Blender create Mesh node hengwuyuan_lantern
22:47:53 | INFO: Draco Decoder: Decode primitive hengwuyuan_lantern
22:47:53 | INFO: Blender create Mesh node hengwuyuan_screen.001
22:47:53 | INFO: Draco Decoder: Decode primitive hengwuyuan_screen.001
22:47:53 | INFO: Blender create Mesh node Mobile_hengwuyuan
22:47:53 | INFO: Draco Decoder: Decode primitive Mobile_hengwuyuan
22:47:53 | INFO: Blender create Mesh node Mobile_hengwuyuan_courtbase
22:47:53 | INFO: Draco Decoder: Decode primitive Mobile_hengwuyuan_courtbase
22:47:53 | INFO: Blender create Mesh node Mobile_hengwuyuan_floorwood
22:47:53 | INFO: Draco Decoder: Decode primitive Mobile_hengwuyuan_floorwood
22:47:53 | INFO: Blender create Mesh node Mobile_hengwuyuan_gardenstone
22:47:53 | INFO: Draco Decoder: Decode primitive Mobile_hengwuyuan_gardenstone
22:47:53 | INFO: Blender create Mesh node Mobile_hengwuyuan_limestone
22:47:53 | INFO: Draco Decoder: Decode primitive Mobile_hengwuyuan_limestone
22:47:53 | INFO: Blender create Mesh node Mobile_hengwuyuan_paving
22:47:53 | INFO: Draco Decoder: Decode primitive Mobile_hengwuyuan_paving
22:47:53 | INFO: Blender create Mesh node Mobile_hengwuyuan_roof
22:47:53 | INFO: Draco Decoder: Decode primitive Mobile_hengwuyuan_roof
22:47:53 | INFO: Blender create Mesh node Mobile_hengwuyuan_roofshell
22:47:53 | INFO: Draco Decoder: Decode primitive Mobile_hengwuyuan_roofshell
22:47:53 | INFO: Blender create Mesh node Mobile_hengwuyuan_botanical_bamboo
22:47:53 | INFO: Draco Decoder: Decode primitive Mobile_hengwuyuan_botanical_bamboo
22:47:53 | INFO: Blender create Mesh node Mobile_hengwuyuan_botanical_litter
22:47:53 | INFO: Draco Decoder: Decode primitive Mobile_hengwuyuan_botanical_litter
22:47:53 | INFO: Blender create Mesh node Mobile_hengwuyuan_plants
22:47:53 | INFO: Draco Decoder: Decode primitive Mobile_hengwuyuan_plants
22:47:53 | INFO: Blender create Mesh node Mobile_qiushuangzhai
22:47:53 | INFO: Draco Decoder: Decode primitive Mobile_qiushuangzhai
22:47:53 | INFO: Blender create Mesh node Mobile_qiushuangzhai_courtbase
22:47:53 | INFO: Draco Decoder: Decode primitive Mobile_qiushuangzhai_courtbase
22:47:53 | INFO: Blender create Mesh node Mobile_qiushuangzhai_floorwood
22:47:53 | INFO: Draco Decoder: Decode primitive Mobile_qiushuangzhai_floorwood
22:47:53 | INFO: Blender create Mesh node Mobile_qiushuangzhai_paving
22:47:53 | INFO: Draco Decoder: Decode primitive Mobile_qiushuangzhai_paving
22:47:53 | INFO: Blender create Mesh node Mobile_qiushuangzhai_roof
22:47:53 | INFO: Draco Decoder: Decode primitive Mobile_qiushuangzhai_roof
22:47:53 | INFO: Blender create Mesh node Mobile_qiushuangzhai_roofshell
22:47:53 | INFO: Draco Decoder: Decode primitive Mobile_qiushuangzhai_roofshell
22:47:53 | INFO: Blender create Mesh node qiushuangzhai_lantern
22:47:53 | INFO: Draco Decoder: Decode primitive qiushuangzhai_lantern
22:47:53 | INFO: Blender create Mesh node qiushuangzhai_screen
22:47:53 | INFO: Draco Decoder: Decode primitive qiushuangzhai_screen
22:47:53 | INFO: Blender create Mesh node qiushuangzhai_silk.001
22:47:53 | INFO: Draco Decoder: Decode primitive qiushuangzhai_silk.001
22:47:53 | INFO: Blender create Mesh node Mobile_qiushuangzhai_botanical_bamboo
22:47:53 | INFO: Draco Decoder: Decode primitive Mobile_qiushuangzhai_botanical_bamboo
22:47:53 | INFO: Blender create Mesh node Mobile_qiushuangzhai_botanical_litter
22:47:53 | INFO: Draco Decoder: Decode primitive Mobile_qiushuangzhai_botanical_litter
22:47:53 | INFO: Blender create Mesh node Mobile_qiushuangzhai_plants
22:47:53 | INFO: Draco Decoder: Decode primitive Mobile_qiushuangzhai_plants
22:47:53 | INFO: Blender create Mesh node daoxiangcun_screen.001
22:47:53 | INFO: Draco Decoder: Decode primitive daoxiangcun_screen.001
22:47:53 | INFO: Blender create Mesh node Mobile_daoxiangcun
22:47:53 | INFO: Draco Decoder: Decode primitive Mobile_daoxiangcun
22:47:53 | INFO: Blender create Mesh node Mobile_daoxiangcun_paving
22:47:53 | INFO: Draco Decoder: Decode primitive Mobile_daoxiangcun_paving
22:47:53 | INFO: Blender create Mesh node Mobile_daoxiangcun_plants
22:47:53 | INFO: Draco Decoder: Decode primitive Mobile_daoxiangcun_plants
22:47:53 | INFO: Blender create Mesh node Mobile_ouxiangxie
22:47:53 | INFO: Draco Decoder: Decode primitive Mobile_ouxiangxie
22:47:53 | INFO: Blender create Mesh node Mobile_ouxiangxie_roof
22:47:53 | INFO: Draco Decoder: Decode primitive Mobile_ouxiangxie_roof
22:47:53 | INFO: Blender create Mesh node Mobile_ouxiangxie_roofshell
22:47:53 | INFO: Draco Decoder: Decode primitive Mobile_ouxiangxie_roofshell
22:47:53 | INFO: Blender create Mesh node ouxiangxie_screen
22:47:53 | INFO: Draco Decoder: Decode primitive ouxiangxie_screen
22:47:53 | INFO: Blender create Mesh node Mobile_ouxiangxie_plants
22:47:53 | INFO: Draco Decoder: Decode primitive Mobile_ouxiangxie_plants
22:47:53 | INFO: Blender create Mesh node dicuiting_lantern
22:47:53 | INFO: Draco Decoder: Decode primitive dicuiting_lantern
22:47:53 | INFO: Blender create Mesh node Mobile_dicuiting
22:47:53 | INFO: Draco Decoder: Decode primitive Mobile_dicuiting
22:47:53 | INFO: Blender create Mesh node Mobile_dicuiting_roof
22:47:53 | INFO: Draco Decoder: Decode primitive Mobile_dicuiting_roof
22:47:53 | INFO: Blender create Mesh node Mobile_dicuiting_roofshell
22:47:53 | INFO: Draco Decoder: Decode primitive Mobile_dicuiting_roofshell
22:47:53 | INFO: Blender create Mesh node Mobile_luxuean
22:47:53 | INFO: Draco Decoder: Decode primitive Mobile_luxuean
22:47:53 | INFO: Blender create Mesh node Mobile_luxuean_paving
22:47:53 | INFO: Draco Decoder: Decode primitive Mobile_luxuean_paving
22:47:53 | INFO: Blender create Mesh node Mobile_luxuean_plants
22:47:53 | INFO: Draco Decoder: Decode primitive Mobile_luxuean_plants
22:47:53 | INFO: Blender create Mesh node Mobile_tubishanzhuang
22:47:53 | INFO: Draco Decoder: Decode primitive Mobile_tubishanzhuang
Blender 4.5.9 LTS (hash 8bf95cbd38d1 built 2026-04-21 01:33:45)
Read blend: "D:\Users\Lenovo\Desktop\澶ц鍥璡blender\daguanyuan_master.blend"
DracoDecoder | Decoded 384 vertices, 576 indices
DracoDecoder | Decoded 3678 vertices, 3678 indices
DracoDecoder | Decoded 1508 vertices, 2262 indices
DracoDecoder | Decoded 183 vertices, 183 indices
DracoDecoder | Decoded 4 vertices, 6 indices
DracoDecoder | Decoded 1795 vertices, 1797 indices
DracoDecoder | Decoded 238 vertices, 354 indices
DracoDecoder | Decoded 2190 vertices, 8301 indices
DracoDecoder | Decoded 273 vertices, 273 indices
DracoDecoder | Decoded 486 vertices, 486 indices
DracoDecoder | Decoded 5216 vertices, 5250 indices
DracoDecoder | Decoded 744 vertices, 744 indices
DracoDecoder | Decoded 1152 vertices, 1728 indices
DracoDecoder | Decoded 18 vertices, 30 indices
DracoDecoder | Decoded 3240 vertices, 3240 indices
DracoDecoder | Decoded 736 vertices, 1092 indices
DracoDecoder | Decoded 320 vertices, 480 indices
DracoDecoder | Decoded 24 vertices, 36 indices
DracoDecoder | Decoded 3693 vertices, 3723 indices
DracoDecoder | Decoded 44 vertices, 78 indices
DracoDecoder | Decoded 105 vertices, 111 indices
DracoDecoder | Decoded 186 vertices, 186 indices
DracoDecoder | Decoded 1360 vertices, 1386 indices
DracoDecoder | Decoded 5092 vertices, 5118 indices
DracoDecoder | Decoded 4 vertices, 6 indices
DracoDecoder | Decoded 1440 vertices, 2160 indices
DracoDecoder | Decoded 2227 vertices, 8310 indices
DracoDecoder | Decoded 366 vertices, 366 indices
DracoDecoder | Decoded 410 vertices, 618 indices
DracoDecoder | Decoded 4404 vertices, 4404 indices
DracoDecoder | Decoded 878 vertices, 1302 indices
DracoDecoder | Decoded 320 vertices, 480 indices
DracoDecoder | Decoded 120 vertices, 180 indices
DracoDecoder | Decoded 72 vertices, 108 indices
DracoDecoder | Decoded 710 vertices, 720 indices
DracoDecoder | Decoded 131 vertices, 237 indices
DracoDecoder | Decoded 59 vertices, 63 indices
DracoDecoder | Decoded 186 vertices, 186 indices
DracoDecoder | Decoded 1722 vertices, 1788 indices
DracoDecoder | Decoded 320 vertices, 480 indices
DracoDecoder | Decoded 24 vertices, 36 indices
DracoDecoder | Decoded 4265 vertices, 4281 indices
DracoDecoder | Decoded 8 vertices, 12 indices
DracoDecoder | Decoded 1648 vertices, 2472 indices
DracoDecoder | Decoded 2202 vertices, 8337 indices
DracoDecoder | Decoded 273 vertices, 273 indices
DracoDecoder | Decoded 254 vertices, 384 indices
DracoDecoder | Decoded 3657 vertices, 3657 indices
DracoDecoder | Decoded 626 vertices, 930 indices
DracoDecoder | Decoded 1106 vertices, 1110 indices
DracoDecoder | Decoded 81 vertices, 81 indices
DracoDecoder | Decoded 1547 vertices, 1713 indices
DracoDecoder | Decoded 6506 vertices, 6660 indices
DracoDecoder | Decoded 4 vertices, 6 indices
DracoDecoder | Decoded 1784 vertices, 2676 indices
DracoDecoder | Decoded 594 vertices, 894 indices
DracoDecoder | Decoded 2211 vertices, 2211 indices
DracoDecoder | Decoded 406 vertices, 606 indices
DracoDecoder | Decoded 320 vertices, 480 indices
DracoDecoder | Decoded 192 vertices, 288 indices
DracoDecoder | Decoded 24 vertices, 36 indices
DracoDecoder | Decoded 1037 vertices, 1041 indices
DracoDecoder | Decoded 82 vertices, 84 indices
DracoDecoder | Decoded 1577 vertices, 1707 indices
DracoDecoder | Decoded 192 vertices, 288 indices
DracoDecoder | Decoded 1098 vertices, 1116 indices
DracoDecoder | Decoded 30 vertices, 66 indices
DracoDecoder | Decoded 7803 vertices, 7857 indices
DracoDecoder | Decoded 1124 vertices, 1164 indices
DracoDecoder | Decoded 1611 vertices, 1611 indices
DracoDecoder | Decoded 286 vertices, 426 indices
DracoDecoder | Decoded 216 vertices, 324 indices
DracoDecoder | Decoded 192 vertices, 324 indices
DracoDecoder | Decoded 1280 vertices, 1920 indices
DracoDecoder | Decoded 608 vertices, 672 indices
DracoDecoder | Decoded 861 vertices, 861 indices
DracoDecoder | Decoded 246 vertices, 366 indices
DracoDecoder | Decoded 1306 vertices, 1380 indices
DracoDecoder | Decoded 22 vertices, 54 indices
DracoDecoder | Decoded 687 vertices, 735 indices
Drac22:47:53 | INFO: Blender create Mesh node Mobile_tubishanzhuang_floorwood
22:47:53 | INFO: Draco Decoder: Decode primitive Mobile_tubishanzhuang_floorwood
22:47:53 | INFO: Blender create Mesh node Mobile_tubishanzhuang_paving
22:47:53 | INFO: Draco Decoder: Decode primitive Mobile_tubishanzhuang_paving
22:47:53 | INFO: Blender create Mesh node Mobile_tubishanzhuang_roof
22:47:53 | INFO: Draco Decoder: Decode primitive Mobile_tubishanzhuang_roof
22:47:53 | INFO: Blender create Mesh node Mobile_tubishanzhuang_roofshell
22:47:53 | INFO: Draco Decoder: Decode primitive Mobile_tubishanzhuang_roofshell
22:47:53 | INFO: Blender create Mesh node tubishanzhuang_screen
22:47:53 | INFO: Draco Decoder: Decode primitive tubishanzhuang_screen
22:47:53 | INFO: Blender create Mesh node Mobile_tubishanzhuang_plants
22:47:53 | INFO: Draco Decoder: Decode primitive Mobile_tubishanzhuang_plants
22:47:53 | INFO: Blender create Mesh node aojingxiguan_screen
22:47:53 | INFO: Draco Decoder: Decode primitive aojingxiguan_screen
22:47:53 | INFO: Blender create Mesh node Mobile_aojingxiguan
22:47:53 | INFO: Draco Decoder: Decode primitive Mobile_aojingxiguan
22:47:53 | INFO: Blender create Mesh node Mobile_aojingxiguan_floorwood
22:47:53 | INFO: Draco Decoder: Decode primitive Mobile_aojingxiguan_floorwood
22:47:53 | INFO: Blender create Mesh node Mobile_aojingxiguan_paving
22:47:53 | INFO: Draco Decoder: Decode primitive Mobile_aojingxiguan_paving
22:47:53 | INFO: Blender create Mesh node Mobile_aojingxiguan_roof
22:47:53 | INFO: Draco Decoder: Decode primitive Mobile_aojingxiguan_roof
22:47:53 | INFO: Blender create Mesh node Mobile_aojingxiguan_roofshell
22:47:53 | INFO: Draco Decoder: Decode primitive Mobile_aojingxiguan_roofshell
22:47:53 | INFO: Blender create Mesh node Mobile_aojingxiguan_plants
22:47:53 | INFO: Draco Decoder: Decode primitive Mobile_aojingxiguan_plants
22:47:53 | INFO: Blender create Mesh node daguanlou_lantern
22:47:53 | INFO: Draco Decoder: Decode primitive daguanlou_lantern
22:47:53 | INFO: Blender create Mesh node daguanlou_screen
22:47:53 | INFO: Draco Decoder: Decode primitive daguanlou_screen
22:47:53 | INFO: Blender create Mesh node Mobile_daguanlou
22:47:53 | INFO: Draco Decoder: Decode primitive Mobile_daguanlou
22:47:53 | INFO: Blender create Mesh node Mobile_daguanlou_courtbase
22:47:53 | INFO: Draco Decoder: Decode primitive Mobile_daguanlou_courtbase
22:47:53 | INFO: Blender create Mesh node Mobile_daguanlou_floorwood
22:47:53 | INFO: Draco Decoder: Decode primitive Mobile_daguanlou_floorwood
22:47:53 | INFO: Blender create Mesh node Mobile_daguanlou_limestone
22:47:53 | INFO: Draco Decoder: Decode primitive Mobile_daguanlou_limestone
22:47:53 | INFO: Blender create Mesh node Mobile_daguanlou_paving
22:47:53 | INFO: Draco Decoder: Decode primitive Mobile_daguanlou_paving
22:47:53 | INFO: Blender create Mesh node Mobile_daguanlou_roof
22:47:53 | INFO: Draco Decoder: Decode primitive Mobile_daguanlou_roof
22:47:53 | INFO: Blender create Mesh node Mobile_daguanlou_roofshell
22:47:53 | INFO: Draco Decoder: Decode primitive Mobile_daguanlou_roofshell
22:47:53 | INFO: Blender create Mesh node Mobile_daguanlou_botanical_bamboo
22:47:53 | INFO: Draco Decoder: Decode primitive Mobile_daguanlou_botanical_bamboo
22:47:53 | INFO: Blender create Mesh node Mobile_daguanlou_botanical_litter
22:47:53 | INFO: Draco Decoder: Decode primitive Mobile_daguanlou_botanical_litter
22:47:53 | INFO: Blender create Mesh node Mobile_daguanlou_plants
22:47:53 | INFO: Draco Decoder: Decode primitive Mobile_daguanlou_plants
22:47:53 | INFO: Blender create Mesh node longcuian_screen
22:47:53 | INFO: Draco Decoder: Decode primitive longcuian_screen
22:47:53 | INFO: Blender create Mesh node Mobile_longcuian
22:47:53 | INFO: Draco Decoder: Decode primitive Mobile_longcuian
22:47:53 | INFO: Blender create Mesh node Mobile_longcuian_courtbase
22:47:53 | INFO: Draco Decoder: Decode primitive Mobile_longcuian_courtbase
22:47:53 | INFO: Blender create Mesh node Mobile_longcuian_floorwood
22:47:53 | INFO: Draco Decoder: Decode primitive Mobile_longcuian_floorwood
22:47:53 | INFO: Blender create Mesh node Mobile_longcuian_paving
22:47:53 | INFO: Draco Decoder: Decode primitive Mobile_longcuian_paving
22:47:53 | INFO: Blender create Mesh node Mobile_longcuian_roof
22:47:53 | INFO: Draco Decoder: Decode primitive Mobile_longcuian_roof
22:47:53 | INFO: Blender create Mesh node Mobile_longcuian_roofshell
22:47:53 | INFO: Draco Decoder: Decode primitive Mobile_longcuian_roofshell
22:47:53 | INFO: Blender create Mesh node Mobile_longcuian_plants
22:47:53 | INFO: Draco Decoder: Decode primitive Mobile_longcuian_plants
22:47:53 | INFO: Blender create Mesh node Mobile_nuanxiangwu
22:47:53 | INFO: Draco Decoder: Decode primitive Mobile_nuanxiangwu
22:47:53 | INFO: Blender create Mesh node Mobile_nuanxiangwu_courtbase
22:47:53 | INFO: Draco Decoder: Decode primitive Mobile_nuanxiangwu_courtbase
22:47:53 | INFO: Blender create Mesh node Mobile_nuanxiangwu_floorwood
22:47:53 | INFO: Draco Decoder: Decode primitive Mobile_nuanxiangwu_floorwood
22:47:53 | INFO: Blender create Mesh node Mobile_nuanxiangwu_paving
22:47:53 | INFO: Draco Decoder: Decode primitive Mobile_nuanxiangwu_paving
22:47:53 | INFO: Blender create Mesh node Mobile_nuanxiangwu_roof
22:47:53 | INFO: Draco Decoder: Decode primitive Mobile_nuanxiangwu_roof
22:47:53 | INFO: Blender create Mesh node Mobile_nuanxiangwu_roofshell
22:47:53 | INFO: Draco Decoder: Decode primitive Mobile_nuanxiangwu_roofshell
22:47:53 | INFO: Blender create Mesh node nuanxiangwu_screen
22:47:53 | INFO: Draco Decoder: Decode primitive nuanxiangwu_screen
22:47:53 | INFO: Blender create Mesh node nuanxiangwu_silk
22:47:53 | INFO: Draco Decoder: Decode primitive nuanxiangwu_silk
22:47:53 | INFO: Blender create Mesh node Mobile_nuanxiangwu_plants
22:47:53 | INFO: Draco Decoder: Decode primitive Mobile_nuanxiangwu_plants
22:47:53 | INFO: Blender create Mesh node landscape_lantern
22:47:53 | INFO: Draco Decoder: Decode primitive landscape_lantern
22:47:53 | INFO: Blender create Mesh node Mobile_landscape
22:47:53 | INFO: Draco Decoder: Decode primitive Mobile_landscape
22:47:53 | INFO: Blender create Mesh node Mobile_landscape_paving
22:47:53 | INFO: Draco Decoder: Decode primitive Mobile_landscape_paving
22:47:53 | INFO: Blender create Mesh node Mobile_landscape_limestone
22:47:53 | INFO: Draco Decoder: Decode primitive Mobile_landscape_limestone
22:47:54 | INFO: Blender create Mesh node Mobile_landscape_roofshell
22:47:54 | INFO: Draco Decoder: Decode primitive Mobile_landscape_roofshell
22:47:54 | INFO: Blender create Mesh node Mobile_landscape_earth
22:47:54 | INFO: Draco Decoder: Decode primitive Mobile_landscape_earth
22:47:54 | INFO: Blender create Mesh node Mobile_landscape_bankstone
22:47:54 | INFO: Draco Decoder: Decode primitive Mobile_landscape_bankstone
22:47:54 | INFO: Blender create Mesh node Mobile_landscape_plants
22:47:54 | INFO: Draco Decoder: Decode primitive Mobile_landscape_plants
22:47:54 | INFO: Blender create Mesh node Mobile_landscape_botanical_bamboo
22:47:54 | INFO: Draco Decoder: Decode primitive Mobile_landscape_botanical_bamboo
22:47:54 | INFO: glTF import finished in 1.08s
PAVING COVERAGE 1278 missing 0
oDecoder | Decoded 2772 vertices, 2772 indices
DracoDecoder | Decoded 1488 vertices, 2232 indices
DracoDecoder | Decoded 764 vertices, 1146 indices
DracoDecoder | Decoded 1788 vertices, 1788 indices
DracoDecoder | Decoded 286 vertices, 426 indices
DracoDecoder | Decoded 192 vertices, 288 indices
DracoDecoder | Decoded 486 vertices, 486 indices
DracoDecoder | Decoded 192 vertices, 288 indices
DracoDecoder | Decoded 2694 vertices, 2694 indices
DracoDecoder | Decoded 1332 vertices, 1998 indices
DracoDecoder | Decoded 768 vertices, 1158 indices
DracoDecoder | Decoded 1629 vertices, 1629 indices
DracoDecoder | Decoded 286 vertices, 426 indices
DracoDecoder | Decoded 486 vertices, 486 indices
DracoDecoder | Decoded 2704 vertices, 2928 indices
DracoDecoder | Decoded 1920 vertices, 2880 indices
DracoDecoder | Decoded 33799 vertices, 33951 indices
DracoDecoder | Decoded 8 vertices, 12 indices
DracoDecoder | Decoded 14416 vertices, 21624 indices
DracoDecoder | Decoded 2175 vertices, 2199 indices
DracoDecoder | Decoded 2842 vertices, 4314 indices
DracoDecoder | Decoded 27766 vertices, 27774 indices
DracoDecoder | Decoded 3638 vertices, 5418 indices
DracoDecoder | Decoded 5658 vertices, 5658 indices
DracoDecoder | Decoded 423 vertices, 423 indices
DracoDecoder | Decoded 1809 vertices, 1809 indices
DracoDecoder | Decoded 192 vertices, 288 indices
DracoDecoder | Decoded 5207 vertices, 5223 indices
DracoDecoder | Decoded 4 vertices, 6 indices
DracoDecoder | Decoded 1860 vertices, 2790 indices
DracoDecoder | Decoded 318 vertices, 480 indices
DracoDecoder | Decoded 3210 vertices, 3210 indices
DracoDecoder | Decoded 690 vertices, 1026 indices
DracoDecoder | Decoded 3815 vertices, 3825 indices
DracoDecoder | Decoded 3429 vertices, 3465 indices
DracoDecoder | Decoded 4 vertices, 6 indices
DracoDecoder | Decoded 1232 vertices, 1848 indices
DracoDecoder | Decoded 266 vertices, 420 indices
DracoDecoder | Decoded 2784 vertices, 2784 indices
DracoDecoder | Decoded 506 vertices, 750 indices
DracoDecoder | Decoded 216 vertices, 324 indices
DracoDecoder | Decoded 48 vertices, 72 indices
DracoDecoder | Decoded 2238 vertices, 2262 indices
DracoDecoder | Decoded 1744 vertices, 1824 indices
DracoDecoder | Decoded 59149 vertices, 70887 indices
DracoDecoder | Decoded 20980 vertices, 33252 indices
DracoDecoder | Decoded 352924 vertices, 353376 indices
DracoDecoder | Decoded 1334 vertices, 1974 indices
DracoDecoder | Decoded 4227 vertices, 21927 indices
DracoDecoder | Decoded 6444 vertices, 9666 indices
DracoDecoder | Decoded 22138 vertices, 23226 indices
DracoDecoder | Decoded 16431 vertices, 16431 indices

Blender quit
ROUTE SURFACES master 4719 missing 0 inverted 0
22:47:57 | INFO: Data are loaded, start creating Blender stuff
22:47:57 | INFO: Blender create Mesh node daguanyuan_gate_screen
22:47:57 | INFO: Draco Decoder: Decode primitive daguanyuan_gate_screen
22:47:57 | INFO: Blender create Mesh node Mobile_daguanyuan_gate
22:47:57 | INFO: Draco Decoder: Decode primitive Mobile_daguanyuan_gate
22:47:57 | INFO: Blender create Mesh node Mobile_daguanyuan_gate_floorwood
22:47:57 | INFO: Draco Decoder: Decode primitive Mobile_daguanyuan_gate_floorwood
22:47:57 | INFO: Blender create Mesh node Mobile_daguanyuan_gate_limestone
22:47:57 | INFO: Draco Decoder: Decode primitive Mobile_daguanyuan_gate_limestone
22:47:57 | INFO: Blender create Mesh node Mobile_daguanyuan_gate_paving
22:47:57 | INFO: Draco Decoder: Decode primitive Mobile_daguanyuan_gate_paving
22:47:57 | INFO: Blender create Mesh node Mobile_daguanyuan_gate_roof
22:47:57 | INFO: Draco Decoder: Decode primitive Mobile_daguanyuan_gate_roof
22:47:57 | INFO: Blender create Mesh node Mobile_daguanyuan_gate_roofshell
22:47:57 | INFO: Draco Decoder: Decode primitive Mobile_daguanyuan_gate_roofshell
22:47:57 | INFO: Blender create Mesh node Mobile_qujingtongyou_gardenstone
22:47:57 | INFO: Draco Decoder: Decode primitive Mobile_qujingtongyou_gardenstone
22:47:57 | INFO: Blender create Mesh node Mobile_qujingtongyou_limestone
22:47:57 | INFO: Draco Decoder: Decode primitive Mobile_qujingtongyou_limestone
22:47:57 | INFO: Blender create Mesh node Mobile_qujingtongyou_plants
22:47:57 | INFO: Draco Decoder: Decode primitive Mobile_qujingtongyou_plants
22:47:57 | INFO: Blender create Mesh node Mobile_xiaoxiangguan
22:47:57 | INFO: Draco Decoder: Decode primitive Mobile_xiaoxiangguan
22:47:57 | INFO: Blender create Mesh node Mobile_xiaoxiangguan_bankstone
22:47:57 | INFO: Draco Decoder: Decode primitive Mobile_xiaoxiangguan_bankstone
22:47:57 | INFO: Blender create Mesh node Mobile_xiaoxiangguan_floorwood
22:47:57 | INFO: Draco Decoder: Decode primitive Mobile_xiaoxiangguan_floorwood
22:47:57 | INFO: Blender create Mesh node Mobile_xiaoxiangguan_paving
22:47:57 | INFO: Draco Decoder: Decode primitive Mobile_xiaoxiangguan_paving
22:47:57 | INFO: Blender create Mesh node Mobile_xiaoxiangguan_roof
22:47:57 | INFO: Draco Decoder: Decode primitive Mobile_xiaoxiangguan_roof
22:47:57 | INFO: Blender create Mesh node Mobile_xiaoxiangguan_roofshell
22:47:57 | INFO: Draco Decoder: Decode primitive Mobile_xiaoxiangguan_roofshell
22:47:57 | INFO: Blender create Mesh node xiaoxiangguan_lantern
22:47:57 | INFO: Draco Decoder: Decode primitive xiaoxiangguan_lantern
22:47:57 | INFO: Blender create Mesh node xiaoxiangguan_silk
22:47:57 | INFO: Draco Decoder: Decode primitive xiaoxiangguan_silk
22:47:57 | INFO: Blender create Mesh node Mobile_xiaoxiangguan_botanical_bamboo
22:47:57 | INFO: Draco Decoder: Decode primitive Mobile_xiaoxiangguan_botanical_bamboo
22:47:57 | INFO: Blender create Mesh node Mobile_xiaoxiangguan_botanical_banana
22:47:57 | INFO: Draco Decoder: Decode primitive Mobile_xiaoxiangguan_botanical_banana
22:47:57 | INFO: Blender create Mesh node Mobile_xiaoxiangguan_botanical_litter
22:47:57 | INFO: Draco Decoder: Decode primitive Mobile_xiaoxiangguan_botanical_litter
22:47:57 | INFO: Blender create Mesh node Mobile_xiaoxiangguan_botanical_petal
22:47:57 | INFO: Draco Decoder: Decode primitive Mobile_xiaoxiangguan_botanical_petal
22:47:57 | INFO: Blender create Mesh node Mobile_xiaoxiangguan_plants
22:47:57 | INFO: Draco Decoder: Decode primitive Mobile_xiaoxiangguan_plants
22:47:57 | INFO: Blender create Mesh node Mobile_yihongyuan
22:47:57 | INFO: Draco Decoder: Decode primitive Mobile_yihongyuan
22:47:57 | INFO: Blender create Mesh node Mobile_yihongyuan_courtbase
22:47:57 | INFO: Draco Decoder: Decode primitive Mobile_yihongyuan_courtbase
22:47:58 | INFO: Blender create Mesh node Mobile_yihongyuan_floorwood
22:47:58 | INFO: Draco Decoder: Decode primitive Mobile_yihongyuan_floorwood
22:47:58 | INFO: Blender create Mesh node Mobile_yihongyuan_gardenstone
22:47:58 | INFO: Draco Decoder: Decode primitive Mobile_yihongyuan_gardenstone
22:47:58 | INFO: Blender create Mesh node Mobile_yihongyuan_limestone
22:47:58 | INFO: Draco Decoder: Decode primitive Mobile_yihongyuan_limestone
22:47:58 | INFO: Blender create Mesh node Mobile_yihongyuan_paving
22:47:58 | INFO: Draco Decoder: Decode primitive Mobile_yihongyuan_paving
22:47:58 | INFO: Blender create Mesh node Mobile_yihongyuan_roof
22:47:58 | INFO: Draco Decoder: Decode primitive Mobile_yihongyuan_roof
22:47:58 | INFO: Blender create Mesh node Mobile_yihongyuan_roofshell
22:47:58 | INFO: Draco Decoder: Decode primitive Mobile_yihongyuan_roofshell
22:47:58 | INFO: Blender create Mesh node yihongyuan_lantern
22:47:58 | INFO: Draco Decoder: Decode primitive yihongyuan_lantern
22:47:58 | INFO: Blender create Mesh node yihongyuan_screen.001
22:47:58 | INFO: Draco Decoder: Decode primitive yihongyuan_screen.001
22:47:58 | INFO: Blender create Mesh node yihongyuan_silk.001
22:47:58 | INFO: Draco Decoder: Decode primitive yihongyuan_silk.001
22:47:58 | INFO: Blender create Mesh node Mobile_yihongyuan_botanical_bamboo
22:47:58 | INFO: Draco Decoder: Decode primitive Mobile_yihongyuan_botanical_bamboo
22:47:58 | INFO: Blender create Mesh node Mobile_yihongyuan_botanical_banana
22:47:58 | INFO: Draco Decoder: Decode primitive Mobile_yihongyuan_botanical_banana
22:47:58 | INFO: Blender create Mesh node Mobile_yihongyuan_botanical_litter
22:47:58 | INFO: Draco Decoder: Decode primitive Mobile_yihongyuan_botanical_litter
22:47:58 | INFO: Blender create Mesh node Mobile_yihongyuan_botanical_petal
22:47:58 | INFO: Draco Decoder: Decode primitive Mobile_yihongyuan_botanical_petal
22:47:58 | INFO: Blender create Mesh node Mobile_yihongyuan_plants
22:47:58 | INFO: Draco Decoder: Decode primitive Mobile_yihongyuan_plants
22:47:58 | INFO: Blender create Mesh node hengwuyuan_lantern
22:47:58 | INFO: Draco Decoder: Decode primitive hengwuyuan_lantern
22:47:58 | INFO: Blender create Mesh node hengwuyuan_screen.001
22:47:58 | INFO: Draco Decoder: Decode primitive hengwuyuan_screen.001
22:47:58 | INFO: Blender create Mesh node Mobile_hengwuyuan
22:47:58 | INFO: Draco Decoder: Decode primitive Mobile_hengwuyuan
22:47:58 | INFO: Blender create Mesh node Mobile_hengwuyuan_courtbase
22:47:58 | INFO: Draco Decoder: Decode primitive Mobile_hengwuyuan_courtbase
22:47:58 | INFO: Blender create Mesh node Mobile_hengwuyuan_floorwood
22:47:58 | INFO: Draco Decoder: Decode primitive Mobile_hengwuyuan_floorwood
22:47:58 | INFO: Blender create Mesh node Mobile_hengwuyuan_gardenstone
22:47:58 | INFO: Draco Decoder: Decode primitive Mobile_hengwuyuan_gardenstone
22:47:58 | INFO: Blender create Mesh node Mobile_hengwuyuan_limestone
22:47:58 | INFO: Draco Decoder: Decode primitive Mobile_hengwuyuan_limestone
22:47:58 | INFO: Blender create Mesh node Mobile_hengwuyuan_paving
22:47:58 | INFO: Draco Decoder: Decode primitive Mobile_hengwuyuan_paving
22:47:58 | INFO: Blender create Mesh node Mobile_hengwuyuan_roof
22:47:58 | INFO: Draco Decoder: Decode primitive Mobile_hengwuyuan_roof
22:47:58 | INFO: Blender create Mesh node Mobile_hengwuyuan_roofshell
22:47:58 | INFO: Draco Decoder: Decode primitive Mobile_hengwuyuan_roofshell
22:47:58 | INFO: Blender create Mesh node Mobile_hengwuyuan_botanical_bamboo
22:47:58 | INFO: Draco Decoder: Decode primitive Mobile_hengwuyuan_botanical_bamboo
22:47:58 | INFO: Blender create Mesh node Mobile_hengwuyuan_botanical_litter
22:47:58 | INFO: Draco Decoder: Decode primitive Mobile_hengwuyuan_botanical_litter
22:47:58 | INFO: Blender create Mesh node Mobile_hengwuyuan_plants
22:47:58 | INFO: Draco Decoder: Decode primitive Mobile_hengwuyuan_plants
22:47:58 | INFO: Blender create Mesh node Mobile_qiushuangzhai
22:47:58 | INFO: Draco Decoder: Decode primitive Mobile_qiushuangzhai
22:47:58 | INFO: Blender create Mesh node Mobile_qiushuangzhai_courtbase
22:47:58 | INFO: Draco Decoder: Decode primitive Mobile_qiushuangzhai_courtbase
22:47:58 | INFO: Blender create Mesh node Mobile_qiushuangzhai_floorwood
22:47:58 | INFO: Draco Decoder: Decode primitive Mobile_qiushuangzhai_floorwood
22:47:58 | INFO: Blender create Mesh node Mobile_qiushuangzhai_paving
22:47:58 | INFO: Draco Decoder: Decode primitive Mobile_qiushuangzhai_paving
22:47:58 | INFO: Blender create Mesh node Mobile_qiushuangzhai_roof
22:47:58 | INFO: Draco Decoder: Decode primitive Mobile_qiushuangzhai_roof
22:47:58 | INFO: Blender create Mesh node Mobile_qiushuangzhai_roofshell
22:47:58 | INFO: Draco Decoder: Decode primitive Mobile_qiushuangzhai_roofshell
22:47:58 | INFO: Blender create Mesh node qiushuangzhai_lantern
22:47:58 | INFO: Draco Decoder: Decode primitive qiushuangzhai_lantern
22:47:58 | INFO: Blender create Mesh node qiushuangzhai_screen
22:47:58 | INFO: Draco Decoder: Decode primitive qiushuangzhai_screen
22:47:58 | INFO: Blender create Mesh node qiushuangzhai_silk.001
22:47:58 | INFO: Draco Decoder: Decode primitive qiushuangzhai_silk.001
22:47:58 | INFO: Blender create Mesh node Mobile_qiushuangzhai_botanical_bamboo
22:47:58 | INFO: Draco Decoder: Decode primitive Mobile_qiushuangzhai_botanical_bamboo
22:47:58 | INFO: Blender create Mesh node Mobile_qiushuangzhai_botanical_litter
22:47:58 | INFO: Draco Decoder: Decode primitive Mobile_qiushuangzhai_botanical_litter
22:47:58 | INFO: Blender create Mesh node Mobile_qiushuangzhai_plants
22:47:58 | INFO: Draco Decoder: Decode primitive Mobile_qiushuangzhai_plants
22:47:58 | INFO: Blender create Mesh node daoxiangcun_screen.001
22:47:58 | INFO: Draco Decoder: Decode primitive daoxiangcun_screen.001
22:47:58 | INFO: Blender create Mesh node Mobile_daoxiangcun
22:47:58 | INFO: Draco Decoder: Decode primitive Mobile_daoxiangcun
22:47:58 | INFO: Blender create Mesh node Mobile_daoxiangcun_paving
22:47:58 | INFO: Draco Decoder: Decode primitive Mobile_daoxiangcun_paving
22:47:58 | INFO: Blender create Mesh node Mobile_daoxiangcun_plants
22:47:58 | INFO: Draco Decoder: Decode primitive Mobile_daoxiangcun_plants
22:47:58 | INFO: Blender create Mesh node Mobile_ouxiangxie
22:47:58 | INFO: Draco Decoder: Decode primitive Mobile_ouxiangxie
22:47:58 | INFO: Blender create Mesh node Mobile_ouxiangxie_roof
22:47:58 | INFO: Draco Decoder: Decode primitive Mobile_ouxiangxie_roof
22:47:58 | INFO: Blender create Mesh node Mobile_ouxiangxie_roofshell
22:47:58 | INFO: Draco Decoder: Decode primitive Mobile_ouxiangxie_roofshell
22:47:58 | INFO: Blender create Mesh node ouxiangxie_screen
22:47:58 | INFO: Draco Decoder: Decode primitive ouxiangxie_screen
22:47:58 | INFO: Blender create Mesh node Mobile_ouxiangxie_plants
22:47:58 | INFO: Draco Decoder: Decode primitive Mobile_ouxiangxie_plants
22:47:58 | INFO: Blender create Mesh node dicuiting_lantern
22:47:58 | INFO: Draco Decoder: Decode primitive dicuiting_lantern
22:47:58 | INFO: Blender create Mesh node Mobile_dicuiting
22:47:58 | INFO: Draco Decoder: Decode primitive Mobile_dicuiting
22:47:58 | INFO: Blender create Mesh node Mobile_dicuiting_roof
22:47:58 | INFO: Draco Decoder: Decode primitive Mobile_dicuiting_roof
22:47:58 | INFO: Blender create Mesh node Mobile_dicuiting_roofshell
22:47:58 | INFO: Draco Decoder: Decode primitive Mobile_dicuiting_roofshell
22:47:58 | INFO: Blender create Mesh node Mobile_luxuean
22:47:58 | INFO: Draco Decoder: Decode primitive Mobile_luxuean
22:47:58 | INFO: Blender create Mesh node Mobile_luxuean_paving
22:47:58 | INFO: Draco Decoder: Decode primitive Mobile_luxuean_paving
22:47:58 | INFO: Blender create Mesh node Mobile_luxuean_plants
22:47:58 | INFO: Draco Decoder: Decode primitive Mobile_luxuean_plants
22:47:58 | INFO: Blender create Mesh node Mobile_tubishanzhuang
22:47:58 | INFO: Draco Decoder: Decode primitive Mobile_tubishanzhuang
Blender 4.5.9 LTS (hash 8bf95cbd38d1 built 2026-04-21 01:33:45)
Read blend: "D:\Users\Lenovo\Desktop\澶ц鍥璡blender\daguanyuan_master.blend"
DracoDecoder | Decoded 384 vertices, 576 indices
DracoDecoder | Decoded 3678 vertices, 3678 indices
DracoDecoder | Decoded 1508 vertices, 2262 indices
DracoDecoder | Decoded 183 vertices, 183 indices
DracoDecoder | Decoded 4 vertices, 6 indices
DracoDecoder | Decoded 1795 vertices, 1797 indices
DracoDecoder | Decoded 238 vertices, 354 indices
DracoDecoder | Decoded 2190 vertices, 8301 indices
DracoDecoder | Decoded 273 vertices, 273 indices
DracoDecoder | Decoded 486 vertices, 486 indices
DracoDecoder | Decoded 5216 vertices, 5250 indices
DracoDecoder | Decoded 744 vertices, 744 indices
DracoDecoder | Decoded 1152 vertices, 1728 indices
DracoDecoder | Decoded 18 vertices, 30 indices
DracoDecoder | Decoded 3240 vertices, 3240 indices
DracoDecoder | Decoded 736 vertices, 1092 indices
DracoDecoder | Decoded 320 vertices, 480 indices
DracoDecoder | Decoded 24 vertices, 36 indices
DracoDecoder | Decoded 3693 vertices, 3723 indices
DracoDecoder | Decoded 44 vertices, 78 indices
DracoDecoder | Decoded 105 vertices, 111 indices
DracoDecoder | Decoded 186 vertices, 186 indices
DracoDecoder | Decoded 1360 vertices, 1386 indices
DracoDecoder | Decoded 5092 vertices, 5118 indices
DracoDecoder | Decoded 4 vertices, 6 indices
DracoDecoder | Decoded 1440 vertices, 2160 indices
DracoDecoder | Decoded 2227 vertices, 8310 indices
DracoDecoder | Decoded 366 vertices, 366 indices
DracoDecoder | Decoded 410 vertices, 618 indices
DracoDecoder | Decoded 4404 vertices, 4404 indices
DracoDecoder | Decoded 878 vertices, 1302 indices
DracoDecoder | Decoded 320 vertices, 480 indices
DracoDecoder | Decoded 120 vertices, 180 indices
DracoDecoder | Decoded 72 vertices, 108 indices
DracoDecoder | Decoded 710 vertices, 720 indices
DracoDecoder | Decoded 131 vertices, 237 indices
DracoDecoder | Decoded 59 vertices, 63 indices
DracoDecoder | Decoded 186 vertices, 186 indices
DracoDecoder | Decoded 1722 vertices, 1788 indices
DracoDecoder | Decoded 320 vertices, 480 indices
DracoDecoder | Decoded 24 vertices, 36 indices
DracoDecoder | Decoded 4265 vertices, 4281 indices
DracoDecoder | Decoded 8 vertices, 12 indices
DracoDecoder | Decoded 1648 vertices, 2472 indices
DracoDecoder | Decoded 2202 vertices, 8337 indices
DracoDecoder | Decoded 273 vertices, 273 indices
DracoDecoder | Decoded 254 vertices, 384 indices
DracoDecoder | Decoded 3657 vertices, 3657 indices
DracoDecoder | Decoded 626 vertices, 930 indices
DracoDecoder | Decoded 1106 vertices, 1110 indices
DracoDecoder | Decoded 81 vertices, 81 indices
DracoDecoder | Decoded 1547 vertices, 1713 indices
DracoDecoder | Decoded 6506 vertices, 6660 indices
DracoDecoder | Decoded 4 vertices, 6 indices
DracoDecoder | Decoded 1784 vertices, 2676 indices
DracoDecoder | Decoded 594 vertices, 894 indices
DracoDecoder | Decoded 2211 vertices, 2211 indices
DracoDecoder | Decoded 406 vertices, 606 indices
DracoDecoder | Decoded 320 vertices, 480 indices
DracoDecoder | Decoded 192 vertices, 288 indices
DracoDecoder | Decoded 24 vertices, 36 indices
DracoDecoder | Decoded 1037 vertices, 1041 indices
DracoDecoder | Decoded 82 vertices, 84 indices
DracoDecoder | Decoded 1577 vertices, 1707 indices
DracoDecoder | Decoded 192 vertices, 288 indices
DracoDecoder | Decoded 1098 vertices, 1116 indices
DracoDecoder | Decoded 30 vertices, 66 indices
DracoDecoder | Decoded 7803 vertices, 7857 indices
DracoDecoder | Decoded 1124 vertices, 1164 indices
DracoDecoder | Decoded 1611 vertices, 1611 indices
DracoDecoder | Decoded 286 vertices, 426 indices
DracoDecoder | Decoded 216 vertices, 324 indices
DracoDecoder | Decoded 192 vertices, 324 indices
DracoDecoder | Decoded 1280 vertices, 1920 indices
DracoDecoder | Decoded 608 vertices, 672 indices
DracoDecoder | Decoded 861 vertices, 861 indices
DracoDecoder | Decoded 246 vertices, 366 indices
DracoDecoder | Decoded 1306 vertices, 1380 indices
DracoDecoder | Decoded 22 vertices, 54 indices
DracoDecoder | Decoded 687 vertices, 735 indices
Drac22:47:58 | INFO: Blender create Mesh node Mobile_tubishanzhuang_floorwood
22:47:58 | INFO: Draco Decoder: Decode primitive Mobile_tubishanzhuang_floorwood
22:47:58 | INFO: Blender create Mesh node Mobile_tubishanzhuang_paving
22:47:58 | INFO: Draco Decoder: Decode primitive Mobile_tubishanzhuang_paving
22:47:58 | INFO: Blender create Mesh node Mobile_tubishanzhuang_roof
22:47:58 | INFO: Draco Decoder: Decode primitive Mobile_tubishanzhuang_roof
22:47:58 | INFO: Blender create Mesh node Mobile_tubishanzhuang_roofshell
22:47:58 | INFO: Draco Decoder: Decode primitive Mobile_tubishanzhuang_roofshell
22:47:58 | INFO: Blender create Mesh node tubishanzhuang_screen
22:47:58 | INFO: Draco Decoder: Decode primitive tubishanzhuang_screen
22:47:58 | INFO: Blender create Mesh node Mobile_tubishanzhuang_plants
22:47:58 | INFO: Draco Decoder: Decode primitive Mobile_tubishanzhuang_plants
22:47:58 | INFO: Blender create Mesh node aojingxiguan_screen
22:47:58 | INFO: Draco Decoder: Decode primitive aojingxiguan_screen
22:47:58 | INFO: Blender create Mesh node Mobile_aojingxiguan
22:47:58 | INFO: Draco Decoder: Decode primitive Mobile_aojingxiguan
22:47:58 | INFO: Blender create Mesh node Mobile_aojingxiguan_floorwood
22:47:58 | INFO: Draco Decoder: Decode primitive Mobile_aojingxiguan_floorwood
22:47:58 | INFO: Blender create Mesh node Mobile_aojingxiguan_paving
22:47:58 | INFO: Draco Decoder: Decode primitive Mobile_aojingxiguan_paving
22:47:58 | INFO: Blender create Mesh node Mobile_aojingxiguan_roof
22:47:58 | INFO: Draco Decoder: Decode primitive Mobile_aojingxiguan_roof
22:47:58 | INFO: Blender create Mesh node Mobile_aojingxiguan_roofshell
22:47:58 | INFO: Draco Decoder: Decode primitive Mobile_aojingxiguan_roofshell
22:47:58 | INFO: Blender create Mesh node Mobile_aojingxiguan_plants
22:47:58 | INFO: Draco Decoder: Decode primitive Mobile_aojingxiguan_plants
22:47:58 | INFO: Blender create Mesh node daguanlou_lantern
22:47:58 | INFO: Draco Decoder: Decode primitive daguanlou_lantern
22:47:58 | INFO: Blender create Mesh node daguanlou_screen
22:47:58 | INFO: Draco Decoder: Decode primitive daguanlou_screen
22:47:58 | INFO: Blender create Mesh node Mobile_daguanlou
22:47:58 | INFO: Draco Decoder: Decode primitive Mobile_daguanlou
22:47:58 | INFO: Blender create Mesh node Mobile_daguanlou_courtbase
22:47:58 | INFO: Draco Decoder: Decode primitive Mobile_daguanlou_courtbase
22:47:58 | INFO: Blender create Mesh node Mobile_daguanlou_floorwood
22:47:58 | INFO: Draco Decoder: Decode primitive Mobile_daguanlou_floorwood
22:47:58 | INFO: Blender create Mesh node Mobile_daguanlou_limestone
22:47:58 | INFO: Draco Decoder: Decode primitive Mobile_daguanlou_limestone
22:47:58 | INFO: Blender create Mesh node Mobile_daguanlou_paving
22:47:58 | INFO: Draco Decoder: Decode primitive Mobile_daguanlou_paving
22:47:58 | INFO: Blender create Mesh node Mobile_daguanlou_roof
22:47:58 | INFO: Draco Decoder: Decode primitive Mobile_daguanlou_roof
22:47:58 | INFO: Blender create Mesh node Mobile_daguanlou_roofshell
22:47:58 | INFO: Draco Decoder: Decode primitive Mobile_daguanlou_roofshell
22:47:58 | INFO: Blender create Mesh node Mobile_daguanlou_botanical_bamboo
22:47:58 | INFO: Draco Decoder: Decode primitive Mobile_daguanlou_botanical_bamboo
22:47:58 | INFO: Blender create Mesh node Mobile_daguanlou_botanical_litter
22:47:58 | INFO: Draco Decoder: Decode primitive Mobile_daguanlou_botanical_litter
22:47:58 | INFO: Blender create Mesh node Mobile_daguanlou_plants
22:47:58 | INFO: Draco Decoder: Decode primitive Mobile_daguanlou_plants
22:47:58 | INFO: Blender create Mesh node longcuian_screen
22:47:58 | INFO: Draco Decoder: Decode primitive longcuian_screen
22:47:58 | INFO: Blender create Mesh node Mobile_longcuian
22:47:58 | INFO: Draco Decoder: Decode primitive Mobile_longcuian
22:47:58 | INFO: Blender create Mesh node Mobile_longcuian_courtbase
22:47:58 | INFO: Draco Decoder: Decode primitive Mobile_longcuian_courtbase
22:47:58 | INFO: Blender create Mesh node Mobile_longcuian_floorwood
22:47:58 | INFO: Draco Decoder: Decode primitive Mobile_longcuian_floorwood
22:47:58 | INFO: Blender create Mesh node Mobile_longcuian_paving
22:47:58 | INFO: Draco Decoder: Decode primitive Mobile_longcuian_paving
22:47:58 | INFO: Blender create Mesh node Mobile_longcuian_roof
22:47:58 | INFO: Draco Decoder: Decode primitive Mobile_longcuian_roof
22:47:58 | INFO: Blender create Mesh node Mobile_longcuian_roofshell
22:47:58 | INFO: Draco Decoder: Decode primitive Mobile_longcuian_roofshell
22:47:58 | INFO: Blender create Mesh node Mobile_longcuian_plants
22:47:58 | INFO: Draco Decoder: Decode primitive Mobile_longcuian_plants
22:47:58 | INFO: Blender create Mesh node Mobile_nuanxiangwu
22:47:58 | INFO: Draco Decoder: Decode primitive Mobile_nuanxiangwu
22:47:58 | INFO: Blender create Mesh node Mobile_nuanxiangwu_courtbase
22:47:58 | INFO: Draco Decoder: Decode primitive Mobile_nuanxiangwu_courtbase
22:47:58 | INFO: Blender create Mesh node Mobile_nuanxiangwu_floorwood
22:47:58 | INFO: Draco Decoder: Decode primitive Mobile_nuanxiangwu_floorwood
22:47:58 | INFO: Blender create Mesh node Mobile_nuanxiangwu_paving
22:47:58 | INFO: Draco Decoder: Decode primitive Mobile_nuanxiangwu_paving
22:47:58 | INFO: Blender create Mesh node Mobile_nuanxiangwu_roof
22:47:58 | INFO: Draco Decoder: Decode primitive Mobile_nuanxiangwu_roof
22:47:58 | INFO: Blender create Mesh node Mobile_nuanxiangwu_roofshell
22:47:58 | INFO: Draco Decoder: Decode primitive Mobile_nuanxiangwu_roofshell
22:47:58 | INFO: Blender create Mesh node nuanxiangwu_screen
22:47:58 | INFO: Draco Decoder: Decode primitive nuanxiangwu_screen
22:47:58 | INFO: Blender create Mesh node nuanxiangwu_silk
22:47:58 | INFO: Draco Decoder: Decode primitive nuanxiangwu_silk
22:47:58 | INFO: Blender create Mesh node Mobile_nuanxiangwu_plants
22:47:58 | INFO: Draco Decoder: Decode primitive Mobile_nuanxiangwu_plants
22:47:58 | INFO: Blender create Mesh node landscape_lantern
22:47:58 | INFO: Draco Decoder: Decode primitive landscape_lantern
22:47:58 | INFO: Blender create Mesh node Mobile_landscape
22:47:58 | INFO: Draco Decoder: Decode primitive Mobile_landscape
22:47:58 | INFO: Blender create Mesh node Mobile_landscape_paving
22:47:58 | INFO: Draco Decoder: Decode primitive Mobile_landscape_paving
22:47:58 | INFO: Blender create Mesh node Mobile_landscape_limestone
22:47:58 | INFO: Draco Decoder: Decode primitive Mobile_landscape_limestone
22:47:58 | INFO: Blender create Mesh node Mobile_landscape_roofshell
22:47:58 | INFO: Draco Decoder: Decode primitive Mobile_landscape_roofshell
22:47:58 | INFO: Blender create Mesh node Mobile_landscape_earth
22:47:58 | INFO: Draco Decoder: Decode primitive Mobile_landscape_earth
22:47:58 | INFO: Blender create Mesh node Mobile_landscape_bankstone
22:47:58 | INFO: Draco Decoder: Decode primitive Mobile_landscape_bankstone
22:47:58 | INFO: Blender create Mesh node Mobile_landscape_plants
22:47:58 | INFO: Draco Decoder: Decode primitive Mobile_landscape_plants
22:47:58 | INFO: Blender create Mesh node Mobile_landscape_botanical_bamboo
22:47:58 | INFO: Draco Decoder: Decode primitive Mobile_landscape_botanical_bamboo
22:47:58 | INFO: glTF import finished in 0.95s
ROUTE SURFACES overview 4719 missing 0 inverted 0
22:47:58 | INFO: Data are loaded, start creating Blender stuff
22:47:58 | INFO: Blender create Mesh node daguanyuan_gate_screen
22:47:58 | INFO: Draco Decoder: Decode primitive daguanyuan_gate_screen
22:47:58 | INFO: Blender create Mesh node Mobile_daguanyuan_gate
22:47:58 | INFO: Draco Decoder: Decode primitive Mobile_daguanyuan_gate
22:47:58 | INFO: Blender create Mesh node Mobile_daguanyuan_gate_floorwood
22:47:58 | INFO: Draco Decoder: Decode primitive Mobile_daguanyuan_gate_floorwood
22:47:58 | INFO: Blender create Mesh node Mobile_daguanyuan_gate_limestone
22:47:58 | INFO: Draco Decoder: Decode primitive Mobile_daguanyuan_gate_limestone
22:47:58 | INFO: Blender create Mesh node Mobile_daguanyuan_gate_paving
22:47:58 | INFO: Draco Decoder: Decode primitive Mobile_daguanyuan_gate_paving
22:47:58 | INFO: Blender create Mesh node Mobile_daguanyuan_gate_roof
22:47:58 | INFO: Draco Decoder: Decode primitive Mobile_daguanyuan_gate_roof
22:47:58 | INFO: Blender create Mesh node Mobile_daguanyuan_gate_roofshell
22:47:58 | INFO: Draco Decoder: Decode primitive Mobile_daguanyuan_gate_roofshell
22:47:58 | INFO: Blender create Mesh node Mobile_qujingtongyou_gardenstone
22:47:58 | INFO: Draco Decoder: Decode primitive Mobile_qujingtongyou_gardenstone
22:47:58 | INFO: Blender create Mesh node Mobile_qujingtongyou_limestone
22:47:58 | INFO: Draco Decoder: Decode primitive Mobile_qujingtongyou_limestone
22:47:58 | INFO: Blender create Mesh node Mobile_qujingtongyou_plants
22:47:58 | INFO: Draco Decoder: Decode primitive Mobile_qujingtongyou_plants
22:47:58 | INFO: Blender create Mesh node Mobile_xiaoxiangguan
22:47:58 | INFO: Draco Decoder: Decode primitive Mobile_xiaoxiangguan
22:47:58 | INFO: Blender create Mesh node Mobile_xiaoxiangguan_bankstone
22:47:58 | INFO: Draco Decoder: Decode primitive Mobile_xiaoxiangguan_bankstone
22:47:58 | INFO: Blender create Mesh node Mobile_xiaoxiangguan_floorwood
22:47:58 | INFO: Draco Decoder: Decode primitive Mobile_xiaoxiangguan_floorwood
22:47:59 | INFO: Blender create Mesh node Mobile_xiaoxiangguan_paving
22:47:59 | INFO: Draco Decoder: Decode primitive Mobile_xiaoxiangguan_paving
22:47:59 | INFO: Blender create Mesh node Mobile_xiaoxiangguan_roof
22:47:59 | INFO: Draco Decoder: Decode primitive Mobile_xiaoxiangguan_roof
22:47:59 | INFO: Blender create Mesh node Mobile_xiaoxiangguan_roofshell
22:47:59 | INFO: Draco Decoder: Decode primitive Mobile_xiaoxiangguan_roofshell
22:47:59 | INFO: Blender create Mesh node xiaoxiangguan_lantern
22:47:59 | INFO: Draco Decoder: Decode primitive xiaoxiangguan_lantern
22:47:59 | INFO: Blender create Mesh node xiaoxiangguan_silk
22:47:59 | INFO: Draco Decoder: Decode primitive xiaoxiangguan_silk
22:47:59 | INFO: Blender create Mesh node Mobile_xiaoxiangguan_botanical_bamboo
22:47:59 | INFO: Draco Decoder: Decode primitive Mobile_xiaoxiangguan_botanical_bamboo
22:47:59 | INFO: Blender create Mesh node Mobile_xiaoxiangguan_botanical_banana
22:47:59 | INFO: Draco Decoder: Decode primitive Mobile_xiaoxiangguan_botanical_banana
22:47:59 | INFO: Blender create Mesh node Mobile_xiaoxiangguan_botanical_litter
22:47:59 | INFO: Draco Decoder: Decode primitive Mobile_xiaoxiangguan_botanical_litter
22:47:59 | INFO: Blender create Mesh node Mobile_xiaoxiangguan_botanical_petal
22:47:59 | INFO: Draco Decoder: Decode primitive Mobile_xiaoxiangguan_botanical_petal
22:47:59 | INFO: Blender create Mesh node Mobile_xiaoxiangguan_plants
22:47:59 | INFO: Draco Decoder: Decode primitive Mobile_xiaoxiangguan_plants
22:47:59 | INFO: Blender create Mesh node Mobile_yihongyuan
22:47:59 | INFO: Draco Decoder: Decode primitive Mobile_yihongyuan
22:47:59 | INFO: Blender create Mesh node Mobile_yihongyuan_courtbase
22:47:59 | INFO: Draco Decoder: Decode primitive Mobile_yihongyuan_courtbase
22:47:59 | INFO: Blender create Mesh node Mobile_yihongyuan_floorwood
22:47:59 | INFO: Draco Decoder: Decode primitive Mobile_yihongyuan_floorwood
22:47:59 | INFO: Blender create Mesh node Mobile_yihongyuan_gardenstone
22:47:59 | INFO: Draco Decoder: Decode primitive Mobile_yihongyuan_gardenstone
22:47:59 | INFO: Blender create Mesh node Mobile_yihongyuan_limestone
22:47:59 | INFO: Draco Decoder: Decode primitive Mobile_yihongyuan_limestone
22:47:59 | INFO: Blender create Mesh node Mobile_yihongyuan_paving
22:47:59 | INFO: Draco Decoder: Decode primitive Mobile_yihongyuan_paving
22:47:59 | INFO: Blender create Mesh node Mobile_yihongyuan_roof
22:47:59 | INFO: Draco Decoder: Decode primitive Mobile_yihongyuan_roof
oDecoder | Decoded 2772 vertices, 2772 indices
DracoDecoder | Decoded 1488 vertices, 2232 indices
DracoDecoder | Decoded 764 vertices, 1146 indices
DracoDecoder | Decoded 1788 vertices, 1788 indices
DracoDecoder | Decoded 286 vertices, 426 indices
DracoDecoder | Decoded 192 vertices, 288 indices
DracoDecoder | Decoded 486 vertices, 486 indices
DracoDecoder | Decoded 192 vertices, 288 indices
DracoDecoder | Decoded 2694 vertices, 2694 indices
DracoDecoder | Decoded 1332 vertices, 1998 indices
DracoDecoder | Decoded 768 vertices, 1158 indices
DracoDecoder | Decoded 1629 vertices, 1629 indices
DracoDecoder | Decoded 286 vertices, 426 indices
DracoDecoder | Decoded 486 vertices, 486 indices
DracoDecoder | Decoded 2704 vertices, 2928 indices
DracoDecoder | Decoded 1920 vertices, 2880 indices
DracoDecoder | Decoded 33799 vertices, 33951 indices
DracoDecoder | Decoded 8 vertices, 12 indices
DracoDecoder | Decoded 14416 vertices, 21624 indices
DracoDecoder | Decoded 2175 vertices, 2199 indices
DracoDecoder | Decoded 2842 vertices, 4314 indices
DracoDecoder | Decoded 27766 vertices, 27774 indices
DracoDecoder | Decoded 3638 vertices, 5418 indices
DracoDecoder | Decoded 5658 vertices, 5658 indices
DracoDecoder | Decoded 423 vertices, 423 indices
DracoDecoder | Decoded 1809 vertices, 1809 indices
DracoDecoder | Decoded 192 vertices, 288 indices
DracoDecoder | Decoded 5207 vertices, 5223 indices
DracoDecoder | Decoded 4 vertices, 6 indices
DracoDecoder | Decoded 1860 vertices, 2790 indices
DracoDecoder | Decoded 318 vertices, 480 indices
DracoDecoder | Decoded 3210 vertices, 3210 indices
DracoDecoder | Decoded 690 vertices, 1026 indices
DracoDecoder | Decoded 3815 vertices, 3825 indices
DracoDecoder | Decoded 3429 vertices, 3465 indices
DracoDecoder | Decoded 4 vertices, 6 indices
DracoDecoder | Decoded 1232 vertices, 1848 indices
DracoDecoder | Decoded 266 vertices, 420 indices
DracoDecoder | Decoded 2784 vertices, 2784 indices
DracoDecoder | Decoded 506 vertices, 750 indices
DracoDecoder | Decoded 216 vertices, 324 indices
DracoDecoder | Decoded 48 vertices, 72 indices
DracoDecoder | Decoded 2238 vertices, 2262 indices
DracoDecoder | Decoded 1744 vertices, 1824 indices
DracoDecoder | Decoded 59149 vertices, 70887 indices
DracoDecoder | Decoded 20980 vertices, 33252 indices
DracoDecoder | Decoded 352924 vertices, 353376 indices
DracoDecoder | Decoded 1334 vertices, 1974 indices
DracoDecoder | Decoded 4227 vertices, 21927 indices
DracoDecoder | Decoded 6444 vertices, 9666 indices
DracoDecoder | Decoded 22138 vertices, 23226 indices
DracoDecoder | Decoded 16431 vertices, 16431 indices
DracoDecoder | Decoded 384 vertices, 576 indices
DracoDecoder | Decoded 3678 vertices, 3678 indices
DracoDecoder | Decoded 1508 vertices, 2262 indices
DracoDecoder | Decoded 183 vertices, 183 indices
DracoDecoder | Decoded 4 vertices, 6 indices
DracoDecoder | Decoded 1795 vertices, 1797 indices
DracoDecoder | Decoded 238 vertices, 354 indices
DracoDecoder | Decoded 2190 vertices, 8301 indices
DracoDecoder | Decoded 273 vertices, 273 indices
DracoDecoder | Decoded 486 vertices, 486 indices
DracoDecoder | Decoded 5216 vertices, 5250 indices
DracoDecoder | Decoded 744 vertices, 744 indices
DracoDecoder | Decoded 1152 vertices, 1728 indices
DracoDecoder | Decoded 18 vertices, 30 indices
DracoDecoder | Decoded 3240 vertices, 3240 indices
DracoDecoder | Decoded 736 vertices, 1092 indices
DracoDecoder | Decoded 320 vertices, 480 indices
DracoDecoder | Decoded 24 vertices, 36 indices
DracoDecoder | Decoded 3693 vertices, 3723 indices
DracoDecoder | Decoded 44 vertices, 78 indices
DracoDecoder | Decoded 105 vertices, 111 indices
DracoDecoder | Decoded 186 vertices, 186 indices
DracoDecoder | Decoded 1360 vertices, 1386 indices
DracoDecoder | Decoded 5092 vertices, 5118 indices
DracoDecoder | Decoded 4 vertices, 6 indices
DracoDecoder | Decoded 1440 vertices, 2160 indices
DracoDecoder | Decoded 2227 vertices, 8310 indices
DracoDecoder | Decoded 366 vertices, 366 indices
DracoDecoder | Decoded 410 vertices, 618 indices
DracoDecoder | Decoded 4404 vertices, 4404 in22:47:59 | INFO: Blender create Mesh node Mobile_yihongyuan_roofshell
22:47:59 | INFO: Draco Decoder: Decode primitive Mobile_yihongyuan_roofshell
22:47:59 | INFO: Blender create Mesh node yihongyuan_lantern
22:47:59 | INFO: Draco Decoder: Decode primitive yihongyuan_lantern
22:47:59 | INFO: Blender create Mesh node yihongyuan_screen.001
22:47:59 | INFO: Draco Decoder: Decode primitive yihongyuan_screen.001
22:47:59 | INFO: Blender create Mesh node yihongyuan_silk.001
22:47:59 | INFO: Draco Decoder: Decode primitive yihongyuan_silk.001
22:47:59 | INFO: Blender create Mesh node Mobile_yihongyuan_botanical_bamboo
22:47:59 | INFO: Draco Decoder: Decode primitive Mobile_yihongyuan_botanical_bamboo
22:47:59 | INFO: Blender create Mesh node Mobile_yihongyuan_botanical_banana
22:47:59 | INFO: Draco Decoder: Decode primitive Mobile_yihongyuan_botanical_banana
22:47:59 | INFO: Blender create Mesh node Mobile_yihongyuan_botanical_litter
22:47:59 | INFO: Draco Decoder: Decode primitive Mobile_yihongyuan_botanical_litter
22:47:59 | INFO: Blender create Mesh node Mobile_yihongyuan_botanical_petal
22:47:59 | INFO: Draco Decoder: Decode primitive Mobile_yihongyuan_botanical_petal
22:47:59 | INFO: Blender create Mesh node Mobile_yihongyuan_plants
22:47:59 | INFO: Draco Decoder: Decode primitive Mobile_yihongyuan_plants
22:47:59 | INFO: Blender create Mesh node hengwuyuan_lantern
22:47:59 | INFO: Draco Decoder: Decode primitive hengwuyuan_lantern
22:47:59 | INFO: Blender create Mesh node hengwuyuan_screen.001
22:47:59 | INFO: Draco Decoder: Decode primitive hengwuyuan_screen.001
22:47:59 | INFO: Blender create Mesh node Mobile_hengwuyuan
22:47:59 | INFO: Draco Decoder: Decode primitive Mobile_hengwuyuan
22:47:59 | INFO: Blender create Mesh node Mobile_hengwuyuan_courtbase
22:47:59 | INFO: Draco Decoder: Decode primitive Mobile_hengwuyuan_courtbase
22:47:59 | INFO: Blender create Mesh node Mobile_hengwuyuan_floorwood
22:47:59 | INFO: Draco Decoder: Decode primitive Mobile_hengwuyuan_floorwood
22:47:59 | INFO: Blender create Mesh node Mobile_hengwuyuan_gardenstone
22:47:59 | INFO: Draco Decoder: Decode primitive Mobile_hengwuyuan_gardenstone
22:47:59 | INFO: Blender create Mesh node Mobile_hengwuyuan_limestone
22:47:59 | INFO: Draco Decoder: Decode primitive Mobile_hengwuyuan_limestone
22:47:59 | INFO: Blender create Mesh node Mobile_hengwuyuan_paving
22:47:59 | INFO: Draco Decoder: Decode primitive Mobile_hengwuyuan_paving
22:47:59 | INFO: Blender create Mesh node Mobile_hengwuyuan_roof
22:47:59 | INFO: Draco Decoder: Decode primitive Mobile_hengwuyuan_roof
22:47:59 | INFO: Blender create Mesh node Mobile_hengwuyuan_roofshell
22:47:59 | INFO: Draco Decoder: Decode primitive Mobile_hengwuyuan_roofshell
22:47:59 | INFO: Blender create Mesh node Mobile_hengwuyuan_botanical_bamboo
22:47:59 | INFO: Draco Decoder: Decode primitive Mobile_hengwuyuan_botanical_bamboo
22:47:59 | INFO: Blender create Mesh node Mobile_hengwuyuan_botanical_litter
22:47:59 | INFO: Draco Decoder: Decode primitive Mobile_hengwuyuan_botanical_litter
22:47:59 | INFO: Blender create Mesh node Mobile_hengwuyuan_plants
22:47:59 | INFO: Draco Decoder: Decode primitive Mobile_hengwuyuan_plants
22:47:59 | INFO: Blender create Mesh node Mobile_qiushuangzhai
22:47:59 | INFO: Draco Decoder: Decode primitive Mobile_qiushuangzhai
22:47:59 | INFO: Blender create Mesh node Mobile_qiushuangzhai_courtbase
22:47:59 | INFO: Draco Decoder: Decode primitive Mobile_qiushuangzhai_courtbase
22:47:59 | INFO: Blender create Mesh node Mobile_qiushuangzhai_floorwood
22:47:59 | INFO: Draco Decoder: Decode primitive Mobile_qiushuangzhai_floorwood
22:47:59 | INFO: Blender create Mesh node Mobile_qiushuangzhai_paving
22:47:59 | INFO: Draco Decoder: Decode primitive Mobile_qiushuangzhai_paving
22:47:59 | INFO: Blender create Mesh node Mobile_qiushuangzhai_roof
22:47:59 | INFO: Draco Decoder: Decode primitive Mobile_qiushuangzhai_roof
22:47:59 | INFO: Blender create Mesh node Mobile_qiushuangzhai_roofshell
22:47:59 | INFO: Draco Decoder: Decode primitive Mobile_qiushuangzhai_roofshell
22:47:59 | INFO: Blender create Mesh node qiushuangzhai_lantern
22:47:59 | INFO: Draco Decoder: Decode primitive qiushuangzhai_lantern
22:47:59 | INFO: Blender create Mesh node qiushuangzhai_screen
22:47:59 | INFO: Draco Decoder: Decode primitive qiushuangzhai_screen
22:47:59 | INFO: Blender create Mesh node qiushuangzhai_silk.001
22:47:59 | INFO: Draco Decoder: Decode primitive qiushuangzhai_silk.001
22:47:59 | INFO: Blender create Mesh node Mobile_qiushuangzhai_botanical_bamboo
22:47:59 | INFO: Draco Decoder: Decode primitive Mobile_qiushuangzhai_botanical_bamboo
22:47:59 | INFO: Blender create Mesh node Mobile_qiushuangzhai_botanical_litter
22:47:59 | INFO: Draco Decoder: Decode primitive Mobile_qiushuangzhai_botanical_litter
22:47:59 | INFO: Blender create Mesh node Mobile_qiushuangzhai_plants
22:47:59 | INFO: Draco Decoder: Decode primitive Mobile_qiushuangzhai_plants
22:47:59 | INFO: Blender create Mesh node daoxiangcun_screen.001
22:47:59 | INFO: Draco Decoder: Decode primitive daoxiangcun_screen.001
22:47:59 | INFO: Blender create Mesh node Mobile_daoxiangcun
22:47:59 | INFO: Draco Decoder: Decode primitive Mobile_daoxiangcun
22:47:59 | INFO: Blender create Mesh node Mobile_daoxiangcun_paving
22:47:59 | INFO: Draco Decoder: Decode primitive Mobile_daoxiangcun_paving
22:47:59 | INFO: Blender create Mesh node Mobile_daoxiangcun_plants
22:47:59 | INFO: Draco Decoder: Decode primitive Mobile_daoxiangcun_plants
22:47:59 | INFO: Blender create Mesh node Mobile_ouxiangxie
22:47:59 | INFO: Draco Decoder: Decode primitive Mobile_ouxiangxie
22:47:59 | INFO: Blender create Mesh node Mobile_ouxiangxie_roof
22:47:59 | INFO: Draco Decoder: Decode primitive Mobile_ouxiangxie_roof
22:47:59 | INFO: Blender create Mesh node Mobile_ouxiangxie_roofshell
22:47:59 | INFO: Draco Decoder: Decode primitive Mobile_ouxiangxie_roofshell
22:47:59 | INFO: Blender create Mesh node ouxiangxie_screen
22:47:59 | INFO: Draco Decoder: Decode primitive ouxiangxie_screen
22:47:59 | INFO: Blender create Mesh node Mobile_ouxiangxie_plants
22:47:59 | INFO: Draco Decoder: Decode primitive Mobile_ouxiangxie_plants
22:47:59 | INFO: Blender create Mesh node dicuiting_lantern
22:47:59 | INFO: Draco Decoder: Decode primitive dicuiting_lantern
22:47:59 | INFO: Blender create Mesh node Mobile_dicuiting
22:47:59 | INFO: Draco Decoder: Decode primitive Mobile_dicuiting
22:47:59 | INFO: Blender create Mesh node Mobile_dicuiting_roof
22:47:59 | INFO: Draco Decoder: Decode primitive Mobile_dicuiting_roof
22:47:59 | INFO: Blender create Mesh node Mobile_dicuiting_roofshell
22:47:59 | INFO: Draco Decoder: Decode primitive Mobile_dicuiting_roofshell
22:47:59 | INFO: Blender create Mesh node Mobile_luxuean
22:47:59 | INFO: Draco Decoder: Decode primitive Mobile_luxuean
22:47:59 | INFO: Blender create Mesh node Mobile_luxuean_paving
22:47:59 | INFO: Draco Decoder: Decode primitive Mobile_luxuean_paving
22:47:59 | INFO: Blender create Mesh node Mobile_luxuean_plants
22:47:59 | INFO: Draco Decoder: Decode primitive Mobile_luxuean_plants
22:47:59 | INFO: Blender create Mesh node Mobile_tubishanzhuang
22:47:59 | INFO: Draco Decoder: Decode primitive Mobile_tubishanzhuang
22:47:59 | INFO: Blender create Mesh node Mobile_tubishanzhuang_floorwood
22:47:59 | INFO: Draco Decoder: Decode primitive Mobile_tubishanzhuang_floorwood
22:47:59 | INFO: Blender create Mesh node Mobile_tubishanzhuang_paving
22:47:59 | INFO: Draco Decoder: Decode primitive Mobile_tubishanzhuang_paving
22:47:59 | INFO: Blender create Mesh node Mobile_tubishanzhuang_roof
22:47:59 | INFO: Draco Decoder: Decode primitive Mobile_tubishanzhuang_roof
22:47:59 | INFO: Blender create Mesh node Mobile_tubishanzhuang_roofshell
22:47:59 | INFO: Draco Decoder: Decode primitive Mobile_tubishanzhuang_roofshell
22:47:59 | INFO: Blender create Mesh node tubishanzhuang_screen
22:47:59 | INFO: Draco Decoder: Decode primitive tubishanzhuang_screen
22:47:59 | INFO: Blender create Mesh node Mobile_tubishanzhuang_plants
22:47:59 | INFO: Draco Decoder: Decode primitive Mobile_tubishanzhuang_plants
22:47:59 | INFO: Blender create Mesh node aojingxiguan_screen
22:47:59 | INFO: Draco Decoder: Decode primitive aojingxiguan_screen
22:47:59 | INFO: Blender create Mesh node Mobile_aojingxiguan
22:47:59 | INFO: Draco Decoder: Decode primitive Mobile_aojingxiguan
22:47:59 | INFO: Blender create Mesh node Mobile_aojingxiguan_floorwood
22:47:59 | INFO: Draco Decoder: Decode primitive Mobile_aojingxiguan_floorwood
22:47:59 | INFO: Blender create Mesh node Mobile_aojingxiguan_paving
22:47:59 | INFO: Draco Decoder: Decode primitive Mobile_aojingxiguan_paving
22:47:59 | INFO: Blender create Mesh node Mobile_aojingxiguan_roof
22:47:59 | INFO: Draco Decoder: Decode primitive Mobile_aojingxiguan_roof
22:47:59 | INFO: Blender create Mesh node Mobile_aojingxiguan_roofshell
22:47:59 | INFO: Draco Decoder: Decode primitive Mobile_aojingxiguan_roofshell
22:47:59 | INFO: Blender create Mesh node Mobile_aojingxiguan_plants
22:47:59 | INFO: Draco Decoder: Decode primitive Mobile_aojingxiguan_plants
22:47:59 | INFO: Blender create Mesh node daguanlou_lantern
22:47:59 | INFO: Draco Decoder: Decode primitive daguanlou_lantern
22:47:59 | INFO: Blender create Mesh node daguanlou_screen
22:47:59 | INFO: Draco Decoder: Decode primitive daguanlou_screen
22:47:59 | INFO: Blender create Mesh node Mobile_daguanlou
22:47:59 | INFO: Draco Decoder: Decode primitive Mobile_daguanlou
22:47:59 | INFO: Blender create Mesh node Mobile_daguanlou_courtbase
22:47:59 | INFO: Draco Decoder: Decode primitive Mobile_daguanlou_courtbase
22:47:59 | INFO: Blender create Mesh node Mobile_daguanlou_floorwood
22:47:59 | INFO: Draco Decoder: Decode primitive Mobile_daguanlou_floorwood
22:47:59 | INFO: Blender create Mesh node Mobile_daguanlou_limestone
22:47:59 | INFO: Draco Decoder: Decode primitive Mobile_daguanlou_limestone
22:47:59 | INFO: Blender create Mesh node Mobile_daguanlou_paving
22:47:59 | INFO: Draco Decoder: Decode primitive Mobile_daguanlou_paving
22:47:59 | INFO: Blender create Mesh node Mobile_daguanlou_roof
22:47:59 | INFO: Draco Decoder: Decode primitive Mobile_daguanlou_roof
22:47:59 | INFO: Blender create Mesh node Mobile_daguanlou_roofshell
22:47:59 | INFO: Draco Decoder: Decode primitive Mobile_daguanlou_roofshell
22:47:59 | INFO: Blender create Mesh node Mobile_daguanlou_botanical_bamboo
22:47:59 | INFO: Draco Decoder: Decode primitive Mobile_daguanlou_botanical_bamboo
22:47:59 | INFO: Blender create Mesh node Mobile_daguanlou_botanical_litter
22:47:59 | INFO: Draco Decoder: Decode primitive Mobile_daguanlou_botanical_litter
22:47:59 | INFO: Blender create Mesh node Mobile_daguanlou_plants
22:47:59 | INFO: Draco Decoder: Decode primitive Mobile_daguanlou_plants
22:47:59 | INFO: Blender create Mesh node longcuian_screen
22:47:59 | INFO: Draco Decoder: Decode primitive longcuian_screen
22:47:59 | INFO: Blender create Mesh node Mobile_longcuian
22:47:59 | INFO: Draco Decoder: Decode primitive Mobile_longcuian
22:47:59 | INFO: Blender create Mesh node Mobile_longcuian_courtbase
22:47:59 | INFO: Draco Decoder: Decode primitive Mobile_longcuian_courtbase
22:47:59 | INFO: Blender create Mesh node Mobile_longcuian_floorwood
22:47:59 | INFO: Draco Decoder: Decode primitive Mobile_longcuian_floorwood
22:47:59 | INFO: Blender create Mesh node Mobile_longcuian_paving
22:47:59 | INFO: Draco Decoder: Decode primitive Mobile_longcuian_paving
22:47:59 | INFO: Blender create Mesh node Mobile_longcuian_roof
22:47:59 | INFO: Draco Decoder: Decode primitive Mobile_longcuian_roof
22:47:59 | INFO: Blender create Mesh node Mobile_longcuian_roofshell
22:47:59 | INFO: Draco Decoder: Decode primitive Mobile_longcuian_roofshell
dices
DracoDecoder | Decoded 878 vertices, 1302 indices
DracoDecoder | Decoded 320 vertices, 480 indices
DracoDecoder | Decoded 120 vertices, 180 indices
DracoDecoder | Decoded 72 vertices, 108 indices
DracoDecoder | Decoded 710 vertices, 720 indices
DracoDecoder | Decoded 131 vertices, 237 indices
DracoDecoder | Decoded 59 vertices, 63 indices
DracoDecoder | Decoded 186 vertices, 186 indices
DracoDecoder | Decoded 1722 vertices, 1788 indices
DracoDecoder | Decoded 320 vertices, 480 indices
DracoDecoder | Decoded 24 vertices, 36 indices
DracoDecoder | Decoded 4265 vertices, 4281 indices
DracoDecoder | Decoded 8 vertices, 12 indices
DracoDecoder | Decoded 1648 vertices, 2472 indices
DracoDecoder | Decoded 2202 vertices, 8337 indices
DracoDecoder | Decoded 273 vertices, 273 indices
DracoDecoder | Decoded 254 vertices, 384 indices
DracoDecoder | Decoded 3657 vertices, 3657 indices
DracoDecoder | Decoded 626 vertices, 930 indices
DracoDecoder | Decoded 1106 vertices, 1110 indices
DracoDecoder | Decoded 81 vertices, 81 indices
DracoDecoder | Decoded 1547 vertices, 1713 indices
DracoDecoder | Decoded 6506 vertices, 6660 indices
DracoDecoder | Decoded 4 vertices, 6 indices
DracoDecoder | Decoded 1784 vertices, 2676 indices
DracoDecoder | Decoded 594 vertices, 894 indices
DracoDecoder | Decoded 2211 vertices, 2211 indices
DracoDecoder | Decoded 406 vertices, 606 indices
DracoDecoder | Decoded 320 vertices, 480 indices
DracoDecoder | Decoded 192 vertices, 288 indices
DracoDecoder | Decoded 24 vertices, 36 indices
DracoDecoder | Decoded 1037 vertices, 1041 indices
DracoDecoder | Decoded 82 vertices, 84 indices
DracoDecoder | Decoded 1577 vertices, 1707 indices
DracoDecoder | Decoded 192 vertices, 288 indices
DracoDecoder | Decoded 1098 vertices, 1116 indices
DracoDecoder | Decoded 30 vertices, 66 indices
DracoDecoder | Decoded 7803 vertices, 7857 indices
DracoDecoder | Decoded 1124 vertices, 1164 indices
DracoDecoder | Decoded 1611 vertices, 1611 indices
DracoDecoder | Decoded 286 vertices, 426 indices
DracoDecoder | Decoded 216 vertices, 324 indices
DracoDecoder | Decoded 192 vertices, 324 indices
DracoDecoder | Decoded 1280 vertices, 1920 indices
DracoDecoder | Decoded 608 vertices, 672 indices
DracoDecoder | Decoded 861 vertices, 861 indices
DracoDecoder | Decoded 246 vertices, 366 indices
DracoDecoder | Decoded 1306 vertices, 1380 indices
DracoDecoder | Decoded 22 vertices, 54 indices
DracoDecoder | Decoded 687 vertices, 735 indices
DracoDecoder | Decoded 2772 vertices, 2772 indices
DracoDecoder | Decoded 1488 vertices, 2232 indices
DracoDecoder | Decoded 764 vertices, 1146 indices
DracoDecoder | Decoded 1788 vertices, 1788 indices
DracoDecoder | Decoded 286 vertices, 426 indices
DracoDecoder | Decoded 192 vertices, 288 indices
DracoDecoder | Decoded 486 vertices, 486 indices
DracoDecoder | Decoded 192 vertices, 288 indices
DracoDecoder | Decoded 2694 vertices, 2694 indices
DracoDecoder | Decoded 1332 vertices, 1998 indices
DracoDecoder | Decoded 768 vertices, 1158 indices
DracoDecoder | Decoded 1629 vertices, 1629 indices
DracoDecoder | Decoded 286 vertices, 426 indices
DracoDecoder | Decoded 486 vertices, 486 indices
DracoDecoder | Decoded 2704 vertices, 2928 indices
DracoDecoder | Decoded 1920 vertices, 2880 indices
DracoDecoder | Decoded 33799 vertices, 33951 indices
DracoDecoder | Decoded 8 vertices, 12 indices
DracoDecoder | Decoded 14416 vertices, 21624 indices
DracoDecoder | Decoded 2175 vertices, 2199 indices
DracoDecoder | Decoded 2842 vertices, 4314 indices
DracoDecoder | Decoded 27766 vertices, 27774 indices
DracoDecoder | Decoded 3638 vertices, 5418 indices
DracoDecoder | Decoded 5658 vertices, 5658 indices
DracoDecoder | Decoded 423 vertices, 423 indices
DracoDecoder | Decoded 1809 vertices, 1809 indices
DracoDecoder | Decoded 192 vertices, 288 indices
DracoDecoder | Decoded 5207 vertices, 5223 indices
DracoDecoder | Decoded 4 vertices, 6 indices
DracoDecoder | Decoded 1860 vertices, 2790 indices
DracoDecoder | Decoded 318 vertices, 480 indices
DracoDecoder | Decoded 3210 vertices, 3210 indices
DracoDecoder | Dec22:47:59 | INFO: Blender create Mesh node Mobile_longcuian_plants
22:47:59 | INFO: Draco Decoder: Decode primitive Mobile_longcuian_plants
22:47:59 | INFO: Blender create Mesh node Mobile_nuanxiangwu
22:47:59 | INFO: Draco Decoder: Decode primitive Mobile_nuanxiangwu
22:47:59 | INFO: Blender create Mesh node Mobile_nuanxiangwu_courtbase
22:47:59 | INFO: Draco Decoder: Decode primitive Mobile_nuanxiangwu_courtbase
22:47:59 | INFO: Blender create Mesh node Mobile_nuanxiangwu_floorwood
22:47:59 | INFO: Draco Decoder: Decode primitive Mobile_nuanxiangwu_floorwood
22:47:59 | INFO: Blender create Mesh node Mobile_nuanxiangwu_paving
22:47:59 | INFO: Draco Decoder: Decode primitive Mobile_nuanxiangwu_paving
22:47:59 | INFO: Blender create Mesh node Mobile_nuanxiangwu_roof
22:47:59 | INFO: Draco Decoder: Decode primitive Mobile_nuanxiangwu_roof
22:47:59 | INFO: Blender create Mesh node Mobile_nuanxiangwu_roofshell
22:47:59 | INFO: Draco Decoder: Decode primitive Mobile_nuanxiangwu_roofshell
22:47:59 | INFO: Blender create Mesh node nuanxiangwu_screen
22:47:59 | INFO: Draco Decoder: Decode primitive nuanxiangwu_screen
22:47:59 | INFO: Blender create Mesh node nuanxiangwu_silk
22:47:59 | INFO: Draco Decoder: Decode primitive nuanxiangwu_silk
22:47:59 | INFO: Blender create Mesh node Mobile_nuanxiangwu_plants
22:47:59 | INFO: Draco Decoder: Decode primitive Mobile_nuanxiangwu_plants
22:47:59 | INFO: Blender create Mesh node landscape_lantern
22:47:59 | INFO: Draco Decoder: Decode primitive landscape_lantern
22:47:59 | INFO: Blender create Mesh node Mobile_landscape
22:47:59 | INFO: Draco Decoder: Decode primitive Mobile_landscape
22:47:59 | INFO: Blender create Mesh node Mobile_landscape_paving
22:47:59 | INFO: Draco Decoder: Decode primitive Mobile_landscape_paving
22:47:59 | INFO: Blender create Mesh node Mobile_landscape_limestone
22:47:59 | INFO: Draco Decoder: Decode primitive Mobile_landscape_limestone
22:47:59 | INFO: Blender create Mesh node Mobile_landscape_roofshell
22:47:59 | INFO: Draco Decoder: Decode primitive Mobile_landscape_roofshell
22:47:59 | INFO: Blender create Mesh node Mobile_landscape_earth
22:47:59 | INFO: Draco Decoder: Decode primitive Mobile_landscape_earth
22:47:59 | INFO: Blender create Mesh node Mobile_landscape_bankstone
22:47:59 | INFO: Draco Decoder: Decode primitive Mobile_landscape_bankstone
22:47:59 | INFO: Blender create Mesh node Mobile_landscape_plants
22:47:59 | INFO: Draco Decoder: Decode primitive Mobile_landscape_plants
22:47:59 | INFO: Blender create Mesh node Mobile_landscape_botanical_bamboo
22:47:59 | INFO: Draco Decoder: Decode primitive Mobile_landscape_botanical_bamboo
22:47:59 | INFO: glTF import finished in 0.93s
ROUTE SURFACES overview-low 4719 missing 0 inverted 0
oded 690 vertices, 1026 indices
DracoDecoder | Decoded 3815 vertices, 3825 indices
DracoDecoder | Decoded 3429 vertices, 3465 indices
DracoDecoder | Decoded 4 vertices, 6 indices
DracoDecoder | Decoded 1232 vertices, 1848 indices
DracoDecoder | Decoded 266 vertices, 420 indices
DracoDecoder | Decoded 2784 vertices, 2784 indices
DracoDecoder | Decoded 506 vertices, 750 indices
DracoDecoder | Decoded 216 vertices, 324 indices
DracoDecoder | Decoded 48 vertices, 72 indices
DracoDecoder | Decoded 2238 vertices, 2262 indices
DracoDecoder | Decoded 1744 vertices, 1824 indices
DracoDecoder | Decoded 59149 vertices, 70887 indices
DracoDecoder | Decoded 20980 vertices, 33252 indices
DracoDecoder | Decoded 352924 vertices, 353376 indices
DracoDecoder | Decoded 1334 vertices, 1974 indices
DracoDecoder | Decoded 4227 vertices, 21927 indices
DracoDecoder | Decoded 6444 vertices, 9666 indices
DracoDecoder | Decoded 22138 vertices, 23226 indices
DracoDecoder | Decoded 16431 vertices, 16431 indices

Blender quit
NATIVE WATER COVERAGE 10182 failed 0
Blender 4.5.9 LTS (hash 8bf95cbd38d1 built 2026-04-21 01:33:45)
Read blend: "D:\Users\Lenovo\Desktop\澶ц鍥璡blender\daguanyuan_master.blend"

Blender quit
22:48:07 | INFO: Data are loaded, start creating Blender stuff
22:48:07 | INFO: Blender create Mesh node hengwuyuan_bookcloth.001
22:48:07 | INFO: Draco Decoder: Decode primitive hengwuyuan_bookcloth.001
22:48:07 | INFO: Blender create Mesh node hengwuyuan_bookcover.001
22:48:07 | INFO: Draco Decoder: Decode primitive hengwuyuan_bookcover.001
22:48:07 | INFO: Blender create Mesh node hengwuyuan_ceramic.001
22:48:07 | INFO: Draco Decoder: Decode primitive hengwuyuan_ceramic.001
22:48:07 | INFO: Blender create Mesh node hengwuyuan_clay.001
22:48:07 | INFO: Draco Decoder: Decode primitive hengwuyuan_clay.001
22:48:07 | INFO: Blender create Mesh node hengwuyuan_courtbase
22:48:07 | INFO: Draco Decoder: Decode primitive hengwuyuan_courtbase
22:48:07 | INFO: Blender create Mesh node hengwuyuan_cutstone
22:48:07 | INFO: Draco Decoder: Decode primitive hengwuyuan_cutstone
22:48:07 | INFO: Blender create Mesh node hengwuyuan_darkwood.001
22:48:07 | INFO: Draco Decoder: Decode primitive hengwuyuan_darkwood.001
22:48:07 | INFO: Blender create Mesh node hengwuyuan_floorwood
22:48:07 | INFO: Draco Decoder: Decode primitive hengwuyuan_floorwood
22:48:07 | INFO: Blender create Mesh node hengwuyuan_focal_bamboo.001
22:48:07 | INFO: Draco Decoder: Decode primitive hengwuyuan_focal_bamboo.001
22:48:07 | INFO: Blender create Mesh node hengwuyuan_focal_bark.001
22:48:07 | INFO: Draco Decoder: Decode primitive hengwuyuan_focal_bark.001
22:48:07 | INFO: Blender create Mesh node hengwuyuan_focal_botanical_bamboo.001
22:48:07 | INFO: Draco Decoder: Decode primitive hengwuyuan_focal_botanical_bamboo.001
22:48:07 | INFO: Blender create Mesh node hengwuyuan_focal_botanical_litter.001
22:48:07 | INFO: Draco Decoder: Decode primitive hengwuyuan_focal_botanical_litter.001
22:48:07 | INFO: Blender create Mesh node hengwuyuan_focal_botanical_stem
22:48:07 | INFO: Draco Decoder: Decode primitive hengwuyuan_focal_botanical_stem
22:48:07 | INFO: Blender create Mesh node hengwuyuan_focal_creamflower.001
22:48:07 | INFO: Draco Decoder: Decode primitive hengwuyuan_focal_creamflower.001
22:48:07 | INFO: Blender create Mesh node hengwuyuan_focal_leaf.001
22:48:07 | INFO: Draco Decoder: Decode primitive hengwuyuan_focal_leaf.001
22:48:07 | INFO: Blender create Mesh node hengwuyuan_focal_leafdark.001
22:48:07 | INFO: Draco Decoder: Decode primitive hengwuyuan_focal_leafdark.001
22:48:07 | INFO: Blender create Mesh node hengwuyuan_focal_moss.001
22:48:07 | INFO: Draco Decoder: Decode primitive hengwuyuan_focal_moss.001
22:48:07 | INFO: Blender create Mesh node hengwuyuan_furniture
22:48:07 | INFO: Draco Decoder: Decode primitive hengwuyuan_furniture
22:48:07 | INFO: Blender create Mesh node hengwuyuan_gardenstone
22:48:07 | INFO: Draco Decoder: Decode primitive hengwuyuan_gardenstone
22:48:07 | INFO: Blender create Mesh node hengwuyuan_gold
22:48:07 | INFO: Draco Decoder: Decode primitive hengwuyuan_gold
22:48:07 | INFO: Blender create Mesh node hengwuyuan_ink.001
22:48:07 | INFO: Draco Decoder: Decode primitive hengwuyuan_ink.001
22:48:07 | INFO: Blender create Mesh node hengwuyuan_ivory.001
22:48:07 | INFO: Draco Decoder: Decode primitive hengwuyuan_ivory.001
22:48:07 | INFO: Blender create Mesh node hengwuyuan_lantern
22:48:07 | INFO: Draco Decoder: Decode primitive hengwuyuan_lantern
22:48:07 | INFO: Blender create Mesh node hengwuyuan_latticewood.001
22:48:07 | INFO: Draco Decoder: Decode primitive hengwuyuan_latticewood.001
22:48:07 | INFO: Blender create Mesh node hengwuyuan_limestone.001
22:48:07 | INFO: Draco Decoder: Decode primitive hengwuyuan_limestone.001
22:48:07 | INFO: Blender create Mesh node hengwuyuan_paper.001
22:48:07 | INFO: Draco Decoder: Decode primitive hengwuyuan_paper.001
22:48:07 | INFO: Blender create Mesh node hengwuyuan_paving.001
22:48:07 | INFO: Draco Decoder: Decode primitive hengwuyuan_paving.001
22:48:07 | INFO: Blender create Mesh node hengwuyuan_plaster.001
22:48:07 | INFO: Draco Decoder: Decode primitive hengwuyuan_plaster.001
22:48:07 | INFO: Blender create Mesh node hengwuyuan_roof.001
22:48:07 | INFO: Draco Decoder: Decode primitive hengwuyuan_roof.001
22:48:07 | INFO: Blender create Mesh node hengwuyuan_screen.001
22:48:07 | INFO: Draco Decoder: Decode primitive hengwuyuan_screen.001
22:48:07 | INFO: Blender create Mesh node hengwuyuan_stone.001
22:48:07 | INFO: Draco Decoder: Decode primitive hengwuyuan_stone.001
22:48:07 | INFO: Blender create Mesh node hengwuyuan_tile.001
22:48:07 | INFO: Draco Decoder: Decode primitive hengwuyuan_tile.001
22:48:07 | INFO: Blender create Mesh node hengwuyuan_tiledark.001
22:48:07 | INFO: Draco Decoder: Decode primitive hengwuyuan_tiledark.001
22:48:07 | INFO: Blender create Mesh node hengwuyuan_tilelight.001
22:48:07 | INFO: Draco Decoder: Decode primitive hengwuyuan_tilelight.001
22:48:07 | INFO: Blender create Mesh node hengwuyuan_wood.001
22:48:07 | INFO: Draco Decoder: Decode primitive hengwuyuan_wood.001
22:48:07 | INFO: glTF import finished in 0.52s
22:48:07 | INFO: Data are loaded, start creating Blender stuff
22:48:07 | INFO: Blender create Mesh node hengwuyuan_lantern
22:48:07 | INFO: Draco Decoder: Decode primitive hengwuyuan_lantern
22:48:07 | INFO: Blender create Mesh node hengwuyuan_screen.001
22:48:07 | INFO: Draco Decoder: Decode primitive hengwuyuan_screen.001
22:48:07 | INFO: Blender create Mesh node Mobile_hengwuyuan
22:48:07 | INFO: Draco Decoder: Decode primitive Mobile_hengwuyuan
22:48:08 | INFO: Blender create Mesh node Mobile_hengwuyuan_courtbase
22:48:08 | INFO: Draco Decoder: Decode primitive Mobile_hengwuyuan_courtbase
22:48:08 | INFO: Blender create Mesh node Mobile_hengwuyuan_floorwood
22:48:08 | INFO: Draco Decoder: Decode primitive Mobile_hengwuyuan_floorwood
22:48:08 | INFO: Blender create Mesh node Mobile_hengwuyuan_gardenstone
22:48:08 | INFO: Draco Decoder: Decode primitive Mobile_hengwuyuan_gardenstone
22:48:08 | INFO: Blender create Mesh node Mobile_hengwuyuan_limestone
22:48:08 | INFO: Draco Decoder: Decode primitive Mobile_hengwuyuan_limestone
22:48:08 | INFO: Blender create Mesh node Mobile_hengwuyuan_paving
22:48:08 | INFO: Draco Decoder: Decode primitive Mobile_hengwuyuan_paving
22:48:08 | INFO: Blender create Mesh node Mobile_hengwuyuan_roof
22:48:08 | INFO: Draco Decoder: Decode primitive Mobile_hengwuyuan_roof
22:48:08 | INFO: Blender create Mesh node Mobile_hengwuyuan_roofshell
22:48:08 | INFO: Draco Decoder: Decode primitive Mobile_hengwuyuan_roofshell
22:48:08 | INFO: Blender create Mesh node Mobile_hengwuyuan_botanical_bamboo
22:48:08 | INFO: Draco Decoder: Decode primitive Mobile_hengwuyuan_botanical_bamboo
22:48:08 | INFO: Blender create Mesh node Mobile_hengwuyuan_botanical_litter
22:48:08 | INFO: Draco Decoder: Decode primitive Mobile_hengwuyuan_botanical_litter
22:48:08 | INFO: Blender create Mesh node Mobile_hengwuyuan_botanical_stem
22:48:08 | INFO: Draco Decoder: Decode primitive Mobile_hengwuyuan_botanical_stem
22:48:08 | INFO: Blender create Mesh node Mobile_hengwuyuan_plants
22:48:08 | INFO: Draco Decoder: Decode primitive Mobile_hengwuyuan_plants
22:48:08 | INFO: glTF import finished in 0.19s
22:48:08 | INFO: Data are loaded, start creating Blender stuff
22:48:08 | INFO: Blender create Mesh node daguanyuan_gate_screen
22:48:08 | INFO: Draco Decoder: Decode primitive daguanyuan_gate_screen
22:48:08 | INFO: Blender create Mesh node Mobile_daguanyuan_gate
22:48:08 | INFO: Draco Decoder: Decode primitive Mobile_daguanyuan_gate
22:48:08 | INFO: Blender create Mesh node Mobile_daguanyuan_gate_floorwood
22:48:08 | INFO: Draco Decoder: Decode primitive Mobile_daguanyuan_gate_floorwood
22:48:08 | INFO: Blender create Mesh node Mobile_daguanyuan_gate_limestone
22:48:08 | INFO: Draco Decoder: Decode primitive Mobile_daguanyuan_gate_limestone
22:48:08 | INFO: Blender create Mesh node Mobile_daguanyuan_gate_paving
22:48:08 | INFO: Draco Decoder: Decode primitive Mobile_daguanyuan_gate_paving
22:48:08 | INFO: Blender create Mesh node Mobile_daguanyuan_gate_roof
22:48:08 | INFO: Draco Decoder: Decode primitive Mobile_daguanyuan_gate_roof
22:48:08 | INFO: Blender create Mesh node Mobile_daguanyuan_gate_roofshell
22:48:08 | INFO: Draco Decoder: Decode primitive Mobile_daguanyuan_gate_roofshell
22:48:08 | INFO: Blender create Mesh node Mobile_qujingtongyou_gardenstone
22:48:08 | INFO: Draco Decoder: Decode primitive Mobile_qujingtongyou_gardenstone
22:48:08 | INFO: Blender create Mesh node Mobile_qujingtongyou_limestone
22:48:08 | INFO: Draco Decoder: Decode primitive Mobile_qujingtongyou_limestone
22:48:08 | INFO: Blender create Mesh node Mobile_qujingtongyou_plants
22:48:08 | INFO: Draco Decoder: Decode primitive Mobile_qujingtongyou_plants
22:48:08 | INFO: Blender create Mesh node Mobile_xiaoxiangguan
22:48:08 | INFO: Draco Decoder: Decode primitive Mobile_xiaoxiangguan
22:48:08 | INFO: Blender create Mesh node Mobile_xiaoxiangguan_bankstone
22:48:08 | INFO: Draco Decoder: Decode primitive Mobile_xiaoxiangguan_bankstone
22:48:08 | INFO: Blender create Mesh node Mobile_xiaoxiangguan_floorwood
22:48:08 | INFO: Draco Decoder: Decode primitive Mobile_xiaoxiangguan_floorwood
22:48:08 | INFO: Blender create Mesh node Mobile_xiaoxiangguan_paving
22:48:08 | INFO: Draco Decoder: Decode primitive Mobile_xiaoxiangguan_paving
22:48:08 | INFO: Blender create Mesh node Mobile_xiaoxiangguan_roof
22:48:08 | INFO: Draco Decoder: Decode primitive Mobile_xiaoxiangguan_roof
22:48:08 | INFO: Blender create Mesh node Mobile_xiaoxiangguan_roofshell
22:48:08 | INFO: Draco Decoder: Decode primitive Mobile_xiaoxiangguan_roofshell
22:48:08 | INFO: Blender create Mesh node xiaoxiangguan_lantern
22:48:08 | INFO: Draco Decoder: Decode primitive xiaoxiangguan_lantern
22:48:08 | INFO: Blender create Mesh node xiaoxiangguan_silk
22:48:08 | INFO: Draco Decoder: Decode primitive xiaoxiangguan_silk
22:48:08 | INFO: Blender create Mesh node Mobile_xiaoxiangguan_botanical_bamboo
22:48:08 | INFO: Draco Decoder: Decode primitive Mobile_xiaoxiangguan_botanical_bamboo
22:48:08 | INFO: Blender create Mesh node Mobile_xiaoxiangguan_botanical_banana
22:48:08 | INFO: Draco Decoder: Decode primitive Mobile_xiaoxiangguan_botanical_banana
22:48:08 | INFO: Blender create Mesh node Mobile_xiaoxiangguan_botanical_litter
22:48:08 | INFO: Draco Decoder: Decode primitive Mobile_xiaoxiangguan_botanical_litter
22:48:08 | INFO: Blender create Mesh node Mobile_xiaoxiangguan_botanical_petal
22:48:08 | INFO: Draco Decoder: Decode primitive Mobile_xiaoxiangguan_botanical_petal
22:48:08 | INFO: Blender create Mesh node Mobile_xiaoxiangguan_plants
22:48:08 | INFO: Draco Decoder: Decode primitive Mobile_xiaoxiangguan_plants
22:48:08 | INFO: Blender create Mesh node Mobile_yihongyuan
22:48:08 | INFO: Draco Decoder: Decode primitive Mobile_yihongyuan
22:48:08 | INFO: Blender create Mesh node Mobile_yihongyuan_courtbase
22:48:08 | INFO: Draco Decoder: Decode primitive Mobile_yihongyuan_courtbase
22:48:08 | INFO: Blender create Mesh node Mobile_yihongyuan_floorwood
22:48:08 | INFO: Draco Decoder: Decode primitive Mobile_yihongyuan_floorwood
22:48:08 | INFO: Blender create Mesh node Mobile_yihongyuan_gardenstone
22:48:08 | INFO: Draco Decoder: Decode primitive Mobile_yihongyuan_gardenstone
22:48:08 | INFO: Blender create Mesh node Mobile_yihongyuan_limestone
22:48:08 | INFO: Draco Decoder: Decode primitive Mobile_yihongyuan_limestone
22:48:08 | INFO: Blender create Mesh node Mobile_yihongyuan_paving
22:48:08 | INFO: Draco Decoder: Decode primitive Mobile_yihongyuan_paving
22:48:08 | INFO: Blender create Mesh node Mobile_yihongyuan_roof
22:48:08 | INFO: Draco Decoder: Decode primitive Mobile_yihongyuan_roof
Blender 4.5.9 LTS (hash 8bf95cbd38d1 built 2026-04-21 01:33:45)
Read blend: "D:\Users\Lenovo\Desktop\澶ц鍥璡blender\daguanyuan_master.blend"
DracoDecoder | Decoded 528 vertices, 792 indices
DracoDecoder | Decoded 48 vertices, 72 indices
DracoDecoder | Decoded 560 vertices, 924 indices
DracoDecoder | Decoded 320 vertices, 480 indices
DracoDecoder | Decoded 48 vertices, 72 indices
DracoDecoder | Decoded 7536 vertices, 12420 indices
DracoDecoder | Decoded 7520 vertices, 10548 indices
DracoDecoder | Decoded 9888 vertices, 14832 indices
DracoDecoder | Decoded 168 vertices, 324 indices
DracoDecoder | Decoded 14608 vertices, 25200 indices
DracoDecoder | Decoded 56070 vertices, 179424 indices
DracoDecoder | Decoded 4215 vertices, 13488 indices
DracoDecoder | Decoded 8812 vertices, 17820 indices
DracoDecoder | Decoded 858 vertices, 1320 indices
DracoDecoder | Decoded 13904 vertices, 17184 indices
DracoDecoder | Decoded 13737 vertices, 17196 indices
DracoDecoder | Decoded 13585 vertices, 16800 indices
DracoDecoder | Decoded 1496 vertices, 2520 indices
DracoDecoder | Decoded 4936 vertices, 21075 indices
DracoDecoder | Decoded 720 vertices, 1176 indices
DracoDecoder | Decoded 752 vertices, 1152 indices
DracoDecoder | Decoded 312 vertices, 468 indices
DracoDecoder | Decoded 320 vertices, 480 indices
DracoDecoder | Decoded 2448 vertices, 3672 indices
DracoDecoder | Decoded 8092 vertices, 8094 indices
DracoDecoder | Decoded 340 vertices, 540 indices
DracoDecoder | Decoded 1494 vertices, 2244 indices
DracoDecoder | Decoded 4800 vertices, 6600 indices
DracoDecoder | Decoded 626 vertices, 930 indices
DracoDecoder | Decoded 24 vertices, 36 indices
DracoDecoder | Decoded 3360 vertices, 5016 indices
DracoDecoder | Decoded 96466 vertices, 189648 indices
DracoDecoder | Decoded 30816 vertices, 54528 indices
DracoDecoder | Decoded 6708 vertices, 13068 indices
DracoDecoder | Decoded 69712 vertices, 100776 indices
DracoDecoder | Decoded 320 vertices, 480 indices
DracoDecoder | Decoded 24 vertices, 36 indices
DracoDecoder | Decoded 25699 vertices, 39069 indices
DracoDecoder | Decoded 8 vertices, 12 indices
DracoDecoder | Decoded 1648 vertices, 2472 indices
DracoDecoder | Decoded 3150 vertices, 12639 indices
DracoDecoder | Decoded 2743 vertices, 2751 indices
DracoDecoder | Decoded 254 vertices, 384 indices
DracoDecoder | Decoded 48998 vertices, 60966 indices
DracoDecoder | Decoded 626 vertices, 930 indices
DracoDecoder | Decoded 40120 vertices, 111240 indices
DracoDecoder | Decoded 2798 vertices, 8358 indices
DracoDecoder | Decoded 6221 vertices, 10959 indices
DracoDecoder | Decoded 15725 vertices, 17238 indices
DracoDecoder | Decoded 384 vertices, 576 indices
DracoDecoder | Decoded 3678 vertices, 3678 indices
DracoDecoder | Decoded 1508 vertices, 2262 indices
DracoDecoder | Decoded 183 vertices, 183 indices
DracoDecoder | Decoded 4 vertices, 6 indices
DracoDecoder | Decoded 1795 vertices, 1797 indices
DracoDecoder | Decoded 238 vertices, 354 indices
DracoDecoder | Decoded 2190 vertices, 8301 indices
DracoDecoder | Decoded 273 vertices, 273 indices
DracoDecoder | Decoded 486 vertices, 486 indices
DracoDecoder | Decoded 5216 vertices, 5250 indices
DracoDecoder | Decoded 744 vertices, 744 indices
DracoDecoder | Decoded 1152 vertices, 1728 indices
DracoDecoder | Decoded 18 vertices, 30 indices
DracoDecoder | Decoded 3240 vertices, 3240 indices
DracoDecoder | Decoded 736 vertices, 1092 indices
DracoDecoder | Decoded 320 vertices, 480 indices
DracoDecoder | Decoded 24 vertices, 36 indices
DracoDecoder | Decoded 3693 vertices, 3723 indices
DracoDecoder | Decoded 44 vertices, 78 indices
DracoDecoder | Decoded 105 vertices, 111 indices
DracoDecoder | Decoded 186 vertices, 186 indices
DracoDecoder | Decoded 1360 vertices, 1386 indices
DracoDecoder | Decoded 5092 vertices, 5118 indices
DracoDecoder | Decoded 4 vertices, 6 indices
DracoDecoder | Decoded 1440 vertices, 2160 indices
DracoDecoder | Decoded 2227 vertices, 8310 indices
DracoDecoder | Decoded 366 vertices, 366 indices
DracoDecoder | Decoded 410 vertices, 618 indices
DracoDecoder | Decoded 4404 ve22:48:08 | INFO: Blender create Mesh node Mobile_yihongyuan_roofshell
22:48:08 | INFO: Draco Decoder: Decode primitive Mobile_yihongyuan_roofshell
22:48:08 | INFO: Blender create Mesh node yihongyuan_lantern
22:48:08 | INFO: Draco Decoder: Decode primitive yihongyuan_lantern
22:48:08 | INFO: Blender create Mesh node yihongyuan_screen.001
22:48:08 | INFO: Draco Decoder: Decode primitive yihongyuan_screen.001
22:48:08 | INFO: Blender create Mesh node yihongyuan_silk.001
22:48:08 | INFO: Draco Decoder: Decode primitive yihongyuan_silk.001
22:48:08 | INFO: Blender create Mesh node Mobile_yihongyuan_botanical_bamboo
22:48:08 | INFO: Draco Decoder: Decode primitive Mobile_yihongyuan_botanical_bamboo
22:48:08 | INFO: Blender create Mesh node Mobile_yihongyuan_botanical_banana
22:48:08 | INFO: Draco Decoder: Decode primitive Mobile_yihongyuan_botanical_banana
22:48:08 | INFO: Blender create Mesh node Mobile_yihongyuan_botanical_litter
22:48:08 | INFO: Draco Decoder: Decode primitive Mobile_yihongyuan_botanical_litter
22:48:08 | INFO: Blender create Mesh node Mobile_yihongyuan_botanical_petal
22:48:08 | INFO: Draco Decoder: Decode primitive Mobile_yihongyuan_botanical_petal
22:48:08 | INFO: Blender create Mesh node Mobile_yihongyuan_plants
22:48:08 | INFO: Draco Decoder: Decode primitive Mobile_yihongyuan_plants
22:48:08 | INFO: Blender create Mesh node hengwuyuan_lantern
22:48:08 | INFO: Draco Decoder: Decode primitive hengwuyuan_lantern
22:48:08 | INFO: Blender create Mesh node hengwuyuan_screen.001
22:48:08 | INFO: Draco Decoder: Decode primitive hengwuyuan_screen.001
22:48:08 | INFO: Blender create Mesh node Mobile_hengwuyuan
22:48:08 | INFO: Draco Decoder: Decode primitive Mobile_hengwuyuan
22:48:08 | INFO: Blender create Mesh node Mobile_hengwuyuan_courtbase
22:48:08 | INFO: Draco Decoder: Decode primitive Mobile_hengwuyuan_courtbase
22:48:08 | INFO: Blender create Mesh node Mobile_hengwuyuan_floorwood
22:48:08 | INFO: Draco Decoder: Decode primitive Mobile_hengwuyuan_floorwood
22:48:08 | INFO: Blender create Mesh node Mobile_hengwuyuan_gardenstone
22:48:08 | INFO: Draco Decoder: Decode primitive Mobile_hengwuyuan_gardenstone
22:48:08 | INFO: Blender create Mesh node Mobile_hengwuyuan_limestone
22:48:08 | INFO: Draco Decoder: Decode primitive Mobile_hengwuyuan_limestone
22:48:08 | INFO: Blender create Mesh node Mobile_hengwuyuan_paving
22:48:08 | INFO: Draco Decoder: Decode primitive Mobile_hengwuyuan_paving
22:48:08 | INFO: Blender create Mesh node Mobile_hengwuyuan_roof
22:48:08 | INFO: Draco Decoder: Decode primitive Mobile_hengwuyuan_roof
22:48:08 | INFO: Blender create Mesh node Mobile_hengwuyuan_roofshell
22:48:08 | INFO: Draco Decoder: Decode primitive Mobile_hengwuyuan_roofshell
22:48:08 | INFO: Blender create Mesh node Mobile_hengwuyuan_botanical_bamboo
22:48:08 | INFO: Draco Decoder: Decode primitive Mobile_hengwuyuan_botanical_bamboo
22:48:08 | INFO: Blender create Mesh node Mobile_hengwuyuan_botanical_litter
22:48:08 | INFO: Draco Decoder: Decode primitive Mobile_hengwuyuan_botanical_litter
22:48:08 | INFO: Blender create Mesh node Mobile_hengwuyuan_plants
22:48:08 | INFO: Draco Decoder: Decode primitive Mobile_hengwuyuan_plants
22:48:08 | INFO: Blender create Mesh node Mobile_qiushuangzhai
22:48:08 | INFO: Draco Decoder: Decode primitive Mobile_qiushuangzhai
22:48:08 | INFO: Blender create Mesh node Mobile_qiushuangzhai_courtbase
22:48:08 | INFO: Draco Decoder: Decode primitive Mobile_qiushuangzhai_courtbase
22:48:08 | INFO: Blender create Mesh node Mobile_qiushuangzhai_floorwood
22:48:08 | INFO: Draco Decoder: Decode primitive Mobile_qiushuangzhai_floorwood
22:48:08 | INFO: Blender create Mesh node Mobile_qiushuangzhai_paving
22:48:08 | INFO: Draco Decoder: Decode primitive Mobile_qiushuangzhai_paving
22:48:08 | INFO: Blender create Mesh node Mobile_qiushuangzhai_roof
22:48:08 | INFO: Draco Decoder: Decode primitive Mobile_qiushuangzhai_roof
22:48:08 | INFO: Blender create Mesh node Mobile_qiushuangzhai_roofshell
22:48:08 | INFO: Draco Decoder: Decode primitive Mobile_qiushuangzhai_roofshell
22:48:08 | INFO: Blender create Mesh node qiushuangzhai_lantern
22:48:08 | INFO: Draco Decoder: Decode primitive qiushuangzhai_lantern
22:48:08 | INFO: Blender create Mesh node qiushuangzhai_screen
22:48:08 | INFO: Draco Decoder: Decode primitive qiushuangzhai_screen
22:48:08 | INFO: Blender create Mesh node qiushuangzhai_silk.001
22:48:08 | INFO: Draco Decoder: Decode primitive qiushuangzhai_silk.001
22:48:08 | INFO: Blender create Mesh node Mobile_qiushuangzhai_botanical_bamboo
22:48:08 | INFO: Draco Decoder: Decode primitive Mobile_qiushuangzhai_botanical_bamboo
22:48:08 | INFO: Blender create Mesh node Mobile_qiushuangzhai_botanical_litter
22:48:08 | INFO: Draco Decoder: Decode primitive Mobile_qiushuangzhai_botanical_litter
22:48:08 | INFO: Blender create Mesh node Mobile_qiushuangzhai_plants
22:48:08 | INFO: Draco Decoder: Decode primitive Mobile_qiushuangzhai_plants
22:48:08 | INFO: Blender create Mesh node daoxiangcun_screen.001
22:48:08 | INFO: Draco Decoder: Decode primitive daoxiangcun_screen.001
22:48:08 | INFO: Blender create Mesh node Mobile_daoxiangcun
22:48:08 | INFO: Draco Decoder: Decode primitive Mobile_daoxiangcun
22:48:08 | INFO: Blender create Mesh node Mobile_daoxiangcun_paving
22:48:08 | INFO: Draco Decoder: Decode primitive Mobile_daoxiangcun_paving
22:48:08 | INFO: Blender create Mesh node Mobile_daoxiangcun_plants
22:48:08 | INFO: Draco Decoder: Decode primitive Mobile_daoxiangcun_plants
22:48:08 | INFO: Blender create Mesh node Mobile_ouxiangxie
22:48:08 | INFO: Draco Decoder: Decode primitive Mobile_ouxiangxie
22:48:08 | INFO: Blender create Mesh node Mobile_ouxiangxie_roof
22:48:08 | INFO: Draco Decoder: Decode primitive Mobile_ouxiangxie_roof
22:48:08 | INFO: Blender create Mesh node Mobile_ouxiangxie_roofshell
22:48:08 | INFO: Draco Decoder: Decode primitive Mobile_ouxiangxie_roofshell
22:48:08 | INFO: Blender create Mesh node ouxiangxie_screen
22:48:08 | INFO: Draco Decoder: Decode primitive ouxiangxie_screen
22:48:08 | INFO: Blender create Mesh node Mobile_ouxiangxie_plants
22:48:08 | INFO: Draco Decoder: Decode primitive Mobile_ouxiangxie_plants
22:48:08 | INFO: Blender create Mesh node dicuiting_lantern
22:48:08 | INFO: Draco Decoder: Decode primitive dicuiting_lantern
22:48:08 | INFO: Blender create Mesh node Mobile_dicuiting
22:48:08 | INFO: Draco Decoder: Decode primitive Mobile_dicuiting
22:48:08 | INFO: Blender create Mesh node Mobile_dicuiting_roof
22:48:08 | INFO: Draco Decoder: Decode primitive Mobile_dicuiting_roof
22:48:08 | INFO: Blender create Mesh node Mobile_dicuiting_roofshell
22:48:08 | INFO: Draco Decoder: Decode primitive Mobile_dicuiting_roofshell
22:48:08 | INFO: Blender create Mesh node Mobile_luxuean
22:48:08 | INFO: Draco Decoder: Decode primitive Mobile_luxuean
22:48:08 | INFO: Blender create Mesh node Mobile_luxuean_paving
22:48:08 | INFO: Draco Decoder: Decode primitive Mobile_luxuean_paving
22:48:08 | INFO: Blender create Mesh node Mobile_luxuean_plants
22:48:08 | INFO: Draco Decoder: Decode primitive Mobile_luxuean_plants
22:48:08 | INFO: Blender create Mesh node Mobile_tubishanzhuang
22:48:08 | INFO: Draco Decoder: Decode primitive Mobile_tubishanzhuang
22:48:08 | INFO: Blender create Mesh node Mobile_tubishanzhuang_floorwood
22:48:08 | INFO: Draco Decoder: Decode primitive Mobile_tubishanzhuang_floorwood
22:48:08 | INFO: Blender create Mesh node Mobile_tubishanzhuang_paving
22:48:08 | INFO: Draco Decoder: Decode primitive Mobile_tubishanzhuang_paving
22:48:08 | INFO: Blender create Mesh node Mobile_tubishanzhuang_roof
22:48:08 | INFO: Draco Decoder: Decode primitive Mobile_tubishanzhuang_roof
22:48:08 | INFO: Blender create Mesh node Mobile_tubishanzhuang_roofshell
22:48:08 | INFO: Draco Decoder: Decode primitive Mobile_tubishanzhuang_roofshell
22:48:08 | INFO: Blender create Mesh node tubishanzhuang_screen
22:48:08 | INFO: Draco Decoder: Decode primitive tubishanzhuang_screen
22:48:08 | INFO: Blender create Mesh node Mobile_tubishanzhuang_plants
22:48:08 | INFO: Draco Decoder: Decode primitive Mobile_tubishanzhuang_plants
22:48:08 | INFO: Blender create Mesh node aojingxiguan_screen
22:48:08 | INFO: Draco Decoder: Decode primitive aojingxiguan_screen
22:48:08 | INFO: Blender create Mesh node Mobile_aojingxiguan
22:48:08 | INFO: Draco Decoder: Decode primitive Mobile_aojingxiguan
22:48:08 | INFO: Blender create Mesh node Mobile_aojingxiguan_floorwood
22:48:08 | INFO: Draco Decoder: Decode primitive Mobile_aojingxiguan_floorwood
22:48:08 | INFO: Blender create Mesh node Mobile_aojingxiguan_paving
22:48:08 | INFO: Draco Decoder: Decode primitive Mobile_aojingxiguan_paving
22:48:08 | INFO: Blender create Mesh node Mobile_aojingxiguan_roof
22:48:08 | INFO: Draco Decoder: Decode primitive Mobile_aojingxiguan_roof
22:48:08 | INFO: Blender create Mesh node Mobile_aojingxiguan_roofshell
22:48:08 | INFO: Draco Decoder: Decode primitive Mobile_aojingxiguan_roofshell
22:48:08 | INFO: Blender create Mesh node Mobile_aojingxiguan_plants
22:48:08 | INFO: Draco Decoder: Decode primitive Mobile_aojingxiguan_plants
22:48:08 | INFO: Blender create Mesh node daguanlou_lantern
22:48:08 | INFO: Draco Decoder: Decode primitive daguanlou_lantern
22:48:08 | INFO: Blender create Mesh node daguanlou_screen
22:48:08 | INFO: Draco Decoder: Decode primitive daguanlou_screen
22:48:08 | INFO: Blender create Mesh node Mobile_daguanlou
22:48:08 | INFO: Draco Decoder: Decode primitive Mobile_daguanlou
22:48:08 | INFO: Blender create Mesh node Mobile_daguanlou_courtbase
22:48:08 | INFO: Draco Decoder: Decode primitive Mobile_daguanlou_courtbase
22:48:08 | INFO: Blender create Mesh node Mobile_daguanlou_floorwood
22:48:08 | INFO: Draco Decoder: Decode primitive Mobile_daguanlou_floorwood
22:48:08 | INFO: Blender create Mesh node Mobile_daguanlou_limestone
22:48:08 | INFO: Draco Decoder: Decode primitive Mobile_daguanlou_limestone
22:48:08 | INFO: Blender create Mesh node Mobile_daguanlou_paving
22:48:08 | INFO: Draco Decoder: Decode primitive Mobile_daguanlou_paving
22:48:08 | INFO: Blender create Mesh node Mobile_daguanlou_roof
22:48:08 | INFO: Draco Decoder: Decode primitive Mobile_daguanlou_roof
22:48:08 | INFO: Blender create Mesh node Mobile_daguanlou_roofshell
22:48:08 | INFO: Draco Decoder: Decode primitive Mobile_daguanlou_roofshell
22:48:08 | INFO: Blender create Mesh node Mobile_daguanlou_botanical_bamboo
22:48:08 | INFO: Draco Decoder: Decode primitive Mobile_daguanlou_botanical_bamboo
22:48:08 | INFO: Blender create Mesh node Mobile_daguanlou_botanical_litter
22:48:08 | INFO: Draco Decoder: Decode primitive Mobile_daguanlou_botanical_litter
22:48:08 | INFO: Blender create Mesh node Mobile_daguanlou_plants
22:48:08 | INFO: Draco Decoder: Decode primitive Mobile_daguanlou_plants
22:48:08 | INFO: Blender create Mesh node longcuian_screen
22:48:08 | INFO: Draco Decoder: Decode primitive longcuian_screen
22:48:08 | INFO: Blender create Mesh node Mobile_longcuian
22:48:08 | INFO: Draco Decoder: Decode primitive Mobile_longcuian
22:48:08 | INFO: Blender create Mesh node Mobile_longcuian_courtbase
22:48:08 | INFO: Draco Decoder: Decode primitive Mobile_longcuian_courtbase
22:48:08 | INFO: Blender create Mesh node Mobile_longcuian_floorwood
22:48:08 | INFO: Draco Decoder: Decode primitive Mobile_longcuian_floorwood
22:48:08 | INFO: Blender create Mesh node Mobile_longcuian_paving
22:48:08 | INFO: Draco Decoder: Decode primitive Mobile_longcuian_paving
22:48:08 | INFO: Blender create Mesh node Mobile_longcuian_roof
22:48:08 | INFO: Draco Decoder: Decode primitive Mobile_longcuian_roof
22:48:08 | INFO: Blender create Mesh node Mobile_longcuian_roofshell
22:48:08 | INFO: Draco Decoder: Decode primitive Mobile_longcuian_roofshell
rtices, 4404 indices
DracoDecoder | Decoded 878 vertices, 1302 indices
DracoDecoder | Decoded 320 vertices, 480 indices
DracoDecoder | Decoded 120 vertices, 180 indices
DracoDecoder | Decoded 72 vertices, 108 indices
DracoDecoder | Decoded 710 vertices, 720 indices
DracoDecoder | Decoded 131 vertices, 237 indices
DracoDecoder | Decoded 59 vertices, 63 indices
DracoDecoder | Decoded 186 vertices, 186 indices
DracoDecoder | Decoded 1722 vertices, 1788 indices
DracoDecoder | Decoded 320 vertices, 480 indices
DracoDecoder | Decoded 24 vertices, 36 indices
DracoDecoder | Decoded 4265 vertices, 4281 indices
DracoDecoder | Decoded 8 vertices, 12 indices
DracoDecoder | Decoded 1648 vertices, 2472 indices
DracoDecoder | Decoded 2202 vertices, 8337 indices
DracoDecoder | Decoded 273 vertices, 273 indices
DracoDecoder | Decoded 254 vertices, 384 indices
DracoDecoder | Decoded 3657 vertices, 3657 indices
DracoDecoder | Decoded 626 vertices, 930 indices
DracoDecoder | Decoded 1106 vertices, 1110 indices
DracoDecoder | Decoded 81 vertices, 81 indices
DracoDecoder | Decoded 1547 vertices, 1713 indices
DracoDecoder | Decoded 6506 vertices, 6660 indices
DracoDecoder | Decoded 4 vertices, 6 indices
DracoDecoder | Decoded 1784 vertices, 2676 indices
DracoDecoder | Decoded 594 vertices, 894 indices
DracoDecoder | Decoded 2211 vertices, 2211 indices
DracoDecoder | Decoded 406 vertices, 606 indices
DracoDecoder | Decoded 320 vertices, 480 indices
DracoDecoder | Decoded 192 vertices, 288 indices
DracoDecoder | Decoded 24 vertices, 36 indices
DracoDecoder | Decoded 1037 vertices, 1041 indices
DracoDecoder | Decoded 82 vertices, 84 indices
DracoDecoder | Decoded 1577 vertices, 1707 indices
DracoDecoder | Decoded 192 vertices, 288 indices
DracoDecoder | Decoded 1098 vertices, 1116 indices
DracoDecoder | Decoded 30 vertices, 66 indices
DracoDecoder | Decoded 7803 vertices, 7857 indices
DracoDecoder | Decoded 1124 vertices, 1164 indices
DracoDecoder | Decoded 1611 vertices, 1611 indices
DracoDecoder | Decoded 286 vertices, 426 indices
DracoDecoder | Decoded 216 vertices, 324 indices
DracoDecoder | Decoded 192 vertices, 324 indices
DracoDecoder | Decoded 1280 vertices, 1920 indices
DracoDecoder | Decoded 608 vertices, 672 indices
DracoDecoder | Decoded 861 vertices, 861 indices
DracoDecoder | Decoded 246 vertices, 366 indices
DracoDecoder | Decoded 1306 vertices, 1380 indices
DracoDecoder | Decoded 22 vertices, 54 indices
DracoDecoder | Decoded 687 vertices, 735 indices
DracoDecoder | Decoded 2772 vertices, 2772 indices
DracoDecoder | Decoded 1488 vertices, 2232 indices
DracoDecoder | Decoded 764 vertices, 1146 indices
DracoDecoder | Decoded 1788 vertices, 1788 indices
DracoDecoder | Decoded 286 vertices, 426 indices
DracoDecoder | Decoded 192 vertices, 288 indices
DracoDecoder | Decoded 486 vertices, 486 indices
DracoDecoder | Decoded 192 vertices, 288 indices
DracoDecoder | Decoded 2694 vertices, 2694 indices
DracoDecoder | Decoded 1332 vertices, 1998 indices
DracoDecoder | Decoded 768 vertices, 1158 indices
DracoDecoder | Decoded 1629 vertices, 1629 indices
DracoDecoder | Decoded 286 vertices, 426 indices
DracoDecoder | Decoded 486 vertices, 486 indices
DracoDecoder | Decoded 2704 vertices, 2928 indices
DracoDecoder | Decoded 1920 vertices, 2880 indices
DracoDecoder | Decoded 33799 vertices, 33951 indices
DracoDecoder | Decoded 8 vertices, 12 indices
DracoDecoder | Decoded 14416 vertices, 21624 indices
DracoDecoder | Decoded 2175 vertices, 2199 indices
DracoDecoder | Decoded 2842 vertices, 4314 indices
DracoDecoder | Decoded 27766 vertices, 27774 indices
DracoDecoder | Decoded 3638 vertices, 5418 indices
DracoDecoder | Decoded 5658 vertices, 5658 indices
DracoDecoder | Decoded 423 vertices, 423 indices
DracoDecoder | Decoded 1809 vertices, 1809 indices
DracoDecoder | Decoded 192 vertices, 288 indices
DracoDecoder | Decoded 5207 vertices, 5223 indices
DracoDecoder | Decoded 4 vertices, 6 indices
DracoDecoder | Decoded 1860 vertices, 2790 indices
DracoDecoder | Decoded 318 vertices, 480 indices
DracoDecoder | Decoded 3210 vertices, 3210 indices
Dra22:48:08 | INFO: Blender create Mesh node Mobile_longcuian_plants
22:48:08 | INFO: Draco Decoder: Decode primitive Mobile_longcuian_plants
22:48:08 | INFO: Blender create Mesh node Mobile_nuanxiangwu
22:48:08 | INFO: Draco Decoder: Decode primitive Mobile_nuanxiangwu
22:48:08 | INFO: Blender create Mesh node Mobile_nuanxiangwu_courtbase
22:48:08 | INFO: Draco Decoder: Decode primitive Mobile_nuanxiangwu_courtbase
22:48:08 | INFO: Blender create Mesh node Mobile_nuanxiangwu_floorwood
22:48:08 | INFO: Draco Decoder: Decode primitive Mobile_nuanxiangwu_floorwood
22:48:08 | INFO: Blender create Mesh node Mobile_nuanxiangwu_paving
22:48:08 | INFO: Draco Decoder: Decode primitive Mobile_nuanxiangwu_paving
22:48:08 | INFO: Blender create Mesh node Mobile_nuanxiangwu_roof
22:48:08 | INFO: Draco Decoder: Decode primitive Mobile_nuanxiangwu_roof
22:48:08 | INFO: Blender create Mesh node Mobile_nuanxiangwu_roofshell
22:48:08 | INFO: Draco Decoder: Decode primitive Mobile_nuanxiangwu_roofshell
22:48:08 | INFO: Blender create Mesh node nuanxiangwu_screen
22:48:08 | INFO: Draco Decoder: Decode primitive nuanxiangwu_screen
22:48:08 | INFO: Blender create Mesh node nuanxiangwu_silk
22:48:08 | INFO: Draco Decoder: Decode primitive nuanxiangwu_silk
22:48:08 | INFO: Blender create Mesh node Mobile_nuanxiangwu_plants
22:48:08 | INFO: Draco Decoder: Decode primitive Mobile_nuanxiangwu_plants
22:48:08 | INFO: Blender create Mesh node landscape_lantern
22:48:08 | INFO: Draco Decoder: Decode primitive landscape_lantern
22:48:08 | INFO: Blender create Mesh node Mobile_landscape
22:48:08 | INFO: Draco Decoder: Decode primitive Mobile_landscape
22:48:08 | INFO: Blender create Mesh node Mobile_landscape_paving
22:48:08 | INFO: Draco Decoder: Decode primitive Mobile_landscape_paving
22:48:08 | INFO: Blender create Mesh node Mobile_landscape_limestone
22:48:08 | INFO: Draco Decoder: Decode primitive Mobile_landscape_limestone
22:48:09 | INFO: Blender create Mesh node Mobile_landscape_roofshell
22:48:09 | INFO: Draco Decoder: Decode primitive Mobile_landscape_roofshell
22:48:09 | INFO: Blender create Mesh node Mobile_landscape_earth
22:48:09 | INFO: Draco Decoder: Decode primitive Mobile_landscape_earth
22:48:09 | INFO: Blender create Mesh node Mobile_landscape_bankstone
22:48:09 | INFO: Draco Decoder: Decode primitive Mobile_landscape_bankstone
22:48:09 | INFO: Blender create Mesh node Mobile_landscape_plants
22:48:09 | INFO: Draco Decoder: Decode primitive Mobile_landscape_plants
22:48:09 | INFO: Blender create Mesh node Mobile_landscape_botanical_bamboo
22:48:09 | INFO: Draco Decoder: Decode primitive Mobile_landscape_botanical_bamboo
22:48:09 | INFO: glTF import finished in 0.94s
ACTUAL COURT CAVITIES 20 passed True
coDecoder | Decoded 690 vertices, 1026 indices
DracoDecoder | Decoded 3815 vertices, 3825 indices
DracoDecoder | Decoded 3429 vertices, 3465 indices
DracoDecoder | Decoded 4 vertices, 6 indices
DracoDecoder | Decoded 1232 vertices, 1848 indices
DracoDecoder | Decoded 266 vertices, 420 indices
DracoDecoder | Decoded 2784 vertices, 2784 indices
DracoDecoder | Decoded 506 vertices, 750 indices
DracoDecoder | Decoded 216 vertices, 324 indices
DracoDecoder | Decoded 48 vertices, 72 indices
DracoDecoder | Decoded 2238 vertices, 2262 indices
DracoDecoder | Decoded 1744 vertices, 1824 indices
DracoDecoder | Decoded 59149 vertices, 70887 indices
DracoDecoder | Decoded 20980 vertices, 33252 indices
DracoDecoder | Decoded 352924 vertices, 353376 indices
DracoDecoder | Decoded 1334 vertices, 1974 indices
DracoDecoder | Decoded 4227 vertices, 21927 indices
DracoDecoder | Decoded 6444 vertices, 9666 indices
DracoDecoder | Decoded 22138 vertices, 23226 indices
DracoDecoder | Decoded 16431 vertices, 16431 indices

Blender quit
CRAFT PIXEL CHECK 52 passed True
FERN ALPHA CHECK 2 passed True
VEGETATION PIXEL CHECK 7 passed True
FOCAL LEAF PIXELS 32 True
