
> daguanyuan-rumeng@1.0.0 models:verify
> node scripts/pipeline.mjs verify-models

12:37:41 | INFO: Data are loaded, start creating Blender stuff
12:37:41 | INFO: Blender create Mesh node daguanyuan_gate_cutstone
12:37:41 | INFO: Draco Decoder: Decode primitive daguanyuan_gate_cutstone
12:37:41 | INFO: Blender create Mesh node daguanyuan_gate_darkwood.001
12:37:41 | INFO: Draco Decoder: Decode primitive daguanyuan_gate_darkwood.001
12:37:41 | INFO: Blender create Mesh node daguanyuan_gate_floorwood
12:37:41 | INFO: Draco Decoder: Decode primitive daguanyuan_gate_floorwood
12:37:41 | INFO: Blender create Mesh node daguanyuan_gate_furniture
12:37:41 | INFO: Draco Decoder: Decode primitive daguanyuan_gate_furniture
12:37:41 | INFO: Blender create Mesh node daguanyuan_gate_latticewood.001
12:37:41 | INFO: Draco Decoder: Decode primitive daguanyuan_gate_latticewood.001
12:37:41 | INFO: Blender create Mesh node daguanyuan_gate_limestone.001
12:37:41 | INFO: Draco Decoder: Decode primitive daguanyuan_gate_limestone.001
12:37:41 | INFO: Blender create Mesh node daguanyuan_gate_paving.001
12:37:41 | INFO: Draco Decoder: Decode primitive daguanyuan_gate_paving.001
12:37:41 | INFO: Blender create Mesh node daguanyuan_gate_roof.001
12:37:41 | INFO: Draco Decoder: Decode primitive daguanyuan_gate_roof.001
12:37:41 | INFO: Blender create Mesh node daguanyuan_gate_screen
12:37:41 | INFO: Draco Decoder: Decode primitive daguanyuan_gate_screen
12:37:41 | INFO: Blender create Mesh node daguanyuan_gate_stone.001
12:37:41 | INFO: Draco Decoder: Decode primitive daguanyuan_gate_stone.001
12:37:41 | INFO: Blender create Mesh node daguanyuan_gate_tile.001
12:37:41 | INFO: Draco Decoder: Decode primitive daguanyuan_gate_tile.001
12:37:41 | INFO: Blender create Mesh node daguanyuan_gate_tiledark.001
12:37:41 | INFO: Draco Decoder: Decode primitive daguanyuan_gate_tiledark.001
12:37:41 | INFO: Blender create Mesh node daguanyuan_gate_tilelight.001
12:37:41 | INFO: Draco Decoder: Decode primitive daguanyuan_gate_tilelight.001
12:37:41 | INFO: Blender create Mesh node daguanyuan_gate_wood.001
12:37:41 | INFO: Draco Decoder: Decode primitive daguanyuan_gate_wood.001
12:37:41 | INFO: Blender create Mesh node r15_daguanyuan_gate_enclosure_blue
12:37:41 | INFO: Draco Decoder: Decode primitive r15_daguanyuan_gate_enclosure_blue
12:37:41 | INFO: Blender create Mesh node r15_daguanyuan_gate_enclosure_ceiling
12:37:41 | INFO: Draco Decoder: Decode primitive r15_daguanyuan_gate_enclosure_ceiling
12:37:41 | INFO: Blender create Mesh node r15_daguanyuan_gate_enclosure_gold
12:37:41 | INFO: Draco Decoder: Decode primitive r15_daguanyuan_gate_enclosure_gold
12:37:41 | INFO: Blender create Mesh node r15_daguanyuan_gate_enclosure_lacquer
12:37:41 | INFO: Draco Decoder: Decode primitive r15_daguanyuan_gate_enclosure_lacquer
12:37:41 | INFO: Blender create Mesh node r15_daguanyuan_gate_enclosure_paper
12:37:41 | INFO: Draco Decoder: Decode primitive r15_daguanyuan_gate_enclosure_paper
12:37:41 | INFO: Blender create Mesh node r15_daguanyuan_gate_enclosure_wall
12:37:41 | INFO: Draco Decoder: Decode primitive r15_daguanyuan_gate_enclosure_wall
12:37:41 | INFO: glTF import finished in 0.61s
12:37:42 | INFO: Data are loaded, start creating Blender stuff
12:37:42 | INFO: Blender create Mesh node qujingtongyou_bark
12:37:42 | INFO: Draco Decoder: Decode primitive qujingtongyou_bark
12:37:42 | INFO: Blender create Mesh node qujingtongyou_canopy
12:37:42 | INFO: Draco Decoder: Decode primitive qujingtongyou_canopy
12:37:42 | INFO: Blender create Mesh node qujingtongyou_canopy_light
12:37:42 | INFO: Draco Decoder: Decode primitive qujingtongyou_canopy_light
12:37:42 | INFO: Blender create Mesh node qujingtongyou_canopy_shadow
12:37:42 | INFO: Draco Decoder: Decode primitive qujingtongyou_canopy_shadow
12:37:42 | INFO: Blender create Mesh node qujingtongyou_gardenstone
12:37:42 | INFO: Draco Decoder: Decode primitive qujingtongyou_gardenstone
12:37:42 | INFO: Blender create Mesh node qujingtongyou_limestone.001
12:37:42 | INFO: Draco Decoder: Decode primitive qujingtongyou_limestone.001
12:37:42 | INFO: glTF import finished in 0.09s
12:37:42 | INFO: Data are loaded, start creating Blender stuff
12:37:42 | INFO: Blender create Mesh node r15_xiaoxiangguan_enclosure_ceiling
12:37:42 | INFO: Draco Decoder: Decode primitive r15_xiaoxiangguan_enclosure_ceiling
12:37:42 | INFO: Blender create Mesh node r15_xiaoxiangguan_enclosure_gold
12:37:42 | INFO: Draco Decoder: Decode primitive r15_xiaoxiangguan_enclosure_gold
12:37:42 | INFO: Blender create Mesh node r15_xiaoxiangguan_enclosure_jade
12:37:42 | INFO: Draco Decoder: Decode primitive r15_xiaoxiangguan_enclosure_jade
12:37:42 | INFO: Blender create Mesh node r15_xiaoxiangguan_enclosure_lacquer
12:37:42 | INFO: Draco Decoder: Decode primitive r15_xiaoxiangguan_enclosure_lacquer
12:37:42 | INFO: Blender create Mesh node r15_xiaoxiangguan_enclosure_paper
12:37:42 | INFO: Draco Decoder: Decode primitive r15_xiaoxiangguan_enclosure_paper
12:37:42 | INFO: Blender create Mesh node r15_xiaoxiangguan_enclosure_wall
12:37:42 | INFO: Draco Decoder: Decode primitive r15_xiaoxiangguan_enclosure_wall
12:37:42 | INFO: Blender create Mesh node xiaoxiangguan_bankstone
12:37:42 | INFO: Draco Decoder: Decode primitive xiaoxiangguan_bankstone
12:37:42 | INFO: Blender create Mesh node xiaoxiangguan_bookcloth.001
12:37:42 | INFO: Draco Decoder: Decode primitive xiaoxiangguan_bookcloth.001
12:37:42 | INFO: Blender create Mesh node xiaoxiangguan_bookcover.001
12:37:42 | INFO: Draco Decoder: Decode primitive xiaoxiangguan_bookcover.001
12:37:42 | INFO: Blender create Mesh node xiaoxiangguan_ceramic.001
12:37:42 | INFO: Draco Decoder: Decode primitive xiaoxiangguan_ceramic.001
12:37:42 | INFO: Blender create Mesh node xiaoxiangguan_cutstone
12:37:42 | INFO: Draco Decoder: Decode primitive xiaoxiangguan_cutstone
12:37:42 | INFO: Blender create Mesh node xiaoxiangguan_darkwood
12:37:42 | INFO: Draco Decoder: Decode primitive xiaoxiangguan_darkwood
12:37:42 | INFO: Blender create Mesh node xiaoxiangguan_floorwood
12:37:42 | INFO: Draco Decoder: Decode primitive xiaoxiangguan_floorwood
12:37:42 | INFO: Blender create Mesh node xiaoxiangguan_focal_bamboo
12:37:42 | INFO: Draco Decoder: Decode primitive xiaoxiangguan_focal_bamboo
12:37:42 | INFO: Blender create Mesh node xiaoxiangguan_focal_bark
12:37:42 | INFO: Draco Decoder: Decode primitive xiaoxiangguan_focal_bark
12:37:42 | INFO: Blender create Mesh node xiaoxiangguan_focal_botanical_bamboo
12:37:42 | INFO: Draco Decoder: Decode primitive xiaoxiangguan_focal_botanical_bamboo
12:37:42 | INFO: Blender create Mesh node xiaoxiangguan_focal_botanical_banana
12:37:42 | INFO: Draco Decoder: Decode primitive xiaoxiangguan_focal_botanical_banana
12:37:42 | INFO: Blender create Mesh node xiaoxiangguan_focal_botanical_litter
12:37:42 | INFO: Draco Decoder: Decode primitive xiaoxiangguan_focal_botanical_litter
12:37:43 | INFO: Blender create Mesh node xiaoxiangguan_focal_botanical_petal
12:37:43 | INFO: Draco Decoder: Decode primitive xiaoxiangguan_focal_botanical_petal
12:37:43 | INFO: Blender create Mesh node xiaoxiangguan_focal_botanical_stem
12:37:43 | INFO: Draco Decoder: Decode primitive xiaoxiangguan_focal_botanical_stem
12:37:43 | INFO: Blender create Mesh node xiaoxiangguan_focal_leaf
12:37:43 | INFO: Draco Decoder: Decode primitive xiaoxiangguan_focal_leaf
12:37:43 | INFO: Blender create Mesh node xiaoxiangguan_focal_leafdark
12:37:43 | INFO: Draco Decoder: Decode primitive xiaoxiangguan_focal_leafdark
12:37:43 | INFO: Blender create Mesh node xiaoxiangguan_furniture
12:37:43 | INFO: Draco Decoder: Decode primitive xiaoxiangguan_furniture
12:37:43 | INFO: Blender create Mesh node xiaoxiangguan_gold
12:37:43 | INFO: Draco Decoder: Decode primitive xiaoxiangguan_gold
12:37:43 | INFO: Blender create Mesh node xiaoxiangguan_ink.001
12:37:43 | INFO: Draco Decoder: Decode primitive xiaoxiangguan_ink.001
12:37:43 | INFO: Blender create Mesh node xiaoxiangguan_ivory.001
12:37:43 | INFO: Draco Decoder: Decode primitive xiaoxiangguan_ivory.001
12:37:43 | INFO: Blender create Mesh node xiaoxiangguan_lantern
12:37:43 | INFO: Draco Decoder: Decode primitive xiaoxiangguan_lantern
12:37:43 | INFO: Blender create Mesh node xiaoxiangguan_latticewood.001
12:37:43 | INFO: Draco Decoder: Decode primitive xiaoxiangguan_latticewood.001
12:37:43 | INFO: Blender create Mesh node xiaoxiangguan_paper
12:37:43 | INFO: Draco Decoder: Decode primitive xiaoxiangguan_paper
12:37:43 | INFO: Blender create Mesh node xiaoxiangguan_paving.001
12:37:43 | INFO: Draco Decoder: Decode primitive xiaoxiangguan_paving.001
12:37:43 | INFO: Blender create Mesh node xiaoxiangguan_plaster
12:37:43 | INFO: Draco Decoder: Decode primitive xiaoxiangguan_plaster
12:37:43 | INFO: Blender create Mesh node xiaoxiangguan_roof
12:37:43 | INFO: Draco Decoder: Decode primitive xiaoxiangguan_roof
12:37:43 | INFO: Blender create Mesh node xiaoxiangguan_silk
12:37:43 | INFO: Draco Decoder: Decode primitive xiaoxiangguan_silk
12:37:43 | INFO: Blender create Mesh node xiaoxiangguan_stone
12:37:43 | INFO: Draco Decoder: Decode primitive xiaoxiangguan_stone
12:37:43 | INFO: Blender create Mesh node xiaoxiangguan_tile
12:37:43 | INFO: Draco Decoder: Decode primitive xiaoxiangguan_tile
12:37:43 | INFO: Blender create Mesh node xiaoxiangguan_tiledark.001
12:37:43 | INFO: Draco Decoder: Decode primitive xiaoxiangguan_tiledark.001
12:37:43 | INFO: Blender create Mesh node xiaoxiangguan_tilelight.001
12:37:43 | INFO: Draco Decoder: Decode primitive xiaoxiangguan_tilelight.001
12:37:43 | INFO: Blender create Mesh node xiaoxiangguan_water.001
12:37:43 | INFO: Draco Decoder: Decode primitive xiaoxiangguan_water.001
12:37:43 | INFO: Blender create Mesh node xiaoxiangguan_wood
12:37:43 | INFO: Draco Decoder: Decode primitive xiaoxiangguan_wood
12:37:43 | INFO: glTF import finished in 1.73s
12:37:44 | INFO: Data are loaded, start creating Blender stuff
12:37:44 | INFO: Blender create Mesh node r15_yihongyuan_enclosure_blue
12:37:44 | INFO: Draco Decoder: Decode primitive r15_yihongyuan_enclosure_blue
12:37:44 | INFO: Blender create Mesh node r15_yihongyuan_enclosure_ceiling
12:37:44 | INFO: Draco Decoder: Decode primitive r15_yihongyuan_enclosure_ceiling
12:37:44 | INFO: Blender create Mesh node r15_yihongyuan_enclosure_gold
12:37:44 | INFO: Draco Decoder: Decode primitive r15_yihongyuan_enclosure_gold
12:37:44 | INFO: Blender create Mesh node r15_yihongyuan_enclosure_lacquer
12:37:44 | INFO: Draco Decoder: Decode primitive r15_yihongyuan_enclosure_lacquer
12:37:44 | INFO: Blender create Mesh node r15_yihongyuan_enclosure_paper
12:37:44 | INFO: Draco Decoder: Decode primitive r15_yihongyuan_enclosure_paper
12:37:44 | INFO: Blender create Mesh node r15_yihongyuan_enclosure_wall
12:37:44 | INFO: Draco Decoder: Decode primitive r15_yihongyuan_enclosure_wall
12:37:44 | INFO: Blender create Mesh node yihongyuan_bookcloth.001
12:37:44 | INFO: Draco Decoder: Decode primitive yihongyuan_bookcloth.001
12:37:44 | INFO: Blender create Mesh node yihongyuan_bookcover.001
12:37:44 | INFO: Draco Decoder: Decode primitive yihongyuan_bookcover.001
12:37:44 | INFO: Blender create Mesh node yihongyuan_ceramic.001
12:37:44 | INFO: Draco Decoder: Decode primitive yihongyuan_ceramic.001
12:37:44 | INFO: Blender create Mesh node yihongyuan_courtbase
12:37:44 | INFO: Draco Decoder: Decode primitive yihongyuan_courtbase
12:37:44 | INFO: Blender create Mesh node yihongyuan_cutstone
12:37:44 | INFO: Draco Decoder: Decode primitive yihongyuan_cutstone
12:37:44 | INFO: Blender create Mesh node yihongyuan_darkwood.001
12:37:44 | INFO: Draco Decoder: Decode primitive yihongyuan_darkwood.001
12:37:44 | INFO: Blender create Mesh node yihongyuan_floorwood
12:37:44 | INFO: Draco Decoder: Decode primitive yihongyuan_floorwood
Blender 4.5.9 LTS (hash 8bf95cbd38d1 built 2026-04-21 01:33:45)
Read blend: "D:\Users\Lenovo\Desktop\大观园\blender\daguanyuan_master.blend"
DracoDecoder | Decoded 6304 vertices, 10440 indices
DracoDecoder | Decoded 5280 vertices, 7404 indices
DracoDecoder | Decoded 9048 vertices, 13572 indices
DracoDecoder | Decoded 2688 vertices, 4320 indices
DracoDecoder | Decoded 7440 vertices, 11160 indices
DracoDecoder | Decoded 5400 vertices, 5400 indices
DracoDecoder | Decoded 4 vertices, 6 indices
DracoDecoder | Decoded 238 vertices, 354 indices
DracoDecoder | Decoded 384 vertices, 576 indices
DracoDecoder | Decoded 1272 vertices, 1836 indices
DracoDecoder | Decoded 49144 vertices, 97848 indices
DracoDecoder | Decoded 11808 vertices, 20868 indices
DracoDecoder | Decoded 3208 vertices, 6252 indices
DracoDecoder | Decoded 73680 vertices, 105960 indices
DracoDecoder | Decoded 48 vertices, 72 indices
DracoDecoder | Decoded 96 vertices, 132 indices
DracoDecoder | Decoded 12816 vertices, 19344 indices
DracoDecoder | Decoded 11136 vertices, 15312 indices
DracoDecoder | Decoded 240 vertices, 360 indices
DracoDecoder | Decoded 4416 vertices, 6072 indices
DracoDecoder | Decoded 320 vertices, 564 indices
DracoDecoder | Decoded 2500 vertices, 6000 indices
DracoDecoder | Decoded 2500 vertices, 6000 indices
DracoDecoder | Decoded 2500 vertices, 6000 indices
DracoDecoder | Decoded 4919 vertices, 20979 indices
DracoDecoder | Decoded 8095 vertices, 8097 indices
DracoDecoder | Decoded 192 vertices, 264 indices
DracoDecoder | Decoded 12912 vertices, 19488 indices
DracoDecoder | Decoded 96 vertices, 144 indices
DracoDecoder | Decoded 14592 vertices, 20064 indices
DracoDecoder | Decoded 336 vertices, 504 indices
DracoDecoder | Decoded 5952 vertices, 8184 indices
DracoDecoder | Decoded 2976 vertices, 4464 indices
DracoDecoder | Decoded 1812 vertices, 2388 indices
DracoDecoder | Decoded 768 vertices, 1152 indices
DracoDecoder | Decoded 1200 vertices, 1884 indices
DracoDecoder | Decoded 9184 vertices, 15120 indices
DracoDecoder | Decoded 10928 vertices, 15276 indices
DracoDecoder | Decoded 6912 vertices, 10368 indices
DracoDecoder | Decoded 5988 vertices, 11412 indices
DracoDecoder | Decoded 2950 vertices, 5400 indices
DracoDecoder | Decoded 219861 vertices, 697464 indices
DracoDecoder | Decoded 2535 vertices, 12870 indices
DracoDecoder | Decoded 5580 vertices, 17856 indices
DracoDecoder | Decoded 11088 vertices, 30240 indices
DracoDecoder | Decoded 260600 vertices, 498792 indices
DracoDecoder | Decoded 15620 vertices, 19008 indices
DracoDecoder | Decoded 18939 vertices, 25344 indices
DracoDecoder | Decoded 2392 vertices, 3960 indices
DracoDecoder | Decoded 864 vertices, 1440 indices
DracoDecoder | Decoded 4226 vertices, 6138 indices
DracoDecoder | Decoded 3924 vertices, 5724 indices
DracoDecoder | Decoded 320 vertices, 480 indices
DracoDecoder | Decoded 2664 vertices, 3996 indices
DracoDecoder | Decoded 1660 vertices, 2520 indices
DracoDecoder | Decoded 78 vertices, 120 indices
DracoDecoder | Decoded 5472 vertices, 7524 indices
DracoDecoder | Decoded 736 vertices, 1092 indices
DracoDecoder | Decoded 24 vertices, 36 indices
DracoDecoder | Decoded 2816 vertices, 4236 indices
DracoDecoder | Decoded 70706 vertices, 138168 indices
DracoDecoder | Decoded 29952 vertices, 53232 indices
DracoDecoder | Decoded 4416 vertices, 8592 indices
DracoDecoder | Decoded 12 vertices, 18 indices
DracoDecoder | Decoded 74160 vertices, 107220 indices
DracoDecoder | Decoded 48 vertices, 72 indices
DracoDecoder | Decoded 96 vertices, 132 indices
DracoDecoder | Decoded 12816 vertices, 19344 indices
DracoDecoder | Decoded 13440 vertices, 18480 indices
DracoDecoder | Decoded 312 vertices, 468 indices
DracoDecoder | Decoded 5280 vertices, 7260 indices
DracoDecoder | Decoded 528 vertices, 792 indices
DracoDecoder | Decoded 48 vertices, 72 indices
DracoDecoder | Decoded 560 vertices, 924 indices
DracoDecoder | Decoded 24 vertices, 36 indices
DracoDecoder | Decoded 6864 vertices, 11340 indices
DracoDecoder | Decoded 8288 vertices, 11604 indices
DracoDecoder | Decoded 8640 vertices12:37:44 | INFO: Blender create Mesh node yihongyuan_focal_bamboo
12:37:44 | INFO: Draco Decoder: Decode primitive yihongyuan_focal_bamboo
12:37:44 | INFO: Blender create Mesh node yihongyuan_focal_bark
12:37:44 | INFO: Draco Decoder: Decode primitive yihongyuan_focal_bark
12:37:44 | INFO: Blender create Mesh node yihongyuan_focal_botanical_bamboo
12:37:44 | INFO: Draco Decoder: Decode primitive yihongyuan_focal_botanical_bamboo
12:37:44 | INFO: Blender create Mesh node yihongyuan_focal_botanical_banana
12:37:44 | INFO: Draco Decoder: Decode primitive yihongyuan_focal_botanical_banana
12:37:44 | INFO: Blender create Mesh node yihongyuan_focal_botanical_litter
12:37:44 | INFO: Draco Decoder: Decode primitive yihongyuan_focal_botanical_litter
12:37:44 | INFO: Blender create Mesh node yihongyuan_focal_botanical_petal
12:37:44 | INFO: Draco Decoder: Decode primitive yihongyuan_focal_botanical_petal
12:37:44 | INFO: Blender create Mesh node yihongyuan_focal_botanical_stem
12:37:44 | INFO: Draco Decoder: Decode primitive yihongyuan_focal_botanical_stem
12:37:44 | INFO: Blender create Mesh node yihongyuan_focal_leaf
12:37:44 | INFO: Draco Decoder: Decode primitive yihongyuan_focal_leaf
12:37:44 | INFO: Blender create Mesh node yihongyuan_focal_leafdark
12:37:44 | INFO: Draco Decoder: Decode primitive yihongyuan_focal_leafdark
12:37:44 | INFO: Blender create Mesh node yihongyuan_focal_moss
12:37:44 | INFO: Draco Decoder: Decode primitive yihongyuan_focal_moss
12:37:44 | INFO: Blender create Mesh node yihongyuan_furniture
12:37:44 | INFO: Draco Decoder: Decode primitive yihongyuan_furniture
12:37:44 | INFO: Blender create Mesh node yihongyuan_gardenstone
12:37:44 | INFO: Draco Decoder: Decode primitive yihongyuan_gardenstone
12:37:44 | INFO: Blender create Mesh node yihongyuan_gold
12:37:44 | INFO: Draco Decoder: Decode primitive yihongyuan_gold
12:37:44 | INFO: Blender create Mesh node yihongyuan_ink.001
12:37:44 | INFO: Draco Decoder: Decode primitive yihongyuan_ink.001
12:37:44 | INFO: Blender create Mesh node yihongyuan_ivory.001
12:37:44 | INFO: Draco Decoder: Decode primitive yihongyuan_ivory.001
12:37:44 | INFO: Blender create Mesh node yihongyuan_lantern
12:37:44 | INFO: Draco Decoder: Decode primitive yihongyuan_lantern
12:37:44 | INFO: Blender create Mesh node yihongyuan_latticewood.001
12:37:44 | INFO: Draco Decoder: Decode primitive yihongyuan_latticewood.001
12:37:44 | INFO: Blender create Mesh node yihongyuan_limestone.001
12:37:44 | INFO: Draco Decoder: Decode primitive yihongyuan_limestone.001
12:37:44 | INFO: Blender create Mesh node yihongyuan_paper.001
12:37:44 | INFO: Draco Decoder: Decode primitive yihongyuan_paper.001
12:37:44 | INFO: Blender create Mesh node yihongyuan_paving.001
12:37:44 | INFO: Draco Decoder: Decode primitive yihongyuan_paving.001
12:37:44 | INFO: Blender create Mesh node yihongyuan_plaster.001
12:37:44 | INFO: Draco Decoder: Decode primitive yihongyuan_plaster.001
12:37:44 | INFO: Blender create Mesh node yihongyuan_roof.001
12:37:44 | INFO: Draco Decoder: Decode primitive yihongyuan_roof.001
12:37:44 | INFO: Blender create Mesh node yihongyuan_screen.001
12:37:44 | INFO: Draco Decoder: Decode primitive yihongyuan_screen.001
12:37:44 | INFO: Blender create Mesh node yihongyuan_silk.001
12:37:44 | INFO: Draco Decoder: Decode primitive yihongyuan_silk.001
12:37:44 | INFO: Blender create Mesh node yihongyuan_stone.001
12:37:44 | INFO: Draco Decoder: Decode primitive yihongyuan_stone.001
12:37:44 | INFO: Blender create Mesh node yihongyuan_tile.001
12:37:44 | INFO: Draco Decoder: Decode primitive yihongyuan_tile.001
12:37:44 | INFO: Blender create Mesh node yihongyuan_tiledark.001
12:37:44 | INFO: Draco Decoder: Decode primitive yihongyuan_tiledark.001
12:37:45 | INFO: Blender create Mesh node yihongyuan_tilelight.001
12:37:45 | INFO: Draco Decoder: Decode primitive yihongyuan_tilelight.001
12:37:45 | INFO: Blender create Mesh node yihongyuan_wood.001
12:37:45 | INFO: Draco Decoder: Decode primitive yihongyuan_wood.001
12:37:45 | INFO: glTF import finished in 1.02s
12:37:45 | INFO: Data are loaded, start creating Blender stuff
12:37:45 | INFO: Blender create Mesh node hengwuyuan_bookcloth.001
12:37:45 | INFO: Draco Decoder: Decode primitive hengwuyuan_bookcloth.001
12:37:45 | INFO: Blender create Mesh node hengwuyuan_bookcover.001
12:37:45 | INFO: Draco Decoder: Decode primitive hengwuyuan_bookcover.001
12:37:45 | INFO: Blender create Mesh node hengwuyuan_ceramic.001
12:37:45 | INFO: Draco Decoder: Decode primitive hengwuyuan_ceramic.001
12:37:45 | INFO: Blender create Mesh node hengwuyuan_clay.001
12:37:45 | INFO: Draco Decoder: Decode primitive hengwuyuan_clay.001
12:37:45 | INFO: Blender create Mesh node hengwuyuan_courtbase
12:37:45 | INFO: Draco Decoder: Decode primitive hengwuyuan_courtbase
12:37:45 | INFO: Blender create Mesh node hengwuyuan_cutstone
12:37:45 | INFO: Draco Decoder: Decode primitive hengwuyuan_cutstone
12:37:45 | INFO: Blender create Mesh node hengwuyuan_darkwood.001
12:37:45 | INFO: Draco Decoder: Decode primitive hengwuyuan_darkwood.001
12:37:45 | INFO: Blender create Mesh node hengwuyuan_floorwood
12:37:45 | INFO: Draco Decoder: Decode primitive hengwuyuan_floorwood
12:37:45 | INFO: Blender create Mesh node hengwuyuan_focal_bamboo
12:37:45 | INFO: Draco Decoder: Decode primitive hengwuyuan_focal_bamboo
12:37:45 | INFO: Blender create Mesh node hengwuyuan_focal_bark
12:37:45 | INFO: Draco Decoder: Decode primitive hengwuyuan_focal_bark
12:37:45 | INFO: Blender create Mesh node hengwuyuan_focal_botanical_bamboo
12:37:45 | INFO: Draco Decoder: Decode primitive hengwuyuan_focal_botanical_bamboo
12:37:45 | INFO: Blender create Mesh node hengwuyuan_focal_botanical_litter
12:37:45 | INFO: Draco Decoder: Decode primitive hengwuyuan_focal_botanical_litter
12:37:45 | INFO: Blender create Mesh node hengwuyuan_focal_botanical_stem.001
12:37:45 | INFO: Draco Decoder: Decode primitive hengwuyuan_focal_botanical_stem.001
12:37:45 | INFO: Blender create Mesh node hengwuyuan_focal_creamflower
12:37:45 | INFO: Draco Decoder: Decode primitive hengwuyuan_focal_creamflower
12:37:45 | INFO: Blender create Mesh node hengwuyuan_focal_leaf
12:37:45 | INFO: Draco Decoder: Decode primitive hengwuyuan_focal_leaf
12:37:45 | INFO: Blender create Mesh node hengwuyuan_focal_leafdark
12:37:45 | INFO: Draco Decoder: Decode primitive hengwuyuan_focal_leafdark
12:37:45 | INFO: Blender create Mesh node hengwuyuan_focal_moss
12:37:45 | INFO: Draco Decoder: Decode primitive hengwuyuan_focal_moss
12:37:45 | INFO: Blender create Mesh node hengwuyuan_furniture
12:37:45 | INFO: Draco Decoder: Decode primitive hengwuyuan_furniture
12:37:45 | INFO: Blender create Mesh node hengwuyuan_gardenstone
12:37:45 | INFO: Draco Decoder: Decode primitive hengwuyuan_gardenstone
12:37:45 | INFO: Blender create Mesh node hengwuyuan_gold
12:37:45 | INFO: Draco Decoder: Decode primitive hengwuyuan_gold
12:37:45 | INFO: Blender create Mesh node hengwuyuan_ink.001
12:37:45 | INFO: Draco Decoder: Decode primitive hengwuyuan_ink.001
12:37:45 | INFO: Blender create Mesh node hengwuyuan_ivory.001
12:37:45 | INFO: Draco Decoder: Decode primitive hengwuyuan_ivory.001
12:37:45 | INFO: Blender create Mesh node hengwuyuan_lantern
12:37:45 | INFO: Draco Decoder: Decode primitive hengwuyuan_lantern
12:37:45 | INFO: Blender create Mesh node hengwuyuan_latticewood.001
12:37:45 | INFO: Draco Decoder: Decode primitive hengwuyuan_latticewood.001
12:37:45 | INFO: Blender create Mesh node hengwuyuan_limestone.001
12:37:45 | INFO: Draco Decoder: Decode primitive hengwuyuan_limestone.001
12:37:45 | INFO: Blender create Mesh node hengwuyuan_paper.001
12:37:45 | INFO: Draco Decoder: Decode primitive hengwuyuan_paper.001
12:37:45 | INFO: Blender create Mesh node hengwuyuan_paving.001
12:37:45 | INFO: Draco Decoder: Decode primitive hengwuyuan_paving.001
12:37:45 | INFO: Blender create Mesh node hengwuyuan_plaster.001
12:37:45 | INFO: Draco Decoder: Decode primitive hengwuyuan_plaster.001
12:37:45 | INFO: Blender create Mesh node hengwuyuan_roof.001
12:37:45 | INFO: Draco Decoder: Decode primitive hengwuyuan_roof.001
12:37:45 | INFO: Blender create Mesh node hengwuyuan_screen.001
12:37:45 | INFO: Draco Decoder: Decode primitive hengwuyuan_screen.001
12:37:45 | INFO: Blender create Mesh node hengwuyuan_stone.001
12:37:45 | INFO: Draco Decoder: Decode primitive hengwuyuan_stone.001
12:37:45 | INFO: Blender create Mesh node hengwuyuan_tile.001
12:37:45 | INFO: Draco Decoder: Decode primitive hengwuyuan_tile.001
12:37:46 | INFO: Blender create Mesh node hengwuyuan_tiledark.001
12:37:46 | INFO: Draco Decoder: Decode primitive hengwuyuan_tiledark.001
12:37:46 | INFO: Blender create Mesh node hengwuyuan_tilelight.001
12:37:46 | INFO: Draco Decoder: Decode primitive hengwuyuan_tilelight.001
12:37:46 | INFO: Blender create Mesh node hengwuyuan_wood.001
12:37:46 | INFO: Draco Decoder: Decode primitive hengwuyuan_wood.001
12:37:46 | INFO: Blender create Mesh node r15_hengwuyuan_enclosure_ceiling
12:37:46 | INFO: Draco Decoder: Decode primitive r15_hengwuyuan_enclosure_ceiling
12:37:46 | INFO: Blender create Mesh node r15_hengwuyuan_enclosure_gold
12:37:46 | INFO: Draco Decoder: Decode primitive r15_hengwuyuan_enclosure_gold
12:37:46 | INFO: Blender create Mesh node r15_hengwuyuan_enclosure_jade
12:37:46 | INFO: Draco Decoder: Decode primitive r15_hengwuyuan_enclosure_jade
12:37:46 | INFO: Blender create Mesh node r15_hengwuyuan_enclosure_lacquer
12:37:46 | INFO: Draco Decoder: Decode primitive r15_hengwuyuan_enclosure_lacquer
12:37:46 | INFO: Blender create Mesh node r15_hengwuyuan_enclosure_paper
12:37:46 | INFO: Draco Decoder: Decode primitive r15_hengwuyuan_enclosure_paper
12:37:46 | INFO: Blender create Mesh node r15_hengwuyuan_enclosure_wall
12:37:46 | INFO: Draco Decoder: Decode primitive r15_hengwuyuan_enclosure_wall
12:37:46 | INFO: glTF import finished in 0.89s
12:37:46 | INFO: Data are loaded, start creating Blender stuff
12:37:46 | INFO: Blender create Mesh node qiushuangzhai_bookcloth.001
12:37:46 | INFO: Draco Decoder: Decode primitive qiushuangzhai_bookcloth.001
12:37:46 | INFO: Blender create Mesh node qiushuangzhai_bookcover.001
12:37:46 | INFO: Draco Decoder: Decode primitive qiushuangzhai_bookcover.001
12:37:46 | INFO: Blender create Mesh node qiushuangzhai_ceramic.001
12:37:46 | INFO: Draco Decoder: Decode primitive qiushuangzhai_ceramic.001
12:37:46 | INFO: Blender create Mesh node qiushuangzhai_courtbase
12:37:46 | INFO: Draco Decoder: Decode primitive qiushuangzhai_courtbase
12:37:46 | INFO: Blender create Mesh node qiushuangzhai_cutstone
12:37:46 | INFO: Draco Decoder: Decode primitive qiushuangzhai_cutstone
12:37:46 | INFO: Blender create Mesh node qiushuangzhai_darkwood.001
12:37:46 | INFO: Draco Decoder: Decode primitive qiushuangzhai_darkwood.001
12:37:46 | INFO: Blender create Mesh node qiushuangzhai_floorwood
12:37:46 | INFO: Draco Decoder: Decode primitive qiushuangzhai_floorwood
12:37:46 | INFO: Blender create Mesh node qiushuangzhai_focal_bamboo
12:37:46 | INFO: Draco Decoder: Decode primitive qiushuangzhai_focal_bamboo
12:37:46 | INFO: Blender create Mesh node qiushuangzhai_focal_bark
12:37:46 | INFO: Draco Decoder: Decode primitive qiushuangzhai_focal_bark
12:37:46 | INFO: Blender create Mesh node qiushuangzhai_focal_botanical_bamboo
12:37:46 | INFO: Draco Decoder: Decode primitive qiushuangzhai_focal_botanical_bamboo
, 12960 indices
DracoDecoder | Decoded 168 vertices, 324 indices
DracoDecoder | Decoded 17568 vertices, 30600 indices
DracoDecoder | Decoded 19008 vertices, 57780 indices
DracoDecoder | Decoded 7605 vertices, 38610 indices
DracoDecoder | Decoded 3060 vertices, 9792 indices
DracoDecoder | Decoded 11088 vertices, 30240 indices
DracoDecoder | Decoded 31068 vertices, 54792 indices
DracoDecoder | Decoded 13744 vertices, 16800 indices
DracoDecoder | Decoded 13481 vertices, 16800 indices
DracoDecoder | Decoded 13585 vertices, 16800 indices
DracoDecoder | Decoded 1496 vertices, 2520 indices
DracoDecoder | Decoded 4927 vertices, 21021 indices
DracoDecoder | Decoded 720 vertices, 1176 indices
DracoDecoder | Decoded 752 vertices, 1152 indices
DracoDecoder | Decoded 312 vertices, 468 indices
DracoDecoder | Decoded 320 vertices, 480 indices
DracoDecoder | Decoded 13200 vertices, 19800 indices
DracoDecoder | Decoded 10794 vertices, 10794 indices
DracoDecoder | Decoded 340 vertices, 540 indices
DracoDecoder | Decoded 2430 vertices, 3648 indices
DracoDecoder | Decoded 4800 vertices, 6600 indices
DracoDecoder | Decoded 878 vertices, 1302 indices
DracoDecoder | Decoded 120 vertices, 180 indices
DracoDecoder | Decoded 72 vertices, 108 indices
DracoDecoder | Decoded 3360 vertices, 5016 indices
DracoDecoder | Decoded 100494 vertices, 197496 indices
DracoDecoder | Decoded 40032 vertices, 71076 indices
DracoDecoder | Decoded 7472 vertices, 14556 indices
DracoDecoder | Decoded 70432 vertices, 101616 indices
DracoDecoder | Decoded 528 vertices, 792 indices
DracoDecoder | Decoded 48 vertices, 72 indices
DracoDecoder | Decoded 560 vertices, 924 indices
DracoDecoder | Decoded 320 vertices, 480 indices
DracoDecoder | Decoded 48 vertices, 72 indices
DracoDecoder | Decoded 7536 vertices, 12420 indices
DracoDecoder | Decoded 7520 vertices, 10548 indices
DracoDecoder | Decoded 9888 vertices, 14832 indices
DracoDecoder | Decoded 168 vertices, 324 indices
DracoDecoder | Decoded 14608 vertices, 25200 indices
DracoDecoder | Decoded 21168 vertices, 63504 indices
DracoDecoder | Decoded 4275 vertices, 13680 indices
DracoDecoder | Decoded 12266 vertices, 21168 indices
DracoDecoder | Decoded 858 vertices, 1320 indices
DracoDecoder | Decoded 13904 vertices, 17184 indices
DracoDecoder | Decoded 13737 vertices, 17196 indices
DracoDecoder | Decoded 13585 vertices, 16800 indices
DracoDecoder | Decoded 1496 vertices, 2520 indices
DracoDecoder | Decoded 4936 vertices, 21075 indices
DracoDecoder | Decoded 720 vertices, 1176 indices
DracoDecoder | Decoded 752 vertices, 1152 indices
DracoDecoder | Decoded 312 vertices, 468 indices
DracoDecoder | Decoded 320 vertices, 480 indices
DracoDecoder | Decoded 2448 vertices, 3672 indices
DracoDecoder | Decoded 8092 vertices, 8094 indices
DracoDecoder | Decoded 340 vertices, 540 indices
DracoDecoder | Decoded 1494 vertices, 2244 indices
DracoDecoder | Decoded 4800 vertices, 6600 indices
DracoDecoder | Decoded 626 vertices, 930 indices
DracoDecoder | Decoded 24 vertices, 36 indices
DracoDecoder | Decoded 3360 vertices, 5016 indices
DracoDecoder | Decoded 96466 vertices, 189648 indices
DracoDecoder | Decoded 30816 vertices, 54528 indices
DracoDecoder | Decoded 6708 vertices, 13068 indices
DracoDecoder | Decoded 69712 vertices, 100776 indices
DracoDecoder | Decoded 96 vertices, 132 indices
DracoDecoder | Decoded 12816 vertices, 19344 indices
DracoDecoder | Decoded 48 vertices, 72 indices
DracoDecoder | Decoded 13440 vertices, 18480 indices
DracoDecoder | Decoded 312 vertices, 468 indices
DracoDecoder | Decoded 5280 vertices, 7260 indices
DracoDecoder | Decoded 2640 vertices, 3960 indices
DracoDecoder | Decoded 240 vertices, 360 indices
DracoDecoder | Decoded 3120 vertices, 5100 indices
DracoDecoder | Decoded 24 vertices, 36 indices
DracoDecoder | Decoded 5920 vertices, 9720 indices
DracoDecoder | Decoded 14560 vertices, 20436 indices
DracoDecoder | Decoded 10704 vertices, 16056 indices
DracoDecoder | Decoded 840 vertices, 1620 indices
DracoDecoder | Decoded 14608 vertices, 25200 indices
DracoDecoder | Decoded 22464 vertices, 67392 ind12:37:46 | INFO: Blender create Mesh node qiushuangzhai_focal_botanical_litter
12:37:46 | INFO: Draco Decoder: Decode primitive qiushuangzhai_focal_botanical_litter
12:37:46 | INFO: Blender create Mesh node qiushuangzhai_focal_botanical_stem.001
12:37:46 | INFO: Draco Decoder: Decode primitive qiushuangzhai_focal_botanical_stem.001
12:37:46 | INFO: Blender create Mesh node qiushuangzhai_focal_creamflower
12:37:46 | INFO: Draco Decoder: Decode primitive qiushuangzhai_focal_creamflower
12:37:46 | INFO: Blender create Mesh node qiushuangzhai_focal_leaf
12:37:46 | INFO: Draco Decoder: Decode primitive qiushuangzhai_focal_leaf
12:37:46 | INFO: Blender create Mesh node qiushuangzhai_focal_leafdark
12:37:46 | INFO: Draco Decoder: Decode primitive qiushuangzhai_focal_leafdark
12:37:46 | INFO: Blender create Mesh node qiushuangzhai_focal_moss
12:37:46 | INFO: Draco Decoder: Decode primitive qiushuangzhai_focal_moss
12:37:46 | INFO: Blender create Mesh node qiushuangzhai_furniture
12:37:46 | INFO: Draco Decoder: Decode primitive qiushuangzhai_furniture
12:37:46 | INFO: Blender create Mesh node qiushuangzhai_gold
12:37:46 | INFO: Draco Decoder: Decode primitive qiushuangzhai_gold
12:37:46 | INFO: Blender create Mesh node qiushuangzhai_ink.001
12:37:46 | INFO: Draco Decoder: Decode primitive qiushuangzhai_ink.001
12:37:46 | INFO: Blender create Mesh node qiushuangzhai_ivory.001
12:37:46 | INFO: Draco Decoder: Decode primitive qiushuangzhai_ivory.001
12:37:46 | INFO: Blender create Mesh node qiushuangzhai_lantern
12:37:46 | INFO: Draco Decoder: Decode primitive qiushuangzhai_lantern
12:37:46 | INFO: Blender create Mesh node qiushuangzhai_latticewood.001
12:37:46 | INFO: Draco Decoder: Decode primitive qiushuangzhai_latticewood.001
12:37:46 | INFO: Blender create Mesh node qiushuangzhai_marble.001
12:37:46 | INFO: Draco Decoder: Decode primitive qiushuangzhai_marble.001
12:37:46 | INFO: Blender create Mesh node qiushuangzhai_paper.001
12:37:46 | INFO: Draco Decoder: Decode primitive qiushuangzhai_paper.001
12:37:46 | INFO: Blender create Mesh node qiushuangzhai_paving.001
12:37:46 | INFO: Draco Decoder: Decode primitive qiushuangzhai_paving.001
12:37:46 | INFO: Blender create Mesh node qiushuangzhai_plaster.001
12:37:46 | INFO: Draco Decoder: Decode primitive qiushuangzhai_plaster.001
12:37:46 | INFO: Blender create Mesh node qiushuangzhai_roof.001
12:37:46 | INFO: Draco Decoder: Decode primitive qiushuangzhai_roof.001
12:37:46 | INFO: Blender create Mesh node qiushuangzhai_screen
12:37:46 | INFO: Draco Decoder: Decode primitive qiushuangzhai_screen
12:37:46 | INFO: Blender create Mesh node qiushuangzhai_silk.001
12:37:46 | INFO: Draco Decoder: Decode primitive qiushuangzhai_silk.001
12:37:46 | INFO: Blender create Mesh node qiushuangzhai_stone.001
12:37:46 | INFO: Draco Decoder: Decode primitive qiushuangzhai_stone.001
12:37:46 | INFO: Blender create Mesh node qiushuangzhai_tile.001
12:37:46 | INFO: Draco Decoder: Decode primitive qiushuangzhai_tile.001
12:37:47 | INFO: Blender create Mesh node qiushuangzhai_tiledark.001
12:37:47 | INFO: Draco Decoder: Decode primitive qiushuangzhai_tiledark.001
12:37:47 | INFO: Blender create Mesh node qiushuangzhai_tilelight.001
12:37:47 | INFO: Draco Decoder: Decode primitive qiushuangzhai_tilelight.001
12:37:47 | INFO: Blender create Mesh node qiushuangzhai_wood.001
12:37:47 | INFO: Draco Decoder: Decode primitive qiushuangzhai_wood.001
12:37:47 | INFO: Blender create Mesh node r15_qiushuangzhai_enclosure_blue
12:37:47 | INFO: Draco Decoder: Decode primitive r15_qiushuangzhai_enclosure_blue
12:37:47 | INFO: Blender create Mesh node r15_qiushuangzhai_enclosure_ceiling
12:37:47 | INFO: Draco Decoder: Decode primitive r15_qiushuangzhai_enclosure_ceiling
12:37:47 | INFO: Blender create Mesh node r15_qiushuangzhai_enclosure_gold
12:37:47 | INFO: Draco Decoder: Decode primitive r15_qiushuangzhai_enclosure_gold
12:37:47 | INFO: Blender create Mesh node r15_qiushuangzhai_enclosure_lacquer
12:37:47 | INFO: Draco Decoder: Decode primitive r15_qiushuangzhai_enclosure_lacquer
12:37:47 | INFO: Blender create Mesh node r15_qiushuangzhai_enclosure_paper
12:37:47 | INFO: Draco Decoder: Decode primitive r15_qiushuangzhai_enclosure_paper
12:37:47 | INFO: Blender create Mesh node r15_qiushuangzhai_enclosure_wall
12:37:47 | INFO: Draco Decoder: Decode primitive r15_qiushuangzhai_enclosure_wall
12:37:47 | INFO: glTF import finished in 0.79s
12:37:47 | INFO: Data are loaded, start creating Blender stuff
12:37:47 | INFO: Blender create Mesh node daoxiangcun_bark
12:37:47 | INFO: Draco Decoder: Decode primitive daoxiangcun_bark
12:37:47 | INFO: Blender create Mesh node daoxiangcun_clay.001
12:37:47 | INFO: Draco Decoder: Decode primitive daoxiangcun_clay.001
12:37:47 | INFO: Blender create Mesh node daoxiangcun_creamflower.001
12:37:47 | INFO: Draco Decoder: Decode primitive daoxiangcun_creamflower.001
12:37:47 | INFO: Blender create Mesh node daoxiangcun_flower.001
12:37:47 | INFO: Draco Decoder: Decode primitive daoxiangcun_flower.001
12:37:47 | INFO: Blender create Mesh node daoxiangcun_latticewood.001
12:37:47 | INFO: Draco Decoder: Decode primitive daoxiangcun_latticewood.001
12:37:47 | INFO: Blender create Mesh node daoxiangcun_leafdark
12:37:47 | INFO: Draco Decoder: Decode primitive daoxiangcun_leafdark
12:37:47 | INFO: Blender create Mesh node daoxiangcun_lightleaf.001
12:37:47 | INFO: Draco Decoder: Decode primitive daoxiangcun_lightleaf.001
12:37:47 | INFO: Blender create Mesh node daoxiangcun_paving.001
12:37:47 | INFO: Draco Decoder: Decode primitive daoxiangcun_paving.001
12:37:47 | INFO: Blender create Mesh node daoxiangcun_screen.001
12:37:47 | INFO: Draco Decoder: Decode primitive daoxiangcun_screen.001
12:37:47 | INFO: Blender create Mesh node daoxiangcun_stone.001
12:37:47 | INFO: Draco Decoder: Decode primitive daoxiangcun_stone.001
12:37:47 | INFO: Blender create Mesh node daoxiangcun_thatch.001
12:37:47 | INFO: Draco Decoder: Decode primitive daoxiangcun_thatch.001
12:37:47 | INFO: Blender create Mesh node daoxiangcun_wood.001
12:37:47 | INFO: Draco Decoder: Decode primitive daoxiangcun_wood.001
12:37:47 | INFO: Blender create Mesh node r15_daoxiangcun_enclosure_ceiling
12:37:47 | INFO: Draco Decoder: Decode primitive r15_daoxiangcun_enclosure_ceiling
12:37:47 | INFO: Blender create Mesh node r15_daoxiangcun_enclosure_clay
12:37:47 | INFO: Draco Decoder: Decode primitive r15_daoxiangcun_enclosure_clay
12:37:47 | INFO: Blender create Mesh node r15_daoxiangcun_enclosure_ochre
12:37:47 | INFO: Draco Decoder: Decode primitive r15_daoxiangcun_enclosure_ochre
12:37:47 | INFO: Blender create Mesh node r15_daoxiangcun_enclosure_paper
12:37:47 | INFO: Draco Decoder: Decode primitive r15_daoxiangcun_enclosure_paper
12:37:47 | INFO: glTF import finished in 0.49s
12:37:48 | INFO: Data are loaded, start creating Blender stuff
12:37:48 | INFO: Blender create Mesh node ouxiangxie_bamboo.001
12:37:48 | INFO: Draco Decoder: Decode primitive ouxiangxie_bamboo.001
12:37:48 | INFO: Blender create Mesh node ouxiangxie_bookcloth.001
12:37:48 | INFO: Draco Decoder: Decode primitive ouxiangxie_bookcloth.001
12:37:48 | INFO: Blender create Mesh node ouxiangxie_bookcover.001
12:37:48 | INFO: Draco Decoder: Decode primitive ouxiangxie_bookcover.001
12:37:48 | INFO: Blender create Mesh node ouxiangxie_ceramic.001
12:37:48 | INFO: Draco Decoder: Decode primitive ouxiangxie_ceramic.001
12:37:48 | INFO: Blender create Mesh node ouxiangxie_darkwood.001
12:37:48 | INFO: Draco Decoder: Decode primitive ouxiangxie_darkwood.001
12:37:48 | INFO: Blender create Mesh node ouxiangxie_furniture
12:37:48 | INFO: Draco Decoder: Decode primitive ouxiangxie_furniture
12:37:48 | INFO: Blender create Mesh node ouxiangxie_gold.001
12:37:48 | INFO: Draco Decoder: Decode primitive ouxiangxie_gold.001
12:37:48 | INFO: Blender create Mesh node ouxiangxie_ink.001
12:37:48 | INFO: Draco Decoder: Decode primitive ouxiangxie_ink.001
12:37:48 | INFO: Blender create Mesh node ouxiangxie_ivory.001
12:37:48 | INFO: Draco Decoder: Decode primitive ouxiangxie_ivory.001
12:37:48 | INFO: Blender create Mesh node ouxiangxie_latticewood.001
12:37:48 | INFO: Draco Decoder: Decode primitive ouxiangxie_latticewood.001
12:37:48 | INFO: Blender create Mesh node ouxiangxie_paper
12:37:48 | INFO: Draco Decoder: Decode primitive ouxiangxie_paper
12:37:48 | INFO: Blender create Mesh node ouxiangxie_roof.001
12:37:48 | INFO: Draco Decoder: Decode primitive ouxiangxie_roof.001
12:37:48 | INFO: Blender create Mesh node ouxiangxie_screen
12:37:48 | INFO: Draco Decoder: Decode primitive ouxiangxie_screen
12:37:48 | INFO: Blender create Mesh node ouxiangxie_stone.001
12:37:48 | INFO: Draco Decoder: Decode primitive ouxiangxie_stone.001
12:37:48 | INFO: Blender create Mesh node ouxiangxie_tile.001
12:37:48 | INFO: Draco Decoder: Decode primitive ouxiangxie_tile.001
12:37:48 | INFO: Blender create Mesh node ouxiangxie_tiledark.001
12:37:48 | INFO: Draco Decoder: Decode primitive ouxiangxie_tiledark.001
12:37:48 | INFO: Blender create Mesh node ouxiangxie_tilelight.001
12:37:48 | INFO: Draco Decoder: Decode primitive ouxiangxie_tilelight.001
12:37:48 | INFO: Blender create Mesh node ouxiangxie_wood.001
12:37:48 | INFO: Draco Decoder: Decode primitive ouxiangxie_wood.001
12:37:48 | INFO: Blender create Mesh node r15_ouxiangxie_enclosure_blue
12:37:48 | INFO: Draco Decoder: Decode primitive r15_ouxiangxie_enclosure_blue
12:37:48 | INFO: Blender create Mesh node r15_ouxiangxie_enclosure_ceiling
12:37:48 | INFO: Draco Decoder: Decode primitive r15_ouxiangxie_enclosure_ceiling
12:37:48 | INFO: Blender create Mesh node r15_ouxiangxie_enclosure_gold
12:37:48 | INFO: Draco Decoder: Decode primitive r15_ouxiangxie_enclosure_gold
12:37:48 | INFO: Blender create Mesh node r15_ouxiangxie_enclosure_lacquer
12:37:48 | INFO: Draco Decoder: Decode primitive r15_ouxiangxie_enclosure_lacquer
12:37:48 | INFO: Blender create Mesh node r15_ouxiangxie_enclosure_paper
12:37:48 | INFO: Draco Decoder: Decode primitive r15_ouxiangxie_enclosure_paper
12:37:48 | INFO: Blender create Mesh node r15_ouxiangxie_enclosure_wall
12:37:48 | INFO: Draco Decoder: Decode primitive r15_ouxiangxie_enclosure_wall
12:37:48 | INFO: glTF import finished in 0.37s
12:37:48 | INFO: Data are loaded, start creating Blender stuff
12:37:48 | INFO: Blender create Mesh node dicuiting_darkwood
12:37:48 | INFO: Draco Decoder: Decode primitive dicuiting_darkwood
12:37:48 | INFO: Blender create Mesh node dicuiting_gold
12:37:48 | INFO: Draco Decoder: Decode primitive dicuiting_gold
12:37:48 | INFO: Blender create Mesh node dicuiting_lantern
12:37:48 | INFO: Draco Decoder: Decode primitive dicuiting_lantern
12:37:48 | INFO: Blender create Mesh node dicuiting_roof.001
12:37:48 | INFO: Draco Decoder: Decode primitive dicuiting_roof.001
12:37:48 | INFO: Blender create Mesh node dicuiting_stone.001
12:37:48 | INFO: Draco Decoder: Decode primitive dicuiting_stone.001
12:37:48 | INFO: Blender create Mesh node dicuiting_tile.001
12:37:48 | INFO: Draco Decoder: Decode primitive dicuiting_tile.001
12:37:48 | INFO: Blender create Mesh node dicuiting_tiledark
12:37:48 | INFO: Draco Decoder: Decode primitive dicuiting_tiledark
12:37:48 | INFO: Blender create Mesh node dicuiting_tilelight
12:37:48 | INFO: Draco Decoder: Decode primitive dicuiting_tilelight
12:37:48 | INFO: Blender create Mesh node dicuiting_wood.001
12:37:48 | INFO: Draco Decoder: Decode primitive dicuiting_wood.001
12:37:48 | INFO: glTF import finished in 0.14s
12:37:48 | INFO: Data are loaded, start creating Blender stuff
12:37:48 | INFO: Blender create Mesh node luxuean_bamboo.001
12:37:48 | INFO: Draco Decoder: Decode primitive luxuean_bamboo.001
12:37:48 | INFO: Blender create Mesh node luxuean_clay.001
12:37:48 | INFO: Draco Decoder: Decode primitive luxuean_clay.001
ices
DracoDecoder | Decoded 4305 vertices, 13776 indices
DracoDecoder | Decoded 12942 vertices, 22464 indices
DracoDecoder | Decoded 1166 vertices, 1320 indices
DracoDecoder | Decoded 13744 vertices, 16800 indices
DracoDecoder | Decoded 13737 vertices, 17196 indices
DracoDecoder | Decoded 13777 vertices, 17088 indices
DracoDecoder | Decoded 8800 vertices, 14724 indices
DracoDecoder | Decoded 2064 vertices, 3576 indices
DracoDecoder | Decoded 3760 vertices, 5760 indices
DracoDecoder | Decoded 1560 vertices, 2340 indices
DracoDecoder | Decoded 320 vertices, 480 indices
DracoDecoder | Decoded 6192 vertices, 9288 indices
DracoDecoder | Decoded 24 vertices, 36 indices
DracoDecoder | Decoded 1724 vertices, 2736 indices
DracoDecoder | Decoded 3534 vertices, 5304 indices
DracoDecoder | Decoded 480 vertices, 660 indices
DracoDecoder | Decoded 406 vertices, 606 indices
DracoDecoder | Decoded 192 vertices, 288 indices
DracoDecoder | Decoded 24 vertices, 36 indices
DracoDecoder | Decoded 3360 vertices, 5016 indices
DracoDecoder | Decoded 65722 vertices, 128376 indices
DracoDecoder | Decoded 11808 vertices, 20868 indices
DracoDecoder | Decoded 3684 vertices, 7188 indices
DracoDecoder | Decoded 65808 vertices, 94506 indices
DracoDecoder | Decoded 48 vertices, 72 indices
DracoDecoder | Decoded 96 vertices, 132 indices
DracoDecoder | Decoded 7728 vertices, 11664 indices
DracoDecoder | Decoded 9216 vertices, 12672 indices
DracoDecoder | Decoded 216 vertices, 324 indices
DracoDecoder | Decoded 3744 vertices, 5148 indices
DracoDecoder | Decoded 31432 vertices, 57372 indices
DracoDecoder | Decoded 4260 vertices, 5736 indices
DracoDecoder | Decoded 50042 vertices, 72900 indices
DracoDecoder | Decoded 125445 vertices, 182250 indices
DracoDecoder | Decoded 1776 vertices, 2664 indices
DracoDecoder | Decoded 25732 vertices, 27216 indices
DracoDecoder | Decoded 1248 vertices, 1872 indices
DracoDecoder | Decoded 90 vertices, 156 indices
DracoDecoder | Decoded 192 vertices, 288 indices
DracoDecoder | Decoded 8944 vertices, 12960 indices
DracoDecoder | Decoded 1392 vertices, 1860 indices
DracoDecoder | Decoded 15720 vertices, 21996 indices
DracoDecoder | Decoded 288 vertices, 396 indices
DracoDecoder | Decoded 1656 vertices, 2484 indices
DracoDecoder | Decoded 3456 vertices, 5184 indices
DracoDecoder | Decoded 360 vertices, 540 indices
DracoDecoder | Decoded 192 vertices, 324 indices
DracoDecoder | Decoded 528 vertices, 792 indices
DracoDecoder | Decoded 48 vertices, 72 indices
DracoDecoder | Decoded 560 vertices, 924 indices
DracoDecoder | Decoded 2048 vertices, 2880 indices
DracoDecoder | Decoded 1496 vertices, 2520 indices
DracoDecoder | Decoded 336 vertices, 600 indices
DracoDecoder | Decoded 752 vertices, 1152 indices
DracoDecoder | Decoded 312 vertices, 468 indices
DracoDecoder | Decoded 1968 vertices, 2952 indices
DracoDecoder | Decoded 340 vertices, 540 indices
DracoDecoder | Decoded 286 vertices, 426 indices
DracoDecoder | Decoded 216 vertices, 324 indices
DracoDecoder | Decoded 1536 vertices, 2208 indices
DracoDecoder | Decoded 44904 vertices, 89352 indices
DracoDecoder | Decoded 9792 vertices, 17340 indices
DracoDecoder | Decoded 2692 vertices, 5244 indices
DracoDecoder | Decoded 5920 vertices, 8292 indices
DracoDecoder | Decoded 48 vertices, 72 indices
DracoDecoder | Decoded 96 vertices, 132 indices
DracoDecoder | Decoded 7728 vertices, 11664 indices
DracoDecoder | Decoded 9216 vertices, 12672 indices
DracoDecoder | Decoded 216 vertices, 324 indices
DracoDecoder | Decoded 3744 vertices, 5148 indices
DracoDecoder | Decoded 2680 vertices, 3696 indices
DracoDecoder | Decoded 1536 vertices, 2304 indices
DracoDecoder | Decoded 1280 vertices, 1920 indices
DracoDecoder | Decoded 246 vertices, 366 indices
DracoDecoder | Decoded 192 vertices, 276 indices
DracoDecoder | Decoded 22896 vertices, 45504 indices
DracoDecoder | Decoded 7008 vertices, 12468 indices
DracoDecoder | Decoded 994 vertices, 1926 indices
DracoDecoder | Decoded 1728 vertices, 2472 indices
DracoDecoder | Decoded 1920 vertices, 2880 indices
DracoDecoder | Decoded 2844 vertices, 3812:37:48 | INFO: Blender create Mesh node luxuean_lightleaf.001
12:37:48 | INFO: Draco Decoder: Decode primitive luxuean_lightleaf.001
12:37:48 | INFO: Blender create Mesh node luxuean_paving.001
12:37:48 | INFO: Draco Decoder: Decode primitive luxuean_paving.001
12:37:48 | INFO: Blender create Mesh node luxuean_stone.001
12:37:48 | INFO: Draco Decoder: Decode primitive luxuean_stone.001
12:37:48 | INFO: Blender create Mesh node luxuean_thatch.001
12:37:48 | INFO: Draco Decoder: Decode primitive luxuean_thatch.001
12:37:48 | INFO: Blender create Mesh node luxuean_wood.001
12:37:48 | INFO: Draco Decoder: Decode primitive luxuean_wood.001
12:37:48 | INFO: Blender create Mesh node r15_luxuean_enclosure_ceiling
12:37:48 | INFO: Draco Decoder: Decode primitive r15_luxuean_enclosure_ceiling
12:37:48 | INFO: Blender create Mesh node r15_luxuean_enclosure_clay
12:37:48 | INFO: Draco Decoder: Decode primitive r15_luxuean_enclosure_clay
12:37:49 | INFO: Blender create Mesh node r15_luxuean_enclosure_ochre
12:37:49 | INFO: Draco Decoder: Decode primitive r15_luxuean_enclosure_ochre
12:37:49 | INFO: Blender create Mesh node r15_luxuean_enclosure_paper
12:37:49 | INFO: Draco Decoder: Decode primitive r15_luxuean_enclosure_paper
12:37:49 | INFO: glTF import finished in 0.15s
12:37:49 | INFO: Data are loaded, start creating Blender stuff
12:37:49 | INFO: Blender create Mesh node r15_tubishanzhuang_enclosure_blue
12:37:49 | INFO: Draco Decoder: Decode primitive r15_tubishanzhuang_enclosure_blue
12:37:49 | INFO: Blender create Mesh node r15_tubishanzhuang_enclosure_ceiling
12:37:49 | INFO: Draco Decoder: Decode primitive r15_tubishanzhuang_enclosure_ceiling
12:37:49 | INFO: Blender create Mesh node r15_tubishanzhuang_enclosure_gold
12:37:49 | INFO: Draco Decoder: Decode primitive r15_tubishanzhuang_enclosure_gold
12:37:49 | INFO: Blender create Mesh node r15_tubishanzhuang_enclosure_lacquer
12:37:49 | INFO: Draco Decoder: Decode primitive r15_tubishanzhuang_enclosure_lacquer
12:37:49 | INFO: Blender create Mesh node r15_tubishanzhuang_enclosure_paper
12:37:49 | INFO: Draco Decoder: Decode primitive r15_tubishanzhuang_enclosure_paper
12:37:49 | INFO: Blender create Mesh node r15_tubishanzhuang_enclosure_wall
12:37:49 | INFO: Draco Decoder: Decode primitive r15_tubishanzhuang_enclosure_wall
12:37:49 | INFO: Blender create Mesh node tubishanzhuang_bark
12:37:49 | INFO: Draco Decoder: Decode primitive tubishanzhuang_bark
12:37:49 | INFO: Blender create Mesh node tubishanzhuang_canopy
12:37:49 | INFO: Draco Decoder: Decode primitive tubishanzhuang_canopy
12:37:49 | INFO: Blender create Mesh node tubishanzhuang_canopy_light
12:37:49 | INFO: Draco Decoder: Decode primitive tubishanzhuang_canopy_light
12:37:49 | INFO: Blender create Mesh node tubishanzhuang_canopy_shadow
12:37:49 | INFO: Draco Decoder: Decode primitive tubishanzhuang_canopy_shadow
12:37:49 | INFO: Blender create Mesh node tubishanzhuang_cutstone
12:37:49 | INFO: Draco Decoder: Decode primitive tubishanzhuang_cutstone
12:37:49 | INFO: Blender create Mesh node tubishanzhuang_darkwood.001
12:37:49 | INFO: Draco Decoder: Decode primitive tubishanzhuang_darkwood.001
12:37:49 | INFO: Blender create Mesh node tubishanzhuang_floorwood
12:37:49 | INFO: Draco Decoder: Decode primitive tubishanzhuang_floorwood
12:37:49 | INFO: Blender create Mesh node tubishanzhuang_furniture
12:37:49 | INFO: Draco Decoder: Decode primitive tubishanzhuang_furniture
12:37:49 | INFO: Blender create Mesh node tubishanzhuang_latticewood.001
12:37:49 | INFO: Draco Decoder: Decode primitive tubishanzhuang_latticewood.001
12:37:49 | INFO: Blender create Mesh node tubishanzhuang_paving.001
12:37:49 | INFO: Draco Decoder: Decode primitive tubishanzhuang_paving.001
12:37:49 | INFO: Blender create Mesh node tubishanzhuang_roof.001
12:37:49 | INFO: Draco Decoder: Decode primitive tubishanzhuang_roof.001
12:37:49 | INFO: Blender create Mesh node tubishanzhuang_screen
12:37:49 | INFO: Draco Decoder: Decode primitive tubishanzhuang_screen
12:37:49 | INFO: Blender create Mesh node tubishanzhuang_stone.001
12:37:49 | INFO: Draco Decoder: Decode primitive tubishanzhuang_stone.001
12:37:49 | INFO: Blender create Mesh node tubishanzhuang_tile.001
12:37:49 | INFO: Draco Decoder: Decode primitive tubishanzhuang_tile.001
12:37:49 | INFO: Blender create Mesh node tubishanzhuang_tiledark.001
12:37:49 | INFO: Draco Decoder: Decode primitive tubishanzhuang_tiledark.001
12:37:49 | INFO: Blender create Mesh node tubishanzhuang_tilelight.001
12:37:49 | INFO: Draco Decoder: Decode primitive tubishanzhuang_tilelight.001
12:37:49 | INFO: Blender create Mesh node tubishanzhuang_wood.001
12:37:49 | INFO: Draco Decoder: Decode primitive tubishanzhuang_wood.001
12:37:49 | INFO: glTF import finished in 0.50s
12:37:49 | INFO: Data are loaded, start creating Blender stuff
12:37:49 | INFO: Blender create Mesh node aojingxiguan_bark
12:37:49 | INFO: Draco Decoder: Decode primitive aojingxiguan_bark
12:37:49 | INFO: Blender create Mesh node aojingxiguan_canopy
12:37:49 | INFO: Draco Decoder: Decode primitive aojingxiguan_canopy
12:37:49 | INFO: Blender create Mesh node aojingxiguan_canopy_light
12:37:49 | INFO: Draco Decoder: Decode primitive aojingxiguan_canopy_light
12:37:49 | INFO: Blender create Mesh node aojingxiguan_canopy_shadow
12:37:49 | INFO: Draco Decoder: Decode primitive aojingxiguan_canopy_shadow
12:37:49 | INFO: Blender create Mesh node aojingxiguan_cutstone
12:37:49 | INFO: Draco Decoder: Decode primitive aojingxiguan_cutstone
12:37:49 | INFO: Blender create Mesh node aojingxiguan_darkwood.001
12:37:49 | INFO: Draco Decoder: Decode primitive aojingxiguan_darkwood.001
12:37:49 | INFO: Blender create Mesh node aojingxiguan_floorwood
12:37:49 | INFO: Draco Decoder: Decode primitive aojingxiguan_floorwood
12:37:49 | INFO: Blender create Mesh node aojingxiguan_furniture
12:37:49 | INFO: Draco Decoder: Decode primitive aojingxiguan_furniture
12:37:49 | INFO: Blender create Mesh node aojingxiguan_latticewood.001
12:37:49 | INFO: Draco Decoder: Decode primitive aojingxiguan_latticewood.001
12:37:49 | INFO: Blender create Mesh node aojingxiguan_paving.001
12:37:49 | INFO: Draco Decoder: Decode primitive aojingxiguan_paving.001
12:37:49 | INFO: Blender create Mesh node aojingxiguan_roof.001
12:37:49 | INFO: Draco Decoder: Decode primitive aojingxiguan_roof.001
12:37:50 | INFO: Blender create Mesh node aojingxiguan_screen
12:37:50 | INFO: Draco Decoder: Decode primitive aojingxiguan_screen
12:37:50 | INFO: Blender create Mesh node aojingxiguan_stone.001
12:37:50 | INFO: Draco Decoder: Decode primitive aojingxiguan_stone.001
12:37:50 | INFO: Blender create Mesh node aojingxiguan_tile.001
12:37:50 | INFO: Draco Decoder: Decode primitive aojingxiguan_tile.001
12:37:50 | INFO: Blender create Mesh node aojingxiguan_tiledark.001
12:37:50 | INFO: Draco Decoder: Decode primitive aojingxiguan_tiledark.001
12:37:50 | INFO: Blender create Mesh node aojingxiguan_tilelight.001
12:37:50 | INFO: Draco Decoder: Decode primitive aojingxiguan_tilelight.001
12:37:50 | INFO: Blender create Mesh node aojingxiguan_wood.001
12:37:50 | INFO: Draco Decoder: Decode primitive aojingxiguan_wood.001
12:37:50 | INFO: Blender create Mesh node r15_aojingxiguan_enclosure_blue
12:37:50 | INFO: Draco Decoder: Decode primitive r15_aojingxiguan_enclosure_blue
12:37:50 | INFO: Blender create Mesh node r15_aojingxiguan_enclosure_ceiling
12:37:50 | INFO: Draco Decoder: Decode primitive r15_aojingxiguan_enclosure_ceiling
12:37:50 | INFO: Blender create Mesh node r15_aojingxiguan_enclosure_gold
12:37:50 | INFO: Draco Decoder: Decode primitive r15_aojingxiguan_enclosure_gold
12:37:50 | INFO: Blender create Mesh node r15_aojingxiguan_enclosure_lacquer
12:37:50 | INFO: Draco Decoder: Decode primitive r15_aojingxiguan_enclosure_lacquer
12:37:50 | INFO: Blender create Mesh node r15_aojingxiguan_enclosure_paper
12:37:50 | INFO: Draco Decoder: Decode primitive r15_aojingxiguan_enclosure_paper
12:37:50 | INFO: Blender create Mesh node r15_aojingxiguan_enclosure_wall
12:37:50 | INFO: Draco Decoder: Decode primitive r15_aojingxiguan_enclosure_wall
12:37:50 | INFO: glTF import finished in 0.47s
12:37:50 | INFO: Data are loaded, start creating Blender stuff
12:37:50 | INFO: Blender create Mesh node daguanlou_bamboo.001
12:37:50 | INFO: Draco Decoder: Decode primitive daguanlou_bamboo.001
12:37:50 | INFO: Blender create Mesh node daguanlou_bark
12:37:50 | INFO: Draco Decoder: Decode primitive daguanlou_bark
12:37:50 | INFO: Blender create Mesh node daguanlou_bookcloth.001
12:37:50 | INFO: Draco Decoder: Decode primitive daguanlou_bookcloth.001
12:37:50 | INFO: Blender create Mesh node daguanlou_bookcover.001
12:37:50 | INFO: Draco Decoder: Decode primitive daguanlou_bookcover.001
12:37:50 | INFO: Blender create Mesh node daguanlou_canopy
12:37:50 | INFO: Draco Decoder: Decode primitive daguanlou_canopy
12:37:50 | INFO: Blender create Mesh node daguanlou_canopy_light
12:37:50 | INFO: Draco Decoder: Decode primitive daguanlou_canopy_light
12:37:50 | INFO: Blender create Mesh node daguanlou_canopy_shadow
12:37:50 | INFO: Draco Decoder: Decode primitive daguanlou_canopy_shadow
12:37:50 | INFO: Blender create Mesh node daguanlou_ceramic
12:37:50 | INFO: Draco Decoder: Decode primitive daguanlou_ceramic
12:37:50 | INFO: Blender create Mesh node daguanlou_courtbase
12:37:50 | INFO: Draco Decoder: Decode primitive daguanlou_courtbase
12:37:50 | INFO: Blender create Mesh node daguanlou_cutstone
12:37:50 | INFO: Draco Decoder: Decode primitive daguanlou_cutstone
12:37:50 | INFO: Blender create Mesh node daguanlou_darkwood
12:37:50 | INFO: Draco Decoder: Decode primitive daguanlou_darkwood
12:37:50 | INFO: Blender create Mesh node daguanlou_floorwood
12:37:50 | INFO: Draco Decoder: Decode primitive daguanlou_floorwood
12:37:50 | INFO: Blender create Mesh node daguanlou_furniture
12:37:50 | INFO: Draco Decoder: Decode primitive daguanlou_furniture
12:37:51 | INFO: Blender create Mesh node daguanlou_gold
12:37:51 | INFO: Draco Decoder: Decode primitive daguanlou_gold
12:37:51 | INFO: Blender create Mesh node daguanlou_ground_botanical_bamboo
12:37:51 | INFO: Draco Decoder: Decode primitive daguanlou_ground_botanical_bamboo
12:37:51 | INFO: Blender create Mesh node daguanlou_ground_botanical_litter
12:37:51 | INFO: Draco Decoder: Decode primitive daguanlou_ground_botanical_litter
12:37:51 | INFO: Blender create Mesh node daguanlou_ground_botanical_stem.001
12:37:51 | INFO: Draco Decoder: Decode primitive daguanlou_ground_botanical_stem.001
12:37:51 | INFO: Blender create Mesh node daguanlou_ink.001
12:37:51 | INFO: Draco Decoder: Decode primitive daguanlou_ink.001
12:37:51 | INFO: Blender create Mesh node daguanlou_ivory.001
12:37:51 | INFO: Draco Decoder: Decode primitive daguanlou_ivory.001
12:37:51 | INFO: Blender create Mesh node daguanlou_lantern
12:37:51 | INFO: Draco Decoder: Decode primitive daguanlou_lantern
12:37:51 | INFO: Blender create Mesh node daguanlou_latticewood.001
12:37:51 | INFO: Draco Decoder: Decode primitive daguanlou_latticewood.001
12:37:51 | INFO: Blender create Mesh node daguanlou_limestone.001
12:37:51 | INFO: Draco Decoder: Decode primitive daguanlou_limestone.001
12:37:51 | INFO: Blender create Mesh node daguanlou_paper
12:37:51 | INFO: Draco Decoder: Decode primitive daguanlou_paper
12:37:51 | INFO: Blender create Mesh node daguanlou_paving
12:37:51 | INFO: Draco Decoder: Decode primitive daguanlou_paving
12:37:51 | INFO: Blender create Mesh node daguanlou_plaster
12:37:51 | INFO: Draco Decoder: Decode primitive daguanlou_plaster
12:37:51 | INFO: Blender create Mesh node daguanlou_roof
12:37:51 | INFO: Draco Decoder: Decode primitive daguanlou_roof
04 indices
DracoDecoder | Decoded 669 vertices, 960 indices
DracoDecoder | Decoded 42 vertices, 84 indices
DracoDecoder | Decoded 4016 vertices, 5760 indices
DracoDecoder | Decoded 5744 vertices, 8460 indices
DracoDecoder | Decoded 6960 vertices, 9768 indices
DracoDecoder | Decoded 96 vertices, 132 indices
DracoDecoder | Decoded 744 vertices, 1116 indices
DracoDecoder | Decoded 1584 vertices, 2376 indices
DracoDecoder | Decoded 168 vertices, 252 indices
DracoDecoder | Decoded 48 vertices, 72 indices
DracoDecoder | Decoded 96 vertices, 132 indices
DracoDecoder | Decoded 7728 vertices, 11664 indices
DracoDecoder | Decoded 9216 vertices, 12672 indices
DracoDecoder | Decoded 216 vertices, 324 indices
DracoDecoder | Decoded 3744 vertices, 5148 indices
DracoDecoder | Decoded 320 vertices, 564 indices
DracoDecoder | Decoded 2500 vertices, 6000 indices
DracoDecoder | Decoded 2500 vertices, 6000 indices
DracoDecoder | Decoded 2500 vertices, 6000 indices
DracoDecoder | Decoded 5024 vertices, 8280 indices
DracoDecoder | Decoded 3744 vertices, 5244 indices
DracoDecoder | Decoded 8928 vertices, 13392 indices
DracoDecoder | Decoded 1344 vertices, 2160 indices
DracoDecoder | Decoded 5808 vertices, 8712 indices
DracoDecoder | Decoded 2310 vertices, 3468 indices
DracoDecoder | Decoded 286 vertices, 426 indices
DracoDecoder | Decoded 192 vertices, 288 indices
DracoDecoder | Decoded 5888 vertices, 8340 indices
DracoDecoder | Decoded 50284 vertices, 100152 indices
DracoDecoder | Decoded 10464 vertices, 18516 indices
DracoDecoder | Decoded 2948 vertices, 5748 indices
DracoDecoder | Decoded 52496 vertices, 75576 indices
DracoDecoder | Decoded 320 vertices, 564 indices
DracoDecoder | Decoded 2500 vertices, 6000 indices
DracoDecoder | Decoded 2500 vertices, 6000 indices
DracoDecoder | Decoded 2500 vertices, 6000 indices
DracoDecoder | Decoded 4576 vertices, 7560 indices
DracoDecoder | Decoded 3744 vertices, 5244 indices
DracoDecoder | Decoded 7992 vertices, 11988 indices
DracoDecoder | Decoded 1344 vertices, 2160 indices
DracoDecoder | Decoded 4512 vertices, 6768 indices
DracoDecoder | Decoded 2314 vertices, 3480 indices
DracoDecoder | Decoded 286 vertices, 426 indices
DracoDecoder | Decoded 192 vertices, 288 indices
DracoDecoder | Decoded 6032 vertices, 8532 indices
DracoDecoder | Decoded 45664 vertices, 90936 indices
DracoDecoder | Decoded 9696 vertices, 17160 indices
DracoDecoder | Decoded 2764 vertices, 5388 indices
DracoDecoder | Decoded 50192 vertices, 72264 indices
DracoDecoder | Decoded 48 vertices, 72 indices
DracoDecoder | Decoded 96 vertices, 132 indices
DracoDecoder | Decoded 7728 vertices, 11664 indices
DracoDecoder | Decoded 9216 vertices, 12672 indices
DracoDecoder | Decoded 216 vertices, 324 indices
DracoDecoder | Decoded 3744 vertices, 5148 indices
DracoDecoder | Decoded 192 vertices, 324 indices
DracoDecoder | Decoded 1280 vertices, 2256 indices
DracoDecoder | Decoded 528 vertices, 792 indices
DracoDecoder | Decoded 48 vertices, 72 indices
DracoDecoder | Decoded 21856 vertices, 24000 indices
DracoDecoder | Decoded 22008 vertices, 24000 indices
DracoDecoder | Decoded 21947 vertices, 24000 indices
DracoDecoder | Decoded 1200 vertices, 1884 indices
DracoDecoder | Decoded 48 vertices, 72 indices
DracoDecoder | Decoded 45984 vertices, 75960 indices
DracoDecoder | Decoded 74519 vertices, 103104 indices
DracoDecoder | Decoded 86496 vertices, 129744 indices
DracoDecoder | Decoded 14936 vertices, 24120 indices
DracoDecoder | Decoded 23760 vertices, 35736 indices
DracoDecoder | Decoded 138456 vertices, 207684 indices
DracoDecoder | Decoded 45568 vertices, 68352 indices
DracoDecoder | Decoded 46152 vertices, 69228 indices
DracoDecoder | Decoded 752 vertices, 1152 indices
DracoDecoder | Decoded 312 vertices, 468 indices
DracoDecoder | Decoded 19520 vertices, 29280 indices
DracoDecoder | Decoded 44304 vertices, 66456 indices
DracoDecoder | Decoded 64764 vertices, 64764 indices
DracoDecoder | Decoded 340 vertices, 540 indices
DracoDecoder | Decoded 13508 vertices, 20322 indices
DracoDecoder | Decoded 5088 vertices, 6996 indices
DracoDecoder12:37:51 | INFO: Blender create Mesh node daguanlou_screen
12:37:51 | INFO: Draco Decoder: Decode primitive daguanlou_screen
12:37:51 | INFO: Blender create Mesh node daguanlou_stone
12:37:51 | INFO: Draco Decoder: Decode primitive daguanlou_stone
12:37:51 | INFO: Blender create Mesh node daguanlou_tile
12:37:51 | INFO: Draco Decoder: Decode primitive daguanlou_tile
12:37:53 | INFO: Blender create Mesh node daguanlou_tiledark
12:37:53 | INFO: Draco Decoder: Decode primitive daguanlou_tiledark
12:37:53 | INFO: Blender create Mesh node daguanlou_tilelight
12:37:53 | INFO: Draco Decoder: Decode primitive daguanlou_tilelight
12:37:53 | INFO: Blender create Mesh node daguanlou_wood
12:37:53 | INFO: Draco Decoder: Decode primitive daguanlou_wood
12:37:54 | INFO: Blender create Mesh node r15_daguanlou_enclosure_blue
12:37:54 | INFO: Draco Decoder: Decode primitive r15_daguanlou_enclosure_blue
12:37:54 | INFO: Blender create Mesh node r15_daguanlou_enclosure_ceiling
12:37:54 | INFO: Draco Decoder: Decode primitive r15_daguanlou_enclosure_ceiling
12:37:54 | INFO: Blender create Mesh node r15_daguanlou_enclosure_gold
12:37:54 | INFO: Draco Decoder: Decode primitive r15_daguanlou_enclosure_gold
12:37:54 | INFO: Blender create Mesh node r15_daguanlou_enclosure_lacquer
12:37:54 | INFO: Draco Decoder: Decode primitive r15_daguanlou_enclosure_lacquer
12:37:55 | INFO: Blender create Mesh node r15_daguanlou_enclosure_paper
12:37:55 | INFO: Draco Decoder: Decode primitive r15_daguanlou_enclosure_paper
12:37:55 | INFO: Blender create Mesh node r15_daguanlou_enclosure_wall
12:37:55 | INFO: Draco Decoder: Decode primitive r15_daguanlou_enclosure_wall
12:37:55 | INFO: glTF import finished in 4.61s
12:37:55 | INFO: Data are loaded, start creating Blender stuff
12:37:55 | INFO: Blender create Mesh node longcuian_bamboo.001
12:37:55 | INFO: Draco Decoder: Decode primitive longcuian_bamboo.001
12:37:55 | INFO: Blender create Mesh node longcuian_bark
12:37:55 | INFO: Draco Decoder: Decode primitive longcuian_bark
12:37:55 | INFO: Blender create Mesh node longcuian_bookcloth.001
12:37:55 | INFO: Draco Decoder: Decode primitive longcuian_bookcloth.001
12:37:55 | INFO: Blender create Mesh node longcuian_bookcover.001
12:37:55 | INFO: Draco Decoder: Decode primitive longcuian_bookcover.001
12:37:55 | INFO: Blender create Mesh node longcuian_canopy
12:37:55 | INFO: Draco Decoder: Decode primitive longcuian_canopy
12:37:55 | INFO: Blender create Mesh node longcuian_canopy_light
12:37:55 | INFO: Draco Decoder: Decode primitive longcuian_canopy_light
12:37:55 | INFO: Blender create Mesh node longcuian_canopy_shadow
12:37:55 | INFO: Draco Decoder: Decode primitive longcuian_canopy_shadow
12:37:55 | INFO: Blender create Mesh node longcuian_ceramic
12:37:55 | INFO: Draco Decoder: Decode primitive longcuian_ceramic
12:37:55 | INFO: Blender create Mesh node longcuian_courtbase
12:37:55 | INFO: Draco Decoder: Decode primitive longcuian_courtbase
12:37:55 | INFO: Blender create Mesh node longcuian_cutstone
12:37:55 | INFO: Draco Decoder: Decode primitive longcuian_cutstone
12:37:55 | INFO: Blender create Mesh node longcuian_darkwood
12:37:55 | INFO: Draco Decoder: Decode primitive longcuian_darkwood
12:37:55 | INFO: Blender create Mesh node longcuian_floorwood
12:37:55 | INFO: Draco Decoder: Decode primitive longcuian_floorwood
12:37:55 | INFO: Blender create Mesh node longcuian_flower
12:37:55 | INFO: Draco Decoder: Decode primitive longcuian_flower
12:37:55 | INFO: Blender create Mesh node longcuian_furniture
12:37:55 | INFO: Draco Decoder: Decode primitive longcuian_furniture
12:37:55 | INFO: Blender create Mesh node longcuian_gold.001
12:37:55 | INFO: Draco Decoder: Decode primitive longcuian_gold.001
12:37:55 | INFO: Blender create Mesh node longcuian_ink.001
12:37:55 | INFO: Draco Decoder: Decode primitive longcuian_ink.001
12:37:55 | INFO: Blender create Mesh node longcuian_ivory.001
12:37:55 | INFO: Draco Decoder: Decode primitive longcuian_ivory.001
12:37:55 | INFO: Blender create Mesh node longcuian_latticewood.001
12:37:55 | INFO: Draco Decoder: Decode primitive longcuian_latticewood.001
12:37:55 | INFO: Blender create Mesh node longcuian_leafdark
12:37:55 | INFO: Draco Decoder: Decode primitive longcuian_leafdark
12:37:55 | INFO: Blender create Mesh node longcuian_paper
12:37:55 | INFO: Draco Decoder: Decode primitive longcuian_paper
12:37:55 | INFO: Blender create Mesh node longcuian_paving
12:37:55 | INFO: Draco Decoder: Decode primitive longcuian_paving
12:37:55 | INFO: Blender create Mesh node longcuian_plaster
12:37:55 | INFO: Draco Decoder: Decode primitive longcuian_plaster
12:37:55 | INFO: Blender create Mesh node longcuian_roof
12:37:55 | INFO: Draco Decoder: Decode primitive longcuian_roof
12:37:55 | INFO: Blender create Mesh node longcuian_screen
12:37:55 | INFO: Draco Decoder: Decode primitive longcuian_screen
12:37:55 | INFO: Blender create Mesh node longcuian_stone
12:37:55 | INFO: Draco Decoder: Decode primitive longcuian_stone
12:37:55 | INFO: Blender create Mesh node longcuian_tile
12:37:55 | INFO: Draco Decoder: Decode primitive longcuian_tile
12:37:56 | INFO: Blender create Mesh node longcuian_tiledark
12:37:56 | INFO: Draco Decoder: Decode primitive longcuian_tiledark
12:37:56 | INFO: Blender create Mesh node longcuian_tilelight
12:37:56 | INFO: Draco Decoder: Decode primitive longcuian_tilelight
12:37:56 | INFO: Blender create Mesh node longcuian_wood
12:37:56 | INFO: Draco Decoder: Decode primitive longcuian_wood
12:37:56 | INFO: Blender create Mesh node r15_longcuian_enclosure_ceiling
12:37:56 | INFO: Draco Decoder: Decode primitive r15_longcuian_enclosure_ceiling
12:37:56 | INFO: Blender create Mesh node r15_longcuian_enclosure_gold
12:37:56 | INFO: Draco Decoder: Decode primitive r15_longcuian_enclosure_gold
12:37:56 | INFO: Blender create Mesh node r15_longcuian_enclosure_jade
12:37:56 | INFO: Draco Decoder: Decode primitive r15_longcuian_enclosure_jade
12:37:56 | INFO: Blender create Mesh node r15_longcuian_enclosure_lacquer
12:37:56 | INFO: Draco Decoder: Decode primitive r15_longcuian_enclosure_lacquer
12:37:56 | INFO: Blender create Mesh node r15_longcuian_enclosure_paper
12:37:56 | INFO: Draco Decoder: Decode primitive r15_longcuian_enclosure_paper
12:37:56 | INFO: Blender create Mesh node r15_longcuian_enclosure_wall
12:37:56 | INFO: Draco Decoder: Decode primitive r15_longcuian_enclosure_wall
12:37:56 | INFO: glTF import finished in 0.83s
12:37:56 | INFO: Data are loaded, start creating Blender stuff
12:37:56 | INFO: Blender create Mesh node nuanxiangwu_bamboo.001
12:37:56 | INFO: Draco Decoder: Decode primitive nuanxiangwu_bamboo.001
12:37:56 | INFO: Blender create Mesh node nuanxiangwu_bark
12:37:56 | INFO: Draco Decoder: Decode primitive nuanxiangwu_bark
12:37:56 | INFO: Blender create Mesh node nuanxiangwu_bookcloth.001
12:37:56 | INFO: Draco Decoder: Decode primitive nuanxiangwu_bookcloth.001
12:37:56 | INFO: Blender create Mesh node nuanxiangwu_bookcover.001
12:37:56 | INFO: Draco Decoder: Decode primitive nuanxiangwu_bookcover.001
12:37:56 | INFO: Blender create Mesh node nuanxiangwu_ceramic
12:37:56 | INFO: Draco Decoder: Decode primitive nuanxiangwu_ceramic
12:37:56 | INFO: Blender create Mesh node nuanxiangwu_courtbase
12:37:56 | INFO: Draco Decoder: Decode primitive nuanxiangwu_courtbase
12:37:56 | INFO: Blender create Mesh node nuanxiangwu_creamflower
12:37:56 | INFO: Draco Decoder: Decode primitive nuanxiangwu_creamflower
12:37:56 | INFO: Blender create Mesh node nuanxiangwu_cutstone
12:37:56 | INFO: Draco Decoder: Decode primitive nuanxiangwu_cutstone
12:37:56 | INFO: Blender create Mesh node nuanxiangwu_darkwood
12:37:56 | INFO: Draco Decoder: Decode primitive nuanxiangwu_darkwood
12:37:56 | INFO: Blender create Mesh node nuanxiangwu_floorwood
12:37:56 | INFO: Draco Decoder: Decode primitive nuanxiangwu_floorwood
12:37:56 | INFO: Blender create Mesh node nuanxiangwu_furniture
12:37:56 | INFO: Draco Decoder: Decode primitive nuanxiangwu_furniture
12:37:56 | INFO: Blender create Mesh node nuanxiangwu_gold.001
12:37:56 | INFO: Draco Decoder: Decode primitive nuanxiangwu_gold.001
12:37:56 | INFO: Blender create Mesh node nuanxiangwu_ink.001
12:37:56 | INFO: Draco Decoder: Decode primitive nuanxiangwu_ink.001
12:37:56 | INFO: Blender create Mesh node nuanxiangwu_ivory.001
12:37:56 | INFO: Draco Decoder: Decode primitive nuanxiangwu_ivory.001
12:37:56 | INFO: Blender create Mesh node nuanxiangwu_latticewood.001
12:37:56 | INFO: Draco Decoder: Decode primitive nuanxiangwu_latticewood.001
12:37:56 | INFO: Blender create Mesh node nuanxiangwu_leafdark
12:37:56 | INFO: Draco Decoder: Decode primitive nuanxiangwu_leafdark
12:37:56 | INFO: Blender create Mesh node nuanxiangwu_paper
12:37:56 | INFO: Draco Decoder: Decode primitive nuanxiangwu_paper
12:37:56 | INFO: Blender create Mesh node nuanxiangwu_paving
12:37:56 | INFO: Draco Decoder: Decode primitive nuanxiangwu_paving
12:37:56 | INFO: Blender create Mesh node nuanxiangwu_roof
12:37:56 | INFO: Draco Decoder: Decode primitive nuanxiangwu_roof
12:37:56 | INFO: Blender create Mesh node nuanxiangwu_screen
12:37:56 | INFO: Draco Decoder: Decode primitive nuanxiangwu_screen
12:37:56 | INFO: Blender create Mesh node nuanxiangwu_silk
12:37:56 | INFO: Draco Decoder: Decode primitive nuanxiangwu_silk
12:37:56 | INFO: Blender create Mesh node nuanxiangwu_stone
12:37:56 | INFO: Draco Decoder: Decode primitive nuanxiangwu_stone
12:37:56 | INFO: Blender create Mesh node nuanxiangwu_tile
12:37:56 | INFO: Draco Decoder: Decode primitive nuanxiangwu_tile
12:37:56 | INFO: Blender create Mesh node nuanxiangwu_tiledark
12:37:56 | INFO: Draco Decoder: Decode primitive nuanxiangwu_tiledark
12:37:56 | INFO: Blender create Mesh node nuanxiangwu_tilelight
12:37:56 | INFO: Draco Decoder: Decode primitive nuanxiangwu_tilelight
12:37:56 | INFO: Blender create Mesh node nuanxiangwu_wood
12:37:56 | INFO: Draco Decoder: Decode primitive nuanxiangwu_wood
12:37:57 | INFO: Blender create Mesh node r15_nuanxiangwu_enclosure_blue
12:37:57 | INFO: Draco Decoder: Decode primitive r15_nuanxiangwu_enclosure_blue
12:37:57 | INFO: Blender create Mesh node r15_nuanxiangwu_enclosure_ceiling
12:37:57 | INFO: Draco Decoder: Decode primitive r15_nuanxiangwu_enclosure_ceiling
12:37:57 | INFO: Blender create Mesh node r15_nuanxiangwu_enclosure_gold
12:37:57 | INFO: Draco Decoder: Decode primitive r15_nuanxiangwu_enclosure_gold
12:37:57 | INFO: Blender create Mesh node r15_nuanxiangwu_enclosure_lacquer
12:37:57 | INFO: Draco Decoder: Decode primitive r15_nuanxiangwu_enclosure_lacquer
12:37:57 | INFO: Blender create Mesh node r15_nuanxiangwu_enclosure_paper
12:37:57 | INFO: Draco Decoder: Decode primitive r15_nuanxiangwu_enclosure_paper
12:37:57 | INFO: Blender create Mesh node r15_nuanxiangwu_enclosure_wall
12:37:57 | INFO: Draco Decoder: Decode primitive r15_nuanxiangwu_enclosure_wall
12:37:57 | INFO: glTF import finished in 0.57s
12:37:57 | INFO: Data are loaded, start creating Blender stuff
12:37:57 | INFO: Blender create Mesh node Mobile_daguanyuan_gate_floorwood
12:37:57 | INFO: Draco Decoder: Decode primitive Mobile_daguanyuan_gate_floorwood
 | Decoded 3638 vertices, 5418 indices
DracoDecoder | Decoded 1920 vertices, 2880 indices
DracoDecoder | Decoded 34072 vertices, 48612 indices
DracoDecoder | Decoded 770614 vertices, 1516080 indices
DracoDecoder | Decoded 181344 vertices, 320580 indices
DracoDecoder | Decoded 54606 vertices, 105900 indices
DracoDecoder | Decoded 567552 vertices, 815412 indices
DracoDecoder | Decoded 384 vertices, 576 indices
DracoDecoder | Decoded 768 vertices, 1056 indices
DracoDecoder | Decoded 82176 vertices, 124032 indices
DracoDecoder | Decoded 95808 vertices, 131736 indices
DracoDecoder | Decoded 2256 vertices, 3384 indices
DracoDecoder | Decoded 38400 vertices, 52800 indices
DracoDecoder | Decoded 192 vertices, 324 indices
DracoDecoder | Decoded 13610 vertices, 25152 indices
DracoDecoder | Decoded 528 vertices, 792 indices
DracoDecoder | Decoded 48 vertices, 72 indices
DracoDecoder | Decoded 2500 vertices, 6000 indices
DracoDecoder | Decoded 2500 vertices, 6000 indices
DracoDecoder | Decoded 2500 vertices, 6000 indices
DracoDecoder | Decoded 880 vertices, 1404 indices
DracoDecoder | Decoded 24 vertices, 36 indices
DracoDecoder | Decoded 8816 vertices, 14580 indices
DracoDecoder | Decoded 9152 vertices, 12840 indices
DracoDecoder | Decoded 11160 vertices, 16740 indices
DracoDecoder | Decoded 75050 vertices, 109350 indices
DracoDecoder | Decoded 2840 vertices, 4680 indices
DracoDecoder | Decoded 336 vertices, 600 indices
DracoDecoder | Decoded 752 vertices, 1152 indices
DracoDecoder | Decoded 312 vertices, 468 indices
DracoDecoder | Decoded 4512 vertices, 6768 indices
DracoDecoder | Decoded 8592 vertices, 11664 indices
DracoDecoder | Decoded 340 vertices, 540 indices
DracoDecoder | Decoded 1878 vertices, 2820 indices
DracoDecoder | Decoded 3264 vertices, 4488 indices
DracoDecoder | Decoded 690 vertices, 1026 indices
DracoDecoder | Decoded 192 vertices, 288 indices
DracoDecoder | Decoded 2816 vertices, 4236 indices
DracoDecoder | Decoded 86486 vertices, 169560 indices
DracoDecoder | Decoded 26688 vertices, 47316 indices
DracoDecoder | Decoded 4712 vertices, 9180 indices
DracoDecoder | Decoded 90704 vertices, 130908 indices
DracoDecoder | Decoded 192 vertices, 264 indices
DracoDecoder | Decoded 15456 vertices, 23328 indices
DracoDecoder | Decoded 96 vertices, 144 indices
DracoDecoder | Decoded 16704 vertices, 22968 indices
DracoDecoder | Decoded 384 vertices, 576 indices
DracoDecoder | Decoded 6720 vertices, 9240 indices
DracoDecoder | Decoded 192 vertices, 324 indices
DracoDecoder | Decoded 8756 vertices, 16392 indices
DracoDecoder | Decoded 528 vertices, 792 indices
DracoDecoder | Decoded 48 vertices, 72 indices
DracoDecoder | Decoded 880 vertices, 1404 indices
DracoDecoder | Decoded 24 vertices, 36 indices
DracoDecoder | Decoded 50038 vertices, 72900 indices
DracoDecoder | Decoded 4576 vertices, 7560 indices
DracoDecoder | Decoded 6176 vertices, 8652 indices
DracoDecoder | Decoded 7392 vertices, 11088 indices
DracoDecoder | Decoded 2840 vertices, 4680 indices
DracoDecoder | Decoded 336 vertices, 600 indices
DracoDecoder | Decoded 752 vertices, 1152 indices
DracoDecoder | Decoded 312 vertices, 468 indices
DracoDecoder | Decoded 5856 vertices, 8784 indices
DracoDecoder | Decoded 6076 vertices, 7776 indices
DracoDecoder | Decoded 364 vertices, 576 indices
DracoDecoder | Decoded 1506 vertices, 2280 indices
DracoDecoder | Decoded 506 vertices, 750 indices
DracoDecoder | Decoded 216 vertices, 324 indices
DracoDecoder | Decoded 48 vertices, 72 indices
DracoDecoder | Decoded 1136 vertices, 1572 indices
DracoDecoder | Decoded 65684 vertices, 130752 indices
DracoDecoder | Decoded 25152 vertices, 44628 indices
DracoDecoder | Decoded 5076 vertices, 9900 indices
DracoDecoder | Decoded 54672 vertices, 78660 indices
DracoDecoder | Decoded 48 vertices, 72 indices
DracoDecoder | Decoded 96 vertices, 132 indices
DracoDecoder | Decoded 7728 vertices, 11664 indices
DracoDecoder | Decoded 9216 vertices, 12672 indices
DracoDecoder | Decoded 216 vertices, 324 indices
DracoDecoder | Decoded 3744 vertices, 5148 indices
DracoDecoder | Decoded 1508 vertices,12:37:57 | INFO: Blender create Mesh node Mobile_daguanyuan_gate_limestone
12:37:57 | INFO: Draco Decoder: Decode primitive Mobile_daguanyuan_gate_limestone
12:37:57 | INFO: Blender create Mesh node Mobile_daguanyuan_gate_paving
12:37:57 | INFO: Draco Decoder: Decode primitive Mobile_daguanyuan_gate_paving
12:37:57 | INFO: Blender create Mesh node r15_daguanyuan_gate_cutstone
12:37:57 | INFO: Draco Decoder: Decode primitive r15_daguanyuan_gate_cutstone
12:37:57 | INFO: Blender create Mesh node r15_daguanyuan_gate_darkwood
12:37:57 | INFO: Draco Decoder: Decode primitive r15_daguanyuan_gate_darkwood
12:37:57 | INFO: Blender create Mesh node r15_daguanyuan_gate_furniture
12:37:57 | INFO: Draco Decoder: Decode primitive r15_daguanyuan_gate_furniture
12:37:57 | INFO: Blender create Mesh node r15_daguanyuan_gate_gold
12:37:57 | INFO: Draco Decoder: Decode primitive r15_daguanyuan_gate_gold
12:37:57 | INFO: Blender create Mesh node r15_daguanyuan_gate_latticewood
12:37:57 | INFO: Draco Decoder: Decode primitive r15_daguanyuan_gate_latticewood
12:37:57 | INFO: Blender create Mesh node r15_daguanyuan_gate_plaster
12:37:57 | INFO: Draco Decoder: Decode primitive r15_daguanyuan_gate_plaster
12:37:57 | INFO: Blender create Mesh node r15_daguanyuan_gate_plaster.001
12:37:57 | INFO: Draco Decoder: Decode primitive r15_daguanyuan_gate_plaster.001
12:37:57 | INFO: Blender create Mesh node r15_daguanyuan_gate_qing_azurite
12:37:57 | INFO: Draco Decoder: Decode primitive r15_daguanyuan_gate_qing_azurite
12:37:57 | INFO: Blender create Mesh node r15_daguanyuan_gate_roof
12:37:57 | INFO: Draco Decoder: Decode primitive r15_daguanyuan_gate_roof
12:37:57 | INFO: Blender create Mesh node r15_daguanyuan_gate_screen
12:37:57 | INFO: Draco Decoder: Decode primitive r15_daguanyuan_gate_screen
12:37:57 | INFO: Blender create Mesh node r15_daguanyuan_gate_screen.001
12:37:57 | INFO: Draco Decoder: Decode primitive r15_daguanyuan_gate_screen.001
12:37:57 | INFO: Blender create Mesh node r15_daguanyuan_gate_stone
12:37:57 | INFO: Draco Decoder: Decode primitive r15_daguanyuan_gate_stone
12:37:57 | INFO: Blender create Mesh node r15_daguanyuan_gate_tile
12:37:57 | INFO: Draco Decoder: Decode primitive r15_daguanyuan_gate_tile
12:37:57 | INFO: Blender create Mesh node r15_daguanyuan_gate_tiledark
12:37:57 | INFO: Draco Decoder: Decode primitive r15_daguanyuan_gate_tiledark
12:37:57 | INFO: Blender create Mesh node r15_daguanyuan_gate_tilelight
12:37:57 | INFO: Draco Decoder: Decode primitive r15_daguanyuan_gate_tilelight
12:37:57 | INFO: Blender create Mesh node r15_daguanyuan_gate_wood
12:37:57 | INFO: Draco Decoder: Decode primitive r15_daguanyuan_gate_wood
12:37:57 | INFO: Blender create Mesh node r15_daguanyuan_gate_wood.001
12:37:57 | INFO: Draco Decoder: Decode primitive r15_daguanyuan_gate_wood.001
12:37:57 | INFO: glTF import finished in 0.27s
12:37:57 | INFO: Data are loaded, start creating Blender stuff
12:37:57 | INFO: Blender create Mesh node Mobile_qujingtongyou_gardenstone
12:37:57 | INFO: Draco Decoder: Decode primitive Mobile_qujingtongyou_gardenstone
12:37:57 | INFO: Blender create Mesh node Mobile_qujingtongyou_limestone
12:37:57 | INFO: Draco Decoder: Decode primitive Mobile_qujingtongyou_limestone
12:37:57 | INFO: Blender create Mesh node Mobile_qujingtongyou_plants
12:37:57 | INFO: Draco Decoder: Decode primitive Mobile_qujingtongyou_plants
12:37:57 | INFO: glTF import finished in 0.06s
12:37:57 | INFO: Data are loaded, start creating Blender stuff
12:37:57 | INFO: Blender create Mesh node Mobile_xiaoxiangguan_bankstone
12:37:57 | INFO: Draco Decoder: Decode primitive Mobile_xiaoxiangguan_bankstone
12:37:57 | INFO: Blender create Mesh node Mobile_xiaoxiangguan_floorwood
12:37:57 | INFO: Draco Decoder: Decode primitive Mobile_xiaoxiangguan_floorwood
12:37:57 | INFO: Blender create Mesh node Mobile_xiaoxiangguan_paving
12:37:57 | INFO: Draco Decoder: Decode primitive Mobile_xiaoxiangguan_paving
12:37:57 | INFO: Blender create Mesh node Mobile_xiaoxiangguan_botanical_bamboo
12:37:57 | INFO: Draco Decoder: Decode primitive Mobile_xiaoxiangguan_botanical_bamboo
12:37:58 | INFO: Blender create Mesh node Mobile_xiaoxiangguan_botanical_banana
12:37:58 | INFO: Draco Decoder: Decode primitive Mobile_xiaoxiangguan_botanical_banana
12:37:58 | INFO: Blender create Mesh node Mobile_xiaoxiangguan_botanical_litter
12:37:58 | INFO: Draco Decoder: Decode primitive Mobile_xiaoxiangguan_botanical_litter
12:37:58 | INFO: Blender create Mesh node Mobile_xiaoxiangguan_botanical_petal
12:37:58 | INFO: Draco Decoder: Decode primitive Mobile_xiaoxiangguan_botanical_petal
12:37:58 | INFO: Blender create Mesh node Mobile_xiaoxiangguan_botanical_stem
12:37:58 | INFO: Draco Decoder: Decode primitive Mobile_xiaoxiangguan_botanical_stem
12:37:58 | INFO: Blender create Mesh node Mobile_xiaoxiangguan_plants
12:37:58 | INFO: Draco Decoder: Decode primitive Mobile_xiaoxiangguan_plants
12:37:58 | INFO: Blender create Mesh node r15_xiaoxiangguan_bookcloth
12:37:58 | INFO: Draco Decoder: Decode primitive r15_xiaoxiangguan_bookcloth
12:37:58 | INFO: Blender create Mesh node r15_xiaoxiangguan_bookcover
12:37:58 | INFO: Draco Decoder: Decode primitive r15_xiaoxiangguan_bookcover
12:37:58 | INFO: Blender create Mesh node r15_xiaoxiangguan_ceramic
12:37:58 | INFO: Draco Decoder: Decode primitive r15_xiaoxiangguan_ceramic
12:37:58 | INFO: Blender create Mesh node r15_xiaoxiangguan_cutstone
12:37:58 | INFO: Draco Decoder: Decode primitive r15_xiaoxiangguan_cutstone
12:37:58 | INFO: Blender create Mesh node r15_xiaoxiangguan_darkwood
12:37:58 | INFO: Draco Decoder: Decode primitive r15_xiaoxiangguan_darkwood
12:37:58 | INFO: Blender create Mesh node r15_xiaoxiangguan_furniture
12:37:58 | INFO: Draco Decoder: Decode primitive r15_xiaoxiangguan_furniture
12:37:58 | INFO: Blender create Mesh node r15_xiaoxiangguan_gold
12:37:58 | INFO: Draco Decoder: Decode primitive r15_xiaoxiangguan_gold
12:37:58 | INFO: Blender create Mesh node r15_xiaoxiangguan_gold.001
12:37:58 | INFO: Draco Decoder: Decode primitive r15_xiaoxiangguan_gold.001
12:37:58 | INFO: Blender create Mesh node r15_xiaoxiangguan_ink
12:37:58 | INFO: Draco Decoder: Decode primitive r15_xiaoxiangguan_ink
12:37:58 | INFO: Blender create Mesh node r15_xiaoxiangguan_ivory
12:37:58 | INFO: Draco Decoder: Decode primitive r15_xiaoxiangguan_ivory
12:37:58 | INFO: Blender create Mesh node r15_xiaoxiangguan_lantern
12:37:58 | INFO: Draco Decoder: Decode primitive r15_xiaoxiangguan_lantern
12:37:58 | INFO: Blender create Mesh node r15_xiaoxiangguan_latticewood
12:37:58 | INFO: Draco Decoder: Decode primitive r15_xiaoxiangguan_latticewood
12:37:58 | INFO: Blender create Mesh node r15_xiaoxiangguan_paper
12:37:58 | INFO: Draco Decoder: Decode primitive r15_xiaoxiangguan_paper
12:37:58 | INFO: Blender create Mesh node r15_xiaoxiangguan_plaster
12:37:58 | INFO: Draco Decoder: Decode primitive r15_xiaoxiangguan_plaster
12:37:58 | INFO: Blender create Mesh node r15_xiaoxiangguan_plaster.001
12:37:58 | INFO: Draco Decoder: Decode primitive r15_xiaoxiangguan_plaster.001
12:37:58 | INFO: Blender create Mesh node r15_xiaoxiangguan_plaster.002
12:37:58 | INFO: Draco Decoder: Decode primitive r15_xiaoxiangguan_plaster.002
12:37:58 | INFO: Blender create Mesh node r15_xiaoxiangguan_qing_jade
12:37:58 | INFO: Draco Decoder: Decode primitive r15_xiaoxiangguan_qing_jade
12:37:58 | INFO: Blender create Mesh node r15_xiaoxiangguan_roof
12:37:58 | INFO: Draco Decoder: Decode primitive r15_xiaoxiangguan_roof
12:37:58 | INFO: Blender create Mesh node r15_xiaoxiangguan_screen
12:37:58 | INFO: Draco Decoder: Decode primitive r15_xiaoxiangguan_screen
12:37:58 | INFO: Blender create Mesh node r15_xiaoxiangguan_silk
12:37:58 | INFO: Draco Decoder: Decode primitive r15_xiaoxiangguan_silk
12:37:58 | INFO: Blender create Mesh node r15_xiaoxiangguan_stone
12:37:58 | INFO: Draco Decoder: Decode primitive r15_xiaoxiangguan_stone
12:37:58 | INFO: Blender create Mesh node r15_xiaoxiangguan_tile
12:37:58 | INFO: Draco Decoder: Decode primitive r15_xiaoxiangguan_tile
12:37:58 | INFO: Blender create Mesh node r15_xiaoxiangguan_tiledark
12:37:58 | INFO: Draco Decoder: Decode primitive r15_xiaoxiangguan_tiledark
12:37:58 | INFO: Blender create Mesh node r15_xiaoxiangguan_tilelight
12:37:58 | INFO: Draco Decoder: Decode primitive r15_xiaoxiangguan_tilelight
12:37:58 | INFO: Blender create Mesh node r15_xiaoxiangguan_wood
12:37:58 | INFO: Draco Decoder: Decode primitive r15_xiaoxiangguan_wood
12:37:58 | INFO: Blender create Mesh node r15_xiaoxiangguan_wood.001
12:37:58 | INFO: Draco Decoder: Decode primitive r15_xiaoxiangguan_wood.001
12:37:58 | INFO: glTF import finished in 1.05s
12:37:59 | INFO: Data are loaded, start creating Blender stuff
12:37:59 | INFO: Blender create Mesh node Mobile_yihongyuan_courtbase
12:37:59 | INFO: Draco Decoder: Decode primitive Mobile_yihongyuan_courtbase
12:37:59 | INFO: Blender create Mesh node Mobile_yihongyuan_floorwood
12:37:59 | INFO: Draco Decoder: Decode primitive Mobile_yihongyuan_floorwood
12:37:59 | INFO: Blender create Mesh node Mobile_yihongyuan_gardenstone
12:37:59 | INFO: Draco Decoder: Decode primitive Mobile_yihongyuan_gardenstone
12:37:59 | INFO: Blender create Mesh node Mobile_yihongyuan_limestone
12:37:59 | INFO: Draco Decoder: Decode primitive Mobile_yihongyuan_limestone
12:37:59 | INFO: Blender create Mesh node Mobile_yihongyuan_paving
12:37:59 | INFO: Draco Decoder: Decode primitive Mobile_yihongyuan_paving
12:37:59 | INFO: Blender create Mesh node Mobile_yihongyuan_botanical_bamboo
12:37:59 | INFO: Draco Decoder: Decode primitive Mobile_yihongyuan_botanical_bamboo
12:37:59 | INFO: Blender create Mesh node Mobile_yihongyuan_botanical_banana
12:37:59 | INFO: Draco Decoder: Decode primitive Mobile_yihongyuan_botanical_banana
12:37:59 | INFO: Blender create Mesh node Mobile_yihongyuan_botanical_litter
12:37:59 | INFO: Draco Decoder: Decode primitive Mobile_yihongyuan_botanical_litter
12:37:59 | INFO: Blender create Mesh node Mobile_yihongyuan_botanical_petal
12:37:59 | INFO: Draco Decoder: Decode primitive Mobile_yihongyuan_botanical_petal
12:37:59 | INFO: Blender create Mesh node Mobile_yihongyuan_botanical_stem
12:37:59 | INFO: Draco Decoder: Decode primitive Mobile_yihongyuan_botanical_stem
12:37:59 | INFO: Blender create Mesh node Mobile_yihongyuan_plants
12:37:59 | INFO: Draco Decoder: Decode primitive Mobile_yihongyuan_plants
12:37:59 | INFO: Blender create Mesh node r15_yihongyuan_bookcloth
12:37:59 | INFO: Draco Decoder: Decode primitive r15_yihongyuan_bookcloth
12:37:59 | INFO: Blender create Mesh node r15_yihongyuan_bookcover
12:37:59 | INFO: Draco Decoder: Decode primitive r15_yihongyuan_bookcover
12:37:59 | INFO: Blender create Mesh node r15_yihongyuan_ceramic
12:37:59 | INFO: Draco Decoder: Decode primitive r15_yihongyuan_ceramic
12:37:59 | INFO: Blender create Mesh node r15_yihongyuan_cutstone
12:37:59 | INFO: Draco Decoder: Decode primitive r15_yihongyuan_cutstone
12:37:59 | INFO: Blender create Mesh node r15_yihongyuan_darkwood
12:37:59 | INFO: Draco Decoder: Decode primitive r15_yihongyuan_darkwood
12:37:59 | INFO: Blender create Mesh node r15_yihongyuan_furniture
12:37:59 | INFO: Draco Decoder: Decode primitive r15_yihongyuan_furniture
12:37:59 | INFO: Blender create Mesh node r15_yihongyuan_gold
12:37:59 | INFO: Draco Decoder: Decode primitive r15_yihongyuan_gold
12:37:59 | INFO: Blender create Mesh node r15_yihongyuan_gold.001
12:37:59 | INFO: Draco Decoder: Decode primitive r15_yihongyuan_gold.001
12:37:59 | INFO: Blender create Mesh node r15_yihongyuan_ink
12:37:59 | INFO: Draco Decoder: Decode primitive r15_yihongyuan_ink
12:37:59 | INFO: Blender create Mesh node r15_yihongyuan_ivory
12:37:59 | INFO: Draco Decoder: Decode primitive r15_yihongyuan_ivory
12:37:59 | INFO: Blender create Mesh node r15_yihongyuan_lantern
12:37:59 | INFO: Draco Decoder: Decode primitive r15_yihongyuan_lantern
12:37:59 | INFO: Blender create Mesh node r15_yihongyuan_latticewood
12:37:59 | INFO: Draco Decoder: Decode primitive r15_yihongyuan_latticewood
12:37:59 | INFO: Blender create Mesh node r15_yihongyuan_paper
12:37:59 | INFO: Draco Decoder: Decode primitive r15_yihongyuan_paper
 2262 indices
DracoDecoder | Decoded 1828 vertices, 1836 indices
DracoDecoder | Decoded 4 vertices, 6 indices
DracoDecoder | Decoded 2096 vertices, 3336 indices
DracoDecoder | Decoded 1724 vertices, 2364 indices
DracoDecoder | Decoded 1092 vertices, 1380 indices
DracoDecoder | Decoded 12816 vertices, 19344 indices
DracoDecoder | Decoded 2822 vertices, 3570 indices
DracoDecoder | Decoded 96 vertices, 132 indices
DracoDecoder | Decoded 4416 vertices, 6072 indices
DracoDecoder | Decoded 48 vertices, 72 indices
DracoDecoder | Decoded 238 vertices, 354 indices
DracoDecoder | Decoded 384 vertices, 576 indices
DracoDecoder | Decoded 240 vertices, 360 indices
DracoDecoder | Decoded 1272 vertices, 1836 indices
DracoDecoder | Decoded 21325 vertices, 31311 indices
DracoDecoder | Decoded 5612 vertices, 6672 indices
DracoDecoder | Decoded 1376 vertices, 2004 indices
DracoDecoder | Decoded 22830 vertices, 33906 indices
DracoDecoder | Decoded 11136 vertices, 15312 indices
DracoDecoder | Decoded 3158 vertices, 12585 indices
DracoDecoder | Decoded 2743 vertices, 2751 indices
DracoDecoder | Decoded 4640 vertices, 4884 indices
DracoDecoder | Decoded 2976 vertices, 4464 indices
DracoDecoder | Decoded 1152 vertices, 1728 indices
DracoDecoder | Decoded 18 vertices, 30 indices
DracoDecoder | Decoded 154471 vertices, 432426 indices
DracoDecoder | Decoded 1683 vertices, 7974 indices
DracoDecoder | Decoded 3705 vertices, 11070 indices
DracoDecoder | Decoded 8265 vertices, 18747 indices
DracoDecoder | Decoded 169289 vertices, 298812 indices
DracoDecoder | Decoded 11733 vertices, 13869 indices
DracoDecoder | Decoded 618 vertices, 762 indices
DracoDecoder | Decoded 768 vertices, 1152 indices
DracoDecoder | Decoded 516 vertices, 600 indices
DracoDecoder | Decoded 3128 vertices, 4836 indices
DracoDecoder | Decoded 3458 vertices, 4770 indices
DracoDecoder | Decoded 892 vertices, 1266 indices
DracoDecoder | Decoded 12912 vertices, 19488 indices
DracoDecoder | Decoded 864 vertices, 1440 indices
DracoDecoder | Decoded 1774 vertices, 1962 indices
DracoDecoder | Decoded 1514 vertices, 1830 indices
DracoDecoder | Decoded 320 vertices, 480 indices
DracoDecoder | Decoded 968 vertices, 1278 indices
DracoDecoder | Decoded 664 vertices, 804 indices
DracoDecoder | Decoded 192 vertices, 264 indices
DracoDecoder | Decoded 5952 vertices, 8184 indices
DracoDecoder | Decoded 5472 vertices, 7524 indices
DracoDecoder | Decoded 96 vertices, 144 indices
DracoDecoder | Decoded 736 vertices, 1092 indices
DracoDecoder | Decoded 336 vertices, 504 indices
DracoDecoder | Decoded 24 vertices, 36 indices
DracoDecoder | Decoded 932 vertices, 1350 indices
DracoDecoder | Decoded 31444 vertices, 44208 indices
DracoDecoder | Decoded 13834 vertices, 17034 indices
DracoDecoder | Decoded 1897 vertices, 2763 indices
DracoDecoder | Decoded 14592 vertices, 20064 indices
DracoDecoder | Decoded 22883 vertices, 34305 indices
DracoDecoder | Decoded 4 vertices, 6 indices
DracoDecoder | Decoded 1440 vertices, 2160 indices
DracoDecoder | Decoded 3169 vertices, 12609 indices
DracoDecoder | Decoded 3659 vertices, 3669 indices
DracoDecoder | Decoded 410 vertices, 618 indices
DracoDecoder | Decoded 12999 vertices, 35820 indices
DracoDecoder | Decoded 5060 vertices, 23934 indices
DracoDecoder | Decoded 2031 vertices, 6066 indices
DracoDecoder | Decoded 8265 vertices, 18747 indices
DracoDecoder | Decoded 20762 vertices, 32895 indices
DracoDecoder | Decoded 16265 vertices, 17955 indices
DracoDecoder | Decoded 528 vertices, 792 indices
DracoDecoder | Decoded 48 vertices, 72 indices
DracoDecoder | Decoded 560 vertices, 924 indices
DracoDecoder | Decoded 2256 vertices, 3624 indices
DracoDecoder | Decoded 2660 vertices, 3648 indices
DracoDecoder | Decoded 618 vertices, 804 indices
DracoDecoder | Decoded 12816 vertices, 19344 indices
DracoDecoder | Decoded 720 vertices, 1176 indices
DracoDecoder | Decoded 752 vertices, 1152 indices
DracoDecoder | Decoded 312 vertices, 468 indices
DracoDecoder | Decoded 320 vertices, 480 indices
DracoDecoder | Decoded 5334 vertices, 6336 indices
DracoDecoder | Decoded 340 verti12:37:59 | INFO: Blender create Mesh node r15_yihongyuan_plaster
12:37:59 | INFO: Draco Decoder: Decode primitive r15_yihongyuan_plaster
12:37:59 | INFO: Blender create Mesh node r15_yihongyuan_plaster.001
12:37:59 | INFO: Draco Decoder: Decode primitive r15_yihongyuan_plaster.001
12:37:59 | INFO: Blender create Mesh node r15_yihongyuan_plaster.002
12:37:59 | INFO: Draco Decoder: Decode primitive r15_yihongyuan_plaster.002
12:37:59 | INFO: Blender create Mesh node r15_yihongyuan_qing_azurite
12:37:59 | INFO: Draco Decoder: Decode primitive r15_yihongyuan_qing_azurite
12:37:59 | INFO: Blender create Mesh node r15_yihongyuan_roof
12:37:59 | INFO: Draco Decoder: Decode primitive r15_yihongyuan_roof
12:37:59 | INFO: Blender create Mesh node r15_yihongyuan_screen
12:37:59 | INFO: Draco Decoder: Decode primitive r15_yihongyuan_screen
12:37:59 | INFO: Blender create Mesh node r15_yihongyuan_screen.001
12:37:59 | INFO: Draco Decoder: Decode primitive r15_yihongyuan_screen.001
12:37:59 | INFO: Blender create Mesh node r15_yihongyuan_silk
12:37:59 | INFO: Draco Decoder: Decode primitive r15_yihongyuan_silk
12:37:59 | INFO: Blender create Mesh node r15_yihongyuan_stone
12:37:59 | INFO: Draco Decoder: Decode primitive r15_yihongyuan_stone
12:37:59 | INFO: Blender create Mesh node r15_yihongyuan_tile
12:37:59 | INFO: Draco Decoder: Decode primitive r15_yihongyuan_tile
12:37:59 | INFO: Blender create Mesh node r15_yihongyuan_tiledark
12:37:59 | INFO: Draco Decoder: Decode primitive r15_yihongyuan_tiledark
12:37:59 | INFO: Blender create Mesh node r15_yihongyuan_tilelight
12:37:59 | INFO: Draco Decoder: Decode primitive r15_yihongyuan_tilelight
12:37:59 | INFO: Blender create Mesh node r15_yihongyuan_wood
12:37:59 | INFO: Draco Decoder: Decode primitive r15_yihongyuan_wood
12:37:59 | INFO: Blender create Mesh node r15_yihongyuan_wood.001
12:37:59 | INFO: Draco Decoder: Decode primitive r15_yihongyuan_wood.001
12:37:59 | INFO: glTF import finished in 0.58s
12:37:59 | INFO: Data are loaded, start creating Blender stuff
12:37:59 | INFO: Blender create Mesh node Mobile_hengwuyuan_courtbase
12:37:59 | INFO: Draco Decoder: Decode primitive Mobile_hengwuyuan_courtbase
12:37:59 | INFO: Blender create Mesh node Mobile_hengwuyuan_floorwood
12:37:59 | INFO: Draco Decoder: Decode primitive Mobile_hengwuyuan_floorwood
12:37:59 | INFO: Blender create Mesh node Mobile_hengwuyuan_gardenstone
12:37:59 | INFO: Draco Decoder: Decode primitive Mobile_hengwuyuan_gardenstone
12:37:59 | INFO: Blender create Mesh node Mobile_hengwuyuan_limestone
12:37:59 | INFO: Draco Decoder: Decode primitive Mobile_hengwuyuan_limestone
12:37:59 | INFO: Blender create Mesh node Mobile_hengwuyuan_paving
12:37:59 | INFO: Draco Decoder: Decode primitive Mobile_hengwuyuan_paving
12:37:59 | INFO: Blender create Mesh node Mobile_hengwuyuan_botanical_bamboo
12:37:59 | INFO: Draco Decoder: Decode primitive Mobile_hengwuyuan_botanical_bamboo
12:37:59 | INFO: Blender create Mesh node Mobile_hengwuyuan_botanical_litter
12:37:59 | INFO: Draco Decoder: Decode primitive Mobile_hengwuyuan_botanical_litter
12:37:59 | INFO: Blender create Mesh node Mobile_hengwuyuan_botanical_stem
12:37:59 | INFO: Draco Decoder: Decode primitive Mobile_hengwuyuan_botanical_stem
12:37:59 | INFO: Blender create Mesh node Mobile_hengwuyuan_plants
12:37:59 | INFO: Draco Decoder: Decode primitive Mobile_hengwuyuan_plants
12:37:59 | INFO: Blender create Mesh node r15_hengwuyuan_bookcloth
12:37:59 | INFO: Draco Decoder: Decode primitive r15_hengwuyuan_bookcloth
12:37:59 | INFO: Blender create Mesh node r15_hengwuyuan_bookcover
12:37:59 | INFO: Draco Decoder: Decode primitive r15_hengwuyuan_bookcover
12:37:59 | INFO: Blender create Mesh node r15_hengwuyuan_ceramic
12:37:59 | INFO: Draco Decoder: Decode primitive r15_hengwuyuan_ceramic
12:38:00 | INFO: Blender create Mesh node r15_hengwuyuan_clay
12:38:00 | INFO: Draco Decoder: Decode primitive r15_hengwuyuan_clay
12:38:00 | INFO: Blender create Mesh node r15_hengwuyuan_cutstone
12:38:00 | INFO: Draco Decoder: Decode primitive r15_hengwuyuan_cutstone
12:38:00 | INFO: Blender create Mesh node r15_hengwuyuan_darkwood
12:38:00 | INFO: Draco Decoder: Decode primitive r15_hengwuyuan_darkwood
12:38:00 | INFO: Blender create Mesh node r15_hengwuyuan_furniture
12:38:00 | INFO: Draco Decoder: Decode primitive r15_hengwuyuan_furniture
12:38:00 | INFO: Blender create Mesh node r15_hengwuyuan_gold
12:38:00 | INFO: Draco Decoder: Decode primitive r15_hengwuyuan_gold
12:38:00 | INFO: Blender create Mesh node r15_hengwuyuan_gold.001
12:38:00 | INFO: Draco Decoder: Decode primitive r15_hengwuyuan_gold.001
12:38:00 | INFO: Blender create Mesh node r15_hengwuyuan_ink
12:38:00 | INFO: Draco Decoder: Decode primitive r15_hengwuyuan_ink
12:38:00 | INFO: Blender create Mesh node r15_hengwuyuan_ivory
12:38:00 | INFO: Draco Decoder: Decode primitive r15_hengwuyuan_ivory
12:38:00 | INFO: Blender create Mesh node r15_hengwuyuan_lantern
12:38:00 | INFO: Draco Decoder: Decode primitive r15_hengwuyuan_lantern
12:38:00 | INFO: Blender create Mesh node r15_hengwuyuan_latticewood
12:38:00 | INFO: Draco Decoder: Decode primitive r15_hengwuyuan_latticewood
12:38:00 | INFO: Blender create Mesh node r15_hengwuyuan_paper
12:38:00 | INFO: Draco Decoder: Decode primitive r15_hengwuyuan_paper
12:38:00 | INFO: Blender create Mesh node r15_hengwuyuan_plaster
12:38:00 | INFO: Draco Decoder: Decode primitive r15_hengwuyuan_plaster
12:38:00 | INFO: Blender create Mesh node r15_hengwuyuan_plaster.001
12:38:00 | INFO: Draco Decoder: Decode primitive r15_hengwuyuan_plaster.001
12:38:00 | INFO: Blender create Mesh node r15_hengwuyuan_plaster.002
12:38:00 | INFO: Draco Decoder: Decode primitive r15_hengwuyuan_plaster.002
12:38:00 | INFO: Blender create Mesh node r15_hengwuyuan_qing_jade
12:38:00 | INFO: Draco Decoder: Decode primitive r15_hengwuyuan_qing_jade
12:38:00 | INFO: Blender create Mesh node r15_hengwuyuan_roof
12:38:00 | INFO: Draco Decoder: Decode primitive r15_hengwuyuan_roof
12:38:00 | INFO: Blender create Mesh node r15_hengwuyuan_screen
12:38:00 | INFO: Draco Decoder: Decode primitive r15_hengwuyuan_screen
12:38:00 | INFO: Blender create Mesh node r15_hengwuyuan_screen.001
12:38:00 | INFO: Draco Decoder: Decode primitive r15_hengwuyuan_screen.001
12:38:00 | INFO: Blender create Mesh node r15_hengwuyuan_stone
12:38:00 | INFO: Draco Decoder: Decode primitive r15_hengwuyuan_stone
12:38:00 | INFO: Blender create Mesh node r15_hengwuyuan_tile
12:38:00 | INFO: Draco Decoder: Decode primitive r15_hengwuyuan_tile
12:38:00 | INFO: Blender create Mesh node r15_hengwuyuan_tiledark
12:38:00 | INFO: Draco Decoder: Decode primitive r15_hengwuyuan_tiledark
12:38:00 | INFO: Blender create Mesh node r15_hengwuyuan_tilelight
12:38:00 | INFO: Draco Decoder: Decode primitive r15_hengwuyuan_tilelight
12:38:00 | INFO: Blender create Mesh node r15_hengwuyuan_wood
12:38:00 | INFO: Draco Decoder: Decode primitive r15_hengwuyuan_wood
12:38:00 | INFO: Blender create Mesh node r15_hengwuyuan_wood.001
12:38:00 | INFO: Draco Decoder: Decode primitive r15_hengwuyuan_wood.001
12:38:00 | INFO: glTF import finished in 0.56s
12:38:00 | INFO: Data are loaded, start creating Blender stuff
12:38:00 | INFO: Blender create Mesh node Mobile_qiushuangzhai_courtbase
12:38:00 | INFO: Draco Decoder: Decode primitive Mobile_qiushuangzhai_courtbase
12:38:00 | INFO: Blender create Mesh node Mobile_qiushuangzhai_floorwood
12:38:00 | INFO: Draco Decoder: Decode primitive Mobile_qiushuangzhai_floorwood
12:38:00 | INFO: Blender create Mesh node Mobile_qiushuangzhai_paving
12:38:00 | INFO: Draco Decoder: Decode primitive Mobile_qiushuangzhai_paving
12:38:00 | INFO: Blender create Mesh node Mobile_qiushuangzhai_botanical_bamboo
12:38:00 | INFO: Draco Decoder: Decode primitive Mobile_qiushuangzhai_botanical_bamboo
12:38:00 | INFO: Blender create Mesh node Mobile_qiushuangzhai_botanical_litter
12:38:00 | INFO: Draco Decoder: Decode primitive Mobile_qiushuangzhai_botanical_litter
12:38:00 | INFO: Blender create Mesh node Mobile_qiushuangzhai_botanical_stem
12:38:00 | INFO: Draco Decoder: Decode primitive Mobile_qiushuangzhai_botanical_stem
12:38:00 | INFO: Blender create Mesh node Mobile_qiushuangzhai_plants
12:38:00 | INFO: Draco Decoder: Decode primitive Mobile_qiushuangzhai_plants
12:38:00 | INFO: Blender create Mesh node r15_qiushuangzhai_bookcloth
12:38:00 | INFO: Draco Decoder: Decode primitive r15_qiushuangzhai_bookcloth
12:38:00 | INFO: Blender create Mesh node r15_qiushuangzhai_bookcover
12:38:00 | INFO: Draco Decoder: Decode primitive r15_qiushuangzhai_bookcover
12:38:00 | INFO: Blender create Mesh node r15_qiushuangzhai_ceramic
12:38:00 | INFO: Draco Decoder: Decode primitive r15_qiushuangzhai_ceramic
12:38:00 | INFO: Blender create Mesh node r15_qiushuangzhai_cutstone
12:38:00 | INFO: Draco Decoder: Decode primitive r15_qiushuangzhai_cutstone
12:38:00 | INFO: Blender create Mesh node r15_qiushuangzhai_darkwood
12:38:00 | INFO: Draco Decoder: Decode primitive r15_qiushuangzhai_darkwood
12:38:00 | INFO: Blender create Mesh node r15_qiushuangzhai_furniture
12:38:00 | INFO: Draco Decoder: Decode primitive r15_qiushuangzhai_furniture
12:38:00 | INFO: Blender create Mesh node r15_qiushuangzhai_gold
12:38:00 | INFO: Draco Decoder: Decode primitive r15_qiushuangzhai_gold
12:38:00 | INFO: Blender create Mesh node r15_qiushuangzhai_gold.001
12:38:00 | INFO: Draco Decoder: Decode primitive r15_qiushuangzhai_gold.001
12:38:00 | INFO: Blender create Mesh node r15_qiushuangzhai_ink
12:38:00 | INFO: Draco Decoder: Decode primitive r15_qiushuangzhai_ink
12:38:00 | INFO: Blender create Mesh node r15_qiushuangzhai_ivory
12:38:00 | INFO: Draco Decoder: Decode primitive r15_qiushuangzhai_ivory
12:38:00 | INFO: Blender create Mesh node r15_qiushuangzhai_lantern
12:38:00 | INFO: Draco Decoder: Decode primitive r15_qiushuangzhai_lantern
12:38:00 | INFO: Blender create Mesh node r15_qiushuangzhai_latticewood
12:38:00 | INFO: Draco Decoder: Decode primitive r15_qiushuangzhai_latticewood
12:38:00 | INFO: Blender create Mesh node r15_qiushuangzhai_marble
12:38:00 | INFO: Draco Decoder: Decode primitive r15_qiushuangzhai_marble
12:38:00 | INFO: Blender create Mesh node r15_qiushuangzhai_paper
12:38:00 | INFO: Draco Decoder: Decode primitive r15_qiushuangzhai_paper
12:38:00 | INFO: Blender create Mesh node r15_qiushuangzhai_plaster
12:38:00 | INFO: Draco Decoder: Decode primitive r15_qiushuangzhai_plaster
12:38:00 | INFO: Blender create Mesh node r15_qiushuangzhai_plaster.001
12:38:00 | INFO: Draco Decoder: Decode primitive r15_qiushuangzhai_plaster.001
12:38:00 | INFO: Blender create Mesh node r15_qiushuangzhai_plaster.002
12:38:00 | INFO: Draco Decoder: Decode primitive r15_qiushuangzhai_plaster.002
12:38:00 | INFO: Blender create Mesh node r15_qiushuangzhai_qing_azurite
12:38:00 | INFO: Draco Decoder: Decode primitive r15_qiushuangzhai_qing_azurite
12:38:00 | INFO: Blender create Mesh node r15_qiushuangzhai_roof
12:38:00 | INFO: Draco Decoder: Decode primitive r15_qiushuangzhai_roof
12:38:00 | INFO: Blender create Mesh node r15_qiushuangzhai_screen
12:38:00 | INFO: Draco Decoder: Decode primitive r15_qiushuangzhai_screen
12:38:00 | INFO: Blender create Mesh node r15_qiushuangzhai_screen.001
12:38:00 | INFO: Draco Decoder: Decode primitive r15_qiushuangzhai_screen.001
12:38:00 | INFO: Blender create Mesh node r15_qiushuangzhai_silk
12:38:00 | INFO: Draco Decoder: Decode primitive r15_qiushuangzhai_silk
12:38:00 | INFO: Blender create Mesh node r15_qiushuangzhai_stone
12:38:00 | INFO: Draco Decoder: Decode primitive r15_qiushuangzhai_stone
12:38:00 | INFO: Blender create Mesh node r15_qiushuangzhai_tile
12:38:00 | INFO: Draco Decoder: Decode primitive r15_qiushuangzhai_tile
12:38:00 | INFO: Blender create Mesh node r15_qiushuangzhai_tiledark
12:38:00 | INFO: Draco Decoder: Decode primitive r15_qiushuangzhai_tiledark
ces, 540 indices
DracoDecoder | Decoded 96 vertices, 132 indices
DracoDecoder | Decoded 5280 vertices, 7260 indices
DracoDecoder | Decoded 4800 vertices, 6600 indices
DracoDecoder | Decoded 48 vertices, 72 indices
DracoDecoder | Decoded 878 vertices, 1302 indices
DracoDecoder | Decoded 312 vertices, 468 indices
DracoDecoder | Decoded 120 vertices, 180 indices
DracoDecoder | Decoded 72 vertices, 108 indices
DracoDecoder | Decoded 1044 vertices, 1602 indices
DracoDecoder | Decoded 44422 vertices, 63198 indices
DracoDecoder | Decoded 18558 vertices, 22740 indices
DracoDecoder | Decoded 3273 vertices, 4677 indices
DracoDecoder | Decoded 13440 vertices, 18480 indices
DracoDecoder | Decoded 21655 vertices, 32517 indices
DracoDecoder | Decoded 8 vertices, 12 indices
DracoDecoder | Decoded 1648 vertices, 2472 indices
DracoDecoder | Decoded 3150 vertices, 12639 indices
DracoDecoder | Decoded 2743 vertices, 2751 indices
DracoDecoder | Decoded 254 vertices, 384 indices
DracoDecoder | Decoded 14342 vertices, 39372 indices
DracoDecoder | Decoded 2838 vertices, 8478 indices
DracoDecoder | Decoded 8553 vertices, 13122 indices
DracoDecoder | Decoded 15723 vertices, 17238 indices
DracoDecoder | Decoded 528 vertices, 792 indices
DracoDecoder | Decoded 48 vertices, 72 indices
DracoDecoder | Decoded 560 vertices, 924 indices
DracoDecoder | Decoded 320 vertices, 480 indices
DracoDecoder | Decoded 2504 vertices, 3972 indices
DracoDecoder | Decoded 2238 vertices, 3306 indices
DracoDecoder | Decoded 602 vertices, 804 indices
DracoDecoder | Decoded 720 vertices, 1176 indices
DracoDecoder | Decoded 12816 vertices, 19344 indices
DracoDecoder | Decoded 752 vertices, 1152 indices
DracoDecoder | Decoded 312 vertices, 468 indices
DracoDecoder | Decoded 320 vertices, 480 indices
DracoDecoder | Decoded 882 vertices, 1170 indices
DracoDecoder | Decoded 340 vertices, 540 indices
DracoDecoder | Decoded 4800 vertices, 6600 indices
DracoDecoder | Decoded 96 vertices, 132 indices
DracoDecoder | Decoded 5280 vertices, 7260 indices
DracoDecoder | Decoded 48 vertices, 72 indices
DracoDecoder | Decoded 626 vertices, 930 indices
DracoDecoder | Decoded 24 vertices, 36 indices
DracoDecoder | Decoded 312 vertices, 468 indices
DracoDecoder | Decoded 1044 vertices, 1602 indices
DracoDecoder | Decoded 42684 vertices, 60684 indices
DracoDecoder | Decoded 14496 vertices, 17448 indices
DracoDecoder | Decoded 2856 vertices, 4188 indices
DracoDecoder | Decoded 21491 vertices, 32247 indices
DracoDecoder | Decoded 13440 vertices, 18480 indices
DracoDecoder | Decoded 4 vertices, 6 indices
DracoDecoder | Decoded 1784 vertices, 2676 indices
DracoDecoder | Decoded 594 vertices, 894 indices
DracoDecoder | Decoded 15224 vertices, 41781 indices
DracoDecoder | Decoded 2858 vertices, 8538 indices
DracoDecoder | Decoded 8924 vertices, 13926 indices
DracoDecoder | Decoded 15813 vertices, 17229 indices
DracoDecoder | Decoded 1036 vertices, 1266 indices
DracoDecoder | Decoded 240 vertices, 360 indices
DracoDecoder | Decoded 1308 vertices, 1632 indices
DracoDecoder | Decoded 1940 vertices, 3108 indices
DracoDecoder | Decoded 4510 vertices, 6210 indices
DracoDecoder | Decoded 3474 vertices, 4710 indices
DracoDecoder | Decoded 920 vertices, 1140 indices
DracoDecoder | Decoded 7728 vertices, 11664 indices
DracoDecoder | Decoded 1678 vertices, 1842 indices
DracoDecoder | Decoded 664 vertices, 744 indices
DracoDecoder | Decoded 320 vertices, 480 indices
DracoDecoder | Decoded 2300 vertices, 2970 indices
DracoDecoder | Decoded 24 vertices, 36 indices
DracoDecoder | Decoded 674 vertices, 870 indices
DracoDecoder | Decoded 480 vertices, 660 indices
DracoDecoder | Decoded 96 vertices, 132 indices
DracoDecoder | Decoded 3744 vertices, 5148 indices
DracoDecoder | Decoded 48 vertices, 72 indices
DracoDecoder | Decoded 406 vertices, 606 indices
DracoDecoder | Decoded 192 vertices, 288 indices
DracoDecoder | Decoded 216 vertices, 324 indices
DracoDecoder | Decoded 24 vertices, 36 indices
DracoDecoder | Decoded 1048 vertices, 1602 indices
DracoDecoder | Decoded 28764 vertices, 41076 indices
DracoDecoder |12:38:00 | INFO: Blender create Mesh node r15_qiushuangzhai_tilelight
12:38:00 | INFO: Draco Decoder: Decode primitive r15_qiushuangzhai_tilelight
12:38:00 | INFO: Blender create Mesh node r15_qiushuangzhai_wood
12:38:00 | INFO: Draco Decoder: Decode primitive r15_qiushuangzhai_wood
12:38:00 | INFO: Blender create Mesh node r15_qiushuangzhai_wood.001
12:38:00 | INFO: Draco Decoder: Decode primitive r15_qiushuangzhai_wood.001
12:38:00 | INFO: glTF import finished in 0.43s
12:38:01 | INFO: Data are loaded, start creating Blender stuff
12:38:01 | INFO: Blender create Mesh node Mobile_daoxiangcun_paving
12:38:01 | INFO: Draco Decoder: Decode primitive Mobile_daoxiangcun_paving
12:38:01 | INFO: Blender create Mesh node Mobile_daoxiangcun_plants
12:38:01 | INFO: Draco Decoder: Decode primitive Mobile_daoxiangcun_plants
12:38:01 | INFO: Blender create Mesh node r15_daoxiangcun_clay
12:38:01 | INFO: Draco Decoder: Decode primitive r15_daoxiangcun_clay
12:38:01 | INFO: Blender create Mesh node r15_daoxiangcun_plaster
12:38:01 | INFO: Draco Decoder: Decode primitive r15_daoxiangcun_plaster
12:38:01 | INFO: Blender create Mesh node r15_daoxiangcun_qing_clay
12:38:01 | INFO: Draco Decoder: Decode primitive r15_daoxiangcun_qing_clay
12:38:01 | INFO: Blender create Mesh node r15_daoxiangcun_rusticwood
12:38:01 | INFO: Draco Decoder: Decode primitive r15_daoxiangcun_rusticwood
12:38:01 | INFO: Blender create Mesh node r15_daoxiangcun_rusticwood.001
12:38:01 | INFO: Draco Decoder: Decode primitive r15_daoxiangcun_rusticwood.001
12:38:01 | INFO: Blender create Mesh node r15_daoxiangcun_screen
12:38:01 | INFO: Draco Decoder: Decode primitive r15_daoxiangcun_screen
12:38:01 | INFO: Blender create Mesh node r15_daoxiangcun_screen.001
12:38:01 | INFO: Draco Decoder: Decode primitive r15_daoxiangcun_screen.001
12:38:01 | INFO: Blender create Mesh node r15_daoxiangcun_stone
12:38:01 | INFO: Draco Decoder: Decode primitive r15_daoxiangcun_stone
12:38:01 | INFO: Blender create Mesh node r15_daoxiangcun_thatch
12:38:01 | INFO: Draco Decoder: Decode primitive r15_daoxiangcun_thatch
12:38:01 | INFO: glTF import finished in 0.19s
12:38:01 | INFO: Data are loaded, start creating Blender stuff
12:38:01 | INFO: Blender create Mesh node Mobile_ouxiangxie_plants
12:38:01 | INFO: Draco Decoder: Decode primitive Mobile_ouxiangxie_plants
12:38:01 | INFO: Blender create Mesh node r15_ouxiangxie_bookcloth
12:38:01 | INFO: Draco Decoder: Decode primitive r15_ouxiangxie_bookcloth
12:38:01 | INFO: Blender create Mesh node r15_ouxiangxie_bookcover
12:38:01 | INFO: Draco Decoder: Decode primitive r15_ouxiangxie_bookcover
12:38:01 | INFO: Blender create Mesh node r15_ouxiangxie_ceramic
12:38:01 | INFO: Draco Decoder: Decode primitive r15_ouxiangxie_ceramic
12:38:01 | INFO: Blender create Mesh node r15_ouxiangxie_darkwood
12:38:01 | INFO: Draco Decoder: Decode primitive r15_ouxiangxie_darkwood
12:38:01 | INFO: Blender create Mesh node r15_ouxiangxie_furniture
12:38:01 | INFO: Draco Decoder: Decode primitive r15_ouxiangxie_furniture
12:38:01 | INFO: Blender create Mesh node r15_ouxiangxie_gold
12:38:01 | INFO: Draco Decoder: Decode primitive r15_ouxiangxie_gold
12:38:01 | INFO: Blender create Mesh node r15_ouxiangxie_gold.001
12:38:01 | INFO: Draco Decoder: Decode primitive r15_ouxiangxie_gold.001
12:38:01 | INFO: Blender create Mesh node r15_ouxiangxie_ink
12:38:01 | INFO: Draco Decoder: Decode primitive r15_ouxiangxie_ink
12:38:01 | INFO: Blender create Mesh node r15_ouxiangxie_ivory
12:38:01 | INFO: Draco Decoder: Decode primitive r15_ouxiangxie_ivory
12:38:01 | INFO: Blender create Mesh node r15_ouxiangxie_latticewood
12:38:01 | INFO: Draco Decoder: Decode primitive r15_ouxiangxie_latticewood
12:38:01 | INFO: Blender create Mesh node r15_ouxiangxie_paper
12:38:01 | INFO: Draco Decoder: Decode primitive r15_ouxiangxie_paper
12:38:01 | INFO: Blender create Mesh node r15_ouxiangxie_plaster
12:38:01 | INFO: Draco Decoder: Decode primitive r15_ouxiangxie_plaster
12:38:01 | INFO: Blender create Mesh node r15_ouxiangxie_plaster.001
12:38:01 | INFO: Draco Decoder: Decode primitive r15_ouxiangxie_plaster.001
12:38:01 | INFO: Blender create Mesh node r15_ouxiangxie_qing_azurite
12:38:01 | INFO: Draco Decoder: Decode primitive r15_ouxiangxie_qing_azurite
12:38:01 | INFO: Blender create Mesh node r15_ouxiangxie_roof
12:38:01 | INFO: Draco Decoder: Decode primitive r15_ouxiangxie_roof
12:38:01 | INFO: Blender create Mesh node r15_ouxiangxie_screen
12:38:01 | INFO: Draco Decoder: Decode primitive r15_ouxiangxie_screen
12:38:01 | INFO: Blender create Mesh node r15_ouxiangxie_screen.001
12:38:01 | INFO: Draco Decoder: Decode primitive r15_ouxiangxie_screen.001
12:38:01 | INFO: Blender create Mesh node r15_ouxiangxie_stone
12:38:01 | INFO: Draco Decoder: Decode primitive r15_ouxiangxie_stone
12:38:01 | INFO: Blender create Mesh node r15_ouxiangxie_tile
12:38:01 | INFO: Draco Decoder: Decode primitive r15_ouxiangxie_tile
12:38:01 | INFO: Blender create Mesh node r15_ouxiangxie_tiledark
12:38:01 | INFO: Draco Decoder: Decode primitive r15_ouxiangxie_tiledark
12:38:01 | INFO: Blender create Mesh node r15_ouxiangxie_tilelight
12:38:01 | INFO: Draco Decoder: Decode primitive r15_ouxiangxie_tilelight
12:38:01 | INFO: Blender create Mesh node r15_ouxiangxie_wood
12:38:01 | INFO: Draco Decoder: Decode primitive r15_ouxiangxie_wood
12:38:01 | INFO: Blender create Mesh node r15_ouxiangxie_wood.001
12:38:01 | INFO: Draco Decoder: Decode primitive r15_ouxiangxie_wood.001
12:38:01 | INFO: glTF import finished in 0.22s
12:38:01 | INFO: Data are loaded, start creating Blender stuff
12:38:01 | INFO: Blender create Mesh node r15_dicuiting_darkwood
12:38:01 | INFO: Draco Decoder: Decode primitive r15_dicuiting_darkwood
12:38:01 | INFO: Blender create Mesh node r15_dicuiting_gold
12:38:01 | INFO: Draco Decoder: Decode primitive r15_dicuiting_gold
12:38:01 | INFO: Blender create Mesh node r15_dicuiting_lantern
12:38:01 | INFO: Draco Decoder: Decode primitive r15_dicuiting_lantern
12:38:01 | INFO: Blender create Mesh node r15_dicuiting_roof
12:38:01 | INFO: Draco Decoder: Decode primitive r15_dicuiting_roof
12:38:01 | INFO: Blender create Mesh node r15_dicuiting_stone
12:38:01 | INFO: Draco Decoder: Decode primitive r15_dicuiting_stone
12:38:01 | INFO: Blender create Mesh node r15_dicuiting_tile
12:38:01 | INFO: Draco Decoder: Decode primitive r15_dicuiting_tile
12:38:01 | INFO: Blender create Mesh node r15_dicuiting_tiledark
12:38:01 | INFO: Draco Decoder: Decode primitive r15_dicuiting_tiledark
12:38:01 | INFO: Blender create Mesh node r15_dicuiting_tilelight
12:38:01 | INFO: Draco Decoder: Decode primitive r15_dicuiting_tilelight
12:38:01 | INFO: Blender create Mesh node r15_dicuiting_wood
12:38:01 | INFO: Draco Decoder: Decode primitive r15_dicuiting_wood
12:38:01 | INFO: glTF import finished in 0.10s
12:38:02 | INFO: Data are loaded, start creating Blender stuff
12:38:02 | INFO: Blender create Mesh node Mobile_luxuean_paving
12:38:02 | INFO: Draco Decoder: Decode primitive Mobile_luxuean_paving
12:38:02 | INFO: Blender create Mesh node Mobile_luxuean_plants
12:38:02 | INFO: Draco Decoder: Decode primitive Mobile_luxuean_plants
12:38:02 | INFO: Blender create Mesh node r15_luxuean_clay
12:38:02 | INFO: Draco Decoder: Decode primitive r15_luxuean_clay
12:38:02 | INFO: Blender create Mesh node r15_luxuean_plaster
12:38:02 | INFO: Draco Decoder: Decode primitive r15_luxuean_plaster
12:38:02 | INFO: Blender create Mesh node r15_luxuean_qing_clay
12:38:02 | INFO: Draco Decoder: Decode primitive r15_luxuean_qing_clay
12:38:02 | INFO: Blender create Mesh node r15_luxuean_rusticwood
12:38:02 | INFO: Draco Decoder: Decode primitive r15_luxuean_rusticwood
12:38:02 | INFO: Blender create Mesh node r15_luxuean_rusticwood.001
12:38:02 | INFO: Draco Decoder: Decode primitive r15_luxuean_rusticwood.001
12:38:02 | INFO: Blender create Mesh node r15_luxuean_screen
12:38:02 | INFO: Draco Decoder: Decode primitive r15_luxuean_screen
12:38:02 | INFO: Blender create Mesh node r15_luxuean_stone
12:38:02 | INFO: Draco Decoder: Decode primitive r15_luxuean_stone
12:38:02 | INFO: Blender create Mesh node r15_luxuean_thatch
12:38:02 | INFO: Draco Decoder: Decode primitive r15_luxuean_thatch
12:38:02 | INFO: glTF import finished in 0.08s
12:38:02 | INFO: Data are loaded, start creating Blender stuff
12:38:02 | INFO: Blender create Mesh node Mobile_tubishanzhuang_floorwood
12:38:02 | INFO: Draco Decoder: Decode primitive Mobile_tubishanzhuang_floorwood
12:38:02 | INFO: Blender create Mesh node Mobile_tubishanzhuang_paving
12:38:02 | INFO: Draco Decoder: Decode primitive Mobile_tubishanzhuang_paving
12:38:02 | INFO: Blender create Mesh node Mobile_tubishanzhuang_plants
12:38:02 | INFO: Draco Decoder: Decode primitive Mobile_tubishanzhuang_plants
12:38:02 | INFO: Blender create Mesh node r15_tubishanzhuang_cutstone
12:38:02 | INFO: Draco Decoder: Decode primitive r15_tubishanzhuang_cutstone
12:38:02 | INFO: Blender create Mesh node r15_tubishanzhuang_darkwood
12:38:02 | INFO: Draco Decoder: Decode primitive r15_tubishanzhuang_darkwood
12:38:02 | INFO: Blender create Mesh node r15_tubishanzhuang_furniture
12:38:02 | INFO: Draco Decoder: Decode primitive r15_tubishanzhuang_furniture
12:38:02 | INFO: Blender create Mesh node r15_tubishanzhuang_gold
12:38:02 | INFO: Draco Decoder: Decode primitive r15_tubishanzhuang_gold
12:38:02 | INFO: Blender create Mesh node r15_tubishanzhuang_latticewood
12:38:02 | INFO: Draco Decoder: Decode primitive r15_tubishanzhuang_latticewood
12:38:02 | INFO: Blender create Mesh node r15_tubishanzhuang_plaster
12:38:02 | INFO: Draco Decoder: Decode primitive r15_tubishanzhuang_plaster
12:38:02 | INFO: Blender create Mesh node r15_tubishanzhuang_plaster.001
12:38:02 | INFO: Draco Decoder: Decode primitive r15_tubishanzhuang_plaster.001
12:38:02 | INFO: Blender create Mesh node r15_tubishanzhuang_qing_azurite
12:38:02 | INFO: Draco Decoder: Decode primitive r15_tubishanzhuang_qing_azurite
12:38:02 | INFO: Blender create Mesh node r15_tubishanzhuang_roof
12:38:02 | INFO: Draco Decoder: Decode primitive r15_tubishanzhuang_roof
12:38:02 | INFO: Blender create Mesh node r15_tubishanzhuang_screen
12:38:02 | INFO: Draco Decoder: Decode primitive r15_tubishanzhuang_screen
12:38:02 | INFO: Blender create Mesh node r15_tubishanzhuang_screen.001
12:38:02 | INFO: Draco Decoder: Decode primitive r15_tubishanzhuang_screen.001
12:38:02 | INFO: Blender create Mesh node r15_tubishanzhuang_stone
12:38:02 | INFO: Draco Decoder: Decode primitive r15_tubishanzhuang_stone
12:38:02 | INFO: Blender create Mesh node r15_tubishanzhuang_tile
12:38:02 | INFO: Draco Decoder: Decode primitive r15_tubishanzhuang_tile
12:38:02 | INFO: Blender create Mesh node r15_tubishanzhuang_tiledark
12:38:02 | INFO: Draco Decoder: Decode primitive r15_tubishanzhuang_tiledark
12:38:02 | INFO: Blender create Mesh node r15_tubishanzhuang_tilelight
12:38:02 | INFO: Draco Decoder: Decode primitive r15_tubishanzhuang_tilelight
12:38:02 | INFO: Blender create Mesh node r15_tubishanzhuang_wood
12:38:02 | INFO: Draco Decoder: Decode primitive r15_tubishanzhuang_wood
12:38:02 | INFO: Blender create Mesh node r15_tubishanzhuang_wood.001
12:38:02 | INFO: Draco Decoder: Decode primitive r15_tubishanzhuang_wood.001
12:38:02 | INFO: glTF import finished in 0.24s
12:38:02 | INFO: Data are loaded, start creating Blender stuff
12:38:02 | INFO: Blender create Mesh node Mobile_aojingxiguan_floorwood
12:38:02 | INFO: Draco Decoder: Decode primitive Mobile_aojingxiguan_floorwood
12:38:02 | INFO: Blender create Mesh node Mobile_aojingxiguan_paving
12:38:02 | INFO: Draco Decoder: Decode primitive Mobile_aojingxiguan_paving
12:38:02 | INFO: Blender create Mesh node Mobile_aojingxiguan_plants
12:38:02 | INFO: Draco Decoder: Decode primitive Mobile_aojingxiguan_plants
12:38:02 | INFO: Blender create Mesh node r15_aojingxiguan_cutstone
12:38:02 | INFO: Draco Decoder: Decode primitive r15_aojingxiguan_cutstone
 Decoded 5564 vertices, 6672 indices
DracoDecoder | Decoded 1592 vertices, 2304 indices
DracoDecoder | Decoded 20208 vertices, 29457 indices
DracoDecoder | Decoded 9216 vertices, 12672 indices
DracoDecoder | Decoded 30 vertices, 66 indices
DracoDecoder | Decoded 68641 vertices, 78576 indices
DracoDecoder | Decoded 4260 vertices, 5736 indices
DracoDecoder | Decoded 288 vertices, 396 indices
DracoDecoder | Decoded 1656 vertices, 2484 indices
DracoDecoder | Decoded 5356 vertices, 7890 indices
DracoDecoder | Decoded 3456 vertices, 5184 indices
DracoDecoder | Decoded 192 vertices, 288 indices
DracoDecoder | Decoded 360 vertices, 540 indices
DracoDecoder | Decoded 2844 vertices, 4146 indices
DracoDecoder | Decoded 538 vertices, 594 indices
DracoDecoder | Decoded 192 vertices, 324 indices
DracoDecoder | Decoded 528 vertices, 792 indices
DracoDecoder | Decoded 48 vertices, 72 indices
DracoDecoder | Decoded 560 vertices, 924 indices
DracoDecoder | Decoded 2048 vertices, 2880 indices
DracoDecoder | Decoded 614 vertices, 804 indices
DracoDecoder | Decoded 336 vertices, 600 indices
DracoDecoder | Decoded 7728 vertices, 11664 indices
DracoDecoder | Decoded 752 vertices, 1152 indices
DracoDecoder | Decoded 312 vertices, 468 indices
DracoDecoder | Decoded 712 vertices, 942 indices
DracoDecoder | Decoded 340 vertices, 540 indices
DracoDecoder | Decoded 96 vertices, 132 indices
DracoDecoder | Decoded 3744 vertices, 5148 indices
DracoDecoder | Decoded 48 vertices, 72 indices
DracoDecoder | Decoded 286 vertices, 426 indices
DracoDecoder | Decoded 216 vertices, 324 indices
DracoDecoder | Decoded 216 vertices, 324 indices
DracoDecoder | Decoded 1536 vertices, 2208 indices
DracoDecoder | Decoded 19470 vertices, 28590 indices
DracoDecoder | Decoded 4654 vertices, 5544 indices
DracoDecoder | Decoded 1204 vertices, 1680 indices
DracoDecoder | Decoded 1788 vertices, 2652 indices
DracoDecoder | Decoded 9216 vertices, 12672 indices
DracoDecoder | Decoded 2680 vertices, 3696 indices
DracoDecoder | Decoded 676 vertices, 732 indices
DracoDecoder | Decoded 536 vertices, 612 indices
DracoDecoder | Decoded 246 vertices, 366 indices
DracoDecoder | Decoded 192 vertices, 276 indices
DracoDecoder | Decoded 9980 vertices, 14556 indices
DracoDecoder | Decoded 3388 vertices, 3984 indices
DracoDecoder | Decoded 429 vertices, 621 indices
DracoDecoder | Decoded 1728 vertices, 2472 indices
DracoDecoder | Decoded 22 vertices, 54 indices
DracoDecoder | Decoded 687 vertices, 735 indices
DracoDecoder | Decoded 2844 vertices, 3804 indices
DracoDecoder | Decoded 96 vertices, 132 indices
DracoDecoder | Decoded 744 vertices, 1116 indices
DracoDecoder | Decoded 2052 vertices, 3120 indices
DracoDecoder | Decoded 1584 vertices, 2376 indices
DracoDecoder | Decoded 168 vertices, 252 indices
DracoDecoder | Decoded 1272 vertices, 1842 indices
DracoDecoder | Decoded 2500 vertices, 2706 indices
DracoDecoder | Decoded 1488 vertices, 2232 indices
DracoDecoder | Decoded 764 vertices, 1146 indices
DracoDecoder | Decoded 4640 vertices, 4884 indices
DracoDecoder | Decoded 1690 vertices, 2646 indices
DracoDecoder | Decoded 1230 vertices, 1674 indices
DracoDecoder | Decoded 546 vertices, 690 indices
DracoDecoder | Decoded 7728 vertices, 11664 indices
DracoDecoder | Decoded 2188 vertices, 2784 indices
DracoDecoder | Decoded 96 vertices, 132 indices
DracoDecoder | Decoded 3744 vertices, 5148 indices
DracoDecoder | Decoded 48 vertices, 72 indices
DracoDecoder | Decoded 286 vertices, 426 indices
DracoDecoder | Decoded 216 vertices, 324 indices
DracoDecoder | Decoded 192 vertices, 288 indices
DracoDecoder | Decoded 1712 vertices, 2664 indices
DracoDecoder | Decoded 21810 vertices, 32046 indices
DracoDecoder | Decoded 4968 vertices, 5922 indices
DracoDecoder | Decoded 1322 vertices, 1842 indices
DracoDecoder | Decoded 9216 vertices, 12672 indices
DracoDecoder | Decoded 16678 vertices, 24180 indices
DracoDecoder | Decoded 1332 vertices, 1998 indices
DracoDecoder | Decoded 768 vertices, 1158 indices
DracoDecoder | Decoded 4640 vertices, 4884 indices
DracoDecoder | Decoded 1514 vertices, 2418 indic12:38:02 | INFO: Blender create Mesh node r15_aojingxiguan_darkwood
12:38:02 | INFO: Draco Decoder: Decode primitive r15_aojingxiguan_darkwood
12:38:02 | INFO: Blender create Mesh node r15_aojingxiguan_furniture
12:38:02 | INFO: Draco Decoder: Decode primitive r15_aojingxiguan_furniture
12:38:02 | INFO: Blender create Mesh node r15_aojingxiguan_gold
12:38:02 | INFO: Draco Decoder: Decode primitive r15_aojingxiguan_gold
12:38:02 | INFO: Blender create Mesh node r15_aojingxiguan_latticewood
12:38:02 | INFO: Draco Decoder: Decode primitive r15_aojingxiguan_latticewood
12:38:02 | INFO: Blender create Mesh node r15_aojingxiguan_plaster
12:38:02 | INFO: Draco Decoder: Decode primitive r15_aojingxiguan_plaster
12:38:02 | INFO: Blender create Mesh node r15_aojingxiguan_plaster.001
12:38:02 | INFO: Draco Decoder: Decode primitive r15_aojingxiguan_plaster.001
12:38:02 | INFO: Blender create Mesh node r15_aojingxiguan_qing_azurite
12:38:02 | INFO: Draco Decoder: Decode primitive r15_aojingxiguan_qing_azurite
12:38:02 | INFO: Blender create Mesh node r15_aojingxiguan_roof
12:38:02 | INFO: Draco Decoder: Decode primitive r15_aojingxiguan_roof
12:38:02 | INFO: Blender create Mesh node r15_aojingxiguan_screen
12:38:02 | INFO: Draco Decoder: Decode primitive r15_aojingxiguan_screen
12:38:02 | INFO: Blender create Mesh node r15_aojingxiguan_screen.001
12:38:02 | INFO: Draco Decoder: Decode primitive r15_aojingxiguan_screen.001
12:38:02 | INFO: Blender create Mesh node r15_aojingxiguan_stone
12:38:02 | INFO: Draco Decoder: Decode primitive r15_aojingxiguan_stone
12:38:02 | INFO: Blender create Mesh node r15_aojingxiguan_tile
12:38:02 | INFO: Draco Decoder: Decode primitive r15_aojingxiguan_tile
12:38:02 | INFO: Blender create Mesh node r15_aojingxiguan_tiledark
12:38:02 | INFO: Draco Decoder: Decode primitive r15_aojingxiguan_tiledark
12:38:02 | INFO: Blender create Mesh node r15_aojingxiguan_tilelight
12:38:02 | INFO: Draco Decoder: Decode primitive r15_aojingxiguan_tilelight
12:38:02 | INFO: Blender create Mesh node r15_aojingxiguan_wood
12:38:02 | INFO: Draco Decoder: Decode primitive r15_aojingxiguan_wood
12:38:02 | INFO: Blender create Mesh node r15_aojingxiguan_wood.001
12:38:02 | INFO: Draco Decoder: Decode primitive r15_aojingxiguan_wood.001
12:38:02 | INFO: glTF import finished in 0.24s
12:38:03 | INFO: Data are loaded, start creating Blender stuff
12:38:03 | INFO: Blender create Mesh node Mobile_daguanlou_courtbase
12:38:03 | INFO: Draco Decoder: Decode primitive Mobile_daguanlou_courtbase
12:38:03 | INFO: Blender create Mesh node Mobile_daguanlou_floorwood
12:38:03 | INFO: Draco Decoder: Decode primitive Mobile_daguanlou_floorwood
12:38:03 | INFO: Blender create Mesh node Mobile_daguanlou_limestone
12:38:03 | INFO: Draco Decoder: Decode primitive Mobile_daguanlou_limestone
12:38:03 | INFO: Blender create Mesh node Mobile_daguanlou_paving
12:38:03 | INFO: Draco Decoder: Decode primitive Mobile_daguanlou_paving
12:38:03 | INFO: Blender create Mesh node Mobile_daguanlou_botanical_bamboo
12:38:03 | INFO: Draco Decoder: Decode primitive Mobile_daguanlou_botanical_bamboo
12:38:03 | INFO: Blender create Mesh node Mobile_daguanlou_botanical_litter
12:38:03 | INFO: Draco Decoder: Decode primitive Mobile_daguanlou_botanical_litter
12:38:03 | INFO: Blender create Mesh node Mobile_daguanlou_botanical_stem
12:38:03 | INFO: Draco Decoder: Decode primitive Mobile_daguanlou_botanical_stem
12:38:03 | INFO: Blender create Mesh node Mobile_daguanlou_plants
12:38:03 | INFO: Draco Decoder: Decode primitive Mobile_daguanlou_plants
12:38:03 | INFO: Blender create Mesh node r15_daguanlou_bookcloth
12:38:03 | INFO: Draco Decoder: Decode primitive r15_daguanlou_bookcloth
12:38:03 | INFO: Blender create Mesh node r15_daguanlou_bookcover
12:38:03 | INFO: Draco Decoder: Decode primitive r15_daguanlou_bookcover
12:38:03 | INFO: Blender create Mesh node r15_daguanlou_ceramic
12:38:03 | INFO: Draco Decoder: Decode primitive r15_daguanlou_ceramic
12:38:03 | INFO: Blender create Mesh node r15_daguanlou_cutstone
12:38:03 | INFO: Draco Decoder: Decode primitive r15_daguanlou_cutstone
12:38:03 | INFO: Blender create Mesh node r15_daguanlou_darkwood
12:38:03 | INFO: Draco Decoder: Decode primitive r15_daguanlou_darkwood
12:38:03 | INFO: Blender create Mesh node r15_daguanlou_furniture
12:38:03 | INFO: Draco Decoder: Decode primitive r15_daguanlou_furniture
12:38:03 | INFO: Blender create Mesh node r15_daguanlou_gold
12:38:03 | INFO: Draco Decoder: Decode primitive r15_daguanlou_gold
12:38:03 | INFO: Blender create Mesh node r15_daguanlou_gold.001
12:38:03 | INFO: Draco Decoder: Decode primitive r15_daguanlou_gold.001
12:38:03 | INFO: Blender create Mesh node r15_daguanlou_goldroof
12:38:03 | INFO: Draco Decoder: Decode primitive r15_daguanlou_goldroof
12:38:03 | INFO: Blender create Mesh node r15_daguanlou_goldtile
12:38:03 | INFO: Draco Decoder: Decode primitive r15_daguanlou_goldtile
12:38:04 | INFO: Blender create Mesh node r15_daguanlou_goldtiledark
12:38:04 | INFO: Draco Decoder: Decode primitive r15_daguanlou_goldtiledark
12:38:04 | INFO: Blender create Mesh node r15_daguanlou_goldtilelight
12:38:04 | INFO: Draco Decoder: Decode primitive r15_daguanlou_goldtilelight
12:38:04 | INFO: Blender create Mesh node r15_daguanlou_ink
12:38:04 | INFO: Draco Decoder: Decode primitive r15_daguanlou_ink
12:38:04 | INFO: Blender create Mesh node r15_daguanlou_ivory
12:38:04 | INFO: Draco Decoder: Decode primitive r15_daguanlou_ivory
12:38:04 | INFO: Blender create Mesh node r15_daguanlou_lantern
12:38:04 | INFO: Draco Decoder: Decode primitive r15_daguanlou_lantern
12:38:04 | INFO: Blender create Mesh node r15_daguanlou_latticewood
12:38:04 | INFO: Draco Decoder: Decode primitive r15_daguanlou_latticewood
12:38:04 | INFO: Blender create Mesh node r15_daguanlou_paper
12:38:04 | INFO: Draco Decoder: Decode primitive r15_daguanlou_paper
12:38:04 | INFO: Blender create Mesh node r15_daguanlou_plaster
12:38:04 | INFO: Draco Decoder: Decode primitive r15_daguanlou_plaster
12:38:04 | INFO: Blender create Mesh node r15_daguanlou_plaster.001
12:38:04 | INFO: Draco Decoder: Decode primitive r15_daguanlou_plaster.001
12:38:04 | INFO: Blender create Mesh node r15_daguanlou_plaster.002
12:38:04 | INFO: Draco Decoder: Decode primitive r15_daguanlou_plaster.002
12:38:04 | INFO: Blender create Mesh node r15_daguanlou_qing_azurite
12:38:04 | INFO: Draco Decoder: Decode primitive r15_daguanlou_qing_azurite
12:38:04 | INFO: Blender create Mesh node r15_daguanlou_screen
12:38:04 | INFO: Draco Decoder: Decode primitive r15_daguanlou_screen
12:38:04 | INFO: Blender create Mesh node r15_daguanlou_screen.001
12:38:04 | INFO: Draco Decoder: Decode primitive r15_daguanlou_screen.001
12:38:04 | INFO: Blender create Mesh node r15_daguanlou_stone
12:38:04 | INFO: Draco Decoder: Decode primitive r15_daguanlou_stone
12:38:04 | INFO: Blender create Mesh node r15_daguanlou_wood
12:38:04 | INFO: Draco Decoder: Decode primitive r15_daguanlou_wood
12:38:04 | INFO: Blender create Mesh node r15_daguanlou_wood.001
12:38:04 | INFO: Draco Decoder: Decode primitive r15_daguanlou_wood.001
12:38:04 | INFO: glTF import finished in 1.88s
12:38:05 | INFO: Data are loaded, start creating Blender stuff
12:38:05 | INFO: Blender create Mesh node Mobile_longcuian_courtbase
12:38:05 | INFO: Draco Decoder: Decode primitive Mobile_longcuian_courtbase
12:38:05 | INFO: Blender create Mesh node Mobile_longcuian_floorwood
12:38:05 | INFO: Draco Decoder: Decode primitive Mobile_longcuian_floorwood
12:38:05 | INFO: Blender create Mesh node Mobile_longcuian_paving
12:38:05 | INFO: Draco Decoder: Decode primitive Mobile_longcuian_paving
12:38:05 | INFO: Blender create Mesh node Mobile_longcuian_plants
12:38:05 | INFO: Draco Decoder: Decode primitive Mobile_longcuian_plants
12:38:05 | INFO: Blender create Mesh node r15_longcuian_bookcloth
12:38:05 | INFO: Draco Decoder: Decode primitive r15_longcuian_bookcloth
12:38:05 | INFO: Blender create Mesh node r15_longcuian_bookcover
12:38:05 | INFO: Draco Decoder: Decode primitive r15_longcuian_bookcover
12:38:05 | INFO: Blender create Mesh node r15_longcuian_ceramic
12:38:05 | INFO: Draco Decoder: Decode primitive r15_longcuian_ceramic
12:38:05 | INFO: Blender create Mesh node r15_longcuian_cutstone
12:38:05 | INFO: Draco Decoder: Decode primitive r15_longcuian_cutstone
12:38:05 | INFO: Blender create Mesh node r15_longcuian_darkwood
12:38:05 | INFO: Draco Decoder: Decode primitive r15_longcuian_darkwood
12:38:05 | INFO: Blender create Mesh node r15_longcuian_furniture
12:38:05 | INFO: Draco Decoder: Decode primitive r15_longcuian_furniture
12:38:05 | INFO: Blender create Mesh node r15_longcuian_gold
12:38:05 | INFO: Draco Decoder: Decode primitive r15_longcuian_gold
12:38:05 | INFO: Blender create Mesh node r15_longcuian_gold.001
12:38:05 | INFO: Draco Decoder: Decode primitive r15_longcuian_gold.001
12:38:05 | INFO: Blender create Mesh node r15_longcuian_ink
12:38:05 | INFO: Draco Decoder: Decode primitive r15_longcuian_ink
12:38:05 | INFO: Blender create Mesh node r15_longcuian_ivory
12:38:05 | INFO: Draco Decoder: Decode primitive r15_longcuian_ivory
12:38:05 | INFO: Blender create Mesh node r15_longcuian_latticewood
12:38:05 | INFO: Draco Decoder: Decode primitive r15_longcuian_latticewood
12:38:05 | INFO: Blender create Mesh node r15_longcuian_paper
12:38:05 | INFO: Draco Decoder: Decode primitive r15_longcuian_paper
12:38:05 | INFO: Blender create Mesh node r15_longcuian_plaster
12:38:05 | INFO: Draco Decoder: Decode primitive r15_longcuian_plaster
12:38:05 | INFO: Blender create Mesh node r15_longcuian_plaster.001
12:38:05 | INFO: Draco Decoder: Decode primitive r15_longcuian_plaster.001
12:38:05 | INFO: Blender create Mesh node r15_longcuian_plaster.002
12:38:05 | INFO: Draco Decoder: Decode primitive r15_longcuian_plaster.002
12:38:05 | INFO: Blender create Mesh node r15_longcuian_qing_jade
12:38:05 | INFO: Draco Decoder: Decode primitive r15_longcuian_qing_jade
12:38:05 | INFO: Blender create Mesh node r15_longcuian_roof
12:38:05 | INFO: Draco Decoder: Decode primitive r15_longcuian_roof
12:38:05 | INFO: Blender create Mesh node r15_longcuian_screen
12:38:05 | INFO: Draco Decoder: Decode primitive r15_longcuian_screen
12:38:05 | INFO: Blender create Mesh node r15_longcuian_screen.001
12:38:05 | INFO: Draco Decoder: Decode primitive r15_longcuian_screen.001
12:38:05 | INFO: Blender create Mesh node r15_longcuian_stone
12:38:05 | INFO: Draco Decoder: Decode primitive r15_longcuian_stone
12:38:05 | INFO: Blender create Mesh node r15_longcuian_tile
12:38:05 | INFO: Draco Decoder: Decode primitive r15_longcuian_tile
12:38:05 | INFO: Blender create Mesh node r15_longcuian_tiledark
12:38:05 | INFO: Draco Decoder: Decode primitive r15_longcuian_tiledark
12:38:05 | INFO: Blender create Mesh node r15_longcuian_tilelight
12:38:05 | INFO: Draco Decoder: Decode primitive r15_longcuian_tilelight
12:38:05 | INFO: Blender create Mesh node r15_longcuian_wood
12:38:05 | INFO: Draco Decoder: Decode primitive r15_longcuian_wood
12:38:05 | INFO: Blender create Mesh node r15_longcuian_wood.001
12:38:05 | INFO: Draco Decoder: Decode primitive r15_longcuian_wood.001
12:38:05 | INFO: glTF import finished in 0.48s
12:38:05 | INFO: Data are loaded, start creating Blender stuff
12:38:05 | INFO: Blender create Mesh node Mobile_nuanxiangwu_courtbase
12:38:05 | INFO: Draco Decoder: Decode primitive Mobile_nuanxiangwu_courtbase
12:38:06 | INFO: Blender create Mesh node Mobile_nuanxiangwu_floorwood
12:38:06 | INFO: Draco Decoder: Decode primitive Mobile_nuanxiangwu_floorwood
es
DracoDecoder | Decoded 1224 vertices, 1674 indices
DracoDecoder | Decoded 546 vertices, 690 indices
DracoDecoder | Decoded 7728 vertices, 11664 indices
DracoDecoder | Decoded 1648 vertices, 2160 indices
DracoDecoder | Decoded 96 vertices, 132 indices
DracoDecoder | Decoded 3744 vertices, 5148 indices
DracoDecoder | Decoded 48 vertices, 72 indices
DracoDecoder | Decoded 286 vertices, 426 indices
DracoDecoder | Decoded 192 vertices, 288 indices
DracoDecoder | Decoded 216 vertices, 324 indices
DracoDecoder | Decoded 1764 vertices, 2730 indices
DracoDecoder | Decoded 19811 vertices, 29097 indices
DracoDecoder | Decoded 4612 vertices, 5490 indices
DracoDecoder | Decoded 1205 vertices, 1725 indices
DracoDecoder | Decoded 15796 vertices, 23124 indices
DracoDecoder | Decoded 9216 vertices, 12672 indices
DracoDecoder | Decoded 8 vertices, 12 indices
DracoDecoder | Decoded 14416 vertices, 21624 indices
DracoDecoder | Decoded 21981 vertices, 22017 indices
DracoDecoder | Decoded 2842 vertices, 4314 indices
DracoDecoder | Decoded 110443 vertices, 128763 indices
DracoDecoder | Decoded 36118 vertices, 42378 indices
DracoDecoder | Decoded 33536 vertices, 42918 indices
DracoDecoder | Decoded 17921 vertices, 18117 indices
DracoDecoder | Decoded 528 vertices, 792 indices
DracoDecoder | Decoded 48 vertices, 72 indices
DracoDecoder | Decoded 503 vertices, 597 indices
DracoDecoder | Decoded 15258 vertices, 24306 indices
DracoDecoder | Decoded 22513 vertices, 32052 indices
DracoDecoder | Decoded 5532 vertices, 7716 indices
DracoDecoder | Decoded 9320 vertices, 11430 indices
DracoDecoder | Decoded 82176 vertices, 124032 indices
DracoDecoder | Decoded 3638 vertices, 5418 indices
DracoDecoder | Decoded 334486 vertices, 485142 indices
DracoDecoder | Decoded 84894 vertices, 102582 indices
DracoDecoder | Decoded 23544 vertices, 33936 indices
DracoDecoder | Decoded 752 vertices, 1152 indices
DracoDecoder | Decoded 312 vertices, 468 indices
DracoDecoder | Decoded 8216 vertices, 9366 indices
DracoDecoder | Decoded 16586 vertices, 21264 indices
DracoDecoder | Decoded 340 vertices, 540 indices
DracoDecoder | Decoded 5088 vertices, 6996 indices
DracoDecoder | Decoded 768 vertices, 1056 indices
DracoDecoder | Decoded 38400 vertices, 52800 indices
DracoDecoder | Decoded 384 vertices, 576 indices
DracoDecoder | Decoded 626 vertices, 918 indices
DracoDecoder | Decoded 2256 vertices, 3384 indices
DracoDecoder | Decoded 10014 vertices, 15552 indices
DracoDecoder | Decoded 174918 vertices, 260928 indices
DracoDecoder | Decoded 95808 vertices, 131736 indices
DracoDecoder | Decoded 4 vertices, 6 indices
DracoDecoder | Decoded 1860 vertices, 2790 indices
DracoDecoder | Decoded 318 vertices, 480 indices
DracoDecoder | Decoded 33499 vertices, 38265 indices
DracoDecoder | Decoded 528 vertices, 792 indices
DracoDecoder | Decoded 48 vertices, 72 indices
DracoDecoder | Decoded 398 vertices, 444 indices
DracoDecoder | Decoded 2910 vertices, 4662 indices
DracoDecoder | Decoded 2950 vertices, 4038 indices
DracoDecoder | Decoded 1052 vertices, 1494 indices
DracoDecoder | Decoded 336 vertices, 600 indices
DracoDecoder | Decoded 15456 vertices, 23328 indices
DracoDecoder | Decoded 752 vertices, 1152 indices
DracoDecoder | Decoded 312 vertices, 468 indices
DracoDecoder | Decoded 1654 vertices, 2160 indices
DracoDecoder | Decoded 340 vertices, 540 indices
DracoDecoder | Decoded 3264 vertices, 4488 indices
DracoDecoder | Decoded 192 vertices, 264 indices
DracoDecoder | Decoded 6720 vertices, 9240 indices
DracoDecoder | Decoded 96 vertices, 144 indices
DracoDecoder | Decoded 690 vertices, 1026 indices
DracoDecoder | Decoded 192 vertices, 288 indices
DracoDecoder | Decoded 384 vertices, 576 indices
DracoDecoder | Decoded 936 vertices, 1350 indices
DracoDecoder | Decoded 38114 vertices, 54258 indices
DracoDecoder | Decoded 12524 vertices, 15138 indices
DracoDecoder | Decoded 2074 vertices, 2946 indices
DracoDecoder | Decoded 28193 vertices, 41889 indices
DracoDecoder | Decoded 16704 vertices, 22968 indices
DracoDecoder | Decoded 4 vertices, 6 indices
DracoDecoder | Decoded 1232 v12:38:06 | INFO: Blender create Mesh node Mobile_nuanxiangwu_paving
12:38:06 | INFO: Draco Decoder: Decode primitive Mobile_nuanxiangwu_paving
12:38:06 | INFO: Blender create Mesh node Mobile_nuanxiangwu_plants
12:38:06 | INFO: Draco Decoder: Decode primitive Mobile_nuanxiangwu_plants
12:38:06 | INFO: Blender create Mesh node r15_nuanxiangwu_bookcloth
12:38:06 | INFO: Draco Decoder: Decode primitive r15_nuanxiangwu_bookcloth
12:38:06 | INFO: Blender create Mesh node r15_nuanxiangwu_bookcover
12:38:06 | INFO: Draco Decoder: Decode primitive r15_nuanxiangwu_bookcover
12:38:06 | INFO: Blender create Mesh node r15_nuanxiangwu_ceramic
12:38:06 | INFO: Draco Decoder: Decode primitive r15_nuanxiangwu_ceramic
12:38:06 | INFO: Blender create Mesh node r15_nuanxiangwu_cutstone
12:38:06 | INFO: Draco Decoder: Decode primitive r15_nuanxiangwu_cutstone
12:38:06 | INFO: Blender create Mesh node r15_nuanxiangwu_darkwood
12:38:06 | INFO: Draco Decoder: Decode primitive r15_nuanxiangwu_darkwood
12:38:06 | INFO: Blender create Mesh node r15_nuanxiangwu_furniture
12:38:06 | INFO: Draco Decoder: Decode primitive r15_nuanxiangwu_furniture
12:38:06 | INFO: Blender create Mesh node r15_nuanxiangwu_gold
12:38:06 | INFO: Draco Decoder: Decode primitive r15_nuanxiangwu_gold
12:38:06 | INFO: Blender create Mesh node r15_nuanxiangwu_gold.001
12:38:06 | INFO: Draco Decoder: Decode primitive r15_nuanxiangwu_gold.001
12:38:06 | INFO: Blender create Mesh node r15_nuanxiangwu_ink
12:38:06 | INFO: Draco Decoder: Decode primitive r15_nuanxiangwu_ink
12:38:06 | INFO: Blender create Mesh node r15_nuanxiangwu_ivory
12:38:06 | INFO: Draco Decoder: Decode primitive r15_nuanxiangwu_ivory
12:38:06 | INFO: Blender create Mesh node r15_nuanxiangwu_latticewood
12:38:06 | INFO: Draco Decoder: Decode primitive r15_nuanxiangwu_latticewood
12:38:06 | INFO: Blender create Mesh node r15_nuanxiangwu_paper
12:38:06 | INFO: Draco Decoder: Decode primitive r15_nuanxiangwu_paper
12:38:06 | INFO: Blender create Mesh node r15_nuanxiangwu_plaster
12:38:06 | INFO: Draco Decoder: Decode primitive r15_nuanxiangwu_plaster
12:38:06 | INFO: Blender create Mesh node r15_nuanxiangwu_plaster.001
12:38:06 | INFO: Draco Decoder: Decode primitive r15_nuanxiangwu_plaster.001
12:38:06 | INFO: Blender create Mesh node r15_nuanxiangwu_qing_azurite
12:38:06 | INFO: Draco Decoder: Decode primitive r15_nuanxiangwu_qing_azurite
12:38:06 | INFO: Blender create Mesh node r15_nuanxiangwu_roof
12:38:06 | INFO: Draco Decoder: Decode primitive r15_nuanxiangwu_roof
12:38:06 | INFO: Blender create Mesh node r15_nuanxiangwu_screen
12:38:06 | INFO: Draco Decoder: Decode primitive r15_nuanxiangwu_screen
12:38:06 | INFO: Blender create Mesh node r15_nuanxiangwu_screen.001
12:38:06 | INFO: Draco Decoder: Decode primitive r15_nuanxiangwu_screen.001
12:38:06 | INFO: Blender create Mesh node r15_nuanxiangwu_silk
12:38:06 | INFO: Draco Decoder: Decode primitive r15_nuanxiangwu_silk
12:38:06 | INFO: Blender create Mesh node r15_nuanxiangwu_stone
12:38:06 | INFO: Draco Decoder: Decode primitive r15_nuanxiangwu_stone
12:38:06 | INFO: Blender create Mesh node r15_nuanxiangwu_tile
12:38:06 | INFO: Draco Decoder: Decode primitive r15_nuanxiangwu_tile
12:38:06 | INFO: Blender create Mesh node r15_nuanxiangwu_tiledark
12:38:06 | INFO: Draco Decoder: Decode primitive r15_nuanxiangwu_tiledark
12:38:06 | INFO: Blender create Mesh node r15_nuanxiangwu_tilelight
12:38:06 | INFO: Draco Decoder: Decode primitive r15_nuanxiangwu_tilelight
12:38:06 | INFO: Blender create Mesh node r15_nuanxiangwu_wood
12:38:06 | INFO: Draco Decoder: Decode primitive r15_nuanxiangwu_wood
12:38:06 | INFO: Blender create Mesh node r15_nuanxiangwu_wood.001
12:38:06 | INFO: Draco Decoder: Decode primitive r15_nuanxiangwu_wood.001
12:38:06 | INFO: glTF import finished in 0.32s
12:38:06 | INFO: Data are loaded, start creating Blender stuff
12:38:06 | INFO: Blender create Mesh node Mobile_daguanyuan_gate_floorwood
12:38:06 | INFO: Draco Decoder: Decode primitive Mobile_daguanyuan_gate_floorwood
12:38:06 | INFO: Blender create Mesh node Mobile_daguanyuan_gate_limestone
12:38:06 | INFO: Draco Decoder: Decode primitive Mobile_daguanyuan_gate_limestone
12:38:06 | INFO: Blender create Mesh node Mobile_daguanyuan_gate_paving
12:38:06 | INFO: Draco Decoder: Decode primitive Mobile_daguanyuan_gate_paving
12:38:06 | INFO: Blender create Mesh node r15_daguanyuan_gate_cutstone.001
12:38:06 | INFO: Draco Decoder: Decode primitive r15_daguanyuan_gate_cutstone.001
12:38:06 | INFO: Blender create Mesh node r15_daguanyuan_gate_darkwood.001
12:38:06 | INFO: Draco Decoder: Decode primitive r15_daguanyuan_gate_darkwood.001
12:38:06 | INFO: Blender create Mesh node r15_daguanyuan_gate_furniture.001
12:38:06 | INFO: Draco Decoder: Decode primitive r15_daguanyuan_gate_furniture.001
12:38:06 | INFO: Blender create Mesh node r15_daguanyuan_gate_gold.001
12:38:06 | INFO: Draco Decoder: Decode primitive r15_daguanyuan_gate_gold.001
12:38:06 | INFO: Blender create Mesh node r15_daguanyuan_gate_latticewood.001
12:38:06 | INFO: Draco Decoder: Decode primitive r15_daguanyuan_gate_latticewood.001
12:38:06 | INFO: Blender create Mesh node r15_daguanyuan_gate_plaster.002
12:38:06 | INFO: Draco Decoder: Decode primitive r15_daguanyuan_gate_plaster.002
12:38:06 | INFO: Blender create Mesh node r15_daguanyuan_gate_plaster.003
12:38:06 | INFO: Draco Decoder: Decode primitive r15_daguanyuan_gate_plaster.003
12:38:06 | INFO: Blender create Mesh node r15_daguanyuan_gate_qing_azurite.001
12:38:06 | INFO: Draco Decoder: Decode primitive r15_daguanyuan_gate_qing_azurite.001
12:38:06 | INFO: Blender create Mesh node r15_daguanyuan_gate_roof.001
12:38:06 | INFO: Draco Decoder: Decode primitive r15_daguanyuan_gate_roof.001
12:38:06 | INFO: Blender create Mesh node r15_daguanyuan_gate_screen.002
12:38:06 | INFO: Draco Decoder: Decode primitive r15_daguanyuan_gate_screen.002
12:38:06 | INFO: Blender create Mesh node r15_daguanyuan_gate_screen.003
12:38:06 | INFO: Draco Decoder: Decode primitive r15_daguanyuan_gate_screen.003
12:38:06 | INFO: Blender create Mesh node r15_daguanyuan_gate_stone.001
12:38:06 | INFO: Draco Decoder: Decode primitive r15_daguanyuan_gate_stone.001
12:38:06 | INFO: Blender create Mesh node r15_daguanyuan_gate_tile.001
12:38:06 | INFO: Draco Decoder: Decode primitive r15_daguanyuan_gate_tile.001
12:38:06 | INFO: Blender create Mesh node r15_daguanyuan_gate_tiledark.001
12:38:06 | INFO: Draco Decoder: Decode primitive r15_daguanyuan_gate_tiledark.001
12:38:06 | INFO: Blender create Mesh node r15_daguanyuan_gate_tilelight.001
12:38:06 | INFO: Draco Decoder: Decode primitive r15_daguanyuan_gate_tilelight.001
12:38:06 | INFO: Blender create Mesh node r15_daguanyuan_gate_wood.002
12:38:06 | INFO: Draco Decoder: Decode primitive r15_daguanyuan_gate_wood.002
12:38:06 | INFO: Blender create Mesh node r15_daguanyuan_gate_wood.003
12:38:06 | INFO: Draco Decoder: Decode primitive r15_daguanyuan_gate_wood.003
12:38:06 | INFO: Blender create Mesh node Mobile_qujingtongyou_gardenstone
12:38:06 | INFO: Draco Decoder: Decode primitive Mobile_qujingtongyou_gardenstone
12:38:06 | INFO: Blender create Mesh node Mobile_qujingtongyou_limestone
12:38:06 | INFO: Draco Decoder: Decode primitive Mobile_qujingtongyou_limestone
12:38:06 | INFO: Blender create Mesh node Mobile_qujingtongyou_plants
12:38:06 | INFO: Draco Decoder: Decode primitive Mobile_qujingtongyou_plants
12:38:06 | INFO: Blender create Mesh node Mobile_xiaoxiangguan_bankstone
12:38:06 | INFO: Draco Decoder: Decode primitive Mobile_xiaoxiangguan_bankstone
12:38:06 | INFO: Blender create Mesh node Mobile_xiaoxiangguan_floorwood
12:38:06 | INFO: Draco Decoder: Decode primitive Mobile_xiaoxiangguan_floorwood
12:38:06 | INFO: Blender create Mesh node Mobile_xiaoxiangguan_paving
12:38:06 | INFO: Draco Decoder: Decode primitive Mobile_xiaoxiangguan_paving
12:38:06 | INFO: Blender create Mesh node Mobile_xiaoxiangguan_botanical_bamboo
12:38:06 | INFO: Draco Decoder: Decode primitive Mobile_xiaoxiangguan_botanical_bamboo
12:38:06 | INFO: Blender create Mesh node Mobile_xiaoxiangguan_botanical_banana
12:38:06 | INFO: Draco Decoder: Decode primitive Mobile_xiaoxiangguan_botanical_banana
12:38:06 | INFO: Blender create Mesh node Mobile_xiaoxiangguan_botanical_litter
12:38:06 | INFO: Draco Decoder: Decode primitive Mobile_xiaoxiangguan_botanical_litter
12:38:06 | INFO: Blender create Mesh node Mobile_xiaoxiangguan_botanical_petal
12:38:06 | INFO: Draco Decoder: Decode primitive Mobile_xiaoxiangguan_botanical_petal
12:38:06 | INFO: Blender create Mesh node Mobile_xiaoxiangguan_plants
12:38:06 | INFO: Draco Decoder: Decode primitive Mobile_xiaoxiangguan_plants
12:38:06 | INFO: Blender create Mesh node r15_xiaoxiangguan_bookcloth.001
12:38:06 | INFO: Draco Decoder: Decode primitive r15_xiaoxiangguan_bookcloth.001
12:38:06 | INFO: Blender create Mesh node r15_xiaoxiangguan_bookcover.001
12:38:06 | INFO: Draco Decoder: Decode primitive r15_xiaoxiangguan_bookcover.001
12:38:06 | INFO: Blender create Mesh node r15_xiaoxiangguan_ceramic.001
12:38:06 | INFO: Draco Decoder: Decode primitive r15_xiaoxiangguan_ceramic.001
12:38:06 | INFO: Blender create Mesh node r15_xiaoxiangguan_cutstone.001
12:38:06 | INFO: Draco Decoder: Decode primitive r15_xiaoxiangguan_cutstone.001
12:38:06 | INFO: Blender create Mesh node r15_xiaoxiangguan_darkwood.001
12:38:06 | INFO: Draco Decoder: Decode primitive r15_xiaoxiangguan_darkwood.001
12:38:06 | INFO: Blender create Mesh node r15_xiaoxiangguan_furniture.001
12:38:06 | INFO: Draco Decoder: Decode primitive r15_xiaoxiangguan_furniture.001
12:38:06 | INFO: Blender create Mesh node r15_xiaoxiangguan_gold.002
12:38:06 | INFO: Draco Decoder: Decode primitive r15_xiaoxiangguan_gold.002
12:38:06 | INFO: Blender create Mesh node r15_xiaoxiangguan_gold.003
12:38:06 | INFO: Draco Decoder: Decode primitive r15_xiaoxiangguan_gold.003
12:38:06 | INFO: Blender create Mesh node r15_xiaoxiangguan_ink.001
12:38:06 | INFO: Draco Decoder: Decode primitive r15_xiaoxiangguan_ink.001
12:38:06 | INFO: Blender create Mesh node r15_xiaoxiangguan_ivory.001
12:38:06 | INFO: Draco Decoder: Decode primitive r15_xiaoxiangguan_ivory.001
12:38:06 | INFO: Blender create Mesh node r15_xiaoxiangguan_lantern.001
12:38:06 | INFO: Draco Decoder: Decode primitive r15_xiaoxiangguan_lantern.001
12:38:06 | INFO: Blender create Mesh node r15_xiaoxiangguan_latticewood.001
12:38:06 | INFO: Draco Decoder: Decode primitive r15_xiaoxiangguan_latticewood.001
12:38:06 | INFO: Blender create Mesh node r15_xiaoxiangguan_paper.001
12:38:06 | INFO: Draco Decoder: Decode primitive r15_xiaoxiangguan_paper.001
12:38:06 | INFO: Blender create Mesh node r15_xiaoxiangguan_plaster.003
12:38:06 | INFO: Draco Decoder: Decode primitive r15_xiaoxiangguan_plaster.003
12:38:06 | INFO: Blender create Mesh node r15_xiaoxiangguan_plaster.004
12:38:06 | INFO: Draco Decoder: Decode primitive r15_xiaoxiangguan_plaster.004
12:38:06 | INFO: Blender create Mesh node r15_xiaoxiangguan_plaster.005
12:38:06 | INFO: Draco Decoder: Decode primitive r15_xiaoxiangguan_plaster.005
12:38:06 | INFO: Blender create Mesh node r15_xiaoxiangguan_qing_jade.001
12:38:06 | INFO: Draco Decoder: Decode primitive r15_xiaoxiangguan_qing_jade.001
12:38:06 | INFO: Blender create Mesh node r15_xiaoxiangguan_roof.001
12:38:06 | INFO: Draco Decoder: Decode primitive r15_xiaoxiangguan_roof.001
12:38:06 | INFO: Blender create Mesh node r15_xiaoxiangguan_screen.001
12:38:06 | INFO: Draco Decoder: Decode primitive r15_xiaoxiangguan_screen.001
12:38:07 | INFO: Blender create Mesh node r15_xiaoxiangguan_silk.001
12:38:07 | INFO: Draco Decoder: Decode primitive r15_xiaoxiangguan_silk.001
12:38:07 | INFO: Blender create Mesh node r15_xiaoxiangguan_stone.001
12:38:07 | INFO: Draco Decoder: Decode primitive r15_xiaoxiangguan_stone.001
12:38:07 | INFO: Blender create Mesh node r15_xiaoxiangguan_tile.001
12:38:07 | INFO: Draco Decoder: Decode primitive r15_xiaoxiangguan_tile.001
12:38:07 | INFO: Blender create Mesh node r15_xiaoxiangguan_tiledark.001
12:38:07 | INFO: Draco Decoder: Decode primitive r15_xiaoxiangguan_tiledark.001
12:38:07 | INFO: Blender create Mesh node r15_xiaoxiangguan_tilelight.001
12:38:07 | INFO: Draco Decoder: Decode primitive r15_xiaoxiangguan_tilelight.001
ertices, 1848 indices
DracoDecoder | Decoded 266 vertices, 420 indices
DracoDecoder | Decoded 19650 vertices, 22644 indices
DracoDecoder | Decoded 528 vertices, 792 indices
DracoDecoder | Decoded 48 vertices, 72 indices
DracoDecoder | Decoded 376 vertices, 444 indices
DracoDecoder | Decoded 1522 vertices, 2418 indices
DracoDecoder | Decoded 1962 vertices, 2700 indices
DracoDecoder | Decoded 1060 vertices, 1494 indices
DracoDecoder | Decoded 336 vertices, 600 indices
DracoDecoder | Decoded 7728 vertices, 11664 indices
DracoDecoder | Decoded 752 vertices, 1152 indices
DracoDecoder | Decoded 312 vertices, 468 indices
DracoDecoder | Decoded 2184 vertices, 2808 indices
DracoDecoder | Decoded 364 vertices, 576 indices
DracoDecoder | Decoded 96 vertices, 132 indices
DracoDecoder | Decoded 3744 vertices, 5148 indices
DracoDecoder | Decoded 48 vertices, 72 indices
DracoDecoder | Decoded 506 vertices, 750 indices
DracoDecoder | Decoded 216 vertices, 324 indices
DracoDecoder | Decoded 216 vertices, 324 indices
DracoDecoder | Decoded 48 vertices, 72 indices
DracoDecoder | Decoded 1136 vertices, 1572 indices
DracoDecoder | Decoded 28598 vertices, 41838 indices
DracoDecoder | Decoded 11834 vertices, 14280 indices
DracoDecoder | Decoded 2222 vertices, 3174 indices
DracoDecoder | Decoded 17107 vertices, 25167 indices
DracoDecoder | Decoded 9216 vertices, 12672 indices
DracoDecoder | Decoded 1508 vertices, 2262 indices
DracoDecoder | Decoded 183 vertices, 183 indices
DracoDecoder | Decoded 4 vertices, 6 indices
DracoDecoder | Decoded 876 vertices, 1248 indices
DracoDecoder | Decoded 684 vertices, 888 indices
DracoDecoder | Decoded 376 vertices, 516 indices
DracoDecoder | Decoded 12816 vertices, 19344 indices
DracoDecoder | Decoded 1860 vertices, 1860 indices
DracoDecoder | Decoded 96 vertices, 132 indices
DracoDecoder | Decoded 4416 vertices, 6072 indices
DracoDecoder | Decoded 48 vertices, 72 indices
DracoDecoder | Decoded 238 vertices, 354 indices
DracoDecoder | Decoded 384 vertices, 576 indices
DracoDecoder | Decoded 240 vertices, 360 indices
DracoDecoder | Decoded 1272 vertices, 1836 indices
DracoDecoder | Decoded 11495 vertices, 11739 indices
DracoDecoder | Decoded 2396 vertices, 2502 indices
DracoDecoder | Decoded 750 vertices, 750 indices
DracoDecoder | Decoded 9600 vertices, 12714 indices
DracoDecoder | Decoded 11136 vertices, 15312 indices
DracoDecoder | Decoded 2190 vertices, 8301 indices
DracoDecoder | Decoded 273 vertices, 273 indices
DracoDecoder | Decoded 486 vertices, 486 indices
DracoDecoder | Decoded 744 vertices, 744 indices
DracoDecoder | Decoded 1152 vertices, 1728 indices
DracoDecoder | Decoded 18 vertices, 30 indices
DracoDecoder | Decoded 4323 vertices, 4323 indices
DracoDecoder | Decoded 44 vertices, 78 indices
DracoDecoder | Decoded 108 vertices, 108 indices
DracoDecoder | Decoded 186 vertices, 186 indices
DracoDecoder | Decoded 1360 vertices, 1386 indices
DracoDecoder | Decoded 256 vertices, 282 indices
DracoDecoder | Decoded 768 vertices, 1152 indices
DracoDecoder | Decoded 213 vertices, 225 indices
DracoDecoder | Decoded 1294 vertices, 1812 indices
DracoDecoder | Decoded 1266 vertices, 1680 indices
DracoDecoder | Decoded 370 vertices, 474 indices
DracoDecoder | Decoded 12912 vertices, 19488 indices
DracoDecoder | Decoded 864 vertices, 1440 indices
DracoDecoder | Decoded 924 vertices, 924 indices
DracoDecoder | Decoded 1062 vertices, 1062 indices
DracoDecoder | Decoded 320 vertices, 480 indices
DracoDecoder | Decoded 666 vertices, 666 indices
DracoDecoder | Decoded 360 vertices, 360 indices
DracoDecoder | Decoded 192 vertices, 264 indices
DracoDecoder | Decoded 5952 vertices, 8184 indices
DracoDecoder | Decoded 5472 vertices, 7524 indices
DracoDecoder | Decoded 96 vertices, 144 indices
DracoDecoder | Decoded 736 vertices, 1092 indices
DracoDecoder | Decoded 336 vertices, 504 indices
DracoDecoder | Decoded 24 vertices, 36 indices
DracoDecoder | Decoded 307 vertices, 507 indices
DracoDecoder | Decoded 16262 vertices, 16578 indices
DracoDecoder | Decoded 6026 vertices, 6384 indices
DracoDecoder | Decoded 999 verti12:38:07 | INFO: Blender create Mesh node r15_xiaoxiangguan_wood.002
12:38:07 | INFO: Draco Decoder: Decode primitive r15_xiaoxiangguan_wood.002
12:38:07 | INFO: Blender create Mesh node r15_xiaoxiangguan_wood.003
12:38:07 | INFO: Draco Decoder: Decode primitive r15_xiaoxiangguan_wood.003
12:38:07 | INFO: Blender create Mesh node Mobile_yihongyuan_courtbase
12:38:07 | INFO: Draco Decoder: Decode primitive Mobile_yihongyuan_courtbase
12:38:07 | INFO: Blender create Mesh node Mobile_yihongyuan_floorwood
12:38:07 | INFO: Draco Decoder: Decode primitive Mobile_yihongyuan_floorwood
12:38:07 | INFO: Blender create Mesh node Mobile_yihongyuan_gardenstone
12:38:07 | INFO: Draco Decoder: Decode primitive Mobile_yihongyuan_gardenstone
12:38:07 | INFO: Blender create Mesh node Mobile_yihongyuan_limestone
12:38:07 | INFO: Draco Decoder: Decode primitive Mobile_yihongyuan_limestone
12:38:07 | INFO: Blender create Mesh node Mobile_yihongyuan_paving
12:38:07 | INFO: Draco Decoder: Decode primitive Mobile_yihongyuan_paving
12:38:07 | INFO: Blender create Mesh node Mobile_yihongyuan_botanical_bamboo
12:38:07 | INFO: Draco Decoder: Decode primitive Mobile_yihongyuan_botanical_bamboo
12:38:07 | INFO: Blender create Mesh node Mobile_yihongyuan_botanical_banana
12:38:07 | INFO: Draco Decoder: Decode primitive Mobile_yihongyuan_botanical_banana
12:38:07 | INFO: Blender create Mesh node Mobile_yihongyuan_botanical_litter
12:38:07 | INFO: Draco Decoder: Decode primitive Mobile_yihongyuan_botanical_litter
12:38:07 | INFO: Blender create Mesh node Mobile_yihongyuan_botanical_petal
12:38:07 | INFO: Draco Decoder: Decode primitive Mobile_yihongyuan_botanical_petal
12:38:07 | INFO: Blender create Mesh node Mobile_yihongyuan_plants
12:38:07 | INFO: Draco Decoder: Decode primitive Mobile_yihongyuan_plants
12:38:07 | INFO: Blender create Mesh node r15_yihongyuan_bookcloth.001
12:38:07 | INFO: Draco Decoder: Decode primitive r15_yihongyuan_bookcloth.001
12:38:07 | INFO: Blender create Mesh node r15_yihongyuan_bookcover.001
12:38:07 | INFO: Draco Decoder: Decode primitive r15_yihongyuan_bookcover.001
12:38:07 | INFO: Blender create Mesh node r15_yihongyuan_ceramic.001
12:38:07 | INFO: Draco Decoder: Decode primitive r15_yihongyuan_ceramic.001
12:38:07 | INFO: Blender create Mesh node r15_yihongyuan_cutstone.001
12:38:07 | INFO: Draco Decoder: Decode primitive r15_yihongyuan_cutstone.001
12:38:07 | INFO: Blender create Mesh node r15_yihongyuan_darkwood.001
12:38:07 | INFO: Draco Decoder: Decode primitive r15_yihongyuan_darkwood.001
12:38:07 | INFO: Blender create Mesh node r15_yihongyuan_furniture.001
12:38:07 | INFO: Draco Decoder: Decode primitive r15_yihongyuan_furniture.001
12:38:07 | INFO: Blender create Mesh node r15_yihongyuan_gold.002
12:38:07 | INFO: Draco Decoder: Decode primitive r15_yihongyuan_gold.002
12:38:07 | INFO: Blender create Mesh node r15_yihongyuan_gold.003
12:38:07 | INFO: Draco Decoder: Decode primitive r15_yihongyuan_gold.003
12:38:07 | INFO: Blender create Mesh node r15_yihongyuan_ink.001
12:38:07 | INFO: Draco Decoder: Decode primitive r15_yihongyuan_ink.001
12:38:07 | INFO: Blender create Mesh node r15_yihongyuan_ivory.001
12:38:07 | INFO: Draco Decoder: Decode primitive r15_yihongyuan_ivory.001
12:38:07 | INFO: Blender create Mesh node r15_yihongyuan_lantern.001
12:38:07 | INFO: Draco Decoder: Decode primitive r15_yihongyuan_lantern.001
12:38:07 | INFO: Blender create Mesh node r15_yihongyuan_latticewood.001
12:38:07 | INFO: Draco Decoder: Decode primitive r15_yihongyuan_latticewood.001
12:38:07 | INFO: Blender create Mesh node r15_yihongyuan_paper.001
12:38:07 | INFO: Draco Decoder: Decode primitive r15_yihongyuan_paper.001
12:38:07 | INFO: Blender create Mesh node r15_yihongyuan_plaster.003
12:38:07 | INFO: Draco Decoder: Decode primitive r15_yihongyuan_plaster.003
12:38:07 | INFO: Blender create Mesh node r15_yihongyuan_plaster.004
12:38:07 | INFO: Draco Decoder: Decode primitive r15_yihongyuan_plaster.004
12:38:07 | INFO: Blender create Mesh node r15_yihongyuan_plaster.005
12:38:07 | INFO: Draco Decoder: Decode primitive r15_yihongyuan_plaster.005
12:38:07 | INFO: Blender create Mesh node r15_yihongyuan_qing_azurite.001
12:38:07 | INFO: Draco Decoder: Decode primitive r15_yihongyuan_qing_azurite.001
12:38:07 | INFO: Blender create Mesh node r15_yihongyuan_roof.001
12:38:07 | INFO: Draco Decoder: Decode primitive r15_yihongyuan_roof.001
12:38:07 | INFO: Blender create Mesh node r15_yihongyuan_screen.002
12:38:07 | INFO: Draco Decoder: Decode primitive r15_yihongyuan_screen.002
12:38:07 | INFO: Blender create Mesh node r15_yihongyuan_screen.003
12:38:07 | INFO: Draco Decoder: Decode primitive r15_yihongyuan_screen.003
12:38:07 | INFO: Blender create Mesh node r15_yihongyuan_silk.001
12:38:07 | INFO: Draco Decoder: Decode primitive r15_yihongyuan_silk.001
12:38:07 | INFO: Blender create Mesh node r15_yihongyuan_stone.001
12:38:07 | INFO: Draco Decoder: Decode primitive r15_yihongyuan_stone.001
12:38:07 | INFO: Blender create Mesh node r15_yihongyuan_tile.001
12:38:07 | INFO: Draco Decoder: Decode primitive r15_yihongyuan_tile.001
12:38:07 | INFO: Blender create Mesh node r15_yihongyuan_tiledark.001
12:38:07 | INFO: Draco Decoder: Decode primitive r15_yihongyuan_tiledark.001
12:38:07 | INFO: Blender create Mesh node r15_yihongyuan_tilelight.001
12:38:07 | INFO: Draco Decoder: Decode primitive r15_yihongyuan_tilelight.001
12:38:07 | INFO: Blender create Mesh node r15_yihongyuan_wood.002
12:38:07 | INFO: Draco Decoder: Decode primitive r15_yihongyuan_wood.002
12:38:07 | INFO: Blender create Mesh node r15_yihongyuan_wood.003
12:38:07 | INFO: Draco Decoder: Decode primitive r15_yihongyuan_wood.003
12:38:07 | INFO: Blender create Mesh node Mobile_hengwuyuan_courtbase
12:38:07 | INFO: Draco Decoder: Decode primitive Mobile_hengwuyuan_courtbase
12:38:07 | INFO: Blender create Mesh node Mobile_hengwuyuan_floorwood
12:38:07 | INFO: Draco Decoder: Decode primitive Mobile_hengwuyuan_floorwood
12:38:07 | INFO: Blender create Mesh node Mobile_hengwuyuan_gardenstone
12:38:07 | INFO: Draco Decoder: Decode primitive Mobile_hengwuyuan_gardenstone
12:38:07 | INFO: Blender create Mesh node Mobile_hengwuyuan_limestone
12:38:07 | INFO: Draco Decoder: Decode primitive Mobile_hengwuyuan_limestone
12:38:07 | INFO: Blender create Mesh node Mobile_hengwuyuan_paving
12:38:07 | INFO: Draco Decoder: Decode primitive Mobile_hengwuyuan_paving
12:38:07 | INFO: Blender create Mesh node Mobile_hengwuyuan_botanical_bamboo
12:38:07 | INFO: Draco Decoder: Decode primitive Mobile_hengwuyuan_botanical_bamboo
12:38:07 | INFO: Blender create Mesh node Mobile_hengwuyuan_botanical_litter
12:38:07 | INFO: Draco Decoder: Decode primitive Mobile_hengwuyuan_botanical_litter
12:38:07 | INFO: Blender create Mesh node Mobile_hengwuyuan_plants
12:38:07 | INFO: Draco Decoder: Decode primitive Mobile_hengwuyuan_plants
12:38:07 | INFO: Blender create Mesh node r15_hengwuyuan_bookcloth.001
12:38:07 | INFO: Draco Decoder: Decode primitive r15_hengwuyuan_bookcloth.001
12:38:07 | INFO: Blender create Mesh node r15_hengwuyuan_bookcover.001
12:38:07 | INFO: Draco Decoder: Decode primitive r15_hengwuyuan_bookcover.001
12:38:07 | INFO: Blender create Mesh node r15_hengwuyuan_ceramic.001
12:38:07 | INFO: Draco Decoder: Decode primitive r15_hengwuyuan_ceramic.001
12:38:07 | INFO: Blender create Mesh node r15_hengwuyuan_clay.001
12:38:07 | INFO: Draco Decoder: Decode primitive r15_hengwuyuan_clay.001
12:38:07 | INFO: Blender create Mesh node r15_hengwuyuan_cutstone.001
12:38:07 | INFO: Draco Decoder: Decode primitive r15_hengwuyuan_cutstone.001
12:38:07 | INFO: Blender create Mesh node r15_hengwuyuan_darkwood.001
12:38:07 | INFO: Draco Decoder: Decode primitive r15_hengwuyuan_darkwood.001
12:38:07 | INFO: Blender create Mesh node r15_hengwuyuan_furniture.001
12:38:07 | INFO: Draco Decoder: Decode primitive r15_hengwuyuan_furniture.001
12:38:07 | INFO: Blender create Mesh node r15_hengwuyuan_gold.002
12:38:07 | INFO: Draco Decoder: Decode primitive r15_hengwuyuan_gold.002
12:38:07 | INFO: Blender create Mesh node r15_hengwuyuan_gold.003
12:38:07 | INFO: Draco Decoder: Decode primitive r15_hengwuyuan_gold.003
12:38:07 | INFO: Blender create Mesh node r15_hengwuyuan_ink.001
12:38:07 | INFO: Draco Decoder: Decode primitive r15_hengwuyuan_ink.001
12:38:07 | INFO: Blender create Mesh node r15_hengwuyuan_ivory.001
12:38:07 | INFO: Draco Decoder: Decode primitive r15_hengwuyuan_ivory.001
12:38:07 | INFO: Blender create Mesh node r15_hengwuyuan_lantern.001
12:38:07 | INFO: Draco Decoder: Decode primitive r15_hengwuyuan_lantern.001
12:38:07 | INFO: Blender create Mesh node r15_hengwuyuan_latticewood.001
12:38:07 | INFO: Draco Decoder: Decode primitive r15_hengwuyuan_latticewood.001
12:38:07 | INFO: Blender create Mesh node r15_hengwuyuan_paper.001
12:38:07 | INFO: Draco Decoder: Decode primitive r15_hengwuyuan_paper.001
12:38:07 | INFO: Blender create Mesh node r15_hengwuyuan_plaster.003
12:38:07 | INFO: Draco Decoder: Decode primitive r15_hengwuyuan_plaster.003
12:38:07 | INFO: Blender create Mesh node r15_hengwuyuan_plaster.004
12:38:07 | INFO: Draco Decoder: Decode primitive r15_hengwuyuan_plaster.004
12:38:07 | INFO: Blender create Mesh node r15_hengwuyuan_plaster.005
12:38:07 | INFO: Draco Decoder: Decode primitive r15_hengwuyuan_plaster.005
12:38:07 | INFO: Blender create Mesh node r15_hengwuyuan_qing_jade.001
12:38:07 | INFO: Draco Decoder: Decode primitive r15_hengwuyuan_qing_jade.001
12:38:07 | INFO: Blender create Mesh node r15_hengwuyuan_roof.001
12:38:07 | INFO: Draco Decoder: Decode primitive r15_hengwuyuan_roof.001
12:38:07 | INFO: Blender create Mesh node r15_hengwuyuan_screen.002
12:38:07 | INFO: Draco Decoder: Decode primitive r15_hengwuyuan_screen.002
12:38:07 | INFO: Blender create Mesh node r15_hengwuyuan_screen.003
12:38:07 | INFO: Draco Decoder: Decode primitive r15_hengwuyuan_screen.003
12:38:07 | INFO: Blender create Mesh node r15_hengwuyuan_stone.001
12:38:07 | INFO: Draco Decoder: Decode primitive r15_hengwuyuan_stone.001
12:38:07 | INFO: Blender create Mesh node r15_hengwuyuan_tile.001
12:38:07 | INFO: Draco Decoder: Decode primitive r15_hengwuyuan_tile.001
12:38:07 | INFO: Blender create Mesh node r15_hengwuyuan_tiledark.001
12:38:07 | INFO: Draco Decoder: Decode primitive r15_hengwuyuan_tiledark.001
12:38:07 | INFO: Blender create Mesh node r15_hengwuyuan_tilelight.001
12:38:07 | INFO: Draco Decoder: Decode primitive r15_hengwuyuan_tilelight.001
12:38:07 | INFO: Blender create Mesh node r15_hengwuyuan_wood.002
12:38:07 | INFO: Draco Decoder: Decode primitive r15_hengwuyuan_wood.002
12:38:07 | INFO: Blender create Mesh node r15_hengwuyuan_wood.003
12:38:07 | INFO: Draco Decoder: Decode primitive r15_hengwuyuan_wood.003
12:38:07 | INFO: Blender create Mesh node Mobile_qiushuangzhai_courtbase
12:38:07 | INFO: Draco Decoder: Decode primitive Mobile_qiushuangzhai_courtbase
12:38:07 | INFO: Blender create Mesh node Mobile_qiushuangzhai_floorwood
12:38:07 | INFO: Draco Decoder: Decode primitive Mobile_qiushuangzhai_floorwood
12:38:07 | INFO: Blender create Mesh node Mobile_qiushuangzhai_paving
12:38:07 | INFO: Draco Decoder: Decode primitive Mobile_qiushuangzhai_paving
12:38:07 | INFO: Blender create Mesh node Mobile_qiushuangzhai_botanical_bamboo
12:38:07 | INFO: Draco Decoder: Decode primitive Mobile_qiushuangzhai_botanical_bamboo
12:38:07 | INFO: Blender create Mesh node Mobile_qiushuangzhai_botanical_litter
12:38:07 | INFO: Draco Decoder: Decode primitive Mobile_qiushuangzhai_botanical_litter
12:38:07 | INFO: Blender create Mesh node Mobile_qiushuangzhai_plants
12:38:07 | INFO: Draco Decoder: Decode primitive Mobile_qiushuangzhai_plants
12:38:07 | INFO: Blender create Mesh node r15_qiushuangzhai_bookcloth.001
12:38:07 | INFO: Draco Decoder: Decode primitive r15_qiushuangzhai_bookcloth.001
12:38:07 | INFO: Blender create Mesh node r15_qiushuangzhai_bookcover.001
12:38:07 | INFO: Draco Decoder: Decode primitive r15_qiushuangzhai_bookcover.001
12:38:07 | INFO: Blender create Mesh node r15_qiushuangzhai_ceramic.001
12:38:07 | INFO: Draco Decoder: Decode primitive r15_qiushuangzhai_ceramic.001
ces, 1035 indices
DracoDecoder | Decoded 14592 vertices, 20064 indices
DracoDecoder | Decoded 9612 vertices, 12864 indices
DracoDecoder | Decoded 4 vertices, 6 indices
DracoDecoder | Decoded 1440 vertices, 2160 indices
DracoDecoder | Decoded 2227 vertices, 8310 indices
DracoDecoder | Decoded 366 vertices, 366 indices
DracoDecoder | Decoded 410 vertices, 618 indices
DracoDecoder | Decoded 357 vertices, 357 indices
DracoDecoder | Decoded 131 vertices, 237 indices
DracoDecoder | Decoded 58 vertices, 60 indices
DracoDecoder | Decoded 186 vertices, 186 indices
DracoDecoder | Decoded 1722 vertices, 1788 indices
DracoDecoder | Decoded 528 vertices, 792 indices
DracoDecoder | Decoded 48 vertices, 72 indices
DracoDecoder | Decoded 560 vertices, 924 indices
DracoDecoder | Decoded 982 vertices, 1356 indices
DracoDecoder | Decoded 1014 vertices, 1308 indices
DracoDecoder | Decoded 250 vertices, 300 indices
DracoDecoder | Decoded 12816 vertices, 19344 indices
DracoDecoder | Decoded 720 vertices, 1176 indices
DracoDecoder | Decoded 752 vertices, 1152 indices
DracoDecoder | Decoded 312 vertices, 468 indices
DracoDecoder | Decoded 320 vertices, 480 indices
DracoDecoder | Decoded 3300 vertices, 3300 indices
DracoDecoder | Decoded 340 vertices, 540 indices
DracoDecoder | Decoded 96 vertices, 132 indices
DracoDecoder | Decoded 5280 vertices, 7260 indices
DracoDecoder | Decoded 4800 vertices, 6600 indices
DracoDecoder | Decoded 48 vertices, 72 indices
DracoDecoder | Decoded 878 vertices, 1302 indices
DracoDecoder | Decoded 312 vertices, 468 indices
DracoDecoder | Decoded 120 vertices, 180 indices
DracoDecoder | Decoded 72 vertices, 108 indices
DracoDecoder | Decoded 350 vertices, 600 indices
DracoDecoder | Decoded 23237 vertices, 23697 indices
DracoDecoder | Decoded 8060 vertices, 8526 indices
DracoDecoder | Decoded 1728 vertices, 1752 indices
DracoDecoder | Decoded 13440 vertices, 18480 indices
DracoDecoder | Decoded 9178 vertices, 12192 indices
DracoDecoder | Decoded 8 vertices, 12 indices
DracoDecoder | Decoded 1648 vertices, 2472 indices
DracoDecoder | Decoded 2202 vertices, 8337 indices
DracoDecoder | Decoded 273 vertices, 273 indices
DracoDecoder | Decoded 254 vertices, 384 indices
DracoDecoder | Decoded 393 vertices, 393 indices
DracoDecoder | Decoded 82 vertices, 84 indices
DracoDecoder | Decoded 1547 vertices, 1713 indices
DracoDecoder | Decoded 528 vertices, 792 indices
DracoDecoder | Decoded 48 vertices, 72 indices
DracoDecoder | Decoded 560 vertices, 924 indices
DracoDecoder | Decoded 320 vertices, 480 indices
DracoDecoder | Decoded 1070 vertices, 1488 indices
DracoDecoder | Decoded 958 vertices, 1176 indices
DracoDecoder | Decoded 252 vertices, 300 indices
DracoDecoder | Decoded 720 vertices, 1176 indices
DracoDecoder | Decoded 12816 vertices, 19344 indices
DracoDecoder | Decoded 752 vertices, 1152 indices
DracoDecoder | Decoded 312 vertices, 468 indices
DracoDecoder | Decoded 320 vertices, 480 indices
DracoDecoder | Decoded 612 vertices, 612 indices
DracoDecoder | Decoded 340 vertices, 540 indices
DracoDecoder | Decoded 4800 vertices, 6600 indices
DracoDecoder | Decoded 96 vertices, 132 indices
DracoDecoder | Decoded 5280 vertices, 7260 indices
DracoDecoder | Decoded 48 vertices, 72 indices
DracoDecoder | Decoded 626 vertices, 930 indices
DracoDecoder | Decoded 24 vertices, 36 indices
DracoDecoder | Decoded 312 vertices, 468 indices
DracoDecoder | Decoded 350 vertices, 600 indices
DracoDecoder | Decoded 22283 vertices, 22755 indices
DracoDecoder | Decoded 6254 vertices, 6540 indices
DracoDecoder | Decoded 1524 vertices, 1572 indices
DracoDecoder | Decoded 9239 vertices, 12093 indices
DracoDecoder | Decoded 13440 vertices, 18480 indices
DracoDecoder | Decoded 4 vertices, 6 indices
DracoDecoder | Decoded 1784 vertices, 2676 indices
DracoDecoder | Decoded 594 vertices, 894 indices
DracoDecoder | Decoded 417 vertices, 417 indices
DracoDecoder | Decoded 84 vertices, 84 indices
DracoDecoder | Decoded 1577 vertices, 1707 indices
DracoDecoder | Decoded 434 vertices, 474 indices
DracoDecoder | Decoded 240 vertices, 360 indices
DracoDec12:38:07 | INFO: Blender create Mesh node r15_qiushuangzhai_cutstone.001
12:38:07 | INFO: Draco Decoder: Decode primitive r15_qiushuangzhai_cutstone.001
12:38:07 | INFO: Blender create Mesh node r15_qiushuangzhai_darkwood.001
12:38:07 | INFO: Draco Decoder: Decode primitive r15_qiushuangzhai_darkwood.001
12:38:07 | INFO: Blender create Mesh node r15_qiushuangzhai_furniture.001
12:38:07 | INFO: Draco Decoder: Decode primitive r15_qiushuangzhai_furniture.001
12:38:07 | INFO: Blender create Mesh node r15_qiushuangzhai_gold.002
12:38:07 | INFO: Draco Decoder: Decode primitive r15_qiushuangzhai_gold.002
12:38:07 | INFO: Blender create Mesh node r15_qiushuangzhai_gold.003
12:38:07 | INFO: Draco Decoder: Decode primitive r15_qiushuangzhai_gold.003
12:38:07 | INFO: Blender create Mesh node r15_qiushuangzhai_ink.001
12:38:07 | INFO: Draco Decoder: Decode primitive r15_qiushuangzhai_ink.001
12:38:07 | INFO: Blender create Mesh node r15_qiushuangzhai_ivory.001
12:38:07 | INFO: Draco Decoder: Decode primitive r15_qiushuangzhai_ivory.001
12:38:07 | INFO: Blender create Mesh node r15_qiushuangzhai_lantern.001
12:38:07 | INFO: Draco Decoder: Decode primitive r15_qiushuangzhai_lantern.001
12:38:07 | INFO: Blender create Mesh node r15_qiushuangzhai_latticewood.001
12:38:07 | INFO: Draco Decoder: Decode primitive r15_qiushuangzhai_latticewood.001
12:38:07 | INFO: Blender create Mesh node r15_qiushuangzhai_marble.001
12:38:07 | INFO: Draco Decoder: Decode primitive r15_qiushuangzhai_marble.001
12:38:07 | INFO: Blender create Mesh node r15_qiushuangzhai_paper.001
12:38:07 | INFO: Draco Decoder: Decode primitive r15_qiushuangzhai_paper.001
12:38:07 | INFO: Blender create Mesh node r15_qiushuangzhai_plaster.003
12:38:07 | INFO: Draco Decoder: Decode primitive r15_qiushuangzhai_plaster.003
12:38:07 | INFO: Blender create Mesh node r15_qiushuangzhai_plaster.004
12:38:07 | INFO: Draco Decoder: Decode primitive r15_qiushuangzhai_plaster.004
12:38:07 | INFO: Blender create Mesh node r15_qiushuangzhai_plaster.005
12:38:07 | INFO: Draco Decoder: Decode primitive r15_qiushuangzhai_plaster.005
12:38:07 | INFO: Blender create Mesh node r15_qiushuangzhai_qing_azurite.001
12:38:07 | INFO: Draco Decoder: Decode primitive r15_qiushuangzhai_qing_azurite.001
12:38:07 | INFO: Blender create Mesh node r15_qiushuangzhai_roof.001
12:38:07 | INFO: Draco Decoder: Decode primitive r15_qiushuangzhai_roof.001
12:38:07 | INFO: Blender create Mesh node r15_qiushuangzhai_screen.002
12:38:07 | INFO: Draco Decoder: Decode primitive r15_qiushuangzhai_screen.002
12:38:07 | INFO: Blender create Mesh node r15_qiushuangzhai_screen.003
12:38:07 | INFO: Draco Decoder: Decode primitive r15_qiushuangzhai_screen.003
12:38:07 | INFO: Blender create Mesh node r15_qiushuangzhai_silk.001
12:38:07 | INFO: Draco Decoder: Decode primitive r15_qiushuangzhai_silk.001
12:38:07 | INFO: Blender create Mesh node r15_qiushuangzhai_stone.001
12:38:07 | INFO: Draco Decoder: Decode primitive r15_qiushuangzhai_stone.001
12:38:07 | INFO: Blender create Mesh node r15_qiushuangzhai_tile.001
12:38:07 | INFO: Draco Decoder: Decode primitive r15_qiushuangzhai_tile.001
12:38:07 | INFO: Blender create Mesh node r15_qiushuangzhai_tiledark.001
12:38:07 | INFO: Draco Decoder: Decode primitive r15_qiushuangzhai_tiledark.001
12:38:07 | INFO: Blender create Mesh node r15_qiushuangzhai_tilelight.001
12:38:07 | INFO: Draco Decoder: Decode primitive r15_qiushuangzhai_tilelight.001
12:38:07 | INFO: Blender create Mesh node r15_qiushuangzhai_wood.002
12:38:07 | INFO: Draco Decoder: Decode primitive r15_qiushuangzhai_wood.002
12:38:07 | INFO: Blender create Mesh node r15_qiushuangzhai_wood.003
12:38:07 | INFO: Draco Decoder: Decode primitive r15_qiushuangzhai_wood.003
12:38:07 | INFO: Blender create Mesh node Mobile_daoxiangcun_paving
12:38:07 | INFO: Draco Decoder: Decode primitive Mobile_daoxiangcun_paving
12:38:07 | INFO: Blender create Mesh node Mobile_daoxiangcun_plants
12:38:07 | INFO: Draco Decoder: Decode primitive Mobile_daoxiangcun_plants
12:38:07 | INFO: Blender create Mesh node r15_daoxiangcun_clay.001
12:38:07 | INFO: Draco Decoder: Decode primitive r15_daoxiangcun_clay.001
12:38:07 | INFO: Blender create Mesh node r15_daoxiangcun_plaster.001
12:38:07 | INFO: Draco Decoder: Decode primitive r15_daoxiangcun_plaster.001
12:38:07 | INFO: Blender create Mesh node r15_daoxiangcun_qing_clay.001
12:38:07 | INFO: Draco Decoder: Decode primitive r15_daoxiangcun_qing_clay.001
12:38:07 | INFO: Blender create Mesh node r15_daoxiangcun_rusticwood.002
12:38:07 | INFO: Draco Decoder: Decode primitive r15_daoxiangcun_rusticwood.002
12:38:07 | INFO: Blender create Mesh node r15_daoxiangcun_rusticwood.003
12:38:07 | INFO: Draco Decoder: Decode primitive r15_daoxiangcun_rusticwood.003
12:38:07 | INFO: Blender create Mesh node r15_daoxiangcun_screen.002
12:38:07 | INFO: Draco Decoder: Decode primitive r15_daoxiangcun_screen.002
12:38:07 | INFO: Blender create Mesh node r15_daoxiangcun_screen.003
12:38:07 | INFO: Draco Decoder: Decode primitive r15_daoxiangcun_screen.003
12:38:07 | INFO: Blender create Mesh node r15_daoxiangcun_stone.001
12:38:07 | INFO: Draco Decoder: Decode primitive r15_daoxiangcun_stone.001
12:38:07 | INFO: Blender create Mesh node r15_daoxiangcun_thatch.001
12:38:07 | INFO: Draco Decoder: Decode primitive r15_daoxiangcun_thatch.001
12:38:07 | INFO: Blender create Mesh node Mobile_ouxiangxie_plants
12:38:07 | INFO: Draco Decoder: Decode primitive Mobile_ouxiangxie_plants
12:38:07 | INFO: Blender create Mesh node r15_ouxiangxie_bookcloth.001
12:38:07 | INFO: Draco Decoder: Decode primitive r15_ouxiangxie_bookcloth.001
12:38:07 | INFO: Blender create Mesh node r15_ouxiangxie_bookcover.001
12:38:07 | INFO: Draco Decoder: Decode primitive r15_ouxiangxie_bookcover.001
12:38:07 | INFO: Blender create Mesh node r15_ouxiangxie_ceramic.001
12:38:07 | INFO: Draco Decoder: Decode primitive r15_ouxiangxie_ceramic.001
12:38:07 | INFO: Blender create Mesh node r15_ouxiangxie_darkwood.001
12:38:07 | INFO: Draco Decoder: Decode primitive r15_ouxiangxie_darkwood.001
12:38:07 | INFO: Blender create Mesh node r15_ouxiangxie_furniture.001
12:38:07 | INFO: Draco Decoder: Decode primitive r15_ouxiangxie_furniture.001
12:38:07 | INFO: Blender create Mesh node r15_ouxiangxie_gold.002
12:38:07 | INFO: Draco Decoder: Decode primitive r15_ouxiangxie_gold.002
12:38:07 | INFO: Blender create Mesh node r15_ouxiangxie_gold.003
12:38:07 | INFO: Draco Decoder: Decode primitive r15_ouxiangxie_gold.003
12:38:07 | INFO: Blender create Mesh node r15_ouxiangxie_ink.001
12:38:07 | INFO: Draco Decoder: Decode primitive r15_ouxiangxie_ink.001
12:38:08 | INFO: Blender create Mesh node r15_ouxiangxie_ivory.001
12:38:08 | INFO: Draco Decoder: Decode primitive r15_ouxiangxie_ivory.001
12:38:08 | INFO: Blender create Mesh node r15_ouxiangxie_latticewood.001
12:38:08 | INFO: Draco Decoder: Decode primitive r15_ouxiangxie_latticewood.001
12:38:08 | INFO: Blender create Mesh node r15_ouxiangxie_paper.001
12:38:08 | INFO: Draco Decoder: Decode primitive r15_ouxiangxie_paper.001
12:38:08 | INFO: Blender create Mesh node r15_ouxiangxie_plaster.002
12:38:08 | INFO: Draco Decoder: Decode primitive r15_ouxiangxie_plaster.002
12:38:08 | INFO: Blender create Mesh node r15_ouxiangxie_plaster.003
12:38:08 | INFO: Draco Decoder: Decode primitive r15_ouxiangxie_plaster.003
12:38:08 | INFO: Blender create Mesh node r15_ouxiangxie_qing_azurite.001
12:38:08 | INFO: Draco Decoder: Decode primitive r15_ouxiangxie_qing_azurite.001
12:38:08 | INFO: Blender create Mesh node r15_ouxiangxie_roof.001
12:38:08 | INFO: Draco Decoder: Decode primitive r15_ouxiangxie_roof.001
12:38:08 | INFO: Blender create Mesh node r15_ouxiangxie_screen.002
12:38:08 | INFO: Draco Decoder: Decode primitive r15_ouxiangxie_screen.002
12:38:08 | INFO: Blender create Mesh node r15_ouxiangxie_screen.003
12:38:08 | INFO: Draco Decoder: Decode primitive r15_ouxiangxie_screen.003
12:38:08 | INFO: Blender create Mesh node r15_ouxiangxie_stone.001
12:38:08 | INFO: Draco Decoder: Decode primitive r15_ouxiangxie_stone.001
12:38:08 | INFO: Blender create Mesh node r15_ouxiangxie_tile.001
12:38:08 | INFO: Draco Decoder: Decode primitive r15_ouxiangxie_tile.001
12:38:08 | INFO: Blender create Mesh node r15_ouxiangxie_tiledark.001
12:38:08 | INFO: Draco Decoder: Decode primitive r15_ouxiangxie_tiledark.001
12:38:08 | INFO: Blender create Mesh node r15_ouxiangxie_tilelight.001
12:38:08 | INFO: Draco Decoder: Decode primitive r15_ouxiangxie_tilelight.001
12:38:08 | INFO: Blender create Mesh node r15_ouxiangxie_wood.002
12:38:08 | INFO: Draco Decoder: Decode primitive r15_ouxiangxie_wood.002
12:38:08 | INFO: Blender create Mesh node r15_ouxiangxie_wood.003
12:38:08 | INFO: Draco Decoder: Decode primitive r15_ouxiangxie_wood.003
12:38:08 | INFO: Blender create Mesh node r15_dicuiting_darkwood.001
12:38:08 | INFO: Draco Decoder: Decode primitive r15_dicuiting_darkwood.001
12:38:08 | INFO: Blender create Mesh node r15_dicuiting_gold.001
12:38:08 | INFO: Draco Decoder: Decode primitive r15_dicuiting_gold.001
12:38:08 | INFO: Blender create Mesh node r15_dicuiting_lantern.001
12:38:08 | INFO: Draco Decoder: Decode primitive r15_dicuiting_lantern.001
12:38:08 | INFO: Blender create Mesh node r15_dicuiting_roof.001
12:38:08 | INFO: Draco Decoder: Decode primitive r15_dicuiting_roof.001
12:38:08 | INFO: Blender create Mesh node r15_dicuiting_stone.001
12:38:08 | INFO: Draco Decoder: Decode primitive r15_dicuiting_stone.001
12:38:08 | INFO: Blender create Mesh node r15_dicuiting_tile.001
12:38:08 | INFO: Draco Decoder: Decode primitive r15_dicuiting_tile.001
12:38:08 | INFO: Blender create Mesh node r15_dicuiting_tiledark.001
12:38:08 | INFO: Draco Decoder: Decode primitive r15_dicuiting_tiledark.001
12:38:08 | INFO: Blender create Mesh node r15_dicuiting_tilelight.001
12:38:08 | INFO: Draco Decoder: Decode primitive r15_dicuiting_tilelight.001
12:38:08 | INFO: Blender create Mesh node r15_dicuiting_wood.001
12:38:08 | INFO: Draco Decoder: Decode primitive r15_dicuiting_wood.001
12:38:08 | INFO: Blender create Mesh node Mobile_luxuean_paving
12:38:08 | INFO: Draco Decoder: Decode primitive Mobile_luxuean_paving
12:38:08 | INFO: Blender create Mesh node Mobile_luxuean_plants
12:38:08 | INFO: Draco Decoder: Decode primitive Mobile_luxuean_plants
12:38:08 | INFO: Blender create Mesh node r15_luxuean_clay.001
12:38:08 | INFO: Draco Decoder: Decode primitive r15_luxuean_clay.001
12:38:08 | INFO: Blender create Mesh node r15_luxuean_plaster.001
12:38:08 | INFO: Draco Decoder: Decode primitive r15_luxuean_plaster.001
12:38:08 | INFO: Blender create Mesh node r15_luxuean_qing_clay.001
12:38:08 | INFO: Draco Decoder: Decode primitive r15_luxuean_qing_clay.001
12:38:08 | INFO: Blender create Mesh node r15_luxuean_rusticwood.002
12:38:08 | INFO: Draco Decoder: Decode primitive r15_luxuean_rusticwood.002
12:38:08 | INFO: Blender create Mesh node r15_luxuean_rusticwood.003
12:38:08 | INFO: Draco Decoder: Decode primitive r15_luxuean_rusticwood.003
12:38:08 | INFO: Blender create Mesh node r15_luxuean_screen.001
12:38:08 | INFO: Draco Decoder: Decode primitive r15_luxuean_screen.001
12:38:08 | INFO: Blender create Mesh node r15_luxuean_stone.001
12:38:08 | INFO: Draco Decoder: Decode primitive r15_luxuean_stone.001
12:38:08 | INFO: Blender create Mesh node r15_luxuean_thatch.001
12:38:08 | INFO: Draco Decoder: Decode primitive r15_luxuean_thatch.001
12:38:08 | INFO: Blender create Mesh node Mobile_tubishanzhuang_floorwood
12:38:08 | INFO: Draco Decoder: Decode primitive Mobile_tubishanzhuang_floorwood
12:38:08 | INFO: Blender create Mesh node Mobile_tubishanzhuang_paving
12:38:08 | INFO: Draco Decoder: Decode primitive Mobile_tubishanzhuang_paving
12:38:08 | INFO: Blender create Mesh node Mobile_tubishanzhuang_plants
12:38:08 | INFO: Draco Decoder: Decode primitive Mobile_tubishanzhuang_plants
oder | Decoded 535 vertices, 609 indices
DracoDecoder | Decoded 796 vertices, 1164 indices
DracoDecoder | Decoded 1676 vertices, 2028 indices
DracoDecoder | Decoded 1444 vertices, 1764 indices
DracoDecoder | Decoded 418 vertices, 426 indices
DracoDecoder | Decoded 7728 vertices, 11664 indices
DracoDecoder | Decoded 686 vertices, 690 indices
DracoDecoder | Decoded 390 vertices, 390 indices
DracoDecoder | Decoded 320 vertices, 480 indices
DracoDecoder | Decoded 1548 vertices, 1548 indices
DracoDecoder | Decoded 24 vertices, 36 indices
DracoDecoder | Decoded 286 vertices, 324 indices
DracoDecoder | Decoded 480 vertices, 660 indices
DracoDecoder | Decoded 96 vertices, 132 indices
DracoDecoder | Decoded 3744 vertices, 5148 indices
DracoDecoder | Decoded 48 vertices, 72 indices
DracoDecoder | Decoded 406 vertices, 606 indices
DracoDecoder | Decoded 192 vertices, 288 indices
DracoDecoder | Decoded 216 vertices, 324 indices
DracoDecoder | Decoded 24 vertices, 36 indices
DracoDecoder | Decoded 350 vertices, 600 indices
DracoDecoder | Decoded 15137 vertices, 15405 indices
DracoDecoder | Decoded 2366 vertices, 2502 indices
DracoDecoder | Decoded 856 vertices, 864 indices
DracoDecoder | Decoded 8349 vertices, 10326 indices
DracoDecoder | Decoded 9216 vertices, 12672 indices
DracoDecoder | Decoded 30 vertices, 66 indices
DracoDecoder | Decoded 7801 vertices, 7857 indices
DracoDecoder | Decoded 4260 vertices, 5736 indices
DracoDecoder | Decoded 288 vertices, 396 indices
DracoDecoder | Decoded 1656 vertices, 2484 indices
DracoDecoder | Decoded 2458 vertices, 3078 indices
DracoDecoder | Decoded 3456 vertices, 5184 indices
DracoDecoder | Decoded 192 vertices, 288 indices
DracoDecoder | Decoded 360 vertices, 540 indices
DracoDecoder | Decoded 1216 vertices, 1554 indices
DracoDecoder | Decoded 456 vertices, 456 indices
DracoDecoder | Decoded 192 vertices, 324 indices
DracoDecoder | Decoded 528 vertices, 792 indices
DracoDecoder | Decoded 48 vertices, 72 indices
DracoDecoder | Decoded 560 vertices, 924 indices
DracoDecoder | Decoded 2048 vertices, 2880 indices
DracoDecoder | Decoded 250 vertices, 300 indices
DracoDecoder | Decoded 336 vertices, 600 indices
DracoDecoder | Decoded 7728 vertices, 11664 indices
DracoDecoder | Decoded 752 vertices, 1152 indices
DracoDecoder | Decoded 312 vertices, 468 indices
DracoDecoder | Decoded 492 vertices, 492 indices
DracoDecoder | Decoded 340 vertices, 540 indices
DracoDecoder | Decoded 96 vertices, 132 indices
DracoDecoder | Decoded 3744 vertices, 5148 indices
DracoDecoder | Decoded 48 vertices, 72 indices
DracoDecoder | Decoded 286 vertices, 426 indices
DracoDecoder | Decoded 216 vertices, 324 indices
DracoDecoder | Decoded 216 vertices, 324 indices
DracoDecoder | Decoded 1536 vertices, 2208 indices
DracoDecoder | Decoded 10530 vertices, 10722 indices
DracoDecoder | Decoded 1956 vertices, 2076 indices
DracoDecoder | Decoded 614 vertices, 630 indices
DracoDecoder | Decoded 764 vertices, 990 indices
DracoDecoder | Decoded 9216 vertices, 12672 indices
DracoDecoder | Decoded 2680 vertices, 3696 indices
DracoDecoder | Decoded 384 vertices, 384 indices
DracoDecoder | Decoded 212 vertices, 228 indices
DracoDecoder | Decoded 246 vertices, 366 indices
DracoDecoder | Decoded 192 vertices, 276 indices
DracoDecoder | Decoded 5324 vertices, 5460 indices
DracoDecoder | Decoded 1452 vertices, 1494 indices
DracoDecoder | Decoded 231 vertices, 231 indices
DracoDecoder | Decoded 1728 vertices, 2472 indices
DracoDecoder | Decoded 22 vertices, 54 indices
DracoDecoder | Decoded 687 vertices, 735 indices
DracoDecoder | Decoded 2844 vertices, 3804 indices
DracoDecoder | Decoded 96 vertices, 132 indices
DracoDecoder | Decoded 744 vertices, 1116 indices
DracoDecoder | Decoded 894 vertices, 1170 indices
DracoDecoder | Decoded 1584 vertices, 2376 indices
DracoDecoder | Decoded 168 vertices, 252 indices
DracoDecoder | Decoded 578 vertices, 690 indices
DracoDecoder | Decoded 988 vertices, 1014 indices
DracoDecoder | Decoded 1488 vertices, 2232 indices
DracoDecoder | Decoded 764 vertices, 1146 indices
DracoDecoder | Decoded 486 ver12:38:08 | INFO: Blender create Mesh node r15_tubishanzhuang_cutstone.001
12:38:08 | INFO: Draco Decoder: Decode primitive r15_tubishanzhuang_cutstone.001
12:38:08 | INFO: Blender create Mesh node r15_tubishanzhuang_darkwood.001
12:38:08 | INFO: Draco Decoder: Decode primitive r15_tubishanzhuang_darkwood.001
12:38:08 | INFO: Blender create Mesh node r15_tubishanzhuang_furniture.001
12:38:08 | INFO: Draco Decoder: Decode primitive r15_tubishanzhuang_furniture.001
12:38:08 | INFO: Blender create Mesh node r15_tubishanzhuang_gold.001
12:38:08 | INFO: Draco Decoder: Decode primitive r15_tubishanzhuang_gold.001
12:38:08 | INFO: Blender create Mesh node r15_tubishanzhuang_latticewood.001
12:38:08 | INFO: Draco Decoder: Decode primitive r15_tubishanzhuang_latticewood.001
12:38:08 | INFO: Blender create Mesh node r15_tubishanzhuang_plaster.002
12:38:08 | INFO: Draco Decoder: Decode primitive r15_tubishanzhuang_plaster.002
12:38:08 | INFO: Blender create Mesh node r15_tubishanzhuang_plaster.003
12:38:08 | INFO: Draco Decoder: Decode primitive r15_tubishanzhuang_plaster.003
12:38:08 | INFO: Blender create Mesh node r15_tubishanzhuang_qing_azurite.001
12:38:08 | INFO: Draco Decoder: Decode primitive r15_tubishanzhuang_qing_azurite.001
12:38:08 | INFO: Blender create Mesh node r15_tubishanzhuang_roof.001
12:38:08 | INFO: Draco Decoder: Decode primitive r15_tubishanzhuang_roof.001
12:38:08 | INFO: Blender create Mesh node r15_tubishanzhuang_screen.002
12:38:08 | INFO: Draco Decoder: Decode primitive r15_tubishanzhuang_screen.002
12:38:08 | INFO: Blender create Mesh node r15_tubishanzhuang_screen.003
12:38:08 | INFO: Draco Decoder: Decode primitive r15_tubishanzhuang_screen.003
12:38:08 | INFO: Blender create Mesh node r15_tubishanzhuang_stone.001
12:38:08 | INFO: Draco Decoder: Decode primitive r15_tubishanzhuang_stone.001
12:38:08 | INFO: Blender create Mesh node r15_tubishanzhuang_tile.001
12:38:08 | INFO: Draco Decoder: Decode primitive r15_tubishanzhuang_tile.001
12:38:08 | INFO: Blender create Mesh node r15_tubishanzhuang_tiledark.001
12:38:08 | INFO: Draco Decoder: Decode primitive r15_tubishanzhuang_tiledark.001
12:38:08 | INFO: Blender create Mesh node r15_tubishanzhuang_tilelight.001
12:38:08 | INFO: Draco Decoder: Decode primitive r15_tubishanzhuang_tilelight.001
12:38:08 | INFO: Blender create Mesh node r15_tubishanzhuang_wood.002
12:38:08 | INFO: Draco Decoder: Decode primitive r15_tubishanzhuang_wood.002
12:38:08 | INFO: Blender create Mesh node r15_tubishanzhuang_wood.003
12:38:08 | INFO: Draco Decoder: Decode primitive r15_tubishanzhuang_wood.003
12:38:08 | INFO: Blender create Mesh node Mobile_aojingxiguan_floorwood
12:38:08 | INFO: Draco Decoder: Decode primitive Mobile_aojingxiguan_floorwood
12:38:08 | INFO: Blender create Mesh node Mobile_aojingxiguan_paving
12:38:08 | INFO: Draco Decoder: Decode primitive Mobile_aojingxiguan_paving
12:38:08 | INFO: Blender create Mesh node Mobile_aojingxiguan_plants
12:38:08 | INFO: Draco Decoder: Decode primitive Mobile_aojingxiguan_plants
12:38:08 | INFO: Blender create Mesh node r15_aojingxiguan_cutstone.001
12:38:08 | INFO: Draco Decoder: Decode primitive r15_aojingxiguan_cutstone.001
12:38:08 | INFO: Blender create Mesh node r15_aojingxiguan_darkwood.001
12:38:08 | INFO: Draco Decoder: Decode primitive r15_aojingxiguan_darkwood.001
12:38:08 | INFO: Blender create Mesh node r15_aojingxiguan_furniture.001
12:38:08 | INFO: Draco Decoder: Decode primitive r15_aojingxiguan_furniture.001
12:38:08 | INFO: Blender create Mesh node r15_aojingxiguan_gold.001
12:38:08 | INFO: Draco Decoder: Decode primitive r15_aojingxiguan_gold.001
12:38:08 | INFO: Blender create Mesh node r15_aojingxiguan_latticewood.001
12:38:08 | INFO: Draco Decoder: Decode primitive r15_aojingxiguan_latticewood.001
12:38:08 | INFO: Blender create Mesh node r15_aojingxiguan_plaster.002
12:38:08 | INFO: Draco Decoder: Decode primitive r15_aojingxiguan_plaster.002
12:38:08 | INFO: Blender create Mesh node r15_aojingxiguan_plaster.003
12:38:08 | INFO: Draco Decoder: Decode primitive r15_aojingxiguan_plaster.003
12:38:08 | INFO: Blender create Mesh node r15_aojingxiguan_qing_azurite.001
12:38:08 | INFO: Draco Decoder: Decode primitive r15_aojingxiguan_qing_azurite.001
12:38:08 | INFO: Blender create Mesh node r15_aojingxiguan_roof.001
12:38:08 | INFO: Draco Decoder: Decode primitive r15_aojingxiguan_roof.001
12:38:08 | INFO: Blender create Mesh node r15_aojingxiguan_screen.002
12:38:08 | INFO: Draco Decoder: Decode primitive r15_aojingxiguan_screen.002
12:38:08 | INFO: Blender create Mesh node r15_aojingxiguan_screen.003
12:38:08 | INFO: Draco Decoder: Decode primitive r15_aojingxiguan_screen.003
12:38:08 | INFO: Blender create Mesh node r15_aojingxiguan_stone.001
12:38:08 | INFO: Draco Decoder: Decode primitive r15_aojingxiguan_stone.001
12:38:08 | INFO: Blender create Mesh node r15_aojingxiguan_tile.001
12:38:08 | INFO: Draco Decoder: Decode primitive r15_aojingxiguan_tile.001
12:38:08 | INFO: Blender create Mesh node r15_aojingxiguan_tiledark.001
12:38:08 | INFO: Draco Decoder: Decode primitive r15_aojingxiguan_tiledark.001
12:38:08 | INFO: Blender create Mesh node r15_aojingxiguan_tilelight.001
12:38:08 | INFO: Draco Decoder: Decode primitive r15_aojingxiguan_tilelight.001
12:38:08 | INFO: Blender create Mesh node r15_aojingxiguan_wood.002
12:38:08 | INFO: Draco Decoder: Decode primitive r15_aojingxiguan_wood.002
12:38:08 | INFO: Blender create Mesh node r15_aojingxiguan_wood.003
12:38:08 | INFO: Draco Decoder: Decode primitive r15_aojingxiguan_wood.003
12:38:08 | INFO: Blender create Mesh node Mobile_daguanlou_courtbase
12:38:08 | INFO: Draco Decoder: Decode primitive Mobile_daguanlou_courtbase
12:38:08 | INFO: Blender create Mesh node Mobile_daguanlou_floorwood
12:38:08 | INFO: Draco Decoder: Decode primitive Mobile_daguanlou_floorwood
12:38:08 | INFO: Blender create Mesh node Mobile_daguanlou_limestone
12:38:08 | INFO: Draco Decoder: Decode primitive Mobile_daguanlou_limestone
12:38:08 | INFO: Blender create Mesh node Mobile_daguanlou_paving
12:38:08 | INFO: Draco Decoder: Decode primitive Mobile_daguanlou_paving
12:38:08 | INFO: Blender create Mesh node Mobile_daguanlou_botanical_bamboo
12:38:08 | INFO: Draco Decoder: Decode primitive Mobile_daguanlou_botanical_bamboo
12:38:08 | INFO: Blender create Mesh node Mobile_daguanlou_botanical_litter
12:38:08 | INFO: Draco Decoder: Decode primitive Mobile_daguanlou_botanical_litter
12:38:08 | INFO: Blender create Mesh node Mobile_daguanlou_plants
12:38:08 | INFO: Draco Decoder: Decode primitive Mobile_daguanlou_plants
12:38:08 | INFO: Blender create Mesh node r15_daguanlou_bookcloth.001
12:38:08 | INFO: Draco Decoder: Decode primitive r15_daguanlou_bookcloth.001
12:38:08 | INFO: Blender create Mesh node r15_daguanlou_bookcover.001
12:38:08 | INFO: Draco Decoder: Decode primitive r15_daguanlou_bookcover.001
12:38:08 | INFO: Blender create Mesh node r15_daguanlou_ceramic.001
12:38:08 | INFO: Draco Decoder: Decode primitive r15_daguanlou_ceramic.001
12:38:08 | INFO: Blender create Mesh node r15_daguanlou_cutstone.001
12:38:08 | INFO: Draco Decoder: Decode primitive r15_daguanlou_cutstone.001
12:38:08 | INFO: Blender create Mesh node r15_daguanlou_darkwood.001
12:38:08 | INFO: Draco Decoder: Decode primitive r15_daguanlou_darkwood.001
12:38:08 | INFO: Blender create Mesh node r15_daguanlou_furniture.001
12:38:08 | INFO: Draco Decoder: Decode primitive r15_daguanlou_furniture.001
12:38:08 | INFO: Blender create Mesh node r15_daguanlou_gold.002
12:38:08 | INFO: Draco Decoder: Decode primitive r15_daguanlou_gold.002
12:38:08 | INFO: Blender create Mesh node r15_daguanlou_gold.003
12:38:08 | INFO: Draco Decoder: Decode primitive r15_daguanlou_gold.003
12:38:08 | INFO: Blender create Mesh node r15_daguanlou_goldroof.001
12:38:08 | INFO: Draco Decoder: Decode primitive r15_daguanlou_goldroof.001
12:38:08 | INFO: Blender create Mesh node r15_daguanlou_goldtile.001
12:38:08 | INFO: Draco Decoder: Decode primitive r15_daguanlou_goldtile.001
12:38:09 | INFO: Blender create Mesh node r15_daguanlou_goldtiledark.001
12:38:09 | INFO: Draco Decoder: Decode primitive r15_daguanlou_goldtiledark.001
12:38:09 | INFO: Blender create Mesh node r15_daguanlou_goldtilelight.001
12:38:09 | INFO: Draco Decoder: Decode primitive r15_daguanlou_goldtilelight.001
12:38:09 | INFO: Blender create Mesh node r15_daguanlou_ink.001
12:38:09 | INFO: Draco Decoder: Decode primitive r15_daguanlou_ink.001
12:38:09 | INFO: Blender create Mesh node r15_daguanlou_ivory.001
12:38:09 | INFO: Draco Decoder: Decode primitive r15_daguanlou_ivory.001
12:38:09 | INFO: Blender create Mesh node r15_daguanlou_lantern.001
12:38:09 | INFO: Draco Decoder: Decode primitive r15_daguanlou_lantern.001
12:38:09 | INFO: Blender create Mesh node r15_daguanlou_latticewood.001
12:38:09 | INFO: Draco Decoder: Decode primitive r15_daguanlou_latticewood.001
12:38:09 | INFO: Blender create Mesh node r15_daguanlou_paper.001
12:38:09 | INFO: Draco Decoder: Decode primitive r15_daguanlou_paper.001
12:38:09 | INFO: Blender create Mesh node r15_daguanlou_plaster.003
12:38:09 | INFO: Draco Decoder: Decode primitive r15_daguanlou_plaster.003
12:38:09 | INFO: Blender create Mesh node r15_daguanlou_plaster.004
12:38:09 | INFO: Draco Decoder: Decode primitive r15_daguanlou_plaster.004
12:38:09 | INFO: Blender create Mesh node r15_daguanlou_plaster.005
12:38:09 | INFO: Draco Decoder: Decode primitive r15_daguanlou_plaster.005
12:38:09 | INFO: Blender create Mesh node r15_daguanlou_qing_azurite.001
12:38:09 | INFO: Draco Decoder: Decode primitive r15_daguanlou_qing_azurite.001
12:38:09 | INFO: Blender create Mesh node r15_daguanlou_screen.002
12:38:09 | INFO: Draco Decoder: Decode primitive r15_daguanlou_screen.002
12:38:09 | INFO: Blender create Mesh node r15_daguanlou_screen.003
12:38:09 | INFO: Draco Decoder: Decode primitive r15_daguanlou_screen.003
12:38:09 | INFO: Blender create Mesh node r15_daguanlou_stone.001
12:38:09 | INFO: Draco Decoder: Decode primitive r15_daguanlou_stone.001
12:38:09 | INFO: Blender create Mesh node r15_daguanlou_wood.002
12:38:09 | INFO: Draco Decoder: Decode primitive r15_daguanlou_wood.002
12:38:09 | INFO: Blender create Mesh node r15_daguanlou_wood.003
12:38:09 | INFO: Draco Decoder: Decode primitive r15_daguanlou_wood.003
12:38:09 | INFO: Blender create Mesh node Mobile_longcuian_courtbase
12:38:09 | INFO: Draco Decoder: Decode primitive Mobile_longcuian_courtbase
12:38:09 | INFO: Blender create Mesh node Mobile_longcuian_floorwood
12:38:09 | INFO: Draco Decoder: Decode primitive Mobile_longcuian_floorwood
12:38:09 | INFO: Blender create Mesh node Mobile_longcuian_paving
12:38:09 | INFO: Draco Decoder: Decode primitive Mobile_longcuian_paving
12:38:09 | INFO: Blender create Mesh node Mobile_longcuian_plants
12:38:09 | INFO: Draco Decoder: Decode primitive Mobile_longcuian_plants
12:38:09 | INFO: Blender create Mesh node r15_longcuian_bookcloth.001
12:38:09 | INFO: Draco Decoder: Decode primitive r15_longcuian_bookcloth.001
12:38:09 | INFO: Blender create Mesh node r15_longcuian_bookcover.001
12:38:09 | INFO: Draco Decoder: Decode primitive r15_longcuian_bookcover.001
12:38:09 | INFO: Blender create Mesh node r15_longcuian_ceramic.001
12:38:09 | INFO: Draco Decoder: Decode primitive r15_longcuian_ceramic.001
12:38:09 | INFO: Blender create Mesh node r15_longcuian_cutstone.001
12:38:09 | INFO: Draco Decoder: Decode primitive r15_longcuian_cutstone.001
12:38:09 | INFO: Blender create Mesh node r15_longcuian_darkwood.001
12:38:09 | INFO: Draco Decoder: Decode primitive r15_longcuian_darkwood.001
12:38:09 | INFO: Blender create Mesh node r15_longcuian_furniture.001
12:38:09 | INFO: Draco Decoder: Decode primitive r15_longcuian_furniture.001
12:38:09 | INFO: Blender create Mesh node r15_longcuian_gold.002
12:38:09 | INFO: Draco Decoder: Decode primitive r15_longcuian_gold.002
12:38:09 | INFO: Blender create Mesh node r15_longcuian_gold.003
12:38:09 | INFO: Draco Decoder: Decode primitive r15_longcuian_gold.003
tices, 486 indices
DracoDecoder | Decoded 686 vertices, 990 indices
DracoDecoder | Decoded 460 vertices, 624 indices
DracoDecoder | Decoded 188 vertices, 258 indices
DracoDecoder | Decoded 7728 vertices, 11664 indices
DracoDecoder | Decoded 1452 vertices, 1452 indices
DracoDecoder | Decoded 96 vertices, 132 indices
DracoDecoder | Decoded 3744 vertices, 5148 indices
DracoDecoder | Decoded 48 vertices, 72 indices
DracoDecoder | Decoded 286 vertices, 426 indices
DracoDecoder | Decoded 216 vertices, 324 indices
DracoDecoder | Decoded 192 vertices, 288 indices
DracoDecoder | Decoded 796 vertices, 996 indices
DracoDecoder | Decoded 11774 vertices, 12018 indices
DracoDecoder | Decoded 2096 vertices, 2220 indices
DracoDecoder | Decoded 682 vertices, 690 indices
DracoDecoder | Decoded 9216 vertices, 12672 indices
DracoDecoder | Decoded 6880 vertices, 9066 indices
DracoDecoder | Decoded 1332 vertices, 1998 indices
DracoDecoder | Decoded 768 vertices, 1158 indices
DracoDecoder | Decoded 486 vertices, 486 indices
DracoDecoder | Decoded 650 vertices, 906 indices
DracoDecoder | Decoded 468 vertices, 624 indices
DracoDecoder | Decoded 182 vertices, 258 indices
DracoDecoder | Decoded 7728 vertices, 11664 indices
DracoDecoder | Decoded 1128 vertices, 1128 indices
DracoDecoder | Decoded 96 vertices, 132 indices
DracoDecoder | Decoded 3744 vertices, 5148 indices
DracoDecoder | Decoded 48 vertices, 72 indices
DracoDecoder | Decoded 286 vertices, 426 indices
DracoDecoder | Decoded 192 vertices, 288 indices
DracoDecoder | Decoded 216 vertices, 324 indices
DracoDecoder | Decoded 842 vertices, 1020 indices
DracoDecoder | Decoded 10807 vertices, 10911 indices
DracoDecoder | Decoded 1936 vertices, 2058 indices
DracoDecoder | Decoded 608 vertices, 648 indices
DracoDecoder | Decoded 6612 vertices, 8670 indices
DracoDecoder | Decoded 9216 vertices, 12672 indices
DracoDecoder | Decoded 8 vertices, 12 indices
DracoDecoder | Decoded 14416 vertices, 21624 indices
DracoDecoder | Decoded 2175 vertices, 2199 indices
DracoDecoder | Decoded 2842 vertices, 4314 indices
DracoDecoder | Decoded 1287 vertices, 1287 indices
DracoDecoder | Decoded 423 vertices, 423 indices
DracoDecoder | Decoded 1809 vertices, 1809 indices
DracoDecoder | Decoded 528 vertices, 792 indices
DracoDecoder | Decoded 48 vertices, 72 indices
DracoDecoder | Decoded 214 vertices, 222 indices
DracoDecoder | Decoded 6510 vertices, 9114 indices
DracoDecoder | Decoded 9267 vertices, 11148 indices
DracoDecoder | Decoded 2132 vertices, 2892 indices
DracoDecoder | Decoded 5892 vertices, 5892 indices
DracoDecoder | Decoded 82176 vertices, 124032 indices
DracoDecoder | Decoded 3638 vertices, 5418 indices
DracoDecoder | Decoded 175785 vertices, 181929 indices
DracoDecoder | Decoded 36478 vertices, 38466 indices
DracoDecoder | Decoded 12218 vertices, 12726 indices
DracoDecoder | Decoded 752 vertices, 1152 indices
DracoDecoder | Decoded 312 vertices, 468 indices
DracoDecoder | Decoded 3266 vertices, 3510 indices
DracoDecoder | Decoded 11076 vertices, 11076 indices
DracoDecoder | Decoded 340 vertices, 540 indices
DracoDecoder | Decoded 5088 vertices, 6996 indices
DracoDecoder | Decoded 768 vertices, 1056 indices
DracoDecoder | Decoded 38400 vertices, 52800 indices
DracoDecoder | Decoded 384 vertices, 576 indices
DracoDecoder | Decoded 480 vertices, 480 indices
DracoDecoder | Decoded 2256 vertices, 3384 indices
DracoDecoder | Decoded 4334 vertices, 5832 indices
DracoDecoder | Decoded 72929 vertices, 97845 indices
DracoDecoder | Decoded 95808 vertices, 131736 indices
DracoDecoder | Decoded 4 vertices, 6 indices
DracoDecoder | Decoded 1860 vertices, 2790 indices
DracoDecoder | Decoded 318 vertices, 480 indices
DracoDecoder | Decoded 3814 vertices, 3825 indices
DracoDecoder | Decoded 528 vertices, 792 indices
DracoDecoder | Decoded 48 vertices, 72 indices
DracoDecoder | Decoded 161 vertices, 165 indices
DracoDecoder | Decoded 1266 vertices, 1746 indices
DracoDecoder | Decoded 1110 vertices, 1452 indices
DracoDecoder | Decoded 444 vertices, 558 indices
DracoDecoder | Decoded 336 vertices, 600 indices
DracoDec12:38:09 | INFO: Blender create Mesh node r15_longcuian_ink.001
12:38:09 | INFO: Draco Decoder: Decode primitive r15_longcuian_ink.001
12:38:09 | INFO: Blender create Mesh node r15_longcuian_ivory.001
12:38:09 | INFO: Draco Decoder: Decode primitive r15_longcuian_ivory.001
12:38:09 | INFO: Blender create Mesh node r15_longcuian_latticewood.001
12:38:09 | INFO: Draco Decoder: Decode primitive r15_longcuian_latticewood.001
12:38:09 | INFO: Blender create Mesh node r15_longcuian_paper.001
12:38:09 | INFO: Draco Decoder: Decode primitive r15_longcuian_paper.001
12:38:09 | INFO: Blender create Mesh node r15_longcuian_plaster.003
12:38:09 | INFO: Draco Decoder: Decode primitive r15_longcuian_plaster.003
12:38:09 | INFO: Blender create Mesh node r15_longcuian_plaster.004
12:38:09 | INFO: Draco Decoder: Decode primitive r15_longcuian_plaster.004
12:38:09 | INFO: Blender create Mesh node r15_longcuian_plaster.005
12:38:09 | INFO: Draco Decoder: Decode primitive r15_longcuian_plaster.005
12:38:09 | INFO: Blender create Mesh node r15_longcuian_qing_jade.001
12:38:09 | INFO: Draco Decoder: Decode primitive r15_longcuian_qing_jade.001
12:38:09 | INFO: Blender create Mesh node r15_longcuian_roof.001
12:38:09 | INFO: Draco Decoder: Decode primitive r15_longcuian_roof.001
12:38:09 | INFO: Blender create Mesh node r15_longcuian_screen.002
12:38:09 | INFO: Draco Decoder: Decode primitive r15_longcuian_screen.002
12:38:09 | INFO: Blender create Mesh node r15_longcuian_screen.003
12:38:09 | INFO: Draco Decoder: Decode primitive r15_longcuian_screen.003
12:38:09 | INFO: Blender create Mesh node r15_longcuian_stone.001
12:38:09 | INFO: Draco Decoder: Decode primitive r15_longcuian_stone.001
12:38:09 | INFO: Blender create Mesh node r15_longcuian_tile.001
12:38:09 | INFO: Draco Decoder: Decode primitive r15_longcuian_tile.001
12:38:09 | INFO: Blender create Mesh node r15_longcuian_tiledark.001
12:38:09 | INFO: Draco Decoder: Decode primitive r15_longcuian_tiledark.001
12:38:09 | INFO: Blender create Mesh node r15_longcuian_tilelight.001
12:38:09 | INFO: Draco Decoder: Decode primitive r15_longcuian_tilelight.001
12:38:09 | INFO: Blender create Mesh node r15_longcuian_wood.002
12:38:09 | INFO: Draco Decoder: Decode primitive r15_longcuian_wood.002
12:38:09 | INFO: Blender create Mesh node r15_longcuian_wood.003
12:38:09 | INFO: Draco Decoder: Decode primitive r15_longcuian_wood.003
12:38:09 | INFO: Blender create Mesh node Mobile_nuanxiangwu_courtbase
12:38:09 | INFO: Draco Decoder: Decode primitive Mobile_nuanxiangwu_courtbase
12:38:09 | INFO: Blender create Mesh node Mobile_nuanxiangwu_floorwood
12:38:09 | INFO: Draco Decoder: Decode primitive Mobile_nuanxiangwu_floorwood
12:38:09 | INFO: Blender create Mesh node Mobile_nuanxiangwu_paving
12:38:09 | INFO: Draco Decoder: Decode primitive Mobile_nuanxiangwu_paving
12:38:09 | INFO: Blender create Mesh node Mobile_nuanxiangwu_plants
12:38:09 | INFO: Draco Decoder: Decode primitive Mobile_nuanxiangwu_plants
12:38:09 | INFO: Blender create Mesh node r15_nuanxiangwu_bookcloth.001
12:38:09 | INFO: Draco Decoder: Decode primitive r15_nuanxiangwu_bookcloth.001
12:38:09 | INFO: Blender create Mesh node r15_nuanxiangwu_bookcover.001
12:38:09 | INFO: Draco Decoder: Decode primitive r15_nuanxiangwu_bookcover.001
12:38:09 | INFO: Blender create Mesh node r15_nuanxiangwu_ceramic.001
12:38:09 | INFO: Draco Decoder: Decode primitive r15_nuanxiangwu_ceramic.001
12:38:09 | INFO: Blender create Mesh node r15_nuanxiangwu_cutstone.001
12:38:09 | INFO: Draco Decoder: Decode primitive r15_nuanxiangwu_cutstone.001
12:38:09 | INFO: Blender create Mesh node r15_nuanxiangwu_darkwood.001
12:38:09 | INFO: Draco Decoder: Decode primitive r15_nuanxiangwu_darkwood.001
12:38:10 | INFO: Blender create Mesh node r15_nuanxiangwu_furniture.001
12:38:10 | INFO: Draco Decoder: Decode primitive r15_nuanxiangwu_furniture.001
12:38:10 | INFO: Blender create Mesh node r15_nuanxiangwu_gold.002
12:38:10 | INFO: Draco Decoder: Decode primitive r15_nuanxiangwu_gold.002
12:38:10 | INFO: Blender create Mesh node r15_nuanxiangwu_gold.003
12:38:10 | INFO: Draco Decoder: Decode primitive r15_nuanxiangwu_gold.003
12:38:10 | INFO: Blender create Mesh node r15_nuanxiangwu_ink.001
12:38:10 | INFO: Draco Decoder: Decode primitive r15_nuanxiangwu_ink.001
12:38:10 | INFO: Blender create Mesh node r15_nuanxiangwu_ivory.001
12:38:10 | INFO: Draco Decoder: Decode primitive r15_nuanxiangwu_ivory.001
12:38:10 | INFO: Blender create Mesh node r15_nuanxiangwu_latticewood.001
12:38:10 | INFO: Draco Decoder: Decode primitive r15_nuanxiangwu_latticewood.001
12:38:10 | INFO: Blender create Mesh node r15_nuanxiangwu_paper.001
12:38:10 | INFO: Draco Decoder: Decode primitive r15_nuanxiangwu_paper.001
12:38:10 | INFO: Blender create Mesh node r15_nuanxiangwu_plaster.002
12:38:10 | INFO: Draco Decoder: Decode primitive r15_nuanxiangwu_plaster.002
12:38:10 | INFO: Blender create Mesh node r15_nuanxiangwu_plaster.003
12:38:10 | INFO: Draco Decoder: Decode primitive r15_nuanxiangwu_plaster.003
12:38:10 | INFO: Blender create Mesh node r15_nuanxiangwu_qing_azurite.001
12:38:10 | INFO: Draco Decoder: Decode primitive r15_nuanxiangwu_qing_azurite.001
12:38:10 | INFO: Blender create Mesh node r15_nuanxiangwu_roof.001
12:38:10 | INFO: Draco Decoder: Decode primitive r15_nuanxiangwu_roof.001
12:38:10 | INFO: Blender create Mesh node r15_nuanxiangwu_screen.002
12:38:10 | INFO: Draco Decoder: Decode primitive r15_nuanxiangwu_screen.002
12:38:10 | INFO: Blender create Mesh node r15_nuanxiangwu_screen.003
12:38:10 | INFO: Draco Decoder: Decode primitive r15_nuanxiangwu_screen.003
12:38:10 | INFO: Blender create Mesh node r15_nuanxiangwu_silk.001
12:38:10 | INFO: Draco Decoder: Decode primitive r15_nuanxiangwu_silk.001
12:38:10 | INFO: Blender create Mesh node r15_nuanxiangwu_stone.001
12:38:10 | INFO: Draco Decoder: Decode primitive r15_nuanxiangwu_stone.001
12:38:10 | INFO: Blender create Mesh node r15_nuanxiangwu_tile.001
12:38:10 | INFO: Draco Decoder: Decode primitive r15_nuanxiangwu_tile.001
12:38:10 | INFO: Blender create Mesh node r15_nuanxiangwu_tiledark.001
12:38:10 | INFO: Draco Decoder: Decode primitive r15_nuanxiangwu_tiledark.001
12:38:10 | INFO: Blender create Mesh node r15_nuanxiangwu_tilelight.001
12:38:10 | INFO: Draco Decoder: Decode primitive r15_nuanxiangwu_tilelight.001
12:38:10 | INFO: Blender create Mesh node r15_nuanxiangwu_wood.002
12:38:10 | INFO: Draco Decoder: Decode primitive r15_nuanxiangwu_wood.002
12:38:10 | INFO: Blender create Mesh node r15_nuanxiangwu_wood.003
12:38:10 | INFO: Draco Decoder: Decode primitive r15_nuanxiangwu_wood.003
12:38:10 | INFO: Blender create Mesh node landscape_lantern
12:38:10 | INFO: Draco Decoder: Decode primitive landscape_lantern
12:38:10 | INFO: Blender create Mesh node Mobile_landscape
12:38:10 | INFO: Draco Decoder: Decode primitive Mobile_landscape
12:38:10 | INFO: Blender create Mesh node Mobile_landscape_paving
12:38:10 | INFO: Draco Decoder: Decode primitive Mobile_landscape_paving
12:38:10 | INFO: Blender create Mesh node Mobile_landscape_limestone
12:38:10 | INFO: Draco Decoder: Decode primitive Mobile_landscape_limestone
12:38:10 | INFO: Blender create Mesh node Mobile_landscape_roofshell
12:38:10 | INFO: Draco Decoder: Decode primitive Mobile_landscape_roofshell
12:38:10 | INFO: Blender create Mesh node Mobile_landscape_earth
12:38:10 | INFO: Draco Decoder: Decode primitive Mobile_landscape_earth
12:38:11 | INFO: Blender create Mesh node Mobile_landscape_bankstone
12:38:11 | INFO: Draco Decoder: Decode primitive Mobile_landscape_bankstone
12:38:11 | INFO: Blender create Mesh node Mobile_landscape_plants
12:38:11 | INFO: Draco Decoder: Decode primitive Mobile_landscape_plants
12:38:11 | INFO: Blender create Mesh node Mobile_landscape_botanical_bamboo
12:38:11 | INFO: Draco Decoder: Decode primitive Mobile_landscape_botanical_bamboo
12:38:11 | INFO: glTF import finished in 4.58s
12:38:12 | INFO: Data are loaded, start creating Blender stuff
12:38:12 | INFO: Blender create Mesh node Mobile_daguanyuan_gate_floorwood
12:38:12 | INFO: Draco Decoder: Decode primitive Mobile_daguanyuan_gate_floorwood
12:38:12 | INFO: Blender create Mesh node Mobile_daguanyuan_gate_limestone
12:38:12 | INFO: Draco Decoder: Decode primitive Mobile_daguanyuan_gate_limestone
12:38:12 | INFO: Blender create Mesh node Mobile_daguanyuan_gate_paving
12:38:12 | INFO: Draco Decoder: Decode primitive Mobile_daguanyuan_gate_paving
12:38:12 | INFO: Blender create Mesh node r15_daguanyuan_gate_cutstone.001
12:38:12 | INFO: Draco Decoder: Decode primitive r15_daguanyuan_gate_cutstone.001
12:38:12 | INFO: Blender create Mesh node r15_daguanyuan_gate_darkwood.001
12:38:12 | INFO: Draco Decoder: Decode primitive r15_daguanyuan_gate_darkwood.001
12:38:12 | INFO: Blender create Mesh node r15_daguanyuan_gate_furniture.001
12:38:12 | INFO: Draco Decoder: Decode primitive r15_daguanyuan_gate_furniture.001
12:38:12 | INFO: Blender create Mesh node r15_daguanyuan_gate_gold.001
12:38:12 | INFO: Draco Decoder: Decode primitive r15_daguanyuan_gate_gold.001
12:38:12 | INFO: Blender create Mesh node r15_daguanyuan_gate_latticewood.001
12:38:12 | INFO: Draco Decoder: Decode primitive r15_daguanyuan_gate_latticewood.001
12:38:12 | INFO: Blender create Mesh node r15_daguanyuan_gate_plaster.002
12:38:12 | INFO: Draco Decoder: Decode primitive r15_daguanyuan_gate_plaster.002
12:38:12 | INFO: Blender create Mesh node r15_daguanyuan_gate_plaster.003
12:38:12 | INFO: Draco Decoder: Decode primitive r15_daguanyuan_gate_plaster.003
12:38:12 | INFO: Blender create Mesh node r15_daguanyuan_gate_qing_azurite.001
12:38:12 | INFO: Draco Decoder: Decode primitive r15_daguanyuan_gate_qing_azurite.001
12:38:12 | INFO: Blender create Mesh node r15_daguanyuan_gate_roof.001
12:38:12 | INFO: Draco Decoder: Decode primitive r15_daguanyuan_gate_roof.001
12:38:12 | INFO: Blender create Mesh node r15_daguanyuan_gate_screen.002
12:38:12 | INFO: Draco Decoder: Decode primitive r15_daguanyuan_gate_screen.002
12:38:12 | INFO: Blender create Mesh node r15_daguanyuan_gate_screen.003
12:38:12 | INFO: Draco Decoder: Decode primitive r15_daguanyuan_gate_screen.003
12:38:12 | INFO: Blender create Mesh node r15_daguanyuan_gate_stone.001
12:38:12 | INFO: Draco Decoder: Decode primitive r15_daguanyuan_gate_stone.001
12:38:12 | INFO: Blender create Mesh node r15_daguanyuan_gate_tile.001
12:38:12 | INFO: Draco Decoder: Decode primitive r15_daguanyuan_gate_tile.001
12:38:12 | INFO: Blender create Mesh node r15_daguanyuan_gate_tiledark.001
12:38:12 | INFO: Draco Decoder: Decode primitive r15_daguanyuan_gate_tiledark.001
12:38:12 | INFO: Blender create Mesh node r15_daguanyuan_gate_tilelight.001
12:38:12 | INFO: Draco Decoder: Decode primitive r15_daguanyuan_gate_tilelight.001
12:38:12 | INFO: Blender create Mesh node r15_daguanyuan_gate_wood.002
12:38:12 | INFO: Draco Decoder: Decode primitive r15_daguanyuan_gate_wood.002
12:38:12 | INFO: Blender create Mesh node r15_daguanyuan_gate_wood.003
12:38:12 | INFO: Draco Decoder: Decode primitive r15_daguanyuan_gate_wood.003
12:38:12 | INFO: Blender create Mesh node Mobile_qujingtongyou_gardenstone
12:38:12 | INFO: Draco Decoder: Decode primitive Mobile_qujingtongyou_gardenstone
12:38:12 | INFO: Blender create Mesh node Mobile_qujingtongyou_limestone
12:38:12 | INFO: Draco Decoder: Decode primitive Mobile_qujingtongyou_limestone
12:38:12 | INFO: Blender create Mesh node Mobile_qujingtongyou_plants
12:38:12 | INFO: Draco Decoder: Decode primitive Mobile_qujingtongyou_plants
12:38:12 | INFO: Blender create Mesh node Mobile_xiaoxiangguan_bankstone
12:38:12 | INFO: Draco Decoder: Decode primitive Mobile_xiaoxiangguan_bankstone
12:38:12 | INFO: Blender create Mesh node Mobile_xiaoxiangguan_floorwood
12:38:12 | INFO: Draco Decoder: Decode primitive Mobile_xiaoxiangguan_floorwood
12:38:12 | INFO: Blender create Mesh node Mobile_xiaoxiangguan_paving
12:38:12 | INFO: Draco Decoder: Decode primitive Mobile_xiaoxiangguan_paving
oder | Decoded 15456 vertices, 23328 indices
DracoDecoder | Decoded 752 vertices, 1152 indices
DracoDecoder | Decoded 312 vertices, 468 indices
DracoDecoder | Decoded 1128 vertices, 1128 indices
DracoDecoder | Decoded 340 vertices, 540 indices
DracoDecoder | Decoded 3264 vertices, 4488 indices
DracoDecoder | Decoded 192 vertices, 264 indices
DracoDecoder | Decoded 6720 vertices, 9240 indices
DracoDecoder | Decoded 96 vertices, 144 indices
DracoDecoder | Decoded 690 vertices, 1026 indices
DracoDecoder | Decoded 192 vertices, 288 indices
DracoDecoder | Decoded 384 vertices, 576 indices
DracoDecoder | Decoded 307 vertices, 507 indices
DracoDecoder | Decoded 19958 vertices, 20346 indices
DracoDecoder | Decoded 5332 vertices, 5676 indices
DracoDecoder | Decoded 1092 vertices, 1104 indices
DracoDecoder | Decoded 11864 vertices, 15708 indices
DracoDecoder | Decoded 16704 vertices, 22968 indices
DracoDecoder | Decoded 4 vertices, 6 indices
DracoDecoder | Decoded 1232 vertices, 1848 indices
DracoDecoder | Decoded 266 vertices, 420 indices
DracoDecoder | Decoded 2238 vertices, 2262 indices
DracoDecoder | Decoded 528 vertices, 792 indices
DracoDecoder | Decoded 48 vertices, 72 indices
DracoDecoder | Decoded 168 vertices, 168 indices
DracoDecoder | Decoded 646 vertices, 906 indices
DracoDecoder | Decoded 728 vertices, 948 indices
DracoDecoder | Decoded 436 vertices, 558 indices
DracoDecoder | Decoded 336 vertices, 600 indices
DracoDecoder | Decoded 7728 vertices, 11664 indices
DracoDecoder | Decoded 752 vertices, 1152 indices
DracoDecoder | Decoded 312 vertices, 468 indices
DracoDecoder | Decoded 1464 vertices, 1464 indices
DracoDecoder | Decoded 364 vertices, 576 indices
DracoDecoder | Decoded 96 vertices, 132 indices
DracoDecoder | Decoded 3744 vertices, 5148 indices
DracoDecoder | Decoded 48 vertices, 72 indices
DracoDecoder | Decoded 506 vertices, 750 indices
DracoDecoder | Decoded 216 vertices, 324 indices
DracoDecoder | Decoded 216 vertices, 324 indices
DracoDecoder | Decoded 48 vertices, 72 indices
DracoDecoder | Decoded 1136 vertices, 1572 indices
DracoDecoder | Decoded 15378 vertices, 15690 indices
DracoDecoder | Decoded 5056 vertices, 5352 indices
DracoDecoder | Decoded 1191 vertices, 1191 indices
DracoDecoder | Decoded 7197 vertices, 9435 indices
DracoDecoder | Decoded 9216 vertices, 12672 indices
DracoDecoder | Decoded 1744 vertices, 1824 indices
DracoDecoder | Decoded 59161 vertices, 70887 indices
DracoDecoder | Decoded 20980 vertices, 33252 indices
DracoDecoder | Decoded 352924 vertices, 353376 indices
DracoDecoder | Decoded 1334 vertices, 1974 indices
DracoDecoder | Decoded 4227 vertices, 21927 indices
DracoDecoder | Decoded 6444 vertices, 9666 indices
DracoDecoder | Decoded 22138 vertices, 23226 indices
DracoDecoder | Decoded 16431 vertices, 16431 indices
DracoDecoder | Decoded 1508 vertices, 2262 indices
DracoDecoder | Decoded 183 vertices, 183 indices
DracoDecoder | Decoded 4 vertices, 6 indices
DracoDecoder | Decoded 876 vertices, 1248 indices
DracoDecoder | Decoded 684 vertices, 888 indices
DracoDecoder | Decoded 376 vertices, 516 indices
DracoDecoder | Decoded 12816 vertices, 19344 indices
DracoDecoder | Decoded 1860 vertices, 1860 indices
DracoDecoder | Decoded 96 vertices, 132 indices
DracoDecoder | Decoded 4416 vertices, 6072 indices
DracoDecoder | Decoded 48 vertices, 72 indices
DracoDecoder | Decoded 238 vertices, 354 indices
DracoDecoder | Decoded 384 vertices, 576 indices
DracoDecoder | Decoded 240 vertices, 360 indices
DracoDecoder | Decoded 1272 vertices, 1836 indices
DracoDecoder | Decoded 11495 vertices, 11739 indices
DracoDecoder | Decoded 2396 vertices, 2502 indices
DracoDecoder | Decoded 750 vertices, 750 indices
DracoDecoder | Decoded 9600 vertices, 12714 indices
DracoDecoder | Decoded 11136 vertices, 15312 indices
DracoDecoder | Decoded 2190 vertices, 8301 indices
DracoDecoder | Decoded 273 vertices, 273 indices
DracoDecoder | Decoded 486 vertices, 486 indices
DracoDecoder | Decoded 744 vertices, 744 indices
DracoDecoder | Decoded 1152 vertices, 1728 indices
DracoDecoder | Decoded 18 vertices, 3012:38:12 | INFO: Blender create Mesh node Mobile_xiaoxiangguan_botanical_bamboo
12:38:12 | INFO: Draco Decoder: Decode primitive Mobile_xiaoxiangguan_botanical_bamboo
12:38:12 | INFO: Blender create Mesh node Mobile_xiaoxiangguan_botanical_banana
12:38:12 | INFO: Draco Decoder: Decode primitive Mobile_xiaoxiangguan_botanical_banana
12:38:12 | INFO: Blender create Mesh node Mobile_xiaoxiangguan_botanical_litter
12:38:12 | INFO: Draco Decoder: Decode primitive Mobile_xiaoxiangguan_botanical_litter
12:38:12 | INFO: Blender create Mesh node Mobile_xiaoxiangguan_botanical_petal
12:38:12 | INFO: Draco Decoder: Decode primitive Mobile_xiaoxiangguan_botanical_petal
12:38:12 | INFO: Blender create Mesh node Mobile_xiaoxiangguan_plants
12:38:12 | INFO: Draco Decoder: Decode primitive Mobile_xiaoxiangguan_plants
12:38:12 | INFO: Blender create Mesh node r15_xiaoxiangguan_bookcloth.001
12:38:12 | INFO: Draco Decoder: Decode primitive r15_xiaoxiangguan_bookcloth.001
12:38:12 | INFO: Blender create Mesh node r15_xiaoxiangguan_bookcover.001
12:38:12 | INFO: Draco Decoder: Decode primitive r15_xiaoxiangguan_bookcover.001
12:38:12 | INFO: Blender create Mesh node r15_xiaoxiangguan_ceramic.001
12:38:12 | INFO: Draco Decoder: Decode primitive r15_xiaoxiangguan_ceramic.001
12:38:12 | INFO: Blender create Mesh node r15_xiaoxiangguan_cutstone.001
12:38:12 | INFO: Draco Decoder: Decode primitive r15_xiaoxiangguan_cutstone.001
12:38:12 | INFO: Blender create Mesh node r15_xiaoxiangguan_darkwood.001
12:38:12 | INFO: Draco Decoder: Decode primitive r15_xiaoxiangguan_darkwood.001
12:38:12 | INFO: Blender create Mesh node r15_xiaoxiangguan_furniture.001
12:38:12 | INFO: Draco Decoder: Decode primitive r15_xiaoxiangguan_furniture.001
12:38:12 | INFO: Blender create Mesh node r15_xiaoxiangguan_gold.002
12:38:12 | INFO: Draco Decoder: Decode primitive r15_xiaoxiangguan_gold.002
12:38:12 | INFO: Blender create Mesh node r15_xiaoxiangguan_gold.003
12:38:12 | INFO: Draco Decoder: Decode primitive r15_xiaoxiangguan_gold.003
12:38:12 | INFO: Blender create Mesh node r15_xiaoxiangguan_ink.001
12:38:12 | INFO: Draco Decoder: Decode primitive r15_xiaoxiangguan_ink.001
12:38:12 | INFO: Blender create Mesh node r15_xiaoxiangguan_ivory.001
12:38:12 | INFO: Draco Decoder: Decode primitive r15_xiaoxiangguan_ivory.001
12:38:12 | INFO: Blender create Mesh node r15_xiaoxiangguan_lantern.001
12:38:12 | INFO: Draco Decoder: Decode primitive r15_xiaoxiangguan_lantern.001
12:38:12 | INFO: Blender create Mesh node r15_xiaoxiangguan_latticewood.001
12:38:12 | INFO: Draco Decoder: Decode primitive r15_xiaoxiangguan_latticewood.001
12:38:12 | INFO: Blender create Mesh node r15_xiaoxiangguan_paper.001
12:38:12 | INFO: Draco Decoder: Decode primitive r15_xiaoxiangguan_paper.001
12:38:12 | INFO: Blender create Mesh node r15_xiaoxiangguan_plaster.003
12:38:12 | INFO: Draco Decoder: Decode primitive r15_xiaoxiangguan_plaster.003
12:38:12 | INFO: Blender create Mesh node r15_xiaoxiangguan_plaster.004
12:38:12 | INFO: Draco Decoder: Decode primitive r15_xiaoxiangguan_plaster.004
12:38:12 | INFO: Blender create Mesh node r15_xiaoxiangguan_plaster.005
12:38:12 | INFO: Draco Decoder: Decode primitive r15_xiaoxiangguan_plaster.005
12:38:12 | INFO: Blender create Mesh node r15_xiaoxiangguan_qing_jade.001
12:38:12 | INFO: Draco Decoder: Decode primitive r15_xiaoxiangguan_qing_jade.001
12:38:12 | INFO: Blender create Mesh node r15_xiaoxiangguan_roof.001
12:38:12 | INFO: Draco Decoder: Decode primitive r15_xiaoxiangguan_roof.001
12:38:12 | INFO: Blender create Mesh node r15_xiaoxiangguan_screen.001
12:38:12 | INFO: Draco Decoder: Decode primitive r15_xiaoxiangguan_screen.001
12:38:12 | INFO: Blender create Mesh node r15_xiaoxiangguan_silk.001
12:38:12 | INFO: Draco Decoder: Decode primitive r15_xiaoxiangguan_silk.001
12:38:12 | INFO: Blender create Mesh node r15_xiaoxiangguan_stone.001
12:38:12 | INFO: Draco Decoder: Decode primitive r15_xiaoxiangguan_stone.001
12:38:12 | INFO: Blender create Mesh node r15_xiaoxiangguan_tile.001
12:38:12 | INFO: Draco Decoder: Decode primitive r15_xiaoxiangguan_tile.001
12:38:12 | INFO: Blender create Mesh node r15_xiaoxiangguan_tiledark.001
12:38:12 | INFO: Draco Decoder: Decode primitive r15_xiaoxiangguan_tiledark.001
12:38:12 | INFO: Blender create Mesh node r15_xiaoxiangguan_tilelight.001
12:38:12 | INFO: Draco Decoder: Decode primitive r15_xiaoxiangguan_tilelight.001
12:38:12 | INFO: Blender create Mesh node r15_xiaoxiangguan_wood.002
12:38:12 | INFO: Draco Decoder: Decode primitive r15_xiaoxiangguan_wood.002
12:38:12 | INFO: Blender create Mesh node r15_xiaoxiangguan_wood.003
12:38:12 | INFO: Draco Decoder: Decode primitive r15_xiaoxiangguan_wood.003
12:38:12 | INFO: Blender create Mesh node Mobile_yihongyuan_courtbase
12:38:12 | INFO: Draco Decoder: Decode primitive Mobile_yihongyuan_courtbase
12:38:12 | INFO: Blender create Mesh node Mobile_yihongyuan_floorwood
12:38:12 | INFO: Draco Decoder: Decode primitive Mobile_yihongyuan_floorwood
12:38:12 | INFO: Blender create Mesh node Mobile_yihongyuan_gardenstone
12:38:12 | INFO: Draco Decoder: Decode primitive Mobile_yihongyuan_gardenstone
12:38:12 | INFO: Blender create Mesh node Mobile_yihongyuan_limestone
12:38:12 | INFO: Draco Decoder: Decode primitive Mobile_yihongyuan_limestone
12:38:12 | INFO: Blender create Mesh node Mobile_yihongyuan_paving
12:38:12 | INFO: Draco Decoder: Decode primitive Mobile_yihongyuan_paving
12:38:12 | INFO: Blender create Mesh node Mobile_yihongyuan_botanical_bamboo
12:38:12 | INFO: Draco Decoder: Decode primitive Mobile_yihongyuan_botanical_bamboo
12:38:12 | INFO: Blender create Mesh node Mobile_yihongyuan_botanical_banana
12:38:12 | INFO: Draco Decoder: Decode primitive Mobile_yihongyuan_botanical_banana
12:38:12 | INFO: Blender create Mesh node Mobile_yihongyuan_botanical_litter
12:38:12 | INFO: Draco Decoder: Decode primitive Mobile_yihongyuan_botanical_litter
12:38:12 | INFO: Blender create Mesh node Mobile_yihongyuan_botanical_petal
12:38:12 | INFO: Draco Decoder: Decode primitive Mobile_yihongyuan_botanical_petal
12:38:12 | INFO: Blender create Mesh node Mobile_yihongyuan_plants
12:38:12 | INFO: Draco Decoder: Decode primitive Mobile_yihongyuan_plants
12:38:12 | INFO: Blender create Mesh node r15_yihongyuan_bookcloth.001
12:38:12 | INFO: Draco Decoder: Decode primitive r15_yihongyuan_bookcloth.001
12:38:12 | INFO: Blender create Mesh node r15_yihongyuan_bookcover.001
12:38:12 | INFO: Draco Decoder: Decode primitive r15_yihongyuan_bookcover.001
12:38:12 | INFO: Blender create Mesh node r15_yihongyuan_ceramic.001
12:38:12 | INFO: Draco Decoder: Decode primitive r15_yihongyuan_ceramic.001
12:38:12 | INFO: Blender create Mesh node r15_yihongyuan_cutstone.001
12:38:12 | INFO: Draco Decoder: Decode primitive r15_yihongyuan_cutstone.001
12:38:12 | INFO: Blender create Mesh node r15_yihongyuan_darkwood.001
12:38:12 | INFO: Draco Decoder: Decode primitive r15_yihongyuan_darkwood.001
12:38:12 | INFO: Blender create Mesh node r15_yihongyuan_furniture.001
12:38:12 | INFO: Draco Decoder: Decode primitive r15_yihongyuan_furniture.001
12:38:12 | INFO: Blender create Mesh node r15_yihongyuan_gold.002
12:38:12 | INFO: Draco Decoder: Decode primitive r15_yihongyuan_gold.002
12:38:12 | INFO: Blender create Mesh node r15_yihongyuan_gold.003
12:38:12 | INFO: Draco Decoder: Decode primitive r15_yihongyuan_gold.003
12:38:12 | INFO: Blender create Mesh node r15_yihongyuan_ink.001
12:38:12 | INFO: Draco Decoder: Decode primitive r15_yihongyuan_ink.001
12:38:12 | INFO: Blender create Mesh node r15_yihongyuan_ivory.001
12:38:12 | INFO: Draco Decoder: Decode primitive r15_yihongyuan_ivory.001
12:38:13 | INFO: Blender create Mesh node r15_yihongyuan_lantern.001
12:38:13 | INFO: Draco Decoder: Decode primitive r15_yihongyuan_lantern.001
12:38:13 | INFO: Blender create Mesh node r15_yihongyuan_latticewood.001
12:38:13 | INFO: Draco Decoder: Decode primitive r15_yihongyuan_latticewood.001
12:38:13 | INFO: Blender create Mesh node r15_yihongyuan_paper.001
12:38:13 | INFO: Draco Decoder: Decode primitive r15_yihongyuan_paper.001
12:38:13 | INFO: Blender create Mesh node r15_yihongyuan_plaster.003
12:38:13 | INFO: Draco Decoder: Decode primitive r15_yihongyuan_plaster.003
12:38:13 | INFO: Blender create Mesh node r15_yihongyuan_plaster.004
12:38:13 | INFO: Draco Decoder: Decode primitive r15_yihongyuan_plaster.004
12:38:13 | INFO: Blender create Mesh node r15_yihongyuan_plaster.005
12:38:13 | INFO: Draco Decoder: Decode primitive r15_yihongyuan_plaster.005
12:38:13 | INFO: Blender create Mesh node r15_yihongyuan_qing_azurite.001
12:38:13 | INFO: Draco Decoder: Decode primitive r15_yihongyuan_qing_azurite.001
12:38:13 | INFO: Blender create Mesh node r15_yihongyuan_roof.001
12:38:13 | INFO: Draco Decoder: Decode primitive r15_yihongyuan_roof.001
12:38:13 | INFO: Blender create Mesh node r15_yihongyuan_screen.002
12:38:13 | INFO: Draco Decoder: Decode primitive r15_yihongyuan_screen.002
12:38:13 | INFO: Blender create Mesh node r15_yihongyuan_screen.003
12:38:13 | INFO: Draco Decoder: Decode primitive r15_yihongyuan_screen.003
12:38:13 | INFO: Blender create Mesh node r15_yihongyuan_silk.001
12:38:13 | INFO: Draco Decoder: Decode primitive r15_yihongyuan_silk.001
12:38:13 | INFO: Blender create Mesh node r15_yihongyuan_stone.001
12:38:13 | INFO: Draco Decoder: Decode primitive r15_yihongyuan_stone.001
12:38:13 | INFO: Blender create Mesh node r15_yihongyuan_tile.001
12:38:13 | INFO: Draco Decoder: Decode primitive r15_yihongyuan_tile.001
12:38:13 | INFO: Blender create Mesh node r15_yihongyuan_tiledark.001
12:38:13 | INFO: Draco Decoder: Decode primitive r15_yihongyuan_tiledark.001
12:38:13 | INFO: Blender create Mesh node r15_yihongyuan_tilelight.001
12:38:13 | INFO: Draco Decoder: Decode primitive r15_yihongyuan_tilelight.001
12:38:13 | INFO: Blender create Mesh node r15_yihongyuan_wood.002
12:38:13 | INFO: Draco Decoder: Decode primitive r15_yihongyuan_wood.002
12:38:13 | INFO: Blender create Mesh node r15_yihongyuan_wood.003
12:38:13 | INFO: Draco Decoder: Decode primitive r15_yihongyuan_wood.003
12:38:13 | INFO: Blender create Mesh node Mobile_hengwuyuan_courtbase
12:38:13 | INFO: Draco Decoder: Decode primitive Mobile_hengwuyuan_courtbase
12:38:13 | INFO: Blender create Mesh node Mobile_hengwuyuan_floorwood
12:38:13 | INFO: Draco Decoder: Decode primitive Mobile_hengwuyuan_floorwood
12:38:13 | INFO: Blender create Mesh node Mobile_hengwuyuan_gardenstone
12:38:13 | INFO: Draco Decoder: Decode primitive Mobile_hengwuyuan_gardenstone
12:38:13 | INFO: Blender create Mesh node Mobile_hengwuyuan_limestone
12:38:13 | INFO: Draco Decoder: Decode primitive Mobile_hengwuyuan_limestone
12:38:13 | INFO: Blender create Mesh node Mobile_hengwuyuan_paving
12:38:13 | INFO: Draco Decoder: Decode primitive Mobile_hengwuyuan_paving
12:38:13 | INFO: Blender create Mesh node Mobile_hengwuyuan_botanical_bamboo
12:38:13 | INFO: Draco Decoder: Decode primitive Mobile_hengwuyuan_botanical_bamboo
12:38:13 | INFO: Blender create Mesh node Mobile_hengwuyuan_botanical_litter
12:38:13 | INFO: Draco Decoder: Decode primitive Mobile_hengwuyuan_botanical_litter
12:38:13 | INFO: Blender create Mesh node Mobile_hengwuyuan_plants
12:38:13 | INFO: Draco Decoder: Decode primitive Mobile_hengwuyuan_plants
12:38:13 | INFO: Blender create Mesh node r15_hengwuyuan_bookcloth.001
12:38:13 | INFO: Draco Decoder: Decode primitive r15_hengwuyuan_bookcloth.001
12:38:13 | INFO: Blender create Mesh node r15_hengwuyuan_bookcover.001
12:38:13 | INFO: Draco Decoder: Decode primitive r15_hengwuyuan_bookcover.001
12:38:13 | INFO: Blender create Mesh node r15_hengwuyuan_ceramic.001
12:38:13 | INFO: Draco Decoder: Decode primitive r15_hengwuyuan_ceramic.001
12:38:13 | INFO: Blender create Mesh node r15_hengwuyuan_clay.001
12:38:13 | INFO: Draco Decoder: Decode primitive r15_hengwuyuan_clay.001
12:38:13 | INFO: Blender create Mesh node r15_hengwuyuan_cutstone.001
12:38:13 | INFO: Draco Decoder: Decode primitive r15_hengwuyuan_cutstone.001
12:38:13 | INFO: Blender create Mesh node r15_hengwuyuan_darkwood.001
12:38:13 | INFO: Draco Decoder: Decode primitive r15_hengwuyuan_darkwood.001
12:38:13 | INFO: Blender create Mesh node r15_hengwuyuan_furniture.001
12:38:13 | INFO: Draco Decoder: Decode primitive r15_hengwuyuan_furniture.001
 indices
DracoDecoder | Decoded 4323 vertices, 4323 indices
DracoDecoder | Decoded 44 vertices, 78 indices
DracoDecoder | Decoded 108 vertices, 108 indices
DracoDecoder | Decoded 186 vertices, 186 indices
DracoDecoder | Decoded 1360 vertices, 1386 indices
DracoDecoder | Decoded 256 vertices, 282 indices
DracoDecoder | Decoded 768 vertices, 1152 indices
DracoDecoder | Decoded 213 vertices, 225 indices
DracoDecoder | Decoded 1294 vertices, 1812 indices
DracoDecoder | Decoded 1266 vertices, 1680 indices
DracoDecoder | Decoded 370 vertices, 474 indices
DracoDecoder | Decoded 12912 vertices, 19488 indices
DracoDecoder | Decoded 864 vertices, 1440 indices
DracoDecoder | Decoded 924 vertices, 924 indices
DracoDecoder | Decoded 1062 vertices, 1062 indices
DracoDecoder | Decoded 320 vertices, 480 indices
DracoDecoder | Decoded 666 vertices, 666 indices
DracoDecoder | Decoded 360 vertices, 360 indices
DracoDecoder | Decoded 192 vertices, 264 indices
DracoDecoder | Decoded 5952 vertices, 8184 indices
DracoDecoder | Decoded 5472 vertices, 7524 indices
DracoDecoder | Decoded 96 vertices, 144 indices
DracoDecoder | Decoded 736 vertices, 1092 indices
DracoDecoder | Decoded 336 vertices, 504 indices
DracoDecoder | Decoded 24 vertices, 36 indices
DracoDecoder | Decoded 307 vertices, 507 indices
DracoDecoder | Decoded 16262 vertices, 16578 indices
DracoDecoder | Decoded 6026 vertices, 6384 indices
DracoDecoder | Decoded 999 vertices, 1035 indices
DracoDecoder | Decoded 14592 vertices, 20064 indices
DracoDecoder | Decoded 9612 vertices, 12864 indices
DracoDecoder | Decoded 4 vertices, 6 indices
DracoDecoder | Decoded 1440 vertices, 2160 indices
DracoDecoder | Decoded 2227 vertices, 8310 indices
DracoDecoder | Decoded 366 vertices, 366 indices
DracoDecoder | Decoded 410 vertices, 618 indices
DracoDecoder | Decoded 357 vertices, 357 indices
DracoDecoder | Decoded 131 vertices, 237 indices
DracoDecoder | Decoded 58 vertices, 60 indices
DracoDecoder | Decoded 186 vertices, 186 indices
DracoDecoder | Decoded 1722 vertices, 1788 indices
DracoDecoder | Decoded 528 vertices, 792 indices
DracoDecoder | Decoded 48 vertices, 72 indices
DracoDecoder | Decoded 560 vertices, 924 indices
DracoDecoder | Decoded 982 vertices, 1356 indices
DracoDecoder | Decoded 1014 vertices, 1308 indices
DracoDecoder | Decoded 250 vertices, 300 indices
DracoDecoder | Decoded 12816 vertices, 19344 indices
DracoDecoder | Decoded 720 vertices, 1176 indices
DracoDecoder | Decoded 752 vertices, 1152 indices
DracoDecoder | Decoded 312 vertices, 468 indices
DracoDecoder | Decoded 320 vertices, 480 indices
DracoDecoder | Decoded 3300 vertices, 3300 indices
DracoDecoder | Decoded 340 vertices, 540 indices
DracoDecoder | Decoded 96 vertices, 132 indices
DracoDecoder | Decoded 5280 vertices, 7260 indices
DracoDecoder | Decoded 4800 vertices, 6600 indices
DracoDecoder | Decoded 48 vertices, 72 indices
DracoDecoder | Decoded 878 vertices, 1302 indices
DracoDecoder | Decoded 312 vertices, 468 indices
DracoDecoder | Decoded 120 vertices, 180 indices
DracoDecoder | Decoded 72 vertices, 108 indices
DracoDecoder | Decoded 350 vertices, 600 indices
DracoDecoder | Decoded 23237 vertices, 23697 indices
DracoDecoder | Decoded 8060 vertices, 8526 indices
DracoDecoder | Decoded 1728 vertices, 1752 indices
DracoDecoder | Decoded 13440 vertices, 18480 indices
DracoDecoder | Decoded 9178 vertices, 12192 indices
DracoDecoder | Decoded 8 vertices, 12 indices
DracoDecoder | Decoded 1648 vertices, 2472 indices
DracoDecoder | Decoded 2202 vertices, 8337 indices
DracoDecoder | Decoded 273 vertices, 273 indices
DracoDecoder | Decoded 254 vertices, 384 indices
DracoDecoder | Decoded 393 vertices, 393 indices
DracoDecoder | Decoded 82 vertices, 84 indices
DracoDecoder | Decoded 1547 vertices, 1713 indices
DracoDecoder | Decoded 528 vertices, 792 indices
DracoDecoder | Decoded 48 vertices, 72 indices
DracoDecoder | Decoded 560 vertices, 924 indices
DracoDecoder | Decoded 320 vertices, 480 indices
DracoDecoder | Decoded 1070 vertices, 1488 indices
DracoDecoder | Decoded 958 vertices, 1176 indices
DracoDecoder12:38:13 | INFO: Blender create Mesh node r15_hengwuyuan_gold.002
12:38:13 | INFO: Draco Decoder: Decode primitive r15_hengwuyuan_gold.002
12:38:13 | INFO: Blender create Mesh node r15_hengwuyuan_gold.003
12:38:13 | INFO: Draco Decoder: Decode primitive r15_hengwuyuan_gold.003
12:38:13 | INFO: Blender create Mesh node r15_hengwuyuan_ink.001
12:38:13 | INFO: Draco Decoder: Decode primitive r15_hengwuyuan_ink.001
12:38:13 | INFO: Blender create Mesh node r15_hengwuyuan_ivory.001
12:38:13 | INFO: Draco Decoder: Decode primitive r15_hengwuyuan_ivory.001
12:38:13 | INFO: Blender create Mesh node r15_hengwuyuan_lantern.001
12:38:13 | INFO: Draco Decoder: Decode primitive r15_hengwuyuan_lantern.001
12:38:13 | INFO: Blender create Mesh node r15_hengwuyuan_latticewood.001
12:38:13 | INFO: Draco Decoder: Decode primitive r15_hengwuyuan_latticewood.001
12:38:13 | INFO: Blender create Mesh node r15_hengwuyuan_paper.001
12:38:13 | INFO: Draco Decoder: Decode primitive r15_hengwuyuan_paper.001
12:38:13 | INFO: Blender create Mesh node r15_hengwuyuan_plaster.003
12:38:13 | INFO: Draco Decoder: Decode primitive r15_hengwuyuan_plaster.003
12:38:13 | INFO: Blender create Mesh node r15_hengwuyuan_plaster.004
12:38:13 | INFO: Draco Decoder: Decode primitive r15_hengwuyuan_plaster.004
12:38:13 | INFO: Blender create Mesh node r15_hengwuyuan_plaster.005
12:38:13 | INFO: Draco Decoder: Decode primitive r15_hengwuyuan_plaster.005
12:38:13 | INFO: Blender create Mesh node r15_hengwuyuan_qing_jade.001
12:38:13 | INFO: Draco Decoder: Decode primitive r15_hengwuyuan_qing_jade.001
12:38:13 | INFO: Blender create Mesh node r15_hengwuyuan_roof.001
12:38:13 | INFO: Draco Decoder: Decode primitive r15_hengwuyuan_roof.001
12:38:13 | INFO: Blender create Mesh node r15_hengwuyuan_screen.002
12:38:13 | INFO: Draco Decoder: Decode primitive r15_hengwuyuan_screen.002
12:38:13 | INFO: Blender create Mesh node r15_hengwuyuan_screen.003
12:38:13 | INFO: Draco Decoder: Decode primitive r15_hengwuyuan_screen.003
12:38:13 | INFO: Blender create Mesh node r15_hengwuyuan_stone.001
12:38:13 | INFO: Draco Decoder: Decode primitive r15_hengwuyuan_stone.001
12:38:13 | INFO: Blender create Mesh node r15_hengwuyuan_tile.001
12:38:13 | INFO: Draco Decoder: Decode primitive r15_hengwuyuan_tile.001
12:38:13 | INFO: Blender create Mesh node r15_hengwuyuan_tiledark.001
12:38:13 | INFO: Draco Decoder: Decode primitive r15_hengwuyuan_tiledark.001
12:38:13 | INFO: Blender create Mesh node r15_hengwuyuan_tilelight.001
12:38:13 | INFO: Draco Decoder: Decode primitive r15_hengwuyuan_tilelight.001
12:38:13 | INFO: Blender create Mesh node r15_hengwuyuan_wood.002
12:38:13 | INFO: Draco Decoder: Decode primitive r15_hengwuyuan_wood.002
12:38:13 | INFO: Blender create Mesh node r15_hengwuyuan_wood.003
12:38:13 | INFO: Draco Decoder: Decode primitive r15_hengwuyuan_wood.003
12:38:13 | INFO: Blender create Mesh node Mobile_qiushuangzhai_courtbase
12:38:13 | INFO: Draco Decoder: Decode primitive Mobile_qiushuangzhai_courtbase
12:38:13 | INFO: Blender create Mesh node Mobile_qiushuangzhai_floorwood
12:38:13 | INFO: Draco Decoder: Decode primitive Mobile_qiushuangzhai_floorwood
12:38:13 | INFO: Blender create Mesh node Mobile_qiushuangzhai_paving
12:38:13 | INFO: Draco Decoder: Decode primitive Mobile_qiushuangzhai_paving
12:38:13 | INFO: Blender create Mesh node Mobile_qiushuangzhai_botanical_bamboo
12:38:13 | INFO: Draco Decoder: Decode primitive Mobile_qiushuangzhai_botanical_bamboo
12:38:13 | INFO: Blender create Mesh node Mobile_qiushuangzhai_botanical_litter
12:38:13 | INFO: Draco Decoder: Decode primitive Mobile_qiushuangzhai_botanical_litter
12:38:13 | INFO: Blender create Mesh node Mobile_qiushuangzhai_plants
12:38:13 | INFO: Draco Decoder: Decode primitive Mobile_qiushuangzhai_plants
12:38:13 | INFO: Blender create Mesh node r15_qiushuangzhai_bookcloth.001
12:38:13 | INFO: Draco Decoder: Decode primitive r15_qiushuangzhai_bookcloth.001
12:38:13 | INFO: Blender create Mesh node r15_qiushuangzhai_bookcover.001
12:38:13 | INFO: Draco Decoder: Decode primitive r15_qiushuangzhai_bookcover.001
12:38:13 | INFO: Blender create Mesh node r15_qiushuangzhai_ceramic.001
12:38:13 | INFO: Draco Decoder: Decode primitive r15_qiushuangzhai_ceramic.001
12:38:13 | INFO: Blender create Mesh node r15_qiushuangzhai_cutstone.001
12:38:13 | INFO: Draco Decoder: Decode primitive r15_qiushuangzhai_cutstone.001
12:38:13 | INFO: Blender create Mesh node r15_qiushuangzhai_darkwood.001
12:38:13 | INFO: Draco Decoder: Decode primitive r15_qiushuangzhai_darkwood.001
12:38:13 | INFO: Blender create Mesh node r15_qiushuangzhai_furniture.001
12:38:13 | INFO: Draco Decoder: Decode primitive r15_qiushuangzhai_furniture.001
12:38:13 | INFO: Blender create Mesh node r15_qiushuangzhai_gold.002
12:38:13 | INFO: Draco Decoder: Decode primitive r15_qiushuangzhai_gold.002
12:38:13 | INFO: Blender create Mesh node r15_qiushuangzhai_gold.003
12:38:13 | INFO: Draco Decoder: Decode primitive r15_qiushuangzhai_gold.003
12:38:13 | INFO: Blender create Mesh node r15_qiushuangzhai_ink.001
12:38:13 | INFO: Draco Decoder: Decode primitive r15_qiushuangzhai_ink.001
12:38:13 | INFO: Blender create Mesh node r15_qiushuangzhai_ivory.001
12:38:13 | INFO: Draco Decoder: Decode primitive r15_qiushuangzhai_ivory.001
12:38:13 | INFO: Blender create Mesh node r15_qiushuangzhai_lantern.001
12:38:13 | INFO: Draco Decoder: Decode primitive r15_qiushuangzhai_lantern.001
12:38:13 | INFO: Blender create Mesh node r15_qiushuangzhai_latticewood.001
12:38:13 | INFO: Draco Decoder: Decode primitive r15_qiushuangzhai_latticewood.001
12:38:13 | INFO: Blender create Mesh node r15_qiushuangzhai_marble.001
12:38:13 | INFO: Draco Decoder: Decode primitive r15_qiushuangzhai_marble.001
12:38:13 | INFO: Blender create Mesh node r15_qiushuangzhai_paper.001
12:38:13 | INFO: Draco Decoder: Decode primitive r15_qiushuangzhai_paper.001
12:38:13 | INFO: Blender create Mesh node r15_qiushuangzhai_plaster.003
12:38:13 | INFO: Draco Decoder: Decode primitive r15_qiushuangzhai_plaster.003
12:38:13 | INFO: Blender create Mesh node r15_qiushuangzhai_plaster.004
12:38:13 | INFO: Draco Decoder: Decode primitive r15_qiushuangzhai_plaster.004
12:38:13 | INFO: Blender create Mesh node r15_qiushuangzhai_plaster.005
12:38:13 | INFO: Draco Decoder: Decode primitive r15_qiushuangzhai_plaster.005
12:38:13 | INFO: Blender create Mesh node r15_qiushuangzhai_qing_azurite.001
12:38:13 | INFO: Draco Decoder: Decode primitive r15_qiushuangzhai_qing_azurite.001
12:38:13 | INFO: Blender create Mesh node r15_qiushuangzhai_roof.001
12:38:13 | INFO: Draco Decoder: Decode primitive r15_qiushuangzhai_roof.001
12:38:13 | INFO: Blender create Mesh node r15_qiushuangzhai_screen.002
12:38:13 | INFO: Draco Decoder: Decode primitive r15_qiushuangzhai_screen.002
12:38:13 | INFO: Blender create Mesh node r15_qiushuangzhai_screen.003
12:38:13 | INFO: Draco Decoder: Decode primitive r15_qiushuangzhai_screen.003
12:38:13 | INFO: Blender create Mesh node r15_qiushuangzhai_silk.001
12:38:13 | INFO: Draco Decoder: Decode primitive r15_qiushuangzhai_silk.001
12:38:13 | INFO: Blender create Mesh node r15_qiushuangzhai_stone.001
12:38:13 | INFO: Draco Decoder: Decode primitive r15_qiushuangzhai_stone.001
12:38:13 | INFO: Blender create Mesh node r15_qiushuangzhai_tile.001
12:38:13 | INFO: Draco Decoder: Decode primitive r15_qiushuangzhai_tile.001
12:38:13 | INFO: Blender create Mesh node r15_qiushuangzhai_tiledark.001
12:38:13 | INFO: Draco Decoder: Decode primitive r15_qiushuangzhai_tiledark.001
12:38:13 | INFO: Blender create Mesh node r15_qiushuangzhai_tilelight.001
12:38:13 | INFO: Draco Decoder: Decode primitive r15_qiushuangzhai_tilelight.001
12:38:13 | INFO: Blender create Mesh node r15_qiushuangzhai_wood.002
12:38:13 | INFO: Draco Decoder: Decode primitive r15_qiushuangzhai_wood.002
12:38:13 | INFO: Blender create Mesh node r15_qiushuangzhai_wood.003
12:38:13 | INFO: Draco Decoder: Decode primitive r15_qiushuangzhai_wood.003
12:38:13 | INFO: Blender create Mesh node Mobile_daoxiangcun_paving
12:38:13 | INFO: Draco Decoder: Decode primitive Mobile_daoxiangcun_paving
12:38:13 | INFO: Blender create Mesh node Mobile_daoxiangcun_plants
12:38:13 | INFO: Draco Decoder: Decode primitive Mobile_daoxiangcun_plants
12:38:13 | INFO: Blender create Mesh node r15_daoxiangcun_clay.001
12:38:13 | INFO: Draco Decoder: Decode primitive r15_daoxiangcun_clay.001
12:38:13 | INFO: Blender create Mesh node r15_daoxiangcun_plaster.001
12:38:13 | INFO: Draco Decoder: Decode primitive r15_daoxiangcun_plaster.001
12:38:13 | INFO: Blender create Mesh node r15_daoxiangcun_qing_clay.001
12:38:13 | INFO: Draco Decoder: Decode primitive r15_daoxiangcun_qing_clay.001
12:38:13 | INFO: Blender create Mesh node r15_daoxiangcun_rusticwood.002
12:38:13 | INFO: Draco Decoder: Decode primitive r15_daoxiangcun_rusticwood.002
12:38:13 | INFO: Blender create Mesh node r15_daoxiangcun_rusticwood.003
12:38:13 | INFO: Draco Decoder: Decode primitive r15_daoxiangcun_rusticwood.003
12:38:13 | INFO: Blender create Mesh node r15_daoxiangcun_screen.002
12:38:13 | INFO: Draco Decoder: Decode primitive r15_daoxiangcun_screen.002
12:38:13 | INFO: Blender create Mesh node r15_daoxiangcun_screen.003
12:38:13 | INFO: Draco Decoder: Decode primitive r15_daoxiangcun_screen.003
12:38:13 | INFO: Blender create Mesh node r15_daoxiangcun_stone.001
12:38:13 | INFO: Draco Decoder: Decode primitive r15_daoxiangcun_stone.001
12:38:13 | INFO: Blender create Mesh node r15_daoxiangcun_thatch.001
12:38:13 | INFO: Draco Decoder: Decode primitive r15_daoxiangcun_thatch.001
12:38:13 | INFO: Blender create Mesh node Mobile_ouxiangxie_plants
12:38:13 | INFO: Draco Decoder: Decode primitive Mobile_ouxiangxie_plants
12:38:13 | INFO: Blender create Mesh node r15_ouxiangxie_bookcloth.001
12:38:13 | INFO: Draco Decoder: Decode primitive r15_ouxiangxie_bookcloth.001
12:38:13 | INFO: Blender create Mesh node r15_ouxiangxie_bookcover.001
12:38:13 | INFO: Draco Decoder: Decode primitive r15_ouxiangxie_bookcover.001
12:38:13 | INFO: Blender create Mesh node r15_ouxiangxie_ceramic.001
12:38:13 | INFO: Draco Decoder: Decode primitive r15_ouxiangxie_ceramic.001
12:38:13 | INFO: Blender create Mesh node r15_ouxiangxie_darkwood.001
12:38:13 | INFO: Draco Decoder: Decode primitive r15_ouxiangxie_darkwood.001
12:38:13 | INFO: Blender create Mesh node r15_ouxiangxie_furniture.001
12:38:13 | INFO: Draco Decoder: Decode primitive r15_ouxiangxie_furniture.001
12:38:13 | INFO: Blender create Mesh node r15_ouxiangxie_gold.002
12:38:13 | INFO: Draco Decoder: Decode primitive r15_ouxiangxie_gold.002
12:38:13 | INFO: Blender create Mesh node r15_ouxiangxie_gold.003
12:38:13 | INFO: Draco Decoder: Decode primitive r15_ouxiangxie_gold.003
12:38:13 | INFO: Blender create Mesh node r15_ouxiangxie_ink.001
12:38:13 | INFO: Draco Decoder: Decode primitive r15_ouxiangxie_ink.001
12:38:13 | INFO: Blender create Mesh node r15_ouxiangxie_ivory.001
12:38:13 | INFO: Draco Decoder: Decode primitive r15_ouxiangxie_ivory.001
12:38:13 | INFO: Blender create Mesh node r15_ouxiangxie_latticewood.001
12:38:13 | INFO: Draco Decoder: Decode primitive r15_ouxiangxie_latticewood.001
12:38:13 | INFO: Blender create Mesh node r15_ouxiangxie_paper.001
12:38:13 | INFO: Draco Decoder: Decode primitive r15_ouxiangxie_paper.001
12:38:13 | INFO: Blender create Mesh node r15_ouxiangxie_plaster.002
12:38:13 | INFO: Draco Decoder: Decode primitive r15_ouxiangxie_plaster.002
12:38:13 | INFO: Blender create Mesh node r15_ouxiangxie_plaster.003
12:38:13 | INFO: Draco Decoder: Decode primitive r15_ouxiangxie_plaster.003
12:38:13 | INFO: Blender create Mesh node r15_ouxiangxie_qing_azurite.001
12:38:13 | INFO: Draco Decoder: Decode primitive r15_ouxiangxie_qing_azurite.001
12:38:13 | INFO: Blender create Mesh node r15_ouxiangxie_roof.001
12:38:13 | INFO: Draco Decoder: Decode primitive r15_ouxiangxie_roof.001
12:38:13 | INFO: Blender create Mesh node r15_ouxiangxie_screen.002
12:38:13 | INFO: Draco Decoder: Decode primitive r15_ouxiangxie_screen.002
 | Decoded 252 vertices, 300 indices
DracoDecoder | Decoded 720 vertices, 1176 indices
DracoDecoder | Decoded 12816 vertices, 19344 indices
DracoDecoder | Decoded 752 vertices, 1152 indices
DracoDecoder | Decoded 312 vertices, 468 indices
DracoDecoder | Decoded 320 vertices, 480 indices
DracoDecoder | Decoded 612 vertices, 612 indices
DracoDecoder | Decoded 340 vertices, 540 indices
DracoDecoder | Decoded 4800 vertices, 6600 indices
DracoDecoder | Decoded 96 vertices, 132 indices
DracoDecoder | Decoded 5280 vertices, 7260 indices
DracoDecoder | Decoded 48 vertices, 72 indices
DracoDecoder | Decoded 626 vertices, 930 indices
DracoDecoder | Decoded 24 vertices, 36 indices
DracoDecoder | Decoded 312 vertices, 468 indices
DracoDecoder | Decoded 350 vertices, 600 indices
DracoDecoder | Decoded 22283 vertices, 22755 indices
DracoDecoder | Decoded 6254 vertices, 6540 indices
DracoDecoder | Decoded 1524 vertices, 1572 indices
DracoDecoder | Decoded 9239 vertices, 12093 indices
DracoDecoder | Decoded 13440 vertices, 18480 indices
DracoDecoder | Decoded 4 vertices, 6 indices
DracoDecoder | Decoded 1784 vertices, 2676 indices
DracoDecoder | Decoded 594 vertices, 894 indices
DracoDecoder | Decoded 417 vertices, 417 indices
DracoDecoder | Decoded 84 vertices, 84 indices
DracoDecoder | Decoded 1577 vertices, 1707 indices
DracoDecoder | Decoded 434 vertices, 474 indices
DracoDecoder | Decoded 240 vertices, 360 indices
DracoDecoder | Decoded 535 vertices, 609 indices
DracoDecoder | Decoded 796 vertices, 1164 indices
DracoDecoder | Decoded 1676 vertices, 2028 indices
DracoDecoder | Decoded 1444 vertices, 1764 indices
DracoDecoder | Decoded 418 vertices, 426 indices
DracoDecoder | Decoded 7728 vertices, 11664 indices
DracoDecoder | Decoded 686 vertices, 690 indices
DracoDecoder | Decoded 390 vertices, 390 indices
DracoDecoder | Decoded 320 vertices, 480 indices
DracoDecoder | Decoded 1548 vertices, 1548 indices
DracoDecoder | Decoded 24 vertices, 36 indices
DracoDecoder | Decoded 286 vertices, 324 indices
DracoDecoder | Decoded 480 vertices, 660 indices
DracoDecoder | Decoded 96 vertices, 132 indices
DracoDecoder | Decoded 3744 vertices, 5148 indices
DracoDecoder | Decoded 48 vertices, 72 indices
DracoDecoder | Decoded 406 vertices, 606 indices
DracoDecoder | Decoded 192 vertices, 288 indices
DracoDecoder | Decoded 216 vertices, 324 indices
DracoDecoder | Decoded 24 vertices, 36 indices
DracoDecoder | Decoded 350 vertices, 600 indices
DracoDecoder | Decoded 15137 vertices, 15405 indices
DracoDecoder | Decoded 2366 vertices, 2502 indices
DracoDecoder | Decoded 856 vertices, 864 indices
DracoDecoder | Decoded 8349 vertices, 10326 indices
DracoDecoder | Decoded 9216 vertices, 12672 indices
DracoDecoder | Decoded 30 vertices, 66 indices
DracoDecoder | Decoded 7801 vertices, 7857 indices
DracoDecoder | Decoded 4260 vertices, 5736 indices
DracoDecoder | Decoded 288 vertices, 396 indices
DracoDecoder | Decoded 1656 vertices, 2484 indices
DracoDecoder | Decoded 2458 vertices, 3078 indices
DracoDecoder | Decoded 3456 vertices, 5184 indices
DracoDecoder | Decoded 192 vertices, 288 indices
DracoDecoder | Decoded 360 vertices, 540 indices
DracoDecoder | Decoded 1216 vertices, 1554 indices
DracoDecoder | Decoded 456 vertices, 456 indices
DracoDecoder | Decoded 192 vertices, 324 indices
DracoDecoder | Decoded 528 vertices, 792 indices
DracoDecoder | Decoded 48 vertices, 72 indices
DracoDecoder | Decoded 560 vertices, 924 indices
DracoDecoder | Decoded 2048 vertices, 2880 indices
DracoDecoder | Decoded 250 vertices, 300 indices
DracoDecoder | Decoded 336 vertices, 600 indices
DracoDecoder | Decoded 7728 vertices, 11664 indices
DracoDecoder | Decoded 752 vertices, 1152 indices
DracoDecoder | Decoded 312 vertices, 468 indices
DracoDecoder | Decoded 492 vertices, 492 indices
DracoDecoder | Decoded 340 vertices, 540 indices
DracoDecoder | Decoded 96 vertices, 132 indices
DracoDecoder | Decoded 3744 vertices, 5148 indices
DracoDecoder | Decoded 48 vertices, 72 indices
DracoDecoder | Decoded 286 vertices, 426 indices
DracoDecoder | Decoded 216 vertices, 324 i12:38:13 | INFO: Blender create Mesh node r15_ouxiangxie_screen.003
12:38:13 | INFO: Draco Decoder: Decode primitive r15_ouxiangxie_screen.003
12:38:13 | INFO: Blender create Mesh node r15_ouxiangxie_stone.001
12:38:13 | INFO: Draco Decoder: Decode primitive r15_ouxiangxie_stone.001
12:38:13 | INFO: Blender create Mesh node r15_ouxiangxie_tile.001
12:38:13 | INFO: Draco Decoder: Decode primitive r15_ouxiangxie_tile.001
12:38:13 | INFO: Blender create Mesh node r15_ouxiangxie_tiledark.001
12:38:13 | INFO: Draco Decoder: Decode primitive r15_ouxiangxie_tiledark.001
12:38:13 | INFO: Blender create Mesh node r15_ouxiangxie_tilelight.001
12:38:13 | INFO: Draco Decoder: Decode primitive r15_ouxiangxie_tilelight.001
12:38:13 | INFO: Blender create Mesh node r15_ouxiangxie_wood.002
12:38:13 | INFO: Draco Decoder: Decode primitive r15_ouxiangxie_wood.002
12:38:13 | INFO: Blender create Mesh node r15_ouxiangxie_wood.003
12:38:13 | INFO: Draco Decoder: Decode primitive r15_ouxiangxie_wood.003
12:38:13 | INFO: Blender create Mesh node r15_dicuiting_darkwood.001
12:38:13 | INFO: Draco Decoder: Decode primitive r15_dicuiting_darkwood.001
12:38:13 | INFO: Blender create Mesh node r15_dicuiting_gold.001
12:38:13 | INFO: Draco Decoder: Decode primitive r15_dicuiting_gold.001
12:38:13 | INFO: Blender create Mesh node r15_dicuiting_lantern.001
12:38:13 | INFO: Draco Decoder: Decode primitive r15_dicuiting_lantern.001
12:38:13 | INFO: Blender create Mesh node r15_dicuiting_roof.001
12:38:13 | INFO: Draco Decoder: Decode primitive r15_dicuiting_roof.001
12:38:13 | INFO: Blender create Mesh node r15_dicuiting_stone.001
12:38:13 | INFO: Draco Decoder: Decode primitive r15_dicuiting_stone.001
12:38:13 | INFO: Blender create Mesh node r15_dicuiting_tile.001
12:38:13 | INFO: Draco Decoder: Decode primitive r15_dicuiting_tile.001
12:38:13 | INFO: Blender create Mesh node r15_dicuiting_tiledark.001
12:38:13 | INFO: Draco Decoder: Decode primitive r15_dicuiting_tiledark.001
12:38:13 | INFO: Blender create Mesh node r15_dicuiting_tilelight.001
12:38:13 | INFO: Draco Decoder: Decode primitive r15_dicuiting_tilelight.001
12:38:13 | INFO: Blender create Mesh node r15_dicuiting_wood.001
12:38:13 | INFO: Draco Decoder: Decode primitive r15_dicuiting_wood.001
12:38:13 | INFO: Blender create Mesh node Mobile_luxuean_paving
12:38:13 | INFO: Draco Decoder: Decode primitive Mobile_luxuean_paving
12:38:13 | INFO: Blender create Mesh node Mobile_luxuean_plants
12:38:13 | INFO: Draco Decoder: Decode primitive Mobile_luxuean_plants
12:38:13 | INFO: Blender create Mesh node r15_luxuean_clay.001
12:38:13 | INFO: Draco Decoder: Decode primitive r15_luxuean_clay.001
12:38:14 | INFO: Blender create Mesh node r15_luxuean_plaster.001
12:38:14 | INFO: Draco Decoder: Decode primitive r15_luxuean_plaster.001
12:38:14 | INFO: Blender create Mesh node r15_luxuean_qing_clay.001
12:38:14 | INFO: Draco Decoder: Decode primitive r15_luxuean_qing_clay.001
12:38:14 | INFO: Blender create Mesh node r15_luxuean_rusticwood.002
12:38:14 | INFO: Draco Decoder: Decode primitive r15_luxuean_rusticwood.002
12:38:14 | INFO: Blender create Mesh node r15_luxuean_rusticwood.003
12:38:14 | INFO: Draco Decoder: Decode primitive r15_luxuean_rusticwood.003
12:38:14 | INFO: Blender create Mesh node r15_luxuean_screen.001
12:38:14 | INFO: Draco Decoder: Decode primitive r15_luxuean_screen.001
12:38:14 | INFO: Blender create Mesh node r15_luxuean_stone.001
12:38:14 | INFO: Draco Decoder: Decode primitive r15_luxuean_stone.001
12:38:14 | INFO: Blender create Mesh node r15_luxuean_thatch.001
12:38:14 | INFO: Draco Decoder: Decode primitive r15_luxuean_thatch.001
12:38:14 | INFO: Blender create Mesh node Mobile_tubishanzhuang_floorwood
12:38:14 | INFO: Draco Decoder: Decode primitive Mobile_tubishanzhuang_floorwood
12:38:14 | INFO: Blender create Mesh node Mobile_tubishanzhuang_paving
12:38:14 | INFO: Draco Decoder: Decode primitive Mobile_tubishanzhuang_paving
12:38:14 | INFO: Blender create Mesh node Mobile_tubishanzhuang_plants
12:38:14 | INFO: Draco Decoder: Decode primitive Mobile_tubishanzhuang_plants
12:38:14 | INFO: Blender create Mesh node r15_tubishanzhuang_cutstone.001
12:38:14 | INFO: Draco Decoder: Decode primitive r15_tubishanzhuang_cutstone.001
12:38:14 | INFO: Blender create Mesh node r15_tubishanzhuang_darkwood.001
12:38:14 | INFO: Draco Decoder: Decode primitive r15_tubishanzhuang_darkwood.001
12:38:14 | INFO: Blender create Mesh node r15_tubishanzhuang_furniture.001
12:38:14 | INFO: Draco Decoder: Decode primitive r15_tubishanzhuang_furniture.001
12:38:14 | INFO: Blender create Mesh node r15_tubishanzhuang_gold.001
12:38:14 | INFO: Draco Decoder: Decode primitive r15_tubishanzhuang_gold.001
12:38:14 | INFO: Blender create Mesh node r15_tubishanzhuang_latticewood.001
12:38:14 | INFO: Draco Decoder: Decode primitive r15_tubishanzhuang_latticewood.001
12:38:14 | INFO: Blender create Mesh node r15_tubishanzhuang_plaster.002
12:38:14 | INFO: Draco Decoder: Decode primitive r15_tubishanzhuang_plaster.002
12:38:14 | INFO: Blender create Mesh node r15_tubishanzhuang_plaster.003
12:38:14 | INFO: Draco Decoder: Decode primitive r15_tubishanzhuang_plaster.003
12:38:14 | INFO: Blender create Mesh node r15_tubishanzhuang_qing_azurite.001
12:38:14 | INFO: Draco Decoder: Decode primitive r15_tubishanzhuang_qing_azurite.001
12:38:14 | INFO: Blender create Mesh node r15_tubishanzhuang_roof.001
12:38:14 | INFO: Draco Decoder: Decode primitive r15_tubishanzhuang_roof.001
12:38:14 | INFO: Blender create Mesh node r15_tubishanzhuang_screen.002
12:38:14 | INFO: Draco Decoder: Decode primitive r15_tubishanzhuang_screen.002
12:38:14 | INFO: Blender create Mesh node r15_tubishanzhuang_screen.003
12:38:14 | INFO: Draco Decoder: Decode primitive r15_tubishanzhuang_screen.003
12:38:14 | INFO: Blender create Mesh node r15_tubishanzhuang_stone.001
12:38:14 | INFO: Draco Decoder: Decode primitive r15_tubishanzhuang_stone.001
12:38:14 | INFO: Blender create Mesh node r15_tubishanzhuang_tile.001
12:38:14 | INFO: Draco Decoder: Decode primitive r15_tubishanzhuang_tile.001
12:38:14 | INFO: Blender create Mesh node r15_tubishanzhuang_tiledark.001
12:38:14 | INFO: Draco Decoder: Decode primitive r15_tubishanzhuang_tiledark.001
12:38:14 | INFO: Blender create Mesh node r15_tubishanzhuang_tilelight.001
12:38:14 | INFO: Draco Decoder: Decode primitive r15_tubishanzhuang_tilelight.001
12:38:14 | INFO: Blender create Mesh node r15_tubishanzhuang_wood.002
12:38:14 | INFO: Draco Decoder: Decode primitive r15_tubishanzhuang_wood.002
12:38:14 | INFO: Blender create Mesh node r15_tubishanzhuang_wood.003
12:38:14 | INFO: Draco Decoder: Decode primitive r15_tubishanzhuang_wood.003
12:38:14 | INFO: Blender create Mesh node Mobile_aojingxiguan_floorwood
12:38:14 | INFO: Draco Decoder: Decode primitive Mobile_aojingxiguan_floorwood
12:38:14 | INFO: Blender create Mesh node Mobile_aojingxiguan_paving
12:38:14 | INFO: Draco Decoder: Decode primitive Mobile_aojingxiguan_paving
12:38:14 | INFO: Blender create Mesh node Mobile_aojingxiguan_plants
12:38:14 | INFO: Draco Decoder: Decode primitive Mobile_aojingxiguan_plants
12:38:14 | INFO: Blender create Mesh node r15_aojingxiguan_cutstone.001
12:38:14 | INFO: Draco Decoder: Decode primitive r15_aojingxiguan_cutstone.001
12:38:14 | INFO: Blender create Mesh node r15_aojingxiguan_darkwood.001
12:38:14 | INFO: Draco Decoder: Decode primitive r15_aojingxiguan_darkwood.001
12:38:14 | INFO: Blender create Mesh node r15_aojingxiguan_furniture.001
12:38:14 | INFO: Draco Decoder: Decode primitive r15_aojingxiguan_furniture.001
12:38:14 | INFO: Blender create Mesh node r15_aojingxiguan_gold.001
12:38:14 | INFO: Draco Decoder: Decode primitive r15_aojingxiguan_gold.001
12:38:14 | INFO: Blender create Mesh node r15_aojingxiguan_latticewood.001
12:38:14 | INFO: Draco Decoder: Decode primitive r15_aojingxiguan_latticewood.001
12:38:14 | INFO: Blender create Mesh node r15_aojingxiguan_plaster.002
12:38:14 | INFO: Draco Decoder: Decode primitive r15_aojingxiguan_plaster.002
12:38:14 | INFO: Blender create Mesh node r15_aojingxiguan_plaster.003
12:38:14 | INFO: Draco Decoder: Decode primitive r15_aojingxiguan_plaster.003
12:38:14 | INFO: Blender create Mesh node r15_aojingxiguan_qing_azurite.001
12:38:14 | INFO: Draco Decoder: Decode primitive r15_aojingxiguan_qing_azurite.001
12:38:14 | INFO: Blender create Mesh node r15_aojingxiguan_roof.001
12:38:14 | INFO: Draco Decoder: Decode primitive r15_aojingxiguan_roof.001
12:38:14 | INFO: Blender create Mesh node r15_aojingxiguan_screen.002
12:38:14 | INFO: Draco Decoder: Decode primitive r15_aojingxiguan_screen.002
12:38:14 | INFO: Blender create Mesh node r15_aojingxiguan_screen.003
12:38:14 | INFO: Draco Decoder: Decode primitive r15_aojingxiguan_screen.003
12:38:14 | INFO: Blender create Mesh node r15_aojingxiguan_stone.001
12:38:14 | INFO: Draco Decoder: Decode primitive r15_aojingxiguan_stone.001
12:38:14 | INFO: Blender create Mesh node r15_aojingxiguan_tile.001
12:38:14 | INFO: Draco Decoder: Decode primitive r15_aojingxiguan_tile.001
12:38:14 | INFO: Blender create Mesh node r15_aojingxiguan_tiledark.001
12:38:14 | INFO: Draco Decoder: Decode primitive r15_aojingxiguan_tiledark.001
12:38:14 | INFO: Blender create Mesh node r15_aojingxiguan_tilelight.001
12:38:14 | INFO: Draco Decoder: Decode primitive r15_aojingxiguan_tilelight.001
12:38:14 | INFO: Blender create Mesh node r15_aojingxiguan_wood.002
12:38:14 | INFO: Draco Decoder: Decode primitive r15_aojingxiguan_wood.002
12:38:14 | INFO: Blender create Mesh node r15_aojingxiguan_wood.003
12:38:14 | INFO: Draco Decoder: Decode primitive r15_aojingxiguan_wood.003
12:38:14 | INFO: Blender create Mesh node Mobile_daguanlou_courtbase
12:38:14 | INFO: Draco Decoder: Decode primitive Mobile_daguanlou_courtbase
12:38:14 | INFO: Blender create Mesh node Mobile_daguanlou_floorwood
12:38:14 | INFO: Draco Decoder: Decode primitive Mobile_daguanlou_floorwood
12:38:14 | INFO: Blender create Mesh node Mobile_daguanlou_limestone
12:38:14 | INFO: Draco Decoder: Decode primitive Mobile_daguanlou_limestone
12:38:14 | INFO: Blender create Mesh node Mobile_daguanlou_paving
12:38:14 | INFO: Draco Decoder: Decode primitive Mobile_daguanlou_paving
12:38:14 | INFO: Blender create Mesh node Mobile_daguanlou_botanical_bamboo
12:38:14 | INFO: Draco Decoder: Decode primitive Mobile_daguanlou_botanical_bamboo
12:38:14 | INFO: Blender create Mesh node Mobile_daguanlou_botanical_litter
12:38:14 | INFO: Draco Decoder: Decode primitive Mobile_daguanlou_botanical_litter
12:38:14 | INFO: Blender create Mesh node Mobile_daguanlou_plants
12:38:14 | INFO: Draco Decoder: Decode primitive Mobile_daguanlou_plants
12:38:14 | INFO: Blender create Mesh node r15_daguanlou_bookcloth.001
12:38:14 | INFO: Draco Decoder: Decode primitive r15_daguanlou_bookcloth.001
12:38:14 | INFO: Blender create Mesh node r15_daguanlou_bookcover.001
12:38:14 | INFO: Draco Decoder: Decode primitive r15_daguanlou_bookcover.001
12:38:14 | INFO: Blender create Mesh node r15_daguanlou_ceramic.001
12:38:14 | INFO: Draco Decoder: Decode primitive r15_daguanlou_ceramic.001
12:38:14 | INFO: Blender create Mesh node r15_daguanlou_cutstone.001
12:38:14 | INFO: Draco Decoder: Decode primitive r15_daguanlou_cutstone.001
12:38:14 | INFO: Blender create Mesh node r15_daguanlou_darkwood.001
12:38:14 | INFO: Draco Decoder: Decode primitive r15_daguanlou_darkwood.001
12:38:14 | INFO: Blender create Mesh node r15_daguanlou_furniture.001
12:38:14 | INFO: Draco Decoder: Decode primitive r15_daguanlou_furniture.001
12:38:14 | INFO: Blender create Mesh node r15_daguanlou_gold.002
12:38:14 | INFO: Draco Decoder: Decode primitive r15_daguanlou_gold.002
12:38:14 | INFO: Blender create Mesh node r15_daguanlou_gold.003
12:38:14 | INFO: Draco Decoder: Decode primitive r15_daguanlou_gold.003
12:38:14 | INFO: Blender create Mesh node r15_daguanlou_goldroof.001
12:38:14 | INFO: Draco Decoder: Decode primitive r15_daguanlou_goldroof.001
ndices
DracoDecoder | Decoded 216 vertices, 324 indices
DracoDecoder | Decoded 1536 vertices, 2208 indices
DracoDecoder | Decoded 10530 vertices, 10722 indices
DracoDecoder | Decoded 1956 vertices, 2076 indices
DracoDecoder | Decoded 614 vertices, 630 indices
DracoDecoder | Decoded 764 vertices, 990 indices
DracoDecoder | Decoded 9216 vertices, 12672 indices
DracoDecoder | Decoded 2680 vertices, 3696 indices
DracoDecoder | Decoded 384 vertices, 384 indices
DracoDecoder | Decoded 212 vertices, 228 indices
DracoDecoder | Decoded 246 vertices, 366 indices
DracoDecoder | Decoded 192 vertices, 276 indices
DracoDecoder | Decoded 5324 vertices, 5460 indices
DracoDecoder | Decoded 1452 vertices, 1494 indices
DracoDecoder | Decoded 231 vertices, 231 indices
DracoDecoder | Decoded 1728 vertices, 2472 indices
DracoDecoder | Decoded 22 vertices, 54 indices
DracoDecoder | Decoded 687 vertices, 735 indices
DracoDecoder | Decoded 2844 vertices, 3804 indices
DracoDecoder | Decoded 96 vertices, 132 indices
DracoDecoder | Decoded 744 vertices, 1116 indices
DracoDecoder | Decoded 894 vertices, 1170 indices
DracoDecoder | Decoded 1584 vertices, 2376 indices
DracoDecoder | Decoded 168 vertices, 252 indices
DracoDecoder | Decoded 578 vertices, 690 indices
DracoDecoder | Decoded 988 vertices, 1014 indices
DracoDecoder | Decoded 1488 vertices, 2232 indices
DracoDecoder | Decoded 764 vertices, 1146 indices
DracoDecoder | Decoded 486 vertices, 486 indices
DracoDecoder | Decoded 686 vertices, 990 indices
DracoDecoder | Decoded 460 vertices, 624 indices
DracoDecoder | Decoded 188 vertices, 258 indices
DracoDecoder | Decoded 7728 vertices, 11664 indices
DracoDecoder | Decoded 1452 vertices, 1452 indices
DracoDecoder | Decoded 96 vertices, 132 indices
DracoDecoder | Decoded 3744 vertices, 5148 indices
DracoDecoder | Decoded 48 vertices, 72 indices
DracoDecoder | Decoded 286 vertices, 426 indices
DracoDecoder | Decoded 216 vertices, 324 indices
DracoDecoder | Decoded 192 vertices, 288 indices
DracoDecoder | Decoded 796 vertices, 996 indices
DracoDecoder | Decoded 11774 vertices, 12018 indices
DracoDecoder | Decoded 2096 vertices, 2220 indices
DracoDecoder | Decoded 682 vertices, 690 indices
DracoDecoder | Decoded 9216 vertices, 12672 indices
DracoDecoder | Decoded 6880 vertices, 9066 indices
DracoDecoder | Decoded 1332 vertices, 1998 indices
DracoDecoder | Decoded 768 vertices, 1158 indices
DracoDecoder | Decoded 486 vertices, 486 indices
DracoDecoder | Decoded 650 vertices, 906 indices
DracoDecoder | Decoded 468 vertices, 624 indices
DracoDecoder | Decoded 182 vertices, 258 indices
DracoDecoder | Decoded 7728 vertices, 11664 indices
DracoDecoder | Decoded 1128 vertices, 1128 indices
DracoDecoder | Decoded 96 vertices, 132 indices
DracoDecoder | Decoded 3744 vertices, 5148 indices
DracoDecoder | Decoded 48 vertices, 72 indices
DracoDecoder | Decoded 286 vertices, 426 indices
DracoDecoder | Decoded 192 vertices, 288 indices
DracoDecoder | Decoded 216 vertices, 324 indices
DracoDecoder | Decoded 842 vertices, 1020 indices
DracoDecoder | Decoded 10807 vertices, 10911 indices
DracoDecoder | Decoded 1936 vertices, 2058 indices
DracoDecoder | Decoded 608 vertices, 648 indices
DracoDecoder | Decoded 6612 vertices, 8670 indices
DracoDecoder | Decoded 9216 vertices, 12672 indices
DracoDecoder | Decoded 8 vertices, 12 indices
DracoDecoder | Decoded 14416 vertices, 21624 indices
DracoDecoder | Decoded 2175 vertices, 2199 indices
DracoDecoder | Decoded 2842 vertices, 4314 indices
DracoDecoder | Decoded 1287 vertices, 1287 indices
DracoDecoder | Decoded 423 vertices, 423 indices
DracoDecoder | Decoded 1809 vertices, 1809 indices
DracoDecoder | Decoded 528 vertices, 792 indices
DracoDecoder | Decoded 48 vertices, 72 indices
DracoDecoder | Decoded 214 vertices, 222 indices
DracoDecoder | Decoded 6510 vertices, 9114 indices
DracoDecoder | Decoded 9267 vertices, 11148 indices
DracoDecoder | Decoded 2132 vertices, 2892 indices
DracoDecoder | Decoded 5892 vertices, 5892 indices
DracoDecoder | Decoded 82176 vertices, 124032 indices
DracoDecoder | Decoded 3638 vertices, 512:38:14 | INFO: Blender create Mesh node r15_daguanlou_goldtile.001
12:38:14 | INFO: Draco Decoder: Decode primitive r15_daguanlou_goldtile.001
12:38:14 | INFO: Blender create Mesh node r15_daguanlou_goldtiledark.001
12:38:14 | INFO: Draco Decoder: Decode primitive r15_daguanlou_goldtiledark.001
12:38:14 | INFO: Blender create Mesh node r15_daguanlou_goldtilelight.001
12:38:14 | INFO: Draco Decoder: Decode primitive r15_daguanlou_goldtilelight.001
12:38:14 | INFO: Blender create Mesh node r15_daguanlou_ink.001
12:38:14 | INFO: Draco Decoder: Decode primitive r15_daguanlou_ink.001
12:38:14 | INFO: Blender create Mesh node r15_daguanlou_ivory.001
12:38:14 | INFO: Draco Decoder: Decode primitive r15_daguanlou_ivory.001
12:38:14 | INFO: Blender create Mesh node r15_daguanlou_lantern.001
12:38:14 | INFO: Draco Decoder: Decode primitive r15_daguanlou_lantern.001
12:38:14 | INFO: Blender create Mesh node r15_daguanlou_latticewood.001
12:38:14 | INFO: Draco Decoder: Decode primitive r15_daguanlou_latticewood.001
12:38:14 | INFO: Blender create Mesh node r15_daguanlou_paper.001
12:38:14 | INFO: Draco Decoder: Decode primitive r15_daguanlou_paper.001
12:38:14 | INFO: Blender create Mesh node r15_daguanlou_plaster.003
12:38:14 | INFO: Draco Decoder: Decode primitive r15_daguanlou_plaster.003
12:38:14 | INFO: Blender create Mesh node r15_daguanlou_plaster.004
12:38:14 | INFO: Draco Decoder: Decode primitive r15_daguanlou_plaster.004
12:38:14 | INFO: Blender create Mesh node r15_daguanlou_plaster.005
12:38:14 | INFO: Draco Decoder: Decode primitive r15_daguanlou_plaster.005
12:38:15 | INFO: Blender create Mesh node r15_daguanlou_qing_azurite.001
12:38:15 | INFO: Draco Decoder: Decode primitive r15_daguanlou_qing_azurite.001
12:38:15 | INFO: Blender create Mesh node r15_daguanlou_screen.002
12:38:15 | INFO: Draco Decoder: Decode primitive r15_daguanlou_screen.002
12:38:15 | INFO: Blender create Mesh node r15_daguanlou_screen.003
12:38:15 | INFO: Draco Decoder: Decode primitive r15_daguanlou_screen.003
12:38:15 | INFO: Blender create Mesh node r15_daguanlou_stone.001
12:38:15 | INFO: Draco Decoder: Decode primitive r15_daguanlou_stone.001
12:38:15 | INFO: Blender create Mesh node r15_daguanlou_wood.002
12:38:15 | INFO: Draco Decoder: Decode primitive r15_daguanlou_wood.002
12:38:15 | INFO: Blender create Mesh node r15_daguanlou_wood.003
12:38:15 | INFO: Draco Decoder: Decode primitive r15_daguanlou_wood.003
12:38:15 | INFO: Blender create Mesh node Mobile_longcuian_courtbase
12:38:15 | INFO: Draco Decoder: Decode primitive Mobile_longcuian_courtbase
12:38:15 | INFO: Blender create Mesh node Mobile_longcuian_floorwood
12:38:15 | INFO: Draco Decoder: Decode primitive Mobile_longcuian_floorwood
12:38:15 | INFO: Blender create Mesh node Mobile_longcuian_paving
12:38:15 | INFO: Draco Decoder: Decode primitive Mobile_longcuian_paving
12:38:15 | INFO: Blender create Mesh node Mobile_longcuian_plants
12:38:15 | INFO: Draco Decoder: Decode primitive Mobile_longcuian_plants
12:38:15 | INFO: Blender create Mesh node r15_longcuian_bookcloth.001
12:38:15 | INFO: Draco Decoder: Decode primitive r15_longcuian_bookcloth.001
12:38:15 | INFO: Blender create Mesh node r15_longcuian_bookcover.001
12:38:15 | INFO: Draco Decoder: Decode primitive r15_longcuian_bookcover.001
12:38:15 | INFO: Blender create Mesh node r15_longcuian_ceramic.001
12:38:15 | INFO: Draco Decoder: Decode primitive r15_longcuian_ceramic.001
12:38:15 | INFO: Blender create Mesh node r15_longcuian_cutstone.001
12:38:15 | INFO: Draco Decoder: Decode primitive r15_longcuian_cutstone.001
12:38:15 | INFO: Blender create Mesh node r15_longcuian_darkwood.001
12:38:15 | INFO: Draco Decoder: Decode primitive r15_longcuian_darkwood.001
12:38:15 | INFO: Blender create Mesh node r15_longcuian_furniture.001
12:38:15 | INFO: Draco Decoder: Decode primitive r15_longcuian_furniture.001
12:38:15 | INFO: Blender create Mesh node r15_longcuian_gold.002
12:38:15 | INFO: Draco Decoder: Decode primitive r15_longcuian_gold.002
12:38:15 | INFO: Blender create Mesh node r15_longcuian_gold.003
12:38:15 | INFO: Draco Decoder: Decode primitive r15_longcuian_gold.003
12:38:15 | INFO: Blender create Mesh node r15_longcuian_ink.001
12:38:15 | INFO: Draco Decoder: Decode primitive r15_longcuian_ink.001
12:38:15 | INFO: Blender create Mesh node r15_longcuian_ivory.001
12:38:15 | INFO: Draco Decoder: Decode primitive r15_longcuian_ivory.001
12:38:15 | INFO: Blender create Mesh node r15_longcuian_latticewood.001
12:38:15 | INFO: Draco Decoder: Decode primitive r15_longcuian_latticewood.001
12:38:15 | INFO: Blender create Mesh node r15_longcuian_paper.001
12:38:15 | INFO: Draco Decoder: Decode primitive r15_longcuian_paper.001
12:38:15 | INFO: Blender create Mesh node r15_longcuian_plaster.003
12:38:15 | INFO: Draco Decoder: Decode primitive r15_longcuian_plaster.003
12:38:15 | INFO: Blender create Mesh node r15_longcuian_plaster.004
12:38:15 | INFO: Draco Decoder: Decode primitive r15_longcuian_plaster.004
12:38:15 | INFO: Blender create Mesh node r15_longcuian_plaster.005
12:38:15 | INFO: Draco Decoder: Decode primitive r15_longcuian_plaster.005
12:38:15 | INFO: Blender create Mesh node r15_longcuian_qing_jade.001
12:38:15 | INFO: Draco Decoder: Decode primitive r15_longcuian_qing_jade.001
12:38:15 | INFO: Blender create Mesh node r15_longcuian_roof.001
12:38:15 | INFO: Draco Decoder: Decode primitive r15_longcuian_roof.001
12:38:15 | INFO: Blender create Mesh node r15_longcuian_screen.002
12:38:15 | INFO: Draco Decoder: Decode primitive r15_longcuian_screen.002
12:38:15 | INFO: Blender create Mesh node r15_longcuian_screen.003
12:38:15 | INFO: Draco Decoder: Decode primitive r15_longcuian_screen.003
12:38:15 | INFO: Blender create Mesh node r15_longcuian_stone.001
12:38:15 | INFO: Draco Decoder: Decode primitive r15_longcuian_stone.001
12:38:15 | INFO: Blender create Mesh node r15_longcuian_tile.001
12:38:15 | INFO: Draco Decoder: Decode primitive r15_longcuian_tile.001
12:38:15 | INFO: Blender create Mesh node r15_longcuian_tiledark.001
12:38:15 | INFO: Draco Decoder: Decode primitive r15_longcuian_tiledark.001
12:38:15 | INFO: Blender create Mesh node r15_longcuian_tilelight.001
12:38:15 | INFO: Draco Decoder: Decode primitive r15_longcuian_tilelight.001
12:38:15 | INFO: Blender create Mesh node r15_longcuian_wood.002
12:38:15 | INFO: Draco Decoder: Decode primitive r15_longcuian_wood.002
12:38:15 | INFO: Blender create Mesh node r15_longcuian_wood.003
12:38:15 | INFO: Draco Decoder: Decode primitive r15_longcuian_wood.003
12:38:15 | INFO: Blender create Mesh node Mobile_nuanxiangwu_courtbase
12:38:15 | INFO: Draco Decoder: Decode primitive Mobile_nuanxiangwu_courtbase
12:38:15 | INFO: Blender create Mesh node Mobile_nuanxiangwu_floorwood
12:38:15 | INFO: Draco Decoder: Decode primitive Mobile_nuanxiangwu_floorwood
12:38:15 | INFO: Blender create Mesh node Mobile_nuanxiangwu_paving
12:38:15 | INFO: Draco Decoder: Decode primitive Mobile_nuanxiangwu_paving
12:38:15 | INFO: Blender create Mesh node Mobile_nuanxiangwu_plants
12:38:15 | INFO: Draco Decoder: Decode primitive Mobile_nuanxiangwu_plants
12:38:15 | INFO: Blender create Mesh node r15_nuanxiangwu_bookcloth.001
12:38:15 | INFO: Draco Decoder: Decode primitive r15_nuanxiangwu_bookcloth.001
12:38:15 | INFO: Blender create Mesh node r15_nuanxiangwu_bookcover.001
12:38:15 | INFO: Draco Decoder: Decode primitive r15_nuanxiangwu_bookcover.001
12:38:15 | INFO: Blender create Mesh node r15_nuanxiangwu_ceramic.001
12:38:15 | INFO: Draco Decoder: Decode primitive r15_nuanxiangwu_ceramic.001
12:38:15 | INFO: Blender create Mesh node r15_nuanxiangwu_cutstone.001
12:38:15 | INFO: Draco Decoder: Decode primitive r15_nuanxiangwu_cutstone.001
12:38:15 | INFO: Blender create Mesh node r15_nuanxiangwu_darkwood.001
12:38:15 | INFO: Draco Decoder: Decode primitive r15_nuanxiangwu_darkwood.001
12:38:15 | INFO: Blender create Mesh node r15_nuanxiangwu_furniture.001
12:38:15 | INFO: Draco Decoder: Decode primitive r15_nuanxiangwu_furniture.001
12:38:15 | INFO: Blender create Mesh node r15_nuanxiangwu_gold.002
12:38:15 | INFO: Draco Decoder: Decode primitive r15_nuanxiangwu_gold.002
12:38:15 | INFO: Blender create Mesh node r15_nuanxiangwu_gold.003
12:38:15 | INFO: Draco Decoder: Decode primitive r15_nuanxiangwu_gold.003
12:38:15 | INFO: Blender create Mesh node r15_nuanxiangwu_ink.001
12:38:15 | INFO: Draco Decoder: Decode primitive r15_nuanxiangwu_ink.001
12:38:15 | INFO: Blender create Mesh node r15_nuanxiangwu_ivory.001
12:38:15 | INFO: Draco Decoder: Decode primitive r15_nuanxiangwu_ivory.001
12:38:15 | INFO: Blender create Mesh node r15_nuanxiangwu_latticewood.001
12:38:15 | INFO: Draco Decoder: Decode primitive r15_nuanxiangwu_latticewood.001
12:38:15 | INFO: Blender create Mesh node r15_nuanxiangwu_paper.001
12:38:15 | INFO: Draco Decoder: Decode primitive r15_nuanxiangwu_paper.001
12:38:15 | INFO: Blender create Mesh node r15_nuanxiangwu_plaster.002
12:38:15 | INFO: Draco Decoder: Decode primitive r15_nuanxiangwu_plaster.002
12:38:15 | INFO: Blender create Mesh node r15_nuanxiangwu_plaster.003
12:38:15 | INFO: Draco Decoder: Decode primitive r15_nuanxiangwu_plaster.003
12:38:15 | INFO: Blender create Mesh node r15_nuanxiangwu_qing_azurite.001
12:38:15 | INFO: Draco Decoder: Decode primitive r15_nuanxiangwu_qing_azurite.001
12:38:15 | INFO: Blender create Mesh node r15_nuanxiangwu_roof.001
12:38:15 | INFO: Draco Decoder: Decode primitive r15_nuanxiangwu_roof.001
12:38:15 | INFO: Blender create Mesh node r15_nuanxiangwu_screen.002
12:38:15 | INFO: Draco Decoder: Decode primitive r15_nuanxiangwu_screen.002
12:38:15 | INFO: Blender create Mesh node r15_nuanxiangwu_screen.003
12:38:15 | INFO: Draco Decoder: Decode primitive r15_nuanxiangwu_screen.003
12:38:15 | INFO: Blender create Mesh node r15_nuanxiangwu_silk.001
12:38:15 | INFO: Draco Decoder: Decode primitive r15_nuanxiangwu_silk.001
12:38:15 | INFO: Blender create Mesh node r15_nuanxiangwu_stone.001
12:38:15 | INFO: Draco Decoder: Decode primitive r15_nuanxiangwu_stone.001
12:38:15 | INFO: Blender create Mesh node r15_nuanxiangwu_tile.001
12:38:15 | INFO: Draco Decoder: Decode primitive r15_nuanxiangwu_tile.001
12:38:15 | INFO: Blender create Mesh node r15_nuanxiangwu_tiledark.001
12:38:15 | INFO: Draco Decoder: Decode primitive r15_nuanxiangwu_tiledark.001
12:38:15 | INFO: Blender create Mesh node r15_nuanxiangwu_tilelight.001
12:38:15 | INFO: Draco Decoder: Decode primitive r15_nuanxiangwu_tilelight.001
12:38:15 | INFO: Blender create Mesh node r15_nuanxiangwu_wood.002
12:38:15 | INFO: Draco Decoder: Decode primitive r15_nuanxiangwu_wood.002
12:38:15 | INFO: Blender create Mesh node r15_nuanxiangwu_wood.003
12:38:15 | INFO: Draco Decoder: Decode primitive r15_nuanxiangwu_wood.003
12:38:15 | INFO: Blender create Mesh node landscape_lantern
12:38:15 | INFO: Draco Decoder: Decode primitive landscape_lantern
12:38:15 | INFO: Blender create Mesh node Mobile_landscape
12:38:15 | INFO: Draco Decoder: Decode primitive Mobile_landscape
12:38:15 | INFO: Blender create Mesh node Mobile_landscape_paving
12:38:15 | INFO: Draco Decoder: Decode primitive Mobile_landscape_paving
12:38:15 | INFO: Blender create Mesh node Mobile_landscape_limestone
12:38:15 | INFO: Draco Decoder: Decode primitive Mobile_landscape_limestone
12:38:16 | INFO: Blender create Mesh node Mobile_landscape_roofshell
12:38:16 | INFO: Draco Decoder: Decode primitive Mobile_landscape_roofshell
12:38:16 | INFO: Blender create Mesh node Mobile_landscape_earth
12:38:16 | INFO: Draco Decoder: Decode primitive Mobile_landscape_earth
12:38:16 | INFO: Blender create Mesh node Mobile_landscape_bankstone
12:38:16 | INFO: Draco Decoder: Decode primitive Mobile_landscape_bankstone
418 indices
DracoDecoder | Decoded 175785 vertices, 181929 indices
DracoDecoder | Decoded 36478 vertices, 38466 indices
DracoDecoder | Decoded 12218 vertices, 12726 indices
DracoDecoder | Decoded 752 vertices, 1152 indices
DracoDecoder | Decoded 312 vertices, 468 indices
DracoDecoder | Decoded 3266 vertices, 3510 indices
DracoDecoder | Decoded 11076 vertices, 11076 indices
DracoDecoder | Decoded 340 vertices, 540 indices
DracoDecoder | Decoded 5088 vertices, 6996 indices
DracoDecoder | Decoded 768 vertices, 1056 indices
DracoDecoder | Decoded 38400 vertices, 52800 indices
DracoDecoder | Decoded 384 vertices, 576 indices
DracoDecoder | Decoded 480 vertices, 480 indices
DracoDecoder | Decoded 2256 vertices, 3384 indices
DracoDecoder | Decoded 4334 vertices, 5832 indices
DracoDecoder | Decoded 72929 vertices, 97845 indices
DracoDecoder | Decoded 95808 vertices, 131736 indices
DracoDecoder | Decoded 4 vertices, 6 indices
DracoDecoder | Decoded 1860 vertices, 2790 indices
DracoDecoder | Decoded 318 vertices, 480 indices
DracoDecoder | Decoded 3814 vertices, 3825 indices
DracoDecoder | Decoded 528 vertices, 792 indices
DracoDecoder | Decoded 48 vertices, 72 indices
DracoDecoder | Decoded 161 vertices, 165 indices
DracoDecoder | Decoded 1266 vertices, 1746 indices
DracoDecoder | Decoded 1110 vertices, 1452 indices
DracoDecoder | Decoded 444 vertices, 558 indices
DracoDecoder | Decoded 336 vertices, 600 indices
DracoDecoder | Decoded 15456 vertices, 23328 indices
DracoDecoder | Decoded 752 vertices, 1152 indices
DracoDecoder | Decoded 312 vertices, 468 indices
DracoDecoder | Decoded 1128 vertices, 1128 indices
DracoDecoder | Decoded 340 vertices, 540 indices
DracoDecoder | Decoded 3264 vertices, 4488 indices
DracoDecoder | Decoded 192 vertices, 264 indices
DracoDecoder | Decoded 6720 vertices, 9240 indices
DracoDecoder | Decoded 96 vertices, 144 indices
DracoDecoder | Decoded 690 vertices, 1026 indices
DracoDecoder | Decoded 192 vertices, 288 indices
DracoDecoder | Decoded 384 vertices, 576 indices
DracoDecoder | Decoded 307 vertices, 507 indices
DracoDecoder | Decoded 19958 vertices, 20346 indices
DracoDecoder | Decoded 5332 vertices, 5676 indices
DracoDecoder | Decoded 1092 vertices, 1104 indices
DracoDecoder | Decoded 11864 vertices, 15708 indices
DracoDecoder | Decoded 16704 vertices, 22968 indices
DracoDecoder | Decoded 4 vertices, 6 indices
DracoDecoder | Decoded 1232 vertices, 1848 indices
DracoDecoder | Decoded 266 vertices, 420 indices
DracoDecoder | Decoded 2238 vertices, 2262 indices
DracoDecoder | Decoded 528 vertices, 792 indices
DracoDecoder | Decoded 48 vertices, 72 indices
DracoDecoder | Decoded 168 vertices, 168 indices
DracoDecoder | Decoded 646 vertices, 906 indices
DracoDecoder | Decoded 728 vertices, 948 indices
DracoDecoder | Decoded 436 vertices, 558 indices
DracoDecoder | Decoded 336 vertices, 600 indices
DracoDecoder | Decoded 7728 vertices, 11664 indices
DracoDecoder | Decoded 752 vertices, 1152 indices
DracoDecoder | Decoded 312 vertices, 468 indices
DracoDecoder | Decoded 1464 vertices, 1464 indices
DracoDecoder | Decoded 364 vertices, 576 indices
DracoDecoder | Decoded 96 vertices, 132 indices
DracoDecoder | Decoded 3744 vertices, 5148 indices
DracoDecoder | Decoded 48 vertices, 72 indices
DracoDecoder | Decoded 506 vertices, 750 indices
DracoDecoder | Decoded 216 vertices, 324 indices
DracoDecoder | Decoded 216 vertices, 324 indices
DracoDecoder | Decoded 48 vertices, 72 indices
DracoDecoder | Decoded 1136 vertices, 1572 indices
DracoDecoder | Decoded 15378 vertices, 15690 indices
DracoDecoder | Decoded 5056 vertices, 5352 indices
DracoDecoder | Decoded 1191 vertices, 1191 indices
DracoDecoder | Decoded 7197 vertices, 9435 indices
DracoDecoder | Decoded 9216 vertices, 12672 indices
DracoDecoder | Decoded 1744 vertices, 1824 indices
DracoDecoder | Decoded 59161 vertices, 70887 indices
DracoDecoder | Decoded 20980 vertices, 33252 indices
DracoDecoder | Decoded 352924 vertices, 353376 indices
DracoDecoder | Decoded 1334 vertices, 1974 indices
DracoDecoder | Decoded 4227 vertices, 21927 indices
DracoDec12:38:16 | INFO: Blender create Mesh node Mobile_landscape_plants
12:38:16 | INFO: Draco Decoder: Decode primitive Mobile_landscape_plants
12:38:16 | INFO: Blender create Mesh node Mobile_landscape_botanical_bamboo
12:38:16 | INFO: Draco Decoder: Decode primitive Mobile_landscape_botanical_bamboo
12:38:16 | INFO: glTF import finished in 4.42s
ENCLOSURE CHECK 3780 passed True
oder | Decoded 6444 vertices, 9666 indices
DracoDecoder | Decoded 22138 vertices, 23226 indices
DracoDecoder | Decoded 16431 vertices, 16431 indices

Blender quit
MASTER REOPEN VALIDATED {'reopened': True, 'placeIds': ['aojingxiguan', 'daguanlou', 'daguanyuan_gate', 'daoxiangcun', 'dicuiting', 'hengwuyuan', 'longcuian', 'luxuean', 'nuanxiangwu', 'ouxiangxie', 'qiushuangzhai', 'qujingtongyou', 'tubishanzhuang', 'xiaoxiangguan', 'yihongyuan'], 'meshes': 14806, 'missingImages': [], 'packedImages': 200, 'manualLayerPresent': True, 'nativeFullCrowns': True, 'nativeTreeInstances': 11196, 'linkedCrownMeshes': 4}
Blender 4.5.9 LTS (hash 8bf95cbd38d1 built 2026-04-21 01:33:45)
Read blend: "D:\Users\Lenovo\Desktop\大观园\blender\daguanyuan_master.blend"

Blender quit
BUILT TERRAIN PATH CHECK 2217 height failures 0 duplicate ground surfaces 0 [] []
Blender 4.5.9 LTS (hash 8bf95cbd38d1 built 2026-04-21 01:33:45)
Read blend: "D:\Users\Lenovo\Desktop\大观园\blender\daguanyuan_master.blend"

Blender quit
12:38:36 | INFO: Data are loaded, start creating Blender stuff
12:38:36 | INFO: Blender create Mesh node Mobile_daguanyuan_gate_floorwood
12:38:36 | INFO: Draco Decoder: Decode primitive Mobile_daguanyuan_gate_floorwood
12:38:36 | INFO: Blender create Mesh node Mobile_daguanyuan_gate_limestone
12:38:36 | INFO: Draco Decoder: Decode primitive Mobile_daguanyuan_gate_limestone
12:38:36 | INFO: Blender create Mesh node Mobile_daguanyuan_gate_paving
12:38:36 | INFO: Draco Decoder: Decode primitive Mobile_daguanyuan_gate_paving
12:38:36 | INFO: Blender create Mesh node r15_daguanyuan_gate_cutstone.001
12:38:36 | INFO: Draco Decoder: Decode primitive r15_daguanyuan_gate_cutstone.001
12:38:36 | INFO: Blender create Mesh node r15_daguanyuan_gate_darkwood.001
12:38:36 | INFO: Draco Decoder: Decode primitive r15_daguanyuan_gate_darkwood.001
12:38:36 | INFO: Blender create Mesh node r15_daguanyuan_gate_furniture.001
12:38:36 | INFO: Draco Decoder: Decode primitive r15_daguanyuan_gate_furniture.001
12:38:36 | INFO: Blender create Mesh node r15_daguanyuan_gate_gold.001
12:38:36 | INFO: Draco Decoder: Decode primitive r15_daguanyuan_gate_gold.001
12:38:36 | INFO: Blender create Mesh node r15_daguanyuan_gate_latticewood.001
12:38:36 | INFO: Draco Decoder: Decode primitive r15_daguanyuan_gate_latticewood.001
12:38:36 | INFO: Blender create Mesh node r15_daguanyuan_gate_plaster.002
12:38:36 | INFO: Draco Decoder: Decode primitive r15_daguanyuan_gate_plaster.002
12:38:36 | INFO: Blender create Mesh node r15_daguanyuan_gate_plaster.003
12:38:36 | INFO: Draco Decoder: Decode primitive r15_daguanyuan_gate_plaster.003
12:38:36 | INFO: Blender create Mesh node r15_daguanyuan_gate_qing_azurite.001
12:38:36 | INFO: Draco Decoder: Decode primitive r15_daguanyuan_gate_qing_azurite.001
12:38:36 | INFO: Blender create Mesh node r15_daguanyuan_gate_roof.001
12:38:36 | INFO: Draco Decoder: Decode primitive r15_daguanyuan_gate_roof.001
12:38:36 | INFO: Blender create Mesh node r15_daguanyuan_gate_screen.002
12:38:36 | INFO: Draco Decoder: Decode primitive r15_daguanyuan_gate_screen.002
12:38:36 | INFO: Blender create Mesh node r15_daguanyuan_gate_screen.003
12:38:36 | INFO: Draco Decoder: Decode primitive r15_daguanyuan_gate_screen.003
12:38:36 | INFO: Blender create Mesh node r15_daguanyuan_gate_stone.001
12:38:36 | INFO: Draco Decoder: Decode primitive r15_daguanyuan_gate_stone.001
12:38:36 | INFO: Blender create Mesh node r15_daguanyuan_gate_tile.001
12:38:36 | INFO: Draco Decoder: Decode primitive r15_daguanyuan_gate_tile.001
12:38:36 | INFO: Blender create Mesh node r15_daguanyuan_gate_tiledark.001
12:38:36 | INFO: Draco Decoder: Decode primitive r15_daguanyuan_gate_tiledark.001
12:38:36 | INFO: Blender create Mesh node r15_daguanyuan_gate_tilelight.001
12:38:36 | INFO: Draco Decoder: Decode primitive r15_daguanyuan_gate_tilelight.001
12:38:36 | INFO: Blender create Mesh node r15_daguanyuan_gate_wood.002
12:38:36 | INFO: Draco Decoder: Decode primitive r15_daguanyuan_gate_wood.002
12:38:36 | INFO: Blender create Mesh node r15_daguanyuan_gate_wood.003
12:38:36 | INFO: Draco Decoder: Decode primitive r15_daguanyuan_gate_wood.003
12:38:36 | INFO: Blender create Mesh node Mobile_qujingtongyou_gardenstone
12:38:36 | INFO: Draco Decoder: Decode primitive Mobile_qujingtongyou_gardenstone
12:38:36 | INFO: Blender create Mesh node Mobile_qujingtongyou_limestone
12:38:36 | INFO: Draco Decoder: Decode primitive Mobile_qujingtongyou_limestone
12:38:36 | INFO: Blender create Mesh node Mobile_qujingtongyou_plants
12:38:36 | INFO: Draco Decoder: Decode primitive Mobile_qujingtongyou_plants
12:38:36 | INFO: Blender create Mesh node Mobile_xiaoxiangguan_bankstone
12:38:36 | INFO: Draco Decoder: Decode primitive Mobile_xiaoxiangguan_bankstone
12:38:36 | INFO: Blender create Mesh node Mobile_xiaoxiangguan_floorwood
12:38:36 | INFO: Draco Decoder: Decode primitive Mobile_xiaoxiangguan_floorwood
12:38:36 | INFO: Blender create Mesh node Mobile_xiaoxiangguan_paving
12:38:36 | INFO: Draco Decoder: Decode primitive Mobile_xiaoxiangguan_paving
12:38:36 | INFO: Blender create Mesh node Mobile_xiaoxiangguan_botanical_bamboo
12:38:36 | INFO: Draco Decoder: Decode primitive Mobile_xiaoxiangguan_botanical_bamboo
12:38:36 | INFO: Blender create Mesh node Mobile_xiaoxiangguan_botanical_banana
12:38:36 | INFO: Draco Decoder: Decode primitive Mobile_xiaoxiangguan_botanical_banana
12:38:36 | INFO: Blender create Mesh node Mobile_xiaoxiangguan_botanical_litter
12:38:36 | INFO: Draco Decoder: Decode primitive Mobile_xiaoxiangguan_botanical_litter
12:38:36 | INFO: Blender create Mesh node Mobile_xiaoxiangguan_botanical_petal
12:38:36 | INFO: Draco Decoder: Decode primitive Mobile_xiaoxiangguan_botanical_petal
12:38:36 | INFO: Blender create Mesh node Mobile_xiaoxiangguan_plants
12:38:36 | INFO: Draco Decoder: Decode primitive Mobile_xiaoxiangguan_plants
12:38:36 | INFO: Blender create Mesh node r15_xiaoxiangguan_bookcloth.001
12:38:36 | INFO: Draco Decoder: Decode primitive r15_xiaoxiangguan_bookcloth.001
12:38:36 | INFO: Blender create Mesh node r15_xiaoxiangguan_bookcover.001
12:38:36 | INFO: Draco Decoder: Decode primitive r15_xiaoxiangguan_bookcover.001
12:38:36 | INFO: Blender create Mesh node r15_xiaoxiangguan_ceramic.001
12:38:36 | INFO: Draco Decoder: Decode primitive r15_xiaoxiangguan_ceramic.001
12:38:36 | INFO: Blender create Mesh node r15_xiaoxiangguan_cutstone.001
12:38:36 | INFO: Draco Decoder: Decode primitive r15_xiaoxiangguan_cutstone.001
12:38:36 | INFO: Blender create Mesh node r15_xiaoxiangguan_darkwood.001
12:38:36 | INFO: Draco Decoder: Decode primitive r15_xiaoxiangguan_darkwood.001
12:38:36 | INFO: Blender create Mesh node r15_xiaoxiangguan_furniture.001
12:38:36 | INFO: Draco Decoder: Decode primitive r15_xiaoxiangguan_furniture.001
12:38:36 | INFO: Blender create Mesh node r15_xiaoxiangguan_gold.002
12:38:36 | INFO: Draco Decoder: Decode primitive r15_xiaoxiangguan_gold.002
12:38:36 | INFO: Blender create Mesh node r15_xiaoxiangguan_gold.003
12:38:36 | INFO: Draco Decoder: Decode primitive r15_xiaoxiangguan_gold.003
12:38:36 | INFO: Blender create Mesh node r15_xiaoxiangguan_ink.001
12:38:36 | INFO: Draco Decoder: Decode primitive r15_xiaoxiangguan_ink.001
12:38:36 | INFO: Blender create Mesh node r15_xiaoxiangguan_ivory.001
12:38:36 | INFO: Draco Decoder: Decode primitive r15_xiaoxiangguan_ivory.001
12:38:36 | INFO: Blender create Mesh node r15_xiaoxiangguan_lantern.001
12:38:36 | INFO: Draco Decoder: Decode primitive r15_xiaoxiangguan_lantern.001
12:38:36 | INFO: Blender create Mesh node r15_xiaoxiangguan_latticewood.001
12:38:36 | INFO: Draco Decoder: Decode primitive r15_xiaoxiangguan_latticewood.001
12:38:36 | INFO: Blender create Mesh node r15_xiaoxiangguan_paper.001
12:38:36 | INFO: Draco Decoder: Decode primitive r15_xiaoxiangguan_paper.001
12:38:36 | INFO: Blender create Mesh node r15_xiaoxiangguan_plaster.003
12:38:36 | INFO: Draco Decoder: Decode primitive r15_xiaoxiangguan_plaster.003
12:38:36 | INFO: Blender create Mesh node r15_xiaoxiangguan_plaster.004
12:38:36 | INFO: Draco Decoder: Decode primitive r15_xiaoxiangguan_plaster.004
12:38:36 | INFO: Blender create Mesh node r15_xiaoxiangguan_plaster.005
12:38:36 | INFO: Draco Decoder: Decode primitive r15_xiaoxiangguan_plaster.005
12:38:36 | INFO: Blender create Mesh node r15_xiaoxiangguan_qing_jade.001
12:38:36 | INFO: Draco Decoder: Decode primitive r15_xiaoxiangguan_qing_jade.001
12:38:36 | INFO: Blender create Mesh node r15_xiaoxiangguan_roof.001
12:38:36 | INFO: Draco Decoder: Decode primitive r15_xiaoxiangguan_roof.001
12:38:36 | INFO: Blender create Mesh node r15_xiaoxiangguan_screen.001
12:38:36 | INFO: Draco Decoder: Decode primitive r15_xiaoxiangguan_screen.001
12:38:36 | INFO: Blender create Mesh node r15_xiaoxiangguan_silk.001
12:38:36 | INFO: Draco Decoder: Decode primitive r15_xiaoxiangguan_silk.001
12:38:36 | INFO: Blender create Mesh node r15_xiaoxiangguan_stone.001
12:38:36 | INFO: Draco Decoder: Decode primitive r15_xiaoxiangguan_stone.001
12:38:36 | INFO: Blender create Mesh node r15_xiaoxiangguan_tile.001
12:38:36 | INFO: Draco Decoder: Decode primitive r15_xiaoxiangguan_tile.001
12:38:36 | INFO: Blender create Mesh node r15_xiaoxiangguan_tiledark.001
12:38:36 | INFO: Draco Decoder: Decode primitive r15_xiaoxiangguan_tiledark.001
12:38:36 | INFO: Blender create Mesh node r15_xiaoxiangguan_tilelight.001
12:38:36 | INFO: Draco Decoder: Decode primitive r15_xiaoxiangguan_tilelight.001
12:38:36 | INFO: Blender create Mesh node r15_xiaoxiangguan_wood.002
12:38:36 | INFO: Draco Decoder: Decode primitive r15_xiaoxiangguan_wood.002
12:38:36 | INFO: Blender create Mesh node r15_xiaoxiangguan_wood.003
12:38:36 | INFO: Draco Decoder: Decode primitive r15_xiaoxiangguan_wood.003
12:38:36 | INFO: Blender create Mesh node Mobile_yihongyuan_courtbase
12:38:36 | INFO: Draco Decoder: Decode primitive Mobile_yihongyuan_courtbase
12:38:36 | INFO: Blender create Mesh node Mobile_yihongyuan_floorwood
12:38:36 | INFO: Draco Decoder: Decode primitive Mobile_yihongyuan_floorwood
12:38:36 | INFO: Blender create Mesh node Mobile_yihongyuan_gardenstone
12:38:36 | INFO: Draco Decoder: Decode primitive Mobile_yihongyuan_gardenstone
12:38:36 | INFO: Blender create Mesh node Mobile_yihongyuan_limestone
12:38:36 | INFO: Draco Decoder: Decode primitive Mobile_yihongyuan_limestone
12:38:36 | INFO: Blender create Mesh node Mobile_yihongyuan_paving
12:38:36 | INFO: Draco Decoder: Decode primitive Mobile_yihongyuan_paving
12:38:36 | INFO: Blender create Mesh node Mobile_yihongyuan_botanical_bamboo
12:38:36 | INFO: Draco Decoder: Decode primitive Mobile_yihongyuan_botanical_bamboo
12:38:36 | INFO: Blender create Mesh node Mobile_yihongyuan_botanical_banana
12:38:36 | INFO: Draco Decoder: Decode primitive Mobile_yihongyuan_botanical_banana
12:38:36 | INFO: Blender create Mesh node Mobile_yihongyuan_botanical_litter
12:38:36 | INFO: Draco Decoder: Decode primitive Mobile_yihongyuan_botanical_litter
12:38:36 | INFO: Blender create Mesh node Mobile_yihongyuan_botanical_petal
12:38:36 | INFO: Draco Decoder: Decode primitive Mobile_yihongyuan_botanical_petal
12:38:36 | INFO: Blender create Mesh node Mobile_yihongyuan_plants
12:38:36 | INFO: Draco Decoder: Decode primitive Mobile_yihongyuan_plants
12:38:36 | INFO: Blender create Mesh node r15_yihongyuan_bookcloth.001
12:38:36 | INFO: Draco Decoder: Decode primitive r15_yihongyuan_bookcloth.001
12:38:36 | INFO: Blender create Mesh node r15_yihongyuan_bookcover.001
12:38:36 | INFO: Draco Decoder: Decode primitive r15_yihongyuan_bookcover.001
12:38:36 | INFO: Blender create Mesh node r15_yihongyuan_ceramic.001
12:38:36 | INFO: Draco Decoder: Decode primitive r15_yihongyuan_ceramic.001
12:38:36 | INFO: Blender create Mesh node r15_yihongyuan_cutstone.001
12:38:36 | INFO: Draco Decoder: Decode primitive r15_yihongyuan_cutstone.001
12:38:36 | INFO: Blender create Mesh node r15_yihongyuan_darkwood.001
12:38:36 | INFO: Draco Decoder: Decode primitive r15_yihongyuan_darkwood.001
12:38:36 | INFO: Blender create Mesh node r15_yihongyuan_furniture.001
12:38:36 | INFO: Draco Decoder: Decode primitive r15_yihongyuan_furniture.001
12:38:36 | INFO: Blender create Mesh node r15_yihongyuan_gold.002
12:38:36 | INFO: Draco Decoder: Decode primitive r15_yihongyuan_gold.002
12:38:36 | INFO: Blender create Mesh node r15_yihongyuan_gold.003
12:38:36 | INFO: Draco Decoder: Decode primitive r15_yihongyuan_gold.003
12:38:36 | INFO: Blender create Mesh node r15_yihongyuan_ink.001
12:38:36 | INFO: Draco Decoder: Decode primitive r15_yihongyuan_ink.001
12:38:36 | INFO: Blender create Mesh node r15_yihongyuan_ivory.001
12:38:36 | INFO: Draco Decoder: Decode primitive r15_yihongyuan_ivory.001
12:38:36 | INFO: Blender create Mesh node r15_yihongyuan_lantern.001
12:38:36 | INFO: Draco Decoder: Decode primitive r15_yihongyuan_lantern.001
12:38:36 | INFO: Blender create Mesh node r15_yihongyuan_latticewood.001
12:38:36 | INFO: Draco Decoder: Decode primitive r15_yihongyuan_latticewood.001
12:38:36 | INFO: Blender create Mesh node r15_yihongyuan_paper.001
12:38:36 | INFO: Draco Decoder: Decode primitive r15_yihongyuan_paper.001
Blender 4.5.9 LTS (hash 8bf95cbd38d1 built 2026-04-21 01:33:45)
Read blend: "D:\Users\Lenovo\Desktop\大观园\blender\daguanyuan_master.blend"
DracoDecoder | Decoded 1508 vertices, 2262 indices
DracoDecoder | Decoded 183 vertices, 183 indices
DracoDecoder | Decoded 4 vertices, 6 indices
DracoDecoder | Decoded 876 vertices, 1248 indices
DracoDecoder | Decoded 684 vertices, 888 indices
DracoDecoder | Decoded 376 vertices, 516 indices
DracoDecoder | Decoded 12816 vertices, 19344 indices
DracoDecoder | Decoded 1860 vertices, 1860 indices
DracoDecoder | Decoded 96 vertices, 132 indices
DracoDecoder | Decoded 4416 vertices, 6072 indices
DracoDecoder | Decoded 48 vertices, 72 indices
DracoDecoder | Decoded 238 vertices, 354 indices
DracoDecoder | Decoded 384 vertices, 576 indices
DracoDecoder | Decoded 240 vertices, 360 indices
DracoDecoder | Decoded 1272 vertices, 1836 indices
DracoDecoder | Decoded 11495 vertices, 11739 indices
DracoDecoder | Decoded 2396 vertices, 2502 indices
DracoDecoder | Decoded 750 vertices, 750 indices
DracoDecoder | Decoded 9600 vertices, 12714 indices
DracoDecoder | Decoded 11136 vertices, 15312 indices
DracoDecoder | Decoded 2190 vertices, 8301 indices
DracoDecoder | Decoded 273 vertices, 273 indices
DracoDecoder | Decoded 486 vertices, 486 indices
DracoDecoder | Decoded 744 vertices, 744 indices
DracoDecoder | Decoded 1152 vertices, 1728 indices
DracoDecoder | Decoded 18 vertices, 30 indices
DracoDecoder | Decoded 4323 vertices, 4323 indices
DracoDecoder | Decoded 44 vertices, 78 indices
DracoDecoder | Decoded 108 vertices, 108 indices
DracoDecoder | Decoded 186 vertices, 186 indices
DracoDecoder | Decoded 1360 vertices, 1386 indices
DracoDecoder | Decoded 256 vertices, 282 indices
DracoDecoder | Decoded 768 vertices, 1152 indices
DracoDecoder | Decoded 213 vertices, 225 indices
DracoDecoder | Decoded 1294 vertices, 1812 indices
DracoDecoder | Decoded 1266 vertices, 1680 indices
DracoDecoder | Decoded 370 vertices, 474 indices
DracoDecoder | Decoded 12912 vertices, 19488 indices
DracoDecoder | Decoded 864 vertices, 1440 indices
DracoDecoder | Decoded 924 vertices, 924 indices
DracoDecoder | Decoded 1062 vertices, 1062 indices
DracoDecoder | Decoded 320 vertices, 480 indices
DracoDecoder | Decoded 666 vertices, 666 indices
DracoDecoder | Decoded 360 vertices, 360 indices
DracoDecoder | Decoded 192 vertices, 264 indices
DracoDecoder | Decoded 5952 vertices, 8184 indices
DracoDecoder | Decoded 5472 vertices, 7524 indices
DracoDecoder | Decoded 96 vertices, 144 indices
DracoDecoder | Decoded 736 vertices, 1092 indices
DracoDecoder | Decoded 336 vertices, 504 indices
DracoDecoder | Decoded 24 vertices, 36 indices
DracoDecoder | Decoded 307 vertices, 507 indices
DracoDecoder | Decoded 16262 vertices, 16578 indices
DracoDecoder | Decoded 6026 vertices, 6384 indices
DracoDecoder | Decoded 999 vertices, 1035 indices
DracoDecoder | Decoded 14592 vertices, 20064 indices
DracoDecoder | Decoded 9612 vertices, 12864 indices
DracoDecoder | Decoded 4 vertices, 6 indices
DracoDecoder | Decoded 1440 vertices, 2160 indices
DracoDecoder | Decoded 2227 vertices, 8310 indices
DracoDecoder | Decoded 366 vertices, 366 indices
DracoDecoder | Decoded 410 vertices, 618 indices
DracoDecoder | Decoded 357 vertices, 357 indices
DracoDecoder | Decoded 131 vertices, 237 indices
DracoDecoder | Decoded 58 vertices, 60 indices
DracoDecoder | Decoded 186 vertices, 186 indices
DracoDecoder | Decoded 1722 vertices, 1788 indices
DracoDecoder | Decoded 528 vertices, 792 indices
DracoDecoder | Decoded 48 vertices, 72 indices
DracoDecoder | Decoded 560 vertices, 924 indices
DracoDecoder | Decoded 982 vertices, 1356 indices
DracoDecoder | Decoded 1014 vertices, 1308 indices
DracoDecoder | Decoded 250 vertices, 300 indices
DracoDecoder | Decoded 12816 vertices, 19344 indices
DracoDecoder | Decoded 720 vertices, 1176 indices
DracoDecoder | Decoded 752 vertices, 1152 indices
DracoDecoder | Decoded 312 vertices, 468 indices
DracoDecoder | Decoded 320 vertices, 480 indices
DracoDecoder | Decoded 3300 vertices, 3300 indices
DracoDecoder | Decode12:38:36 | INFO: Blender create Mesh node r15_yihongyuan_plaster.003
12:38:36 | INFO: Draco Decoder: Decode primitive r15_yihongyuan_plaster.003
12:38:36 | INFO: Blender create Mesh node r15_yihongyuan_plaster.004
12:38:36 | INFO: Draco Decoder: Decode primitive r15_yihongyuan_plaster.004
12:38:36 | INFO: Blender create Mesh node r15_yihongyuan_plaster.005
12:38:36 | INFO: Draco Decoder: Decode primitive r15_yihongyuan_plaster.005
12:38:36 | INFO: Blender create Mesh node r15_yihongyuan_qing_azurite.001
12:38:36 | INFO: Draco Decoder: Decode primitive r15_yihongyuan_qing_azurite.001
12:38:36 | INFO: Blender create Mesh node r15_yihongyuan_roof.001
12:38:36 | INFO: Draco Decoder: Decode primitive r15_yihongyuan_roof.001
12:38:36 | INFO: Blender create Mesh node r15_yihongyuan_screen.002
12:38:36 | INFO: Draco Decoder: Decode primitive r15_yihongyuan_screen.002
12:38:36 | INFO: Blender create Mesh node r15_yihongyuan_screen.003
12:38:36 | INFO: Draco Decoder: Decode primitive r15_yihongyuan_screen.003
12:38:36 | INFO: Blender create Mesh node r15_yihongyuan_silk.001
12:38:36 | INFO: Draco Decoder: Decode primitive r15_yihongyuan_silk.001
12:38:36 | INFO: Blender create Mesh node r15_yihongyuan_stone.001
12:38:36 | INFO: Draco Decoder: Decode primitive r15_yihongyuan_stone.001
12:38:36 | INFO: Blender create Mesh node r15_yihongyuan_tile.001
12:38:36 | INFO: Draco Decoder: Decode primitive r15_yihongyuan_tile.001
12:38:36 | INFO: Blender create Mesh node r15_yihongyuan_tiledark.001
12:38:36 | INFO: Draco Decoder: Decode primitive r15_yihongyuan_tiledark.001
12:38:36 | INFO: Blender create Mesh node r15_yihongyuan_tilelight.001
12:38:36 | INFO: Draco Decoder: Decode primitive r15_yihongyuan_tilelight.001
12:38:36 | INFO: Blender create Mesh node r15_yihongyuan_wood.002
12:38:36 | INFO: Draco Decoder: Decode primitive r15_yihongyuan_wood.002
12:38:36 | INFO: Blender create Mesh node r15_yihongyuan_wood.003
12:38:36 | INFO: Draco Decoder: Decode primitive r15_yihongyuan_wood.003
12:38:36 | INFO: Blender create Mesh node Mobile_hengwuyuan_courtbase
12:38:36 | INFO: Draco Decoder: Decode primitive Mobile_hengwuyuan_courtbase
12:38:36 | INFO: Blender create Mesh node Mobile_hengwuyuan_floorwood
12:38:36 | INFO: Draco Decoder: Decode primitive Mobile_hengwuyuan_floorwood
12:38:36 | INFO: Blender create Mesh node Mobile_hengwuyuan_gardenstone
12:38:36 | INFO: Draco Decoder: Decode primitive Mobile_hengwuyuan_gardenstone
12:38:36 | INFO: Blender create Mesh node Mobile_hengwuyuan_limestone
12:38:36 | INFO: Draco Decoder: Decode primitive Mobile_hengwuyuan_limestone
12:38:36 | INFO: Blender create Mesh node Mobile_hengwuyuan_paving
12:38:36 | INFO: Draco Decoder: Decode primitive Mobile_hengwuyuan_paving
12:38:36 | INFO: Blender create Mesh node Mobile_hengwuyuan_botanical_bamboo
12:38:36 | INFO: Draco Decoder: Decode primitive Mobile_hengwuyuan_botanical_bamboo
12:38:36 | INFO: Blender create Mesh node Mobile_hengwuyuan_botanical_litter
12:38:36 | INFO: Draco Decoder: Decode primitive Mobile_hengwuyuan_botanical_litter
12:38:36 | INFO: Blender create Mesh node Mobile_hengwuyuan_plants
12:38:36 | INFO: Draco Decoder: Decode primitive Mobile_hengwuyuan_plants
12:38:36 | INFO: Blender create Mesh node r15_hengwuyuan_bookcloth.001
12:38:36 | INFO: Draco Decoder: Decode primitive r15_hengwuyuan_bookcloth.001
12:38:36 | INFO: Blender create Mesh node r15_hengwuyuan_bookcover.001
12:38:36 | INFO: Draco Decoder: Decode primitive r15_hengwuyuan_bookcover.001
12:38:36 | INFO: Blender create Mesh node r15_hengwuyuan_ceramic.001
12:38:36 | INFO: Draco Decoder: Decode primitive r15_hengwuyuan_ceramic.001
12:38:36 | INFO: Blender create Mesh node r15_hengwuyuan_clay.001
12:38:36 | INFO: Draco Decoder: Decode primitive r15_hengwuyuan_clay.001
12:38:36 | INFO: Blender create Mesh node r15_hengwuyuan_cutstone.001
12:38:36 | INFO: Draco Decoder: Decode primitive r15_hengwuyuan_cutstone.001
12:38:36 | INFO: Blender create Mesh node r15_hengwuyuan_darkwood.001
12:38:36 | INFO: Draco Decoder: Decode primitive r15_hengwuyuan_darkwood.001
12:38:36 | INFO: Blender create Mesh node r15_hengwuyuan_furniture.001
12:38:36 | INFO: Draco Decoder: Decode primitive r15_hengwuyuan_furniture.001
12:38:36 | INFO: Blender create Mesh node r15_hengwuyuan_gold.002
12:38:36 | INFO: Draco Decoder: Decode primitive r15_hengwuyuan_gold.002
12:38:36 | INFO: Blender create Mesh node r15_hengwuyuan_gold.003
12:38:36 | INFO: Draco Decoder: Decode primitive r15_hengwuyuan_gold.003
12:38:36 | INFO: Blender create Mesh node r15_hengwuyuan_ink.001
12:38:36 | INFO: Draco Decoder: Decode primitive r15_hengwuyuan_ink.001
12:38:36 | INFO: Blender create Mesh node r15_hengwuyuan_ivory.001
12:38:36 | INFO: Draco Decoder: Decode primitive r15_hengwuyuan_ivory.001
12:38:36 | INFO: Blender create Mesh node r15_hengwuyuan_lantern.001
12:38:36 | INFO: Draco Decoder: Decode primitive r15_hengwuyuan_lantern.001
12:38:36 | INFO: Blender create Mesh node r15_hengwuyuan_latticewood.001
12:38:36 | INFO: Draco Decoder: Decode primitive r15_hengwuyuan_latticewood.001
12:38:36 | INFO: Blender create Mesh node r15_hengwuyuan_paper.001
12:38:36 | INFO: Draco Decoder: Decode primitive r15_hengwuyuan_paper.001
12:38:36 | INFO: Blender create Mesh node r15_hengwuyuan_plaster.003
12:38:36 | INFO: Draco Decoder: Decode primitive r15_hengwuyuan_plaster.003
12:38:36 | INFO: Blender create Mesh node r15_hengwuyuan_plaster.004
12:38:36 | INFO: Draco Decoder: Decode primitive r15_hengwuyuan_plaster.004
12:38:36 | INFO: Blender create Mesh node r15_hengwuyuan_plaster.005
12:38:36 | INFO: Draco Decoder: Decode primitive r15_hengwuyuan_plaster.005
12:38:36 | INFO: Blender create Mesh node r15_hengwuyuan_qing_jade.001
12:38:36 | INFO: Draco Decoder: Decode primitive r15_hengwuyuan_qing_jade.001
12:38:36 | INFO: Blender create Mesh node r15_hengwuyuan_roof.001
12:38:36 | INFO: Draco Decoder: Decode primitive r15_hengwuyuan_roof.001
12:38:36 | INFO: Blender create Mesh node r15_hengwuyuan_screen.002
12:38:36 | INFO: Draco Decoder: Decode primitive r15_hengwuyuan_screen.002
12:38:36 | INFO: Blender create Mesh node r15_hengwuyuan_screen.003
12:38:36 | INFO: Draco Decoder: Decode primitive r15_hengwuyuan_screen.003
12:38:36 | INFO: Blender create Mesh node r15_hengwuyuan_stone.001
12:38:36 | INFO: Draco Decoder: Decode primitive r15_hengwuyuan_stone.001
12:38:36 | INFO: Blender create Mesh node r15_hengwuyuan_tile.001
12:38:36 | INFO: Draco Decoder: Decode primitive r15_hengwuyuan_tile.001
12:38:36 | INFO: Blender create Mesh node r15_hengwuyuan_tiledark.001
12:38:36 | INFO: Draco Decoder: Decode primitive r15_hengwuyuan_tiledark.001
12:38:36 | INFO: Blender create Mesh node r15_hengwuyuan_tilelight.001
12:38:36 | INFO: Draco Decoder: Decode primitive r15_hengwuyuan_tilelight.001
12:38:36 | INFO: Blender create Mesh node r15_hengwuyuan_wood.002
12:38:36 | INFO: Draco Decoder: Decode primitive r15_hengwuyuan_wood.002
12:38:36 | INFO: Blender create Mesh node r15_hengwuyuan_wood.003
12:38:36 | INFO: Draco Decoder: Decode primitive r15_hengwuyuan_wood.003
12:38:36 | INFO: Blender create Mesh node Mobile_qiushuangzhai_courtbase
12:38:36 | INFO: Draco Decoder: Decode primitive Mobile_qiushuangzhai_courtbase
12:38:36 | INFO: Blender create Mesh node Mobile_qiushuangzhai_floorwood
12:38:36 | INFO: Draco Decoder: Decode primitive Mobile_qiushuangzhai_floorwood
12:38:36 | INFO: Blender create Mesh node Mobile_qiushuangzhai_paving
12:38:36 | INFO: Draco Decoder: Decode primitive Mobile_qiushuangzhai_paving
12:38:36 | INFO: Blender create Mesh node Mobile_qiushuangzhai_botanical_bamboo
12:38:36 | INFO: Draco Decoder: Decode primitive Mobile_qiushuangzhai_botanical_bamboo
12:38:36 | INFO: Blender create Mesh node Mobile_qiushuangzhai_botanical_litter
12:38:36 | INFO: Draco Decoder: Decode primitive Mobile_qiushuangzhai_botanical_litter
12:38:36 | INFO: Blender create Mesh node Mobile_qiushuangzhai_plants
12:38:36 | INFO: Draco Decoder: Decode primitive Mobile_qiushuangzhai_plants
12:38:36 | INFO: Blender create Mesh node r15_qiushuangzhai_bookcloth.001
12:38:36 | INFO: Draco Decoder: Decode primitive r15_qiushuangzhai_bookcloth.001
12:38:36 | INFO: Blender create Mesh node r15_qiushuangzhai_bookcover.001
12:38:36 | INFO: Draco Decoder: Decode primitive r15_qiushuangzhai_bookcover.001
12:38:36 | INFO: Blender create Mesh node r15_qiushuangzhai_ceramic.001
12:38:36 | INFO: Draco Decoder: Decode primitive r15_qiushuangzhai_ceramic.001
12:38:36 | INFO: Blender create Mesh node r15_qiushuangzhai_cutstone.001
12:38:36 | INFO: Draco Decoder: Decode primitive r15_qiushuangzhai_cutstone.001
12:38:36 | INFO: Blender create Mesh node r15_qiushuangzhai_darkwood.001
12:38:36 | INFO: Draco Decoder: Decode primitive r15_qiushuangzhai_darkwood.001
12:38:36 | INFO: Blender create Mesh node r15_qiushuangzhai_furniture.001
12:38:36 | INFO: Draco Decoder: Decode primitive r15_qiushuangzhai_furniture.001
12:38:36 | INFO: Blender create Mesh node r15_qiushuangzhai_gold.002
12:38:36 | INFO: Draco Decoder: Decode primitive r15_qiushuangzhai_gold.002
12:38:36 | INFO: Blender create Mesh node r15_qiushuangzhai_gold.003
12:38:36 | INFO: Draco Decoder: Decode primitive r15_qiushuangzhai_gold.003
12:38:36 | INFO: Blender create Mesh node r15_qiushuangzhai_ink.001
12:38:36 | INFO: Draco Decoder: Decode primitive r15_qiushuangzhai_ink.001
12:38:36 | INFO: Blender create Mesh node r15_qiushuangzhai_ivory.001
12:38:36 | INFO: Draco Decoder: Decode primitive r15_qiushuangzhai_ivory.001
12:38:36 | INFO: Blender create Mesh node r15_qiushuangzhai_lantern.001
12:38:36 | INFO: Draco Decoder: Decode primitive r15_qiushuangzhai_lantern.001
12:38:36 | INFO: Blender create Mesh node r15_qiushuangzhai_latticewood.001
12:38:36 | INFO: Draco Decoder: Decode primitive r15_qiushuangzhai_latticewood.001
12:38:36 | INFO: Blender create Mesh node r15_qiushuangzhai_marble.001
12:38:36 | INFO: Draco Decoder: Decode primitive r15_qiushuangzhai_marble.001
12:38:36 | INFO: Blender create Mesh node r15_qiushuangzhai_paper.001
12:38:36 | INFO: Draco Decoder: Decode primitive r15_qiushuangzhai_paper.001
12:38:36 | INFO: Blender create Mesh node r15_qiushuangzhai_plaster.003
12:38:36 | INFO: Draco Decoder: Decode primitive r15_qiushuangzhai_plaster.003
12:38:36 | INFO: Blender create Mesh node r15_qiushuangzhai_plaster.004
12:38:36 | INFO: Draco Decoder: Decode primitive r15_qiushuangzhai_plaster.004
12:38:36 | INFO: Blender create Mesh node r15_qiushuangzhai_plaster.005
12:38:36 | INFO: Draco Decoder: Decode primitive r15_qiushuangzhai_plaster.005
12:38:36 | INFO: Blender create Mesh node r15_qiushuangzhai_qing_azurite.001
12:38:36 | INFO: Draco Decoder: Decode primitive r15_qiushuangzhai_qing_azurite.001
12:38:36 | INFO: Blender create Mesh node r15_qiushuangzhai_roof.001
12:38:36 | INFO: Draco Decoder: Decode primitive r15_qiushuangzhai_roof.001
12:38:36 | INFO: Blender create Mesh node r15_qiushuangzhai_screen.002
12:38:36 | INFO: Draco Decoder: Decode primitive r15_qiushuangzhai_screen.002
12:38:36 | INFO: Blender create Mesh node r15_qiushuangzhai_screen.003
12:38:36 | INFO: Draco Decoder: Decode primitive r15_qiushuangzhai_screen.003
12:38:36 | INFO: Blender create Mesh node r15_qiushuangzhai_silk.001
12:38:36 | INFO: Draco Decoder: Decode primitive r15_qiushuangzhai_silk.001
12:38:36 | INFO: Blender create Mesh node r15_qiushuangzhai_stone.001
12:38:36 | INFO: Draco Decoder: Decode primitive r15_qiushuangzhai_stone.001
12:38:36 | INFO: Blender create Mesh node r15_qiushuangzhai_tile.001
12:38:36 | INFO: Draco Decoder: Decode primitive r15_qiushuangzhai_tile.001
12:38:36 | INFO: Blender create Mesh node r15_qiushuangzhai_tiledark.001
12:38:36 | INFO: Draco Decoder: Decode primitive r15_qiushuangzhai_tiledark.001
12:38:36 | INFO: Blender create Mesh node r15_qiushuangzhai_tilelight.001
12:38:36 | INFO: Draco Decoder: Decode primitive r15_qiushuangzhai_tilelight.001
12:38:36 | INFO: Blender create Mesh node r15_qiushuangzhai_wood.002
12:38:36 | INFO: Draco Decoder: Decode primitive r15_qiushuangzhai_wood.002
12:38:36 | INFO: Blender create Mesh node r15_qiushuangzhai_wood.003
12:38:36 | INFO: Draco Decoder: Decode primitive r15_qiushuangzhai_wood.003
d 340 vertices, 540 indices
DracoDecoder | Decoded 96 vertices, 132 indices
DracoDecoder | Decoded 5280 vertices, 7260 indices
DracoDecoder | Decoded 4800 vertices, 6600 indices
DracoDecoder | Decoded 48 vertices, 72 indices
DracoDecoder | Decoded 878 vertices, 1302 indices
DracoDecoder | Decoded 312 vertices, 468 indices
DracoDecoder | Decoded 120 vertices, 180 indices
DracoDecoder | Decoded 72 vertices, 108 indices
DracoDecoder | Decoded 350 vertices, 600 indices
DracoDecoder | Decoded 23237 vertices, 23697 indices
DracoDecoder | Decoded 8060 vertices, 8526 indices
DracoDecoder | Decoded 1728 vertices, 1752 indices
DracoDecoder | Decoded 13440 vertices, 18480 indices
DracoDecoder | Decoded 9178 vertices, 12192 indices
DracoDecoder | Decoded 8 vertices, 12 indices
DracoDecoder | Decoded 1648 vertices, 2472 indices
DracoDecoder | Decoded 2202 vertices, 8337 indices
DracoDecoder | Decoded 273 vertices, 273 indices
DracoDecoder | Decoded 254 vertices, 384 indices
DracoDecoder | Decoded 393 vertices, 393 indices
DracoDecoder | Decoded 82 vertices, 84 indices
DracoDecoder | Decoded 1547 vertices, 1713 indices
DracoDecoder | Decoded 528 vertices, 792 indices
DracoDecoder | Decoded 48 vertices, 72 indices
DracoDecoder | Decoded 560 vertices, 924 indices
DracoDecoder | Decoded 320 vertices, 480 indices
DracoDecoder | Decoded 1070 vertices, 1488 indices
DracoDecoder | Decoded 958 vertices, 1176 indices
DracoDecoder | Decoded 252 vertices, 300 indices
DracoDecoder | Decoded 720 vertices, 1176 indices
DracoDecoder | Decoded 12816 vertices, 19344 indices
DracoDecoder | Decoded 752 vertices, 1152 indices
DracoDecoder | Decoded 312 vertices, 468 indices
DracoDecoder | Decoded 320 vertices, 480 indices
DracoDecoder | Decoded 612 vertices, 612 indices
DracoDecoder | Decoded 340 vertices, 540 indices
DracoDecoder | Decoded 4800 vertices, 6600 indices
DracoDecoder | Decoded 96 vertices, 132 indices
DracoDecoder | Decoded 5280 vertices, 7260 indices
DracoDecoder | Decoded 48 vertices, 72 indices
DracoDecoder | Decoded 626 vertices, 930 indices
DracoDecoder | Decoded 24 vertices, 36 indices
DracoDecoder | Decoded 312 vertices, 468 indices
DracoDecoder | Decoded 350 vertices, 600 indices
DracoDecoder | Decoded 22283 vertices, 22755 indices
DracoDecoder | Decoded 6254 vertices, 6540 indices
DracoDecoder | Decoded 1524 vertices, 1572 indices
DracoDecoder | Decoded 9239 vertices, 12093 indices
DracoDecoder | Decoded 13440 vertices, 18480 indices
DracoDecoder | Decoded 4 vertices, 6 indices
DracoDecoder | Decoded 1784 vertices, 2676 indices
DracoDecoder | Decoded 594 vertices, 894 indices
DracoDecoder | Decoded 417 vertices, 417 indices
DracoDecoder | Decoded 84 vertices, 84 indices
DracoDecoder | Decoded 1577 vertices, 1707 indices
DracoDecoder | Decoded 434 vertices, 474 indices
DracoDecoder | Decoded 240 vertices, 360 indices
DracoDecoder | Decoded 535 vertices, 609 indices
DracoDecoder | Decoded 796 vertices, 1164 indices
DracoDecoder | Decoded 1676 vertices, 2028 indices
DracoDecoder | Decoded 1444 vertices, 1764 indices
DracoDecoder | Decoded 418 vertices, 426 indices
DracoDecoder | Decoded 7728 vertices, 11664 indices
DracoDecoder | Decoded 686 vertices, 690 indices
DracoDecoder | Decoded 390 vertices, 390 indices
DracoDecoder | Decoded 320 vertices, 480 indices
DracoDecoder | Decoded 1548 vertices, 1548 indices
DracoDecoder | Decoded 24 vertices, 36 indices
DracoDecoder | Decoded 286 vertices, 324 indices
DracoDecoder | Decoded 480 vertices, 660 indices
DracoDecoder | Decoded 96 vertices, 132 indices
DracoDecoder | Decoded 3744 vertices, 5148 indices
DracoDecoder | Decoded 48 vertices, 72 indices
DracoDecoder | Decoded 406 vertices, 606 indices
DracoDecoder | Decoded 192 vertices, 288 indices
DracoDecoder | Decoded 216 vertices, 324 indices
DracoDecoder | Decoded 24 vertices, 36 indices
DracoDecoder | Decoded 350 vertices, 600 indices
DracoDecoder | Decoded 15137 vertices, 15405 indices
DracoDecoder | Decoded 2366 vertices, 2502 indices
DracoDecoder | Decoded 856 vertices, 864 indices
DracoDecoder | Decoded 8349 vertices, 10326 indices
12:38:36 | INFO: Blender create Mesh node Mobile_daoxiangcun_paving
12:38:36 | INFO: Draco Decoder: Decode primitive Mobile_daoxiangcun_paving
12:38:36 | INFO: Blender create Mesh node Mobile_daoxiangcun_plants
12:38:36 | INFO: Draco Decoder: Decode primitive Mobile_daoxiangcun_plants
12:38:36 | INFO: Blender create Mesh node r15_daoxiangcun_clay.001
12:38:36 | INFO: Draco Decoder: Decode primitive r15_daoxiangcun_clay.001
12:38:36 | INFO: Blender create Mesh node r15_daoxiangcun_plaster.001
12:38:36 | INFO: Draco Decoder: Decode primitive r15_daoxiangcun_plaster.001
12:38:36 | INFO: Blender create Mesh node r15_daoxiangcun_qing_clay.001
12:38:36 | INFO: Draco Decoder: Decode primitive r15_daoxiangcun_qing_clay.001
12:38:36 | INFO: Blender create Mesh node r15_daoxiangcun_rusticwood.002
12:38:36 | INFO: Draco Decoder: Decode primitive r15_daoxiangcun_rusticwood.002
12:38:36 | INFO: Blender create Mesh node r15_daoxiangcun_rusticwood.003
12:38:36 | INFO: Draco Decoder: Decode primitive r15_daoxiangcun_rusticwood.003
12:38:37 | INFO: Blender create Mesh node r15_daoxiangcun_screen.002
12:38:37 | INFO: Draco Decoder: Decode primitive r15_daoxiangcun_screen.002
12:38:37 | INFO: Blender create Mesh node r15_daoxiangcun_screen.003
12:38:37 | INFO: Draco Decoder: Decode primitive r15_daoxiangcun_screen.003
12:38:37 | INFO: Blender create Mesh node r15_daoxiangcun_stone.001
12:38:37 | INFO: Draco Decoder: Decode primitive r15_daoxiangcun_stone.001
12:38:37 | INFO: Blender create Mesh node r15_daoxiangcun_thatch.001
12:38:37 | INFO: Draco Decoder: Decode primitive r15_daoxiangcun_thatch.001
12:38:37 | INFO: Blender create Mesh node Mobile_ouxiangxie_plants
12:38:37 | INFO: Draco Decoder: Decode primitive Mobile_ouxiangxie_plants
12:38:37 | INFO: Blender create Mesh node r15_ouxiangxie_bookcloth.001
12:38:37 | INFO: Draco Decoder: Decode primitive r15_ouxiangxie_bookcloth.001
12:38:37 | INFO: Blender create Mesh node r15_ouxiangxie_bookcover.001
12:38:37 | INFO: Draco Decoder: Decode primitive r15_ouxiangxie_bookcover.001
12:38:37 | INFO: Blender create Mesh node r15_ouxiangxie_ceramic.001
12:38:37 | INFO: Draco Decoder: Decode primitive r15_ouxiangxie_ceramic.001
12:38:37 | INFO: Blender create Mesh node r15_ouxiangxie_darkwood.001
12:38:37 | INFO: Draco Decoder: Decode primitive r15_ouxiangxie_darkwood.001
12:38:37 | INFO: Blender create Mesh node r15_ouxiangxie_furniture.001
12:38:37 | INFO: Draco Decoder: Decode primitive r15_ouxiangxie_furniture.001
12:38:37 | INFO: Blender create Mesh node r15_ouxiangxie_gold.002
12:38:37 | INFO: Draco Decoder: Decode primitive r15_ouxiangxie_gold.002
12:38:37 | INFO: Blender create Mesh node r15_ouxiangxie_gold.003
12:38:37 | INFO: Draco Decoder: Decode primitive r15_ouxiangxie_gold.003
12:38:37 | INFO: Blender create Mesh node r15_ouxiangxie_ink.001
12:38:37 | INFO: Draco Decoder: Decode primitive r15_ouxiangxie_ink.001
12:38:37 | INFO: Blender create Mesh node r15_ouxiangxie_ivory.001
12:38:37 | INFO: Draco Decoder: Decode primitive r15_ouxiangxie_ivory.001
12:38:37 | INFO: Blender create Mesh node r15_ouxiangxie_latticewood.001
12:38:37 | INFO: Draco Decoder: Decode primitive r15_ouxiangxie_latticewood.001
12:38:37 | INFO: Blender create Mesh node r15_ouxiangxie_paper.001
12:38:37 | INFO: Draco Decoder: Decode primitive r15_ouxiangxie_paper.001
12:38:37 | INFO: Blender create Mesh node r15_ouxiangxie_plaster.002
12:38:37 | INFO: Draco Decoder: Decode primitive r15_ouxiangxie_plaster.002
12:38:37 | INFO: Blender create Mesh node r15_ouxiangxie_plaster.003
12:38:37 | INFO: Draco Decoder: Decode primitive r15_ouxiangxie_plaster.003
12:38:37 | INFO: Blender create Mesh node r15_ouxiangxie_qing_azurite.001
12:38:37 | INFO: Draco Decoder: Decode primitive r15_ouxiangxie_qing_azurite.001
12:38:37 | INFO: Blender create Mesh node r15_ouxiangxie_roof.001
12:38:37 | INFO: Draco Decoder: Decode primitive r15_ouxiangxie_roof.001
12:38:37 | INFO: Blender create Mesh node r15_ouxiangxie_screen.002
12:38:37 | INFO: Draco Decoder: Decode primitive r15_ouxiangxie_screen.002
12:38:37 | INFO: Blender create Mesh node r15_ouxiangxie_screen.003
12:38:37 | INFO: Draco Decoder: Decode primitive r15_ouxiangxie_screen.003
12:38:37 | INFO: Blender create Mesh node r15_ouxiangxie_stone.001
12:38:37 | INFO: Draco Decoder: Decode primitive r15_ouxiangxie_stone.001
12:38:37 | INFO: Blender create Mesh node r15_ouxiangxie_tile.001
12:38:37 | INFO: Draco Decoder: Decode primitive r15_ouxiangxie_tile.001
12:38:37 | INFO: Blender create Mesh node r15_ouxiangxie_tiledark.001
12:38:37 | INFO: Draco Decoder: Decode primitive r15_ouxiangxie_tiledark.001
12:38:37 | INFO: Blender create Mesh node r15_ouxiangxie_tilelight.001
12:38:37 | INFO: Draco Decoder: Decode primitive r15_ouxiangxie_tilelight.001
12:38:37 | INFO: Blender create Mesh node r15_ouxiangxie_wood.002
12:38:37 | INFO: Draco Decoder: Decode primitive r15_ouxiangxie_wood.002
12:38:37 | INFO: Blender create Mesh node r15_ouxiangxie_wood.003
12:38:37 | INFO: Draco Decoder: Decode primitive r15_ouxiangxie_wood.003
12:38:37 | INFO: Blender create Mesh node r15_dicuiting_darkwood.001
12:38:37 | INFO: Draco Decoder: Decode primitive r15_dicuiting_darkwood.001
12:38:37 | INFO: Blender create Mesh node r15_dicuiting_gold.001
12:38:37 | INFO: Draco Decoder: Decode primitive r15_dicuiting_gold.001
12:38:37 | INFO: Blender create Mesh node r15_dicuiting_lantern.001
12:38:37 | INFO: Draco Decoder: Decode primitive r15_dicuiting_lantern.001
12:38:37 | INFO: Blender create Mesh node r15_dicuiting_roof.001
12:38:37 | INFO: Draco Decoder: Decode primitive r15_dicuiting_roof.001
12:38:37 | INFO: Blender create Mesh node r15_dicuiting_stone.001
12:38:37 | INFO: Draco Decoder: Decode primitive r15_dicuiting_stone.001
12:38:37 | INFO: Blender create Mesh node r15_dicuiting_tile.001
12:38:37 | INFO: Draco Decoder: Decode primitive r15_dicuiting_tile.001
12:38:37 | INFO: Blender create Mesh node r15_dicuiting_tiledark.001
12:38:37 | INFO: Draco Decoder: Decode primitive r15_dicuiting_tiledark.001
12:38:37 | INFO: Blender create Mesh node r15_dicuiting_tilelight.001
12:38:37 | INFO: Draco Decoder: Decode primitive r15_dicuiting_tilelight.001
12:38:37 | INFO: Blender create Mesh node r15_dicuiting_wood.001
12:38:37 | INFO: Draco Decoder: Decode primitive r15_dicuiting_wood.001
12:38:37 | INFO: Blender create Mesh node Mobile_luxuean_paving
12:38:37 | INFO: Draco Decoder: Decode primitive Mobile_luxuean_paving
12:38:37 | INFO: Blender create Mesh node Mobile_luxuean_plants
12:38:37 | INFO: Draco Decoder: Decode primitive Mobile_luxuean_plants
12:38:37 | INFO: Blender create Mesh node r15_luxuean_clay.001
12:38:37 | INFO: Draco Decoder: Decode primitive r15_luxuean_clay.001
12:38:37 | INFO: Blender create Mesh node r15_luxuean_plaster.001
12:38:37 | INFO: Draco Decoder: Decode primitive r15_luxuean_plaster.001
12:38:37 | INFO: Blender create Mesh node r15_luxuean_qing_clay.001
12:38:37 | INFO: Draco Decoder: Decode primitive r15_luxuean_qing_clay.001
12:38:37 | INFO: Blender create Mesh node r15_luxuean_rusticwood.002
12:38:37 | INFO: Draco Decoder: Decode primitive r15_luxuean_rusticwood.002
12:38:37 | INFO: Blender create Mesh node r15_luxuean_rusticwood.003
12:38:37 | INFO: Draco Decoder: Decode primitive r15_luxuean_rusticwood.003
12:38:37 | INFO: Blender create Mesh node r15_luxuean_screen.001
12:38:37 | INFO: Draco Decoder: Decode primitive r15_luxuean_screen.001
12:38:37 | INFO: Blender create Mesh node r15_luxuean_stone.001
12:38:37 | INFO: Draco Decoder: Decode primitive r15_luxuean_stone.001
12:38:37 | INFO: Blender create Mesh node r15_luxuean_thatch.001
12:38:37 | INFO: Draco Decoder: Decode primitive r15_luxuean_thatch.001
12:38:37 | INFO: Blender create Mesh node Mobile_tubishanzhuang_floorwood
12:38:37 | INFO: Draco Decoder: Decode primitive Mobile_tubishanzhuang_floorwood
12:38:37 | INFO: Blender create Mesh node Mobile_tubishanzhuang_paving
12:38:37 | INFO: Draco Decoder: Decode primitive Mobile_tubishanzhuang_paving
12:38:37 | INFO: Blender create Mesh node Mobile_tubishanzhuang_plants
12:38:37 | INFO: Draco Decoder: Decode primitive Mobile_tubishanzhuang_plants
12:38:37 | INFO: Blender create Mesh node r15_tubishanzhuang_cutstone.001
12:38:37 | INFO: Draco Decoder: Decode primitive r15_tubishanzhuang_cutstone.001
12:38:37 | INFO: Blender create Mesh node r15_tubishanzhuang_darkwood.001
12:38:37 | INFO: Draco Decoder: Decode primitive r15_tubishanzhuang_darkwood.001
12:38:37 | INFO: Blender create Mesh node r15_tubishanzhuang_furniture.001
12:38:37 | INFO: Draco Decoder: Decode primitive r15_tubishanzhuang_furniture.001
12:38:37 | INFO: Blender create Mesh node r15_tubishanzhuang_gold.001
12:38:37 | INFO: Draco Decoder: Decode primitive r15_tubishanzhuang_gold.001
12:38:37 | INFO: Blender create Mesh node r15_tubishanzhuang_latticewood.001
12:38:37 | INFO: Draco Decoder: Decode primitive r15_tubishanzhuang_latticewood.001
12:38:37 | INFO: Blender create Mesh node r15_tubishanzhuang_plaster.002
12:38:37 | INFO: Draco Decoder: Decode primitive r15_tubishanzhuang_plaster.002
12:38:37 | INFO: Blender create Mesh node r15_tubishanzhuang_plaster.003
12:38:37 | INFO: Draco Decoder: Decode primitive r15_tubishanzhuang_plaster.003
12:38:37 | INFO: Blender create Mesh node r15_tubishanzhuang_qing_azurite.001
12:38:37 | INFO: Draco Decoder: Decode primitive r15_tubishanzhuang_qing_azurite.001
12:38:37 | INFO: Blender create Mesh node r15_tubishanzhuang_roof.001
12:38:37 | INFO: Draco Decoder: Decode primitive r15_tubishanzhuang_roof.001
12:38:37 | INFO: Blender create Mesh node r15_tubishanzhuang_screen.002
12:38:37 | INFO: Draco Decoder: Decode primitive r15_tubishanzhuang_screen.002
12:38:37 | INFO: Blender create Mesh node r15_tubishanzhuang_screen.003
12:38:37 | INFO: Draco Decoder: Decode primitive r15_tubishanzhuang_screen.003
12:38:37 | INFO: Blender create Mesh node r15_tubishanzhuang_stone.001
12:38:37 | INFO: Draco Decoder: Decode primitive r15_tubishanzhuang_stone.001
12:38:37 | INFO: Blender create Mesh node r15_tubishanzhuang_tile.001
12:38:37 | INFO: Draco Decoder: Decode primitive r15_tubishanzhuang_tile.001
12:38:37 | INFO: Blender create Mesh node r15_tubishanzhuang_tiledark.001
12:38:37 | INFO: Draco Decoder: Decode primitive r15_tubishanzhuang_tiledark.001
12:38:37 | INFO: Blender create Mesh node r15_tubishanzhuang_tilelight.001
12:38:37 | INFO: Draco Decoder: Decode primitive r15_tubishanzhuang_tilelight.001
12:38:37 | INFO: Blender create Mesh node r15_tubishanzhuang_wood.002
12:38:37 | INFO: Draco Decoder: Decode primitive r15_tubishanzhuang_wood.002
12:38:37 | INFO: Blender create Mesh node r15_tubishanzhuang_wood.003
12:38:37 | INFO: Draco Decoder: Decode primitive r15_tubishanzhuang_wood.003
12:38:37 | INFO: Blender create Mesh node Mobile_aojingxiguan_floorwood
12:38:37 | INFO: Draco Decoder: Decode primitive Mobile_aojingxiguan_floorwood
12:38:37 | INFO: Blender create Mesh node Mobile_aojingxiguan_paving
12:38:37 | INFO: Draco Decoder: Decode primitive Mobile_aojingxiguan_paving
12:38:37 | INFO: Blender create Mesh node Mobile_aojingxiguan_plants
12:38:37 | INFO: Draco Decoder: Decode primitive Mobile_aojingxiguan_plants
12:38:37 | INFO: Blender create Mesh node r15_aojingxiguan_cutstone.001
12:38:37 | INFO: Draco Decoder: Decode primitive r15_aojingxiguan_cutstone.001
12:38:37 | INFO: Blender create Mesh node r15_aojingxiguan_darkwood.001
12:38:37 | INFO: Draco Decoder: Decode primitive r15_aojingxiguan_darkwood.001
12:38:37 | INFO: Blender create Mesh node r15_aojingxiguan_furniture.001
12:38:37 | INFO: Draco Decoder: Decode primitive r15_aojingxiguan_furniture.001
12:38:37 | INFO: Blender create Mesh node r15_aojingxiguan_gold.001
12:38:37 | INFO: Draco Decoder: Decode primitive r15_aojingxiguan_gold.001
12:38:37 | INFO: Blender create Mesh node r15_aojingxiguan_latticewood.001
12:38:37 | INFO: Draco Decoder: Decode primitive r15_aojingxiguan_latticewood.001
DracoDecoder | Decoded 9216 vertices, 12672 indices
DracoDecoder | Decoded 30 vertices, 66 indices
DracoDecoder | Decoded 7801 vertices, 7857 indices
DracoDecoder | Decoded 4260 vertices, 5736 indices
DracoDecoder | Decoded 288 vertices, 396 indices
DracoDecoder | Decoded 1656 vertices, 2484 indices
DracoDecoder | Decoded 2458 vertices, 3078 indices
DracoDecoder | Decoded 3456 vertices, 5184 indices
DracoDecoder | Decoded 192 vertices, 288 indices
DracoDecoder | Decoded 360 vertices, 540 indices
DracoDecoder | Decoded 1216 vertices, 1554 indices
DracoDecoder | Decoded 456 vertices, 456 indices
DracoDecoder | Decoded 192 vertices, 324 indices
DracoDecoder | Decoded 528 vertices, 792 indices
DracoDecoder | Decoded 48 vertices, 72 indices
DracoDecoder | Decoded 560 vertices, 924 indices
DracoDecoder | Decoded 2048 vertices, 2880 indices
DracoDecoder | Decoded 250 vertices, 300 indices
DracoDecoder | Decoded 336 vertices, 600 indices
DracoDecoder | Decoded 7728 vertices, 11664 indices
DracoDecoder | Decoded 752 vertices, 1152 indices
DracoDecoder | Decoded 312 vertices, 468 indices
DracoDecoder | Decoded 492 vertices, 492 indices
DracoDecoder | Decoded 340 vertices, 540 indices
DracoDecoder | Decoded 96 vertices, 132 indices
DracoDecoder | Decoded 3744 vertices, 5148 indices
DracoDecoder | Decoded 48 vertices, 72 indices
DracoDecoder | Decoded 286 vertices, 426 indices
DracoDecoder | Decoded 216 vertices, 324 indices
DracoDecoder | Decoded 216 vertices, 324 indices
DracoDecoder | Decoded 1536 vertices, 2208 indices
DracoDecoder | Decoded 10530 vertices, 10722 indices
DracoDecoder | Decoded 1956 vertices, 2076 indices
DracoDecoder | Decoded 614 vertices, 630 indices
DracoDecoder | Decoded 764 vertices, 990 indices
DracoDecoder | Decoded 9216 vertices, 12672 indices
DracoDecoder | Decoded 2680 vertices, 3696 indices
DracoDecoder | Decoded 384 vertices, 384 indices
DracoDecoder | Decoded 212 vertices, 228 indices
DracoDecoder | Decoded 246 vertices, 366 indices
DracoDecoder | Decoded 192 vertices, 276 indices
DracoDecoder | Decoded 5324 vertices, 5460 indices
DracoDecoder | Decoded 1452 vertices, 1494 indices
DracoDecoder | Decoded 231 vertices, 231 indices
DracoDecoder | Decoded 1728 vertices, 2472 indices
DracoDecoder | Decoded 22 vertices, 54 indices
DracoDecoder | Decoded 687 vertices, 735 indices
DracoDecoder | Decoded 2844 vertices, 3804 indices
DracoDecoder | Decoded 96 vertices, 132 indices
DracoDecoder | Decoded 744 vertices, 1116 indices
DracoDecoder | Decoded 894 vertices, 1170 indices
DracoDecoder | Decoded 1584 vertices, 2376 indices
DracoDecoder | Decoded 168 vertices, 252 indices
DracoDecoder | Decoded 578 vertices, 690 indices
DracoDecoder | Decoded 988 vertices, 1014 indices
DracoDecoder | Decoded 1488 vertices, 2232 indices
DracoDecoder | Decoded 764 vertices, 1146 indices
DracoDecoder | Decoded 486 vertices, 486 indices
DracoDecoder | Decoded 686 vertices, 990 indices
DracoDecoder | Decoded 460 vertices, 624 indices
DracoDecoder | Decoded 188 vertices, 258 indices
DracoDecoder | Decoded 7728 vertices, 11664 indices
DracoDecoder | Decoded 1452 vertices, 1452 indices
DracoDecoder | Decoded 96 vertices, 132 indices
DracoDecoder | Decoded 3744 vertices, 5148 indices
DracoDecoder | Decoded 48 vertices, 72 indices
DracoDecoder | Decoded 286 vertices, 426 indices
DracoDecoder | Decoded 216 vertices, 324 indices
DracoDecoder | Decoded 192 vertices, 288 indices
DracoDecoder | Decoded 796 vertices, 996 indices
DracoDecoder | Decoded 11774 vertices, 12018 indices
DracoDecoder | Decoded 2096 vertices, 2220 indices
DracoDecoder | Decoded 682 vertices, 690 indices
DracoDecoder | Decoded 9216 vertices, 12672 indices
DracoDecoder | Decoded 6880 vertices, 9066 indices
DracoDecoder | Decoded 1332 vertices, 1998 indices
DracoDecoder | Decoded 768 vertices, 1158 indices
DracoDecoder | Decoded 486 vertices, 486 indices
DracoDecoder | Decoded 650 vertices, 906 indices
DracoDecoder | Decoded 468 vertices, 624 indices
DracoDecoder | Decoded 182 vertices, 258 indices
DracoDecoder | Decoded 7728 vertices, 11664 indices
DracoDecoder | 12:38:37 | INFO: Blender create Mesh node r15_aojingxiguan_plaster.002
12:38:37 | INFO: Draco Decoder: Decode primitive r15_aojingxiguan_plaster.002
12:38:37 | INFO: Blender create Mesh node r15_aojingxiguan_plaster.003
12:38:37 | INFO: Draco Decoder: Decode primitive r15_aojingxiguan_plaster.003
12:38:37 | INFO: Blender create Mesh node r15_aojingxiguan_qing_azurite.001
12:38:37 | INFO: Draco Decoder: Decode primitive r15_aojingxiguan_qing_azurite.001
12:38:37 | INFO: Blender create Mesh node r15_aojingxiguan_roof.001
12:38:37 | INFO: Draco Decoder: Decode primitive r15_aojingxiguan_roof.001
12:38:37 | INFO: Blender create Mesh node r15_aojingxiguan_screen.002
12:38:37 | INFO: Draco Decoder: Decode primitive r15_aojingxiguan_screen.002
12:38:37 | INFO: Blender create Mesh node r15_aojingxiguan_screen.003
12:38:37 | INFO: Draco Decoder: Decode primitive r15_aojingxiguan_screen.003
12:38:37 | INFO: Blender create Mesh node r15_aojingxiguan_stone.001
12:38:37 | INFO: Draco Decoder: Decode primitive r15_aojingxiguan_stone.001
12:38:37 | INFO: Blender create Mesh node r15_aojingxiguan_tile.001
12:38:37 | INFO: Draco Decoder: Decode primitive r15_aojingxiguan_tile.001
12:38:37 | INFO: Blender create Mesh node r15_aojingxiguan_tiledark.001
12:38:37 | INFO: Draco Decoder: Decode primitive r15_aojingxiguan_tiledark.001
12:38:37 | INFO: Blender create Mesh node r15_aojingxiguan_tilelight.001
12:38:37 | INFO: Draco Decoder: Decode primitive r15_aojingxiguan_tilelight.001
12:38:37 | INFO: Blender create Mesh node r15_aojingxiguan_wood.002
12:38:37 | INFO: Draco Decoder: Decode primitive r15_aojingxiguan_wood.002
12:38:37 | INFO: Blender create Mesh node r15_aojingxiguan_wood.003
12:38:37 | INFO: Draco Decoder: Decode primitive r15_aojingxiguan_wood.003
12:38:37 | INFO: Blender create Mesh node Mobile_daguanlou_courtbase
12:38:37 | INFO: Draco Decoder: Decode primitive Mobile_daguanlou_courtbase
12:38:37 | INFO: Blender create Mesh node Mobile_daguanlou_floorwood
12:38:37 | INFO: Draco Decoder: Decode primitive Mobile_daguanlou_floorwood
12:38:37 | INFO: Blender create Mesh node Mobile_daguanlou_limestone
12:38:37 | INFO: Draco Decoder: Decode primitive Mobile_daguanlou_limestone
12:38:37 | INFO: Blender create Mesh node Mobile_daguanlou_paving
12:38:37 | INFO: Draco Decoder: Decode primitive Mobile_daguanlou_paving
12:38:37 | INFO: Blender create Mesh node Mobile_daguanlou_botanical_bamboo
12:38:37 | INFO: Draco Decoder: Decode primitive Mobile_daguanlou_botanical_bamboo
12:38:37 | INFO: Blender create Mesh node Mobile_daguanlou_botanical_litter
12:38:37 | INFO: Draco Decoder: Decode primitive Mobile_daguanlou_botanical_litter
12:38:37 | INFO: Blender create Mesh node Mobile_daguanlou_plants
12:38:37 | INFO: Draco Decoder: Decode primitive Mobile_daguanlou_plants
12:38:37 | INFO: Blender create Mesh node r15_daguanlou_bookcloth.001
12:38:37 | INFO: Draco Decoder: Decode primitive r15_daguanlou_bookcloth.001
12:38:37 | INFO: Blender create Mesh node r15_daguanlou_bookcover.001
12:38:37 | INFO: Draco Decoder: Decode primitive r15_daguanlou_bookcover.001
12:38:37 | INFO: Blender create Mesh node r15_daguanlou_ceramic.001
12:38:37 | INFO: Draco Decoder: Decode primitive r15_daguanlou_ceramic.001
12:38:37 | INFO: Blender create Mesh node r15_daguanlou_cutstone.001
12:38:37 | INFO: Draco Decoder: Decode primitive r15_daguanlou_cutstone.001
12:38:37 | INFO: Blender create Mesh node r15_daguanlou_darkwood.001
12:38:37 | INFO: Draco Decoder: Decode primitive r15_daguanlou_darkwood.001
12:38:37 | INFO: Blender create Mesh node r15_daguanlou_furniture.001
12:38:37 | INFO: Draco Decoder: Decode primitive r15_daguanlou_furniture.001
12:38:37 | INFO: Blender create Mesh node r15_daguanlou_gold.002
12:38:37 | INFO: Draco Decoder: Decode primitive r15_daguanlou_gold.002
12:38:37 | INFO: Blender create Mesh node r15_daguanlou_gold.003
12:38:37 | INFO: Draco Decoder: Decode primitive r15_daguanlou_gold.003
12:38:37 | INFO: Blender create Mesh node r15_daguanlou_goldroof.001
12:38:37 | INFO: Draco Decoder: Decode primitive r15_daguanlou_goldroof.001
12:38:37 | INFO: Blender create Mesh node r15_daguanlou_goldtile.001
12:38:37 | INFO: Draco Decoder: Decode primitive r15_daguanlou_goldtile.001
12:38:37 | INFO: Blender create Mesh node r15_daguanlou_goldtiledark.001
12:38:37 | INFO: Draco Decoder: Decode primitive r15_daguanlou_goldtiledark.001
12:38:37 | INFO: Blender create Mesh node r15_daguanlou_goldtilelight.001
12:38:37 | INFO: Draco Decoder: Decode primitive r15_daguanlou_goldtilelight.001
12:38:37 | INFO: Blender create Mesh node r15_daguanlou_ink.001
12:38:37 | INFO: Draco Decoder: Decode primitive r15_daguanlou_ink.001
12:38:37 | INFO: Blender create Mesh node r15_daguanlou_ivory.001
12:38:37 | INFO: Draco Decoder: Decode primitive r15_daguanlou_ivory.001
12:38:37 | INFO: Blender create Mesh node r15_daguanlou_lantern.001
12:38:37 | INFO: Draco Decoder: Decode primitive r15_daguanlou_lantern.001
12:38:37 | INFO: Blender create Mesh node r15_daguanlou_latticewood.001
12:38:37 | INFO: Draco Decoder: Decode primitive r15_daguanlou_latticewood.001
12:38:38 | INFO: Blender create Mesh node r15_daguanlou_paper.001
12:38:38 | INFO: Draco Decoder: Decode primitive r15_daguanlou_paper.001
12:38:38 | INFO: Blender create Mesh node r15_daguanlou_plaster.003
12:38:38 | INFO: Draco Decoder: Decode primitive r15_daguanlou_plaster.003
12:38:38 | INFO: Blender create Mesh node r15_daguanlou_plaster.004
12:38:38 | INFO: Draco Decoder: Decode primitive r15_daguanlou_plaster.004
12:38:38 | INFO: Blender create Mesh node r15_daguanlou_plaster.005
12:38:38 | INFO: Draco Decoder: Decode primitive r15_daguanlou_plaster.005
12:38:38 | INFO: Blender create Mesh node r15_daguanlou_qing_azurite.001
12:38:38 | INFO: Draco Decoder: Decode primitive r15_daguanlou_qing_azurite.001
12:38:38 | INFO: Blender create Mesh node r15_daguanlou_screen.002
12:38:38 | INFO: Draco Decoder: Decode primitive r15_daguanlou_screen.002
12:38:38 | INFO: Blender create Mesh node r15_daguanlou_screen.003
12:38:38 | INFO: Draco Decoder: Decode primitive r15_daguanlou_screen.003
12:38:38 | INFO: Blender create Mesh node r15_daguanlou_stone.001
12:38:38 | INFO: Draco Decoder: Decode primitive r15_daguanlou_stone.001
12:38:38 | INFO: Blender create Mesh node r15_daguanlou_wood.002
12:38:38 | INFO: Draco Decoder: Decode primitive r15_daguanlou_wood.002
12:38:38 | INFO: Blender create Mesh node r15_daguanlou_wood.003
12:38:38 | INFO: Draco Decoder: Decode primitive r15_daguanlou_wood.003
12:38:38 | INFO: Blender create Mesh node Mobile_longcuian_courtbase
12:38:38 | INFO: Draco Decoder: Decode primitive Mobile_longcuian_courtbase
12:38:38 | INFO: Blender create Mesh node Mobile_longcuian_floorwood
12:38:38 | INFO: Draco Decoder: Decode primitive Mobile_longcuian_floorwood
12:38:38 | INFO: Blender create Mesh node Mobile_longcuian_paving
12:38:38 | INFO: Draco Decoder: Decode primitive Mobile_longcuian_paving
12:38:38 | INFO: Blender create Mesh node Mobile_longcuian_plants
12:38:38 | INFO: Draco Decoder: Decode primitive Mobile_longcuian_plants
12:38:38 | INFO: Blender create Mesh node r15_longcuian_bookcloth.001
12:38:38 | INFO: Draco Decoder: Decode primitive r15_longcuian_bookcloth.001
12:38:38 | INFO: Blender create Mesh node r15_longcuian_bookcover.001
12:38:38 | INFO: Draco Decoder: Decode primitive r15_longcuian_bookcover.001
12:38:38 | INFO: Blender create Mesh node r15_longcuian_ceramic.001
12:38:38 | INFO: Draco Decoder: Decode primitive r15_longcuian_ceramic.001
12:38:38 | INFO: Blender create Mesh node r15_longcuian_cutstone.001
12:38:38 | INFO: Draco Decoder: Decode primitive r15_longcuian_cutstone.001
12:38:38 | INFO: Blender create Mesh node r15_longcuian_darkwood.001
12:38:38 | INFO: Draco Decoder: Decode primitive r15_longcuian_darkwood.001
12:38:38 | INFO: Blender create Mesh node r15_longcuian_furniture.001
12:38:38 | INFO: Draco Decoder: Decode primitive r15_longcuian_furniture.001
12:38:38 | INFO: Blender create Mesh node r15_longcuian_gold.002
12:38:38 | INFO: Draco Decoder: Decode primitive r15_longcuian_gold.002
12:38:38 | INFO: Blender create Mesh node r15_longcuian_gold.003
12:38:38 | INFO: Draco Decoder: Decode primitive r15_longcuian_gold.003
12:38:38 | INFO: Blender create Mesh node r15_longcuian_ink.001
12:38:38 | INFO: Draco Decoder: Decode primitive r15_longcuian_ink.001
12:38:38 | INFO: Blender create Mesh node r15_longcuian_ivory.001
12:38:38 | INFO: Draco Decoder: Decode primitive r15_longcuian_ivory.001
12:38:38 | INFO: Blender create Mesh node r15_longcuian_latticewood.001
12:38:38 | INFO: Draco Decoder: Decode primitive r15_longcuian_latticewood.001
12:38:38 | INFO: Blender create Mesh node r15_longcuian_paper.001
12:38:38 | INFO: Draco Decoder: Decode primitive r15_longcuian_paper.001
12:38:38 | INFO: Blender create Mesh node r15_longcuian_plaster.003
12:38:38 | INFO: Draco Decoder: Decode primitive r15_longcuian_plaster.003
12:38:38 | INFO: Blender create Mesh node r15_longcuian_plaster.004
12:38:38 | INFO: Draco Decoder: Decode primitive r15_longcuian_plaster.004
12:38:38 | INFO: Blender create Mesh node r15_longcuian_plaster.005
12:38:38 | INFO: Draco Decoder: Decode primitive r15_longcuian_plaster.005
12:38:38 | INFO: Blender create Mesh node r15_longcuian_qing_jade.001
12:38:38 | INFO: Draco Decoder: Decode primitive r15_longcuian_qing_jade.001
12:38:38 | INFO: Blender create Mesh node r15_longcuian_roof.001
12:38:38 | INFO: Draco Decoder: Decode primitive r15_longcuian_roof.001
12:38:38 | INFO: Blender create Mesh node r15_longcuian_screen.002
12:38:38 | INFO: Draco Decoder: Decode primitive r15_longcuian_screen.002
12:38:38 | INFO: Blender create Mesh node r15_longcuian_screen.003
12:38:38 | INFO: Draco Decoder: Decode primitive r15_longcuian_screen.003
12:38:38 | INFO: Blender create Mesh node r15_longcuian_stone.001
12:38:38 | INFO: Draco Decoder: Decode primitive r15_longcuian_stone.001
12:38:38 | INFO: Blender create Mesh node r15_longcuian_tile.001
12:38:38 | INFO: Draco Decoder: Decode primitive r15_longcuian_tile.001
12:38:38 | INFO: Blender create Mesh node r15_longcuian_tiledark.001
12:38:38 | INFO: Draco Decoder: Decode primitive r15_longcuian_tiledark.001
12:38:38 | INFO: Blender create Mesh node r15_longcuian_tilelight.001
12:38:38 | INFO: Draco Decoder: Decode primitive r15_longcuian_tilelight.001
12:38:38 | INFO: Blender create Mesh node r15_longcuian_wood.002
12:38:38 | INFO: Draco Decoder: Decode primitive r15_longcuian_wood.002
12:38:38 | INFO: Blender create Mesh node r15_longcuian_wood.003
12:38:38 | INFO: Draco Decoder: Decode primitive r15_longcuian_wood.003
12:38:38 | INFO: Blender create Mesh node Mobile_nuanxiangwu_courtbase
12:38:38 | INFO: Draco Decoder: Decode primitive Mobile_nuanxiangwu_courtbase
12:38:38 | INFO: Blender create Mesh node Mobile_nuanxiangwu_floorwood
12:38:38 | INFO: Draco Decoder: Decode primitive Mobile_nuanxiangwu_floorwood
12:38:38 | INFO: Blender create Mesh node Mobile_nuanxiangwu_paving
12:38:38 | INFO: Draco Decoder: Decode primitive Mobile_nuanxiangwu_paving
12:38:38 | INFO: Blender create Mesh node Mobile_nuanxiangwu_plants
12:38:38 | INFO: Draco Decoder: Decode primitive Mobile_nuanxiangwu_plants
12:38:38 | INFO: Blender create Mesh node r15_nuanxiangwu_bookcloth.001
12:38:38 | INFO: Draco Decoder: Decode primitive r15_nuanxiangwu_bookcloth.001
12:38:38 | INFO: Blender create Mesh node r15_nuanxiangwu_bookcover.001
12:38:38 | INFO: Draco Decoder: Decode primitive r15_nuanxiangwu_bookcover.001
12:38:38 | INFO: Blender create Mesh node r15_nuanxiangwu_ceramic.001
12:38:38 | INFO: Draco Decoder: Decode primitive r15_nuanxiangwu_ceramic.001
Decoded 1128 vertices, 1128 indices
DracoDecoder | Decoded 96 vertices, 132 indices
DracoDecoder | Decoded 3744 vertices, 5148 indices
DracoDecoder | Decoded 48 vertices, 72 indices
DracoDecoder | Decoded 286 vertices, 426 indices
DracoDecoder | Decoded 192 vertices, 288 indices
DracoDecoder | Decoded 216 vertices, 324 indices
DracoDecoder | Decoded 842 vertices, 1020 indices
DracoDecoder | Decoded 10807 vertices, 10911 indices
DracoDecoder | Decoded 1936 vertices, 2058 indices
DracoDecoder | Decoded 608 vertices, 648 indices
DracoDecoder | Decoded 6612 vertices, 8670 indices
DracoDecoder | Decoded 9216 vertices, 12672 indices
DracoDecoder | Decoded 8 vertices, 12 indices
DracoDecoder | Decoded 14416 vertices, 21624 indices
DracoDecoder | Decoded 2175 vertices, 2199 indices
DracoDecoder | Decoded 2842 vertices, 4314 indices
DracoDecoder | Decoded 1287 vertices, 1287 indices
DracoDecoder | Decoded 423 vertices, 423 indices
DracoDecoder | Decoded 1809 vertices, 1809 indices
DracoDecoder | Decoded 528 vertices, 792 indices
DracoDecoder | Decoded 48 vertices, 72 indices
DracoDecoder | Decoded 214 vertices, 222 indices
DracoDecoder | Decoded 6510 vertices, 9114 indices
DracoDecoder | Decoded 9267 vertices, 11148 indices
DracoDecoder | Decoded 2132 vertices, 2892 indices
DracoDecoder | Decoded 5892 vertices, 5892 indices
DracoDecoder | Decoded 82176 vertices, 124032 indices
DracoDecoder | Decoded 3638 vertices, 5418 indices
DracoDecoder | Decoded 175785 vertices, 181929 indices
DracoDecoder | Decoded 36478 vertices, 38466 indices
DracoDecoder | Decoded 12218 vertices, 12726 indices
DracoDecoder | Decoded 752 vertices, 1152 indices
DracoDecoder | Decoded 312 vertices, 468 indices
DracoDecoder | Decoded 3266 vertices, 3510 indices
DracoDecoder | Decoded 11076 vertices, 11076 indices
DracoDecoder | Decoded 340 vertices, 540 indices
DracoDecoder | Decoded 5088 vertices, 6996 indices
DracoDecoder | Decoded 768 vertices, 1056 indices
DracoDecoder | Decoded 38400 vertices, 52800 indices
DracoDecoder | Decoded 384 vertices, 576 indices
DracoDecoder | Decoded 480 vertices, 480 indices
DracoDecoder | Decoded 2256 vertices, 3384 indices
DracoDecoder | Decoded 4334 vertices, 5832 indices
DracoDecoder | Decoded 72929 vertices, 97845 indices
DracoDecoder | Decoded 95808 vertices, 131736 indices
DracoDecoder | Decoded 4 vertices, 6 indices
DracoDecoder | Decoded 1860 vertices, 2790 indices
DracoDecoder | Decoded 318 vertices, 480 indices
DracoDecoder | Decoded 3814 vertices, 3825 indices
DracoDecoder | Decoded 528 vertices, 792 indices
DracoDecoder | Decoded 48 vertices, 72 indices
DracoDecoder | Decoded 161 vertices, 165 indices
DracoDecoder | Decoded 1266 vertices, 1746 indices
DracoDecoder | Decoded 1110 vertices, 1452 indices
DracoDecoder | Decoded 444 vertices, 558 indices
DracoDecoder | Decoded 336 vertices, 600 indices
DracoDecoder | Decoded 15456 vertices, 23328 indices
DracoDecoder | Decoded 752 vertices, 1152 indices
DracoDecoder | Decoded 312 vertices, 468 indices
DracoDecoder | Decoded 1128 vertices, 1128 indices
DracoDecoder | Decoded 340 vertices, 540 indices
DracoDecoder | Decoded 3264 vertices, 4488 indices
DracoDecoder | Decoded 192 vertices, 264 indices
DracoDecoder | Decoded 6720 vertices, 9240 indices
DracoDecoder | Decoded 96 vertices, 144 indices
DracoDecoder | Decoded 690 vertices, 1026 indices
DracoDecoder | Decoded 192 vertices, 288 indices
DracoDecoder | Decoded 384 vertices, 576 indices
DracoDecoder | Decoded 307 vertices, 507 indices
DracoDecoder | Decoded 19958 vertices, 20346 indices
DracoDecoder | Decoded 5332 vertices, 5676 indices
DracoDecoder | Decoded 1092 vertices, 1104 indices
DracoDecoder | Decoded 11864 vertices, 15708 indices
DracoDecoder | Decoded 16704 vertices, 22968 indices
DracoDecoder | Decoded 4 vertices, 6 indices
DracoDecoder | Decoded 1232 vertices, 1848 indices
DracoDecoder | Decoded 266 vertices, 420 indices
DracoDecoder | Decoded 2238 vertices, 2262 indices
DracoDecoder | Decoded 528 vertices, 792 indices
DracoDecoder | Decoded 48 vertices, 72 indices
DracoDecoder | Decoded 168 vertices, 112:38:38 | INFO: Blender create Mesh node r15_nuanxiangwu_cutstone.001
12:38:38 | INFO: Draco Decoder: Decode primitive r15_nuanxiangwu_cutstone.001
12:38:38 | INFO: Blender create Mesh node r15_nuanxiangwu_darkwood.001
12:38:38 | INFO: Draco Decoder: Decode primitive r15_nuanxiangwu_darkwood.001
12:38:38 | INFO: Blender create Mesh node r15_nuanxiangwu_furniture.001
12:38:38 | INFO: Draco Decoder: Decode primitive r15_nuanxiangwu_furniture.001
12:38:38 | INFO: Blender create Mesh node r15_nuanxiangwu_gold.002
12:38:38 | INFO: Draco Decoder: Decode primitive r15_nuanxiangwu_gold.002
12:38:38 | INFO: Blender create Mesh node r15_nuanxiangwu_gold.003
12:38:38 | INFO: Draco Decoder: Decode primitive r15_nuanxiangwu_gold.003
12:38:38 | INFO: Blender create Mesh node r15_nuanxiangwu_ink.001
12:38:38 | INFO: Draco Decoder: Decode primitive r15_nuanxiangwu_ink.001
12:38:38 | INFO: Blender create Mesh node r15_nuanxiangwu_ivory.001
12:38:38 | INFO: Draco Decoder: Decode primitive r15_nuanxiangwu_ivory.001
12:38:38 | INFO: Blender create Mesh node r15_nuanxiangwu_latticewood.001
12:38:38 | INFO: Draco Decoder: Decode primitive r15_nuanxiangwu_latticewood.001
12:38:38 | INFO: Blender create Mesh node r15_nuanxiangwu_paper.001
12:38:38 | INFO: Draco Decoder: Decode primitive r15_nuanxiangwu_paper.001
12:38:38 | INFO: Blender create Mesh node r15_nuanxiangwu_plaster.002
12:38:38 | INFO: Draco Decoder: Decode primitive r15_nuanxiangwu_plaster.002
12:38:38 | INFO: Blender create Mesh node r15_nuanxiangwu_plaster.003
12:38:38 | INFO: Draco Decoder: Decode primitive r15_nuanxiangwu_plaster.003
12:38:38 | INFO: Blender create Mesh node r15_nuanxiangwu_qing_azurite.001
12:38:38 | INFO: Draco Decoder: Decode primitive r15_nuanxiangwu_qing_azurite.001
12:38:38 | INFO: Blender create Mesh node r15_nuanxiangwu_roof.001
12:38:38 | INFO: Draco Decoder: Decode primitive r15_nuanxiangwu_roof.001
12:38:38 | INFO: Blender create Mesh node r15_nuanxiangwu_screen.002
12:38:38 | INFO: Draco Decoder: Decode primitive r15_nuanxiangwu_screen.002
12:38:38 | INFO: Blender create Mesh node r15_nuanxiangwu_screen.003
12:38:38 | INFO: Draco Decoder: Decode primitive r15_nuanxiangwu_screen.003
12:38:38 | INFO: Blender create Mesh node r15_nuanxiangwu_silk.001
12:38:38 | INFO: Draco Decoder: Decode primitive r15_nuanxiangwu_silk.001
12:38:38 | INFO: Blender create Mesh node r15_nuanxiangwu_stone.001
12:38:38 | INFO: Draco Decoder: Decode primitive r15_nuanxiangwu_stone.001
12:38:38 | INFO: Blender create Mesh node r15_nuanxiangwu_tile.001
12:38:38 | INFO: Draco Decoder: Decode primitive r15_nuanxiangwu_tile.001
12:38:38 | INFO: Blender create Mesh node r15_nuanxiangwu_tiledark.001
12:38:38 | INFO: Draco Decoder: Decode primitive r15_nuanxiangwu_tiledark.001
12:38:38 | INFO: Blender create Mesh node r15_nuanxiangwu_tilelight.001
12:38:38 | INFO: Draco Decoder: Decode primitive r15_nuanxiangwu_tilelight.001
12:38:38 | INFO: Blender create Mesh node r15_nuanxiangwu_wood.002
12:38:38 | INFO: Draco Decoder: Decode primitive r15_nuanxiangwu_wood.002
12:38:38 | INFO: Blender create Mesh node r15_nuanxiangwu_wood.003
12:38:38 | INFO: Draco Decoder: Decode primitive r15_nuanxiangwu_wood.003
12:38:38 | INFO: Blender create Mesh node landscape_lantern
12:38:38 | INFO: Draco Decoder: Decode primitive landscape_lantern
12:38:38 | INFO: Blender create Mesh node Mobile_landscape
12:38:38 | INFO: Draco Decoder: Decode primitive Mobile_landscape
12:38:38 | INFO: Blender create Mesh node Mobile_landscape_paving
12:38:38 | INFO: Draco Decoder: Decode primitive Mobile_landscape_paving
12:38:38 | INFO: Blender create Mesh node Mobile_landscape_limestone
12:38:38 | INFO: Draco Decoder: Decode primitive Mobile_landscape_limestone
12:38:39 | INFO: Blender create Mesh node Mobile_landscape_roofshell
12:38:39 | INFO: Draco Decoder: Decode primitive Mobile_landscape_roofshell
12:38:39 | INFO: Blender create Mesh node Mobile_landscape_earth
12:38:39 | INFO: Draco Decoder: Decode primitive Mobile_landscape_earth
12:38:39 | INFO: Blender create Mesh node Mobile_landscape_bankstone
12:38:39 | INFO: Draco Decoder: Decode primitive Mobile_landscape_bankstone
12:38:39 | INFO: Blender create Mesh node Mobile_landscape_plants
12:38:39 | INFO: Draco Decoder: Decode primitive Mobile_landscape_plants
12:38:39 | INFO: Blender create Mesh node Mobile_landscape_botanical_bamboo
12:38:39 | INFO: Draco Decoder: Decode primitive Mobile_landscape_botanical_bamboo
12:38:39 | INFO: glTF import finished in 3.36s
ROOF COVERAGE 1327 missing 0
68 indices
DracoDecoder | Decoded 646 vertices, 906 indices
DracoDecoder | Decoded 728 vertices, 948 indices
DracoDecoder | Decoded 436 vertices, 558 indices
DracoDecoder | Decoded 336 vertices, 600 indices
DracoDecoder | Decoded 7728 vertices, 11664 indices
DracoDecoder | Decoded 752 vertices, 1152 indices
DracoDecoder | Decoded 312 vertices, 468 indices
DracoDecoder | Decoded 1464 vertices, 1464 indices
DracoDecoder | Decoded 364 vertices, 576 indices
DracoDecoder | Decoded 96 vertices, 132 indices
DracoDecoder | Decoded 3744 vertices, 5148 indices
DracoDecoder | Decoded 48 vertices, 72 indices
DracoDecoder | Decoded 506 vertices, 750 indices
DracoDecoder | Decoded 216 vertices, 324 indices
DracoDecoder | Decoded 216 vertices, 324 indices
DracoDecoder | Decoded 48 vertices, 72 indices
DracoDecoder | Decoded 1136 vertices, 1572 indices
DracoDecoder | Decoded 15378 vertices, 15690 indices
DracoDecoder | Decoded 5056 vertices, 5352 indices
DracoDecoder | Decoded 1191 vertices, 1191 indices
DracoDecoder | Decoded 7197 vertices, 9435 indices
DracoDecoder | Decoded 9216 vertices, 12672 indices
DracoDecoder | Decoded 1744 vertices, 1824 indices
DracoDecoder | Decoded 59161 vertices, 70887 indices
DracoDecoder | Decoded 20980 vertices, 33252 indices
DracoDecoder | Decoded 352924 vertices, 353376 indices
DracoDecoder | Decoded 1334 vertices, 1974 indices
DracoDecoder | Decoded 4227 vertices, 21927 indices
DracoDecoder | Decoded 6444 vertices, 9666 indices
DracoDecoder | Decoded 22138 vertices, 23226 indices
DracoDecoder | Decoded 16431 vertices, 16431 indices

Blender quit
12:38:41 | INFO: Data are loaded, start creating Blender stuff
12:38:41 | INFO: Blender create Mesh node Mobile_daguanyuan_gate_floorwood
12:38:41 | INFO: Draco Decoder: Decode primitive Mobile_daguanyuan_gate_floorwood
12:38:41 | INFO: Blender create Mesh node Mobile_daguanyuan_gate_limestone
12:38:41 | INFO: Draco Decoder: Decode primitive Mobile_daguanyuan_gate_limestone
12:38:41 | INFO: Blender create Mesh node Mobile_daguanyuan_gate_paving
12:38:41 | INFO: Draco Decoder: Decode primitive Mobile_daguanyuan_gate_paving
12:38:41 | INFO: Blender create Mesh node r15_daguanyuan_gate_cutstone.001
12:38:41 | INFO: Draco Decoder: Decode primitive r15_daguanyuan_gate_cutstone.001
12:38:41 | INFO: Blender create Mesh node r15_daguanyuan_gate_darkwood.001
12:38:41 | INFO: Draco Decoder: Decode primitive r15_daguanyuan_gate_darkwood.001
12:38:41 | INFO: Blender create Mesh node r15_daguanyuan_gate_furniture.001
12:38:41 | INFO: Draco Decoder: Decode primitive r15_daguanyuan_gate_furniture.001
12:38:41 | INFO: Blender create Mesh node r15_daguanyuan_gate_gold.001
12:38:41 | INFO: Draco Decoder: Decode primitive r15_daguanyuan_gate_gold.001
12:38:41 | INFO: Blender create Mesh node r15_daguanyuan_gate_latticewood.001
12:38:41 | INFO: Draco Decoder: Decode primitive r15_daguanyuan_gate_latticewood.001
12:38:41 | INFO: Blender create Mesh node r15_daguanyuan_gate_plaster.002
12:38:41 | INFO: Draco Decoder: Decode primitive r15_daguanyuan_gate_plaster.002
12:38:41 | INFO: Blender create Mesh node r15_daguanyuan_gate_plaster.003
12:38:41 | INFO: Draco Decoder: Decode primitive r15_daguanyuan_gate_plaster.003
12:38:41 | INFO: Blender create Mesh node r15_daguanyuan_gate_qing_azurite.001
12:38:41 | INFO: Draco Decoder: Decode primitive r15_daguanyuan_gate_qing_azurite.001
12:38:41 | INFO: Blender create Mesh node r15_daguanyuan_gate_roof.001
12:38:41 | INFO: Draco Decoder: Decode primitive r15_daguanyuan_gate_roof.001
12:38:41 | INFO: Blender create Mesh node r15_daguanyuan_gate_screen.002
12:38:41 | INFO: Draco Decoder: Decode primitive r15_daguanyuan_gate_screen.002
12:38:41 | INFO: Blender create Mesh node r15_daguanyuan_gate_screen.003
12:38:41 | INFO: Draco Decoder: Decode primitive r15_daguanyuan_gate_screen.003
12:38:41 | INFO: Blender create Mesh node r15_daguanyuan_gate_stone.001
12:38:41 | INFO: Draco Decoder: Decode primitive r15_daguanyuan_gate_stone.001
12:38:41 | INFO: Blender create Mesh node r15_daguanyuan_gate_tile.001
12:38:41 | INFO: Draco Decoder: Decode primitive r15_daguanyuan_gate_tile.001
12:38:41 | INFO: Blender create Mesh node r15_daguanyuan_gate_tiledark.001
12:38:41 | INFO: Draco Decoder: Decode primitive r15_daguanyuan_gate_tiledark.001
12:38:41 | INFO: Blender create Mesh node r15_daguanyuan_gate_tilelight.001
12:38:41 | INFO: Draco Decoder: Decode primitive r15_daguanyuan_gate_tilelight.001
12:38:41 | INFO: Blender create Mesh node r15_daguanyuan_gate_wood.002
12:38:41 | INFO: Draco Decoder: Decode primitive r15_daguanyuan_gate_wood.002
12:38:41 | INFO: Blender create Mesh node r15_daguanyuan_gate_wood.003
12:38:41 | INFO: Draco Decoder: Decode primitive r15_daguanyuan_gate_wood.003
12:38:41 | INFO: Blender create Mesh node Mobile_qujingtongyou_gardenstone
12:38:41 | INFO: Draco Decoder: Decode primitive Mobile_qujingtongyou_gardenstone
12:38:41 | INFO: Blender create Mesh node Mobile_qujingtongyou_limestone
12:38:41 | INFO: Draco Decoder: Decode primitive Mobile_qujingtongyou_limestone
12:38:41 | INFO: Blender create Mesh node Mobile_qujingtongyou_plants
12:38:41 | INFO: Draco Decoder: Decode primitive Mobile_qujingtongyou_plants
12:38:41 | INFO: Blender create Mesh node Mobile_xiaoxiangguan_bankstone
12:38:41 | INFO: Draco Decoder: Decode primitive Mobile_xiaoxiangguan_bankstone
12:38:41 | INFO: Blender create Mesh node Mobile_xiaoxiangguan_floorwood
12:38:41 | INFO: Draco Decoder: Decode primitive Mobile_xiaoxiangguan_floorwood
12:38:41 | INFO: Blender create Mesh node Mobile_xiaoxiangguan_paving
12:38:41 | INFO: Draco Decoder: Decode primitive Mobile_xiaoxiangguan_paving
12:38:41 | INFO: Blender create Mesh node Mobile_xiaoxiangguan_botanical_bamboo
12:38:41 | INFO: Draco Decoder: Decode primitive Mobile_xiaoxiangguan_botanical_bamboo
12:38:41 | INFO: Blender create Mesh node Mobile_xiaoxiangguan_botanical_banana
12:38:41 | INFO: Draco Decoder: Decode primitive Mobile_xiaoxiangguan_botanical_banana
12:38:41 | INFO: Blender create Mesh node Mobile_xiaoxiangguan_botanical_litter
12:38:41 | INFO: Draco Decoder: Decode primitive Mobile_xiaoxiangguan_botanical_litter
12:38:41 | INFO: Blender create Mesh node Mobile_xiaoxiangguan_botanical_petal
12:38:41 | INFO: Draco Decoder: Decode primitive Mobile_xiaoxiangguan_botanical_petal
12:38:41 | INFO: Blender create Mesh node Mobile_xiaoxiangguan_plants
12:38:41 | INFO: Draco Decoder: Decode primitive Mobile_xiaoxiangguan_plants
12:38:41 | INFO: Blender create Mesh node r15_xiaoxiangguan_bookcloth.001
12:38:41 | INFO: Draco Decoder: Decode primitive r15_xiaoxiangguan_bookcloth.001
12:38:41 | INFO: Blender create Mesh node r15_xiaoxiangguan_bookcover.001
12:38:41 | INFO: Draco Decoder: Decode primitive r15_xiaoxiangguan_bookcover.001
12:38:41 | INFO: Blender create Mesh node r15_xiaoxiangguan_ceramic.001
12:38:41 | INFO: Draco Decoder: Decode primitive r15_xiaoxiangguan_ceramic.001
12:38:41 | INFO: Blender create Mesh node r15_xiaoxiangguan_cutstone.001
12:38:41 | INFO: Draco Decoder: Decode primitive r15_xiaoxiangguan_cutstone.001
12:38:41 | INFO: Blender create Mesh node r15_xiaoxiangguan_darkwood.001
12:38:41 | INFO: Draco Decoder: Decode primitive r15_xiaoxiangguan_darkwood.001
12:38:41 | INFO: Blender create Mesh node r15_xiaoxiangguan_furniture.001
12:38:41 | INFO: Draco Decoder: Decode primitive r15_xiaoxiangguan_furniture.001
12:38:41 | INFO: Blender create Mesh node r15_xiaoxiangguan_gold.002
12:38:41 | INFO: Draco Decoder: Decode primitive r15_xiaoxiangguan_gold.002
12:38:41 | INFO: Blender create Mesh node r15_xiaoxiangguan_gold.003
12:38:41 | INFO: Draco Decoder: Decode primitive r15_xiaoxiangguan_gold.003
12:38:41 | INFO: Blender create Mesh node r15_xiaoxiangguan_ink.001
12:38:41 | INFO: Draco Decoder: Decode primitive r15_xiaoxiangguan_ink.001
12:38:41 | INFO: Blender create Mesh node r15_xiaoxiangguan_ivory.001
12:38:41 | INFO: Draco Decoder: Decode primitive r15_xiaoxiangguan_ivory.001
12:38:41 | INFO: Blender create Mesh node r15_xiaoxiangguan_lantern.001
12:38:41 | INFO: Draco Decoder: Decode primitive r15_xiaoxiangguan_lantern.001
12:38:41 | INFO: Blender create Mesh node r15_xiaoxiangguan_latticewood.001
12:38:41 | INFO: Draco Decoder: Decode primitive r15_xiaoxiangguan_latticewood.001
12:38:41 | INFO: Blender create Mesh node r15_xiaoxiangguan_paper.001
12:38:41 | INFO: Draco Decoder: Decode primitive r15_xiaoxiangguan_paper.001
12:38:41 | INFO: Blender create Mesh node r15_xiaoxiangguan_plaster.003
12:38:41 | INFO: Draco Decoder: Decode primitive r15_xiaoxiangguan_plaster.003
12:38:41 | INFO: Blender create Mesh node r15_xiaoxiangguan_plaster.004
12:38:41 | INFO: Draco Decoder: Decode primitive r15_xiaoxiangguan_plaster.004
12:38:41 | INFO: Blender create Mesh node r15_xiaoxiangguan_plaster.005
12:38:41 | INFO: Draco Decoder: Decode primitive r15_xiaoxiangguan_plaster.005
12:38:41 | INFO: Blender create Mesh node r15_xiaoxiangguan_qing_jade.001
12:38:41 | INFO: Draco Decoder: Decode primitive r15_xiaoxiangguan_qing_jade.001
12:38:41 | INFO: Blender create Mesh node r15_xiaoxiangguan_roof.001
12:38:41 | INFO: Draco Decoder: Decode primitive r15_xiaoxiangguan_roof.001
12:38:41 | INFO: Blender create Mesh node r15_xiaoxiangguan_screen.001
12:38:41 | INFO: Draco Decoder: Decode primitive r15_xiaoxiangguan_screen.001
12:38:41 | INFO: Blender create Mesh node r15_xiaoxiangguan_silk.001
12:38:41 | INFO: Draco Decoder: Decode primitive r15_xiaoxiangguan_silk.001
12:38:41 | INFO: Blender create Mesh node r15_xiaoxiangguan_stone.001
12:38:41 | INFO: Draco Decoder: Decode primitive r15_xiaoxiangguan_stone.001
12:38:41 | INFO: Blender create Mesh node r15_xiaoxiangguan_tile.001
12:38:41 | INFO: Draco Decoder: Decode primitive r15_xiaoxiangguan_tile.001
12:38:41 | INFO: Blender create Mesh node r15_xiaoxiangguan_tiledark.001
12:38:41 | INFO: Draco Decoder: Decode primitive r15_xiaoxiangguan_tiledark.001
12:38:41 | INFO: Blender create Mesh node r15_xiaoxiangguan_tilelight.001
12:38:41 | INFO: Draco Decoder: Decode primitive r15_xiaoxiangguan_tilelight.001
12:38:41 | INFO: Blender create Mesh node r15_xiaoxiangguan_wood.002
12:38:41 | INFO: Draco Decoder: Decode primitive r15_xiaoxiangguan_wood.002
12:38:41 | INFO: Blender create Mesh node r15_xiaoxiangguan_wood.003
12:38:41 | INFO: Draco Decoder: Decode primitive r15_xiaoxiangguan_wood.003
12:38:41 | INFO: Blender create Mesh node Mobile_yihongyuan_courtbase
12:38:41 | INFO: Draco Decoder: Decode primitive Mobile_yihongyuan_courtbase
12:38:41 | INFO: Blender create Mesh node Mobile_yihongyuan_floorwood
12:38:41 | INFO: Draco Decoder: Decode primitive Mobile_yihongyuan_floorwood
12:38:41 | INFO: Blender create Mesh node Mobile_yihongyuan_gardenstone
12:38:41 | INFO: Draco Decoder: Decode primitive Mobile_yihongyuan_gardenstone
12:38:41 | INFO: Blender create Mesh node Mobile_yihongyuan_limestone
12:38:41 | INFO: Draco Decoder: Decode primitive Mobile_yihongyuan_limestone
12:38:41 | INFO: Blender create Mesh node Mobile_yihongyuan_paving
12:38:41 | INFO: Draco Decoder: Decode primitive Mobile_yihongyuan_paving
12:38:41 | INFO: Blender create Mesh node Mobile_yihongyuan_botanical_bamboo
12:38:41 | INFO: Draco Decoder: Decode primitive Mobile_yihongyuan_botanical_bamboo
12:38:41 | INFO: Blender create Mesh node Mobile_yihongyuan_botanical_banana
12:38:41 | INFO: Draco Decoder: Decode primitive Mobile_yihongyuan_botanical_banana
12:38:41 | INFO: Blender create Mesh node Mobile_yihongyuan_botanical_litter
12:38:41 | INFO: Draco Decoder: Decode primitive Mobile_yihongyuan_botanical_litter
12:38:41 | INFO: Blender create Mesh node Mobile_yihongyuan_botanical_petal
12:38:41 | INFO: Draco Decoder: Decode primitive Mobile_yihongyuan_botanical_petal
12:38:41 | INFO: Blender create Mesh node Mobile_yihongyuan_plants
12:38:41 | INFO: Draco Decoder: Decode primitive Mobile_yihongyuan_plants
12:38:41 | INFO: Blender create Mesh node r15_yihongyuan_bookcloth.001
12:38:41 | INFO: Draco Decoder: Decode primitive r15_yihongyuan_bookcloth.001
12:38:41 | INFO: Blender create Mesh node r15_yihongyuan_bookcover.001
12:38:41 | INFO: Draco Decoder: Decode primitive r15_yihongyuan_bookcover.001
12:38:41 | INFO: Blender create Mesh node r15_yihongyuan_ceramic.001
12:38:41 | INFO: Draco Decoder: Decode primitive r15_yihongyuan_ceramic.001
12:38:41 | INFO: Blender create Mesh node r15_yihongyuan_cutstone.001
12:38:41 | INFO: Draco Decoder: Decode primitive r15_yihongyuan_cutstone.001
12:38:41 | INFO: Blender create Mesh node r15_yihongyuan_darkwood.001
12:38:41 | INFO: Draco Decoder: Decode primitive r15_yihongyuan_darkwood.001
12:38:41 | INFO: Blender create Mesh node r15_yihongyuan_furniture.001
12:38:41 | INFO: Draco Decoder: Decode primitive r15_yihongyuan_furniture.001
12:38:41 | INFO: Blender create Mesh node r15_yihongyuan_gold.002
12:38:41 | INFO: Draco Decoder: Decode primitive r15_yihongyuan_gold.002
12:38:41 | INFO: Blender create Mesh node r15_yihongyuan_gold.003
12:38:41 | INFO: Draco Decoder: Decode primitive r15_yihongyuan_gold.003
12:38:41 | INFO: Blender create Mesh node r15_yihongyuan_ink.001
12:38:41 | INFO: Draco Decoder: Decode primitive r15_yihongyuan_ink.001
12:38:41 | INFO: Blender create Mesh node r15_yihongyuan_ivory.001
12:38:41 | INFO: Draco Decoder: Decode primitive r15_yihongyuan_ivory.001
12:38:41 | INFO: Blender create Mesh node r15_yihongyuan_lantern.001
12:38:41 | INFO: Draco Decoder: Decode primitive r15_yihongyuan_lantern.001
12:38:41 | INFO: Blender create Mesh node r15_yihongyuan_latticewood.001
12:38:41 | INFO: Draco Decoder: Decode primitive r15_yihongyuan_latticewood.001
12:38:42 | INFO: Blender create Mesh node r15_yihongyuan_paper.001
12:38:42 | INFO: Draco Decoder: Decode primitive r15_yihongyuan_paper.001
12:38:42 | INFO: Blender create Mesh node r15_yihongyuan_plaster.003
12:38:42 | INFO: Draco Decoder: Decode primitive r15_yihongyuan_plaster.003
12:38:42 | INFO: Blender create Mesh node r15_yihongyuan_plaster.004
12:38:42 | INFO: Draco Decoder: Decode primitive r15_yihongyuan_plaster.004
Blender 4.5.9 LTS (hash 8bf95cbd38d1 built 2026-04-21 01:33:45)
DracoDecoder | Decoded 1508 vertices, 2262 indices
DracoDecoder | Decoded 183 vertices, 183 indices
DracoDecoder | Decoded 4 vertices, 6 indices
DracoDecoder | Decoded 876 vertices, 1248 indices
DracoDecoder | Decoded 684 vertices, 888 indices
DracoDecoder | Decoded 376 vertices, 516 indices
DracoDecoder | Decoded 12816 vertices, 19344 indices
DracoDecoder | Decoded 1860 vertices, 1860 indices
DracoDecoder | Decoded 96 vertices, 132 indices
DracoDecoder | Decoded 4416 vertices, 6072 indices
DracoDecoder | Decoded 48 vertices, 72 indices
DracoDecoder | Decoded 238 vertices, 354 indices
DracoDecoder | Decoded 384 vertices, 576 indices
DracoDecoder | Decoded 240 vertices, 360 indices
DracoDecoder | Decoded 1272 vertices, 1836 indices
DracoDecoder | Decoded 11495 vertices, 11739 indices
DracoDecoder | Decoded 2396 vertices, 2502 indices
DracoDecoder | Decoded 750 vertices, 750 indices
DracoDecoder | Decoded 9600 vertices, 12714 indices
DracoDecoder | Decoded 11136 vertices, 15312 indices
DracoDecoder | Decoded 2190 vertices, 8301 indices
DracoDecoder | Decoded 273 vertices, 273 indices
DracoDecoder | Decoded 486 vertices, 486 indices
DracoDecoder | Decoded 744 vertices, 744 indices
DracoDecoder | Decoded 1152 vertices, 1728 indices
DracoDecoder | Decoded 18 vertices, 30 indices
DracoDecoder | Decoded 4323 vertices, 4323 indices
DracoDecoder | Decoded 44 vertices, 78 indices
DracoDecoder | Decoded 108 vertices, 108 indices
DracoDecoder | Decoded 186 vertices, 186 indices
DracoDecoder | Decoded 1360 vertices, 1386 indices
DracoDecoder | Decoded 256 vertices, 282 indices
DracoDecoder | Decoded 768 vertices, 1152 indices
DracoDecoder | Decoded 213 vertices, 225 indices
DracoDecoder | Decoded 1294 vertices, 1812 indices
DracoDecoder | Decoded 1266 vertices, 1680 indices
DracoDecoder | Decoded 370 vertices, 474 indices
DracoDecoder | Decoded 12912 vertices, 19488 indices
DracoDecoder | Decoded 864 vertices, 1440 indices
DracoDecoder | Decoded 924 vertices, 924 indices
DracoDecoder | Decoded 1062 vertices, 1062 indices
DracoDecoder | Decoded 320 vertices, 480 indices
DracoDecoder | Decoded 666 vertices, 666 indices
DracoDecoder | Decoded 360 vertices, 360 indices
DracoDecoder | Decoded 192 vertices, 264 indices
DracoDecoder | Decoded 5952 vertices, 8184 indices
DracoDecoder | Decoded 5472 vertices, 7524 indices
DracoDecoder | Decoded 96 vertices, 144 indices
DracoDecoder | Decoded 736 vertices, 1092 indices
DracoDecoder | Decoded 336 vertices, 504 indices
DracoDecoder | Decoded 24 vertices, 36 indices
DracoDecoder | Decoded 307 vertices, 507 indices
DracoDecoder | Decoded 16262 vertices, 16578 indices
DracoDecoder | Decoded 6026 vertices, 6384 indices
DracoDecoder | Decoded 999 vertices, 1035 indices
DracoDecoder | Decoded 14592 vertices, 20064 indices
DracoDecoder | Decoded 9612 vertices, 12864 indices
DracoDecoder | Decoded 4 vertices, 6 indices
DracoDecoder | Decoded 1440 vertices, 2160 indices
DracoDecoder | Decoded 2227 vertices, 8310 indices
DracoDecoder | Decoded 366 vertices, 366 indices
DracoDecoder | Decoded 410 vertices, 618 indices
DracoDecoder | Decoded 357 vertices, 357 indices
DracoDecoder | Decoded 131 vertices, 237 indices
DracoDecoder | Decoded 58 vertices, 60 indices
DracoDecoder | Decoded 186 vertices, 186 indices
DracoDecoder | Decoded 1722 vertices, 1788 indices
DracoDecoder | Decoded 528 vertices, 792 indices
DracoDecoder | Decoded 48 vertices, 72 indices
DracoDecoder | Decoded 560 vertices, 924 indices
DracoDecoder | Decoded 982 vertices, 1356 indices
DracoDecoder | Decoded 1014 vertices, 1308 indices
DracoDecoder | Decoded 250 vertices, 300 indices
DracoDecoder | Decoded 12816 vertices, 19344 indices
DracoDecoder | Decoded 720 vertices, 1176 indices
DracoDecoder | Decoded 752 vertices, 1152 indices
DracoDecoder | Decoded 312 vertices, 468 indices
DracoDecoder | Decoded 320 vertices, 480 indices
DracoDecoder | Decoded 3300 vertices, 3300 indices
DracoDecoder | Decoded 340 vertices, 540 indices
DracoDecoder | Decoded 96 vertices, 132 indices
Drac12:38:42 | INFO: Blender create Mesh node r15_yihongyuan_plaster.005
12:38:42 | INFO: Draco Decoder: Decode primitive r15_yihongyuan_plaster.005
12:38:42 | INFO: Blender create Mesh node r15_yihongyuan_qing_azurite.001
12:38:42 | INFO: Draco Decoder: Decode primitive r15_yihongyuan_qing_azurite.001
12:38:42 | INFO: Blender create Mesh node r15_yihongyuan_roof.001
12:38:42 | INFO: Draco Decoder: Decode primitive r15_yihongyuan_roof.001
12:38:42 | INFO: Blender create Mesh node r15_yihongyuan_screen.002
12:38:42 | INFO: Draco Decoder: Decode primitive r15_yihongyuan_screen.002
12:38:42 | INFO: Blender create Mesh node r15_yihongyuan_screen.003
12:38:42 | INFO: Draco Decoder: Decode primitive r15_yihongyuan_screen.003
12:38:42 | INFO: Blender create Mesh node r15_yihongyuan_silk.001
12:38:42 | INFO: Draco Decoder: Decode primitive r15_yihongyuan_silk.001
12:38:42 | INFO: Blender create Mesh node r15_yihongyuan_stone.001
12:38:42 | INFO: Draco Decoder: Decode primitive r15_yihongyuan_stone.001
12:38:42 | INFO: Blender create Mesh node r15_yihongyuan_tile.001
12:38:42 | INFO: Draco Decoder: Decode primitive r15_yihongyuan_tile.001
12:38:42 | INFO: Blender create Mesh node r15_yihongyuan_tiledark.001
12:38:42 | INFO: Draco Decoder: Decode primitive r15_yihongyuan_tiledark.001
12:38:42 | INFO: Blender create Mesh node r15_yihongyuan_tilelight.001
12:38:42 | INFO: Draco Decoder: Decode primitive r15_yihongyuan_tilelight.001
12:38:42 | INFO: Blender create Mesh node r15_yihongyuan_wood.002
12:38:42 | INFO: Draco Decoder: Decode primitive r15_yihongyuan_wood.002
12:38:42 | INFO: Blender create Mesh node r15_yihongyuan_wood.003
12:38:42 | INFO: Draco Decoder: Decode primitive r15_yihongyuan_wood.003
12:38:42 | INFO: Blender create Mesh node Mobile_hengwuyuan_courtbase
12:38:42 | INFO: Draco Decoder: Decode primitive Mobile_hengwuyuan_courtbase
12:38:42 | INFO: Blender create Mesh node Mobile_hengwuyuan_floorwood
12:38:42 | INFO: Draco Decoder: Decode primitive Mobile_hengwuyuan_floorwood
12:38:42 | INFO: Blender create Mesh node Mobile_hengwuyuan_gardenstone
12:38:42 | INFO: Draco Decoder: Decode primitive Mobile_hengwuyuan_gardenstone
12:38:42 | INFO: Blender create Mesh node Mobile_hengwuyuan_limestone
12:38:42 | INFO: Draco Decoder: Decode primitive Mobile_hengwuyuan_limestone
12:38:42 | INFO: Blender create Mesh node Mobile_hengwuyuan_paving
12:38:42 | INFO: Draco Decoder: Decode primitive Mobile_hengwuyuan_paving
12:38:42 | INFO: Blender create Mesh node Mobile_hengwuyuan_botanical_bamboo
12:38:42 | INFO: Draco Decoder: Decode primitive Mobile_hengwuyuan_botanical_bamboo
12:38:42 | INFO: Blender create Mesh node Mobile_hengwuyuan_botanical_litter
12:38:42 | INFO: Draco Decoder: Decode primitive Mobile_hengwuyuan_botanical_litter
12:38:42 | INFO: Blender create Mesh node Mobile_hengwuyuan_plants
12:38:42 | INFO: Draco Decoder: Decode primitive Mobile_hengwuyuan_plants
12:38:42 | INFO: Blender create Mesh node r15_hengwuyuan_bookcloth.001
12:38:42 | INFO: Draco Decoder: Decode primitive r15_hengwuyuan_bookcloth.001
12:38:42 | INFO: Blender create Mesh node r15_hengwuyuan_bookcover.001
12:38:42 | INFO: Draco Decoder: Decode primitive r15_hengwuyuan_bookcover.001
12:38:42 | INFO: Blender create Mesh node r15_hengwuyuan_ceramic.001
12:38:42 | INFO: Draco Decoder: Decode primitive r15_hengwuyuan_ceramic.001
12:38:42 | INFO: Blender create Mesh node r15_hengwuyuan_clay.001
12:38:42 | INFO: Draco Decoder: Decode primitive r15_hengwuyuan_clay.001
12:38:42 | INFO: Blender create Mesh node r15_hengwuyuan_cutstone.001
12:38:42 | INFO: Draco Decoder: Decode primitive r15_hengwuyuan_cutstone.001
12:38:42 | INFO: Blender create Mesh node r15_hengwuyuan_darkwood.001
12:38:42 | INFO: Draco Decoder: Decode primitive r15_hengwuyuan_darkwood.001
12:38:42 | INFO: Blender create Mesh node r15_hengwuyuan_furniture.001
12:38:42 | INFO: Draco Decoder: Decode primitive r15_hengwuyuan_furniture.001
12:38:42 | INFO: Blender create Mesh node r15_hengwuyuan_gold.002
12:38:42 | INFO: Draco Decoder: Decode primitive r15_hengwuyuan_gold.002
12:38:42 | INFO: Blender create Mesh node r15_hengwuyuan_gold.003
12:38:42 | INFO: Draco Decoder: Decode primitive r15_hengwuyuan_gold.003
12:38:42 | INFO: Blender create Mesh node r15_hengwuyuan_ink.001
12:38:42 | INFO: Draco Decoder: Decode primitive r15_hengwuyuan_ink.001
12:38:42 | INFO: Blender create Mesh node r15_hengwuyuan_ivory.001
12:38:42 | INFO: Draco Decoder: Decode primitive r15_hengwuyuan_ivory.001
12:38:42 | INFO: Blender create Mesh node r15_hengwuyuan_lantern.001
12:38:42 | INFO: Draco Decoder: Decode primitive r15_hengwuyuan_lantern.001
12:38:42 | INFO: Blender create Mesh node r15_hengwuyuan_latticewood.001
12:38:42 | INFO: Draco Decoder: Decode primitive r15_hengwuyuan_latticewood.001
12:38:42 | INFO: Blender create Mesh node r15_hengwuyuan_paper.001
12:38:42 | INFO: Draco Decoder: Decode primitive r15_hengwuyuan_paper.001
12:38:42 | INFO: Blender create Mesh node r15_hengwuyuan_plaster.003
12:38:42 | INFO: Draco Decoder: Decode primitive r15_hengwuyuan_plaster.003
12:38:42 | INFO: Blender create Mesh node r15_hengwuyuan_plaster.004
12:38:42 | INFO: Draco Decoder: Decode primitive r15_hengwuyuan_plaster.004
12:38:42 | INFO: Blender create Mesh node r15_hengwuyuan_plaster.005
12:38:42 | INFO: Draco Decoder: Decode primitive r15_hengwuyuan_plaster.005
12:38:42 | INFO: Blender create Mesh node r15_hengwuyuan_qing_jade.001
12:38:42 | INFO: Draco Decoder: Decode primitive r15_hengwuyuan_qing_jade.001
12:38:42 | INFO: Blender create Mesh node r15_hengwuyuan_roof.001
12:38:42 | INFO: Draco Decoder: Decode primitive r15_hengwuyuan_roof.001
12:38:42 | INFO: Blender create Mesh node r15_hengwuyuan_screen.002
12:38:42 | INFO: Draco Decoder: Decode primitive r15_hengwuyuan_screen.002
12:38:42 | INFO: Blender create Mesh node r15_hengwuyuan_screen.003
12:38:42 | INFO: Draco Decoder: Decode primitive r15_hengwuyuan_screen.003
12:38:42 | INFO: Blender create Mesh node r15_hengwuyuan_stone.001
12:38:42 | INFO: Draco Decoder: Decode primitive r15_hengwuyuan_stone.001
12:38:42 | INFO: Blender create Mesh node r15_hengwuyuan_tile.001
12:38:42 | INFO: Draco Decoder: Decode primitive r15_hengwuyuan_tile.001
12:38:42 | INFO: Blender create Mesh node r15_hengwuyuan_tiledark.001
12:38:42 | INFO: Draco Decoder: Decode primitive r15_hengwuyuan_tiledark.001
12:38:42 | INFO: Blender create Mesh node r15_hengwuyuan_tilelight.001
12:38:42 | INFO: Draco Decoder: Decode primitive r15_hengwuyuan_tilelight.001
12:38:42 | INFO: Blender create Mesh node r15_hengwuyuan_wood.002
12:38:42 | INFO: Draco Decoder: Decode primitive r15_hengwuyuan_wood.002
12:38:42 | INFO: Blender create Mesh node r15_hengwuyuan_wood.003
12:38:42 | INFO: Draco Decoder: Decode primitive r15_hengwuyuan_wood.003
12:38:42 | INFO: Blender create Mesh node Mobile_qiushuangzhai_courtbase
12:38:42 | INFO: Draco Decoder: Decode primitive Mobile_qiushuangzhai_courtbase
12:38:42 | INFO: Blender create Mesh node Mobile_qiushuangzhai_floorwood
12:38:42 | INFO: Draco Decoder: Decode primitive Mobile_qiushuangzhai_floorwood
12:38:42 | INFO: Blender create Mesh node Mobile_qiushuangzhai_paving
12:38:42 | INFO: Draco Decoder: Decode primitive Mobile_qiushuangzhai_paving
12:38:42 | INFO: Blender create Mesh node Mobile_qiushuangzhai_botanical_bamboo
12:38:42 | INFO: Draco Decoder: Decode primitive Mobile_qiushuangzhai_botanical_bamboo
12:38:42 | INFO: Blender create Mesh node Mobile_qiushuangzhai_botanical_litter
12:38:42 | INFO: Draco Decoder: Decode primitive Mobile_qiushuangzhai_botanical_litter
12:38:42 | INFO: Blender create Mesh node Mobile_qiushuangzhai_plants
12:38:42 | INFO: Draco Decoder: Decode primitive Mobile_qiushuangzhai_plants
12:38:42 | INFO: Blender create Mesh node r15_qiushuangzhai_bookcloth.001
12:38:42 | INFO: Draco Decoder: Decode primitive r15_qiushuangzhai_bookcloth.001
12:38:42 | INFO: Blender create Mesh node r15_qiushuangzhai_bookcover.001
12:38:42 | INFO: Draco Decoder: Decode primitive r15_qiushuangzhai_bookcover.001
12:38:42 | INFO: Blender create Mesh node r15_qiushuangzhai_ceramic.001
12:38:42 | INFO: Draco Decoder: Decode primitive r15_qiushuangzhai_ceramic.001
12:38:42 | INFO: Blender create Mesh node r15_qiushuangzhai_cutstone.001
12:38:42 | INFO: Draco Decoder: Decode primitive r15_qiushuangzhai_cutstone.001
12:38:42 | INFO: Blender create Mesh node r15_qiushuangzhai_darkwood.001
12:38:42 | INFO: Draco Decoder: Decode primitive r15_qiushuangzhai_darkwood.001
12:38:42 | INFO: Blender create Mesh node r15_qiushuangzhai_furniture.001
12:38:42 | INFO: Draco Decoder: Decode primitive r15_qiushuangzhai_furniture.001
12:38:42 | INFO: Blender create Mesh node r15_qiushuangzhai_gold.002
12:38:42 | INFO: Draco Decoder: Decode primitive r15_qiushuangzhai_gold.002
12:38:42 | INFO: Blender create Mesh node r15_qiushuangzhai_gold.003
12:38:42 | INFO: Draco Decoder: Decode primitive r15_qiushuangzhai_gold.003
12:38:42 | INFO: Blender create Mesh node r15_qiushuangzhai_ink.001
12:38:42 | INFO: Draco Decoder: Decode primitive r15_qiushuangzhai_ink.001
12:38:42 | INFO: Blender create Mesh node r15_qiushuangzhai_ivory.001
12:38:42 | INFO: Draco Decoder: Decode primitive r15_qiushuangzhai_ivory.001
12:38:42 | INFO: Blender create Mesh node r15_qiushuangzhai_lantern.001
12:38:42 | INFO: Draco Decoder: Decode primitive r15_qiushuangzhai_lantern.001
12:38:42 | INFO: Blender create Mesh node r15_qiushuangzhai_latticewood.001
12:38:42 | INFO: Draco Decoder: Decode primitive r15_qiushuangzhai_latticewood.001
12:38:42 | INFO: Blender create Mesh node r15_qiushuangzhai_marble.001
12:38:42 | INFO: Draco Decoder: Decode primitive r15_qiushuangzhai_marble.001
12:38:42 | INFO: Blender create Mesh node r15_qiushuangzhai_paper.001
12:38:42 | INFO: Draco Decoder: Decode primitive r15_qiushuangzhai_paper.001
12:38:42 | INFO: Blender create Mesh node r15_qiushuangzhai_plaster.003
12:38:42 | INFO: Draco Decoder: Decode primitive r15_qiushuangzhai_plaster.003
12:38:42 | INFO: Blender create Mesh node r15_qiushuangzhai_plaster.004
12:38:42 | INFO: Draco Decoder: Decode primitive r15_qiushuangzhai_plaster.004
12:38:42 | INFO: Blender create Mesh node r15_qiushuangzhai_plaster.005
12:38:42 | INFO: Draco Decoder: Decode primitive r15_qiushuangzhai_plaster.005
12:38:42 | INFO: Blender create Mesh node r15_qiushuangzhai_qing_azurite.001
12:38:42 | INFO: Draco Decoder: Decode primitive r15_qiushuangzhai_qing_azurite.001
12:38:42 | INFO: Blender create Mesh node r15_qiushuangzhai_roof.001
12:38:42 | INFO: Draco Decoder: Decode primitive r15_qiushuangzhai_roof.001
12:38:42 | INFO: Blender create Mesh node r15_qiushuangzhai_screen.002
12:38:42 | INFO: Draco Decoder: Decode primitive r15_qiushuangzhai_screen.002
12:38:42 | INFO: Blender create Mesh node r15_qiushuangzhai_screen.003
12:38:42 | INFO: Draco Decoder: Decode primitive r15_qiushuangzhai_screen.003
12:38:42 | INFO: Blender create Mesh node r15_qiushuangzhai_silk.001
12:38:42 | INFO: Draco Decoder: Decode primitive r15_qiushuangzhai_silk.001
12:38:42 | INFO: Blender create Mesh node r15_qiushuangzhai_stone.001
12:38:42 | INFO: Draco Decoder: Decode primitive r15_qiushuangzhai_stone.001
12:38:42 | INFO: Blender create Mesh node r15_qiushuangzhai_tile.001
12:38:42 | INFO: Draco Decoder: Decode primitive r15_qiushuangzhai_tile.001
12:38:42 | INFO: Blender create Mesh node r15_qiushuangzhai_tiledark.001
12:38:42 | INFO: Draco Decoder: Decode primitive r15_qiushuangzhai_tiledark.001
12:38:42 | INFO: Blender create Mesh node r15_qiushuangzhai_tilelight.001
12:38:42 | INFO: Draco Decoder: Decode primitive r15_qiushuangzhai_tilelight.001
12:38:42 | INFO: Blender create Mesh node r15_qiushuangzhai_wood.002
12:38:42 | INFO: Draco Decoder: Decode primitive r15_qiushuangzhai_wood.002
12:38:42 | INFO: Blender create Mesh node r15_qiushuangzhai_wood.003
12:38:42 | INFO: Draco Decoder: Decode primitive r15_qiushuangzhai_wood.003
12:38:42 | INFO: Blender create Mesh node Mobile_daoxiangcun_paving
12:38:42 | INFO: Draco Decoder: Decode primitive Mobile_daoxiangcun_paving
oDecoder | Decoded 5280 vertices, 7260 indices
DracoDecoder | Decoded 4800 vertices, 6600 indices
DracoDecoder | Decoded 48 vertices, 72 indices
DracoDecoder | Decoded 878 vertices, 1302 indices
DracoDecoder | Decoded 312 vertices, 468 indices
DracoDecoder | Decoded 120 vertices, 180 indices
DracoDecoder | Decoded 72 vertices, 108 indices
DracoDecoder | Decoded 350 vertices, 600 indices
DracoDecoder | Decoded 23237 vertices, 23697 indices
DracoDecoder | Decoded 8060 vertices, 8526 indices
DracoDecoder | Decoded 1728 vertices, 1752 indices
DracoDecoder | Decoded 13440 vertices, 18480 indices
DracoDecoder | Decoded 9178 vertices, 12192 indices
DracoDecoder | Decoded 8 vertices, 12 indices
DracoDecoder | Decoded 1648 vertices, 2472 indices
DracoDecoder | Decoded 2202 vertices, 8337 indices
DracoDecoder | Decoded 273 vertices, 273 indices
DracoDecoder | Decoded 254 vertices, 384 indices
DracoDecoder | Decoded 393 vertices, 393 indices
DracoDecoder | Decoded 82 vertices, 84 indices
DracoDecoder | Decoded 1547 vertices, 1713 indices
DracoDecoder | Decoded 528 vertices, 792 indices
DracoDecoder | Decoded 48 vertices, 72 indices
DracoDecoder | Decoded 560 vertices, 924 indices
DracoDecoder | Decoded 320 vertices, 480 indices
DracoDecoder | Decoded 1070 vertices, 1488 indices
DracoDecoder | Decoded 958 vertices, 1176 indices
DracoDecoder | Decoded 252 vertices, 300 indices
DracoDecoder | Decoded 720 vertices, 1176 indices
DracoDecoder | Decoded 12816 vertices, 19344 indices
DracoDecoder | Decoded 752 vertices, 1152 indices
DracoDecoder | Decoded 312 vertices, 468 indices
DracoDecoder | Decoded 320 vertices, 480 indices
DracoDecoder | Decoded 612 vertices, 612 indices
DracoDecoder | Decoded 340 vertices, 540 indices
DracoDecoder | Decoded 4800 vertices, 6600 indices
DracoDecoder | Decoded 96 vertices, 132 indices
DracoDecoder | Decoded 5280 vertices, 7260 indices
DracoDecoder | Decoded 48 vertices, 72 indices
DracoDecoder | Decoded 626 vertices, 930 indices
DracoDecoder | Decoded 24 vertices, 36 indices
DracoDecoder | Decoded 312 vertices, 468 indices
DracoDecoder | Decoded 350 vertices, 600 indices
DracoDecoder | Decoded 22283 vertices, 22755 indices
DracoDecoder | Decoded 6254 vertices, 6540 indices
DracoDecoder | Decoded 1524 vertices, 1572 indices
DracoDecoder | Decoded 9239 vertices, 12093 indices
DracoDecoder | Decoded 13440 vertices, 18480 indices
DracoDecoder | Decoded 4 vertices, 6 indices
DracoDecoder | Decoded 1784 vertices, 2676 indices
DracoDecoder | Decoded 594 vertices, 894 indices
DracoDecoder | Decoded 417 vertices, 417 indices
DracoDecoder | Decoded 84 vertices, 84 indices
DracoDecoder | Decoded 1577 vertices, 1707 indices
DracoDecoder | Decoded 434 vertices, 474 indices
DracoDecoder | Decoded 240 vertices, 360 indices
DracoDecoder | Decoded 535 vertices, 609 indices
DracoDecoder | Decoded 796 vertices, 1164 indices
DracoDecoder | Decoded 1676 vertices, 2028 indices
DracoDecoder | Decoded 1444 vertices, 1764 indices
DracoDecoder | Decoded 418 vertices, 426 indices
DracoDecoder | Decoded 7728 vertices, 11664 indices
DracoDecoder | Decoded 686 vertices, 690 indices
DracoDecoder | Decoded 390 vertices, 390 indices
DracoDecoder | Decoded 320 vertices, 480 indices
DracoDecoder | Decoded 1548 vertices, 1548 indices
DracoDecoder | Decoded 24 vertices, 36 indices
DracoDecoder | Decoded 286 vertices, 324 indices
DracoDecoder | Decoded 480 vertices, 660 indices
DracoDecoder | Decoded 96 vertices, 132 indices
DracoDecoder | Decoded 3744 vertices, 5148 indices
DracoDecoder | Decoded 48 vertices, 72 indices
DracoDecoder | Decoded 406 vertices, 606 indices
DracoDecoder | Decoded 192 vertices, 288 indices
DracoDecoder | Decoded 216 vertices, 324 indices
DracoDecoder | Decoded 24 vertices, 36 indices
DracoDecoder | Decoded 350 vertices, 600 indices
DracoDecoder | Decoded 15137 vertices, 15405 indices
DracoDecoder | Decoded 2366 vertices, 2502 indices
DracoDecoder | Decoded 856 vertices, 864 indices
DracoDecoder | Decoded 8349 vertices, 10326 indices
DracoDecoder | Decoded 9216 vertices, 12672 indices
DracoDecoder | Decoded 30 ve12:38:42 | INFO: Blender create Mesh node Mobile_daoxiangcun_plants
12:38:42 | INFO: Draco Decoder: Decode primitive Mobile_daoxiangcun_plants
12:38:42 | INFO: Blender create Mesh node r15_daoxiangcun_clay.001
12:38:42 | INFO: Draco Decoder: Decode primitive r15_daoxiangcun_clay.001
12:38:42 | INFO: Blender create Mesh node r15_daoxiangcun_plaster.001
12:38:42 | INFO: Draco Decoder: Decode primitive r15_daoxiangcun_plaster.001
12:38:42 | INFO: Blender create Mesh node r15_daoxiangcun_qing_clay.001
12:38:42 | INFO: Draco Decoder: Decode primitive r15_daoxiangcun_qing_clay.001
12:38:42 | INFO: Blender create Mesh node r15_daoxiangcun_rusticwood.002
12:38:42 | INFO: Draco Decoder: Decode primitive r15_daoxiangcun_rusticwood.002
12:38:42 | INFO: Blender create Mesh node r15_daoxiangcun_rusticwood.003
12:38:42 | INFO: Draco Decoder: Decode primitive r15_daoxiangcun_rusticwood.003
12:38:42 | INFO: Blender create Mesh node r15_daoxiangcun_screen.002
12:38:42 | INFO: Draco Decoder: Decode primitive r15_daoxiangcun_screen.002
12:38:42 | INFO: Blender create Mesh node r15_daoxiangcun_screen.003
12:38:42 | INFO: Draco Decoder: Decode primitive r15_daoxiangcun_screen.003
12:38:42 | INFO: Blender create Mesh node r15_daoxiangcun_stone.001
12:38:42 | INFO: Draco Decoder: Decode primitive r15_daoxiangcun_stone.001
12:38:42 | INFO: Blender create Mesh node r15_daoxiangcun_thatch.001
12:38:42 | INFO: Draco Decoder: Decode primitive r15_daoxiangcun_thatch.001
12:38:42 | INFO: Blender create Mesh node Mobile_ouxiangxie_plants
12:38:42 | INFO: Draco Decoder: Decode primitive Mobile_ouxiangxie_plants
12:38:42 | INFO: Blender create Mesh node r15_ouxiangxie_bookcloth.001
12:38:42 | INFO: Draco Decoder: Decode primitive r15_ouxiangxie_bookcloth.001
12:38:42 | INFO: Blender create Mesh node r15_ouxiangxie_bookcover.001
12:38:42 | INFO: Draco Decoder: Decode primitive r15_ouxiangxie_bookcover.001
12:38:42 | INFO: Blender create Mesh node r15_ouxiangxie_ceramic.001
12:38:42 | INFO: Draco Decoder: Decode primitive r15_ouxiangxie_ceramic.001
12:38:42 | INFO: Blender create Mesh node r15_ouxiangxie_darkwood.001
12:38:42 | INFO: Draco Decoder: Decode primitive r15_ouxiangxie_darkwood.001
12:38:42 | INFO: Blender create Mesh node r15_ouxiangxie_furniture.001
12:38:42 | INFO: Draco Decoder: Decode primitive r15_ouxiangxie_furniture.001
12:38:42 | INFO: Blender create Mesh node r15_ouxiangxie_gold.002
12:38:42 | INFO: Draco Decoder: Decode primitive r15_ouxiangxie_gold.002
12:38:42 | INFO: Blender create Mesh node r15_ouxiangxie_gold.003
12:38:42 | INFO: Draco Decoder: Decode primitive r15_ouxiangxie_gold.003
12:38:42 | INFO: Blender create Mesh node r15_ouxiangxie_ink.001
12:38:42 | INFO: Draco Decoder: Decode primitive r15_ouxiangxie_ink.001
12:38:42 | INFO: Blender create Mesh node r15_ouxiangxie_ivory.001
12:38:42 | INFO: Draco Decoder: Decode primitive r15_ouxiangxie_ivory.001
12:38:42 | INFO: Blender create Mesh node r15_ouxiangxie_latticewood.001
12:38:42 | INFO: Draco Decoder: Decode primitive r15_ouxiangxie_latticewood.001
12:38:42 | INFO: Blender create Mesh node r15_ouxiangxie_paper.001
12:38:42 | INFO: Draco Decoder: Decode primitive r15_ouxiangxie_paper.001
12:38:42 | INFO: Blender create Mesh node r15_ouxiangxie_plaster.002
12:38:42 | INFO: Draco Decoder: Decode primitive r15_ouxiangxie_plaster.002
12:38:42 | INFO: Blender create Mesh node r15_ouxiangxie_plaster.003
12:38:42 | INFO: Draco Decoder: Decode primitive r15_ouxiangxie_plaster.003
12:38:42 | INFO: Blender create Mesh node r15_ouxiangxie_qing_azurite.001
12:38:42 | INFO: Draco Decoder: Decode primitive r15_ouxiangxie_qing_azurite.001
12:38:42 | INFO: Blender create Mesh node r15_ouxiangxie_roof.001
12:38:42 | INFO: Draco Decoder: Decode primitive r15_ouxiangxie_roof.001
12:38:42 | INFO: Blender create Mesh node r15_ouxiangxie_screen.002
12:38:42 | INFO: Draco Decoder: Decode primitive r15_ouxiangxie_screen.002
12:38:42 | INFO: Blender create Mesh node r15_ouxiangxie_screen.003
12:38:42 | INFO: Draco Decoder: Decode primitive r15_ouxiangxie_screen.003
12:38:42 | INFO: Blender create Mesh node r15_ouxiangxie_stone.001
12:38:42 | INFO: Draco Decoder: Decode primitive r15_ouxiangxie_stone.001
12:38:42 | INFO: Blender create Mesh node r15_ouxiangxie_tile.001
12:38:42 | INFO: Draco Decoder: Decode primitive r15_ouxiangxie_tile.001
12:38:42 | INFO: Blender create Mesh node r15_ouxiangxie_tiledark.001
12:38:42 | INFO: Draco Decoder: Decode primitive r15_ouxiangxie_tiledark.001
12:38:42 | INFO: Blender create Mesh node r15_ouxiangxie_tilelight.001
12:38:42 | INFO: Draco Decoder: Decode primitive r15_ouxiangxie_tilelight.001
12:38:42 | INFO: Blender create Mesh node r15_ouxiangxie_wood.002
12:38:42 | INFO: Draco Decoder: Decode primitive r15_ouxiangxie_wood.002
12:38:42 | INFO: Blender create Mesh node r15_ouxiangxie_wood.003
12:38:42 | INFO: Draco Decoder: Decode primitive r15_ouxiangxie_wood.003
12:38:42 | INFO: Blender create Mesh node r15_dicuiting_darkwood.001
12:38:42 | INFO: Draco Decoder: Decode primitive r15_dicuiting_darkwood.001
12:38:42 | INFO: Blender create Mesh node r15_dicuiting_gold.001
12:38:42 | INFO: Draco Decoder: Decode primitive r15_dicuiting_gold.001
12:38:42 | INFO: Blender create Mesh node r15_dicuiting_lantern.001
12:38:42 | INFO: Draco Decoder: Decode primitive r15_dicuiting_lantern.001
12:38:42 | INFO: Blender create Mesh node r15_dicuiting_roof.001
12:38:42 | INFO: Draco Decoder: Decode primitive r15_dicuiting_roof.001
12:38:42 | INFO: Blender create Mesh node r15_dicuiting_stone.001
12:38:42 | INFO: Draco Decoder: Decode primitive r15_dicuiting_stone.001
12:38:42 | INFO: Blender create Mesh node r15_dicuiting_tile.001
12:38:42 | INFO: Draco Decoder: Decode primitive r15_dicuiting_tile.001
12:38:42 | INFO: Blender create Mesh node r15_dicuiting_tiledark.001
12:38:42 | INFO: Draco Decoder: Decode primitive r15_dicuiting_tiledark.001
12:38:42 | INFO: Blender create Mesh node r15_dicuiting_tilelight.001
12:38:42 | INFO: Draco Decoder: Decode primitive r15_dicuiting_tilelight.001
12:38:42 | INFO: Blender create Mesh node r15_dicuiting_wood.001
12:38:42 | INFO: Draco Decoder: Decode primitive r15_dicuiting_wood.001
12:38:42 | INFO: Blender create Mesh node Mobile_luxuean_paving
12:38:42 | INFO: Draco Decoder: Decode primitive Mobile_luxuean_paving
12:38:42 | INFO: Blender create Mesh node Mobile_luxuean_plants
12:38:42 | INFO: Draco Decoder: Decode primitive Mobile_luxuean_plants
12:38:42 | INFO: Blender create Mesh node r15_luxuean_clay.001
12:38:42 | INFO: Draco Decoder: Decode primitive r15_luxuean_clay.001
12:38:42 | INFO: Blender create Mesh node r15_luxuean_plaster.001
12:38:42 | INFO: Draco Decoder: Decode primitive r15_luxuean_plaster.001
12:38:42 | INFO: Blender create Mesh node r15_luxuean_qing_clay.001
12:38:42 | INFO: Draco Decoder: Decode primitive r15_luxuean_qing_clay.001
12:38:42 | INFO: Blender create Mesh node r15_luxuean_rusticwood.002
12:38:42 | INFO: Draco Decoder: Decode primitive r15_luxuean_rusticwood.002
12:38:42 | INFO: Blender create Mesh node r15_luxuean_rusticwood.003
12:38:42 | INFO: Draco Decoder: Decode primitive r15_luxuean_rusticwood.003
12:38:42 | INFO: Blender create Mesh node r15_luxuean_screen.001
12:38:42 | INFO: Draco Decoder: Decode primitive r15_luxuean_screen.001
12:38:42 | INFO: Blender create Mesh node r15_luxuean_stone.001
12:38:42 | INFO: Draco Decoder: Decode primitive r15_luxuean_stone.001
12:38:42 | INFO: Blender create Mesh node r15_luxuean_thatch.001
12:38:42 | INFO: Draco Decoder: Decode primitive r15_luxuean_thatch.001
12:38:42 | INFO: Blender create Mesh node Mobile_tubishanzhuang_floorwood
12:38:42 | INFO: Draco Decoder: Decode primitive Mobile_tubishanzhuang_floorwood
12:38:42 | INFO: Blender create Mesh node Mobile_tubishanzhuang_paving
12:38:42 | INFO: Draco Decoder: Decode primitive Mobile_tubishanzhuang_paving
12:38:42 | INFO: Blender create Mesh node Mobile_tubishanzhuang_plants
12:38:42 | INFO: Draco Decoder: Decode primitive Mobile_tubishanzhuang_plants
12:38:42 | INFO: Blender create Mesh node r15_tubishanzhuang_cutstone.001
12:38:42 | INFO: Draco Decoder: Decode primitive r15_tubishanzhuang_cutstone.001
12:38:42 | INFO: Blender create Mesh node r15_tubishanzhuang_darkwood.001
12:38:42 | INFO: Draco Decoder: Decode primitive r15_tubishanzhuang_darkwood.001
12:38:42 | INFO: Blender create Mesh node r15_tubishanzhuang_furniture.001
12:38:42 | INFO: Draco Decoder: Decode primitive r15_tubishanzhuang_furniture.001
12:38:42 | INFO: Blender create Mesh node r15_tubishanzhuang_gold.001
12:38:42 | INFO: Draco Decoder: Decode primitive r15_tubishanzhuang_gold.001
12:38:42 | INFO: Blender create Mesh node r15_tubishanzhuang_latticewood.001
12:38:42 | INFO: Draco Decoder: Decode primitive r15_tubishanzhuang_latticewood.001
12:38:42 | INFO: Blender create Mesh node r15_tubishanzhuang_plaster.002
12:38:42 | INFO: Draco Decoder: Decode primitive r15_tubishanzhuang_plaster.002
12:38:42 | INFO: Blender create Mesh node r15_tubishanzhuang_plaster.003
12:38:42 | INFO: Draco Decoder: Decode primitive r15_tubishanzhuang_plaster.003
12:38:42 | INFO: Blender create Mesh node r15_tubishanzhuang_qing_azurite.001
12:38:42 | INFO: Draco Decoder: Decode primitive r15_tubishanzhuang_qing_azurite.001
12:38:42 | INFO: Blender create Mesh node r15_tubishanzhuang_roof.001
12:38:42 | INFO: Draco Decoder: Decode primitive r15_tubishanzhuang_roof.001
12:38:42 | INFO: Blender create Mesh node r15_tubishanzhuang_screen.002
12:38:42 | INFO: Draco Decoder: Decode primitive r15_tubishanzhuang_screen.002
12:38:42 | INFO: Blender create Mesh node r15_tubishanzhuang_screen.003
12:38:42 | INFO: Draco Decoder: Decode primitive r15_tubishanzhuang_screen.003
12:38:42 | INFO: Blender create Mesh node r15_tubishanzhuang_stone.001
12:38:42 | INFO: Draco Decoder: Decode primitive r15_tubishanzhuang_stone.001
12:38:42 | INFO: Blender create Mesh node r15_tubishanzhuang_tile.001
12:38:42 | INFO: Draco Decoder: Decode primitive r15_tubishanzhuang_tile.001
12:38:42 | INFO: Blender create Mesh node r15_tubishanzhuang_tiledark.001
12:38:42 | INFO: Draco Decoder: Decode primitive r15_tubishanzhuang_tiledark.001
12:38:42 | INFO: Blender create Mesh node r15_tubishanzhuang_tilelight.001
12:38:42 | INFO: Draco Decoder: Decode primitive r15_tubishanzhuang_tilelight.001
12:38:42 | INFO: Blender create Mesh node r15_tubishanzhuang_wood.002
12:38:42 | INFO: Draco Decoder: Decode primitive r15_tubishanzhuang_wood.002
12:38:42 | INFO: Blender create Mesh node r15_tubishanzhuang_wood.003
12:38:42 | INFO: Draco Decoder: Decode primitive r15_tubishanzhuang_wood.003
12:38:42 | INFO: Blender create Mesh node Mobile_aojingxiguan_floorwood
12:38:42 | INFO: Draco Decoder: Decode primitive Mobile_aojingxiguan_floorwood
12:38:42 | INFO: Blender create Mesh node Mobile_aojingxiguan_paving
12:38:42 | INFO: Draco Decoder: Decode primitive Mobile_aojingxiguan_paving
12:38:42 | INFO: Blender create Mesh node Mobile_aojingxiguan_plants
12:38:42 | INFO: Draco Decoder: Decode primitive Mobile_aojingxiguan_plants
12:38:42 | INFO: Blender create Mesh node r15_aojingxiguan_cutstone.001
12:38:42 | INFO: Draco Decoder: Decode primitive r15_aojingxiguan_cutstone.001
12:38:42 | INFO: Blender create Mesh node r15_aojingxiguan_darkwood.001
12:38:42 | INFO: Draco Decoder: Decode primitive r15_aojingxiguan_darkwood.001
12:38:42 | INFO: Blender create Mesh node r15_aojingxiguan_furniture.001
12:38:42 | INFO: Draco Decoder: Decode primitive r15_aojingxiguan_furniture.001
12:38:42 | INFO: Blender create Mesh node r15_aojingxiguan_gold.001
12:38:42 | INFO: Draco Decoder: Decode primitive r15_aojingxiguan_gold.001
12:38:42 | INFO: Blender create Mesh node r15_aojingxiguan_latticewood.001
12:38:42 | INFO: Draco Decoder: Decode primitive r15_aojingxiguan_latticewood.001
12:38:42 | INFO: Blender create Mesh node r15_aojingxiguan_plaster.002
12:38:42 | INFO: Draco Decoder: Decode primitive r15_aojingxiguan_plaster.002
rtices, 66 indices
DracoDecoder | Decoded 7801 vertices, 7857 indices
DracoDecoder | Decoded 4260 vertices, 5736 indices
DracoDecoder | Decoded 288 vertices, 396 indices
DracoDecoder | Decoded 1656 vertices, 2484 indices
DracoDecoder | Decoded 2458 vertices, 3078 indices
DracoDecoder | Decoded 3456 vertices, 5184 indices
DracoDecoder | Decoded 192 vertices, 288 indices
DracoDecoder | Decoded 360 vertices, 540 indices
DracoDecoder | Decoded 1216 vertices, 1554 indices
DracoDecoder | Decoded 456 vertices, 456 indices
DracoDecoder | Decoded 192 vertices, 324 indices
DracoDecoder | Decoded 528 vertices, 792 indices
DracoDecoder | Decoded 48 vertices, 72 indices
DracoDecoder | Decoded 560 vertices, 924 indices
DracoDecoder | Decoded 2048 vertices, 2880 indices
DracoDecoder | Decoded 250 vertices, 300 indices
DracoDecoder | Decoded 336 vertices, 600 indices
DracoDecoder | Decoded 7728 vertices, 11664 indices
DracoDecoder | Decoded 752 vertices, 1152 indices
DracoDecoder | Decoded 312 vertices, 468 indices
DracoDecoder | Decoded 492 vertices, 492 indices
DracoDecoder | Decoded 340 vertices, 540 indices
DracoDecoder | Decoded 96 vertices, 132 indices
DracoDecoder | Decoded 3744 vertices, 5148 indices
DracoDecoder | Decoded 48 vertices, 72 indices
DracoDecoder | Decoded 286 vertices, 426 indices
DracoDecoder | Decoded 216 vertices, 324 indices
DracoDecoder | Decoded 216 vertices, 324 indices
DracoDecoder | Decoded 1536 vertices, 2208 indices
DracoDecoder | Decoded 10530 vertices, 10722 indices
DracoDecoder | Decoded 1956 vertices, 2076 indices
DracoDecoder | Decoded 614 vertices, 630 indices
DracoDecoder | Decoded 764 vertices, 990 indices
DracoDecoder | Decoded 9216 vertices, 12672 indices
DracoDecoder | Decoded 2680 vertices, 3696 indices
DracoDecoder | Decoded 384 vertices, 384 indices
DracoDecoder | Decoded 212 vertices, 228 indices
DracoDecoder | Decoded 246 vertices, 366 indices
DracoDecoder | Decoded 192 vertices, 276 indices
DracoDecoder | Decoded 5324 vertices, 5460 indices
DracoDecoder | Decoded 1452 vertices, 1494 indices
DracoDecoder | Decoded 231 vertices, 231 indices
DracoDecoder | Decoded 1728 vertices, 2472 indices
DracoDecoder | Decoded 22 vertices, 54 indices
DracoDecoder | Decoded 687 vertices, 735 indices
DracoDecoder | Decoded 2844 vertices, 3804 indices
DracoDecoder | Decoded 96 vertices, 132 indices
DracoDecoder | Decoded 744 vertices, 1116 indices
DracoDecoder | Decoded 894 vertices, 1170 indices
DracoDecoder | Decoded 1584 vertices, 2376 indices
DracoDecoder | Decoded 168 vertices, 252 indices
DracoDecoder | Decoded 578 vertices, 690 indices
DracoDecoder | Decoded 988 vertices, 1014 indices
DracoDecoder | Decoded 1488 vertices, 2232 indices
DracoDecoder | Decoded 764 vertices, 1146 indices
DracoDecoder | Decoded 486 vertices, 486 indices
DracoDecoder | Decoded 686 vertices, 990 indices
DracoDecoder | Decoded 460 vertices, 624 indices
DracoDecoder | Decoded 188 vertices, 258 indices
DracoDecoder | Decoded 7728 vertices, 11664 indices
DracoDecoder | Decoded 1452 vertices, 1452 indices
DracoDecoder | Decoded 96 vertices, 132 indices
DracoDecoder | Decoded 3744 vertices, 5148 indices
DracoDecoder | Decoded 48 vertices, 72 indices
DracoDecoder | Decoded 286 vertices, 426 indices
DracoDecoder | Decoded 216 vertices, 324 indices
DracoDecoder | Decoded 192 vertices, 288 indices
DracoDecoder | Decoded 796 vertices, 996 indices
DracoDecoder | Decoded 11774 vertices, 12018 indices
DracoDecoder | Decoded 2096 vertices, 2220 indices
DracoDecoder | Decoded 682 vertices, 690 indices
DracoDecoder | Decoded 9216 vertices, 12672 indices
DracoDecoder | Decoded 6880 vertices, 9066 indices
DracoDecoder | Decoded 1332 vertices, 1998 indices
DracoDecoder | Decoded 768 vertices, 1158 indices
DracoDecoder | Decoded 486 vertices, 486 indices
DracoDecoder | Decoded 650 vertices, 906 indices
DracoDecoder | Decoded 468 vertices, 624 indices
DracoDecoder | Decoded 182 vertices, 258 indices
DracoDecoder | Decoded 7728 vertices, 11664 indices
DracoDecoder | Decoded 1128 vertices, 1128 indices
DracoDecoder | Decoded 96 vertices, 132 indi12:38:42 | INFO: Blender create Mesh node r15_aojingxiguan_plaster.003
12:38:42 | INFO: Draco Decoder: Decode primitive r15_aojingxiguan_plaster.003
12:38:42 | INFO: Blender create Mesh node r15_aojingxiguan_qing_azurite.001
12:38:42 | INFO: Draco Decoder: Decode primitive r15_aojingxiguan_qing_azurite.001
12:38:42 | INFO: Blender create Mesh node r15_aojingxiguan_roof.001
12:38:42 | INFO: Draco Decoder: Decode primitive r15_aojingxiguan_roof.001
12:38:42 | INFO: Blender create Mesh node r15_aojingxiguan_screen.002
12:38:42 | INFO: Draco Decoder: Decode primitive r15_aojingxiguan_screen.002
12:38:42 | INFO: Blender create Mesh node r15_aojingxiguan_screen.003
12:38:42 | INFO: Draco Decoder: Decode primitive r15_aojingxiguan_screen.003
12:38:42 | INFO: Blender create Mesh node r15_aojingxiguan_stone.001
12:38:42 | INFO: Draco Decoder: Decode primitive r15_aojingxiguan_stone.001
12:38:42 | INFO: Blender create Mesh node r15_aojingxiguan_tile.001
12:38:42 | INFO: Draco Decoder: Decode primitive r15_aojingxiguan_tile.001
12:38:43 | INFO: Blender create Mesh node r15_aojingxiguan_tiledark.001
12:38:43 | INFO: Draco Decoder: Decode primitive r15_aojingxiguan_tiledark.001
12:38:43 | INFO: Blender create Mesh node r15_aojingxiguan_tilelight.001
12:38:43 | INFO: Draco Decoder: Decode primitive r15_aojingxiguan_tilelight.001
12:38:43 | INFO: Blender create Mesh node r15_aojingxiguan_wood.002
12:38:43 | INFO: Draco Decoder: Decode primitive r15_aojingxiguan_wood.002
12:38:43 | INFO: Blender create Mesh node r15_aojingxiguan_wood.003
12:38:43 | INFO: Draco Decoder: Decode primitive r15_aojingxiguan_wood.003
12:38:43 | INFO: Blender create Mesh node Mobile_daguanlou_courtbase
12:38:43 | INFO: Draco Decoder: Decode primitive Mobile_daguanlou_courtbase
12:38:43 | INFO: Blender create Mesh node Mobile_daguanlou_floorwood
12:38:43 | INFO: Draco Decoder: Decode primitive Mobile_daguanlou_floorwood
12:38:43 | INFO: Blender create Mesh node Mobile_daguanlou_limestone
12:38:43 | INFO: Draco Decoder: Decode primitive Mobile_daguanlou_limestone
12:38:43 | INFO: Blender create Mesh node Mobile_daguanlou_paving
12:38:43 | INFO: Draco Decoder: Decode primitive Mobile_daguanlou_paving
12:38:43 | INFO: Blender create Mesh node Mobile_daguanlou_botanical_bamboo
12:38:43 | INFO: Draco Decoder: Decode primitive Mobile_daguanlou_botanical_bamboo
12:38:43 | INFO: Blender create Mesh node Mobile_daguanlou_botanical_litter
12:38:43 | INFO: Draco Decoder: Decode primitive Mobile_daguanlou_botanical_litter
12:38:43 | INFO: Blender create Mesh node Mobile_daguanlou_plants
12:38:43 | INFO: Draco Decoder: Decode primitive Mobile_daguanlou_plants
12:38:43 | INFO: Blender create Mesh node r15_daguanlou_bookcloth.001
12:38:43 | INFO: Draco Decoder: Decode primitive r15_daguanlou_bookcloth.001
12:38:43 | INFO: Blender create Mesh node r15_daguanlou_bookcover.001
12:38:43 | INFO: Draco Decoder: Decode primitive r15_daguanlou_bookcover.001
12:38:43 | INFO: Blender create Mesh node r15_daguanlou_ceramic.001
12:38:43 | INFO: Draco Decoder: Decode primitive r15_daguanlou_ceramic.001
12:38:43 | INFO: Blender create Mesh node r15_daguanlou_cutstone.001
12:38:43 | INFO: Draco Decoder: Decode primitive r15_daguanlou_cutstone.001
12:38:43 | INFO: Blender create Mesh node r15_daguanlou_darkwood.001
12:38:43 | INFO: Draco Decoder: Decode primitive r15_daguanlou_darkwood.001
12:38:43 | INFO: Blender create Mesh node r15_daguanlou_furniture.001
12:38:43 | INFO: Draco Decoder: Decode primitive r15_daguanlou_furniture.001
12:38:43 | INFO: Blender create Mesh node r15_daguanlou_gold.002
12:38:43 | INFO: Draco Decoder: Decode primitive r15_daguanlou_gold.002
12:38:43 | INFO: Blender create Mesh node r15_daguanlou_gold.003
12:38:43 | INFO: Draco Decoder: Decode primitive r15_daguanlou_gold.003
12:38:43 | INFO: Blender create Mesh node r15_daguanlou_goldroof.001
12:38:43 | INFO: Draco Decoder: Decode primitive r15_daguanlou_goldroof.001
12:38:43 | INFO: Blender create Mesh node r15_daguanlou_goldtile.001
12:38:43 | INFO: Draco Decoder: Decode primitive r15_daguanlou_goldtile.001
12:38:43 | INFO: Blender create Mesh node r15_daguanlou_goldtiledark.001
12:38:43 | INFO: Draco Decoder: Decode primitive r15_daguanlou_goldtiledark.001
12:38:43 | INFO: Blender create Mesh node r15_daguanlou_goldtilelight.001
12:38:43 | INFO: Draco Decoder: Decode primitive r15_daguanlou_goldtilelight.001
12:38:43 | INFO: Blender create Mesh node r15_daguanlou_ink.001
12:38:43 | INFO: Draco Decoder: Decode primitive r15_daguanlou_ink.001
12:38:43 | INFO: Blender create Mesh node r15_daguanlou_ivory.001
12:38:43 | INFO: Draco Decoder: Decode primitive r15_daguanlou_ivory.001
12:38:43 | INFO: Blender create Mesh node r15_daguanlou_lantern.001
12:38:43 | INFO: Draco Decoder: Decode primitive r15_daguanlou_lantern.001
12:38:43 | INFO: Blender create Mesh node r15_daguanlou_latticewood.001
12:38:43 | INFO: Draco Decoder: Decode primitive r15_daguanlou_latticewood.001
12:38:43 | INFO: Blender create Mesh node r15_daguanlou_paper.001
12:38:43 | INFO: Draco Decoder: Decode primitive r15_daguanlou_paper.001
12:38:43 | INFO: Blender create Mesh node r15_daguanlou_plaster.003
12:38:43 | INFO: Draco Decoder: Decode primitive r15_daguanlou_plaster.003
12:38:43 | INFO: Blender create Mesh node r15_daguanlou_plaster.004
12:38:43 | INFO: Draco Decoder: Decode primitive r15_daguanlou_plaster.004
12:38:43 | INFO: Blender create Mesh node r15_daguanlou_plaster.005
12:38:43 | INFO: Draco Decoder: Decode primitive r15_daguanlou_plaster.005
12:38:43 | INFO: Blender create Mesh node r15_daguanlou_qing_azurite.001
12:38:43 | INFO: Draco Decoder: Decode primitive r15_daguanlou_qing_azurite.001
12:38:43 | INFO: Blender create Mesh node r15_daguanlou_screen.002
12:38:43 | INFO: Draco Decoder: Decode primitive r15_daguanlou_screen.002
12:38:43 | INFO: Blender create Mesh node r15_daguanlou_screen.003
12:38:43 | INFO: Draco Decoder: Decode primitive r15_daguanlou_screen.003
12:38:43 | INFO: Blender create Mesh node r15_daguanlou_stone.001
12:38:43 | INFO: Draco Decoder: Decode primitive r15_daguanlou_stone.001
12:38:43 | INFO: Blender create Mesh node r15_daguanlou_wood.002
12:38:43 | INFO: Draco Decoder: Decode primitive r15_daguanlou_wood.002
12:38:43 | INFO: Blender create Mesh node r15_daguanlou_wood.003
12:38:43 | INFO: Draco Decoder: Decode primitive r15_daguanlou_wood.003
12:38:43 | INFO: Blender create Mesh node Mobile_longcuian_courtbase
12:38:43 | INFO: Draco Decoder: Decode primitive Mobile_longcuian_courtbase
12:38:43 | INFO: Blender create Mesh node Mobile_longcuian_floorwood
12:38:43 | INFO: Draco Decoder: Decode primitive Mobile_longcuian_floorwood
12:38:43 | INFO: Blender create Mesh node Mobile_longcuian_paving
12:38:43 | INFO: Draco Decoder: Decode primitive Mobile_longcuian_paving
12:38:43 | INFO: Blender create Mesh node Mobile_longcuian_plants
12:38:43 | INFO: Draco Decoder: Decode primitive Mobile_longcuian_plants
12:38:43 | INFO: Blender create Mesh node r15_longcuian_bookcloth.001
12:38:43 | INFO: Draco Decoder: Decode primitive r15_longcuian_bookcloth.001
12:38:43 | INFO: Blender create Mesh node r15_longcuian_bookcover.001
12:38:43 | INFO: Draco Decoder: Decode primitive r15_longcuian_bookcover.001
12:38:43 | INFO: Blender create Mesh node r15_longcuian_ceramic.001
12:38:43 | INFO: Draco Decoder: Decode primitive r15_longcuian_ceramic.001
12:38:43 | INFO: Blender create Mesh node r15_longcuian_cutstone.001
12:38:43 | INFO: Draco Decoder: Decode primitive r15_longcuian_cutstone.001
12:38:43 | INFO: Blender create Mesh node r15_longcuian_darkwood.001
12:38:43 | INFO: Draco Decoder: Decode primitive r15_longcuian_darkwood.001
12:38:43 | INFO: Blender create Mesh node r15_longcuian_furniture.001
12:38:43 | INFO: Draco Decoder: Decode primitive r15_longcuian_furniture.001
12:38:43 | INFO: Blender create Mesh node r15_longcuian_gold.002
12:38:43 | INFO: Draco Decoder: Decode primitive r15_longcuian_gold.002
12:38:43 | INFO: Blender create Mesh node r15_longcuian_gold.003
12:38:43 | INFO: Draco Decoder: Decode primitive r15_longcuian_gold.003
12:38:43 | INFO: Blender create Mesh node r15_longcuian_ink.001
12:38:43 | INFO: Draco Decoder: Decode primitive r15_longcuian_ink.001
12:38:43 | INFO: Blender create Mesh node r15_longcuian_ivory.001
12:38:43 | INFO: Draco Decoder: Decode primitive r15_longcuian_ivory.001
12:38:43 | INFO: Blender create Mesh node r15_longcuian_latticewood.001
12:38:43 | INFO: Draco Decoder: Decode primitive r15_longcuian_latticewood.001
12:38:43 | INFO: Blender create Mesh node r15_longcuian_paper.001
12:38:43 | INFO: Draco Decoder: Decode primitive r15_longcuian_paper.001
12:38:43 | INFO: Blender create Mesh node r15_longcuian_plaster.003
12:38:43 | INFO: Draco Decoder: Decode primitive r15_longcuian_plaster.003
12:38:43 | INFO: Blender create Mesh node r15_longcuian_plaster.004
12:38:43 | INFO: Draco Decoder: Decode primitive r15_longcuian_plaster.004
12:38:43 | INFO: Blender create Mesh node r15_longcuian_plaster.005
12:38:43 | INFO: Draco Decoder: Decode primitive r15_longcuian_plaster.005
12:38:43 | INFO: Blender create Mesh node r15_longcuian_qing_jade.001
12:38:43 | INFO: Draco Decoder: Decode primitive r15_longcuian_qing_jade.001
12:38:43 | INFO: Blender create Mesh node r15_longcuian_roof.001
12:38:43 | INFO: Draco Decoder: Decode primitive r15_longcuian_roof.001
12:38:43 | INFO: Blender create Mesh node r15_longcuian_screen.002
12:38:43 | INFO: Draco Decoder: Decode primitive r15_longcuian_screen.002
12:38:43 | INFO: Blender create Mesh node r15_longcuian_screen.003
12:38:43 | INFO: Draco Decoder: Decode primitive r15_longcuian_screen.003
12:38:43 | INFO: Blender create Mesh node r15_longcuian_stone.001
12:38:43 | INFO: Draco Decoder: Decode primitive r15_longcuian_stone.001
12:38:43 | INFO: Blender create Mesh node r15_longcuian_tile.001
12:38:43 | INFO: Draco Decoder: Decode primitive r15_longcuian_tile.001
12:38:43 | INFO: Blender create Mesh node r15_longcuian_tiledark.001
12:38:43 | INFO: Draco Decoder: Decode primitive r15_longcuian_tiledark.001
12:38:43 | INFO: Blender create Mesh node r15_longcuian_tilelight.001
12:38:43 | INFO: Draco Decoder: Decode primitive r15_longcuian_tilelight.001
12:38:43 | INFO: Blender create Mesh node r15_longcuian_wood.002
12:38:43 | INFO: Draco Decoder: Decode primitive r15_longcuian_wood.002
12:38:43 | INFO: Blender create Mesh node r15_longcuian_wood.003
12:38:43 | INFO: Draco Decoder: Decode primitive r15_longcuian_wood.003
12:38:44 | INFO: Blender create Mesh node Mobile_nuanxiangwu_courtbase
12:38:44 | INFO: Draco Decoder: Decode primitive Mobile_nuanxiangwu_courtbase
12:38:44 | INFO: Blender create Mesh node Mobile_nuanxiangwu_floorwood
12:38:44 | INFO: Draco Decoder: Decode primitive Mobile_nuanxiangwu_floorwood
12:38:44 | INFO: Blender create Mesh node Mobile_nuanxiangwu_paving
12:38:44 | INFO: Draco Decoder: Decode primitive Mobile_nuanxiangwu_paving
12:38:44 | INFO: Blender create Mesh node Mobile_nuanxiangwu_plants
12:38:44 | INFO: Draco Decoder: Decode primitive Mobile_nuanxiangwu_plants
12:38:44 | INFO: Blender create Mesh node r15_nuanxiangwu_bookcloth.001
12:38:44 | INFO: Draco Decoder: Decode primitive r15_nuanxiangwu_bookcloth.001
12:38:44 | INFO: Blender create Mesh node r15_nuanxiangwu_bookcover.001
12:38:44 | INFO: Draco Decoder: Decode primitive r15_nuanxiangwu_bookcover.001
12:38:44 | INFO: Blender create Mesh node r15_nuanxiangwu_ceramic.001
12:38:44 | INFO: Draco Decoder: Decode primitive r15_nuanxiangwu_ceramic.001
12:38:44 | INFO: Blender create Mesh node r15_nuanxiangwu_cutstone.001
12:38:44 | INFO: Draco Decoder: Decode primitive r15_nuanxiangwu_cutstone.001
12:38:44 | INFO: Blender create Mesh node r15_nuanxiangwu_darkwood.001
12:38:44 | INFO: Draco Decoder: Decode primitive r15_nuanxiangwu_darkwood.001
ces
DracoDecoder | Decoded 3744 vertices, 5148 indices
DracoDecoder | Decoded 48 vertices, 72 indices
DracoDecoder | Decoded 286 vertices, 426 indices
DracoDecoder | Decoded 192 vertices, 288 indices
DracoDecoder | Decoded 216 vertices, 324 indices
DracoDecoder | Decoded 842 vertices, 1020 indices
DracoDecoder | Decoded 10807 vertices, 10911 indices
DracoDecoder | Decoded 1936 vertices, 2058 indices
DracoDecoder | Decoded 608 vertices, 648 indices
DracoDecoder | Decoded 6612 vertices, 8670 indices
DracoDecoder | Decoded 9216 vertices, 12672 indices
DracoDecoder | Decoded 8 vertices, 12 indices
DracoDecoder | Decoded 14416 vertices, 21624 indices
DracoDecoder | Decoded 2175 vertices, 2199 indices
DracoDecoder | Decoded 2842 vertices, 4314 indices
DracoDecoder | Decoded 1287 vertices, 1287 indices
DracoDecoder | Decoded 423 vertices, 423 indices
DracoDecoder | Decoded 1809 vertices, 1809 indices
DracoDecoder | Decoded 528 vertices, 792 indices
DracoDecoder | Decoded 48 vertices, 72 indices
DracoDecoder | Decoded 214 vertices, 222 indices
DracoDecoder | Decoded 6510 vertices, 9114 indices
DracoDecoder | Decoded 9267 vertices, 11148 indices
DracoDecoder | Decoded 2132 vertices, 2892 indices
DracoDecoder | Decoded 5892 vertices, 5892 indices
DracoDecoder | Decoded 82176 vertices, 124032 indices
DracoDecoder | Decoded 3638 vertices, 5418 indices
DracoDecoder | Decoded 175785 vertices, 181929 indices
DracoDecoder | Decoded 36478 vertices, 38466 indices
DracoDecoder | Decoded 12218 vertices, 12726 indices
DracoDecoder | Decoded 752 vertices, 1152 indices
DracoDecoder | Decoded 312 vertices, 468 indices
DracoDecoder | Decoded 3266 vertices, 3510 indices
DracoDecoder | Decoded 11076 vertices, 11076 indices
DracoDecoder | Decoded 340 vertices, 540 indices
DracoDecoder | Decoded 5088 vertices, 6996 indices
DracoDecoder | Decoded 768 vertices, 1056 indices
DracoDecoder | Decoded 38400 vertices, 52800 indices
DracoDecoder | Decoded 384 vertices, 576 indices
DracoDecoder | Decoded 480 vertices, 480 indices
DracoDecoder | Decoded 2256 vertices, 3384 indices
DracoDecoder | Decoded 4334 vertices, 5832 indices
DracoDecoder | Decoded 72929 vertices, 97845 indices
DracoDecoder | Decoded 95808 vertices, 131736 indices
DracoDecoder | Decoded 4 vertices, 6 indices
DracoDecoder | Decoded 1860 vertices, 2790 indices
DracoDecoder | Decoded 318 vertices, 480 indices
DracoDecoder | Decoded 3814 vertices, 3825 indices
DracoDecoder | Decoded 528 vertices, 792 indices
DracoDecoder | Decoded 48 vertices, 72 indices
DracoDecoder | Decoded 161 vertices, 165 indices
DracoDecoder | Decoded 1266 vertices, 1746 indices
DracoDecoder | Decoded 1110 vertices, 1452 indices
DracoDecoder | Decoded 444 vertices, 558 indices
DracoDecoder | Decoded 336 vertices, 600 indices
DracoDecoder | Decoded 15456 vertices, 23328 indices
DracoDecoder | Decoded 752 vertices, 1152 indices
DracoDecoder | Decoded 312 vertices, 468 indices
DracoDecoder | Decoded 1128 vertices, 1128 indices
DracoDecoder | Decoded 340 vertices, 540 indices
DracoDecoder | Decoded 3264 vertices, 4488 indices
DracoDecoder | Decoded 192 vertices, 264 indices
DracoDecoder | Decoded 6720 vertices, 9240 indices
DracoDecoder | Decoded 96 vertices, 144 indices
DracoDecoder | Decoded 690 vertices, 1026 indices
DracoDecoder | Decoded 192 vertices, 288 indices
DracoDecoder | Decoded 384 vertices, 576 indices
DracoDecoder | Decoded 307 vertices, 507 indices
DracoDecoder | Decoded 19958 vertices, 20346 indices
DracoDecoder | Decoded 5332 vertices, 5676 indices
DracoDecoder | Decoded 1092 vertices, 1104 indices
DracoDecoder | Decoded 11864 vertices, 15708 indices
DracoDecoder | Decoded 16704 vertices, 22968 indices
DracoDecoder | Decoded 4 vertices, 6 indices
DracoDecoder | Decoded 1232 vertices, 1848 indices
DracoDecoder | Decoded 266 vertices, 420 indices
DracoDecoder | Decoded 2238 vertices, 2262 indices
DracoDecoder | Decoded 528 vertices, 792 indices
DracoDecoder | Decoded 48 vertices, 72 indices
DracoDecoder | Decoded 168 vertices, 168 indices
DracoDecoder | Decoded 646 vertices, 906 indices
DracoDecoder | Decod12:38:44 | INFO: Blender create Mesh node r15_nuanxiangwu_furniture.001
12:38:44 | INFO: Draco Decoder: Decode primitive r15_nuanxiangwu_furniture.001
12:38:44 | INFO: Blender create Mesh node r15_nuanxiangwu_gold.002
12:38:44 | INFO: Draco Decoder: Decode primitive r15_nuanxiangwu_gold.002
12:38:44 | INFO: Blender create Mesh node r15_nuanxiangwu_gold.003
12:38:44 | INFO: Draco Decoder: Decode primitive r15_nuanxiangwu_gold.003
12:38:44 | INFO: Blender create Mesh node r15_nuanxiangwu_ink.001
12:38:44 | INFO: Draco Decoder: Decode primitive r15_nuanxiangwu_ink.001
12:38:44 | INFO: Blender create Mesh node r15_nuanxiangwu_ivory.001
12:38:44 | INFO: Draco Decoder: Decode primitive r15_nuanxiangwu_ivory.001
12:38:44 | INFO: Blender create Mesh node r15_nuanxiangwu_latticewood.001
12:38:44 | INFO: Draco Decoder: Decode primitive r15_nuanxiangwu_latticewood.001
12:38:44 | INFO: Blender create Mesh node r15_nuanxiangwu_paper.001
12:38:44 | INFO: Draco Decoder: Decode primitive r15_nuanxiangwu_paper.001
12:38:44 | INFO: Blender create Mesh node r15_nuanxiangwu_plaster.002
12:38:44 | INFO: Draco Decoder: Decode primitive r15_nuanxiangwu_plaster.002
12:38:44 | INFO: Blender create Mesh node r15_nuanxiangwu_plaster.003
12:38:44 | INFO: Draco Decoder: Decode primitive r15_nuanxiangwu_plaster.003
12:38:44 | INFO: Blender create Mesh node r15_nuanxiangwu_qing_azurite.001
12:38:44 | INFO: Draco Decoder: Decode primitive r15_nuanxiangwu_qing_azurite.001
12:38:44 | INFO: Blender create Mesh node r15_nuanxiangwu_roof.001
12:38:44 | INFO: Draco Decoder: Decode primitive r15_nuanxiangwu_roof.001
12:38:44 | INFO: Blender create Mesh node r15_nuanxiangwu_screen.002
12:38:44 | INFO: Draco Decoder: Decode primitive r15_nuanxiangwu_screen.002
12:38:44 | INFO: Blender create Mesh node r15_nuanxiangwu_screen.003
12:38:44 | INFO: Draco Decoder: Decode primitive r15_nuanxiangwu_screen.003
12:38:44 | INFO: Blender create Mesh node r15_nuanxiangwu_silk.001
12:38:44 | INFO: Draco Decoder: Decode primitive r15_nuanxiangwu_silk.001
12:38:44 | INFO: Blender create Mesh node r15_nuanxiangwu_stone.001
12:38:44 | INFO: Draco Decoder: Decode primitive r15_nuanxiangwu_stone.001
12:38:44 | INFO: Blender create Mesh node r15_nuanxiangwu_tile.001
12:38:44 | INFO: Draco Decoder: Decode primitive r15_nuanxiangwu_tile.001
12:38:44 | INFO: Blender create Mesh node r15_nuanxiangwu_tiledark.001
12:38:44 | INFO: Draco Decoder: Decode primitive r15_nuanxiangwu_tiledark.001
12:38:44 | INFO: Blender create Mesh node r15_nuanxiangwu_tilelight.001
12:38:44 | INFO: Draco Decoder: Decode primitive r15_nuanxiangwu_tilelight.001
12:38:44 | INFO: Blender create Mesh node r15_nuanxiangwu_wood.002
12:38:44 | INFO: Draco Decoder: Decode primitive r15_nuanxiangwu_wood.002
12:38:44 | INFO: Blender create Mesh node r15_nuanxiangwu_wood.003
12:38:44 | INFO: Draco Decoder: Decode primitive r15_nuanxiangwu_wood.003
12:38:44 | INFO: Blender create Mesh node landscape_lantern
12:38:44 | INFO: Draco Decoder: Decode primitive landscape_lantern
12:38:44 | INFO: Blender create Mesh node Mobile_landscape
12:38:44 | INFO: Draco Decoder: Decode primitive Mobile_landscape
12:38:44 | INFO: Blender create Mesh node Mobile_landscape_paving
12:38:44 | INFO: Draco Decoder: Decode primitive Mobile_landscape_paving
12:38:44 | INFO: Blender create Mesh node Mobile_landscape_limestone
12:38:44 | INFO: Draco Decoder: Decode primitive Mobile_landscape_limestone
12:38:44 | INFO: Blender create Mesh node Mobile_landscape_roofshell
12:38:44 | INFO: Draco Decoder: Decode primitive Mobile_landscape_roofshell
12:38:44 | INFO: Blender create Mesh node Mobile_landscape_earth
12:38:44 | INFO: Draco Decoder: Decode primitive Mobile_landscape_earth
12:38:44 | INFO: Blender create Mesh node Mobile_landscape_bankstone
12:38:44 | INFO: Draco Decoder: Decode primitive Mobile_landscape_bankstone
12:38:44 | INFO: Blender create Mesh node Mobile_landscape_plants
12:38:44 | INFO: Draco Decoder: Decode primitive Mobile_landscape_plants
12:38:44 | INFO: Blender create Mesh node Mobile_landscape_botanical_bamboo
12:38:44 | INFO: Draco Decoder: Decode primitive Mobile_landscape_botanical_bamboo
12:38:44 | INFO: glTF import finished in 3.27s
BUILT TERRAIN PATH CHECK 2217 height failures 0 duplicate ground surfaces 0 [] []
ed 728 vertices, 948 indices
DracoDecoder | Decoded 436 vertices, 558 indices
DracoDecoder | Decoded 336 vertices, 600 indices
DracoDecoder | Decoded 7728 vertices, 11664 indices
DracoDecoder | Decoded 752 vertices, 1152 indices
DracoDecoder | Decoded 312 vertices, 468 indices
DracoDecoder | Decoded 1464 vertices, 1464 indices
DracoDecoder | Decoded 364 vertices, 576 indices
DracoDecoder | Decoded 96 vertices, 132 indices
DracoDecoder | Decoded 3744 vertices, 5148 indices
DracoDecoder | Decoded 48 vertices, 72 indices
DracoDecoder | Decoded 506 vertices, 750 indices
DracoDecoder | Decoded 216 vertices, 324 indices
DracoDecoder | Decoded 216 vertices, 324 indices
DracoDecoder | Decoded 48 vertices, 72 indices
DracoDecoder | Decoded 1136 vertices, 1572 indices
DracoDecoder | Decoded 15378 vertices, 15690 indices
DracoDecoder | Decoded 5056 vertices, 5352 indices
DracoDecoder | Decoded 1191 vertices, 1191 indices
DracoDecoder | Decoded 7197 vertices, 9435 indices
DracoDecoder | Decoded 9216 vertices, 12672 indices
DracoDecoder | Decoded 1744 vertices, 1824 indices
DracoDecoder | Decoded 59161 vertices, 70887 indices
DracoDecoder | Decoded 20980 vertices, 33252 indices
DracoDecoder | Decoded 352924 vertices, 353376 indices
DracoDecoder | Decoded 1334 vertices, 1974 indices
DracoDecoder | Decoded 4227 vertices, 21927 indices
DracoDecoder | Decoded 6444 vertices, 9666 indices
DracoDecoder | Decoded 22138 vertices, 23226 indices
DracoDecoder | Decoded 16431 vertices, 16431 indices

Blender quit
12:38:49 | INFO: Data are loaded, start creating Blender stuff
12:38:49 | INFO: Blender create Mesh node Mobile_daguanyuan_gate_floorwood
12:38:49 | INFO: Draco Decoder: Decode primitive Mobile_daguanyuan_gate_floorwood
12:38:49 | INFO: Blender create Mesh node Mobile_daguanyuan_gate_limestone
12:38:49 | INFO: Draco Decoder: Decode primitive Mobile_daguanyuan_gate_limestone
12:38:49 | INFO: Blender create Mesh node Mobile_daguanyuan_gate_paving
12:38:49 | INFO: Draco Decoder: Decode primitive Mobile_daguanyuan_gate_paving
12:38:49 | INFO: Blender create Mesh node r15_daguanyuan_gate_cutstone.001
12:38:49 | INFO: Draco Decoder: Decode primitive r15_daguanyuan_gate_cutstone.001
12:38:49 | INFO: Blender create Mesh node r15_daguanyuan_gate_darkwood.001
12:38:49 | INFO: Draco Decoder: Decode primitive r15_daguanyuan_gate_darkwood.001
12:38:49 | INFO: Blender create Mesh node r15_daguanyuan_gate_furniture.001
12:38:49 | INFO: Draco Decoder: Decode primitive r15_daguanyuan_gate_furniture.001
12:38:49 | INFO: Blender create Mesh node r15_daguanyuan_gate_gold.001
12:38:49 | INFO: Draco Decoder: Decode primitive r15_daguanyuan_gate_gold.001
12:38:49 | INFO: Blender create Mesh node r15_daguanyuan_gate_latticewood.001
12:38:49 | INFO: Draco Decoder: Decode primitive r15_daguanyuan_gate_latticewood.001
12:38:49 | INFO: Blender create Mesh node r15_daguanyuan_gate_plaster.002
12:38:49 | INFO: Draco Decoder: Decode primitive r15_daguanyuan_gate_plaster.002
12:38:49 | INFO: Blender create Mesh node r15_daguanyuan_gate_plaster.003
12:38:49 | INFO: Draco Decoder: Decode primitive r15_daguanyuan_gate_plaster.003
12:38:49 | INFO: Blender create Mesh node r15_daguanyuan_gate_qing_azurite.001
12:38:49 | INFO: Draco Decoder: Decode primitive r15_daguanyuan_gate_qing_azurite.001
12:38:49 | INFO: Blender create Mesh node r15_daguanyuan_gate_roof.001
12:38:49 | INFO: Draco Decoder: Decode primitive r15_daguanyuan_gate_roof.001
12:38:49 | INFO: Blender create Mesh node r15_daguanyuan_gate_screen.002
12:38:49 | INFO: Draco Decoder: Decode primitive r15_daguanyuan_gate_screen.002
12:38:49 | INFO: Blender create Mesh node r15_daguanyuan_gate_screen.003
12:38:49 | INFO: Draco Decoder: Decode primitive r15_daguanyuan_gate_screen.003
12:38:49 | INFO: Blender create Mesh node r15_daguanyuan_gate_stone.001
12:38:49 | INFO: Draco Decoder: Decode primitive r15_daguanyuan_gate_stone.001
12:38:49 | INFO: Blender create Mesh node r15_daguanyuan_gate_tile.001
12:38:49 | INFO: Draco Decoder: Decode primitive r15_daguanyuan_gate_tile.001
12:38:49 | INFO: Blender create Mesh node r15_daguanyuan_gate_tiledark.001
12:38:49 | INFO: Draco Decoder: Decode primitive r15_daguanyuan_gate_tiledark.001
12:38:49 | INFO: Blender create Mesh node r15_daguanyuan_gate_tilelight.001
12:38:49 | INFO: Draco Decoder: Decode primitive r15_daguanyuan_gate_tilelight.001
12:38:49 | INFO: Blender create Mesh node r15_daguanyuan_gate_wood.002
12:38:49 | INFO: Draco Decoder: Decode primitive r15_daguanyuan_gate_wood.002
12:38:49 | INFO: Blender create Mesh node r15_daguanyuan_gate_wood.003
12:38:49 | INFO: Draco Decoder: Decode primitive r15_daguanyuan_gate_wood.003
12:38:49 | INFO: Blender create Mesh node Mobile_qujingtongyou_gardenstone
12:38:49 | INFO: Draco Decoder: Decode primitive Mobile_qujingtongyou_gardenstone
12:38:49 | INFO: Blender create Mesh node Mobile_qujingtongyou_limestone
12:38:49 | INFO: Draco Decoder: Decode primitive Mobile_qujingtongyou_limestone
12:38:49 | INFO: Blender create Mesh node Mobile_qujingtongyou_plants
12:38:49 | INFO: Draco Decoder: Decode primitive Mobile_qujingtongyou_plants
12:38:49 | INFO: Blender create Mesh node Mobile_xiaoxiangguan_bankstone
12:38:49 | INFO: Draco Decoder: Decode primitive Mobile_xiaoxiangguan_bankstone
12:38:49 | INFO: Blender create Mesh node Mobile_xiaoxiangguan_floorwood
12:38:49 | INFO: Draco Decoder: Decode primitive Mobile_xiaoxiangguan_floorwood
12:38:49 | INFO: Blender create Mesh node Mobile_xiaoxiangguan_paving
12:38:49 | INFO: Draco Decoder: Decode primitive Mobile_xiaoxiangguan_paving
12:38:49 | INFO: Blender create Mesh node Mobile_xiaoxiangguan_botanical_bamboo
12:38:49 | INFO: Draco Decoder: Decode primitive Mobile_xiaoxiangguan_botanical_bamboo
12:38:49 | INFO: Blender create Mesh node Mobile_xiaoxiangguan_botanical_banana
12:38:49 | INFO: Draco Decoder: Decode primitive Mobile_xiaoxiangguan_botanical_banana
12:38:49 | INFO: Blender create Mesh node Mobile_xiaoxiangguan_botanical_litter
12:38:49 | INFO: Draco Decoder: Decode primitive Mobile_xiaoxiangguan_botanical_litter
12:38:49 | INFO: Blender create Mesh node Mobile_xiaoxiangguan_botanical_petal
12:38:49 | INFO: Draco Decoder: Decode primitive Mobile_xiaoxiangguan_botanical_petal
12:38:49 | INFO: Blender create Mesh node Mobile_xiaoxiangguan_plants
12:38:49 | INFO: Draco Decoder: Decode primitive Mobile_xiaoxiangguan_plants
12:38:49 | INFO: Blender create Mesh node r15_xiaoxiangguan_bookcloth.001
12:38:49 | INFO: Draco Decoder: Decode primitive r15_xiaoxiangguan_bookcloth.001
12:38:49 | INFO: Blender create Mesh node r15_xiaoxiangguan_bookcover.001
12:38:49 | INFO: Draco Decoder: Decode primitive r15_xiaoxiangguan_bookcover.001
12:38:49 | INFO: Blender create Mesh node r15_xiaoxiangguan_ceramic.001
12:38:49 | INFO: Draco Decoder: Decode primitive r15_xiaoxiangguan_ceramic.001
12:38:49 | INFO: Blender create Mesh node r15_xiaoxiangguan_cutstone.001
12:38:49 | INFO: Draco Decoder: Decode primitive r15_xiaoxiangguan_cutstone.001
12:38:49 | INFO: Blender create Mesh node r15_xiaoxiangguan_darkwood.001
12:38:49 | INFO: Draco Decoder: Decode primitive r15_xiaoxiangguan_darkwood.001
12:38:49 | INFO: Blender create Mesh node r15_xiaoxiangguan_furniture.001
12:38:49 | INFO: Draco Decoder: Decode primitive r15_xiaoxiangguan_furniture.001
12:38:49 | INFO: Blender create Mesh node r15_xiaoxiangguan_gold.002
12:38:49 | INFO: Draco Decoder: Decode primitive r15_xiaoxiangguan_gold.002
12:38:49 | INFO: Blender create Mesh node r15_xiaoxiangguan_gold.003
12:38:49 | INFO: Draco Decoder: Decode primitive r15_xiaoxiangguan_gold.003
12:38:49 | INFO: Blender create Mesh node r15_xiaoxiangguan_ink.001
12:38:49 | INFO: Draco Decoder: Decode primitive r15_xiaoxiangguan_ink.001
12:38:49 | INFO: Blender create Mesh node r15_xiaoxiangguan_ivory.001
12:38:49 | INFO: Draco Decoder: Decode primitive r15_xiaoxiangguan_ivory.001
12:38:49 | INFO: Blender create Mesh node r15_xiaoxiangguan_lantern.001
12:38:49 | INFO: Draco Decoder: Decode primitive r15_xiaoxiangguan_lantern.001
12:38:49 | INFO: Blender create Mesh node r15_xiaoxiangguan_latticewood.001
12:38:49 | INFO: Draco Decoder: Decode primitive r15_xiaoxiangguan_latticewood.001
12:38:49 | INFO: Blender create Mesh node r15_xiaoxiangguan_paper.001
12:38:49 | INFO: Draco Decoder: Decode primitive r15_xiaoxiangguan_paper.001
12:38:49 | INFO: Blender create Mesh node r15_xiaoxiangguan_plaster.003
12:38:49 | INFO: Draco Decoder: Decode primitive r15_xiaoxiangguan_plaster.003
12:38:49 | INFO: Blender create Mesh node r15_xiaoxiangguan_plaster.004
12:38:49 | INFO: Draco Decoder: Decode primitive r15_xiaoxiangguan_plaster.004
12:38:49 | INFO: Blender create Mesh node r15_xiaoxiangguan_plaster.005
12:38:49 | INFO: Draco Decoder: Decode primitive r15_xiaoxiangguan_plaster.005
12:38:49 | INFO: Blender create Mesh node r15_xiaoxiangguan_qing_jade.001
12:38:49 | INFO: Draco Decoder: Decode primitive r15_xiaoxiangguan_qing_jade.001
12:38:49 | INFO: Blender create Mesh node r15_xiaoxiangguan_roof.001
12:38:49 | INFO: Draco Decoder: Decode primitive r15_xiaoxiangguan_roof.001
12:38:49 | INFO: Blender create Mesh node r15_xiaoxiangguan_screen.001
12:38:49 | INFO: Draco Decoder: Decode primitive r15_xiaoxiangguan_screen.001
12:38:49 | INFO: Blender create Mesh node r15_xiaoxiangguan_silk.001
12:38:49 | INFO: Draco Decoder: Decode primitive r15_xiaoxiangguan_silk.001
12:38:49 | INFO: Blender create Mesh node r15_xiaoxiangguan_stone.001
12:38:49 | INFO: Draco Decoder: Decode primitive r15_xiaoxiangguan_stone.001
12:38:49 | INFO: Blender create Mesh node r15_xiaoxiangguan_tile.001
12:38:49 | INFO: Draco Decoder: Decode primitive r15_xiaoxiangguan_tile.001
12:38:49 | INFO: Blender create Mesh node r15_xiaoxiangguan_tiledark.001
12:38:49 | INFO: Draco Decoder: Decode primitive r15_xiaoxiangguan_tiledark.001
12:38:49 | INFO: Blender create Mesh node r15_xiaoxiangguan_tilelight.001
12:38:49 | INFO: Draco Decoder: Decode primitive r15_xiaoxiangguan_tilelight.001
12:38:49 | INFO: Blender create Mesh node r15_xiaoxiangguan_wood.002
12:38:49 | INFO: Draco Decoder: Decode primitive r15_xiaoxiangguan_wood.002
12:38:49 | INFO: Blender create Mesh node r15_xiaoxiangguan_wood.003
12:38:49 | INFO: Draco Decoder: Decode primitive r15_xiaoxiangguan_wood.003
12:38:49 | INFO: Blender create Mesh node Mobile_yihongyuan_courtbase
12:38:49 | INFO: Draco Decoder: Decode primitive Mobile_yihongyuan_courtbase
12:38:49 | INFO: Blender create Mesh node Mobile_yihongyuan_floorwood
12:38:49 | INFO: Draco Decoder: Decode primitive Mobile_yihongyuan_floorwood
12:38:49 | INFO: Blender create Mesh node Mobile_yihongyuan_gardenstone
12:38:49 | INFO: Draco Decoder: Decode primitive Mobile_yihongyuan_gardenstone
12:38:49 | INFO: Blender create Mesh node Mobile_yihongyuan_limestone
12:38:49 | INFO: Draco Decoder: Decode primitive Mobile_yihongyuan_limestone
12:38:49 | INFO: Blender create Mesh node Mobile_yihongyuan_paving
12:38:49 | INFO: Draco Decoder: Decode primitive Mobile_yihongyuan_paving
12:38:49 | INFO: Blender create Mesh node Mobile_yihongyuan_botanical_bamboo
12:38:49 | INFO: Draco Decoder: Decode primitive Mobile_yihongyuan_botanical_bamboo
12:38:49 | INFO: Blender create Mesh node Mobile_yihongyuan_botanical_banana
12:38:49 | INFO: Draco Decoder: Decode primitive Mobile_yihongyuan_botanical_banana
12:38:49 | INFO: Blender create Mesh node Mobile_yihongyuan_botanical_litter
12:38:49 | INFO: Draco Decoder: Decode primitive Mobile_yihongyuan_botanical_litter
12:38:49 | INFO: Blender create Mesh node Mobile_yihongyuan_botanical_petal
12:38:49 | INFO: Draco Decoder: Decode primitive Mobile_yihongyuan_botanical_petal
12:38:49 | INFO: Blender create Mesh node Mobile_yihongyuan_plants
12:38:49 | INFO: Draco Decoder: Decode primitive Mobile_yihongyuan_plants
12:38:49 | INFO: Blender create Mesh node r15_yihongyuan_bookcloth.001
12:38:50 | INFO: Draco Decoder: Decode primitive r15_yihongyuan_bookcloth.001
12:38:50 | INFO: Blender create Mesh node r15_yihongyuan_bookcover.001
12:38:50 | INFO: Draco Decoder: Decode primitive r15_yihongyuan_bookcover.001
12:38:50 | INFO: Blender create Mesh node r15_yihongyuan_ceramic.001
12:38:50 | INFO: Draco Decoder: Decode primitive r15_yihongyuan_ceramic.001
12:38:50 | INFO: Blender create Mesh node r15_yihongyuan_cutstone.001
12:38:50 | INFO: Draco Decoder: Decode primitive r15_yihongyuan_cutstone.001
12:38:50 | INFO: Blender create Mesh node r15_yihongyuan_darkwood.001
12:38:50 | INFO: Draco Decoder: Decode primitive r15_yihongyuan_darkwood.001
12:38:50 | INFO: Blender create Mesh node r15_yihongyuan_furniture.001
12:38:50 | INFO: Draco Decoder: Decode primitive r15_yihongyuan_furniture.001
12:38:50 | INFO: Blender create Mesh node r15_yihongyuan_gold.002
12:38:50 | INFO: Draco Decoder: Decode primitive r15_yihongyuan_gold.002
12:38:50 | INFO: Blender create Mesh node r15_yihongyuan_gold.003
12:38:50 | INFO: Draco Decoder: Decode primitive r15_yihongyuan_gold.003
12:38:50 | INFO: Blender create Mesh node r15_yihongyuan_ink.001
12:38:50 | INFO: Draco Decoder: Decode primitive r15_yihongyuan_ink.001
12:38:50 | INFO: Blender create Mesh node r15_yihongyuan_ivory.001
12:38:50 | INFO: Draco Decoder: Decode primitive r15_yihongyuan_ivory.001
12:38:50 | INFO: Blender create Mesh node r15_yihongyuan_lantern.001
12:38:50 | INFO: Draco Decoder: Decode primitive r15_yihongyuan_lantern.001
12:38:50 | INFO: Blender create Mesh node r15_yihongyuan_latticewood.001
12:38:50 | INFO: Draco Decoder: Decode primitive r15_yihongyuan_latticewood.001
12:38:50 | INFO: Blender create Mesh node r15_yihongyuan_paper.001
12:38:50 | INFO: Draco Decoder: Decode primitive r15_yihongyuan_paper.001
Blender 4.5.9 LTS (hash 8bf95cbd38d1 built 2026-04-21 01:33:45)
Read blend: "D:\Users\Lenovo\Desktop\大观园\blender\daguanyuan_master.blend"
DracoDecoder | Decoded 1508 vertices, 2262 indices
DracoDecoder | Decoded 183 vertices, 183 indices
DracoDecoder | Decoded 4 vertices, 6 indices
DracoDecoder | Decoded 876 vertices, 1248 indices
DracoDecoder | Decoded 684 vertices, 888 indices
DracoDecoder | Decoded 376 vertices, 516 indices
DracoDecoder | Decoded 12816 vertices, 19344 indices
DracoDecoder | Decoded 1860 vertices, 1860 indices
DracoDecoder | Decoded 96 vertices, 132 indices
DracoDecoder | Decoded 4416 vertices, 6072 indices
DracoDecoder | Decoded 48 vertices, 72 indices
DracoDecoder | Decoded 238 vertices, 354 indices
DracoDecoder | Decoded 384 vertices, 576 indices
DracoDecoder | Decoded 240 vertices, 360 indices
DracoDecoder | Decoded 1272 vertices, 1836 indices
DracoDecoder | Decoded 11495 vertices, 11739 indices
DracoDecoder | Decoded 2396 vertices, 2502 indices
DracoDecoder | Decoded 750 vertices, 750 indices
DracoDecoder | Decoded 9600 vertices, 12714 indices
DracoDecoder | Decoded 11136 vertices, 15312 indices
DracoDecoder | Decoded 2190 vertices, 8301 indices
DracoDecoder | Decoded 273 vertices, 273 indices
DracoDecoder | Decoded 486 vertices, 486 indices
DracoDecoder | Decoded 744 vertices, 744 indices
DracoDecoder | Decoded 1152 vertices, 1728 indices
DracoDecoder | Decoded 18 vertices, 30 indices
DracoDecoder | Decoded 4323 vertices, 4323 indices
DracoDecoder | Decoded 44 vertices, 78 indices
DracoDecoder | Decoded 108 vertices, 108 indices
DracoDecoder | Decoded 186 vertices, 186 indices
DracoDecoder | Decoded 1360 vertices, 1386 indices
DracoDecoder | Decoded 256 vertices, 282 indices
DracoDecoder | Decoded 768 vertices, 1152 indices
DracoDecoder | Decoded 213 vertices, 225 indices
DracoDecoder | Decoded 1294 vertices, 1812 indices
DracoDecoder | Decoded 1266 vertices, 1680 indices
DracoDecoder | Decoded 370 vertices, 474 indices
DracoDecoder | Decoded 12912 vertices, 19488 indices
DracoDecoder | Decoded 864 vertices, 1440 indices
DracoDecoder | Decoded 924 vertices, 924 indices
DracoDecoder | Decoded 1062 vertices, 1062 indices
DracoDecoder | Decoded 320 vertices, 480 indices
DracoDecoder | Decoded 666 vertices, 666 indices
DracoDecoder | Decoded 360 vertices, 360 indices
DracoDecoder | Decoded 192 vertices, 264 indices
DracoDecoder | Decoded 5952 vertices, 8184 indices
DracoDecoder | Decoded 5472 vertices, 7524 indices
DracoDecoder | Decoded 96 vertices, 144 indices
DracoDecoder | Decoded 736 vertices, 1092 indices
DracoDecoder | Decoded 336 vertices, 504 indices
DracoDecoder | Decoded 24 vertices, 36 indices
DracoDecoder | Decoded 307 vertices, 507 indices
DracoDecoder | Decoded 16262 vertices, 16578 indices
DracoDecoder | Decoded 6026 vertices, 6384 indices
DracoDecoder | Decoded 999 vertices, 1035 indices
DracoDecoder | Decoded 14592 vertices, 20064 indices
DracoDecoder | Decoded 9612 vertices, 12864 indices
DracoDecoder | Decoded 4 vertices, 6 indices
DracoDecoder | Decoded 1440 vertices, 2160 indices
DracoDecoder | Decoded 2227 vertices, 8310 indices
DracoDecoder | Decoded 366 vertices, 366 indices
DracoDecoder | Decoded 410 vertices, 618 indices
DracoDecoder | Decoded 357 vertices, 357 indices
DracoDecoder | Decoded 131 vertices, 237 indices
DracoDecoder | Decoded 58 vertices, 60 indices
DracoDecoder | Decoded 186 vertices, 186 indices
DracoDecoder | Decoded 1722 vertices, 1788 indices
DracoDecoder | Decoded 528 vertices, 792 indices
DracoDecoder | Decoded 48 vertices, 72 indices
DracoDecoder | Decoded 560 vertices, 924 indices
DracoDecoder | Decoded 982 vertices, 1356 indices
DracoDecoder | Decoded 1014 vertices, 1308 indices
DracoDecoder | Decoded 250 vertices, 300 indices
DracoDecoder | Decoded 12816 vertices, 19344 indices
DracoDecoder | Decoded 720 vertices, 1176 indices
DracoDecoder | Decoded 752 vertices, 1152 indices
DracoDecoder | Decoded 312 vertices, 468 indices
DracoDecoder | Decoded 320 vertices, 480 indices
DracoDecoder | Decoded 3300 vertices, 3300 indices
DracoDecoder | Decode12:38:50 | INFO: Blender create Mesh node r15_yihongyuan_plaster.003
12:38:50 | INFO: Draco Decoder: Decode primitive r15_yihongyuan_plaster.003
12:38:50 | INFO: Blender create Mesh node r15_yihongyuan_plaster.004
12:38:50 | INFO: Draco Decoder: Decode primitive r15_yihongyuan_plaster.004
12:38:50 | INFO: Blender create Mesh node r15_yihongyuan_plaster.005
12:38:50 | INFO: Draco Decoder: Decode primitive r15_yihongyuan_plaster.005
12:38:50 | INFO: Blender create Mesh node r15_yihongyuan_qing_azurite.001
12:38:50 | INFO: Draco Decoder: Decode primitive r15_yihongyuan_qing_azurite.001
12:38:50 | INFO: Blender create Mesh node r15_yihongyuan_roof.001
12:38:50 | INFO: Draco Decoder: Decode primitive r15_yihongyuan_roof.001
12:38:50 | INFO: Blender create Mesh node r15_yihongyuan_screen.002
12:38:50 | INFO: Draco Decoder: Decode primitive r15_yihongyuan_screen.002
12:38:50 | INFO: Blender create Mesh node r15_yihongyuan_screen.003
12:38:50 | INFO: Draco Decoder: Decode primitive r15_yihongyuan_screen.003
12:38:50 | INFO: Blender create Mesh node r15_yihongyuan_silk.001
12:38:50 | INFO: Draco Decoder: Decode primitive r15_yihongyuan_silk.001
12:38:50 | INFO: Blender create Mesh node r15_yihongyuan_stone.001
12:38:50 | INFO: Draco Decoder: Decode primitive r15_yihongyuan_stone.001
12:38:50 | INFO: Blender create Mesh node r15_yihongyuan_tile.001
12:38:50 | INFO: Draco Decoder: Decode primitive r15_yihongyuan_tile.001
12:38:50 | INFO: Blender create Mesh node r15_yihongyuan_tiledark.001
12:38:50 | INFO: Draco Decoder: Decode primitive r15_yihongyuan_tiledark.001
12:38:50 | INFO: Blender create Mesh node r15_yihongyuan_tilelight.001
12:38:50 | INFO: Draco Decoder: Decode primitive r15_yihongyuan_tilelight.001
12:38:50 | INFO: Blender create Mesh node r15_yihongyuan_wood.002
12:38:50 | INFO: Draco Decoder: Decode primitive r15_yihongyuan_wood.002
12:38:50 | INFO: Blender create Mesh node r15_yihongyuan_wood.003
12:38:50 | INFO: Draco Decoder: Decode primitive r15_yihongyuan_wood.003
12:38:50 | INFO: Blender create Mesh node Mobile_hengwuyuan_courtbase
12:38:50 | INFO: Draco Decoder: Decode primitive Mobile_hengwuyuan_courtbase
12:38:50 | INFO: Blender create Mesh node Mobile_hengwuyuan_floorwood
12:38:50 | INFO: Draco Decoder: Decode primitive Mobile_hengwuyuan_floorwood
12:38:50 | INFO: Blender create Mesh node Mobile_hengwuyuan_gardenstone
12:38:50 | INFO: Draco Decoder: Decode primitive Mobile_hengwuyuan_gardenstone
12:38:50 | INFO: Blender create Mesh node Mobile_hengwuyuan_limestone
12:38:50 | INFO: Draco Decoder: Decode primitive Mobile_hengwuyuan_limestone
12:38:50 | INFO: Blender create Mesh node Mobile_hengwuyuan_paving
12:38:50 | INFO: Draco Decoder: Decode primitive Mobile_hengwuyuan_paving
12:38:50 | INFO: Blender create Mesh node Mobile_hengwuyuan_botanical_bamboo
12:38:50 | INFO: Draco Decoder: Decode primitive Mobile_hengwuyuan_botanical_bamboo
12:38:50 | INFO: Blender create Mesh node Mobile_hengwuyuan_botanical_litter
12:38:50 | INFO: Draco Decoder: Decode primitive Mobile_hengwuyuan_botanical_litter
12:38:50 | INFO: Blender create Mesh node Mobile_hengwuyuan_plants
12:38:50 | INFO: Draco Decoder: Decode primitive Mobile_hengwuyuan_plants
12:38:50 | INFO: Blender create Mesh node r15_hengwuyuan_bookcloth.001
12:38:50 | INFO: Draco Decoder: Decode primitive r15_hengwuyuan_bookcloth.001
12:38:50 | INFO: Blender create Mesh node r15_hengwuyuan_bookcover.001
12:38:50 | INFO: Draco Decoder: Decode primitive r15_hengwuyuan_bookcover.001
12:38:50 | INFO: Blender create Mesh node r15_hengwuyuan_ceramic.001
12:38:50 | INFO: Draco Decoder: Decode primitive r15_hengwuyuan_ceramic.001
12:38:50 | INFO: Blender create Mesh node r15_hengwuyuan_clay.001
12:38:50 | INFO: Draco Decoder: Decode primitive r15_hengwuyuan_clay.001
12:38:50 | INFO: Blender create Mesh node r15_hengwuyuan_cutstone.001
12:38:50 | INFO: Draco Decoder: Decode primitive r15_hengwuyuan_cutstone.001
12:38:50 | INFO: Blender create Mesh node r15_hengwuyuan_darkwood.001
12:38:50 | INFO: Draco Decoder: Decode primitive r15_hengwuyuan_darkwood.001
12:38:50 | INFO: Blender create Mesh node r15_hengwuyuan_furniture.001
12:38:50 | INFO: Draco Decoder: Decode primitive r15_hengwuyuan_furniture.001
12:38:50 | INFO: Blender create Mesh node r15_hengwuyuan_gold.002
12:38:50 | INFO: Draco Decoder: Decode primitive r15_hengwuyuan_gold.002
12:38:50 | INFO: Blender create Mesh node r15_hengwuyuan_gold.003
12:38:50 | INFO: Draco Decoder: Decode primitive r15_hengwuyuan_gold.003
12:38:50 | INFO: Blender create Mesh node r15_hengwuyuan_ink.001
12:38:50 | INFO: Draco Decoder: Decode primitive r15_hengwuyuan_ink.001
12:38:50 | INFO: Blender create Mesh node r15_hengwuyuan_ivory.001
12:38:50 | INFO: Draco Decoder: Decode primitive r15_hengwuyuan_ivory.001
12:38:50 | INFO: Blender create Mesh node r15_hengwuyuan_lantern.001
12:38:50 | INFO: Draco Decoder: Decode primitive r15_hengwuyuan_lantern.001
12:38:50 | INFO: Blender create Mesh node r15_hengwuyuan_latticewood.001
12:38:50 | INFO: Draco Decoder: Decode primitive r15_hengwuyuan_latticewood.001
12:38:50 | INFO: Blender create Mesh node r15_hengwuyuan_paper.001
12:38:50 | INFO: Draco Decoder: Decode primitive r15_hengwuyuan_paper.001
12:38:50 | INFO: Blender create Mesh node r15_hengwuyuan_plaster.003
12:38:50 | INFO: Draco Decoder: Decode primitive r15_hengwuyuan_plaster.003
12:38:50 | INFO: Blender create Mesh node r15_hengwuyuan_plaster.004
12:38:50 | INFO: Draco Decoder: Decode primitive r15_hengwuyuan_plaster.004
12:38:50 | INFO: Blender create Mesh node r15_hengwuyuan_plaster.005
12:38:50 | INFO: Draco Decoder: Decode primitive r15_hengwuyuan_plaster.005
12:38:50 | INFO: Blender create Mesh node r15_hengwuyuan_qing_jade.001
12:38:50 | INFO: Draco Decoder: Decode primitive r15_hengwuyuan_qing_jade.001
12:38:50 | INFO: Blender create Mesh node r15_hengwuyuan_roof.001
12:38:50 | INFO: Draco Decoder: Decode primitive r15_hengwuyuan_roof.001
12:38:50 | INFO: Blender create Mesh node r15_hengwuyuan_screen.002
12:38:50 | INFO: Draco Decoder: Decode primitive r15_hengwuyuan_screen.002
12:38:50 | INFO: Blender create Mesh node r15_hengwuyuan_screen.003
12:38:50 | INFO: Draco Decoder: Decode primitive r15_hengwuyuan_screen.003
12:38:50 | INFO: Blender create Mesh node r15_hengwuyuan_stone.001
12:38:50 | INFO: Draco Decoder: Decode primitive r15_hengwuyuan_stone.001
12:38:50 | INFO: Blender create Mesh node r15_hengwuyuan_tile.001
12:38:50 | INFO: Draco Decoder: Decode primitive r15_hengwuyuan_tile.001
12:38:50 | INFO: Blender create Mesh node r15_hengwuyuan_tiledark.001
12:38:50 | INFO: Draco Decoder: Decode primitive r15_hengwuyuan_tiledark.001
12:38:50 | INFO: Blender create Mesh node r15_hengwuyuan_tilelight.001
12:38:50 | INFO: Draco Decoder: Decode primitive r15_hengwuyuan_tilelight.001
12:38:50 | INFO: Blender create Mesh node r15_hengwuyuan_wood.002
12:38:50 | INFO: Draco Decoder: Decode primitive r15_hengwuyuan_wood.002
12:38:50 | INFO: Blender create Mesh node r15_hengwuyuan_wood.003
12:38:50 | INFO: Draco Decoder: Decode primitive r15_hengwuyuan_wood.003
12:38:50 | INFO: Blender create Mesh node Mobile_qiushuangzhai_courtbase
12:38:50 | INFO: Draco Decoder: Decode primitive Mobile_qiushuangzhai_courtbase
12:38:50 | INFO: Blender create Mesh node Mobile_qiushuangzhai_floorwood
12:38:50 | INFO: Draco Decoder: Decode primitive Mobile_qiushuangzhai_floorwood
12:38:50 | INFO: Blender create Mesh node Mobile_qiushuangzhai_paving
12:38:50 | INFO: Draco Decoder: Decode primitive Mobile_qiushuangzhai_paving
12:38:50 | INFO: Blender create Mesh node Mobile_qiushuangzhai_botanical_bamboo
12:38:50 | INFO: Draco Decoder: Decode primitive Mobile_qiushuangzhai_botanical_bamboo
12:38:50 | INFO: Blender create Mesh node Mobile_qiushuangzhai_botanical_litter
12:38:50 | INFO: Draco Decoder: Decode primitive Mobile_qiushuangzhai_botanical_litter
12:38:50 | INFO: Blender create Mesh node Mobile_qiushuangzhai_plants
12:38:50 | INFO: Draco Decoder: Decode primitive Mobile_qiushuangzhai_plants
12:38:50 | INFO: Blender create Mesh node r15_qiushuangzhai_bookcloth.001
12:38:50 | INFO: Draco Decoder: Decode primitive r15_qiushuangzhai_bookcloth.001
12:38:50 | INFO: Blender create Mesh node r15_qiushuangzhai_bookcover.001
12:38:50 | INFO: Draco Decoder: Decode primitive r15_qiushuangzhai_bookcover.001
12:38:50 | INFO: Blender create Mesh node r15_qiushuangzhai_ceramic.001
12:38:50 | INFO: Draco Decoder: Decode primitive r15_qiushuangzhai_ceramic.001
12:38:50 | INFO: Blender create Mesh node r15_qiushuangzhai_cutstone.001
12:38:50 | INFO: Draco Decoder: Decode primitive r15_qiushuangzhai_cutstone.001
12:38:50 | INFO: Blender create Mesh node r15_qiushuangzhai_darkwood.001
12:38:50 | INFO: Draco Decoder: Decode primitive r15_qiushuangzhai_darkwood.001
12:38:50 | INFO: Blender create Mesh node r15_qiushuangzhai_furniture.001
12:38:50 | INFO: Draco Decoder: Decode primitive r15_qiushuangzhai_furniture.001
12:38:50 | INFO: Blender create Mesh node r15_qiushuangzhai_gold.002
12:38:50 | INFO: Draco Decoder: Decode primitive r15_qiushuangzhai_gold.002
12:38:50 | INFO: Blender create Mesh node r15_qiushuangzhai_gold.003
12:38:50 | INFO: Draco Decoder: Decode primitive r15_qiushuangzhai_gold.003
12:38:50 | INFO: Blender create Mesh node r15_qiushuangzhai_ink.001
12:38:50 | INFO: Draco Decoder: Decode primitive r15_qiushuangzhai_ink.001
12:38:50 | INFO: Blender create Mesh node r15_qiushuangzhai_ivory.001
12:38:50 | INFO: Draco Decoder: Decode primitive r15_qiushuangzhai_ivory.001
12:38:50 | INFO: Blender create Mesh node r15_qiushuangzhai_lantern.001
12:38:50 | INFO: Draco Decoder: Decode primitive r15_qiushuangzhai_lantern.001
12:38:50 | INFO: Blender create Mesh node r15_qiushuangzhai_latticewood.001
12:38:50 | INFO: Draco Decoder: Decode primitive r15_qiushuangzhai_latticewood.001
12:38:50 | INFO: Blender create Mesh node r15_qiushuangzhai_marble.001
12:38:50 | INFO: Draco Decoder: Decode primitive r15_qiushuangzhai_marble.001
12:38:50 | INFO: Blender create Mesh node r15_qiushuangzhai_paper.001
12:38:50 | INFO: Draco Decoder: Decode primitive r15_qiushuangzhai_paper.001
12:38:50 | INFO: Blender create Mesh node r15_qiushuangzhai_plaster.003
12:38:50 | INFO: Draco Decoder: Decode primitive r15_qiushuangzhai_plaster.003
12:38:50 | INFO: Blender create Mesh node r15_qiushuangzhai_plaster.004
12:38:50 | INFO: Draco Decoder: Decode primitive r15_qiushuangzhai_plaster.004
12:38:50 | INFO: Blender create Mesh node r15_qiushuangzhai_plaster.005
12:38:50 | INFO: Draco Decoder: Decode primitive r15_qiushuangzhai_plaster.005
12:38:50 | INFO: Blender create Mesh node r15_qiushuangzhai_qing_azurite.001
12:38:50 | INFO: Draco Decoder: Decode primitive r15_qiushuangzhai_qing_azurite.001
12:38:50 | INFO: Blender create Mesh node r15_qiushuangzhai_roof.001
12:38:50 | INFO: Draco Decoder: Decode primitive r15_qiushuangzhai_roof.001
12:38:50 | INFO: Blender create Mesh node r15_qiushuangzhai_screen.002
12:38:50 | INFO: Draco Decoder: Decode primitive r15_qiushuangzhai_screen.002
12:38:50 | INFO: Blender create Mesh node r15_qiushuangzhai_screen.003
12:38:50 | INFO: Draco Decoder: Decode primitive r15_qiushuangzhai_screen.003
12:38:50 | INFO: Blender create Mesh node r15_qiushuangzhai_silk.001
12:38:50 | INFO: Draco Decoder: Decode primitive r15_qiushuangzhai_silk.001
12:38:50 | INFO: Blender create Mesh node r15_qiushuangzhai_stone.001
12:38:50 | INFO: Draco Decoder: Decode primitive r15_qiushuangzhai_stone.001
12:38:50 | INFO: Blender create Mesh node r15_qiushuangzhai_tile.001
12:38:50 | INFO: Draco Decoder: Decode primitive r15_qiushuangzhai_tile.001
12:38:50 | INFO: Blender create Mesh node r15_qiushuangzhai_tiledark.001
12:38:50 | INFO: Draco Decoder: Decode primitive r15_qiushuangzhai_tiledark.001
12:38:50 | INFO: Blender create Mesh node r15_qiushuangzhai_tilelight.001
12:38:50 | INFO: Draco Decoder: Decode primitive r15_qiushuangzhai_tilelight.001
12:38:50 | INFO: Blender create Mesh node r15_qiushuangzhai_wood.002
12:38:50 | INFO: Draco Decoder: Decode primitive r15_qiushuangzhai_wood.002
12:38:50 | INFO: Blender create Mesh node r15_qiushuangzhai_wood.003
12:38:50 | INFO: Draco Decoder: Decode primitive r15_qiushuangzhai_wood.003
d 340 vertices, 540 indices
DracoDecoder | Decoded 96 vertices, 132 indices
DracoDecoder | Decoded 5280 vertices, 7260 indices
DracoDecoder | Decoded 4800 vertices, 6600 indices
DracoDecoder | Decoded 48 vertices, 72 indices
DracoDecoder | Decoded 878 vertices, 1302 indices
DracoDecoder | Decoded 312 vertices, 468 indices
DracoDecoder | Decoded 120 vertices, 180 indices
DracoDecoder | Decoded 72 vertices, 108 indices
DracoDecoder | Decoded 350 vertices, 600 indices
DracoDecoder | Decoded 23237 vertices, 23697 indices
DracoDecoder | Decoded 8060 vertices, 8526 indices
DracoDecoder | Decoded 1728 vertices, 1752 indices
DracoDecoder | Decoded 13440 vertices, 18480 indices
DracoDecoder | Decoded 9178 vertices, 12192 indices
DracoDecoder | Decoded 8 vertices, 12 indices
DracoDecoder | Decoded 1648 vertices, 2472 indices
DracoDecoder | Decoded 2202 vertices, 8337 indices
DracoDecoder | Decoded 273 vertices, 273 indices
DracoDecoder | Decoded 254 vertices, 384 indices
DracoDecoder | Decoded 393 vertices, 393 indices
DracoDecoder | Decoded 82 vertices, 84 indices
DracoDecoder | Decoded 1547 vertices, 1713 indices
DracoDecoder | Decoded 528 vertices, 792 indices
DracoDecoder | Decoded 48 vertices, 72 indices
DracoDecoder | Decoded 560 vertices, 924 indices
DracoDecoder | Decoded 320 vertices, 480 indices
DracoDecoder | Decoded 1070 vertices, 1488 indices
DracoDecoder | Decoded 958 vertices, 1176 indices
DracoDecoder | Decoded 252 vertices, 300 indices
DracoDecoder | Decoded 720 vertices, 1176 indices
DracoDecoder | Decoded 12816 vertices, 19344 indices
DracoDecoder | Decoded 752 vertices, 1152 indices
DracoDecoder | Decoded 312 vertices, 468 indices
DracoDecoder | Decoded 320 vertices, 480 indices
DracoDecoder | Decoded 612 vertices, 612 indices
DracoDecoder | Decoded 340 vertices, 540 indices
DracoDecoder | Decoded 4800 vertices, 6600 indices
DracoDecoder | Decoded 96 vertices, 132 indices
DracoDecoder | Decoded 5280 vertices, 7260 indices
DracoDecoder | Decoded 48 vertices, 72 indices
DracoDecoder | Decoded 626 vertices, 930 indices
DracoDecoder | Decoded 24 vertices, 36 indices
DracoDecoder | Decoded 312 vertices, 468 indices
DracoDecoder | Decoded 350 vertices, 600 indices
DracoDecoder | Decoded 22283 vertices, 22755 indices
DracoDecoder | Decoded 6254 vertices, 6540 indices
DracoDecoder | Decoded 1524 vertices, 1572 indices
DracoDecoder | Decoded 9239 vertices, 12093 indices
DracoDecoder | Decoded 13440 vertices, 18480 indices
DracoDecoder | Decoded 4 vertices, 6 indices
DracoDecoder | Decoded 1784 vertices, 2676 indices
DracoDecoder | Decoded 594 vertices, 894 indices
DracoDecoder | Decoded 417 vertices, 417 indices
DracoDecoder | Decoded 84 vertices, 84 indices
DracoDecoder | Decoded 1577 vertices, 1707 indices
DracoDecoder | Decoded 434 vertices, 474 indices
DracoDecoder | Decoded 240 vertices, 360 indices
DracoDecoder | Decoded 535 vertices, 609 indices
DracoDecoder | Decoded 796 vertices, 1164 indices
DracoDecoder | Decoded 1676 vertices, 2028 indices
DracoDecoder | Decoded 1444 vertices, 1764 indices
DracoDecoder | Decoded 418 vertices, 426 indices
DracoDecoder | Decoded 7728 vertices, 11664 indices
DracoDecoder | Decoded 686 vertices, 690 indices
DracoDecoder | Decoded 390 vertices, 390 indices
DracoDecoder | Decoded 320 vertices, 480 indices
DracoDecoder | Decoded 1548 vertices, 1548 indices
DracoDecoder | Decoded 24 vertices, 36 indices
DracoDecoder | Decoded 286 vertices, 324 indices
DracoDecoder | Decoded 480 vertices, 660 indices
DracoDecoder | Decoded 96 vertices, 132 indices
DracoDecoder | Decoded 3744 vertices, 5148 indices
DracoDecoder | Decoded 48 vertices, 72 indices
DracoDecoder | Decoded 406 vertices, 606 indices
DracoDecoder | Decoded 192 vertices, 288 indices
DracoDecoder | Decoded 216 vertices, 324 indices
DracoDecoder | Decoded 24 vertices, 36 indices
DracoDecoder | Decoded 350 vertices, 600 indices
DracoDecoder | Decoded 15137 vertices, 15405 indices
DracoDecoder | Decoded 2366 vertices, 2502 indices
DracoDecoder | Decoded 856 vertices, 864 indices
DracoDecoder | Decoded 8349 vertices, 10326 indices
12:38:50 | INFO: Blender create Mesh node Mobile_daoxiangcun_paving
12:38:50 | INFO: Draco Decoder: Decode primitive Mobile_daoxiangcun_paving
12:38:50 | INFO: Blender create Mesh node Mobile_daoxiangcun_plants
12:38:50 | INFO: Draco Decoder: Decode primitive Mobile_daoxiangcun_plants
12:38:50 | INFO: Blender create Mesh node r15_daoxiangcun_clay.001
12:38:50 | INFO: Draco Decoder: Decode primitive r15_daoxiangcun_clay.001
12:38:50 | INFO: Blender create Mesh node r15_daoxiangcun_plaster.001
12:38:50 | INFO: Draco Decoder: Decode primitive r15_daoxiangcun_plaster.001
12:38:50 | INFO: Blender create Mesh node r15_daoxiangcun_qing_clay.001
12:38:50 | INFO: Draco Decoder: Decode primitive r15_daoxiangcun_qing_clay.001
12:38:50 | INFO: Blender create Mesh node r15_daoxiangcun_rusticwood.002
12:38:50 | INFO: Draco Decoder: Decode primitive r15_daoxiangcun_rusticwood.002
12:38:50 | INFO: Blender create Mesh node r15_daoxiangcun_rusticwood.003
12:38:50 | INFO: Draco Decoder: Decode primitive r15_daoxiangcun_rusticwood.003
12:38:50 | INFO: Blender create Mesh node r15_daoxiangcun_screen.002
12:38:50 | INFO: Draco Decoder: Decode primitive r15_daoxiangcun_screen.002
12:38:50 | INFO: Blender create Mesh node r15_daoxiangcun_screen.003
12:38:50 | INFO: Draco Decoder: Decode primitive r15_daoxiangcun_screen.003
12:38:50 | INFO: Blender create Mesh node r15_daoxiangcun_stone.001
12:38:50 | INFO: Draco Decoder: Decode primitive r15_daoxiangcun_stone.001
12:38:50 | INFO: Blender create Mesh node r15_daoxiangcun_thatch.001
12:38:50 | INFO: Draco Decoder: Decode primitive r15_daoxiangcun_thatch.001
12:38:50 | INFO: Blender create Mesh node Mobile_ouxiangxie_plants
12:38:50 | INFO: Draco Decoder: Decode primitive Mobile_ouxiangxie_plants
12:38:50 | INFO: Blender create Mesh node r15_ouxiangxie_bookcloth.001
12:38:50 | INFO: Draco Decoder: Decode primitive r15_ouxiangxie_bookcloth.001
12:38:50 | INFO: Blender create Mesh node r15_ouxiangxie_bookcover.001
12:38:50 | INFO: Draco Decoder: Decode primitive r15_ouxiangxie_bookcover.001
12:38:50 | INFO: Blender create Mesh node r15_ouxiangxie_ceramic.001
12:38:50 | INFO: Draco Decoder: Decode primitive r15_ouxiangxie_ceramic.001
12:38:50 | INFO: Blender create Mesh node r15_ouxiangxie_darkwood.001
12:38:50 | INFO: Draco Decoder: Decode primitive r15_ouxiangxie_darkwood.001
12:38:50 | INFO: Blender create Mesh node r15_ouxiangxie_furniture.001
12:38:50 | INFO: Draco Decoder: Decode primitive r15_ouxiangxie_furniture.001
12:38:50 | INFO: Blender create Mesh node r15_ouxiangxie_gold.002
12:38:50 | INFO: Draco Decoder: Decode primitive r15_ouxiangxie_gold.002
12:38:50 | INFO: Blender create Mesh node r15_ouxiangxie_gold.003
12:38:50 | INFO: Draco Decoder: Decode primitive r15_ouxiangxie_gold.003
12:38:50 | INFO: Blender create Mesh node r15_ouxiangxie_ink.001
12:38:50 | INFO: Draco Decoder: Decode primitive r15_ouxiangxie_ink.001
12:38:50 | INFO: Blender create Mesh node r15_ouxiangxie_ivory.001
12:38:50 | INFO: Draco Decoder: Decode primitive r15_ouxiangxie_ivory.001
12:38:50 | INFO: Blender create Mesh node r15_ouxiangxie_latticewood.001
12:38:50 | INFO: Draco Decoder: Decode primitive r15_ouxiangxie_latticewood.001
12:38:50 | INFO: Blender create Mesh node r15_ouxiangxie_paper.001
12:38:50 | INFO: Draco Decoder: Decode primitive r15_ouxiangxie_paper.001
12:38:50 | INFO: Blender create Mesh node r15_ouxiangxie_plaster.002
12:38:50 | INFO: Draco Decoder: Decode primitive r15_ouxiangxie_plaster.002
12:38:50 | INFO: Blender create Mesh node r15_ouxiangxie_plaster.003
12:38:50 | INFO: Draco Decoder: Decode primitive r15_ouxiangxie_plaster.003
12:38:50 | INFO: Blender create Mesh node r15_ouxiangxie_qing_azurite.001
12:38:50 | INFO: Draco Decoder: Decode primitive r15_ouxiangxie_qing_azurite.001
12:38:50 | INFO: Blender create Mesh node r15_ouxiangxie_roof.001
12:38:50 | INFO: Draco Decoder: Decode primitive r15_ouxiangxie_roof.001
12:38:50 | INFO: Blender create Mesh node r15_ouxiangxie_screen.002
12:38:50 | INFO: Draco Decoder: Decode primitive r15_ouxiangxie_screen.002
12:38:50 | INFO: Blender create Mesh node r15_ouxiangxie_screen.003
12:38:50 | INFO: Draco Decoder: Decode primitive r15_ouxiangxie_screen.003
12:38:50 | INFO: Blender create Mesh node r15_ouxiangxie_stone.001
12:38:50 | INFO: Draco Decoder: Decode primitive r15_ouxiangxie_stone.001
12:38:50 | INFO: Blender create Mesh node r15_ouxiangxie_tile.001
12:38:50 | INFO: Draco Decoder: Decode primitive r15_ouxiangxie_tile.001
12:38:50 | INFO: Blender create Mesh node r15_ouxiangxie_tiledark.001
12:38:50 | INFO: Draco Decoder: Decode primitive r15_ouxiangxie_tiledark.001
12:38:50 | INFO: Blender create Mesh node r15_ouxiangxie_tilelight.001
12:38:50 | INFO: Draco Decoder: Decode primitive r15_ouxiangxie_tilelight.001
12:38:50 | INFO: Blender create Mesh node r15_ouxiangxie_wood.002
12:38:50 | INFO: Draco Decoder: Decode primitive r15_ouxiangxie_wood.002
12:38:50 | INFO: Blender create Mesh node r15_ouxiangxie_wood.003
12:38:50 | INFO: Draco Decoder: Decode primitive r15_ouxiangxie_wood.003
12:38:50 | INFO: Blender create Mesh node r15_dicuiting_darkwood.001
12:38:50 | INFO: Draco Decoder: Decode primitive r15_dicuiting_darkwood.001
12:38:50 | INFO: Blender create Mesh node r15_dicuiting_gold.001
12:38:50 | INFO: Draco Decoder: Decode primitive r15_dicuiting_gold.001
12:38:50 | INFO: Blender create Mesh node r15_dicuiting_lantern.001
12:38:50 | INFO: Draco Decoder: Decode primitive r15_dicuiting_lantern.001
12:38:50 | INFO: Blender create Mesh node r15_dicuiting_roof.001
12:38:50 | INFO: Draco Decoder: Decode primitive r15_dicuiting_roof.001
12:38:50 | INFO: Blender create Mesh node r15_dicuiting_stone.001
12:38:50 | INFO: Draco Decoder: Decode primitive r15_dicuiting_stone.001
12:38:50 | INFO: Blender create Mesh node r15_dicuiting_tile.001
12:38:50 | INFO: Draco Decoder: Decode primitive r15_dicuiting_tile.001
12:38:50 | INFO: Blender create Mesh node r15_dicuiting_tiledark.001
12:38:50 | INFO: Draco Decoder: Decode primitive r15_dicuiting_tiledark.001
12:38:50 | INFO: Blender create Mesh node r15_dicuiting_tilelight.001
12:38:50 | INFO: Draco Decoder: Decode primitive r15_dicuiting_tilelight.001
12:38:50 | INFO: Blender create Mesh node r15_dicuiting_wood.001
12:38:50 | INFO: Draco Decoder: Decode primitive r15_dicuiting_wood.001
12:38:50 | INFO: Blender create Mesh node Mobile_luxuean_paving
12:38:50 | INFO: Draco Decoder: Decode primitive Mobile_luxuean_paving
12:38:50 | INFO: Blender create Mesh node Mobile_luxuean_plants
12:38:50 | INFO: Draco Decoder: Decode primitive Mobile_luxuean_plants
12:38:50 | INFO: Blender create Mesh node r15_luxuean_clay.001
12:38:50 | INFO: Draco Decoder: Decode primitive r15_luxuean_clay.001
12:38:50 | INFO: Blender create Mesh node r15_luxuean_plaster.001
12:38:50 | INFO: Draco Decoder: Decode primitive r15_luxuean_plaster.001
12:38:50 | INFO: Blender create Mesh node r15_luxuean_qing_clay.001
12:38:50 | INFO: Draco Decoder: Decode primitive r15_luxuean_qing_clay.001
12:38:50 | INFO: Blender create Mesh node r15_luxuean_rusticwood.002
12:38:50 | INFO: Draco Decoder: Decode primitive r15_luxuean_rusticwood.002
12:38:50 | INFO: Blender create Mesh node r15_luxuean_rusticwood.003
12:38:50 | INFO: Draco Decoder: Decode primitive r15_luxuean_rusticwood.003
12:38:50 | INFO: Blender create Mesh node r15_luxuean_screen.001
12:38:50 | INFO: Draco Decoder: Decode primitive r15_luxuean_screen.001
12:38:50 | INFO: Blender create Mesh node r15_luxuean_stone.001
12:38:50 | INFO: Draco Decoder: Decode primitive r15_luxuean_stone.001
12:38:50 | INFO: Blender create Mesh node r15_luxuean_thatch.001
12:38:50 | INFO: Draco Decoder: Decode primitive r15_luxuean_thatch.001
12:38:50 | INFO: Blender create Mesh node Mobile_tubishanzhuang_floorwood
12:38:50 | INFO: Draco Decoder: Decode primitive Mobile_tubishanzhuang_floorwood
12:38:50 | INFO: Blender create Mesh node Mobile_tubishanzhuang_paving
12:38:50 | INFO: Draco Decoder: Decode primitive Mobile_tubishanzhuang_paving
12:38:50 | INFO: Blender create Mesh node Mobile_tubishanzhuang_plants
12:38:50 | INFO: Draco Decoder: Decode primitive Mobile_tubishanzhuang_plants
12:38:50 | INFO: Blender create Mesh node r15_tubishanzhuang_cutstone.001
12:38:50 | INFO: Draco Decoder: Decode primitive r15_tubishanzhuang_cutstone.001
12:38:50 | INFO: Blender create Mesh node r15_tubishanzhuang_darkwood.001
12:38:50 | INFO: Draco Decoder: Decode primitive r15_tubishanzhuang_darkwood.001
12:38:50 | INFO: Blender create Mesh node r15_tubishanzhuang_furniture.001
12:38:50 | INFO: Draco Decoder: Decode primitive r15_tubishanzhuang_furniture.001
12:38:50 | INFO: Blender create Mesh node r15_tubishanzhuang_gold.001
12:38:50 | INFO: Draco Decoder: Decode primitive r15_tubishanzhuang_gold.001
12:38:50 | INFO: Blender create Mesh node r15_tubishanzhuang_latticewood.001
12:38:50 | INFO: Draco Decoder: Decode primitive r15_tubishanzhuang_latticewood.001
12:38:50 | INFO: Blender create Mesh node r15_tubishanzhuang_plaster.002
12:38:50 | INFO: Draco Decoder: Decode primitive r15_tubishanzhuang_plaster.002
12:38:50 | INFO: Blender create Mesh node r15_tubishanzhuang_plaster.003
12:38:50 | INFO: Draco Decoder: Decode primitive r15_tubishanzhuang_plaster.003
12:38:50 | INFO: Blender create Mesh node r15_tubishanzhuang_qing_azurite.001
12:38:50 | INFO: Draco Decoder: Decode primitive r15_tubishanzhuang_qing_azurite.001
12:38:50 | INFO: Blender create Mesh node r15_tubishanzhuang_roof.001
12:38:50 | INFO: Draco Decoder: Decode primitive r15_tubishanzhuang_roof.001
12:38:50 | INFO: Blender create Mesh node r15_tubishanzhuang_screen.002
12:38:50 | INFO: Draco Decoder: Decode primitive r15_tubishanzhuang_screen.002
12:38:50 | INFO: Blender create Mesh node r15_tubishanzhuang_screen.003
12:38:50 | INFO: Draco Decoder: Decode primitive r15_tubishanzhuang_screen.003
12:38:50 | INFO: Blender create Mesh node r15_tubishanzhuang_stone.001
12:38:50 | INFO: Draco Decoder: Decode primitive r15_tubishanzhuang_stone.001
12:38:50 | INFO: Blender create Mesh node r15_tubishanzhuang_tile.001
12:38:50 | INFO: Draco Decoder: Decode primitive r15_tubishanzhuang_tile.001
12:38:50 | INFO: Blender create Mesh node r15_tubishanzhuang_tiledark.001
12:38:50 | INFO: Draco Decoder: Decode primitive r15_tubishanzhuang_tiledark.001
12:38:50 | INFO: Blender create Mesh node r15_tubishanzhuang_tilelight.001
12:38:50 | INFO: Draco Decoder: Decode primitive r15_tubishanzhuang_tilelight.001
12:38:50 | INFO: Blender create Mesh node r15_tubishanzhuang_wood.002
12:38:50 | INFO: Draco Decoder: Decode primitive r15_tubishanzhuang_wood.002
12:38:50 | INFO: Blender create Mesh node r15_tubishanzhuang_wood.003
12:38:50 | INFO: Draco Decoder: Decode primitive r15_tubishanzhuang_wood.003
12:38:50 | INFO: Blender create Mesh node Mobile_aojingxiguan_floorwood
12:38:50 | INFO: Draco Decoder: Decode primitive Mobile_aojingxiguan_floorwood
12:38:50 | INFO: Blender create Mesh node Mobile_aojingxiguan_paving
12:38:50 | INFO: Draco Decoder: Decode primitive Mobile_aojingxiguan_paving
12:38:50 | INFO: Blender create Mesh node Mobile_aojingxiguan_plants
12:38:50 | INFO: Draco Decoder: Decode primitive Mobile_aojingxiguan_plants
12:38:50 | INFO: Blender create Mesh node r15_aojingxiguan_cutstone.001
12:38:50 | INFO: Draco Decoder: Decode primitive r15_aojingxiguan_cutstone.001
12:38:50 | INFO: Blender create Mesh node r15_aojingxiguan_darkwood.001
12:38:50 | INFO: Draco Decoder: Decode primitive r15_aojingxiguan_darkwood.001
12:38:50 | INFO: Blender create Mesh node r15_aojingxiguan_furniture.001
12:38:50 | INFO: Draco Decoder: Decode primitive r15_aojingxiguan_furniture.001
12:38:50 | INFO: Blender create Mesh node r15_aojingxiguan_gold.001
12:38:50 | INFO: Draco Decoder: Decode primitive r15_aojingxiguan_gold.001
12:38:50 | INFO: Blender create Mesh node r15_aojingxiguan_latticewood.001
12:38:50 | INFO: Draco Decoder: Decode primitive r15_aojingxiguan_latticewood.001
DracoDecoder | Decoded 9216 vertices, 12672 indices
DracoDecoder | Decoded 30 vertices, 66 indices
DracoDecoder | Decoded 7801 vertices, 7857 indices
DracoDecoder | Decoded 4260 vertices, 5736 indices
DracoDecoder | Decoded 288 vertices, 396 indices
DracoDecoder | Decoded 1656 vertices, 2484 indices
DracoDecoder | Decoded 2458 vertices, 3078 indices
DracoDecoder | Decoded 3456 vertices, 5184 indices
DracoDecoder | Decoded 192 vertices, 288 indices
DracoDecoder | Decoded 360 vertices, 540 indices
DracoDecoder | Decoded 1216 vertices, 1554 indices
DracoDecoder | Decoded 456 vertices, 456 indices
DracoDecoder | Decoded 192 vertices, 324 indices
DracoDecoder | Decoded 528 vertices, 792 indices
DracoDecoder | Decoded 48 vertices, 72 indices
DracoDecoder | Decoded 560 vertices, 924 indices
DracoDecoder | Decoded 2048 vertices, 2880 indices
DracoDecoder | Decoded 250 vertices, 300 indices
DracoDecoder | Decoded 336 vertices, 600 indices
DracoDecoder | Decoded 7728 vertices, 11664 indices
DracoDecoder | Decoded 752 vertices, 1152 indices
DracoDecoder | Decoded 312 vertices, 468 indices
DracoDecoder | Decoded 492 vertices, 492 indices
DracoDecoder | Decoded 340 vertices, 540 indices
DracoDecoder | Decoded 96 vertices, 132 indices
DracoDecoder | Decoded 3744 vertices, 5148 indices
DracoDecoder | Decoded 48 vertices, 72 indices
DracoDecoder | Decoded 286 vertices, 426 indices
DracoDecoder | Decoded 216 vertices, 324 indices
DracoDecoder | Decoded 216 vertices, 324 indices
DracoDecoder | Decoded 1536 vertices, 2208 indices
DracoDecoder | Decoded 10530 vertices, 10722 indices
DracoDecoder | Decoded 1956 vertices, 2076 indices
DracoDecoder | Decoded 614 vertices, 630 indices
DracoDecoder | Decoded 764 vertices, 990 indices
DracoDecoder | Decoded 9216 vertices, 12672 indices
DracoDecoder | Decoded 2680 vertices, 3696 indices
DracoDecoder | Decoded 384 vertices, 384 indices
DracoDecoder | Decoded 212 vertices, 228 indices
DracoDecoder | Decoded 246 vertices, 366 indices
DracoDecoder | Decoded 192 vertices, 276 indices
DracoDecoder | Decoded 5324 vertices, 5460 indices
DracoDecoder | Decoded 1452 vertices, 1494 indices
DracoDecoder | Decoded 231 vertices, 231 indices
DracoDecoder | Decoded 1728 vertices, 2472 indices
DracoDecoder | Decoded 22 vertices, 54 indices
DracoDecoder | Decoded 687 vertices, 735 indices
DracoDecoder | Decoded 2844 vertices, 3804 indices
DracoDecoder | Decoded 96 vertices, 132 indices
DracoDecoder | Decoded 744 vertices, 1116 indices
DracoDecoder | Decoded 894 vertices, 1170 indices
DracoDecoder | Decoded 1584 vertices, 2376 indices
DracoDecoder | Decoded 168 vertices, 252 indices
DracoDecoder | Decoded 578 vertices, 690 indices
DracoDecoder | Decoded 988 vertices, 1014 indices
DracoDecoder | Decoded 1488 vertices, 2232 indices
DracoDecoder | Decoded 764 vertices, 1146 indices
DracoDecoder | Decoded 486 vertices, 486 indices
DracoDecoder | Decoded 686 vertices, 990 indices
DracoDecoder | Decoded 460 vertices, 624 indices
DracoDecoder | Decoded 188 vertices, 258 indices
DracoDecoder | Decoded 7728 vertices, 11664 indices
DracoDecoder | Decoded 1452 vertices, 1452 indices
DracoDecoder | Decoded 96 vertices, 132 indices
DracoDecoder | Decoded 3744 vertices, 5148 indices
DracoDecoder | Decoded 48 vertices, 72 indices
DracoDecoder | Decoded 286 vertices, 426 indices
DracoDecoder | Decoded 216 vertices, 324 indices
DracoDecoder | Decoded 192 vertices, 288 indices
DracoDecoder | Decoded 796 vertices, 996 indices
DracoDecoder | Decoded 11774 vertices, 12018 indices
DracoDecoder | Decoded 2096 vertices, 2220 indices
DracoDecoder | Decoded 682 vertices, 690 indices
DracoDecoder | Decoded 9216 vertices, 12672 indices
DracoDecoder | Decoded 6880 vertices, 9066 indices
DracoDecoder | Decoded 1332 vertices, 1998 indices
DracoDecoder | Decoded 768 vertices, 1158 indices
DracoDecoder | Decoded 486 vertices, 486 indices
DracoDecoder | Decoded 650 vertices, 906 indices
DracoDecoder | Decoded 468 vertices, 624 indices
DracoDecoder | Decoded 182 vertices, 258 indices
DracoDecoder | Decoded 7728 vertices, 11664 indices
DracoDecoder | 12:38:50 | INFO: Blender create Mesh node r15_aojingxiguan_plaster.002
12:38:50 | INFO: Draco Decoder: Decode primitive r15_aojingxiguan_plaster.002
12:38:50 | INFO: Blender create Mesh node r15_aojingxiguan_plaster.003
12:38:50 | INFO: Draco Decoder: Decode primitive r15_aojingxiguan_plaster.003
12:38:50 | INFO: Blender create Mesh node r15_aojingxiguan_qing_azurite.001
12:38:50 | INFO: Draco Decoder: Decode primitive r15_aojingxiguan_qing_azurite.001
12:38:50 | INFO: Blender create Mesh node r15_aojingxiguan_roof.001
12:38:50 | INFO: Draco Decoder: Decode primitive r15_aojingxiguan_roof.001
12:38:50 | INFO: Blender create Mesh node r15_aojingxiguan_screen.002
12:38:50 | INFO: Draco Decoder: Decode primitive r15_aojingxiguan_screen.002
12:38:50 | INFO: Blender create Mesh node r15_aojingxiguan_screen.003
12:38:50 | INFO: Draco Decoder: Decode primitive r15_aojingxiguan_screen.003
12:38:50 | INFO: Blender create Mesh node r15_aojingxiguan_stone.001
12:38:50 | INFO: Draco Decoder: Decode primitive r15_aojingxiguan_stone.001
12:38:50 | INFO: Blender create Mesh node r15_aojingxiguan_tile.001
12:38:50 | INFO: Draco Decoder: Decode primitive r15_aojingxiguan_tile.001
12:38:50 | INFO: Blender create Mesh node r15_aojingxiguan_tiledark.001
12:38:50 | INFO: Draco Decoder: Decode primitive r15_aojingxiguan_tiledark.001
12:38:50 | INFO: Blender create Mesh node r15_aojingxiguan_tilelight.001
12:38:50 | INFO: Draco Decoder: Decode primitive r15_aojingxiguan_tilelight.001
12:38:50 | INFO: Blender create Mesh node r15_aojingxiguan_wood.002
12:38:50 | INFO: Draco Decoder: Decode primitive r15_aojingxiguan_wood.002
12:38:50 | INFO: Blender create Mesh node r15_aojingxiguan_wood.003
12:38:50 | INFO: Draco Decoder: Decode primitive r15_aojingxiguan_wood.003
12:38:50 | INFO: Blender create Mesh node Mobile_daguanlou_courtbase
12:38:50 | INFO: Draco Decoder: Decode primitive Mobile_daguanlou_courtbase
12:38:51 | INFO: Blender create Mesh node Mobile_daguanlou_floorwood
12:38:51 | INFO: Draco Decoder: Decode primitive Mobile_daguanlou_floorwood
12:38:51 | INFO: Blender create Mesh node Mobile_daguanlou_limestone
12:38:51 | INFO: Draco Decoder: Decode primitive Mobile_daguanlou_limestone
12:38:51 | INFO: Blender create Mesh node Mobile_daguanlou_paving
12:38:51 | INFO: Draco Decoder: Decode primitive Mobile_daguanlou_paving
12:38:51 | INFO: Blender create Mesh node Mobile_daguanlou_botanical_bamboo
12:38:51 | INFO: Draco Decoder: Decode primitive Mobile_daguanlou_botanical_bamboo
12:38:51 | INFO: Blender create Mesh node Mobile_daguanlou_botanical_litter
12:38:51 | INFO: Draco Decoder: Decode primitive Mobile_daguanlou_botanical_litter
12:38:51 | INFO: Blender create Mesh node Mobile_daguanlou_plants
12:38:51 | INFO: Draco Decoder: Decode primitive Mobile_daguanlou_plants
12:38:51 | INFO: Blender create Mesh node r15_daguanlou_bookcloth.001
12:38:51 | INFO: Draco Decoder: Decode primitive r15_daguanlou_bookcloth.001
12:38:51 | INFO: Blender create Mesh node r15_daguanlou_bookcover.001
12:38:51 | INFO: Draco Decoder: Decode primitive r15_daguanlou_bookcover.001
12:38:51 | INFO: Blender create Mesh node r15_daguanlou_ceramic.001
12:38:51 | INFO: Draco Decoder: Decode primitive r15_daguanlou_ceramic.001
12:38:51 | INFO: Blender create Mesh node r15_daguanlou_cutstone.001
12:38:51 | INFO: Draco Decoder: Decode primitive r15_daguanlou_cutstone.001
12:38:51 | INFO: Blender create Mesh node r15_daguanlou_darkwood.001
12:38:51 | INFO: Draco Decoder: Decode primitive r15_daguanlou_darkwood.001
12:38:51 | INFO: Blender create Mesh node r15_daguanlou_furniture.001
12:38:51 | INFO: Draco Decoder: Decode primitive r15_daguanlou_furniture.001
12:38:51 | INFO: Blender create Mesh node r15_daguanlou_gold.002
12:38:51 | INFO: Draco Decoder: Decode primitive r15_daguanlou_gold.002
12:38:51 | INFO: Blender create Mesh node r15_daguanlou_gold.003
12:38:51 | INFO: Draco Decoder: Decode primitive r15_daguanlou_gold.003
12:38:51 | INFO: Blender create Mesh node r15_daguanlou_goldroof.001
12:38:51 | INFO: Draco Decoder: Decode primitive r15_daguanlou_goldroof.001
12:38:51 | INFO: Blender create Mesh node r15_daguanlou_goldtile.001
12:38:51 | INFO: Draco Decoder: Decode primitive r15_daguanlou_goldtile.001
12:38:51 | INFO: Blender create Mesh node r15_daguanlou_goldtiledark.001
12:38:51 | INFO: Draco Decoder: Decode primitive r15_daguanlou_goldtiledark.001
12:38:51 | INFO: Blender create Mesh node r15_daguanlou_goldtilelight.001
12:38:51 | INFO: Draco Decoder: Decode primitive r15_daguanlou_goldtilelight.001
12:38:51 | INFO: Blender create Mesh node r15_daguanlou_ink.001
12:38:51 | INFO: Draco Decoder: Decode primitive r15_daguanlou_ink.001
12:38:51 | INFO: Blender create Mesh node r15_daguanlou_ivory.001
12:38:51 | INFO: Draco Decoder: Decode primitive r15_daguanlou_ivory.001
12:38:51 | INFO: Blender create Mesh node r15_daguanlou_lantern.001
12:38:51 | INFO: Draco Decoder: Decode primitive r15_daguanlou_lantern.001
12:38:51 | INFO: Blender create Mesh node r15_daguanlou_latticewood.001
12:38:51 | INFO: Draco Decoder: Decode primitive r15_daguanlou_latticewood.001
12:38:51 | INFO: Blender create Mesh node r15_daguanlou_paper.001
12:38:51 | INFO: Draco Decoder: Decode primitive r15_daguanlou_paper.001
12:38:51 | INFO: Blender create Mesh node r15_daguanlou_plaster.003
12:38:51 | INFO: Draco Decoder: Decode primitive r15_daguanlou_plaster.003
12:38:51 | INFO: Blender create Mesh node r15_daguanlou_plaster.004
12:38:51 | INFO: Draco Decoder: Decode primitive r15_daguanlou_plaster.004
12:38:51 | INFO: Blender create Mesh node r15_daguanlou_plaster.005
12:38:51 | INFO: Draco Decoder: Decode primitive r15_daguanlou_plaster.005
12:38:51 | INFO: Blender create Mesh node r15_daguanlou_qing_azurite.001
12:38:51 | INFO: Draco Decoder: Decode primitive r15_daguanlou_qing_azurite.001
12:38:51 | INFO: Blender create Mesh node r15_daguanlou_screen.002
12:38:51 | INFO: Draco Decoder: Decode primitive r15_daguanlou_screen.002
12:38:51 | INFO: Blender create Mesh node r15_daguanlou_screen.003
12:38:51 | INFO: Draco Decoder: Decode primitive r15_daguanlou_screen.003
12:38:51 | INFO: Blender create Mesh node r15_daguanlou_stone.001
12:38:51 | INFO: Draco Decoder: Decode primitive r15_daguanlou_stone.001
12:38:51 | INFO: Blender create Mesh node r15_daguanlou_wood.002
12:38:51 | INFO: Draco Decoder: Decode primitive r15_daguanlou_wood.002
12:38:51 | INFO: Blender create Mesh node r15_daguanlou_wood.003
12:38:51 | INFO: Draco Decoder: Decode primitive r15_daguanlou_wood.003
12:38:51 | INFO: Blender create Mesh node Mobile_longcuian_courtbase
12:38:51 | INFO: Draco Decoder: Decode primitive Mobile_longcuian_courtbase
12:38:51 | INFO: Blender create Mesh node Mobile_longcuian_floorwood
12:38:51 | INFO: Draco Decoder: Decode primitive Mobile_longcuian_floorwood
12:38:51 | INFO: Blender create Mesh node Mobile_longcuian_paving
12:38:51 | INFO: Draco Decoder: Decode primitive Mobile_longcuian_paving
12:38:51 | INFO: Blender create Mesh node Mobile_longcuian_plants
12:38:51 | INFO: Draco Decoder: Decode primitive Mobile_longcuian_plants
12:38:51 | INFO: Blender create Mesh node r15_longcuian_bookcloth.001
12:38:51 | INFO: Draco Decoder: Decode primitive r15_longcuian_bookcloth.001
12:38:51 | INFO: Blender create Mesh node r15_longcuian_bookcover.001
12:38:51 | INFO: Draco Decoder: Decode primitive r15_longcuian_bookcover.001
12:38:51 | INFO: Blender create Mesh node r15_longcuian_ceramic.001
12:38:51 | INFO: Draco Decoder: Decode primitive r15_longcuian_ceramic.001
12:38:51 | INFO: Blender create Mesh node r15_longcuian_cutstone.001
12:38:51 | INFO: Draco Decoder: Decode primitive r15_longcuian_cutstone.001
12:38:51 | INFO: Blender create Mesh node r15_longcuian_darkwood.001
12:38:51 | INFO: Draco Decoder: Decode primitive r15_longcuian_darkwood.001
12:38:51 | INFO: Blender create Mesh node r15_longcuian_furniture.001
12:38:51 | INFO: Draco Decoder: Decode primitive r15_longcuian_furniture.001
12:38:51 | INFO: Blender create Mesh node r15_longcuian_gold.002
12:38:51 | INFO: Draco Decoder: Decode primitive r15_longcuian_gold.002
12:38:51 | INFO: Blender create Mesh node r15_longcuian_gold.003
12:38:51 | INFO: Draco Decoder: Decode primitive r15_longcuian_gold.003
12:38:51 | INFO: Blender create Mesh node r15_longcuian_ink.001
12:38:51 | INFO: Draco Decoder: Decode primitive r15_longcuian_ink.001
12:38:51 | INFO: Blender create Mesh node r15_longcuian_ivory.001
12:38:51 | INFO: Draco Decoder: Decode primitive r15_longcuian_ivory.001
12:38:51 | INFO: Blender create Mesh node r15_longcuian_latticewood.001
12:38:51 | INFO: Draco Decoder: Decode primitive r15_longcuian_latticewood.001
12:38:51 | INFO: Blender create Mesh node r15_longcuian_paper.001
12:38:51 | INFO: Draco Decoder: Decode primitive r15_longcuian_paper.001
12:38:51 | INFO: Blender create Mesh node r15_longcuian_plaster.003
12:38:51 | INFO: Draco Decoder: Decode primitive r15_longcuian_plaster.003
12:38:51 | INFO: Blender create Mesh node r15_longcuian_plaster.004
12:38:51 | INFO: Draco Decoder: Decode primitive r15_longcuian_plaster.004
12:38:51 | INFO: Blender create Mesh node r15_longcuian_plaster.005
12:38:51 | INFO: Draco Decoder: Decode primitive r15_longcuian_plaster.005
12:38:51 | INFO: Blender create Mesh node r15_longcuian_qing_jade.001
12:38:51 | INFO: Draco Decoder: Decode primitive r15_longcuian_qing_jade.001
12:38:51 | INFO: Blender create Mesh node r15_longcuian_roof.001
12:38:51 | INFO: Draco Decoder: Decode primitive r15_longcuian_roof.001
12:38:51 | INFO: Blender create Mesh node r15_longcuian_screen.002
12:38:51 | INFO: Draco Decoder: Decode primitive r15_longcuian_screen.002
12:38:51 | INFO: Blender create Mesh node r15_longcuian_screen.003
12:38:51 | INFO: Draco Decoder: Decode primitive r15_longcuian_screen.003
12:38:51 | INFO: Blender create Mesh node r15_longcuian_stone.001
12:38:51 | INFO: Draco Decoder: Decode primitive r15_longcuian_stone.001
12:38:51 | INFO: Blender create Mesh node r15_longcuian_tile.001
12:38:51 | INFO: Draco Decoder: Decode primitive r15_longcuian_tile.001
12:38:51 | INFO: Blender create Mesh node r15_longcuian_tiledark.001
12:38:51 | INFO: Draco Decoder: Decode primitive r15_longcuian_tiledark.001
12:38:51 | INFO: Blender create Mesh node r15_longcuian_tilelight.001
12:38:51 | INFO: Draco Decoder: Decode primitive r15_longcuian_tilelight.001
12:38:51 | INFO: Blender create Mesh node r15_longcuian_wood.002
12:38:51 | INFO: Draco Decoder: Decode primitive r15_longcuian_wood.002
12:38:51 | INFO: Blender create Mesh node r15_longcuian_wood.003
12:38:51 | INFO: Draco Decoder: Decode primitive r15_longcuian_wood.003
12:38:51 | INFO: Blender create Mesh node Mobile_nuanxiangwu_courtbase
12:38:51 | INFO: Draco Decoder: Decode primitive Mobile_nuanxiangwu_courtbase
12:38:51 | INFO: Blender create Mesh node Mobile_nuanxiangwu_floorwood
12:38:51 | INFO: Draco Decoder: Decode primitive Mobile_nuanxiangwu_floorwood
12:38:51 | INFO: Blender create Mesh node Mobile_nuanxiangwu_paving
12:38:51 | INFO: Draco Decoder: Decode primitive Mobile_nuanxiangwu_paving
12:38:51 | INFO: Blender create Mesh node Mobile_nuanxiangwu_plants
12:38:51 | INFO: Draco Decoder: Decode primitive Mobile_nuanxiangwu_plants
12:38:51 | INFO: Blender create Mesh node r15_nuanxiangwu_bookcloth.001
12:38:51 | INFO: Draco Decoder: Decode primitive r15_nuanxiangwu_bookcloth.001
12:38:51 | INFO: Blender create Mesh node r15_nuanxiangwu_bookcover.001
12:38:51 | INFO: Draco Decoder: Decode primitive r15_nuanxiangwu_bookcover.001
12:38:52 | INFO: Blender create Mesh node r15_nuanxiangwu_ceramic.001
12:38:52 | INFO: Draco Decoder: Decode primitive r15_nuanxiangwu_ceramic.001
Decoded 1128 vertices, 1128 indices
DracoDecoder | Decoded 96 vertices, 132 indices
DracoDecoder | Decoded 3744 vertices, 5148 indices
DracoDecoder | Decoded 48 vertices, 72 indices
DracoDecoder | Decoded 286 vertices, 426 indices
DracoDecoder | Decoded 192 vertices, 288 indices
DracoDecoder | Decoded 216 vertices, 324 indices
DracoDecoder | Decoded 842 vertices, 1020 indices
DracoDecoder | Decoded 10807 vertices, 10911 indices
DracoDecoder | Decoded 1936 vertices, 2058 indices
DracoDecoder | Decoded 608 vertices, 648 indices
DracoDecoder | Decoded 6612 vertices, 8670 indices
DracoDecoder | Decoded 9216 vertices, 12672 indices
DracoDecoder | Decoded 8 vertices, 12 indices
DracoDecoder | Decoded 14416 vertices, 21624 indices
DracoDecoder | Decoded 2175 vertices, 2199 indices
DracoDecoder | Decoded 2842 vertices, 4314 indices
DracoDecoder | Decoded 1287 vertices, 1287 indices
DracoDecoder | Decoded 423 vertices, 423 indices
DracoDecoder | Decoded 1809 vertices, 1809 indices
DracoDecoder | Decoded 528 vertices, 792 indices
DracoDecoder | Decoded 48 vertices, 72 indices
DracoDecoder | Decoded 214 vertices, 222 indices
DracoDecoder | Decoded 6510 vertices, 9114 indices
DracoDecoder | Decoded 9267 vertices, 11148 indices
DracoDecoder | Decoded 2132 vertices, 2892 indices
DracoDecoder | Decoded 5892 vertices, 5892 indices
DracoDecoder | Decoded 82176 vertices, 124032 indices
DracoDecoder | Decoded 3638 vertices, 5418 indices
DracoDecoder | Decoded 175785 vertices, 181929 indices
DracoDecoder | Decoded 36478 vertices, 38466 indices
DracoDecoder | Decoded 12218 vertices, 12726 indices
DracoDecoder | Decoded 752 vertices, 1152 indices
DracoDecoder | Decoded 312 vertices, 468 indices
DracoDecoder | Decoded 3266 vertices, 3510 indices
DracoDecoder | Decoded 11076 vertices, 11076 indices
DracoDecoder | Decoded 340 vertices, 540 indices
DracoDecoder | Decoded 5088 vertices, 6996 indices
DracoDecoder | Decoded 768 vertices, 1056 indices
DracoDecoder | Decoded 38400 vertices, 52800 indices
DracoDecoder | Decoded 384 vertices, 576 indices
DracoDecoder | Decoded 480 vertices, 480 indices
DracoDecoder | Decoded 2256 vertices, 3384 indices
DracoDecoder | Decoded 4334 vertices, 5832 indices
DracoDecoder | Decoded 72929 vertices, 97845 indices
DracoDecoder | Decoded 95808 vertices, 131736 indices
DracoDecoder | Decoded 4 vertices, 6 indices
DracoDecoder | Decoded 1860 vertices, 2790 indices
DracoDecoder | Decoded 318 vertices, 480 indices
DracoDecoder | Decoded 3814 vertices, 3825 indices
DracoDecoder | Decoded 528 vertices, 792 indices
DracoDecoder | Decoded 48 vertices, 72 indices
DracoDecoder | Decoded 161 vertices, 165 indices
DracoDecoder | Decoded 1266 vertices, 1746 indices
DracoDecoder | Decoded 1110 vertices, 1452 indices
DracoDecoder | Decoded 444 vertices, 558 indices
DracoDecoder | Decoded 336 vertices, 600 indices
DracoDecoder | Decoded 15456 vertices, 23328 indices
DracoDecoder | Decoded 752 vertices, 1152 indices
DracoDecoder | Decoded 312 vertices, 468 indices
DracoDecoder | Decoded 1128 vertices, 1128 indices
DracoDecoder | Decoded 340 vertices, 540 indices
DracoDecoder | Decoded 3264 vertices, 4488 indices
DracoDecoder | Decoded 192 vertices, 264 indices
DracoDecoder | Decoded 6720 vertices, 9240 indices
DracoDecoder | Decoded 96 vertices, 144 indices
DracoDecoder | Decoded 690 vertices, 1026 indices
DracoDecoder | Decoded 192 vertices, 288 indices
DracoDecoder | Decoded 384 vertices, 576 indices
DracoDecoder | Decoded 307 vertices, 507 indices
DracoDecoder | Decoded 19958 vertices, 20346 indices
DracoDecoder | Decoded 5332 vertices, 5676 indices
DracoDecoder | Decoded 1092 vertices, 1104 indices
DracoDecoder | Decoded 11864 vertices, 15708 indices
DracoDecoder | Decoded 16704 vertices, 22968 indices
DracoDecoder | Decoded 4 vertices, 6 indices
DracoDecoder | Decoded 1232 vertices, 1848 indices
DracoDecoder | Decoded 266 vertices, 420 indices
DracoDecoder | Decoded 2238 vertices, 2262 indices
DracoDecoder | Decoded 528 vertices, 792 indices
DracoDecoder | Decoded 48 vertices, 72 indices
DracoDecoder | Decoded 168 vertices, 112:38:52 | INFO: Blender create Mesh node r15_nuanxiangwu_cutstone.001
12:38:52 | INFO: Draco Decoder: Decode primitive r15_nuanxiangwu_cutstone.001
12:38:52 | INFO: Blender create Mesh node r15_nuanxiangwu_darkwood.001
12:38:52 | INFO: Draco Decoder: Decode primitive r15_nuanxiangwu_darkwood.001
12:38:52 | INFO: Blender create Mesh node r15_nuanxiangwu_furniture.001
12:38:52 | INFO: Draco Decoder: Decode primitive r15_nuanxiangwu_furniture.001
12:38:52 | INFO: Blender create Mesh node r15_nuanxiangwu_gold.002
12:38:52 | INFO: Draco Decoder: Decode primitive r15_nuanxiangwu_gold.002
12:38:52 | INFO: Blender create Mesh node r15_nuanxiangwu_gold.003
12:38:52 | INFO: Draco Decoder: Decode primitive r15_nuanxiangwu_gold.003
12:38:52 | INFO: Blender create Mesh node r15_nuanxiangwu_ink.001
12:38:52 | INFO: Draco Decoder: Decode primitive r15_nuanxiangwu_ink.001
12:38:52 | INFO: Blender create Mesh node r15_nuanxiangwu_ivory.001
12:38:52 | INFO: Draco Decoder: Decode primitive r15_nuanxiangwu_ivory.001
12:38:52 | INFO: Blender create Mesh node r15_nuanxiangwu_latticewood.001
12:38:52 | INFO: Draco Decoder: Decode primitive r15_nuanxiangwu_latticewood.001
12:38:52 | INFO: Blender create Mesh node r15_nuanxiangwu_paper.001
12:38:52 | INFO: Draco Decoder: Decode primitive r15_nuanxiangwu_paper.001
12:38:52 | INFO: Blender create Mesh node r15_nuanxiangwu_plaster.002
12:38:52 | INFO: Draco Decoder: Decode primitive r15_nuanxiangwu_plaster.002
12:38:52 | INFO: Blender create Mesh node r15_nuanxiangwu_plaster.003
12:38:52 | INFO: Draco Decoder: Decode primitive r15_nuanxiangwu_plaster.003
12:38:52 | INFO: Blender create Mesh node r15_nuanxiangwu_qing_azurite.001
12:38:52 | INFO: Draco Decoder: Decode primitive r15_nuanxiangwu_qing_azurite.001
12:38:52 | INFO: Blender create Mesh node r15_nuanxiangwu_roof.001
12:38:52 | INFO: Draco Decoder: Decode primitive r15_nuanxiangwu_roof.001
12:38:52 | INFO: Blender create Mesh node r15_nuanxiangwu_screen.002
12:38:52 | INFO: Draco Decoder: Decode primitive r15_nuanxiangwu_screen.002
12:38:52 | INFO: Blender create Mesh node r15_nuanxiangwu_screen.003
12:38:52 | INFO: Draco Decoder: Decode primitive r15_nuanxiangwu_screen.003
12:38:52 | INFO: Blender create Mesh node r15_nuanxiangwu_silk.001
12:38:52 | INFO: Draco Decoder: Decode primitive r15_nuanxiangwu_silk.001
12:38:52 | INFO: Blender create Mesh node r15_nuanxiangwu_stone.001
12:38:52 | INFO: Draco Decoder: Decode primitive r15_nuanxiangwu_stone.001
12:38:52 | INFO: Blender create Mesh node r15_nuanxiangwu_tile.001
12:38:52 | INFO: Draco Decoder: Decode primitive r15_nuanxiangwu_tile.001
12:38:52 | INFO: Blender create Mesh node r15_nuanxiangwu_tiledark.001
12:38:52 | INFO: Draco Decoder: Decode primitive r15_nuanxiangwu_tiledark.001
12:38:52 | INFO: Blender create Mesh node r15_nuanxiangwu_tilelight.001
12:38:52 | INFO: Draco Decoder: Decode primitive r15_nuanxiangwu_tilelight.001
12:38:52 | INFO: Blender create Mesh node r15_nuanxiangwu_wood.002
12:38:52 | INFO: Draco Decoder: Decode primitive r15_nuanxiangwu_wood.002
12:38:52 | INFO: Blender create Mesh node r15_nuanxiangwu_wood.003
12:38:52 | INFO: Draco Decoder: Decode primitive r15_nuanxiangwu_wood.003
12:38:52 | INFO: Blender create Mesh node landscape_lantern
12:38:52 | INFO: Draco Decoder: Decode primitive landscape_lantern
12:38:52 | INFO: Blender create Mesh node Mobile_landscape
12:38:52 | INFO: Draco Decoder: Decode primitive Mobile_landscape
12:38:52 | INFO: Blender create Mesh node Mobile_landscape_paving
12:38:52 | INFO: Draco Decoder: Decode primitive Mobile_landscape_paving
12:38:52 | INFO: Blender create Mesh node Mobile_landscape_limestone
12:38:52 | INFO: Draco Decoder: Decode primitive Mobile_landscape_limestone
12:38:52 | INFO: Blender create Mesh node Mobile_landscape_roofshell
12:38:52 | INFO: Draco Decoder: Decode primitive Mobile_landscape_roofshell
12:38:52 | INFO: Blender create Mesh node Mobile_landscape_earth
12:38:52 | INFO: Draco Decoder: Decode primitive Mobile_landscape_earth
12:38:52 | INFO: Blender create Mesh node Mobile_landscape_bankstone
12:38:52 | INFO: Draco Decoder: Decode primitive Mobile_landscape_bankstone
12:38:52 | INFO: Blender create Mesh node Mobile_landscape_plants
12:38:52 | INFO: Draco Decoder: Decode primitive Mobile_landscape_plants
12:38:52 | INFO: Blender create Mesh node Mobile_landscape_botanical_bamboo
12:38:52 | INFO: Draco Decoder: Decode primitive Mobile_landscape_botanical_bamboo
12:38:52 | INFO: glTF import finished in 3.13s
FLOOR COVERAGE 2959 missing 0
68 indices
DracoDecoder | Decoded 646 vertices, 906 indices
DracoDecoder | Decoded 728 vertices, 948 indices
DracoDecoder | Decoded 436 vertices, 558 indices
DracoDecoder | Decoded 336 vertices, 600 indices
DracoDecoder | Decoded 7728 vertices, 11664 indices
DracoDecoder | Decoded 752 vertices, 1152 indices
DracoDecoder | Decoded 312 vertices, 468 indices
DracoDecoder | Decoded 1464 vertices, 1464 indices
DracoDecoder | Decoded 364 vertices, 576 indices
DracoDecoder | Decoded 96 vertices, 132 indices
DracoDecoder | Decoded 3744 vertices, 5148 indices
DracoDecoder | Decoded 48 vertices, 72 indices
DracoDecoder | Decoded 506 vertices, 750 indices
DracoDecoder | Decoded 216 vertices, 324 indices
DracoDecoder | Decoded 216 vertices, 324 indices
DracoDecoder | Decoded 48 vertices, 72 indices
DracoDecoder | Decoded 1136 vertices, 1572 indices
DracoDecoder | Decoded 15378 vertices, 15690 indices
DracoDecoder | Decoded 5056 vertices, 5352 indices
DracoDecoder | Decoded 1191 vertices, 1191 indices
DracoDecoder | Decoded 7197 vertices, 9435 indices
DracoDecoder | Decoded 9216 vertices, 12672 indices
DracoDecoder | Decoded 1744 vertices, 1824 indices
DracoDecoder | Decoded 59161 vertices, 70887 indices
DracoDecoder | Decoded 20980 vertices, 33252 indices
DracoDecoder | Decoded 352924 vertices, 353376 indices
DracoDecoder | Decoded 1334 vertices, 1974 indices
DracoDecoder | Decoded 4227 vertices, 21927 indices
DracoDecoder | Decoded 6444 vertices, 9666 indices
DracoDecoder | Decoded 22138 vertices, 23226 indices
DracoDecoder | Decoded 16431 vertices, 16431 indices

Blender quit
12:38:57 | INFO: Data are loaded, start creating Blender stuff
12:38:57 | INFO: Blender create Mesh node Mobile_daguanyuan_gate_floorwood
12:38:57 | INFO: Draco Decoder: Decode primitive Mobile_daguanyuan_gate_floorwood
12:38:57 | INFO: Blender create Mesh node Mobile_daguanyuan_gate_limestone
12:38:57 | INFO: Draco Decoder: Decode primitive Mobile_daguanyuan_gate_limestone
12:38:57 | INFO: Blender create Mesh node Mobile_daguanyuan_gate_paving
12:38:57 | INFO: Draco Decoder: Decode primitive Mobile_daguanyuan_gate_paving
12:38:57 | INFO: Blender create Mesh node r15_daguanyuan_gate_cutstone.001
12:38:57 | INFO: Draco Decoder: Decode primitive r15_daguanyuan_gate_cutstone.001
12:38:57 | INFO: Blender create Mesh node r15_daguanyuan_gate_darkwood.001
12:38:57 | INFO: Draco Decoder: Decode primitive r15_daguanyuan_gate_darkwood.001
12:38:57 | INFO: Blender create Mesh node r15_daguanyuan_gate_furniture.001
12:38:57 | INFO: Draco Decoder: Decode primitive r15_daguanyuan_gate_furniture.001
12:38:57 | INFO: Blender create Mesh node r15_daguanyuan_gate_gold.001
12:38:57 | INFO: Draco Decoder: Decode primitive r15_daguanyuan_gate_gold.001
12:38:57 | INFO: Blender create Mesh node r15_daguanyuan_gate_latticewood.001
12:38:57 | INFO: Draco Decoder: Decode primitive r15_daguanyuan_gate_latticewood.001
12:38:57 | INFO: Blender create Mesh node r15_daguanyuan_gate_plaster.002
12:38:57 | INFO: Draco Decoder: Decode primitive r15_daguanyuan_gate_plaster.002
12:38:57 | INFO: Blender create Mesh node r15_daguanyuan_gate_plaster.003
12:38:57 | INFO: Draco Decoder: Decode primitive r15_daguanyuan_gate_plaster.003
12:38:57 | INFO: Blender create Mesh node r15_daguanyuan_gate_qing_azurite.001
12:38:57 | INFO: Draco Decoder: Decode primitive r15_daguanyuan_gate_qing_azurite.001
12:38:57 | INFO: Blender create Mesh node r15_daguanyuan_gate_roof.001
12:38:57 | INFO: Draco Decoder: Decode primitive r15_daguanyuan_gate_roof.001
12:38:57 | INFO: Blender create Mesh node r15_daguanyuan_gate_screen.002
12:38:57 | INFO: Draco Decoder: Decode primitive r15_daguanyuan_gate_screen.002
12:38:57 | INFO: Blender create Mesh node r15_daguanyuan_gate_screen.003
12:38:57 | INFO: Draco Decoder: Decode primitive r15_daguanyuan_gate_screen.003
12:38:57 | INFO: Blender create Mesh node r15_daguanyuan_gate_stone.001
12:38:57 | INFO: Draco Decoder: Decode primitive r15_daguanyuan_gate_stone.001
12:38:57 | INFO: Blender create Mesh node r15_daguanyuan_gate_tile.001
12:38:57 | INFO: Draco Decoder: Decode primitive r15_daguanyuan_gate_tile.001
12:38:57 | INFO: Blender create Mesh node r15_daguanyuan_gate_tiledark.001
12:38:57 | INFO: Draco Decoder: Decode primitive r15_daguanyuan_gate_tiledark.001
12:38:57 | INFO: Blender create Mesh node r15_daguanyuan_gate_tilelight.001
12:38:57 | INFO: Draco Decoder: Decode primitive r15_daguanyuan_gate_tilelight.001
12:38:57 | INFO: Blender create Mesh node r15_daguanyuan_gate_wood.002
12:38:57 | INFO: Draco Decoder: Decode primitive r15_daguanyuan_gate_wood.002
12:38:57 | INFO: Blender create Mesh node r15_daguanyuan_gate_wood.003
12:38:57 | INFO: Draco Decoder: Decode primitive r15_daguanyuan_gate_wood.003
12:38:57 | INFO: Blender create Mesh node Mobile_qujingtongyou_gardenstone
12:38:57 | INFO: Draco Decoder: Decode primitive Mobile_qujingtongyou_gardenstone
12:38:57 | INFO: Blender create Mesh node Mobile_qujingtongyou_limestone
12:38:57 | INFO: Draco Decoder: Decode primitive Mobile_qujingtongyou_limestone
12:38:57 | INFO: Blender create Mesh node Mobile_qujingtongyou_plants
12:38:57 | INFO: Draco Decoder: Decode primitive Mobile_qujingtongyou_plants
12:38:57 | INFO: Blender create Mesh node Mobile_xiaoxiangguan_bankstone
12:38:57 | INFO: Draco Decoder: Decode primitive Mobile_xiaoxiangguan_bankstone
12:38:57 | INFO: Blender create Mesh node Mobile_xiaoxiangguan_floorwood
12:38:57 | INFO: Draco Decoder: Decode primitive Mobile_xiaoxiangguan_floorwood
12:38:57 | INFO: Blender create Mesh node Mobile_xiaoxiangguan_paving
12:38:57 | INFO: Draco Decoder: Decode primitive Mobile_xiaoxiangguan_paving
12:38:57 | INFO: Blender create Mesh node Mobile_xiaoxiangguan_botanical_bamboo
12:38:57 | INFO: Draco Decoder: Decode primitive Mobile_xiaoxiangguan_botanical_bamboo
12:38:57 | INFO: Blender create Mesh node Mobile_xiaoxiangguan_botanical_banana
12:38:57 | INFO: Draco Decoder: Decode primitive Mobile_xiaoxiangguan_botanical_banana
12:38:57 | INFO: Blender create Mesh node Mobile_xiaoxiangguan_botanical_litter
12:38:57 | INFO: Draco Decoder: Decode primitive Mobile_xiaoxiangguan_botanical_litter
12:38:57 | INFO: Blender create Mesh node Mobile_xiaoxiangguan_botanical_petal
12:38:57 | INFO: Draco Decoder: Decode primitive Mobile_xiaoxiangguan_botanical_petal
12:38:57 | INFO: Blender create Mesh node Mobile_xiaoxiangguan_plants
12:38:57 | INFO: Draco Decoder: Decode primitive Mobile_xiaoxiangguan_plants
12:38:57 | INFO: Blender create Mesh node r15_xiaoxiangguan_bookcloth.001
12:38:57 | INFO: Draco Decoder: Decode primitive r15_xiaoxiangguan_bookcloth.001
12:38:57 | INFO: Blender create Mesh node r15_xiaoxiangguan_bookcover.001
12:38:57 | INFO: Draco Decoder: Decode primitive r15_xiaoxiangguan_bookcover.001
12:38:57 | INFO: Blender create Mesh node r15_xiaoxiangguan_ceramic.001
12:38:57 | INFO: Draco Decoder: Decode primitive r15_xiaoxiangguan_ceramic.001
12:38:57 | INFO: Blender create Mesh node r15_xiaoxiangguan_cutstone.001
12:38:57 | INFO: Draco Decoder: Decode primitive r15_xiaoxiangguan_cutstone.001
12:38:57 | INFO: Blender create Mesh node r15_xiaoxiangguan_darkwood.001
12:38:57 | INFO: Draco Decoder: Decode primitive r15_xiaoxiangguan_darkwood.001
12:38:57 | INFO: Blender create Mesh node r15_xiaoxiangguan_furniture.001
12:38:57 | INFO: Draco Decoder: Decode primitive r15_xiaoxiangguan_furniture.001
12:38:57 | INFO: Blender create Mesh node r15_xiaoxiangguan_gold.002
12:38:57 | INFO: Draco Decoder: Decode primitive r15_xiaoxiangguan_gold.002
12:38:57 | INFO: Blender create Mesh node r15_xiaoxiangguan_gold.003
12:38:57 | INFO: Draco Decoder: Decode primitive r15_xiaoxiangguan_gold.003
12:38:57 | INFO: Blender create Mesh node r15_xiaoxiangguan_ink.001
12:38:57 | INFO: Draco Decoder: Decode primitive r15_xiaoxiangguan_ink.001
12:38:57 | INFO: Blender create Mesh node r15_xiaoxiangguan_ivory.001
12:38:57 | INFO: Draco Decoder: Decode primitive r15_xiaoxiangguan_ivory.001
12:38:57 | INFO: Blender create Mesh node r15_xiaoxiangguan_lantern.001
12:38:57 | INFO: Draco Decoder: Decode primitive r15_xiaoxiangguan_lantern.001
12:38:57 | INFO: Blender create Mesh node r15_xiaoxiangguan_latticewood.001
12:38:57 | INFO: Draco Decoder: Decode primitive r15_xiaoxiangguan_latticewood.001
12:38:57 | INFO: Blender create Mesh node r15_xiaoxiangguan_paper.001
12:38:57 | INFO: Draco Decoder: Decode primitive r15_xiaoxiangguan_paper.001
12:38:58 | INFO: Blender create Mesh node r15_xiaoxiangguan_plaster.003
12:38:58 | INFO: Draco Decoder: Decode primitive r15_xiaoxiangguan_plaster.003
12:38:58 | INFO: Blender create Mesh node r15_xiaoxiangguan_plaster.004
12:38:58 | INFO: Draco Decoder: Decode primitive r15_xiaoxiangguan_plaster.004
12:38:58 | INFO: Blender create Mesh node r15_xiaoxiangguan_plaster.005
12:38:58 | INFO: Draco Decoder: Decode primitive r15_xiaoxiangguan_plaster.005
12:38:58 | INFO: Blender create Mesh node r15_xiaoxiangguan_qing_jade.001
12:38:58 | INFO: Draco Decoder: Decode primitive r15_xiaoxiangguan_qing_jade.001
12:38:58 | INFO: Blender create Mesh node r15_xiaoxiangguan_roof.001
12:38:58 | INFO: Draco Decoder: Decode primitive r15_xiaoxiangguan_roof.001
12:38:58 | INFO: Blender create Mesh node r15_xiaoxiangguan_screen.001
12:38:58 | INFO: Draco Decoder: Decode primitive r15_xiaoxiangguan_screen.001
12:38:58 | INFO: Blender create Mesh node r15_xiaoxiangguan_silk.001
12:38:58 | INFO: Draco Decoder: Decode primitive r15_xiaoxiangguan_silk.001
12:38:58 | INFO: Blender create Mesh node r15_xiaoxiangguan_stone.001
12:38:58 | INFO: Draco Decoder: Decode primitive r15_xiaoxiangguan_stone.001
12:38:58 | INFO: Blender create Mesh node r15_xiaoxiangguan_tile.001
12:38:58 | INFO: Draco Decoder: Decode primitive r15_xiaoxiangguan_tile.001
12:38:58 | INFO: Blender create Mesh node r15_xiaoxiangguan_tiledark.001
12:38:58 | INFO: Draco Decoder: Decode primitive r15_xiaoxiangguan_tiledark.001
12:38:58 | INFO: Blender create Mesh node r15_xiaoxiangguan_tilelight.001
12:38:58 | INFO: Draco Decoder: Decode primitive r15_xiaoxiangguan_tilelight.001
12:38:58 | INFO: Blender create Mesh node r15_xiaoxiangguan_wood.002
12:38:58 | INFO: Draco Decoder: Decode primitive r15_xiaoxiangguan_wood.002
12:38:58 | INFO: Blender create Mesh node r15_xiaoxiangguan_wood.003
12:38:58 | INFO: Draco Decoder: Decode primitive r15_xiaoxiangguan_wood.003
12:38:58 | INFO: Blender create Mesh node Mobile_yihongyuan_courtbase
12:38:58 | INFO: Draco Decoder: Decode primitive Mobile_yihongyuan_courtbase
12:38:58 | INFO: Blender create Mesh node Mobile_yihongyuan_floorwood
12:38:58 | INFO: Draco Decoder: Decode primitive Mobile_yihongyuan_floorwood
12:38:58 | INFO: Blender create Mesh node Mobile_yihongyuan_gardenstone
12:38:58 | INFO: Draco Decoder: Decode primitive Mobile_yihongyuan_gardenstone
12:38:58 | INFO: Blender create Mesh node Mobile_yihongyuan_limestone
12:38:58 | INFO: Draco Decoder: Decode primitive Mobile_yihongyuan_limestone
12:38:58 | INFO: Blender create Mesh node Mobile_yihongyuan_paving
12:38:58 | INFO: Draco Decoder: Decode primitive Mobile_yihongyuan_paving
12:38:58 | INFO: Blender create Mesh node Mobile_yihongyuan_botanical_bamboo
12:38:58 | INFO: Draco Decoder: Decode primitive Mobile_yihongyuan_botanical_bamboo
12:38:58 | INFO: Blender create Mesh node Mobile_yihongyuan_botanical_banana
12:38:58 | INFO: Draco Decoder: Decode primitive Mobile_yihongyuan_botanical_banana
12:38:58 | INFO: Blender create Mesh node Mobile_yihongyuan_botanical_litter
12:38:58 | INFO: Draco Decoder: Decode primitive Mobile_yihongyuan_botanical_litter
12:38:58 | INFO: Blender create Mesh node Mobile_yihongyuan_botanical_petal
12:38:58 | INFO: Draco Decoder: Decode primitive Mobile_yihongyuan_botanical_petal
12:38:58 | INFO: Blender create Mesh node Mobile_yihongyuan_plants
12:38:58 | INFO: Draco Decoder: Decode primitive Mobile_yihongyuan_plants
12:38:58 | INFO: Blender create Mesh node r15_yihongyuan_bookcloth.001
12:38:58 | INFO: Draco Decoder: Decode primitive r15_yihongyuan_bookcloth.001
12:38:58 | INFO: Blender create Mesh node r15_yihongyuan_bookcover.001
12:38:58 | INFO: Draco Decoder: Decode primitive r15_yihongyuan_bookcover.001
12:38:58 | INFO: Blender create Mesh node r15_yihongyuan_ceramic.001
12:38:58 | INFO: Draco Decoder: Decode primitive r15_yihongyuan_ceramic.001
12:38:58 | INFO: Blender create Mesh node r15_yihongyuan_cutstone.001
12:38:58 | INFO: Draco Decoder: Decode primitive r15_yihongyuan_cutstone.001
12:38:58 | INFO: Blender create Mesh node r15_yihongyuan_darkwood.001
12:38:58 | INFO: Draco Decoder: Decode primitive r15_yihongyuan_darkwood.001
12:38:58 | INFO: Blender create Mesh node r15_yihongyuan_furniture.001
12:38:58 | INFO: Draco Decoder: Decode primitive r15_yihongyuan_furniture.001
12:38:58 | INFO: Blender create Mesh node r15_yihongyuan_gold.002
12:38:58 | INFO: Draco Decoder: Decode primitive r15_yihongyuan_gold.002
12:38:58 | INFO: Blender create Mesh node r15_yihongyuan_gold.003
12:38:58 | INFO: Draco Decoder: Decode primitive r15_yihongyuan_gold.003
12:38:58 | INFO: Blender create Mesh node r15_yihongyuan_ink.001
12:38:58 | INFO: Draco Decoder: Decode primitive r15_yihongyuan_ink.001
12:38:58 | INFO: Blender create Mesh node r15_yihongyuan_ivory.001
12:38:58 | INFO: Draco Decoder: Decode primitive r15_yihongyuan_ivory.001
12:38:58 | INFO: Blender create Mesh node r15_yihongyuan_lantern.001
12:38:58 | INFO: Draco Decoder: Decode primitive r15_yihongyuan_lantern.001
12:38:58 | INFO: Blender create Mesh node r15_yihongyuan_latticewood.001
12:38:58 | INFO: Draco Decoder: Decode primitive r15_yihongyuan_latticewood.001
12:38:58 | INFO: Blender create Mesh node r15_yihongyuan_paper.001
12:38:58 | INFO: Draco Decoder: Decode primitive r15_yihongyuan_paper.001
Blender 4.5.9 LTS (hash 8bf95cbd38d1 built 2026-04-21 01:33:45)
Read blend: "D:\Users\Lenovo\Desktop\大观园\blender\daguanyuan_master.blend"
DracoDecoder | Decoded 1508 vertices, 2262 indices
DracoDecoder | Decoded 183 vertices, 183 indices
DracoDecoder | Decoded 4 vertices, 6 indices
DracoDecoder | Decoded 876 vertices, 1248 indices
DracoDecoder | Decoded 684 vertices, 888 indices
DracoDecoder | Decoded 376 vertices, 516 indices
DracoDecoder | Decoded 12816 vertices, 19344 indices
DracoDecoder | Decoded 1860 vertices, 1860 indices
DracoDecoder | Decoded 96 vertices, 132 indices
DracoDecoder | Decoded 4416 vertices, 6072 indices
DracoDecoder | Decoded 48 vertices, 72 indices
DracoDecoder | Decoded 238 vertices, 354 indices
DracoDecoder | Decoded 384 vertices, 576 indices
DracoDecoder | Decoded 240 vertices, 360 indices
DracoDecoder | Decoded 1272 vertices, 1836 indices
DracoDecoder | Decoded 11495 vertices, 11739 indices
DracoDecoder | Decoded 2396 vertices, 2502 indices
DracoDecoder | Decoded 750 vertices, 750 indices
DracoDecoder | Decoded 9600 vertices, 12714 indices
DracoDecoder | Decoded 11136 vertices, 15312 indices
DracoDecoder | Decoded 2190 vertices, 8301 indices
DracoDecoder | Decoded 273 vertices, 273 indices
DracoDecoder | Decoded 486 vertices, 486 indices
DracoDecoder | Decoded 744 vertices, 744 indices
DracoDecoder | Decoded 1152 vertices, 1728 indices
DracoDecoder | Decoded 18 vertices, 30 indices
DracoDecoder | Decoded 4323 vertices, 4323 indices
DracoDecoder | Decoded 44 vertices, 78 indices
DracoDecoder | Decoded 108 vertices, 108 indices
DracoDecoder | Decoded 186 vertices, 186 indices
DracoDecoder | Decoded 1360 vertices, 1386 indices
DracoDecoder | Decoded 256 vertices, 282 indices
DracoDecoder | Decoded 768 vertices, 1152 indices
DracoDecoder | Decoded 213 vertices, 225 indices
DracoDecoder | Decoded 1294 vertices, 1812 indices
DracoDecoder | Decoded 1266 vertices, 1680 indices
DracoDecoder | Decoded 370 vertices, 474 indices
DracoDecoder | Decoded 12912 vertices, 19488 indices
DracoDecoder | Decoded 864 vertices, 1440 indices
DracoDecoder | Decoded 924 vertices, 924 indices
DracoDecoder | Decoded 1062 vertices, 1062 indices
DracoDecoder | Decoded 320 vertices, 480 indices
DracoDecoder | Decoded 666 vertices, 666 indices
DracoDecoder | Decoded 360 vertices, 360 indices
DracoDecoder | Decoded 192 vertices, 264 indices
DracoDecoder | Decoded 5952 vertices, 8184 indices
DracoDecoder | Decoded 5472 vertices, 7524 indices
DracoDecoder | Decoded 96 vertices, 144 indices
DracoDecoder | Decoded 736 vertices, 1092 indices
DracoDecoder | Decoded 336 vertices, 504 indices
DracoDecoder | Decoded 24 vertices, 36 indices
DracoDecoder | Decoded 307 vertices, 507 indices
DracoDecoder | Decoded 16262 vertices, 16578 indices
DracoDecoder | Decoded 6026 vertices, 6384 indices
DracoDecoder | Decoded 999 vertices, 1035 indices
DracoDecoder | Decoded 14592 vertices, 20064 indices
DracoDecoder | Decoded 9612 vertices, 12864 indices
DracoDecoder | Decoded 4 vertices, 6 indices
DracoDecoder | Decoded 1440 vertices, 2160 indices
DracoDecoder | Decoded 2227 vertices, 8310 indices
DracoDecoder | Decoded 366 vertices, 366 indices
DracoDecoder | Decoded 410 vertices, 618 indices
DracoDecoder | Decoded 357 vertices, 357 indices
DracoDecoder | Decoded 131 vertices, 237 indices
DracoDecoder | Decoded 58 vertices, 60 indices
DracoDecoder | Decoded 186 vertices, 186 indices
DracoDecoder | Decoded 1722 vertices, 1788 indices
DracoDecoder | Decoded 528 vertices, 792 indices
DracoDecoder | Decoded 48 vertices, 72 indices
DracoDecoder | Decoded 560 vertices, 924 indices
DracoDecoder | Decoded 982 vertices, 1356 indices
DracoDecoder | Decoded 1014 vertices, 1308 indices
DracoDecoder | Decoded 250 vertices, 300 indices
DracoDecoder | Decoded 12816 vertices, 19344 indices
DracoDecoder | Decoded 720 vertices, 1176 indices
DracoDecoder | Decoded 752 vertices, 1152 indices
DracoDecoder | Decoded 312 vertices, 468 indices
DracoDecoder | Decoded 320 vertices, 480 indices
DracoDecoder | Decoded 3300 vertices, 3300 indices
DracoDecoder | Decode12:38:58 | INFO: Blender create Mesh node r15_yihongyuan_plaster.003
12:38:58 | INFO: Draco Decoder: Decode primitive r15_yihongyuan_plaster.003
12:38:58 | INFO: Blender create Mesh node r15_yihongyuan_plaster.004
12:38:58 | INFO: Draco Decoder: Decode primitive r15_yihongyuan_plaster.004
12:38:58 | INFO: Blender create Mesh node r15_yihongyuan_plaster.005
12:38:58 | INFO: Draco Decoder: Decode primitive r15_yihongyuan_plaster.005
12:38:58 | INFO: Blender create Mesh node r15_yihongyuan_qing_azurite.001
12:38:58 | INFO: Draco Decoder: Decode primitive r15_yihongyuan_qing_azurite.001
12:38:58 | INFO: Blender create Mesh node r15_yihongyuan_roof.001
12:38:58 | INFO: Draco Decoder: Decode primitive r15_yihongyuan_roof.001
12:38:58 | INFO: Blender create Mesh node r15_yihongyuan_screen.002
12:38:58 | INFO: Draco Decoder: Decode primitive r15_yihongyuan_screen.002
12:38:58 | INFO: Blender create Mesh node r15_yihongyuan_screen.003
12:38:58 | INFO: Draco Decoder: Decode primitive r15_yihongyuan_screen.003
12:38:58 | INFO: Blender create Mesh node r15_yihongyuan_silk.001
12:38:58 | INFO: Draco Decoder: Decode primitive r15_yihongyuan_silk.001
12:38:58 | INFO: Blender create Mesh node r15_yihongyuan_stone.001
12:38:58 | INFO: Draco Decoder: Decode primitive r15_yihongyuan_stone.001
12:38:58 | INFO: Blender create Mesh node r15_yihongyuan_tile.001
12:38:58 | INFO: Draco Decoder: Decode primitive r15_yihongyuan_tile.001
12:38:58 | INFO: Blender create Mesh node r15_yihongyuan_tiledark.001
12:38:58 | INFO: Draco Decoder: Decode primitive r15_yihongyuan_tiledark.001
12:38:58 | INFO: Blender create Mesh node r15_yihongyuan_tilelight.001
12:38:58 | INFO: Draco Decoder: Decode primitive r15_yihongyuan_tilelight.001
12:38:58 | INFO: Blender create Mesh node r15_yihongyuan_wood.002
12:38:58 | INFO: Draco Decoder: Decode primitive r15_yihongyuan_wood.002
12:38:58 | INFO: Blender create Mesh node r15_yihongyuan_wood.003
12:38:58 | INFO: Draco Decoder: Decode primitive r15_yihongyuan_wood.003
12:38:58 | INFO: Blender create Mesh node Mobile_hengwuyuan_courtbase
12:38:58 | INFO: Draco Decoder: Decode primitive Mobile_hengwuyuan_courtbase
12:38:58 | INFO: Blender create Mesh node Mobile_hengwuyuan_floorwood
12:38:58 | INFO: Draco Decoder: Decode primitive Mobile_hengwuyuan_floorwood
12:38:58 | INFO: Blender create Mesh node Mobile_hengwuyuan_gardenstone
12:38:58 | INFO: Draco Decoder: Decode primitive Mobile_hengwuyuan_gardenstone
12:38:58 | INFO: Blender create Mesh node Mobile_hengwuyuan_limestone
12:38:58 | INFO: Draco Decoder: Decode primitive Mobile_hengwuyuan_limestone
12:38:58 | INFO: Blender create Mesh node Mobile_hengwuyuan_paving
12:38:58 | INFO: Draco Decoder: Decode primitive Mobile_hengwuyuan_paving
12:38:58 | INFO: Blender create Mesh node Mobile_hengwuyuan_botanical_bamboo
12:38:58 | INFO: Draco Decoder: Decode primitive Mobile_hengwuyuan_botanical_bamboo
12:38:58 | INFO: Blender create Mesh node Mobile_hengwuyuan_botanical_litter
12:38:58 | INFO: Draco Decoder: Decode primitive Mobile_hengwuyuan_botanical_litter
12:38:58 | INFO: Blender create Mesh node Mobile_hengwuyuan_plants
12:38:58 | INFO: Draco Decoder: Decode primitive Mobile_hengwuyuan_plants
12:38:58 | INFO: Blender create Mesh node r15_hengwuyuan_bookcloth.001
12:38:58 | INFO: Draco Decoder: Decode primitive r15_hengwuyuan_bookcloth.001
12:38:58 | INFO: Blender create Mesh node r15_hengwuyuan_bookcover.001
12:38:58 | INFO: Draco Decoder: Decode primitive r15_hengwuyuan_bookcover.001
12:38:58 | INFO: Blender create Mesh node r15_hengwuyuan_ceramic.001
12:38:58 | INFO: Draco Decoder: Decode primitive r15_hengwuyuan_ceramic.001
12:38:58 | INFO: Blender create Mesh node r15_hengwuyuan_clay.001
12:38:58 | INFO: Draco Decoder: Decode primitive r15_hengwuyuan_clay.001
12:38:58 | INFO: Blender create Mesh node r15_hengwuyuan_cutstone.001
12:38:58 | INFO: Draco Decoder: Decode primitive r15_hengwuyuan_cutstone.001
12:38:58 | INFO: Blender create Mesh node r15_hengwuyuan_darkwood.001
12:38:58 | INFO: Draco Decoder: Decode primitive r15_hengwuyuan_darkwood.001
12:38:58 | INFO: Blender create Mesh node r15_hengwuyuan_furniture.001
12:38:58 | INFO: Draco Decoder: Decode primitive r15_hengwuyuan_furniture.001
12:38:58 | INFO: Blender create Mesh node r15_hengwuyuan_gold.002
12:38:58 | INFO: Draco Decoder: Decode primitive r15_hengwuyuan_gold.002
12:38:58 | INFO: Blender create Mesh node r15_hengwuyuan_gold.003
12:38:58 | INFO: Draco Decoder: Decode primitive r15_hengwuyuan_gold.003
12:38:58 | INFO: Blender create Mesh node r15_hengwuyuan_ink.001
12:38:58 | INFO: Draco Decoder: Decode primitive r15_hengwuyuan_ink.001
12:38:58 | INFO: Blender create Mesh node r15_hengwuyuan_ivory.001
12:38:58 | INFO: Draco Decoder: Decode primitive r15_hengwuyuan_ivory.001
12:38:58 | INFO: Blender create Mesh node r15_hengwuyuan_lantern.001
12:38:58 | INFO: Draco Decoder: Decode primitive r15_hengwuyuan_lantern.001
12:38:58 | INFO: Blender create Mesh node r15_hengwuyuan_latticewood.001
12:38:58 | INFO: Draco Decoder: Decode primitive r15_hengwuyuan_latticewood.001
12:38:58 | INFO: Blender create Mesh node r15_hengwuyuan_paper.001
12:38:58 | INFO: Draco Decoder: Decode primitive r15_hengwuyuan_paper.001
12:38:58 | INFO: Blender create Mesh node r15_hengwuyuan_plaster.003
12:38:58 | INFO: Draco Decoder: Decode primitive r15_hengwuyuan_plaster.003
12:38:58 | INFO: Blender create Mesh node r15_hengwuyuan_plaster.004
12:38:58 | INFO: Draco Decoder: Decode primitive r15_hengwuyuan_plaster.004
12:38:58 | INFO: Blender create Mesh node r15_hengwuyuan_plaster.005
12:38:58 | INFO: Draco Decoder: Decode primitive r15_hengwuyuan_plaster.005
12:38:58 | INFO: Blender create Mesh node r15_hengwuyuan_qing_jade.001
12:38:58 | INFO: Draco Decoder: Decode primitive r15_hengwuyuan_qing_jade.001
12:38:58 | INFO: Blender create Mesh node r15_hengwuyuan_roof.001
12:38:58 | INFO: Draco Decoder: Decode primitive r15_hengwuyuan_roof.001
12:38:58 | INFO: Blender create Mesh node r15_hengwuyuan_screen.002
12:38:58 | INFO: Draco Decoder: Decode primitive r15_hengwuyuan_screen.002
12:38:58 | INFO: Blender create Mesh node r15_hengwuyuan_screen.003
12:38:58 | INFO: Draco Decoder: Decode primitive r15_hengwuyuan_screen.003
12:38:58 | INFO: Blender create Mesh node r15_hengwuyuan_stone.001
12:38:58 | INFO: Draco Decoder: Decode primitive r15_hengwuyuan_stone.001
12:38:58 | INFO: Blender create Mesh node r15_hengwuyuan_tile.001
12:38:58 | INFO: Draco Decoder: Decode primitive r15_hengwuyuan_tile.001
12:38:58 | INFO: Blender create Mesh node r15_hengwuyuan_tiledark.001
12:38:58 | INFO: Draco Decoder: Decode primitive r15_hengwuyuan_tiledark.001
12:38:58 | INFO: Blender create Mesh node r15_hengwuyuan_tilelight.001
12:38:58 | INFO: Draco Decoder: Decode primitive r15_hengwuyuan_tilelight.001
12:38:58 | INFO: Blender create Mesh node r15_hengwuyuan_wood.002
12:38:58 | INFO: Draco Decoder: Decode primitive r15_hengwuyuan_wood.002
12:38:58 | INFO: Blender create Mesh node r15_hengwuyuan_wood.003
12:38:58 | INFO: Draco Decoder: Decode primitive r15_hengwuyuan_wood.003
12:38:58 | INFO: Blender create Mesh node Mobile_qiushuangzhai_courtbase
12:38:58 | INFO: Draco Decoder: Decode primitive Mobile_qiushuangzhai_courtbase
12:38:58 | INFO: Blender create Mesh node Mobile_qiushuangzhai_floorwood
12:38:58 | INFO: Draco Decoder: Decode primitive Mobile_qiushuangzhai_floorwood
12:38:58 | INFO: Blender create Mesh node Mobile_qiushuangzhai_paving
12:38:58 | INFO: Draco Decoder: Decode primitive Mobile_qiushuangzhai_paving
12:38:58 | INFO: Blender create Mesh node Mobile_qiushuangzhai_botanical_bamboo
12:38:58 | INFO: Draco Decoder: Decode primitive Mobile_qiushuangzhai_botanical_bamboo
12:38:58 | INFO: Blender create Mesh node Mobile_qiushuangzhai_botanical_litter
12:38:58 | INFO: Draco Decoder: Decode primitive Mobile_qiushuangzhai_botanical_litter
12:38:58 | INFO: Blender create Mesh node Mobile_qiushuangzhai_plants
12:38:58 | INFO: Draco Decoder: Decode primitive Mobile_qiushuangzhai_plants
12:38:58 | INFO: Blender create Mesh node r15_qiushuangzhai_bookcloth.001
12:38:58 | INFO: Draco Decoder: Decode primitive r15_qiushuangzhai_bookcloth.001
12:38:58 | INFO: Blender create Mesh node r15_qiushuangzhai_bookcover.001
12:38:58 | INFO: Draco Decoder: Decode primitive r15_qiushuangzhai_bookcover.001
12:38:58 | INFO: Blender create Mesh node r15_qiushuangzhai_ceramic.001
12:38:58 | INFO: Draco Decoder: Decode primitive r15_qiushuangzhai_ceramic.001
12:38:58 | INFO: Blender create Mesh node r15_qiushuangzhai_cutstone.001
12:38:58 | INFO: Draco Decoder: Decode primitive r15_qiushuangzhai_cutstone.001
12:38:58 | INFO: Blender create Mesh node r15_qiushuangzhai_darkwood.001
12:38:58 | INFO: Draco Decoder: Decode primitive r15_qiushuangzhai_darkwood.001
12:38:58 | INFO: Blender create Mesh node r15_qiushuangzhai_furniture.001
12:38:58 | INFO: Draco Decoder: Decode primitive r15_qiushuangzhai_furniture.001
12:38:58 | INFO: Blender create Mesh node r15_qiushuangzhai_gold.002
12:38:58 | INFO: Draco Decoder: Decode primitive r15_qiushuangzhai_gold.002
12:38:58 | INFO: Blender create Mesh node r15_qiushuangzhai_gold.003
12:38:58 | INFO: Draco Decoder: Decode primitive r15_qiushuangzhai_gold.003
12:38:58 | INFO: Blender create Mesh node r15_qiushuangzhai_ink.001
12:38:58 | INFO: Draco Decoder: Decode primitive r15_qiushuangzhai_ink.001
12:38:58 | INFO: Blender create Mesh node r15_qiushuangzhai_ivory.001
12:38:58 | INFO: Draco Decoder: Decode primitive r15_qiushuangzhai_ivory.001
12:38:58 | INFO: Blender create Mesh node r15_qiushuangzhai_lantern.001
12:38:58 | INFO: Draco Decoder: Decode primitive r15_qiushuangzhai_lantern.001
12:38:58 | INFO: Blender create Mesh node r15_qiushuangzhai_latticewood.001
12:38:58 | INFO: Draco Decoder: Decode primitive r15_qiushuangzhai_latticewood.001
12:38:58 | INFO: Blender create Mesh node r15_qiushuangzhai_marble.001
12:38:58 | INFO: Draco Decoder: Decode primitive r15_qiushuangzhai_marble.001
12:38:58 | INFO: Blender create Mesh node r15_qiushuangzhai_paper.001
12:38:58 | INFO: Draco Decoder: Decode primitive r15_qiushuangzhai_paper.001
12:38:58 | INFO: Blender create Mesh node r15_qiushuangzhai_plaster.003
12:38:58 | INFO: Draco Decoder: Decode primitive r15_qiushuangzhai_plaster.003
12:38:58 | INFO: Blender create Mesh node r15_qiushuangzhai_plaster.004
12:38:58 | INFO: Draco Decoder: Decode primitive r15_qiushuangzhai_plaster.004
12:38:58 | INFO: Blender create Mesh node r15_qiushuangzhai_plaster.005
12:38:58 | INFO: Draco Decoder: Decode primitive r15_qiushuangzhai_plaster.005
12:38:58 | INFO: Blender create Mesh node r15_qiushuangzhai_qing_azurite.001
12:38:58 | INFO: Draco Decoder: Decode primitive r15_qiushuangzhai_qing_azurite.001
12:38:58 | INFO: Blender create Mesh node r15_qiushuangzhai_roof.001
12:38:58 | INFO: Draco Decoder: Decode primitive r15_qiushuangzhai_roof.001
12:38:58 | INFO: Blender create Mesh node r15_qiushuangzhai_screen.002
12:38:58 | INFO: Draco Decoder: Decode primitive r15_qiushuangzhai_screen.002
12:38:58 | INFO: Blender create Mesh node r15_qiushuangzhai_screen.003
12:38:58 | INFO: Draco Decoder: Decode primitive r15_qiushuangzhai_screen.003
12:38:58 | INFO: Blender create Mesh node r15_qiushuangzhai_silk.001
12:38:58 | INFO: Draco Decoder: Decode primitive r15_qiushuangzhai_silk.001
12:38:58 | INFO: Blender create Mesh node r15_qiushuangzhai_stone.001
12:38:58 | INFO: Draco Decoder: Decode primitive r15_qiushuangzhai_stone.001
12:38:58 | INFO: Blender create Mesh node r15_qiushuangzhai_tile.001
12:38:58 | INFO: Draco Decoder: Decode primitive r15_qiushuangzhai_tile.001
12:38:58 | INFO: Blender create Mesh node r15_qiushuangzhai_tiledark.001
12:38:58 | INFO: Draco Decoder: Decode primitive r15_qiushuangzhai_tiledark.001
12:38:58 | INFO: Blender create Mesh node r15_qiushuangzhai_tilelight.001
12:38:58 | INFO: Draco Decoder: Decode primitive r15_qiushuangzhai_tilelight.001
12:38:58 | INFO: Blender create Mesh node r15_qiushuangzhai_wood.002
12:38:58 | INFO: Draco Decoder: Decode primitive r15_qiushuangzhai_wood.002
12:38:58 | INFO: Blender create Mesh node r15_qiushuangzhai_wood.003
12:38:58 | INFO: Draco Decoder: Decode primitive r15_qiushuangzhai_wood.003
d 340 vertices, 540 indices
DracoDecoder | Decoded 96 vertices, 132 indices
DracoDecoder | Decoded 5280 vertices, 7260 indices
DracoDecoder | Decoded 4800 vertices, 6600 indices
DracoDecoder | Decoded 48 vertices, 72 indices
DracoDecoder | Decoded 878 vertices, 1302 indices
DracoDecoder | Decoded 312 vertices, 468 indices
DracoDecoder | Decoded 120 vertices, 180 indices
DracoDecoder | Decoded 72 vertices, 108 indices
DracoDecoder | Decoded 350 vertices, 600 indices
DracoDecoder | Decoded 23237 vertices, 23697 indices
DracoDecoder | Decoded 8060 vertices, 8526 indices
DracoDecoder | Decoded 1728 vertices, 1752 indices
DracoDecoder | Decoded 13440 vertices, 18480 indices
DracoDecoder | Decoded 9178 vertices, 12192 indices
DracoDecoder | Decoded 8 vertices, 12 indices
DracoDecoder | Decoded 1648 vertices, 2472 indices
DracoDecoder | Decoded 2202 vertices, 8337 indices
DracoDecoder | Decoded 273 vertices, 273 indices
DracoDecoder | Decoded 254 vertices, 384 indices
DracoDecoder | Decoded 393 vertices, 393 indices
DracoDecoder | Decoded 82 vertices, 84 indices
DracoDecoder | Decoded 1547 vertices, 1713 indices
DracoDecoder | Decoded 528 vertices, 792 indices
DracoDecoder | Decoded 48 vertices, 72 indices
DracoDecoder | Decoded 560 vertices, 924 indices
DracoDecoder | Decoded 320 vertices, 480 indices
DracoDecoder | Decoded 1070 vertices, 1488 indices
DracoDecoder | Decoded 958 vertices, 1176 indices
DracoDecoder | Decoded 252 vertices, 300 indices
DracoDecoder | Decoded 720 vertices, 1176 indices
DracoDecoder | Decoded 12816 vertices, 19344 indices
DracoDecoder | Decoded 752 vertices, 1152 indices
DracoDecoder | Decoded 312 vertices, 468 indices
DracoDecoder | Decoded 320 vertices, 480 indices
DracoDecoder | Decoded 612 vertices, 612 indices
DracoDecoder | Decoded 340 vertices, 540 indices
DracoDecoder | Decoded 4800 vertices, 6600 indices
DracoDecoder | Decoded 96 vertices, 132 indices
DracoDecoder | Decoded 5280 vertices, 7260 indices
DracoDecoder | Decoded 48 vertices, 72 indices
DracoDecoder | Decoded 626 vertices, 930 indices
DracoDecoder | Decoded 24 vertices, 36 indices
DracoDecoder | Decoded 312 vertices, 468 indices
DracoDecoder | Decoded 350 vertices, 600 indices
DracoDecoder | Decoded 22283 vertices, 22755 indices
DracoDecoder | Decoded 6254 vertices, 6540 indices
DracoDecoder | Decoded 1524 vertices, 1572 indices
DracoDecoder | Decoded 9239 vertices, 12093 indices
DracoDecoder | Decoded 13440 vertices, 18480 indices
DracoDecoder | Decoded 4 vertices, 6 indices
DracoDecoder | Decoded 1784 vertices, 2676 indices
DracoDecoder | Decoded 594 vertices, 894 indices
DracoDecoder | Decoded 417 vertices, 417 indices
DracoDecoder | Decoded 84 vertices, 84 indices
DracoDecoder | Decoded 1577 vertices, 1707 indices
DracoDecoder | Decoded 434 vertices, 474 indices
DracoDecoder | Decoded 240 vertices, 360 indices
DracoDecoder | Decoded 535 vertices, 609 indices
DracoDecoder | Decoded 796 vertices, 1164 indices
DracoDecoder | Decoded 1676 vertices, 2028 indices
DracoDecoder | Decoded 1444 vertices, 1764 indices
DracoDecoder | Decoded 418 vertices, 426 indices
DracoDecoder | Decoded 7728 vertices, 11664 indices
DracoDecoder | Decoded 686 vertices, 690 indices
DracoDecoder | Decoded 390 vertices, 390 indices
DracoDecoder | Decoded 320 vertices, 480 indices
DracoDecoder | Decoded 1548 vertices, 1548 indices
DracoDecoder | Decoded 24 vertices, 36 indices
DracoDecoder | Decoded 286 vertices, 324 indices
DracoDecoder | Decoded 480 vertices, 660 indices
DracoDecoder | Decoded 96 vertices, 132 indices
DracoDecoder | Decoded 3744 vertices, 5148 indices
DracoDecoder | Decoded 48 vertices, 72 indices
DracoDecoder | Decoded 406 vertices, 606 indices
DracoDecoder | Decoded 192 vertices, 288 indices
DracoDecoder | Decoded 216 vertices, 324 indices
DracoDecoder | Decoded 24 vertices, 36 indices
DracoDecoder | Decoded 350 vertices, 600 indices
DracoDecoder | Decoded 15137 vertices, 15405 indices
DracoDecoder | Decoded 2366 vertices, 2502 indices
DracoDecoder | Decoded 856 vertices, 864 indices
DracoDecoder | Decoded 8349 vertices, 10326 indices
12:38:58 | INFO: Blender create Mesh node Mobile_daoxiangcun_paving
12:38:58 | INFO: Draco Decoder: Decode primitive Mobile_daoxiangcun_paving
12:38:58 | INFO: Blender create Mesh node Mobile_daoxiangcun_plants
12:38:58 | INFO: Draco Decoder: Decode primitive Mobile_daoxiangcun_plants
12:38:58 | INFO: Blender create Mesh node r15_daoxiangcun_clay.001
12:38:58 | INFO: Draco Decoder: Decode primitive r15_daoxiangcun_clay.001
12:38:58 | INFO: Blender create Mesh node r15_daoxiangcun_plaster.001
12:38:58 | INFO: Draco Decoder: Decode primitive r15_daoxiangcun_plaster.001
12:38:58 | INFO: Blender create Mesh node r15_daoxiangcun_qing_clay.001
12:38:58 | INFO: Draco Decoder: Decode primitive r15_daoxiangcun_qing_clay.001
12:38:58 | INFO: Blender create Mesh node r15_daoxiangcun_rusticwood.002
12:38:58 | INFO: Draco Decoder: Decode primitive r15_daoxiangcun_rusticwood.002
12:38:58 | INFO: Blender create Mesh node r15_daoxiangcun_rusticwood.003
12:38:58 | INFO: Draco Decoder: Decode primitive r15_daoxiangcun_rusticwood.003
12:38:58 | INFO: Blender create Mesh node r15_daoxiangcun_screen.002
12:38:58 | INFO: Draco Decoder: Decode primitive r15_daoxiangcun_screen.002
12:38:58 | INFO: Blender create Mesh node r15_daoxiangcun_screen.003
12:38:58 | INFO: Draco Decoder: Decode primitive r15_daoxiangcun_screen.003
12:38:58 | INFO: Blender create Mesh node r15_daoxiangcun_stone.001
12:38:58 | INFO: Draco Decoder: Decode primitive r15_daoxiangcun_stone.001
12:38:58 | INFO: Blender create Mesh node r15_daoxiangcun_thatch.001
12:38:58 | INFO: Draco Decoder: Decode primitive r15_daoxiangcun_thatch.001
12:38:58 | INFO: Blender create Mesh node Mobile_ouxiangxie_plants
12:38:58 | INFO: Draco Decoder: Decode primitive Mobile_ouxiangxie_plants
12:38:58 | INFO: Blender create Mesh node r15_ouxiangxie_bookcloth.001
12:38:58 | INFO: Draco Decoder: Decode primitive r15_ouxiangxie_bookcloth.001
12:38:58 | INFO: Blender create Mesh node r15_ouxiangxie_bookcover.001
12:38:58 | INFO: Draco Decoder: Decode primitive r15_ouxiangxie_bookcover.001
12:38:58 | INFO: Blender create Mesh node r15_ouxiangxie_ceramic.001
12:38:58 | INFO: Draco Decoder: Decode primitive r15_ouxiangxie_ceramic.001
12:38:58 | INFO: Blender create Mesh node r15_ouxiangxie_darkwood.001
12:38:58 | INFO: Draco Decoder: Decode primitive r15_ouxiangxie_darkwood.001
12:38:58 | INFO: Blender create Mesh node r15_ouxiangxie_furniture.001
12:38:58 | INFO: Draco Decoder: Decode primitive r15_ouxiangxie_furniture.001
12:38:58 | INFO: Blender create Mesh node r15_ouxiangxie_gold.002
12:38:58 | INFO: Draco Decoder: Decode primitive r15_ouxiangxie_gold.002
12:38:58 | INFO: Blender create Mesh node r15_ouxiangxie_gold.003
12:38:58 | INFO: Draco Decoder: Decode primitive r15_ouxiangxie_gold.003
12:38:58 | INFO: Blender create Mesh node r15_ouxiangxie_ink.001
12:38:58 | INFO: Draco Decoder: Decode primitive r15_ouxiangxie_ink.001
12:38:58 | INFO: Blender create Mesh node r15_ouxiangxie_ivory.001
12:38:58 | INFO: Draco Decoder: Decode primitive r15_ouxiangxie_ivory.001
12:38:58 | INFO: Blender create Mesh node r15_ouxiangxie_latticewood.001
12:38:58 | INFO: Draco Decoder: Decode primitive r15_ouxiangxie_latticewood.001
12:38:58 | INFO: Blender create Mesh node r15_ouxiangxie_paper.001
12:38:58 | INFO: Draco Decoder: Decode primitive r15_ouxiangxie_paper.001
12:38:58 | INFO: Blender create Mesh node r15_ouxiangxie_plaster.002
12:38:58 | INFO: Draco Decoder: Decode primitive r15_ouxiangxie_plaster.002
12:38:58 | INFO: Blender create Mesh node r15_ouxiangxie_plaster.003
12:38:58 | INFO: Draco Decoder: Decode primitive r15_ouxiangxie_plaster.003
12:38:58 | INFO: Blender create Mesh node r15_ouxiangxie_qing_azurite.001
12:38:58 | INFO: Draco Decoder: Decode primitive r15_ouxiangxie_qing_azurite.001
12:38:58 | INFO: Blender create Mesh node r15_ouxiangxie_roof.001
12:38:58 | INFO: Draco Decoder: Decode primitive r15_ouxiangxie_roof.001
12:38:58 | INFO: Blender create Mesh node r15_ouxiangxie_screen.002
12:38:58 | INFO: Draco Decoder: Decode primitive r15_ouxiangxie_screen.002
12:38:58 | INFO: Blender create Mesh node r15_ouxiangxie_screen.003
12:38:58 | INFO: Draco Decoder: Decode primitive r15_ouxiangxie_screen.003
12:38:58 | INFO: Blender create Mesh node r15_ouxiangxie_stone.001
12:38:58 | INFO: Draco Decoder: Decode primitive r15_ouxiangxie_stone.001
12:38:58 | INFO: Blender create Mesh node r15_ouxiangxie_tile.001
12:38:58 | INFO: Draco Decoder: Decode primitive r15_ouxiangxie_tile.001
12:38:58 | INFO: Blender create Mesh node r15_ouxiangxie_tiledark.001
12:38:58 | INFO: Draco Decoder: Decode primitive r15_ouxiangxie_tiledark.001
12:38:58 | INFO: Blender create Mesh node r15_ouxiangxie_tilelight.001
12:38:58 | INFO: Draco Decoder: Decode primitive r15_ouxiangxie_tilelight.001
12:38:58 | INFO: Blender create Mesh node r15_ouxiangxie_wood.002
12:38:58 | INFO: Draco Decoder: Decode primitive r15_ouxiangxie_wood.002
12:38:58 | INFO: Blender create Mesh node r15_ouxiangxie_wood.003
12:38:58 | INFO: Draco Decoder: Decode primitive r15_ouxiangxie_wood.003
12:38:58 | INFO: Blender create Mesh node r15_dicuiting_darkwood.001
12:38:58 | INFO: Draco Decoder: Decode primitive r15_dicuiting_darkwood.001
12:38:58 | INFO: Blender create Mesh node r15_dicuiting_gold.001
12:38:58 | INFO: Draco Decoder: Decode primitive r15_dicuiting_gold.001
12:38:58 | INFO: Blender create Mesh node r15_dicuiting_lantern.001
12:38:58 | INFO: Draco Decoder: Decode primitive r15_dicuiting_lantern.001
12:38:58 | INFO: Blender create Mesh node r15_dicuiting_roof.001
12:38:58 | INFO: Draco Decoder: Decode primitive r15_dicuiting_roof.001
12:38:58 | INFO: Blender create Mesh node r15_dicuiting_stone.001
12:38:58 | INFO: Draco Decoder: Decode primitive r15_dicuiting_stone.001
12:38:58 | INFO: Blender create Mesh node r15_dicuiting_tile.001
12:38:58 | INFO: Draco Decoder: Decode primitive r15_dicuiting_tile.001
12:38:58 | INFO: Blender create Mesh node r15_dicuiting_tiledark.001
12:38:58 | INFO: Draco Decoder: Decode primitive r15_dicuiting_tiledark.001
12:38:58 | INFO: Blender create Mesh node r15_dicuiting_tilelight.001
12:38:58 | INFO: Draco Decoder: Decode primitive r15_dicuiting_tilelight.001
12:38:58 | INFO: Blender create Mesh node r15_dicuiting_wood.001
12:38:58 | INFO: Draco Decoder: Decode primitive r15_dicuiting_wood.001
12:38:58 | INFO: Blender create Mesh node Mobile_luxuean_paving
12:38:58 | INFO: Draco Decoder: Decode primitive Mobile_luxuean_paving
12:38:58 | INFO: Blender create Mesh node Mobile_luxuean_plants
12:38:58 | INFO: Draco Decoder: Decode primitive Mobile_luxuean_plants
12:38:58 | INFO: Blender create Mesh node r15_luxuean_clay.001
12:38:58 | INFO: Draco Decoder: Decode primitive r15_luxuean_clay.001
12:38:58 | INFO: Blender create Mesh node r15_luxuean_plaster.001
12:38:58 | INFO: Draco Decoder: Decode primitive r15_luxuean_plaster.001
12:38:58 | INFO: Blender create Mesh node r15_luxuean_qing_clay.001
12:38:58 | INFO: Draco Decoder: Decode primitive r15_luxuean_qing_clay.001
12:38:58 | INFO: Blender create Mesh node r15_luxuean_rusticwood.002
12:38:58 | INFO: Draco Decoder: Decode primitive r15_luxuean_rusticwood.002
12:38:58 | INFO: Blender create Mesh node r15_luxuean_rusticwood.003
12:38:58 | INFO: Draco Decoder: Decode primitive r15_luxuean_rusticwood.003
12:38:58 | INFO: Blender create Mesh node r15_luxuean_screen.001
12:38:58 | INFO: Draco Decoder: Decode primitive r15_luxuean_screen.001
12:38:58 | INFO: Blender create Mesh node r15_luxuean_stone.001
12:38:58 | INFO: Draco Decoder: Decode primitive r15_luxuean_stone.001
12:38:58 | INFO: Blender create Mesh node r15_luxuean_thatch.001
12:38:58 | INFO: Draco Decoder: Decode primitive r15_luxuean_thatch.001
12:38:59 | INFO: Blender create Mesh node Mobile_tubishanzhuang_floorwood
12:38:59 | INFO: Draco Decoder: Decode primitive Mobile_tubishanzhuang_floorwood
12:38:59 | INFO: Blender create Mesh node Mobile_tubishanzhuang_paving
12:38:59 | INFO: Draco Decoder: Decode primitive Mobile_tubishanzhuang_paving
12:38:59 | INFO: Blender create Mesh node Mobile_tubishanzhuang_plants
12:38:59 | INFO: Draco Decoder: Decode primitive Mobile_tubishanzhuang_plants
12:38:59 | INFO: Blender create Mesh node r15_tubishanzhuang_cutstone.001
12:38:59 | INFO: Draco Decoder: Decode primitive r15_tubishanzhuang_cutstone.001
12:38:59 | INFO: Blender create Mesh node r15_tubishanzhuang_darkwood.001
12:38:59 | INFO: Draco Decoder: Decode primitive r15_tubishanzhuang_darkwood.001
12:38:59 | INFO: Blender create Mesh node r15_tubishanzhuang_furniture.001
12:38:59 | INFO: Draco Decoder: Decode primitive r15_tubishanzhuang_furniture.001
12:38:59 | INFO: Blender create Mesh node r15_tubishanzhuang_gold.001
12:38:59 | INFO: Draco Decoder: Decode primitive r15_tubishanzhuang_gold.001
12:38:59 | INFO: Blender create Mesh node r15_tubishanzhuang_latticewood.001
12:38:59 | INFO: Draco Decoder: Decode primitive r15_tubishanzhuang_latticewood.001
12:38:59 | INFO: Blender create Mesh node r15_tubishanzhuang_plaster.002
12:38:59 | INFO: Draco Decoder: Decode primitive r15_tubishanzhuang_plaster.002
12:38:59 | INFO: Blender create Mesh node r15_tubishanzhuang_plaster.003
12:38:59 | INFO: Draco Decoder: Decode primitive r15_tubishanzhuang_plaster.003
12:38:59 | INFO: Blender create Mesh node r15_tubishanzhuang_qing_azurite.001
12:38:59 | INFO: Draco Decoder: Decode primitive r15_tubishanzhuang_qing_azurite.001
12:38:59 | INFO: Blender create Mesh node r15_tubishanzhuang_roof.001
12:38:59 | INFO: Draco Decoder: Decode primitive r15_tubishanzhuang_roof.001
12:38:59 | INFO: Blender create Mesh node r15_tubishanzhuang_screen.002
12:38:59 | INFO: Draco Decoder: Decode primitive r15_tubishanzhuang_screen.002
12:38:59 | INFO: Blender create Mesh node r15_tubishanzhuang_screen.003
12:38:59 | INFO: Draco Decoder: Decode primitive r15_tubishanzhuang_screen.003
12:38:59 | INFO: Blender create Mesh node r15_tubishanzhuang_stone.001
12:38:59 | INFO: Draco Decoder: Decode primitive r15_tubishanzhuang_stone.001
12:38:59 | INFO: Blender create Mesh node r15_tubishanzhuang_tile.001
12:38:59 | INFO: Draco Decoder: Decode primitive r15_tubishanzhuang_tile.001
12:38:59 | INFO: Blender create Mesh node r15_tubishanzhuang_tiledark.001
12:38:59 | INFO: Draco Decoder: Decode primitive r15_tubishanzhuang_tiledark.001
12:38:59 | INFO: Blender create Mesh node r15_tubishanzhuang_tilelight.001
12:38:59 | INFO: Draco Decoder: Decode primitive r15_tubishanzhuang_tilelight.001
12:38:59 | INFO: Blender create Mesh node r15_tubishanzhuang_wood.002
12:38:59 | INFO: Draco Decoder: Decode primitive r15_tubishanzhuang_wood.002
12:38:59 | INFO: Blender create Mesh node r15_tubishanzhuang_wood.003
12:38:59 | INFO: Draco Decoder: Decode primitive r15_tubishanzhuang_wood.003
12:38:59 | INFO: Blender create Mesh node Mobile_aojingxiguan_floorwood
12:38:59 | INFO: Draco Decoder: Decode primitive Mobile_aojingxiguan_floorwood
12:38:59 | INFO: Blender create Mesh node Mobile_aojingxiguan_paving
12:38:59 | INFO: Draco Decoder: Decode primitive Mobile_aojingxiguan_paving
12:38:59 | INFO: Blender create Mesh node Mobile_aojingxiguan_plants
12:38:59 | INFO: Draco Decoder: Decode primitive Mobile_aojingxiguan_plants
12:38:59 | INFO: Blender create Mesh node r15_aojingxiguan_cutstone.001
12:38:59 | INFO: Draco Decoder: Decode primitive r15_aojingxiguan_cutstone.001
12:38:59 | INFO: Blender create Mesh node r15_aojingxiguan_darkwood.001
12:38:59 | INFO: Draco Decoder: Decode primitive r15_aojingxiguan_darkwood.001
12:38:59 | INFO: Blender create Mesh node r15_aojingxiguan_furniture.001
12:38:59 | INFO: Draco Decoder: Decode primitive r15_aojingxiguan_furniture.001
12:38:59 | INFO: Blender create Mesh node r15_aojingxiguan_gold.001
12:38:59 | INFO: Draco Decoder: Decode primitive r15_aojingxiguan_gold.001
12:38:59 | INFO: Blender create Mesh node r15_aojingxiguan_latticewood.001
12:38:59 | INFO: Draco Decoder: Decode primitive r15_aojingxiguan_latticewood.001
DracoDecoder | Decoded 9216 vertices, 12672 indices
DracoDecoder | Decoded 30 vertices, 66 indices
DracoDecoder | Decoded 7801 vertices, 7857 indices
DracoDecoder | Decoded 4260 vertices, 5736 indices
DracoDecoder | Decoded 288 vertices, 396 indices
DracoDecoder | Decoded 1656 vertices, 2484 indices
DracoDecoder | Decoded 2458 vertices, 3078 indices
DracoDecoder | Decoded 3456 vertices, 5184 indices
DracoDecoder | Decoded 192 vertices, 288 indices
DracoDecoder | Decoded 360 vertices, 540 indices
DracoDecoder | Decoded 1216 vertices, 1554 indices
DracoDecoder | Decoded 456 vertices, 456 indices
DracoDecoder | Decoded 192 vertices, 324 indices
DracoDecoder | Decoded 528 vertices, 792 indices
DracoDecoder | Decoded 48 vertices, 72 indices
DracoDecoder | Decoded 560 vertices, 924 indices
DracoDecoder | Decoded 2048 vertices, 2880 indices
DracoDecoder | Decoded 250 vertices, 300 indices
DracoDecoder | Decoded 336 vertices, 600 indices
DracoDecoder | Decoded 7728 vertices, 11664 indices
DracoDecoder | Decoded 752 vertices, 1152 indices
DracoDecoder | Decoded 312 vertices, 468 indices
DracoDecoder | Decoded 492 vertices, 492 indices
DracoDecoder | Decoded 340 vertices, 540 indices
DracoDecoder | Decoded 96 vertices, 132 indices
DracoDecoder | Decoded 3744 vertices, 5148 indices
DracoDecoder | Decoded 48 vertices, 72 indices
DracoDecoder | Decoded 286 vertices, 426 indices
DracoDecoder | Decoded 216 vertices, 324 indices
DracoDecoder | Decoded 216 vertices, 324 indices
DracoDecoder | Decoded 1536 vertices, 2208 indices
DracoDecoder | Decoded 10530 vertices, 10722 indices
DracoDecoder | Decoded 1956 vertices, 2076 indices
DracoDecoder | Decoded 614 vertices, 630 indices
DracoDecoder | Decoded 764 vertices, 990 indices
DracoDecoder | Decoded 9216 vertices, 12672 indices
DracoDecoder | Decoded 2680 vertices, 3696 indices
DracoDecoder | Decoded 384 vertices, 384 indices
DracoDecoder | Decoded 212 vertices, 228 indices
DracoDecoder | Decoded 246 vertices, 366 indices
DracoDecoder | Decoded 192 vertices, 276 indices
DracoDecoder | Decoded 5324 vertices, 5460 indices
DracoDecoder | Decoded 1452 vertices, 1494 indices
DracoDecoder | Decoded 231 vertices, 231 indices
DracoDecoder | Decoded 1728 vertices, 2472 indices
DracoDecoder | Decoded 22 vertices, 54 indices
DracoDecoder | Decoded 687 vertices, 735 indices
DracoDecoder | Decoded 2844 vertices, 3804 indices
DracoDecoder | Decoded 96 vertices, 132 indices
DracoDecoder | Decoded 744 vertices, 1116 indices
DracoDecoder | Decoded 894 vertices, 1170 indices
DracoDecoder | Decoded 1584 vertices, 2376 indices
DracoDecoder | Decoded 168 vertices, 252 indices
DracoDecoder | Decoded 578 vertices, 690 indices
DracoDecoder | Decoded 988 vertices, 1014 indices
DracoDecoder | Decoded 1488 vertices, 2232 indices
DracoDecoder | Decoded 764 vertices, 1146 indices
DracoDecoder | Decoded 486 vertices, 486 indices
DracoDecoder | Decoded 686 vertices, 990 indices
DracoDecoder | Decoded 460 vertices, 624 indices
DracoDecoder | Decoded 188 vertices, 258 indices
DracoDecoder | Decoded 7728 vertices, 11664 indices
DracoDecoder | Decoded 1452 vertices, 1452 indices
DracoDecoder | Decoded 96 vertices, 132 indices
DracoDecoder | Decoded 3744 vertices, 5148 indices
DracoDecoder | Decoded 48 vertices, 72 indices
DracoDecoder | Decoded 286 vertices, 426 indices
DracoDecoder | Decoded 216 vertices, 324 indices
DracoDecoder | Decoded 192 vertices, 288 indices
DracoDecoder | Decoded 796 vertices, 996 indices
DracoDecoder | Decoded 11774 vertices, 12018 indices
DracoDecoder | Decoded 2096 vertices, 2220 indices
DracoDecoder | Decoded 682 vertices, 690 indices
DracoDecoder | Decoded 9216 vertices, 12672 indices
DracoDecoder | Decoded 6880 vertices, 9066 indices
DracoDecoder | Decoded 1332 vertices, 1998 indices
DracoDecoder | Decoded 768 vertices, 1158 indices
DracoDecoder | Decoded 486 vertices, 486 indices
DracoDecoder | Decoded 650 vertices, 906 indices
DracoDecoder | Decoded 468 vertices, 624 indices
DracoDecoder | Decoded 182 vertices, 258 indices
DracoDecoder | Decoded 7728 vertices, 11664 indices
DracoDecoder | 12:38:59 | INFO: Blender create Mesh node r15_aojingxiguan_plaster.002
12:38:59 | INFO: Draco Decoder: Decode primitive r15_aojingxiguan_plaster.002
12:38:59 | INFO: Blender create Mesh node r15_aojingxiguan_plaster.003
12:38:59 | INFO: Draco Decoder: Decode primitive r15_aojingxiguan_plaster.003
12:38:59 | INFO: Blender create Mesh node r15_aojingxiguan_qing_azurite.001
12:38:59 | INFO: Draco Decoder: Decode primitive r15_aojingxiguan_qing_azurite.001
12:38:59 | INFO: Blender create Mesh node r15_aojingxiguan_roof.001
12:38:59 | INFO: Draco Decoder: Decode primitive r15_aojingxiguan_roof.001
12:38:59 | INFO: Blender create Mesh node r15_aojingxiguan_screen.002
12:38:59 | INFO: Draco Decoder: Decode primitive r15_aojingxiguan_screen.002
12:38:59 | INFO: Blender create Mesh node r15_aojingxiguan_screen.003
12:38:59 | INFO: Draco Decoder: Decode primitive r15_aojingxiguan_screen.003
12:38:59 | INFO: Blender create Mesh node r15_aojingxiguan_stone.001
12:38:59 | INFO: Draco Decoder: Decode primitive r15_aojingxiguan_stone.001
12:38:59 | INFO: Blender create Mesh node r15_aojingxiguan_tile.001
12:38:59 | INFO: Draco Decoder: Decode primitive r15_aojingxiguan_tile.001
12:38:59 | INFO: Blender create Mesh node r15_aojingxiguan_tiledark.001
12:38:59 | INFO: Draco Decoder: Decode primitive r15_aojingxiguan_tiledark.001
12:38:59 | INFO: Blender create Mesh node r15_aojingxiguan_tilelight.001
12:38:59 | INFO: Draco Decoder: Decode primitive r15_aojingxiguan_tilelight.001
12:38:59 | INFO: Blender create Mesh node r15_aojingxiguan_wood.002
12:38:59 | INFO: Draco Decoder: Decode primitive r15_aojingxiguan_wood.002
12:38:59 | INFO: Blender create Mesh node r15_aojingxiguan_wood.003
12:38:59 | INFO: Draco Decoder: Decode primitive r15_aojingxiguan_wood.003
12:38:59 | INFO: Blender create Mesh node Mobile_daguanlou_courtbase
12:38:59 | INFO: Draco Decoder: Decode primitive Mobile_daguanlou_courtbase
12:38:59 | INFO: Blender create Mesh node Mobile_daguanlou_floorwood
12:38:59 | INFO: Draco Decoder: Decode primitive Mobile_daguanlou_floorwood
12:38:59 | INFO: Blender create Mesh node Mobile_daguanlou_limestone
12:38:59 | INFO: Draco Decoder: Decode primitive Mobile_daguanlou_limestone
12:38:59 | INFO: Blender create Mesh node Mobile_daguanlou_paving
12:38:59 | INFO: Draco Decoder: Decode primitive Mobile_daguanlou_paving
12:38:59 | INFO: Blender create Mesh node Mobile_daguanlou_botanical_bamboo
12:38:59 | INFO: Draco Decoder: Decode primitive Mobile_daguanlou_botanical_bamboo
12:38:59 | INFO: Blender create Mesh node Mobile_daguanlou_botanical_litter
12:38:59 | INFO: Draco Decoder: Decode primitive Mobile_daguanlou_botanical_litter
12:38:59 | INFO: Blender create Mesh node Mobile_daguanlou_plants
12:38:59 | INFO: Draco Decoder: Decode primitive Mobile_daguanlou_plants
12:38:59 | INFO: Blender create Mesh node r15_daguanlou_bookcloth.001
12:38:59 | INFO: Draco Decoder: Decode primitive r15_daguanlou_bookcloth.001
12:38:59 | INFO: Blender create Mesh node r15_daguanlou_bookcover.001
12:38:59 | INFO: Draco Decoder: Decode primitive r15_daguanlou_bookcover.001
12:38:59 | INFO: Blender create Mesh node r15_daguanlou_ceramic.001
12:38:59 | INFO: Draco Decoder: Decode primitive r15_daguanlou_ceramic.001
12:38:59 | INFO: Blender create Mesh node r15_daguanlou_cutstone.001
12:38:59 | INFO: Draco Decoder: Decode primitive r15_daguanlou_cutstone.001
12:38:59 | INFO: Blender create Mesh node r15_daguanlou_darkwood.001
12:38:59 | INFO: Draco Decoder: Decode primitive r15_daguanlou_darkwood.001
12:38:59 | INFO: Blender create Mesh node r15_daguanlou_furniture.001
12:38:59 | INFO: Draco Decoder: Decode primitive r15_daguanlou_furniture.001
12:38:59 | INFO: Blender create Mesh node r15_daguanlou_gold.002
12:38:59 | INFO: Draco Decoder: Decode primitive r15_daguanlou_gold.002
12:38:59 | INFO: Blender create Mesh node r15_daguanlou_gold.003
12:38:59 | INFO: Draco Decoder: Decode primitive r15_daguanlou_gold.003
12:38:59 | INFO: Blender create Mesh node r15_daguanlou_goldroof.001
12:38:59 | INFO: Draco Decoder: Decode primitive r15_daguanlou_goldroof.001
12:38:59 | INFO: Blender create Mesh node r15_daguanlou_goldtile.001
12:38:59 | INFO: Draco Decoder: Decode primitive r15_daguanlou_goldtile.001
12:38:59 | INFO: Blender create Mesh node r15_daguanlou_goldtiledark.001
12:38:59 | INFO: Draco Decoder: Decode primitive r15_daguanlou_goldtiledark.001
12:38:59 | INFO: Blender create Mesh node r15_daguanlou_goldtilelight.001
12:38:59 | INFO: Draco Decoder: Decode primitive r15_daguanlou_goldtilelight.001
12:38:59 | INFO: Blender create Mesh node r15_daguanlou_ink.001
12:38:59 | INFO: Draco Decoder: Decode primitive r15_daguanlou_ink.001
12:38:59 | INFO: Blender create Mesh node r15_daguanlou_ivory.001
12:38:59 | INFO: Draco Decoder: Decode primitive r15_daguanlou_ivory.001
12:38:59 | INFO: Blender create Mesh node r15_daguanlou_lantern.001
12:38:59 | INFO: Draco Decoder: Decode primitive r15_daguanlou_lantern.001
12:38:59 | INFO: Blender create Mesh node r15_daguanlou_latticewood.001
12:38:59 | INFO: Draco Decoder: Decode primitive r15_daguanlou_latticewood.001
12:38:59 | INFO: Blender create Mesh node r15_daguanlou_paper.001
12:38:59 | INFO: Draco Decoder: Decode primitive r15_daguanlou_paper.001
12:38:59 | INFO: Blender create Mesh node r15_daguanlou_plaster.003
12:38:59 | INFO: Draco Decoder: Decode primitive r15_daguanlou_plaster.003
12:38:59 | INFO: Blender create Mesh node r15_daguanlou_plaster.004
12:38:59 | INFO: Draco Decoder: Decode primitive r15_daguanlou_plaster.004
12:38:59 | INFO: Blender create Mesh node r15_daguanlou_plaster.005
12:38:59 | INFO: Draco Decoder: Decode primitive r15_daguanlou_plaster.005
12:38:59 | INFO: Blender create Mesh node r15_daguanlou_qing_azurite.001
12:38:59 | INFO: Draco Decoder: Decode primitive r15_daguanlou_qing_azurite.001
12:38:59 | INFO: Blender create Mesh node r15_daguanlou_screen.002
12:38:59 | INFO: Draco Decoder: Decode primitive r15_daguanlou_screen.002
12:38:59 | INFO: Blender create Mesh node r15_daguanlou_screen.003
12:38:59 | INFO: Draco Decoder: Decode primitive r15_daguanlou_screen.003
12:38:59 | INFO: Blender create Mesh node r15_daguanlou_stone.001
12:38:59 | INFO: Draco Decoder: Decode primitive r15_daguanlou_stone.001
12:38:59 | INFO: Blender create Mesh node r15_daguanlou_wood.002
12:38:59 | INFO: Draco Decoder: Decode primitive r15_daguanlou_wood.002
12:38:59 | INFO: Blender create Mesh node r15_daguanlou_wood.003
12:38:59 | INFO: Draco Decoder: Decode primitive r15_daguanlou_wood.003
12:39:00 | INFO: Blender create Mesh node Mobile_longcuian_courtbase
12:39:00 | INFO: Draco Decoder: Decode primitive Mobile_longcuian_courtbase
12:39:00 | INFO: Blender create Mesh node Mobile_longcuian_floorwood
12:39:00 | INFO: Draco Decoder: Decode primitive Mobile_longcuian_floorwood
12:39:00 | INFO: Blender create Mesh node Mobile_longcuian_paving
12:39:00 | INFO: Draco Decoder: Decode primitive Mobile_longcuian_paving
12:39:00 | INFO: Blender create Mesh node Mobile_longcuian_plants
12:39:00 | INFO: Draco Decoder: Decode primitive Mobile_longcuian_plants
12:39:00 | INFO: Blender create Mesh node r15_longcuian_bookcloth.001
12:39:00 | INFO: Draco Decoder: Decode primitive r15_longcuian_bookcloth.001
12:39:00 | INFO: Blender create Mesh node r15_longcuian_bookcover.001
12:39:00 | INFO: Draco Decoder: Decode primitive r15_longcuian_bookcover.001
12:39:00 | INFO: Blender create Mesh node r15_longcuian_ceramic.001
12:39:00 | INFO: Draco Decoder: Decode primitive r15_longcuian_ceramic.001
12:39:00 | INFO: Blender create Mesh node r15_longcuian_cutstone.001
12:39:00 | INFO: Draco Decoder: Decode primitive r15_longcuian_cutstone.001
12:39:00 | INFO: Blender create Mesh node r15_longcuian_darkwood.001
12:39:00 | INFO: Draco Decoder: Decode primitive r15_longcuian_darkwood.001
12:39:00 | INFO: Blender create Mesh node r15_longcuian_furniture.001
12:39:00 | INFO: Draco Decoder: Decode primitive r15_longcuian_furniture.001
12:39:00 | INFO: Blender create Mesh node r15_longcuian_gold.002
12:39:00 | INFO: Draco Decoder: Decode primitive r15_longcuian_gold.002
12:39:00 | INFO: Blender create Mesh node r15_longcuian_gold.003
12:39:00 | INFO: Draco Decoder: Decode primitive r15_longcuian_gold.003
12:39:00 | INFO: Blender create Mesh node r15_longcuian_ink.001
12:39:00 | INFO: Draco Decoder: Decode primitive r15_longcuian_ink.001
12:39:00 | INFO: Blender create Mesh node r15_longcuian_ivory.001
12:39:00 | INFO: Draco Decoder: Decode primitive r15_longcuian_ivory.001
12:39:00 | INFO: Blender create Mesh node r15_longcuian_latticewood.001
12:39:00 | INFO: Draco Decoder: Decode primitive r15_longcuian_latticewood.001
12:39:00 | INFO: Blender create Mesh node r15_longcuian_paper.001
12:39:00 | INFO: Draco Decoder: Decode primitive r15_longcuian_paper.001
12:39:00 | INFO: Blender create Mesh node r15_longcuian_plaster.003
12:39:00 | INFO: Draco Decoder: Decode primitive r15_longcuian_plaster.003
12:39:00 | INFO: Blender create Mesh node r15_longcuian_plaster.004
12:39:00 | INFO: Draco Decoder: Decode primitive r15_longcuian_plaster.004
12:39:00 | INFO: Blender create Mesh node r15_longcuian_plaster.005
12:39:00 | INFO: Draco Decoder: Decode primitive r15_longcuian_plaster.005
12:39:00 | INFO: Blender create Mesh node r15_longcuian_qing_jade.001
12:39:00 | INFO: Draco Decoder: Decode primitive r15_longcuian_qing_jade.001
12:39:00 | INFO: Blender create Mesh node r15_longcuian_roof.001
12:39:00 | INFO: Draco Decoder: Decode primitive r15_longcuian_roof.001
12:39:00 | INFO: Blender create Mesh node r15_longcuian_screen.002
12:39:00 | INFO: Draco Decoder: Decode primitive r15_longcuian_screen.002
12:39:00 | INFO: Blender create Mesh node r15_longcuian_screen.003
12:39:00 | INFO: Draco Decoder: Decode primitive r15_longcuian_screen.003
12:39:00 | INFO: Blender create Mesh node r15_longcuian_stone.001
12:39:00 | INFO: Draco Decoder: Decode primitive r15_longcuian_stone.001
12:39:00 | INFO: Blender create Mesh node r15_longcuian_tile.001
12:39:00 | INFO: Draco Decoder: Decode primitive r15_longcuian_tile.001
12:39:00 | INFO: Blender create Mesh node r15_longcuian_tiledark.001
12:39:00 | INFO: Draco Decoder: Decode primitive r15_longcuian_tiledark.001
12:39:00 | INFO: Blender create Mesh node r15_longcuian_tilelight.001
12:39:00 | INFO: Draco Decoder: Decode primitive r15_longcuian_tilelight.001
12:39:00 | INFO: Blender create Mesh node r15_longcuian_wood.002
12:39:00 | INFO: Draco Decoder: Decode primitive r15_longcuian_wood.002
12:39:00 | INFO: Blender create Mesh node r15_longcuian_wood.003
12:39:00 | INFO: Draco Decoder: Decode primitive r15_longcuian_wood.003
12:39:00 | INFO: Blender create Mesh node Mobile_nuanxiangwu_courtbase
12:39:00 | INFO: Draco Decoder: Decode primitive Mobile_nuanxiangwu_courtbase
12:39:00 | INFO: Blender create Mesh node Mobile_nuanxiangwu_floorwood
12:39:00 | INFO: Draco Decoder: Decode primitive Mobile_nuanxiangwu_floorwood
12:39:00 | INFO: Blender create Mesh node Mobile_nuanxiangwu_paving
12:39:00 | INFO: Draco Decoder: Decode primitive Mobile_nuanxiangwu_paving
12:39:00 | INFO: Blender create Mesh node Mobile_nuanxiangwu_plants
12:39:00 | INFO: Draco Decoder: Decode primitive Mobile_nuanxiangwu_plants
12:39:00 | INFO: Blender create Mesh node r15_nuanxiangwu_bookcloth.001
12:39:00 | INFO: Draco Decoder: Decode primitive r15_nuanxiangwu_bookcloth.001
12:39:00 | INFO: Blender create Mesh node r15_nuanxiangwu_bookcover.001
12:39:00 | INFO: Draco Decoder: Decode primitive r15_nuanxiangwu_bookcover.001
12:39:00 | INFO: Blender create Mesh node r15_nuanxiangwu_ceramic.001
12:39:00 | INFO: Draco Decoder: Decode primitive r15_nuanxiangwu_ceramic.001
Decoded 1128 vertices, 1128 indices
DracoDecoder | Decoded 96 vertices, 132 indices
DracoDecoder | Decoded 3744 vertices, 5148 indices
DracoDecoder | Decoded 48 vertices, 72 indices
DracoDecoder | Decoded 286 vertices, 426 indices
DracoDecoder | Decoded 192 vertices, 288 indices
DracoDecoder | Decoded 216 vertices, 324 indices
DracoDecoder | Decoded 842 vertices, 1020 indices
DracoDecoder | Decoded 10807 vertices, 10911 indices
DracoDecoder | Decoded 1936 vertices, 2058 indices
DracoDecoder | Decoded 608 vertices, 648 indices
DracoDecoder | Decoded 6612 vertices, 8670 indices
DracoDecoder | Decoded 9216 vertices, 12672 indices
DracoDecoder | Decoded 8 vertices, 12 indices
DracoDecoder | Decoded 14416 vertices, 21624 indices
DracoDecoder | Decoded 2175 vertices, 2199 indices
DracoDecoder | Decoded 2842 vertices, 4314 indices
DracoDecoder | Decoded 1287 vertices, 1287 indices
DracoDecoder | Decoded 423 vertices, 423 indices
DracoDecoder | Decoded 1809 vertices, 1809 indices
DracoDecoder | Decoded 528 vertices, 792 indices
DracoDecoder | Decoded 48 vertices, 72 indices
DracoDecoder | Decoded 214 vertices, 222 indices
DracoDecoder | Decoded 6510 vertices, 9114 indices
DracoDecoder | Decoded 9267 vertices, 11148 indices
DracoDecoder | Decoded 2132 vertices, 2892 indices
DracoDecoder | Decoded 5892 vertices, 5892 indices
DracoDecoder | Decoded 82176 vertices, 124032 indices
DracoDecoder | Decoded 3638 vertices, 5418 indices
DracoDecoder | Decoded 175785 vertices, 181929 indices
DracoDecoder | Decoded 36478 vertices, 38466 indices
DracoDecoder | Decoded 12218 vertices, 12726 indices
DracoDecoder | Decoded 752 vertices, 1152 indices
DracoDecoder | Decoded 312 vertices, 468 indices
DracoDecoder | Decoded 3266 vertices, 3510 indices
DracoDecoder | Decoded 11076 vertices, 11076 indices
DracoDecoder | Decoded 340 vertices, 540 indices
DracoDecoder | Decoded 5088 vertices, 6996 indices
DracoDecoder | Decoded 768 vertices, 1056 indices
DracoDecoder | Decoded 38400 vertices, 52800 indices
DracoDecoder | Decoded 384 vertices, 576 indices
DracoDecoder | Decoded 480 vertices, 480 indices
DracoDecoder | Decoded 2256 vertices, 3384 indices
DracoDecoder | Decoded 4334 vertices, 5832 indices
DracoDecoder | Decoded 72929 vertices, 97845 indices
DracoDecoder | Decoded 95808 vertices, 131736 indices
DracoDecoder | Decoded 4 vertices, 6 indices
DracoDecoder | Decoded 1860 vertices, 2790 indices
DracoDecoder | Decoded 318 vertices, 480 indices
DracoDecoder | Decoded 3814 vertices, 3825 indices
DracoDecoder | Decoded 528 vertices, 792 indices
DracoDecoder | Decoded 48 vertices, 72 indices
DracoDecoder | Decoded 161 vertices, 165 indices
DracoDecoder | Decoded 1266 vertices, 1746 indices
DracoDecoder | Decoded 1110 vertices, 1452 indices
DracoDecoder | Decoded 444 vertices, 558 indices
DracoDecoder | Decoded 336 vertices, 600 indices
DracoDecoder | Decoded 15456 vertices, 23328 indices
DracoDecoder | Decoded 752 vertices, 1152 indices
DracoDecoder | Decoded 312 vertices, 468 indices
DracoDecoder | Decoded 1128 vertices, 1128 indices
DracoDecoder | Decoded 340 vertices, 540 indices
DracoDecoder | Decoded 3264 vertices, 4488 indices
DracoDecoder | Decoded 192 vertices, 264 indices
DracoDecoder | Decoded 6720 vertices, 9240 indices
DracoDecoder | Decoded 96 vertices, 144 indices
DracoDecoder | Decoded 690 vertices, 1026 indices
DracoDecoder | Decoded 192 vertices, 288 indices
DracoDecoder | Decoded 384 vertices, 576 indices
DracoDecoder | Decoded 307 vertices, 507 indices
DracoDecoder | Decoded 19958 vertices, 20346 indices
DracoDecoder | Decoded 5332 vertices, 5676 indices
DracoDecoder | Decoded 1092 vertices, 1104 indices
DracoDecoder | Decoded 11864 vertices, 15708 indices
DracoDecoder | Decoded 16704 vertices, 22968 indices
DracoDecoder | Decoded 4 vertices, 6 indices
DracoDecoder | Decoded 1232 vertices, 1848 indices
DracoDecoder | Decoded 266 vertices, 420 indices
DracoDecoder | Decoded 2238 vertices, 2262 indices
DracoDecoder | Decoded 528 vertices, 792 indices
DracoDecoder | Decoded 48 vertices, 72 indices
DracoDecoder | Decoded 168 vertices, 112:39:00 | INFO: Blender create Mesh node r15_nuanxiangwu_cutstone.001
12:39:00 | INFO: Draco Decoder: Decode primitive r15_nuanxiangwu_cutstone.001
12:39:00 | INFO: Blender create Mesh node r15_nuanxiangwu_darkwood.001
12:39:00 | INFO: Draco Decoder: Decode primitive r15_nuanxiangwu_darkwood.001
12:39:00 | INFO: Blender create Mesh node r15_nuanxiangwu_furniture.001
12:39:00 | INFO: Draco Decoder: Decode primitive r15_nuanxiangwu_furniture.001
12:39:00 | INFO: Blender create Mesh node r15_nuanxiangwu_gold.002
12:39:00 | INFO: Draco Decoder: Decode primitive r15_nuanxiangwu_gold.002
12:39:00 | INFO: Blender create Mesh node r15_nuanxiangwu_gold.003
12:39:00 | INFO: Draco Decoder: Decode primitive r15_nuanxiangwu_gold.003
12:39:00 | INFO: Blender create Mesh node r15_nuanxiangwu_ink.001
12:39:00 | INFO: Draco Decoder: Decode primitive r15_nuanxiangwu_ink.001
12:39:00 | INFO: Blender create Mesh node r15_nuanxiangwu_ivory.001
12:39:00 | INFO: Draco Decoder: Decode primitive r15_nuanxiangwu_ivory.001
12:39:00 | INFO: Blender create Mesh node r15_nuanxiangwu_latticewood.001
12:39:00 | INFO: Draco Decoder: Decode primitive r15_nuanxiangwu_latticewood.001
12:39:00 | INFO: Blender create Mesh node r15_nuanxiangwu_paper.001
12:39:00 | INFO: Draco Decoder: Decode primitive r15_nuanxiangwu_paper.001
12:39:00 | INFO: Blender create Mesh node r15_nuanxiangwu_plaster.002
12:39:00 | INFO: Draco Decoder: Decode primitive r15_nuanxiangwu_plaster.002
12:39:00 | INFO: Blender create Mesh node r15_nuanxiangwu_plaster.003
12:39:00 | INFO: Draco Decoder: Decode primitive r15_nuanxiangwu_plaster.003
12:39:00 | INFO: Blender create Mesh node r15_nuanxiangwu_qing_azurite.001
12:39:00 | INFO: Draco Decoder: Decode primitive r15_nuanxiangwu_qing_azurite.001
12:39:00 | INFO: Blender create Mesh node r15_nuanxiangwu_roof.001
12:39:00 | INFO: Draco Decoder: Decode primitive r15_nuanxiangwu_roof.001
12:39:00 | INFO: Blender create Mesh node r15_nuanxiangwu_screen.002
12:39:00 | INFO: Draco Decoder: Decode primitive r15_nuanxiangwu_screen.002
12:39:00 | INFO: Blender create Mesh node r15_nuanxiangwu_screen.003
12:39:00 | INFO: Draco Decoder: Decode primitive r15_nuanxiangwu_screen.003
12:39:00 | INFO: Blender create Mesh node r15_nuanxiangwu_silk.001
12:39:00 | INFO: Draco Decoder: Decode primitive r15_nuanxiangwu_silk.001
12:39:00 | INFO: Blender create Mesh node r15_nuanxiangwu_stone.001
12:39:00 | INFO: Draco Decoder: Decode primitive r15_nuanxiangwu_stone.001
12:39:00 | INFO: Blender create Mesh node r15_nuanxiangwu_tile.001
12:39:00 | INFO: Draco Decoder: Decode primitive r15_nuanxiangwu_tile.001
12:39:00 | INFO: Blender create Mesh node r15_nuanxiangwu_tiledark.001
12:39:00 | INFO: Draco Decoder: Decode primitive r15_nuanxiangwu_tiledark.001
12:39:00 | INFO: Blender create Mesh node r15_nuanxiangwu_tilelight.001
12:39:00 | INFO: Draco Decoder: Decode primitive r15_nuanxiangwu_tilelight.001
12:39:00 | INFO: Blender create Mesh node r15_nuanxiangwu_wood.002
12:39:00 | INFO: Draco Decoder: Decode primitive r15_nuanxiangwu_wood.002
12:39:00 | INFO: Blender create Mesh node r15_nuanxiangwu_wood.003
12:39:00 | INFO: Draco Decoder: Decode primitive r15_nuanxiangwu_wood.003
12:39:00 | INFO: Blender create Mesh node landscape_lantern
12:39:00 | INFO: Draco Decoder: Decode primitive landscape_lantern
12:39:00 | INFO: Blender create Mesh node Mobile_landscape
12:39:00 | INFO: Draco Decoder: Decode primitive Mobile_landscape
12:39:00 | INFO: Blender create Mesh node Mobile_landscape_paving
12:39:00 | INFO: Draco Decoder: Decode primitive Mobile_landscape_paving
12:39:00 | INFO: Blender create Mesh node Mobile_landscape_limestone
12:39:00 | INFO: Draco Decoder: Decode primitive Mobile_landscape_limestone
12:39:00 | INFO: Blender create Mesh node Mobile_landscape_roofshell
12:39:00 | INFO: Draco Decoder: Decode primitive Mobile_landscape_roofshell
12:39:00 | INFO: Blender create Mesh node Mobile_landscape_earth
12:39:00 | INFO: Draco Decoder: Decode primitive Mobile_landscape_earth
12:39:00 | INFO: Blender create Mesh node Mobile_landscape_bankstone
12:39:00 | INFO: Draco Decoder: Decode primitive Mobile_landscape_bankstone
12:39:00 | INFO: Blender create Mesh node Mobile_landscape_plants
12:39:00 | INFO: Draco Decoder: Decode primitive Mobile_landscape_plants
12:39:00 | INFO: Blender create Mesh node Mobile_landscape_botanical_bamboo
12:39:00 | INFO: Draco Decoder: Decode primitive Mobile_landscape_botanical_bamboo
12:39:00 | INFO: glTF import finished in 3.21s
PAVING COVERAGE 1278 missing 1278
68 indices
DracoDecoder | Decoded 646 vertices, 906 indices
DracoDecoder | Decoded 728 vertices, 948 indices
DracoDecoder | Decoded 436 vertices, 558 indices
DracoDecoder | Decoded 336 vertices, 600 indices
DracoDecoder | Decoded 7728 vertices, 11664 indices
DracoDecoder | Decoded 752 vertices, 1152 indices
DracoDecoder | Decoded 312 vertices, 468 indices
DracoDecoder | Decoded 1464 vertices, 1464 indices
DracoDecoder | Decoded 364 vertices, 576 indices
DracoDecoder | Decoded 96 vertices, 132 indices
DracoDecoder | Decoded 3744 vertices, 5148 indices
DracoDecoder | Decoded 48 vertices, 72 indices
DracoDecoder | Decoded 506 vertices, 750 indices
DracoDecoder | Decoded 216 vertices, 324 indices
DracoDecoder | Decoded 216 vertices, 324 indices
DracoDecoder | Decoded 48 vertices, 72 indices
DracoDecoder | Decoded 1136 vertices, 1572 indices
DracoDecoder | Decoded 15378 vertices, 15690 indices
DracoDecoder | Decoded 5056 vertices, 5352 indices
DracoDecoder | Decoded 1191 vertices, 1191 indices
DracoDecoder | Decoded 7197 vertices, 9435 indices
DracoDecoder | Decoded 9216 vertices, 12672 indices
DracoDecoder | Decoded 1744 vertices, 1824 indices
DracoDecoder | Decoded 59161 vertices, 70887 indices
DracoDecoder | Decoded 20980 vertices, 33252 indices
DracoDecoder | Decoded 352924 vertices, 353376 indices
DracoDecoder | Decoded 1334 vertices, 1974 indices
DracoDecoder | Decoded 4227 vertices, 21927 indices
DracoDecoder | Decoded 6444 vertices, 9666 indices
DracoDecoder | Decoded 22138 vertices, 23226 indices
DracoDecoder | Decoded 16431 vertices, 16431 indices
Traceback (most recent call last):
  File "D:\Users\Lenovo\Desktop\大观园\blender\check_roof_coverage.py", line 61, in <module>
    if not report['passed']:raise RuntimeError('The overview loses structural surfaces; see the revision coverage report')
                            ^^^^^^^^^^^^^^^^^^^^^^^^^^^^^^^^^^^^^^^^^^^^^^^^^^^^^^^^^^^^^^^^^^^^^^^^^^^^^^^^^^^^^^^^^^^^^^
RuntimeError: The overview loses structural surfaces; see the revision coverage report

Error: script failed, file: 'blender/check_roof_coverage.py', exiting.

Blender quit
file:///D:/Users/Lenovo/Desktop/%E5%A4%A7%E8%A7%82%E5%9B%AD/scripts/pipeline.mjs:12
const run=(cmd,args)=>{const r=spawnSync(cmd,args,{stdio:'inherit',shell:false});if(r.status!==0)throw new Error(`${cmd} exited ${r.status}`)};
                                                                                                       ^

Error: D:\Users\Lenovo\Desktop\大观园\.tools\blender-4.5.9-windows-x64\blender.exe exited 1
    at run (file:///D:/Users/Lenovo/Desktop/%E5%A4%A7%E8%A7%82%E5%9B%AD/scripts/pipeline.mjs:12:104)
    at file:///D:/Users/Lenovo/Desktop/%E5%A4%A7%E8%A7%82%E5%9B%AD/scripts/pipeline.mjs:78:2
    at ModuleJob.run (node:internal/modules/esm/module_job:413:25)
    at async onImport.tracePromise.__proto__ (node:internal/modules/esm/loader:660:26)
    at async asyncRunEntryPointWithESMLoader (node:internal/modules/run_main:101:5)

Node.js v24.12.0
