
> daguanyuan-rumeng@1.0.0 models:architecture
> node scripts/pipeline.mjs models-architecture

Blender 4.5.9 LTS (hash 8bf95cbd38d1 built 2026-04-21 01:33:45)
Fra:1 Mem:22.42M (Peak 26.41M) | Time:15:58:29.44 | Mem:0.00M, Peak:0.00M | Scene | Synchronizing object | Plane
Fra:1 Mem:22.42M (Peak 26.41M) | Time:15:58:29.44 | Mem:0.00M, Peak:0.00M | Scene | Initializing
Fra:1 Mem:22.42M (Peak 26.41M) | Time:15:58:29.44 | Mem:0.00M, Peak:0.00M | Scene | Updating Images | Loading r15_wood_diff
Fra:1 Mem:22.38M (Peak 60.58M) | Time:15:58:29.59 | Mem:0.00M, Peak:0.00M | Scene | Synchronizing object | Plane
Fra:1 Mem:22.38M (Peak 60.58M) | Time:15:58:29.59 | Mem:0.00M, Peak:0.00M | Scene | Initializing
Fra:1 Mem:22.37M (Peak 60.58M) | Time:15:58:29.59 | Mem:0.00M, Peak:0.00M | Scene | Updating Images | Loading r15_wood_nor_gl
Fra:1 Mem:22.39M (Peak 60.58M) | Time:15:58:29.68 | Mem:0.00M, Peak:0.00M | Scene | Synchronizing object | Plane
Fra:1 Mem:22.39M (Peak 60.58M) | Time:15:58:29.68 | Mem:0.00M, Peak:0.00M | Scene | Initializing
Fra:1 Mem:22.39M (Peak 60.58M) | Time:15:58:29.68 | Mem:0.00M, Peak:0.00M | Scene | Updating Images | Loading r15_wood_rough
Info: Baking map saved to internal image, save it externally or pack it
Info: Baking map saved to internal image, save it externally or pack it
Info: Baking map saved to internal image, save it externally or pack it
CRAFT SWATCH wood
Fra:1 Mem:22.42M (Peak 60.58M) | Time:15:58:29.76 | Mem:0.00M, Peak:0.00M | Scene | Synchronizing object | Plane
Fra:1 Mem:22.42M (Peak 60.58M) | Time:15:58:29.76 | Mem:0.00M, Peak:0.00M | Scene | Initializing
Fra:1 Mem:22.42M (Peak 60.58M) | Time:15:58:29.76 | Mem:0.00M, Peak:0.00M | Scene | Updating Images | Loading r15_darkwood_diff
Fra:1 Mem:22.38M (Peak 60.59M) | Time:15:58:29.84 | Mem:0.00M, Peak:0.00M | Scene | Synchronizing object | Plane
Fra:1 Mem:22.38M (Peak 60.59M) | Time:15:58:29.84 | Mem:0.00M, Peak:0.00M | Scene | Initializing
Fra:1 Mem:22.38M (Peak 60.59M) | Time:15:58:29.84 | Mem:0.00M, Peak:0.00M | Scene | Updating Images | Loading r15_darkwood_nor_gl
Fra:1 Mem:22.39M (Peak 60.59M) | Time:15:58:29.91 | Mem:0.00M, Peak:0.00M | Scene | Synchronizing object | Plane
Fra:1 Mem:22.39M (Peak 60.59M) | Time:15:58:29.91 | Mem:0.00M, Peak:0.00M | Scene | Initializing
Fra:1 Mem:22.39M (Peak 60.59M) | Time:15:58:29.91 | Mem:0.00M, Peak:0.00M | Scene | Updating Images | Loading r15_darkwood_rough
Info: Baking map saved to internal image, save it externally or pack it
Info: Baking map saved to internal image, save it externally or pack it
Info: Baking map saved to internal image, save it externally or pack it
CRAFT SWATCH darkwood
Fra:1 Mem:22.42M (Peak 60.59M) | Time:15:58:29.99 | Mem:0.00M, Peak:0.00M | Scene | Synchronizing object | Plane
Fra:1 Mem:22.42M (Peak 60.59M) | Time:15:58:29.99 | Mem:0.00M, Peak:0.00M | Scene | Initializing
Fra:1 Mem:22.42M (Peak 60.59M) | Time:15:58:29.99 | Mem:0.00M, Peak:0.00M | Scene | Updating Images | Loading r15_latticewood_diff
Fra:1 Mem:22.38M (Peak 60.59M) | Time:15:58:30.08 | Mem:0.00M, Peak:0.00M | Scene | Synchronizing object | Plane
Fra:1 Mem:22.38M (Peak 60.59M) | Time:15:58:30.08 | Mem:0.00M, Peak:0.00M | Scene | Initializing
Fra:1 Mem:22.38M (Peak 60.59M) | Time:15:58:30.08 | Mem:0.00M, Peak:0.00M | Scene | Updating Images | Loading r15_latticewood_nor_gl
Fra:1 Mem:22.39M (Peak 60.59M) | Time:15:58:30.15 | Mem:0.00M, Peak:0.00M | Scene | Synchronizing object | Plane
Fra:1 Mem:22.39M (Peak 60.59M) | Time:15:58:30.15 | Mem:0.00M, Peak:0.00M | Scene | Initializing
Fra:1 Mem:22.39M (Peak 60.59M) | Time:15:58:30.15 | Mem:0.00M, Peak:0.00M | Scene | Updating Images | Loading r15_latticewood_rough
Info: Baking map saved to internal image, save it externally or pack it
Info: Baking map saved to internal image, save it externally or pack it
Info: Baking map saved to internal image, save it externally or pack it
CRAFT SWATCH latticewood
Fra:1 Mem:22.41M (Peak 60.59M) | Time:15:58:30.23 | Mem:0.00M, Peak:0.00M | Scene | Synchronizing object | Plane
Fra:1 Mem:22.41M (Peak 60.59M) | Time:15:58:30.23 | Mem:0.00M, Peak:0.00M | Scene | Initializing
Fra:1 Mem:22.41M (Peak 60.59M) | Time:15:58:30.23 | Mem:0.00M, Peak:0.00M | Scene | Updating Images | Loading r15_floorwood_diff
Fra:1 Mem:22.38M (Peak 60.59M) | Time:15:58:30.31 | Mem:0.00M, Peak:0.00M | Scene | Synchronizing object | Plane
Fra:1 Mem:22.38M (Peak 60.59M) | Time:15:58:30.31 | Mem:0.00M, Peak:0.00M | Scene | Initializing
Fra:1 Mem:22.38M (Peak 60.59M) | Time:15:58:30.31 | Mem:0.00M, Peak:0.00M | Scene | Updating Images | Loading r15_floorwood_nor_gl
Fra:1 Mem:22.40M (Peak 60.59M) | Time:15:58:30.39 | Mem:0.00M, Peak:0.00M | Scene | Synchronizing object | Plane
Fra:1 Mem:22.40M (Peak 60.59M) | Time:15:58:30.39 | Mem:0.00M, Peak:0.00M | Scene | Initializing
Fra:1 Mem:22.39M (Peak 60.59M) | Time:15:58:30.39 | Mem:0.00M, Peak:0.00M | Scene | Updating Images | Loading r15_floorwood_rough
Info: Baking map saved to internal image, save it externally or pack it
Info: Baking map saved to internal image, save it externally or pack it
Info: Baking map saved to internal image, save it externally or pack it
CRAFT SWATCH floorwood
Fra:1 Mem:22.43M (Peak 60.59M) | Time:15:58:30.46 | Mem:0.00M, Peak:0.00M | Scene | Synchronizing object | Plane
Fra:1 Mem:22.43M (Peak 60.59M) | Time:15:58:30.46 | Mem:0.00M, Peak:0.00M | Scene | Initializing
Fra:1 Mem:22.42M (Peak 60.59M) | Time:15:58:30.46 | Mem:0.00M, Peak:0.00M | Scene | Updating Images | Loading r15_furniture_diff
Fra:1 Mem:22.38M (Peak 60.59M) | Time:15:58:30.54 | Mem:0.00M, Peak:0.00M | Scene | Synchronizing object | Plane
Fra:1 Mem:22.38M (Peak 60.59M) | Time:15:58:30.54 | Mem:0.00M, Peak:0.00M | Scene | Initializing
Fra:1 Mem:22.38M (Peak 60.59M) | Time:15:58:30.54 | Mem:0.00M, Peak:0.00M | Scene | Updating Images | Loading r15_furniture_nor_gl
Fra:1 Mem:22.40M (Peak 60.59M) | Time:15:58:30.62 | Mem:0.00M, Peak:0.00M | Scene | Synchronizing object | Plane
Fra:1 Mem:22.40M (Peak 60.59M) | Time:15:58:30.62 | Mem:0.00M, Peak:0.00M | Scene | Initializing
Fra:1 Mem:22.39M (Peak 60.59M) | Time:15:58:30.62 | Mem:0.00M, Peak:0.00M | Scene | Updating Images | Loading r15_furniture_rough
Info: Baking map saved to internal image, save it externally or pack it
Info: Baking map saved to internal image, save it externally or pack it
Info: Baking map saved to internal image, save it externally or pack it
CRAFT SWATCH furniture
Fra:1 Mem:22.43M (Peak 60.59M) | Time:15:58:30.73 | Mem:0.00M, Peak:0.00M | Scene | Synchronizing object | Plane
Fra:1 Mem:22.43M (Peak 60.59M) | Time:15:58:30.73 | Mem:0.00M, Peak:0.00M | Scene | Initializing
Fra:1 Mem:22.43M (Peak 60.59M) | Time:15:58:30.73 | Mem:0.00M, Peak:0.00M | Scene | Updating Images | Loading r15_roof_diff
Fra:1 Mem:22.39M (Peak 60.59M) | Time:15:58:30.82 | Mem:0.00M, Peak:0.00M | Scene | Synchronizing object | Plane
Fra:1 Mem:22.39M (Peak 60.59M) | Time:15:58:30.82 | Mem:0.00M, Peak:0.00M | Scene | Initializing
Fra:1 Mem:22.38M (Peak 60.59M) | Time:15:58:30.82 | Mem:0.00M, Peak:0.00M | Scene | Updating Images | Loading r15_roof_nor_gl
Fra:1 Mem:22.40M (Peak 60.59M) | Time:15:58:30.91 | Mem:0.00M, Peak:0.00M | Scene | Synchronizing object | Plane
Fra:1 Mem:22.40M (Peak 60.59M) | Time:15:58:30.91 | Mem:0.00M, Peak:0.00M | Scene | Initializing
Fra:1 Mem:22.40M (Peak 60.59M) | Time:15:58:30.91 | Mem:0.00M, Peak:0.00M | Scene | Updating Images | Loading r15_roof_rough
Info: Baking map saved to internal image, save it externally or pack it
Info: Baking map saved to internal image, save it externally or pack it
Info: Baking map saved to internal image, save it externally or pack it
CRAFT SWATCH roof
Fra:1 Mem:22.43M (Peak 60.59M) | Time:15:58:30.98 | Mem:0.00M, Peak:0.00M | Scene | Synchronizing object | Plane
Fra:1 Mem:22.43M (Peak 60.59M) | Time:15:58:30.98 | Mem:0.00M, Peak:0.00M | Scene | Initializing
Fra:1 Mem:22.43M (Peak 60.59M) | Time:15:58:30.98 | Mem:0.00M, Peak:0.00M | Scene | Updating Images | Loading r15_tile_diff
Fra:1 Mem:22.39M (Peak 60.60M) | Time:15:58:31.07 | Mem:0.00M, Peak:0.00M | Scene | Synchronizing object | Plane
Fra:1 Mem:22.39M (Peak 60.60M) | Time:15:58:31.07 | Mem:0.00M, Peak:0.00M | Scene | Initializing
Fra:1 Mem:22.39M (Peak 60.60M) | Time:15:58:31.07 | Mem:0.00M, Peak:0.00M | Scene | Updating Images | Loading r15_tile_nor_gl
Fra:1 Mem:22.40M (Peak 60.60M) | Time:15:58:31.15 | Mem:0.00M, Peak:0.00M | Scene | Synchronizing object | Plane
Fra:1 Mem:22.40M (Peak 60.60M) | Time:15:58:31.15 | Mem:0.00M, Peak:0.00M | Scene | Initializing
Fra:1 Mem:22.40M (Peak 60.60M) | Time:15:58:31.15 | Mem:0.00M, Peak:0.00M | Scene | Updating Images | Loading r15_tile_rough
Info: Baking map saved to internal image, save it externally or pack it
Info: Baking map saved to internal image, save it externally or pack it
Info: Baking map saved to internal image, save it externally or pack it
CRAFT SWATCH tile
Fra:1 Mem:22.43M (Peak 60.60M) | Time:15:58:31.21 | Mem:0.00M, Peak:0.00M | Scene | Synchronizing object | Plane
Fra:1 Mem:22.43M (Peak 60.60M) | Time:15:58:31.21 | Mem:0.00M, Peak:0.00M | Scene | Initializing
Fra:1 Mem:22.43M (Peak 60.60M) | Time:15:58:31.21 | Mem:0.00M, Peak:0.00M | Scene | Updating Images | Loading r15_tilelight_diff
Fra:1 Mem:22.39M (Peak 60.60M) | Time:15:58:31.30 | Mem:0.00M, Peak:0.00M | Scene | Synchronizing object | Plane
Fra:1 Mem:22.39M (Peak 60.60M) | Time:15:58:31.30 | Mem:0.00M, Peak:0.00M | Scene | Initializing
Fra:1 Mem:22.39M (Peak 60.60M) | Time:15:58:31.30 | Mem:0.00M, Peak:0.00M | Scene | Updating Images | Loading r15_tilelight_nor_gl
Fra:1 Mem:22.40M (Peak 60.60M) | Time:15:58:31.38 | Mem:0.00M, Peak:0.00M | Scene | Synchronizing object | Plane
Fra:1 Mem:22.40M (Peak 60.60M) | Time:15:58:31.38 | Mem:0.00M, Peak:0.00M | Scene | Initializing
Fra:1 Mem:22.40M (Peak 60.60M) | Time:15:58:31.38 | Mem:0.00M, Peak:0.00M | Scene | Updating Images | Loading r15_tilelight_rough
Info: Baking map saved to internal image, save it externally or pack it
Info: Baking map saved to internal image, save it externally or pack it
Info: Baking map saved to internal image, save it externally or pack it
CRAFT SWATCH tilelight
Fra:1 Mem:22.44M (Peak 60.60M) | Time:15:58:31.48 | Mem:0.00M, Peak:0.00M | Scene | Synchronizing object | Plane
Fra:1 Mem:22.44M (Peak 60.60M) | Time:15:58:31.48 | Mem:0.00M, Peak:0.00M | Scene | Initializing
Fra:1 Mem:22.43M (Peak 60.60M) | Time:15:58:31.48 | Mem:0.00M, Peak:0.00M | Scene | Updating Images | Loading r15_tiledark_diff
Fra:1 Mem:22.39M (Peak 60.60M) | Time:15:58:31.57 | Mem:0.00M, Peak:0.00M | Scene | Synchronizing object | Plane
Fra:1 Mem:22.39M (Peak 60.60M) | Time:15:58:31.57 | Mem:0.00M, Peak:0.00M | Scene | Initializing
Fra:1 Mem:22.39M (Peak 60.60M) | Time:15:58:31.57 | Mem:0.00M, Peak:0.00M | Scene | Updating Images | Loading r15_tiledark_nor_gl
Fra:1 Mem:22.40M (Peak 60.60M) | Time:15:58:31.66 | Mem:0.00M, Peak:0.00M | Scene | Synchronizing object | Plane
Fra:1 Mem:22.40M (Peak 60.60M) | Time:15:58:31.66 | Mem:0.00M, Peak:0.00M | Scene | Initializing
Fra:1 Mem:22.40M (Peak 60.60M) | Time:15:58:31.66 | Mem:0.00M, Peak:0.00M | Scene | Updating Images | Loading r15_tiledark_rough
Info: Baking map saved to internal image, save it externally or pack it
Info: Baking map saved to internal image, save it externally or pack it
Info: Baking map saved to internal image, save it externally or pack it
CRAFT SWATCH tiledark
Fra:1 Mem:22.41M (Peak 60.60M) | Time:15:58:31.74 | Mem:0.00M, Peak:0.00M | Scene | Synchronizing object | Plane
Fra:1 Mem:22.41M (Peak 60.60M) | Time:15:58:31.74 | Mem:0.00M, Peak:0.00M | Scene | Initializing
Fra:1 Mem:22.41M (Peak 60.60M) | Time:15:58:31.74 | Mem:0.00M, Peak:0.00M | Scene | Updating Images | Loading r15_cutstone_diff
Fra:1 Mem:22.39M (Peak 60.60M) | Time:15:58:31.84 | Mem:0.00M, Peak:0.00M | Scene | Synchronizing object | Plane
Fra:1 Mem:22.39M (Peak 60.60M) | Time:15:58:31.84 | Mem:0.00M, Peak:0.00M | Scene | Initializing
Fra:1 Mem:22.39M (Peak 60.60M) | Time:15:58:31.84 | Mem:0.00M, Peak:0.00M | Scene | Updating Images | Loading r15_cutstone_nor_gl
Fra:1 Mem:22.41M (Peak 60.60M) | Time:15:58:31.95 | Mem:0.00M, Peak:0.00M | Scene | Synchronizing object | Plane
Fra:1 Mem:22.41M (Peak 60.60M) | Time:15:58:31.95 | Mem:0.00M, Peak:0.00M | Scene | Initializing
Fra:1 Mem:22.41M (Peak 60.60M) | Time:15:58:31.95 | Mem:0.00M, Peak:0.00M | Scene | Updating Images | Loading r15_cutstone_rough
Info: Baking map saved to internal image, save it externally or pack it
Info: Baking map saved to internal image, save it externally or pack it
Info: Baking map saved to internal image, save it externally or pack it
CRAFT SWATCH cutstone
Fra:1 Mem:22.42M (Peak 60.60M) | Time:15:58:32.02 | Mem:0.00M, Peak:0.00M | Scene | Synchronizing object | Plane
Fra:1 Mem:22.42M (Peak 60.60M) | Time:15:58:32.02 | Mem:0.00M, Peak:0.00M | Scene | Initializing
Fra:1 Mem:22.41M (Peak 60.60M) | Time:15:58:32.02 | Mem:0.00M, Peak:0.00M | Scene | Updating Images | Loading r15_paving_diff
Fra:1 Mem:22.40M (Peak 60.60M) | Time:15:58:32.11 | Mem:0.00M, Peak:0.00M | Scene | Synchronizing object | Plane
Fra:1 Mem:22.40M (Peak 60.60M) | Time:15:58:32.11 | Mem:0.00M, Peak:0.00M | Scene | Initializing
Fra:1 Mem:22.39M (Peak 60.60M) | Time:15:58:32.11 | Mem:0.00M, Peak:0.00M | Scene | Updating Images | Loading r15_paving_nor_gl
Fra:1 Mem:22.41M (Peak 60.60M) | Time:15:58:32.20 | Mem:0.00M, Peak:0.00M | Scene | Synchronizing object | Plane
Fra:1 Mem:22.41M (Peak 60.60M) | Time:15:58:32.20 | Mem:0.00M, Peak:0.00M | Scene | Initializing
Fra:1 Mem:22.41M (Peak 60.60M) | Time:15:58:32.20 | Mem:0.00M, Peak:0.00M | Scene | Updating Images | Loading r15_paving_rough
Info: Baking map saved to internal image, save it externally or pack it
Info: Baking map saved to internal image, save it externally or pack it
Info: Baking map saved to internal image, save it externally or pack it
CRAFT SWATCH paving
Fra:1 Mem:22.42M (Peak 60.60M) | Time:15:58:32.27 | Mem:0.00M, Peak:0.00M | Scene | Synchronizing object | Plane
Fra:1 Mem:22.42M (Peak 60.60M) | Time:15:58:32.27 | Mem:0.00M, Peak:0.00M | Scene | Initializing
Fra:1 Mem:22.42M (Peak 60.60M) | Time:15:58:32.27 | Mem:0.00M, Peak:0.00M | Scene | Updating Images | Loading r15_bankstone_diff
Fra:1 Mem:22.40M (Peak 60.60M) | Time:15:58:32.37 | Mem:0.00M, Peak:0.00M | Scene | Synchronizing object | Plane
Fra:1 Mem:22.40M (Peak 60.60M) | Time:15:58:32.37 | Mem:0.00M, Peak:0.00M | Scene | Initializing
Fra:1 Mem:22.40M (Peak 60.60M) | Time:15:58:32.37 | Mem:0.00M, Peak:0.00M | Scene | Updating Images | Loading r15_bankstone_nor_gl
Fra:1 Mem:22.42M (Peak 60.60M) | Time:15:58:32.48 | Mem:0.00M, Peak:0.00M | Scene | Synchronizing object | Plane
Fra:1 Mem:22.42M (Peak 60.60M) | Time:15:58:32.48 | Mem:0.00M, Peak:0.00M | Scene | Initializing
Fra:1 Mem:22.41M (Peak 60.60M) | Time:15:58:32.48 | Mem:0.00M, Peak:0.00M | Scene | Updating Images | Loading r15_bankstone_rough
Info: Baking map saved to internal image, save it externally or pack it
Info: Baking map saved to internal image, save it externally or pack it
Info: Baking map saved to internal image, save it externally or pack it
CRAFT SWATCH bankstone
Fra:1 Mem:22.42M (Peak 60.60M) | Time:15:58:32.57 | Mem:0.00M, Peak:0.00M | Scene | Synchronizing object | Plane
Fra:1 Mem:22.42M (Peak 60.60M) | Time:15:58:32.57 | Mem:0.00M, Peak:0.00M | Scene | Initializing
Fra:1 Mem:22.42M (Peak 60.60M) | Time:15:58:32.57 | Mem:0.00M, Peak:0.00M | Scene | Updating Images | Loading r15_stone_diff
Fra:1 Mem:22.40M (Peak 60.60M) | Time:15:58:32.66 | Mem:0.00M, Peak:0.00M | Scene | Synchronizing object | Plane
Fra:1 Mem:22.40M (Peak 60.60M) | Time:15:58:32.66 | Mem:0.00M, Peak:0.00M | Scene | Initializing
Fra:1 Mem:22.40M (Peak 60.60M) | Time:15:58:32.66 | Mem:0.00M, Peak:0.00M | Scene | Updating Images | Loading r15_stone_nor_gl
Fra:1 Mem:22.42M (Peak 60.60M) | Time:15:58:32.74 | Mem:0.00M, Peak:0.00M | Scene | Synchronizing object | Plane
Fra:1 Mem:22.42M (Peak 60.60M) | Time:15:58:32.74 | Mem:0.00M, Peak:0.00M | Scene | Initializing
Fra:1 Mem:22.41M (Peak 60.60M) | Time:15:58:32.74 | Mem:0.00M, Peak:0.00M | Scene | Updating Images | Loading r15_stone_rough
Info: Baking map saved to internal image, save it externally or pack it
Info: Baking map saved to internal image, save it externally or pack it
Info: Baking map saved to internal image, save it externally or pack it
CRAFT SWATCH stone
Fra:1 Mem:22.42M (Peak 60.60M) | Time:15:58:32.84 | Mem:0.00M, Peak:0.00M | Scene | Synchronizing object | Plane
Fra:1 Mem:22.42M (Peak 60.60M) | Time:15:58:32.84 | Mem:0.00M, Peak:0.00M | Scene | Initializing
Fra:1 Mem:22.42M (Peak 60.60M) | Time:15:58:32.84 | Mem:0.00M, Peak:0.00M | Scene | Updating Images | Loading r15_courtbase_diff
Fra:1 Mem:22.40M (Peak 60.60M) | Time:15:58:32.94 | Mem:0.00M, Peak:0.00M | Scene | Synchronizing object | Plane
Fra:1 Mem:22.40M (Peak 60.60M) | Time:15:58:32.94 | Mem:0.00M, Peak:0.00M | Scene | Initializing
Fra:1 Mem:22.40M (Peak 60.60M) | Time:15:58:32.94 | Mem:0.00M, Peak:0.00M | Scene | Updating Images | Loading r15_courtbase_nor_gl
Fra:1 Mem:22.42M (Peak 60.60M) | Time:15:58:33.05 | Mem:0.00M, Peak:0.00M | Scene | Synchronizing object | Plane
Fra:1 Mem:22.42M (Peak 60.60M) | Time:15:58:33.05 | Mem:0.00M, Peak:0.00M | Scene | Initializing
Fra:1 Mem:22.42M (Peak 60.60M) | Time:15:58:33.05 | Mem:0.00M, Peak:0.00M | Scene | Updating Images | Loading r15_courtbase_rough
Info: Baking map saved to internal image, save it externally or pack it
Info: Baking map saved to internal image, save it externally or pack it
Info: Baking map saved to internal image, save it externally or pack it
CRAFT SWATCH courtbase
Fra:1 Mem:22.44M (Peak 60.60M) | Time:15:58:33.16 | Mem:0.00M, Peak:0.00M | Scene | Synchronizing object | Plane
Fra:1 Mem:22.44M (Peak 60.60M) | Time:15:58:33.16 | Mem:0.00M, Peak:0.00M | Scene | Initializing
Fra:1 Mem:22.44M (Peak 60.60M) | Time:15:58:33.16 | Mem:0.00M, Peak:0.00M | Scene | Updating Images | Loading r15_gardenstone_diff
Fra:1 Mem:22.40M (Peak 60.60M) | Time:15:58:33.26 | Mem:0.00M, Peak:0.00M | Scene | Synchronizing object | Plane
Fra:1 Mem:22.40M (Peak 60.60M) | Time:15:58:33.26 | Mem:0.00M, Peak:0.00M | Scene | Initializing
Fra:1 Mem:22.40M (Peak 60.60M) | Time:15:58:33.26 | Mem:0.00M, Peak:0.00M | Scene | Updating Images | Loading r15_gardenstone_nor_gl
Fra:1 Mem:22.42M (Peak 60.60M) | Time:15:58:33.36 | Mem:0.00M, Peak:0.00M | Scene | Synchronizing object | Plane
Fra:1 Mem:22.42M (Peak 60.60M) | Time:15:58:33.36 | Mem:0.00M, Peak:0.00M | Scene | Initializing
Fra:1 Mem:22.42M (Peak 60.60M) | Time:15:58:33.36 | Mem:0.00M, Peak:0.00M | Scene | Updating Images | Loading r15_gardenstone_rough
Info: Baking map saved to internal image, save it externally or pack it
Info: Baking map saved to internal image, save it externally or pack it
Info: Baking map saved to internal image, save it externally or pack it
CRAFT SWATCH gardenstone
Fra:1 Mem:22.45M (Peak 60.60M) | Time:15:58:33.44 | Mem:0.00M, Peak:0.00M | Scene | Synchronizing object | Plane
Fra:1 Mem:22.45M (Peak 60.60M) | Time:15:58:33.44 | Mem:0.00M, Peak:0.00M | Scene | Initializing
Fra:1 Mem:22.45M (Peak 60.60M) | Time:15:58:33.44 | Mem:0.00M, Peak:0.00M | Scene | Updating Images | Loading r15_goldroof_diff
Fra:1 Mem:22.40M (Peak 60.61M) | Time:15:58:33.52 | Mem:0.00M, Peak:0.00M | Scene | Synchronizing object | Plane
Fra:1 Mem:22.40M (Peak 60.61M) | Time:15:58:33.52 | Mem:0.00M, Peak:0.00M | Scene | Initializing
Fra:1 Mem:22.40M (Peak 60.61M) | Time:15:58:33.52 | Mem:0.00M, Peak:0.00M | Scene | Updating Images | Loading r15_goldroof_nor_gl
Fra:1 Mem:22.42M (Peak 60.61M) | Time:15:58:33.61 | Mem:0.00M, Peak:0.00M | Scene | Synchronizing object | Plane
Fra:1 Mem:22.42M (Peak 60.61M) | Time:15:58:33.61 | Mem:0.00M, Peak:0.00M | Scene | Initializing
Fra:1 Mem:22.42M (Peak 60.61M) | Time:15:58:33.61 | Mem:0.00M, Peak:0.00M | Scene | Updating Images | Loading r15_goldroof_rough
Info: Baking map saved to internal image, save it externally or pack it
Info: Baking map saved to internal image, save it externally or pack it
Info: Baking map saved to internal image, save it externally or pack it
CRAFT SWATCH goldroof
Fra:1 Mem:22.45M (Peak 60.61M) | Time:15:58:33.68 | Mem:0.00M, Peak:0.00M | Scene | Synchronizing object | Plane
Fra:1 Mem:22.45M (Peak 60.61M) | Time:15:58:33.68 | Mem:0.00M, Peak:0.00M | Scene | Initializing
Fra:1 Mem:22.45M (Peak 60.61M) | Time:15:58:33.68 | Mem:0.00M, Peak:0.00M | Scene | Updating Images | Loading r15_goldtile_diff
Fra:1 Mem:22.41M (Peak 60.62M) | Time:15:58:33.77 | Mem:0.00M, Peak:0.00M | Scene | Synchronizing object | Plane
Fra:1 Mem:22.41M (Peak 60.62M) | Time:15:58:33.77 | Mem:0.00M, Peak:0.00M | Scene | Initializing
Fra:1 Mem:22.40M (Peak 60.62M) | Time:15:58:33.77 | Mem:0.00M, Peak:0.00M | Scene | Updating Images | Loading r15_goldtile_nor_gl
Fra:1 Mem:22.42M (Peak 60.62M) | Time:15:58:33.85 | Mem:0.00M, Peak:0.00M | Scene | Synchronizing object | Plane
Fra:1 Mem:22.42M (Peak 60.62M) | Time:15:58:33.85 | Mem:0.00M, Peak:0.00M | Scene | Initializing
Fra:1 Mem:22.42M (Peak 60.62M) | Time:15:58:33.85 | Mem:0.00M, Peak:0.00M | Scene | Updating Images | Loading r15_goldtile_rough
Info: Baking map saved to internal image, save it externally or pack it
Info: Baking map saved to internal image, save it externally or pack it
Info: Baking map saved to internal image, save it externally or pack it
CRAFT SWATCH goldtile
Fra:1 Mem:22.45M (Peak 60.62M) | Time:15:58:33.93 | Mem:0.00M, Peak:0.00M | Scene | Synchronizing object | Plane
Fra:1 Mem:22.45M (Peak 60.62M) | Time:15:58:33.93 | Mem:0.00M, Peak:0.00M | Scene | Initializing
Fra:1 Mem:22.45M (Peak 60.62M) | Time:15:58:33.93 | Mem:0.00M, Peak:0.00M | Scene | Updating Images | Loading r15_goldtilelight_diff
Fra:1 Mem:22.41M (Peak 60.62M) | Time:15:58:34.02 | Mem:0.00M, Peak:0.00M | Scene | Synchronizing object | Plane
Fra:1 Mem:22.41M (Peak 60.62M) | Time:15:58:34.02 | Mem:0.00M, Peak:0.00M | Scene | Initializing
Fra:1 Mem:22.40M (Peak 60.62M) | Time:15:58:34.02 | Mem:0.00M, Peak:0.00M | Scene | Updating Images | Loading r15_goldtilelight_nor_gl
Fra:1 Mem:22.42M (Peak 60.62M) | Time:15:58:34.10 | Mem:0.00M, Peak:0.00M | Scene | Synchronizing object | Plane
Fra:1 Mem:22.42M (Peak 60.62M) | Time:15:58:34.10 | Mem:0.00M, Peak:0.00M | Scene | Initializing
Fra:1 Mem:22.42M (Peak 60.62M) | Time:15:58:34.10 | Mem:0.00M, Peak:0.00M | Scene | Updating Images | Loading r15_goldtilelight_rough
Info: Baking map saved to internal image, save it externally or pack it
Info: Baking map saved to internal image, save it externally or pack it
Info: Baking map saved to internal image, save it externally or pack it
CRAFT SWATCH goldtilelight
Fra:1 Mem:22.45M (Peak 60.62M) | Time:15:58:34.18 | Mem:0.00M, Peak:0.00M | Scene | Synchronizing object | Plane
Fra:1 Mem:22.45M (Peak 60.62M) | Time:15:58:34.18 | Mem:0.00M, Peak:0.00M | Scene | Initializing
Fra:1 Mem:22.45M (Peak 60.62M) | Time:15:58:34.18 | Mem:0.00M, Peak:0.00M | Scene | Updating Images | Loading r15_goldtiledark_diff
Fra:1 Mem:22.41M (Peak 60.62M) | Time:15:58:34.25 | Mem:0.00M, Peak:0.00M | Scene | Synchronizing object | Plane
Fra:1 Mem:22.41M (Peak 60.62M) | Time:15:58:34.25 | Mem:0.00M, Peak:0.00M | Scene | Initializing
Fra:1 Mem:22.40M (Peak 60.62M) | Time:15:58:34.25 | Mem:0.00M, Peak:0.00M | Scene | Updating Images | Loading r15_goldtiledark_nor_gl
Fra:1 Mem:22.42M (Peak 60.62M) | Time:15:58:34.34 | Mem:0.00M, Peak:0.00M | Scene | Synchronizing object | Plane
Fra:1 Mem:22.42M (Peak 60.62M) | Time:15:58:34.34 | Mem:0.00M, Peak:0.00M | Scene | Initializing
Fra:1 Mem:22.42M (Peak 60.62M) | Time:15:58:34.34 | Mem:0.00M, Peak:0.00M | Scene | Updating Images | Loading r15_goldtiledark_rough
Info: Baking map saved to internal image, save it externally or pack it
Info: Baking map saved to internal image, save it externally or pack it
Info: Baking map saved to internal image, save it externally or pack it
CRAFT SWATCH goldtiledark
Fra:1 Mem:22.45M (Peak 60.62M) | Time:15:58:34.41 | Mem:0.00M, Peak:0.00M | Scene | Synchronizing object | Plane
Fra:1 Mem:22.45M (Peak 60.62M) | Time:15:58:34.41 | Mem:0.00M, Peak:0.00M | Scene | Initializing
Fra:1 Mem:22.45M (Peak 60.62M) | Time:15:58:34.41 | Mem:0.00M, Peak:0.00M | Scene | Updating Images | Loading r15_rusticwood_diff
Fra:1 Mem:22.41M (Peak 60.62M) | Time:15:58:34.52 | Mem:0.00M, Peak:0.00M | Scene | Synchronizing object | Plane
Fra:1 Mem:22.41M (Peak 60.62M) | Time:15:58:34.52 | Mem:0.00M, Peak:0.00M | Scene | Initializing
Fra:1 Mem:22.40M (Peak 60.62M) | Time:15:58:34.52 | Mem:0.00M, Peak:0.00M | Scene | Updating Images | Loading r15_rusticwood_nor_gl
Fra:1 Mem:22.42M (Peak 60.62M) | Time:15:58:34.61 | Mem:0.00M, Peak:0.00M | Scene | Synchronizing object | Plane
Fra:1 Mem:22.42M (Peak 60.62M) | Time:15:58:34.61 | Mem:0.00M, Peak:0.00M | Scene | Initializing
Fra:1 Mem:22.42M (Peak 60.62M) | Time:15:58:34.61 | Mem:0.00M, Peak:0.00M | Scene | Updating Images | Loading r15_rusticwood_rough
Info: Baking map saved to internal image, save it externally or pack it
Info: Baking map saved to internal image, save it externally or pack it
Info: Baking map saved to internal image, save it externally or pack it
CRAFT SWATCH rusticwood
Fra:1 Mem:22.46M (Peak 60.62M) | Time:15:58:34.84 | Mem:0.00M, Peak:0.00M | Scene | Synchronizing object | Plane
Fra:1 Mem:22.46M (Peak 60.62M) | Time:15:58:34.84 | Mem:0.00M, Peak:0.00M | Scene | Initializing
Fra:1 Mem:22.45M (Peak 60.62M) | Time:15:58:34.84 | Mem:0.00M, Peak:0.00M | Scene | Updating Images | Loading r15_plaster_diff
Info: Baking map saved to internal image, save it externally or pack it
CRAFT SWATCH plaster

Blender quit
12:07:34 | INFO: Data are loaded, start creating Blender stuff
12:07:34 | INFO: Blender create Mesh node modelShape.005
12:07:34 | INFO: Blender create Mesh node modelShape.002
12:07:34 | INFO: Blender create Mesh node modelShape
12:07:34 | INFO: Blender create Mesh node medium.001
12:07:34 | INFO: Blender create Mesh node modelShape.003
12:07:34 | INFO: Blender create Mesh node mesh1-geometry.003
12:07:34 | INFO: glTF import finished in 0.84s
SOURCE ROCK VARIANTS 6 uniform aspect-preserving scale
INFO Draco mesh compression is available, use library at D:\Users\Lenovo\Desktop\大观园\.tools\blender-4.5.9-windows-x64\4.5\scripts\addons_core\io_scene_gltf2\extern_draco.dll
12:07:45 | INFO: Starting glTF 2.0 export
12:07:45 | INFO: Extracting primitive: daguanyuan_gate_cutstone
12:07:46 | INFO: Primitives created: 1
12:07:46 | INFO: Extracting primitive: daguanyuan_gate_darkwood.001
12:07:46 | INFO: Primitives created: 1
12:07:46 | INFO: Extracting primitive: daguanyuan_gate_floorwood
12:07:46 | INFO: Primitives created: 1
12:07:46 | INFO: Extracting primitive: daguanyuan_gate_furniture
12:07:46 | INFO: Primitives created: 1
12:07:46 | INFO: Extracting primitive: daguanyuan_gate_latticewood.001
12:07:46 | INFO: Primitives created: 1
12:07:46 | INFO: Extracting primitive: daguanyuan_gate_limestone.001
12:07:46 | INFO: Primitives created: 1
12:07:46 | INFO: Extracting primitive: daguanyuan_gate_paving.001
12:07:46 | INFO: Primitives created: 1
12:07:46 | INFO: Extracting primitive: daguanyuan_gate_roof.001
12:07:46 | INFO: Primitives created: 1
12:07:46 | INFO: Extracting primitive: daguanyuan_gate_screen
12:07:46 | INFO: Primitives created: 1
12:07:46 | INFO: Extracting primitive: daguanyuan_gate_stone.001
12:07:47 | INFO: Primitives created: 1
12:07:47 | INFO: Extracting primitive: daguanyuan_gate_tile.001
12:07:47 | INFO: Primitives created: 1
12:07:47 | INFO: Extracting primitive: daguanyuan_gate_tiledark.001
12:07:47 | INFO: Primitives created: 1
12:07:47 | INFO: Extracting primitive: daguanyuan_gate_tilelight.001
12:07:47 | INFO: Primitives created: 1
12:07:47 | INFO: Extracting primitive: daguanyuan_gate_wood.001
12:07:47 | INFO: Primitives created: 1
12:07:47 | INFO: Extracting primitive: r15_daguanyuan_gate_enclosure_blue
12:07:47 | INFO: Primitives created: 1
12:07:47 | INFO: Extracting primitive: r15_daguanyuan_gate_enclosure_ceiling
12:07:47 | INFO: Primitives created: 1
12:07:47 | INFO: Extracting primitive: r15_daguanyuan_gate_enclosure_gold
12:07:47 | INFO: Primitives created: 1
12:07:47 | INFO: Extracting primitive: r15_daguanyuan_gate_enclosure_lacquer
12:07:47 | INFO: Primitives created: 1
12:07:47 | INFO: Extracting primitive: r15_daguanyuan_gate_enclosure_paper
12:07:47 | INFO: Primitives created: 1
12:07:47 | INFO: Extracting primitive: r15_daguanyuan_gate_enclosure_wall
12:07:47 | INFO: Primitives created: 1
12:07:48 | INFO: Finished glTF 2.0 export in 2.46341609954834 s

ENCLOSED DETAIL daguanyuan_gate 6
12:07:48 | INFO: Starting glTF 2.0 export
12:07:48 | INFO: Extracting primitive: qujingtongyou_bark
12:07:48 | INFO: Primitives created: 1
12:07:48 | INFO: Extracting primitive: qujingtongyou_canopy
12:07:48 | INFO: Primitives created: 1
12:07:48 | INFO: Extracting primitive: qujingtongyou_canopy_light
12:07:48 | INFO: Primitives created: 1
12:07:48 | INFO: Extracting primitive: qujingtongyou_canopy_shadow
12:07:48 | INFO: Primitives created: 1
12:07:48 | INFO: Extracting primitive: qujingtongyou_gardenstone
12:07:48 | INFO: Primitives created: 1
12:07:48 | INFO: Extracting primitive: qujingtongyou_limestone.001
12:07:48 | INFO: Primitives created: 1
12:07:48 | INFO: Finished glTF 2.0 export in 0.4546477794647217 s

ENCLOSED DETAIL qujingtongyou 0
12:07:50 | INFO: Starting glTF 2.0 export
12:07:50 | INFO: Extracting primitive: r15_xiaoxiangguan_enclosure_ceiling
12:07:50 | INFO: Primitives created: 1
12:07:50 | INFO: Extracting primitive: r15_xiaoxiangguan_enclosure_gold
12:07:50 | INFO: Primitives created: 1
12:07:50 | INFO: Extracting primitive: r15_xiaoxiangguan_enclosure_jade
12:07:50 | INFO: Primitives created: 1
12:07:50 | INFO: Extracting primitive: r15_xiaoxiangguan_enclosure_lacquer
12:07:50 | INFO: Primitives created: 1
12:07:50 | INFO: Extracting primitive: r15_xiaoxiangguan_enclosure_paper
12:07:50 | INFO: Primitives created: 1
12:07:51 | INFO: Extracting primitive: r15_xiaoxiangguan_enclosure_wall
12:07:51 | INFO: Primitives created: 1
12:07:51 | INFO: Extracting primitive: xiaoxiangguan_bankstone
12:07:51 | INFO: Primitives created: 1
12:07:51 | INFO: Extracting primitive: xiaoxiangguan_bookcloth.001
12:07:51 | INFO: Primitives created: 1
12:07:51 | INFO: Extracting primitive: xiaoxiangguan_bookcover.001
12:07:51 | INFO: Primitives created: 1
12:07:51 | INFO: Extracting primitive: xiaoxiangguan_ceramic.001
12:07:51 | INFO: Primitives created: 1
12:07:51 | INFO: Extracting primitive: xiaoxiangguan_cutstone
12:07:51 | INFO: Primitives created: 1
12:07:51 | INFO: Extracting primitive: xiaoxiangguan_darkwood
12:07:51 | INFO: Primitives created: 1
12:07:51 | INFO: Extracting primitive: xiaoxiangguan_floorwood
12:07:51 | INFO: Primitives created: 1
12:07:51 | INFO: Extracting primitive: xiaoxiangguan_focal_bamboo
12:07:51 | INFO: Primitives created: 1
12:07:51 | INFO: Extracting primitive: xiaoxiangguan_focal_bark
12:07:51 | INFO: Primitives created: 1
12:07:51 | INFO: Extracting primitive: xiaoxiangguan_focal_botanical_bamboo
12:07:51 | INFO: Primitives created: 1
12:07:51 | INFO: Extracting primitive: xiaoxiangguan_focal_botanical_banana
12:07:51 | INFO: Primitives created: 1
12:07:51 | INFO: Extracting primitive: xiaoxiangguan_focal_botanical_litter
12:07:52 | INFO: Primitives created: 1
12:07:52 | INFO: Extracting primitive: xiaoxiangguan_focal_botanical_petal
12:07:52 | INFO: Primitives created: 1
12:07:52 | INFO: Extracting primitive: xiaoxiangguan_focal_botanical_stem
12:07:52 | INFO: Primitives created: 1
12:07:52 | INFO: Extracting primitive: xiaoxiangguan_focal_leaf
12:07:52 | INFO: Primitives created: 1
12:07:52 | INFO: Extracting primitive: xiaoxiangguan_focal_leafdark
12:07:52 | INFO: Primitives created: 1
12:07:52 | INFO: Extracting primitive: xiaoxiangguan_furniture
12:07:52 | INFO: Primitives created: 1
12:07:52 | INFO: Extracting primitive: xiaoxiangguan_gold
12:07:52 | INFO: Primitives created: 1
12:07:52 | INFO: Extracting primitive: xiaoxiangguan_ink.001
12:07:52 | INFO: Primitives created: 1
12:07:52 | INFO: Extracting primitive: xiaoxiangguan_ivory.001
12:07:52 | INFO: Primitives created: 1
12:07:52 | INFO: Extracting primitive: xiaoxiangguan_lantern
12:07:52 | INFO: Primitives created: 1
12:07:52 | INFO: Extracting primitive: xiaoxiangguan_latticewood.001
12:07:52 | INFO: Primitives created: 1
12:07:52 | INFO: Extracting primitive: xiaoxiangguan_paper
12:07:52 | INFO: Primitives created: 1
12:07:52 | INFO: Extracting primitive: xiaoxiangguan_paving.001
12:07:52 | INFO: Primitives created: 1
12:07:52 | INFO: Extracting primitive: xiaoxiangguan_plaster
12:07:52 | INFO: Primitives created: 1
12:07:52 | INFO: Extracting primitive: xiaoxiangguan_roof
12:07:52 | INFO: Primitives created: 1
12:07:52 | INFO: Extracting primitive: xiaoxiangguan_silk
12:07:52 | INFO: Primitives created: 1
12:07:52 | INFO: Extracting primitive: xiaoxiangguan_stone
12:07:53 | INFO: Primitives created: 1
12:07:53 | INFO: Extracting primitive: xiaoxiangguan_tile
12:07:53 | INFO: Primitives created: 1
12:07:53 | INFO: Extracting primitive: xiaoxiangguan_tiledark.001
12:07:53 | INFO: Primitives created: 1
12:07:53 | INFO: Extracting primitive: xiaoxiangguan_tilelight.001
12:07:53 | INFO: Primitives created: 1
12:07:53 | INFO: Extracting primitive: xiaoxiangguan_water.001
12:07:53 | INFO: Primitives created: 1
12:07:53 | INFO: Extracting primitive: xiaoxiangguan_wood
12:07:53 | INFO: Primitives created: 1
12:07:53 | INFO: Finished glTF 2.0 export in 2.924495220184326 s

ENCLOSED DETAIL xiaoxiangguan 6
12:07:55 | INFO: Starting glTF 2.0 export
12:07:55 | INFO: Extracting primitive: r15_yihongyuan_enclosure_blue
12:07:55 | INFO: Primitives created: 1
12:07:55 | INFO: Extracting primitive: r15_yihongyuan_enclosure_ceiling
12:07:55 | INFO: Primitives created: 1
12:07:55 | INFO: Extracting primitive: r15_yihongyuan_enclosure_gold
12:07:55 | INFO: Primitives created: 1
12:07:55 | INFO: Extracting primitive: r15_yihongyuan_enclosure_lacquer
12:07:55 | INFO: Primitives created: 1
12:07:55 | INFO: Extracting primitive: r15_yihongyuan_enclosure_paper
12:07:55 | INFO: Primitives created: 1
12:07:56 | INFO: Extracting primitive: r15_yihongyuan_enclosure_wall
12:07:56 | INFO: Primitives created: 1
12:07:56 | INFO: Extracting primitive: yihongyuan_bookcloth.001
12:07:56 | INFO: Primitives created: 1
12:07:56 | INFO: Extracting primitive: yihongyuan_bookcover.001
12:07:56 | INFO: Primitives created: 1
12:07:56 | INFO: Extracting primitive: yihongyuan_ceramic.001
12:07:56 | INFO: Primitives created: 1
12:07:56 | INFO: Extracting primitive: yihongyuan_courtbase
12:07:56 | INFO: Primitives created: 1
12:07:56 | INFO: Extracting primitive: yihongyuan_cutstone
12:07:56 | INFO: Primitives created: 1
12:07:56 | INFO: Extracting primitive: yihongyuan_darkwood.001
12:07:56 | INFO: Primitives created: 1
12:07:56 | INFO: Extracting primitive: yihongyuan_floorwood
12:07:56 | INFO: Primitives created: 1
12:07:56 | INFO: Extracting primitive: yihongyuan_focal_bamboo
12:07:56 | INFO: Primitives created: 1
12:07:56 | INFO: Extracting primitive: yihongyuan_focal_bark
12:07:56 | INFO: Primitives created: 1
12:07:56 | INFO: Extracting primitive: yihongyuan_focal_botanical_bamboo
12:07:56 | INFO: Primitives created: 1
12:07:56 | INFO: Extracting primitive: yihongyuan_focal_botanical_banana
12:07:56 | INFO: Primitives created: 1
12:07:56 | INFO: Extracting primitive: yihongyuan_focal_botanical_litter
12:07:56 | INFO: Primitives created: 1
12:07:56 | INFO: Extracting primitive: yihongyuan_focal_botanical_petal
12:07:56 | INFO: Primitives created: 1
12:07:56 | INFO: Extracting primitive: yihongyuan_focal_botanical_stem
12:07:56 | INFO: Primitives created: 1
12:07:56 | INFO: Extracting primitive: yihongyuan_focal_leaf
12:07:56 | INFO: Primitives created: 1
12:07:56 | INFO: Extracting primitive: yihongyuan_focal_leafdark
12:07:56 | INFO: Primitives created: 1
12:07:56 | INFO: Extracting primitive: yihongyuan_focal_moss
12:07:56 | INFO: Primitives created: 1
12:07:56 | INFO: Extracting primitive: yihongyuan_furniture
12:07:56 | INFO: Primitives created: 1
12:07:56 | INFO: Extracting primitive: yihongyuan_gardenstone
12:07:57 | INFO: Primitives created: 1
12:07:57 | INFO: Extracting primitive: yihongyuan_gold
12:07:57 | INFO: Primitives created: 1
12:07:57 | INFO: Extracting primitive: yihongyuan_ink.001
12:07:57 | INFO: Primitives created: 1
12:07:57 | INFO: Extracting primitive: yihongyuan_ivory.001
12:07:57 | INFO: Primitives created: 1
12:07:57 | INFO: Extracting primitive: yihongyuan_lantern
12:07:57 | INFO: Primitives created: 1
12:07:57 | INFO: Extracting primitive: yihongyuan_latticewood.001
12:07:57 | INFO: Primitives created: 1
12:07:57 | INFO: Extracting primitive: yihongyuan_limestone.001
12:07:57 | INFO: Primitives created: 1
12:07:57 | INFO: Extracting primitive: yihongyuan_paper.001
12:07:57 | INFO: Primitives created: 1
12:07:57 | INFO: Extracting primitive: yihongyuan_paving.001
12:07:57 | INFO: Primitives created: 1
12:07:57 | INFO: Extracting primitive: yihongyuan_plaster.001
12:07:57 | INFO: Primitives created: 1
12:07:57 | INFO: Extracting primitive: yihongyuan_roof.001
12:07:57 | INFO: Primitives created: 1
12:07:57 | INFO: Extracting primitive: yihongyuan_screen.001
12:07:57 | INFO: Primitives created: 1
12:07:57 | INFO: Extracting primitive: yihongyuan_silk.001
12:07:57 | INFO: Primitives created: 1
12:07:58 | INFO: Extracting primitive: yihongyuan_stone.001
12:07:58 | INFO: Primitives created: 1
12:07:58 | INFO: Extracting primitive: yihongyuan_tile.001
12:07:58 | INFO: Primitives created: 1
12:07:58 | INFO: Extracting primitive: yihongyuan_tiledark.001
12:07:58 | INFO: Primitives created: 1
12:07:58 | INFO: Extracting primitive: yihongyuan_tilelight.001
12:07:58 | INFO: Primitives created: 1
12:07:59 | INFO: Extracting primitive: yihongyuan_wood.001
12:07:59 | INFO: Primitives created: 1
12:07:59 | INFO: Finished glTF 2.0 export in 4.307674169540405 s

ENCLOSED DETAIL yihongyuan 6
12:08:00 | INFO: Starting glTF 2.0 export
12:08:00 | INFO: Extracting primitive: hengwuyuan_bookcloth.001
12:08:00 | INFO: Primitives created: 1
12:08:00 | INFO: Extracting primitive: hengwuyuan_bookcover.001
12:08:00 | INFO: Primitives created: 1
12:08:00 | INFO: Extracting primitive: hengwuyuan_ceramic.001
12:08:00 | INFO: Primitives created: 1
12:08:00 | INFO: Extracting primitive: hengwuyuan_clay.001
12:08:00 | INFO: Primitives created: 1
12:08:00 | INFO: Extracting primitive: hengwuyuan_courtbase
12:08:00 | INFO: Primitives created: 1
12:08:00 | INFO: Extracting primitive: hengwuyuan_cutstone
12:08:00 | INFO: Primitives created: 1
12:08:01 | INFO: Extracting primitive: hengwuyuan_darkwood.001
12:08:01 | INFO: Primitives created: 1
12:08:01 | INFO: Extracting primitive: hengwuyuan_floorwood
12:08:01 | INFO: Primitives created: 1
12:08:01 | INFO: Extracting primitive: hengwuyuan_focal_bamboo
12:08:01 | INFO: Primitives created: 1
12:08:01 | INFO: Extracting primitive: hengwuyuan_focal_bark
12:08:01 | INFO: Primitives created: 1
12:08:01 | INFO: Extracting primitive: hengwuyuan_focal_botanical_bamboo
12:08:01 | INFO: Primitives created: 1
12:08:01 | INFO: Extracting primitive: hengwuyuan_focal_botanical_litter
12:08:01 | INFO: Primitives created: 1
12:08:01 | INFO: Extracting primitive: hengwuyuan_focal_botanical_stem.001
12:08:01 | INFO: Primitives created: 1
12:08:01 | INFO: Extracting primitive: hengwuyuan_focal_creamflower
12:08:01 | INFO: Primitives created: 1
12:08:01 | INFO: Extracting primitive: hengwuyuan_focal_leaf
12:08:01 | INFO: Primitives created: 1
12:08:01 | INFO: Extracting primitive: hengwuyuan_focal_leafdark
12:08:01 | INFO: Primitives created: 1
12:08:01 | INFO: Extracting primitive: hengwuyuan_focal_moss
12:08:01 | INFO: Primitives created: 1
12:08:01 | INFO: Extracting primitive: hengwuyuan_furniture
12:08:01 | INFO: Primitives created: 1
12:08:01 | INFO: Extracting primitive: hengwuyuan_gardenstone
12:08:01 | INFO: Primitives created: 1
12:08:01 | INFO: Extracting primitive: hengwuyuan_gold
12:08:01 | INFO: Primitives created: 1
12:08:01 | INFO: Extracting primitive: hengwuyuan_ink.001
12:08:01 | INFO: Primitives created: 1
12:08:01 | INFO: Extracting primitive: hengwuyuan_ivory.001
12:08:01 | INFO: Primitives created: 1
12:08:01 | INFO: Extracting primitive: hengwuyuan_lantern
12:08:01 | INFO: Primitives created: 1
12:08:01 | INFO: Extracting primitive: hengwuyuan_latticewood.001
12:08:01 | INFO: Primitives created: 1
12:08:01 | INFO: Extracting primitive: hengwuyuan_limestone.001
12:08:01 | INFO: Primitives created: 1
12:08:01 | INFO: Extracting primitive: hengwuyuan_paper.001
12:08:01 | INFO: Primitives created: 1
12:08:01 | INFO: Extracting primitive: hengwuyuan_paving.001
12:08:01 | INFO: Primitives created: 1
12:08:02 | INFO: Extracting primitive: hengwuyuan_plaster.001
12:08:02 | INFO: Primitives created: 1
12:08:02 | INFO: Extracting primitive: hengwuyuan_roof.001
12:08:02 | INFO: Primitives created: 1
12:08:02 | INFO: Extracting primitive: hengwuyuan_screen.001
12:08:02 | INFO: Primitives created: 1
12:08:02 | INFO: Extracting primitive: hengwuyuan_stone.001
12:08:02 | INFO: Primitives created: 1
12:08:02 | INFO: Extracting primitive: hengwuyuan_tile.001
12:08:03 | INFO: Primitives created: 1
12:08:03 | INFO: Extracting primitive: hengwuyuan_tiledark.001
12:08:03 | INFO: Primitives created: 1
12:08:03 | INFO: Extracting primitive: hengwuyuan_tilelight.001
12:08:03 | INFO: Primitives created: 1
12:08:03 | INFO: Extracting primitive: hengwuyuan_wood.001
12:08:03 | INFO: Primitives created: 1
12:08:04 | INFO: Extracting primitive: r15_hengwuyuan_enclosure_ceiling
12:08:04 | INFO: Primitives created: 1
12:08:04 | INFO: Extracting primitive: r15_hengwuyuan_enclosure_gold
12:08:04 | INFO: Primitives created: 1
12:08:04 | INFO: Extracting primitive: r15_hengwuyuan_enclosure_jade
12:08:04 | INFO: Primitives created: 1
12:08:04 | INFO: Extracting primitive: r15_hengwuyuan_enclosure_lacquer
12:08:04 | INFO: Primitives created: 1
12:08:04 | INFO: Extracting primitive: r15_hengwuyuan_enclosure_paper
12:08:04 | INFO: Primitives created: 1
12:08:04 | INFO: Extracting primitive: r15_hengwuyuan_enclosure_wall
12:08:04 | INFO: Primitives created: 1
12:08:04 | INFO: Finished glTF 2.0 export in 4.27244758605957 s

ENCLOSED DETAIL hengwuyuan 6
12:08:05 | INFO: Starting glTF 2.0 export
12:08:05 | INFO: Extracting primitive: qiushuangzhai_bookcloth.001
12:08:06 | INFO: Primitives created: 1
12:08:06 | INFO: Extracting primitive: qiushuangzhai_bookcover.001
12:08:06 | INFO: Primitives created: 1
12:08:06 | INFO: Extracting primitive: qiushuangzhai_ceramic.001
12:08:06 | INFO: Primitives created: 1
12:08:06 | INFO: Extracting primitive: qiushuangzhai_courtbase
12:08:06 | INFO: Primitives created: 1
12:08:06 | INFO: Extracting primitive: qiushuangzhai_cutstone
12:08:06 | INFO: Primitives created: 1
12:08:06 | INFO: Extracting primitive: qiushuangzhai_darkwood.001
12:08:06 | INFO: Primitives created: 1
12:08:06 | INFO: Extracting primitive: qiushuangzhai_floorwood
12:08:06 | INFO: Primitives created: 1
12:08:06 | INFO: Extracting primitive: qiushuangzhai_focal_bamboo
12:08:06 | INFO: Primitives created: 1
12:08:06 | INFO: Extracting primitive: qiushuangzhai_focal_bark
12:08:06 | INFO: Primitives created: 1
12:08:06 | INFO: Extracting primitive: qiushuangzhai_focal_botanical_bamboo
12:08:06 | INFO: Primitives created: 1
12:08:06 | INFO: Extracting primitive: qiushuangzhai_focal_botanical_litter
12:08:06 | INFO: Primitives created: 1
12:08:06 | INFO: Extracting primitive: qiushuangzhai_focal_botanical_stem.001
12:08:06 | INFO: Primitives created: 1
12:08:06 | INFO: Extracting primitive: qiushuangzhai_focal_creamflower
12:08:06 | INFO: Primitives created: 1
12:08:06 | INFO: Extracting primitive: qiushuangzhai_focal_leaf
12:08:06 | INFO: Primitives created: 1
12:08:06 | INFO: Extracting primitive: qiushuangzhai_focal_leafdark
12:08:06 | INFO: Primitives created: 1
12:08:06 | INFO: Extracting primitive: qiushuangzhai_focal_moss
12:08:06 | INFO: Primitives created: 1
12:08:06 | INFO: Extracting primitive: qiushuangzhai_furniture
12:08:06 | INFO: Primitives created: 1
12:08:06 | INFO: Extracting primitive: qiushuangzhai_gold
12:08:06 | INFO: Primitives created: 1
12:08:06 | INFO: Extracting primitive: qiushuangzhai_ink.001
12:08:06 | INFO: Primitives created: 1
12:08:06 | INFO: Extracting primitive: qiushuangzhai_ivory.001
12:08:06 | INFO: Primitives created: 1
12:08:06 | INFO: Extracting primitive: qiushuangzhai_lantern
12:08:06 | INFO: Primitives created: 1
12:08:06 | INFO: Extracting primitive: qiushuangzhai_latticewood.001
12:08:06 | INFO: Primitives created: 1
12:08:06 | INFO: Extracting primitive: qiushuangzhai_marble.001
12:08:06 | INFO: Primitives created: 1
12:08:06 | INFO: Extracting primitive: qiushuangzhai_paper.001
12:08:06 | INFO: Primitives created: 1
12:08:06 | INFO: Extracting primitive: qiushuangzhai_paving.001
12:08:06 | INFO: Primitives created: 1
12:08:07 | INFO: Extracting primitive: qiushuangzhai_plaster.001
12:08:07 | INFO: Primitives created: 1
12:08:07 | INFO: Extracting primitive: qiushuangzhai_roof.001
12:08:07 | INFO: Primitives created: 1
12:08:07 | INFO: Extracting primitive: qiushuangzhai_screen
12:08:07 | INFO: Primitives created: 1
12:08:07 | INFO: Extracting primitive: qiushuangzhai_silk.001
12:08:07 | INFO: Primitives created: 1
12:08:08 | INFO: Extracting primitive: qiushuangzhai_stone.001
12:08:08 | INFO: Primitives created: 1
12:08:08 | INFO: Extracting primitive: qiushuangzhai_tile.001
12:08:08 | INFO: Primitives created: 1
12:08:08 | INFO: Extracting primitive: qiushuangzhai_tiledark.001
12:08:08 | INFO: Primitives created: 1
12:08:08 | INFO: Extracting primitive: qiushuangzhai_tilelight.001
12:08:08 | INFO: Primitives created: 1
12:08:09 | INFO: Extracting primitive: qiushuangzhai_wood.001
12:08:09 | INFO: Primitives created: 1
12:08:09 | INFO: Extracting primitive: r15_qiushuangzhai_enclosure_blue
12:08:09 | INFO: Primitives created: 1
12:08:09 | INFO: Extracting primitive: r15_qiushuangzhai_enclosure_ceiling
12:08:09 | INFO: Primitives created: 1
12:08:09 | INFO: Extracting primitive: r15_qiushuangzhai_enclosure_gold
12:08:09 | INFO: Primitives created: 1
12:08:09 | INFO: Extracting primitive: r15_qiushuangzhai_enclosure_lacquer
12:08:09 | INFO: Primitives created: 1
12:08:09 | INFO: Extracting primitive: r15_qiushuangzhai_enclosure_paper
12:08:09 | INFO: Primitives created: 1
12:08:09 | INFO: Extracting primitive: r15_qiushuangzhai_enclosure_wall
12:08:09 | INFO: Primitives created: 1
12:08:09 | INFO: Finished glTF 2.0 export in 4.283917427062988 s

ENCLOSED DETAIL qiushuangzhai 6
12:08:10 | INFO: Starting glTF 2.0 export
12:08:11 | INFO: Extracting primitive: daoxiangcun_bark
12:08:11 | INFO: Primitives created: 1
12:08:11 | INFO: Extracting primitive: daoxiangcun_clay.001
12:08:11 | INFO: Primitives created: 1
12:08:11 | INFO: Extracting primitive: daoxiangcun_creamflower.001
12:08:11 | INFO: Primitives created: 1
12:08:11 | INFO: Extracting primitive: daoxiangcun_flower.001
12:08:11 | INFO: Primitives created: 1
12:08:11 | INFO: Extracting primitive: daoxiangcun_latticewood.001
12:08:11 | INFO: Primitives created: 1
12:08:11 | INFO: Extracting primitive: daoxiangcun_leafdark
12:08:11 | INFO: Primitives created: 1
12:08:11 | INFO: Extracting primitive: daoxiangcun_lightleaf.001
12:08:11 | INFO: Primitives created: 1
12:08:11 | INFO: Extracting primitive: daoxiangcun_paving.001
12:08:11 | INFO: Primitives created: 1
12:08:11 | INFO: Extracting primitive: daoxiangcun_screen.001
12:08:11 | INFO: Primitives created: 1
12:08:12 | INFO: Extracting primitive: daoxiangcun_stone.001
12:08:12 | INFO: Primitives created: 1
12:08:12 | INFO: Extracting primitive: daoxiangcun_thatch.001
12:08:12 | INFO: Primitives created: 1
12:08:12 | INFO: Extracting primitive: daoxiangcun_wood.001
12:08:12 | INFO: Primitives created: 1
12:08:12 | INFO: Extracting primitive: r15_daoxiangcun_enclosure_ceiling
12:08:12 | INFO: Primitives created: 1
12:08:12 | INFO: Extracting primitive: r15_daoxiangcun_enclosure_clay
12:08:12 | INFO: Primitives created: 1
12:08:12 | INFO: Extracting primitive: r15_daoxiangcun_enclosure_ochre
12:08:12 | INFO: Primitives created: 1
12:08:12 | INFO: Extracting primitive: r15_daoxiangcun_enclosure_paper
12:08:12 | INFO: Primitives created: 1
12:08:12 | INFO: Finished glTF 2.0 export in 1.8655555248260498 s

ENCLOSED DETAIL daoxiangcun 4
12:08:13 | INFO: Starting glTF 2.0 export
12:08:14 | INFO: Extracting primitive: ouxiangxie_bamboo.001
12:08:14 | INFO: Primitives created: 1
12:08:14 | INFO: Extracting primitive: ouxiangxie_bookcloth.001
12:08:14 | INFO: Primitives created: 1
12:08:14 | INFO: Extracting primitive: ouxiangxie_bookcover.001
12:08:14 | INFO: Primitives created: 1
12:08:14 | INFO: Extracting primitive: ouxiangxie_ceramic.001
12:08:14 | INFO: Primitives created: 1
12:08:14 | INFO: Extracting primitive: ouxiangxie_darkwood.001
12:08:14 | INFO: Primitives created: 1
12:08:14 | INFO: Extracting primitive: ouxiangxie_furniture
12:08:14 | INFO: Primitives created: 1
12:08:14 | INFO: Extracting primitive: ouxiangxie_gold.001
12:08:14 | INFO: Primitives created: 1
12:08:14 | INFO: Extracting primitive: ouxiangxie_ink.001
12:08:14 | INFO: Primitives created: 1
12:08:14 | INFO: Extracting primitive: ouxiangxie_ivory.001
12:08:14 | INFO: Primitives created: 1
12:08:14 | INFO: Extracting primitive: ouxiangxie_latticewood.001
12:08:14 | INFO: Primitives created: 1
12:08:14 | INFO: Extracting primitive: ouxiangxie_paper
12:08:14 | INFO: Primitives created: 1
12:08:14 | INFO: Extracting primitive: ouxiangxie_roof.001
12:08:14 | INFO: Primitives created: 1
12:08:14 | INFO: Extracting primitive: ouxiangxie_screen
12:08:14 | INFO: Primitives created: 1
12:08:14 | INFO: Extracting primitive: ouxiangxie_stone.001
12:08:14 | INFO: Primitives created: 1
12:08:14 | INFO: Extracting primitive: ouxiangxie_tile.001
12:08:14 | INFO: Primitives created: 1
12:08:14 | INFO: Extracting primitive: ouxiangxie_tiledark.001
12:08:14 | INFO: Primitives created: 1
12:08:14 | INFO: Extracting primitive: ouxiangxie_tilelight.001
12:08:14 | INFO: Primitives created: 1
12:08:15 | INFO: Extracting primitive: ouxiangxie_wood.001
12:08:15 | INFO: Primitives created: 1
12:08:15 | INFO: Extracting primitive: r15_ouxiangxie_enclosure_blue
12:08:15 | INFO: Primitives created: 1
12:08:16 | INFO: Extracting primitive: r15_ouxiangxie_enclosure_ceiling
12:08:16 | INFO: Primitives created: 1
12:08:16 | INFO: Extracting primitive: r15_ouxiangxie_enclosure_gold
12:08:16 | INFO: Primitives created: 1
12:08:16 | INFO: Extracting primitive: r15_ouxiangxie_enclosure_lacquer
12:08:16 | INFO: Primitives created: 1
12:08:16 | INFO: Extracting primitive: r15_ouxiangxie_enclosure_paper
12:08:16 | INFO: Primitives created: 1
12:08:16 | INFO: Extracting primitive: r15_ouxiangxie_enclosure_wall
12:08:16 | INFO: Primitives created: 1
12:08:16 | INFO: Finished glTF 2.0 export in 2.5696868896484375 s

ENCLOSED DETAIL ouxiangxie 6
12:08:16 | INFO: Starting glTF 2.0 export
12:08:16 | INFO: Extracting primitive: dicuiting_darkwood
12:08:16 | INFO: Primitives created: 1
12:08:16 | INFO: Extracting primitive: dicuiting_gold
12:08:16 | INFO: Primitives created: 1
12:08:16 | INFO: Extracting primitive: dicuiting_lantern
12:08:16 | INFO: Primitives created: 1
12:08:16 | INFO: Extracting primitive: dicuiting_roof.001
12:08:16 | INFO: Primitives created: 1
12:08:17 | INFO: Extracting primitive: dicuiting_stone.001
12:08:17 | INFO: Primitives created: 1
12:08:17 | INFO: Extracting primitive: dicuiting_tile.001
12:08:17 | INFO: Primitives created: 1
12:08:17 | INFO: Extracting primitive: dicuiting_tiledark
12:08:17 | INFO: Primitives created: 1
12:08:17 | INFO: Extracting primitive: dicuiting_tilelight
12:08:17 | INFO: Primitives created: 1
12:08:18 | INFO: Extracting primitive: dicuiting_wood.001
12:08:18 | INFO: Primitives created: 1
12:08:18 | INFO: Finished glTF 2.0 export in 1.8665988445281982 s

ENCLOSED DETAIL dicuiting 0
12:08:19 | INFO: Starting glTF 2.0 export
12:08:20 | INFO: Extracting primitive: luxuean_bamboo.001
12:08:20 | INFO: Primitives created: 1
12:08:20 | INFO: Extracting primitive: luxuean_clay.001
12:08:20 | INFO: Primitives created: 1
12:08:20 | INFO: Extracting primitive: luxuean_lightleaf.001
12:08:20 | INFO: Primitives created: 1
12:08:20 | INFO: Extracting primitive: luxuean_paving.001
12:08:20 | INFO: Primitives created: 1
12:08:20 | INFO: Extracting primitive: luxuean_stone.001
12:08:20 | INFO: Primitives created: 1
12:08:20 | INFO: Extracting primitive: luxuean_thatch.001
12:08:20 | INFO: Primitives created: 1
12:08:21 | INFO: Extracting primitive: luxuean_wood.001
12:08:21 | INFO: Primitives created: 1
12:08:22 | INFO: Extracting primitive: r15_luxuean_enclosure_ceiling
12:08:22 | INFO: Primitives created: 1
12:08:22 | INFO: Extracting primitive: r15_luxuean_enclosure_clay
12:08:22 | INFO: Primitives created: 1
12:08:22 | INFO: Extracting primitive: r15_luxuean_enclosure_ochre
12:08:22 | INFO: Primitives created: 1
12:08:22 | INFO: Extracting primitive: r15_luxuean_enclosure_paper
12:08:22 | INFO: Primitives created: 1
12:08:22 | INFO: Finished glTF 2.0 export in 2.2128663063049316 s

ENCLOSED DETAIL luxuean 4
12:08:23 | INFO: Starting glTF 2.0 export
12:08:23 | INFO: Extracting primitive: r15_tubishanzhuang_enclosure_blue
12:08:23 | INFO: Primitives created: 1
12:08:23 | INFO: Extracting primitive: r15_tubishanzhuang_enclosure_ceiling
12:08:23 | INFO: Primitives created: 1
12:08:23 | INFO: Extracting primitive: r15_tubishanzhuang_enclosure_gold
12:08:23 | INFO: Primitives created: 1
12:08:23 | INFO: Extracting primitive: r15_tubishanzhuang_enclosure_lacquer
12:08:23 | INFO: Primitives created: 1
12:08:23 | INFO: Extracting primitive: r15_tubishanzhuang_enclosure_paper
12:08:23 | INFO: Primitives created: 1
12:08:24 | INFO: Extracting primitive: r15_tubishanzhuang_enclosure_wall
12:08:24 | INFO: Primitives created: 1
12:08:24 | INFO: Extracting primitive: tubishanzhuang_bark
12:08:24 | INFO: Primitives created: 1
12:08:24 | INFO: Extracting primitive: tubishanzhuang_canopy
12:08:24 | INFO: Primitives created: 1
12:08:24 | INFO: Extracting primitive: tubishanzhuang_canopy_light
12:08:24 | INFO: Primitives created: 1
12:08:24 | INFO: Extracting primitive: tubishanzhuang_canopy_shadow
12:08:24 | INFO: Primitives created: 1
12:08:24 | INFO: Extracting primitive: tubishanzhuang_cutstone
12:08:24 | INFO: Primitives created: 1
12:08:24 | INFO: Extracting primitive: tubishanzhuang_darkwood.001
12:08:24 | INFO: Primitives created: 1
12:08:24 | INFO: Extracting primitive: tubishanzhuang_floorwood
12:08:24 | INFO: Primitives created: 1
12:08:24 | INFO: Extracting primitive: tubishanzhuang_furniture
12:08:24 | INFO: Primitives created: 1
12:08:24 | INFO: Extracting primitive: tubishanzhuang_latticewood.001
12:08:24 | INFO: Primitives created: 1
12:08:24 | INFO: Extracting primitive: tubishanzhuang_paving.001
12:08:25 | INFO: Primitives created: 1
12:08:25 | INFO: Extracting primitive: tubishanzhuang_roof.001
12:08:25 | INFO: Primitives created: 1
12:08:25 | INFO: Extracting primitive: tubishanzhuang_screen
12:08:25 | INFO: Primitives created: 1
12:08:25 | INFO: Extracting primitive: tubishanzhuang_stone.001
12:08:25 | INFO: Primitives created: 1
12:08:25 | INFO: Extracting primitive: tubishanzhuang_tile.001
12:08:25 | INFO: Primitives created: 1
12:08:25 | INFO: Extracting primitive: tubishanzhuang_tiledark.001
12:08:25 | INFO: Primitives created: 1
12:08:25 | INFO: Extracting primitive: tubishanzhuang_tilelight.001
12:08:25 | INFO: Primitives created: 1
12:08:26 | INFO: Extracting primitive: tubishanzhuang_wood.001
12:08:26 | INFO: Primitives created: 1
12:08:26 | INFO: Finished glTF 2.0 export in 3.5278377532958984 s

ENCLOSED DETAIL tubishanzhuang 6
12:08:27 | INFO: Starting glTF 2.0 export
12:08:27 | INFO: Extracting primitive: aojingxiguan_bark
12:08:27 | INFO: Primitives created: 1
12:08:27 | INFO: Extracting primitive: aojingxiguan_canopy
12:08:27 | INFO: Primitives created: 1
12:08:27 | INFO: Extracting primitive: aojingxiguan_canopy_light
12:08:27 | INFO: Primitives created: 1
12:08:27 | INFO: Extracting primitive: aojingxiguan_canopy_shadow
12:08:27 | INFO: Primitives created: 1
12:08:27 | INFO: Extracting primitive: aojingxiguan_cutstone
12:08:27 | INFO: Primitives created: 1
12:08:28 | INFO: Extracting primitive: aojingxiguan_darkwood.001
12:08:28 | INFO: Primitives created: 1
12:08:28 | INFO: Extracting primitive: aojingxiguan_floorwood
12:08:28 | INFO: Primitives created: 1
12:08:28 | INFO: Extracting primitive: aojingxiguan_furniture
12:08:28 | INFO: Primitives created: 1
12:08:28 | INFO: Extracting primitive: aojingxiguan_latticewood.001
12:08:28 | INFO: Primitives created: 1
12:08:28 | INFO: Extracting primitive: aojingxiguan_paving.001
12:08:28 | INFO: Primitives created: 1
12:08:28 | INFO: Extracting primitive: aojingxiguan_roof.001
12:08:28 | INFO: Primitives created: 1
12:08:28 | INFO: Extracting primitive: aojingxiguan_screen
12:08:28 | INFO: Primitives created: 1
12:08:29 | INFO: Extracting primitive: aojingxiguan_stone.001
12:08:29 | INFO: Primitives created: 1
12:08:29 | INFO: Extracting primitive: aojingxiguan_tile.001
12:08:29 | INFO: Primitives created: 1
12:08:29 | INFO: Extracting primitive: aojingxiguan_tiledark.001
12:08:29 | INFO: Primitives created: 1
12:08:29 | INFO: Extracting primitive: aojingxiguan_tilelight.001
12:08:29 | INFO: Primitives created: 1
12:08:30 | INFO: Extracting primitive: aojingxiguan_wood.001
12:08:30 | INFO: Primitives created: 1
12:08:30 | INFO: Extracting primitive: r15_aojingxiguan_enclosure_blue
12:08:30 | INFO: Primitives created: 1
12:08:30 | INFO: Extracting primitive: r15_aojingxiguan_enclosure_ceiling
12:08:30 | INFO: Primitives created: 1
12:08:30 | INFO: Extracting primitive: r15_aojingxiguan_enclosure_gold
12:08:30 | INFO: Primitives created: 1
12:08:30 | INFO: Extracting primitive: r15_aojingxiguan_enclosure_lacquer
12:08:30 | INFO: Primitives created: 1
12:08:30 | INFO: Extracting primitive: r15_aojingxiguan_enclosure_paper
12:08:30 | INFO: Primitives created: 1
12:08:30 | INFO: Extracting primitive: r15_aojingxiguan_enclosure_wall
12:08:30 | INFO: Primitives created: 1
12:08:30 | INFO: Finished glTF 2.0 export in 3.3896775245666504 s

ENCLOSED DETAIL aojingxiguan 6
12:08:32 | INFO: Starting glTF 2.0 export
12:08:33 | INFO: Extracting primitive: daguanlou_bamboo.001
12:08:33 | INFO: Primitives created: 1
12:08:33 | INFO: Extracting primitive: daguanlou_bark
12:08:33 | INFO: Primitives created: 1
12:08:33 | INFO: Extracting primitive: daguanlou_bookcloth.001
12:08:33 | INFO: Primitives created: 1
12:08:33 | INFO: Extracting primitive: daguanlou_bookcover.001
12:08:33 | INFO: Primitives created: 1
12:08:33 | INFO: Extracting primitive: daguanlou_canopy
12:08:33 | INFO: Primitives created: 1
12:08:33 | INFO: Extracting primitive: daguanlou_canopy_light
12:08:33 | INFO: Primitives created: 1
12:08:33 | INFO: Extracting primitive: daguanlou_canopy_shadow
12:08:33 | INFO: Primitives created: 1
12:08:33 | INFO: Extracting primitive: daguanlou_ceramic
12:08:33 | INFO: Primitives created: 1
12:08:33 | INFO: Extracting primitive: daguanlou_courtbase
12:08:33 | INFO: Primitives created: 1
12:08:33 | INFO: Extracting primitive: daguanlou_cutstone
12:08:33 | INFO: Primitives created: 1
12:08:33 | INFO: Extracting primitive: daguanlou_darkwood
12:08:33 | INFO: Primitives created: 1
12:08:33 | INFO: Extracting primitive: daguanlou_floorwood
12:08:33 | INFO: Primitives created: 1
12:08:33 | INFO: Extracting primitive: daguanlou_furniture
12:08:33 | INFO: Primitives created: 1
12:08:33 | INFO: Extracting primitive: daguanlou_gold
12:08:33 | INFO: Primitives created: 1
12:08:33 | INFO: Extracting primitive: daguanlou_ground_botanical_bamboo
12:08:33 | INFO: Primitives created: 1
12:08:33 | INFO: Extracting primitive: daguanlou_ground_botanical_litter
12:08:33 | INFO: Primitives created: 1
12:08:33 | INFO: Extracting primitive: daguanlou_ground_botanical_stem.001
12:08:33 | INFO: Primitives created: 1
12:08:33 | INFO: Extracting primitive: daguanlou_ink.001
12:08:33 | INFO: Primitives created: 1
12:08:33 | INFO: Extracting primitive: daguanlou_ivory.001
12:08:33 | INFO: Primitives created: 1
12:08:33 | INFO: Extracting primitive: daguanlou_lantern
12:08:33 | INFO: Primitives created: 1
12:08:33 | INFO: Extracting primitive: daguanlou_latticewood.001
12:08:33 | INFO: Primitives created: 1
12:08:33 | INFO: Extracting primitive: daguanlou_limestone.001
12:08:33 | INFO: Primitives created: 1
12:08:33 | INFO: Extracting primitive: daguanlou_paper
12:08:33 | INFO: Primitives created: 1
12:08:33 | INFO: Extracting primitive: daguanlou_paving
12:08:33 | INFO: Primitives created: 1
12:08:33 | INFO: Extracting primitive: daguanlou_plaster
12:08:33 | INFO: Primitives created: 1
12:08:33 | INFO: Extracting primitive: daguanlou_roof
12:08:33 | INFO: Primitives created: 1
12:08:33 | INFO: Extracting primitive: daguanlou_screen
12:08:33 | INFO: Primitives created: 1
12:08:34 | INFO: Extracting primitive: daguanlou_stone
12:08:34 | INFO: Primitives created: 1
12:08:34 | INFO: Extracting primitive: daguanlou_tile
12:08:35 | INFO: Primitives created: 1
12:08:35 | INFO: Extracting primitive: daguanlou_tiledark
12:08:35 | INFO: Primitives created: 1
12:08:35 | INFO: Extracting primitive: daguanlou_tilelight
12:08:35 | INFO: Primitives created: 1
12:08:35 | INFO: Extracting primitive: daguanlou_wood
12:08:35 | INFO: Primitives created: 1
12:08:35 | INFO: Extracting primitive: r15_daguanlou_enclosure_blue
12:08:35 | INFO: Primitives created: 1
12:08:36 | INFO: Extracting primitive: r15_daguanlou_enclosure_ceiling
12:08:36 | INFO: Primitives created: 1
12:08:36 | INFO: Extracting primitive: r15_daguanlou_enclosure_gold
12:08:36 | INFO: Primitives created: 1
12:08:36 | INFO: Extracting primitive: r15_daguanlou_enclosure_lacquer
12:08:36 | INFO: Primitives created: 1
12:08:36 | INFO: Extracting primitive: r15_daguanlou_enclosure_paper
12:08:36 | INFO: Primitives created: 1
12:08:36 | INFO: Extracting primitive: r15_daguanlou_enclosure_wall
12:08:36 | INFO: Primitives created: 1
12:08:37 | INFO: Finished glTF 2.0 export in 4.490276336669922 s

ENCLOSED DETAIL daguanlou 6
12:08:38 | INFO: Starting glTF 2.0 export
12:08:38 | INFO: Extracting primitive: longcuian_bamboo.001
12:08:38 | INFO: Primitives created: 1
12:08:38 | INFO: Extracting primitive: longcuian_bark
12:08:38 | INFO: Primitives created: 1
12:08:38 | INFO: Extracting primitive: longcuian_bookcloth.001
12:08:38 | INFO: Primitives created: 1
12:08:38 | INFO: Extracting primitive: longcuian_bookcover.001
12:08:38 | INFO: Primitives created: 1
12:08:38 | INFO: Extracting primitive: longcuian_canopy
12:08:38 | INFO: Primitives created: 1
12:08:38 | INFO: Extracting primitive: longcuian_canopy_light
12:08:38 | INFO: Primitives created: 1
12:08:38 | INFO: Extracting primitive: longcuian_canopy_shadow
12:08:38 | INFO: Primitives created: 1
12:08:38 | INFO: Extracting primitive: longcuian_ceramic
12:08:38 | INFO: Primitives created: 1
12:08:38 | INFO: Extracting primitive: longcuian_courtbase
12:08:38 | INFO: Primitives created: 1
12:08:38 | INFO: Extracting primitive: longcuian_cutstone
12:08:38 | INFO: Primitives created: 1
12:08:39 | INFO: Extracting primitive: longcuian_darkwood
12:08:39 | INFO: Primitives created: 1
12:08:39 | INFO: Extracting primitive: longcuian_floorwood
12:08:39 | INFO: Primitives created: 1
12:08:39 | INFO: Extracting primitive: longcuian_flower
12:08:39 | INFO: Primitives created: 1
12:08:39 | INFO: Extracting primitive: longcuian_furniture
12:08:39 | INFO: Primitives created: 1
12:08:39 | INFO: Extracting primitive: longcuian_gold.001
12:08:39 | INFO: Primitives created: 1
12:08:39 | INFO: Extracting primitive: longcuian_ink.001
12:08:39 | INFO: Primitives created: 1
12:08:39 | INFO: Extracting primitive: longcuian_ivory.001
12:08:39 | INFO: Primitives created: 1
12:08:39 | INFO: Extracting primitive: longcuian_latticewood.001
12:08:39 | INFO: Primitives created: 1
12:08:39 | INFO: Extracting primitive: longcuian_leafdark
12:08:39 | INFO: Primitives created: 1
12:08:39 | INFO: Extracting primitive: longcuian_paper
12:08:39 | INFO: Primitives created: 1
12:08:39 | INFO: Extracting primitive: longcuian_paving
12:08:39 | INFO: Primitives created: 1
12:08:40 | INFO: Extracting primitive: longcuian_plaster
12:08:40 | INFO: Primitives created: 1
12:08:40 | INFO: Extracting primitive: longcuian_roof
12:08:40 | INFO: Primitives created: 1
12:08:40 | INFO: Extracting primitive: longcuian_screen
12:08:40 | INFO: Primitives created: 1
12:08:40 | INFO: Extracting primitive: longcuian_stone
12:08:40 | INFO: Primitives created: 1
12:08:40 | INFO: Extracting primitive: longcuian_tile
12:08:41 | INFO: Primitives created: 1
12:08:41 | INFO: Extracting primitive: longcuian_tiledark
12:08:41 | INFO: Primitives created: 1
12:08:41 | INFO: Extracting primitive: longcuian_tilelight
12:08:41 | INFO: Primitives created: 1
12:08:41 | INFO: Extracting primitive: longcuian_wood
12:08:41 | INFO: Primitives created: 1
12:08:42 | INFO: Extracting primitive: r15_longcuian_enclosure_ceiling
12:08:42 | INFO: Primitives created: 1
12:08:42 | INFO: Extracting primitive: r15_longcuian_enclosure_gold
12:08:42 | INFO: Primitives created: 1
12:08:42 | INFO: Extracting primitive: r15_longcuian_enclosure_jade
12:08:42 | INFO: Primitives created: 1
12:08:42 | INFO: Extracting primitive: r15_longcuian_enclosure_lacquer
12:08:42 | INFO: Primitives created: 1
12:08:42 | INFO: Extracting primitive: r15_longcuian_enclosure_paper
12:08:42 | INFO: Primitives created: 1
12:08:42 | INFO: Extracting primitive: r15_longcuian_enclosure_wall
12:08:42 | INFO: Primitives created: 1
12:08:42 | INFO: Finished glTF 2.0 export in 4.307981014251709 s

ENCLOSED DETAIL longcuian 6
12:08:43 | INFO: Starting glTF 2.0 export
12:08:44 | INFO: Extracting primitive: nuanxiangwu_bamboo.001
12:08:44 | INFO: Primitives created: 1
12:08:44 | INFO: Extracting primitive: nuanxiangwu_bark
12:08:44 | INFO: Primitives created: 1
12:08:44 | INFO: Extracting primitive: nuanxiangwu_bookcloth.001
12:08:44 | INFO: Primitives created: 1
12:08:44 | INFO: Extracting primitive: nuanxiangwu_bookcover.001
12:08:44 | INFO: Primitives created: 1
12:08:44 | INFO: Extracting primitive: nuanxiangwu_ceramic
12:08:44 | INFO: Primitives created: 1
12:08:44 | INFO: Extracting primitive: nuanxiangwu_courtbase
12:08:44 | INFO: Primitives created: 1
12:08:44 | INFO: Extracting primitive: nuanxiangwu_creamflower
12:08:44 | INFO: Primitives created: 1
12:08:44 | INFO: Extracting primitive: nuanxiangwu_cutstone
12:08:44 | INFO: Primitives created: 1
12:08:44 | INFO: Extracting primitive: nuanxiangwu_darkwood
12:08:44 | INFO: Primitives created: 1
12:08:44 | INFO: Extracting primitive: nuanxiangwu_floorwood
12:08:44 | INFO: Primitives created: 1
12:08:44 | INFO: Extracting primitive: nuanxiangwu_furniture
12:08:44 | INFO: Primitives created: 1
12:08:44 | INFO: Extracting primitive: nuanxiangwu_gold.001
12:08:44 | INFO: Primitives created: 1
12:08:44 | INFO: Extracting primitive: nuanxiangwu_ink.001
12:08:44 | INFO: Primitives created: 1
12:08:44 | INFO: Extracting primitive: nuanxiangwu_ivory.001
12:08:44 | INFO: Primitives created: 1
12:08:44 | INFO: Extracting primitive: nuanxiangwu_latticewood.001
12:08:44 | INFO: Primitives created: 1
12:08:44 | INFO: Extracting primitive: nuanxiangwu_leafdark
12:08:44 | INFO: Primitives created: 1
12:08:44 | INFO: Extracting primitive: nuanxiangwu_paper
12:08:44 | INFO: Primitives created: 1
12:08:44 | INFO: Extracting primitive: nuanxiangwu_paving
12:08:44 | INFO: Primitives created: 1
12:08:44 | INFO: Extracting primitive: nuanxiangwu_roof
12:08:45 | INFO: Primitives created: 1
12:08:45 | INFO: Extracting primitive: nuanxiangwu_screen
12:08:45 | INFO: Primitives created: 1
12:08:45 | INFO: Extracting primitive: nuanxiangwu_silk
12:08:45 | INFO: Primitives created: 1
12:08:45 | INFO: Extracting primitive: nuanxiangwu_stone
12:08:45 | INFO: Primitives created: 1
12:08:45 | INFO: Extracting primitive: nuanxiangwu_tile
12:08:45 | INFO: Primitives created: 1
12:08:45 | INFO: Extracting primitive: nuanxiangwu_tiledark
12:08:45 | INFO: Primitives created: 1
12:08:45 | INFO: Extracting primitive: nuanxiangwu_tilelight
12:08:45 | INFO: Primitives created: 1
12:08:46 | INFO: Extracting primitive: nuanxiangwu_wood
12:08:46 | INFO: Primitives created: 1
12:08:46 | INFO: Extracting primitive: r15_nuanxiangwu_enclosure_blue
12:08:46 | INFO: Primitives created: 1
12:08:47 | INFO: Extracting primitive: r15_nuanxiangwu_enclosure_ceiling
12:08:47 | INFO: Primitives created: 1
12:08:47 | INFO: Extracting primitive: r15_nuanxiangwu_enclosure_gold
12:08:47 | INFO: Primitives created: 1
12:08:47 | INFO: Extracting primitive: r15_nuanxiangwu_enclosure_lacquer
12:08:47 | INFO: Primitives created: 1
12:08:47 | INFO: Extracting primitive: r15_nuanxiangwu_enclosure_paper
12:08:47 | INFO: Primitives created: 1
12:08:47 | INFO: Extracting primitive: r15_nuanxiangwu_enclosure_wall
12:08:47 | INFO: Primitives created: 1
12:08:47 | INFO: Finished glTF 2.0 export in 3.45105242729187 s

ENCLOSED DETAIL nuanxiangwu 6
Info: Saved as "daguanyuan_master.blend"
12:08:57 | INFO: Starting glTF 2.0 export
12:08:57 | INFO: Extracting primitive: r15_daguanyuan_gate_cutstone
12:08:57 | INFO: Primitives created: 1
12:08:57 | INFO: Extracting primitive: r15_daguanyuan_gate_darkwood
12:08:57 | INFO: Primitives created: 1
12:08:57 | INFO: Extracting primitive: r15_daguanyuan_gate_furniture
12:08:57 | INFO: Primitives created: 1
12:08:57 | INFO: Extracting primitive: r15_daguanyuan_gate_gold
12:08:57 | INFO: Primitives created: 1
12:08:57 | INFO: Extracting primitive: r15_daguanyuan_gate_latticewood
12:08:58 | INFO: Primitives created: 1
12:08:58 | INFO: Extracting primitive: r15_daguanyuan_gate_plaster
12:08:58 | INFO: Primitives created: 1
12:08:58 | INFO: Extracting primitive: r15_daguanyuan_gate_plaster.001
12:08:58 | INFO: Primitives created: 1
12:08:58 | INFO: Extracting primitive: r15_daguanyuan_gate_qing_azurite
12:08:58 | INFO: Primitives created: 1
12:08:58 | INFO: Extracting primitive: r15_daguanyuan_gate_roof
12:08:58 | INFO: Primitives created: 1
12:08:58 | INFO: Extracting primitive: r15_daguanyuan_gate_screen
12:08:58 | INFO: Primitives created: 1
12:08:58 | INFO: Extracting primitive: r15_daguanyuan_gate_screen.001
12:08:58 | INFO: Primitives created: 1
12:08:58 | INFO: Extracting primitive: r15_daguanyuan_gate_stone
12:08:58 | INFO: Primitives created: 1
12:08:58 | INFO: Extracting primitive: r15_daguanyuan_gate_tile
12:08:58 | INFO: Primitives created: 1
12:08:58 | INFO: Extracting primitive: r15_daguanyuan_gate_tiledark
12:08:58 | INFO: Primitives created: 1
12:08:58 | INFO: Extracting primitive: r15_daguanyuan_gate_tilelight
12:08:58 | INFO: Primitives created: 1
12:08:58 | INFO: Extracting primitive: r15_daguanyuan_gate_wood
12:08:58 | INFO: Primitives created: 1
12:08:58 | INFO: Extracting primitive: r15_daguanyuan_gate_wood.001
12:08:58 | INFO: Primitives created: 1
12:08:58 | INFO: Finished glTF 2.0 export in 0.8319351673126221 s

ENCLOSED MOBILE daguanyuan_gate
12:09:08 | INFO: Starting glTF 2.0 export
12:09:09 | INFO: Finished glTF 2.0 export in 0.3348870277404785 s

ENCLOSED MOBILE qujingtongyou
12:09:24 | INFO: Starting glTF 2.0 export
12:09:25 | INFO: Extracting primitive: r15_xiaoxiangguan_bookcloth
12:09:25 | INFO: Primitives created: 1
12:09:25 | INFO: Extracting primitive: r15_xiaoxiangguan_bookcover
12:09:25 | INFO: Primitives created: 1
12:09:25 | INFO: Extracting primitive: r15_xiaoxiangguan_ceramic
12:09:25 | INFO: Primitives created: 1
12:09:25 | INFO: Extracting primitive: r15_xiaoxiangguan_cutstone
12:09:25 | INFO: Primitives created: 1
12:09:25 | INFO: Extracting primitive: r15_xiaoxiangguan_darkwood
12:09:25 | INFO: Primitives created: 1
12:09:25 | INFO: Extracting primitive: r15_xiaoxiangguan_furniture
12:09:25 | INFO: Primitives created: 1
12:09:25 | INFO: Extracting primitive: r15_xiaoxiangguan_gold
12:09:25 | INFO: Primitives created: 1
12:09:25 | INFO: Extracting primitive: r15_xiaoxiangguan_gold.001
12:09:25 | INFO: Primitives created: 1
12:09:25 | INFO: Extracting primitive: r15_xiaoxiangguan_ink
12:09:25 | INFO: Primitives created: 1
12:09:25 | INFO: Extracting primitive: r15_xiaoxiangguan_ivory
12:09:25 | INFO: Primitives created: 1
12:09:25 | INFO: Extracting primitive: r15_xiaoxiangguan_lantern
12:09:25 | INFO: Primitives created: 1
12:09:25 | INFO: Extracting primitive: r15_xiaoxiangguan_latticewood
12:09:25 | INFO: Primitives created: 1
12:09:25 | INFO: Extracting primitive: r15_xiaoxiangguan_paper
12:09:25 | INFO: Primitives created: 1
12:09:25 | INFO: Extracting primitive: r15_xiaoxiangguan_plaster
12:09:25 | INFO: Primitives created: 1
12:09:25 | INFO: Extracting primitive: r15_xiaoxiangguan_plaster.001
12:09:25 | INFO: Primitives created: 1
12:09:25 | INFO: Extracting primitive: r15_xiaoxiangguan_plaster.002
12:09:25 | INFO: Primitives created: 1
12:09:25 | INFO: Extracting primitive: r15_xiaoxiangguan_qing_jade
12:09:25 | INFO: Primitives created: 1
12:09:25 | INFO: Extracting primitive: r15_xiaoxiangguan_roof
12:09:25 | INFO: Primitives created: 1
12:09:25 | INFO: Extracting primitive: r15_xiaoxiangguan_screen
12:09:25 | INFO: Primitives created: 1
12:09:25 | INFO: Extracting primitive: r15_xiaoxiangguan_silk
12:09:25 | INFO: Primitives created: 1
12:09:25 | INFO: Extracting primitive: r15_xiaoxiangguan_stone
12:09:25 | INFO: Primitives created: 1
12:09:25 | INFO: Extracting primitive: r15_xiaoxiangguan_tile
12:09:25 | INFO: Primitives created: 1
12:09:25 | INFO: Extracting primitive: r15_xiaoxiangguan_tiledark
12:09:25 | INFO: Primitives created: 1
12:09:25 | INFO: Extracting primitive: r15_xiaoxiangguan_tilelight
12:09:25 | INFO: Primitives created: 1
12:09:25 | INFO: Extracting primitive: r15_xiaoxiangguan_wood
12:09:25 | INFO: Primitives created: 1
12:09:25 | INFO: Extracting primitive: r15_xiaoxiangguan_wood.001
12:09:25 | INFO: Primitives created: 1
12:09:25 | INFO: Finished glTF 2.0 export in 0.9134001731872559 s

ENCLOSED MOBILE xiaoxiangguan
12:09:53 | INFO: Starting glTF 2.0 export
12:09:53 | INFO: Extracting primitive: r15_yihongyuan_bookcloth
12:09:53 | INFO: Primitives created: 1
12:09:53 | INFO: Extracting primitive: r15_yihongyuan_bookcover
12:09:53 | INFO: Primitives created: 1
12:09:53 | INFO: Extracting primitive: r15_yihongyuan_ceramic
12:09:53 | INFO: Primitives created: 1
12:09:53 | INFO: Extracting primitive: r15_yihongyuan_cutstone
12:09:53 | INFO: Primitives created: 1
12:09:53 | INFO: Extracting primitive: r15_yihongyuan_darkwood
12:09:53 | INFO: Primitives created: 1
12:09:53 | INFO: Extracting primitive: r15_yihongyuan_furniture
12:09:54 | INFO: Primitives created: 1
12:09:54 | INFO: Extracting primitive: r15_yihongyuan_gold
12:09:54 | INFO: Primitives created: 1
12:09:54 | INFO: Extracting primitive: r15_yihongyuan_gold.001
12:09:54 | INFO: Primitives created: 1
12:09:54 | INFO: Extracting primitive: r15_yihongyuan_ink
12:09:54 | INFO: Primitives created: 1
12:09:54 | INFO: Extracting primitive: r15_yihongyuan_ivory
12:09:54 | INFO: Primitives created: 1
12:09:54 | INFO: Extracting primitive: r15_yihongyuan_lantern
12:09:54 | INFO: Primitives created: 1
12:09:54 | INFO: Extracting primitive: r15_yihongyuan_latticewood
12:09:54 | INFO: Primitives created: 1
12:09:54 | INFO: Extracting primitive: r15_yihongyuan_paper
12:09:54 | INFO: Primitives created: 1
12:09:54 | INFO: Extracting primitive: r15_yihongyuan_plaster
12:09:54 | INFO: Primitives created: 1
12:09:54 | INFO: Extracting primitive: r15_yihongyuan_plaster.001
12:09:54 | INFO: Primitives created: 1
12:09:54 | INFO: Extracting primitive: r15_yihongyuan_plaster.002
12:09:54 | INFO: Primitives created: 1
12:09:54 | INFO: Extracting primitive: r15_yihongyuan_qing_azurite
12:09:54 | INFO: Primitives created: 1
12:09:54 | INFO: Extracting primitive: r15_yihongyuan_roof
12:09:54 | INFO: Primitives created: 1
12:09:54 | INFO: Extracting primitive: r15_yihongyuan_screen
12:09:54 | INFO: Primitives created: 1
12:09:54 | INFO: Extracting primitive: r15_yihongyuan_screen.001
12:09:54 | INFO: Primitives created: 1
12:09:54 | INFO: Extracting primitive: r15_yihongyuan_silk
12:09:54 | INFO: Primitives created: 1
12:09:54 | INFO: Extracting primitive: r15_yihongyuan_stone
12:09:54 | INFO: Primitives created: 1
12:09:54 | INFO: Extracting primitive: r15_yihongyuan_tile
12:09:54 | INFO: Primitives created: 1
12:09:54 | INFO: Extracting primitive: r15_yihongyuan_tiledark
12:09:54 | INFO: Primitives created: 1
12:09:54 | INFO: Extracting primitive: r15_yihongyuan_tilelight
12:09:54 | INFO: Primitives created: 1
12:09:54 | INFO: Extracting primitive: r15_yihongyuan_wood
12:09:54 | INFO: Primitives created: 1
12:09:54 | INFO: Extracting primitive: r15_yihongyuan_wood.001
12:09:54 | INFO: Primitives created: 1
12:09:54 | INFO: Finished glTF 2.0 export in 0.9108834266662598 s

ENCLOSED MOBILE yihongyuan
12:10:17 | INFO: Starting glTF 2.0 export
12:10:17 | INFO: Extracting primitive: r15_hengwuyuan_bookcloth
12:10:17 | INFO: Primitives created: 1
12:10:17 | INFO: Extracting primitive: r15_hengwuyuan_bookcover
12:10:17 | INFO: Primitives created: 1
12:10:17 | INFO: Extracting primitive: r15_hengwuyuan_ceramic
12:10:17 | INFO: Primitives created: 1
12:10:17 | INFO: Extracting primitive: r15_hengwuyuan_clay
12:10:17 | INFO: Primitives created: 1
12:10:17 | INFO: Extracting primitive: r15_hengwuyuan_cutstone
12:10:17 | INFO: Primitives created: 1
12:10:17 | INFO: Extracting primitive: r15_hengwuyuan_darkwood
12:10:17 | INFO: Primitives created: 1
12:10:17 | INFO: Extracting primitive: r15_hengwuyuan_furniture
12:10:17 | INFO: Primitives created: 1
12:10:17 | INFO: Extracting primitive: r15_hengwuyuan_gold
12:10:17 | INFO: Primitives created: 1
12:10:17 | INFO: Extracting primitive: r15_hengwuyuan_gold.001
12:10:17 | INFO: Primitives created: 1
12:10:17 | INFO: Extracting primitive: r15_hengwuyuan_ink
12:10:17 | INFO: Primitives created: 1
12:10:17 | INFO: Extracting primitive: r15_hengwuyuan_ivory
12:10:17 | INFO: Primitives created: 1
12:10:17 | INFO: Extracting primitive: r15_hengwuyuan_lantern
12:10:17 | INFO: Primitives created: 1
12:10:17 | INFO: Extracting primitive: r15_hengwuyuan_latticewood
12:10:18 | INFO: Primitives created: 1
12:10:18 | INFO: Extracting primitive: r15_hengwuyuan_paper
12:10:18 | INFO: Primitives created: 1
12:10:18 | INFO: Extracting primitive: r15_hengwuyuan_plaster
12:10:18 | INFO: Primitives created: 1
12:10:18 | INFO: Extracting primitive: r15_hengwuyuan_plaster.001
12:10:18 | INFO: Primitives created: 1
12:10:18 | INFO: Extracting primitive: r15_hengwuyuan_plaster.002
12:10:18 | INFO: Primitives created: 1
12:10:18 | INFO: Extracting primitive: r15_hengwuyuan_qing_jade
12:10:18 | INFO: Primitives created: 1
12:10:18 | INFO: Extracting primitive: r15_hengwuyuan_roof
12:10:18 | INFO: Primitives created: 1
12:10:18 | INFO: Extracting primitive: r15_hengwuyuan_screen
12:10:18 | INFO: Primitives created: 1
12:10:18 | INFO: Extracting primitive: r15_hengwuyuan_screen.001
12:10:18 | INFO: Primitives created: 1
12:10:18 | INFO: Extracting primitive: r15_hengwuyuan_stone
12:10:18 | INFO: Primitives created: 1
12:10:18 | INFO: Extracting primitive: r15_hengwuyuan_tile
12:10:18 | INFO: Primitives created: 1
12:10:18 | INFO: Extracting primitive: r15_hengwuyuan_tiledark
12:10:18 | INFO: Primitives created: 1
12:10:18 | INFO: Extracting primitive: r15_hengwuyuan_tilelight
12:10:18 | INFO: Primitives created: 1
12:10:18 | INFO: Extracting primitive: r15_hengwuyuan_wood
12:10:18 | INFO: Primitives created: 1
12:10:18 | INFO: Extracting primitive: r15_hengwuyuan_wood.001
12:10:18 | INFO: Primitives created: 1
12:10:18 | INFO: Finished glTF 2.0 export in 0.960395336151123 s

ENCLOSED MOBILE hengwuyuan
12:10:49 | INFO: Starting glTF 2.0 export
12:10:50 | INFO: Extracting primitive: r15_qiushuangzhai_bookcloth
12:10:50 | INFO: Primitives created: 1
12:10:50 | INFO: Extracting primitive: r15_qiushuangzhai_bookcover
12:10:50 | INFO: Primitives created: 1
12:10:50 | INFO: Extracting primitive: r15_qiushuangzhai_ceramic
12:10:50 | INFO: Primitives created: 1
12:10:50 | INFO: Extracting primitive: r15_qiushuangzhai_cutstone
12:10:50 | INFO: Primitives created: 1
12:10:50 | INFO: Extracting primitive: r15_qiushuangzhai_darkwood
12:10:50 | INFO: Primitives created: 1
12:10:50 | INFO: Extracting primitive: r15_qiushuangzhai_furniture
12:10:50 | INFO: Primitives created: 1
12:10:50 | INFO: Extracting primitive: r15_qiushuangzhai_gold
12:10:50 | INFO: Primitives created: 1
12:10:50 | INFO: Extracting primitive: r15_qiushuangzhai_gold.001
12:10:50 | INFO: Primitives created: 1
12:10:50 | INFO: Extracting primitive: r15_qiushuangzhai_ink
12:10:50 | INFO: Primitives created: 1
12:10:50 | INFO: Extracting primitive: r15_qiushuangzhai_ivory
12:10:50 | INFO: Primitives created: 1
12:10:50 | INFO: Extracting primitive: r15_qiushuangzhai_lantern
12:10:50 | INFO: Primitives created: 1
12:10:50 | INFO: Extracting primitive: r15_qiushuangzhai_latticewood
12:10:50 | INFO: Primitives created: 1
12:10:50 | INFO: Extracting primitive: r15_qiushuangzhai_marble
12:10:50 | INFO: Primitives created: 1
12:10:50 | INFO: Extracting primitive: r15_qiushuangzhai_paper
12:10:50 | INFO: Primitives created: 1
12:10:50 | INFO: Extracting primitive: r15_qiushuangzhai_plaster
12:10:50 | INFO: Primitives created: 1
12:10:50 | INFO: Extracting primitive: r15_qiushuangzhai_plaster.001
12:10:50 | INFO: Primitives created: 1
12:10:50 | INFO: Extracting primitive: r15_qiushuangzhai_plaster.002
12:10:50 | INFO: Primitives created: 1
12:10:50 | INFO: Extracting primitive: r15_qiushuangzhai_qing_azurite
12:10:50 | INFO: Primitives created: 1
12:10:50 | INFO: Extracting primitive: r15_qiushuangzhai_roof
12:10:50 | INFO: Primitives created: 1
12:10:50 | INFO: Extracting primitive: r15_qiushuangzhai_screen
12:10:50 | INFO: Primitives created: 1
12:10:50 | INFO: Extracting primitive: r15_qiushuangzhai_screen.001
12:10:50 | INFO: Primitives created: 1
12:10:50 | INFO: Extracting primitive: r15_qiushuangzhai_silk
12:10:50 | INFO: Primitives created: 1
12:10:50 | INFO: Extracting primitive: r15_qiushuangzhai_stone
12:10:50 | INFO: Primitives created: 1
12:10:50 | INFO: Extracting primitive: r15_qiushuangzhai_tile
12:10:50 | INFO: Primitives created: 1
12:10:50 | INFO: Extracting primitive: r15_qiushuangzhai_tiledark
12:10:50 | INFO: Primitives created: 1
12:10:50 | INFO: Extracting primitive: r15_qiushuangzhai_tilelight
12:10:50 | INFO: Primitives created: 1
12:10:50 | INFO: Extracting primitive: r15_qiushuangzhai_wood
12:10:50 | INFO: Primitives created: 1
12:10:50 | INFO: Extracting primitive: r15_qiushuangzhai_wood.001
12:10:50 | INFO: Primitives created: 1
12:10:50 | INFO: Finished glTF 2.0 export in 0.9862699508666992 s

ENCLOSED MOBILE qiushuangzhai
12:11:17 | INFO: Starting glTF 2.0 export
12:11:17 | INFO: Extracting primitive: r15_daoxiangcun_clay
12:11:17 | INFO: Primitives created: 1
12:11:17 | INFO: Extracting primitive: r15_daoxiangcun_plaster
12:11:17 | INFO: Primitives created: 1
12:11:17 | INFO: Extracting primitive: r15_daoxiangcun_qing_clay
12:11:17 | INFO: Primitives created: 1
12:11:17 | INFO: Extracting primitive: r15_daoxiangcun_rusticwood
12:11:17 | INFO: Primitives created: 1
12:11:17 | INFO: Extracting primitive: r15_daoxiangcun_rusticwood.001
12:11:17 | INFO: Primitives created: 1
12:11:17 | INFO: Extracting primitive: r15_daoxiangcun_screen
12:11:17 | INFO: Primitives created: 1
12:11:17 | INFO: Extracting primitive: r15_daoxiangcun_screen.001
12:11:17 | INFO: Primitives created: 1
12:11:17 | INFO: Extracting primitive: r15_daoxiangcun_stone
12:11:17 | INFO: Primitives created: 1
12:11:17 | INFO: Extracting primitive: r15_daoxiangcun_thatch
12:11:17 | INFO: Primitives created: 1
12:11:17 | INFO: Finished glTF 2.0 export in 0.4908440113067627 s

ENCLOSED MOBILE daoxiangcun
12:11:34 | INFO: Starting glTF 2.0 export
12:11:34 | INFO: Extracting primitive: r15_ouxiangxie_bookcloth
12:11:34 | INFO: Primitives created: 1
12:11:34 | INFO: Extracting primitive: r15_ouxiangxie_bookcover
12:11:34 | INFO: Primitives created: 1
12:11:34 | INFO: Extracting primitive: r15_ouxiangxie_ceramic
12:11:34 | INFO: Primitives created: 1
12:11:34 | INFO: Extracting primitive: r15_ouxiangxie_darkwood
12:11:34 | INFO: Primitives created: 1
12:11:34 | INFO: Extracting primitive: r15_ouxiangxie_furniture
12:11:34 | INFO: Primitives created: 1
12:11:34 | INFO: Extracting primitive: r15_ouxiangxie_gold
12:11:34 | INFO: Primitives created: 1
12:11:34 | INFO: Extracting primitive: r15_ouxiangxie_gold.001
12:11:34 | INFO: Primitives created: 1
12:11:34 | INFO: Extracting primitive: r15_ouxiangxie_ink
12:11:34 | INFO: Primitives created: 1
12:11:34 | INFO: Extracting primitive: r15_ouxiangxie_ivory
12:11:34 | INFO: Primitives created: 1
12:11:34 | INFO: Extracting primitive: r15_ouxiangxie_latticewood
12:11:34 | INFO: Primitives created: 1
12:11:34 | INFO: Extracting primitive: r15_ouxiangxie_paper
12:11:34 | INFO: Primitives created: 1
12:11:34 | INFO: Extracting primitive: r15_ouxiangxie_plaster
12:11:34 | INFO: Primitives created: 1
12:11:34 | INFO: Extracting primitive: r15_ouxiangxie_plaster.001
12:11:34 | INFO: Primitives created: 1
12:11:34 | INFO: Extracting primitive: r15_ouxiangxie_qing_azurite
12:11:34 | INFO: Primitives created: 1
12:11:34 | INFO: Extracting primitive: r15_ouxiangxie_roof
12:11:34 | INFO: Primitives created: 1
12:11:34 | INFO: Extracting primitive: r15_ouxiangxie_screen
12:11:34 | INFO: Primitives created: 1
12:11:34 | INFO: Extracting primitive: r15_ouxiangxie_screen.001
12:11:34 | INFO: Primitives created: 1
12:11:34 | INFO: Extracting primitive: r15_ouxiangxie_stone
12:11:34 | INFO: Primitives created: 1
12:11:34 | INFO: Extracting primitive: r15_ouxiangxie_tile
12:11:34 | INFO: Primitives created: 1
12:11:34 | INFO: Extracting primitive: r15_ouxiangxie_tiledark
12:11:34 | INFO: Primitives created: 1
12:11:34 | INFO: Extracting primitive: r15_ouxiangxie_tilelight
12:11:34 | INFO: Primitives created: 1
12:11:34 | INFO: Extracting primitive: r15_ouxiangxie_wood
12:11:34 | INFO: Primitives created: 1
12:11:34 | INFO: Extracting primitive: r15_ouxiangxie_wood.001
12:11:34 | INFO: Primitives created: 1
12:11:35 | INFO: Finished glTF 2.0 export in 0.8444373607635498 s

ENCLOSED MOBILE ouxiangxie
12:11:51 | INFO: Starting glTF 2.0 export
12:11:52 | INFO: Extracting primitive: r15_dicuiting_darkwood
12:11:52 | INFO: Primitives created: 1
12:11:52 | INFO: Extracting primitive: r15_dicuiting_gold
12:11:52 | INFO: Primitives created: 1
12:11:52 | INFO: Extracting primitive: r15_dicuiting_lantern
12:11:52 | INFO: Primitives created: 1
12:11:52 | INFO: Extracting primitive: r15_dicuiting_roof
12:11:52 | INFO: Primitives created: 1
12:11:52 | INFO: Extracting primitive: r15_dicuiting_stone
12:11:52 | INFO: Primitives created: 1
12:11:52 | INFO: Extracting primitive: r15_dicuiting_tile
12:11:52 | INFO: Primitives created: 1
12:11:52 | INFO: Extracting primitive: r15_dicuiting_tiledark
12:11:52 | INFO: Primitives created: 1
12:11:52 | INFO: Extracting primitive: r15_dicuiting_tilelight
12:11:52 | INFO: Primitives created: 1
12:11:52 | INFO: Extracting primitive: r15_dicuiting_wood
12:11:52 | INFO: Primitives created: 1
12:11:52 | INFO: Finished glTF 2.0 export in 0.6823310852050781 s

ENCLOSED MOBILE dicuiting
12:12:04 | INFO: Starting glTF 2.0 export
12:12:04 | INFO: Extracting primitive: r15_luxuean_clay
12:12:04 | INFO: Primitives created: 1
12:12:04 | INFO: Extracting primitive: r15_luxuean_plaster
12:12:04 | INFO: Primitives created: 1
12:12:04 | INFO: Extracting primitive: r15_luxuean_qing_clay
12:12:04 | INFO: Primitives created: 1
12:12:04 | INFO: Extracting primitive: r15_luxuean_rusticwood
12:12:04 | INFO: Primitives created: 1
12:12:04 | INFO: Extracting primitive: r15_luxuean_rusticwood.001
12:12:04 | INFO: Primitives created: 1
12:12:04 | INFO: Extracting primitive: r15_luxuean_screen
12:12:04 | INFO: Primitives created: 1
12:12:04 | INFO: Extracting primitive: r15_luxuean_stone
12:12:04 | INFO: Primitives created: 1
12:12:04 | INFO: Extracting primitive: r15_luxuean_thatch
12:12:04 | INFO: Primitives created: 1
12:12:04 | INFO: Finished glTF 2.0 export in 0.5824403762817383 s

ENCLOSED MOBILE luxuean
12:12:19 | INFO: Starting glTF 2.0 export
12:12:19 | INFO: Extracting primitive: r15_tubishanzhuang_cutstone
12:12:19 | INFO: Primitives created: 1
12:12:19 | INFO: Extracting primitive: r15_tubishanzhuang_darkwood
12:12:19 | INFO: Primitives created: 1
12:12:19 | INFO: Extracting primitive: r15_tubishanzhuang_furniture
12:12:19 | INFO: Primitives created: 1
12:12:19 | INFO: Extracting primitive: r15_tubishanzhuang_gold
12:12:19 | INFO: Primitives created: 1
12:12:19 | INFO: Extracting primitive: r15_tubishanzhuang_latticewood
12:12:19 | INFO: Primitives created: 1
12:12:19 | INFO: Extracting primitive: r15_tubishanzhuang_plaster
12:12:19 | INFO: Primitives created: 1
12:12:19 | INFO: Extracting primitive: r15_tubishanzhuang_plaster.001
12:12:19 | INFO: Primitives created: 1
12:12:19 | INFO: Extracting primitive: r15_tubishanzhuang_qing_azurite
12:12:19 | INFO: Primitives created: 1
12:12:19 | INFO: Extracting primitive: r15_tubishanzhuang_roof
12:12:19 | INFO: Primitives created: 1
12:12:19 | INFO: Extracting primitive: r15_tubishanzhuang_screen
12:12:19 | INFO: Primitives created: 1
12:12:19 | INFO: Extracting primitive: r15_tubishanzhuang_screen.001
12:12:19 | INFO: Primitives created: 1
12:12:19 | INFO: Extracting primitive: r15_tubishanzhuang_stone
12:12:19 | INFO: Primitives created: 1
12:12:19 | INFO: Extracting primitive: r15_tubishanzhuang_tile
12:12:19 | INFO: Primitives created: 1
12:12:19 | INFO: Extracting primitive: r15_tubishanzhuang_tiledark
12:12:20 | INFO: Primitives created: 1
12:12:20 | INFO: Extracting primitive: r15_tubishanzhuang_tilelight
12:12:20 | INFO: Primitives created: 1
12:12:20 | INFO: Extracting primitive: r15_tubishanzhuang_wood
12:12:20 | INFO: Primitives created: 1
12:12:20 | INFO: Extracting primitive: r15_tubishanzhuang_wood.001
12:12:20 | INFO: Primitives created: 1
12:12:22 | INFO: Finished glTF 2.0 export in 3.310190439224243 s

ENCLOSED MOBILE tubishanzhuang
12:12:43 | INFO: Starting glTF 2.0 export
12:12:43 | INFO: Extracting primitive: r15_aojingxiguan_cutstone
12:12:43 | INFO: Primitives created: 1
12:12:43 | INFO: Extracting primitive: r15_aojingxiguan_darkwood
12:12:43 | INFO: Primitives created: 1
12:12:43 | INFO: Extracting primitive: r15_aojingxiguan_furniture
12:12:43 | INFO: Primitives created: 1
12:12:43 | INFO: Extracting primitive: r15_aojingxiguan_gold
12:12:43 | INFO: Primitives created: 1
12:12:43 | INFO: Extracting primitive: r15_aojingxiguan_latticewood
12:12:43 | INFO: Primitives created: 1
12:12:43 | INFO: Extracting primitive: r15_aojingxiguan_plaster
12:12:43 | INFO: Primitives created: 1
12:12:43 | INFO: Extracting primitive: r15_aojingxiguan_plaster.001
12:12:43 | INFO: Primitives created: 1
12:12:43 | INFO: Extracting primitive: r15_aojingxiguan_qing_azurite
12:12:43 | INFO: Primitives created: 1
12:12:43 | INFO: Extracting primitive: r15_aojingxiguan_roof
12:12:43 | INFO: Primitives created: 1
12:12:43 | INFO: Extracting primitive: r15_aojingxiguan_screen
12:12:43 | INFO: Primitives created: 1
12:12:43 | INFO: Extracting primitive: r15_aojingxiguan_screen.001
12:12:43 | INFO: Primitives created: 1
12:12:43 | INFO: Extracting primitive: r15_aojingxiguan_stone
12:12:43 | INFO: Primitives created: 1
12:12:43 | INFO: Extracting primitive: r15_aojingxiguan_tile
12:12:43 | INFO: Primitives created: 1
12:12:43 | INFO: Extracting primitive: r15_aojingxiguan_tiledark
12:12:43 | INFO: Primitives created: 1
12:12:43 | INFO: Extracting primitive: r15_aojingxiguan_tilelight
12:12:43 | INFO: Primitives created: 1
12:12:43 | INFO: Extracting primitive: r15_aojingxiguan_wood
12:12:43 | INFO: Primitives created: 1
12:12:43 | INFO: Extracting primitive: r15_aojingxiguan_wood.001
12:12:43 | INFO: Primitives created: 1
12:12:44 | INFO: Finished glTF 2.0 export in 0.8470399379730225 s

ENCLOSED MOBILE aojingxiguan
12:13:18 | INFO: Starting glTF 2.0 export
12:13:19 | INFO: Extracting primitive: r15_daguanlou_bookcloth
12:13:19 | INFO: Primitives created: 1
12:13:19 | INFO: Extracting primitive: r15_daguanlou_bookcover
12:13:19 | INFO: Primitives created: 1
12:13:19 | INFO: Extracting primitive: r15_daguanlou_ceramic
12:13:19 | INFO: Primitives created: 1
12:13:19 | INFO: Extracting primitive: r15_daguanlou_cutstone
12:13:19 | INFO: Primitives created: 1
12:13:19 | INFO: Extracting primitive: r15_daguanlou_darkwood
12:13:19 | INFO: Primitives created: 1
12:13:19 | INFO: Extracting primitive: r15_daguanlou_furniture
12:13:19 | INFO: Primitives created: 1
12:13:19 | INFO: Extracting primitive: r15_daguanlou_gold
12:13:19 | INFO: Primitives created: 1
12:13:19 | INFO: Extracting primitive: r15_daguanlou_gold.001
12:13:19 | INFO: Primitives created: 1
12:13:19 | INFO: Extracting primitive: r15_daguanlou_goldroof
12:13:19 | INFO: Primitives created: 1
12:13:19 | INFO: Extracting primitive: r15_daguanlou_goldtile
12:13:19 | INFO: Primitives created: 1
12:13:19 | INFO: Extracting primitive: r15_daguanlou_goldtiledark
12:13:19 | INFO: Primitives created: 1
12:13:19 | INFO: Extracting primitive: r15_daguanlou_goldtilelight
12:13:19 | INFO: Primitives created: 1
12:13:19 | INFO: Extracting primitive: r15_daguanlou_ink
12:13:19 | INFO: Primitives created: 1
12:13:19 | INFO: Extracting primitive: r15_daguanlou_ivory
12:13:19 | INFO: Primitives created: 1
12:13:19 | INFO: Extracting primitive: r15_daguanlou_lantern
12:13:19 | INFO: Primitives created: 1
12:13:19 | INFO: Extracting primitive: r15_daguanlou_latticewood
12:13:19 | INFO: Primitives created: 1
12:13:19 | INFO: Extracting primitive: r15_daguanlou_paper
12:13:19 | INFO: Primitives created: 1
12:13:19 | INFO: Extracting primitive: r15_daguanlou_plaster
12:13:19 | INFO: Primitives created: 1
12:13:19 | INFO: Extracting primitive: r15_daguanlou_plaster.001
12:13:19 | INFO: Primitives created: 1
12:13:19 | INFO: Extracting primitive: r15_daguanlou_plaster.002
12:13:19 | INFO: Primitives created: 1
12:13:19 | INFO: Extracting primitive: r15_daguanlou_qing_azurite
12:13:19 | INFO: Primitives created: 1
12:13:19 | INFO: Extracting primitive: r15_daguanlou_screen
12:13:19 | INFO: Primitives created: 1
12:13:19 | INFO: Extracting primitive: r15_daguanlou_screen.001
12:13:19 | INFO: Primitives created: 1
12:13:19 | INFO: Extracting primitive: r15_daguanlou_stone
12:13:20 | INFO: Primitives created: 1
12:13:20 | INFO: Extracting primitive: r15_daguanlou_wood
12:13:20 | INFO: Primitives created: 1
12:13:20 | INFO: Extracting primitive: r15_daguanlou_wood.001
12:13:20 | INFO: Primitives created: 1
12:13:20 | INFO: Finished glTF 2.0 export in 1.6352729797363281 s

ENCLOSED MOBILE daguanlou
12:13:56 | INFO: Starting glTF 2.0 export
12:13:57 | INFO: Extracting primitive: r15_longcuian_bookcloth
12:13:57 | INFO: Primitives created: 1
12:13:57 | INFO: Extracting primitive: r15_longcuian_bookcover
12:13:57 | INFO: Primitives created: 1
12:13:57 | INFO: Extracting primitive: r15_longcuian_ceramic
12:13:57 | INFO: Primitives created: 1
12:13:57 | INFO: Extracting primitive: r15_longcuian_cutstone
12:13:57 | INFO: Primitives created: 1
12:13:57 | INFO: Extracting primitive: r15_longcuian_darkwood
12:13:57 | INFO: Primitives created: 1
12:13:57 | INFO: Extracting primitive: r15_longcuian_furniture
12:13:57 | INFO: Primitives created: 1
12:13:57 | INFO: Extracting primitive: r15_longcuian_gold
12:13:57 | INFO: Primitives created: 1
12:13:57 | INFO: Extracting primitive: r15_longcuian_gold.001
12:13:57 | INFO: Primitives created: 1
12:13:57 | INFO: Extracting primitive: r15_longcuian_ink
12:13:57 | INFO: Primitives created: 1
12:13:57 | INFO: Extracting primitive: r15_longcuian_ivory
12:13:57 | INFO: Primitives created: 1
12:13:57 | INFO: Extracting primitive: r15_longcuian_latticewood
12:13:57 | INFO: Primitives created: 1
12:13:57 | INFO: Extracting primitive: r15_longcuian_paper
12:13:57 | INFO: Primitives created: 1
12:13:57 | INFO: Extracting primitive: r15_longcuian_plaster
12:13:57 | INFO: Primitives created: 1
12:13:57 | INFO: Extracting primitive: r15_longcuian_plaster.001
12:13:57 | INFO: Primitives created: 1
12:13:57 | INFO: Extracting primitive: r15_longcuian_plaster.002
12:13:57 | INFO: Primitives created: 1
12:13:57 | INFO: Extracting primitive: r15_longcuian_qing_jade
12:13:57 | INFO: Primitives created: 1
12:13:57 | INFO: Extracting primitive: r15_longcuian_roof
12:13:57 | INFO: Primitives created: 1
12:13:57 | INFO: Extracting primitive: r15_longcuian_screen
12:13:57 | INFO: Primitives created: 1
12:13:57 | INFO: Extracting primitive: r15_longcuian_screen.001
12:13:57 | INFO: Primitives created: 1
12:13:57 | INFO: Extracting primitive: r15_longcuian_stone
12:13:57 | INFO: Primitives created: 1
12:13:57 | INFO: Extracting primitive: r15_longcuian_tile
12:13:57 | INFO: Primitives created: 1
12:13:57 | INFO: Extracting primitive: r15_longcuian_tiledark
12:13:57 | INFO: Primitives created: 1
12:13:57 | INFO: Extracting primitive: r15_longcuian_tilelight
12:13:57 | INFO: Primitives created: 1
12:13:57 | INFO: Extracting primitive: r15_longcuian_wood
12:13:57 | INFO: Primitives created: 1
12:13:57 | INFO: Extracting primitive: r15_longcuian_wood.001
12:13:57 | INFO: Primitives created: 1
12:13:57 | INFO: Finished glTF 2.0 export in 0.873828649520874 s

ENCLOSED MOBILE longcuian
12:14:22 | INFO: Starting glTF 2.0 export
12:14:23 | INFO: Extracting primitive: r15_nuanxiangwu_bookcloth
12:14:23 | INFO: Primitives created: 1
12:14:23 | INFO: Extracting primitive: r15_nuanxiangwu_bookcover
12:14:23 | INFO: Primitives created: 1
12:14:23 | INFO: Extracting primitive: r15_nuanxiangwu_ceramic
12:14:23 | INFO: Primitives created: 1
12:14:23 | INFO: Extracting primitive: r15_nuanxiangwu_cutstone
12:14:23 | INFO: Primitives created: 1
12:14:23 | INFO: Extracting primitive: r15_nuanxiangwu_darkwood
12:14:23 | INFO: Primitives created: 1
12:14:23 | INFO: Extracting primitive: r15_nuanxiangwu_furniture
12:14:23 | INFO: Primitives created: 1
12:14:23 | INFO: Extracting primitive: r15_nuanxiangwu_gold
12:14:23 | INFO: Primitives created: 1
12:14:23 | INFO: Extracting primitive: r15_nuanxiangwu_gold.001
12:14:23 | INFO: Primitives created: 1
12:14:23 | INFO: Extracting primitive: r15_nuanxiangwu_ink
12:14:23 | INFO: Primitives created: 1
12:14:23 | INFO: Extracting primitive: r15_nuanxiangwu_ivory
12:14:23 | INFO: Primitives created: 1
12:14:23 | INFO: Extracting primitive: r15_nuanxiangwu_latticewood
12:14:23 | INFO: Primitives created: 1
12:14:23 | INFO: Extracting primitive: r15_nuanxiangwu_paper
12:14:23 | INFO: Primitives created: 1
12:14:23 | INFO: Extracting primitive: r15_nuanxiangwu_plaster
12:14:23 | INFO: Primitives created: 1
12:14:23 | INFO: Extracting primitive: r15_nuanxiangwu_plaster.001
12:14:23 | INFO: Primitives created: 1
12:14:23 | INFO: Extracting primitive: r15_nuanxiangwu_qing_azurite
12:14:23 | INFO: Primitives created: 1
12:14:23 | INFO: Extracting primitive: r15_nuanxiangwu_roof
12:14:23 | INFO: Primitives created: 1
12:14:23 | INFO: Extracting primitive: r15_nuanxiangwu_screen
12:14:23 | INFO: Primitives created: 1
12:14:23 | INFO: Extracting primitive: r15_nuanxiangwu_screen.001
12:14:23 | INFO: Primitives created: 1
12:14:23 | INFO: Extracting primitive: r15_nuanxiangwu_silk
12:14:23 | INFO: Primitives created: 1
12:14:23 | INFO: Extracting primitive: r15_nuanxiangwu_stone
12:14:23 | INFO: Primitives created: 1
12:14:23 | INFO: Extracting primitive: r15_nuanxiangwu_tile
12:14:23 | INFO: Primitives created: 1
12:14:23 | INFO: Extracting primitive: r15_nuanxiangwu_tiledark
12:14:23 | INFO: Primitives created: 1
12:14:23 | INFO: Extracting primitive: r15_nuanxiangwu_tilelight
12:14:23 | INFO: Primitives created: 1
12:14:23 | INFO: Extracting primitive: r15_nuanxiangwu_wood
12:14:23 | INFO: Primitives created: 1
12:14:23 | INFO: Extracting primitive: r15_nuanxiangwu_wood.001
12:14:23 | INFO: Primitives created: 1
12:14:23 | INFO: Finished glTF 2.0 export in 0.9272506237030029 s

ENCLOSED MOBILE nuanxiangwu
12:14:37 | INFO: Starting glTF 2.0 export
12:14:38 | INFO: Extracting primitive: r15_daguanyuan_gate_cutstone.001
12:14:38 | INFO: Primitives created: 1
12:14:38 | INFO: Extracting primitive: r15_daguanyuan_gate_darkwood.001
12:14:38 | INFO: Primitives created: 1
12:14:38 | INFO: Extracting primitive: r15_daguanyuan_gate_furniture.001
12:14:38 | INFO: Primitives created: 1
12:14:38 | INFO: Extracting primitive: r15_daguanyuan_gate_gold.001
12:14:38 | INFO: Primitives created: 1
12:14:38 | INFO: Extracting primitive: r15_daguanyuan_gate_latticewood.001
12:14:38 | INFO: Primitives created: 1
12:14:38 | INFO: Extracting primitive: r15_daguanyuan_gate_plaster.002
12:14:39 | INFO: Primitives created: 1
12:14:39 | INFO: Extracting primitive: r15_daguanyuan_gate_plaster.003
12:14:39 | INFO: Primitives created: 1
12:14:39 | INFO: Extracting primitive: r15_daguanyuan_gate_qing_azurite.001
12:14:39 | INFO: Primitives created: 1
12:14:39 | INFO: Extracting primitive: r15_daguanyuan_gate_roof.001
12:14:39 | INFO: Primitives created: 1
12:14:39 | INFO: Extracting primitive: r15_daguanyuan_gate_screen.002
12:14:39 | INFO: Primitives created: 1
12:14:39 | INFO: Extracting primitive: r15_daguanyuan_gate_screen.003
12:14:39 | INFO: Primitives created: 1
12:14:39 | INFO: Extracting primitive: r15_daguanyuan_gate_stone.001
12:14:39 | INFO: Primitives created: 1
12:14:39 | INFO: Extracting primitive: r15_daguanyuan_gate_tile.001
12:14:39 | INFO: Primitives created: 1
12:14:39 | INFO: Extracting primitive: r15_daguanyuan_gate_tiledark.001
12:14:39 | INFO: Primitives created: 1
12:14:39 | INFO: Extracting primitive: r15_daguanyuan_gate_tilelight.001
12:14:39 | INFO: Primitives created: 1
12:14:39 | INFO: Extracting primitive: r15_daguanyuan_gate_wood.002
12:14:39 | INFO: Primitives created: 1
12:14:39 | INFO: Extracting primitive: r15_daguanyuan_gate_wood.003
12:14:39 | INFO: Primitives created: 1
12:14:39 | INFO: Extracting primitive: r15_xiaoxiangguan_bookcloth.001
12:14:39 | INFO: Primitives created: 1
12:14:39 | INFO: Extracting primitive: r15_xiaoxiangguan_bookcover.001
12:14:39 | INFO: Primitives created: 1
12:14:39 | INFO: Extracting primitive: r15_xiaoxiangguan_ceramic.001
12:14:39 | INFO: Primitives created: 1
12:14:39 | INFO: Extracting primitive: r15_xiaoxiangguan_cutstone.001
12:14:39 | INFO: Primitives created: 1
12:14:39 | INFO: Extracting primitive: r15_xiaoxiangguan_darkwood.001
12:14:39 | INFO: Primitives created: 1
12:14:39 | INFO: Extracting primitive: r15_xiaoxiangguan_furniture.001
12:14:39 | INFO: Primitives created: 1
12:14:39 | INFO: Extracting primitive: r15_xiaoxiangguan_gold.002
12:14:39 | INFO: Primitives created: 1
12:14:39 | INFO: Extracting primitive: r15_xiaoxiangguan_gold.003
12:14:39 | INFO: Primitives created: 1
12:14:39 | INFO: Extracting primitive: r15_xiaoxiangguan_ink.001
12:14:39 | INFO: Primitives created: 1
12:14:39 | INFO: Extracting primitive: r15_xiaoxiangguan_ivory.001
12:14:39 | INFO: Primitives created: 1
12:14:39 | INFO: Extracting primitive: r15_xiaoxiangguan_lantern.001
12:14:39 | INFO: Primitives created: 1
12:14:39 | INFO: Extracting primitive: r15_xiaoxiangguan_latticewood.001
12:14:39 | INFO: Primitives created: 1
12:14:39 | INFO: Extracting primitive: r15_xiaoxiangguan_paper.001
12:14:39 | INFO: Primitives created: 1
12:14:39 | INFO: Extracting primitive: r15_xiaoxiangguan_plaster.003
12:14:39 | INFO: Primitives created: 1
12:14:39 | INFO: Extracting primitive: r15_xiaoxiangguan_plaster.004
12:14:39 | INFO: Primitives created: 1
12:14:39 | INFO: Extracting primitive: r15_xiaoxiangguan_plaster.005
12:14:39 | INFO: Primitives created: 1
12:14:39 | INFO: Extracting primitive: r15_xiaoxiangguan_qing_jade.001
12:14:39 | INFO: Primitives created: 1
12:14:39 | INFO: Extracting primitive: r15_xiaoxiangguan_roof.001
12:14:39 | INFO: Primitives created: 1
12:14:39 | INFO: Extracting primitive: r15_xiaoxiangguan_screen.001
12:14:39 | INFO: Primitives created: 1
12:14:39 | INFO: Extracting primitive: r15_xiaoxiangguan_silk.001
12:14:39 | INFO: Primitives created: 1
12:14:39 | INFO: Extracting primitive: r15_xiaoxiangguan_stone.001
12:14:39 | INFO: Primitives created: 1
12:14:39 | INFO: Extracting primitive: r15_xiaoxiangguan_tile.001
12:14:39 | INFO: Primitives created: 1
12:14:39 | INFO: Extracting primitive: r15_xiaoxiangguan_tiledark.001
12:14:39 | INFO: Primitives created: 1
12:14:39 | INFO: Extracting primitive: r15_xiaoxiangguan_tilelight.001
12:14:39 | INFO: Primitives created: 1
12:14:39 | INFO: Extracting primitive: r15_xiaoxiangguan_wood.002
12:14:39 | INFO: Primitives created: 1
12:14:39 | INFO: Extracting primitive: r15_xiaoxiangguan_wood.003
12:14:39 | INFO: Primitives created: 1
12:14:39 | INFO: Extracting primitive: r15_yihongyuan_bookcloth.001
12:14:39 | INFO: Primitives created: 1
12:14:39 | INFO: Extracting primitive: r15_yihongyuan_bookcover.001
12:14:39 | INFO: Primitives created: 1
12:14:39 | INFO: Extracting primitive: r15_yihongyuan_ceramic.001
12:14:39 | INFO: Primitives created: 1
12:14:39 | INFO: Extracting primitive: r15_yihongyuan_cutstone.001
12:14:39 | INFO: Primitives created: 1
12:14:39 | INFO: Extracting primitive: r15_yihongyuan_darkwood.001
12:14:39 | INFO: Primitives created: 1
12:14:39 | INFO: Extracting primitive: r15_yihongyuan_furniture.001
12:14:39 | INFO: Primitives created: 1
12:14:39 | INFO: Extracting primitive: r15_yihongyuan_gold.002
12:14:39 | INFO: Primitives created: 1
12:14:39 | INFO: Extracting primitive: r15_yihongyuan_gold.003
12:14:39 | INFO: Primitives created: 1
12:14:39 | INFO: Extracting primitive: r15_yihongyuan_ink.001
12:14:39 | INFO: Primitives created: 1
12:14:39 | INFO: Extracting primitive: r15_yihongyuan_ivory.001
12:14:39 | INFO: Primitives created: 1
12:14:39 | INFO: Extracting primitive: r15_yihongyuan_lantern.001
12:14:39 | INFO: Primitives created: 1
12:14:39 | INFO: Extracting primitive: r15_yihongyuan_latticewood.001
12:14:39 | INFO: Primitives created: 1
12:14:39 | INFO: Extracting primitive: r15_yihongyuan_paper.001
12:14:39 | INFO: Primitives created: 1
12:14:39 | INFO: Extracting primitive: r15_yihongyuan_plaster.003
12:14:39 | INFO: Primitives created: 1
12:14:39 | INFO: Extracting primitive: r15_yihongyuan_plaster.004
12:14:39 | INFO: Primitives created: 1
12:14:39 | INFO: Extracting primitive: r15_yihongyuan_plaster.005
12:14:39 | INFO: Primitives created: 1
12:14:39 | INFO: Extracting primitive: r15_yihongyuan_qing_azurite.001
12:14:39 | INFO: Primitives created: 1
12:14:39 | INFO: Extracting primitive: r15_yihongyuan_roof.001
12:14:39 | INFO: Primitives created: 1
12:14:39 | INFO: Extracting primitive: r15_yihongyuan_screen.002
12:14:39 | INFO: Primitives created: 1
12:14:39 | INFO: Extracting primitive: r15_yihongyuan_screen.003
12:14:39 | INFO: Primitives created: 1
12:14:39 | INFO: Extracting primitive: r15_yihongyuan_silk.001
12:14:39 | INFO: Primitives created: 1
12:14:39 | INFO: Extracting primitive: r15_yihongyuan_stone.001
12:14:39 | INFO: Primitives created: 1
12:14:39 | INFO: Extracting primitive: r15_yihongyuan_tile.001
12:14:39 | INFO: Primitives created: 1
12:14:39 | INFO: Extracting primitive: r15_yihongyuan_tiledark.001
12:14:39 | INFO: Primitives created: 1
12:14:39 | INFO: Extracting primitive: r15_yihongyuan_tilelight.001
12:14:39 | INFO: Primitives created: 1
12:14:39 | INFO: Extracting primitive: r15_yihongyuan_wood.002
12:14:39 | INFO: Primitives created: 1
12:14:39 | INFO: Extracting primitive: r15_yihongyuan_wood.003
12:14:39 | INFO: Primitives created: 1
12:14:39 | INFO: Extracting primitive: r15_hengwuyuan_bookcloth.001
12:14:39 | INFO: Primitives created: 1
12:14:39 | INFO: Extracting primitive: r15_hengwuyuan_bookcover.001
12:14:39 | INFO: Primitives created: 1
12:14:39 | INFO: Extracting primitive: r15_hengwuyuan_ceramic.001
12:14:39 | INFO: Primitives created: 1
12:14:39 | INFO: Extracting primitive: r15_hengwuyuan_clay.001
12:14:39 | INFO: Primitives created: 1
12:14:39 | INFO: Extracting primitive: r15_hengwuyuan_cutstone.001
12:14:39 | INFO: Primitives created: 1
12:14:39 | INFO: Extracting primitive: r15_hengwuyuan_darkwood.001
12:14:39 | INFO: Primitives created: 1
12:14:39 | INFO: Extracting primitive: r15_hengwuyuan_furniture.001
12:14:39 | INFO: Primitives created: 1
12:14:39 | INFO: Extracting primitive: r15_hengwuyuan_gold.002
12:14:39 | INFO: Primitives created: 1
12:14:39 | INFO: Extracting primitive: r15_hengwuyuan_gold.003
12:14:39 | INFO: Primitives created: 1
12:14:39 | INFO: Extracting primitive: r15_hengwuyuan_ink.001
12:14:39 | INFO: Primitives created: 1
12:14:39 | INFO: Extracting primitive: r15_hengwuyuan_ivory.001
12:14:39 | INFO: Primitives created: 1
12:14:39 | INFO: Extracting primitive: r15_hengwuyuan_lantern.001
12:14:39 | INFO: Primitives created: 1
12:14:39 | INFO: Extracting primitive: r15_hengwuyuan_latticewood.001
12:14:39 | INFO: Primitives created: 1
12:14:39 | INFO: Extracting primitive: r15_hengwuyuan_paper.001
12:14:39 | INFO: Primitives created: 1
12:14:39 | INFO: Extracting primitive: r15_hengwuyuan_plaster.003
12:14:39 | INFO: Primitives created: 1
12:14:39 | INFO: Extracting primitive: r15_hengwuyuan_plaster.004
12:14:39 | INFO: Primitives created: 1
12:14:39 | INFO: Extracting primitive: r15_hengwuyuan_plaster.005
12:14:39 | INFO: Primitives created: 1
12:14:39 | INFO: Extracting primitive: r15_hengwuyuan_qing_jade.001
12:14:39 | INFO: Primitives created: 1
12:14:39 | INFO: Extracting primitive: r15_hengwuyuan_roof.001
12:14:39 | INFO: Primitives created: 1
12:14:39 | INFO: Extracting primitive: r15_hengwuyuan_screen.002
12:14:39 | INFO: Primitives created: 1
12:14:39 | INFO: Extracting primitive: r15_hengwuyuan_screen.003
12:14:39 | INFO: Primitives created: 1
12:14:39 | INFO: Extracting primitive: r15_hengwuyuan_stone.001
12:14:39 | INFO: Primitives created: 1
12:14:39 | INFO: Extracting primitive: r15_hengwuyuan_tile.001
12:14:39 | INFO: Primitives created: 1
12:14:39 | INFO: Extracting primitive: r15_hengwuyuan_tiledark.001
12:14:39 | INFO: Primitives created: 1
12:14:39 | INFO: Extracting primitive: r15_hengwuyuan_tilelight.001
12:14:39 | INFO: Primitives created: 1
12:14:39 | INFO: Extracting primitive: r15_hengwuyuan_wood.002
12:14:39 | INFO: Primitives created: 1
12:14:39 | INFO: Extracting primitive: r15_hengwuyuan_wood.003
12:14:39 | INFO: Primitives created: 1
12:14:39 | INFO: Extracting primitive: r15_qiushuangzhai_bookcloth.001
12:14:39 | INFO: Primitives created: 1
12:14:39 | INFO: Extracting primitive: r15_qiushuangzhai_bookcover.001
12:14:39 | INFO: Primitives created: 1
12:14:39 | INFO: Extracting primitive: r15_qiushuangzhai_ceramic.001
12:14:39 | INFO: Primitives created: 1
12:14:39 | INFO: Extracting primitive: r15_qiushuangzhai_cutstone.001
12:14:39 | INFO: Primitives created: 1
12:14:39 | INFO: Extracting primitive: r15_qiushuangzhai_darkwood.001
12:14:39 | INFO: Primitives created: 1
12:14:39 | INFO: Extracting primitive: r15_qiushuangzhai_furniture.001
12:14:39 | INFO: Primitives created: 1
12:14:39 | INFO: Extracting primitive: r15_qiushuangzhai_gold.002
12:14:39 | INFO: Primitives created: 1
12:14:39 | INFO: Extracting primitive: r15_qiushuangzhai_gold.003
12:14:39 | INFO: Primitives created: 1
12:14:39 | INFO: Extracting primitive: r15_qiushuangzhai_ink.001
12:14:39 | INFO: Primitives created: 1
12:14:39 | INFO: Extracting primitive: r15_qiushuangzhai_ivory.001
12:14:39 | INFO: Primitives created: 1
12:14:39 | INFO: Extracting primitive: r15_qiushuangzhai_lantern.001
12:14:39 | INFO: Primitives created: 1
12:14:39 | INFO: Extracting primitive: r15_qiushuangzhai_latticewood.001
12:14:39 | INFO: Primitives created: 1
12:14:39 | INFO: Extracting primitive: r15_qiushuangzhai_marble.001
12:14:39 | INFO: Primitives created: 1
12:14:39 | INFO: Extracting primitive: r15_qiushuangzhai_paper.001
12:14:39 | INFO: Primitives created: 1
12:14:39 | INFO: Extracting primitive: r15_qiushuangzhai_plaster.003
12:14:39 | INFO: Primitives created: 1
12:14:39 | INFO: Extracting primitive: r15_qiushuangzhai_plaster.004
12:14:39 | INFO: Primitives created: 1
12:14:39 | INFO: Extracting primitive: r15_qiushuangzhai_plaster.005
12:14:39 | INFO: Primitives created: 1
12:14:39 | INFO: Extracting primitive: r15_qiushuangzhai_qing_azurite.001
12:14:39 | INFO: Primitives created: 1
12:14:39 | INFO: Extracting primitive: r15_qiushuangzhai_roof.001
12:14:39 | INFO: Primitives created: 1
12:14:39 | INFO: Extracting primitive: r15_qiushuangzhai_screen.002
12:14:39 | INFO: Primitives created: 1
12:14:39 | INFO: Extracting primitive: r15_qiushuangzhai_screen.003
12:14:39 | INFO: Primitives created: 1
12:14:39 | INFO: Extracting primitive: r15_qiushuangzhai_silk.001
12:14:39 | INFO: Primitives created: 1
12:14:39 | INFO: Extracting primitive: r15_qiushuangzhai_stone.001
12:14:39 | INFO: Primitives created: 1
12:14:39 | INFO: Extracting primitive: r15_qiushuangzhai_tile.001
12:14:39 | INFO: Primitives created: 1
12:14:39 | INFO: Extracting primitive: r15_qiushuangzhai_tiledark.001
12:14:39 | INFO: Primitives created: 1
12:14:39 | INFO: Extracting primitive: r15_qiushuangzhai_tilelight.001
12:14:39 | INFO: Primitives created: 1
12:14:39 | INFO: Extracting primitive: r15_qiushuangzhai_wood.002
12:14:39 | INFO: Primitives created: 1
12:14:39 | INFO: Extracting primitive: r15_qiushuangzhai_wood.003
12:14:39 | INFO: Primitives created: 1
12:14:39 | INFO: Extracting primitive: r15_daoxiangcun_clay.001
12:14:39 | INFO: Primitives created: 1
12:14:39 | INFO: Extracting primitive: r15_daoxiangcun_plaster.001
12:14:39 | INFO: Primitives created: 1
12:14:39 | INFO: Extracting primitive: r15_daoxiangcun_qing_clay.001
12:14:39 | INFO: Primitives created: 1
12:14:39 | INFO: Extracting primitive: r15_daoxiangcun_rusticwood.002
12:14:39 | INFO: Primitives created: 1
12:14:39 | INFO: Extracting primitive: r15_daoxiangcun_rusticwood.003
12:14:39 | INFO: Primitives created: 1
12:14:39 | INFO: Extracting primitive: r15_daoxiangcun_screen.002
12:14:39 | INFO: Primitives created: 1
12:14:39 | INFO: Extracting primitive: r15_daoxiangcun_screen.003
12:14:39 | INFO: Primitives created: 1
12:14:39 | INFO: Extracting primitive: r15_daoxiangcun_stone.001
12:14:39 | INFO: Primitives created: 1
12:14:39 | INFO: Extracting primitive: r15_daoxiangcun_thatch.001
12:14:39 | INFO: Primitives created: 1
12:14:39 | INFO: Extracting primitive: r15_ouxiangxie_bookcloth.001
12:14:39 | INFO: Primitives created: 1
12:14:39 | INFO: Extracting primitive: r15_ouxiangxie_bookcover.001
12:14:39 | INFO: Primitives created: 1
12:14:39 | INFO: Extracting primitive: r15_ouxiangxie_ceramic.001
12:14:39 | INFO: Primitives created: 1
12:14:39 | INFO: Extracting primitive: r15_ouxiangxie_darkwood.001
12:14:39 | INFO: Primitives created: 1
12:14:39 | INFO: Extracting primitive: r15_ouxiangxie_furniture.001
12:14:39 | INFO: Primitives created: 1
12:14:39 | INFO: Extracting primitive: r15_ouxiangxie_gold.002
12:14:39 | INFO: Primitives created: 1
12:14:39 | INFO: Extracting primitive: r15_ouxiangxie_gold.003
12:14:39 | INFO: Primitives created: 1
12:14:39 | INFO: Extracting primitive: r15_ouxiangxie_ink.001
12:14:39 | INFO: Primitives created: 1
12:14:39 | INFO: Extracting primitive: r15_ouxiangxie_ivory.001
12:14:39 | INFO: Primitives created: 1
12:14:39 | INFO: Extracting primitive: r15_ouxiangxie_latticewood.001
12:14:39 | INFO: Primitives created: 1
12:14:39 | INFO: Extracting primitive: r15_ouxiangxie_paper.001
12:14:39 | INFO: Primitives created: 1
12:14:39 | INFO: Extracting primitive: r15_ouxiangxie_plaster.002
12:14:39 | INFO: Primitives created: 1
12:14:39 | INFO: Extracting primitive: r15_ouxiangxie_plaster.003
12:14:39 | INFO: Primitives created: 1
12:14:39 | INFO: Extracting primitive: r15_ouxiangxie_qing_azurite.001
12:14:39 | INFO: Primitives created: 1
12:14:39 | INFO: Extracting primitive: r15_ouxiangxie_roof.001
12:14:39 | INFO: Primitives created: 1
12:14:39 | INFO: Extracting primitive: r15_ouxiangxie_screen.002
12:14:39 | INFO: Primitives created: 1
12:14:39 | INFO: Extracting primitive: r15_ouxiangxie_screen.003
12:14:39 | INFO: Primitives created: 1
12:14:39 | INFO: Extracting primitive: r15_ouxiangxie_stone.001
12:14:39 | INFO: Primitives created: 1
12:14:39 | INFO: Extracting primitive: r15_ouxiangxie_tile.001
12:14:39 | INFO: Primitives created: 1
12:14:39 | INFO: Extracting primitive: r15_ouxiangxie_tiledark.001
12:14:39 | INFO: Primitives created: 1
12:14:39 | INFO: Extracting primitive: r15_ouxiangxie_tilelight.001
12:14:39 | INFO: Primitives created: 1
12:14:39 | INFO: Extracting primitive: r15_ouxiangxie_wood.002
12:14:39 | INFO: Primitives created: 1
12:14:39 | INFO: Extracting primitive: r15_ouxiangxie_wood.003
12:14:39 | INFO: Primitives created: 1
12:14:39 | INFO: Extracting primitive: r15_dicuiting_darkwood.001
12:14:39 | INFO: Primitives created: 1
12:14:39 | INFO: Extracting primitive: r15_dicuiting_gold.001
12:14:39 | INFO: Primitives created: 1
12:14:39 | INFO: Extracting primitive: r15_dicuiting_lantern.001
12:14:39 | INFO: Primitives created: 1
12:14:39 | INFO: Extracting primitive: r15_dicuiting_roof.001
12:14:39 | INFO: Primitives created: 1
12:14:39 | INFO: Extracting primitive: r15_dicuiting_stone.001
12:14:39 | INFO: Primitives created: 1
12:14:39 | INFO: Extracting primitive: r15_dicuiting_tile.001
12:14:39 | INFO: Primitives created: 1
12:14:39 | INFO: Extracting primitive: r15_dicuiting_tiledark.001
12:14:39 | INFO: Primitives created: 1
12:14:39 | INFO: Extracting primitive: r15_dicuiting_tilelight.001
12:14:39 | INFO: Primitives created: 1
12:14:39 | INFO: Extracting primitive: r15_dicuiting_wood.001
12:14:39 | INFO: Primitives created: 1
12:14:39 | INFO: Extracting primitive: r15_luxuean_clay.001
12:14:39 | INFO: Primitives created: 1
12:14:39 | INFO: Extracting primitive: r15_luxuean_plaster.001
12:14:39 | INFO: Primitives created: 1
12:14:39 | INFO: Extracting primitive: r15_luxuean_qing_clay.001
12:14:39 | INFO: Primitives created: 1
12:14:39 | INFO: Extracting primitive: r15_luxuean_rusticwood.002
12:14:39 | INFO: Primitives created: 1
12:14:39 | INFO: Extracting primitive: r15_luxuean_rusticwood.003
12:14:39 | INFO: Primitives created: 1
12:14:39 | INFO: Extracting primitive: r15_luxuean_screen.001
12:14:39 | INFO: Primitives created: 1
12:14:39 | INFO: Extracting primitive: r15_luxuean_stone.001
12:14:39 | INFO: Primitives created: 1
12:14:39 | INFO: Extracting primitive: r15_luxuean_thatch.001
12:14:39 | INFO: Primitives created: 1
12:14:39 | INFO: Extracting primitive: r15_tubishanzhuang_cutstone.001
12:14:39 | INFO: Primitives created: 1
12:14:39 | INFO: Extracting primitive: r15_tubishanzhuang_darkwood.001
12:14:39 | INFO: Primitives created: 1
12:14:39 | INFO: Extracting primitive: r15_tubishanzhuang_furniture.001
12:14:39 | INFO: Primitives created: 1
12:14:39 | INFO: Extracting primitive: r15_tubishanzhuang_gold.001
12:14:39 | INFO: Primitives created: 1
12:14:39 | INFO: Extracting primitive: r15_tubishanzhuang_latticewood.001
12:14:39 | INFO: Primitives created: 1
12:14:39 | INFO: Extracting primitive: r15_tubishanzhuang_plaster.002
12:14:39 | INFO: Primitives created: 1
12:14:39 | INFO: Extracting primitive: r15_tubishanzhuang_plaster.003
12:14:39 | INFO: Primitives created: 1
12:14:39 | INFO: Extracting primitive: r15_tubishanzhuang_qing_azurite.001
12:14:39 | INFO: Primitives created: 1
12:14:39 | INFO: Extracting primitive: r15_tubishanzhuang_roof.001
12:14:39 | INFO: Primitives created: 1
12:14:39 | INFO: Extracting primitive: r15_tubishanzhuang_screen.002
12:14:39 | INFO: Primitives created: 1
12:14:39 | INFO: Extracting primitive: r15_tubishanzhuang_screen.003
12:14:39 | INFO: Primitives created: 1
12:14:39 | INFO: Extracting primitive: r15_tubishanzhuang_stone.001
12:14:39 | INFO: Primitives created: 1
12:14:39 | INFO: Extracting primitive: r15_tubishanzhuang_tile.001
12:14:39 | INFO: Primitives created: 1
12:14:39 | INFO: Extracting primitive: r15_tubishanzhuang_tiledark.001
12:14:39 | INFO: Primitives created: 1
12:14:39 | INFO: Extracting primitive: r15_tubishanzhuang_tilelight.001
12:14:39 | INFO: Primitives created: 1
12:14:39 | INFO: Extracting primitive: r15_tubishanzhuang_wood.002
12:14:39 | INFO: Primitives created: 1
12:14:39 | INFO: Extracting primitive: r15_tubishanzhuang_wood.003
12:14:39 | INFO: Primitives created: 1
12:14:39 | INFO: Extracting primitive: r15_aojingxiguan_cutstone.001
12:14:39 | INFO: Primitives created: 1
12:14:39 | INFO: Extracting primitive: r15_aojingxiguan_darkwood.001
12:14:39 | INFO: Primitives created: 1
12:14:39 | INFO: Extracting primitive: r15_aojingxiguan_furniture.001
12:14:39 | INFO: Primitives created: 1
12:14:39 | INFO: Extracting primitive: r15_aojingxiguan_gold.001
12:14:39 | INFO: Primitives created: 1
12:14:39 | INFO: Extracting primitive: r15_aojingxiguan_latticewood.001
12:14:39 | INFO: Primitives created: 1
12:14:39 | INFO: Extracting primitive: r15_aojingxiguan_plaster.002
12:14:39 | INFO: Primitives created: 1
12:14:39 | INFO: Extracting primitive: r15_aojingxiguan_plaster.003
12:14:39 | INFO: Primitives created: 1
12:14:39 | INFO: Extracting primitive: r15_aojingxiguan_qing_azurite.001
12:14:39 | INFO: Primitives created: 1
12:14:39 | INFO: Extracting primitive: r15_aojingxiguan_roof.001
12:14:39 | INFO: Primitives created: 1
12:14:39 | INFO: Extracting primitive: r15_aojingxiguan_screen.002
12:14:39 | INFO: Primitives created: 1
12:14:39 | INFO: Extracting primitive: r15_aojingxiguan_screen.003
12:14:39 | INFO: Primitives created: 1
12:14:39 | INFO: Extracting primitive: r15_aojingxiguan_stone.001
12:14:39 | INFO: Primitives created: 1
12:14:39 | INFO: Extracting primitive: r15_aojingxiguan_tile.001
12:14:39 | INFO: Primitives created: 1
12:14:39 | INFO: Extracting primitive: r15_aojingxiguan_tiledark.001
12:14:39 | INFO: Primitives created: 1
12:14:39 | INFO: Extracting primitive: r15_aojingxiguan_tilelight.001
12:14:39 | INFO: Primitives created: 1
12:14:39 | INFO: Extracting primitive: r15_aojingxiguan_wood.002
12:14:39 | INFO: Primitives created: 1
12:14:39 | INFO: Extracting primitive: r15_aojingxiguan_wood.003
12:14:39 | INFO: Primitives created: 1
12:14:39 | INFO: Extracting primitive: r15_daguanlou_bookcloth.001
12:14:39 | INFO: Primitives created: 1
12:14:39 | INFO: Extracting primitive: r15_daguanlou_bookcover.001
12:14:39 | INFO: Primitives created: 1
12:14:39 | INFO: Extracting primitive: r15_daguanlou_ceramic.001
12:14:39 | INFO: Primitives created: 1
12:14:39 | INFO: Extracting primitive: r15_daguanlou_cutstone.001
12:14:39 | INFO: Primitives created: 1
12:14:39 | INFO: Extracting primitive: r15_daguanlou_darkwood.001
12:14:39 | INFO: Primitives created: 1
12:14:39 | INFO: Extracting primitive: r15_daguanlou_furniture.001
12:14:39 | INFO: Primitives created: 1
12:14:39 | INFO: Extracting primitive: r15_daguanlou_gold.002
12:14:39 | INFO: Primitives created: 1
12:14:39 | INFO: Extracting primitive: r15_daguanlou_gold.003
12:14:39 | INFO: Primitives created: 1
12:14:39 | INFO: Extracting primitive: r15_daguanlou_goldroof.001
12:14:39 | INFO: Primitives created: 1
12:14:39 | INFO: Extracting primitive: r15_daguanlou_goldtile.001
12:14:39 | INFO: Primitives created: 1
12:14:39 | INFO: Extracting primitive: r15_daguanlou_goldtiledark.001
12:14:39 | INFO: Primitives created: 1
12:14:39 | INFO: Extracting primitive: r15_daguanlou_goldtilelight.001
12:14:39 | INFO: Primitives created: 1
12:14:39 | INFO: Extracting primitive: r15_daguanlou_ink.001
12:14:39 | INFO: Primitives created: 1
12:14:39 | INFO: Extracting primitive: r15_daguanlou_ivory.001
12:14:39 | INFO: Primitives created: 1
12:14:39 | INFO: Extracting primitive: r15_daguanlou_lantern.001
12:14:39 | INFO: Primitives created: 1
12:14:39 | INFO: Extracting primitive: r15_daguanlou_latticewood.001
12:14:39 | INFO: Primitives created: 1
12:14:39 | INFO: Extracting primitive: r15_daguanlou_paper.001
12:14:39 | INFO: Primitives created: 1
12:14:39 | INFO: Extracting primitive: r15_daguanlou_plaster.003
12:14:39 | INFO: Primitives created: 1
12:14:39 | INFO: Extracting primitive: r15_daguanlou_plaster.004
12:14:39 | INFO: Primitives created: 1
12:14:39 | INFO: Extracting primitive: r15_daguanlou_plaster.005
12:14:39 | INFO: Primitives created: 1
12:14:39 | INFO: Extracting primitive: r15_daguanlou_qing_azurite.001
12:14:39 | INFO: Primitives created: 1
12:14:39 | INFO: Extracting primitive: r15_daguanlou_screen.002
12:14:39 | INFO: Primitives created: 1
12:14:39 | INFO: Extracting primitive: r15_daguanlou_screen.003
12:14:39 | INFO: Primitives created: 1
12:14:40 | INFO: Extracting primitive: r15_daguanlou_stone.001
12:14:40 | INFO: Primitives created: 1
12:14:40 | INFO: Extracting primitive: r15_daguanlou_wood.002
12:14:40 | INFO: Primitives created: 1
12:14:40 | INFO: Extracting primitive: r15_daguanlou_wood.003
12:14:40 | INFO: Primitives created: 1
12:14:40 | INFO: Extracting primitive: r15_longcuian_bookcloth.001
12:14:40 | INFO: Primitives created: 1
12:14:40 | INFO: Extracting primitive: r15_longcuian_bookcover.001
12:14:40 | INFO: Primitives created: 1
12:14:40 | INFO: Extracting primitive: r15_longcuian_ceramic.001
12:14:40 | INFO: Primitives created: 1
12:14:40 | INFO: Extracting primitive: r15_longcuian_cutstone.001
12:14:40 | INFO: Primitives created: 1
12:14:40 | INFO: Extracting primitive: r15_longcuian_darkwood.001
12:14:40 | INFO: Primitives created: 1
12:14:40 | INFO: Extracting primitive: r15_longcuian_furniture.001
12:14:40 | INFO: Primitives created: 1
12:14:40 | INFO: Extracting primitive: r15_longcuian_gold.002
12:14:40 | INFO: Primitives created: 1
12:14:40 | INFO: Extracting primitive: r15_longcuian_gold.003
12:14:40 | INFO: Primitives created: 1
12:14:40 | INFO: Extracting primitive: r15_longcuian_ink.001
12:14:40 | INFO: Primitives created: 1
12:14:40 | INFO: Extracting primitive: r15_longcuian_ivory.001
12:14:40 | INFO: Primitives created: 1
12:14:40 | INFO: Extracting primitive: r15_longcuian_latticewood.001
12:14:40 | INFO: Primitives created: 1
12:14:40 | INFO: Extracting primitive: r15_longcuian_paper.001
12:14:40 | INFO: Primitives created: 1
12:14:40 | INFO: Extracting primitive: r15_longcuian_plaster.003
12:14:40 | INFO: Primitives created: 1
12:14:40 | INFO: Extracting primitive: r15_longcuian_plaster.004
12:14:40 | INFO: Primitives created: 1
12:14:40 | INFO: Extracting primitive: r15_longcuian_plaster.005
12:14:40 | INFO: Primitives created: 1
12:14:40 | INFO: Extracting primitive: r15_longcuian_qing_jade.001
12:14:40 | INFO: Primitives created: 1
12:14:40 | INFO: Extracting primitive: r15_longcuian_roof.001
12:14:40 | INFO: Primitives created: 1
12:14:40 | INFO: Extracting primitive: r15_longcuian_screen.002
12:14:40 | INFO: Primitives created: 1
12:14:40 | INFO: Extracting primitive: r15_longcuian_screen.003
12:14:40 | INFO: Primitives created: 1
12:14:40 | INFO: Extracting primitive: r15_longcuian_stone.001
12:14:40 | INFO: Primitives created: 1
12:14:40 | INFO: Extracting primitive: r15_longcuian_tile.001
12:14:40 | INFO: Primitives created: 1
12:14:40 | INFO: Extracting primitive: r15_longcuian_tiledark.001
12:14:40 | INFO: Primitives created: 1
12:14:40 | INFO: Extracting primitive: r15_longcuian_tilelight.001
12:14:40 | INFO: Primitives created: 1
12:14:40 | INFO: Extracting primitive: r15_longcuian_wood.002
12:14:40 | INFO: Primitives created: 1
12:14:40 | INFO: Extracting primitive: r15_longcuian_wood.003
12:14:40 | INFO: Primitives created: 1
12:14:40 | INFO: Extracting primitive: r15_nuanxiangwu_bookcloth.001
12:14:40 | INFO: Primitives created: 1
12:14:40 | INFO: Extracting primitive: r15_nuanxiangwu_bookcover.001
12:14:40 | INFO: Primitives created: 1
12:14:40 | INFO: Extracting primitive: r15_nuanxiangwu_ceramic.001
12:14:40 | INFO: Primitives created: 1
12:14:40 | INFO: Extracting primitive: r15_nuanxiangwu_cutstone.001
12:14:40 | INFO: Primitives created: 1
12:14:40 | INFO: Extracting primitive: r15_nuanxiangwu_darkwood.001
12:14:40 | INFO: Primitives created: 1
12:14:40 | INFO: Extracting primitive: r15_nuanxiangwu_furniture.001
12:14:40 | INFO: Primitives created: 1
12:14:40 | INFO: Extracting primitive: r15_nuanxiangwu_gold.002
12:14:40 | INFO: Primitives created: 1
12:14:40 | INFO: Extracting primitive: r15_nuanxiangwu_gold.003
12:14:40 | INFO: Primitives created: 1
12:14:40 | INFO: Extracting primitive: r15_nuanxiangwu_ink.001
12:14:40 | INFO: Primitives created: 1
12:14:40 | INFO: Extracting primitive: r15_nuanxiangwu_ivory.001
12:14:40 | INFO: Primitives created: 1
12:14:40 | INFO: Extracting primitive: r15_nuanxiangwu_latticewood.001
12:14:40 | INFO: Primitives created: 1
12:14:40 | INFO: Extracting primitive: r15_nuanxiangwu_paper.001
12:14:40 | INFO: Primitives created: 1
12:14:40 | INFO: Extracting primitive: r15_nuanxiangwu_plaster.002
12:14:40 | INFO: Primitives created: 1
12:14:40 | INFO: Extracting primitive: r15_nuanxiangwu_plaster.003
12:14:40 | INFO: Primitives created: 1
12:14:40 | INFO: Extracting primitive: r15_nuanxiangwu_qing_azurite.001
12:14:40 | INFO: Primitives created: 1
12:14:40 | INFO: Extracting primitive: r15_nuanxiangwu_roof.001
12:14:40 | INFO: Primitives created: 1
12:14:40 | INFO: Extracting primitive: r15_nuanxiangwu_screen.002
12:14:40 | INFO: Primitives created: 1
12:14:40 | INFO: Extracting primitive: r15_nuanxiangwu_screen.003
12:14:40 | INFO: Primitives created: 1
12:14:40 | INFO: Extracting primitive: r15_nuanxiangwu_silk.001
12:14:40 | INFO: Primitives created: 1
12:14:40 | INFO: Extracting primitive: r15_nuanxiangwu_stone.001
12:14:40 | INFO: Primitives created: 1
12:14:40 | INFO: Extracting primitive: r15_nuanxiangwu_tile.001
12:14:40 | INFO: Primitives created: 1
12:14:40 | INFO: Extracting primitive: r15_nuanxiangwu_tiledark.001
12:14:40 | INFO: Primitives created: 1
12:14:40 | INFO: Extracting primitive: r15_nuanxiangwu_tilelight.001
12:14:40 | INFO: Primitives created: 1
12:14:40 | INFO: Extracting primitive: r15_nuanxiangwu_wood.002
12:14:40 | INFO: Primitives created: 1
12:14:40 | INFO: Extracting primitive: r15_nuanxiangwu_wood.003
12:14:40 | INFO: Primitives created: 1
12:14:56 | INFO: Finished glTF 2.0 export in 18.898470163345337 s

MANIFEST PUBLISHED spatial-garden-20260913-r15 11196 actual master tree transforms
QING ARCHITECTURE READY 74
Blender 4.5.9 LTS (hash 8bf95cbd38d1 built 2026-04-21 01:33:45)
Read blend: "D:\Users\Lenovo\Desktop\大观园\blender\daguanyuan_master.blend"

Blender quit
prune: Removed types... Mesh (4), Primitive (4), TextureInfo (20), Material (4), Texture (5), Accessor (16)
Architecture patched: public/models/places-low/daguanyuan_gate.glb
Architecture patched: public/models/places-low/qujingtongyou.glb
prune: Removed types... Mesh (5), Primitive (5), TextureInfo (25), Material (5), Texture (5), Accessor (20)
Architecture patched: public/models/places-low/xiaoxiangguan.glb
prune: Removed types... Mesh (6), Primitive (6), TextureInfo (30), Material (6), Texture (5), Accessor (24)
Architecture patched: public/models/places-low/yihongyuan.glb
prune: Removed types... Mesh (5), Primitive (5), TextureInfo (25), Material (5), Texture (5), Accessor (20)
Architecture patched: public/models/places-low/hengwuyuan.glb
prune: Removed types... Mesh (6), Primitive (6), TextureInfo (30), Material (6), Texture (5), Accessor (24)
Architecture patched: public/models/places-low/qiushuangzhai.glb
prune: Removed types... Mesh (2), Primitive (2), TextureInfo (10), Material (2), Texture (1), Accessor (8)
Architecture patched: public/models/places-low/daoxiangcun.glb
prune: Removed types... Mesh (4), Primitive (4), TextureInfo (20), Material (4), Texture (5), Accessor (16)
Architecture patched: public/models/places-low/ouxiangxie.glb
prune: Removed types... Mesh (4), Primitive (4), TextureInfo (20), Material (4), Texture (5), Accessor (16), Buffer (1)
Architecture patched: public/models/places-low/dicuiting.glb
prune: Removed types... Mesh (1), Primitive (1), TextureInfo (5), Material (1), Texture (1), Accessor (4)
Architecture patched: public/models/places-low/luxuean.glb
prune: Removed types... Mesh (4), Primitive (4), TextureInfo (20), Material (4), Texture (5), Accessor (16)
Architecture patched: public/models/places-low/tubishanzhuang.glb
prune: Removed types... Mesh (4), Primitive (4), TextureInfo (20), Material (4), Texture (5), Accessor (16)
Architecture patched: public/models/places-low/aojingxiguan.glb
prune: Removed types... Mesh (5), Primitive (5), TextureInfo (25), Material (5), Texture (5), Accessor (20)
Architecture patched: public/models/places-low/daguanlou.glb
prune: Removed types... Mesh (4), Primitive (4), TextureInfo (20), Material (4), Texture (5), Accessor (16)
Architecture patched: public/models/places-low/longcuian.glb
prune: Removed types... Mesh (5), Primitive (5), TextureInfo (25), Material (5), Texture (5), Accessor (20)
Architecture patched: public/models/places-low/nuanxiangwu.glb
prune: Removed types... Mesh (59), Primitive (59), TextureInfo (140), Material (28), Texture (26), Accessor (236)
Architecture patched: public/models/overview.glb
prune: Removed types... Mesh (59), Primitive (59), TextureInfo (140), Material (28), Texture (26), Accessor (236)
Architecture patched: public/models/overview-low.glb
Blender 4.5.9 LTS (hash 8bf95cbd38d1 built 2026-04-21 01:33:45)
Read blend: "D:\Users\Lenovo\Desktop\大观园\blender\daguanyuan_master.blend"
Fra:1 Mem:1639.49M (Peak 1906.46M) | Time:00:01.79 | Mem:0.00M, Peak:0.00M | Scene, ViewLayer | Synchronizing object | daguanyuan_gate_stone.001
Fra:1 Mem:1639.56M (Peak 1906.46M) | Time:00:01.80 | Mem:0.00M, Peak:0.00M | Scene, ViewLayer | Synchronizing object | daguanyuan_gate_latticewood.001
Fra:1 Mem:1646.26M (Peak 1906.46M) | Time:00:01.84 | Mem:0.00M, Peak:0.00M | Scene, ViewLayer | Synchronizing object | daguanyuan_gate_roof.001
Fra:1 Mem:1646.27M (Peak 1906.46M) | Time:00:01.84 | Mem:0.00M, Peak:0.00M | Scene, ViewLayer | Synchronizing object | daguanyuan_gate_limestone.001
Fra:1 Mem:1646.83M (Peak 1906.46M) | Time:00:01.84 | Mem:0.00M, Peak:0.00M | Scene, ViewLayer | Synchronizing object | daguanyuan_gate_paving.001
Fra:1 Mem:1647.00M (Peak 1906.46M) | Time:00:01.84 | Mem:0.00M, Peak:0.00M | Scene, ViewLayer | Synchronizing object | r15_daguanyuan_gate_enclosure_wall
Fra:1 Mem:1647.44M (Peak 1906.46M) | Time:00:01.84 | Mem:0.00M, Peak:0.00M | Scene, ViewLayer | Synchronizing object | r15_daguanyuan_gate_enclosure_paper
Fra:1 Mem:1647.50M (Peak 1906.46M) | Time:00:01.84 | Mem:0.00M, Peak:0.00M | Scene, ViewLayer | Synchronizing object | r15_daguanyuan_gate_enclosure_lacquer
Fra:1 Mem:1647.60M (Peak 1906.46M) | Time:00:01.84 | Mem:0.00M, Peak:0.00M | Scene, ViewLayer | Synchronizing object | r15_daguanyuan_gate_enclosure_ceiling
Fra:1 Mem:1648.92M (Peak 1906.46M) | Time:00:01.84 | Mem:0.00M, Peak:0.00M | Scene, ViewLayer | Synchronizing object | r15_daguanyuan_gate_enclosure_blue
Fra:1 Mem:1648.92M (Peak 1906.46M) | Time:00:01.84 | Mem:0.00M, Peak:0.00M | Scene, ViewLayer | Synchronizing object | r15_daguanyuan_gate_enclosure_gold
Fra:1 Mem:1649.07M (Peak 1906.46M) | Time:00:01.84 | Mem:0.00M, Peak:0.00M | Scene, ViewLayer | Synchronizing object | qujingtongyou_gardenstone
Fra:1 Mem:1650.16M (Peak 1906.46M) | Time:00:01.84 | Mem:0.00M, Peak:0.00M | Scene, ViewLayer | Synchronizing object | qujingtongyou_limestone.001
Fra:1 Mem:1650.60M (Peak 1906.46M) | Time:00:01.84 | Mem:0.00M, Peak:0.00M | Scene, ViewLayer | Synchronizing object | qujingtongyou_bark
Fra:1 Mem:1651.52M (Peak 1906.46M) | Time:00:01.84 | Mem:0.00M, Peak:0.00M | Scene, ViewLayer | Synchronizing object | qujingtongyou_canopy_shadow
Fra:1 Mem:1651.78M (Peak 1906.46M) | Time:00:01.85 | Mem:0.00M, Peak:0.00M | Scene, ViewLayer | Synchronizing object | qujingtongyou_canopy
Fra:1 Mem:1652.22M (Peak 1906.46M) | Time:00:01.85 | Mem:0.00M, Peak:0.00M | Scene, ViewLayer | Synchronizing object | qujingtongyou_canopy_light
Fra:1 Mem:1652.57M (Peak 1906.46M) | Time:00:01.85 | Mem:0.00M, Peak:0.00M | Scene, ViewLayer | Synchronizing object | xiaoxiangguan_plaster
Fra:1 Mem:1652.59M (Peak 1906.46M) | Time:00:01.85 | Mem:0.00M, Peak:0.00M | Scene, ViewLayer | Synchronizing object | xiaoxiangguan_roof
Fra:1 Mem:1652.85M (Peak 1906.46M) | Time:00:01.85 | Mem:0.00M, Peak:0.00M | Scene, ViewLayer | Synchronizing object | xiaoxiangguan_stone
Fra:1 Mem:1652.86M (Peak 1906.46M) | Time:00:01.85 | Mem:0.00M, Peak:0.00M | Scene, ViewLayer | Synchronizing object | xiaoxiangguan_tile
Fra:1 Mem:1653.00M (Peak 1906.46M) | Time:00:01.85 | Mem:0.00M, Peak:0.00M | Scene, ViewLayer | Synchronizing object | xiaoxiangguan_cutstone
Fra:1 Mem:1653.01M (Peak 1906.46M) | Time:00:01.85 | Mem:0.00M, Peak:0.00M | Scene, ViewLayer | Synchronizing object | xiaoxiangguan_darkwood
Fra:1 Mem:1653.09M (Peak 1906.46M) | Time:00:01.85 | Mem:0.00M, Peak:0.00M | Scene, ViewLayer | Synchronizing object | xiaoxiangguan_floorwood
Fra:1 Mem:1654.47M (Peak 1906.46M) | Time:00:01.85 | Mem:0.00M, Peak:0.00M | Scene, ViewLayer | Synchronizing object | xiaoxiangguan_wood
Fra:1 Mem:1655.82M (Peak 1906.46M) | Time:00:01.85 | Mem:0.00M, Peak:0.00M | Scene, ViewLayer | Synchronizing object | xiaoxiangguan_latticewood.001
Fra:1 Mem:1656.73M (Peak 1906.46M) | Time:00:01.85 | Mem:0.00M, Peak:0.00M | Scene, ViewLayer | Synchronizing object | xiaoxiangguan_tilelight.001
Fra:1 Mem:1656.90M (Peak 1906.46M) | Time:00:01.85 | Mem:0.00M, Peak:0.00M | Scene, ViewLayer | Synchronizing object | xiaoxiangguan_tiledark.001
Fra:1 Mem:1660.74M (Peak 1906.46M) | Time:00:01.85 | Mem:0.00M, Peak:0.00M | Scene, ViewLayer | Synchronizing object | xiaoxiangguan_paving.001
Fra:1 Mem:1662.25M (Peak 1906.46M) | Time:00:01.85 | Mem:0.00M, Peak:0.00M | Scene, ViewLayer | Synchronizing object | xiaoxiangguan_bookcloth.001
Fra:1 Mem:1663.19M (Peak 1906.46M) | Time:00:01.85 | Mem:0.00M, Peak:0.00M | Scene, ViewLayer | Synchronizing object | xiaoxiangguan_water.001
Fra:1 Mem:1664.13M (Peak 1906.46M) | Time:00:01.85 | Mem:0.00M, Peak:0.00M | Scene, ViewLayer | Synchronizing object | xiaoxiangguan_bankstone
Fra:1 Mem:1664.96M (Peak 1906.46M) | Time:00:01.85 | Mem:0.00M, Peak:0.00M | Scene, ViewLayer | Synchronizing object | xiaoxiangguan_furniture
Fra:1 Mem:1665.63M (Peak 1906.46M) | Time:00:01.85 | Mem:0.00M, Peak:0.00M | Scene, ViewLayer | Synchronizing object | xiaoxiangguan_paper
Fra:1 Mem:1666.29M (Peak 1906.46M) | Time:00:01.85 | Mem:0.00M, Peak:0.00M | Scene, ViewLayer | Synchronizing object | xiaoxiangguan_ivory.001
Fra:1 Mem:1666.07M (Peak 1906.46M) | Time:00:01.85 | Mem:0.00M, Peak:0.00M | Scene, ViewLayer | Synchronizing object | xiaoxiangguan_ink.001
Fra:1 Mem:1666.10M (Peak 1906.46M) | Time:00:01.85 | Mem:0.00M, Peak:0.00M | Scene, ViewLayer | Synchronizing object | xiaoxiangguan_ceramic.001
Fra:1 Mem:1666.11M (Peak 1906.46M) | Time:00:01.85 | Mem:0.00M, Peak:0.00M | Scene, ViewLayer | Synchronizing object | xiaoxiangguan_gold
Fra:1 Mem:1666.84M (Peak 1906.46M) | Time:00:01.85 | Mem:0.00M, Peak:0.00M | Scene, ViewLayer | Synchronizing object | xiaoxiangguan_silk
Fra:1 Mem:1666.69M (Peak 1906.46M) | Time:00:01.85 | Mem:0.00M, Peak:0.00M | Scene, ViewLayer | Synchronizing object | xiaoxiangguan_lantern
Fra:1 Mem:1667.12M (Peak 1906.46M) | Time:00:01.85 | Mem:0.00M, Peak:0.00M | Scene, ViewLayer | Synchronizing object | xiaoxiangguan_focal_bark
Fra:1 Mem:1667.16M (Peak 1906.46M) | Time:00:01.85 | Mem:0.00M, Peak:0.00M | Scene, ViewLayer | Synchronizing object | xiaoxiangguan_focal_botanical_petal
Fra:1 Mem:1668.16M (Peak 1906.46M) | Time:00:01.85 | Mem:0.00M, Peak:0.00M | Scene, ViewLayer | Synchronizing object | xiaoxiangguan_focal_botanical_bamboo
Fra:1 Mem:1672.05M (Peak 1906.46M) | Time:00:01.85 | Mem:0.00M, Peak:0.00M | Scene, ViewLayer | Synchronizing object | xiaoxiangguan_focal_botanical_stem
Fra:1 Mem:1671.55M (Peak 1906.46M) | Time:00:01.85 | Mem:0.00M, Peak:0.00M | Scene, ViewLayer | Synchronizing object | xiaoxiangguan_focal_botanical_banana
Fra:1 Mem:1682.66M (Peak 1906.46M) | Time:00:01.85 | Mem:0.00M, Peak:0.00M | Scene, ViewLayer | Synchronizing object | xiaoxiangguan_focal_leaf
Fra:1 Mem:1682.63M (Peak 1906.46M) | Time:00:01.85 | Mem:0.00M, Peak:0.00M | Scene, ViewLayer | Synchronizing object | xiaoxiangguan_focal_bamboo
Fra:1 Mem:1690.19M (Peak 1906.46M) | Time:00:01.85 | Mem:0.00M, Peak:0.00M | Scene, ViewLayer | Synchronizing object | xiaoxiangguan_focal_botanical_litter
Fra:1 Mem:1691.46M (Peak 1906.46M) | Time:00:01.85 | Mem:0.00M, Peak:0.00M | Scene, ViewLayer | Synchronizing object | r15_xiaoxiangguan_enclosure_wall
Fra:1 Mem:1691.65M (Peak 1906.46M) | Time:00:01.85 | Mem:0.00M, Peak:0.00M | Scene, ViewLayer | Synchronizing object | r15_xiaoxiangguan_enclosure_paper
Fra:1 Mem:1692.11M (Peak 1906.46M) | Time:00:01.85 | Mem:0.00M, Peak:0.00M | Scene, ViewLayer | Synchronizing object | r15_xiaoxiangguan_enclosure_lacquer
Fra:1 Mem:1692.00M (Peak 1906.46M) | Time:00:01.85 | Mem:0.00M, Peak:0.00M | Scene, ViewLayer | Synchronizing object | r15_xiaoxiangguan_enclosure_ceiling
Fra:1 Mem:1693.12M (Peak 1906.46M) | Time:00:01.85 | Mem:0.00M, Peak:0.00M | Scene, ViewLayer | Synchronizing object | r15_xiaoxiangguan_enclosure_jade
Fra:1 Mem:1693.92M (Peak 1906.46M) | Time:00:01.85 | Mem:0.00M, Peak:0.00M | Scene, ViewLayer | Synchronizing object | r15_xiaoxiangguan_enclosure_gold
Fra:1 Mem:1694.86M (Peak 1906.46M) | Time:00:01.86 | Mem:0.00M, Peak:0.00M | Scene, ViewLayer | Synchronizing object | yihongyuan_plaster.001
Fra:1 Mem:1694.94M (Peak 1906.46M) | Time:00:01.86 | Mem:0.00M, Peak:0.00M | Scene, ViewLayer | Synchronizing object | yihongyuan_roof.001
Fra:1 Mem:1695.38M (Peak 1906.46M) | Time:00:01.86 | Mem:0.00M, Peak:0.00M | Scene, ViewLayer | Synchronizing object | yihongyuan_stone.001
Fra:1 Mem:1695.89M (Peak 1906.46M) | Time:00:01.86 | Mem:0.00M, Peak:0.00M | Scene, ViewLayer | Synchronizing object | yihongyuan_tile.001
Fra:1 Mem:1696.04M (Peak 1906.46M) | Time:00:01.86 | Mem:0.00M, Peak:0.00M | Scene, ViewLayer | Synchronizing object | yihongyuan_cutstone
Fra:1 Mem:1696.79M (Peak 1906.46M) | Time:00:01.86 | Mem:0.00M, Peak:0.00M | Scene, ViewLayer | Synchronizing object | yihongyuan_darkwood.001
Fra:1 Mem:1700.65M (Peak 1906.46M) | Time:00:01.86 | Mem:0.00M, Peak:0.00M | Scene, ViewLayer | Synchronizing object | yihongyuan_floorwood
Fra:1 Mem:1703.31M (Peak 1906.46M) | Time:00:01.86 | Mem:0.00M, Peak:0.00M | Scene, ViewLayer | Synchronizing object | yihongyuan_wood.001
Fra:1 Mem:1703.24M (Peak 1906.46M) | Time:00:01.86 | Mem:0.00M, Peak:0.00M | Scene, ViewLayer | Synchronizing object | yihongyuan_latticewood.001
Fra:1 Mem:1712.43M (Peak 1906.46M) | Time:00:01.86 | Mem:0.00M, Peak:0.00M | Scene, ViewLayer | Synchronizing object | yihongyuan_tilelight.001
Fra:1 Mem:1715.98M (Peak 1906.46M) | Time:00:01.86 | Mem:0.00M, Peak:0.00M | Scene, ViewLayer | Synchronizing object | yihongyuan_tiledark.001
Fra:1 Mem:1721.55M (Peak 1906.46M) | Time:00:01.86 | Mem:0.00M, Peak:0.00M | Scene, ViewLayer | Synchronizing object | yihongyuan_paving.001
Fra:1 Mem:1721.65M (Peak 1906.46M) | Time:00:01.86 | Mem:0.00M, Peak:0.00M | Scene, ViewLayer | Synchronizing object | yihongyuan_courtbase
Fra:1 Mem:1721.69M (Peak 1906.46M) | Time:00:01.86 | Mem:0.00M, Peak:0.00M | Scene, ViewLayer | Synchronizing object | yihongyuan_gardenstone
Fra:1 Mem:1722.88M (Peak 1906.46M) | Time:00:01.86 | Mem:0.00M, Peak:0.00M | Scene, ViewLayer | Synchronizing object | yihongyuan_limestone.001
Fra:1 Mem:1724.87M (Peak 1906.46M) | Time:00:01.87 | Mem:0.00M, Peak:0.00M | Scene, ViewLayer | Synchronizing object | yihongyuan_furniture
Fra:1 Mem:1725.83M (Peak 1906.46M) | Time:00:01.87 | Mem:0.00M, Peak:0.00M | Scene, ViewLayer | Synchronizing object | yihongyuan_paper.001
Fra:1 Mem:1726.48M (Peak 1906.46M) | Time:00:01.87 | Mem:0.00M, Peak:0.00M | Scene, ViewLayer | Synchronizing object | yihongyuan_bookcloth.001
Fra:1 Mem:1727.30M (Peak 1906.46M) | Time:00:01.87 | Mem:0.00M, Peak:0.00M | Scene, ViewLayer | Synchronizing object | yihongyuan_ivory.001
Fra:1 Mem:1725.94M (Peak 1906.46M) | Time:00:01.87 | Mem:0.00M, Peak:0.00M | Scene, ViewLayer | Synchronizing object | yihongyuan_ink.001
Fra:1 Mem:1727.44M (Peak 1906.46M) | Time:00:01.87 | Mem:0.00M, Peak:0.00M | Scene, ViewLayer | Synchronizing object | yihongyuan_bookcover.001
Fra:1 Mem:1732.82M (Peak 1906.46M) | Time:00:01.87 | Mem:0.00M, Peak:0.00M | Scene, ViewLayer | Synchronizing object | yihongyuan_ceramic.001
Fra:1 Mem:1732.82M (Peak 1906.46M) | Time:00:01.87 | Mem:0.00M, Peak:0.00M | Scene, ViewLayer | Synchronizing object | yihongyuan_gold
Fra:1 Mem:1732.87M (Peak 1906.46M) | Time:00:01.87 | Mem:0.00M, Peak:0.00M | Scene, ViewLayer | Synchronizing object | yihongyuan_silk.001
Fra:1 Mem:1732.88M (Peak 1906.46M) | Time:00:01.87 | Mem:0.00M, Peak:0.00M | Scene, ViewLayer | Synchronizing object | yihongyuan_lantern
Fra:1 Mem:1732.88M (Peak 1906.46M) | Time:00:01.87 | Mem:0.00M, Peak:0.00M | Scene, ViewLayer | Synchronizing object | yihongyuan_screen.001
Fra:1 Mem:1732.89M (Peak 1906.46M) | Time:00:01.87 | Mem:0.00M, Peak:0.00M | Scene, ViewLayer | Synchronizing object | yihongyuan_focal_bark
Fra:1 Mem:1732.90M (Peak 1906.46M) | Time:00:01.87 | Mem:0.00M, Peak:0.00M | Scene, ViewLayer | Synchronizing object | yihongyuan_focal_botanical_petal
Fra:1 Mem:1732.90M (Peak 1906.46M) | Time:00:01.87 | Mem:0.00M, Peak:0.00M | Scene, ViewLayer | Synchronizing object | yihongyuan_focal_botanical_bamboo
Fra:1 Mem:1733.14M (Peak 1906.46M) | Time:00:01.87 | Mem:0.00M, Peak:0.00M | Scene, ViewLayer | Synchronizing object | yihongyuan_focal_botanical_stem
Fra:1 Mem:1732.42M (Peak 1906.46M) | Time:00:01.87 | Mem:0.00M, Peak:0.00M | Scene, ViewLayer | Synchronizing object | yihongyuan_focal_botanical_banana
Fra:1 Mem:1745.50M (Peak 1906.46M) | Time:00:01.87 | Mem:0.00M, Peak:0.00M | Scene, ViewLayer | Synchronizing object | yihongyuan_focal_bamboo
Fra:1 Mem:1745.86M (Peak 1906.46M) | Time:00:01.87 | Mem:0.00M, Peak:0.00M | Scene, ViewLayer | Synchronizing object | yihongyuan_focal_moss
Fra:1 Mem:1746.75M (Peak 1906.46M) | Time:00:01.87 | Mem:0.00M, Peak:0.00M | Scene, ViewLayer | Synchronizing object | yihongyuan_focal_leafdark
Fra:1 Mem:1747.17M (Peak 1906.46M) | Time:00:01.87 | Mem:0.00M, Peak:0.00M | Scene, ViewLayer | Synchronizing object | yihongyuan_focal_leaf
Fra:1 Mem:1744.77M (Peak 1906.46M) | Time:00:01.87 | Mem:0.00M, Peak:0.00M | Scene, ViewLayer | Synchronizing object | yihongyuan_focal_botanical_litter
Fra:1 Mem:1744.88M (Peak 1906.46M) | Time:00:01.87 | Mem:0.00M, Peak:0.00M | Scene, ViewLayer | Synchronizing object | r15_yihongyuan_enclosure_paper
Fra:1 Mem:1744.98M (Peak 1906.46M) | Time:00:01.87 | Mem:0.00M, Peak:0.00M | Scene, ViewLayer | Synchronizing object | r15_yihongyuan_enclosure_lacquer
Fra:1 Mem:1745.29M (Peak 1906.46M) | Time:00:01.87 | Mem:0.00M, Peak:0.00M | Scene, ViewLayer | Synchronizing object | r15_yihongyuan_enclosure_ceiling
Fra:1 Mem:1745.47M (Peak 1906.46M) | Time:00:01.87 | Mem:0.00M, Peak:0.00M | Scene, ViewLayer | Synchronizing object | r15_yihongyuan_enclosure_blue
Fra:1 Mem:1745.55M (Peak 1906.46M) | Time:00:01.87 | Mem:0.00M, Peak:0.00M | Scene, ViewLayer | Synchronizing object | r15_yihongyuan_enclosure_gold
Fra:1 Mem:1746.08M (Peak 1906.46M) | Time:00:01.87 | Mem:0.00M, Peak:0.00M | Scene, ViewLayer | Synchronizing object | hengwuyuan_stone.001
Fra:1 Mem:1746.82M (Peak 1906.46M) | Time:00:01.87 | Mem:0.00M, Peak:0.00M | Scene, ViewLayer | Synchronizing object | hengwuyuan_tile.001
Fra:1 Mem:1746.91M (Peak 1906.46M) | Time:00:01.87 | Mem:0.00M, Peak:0.00M | Scene, ViewLayer | Synchronizing object | hengwuyuan_cutstone
Fra:1 Mem:1748.06M (Peak 1906.46M) | Time:00:01.87 | Mem:0.00M, Peak:0.00M | Scene, ViewLayer | Synchronizing object | hengwuyuan_darkwood.001
Fra:1 Mem:1748.84M (Peak 1906.46M) | Time:00:01.87 | Mem:0.00M, Peak:0.00M | Scene, ViewLayer | Synchronizing object | hengwuyuan_floorwood
Fra:1 Mem:1748.90M (Peak 1906.46M) | Time:00:01.87 | Mem:0.00M, Peak:0.00M | Scene, ViewLayer | Synchronizing object | hengwuyuan_wood.001
Fra:1 Mem:1750.64M (Peak 1906.46M) | Time:00:01.87 | Mem:0.00M, Peak:0.00M | Scene, ViewLayer | Synchronizing object | hengwuyuan_latticewood.001
Fra:1 Mem:1751.24M (Peak 1906.46M) | Time:00:01.87 | Mem:0.00M, Peak:0.00M | Scene, ViewLayer | Synchronizing object | hengwuyuan_tilelight.001
Fra:1 Mem:1752.06M (Peak 1906.46M) | Time:00:01.87 | Mem:0.00M, Peak:0.00M | Scene, ViewLayer | Synchronizing object | hengwuyuan_tiledark.001
Fra:1 Mem:1753.09M (Peak 1906.46M) | Time:00:01.87 | Mem:0.00M, Peak:0.00M | Scene, ViewLayer | Synchronizing object | hengwuyuan_paving.001
Fra:1 Mem:1753.69M (Peak 1906.46M) | Time:00:01.88 | Mem:0.00M, Peak:0.00M | Scene, ViewLayer | Synchronizing object | hengwuyuan_gardenstone
Fra:1 Mem:1754.31M (Peak 1906.46M) | Time:00:01.88 | Mem:0.00M, Peak:0.00M | Scene, ViewLayer | Synchronizing object | hengwuyuan_limestone.001
Fra:1 Mem:1756.81M (Peak 1906.46M) | Time:00:01.88 | Mem:0.00M, Peak:0.00M | Scene, ViewLayer | Synchronizing object | hengwuyuan_courtbase
Fra:1 Mem:1756.82M (Peak 1906.46M) | Time:00:01.88 | Mem:0.00M, Peak:0.00M | Scene, ViewLayer | Synchronizing object | hengwuyuan_furniture
Fra:1 Mem:1758.65M (Peak 1906.46M) | Time:00:01.88 | Mem:0.00M, Peak:0.00M | Scene, ViewLayer | Synchronizing object | hengwuyuan_paper.001
Fra:1 Mem:1758.67M (Peak 1906.46M) | Time:00:01.88 | Mem:0.00M, Peak:0.00M | Scene, ViewLayer | Synchronizing object | hengwuyuan_bookcloth.001
Fra:1 Mem:1758.67M (Peak 1906.46M) | Time:00:01.88 | Mem:0.00M, Peak:0.00M | Scene, ViewLayer | Synchronizing object | hengwuyuan_ivory.001
Fra:1 Mem:1759.10M (Peak 1906.46M) | Time:00:01.88 | Mem:0.00M, Peak:0.00M | Scene, ViewLayer | Synchronizing object | hengwuyuan_ink.001
Fra:1 Mem:1759.62M (Peak 1906.46M) | Time:00:01.88 | Mem:0.00M, Peak:0.00M | Scene, ViewLayer | Synchronizing object | hengwuyuan_bookcover.001
Fra:1 Mem:1759.62M (Peak 1906.46M) | Time:00:01.88 | Mem:0.00M, Peak:0.00M | Scene, ViewLayer | Synchronizing object | hengwuyuan_ceramic.001
Fra:1 Mem:1760.10M (Peak 1906.46M) | Time:00:01.88 | Mem:0.00M, Peak:0.00M | Scene, ViewLayer | Synchronizing object | hengwuyuan_gold
Fra:1 Mem:1760.12M (Peak 1906.46M) | Time:00:01.88 | Mem:0.00M, Peak:0.00M | Scene, ViewLayer | Synchronizing object | hengwuyuan_clay.001
Fra:1 Mem:1760.17M (Peak 1906.46M) | Time:00:01.88 | Mem:0.00M, Peak:0.00M | Scene, ViewLayer | Synchronizing object | hengwuyuan_screen.001
Fra:1 Mem:1761.30M (Peak 1906.46M) | Time:00:01.88 | Mem:0.00M, Peak:0.00M | Scene, ViewLayer | Synchronizing object | hengwuyuan_lantern
Fra:1 Mem:1761.30M (Peak 1906.46M) | Time:00:01.88 | Mem:0.00M, Peak:0.00M | Scene, ViewLayer | Synchronizing object | hengwuyuan_focal_leaf
Fra:1 Mem:1762.87M (Peak 1906.46M) | Time:00:01.88 | Mem:0.00M, Peak:0.00M | Scene, ViewLayer | Synchronizing object | hengwuyuan_focal_leafdark
Fra:1 Mem:1762.87M (Peak 1906.46M) | Time:00:01.88 | Mem:0.00M, Peak:0.00M | Scene, ViewLayer | Synchronizing object | hengwuyuan_focal_bamboo
Fra:1 Mem:1768.95M (Peak 1906.46M) | Time:00:01.88 | Mem:0.00M, Peak:0.00M | Scene, ViewLayer | Synchronizing object | hengwuyuan_focal_creamflower
Fra:1 Mem:1769.12M (Peak 1906.46M) | Time:00:01.88 | Mem:0.00M, Peak:0.00M | Scene, ViewLayer | Synchronizing object | hengwuyuan_focal_bark
Fra:1 Mem:1769.12M (Peak 1906.46M) | Time:00:01.88 | Mem:0.00M, Peak:0.00M | Scene, ViewLayer | Synchronizing object | hengwuyuan_focal_moss
Fra:1 Mem:1769.24M (Peak 1906.46M) | Time:00:01.88 | Mem:0.00M, Peak:0.00M | Scene, ViewLayer | Synchronizing object | hengwuyuan_focal_botanical_stem.001
Fra:1 Mem:1769.69M (Peak 1906.46M) | Time:00:01.88 | Mem:0.00M, Peak:0.00M | Scene, ViewLayer | Synchronizing object | hengwuyuan_focal_botanical_bamboo
Fra:1 Mem:1771.51M (Peak 1906.46M) | Time:00:01.88 | Mem:0.00M, Peak:0.00M | Scene, ViewLayer | Synchronizing object | hengwuyuan_focal_botanical_litter
Fra:1 Mem:1774.65M (Peak 1906.46M) | Time:00:01.88 | Mem:0.00M, Peak:0.00M | Scene, ViewLayer | Synchronizing object | r15_hengwuyuan_enclosure_wall
Fra:1 Mem:1774.77M (Peak 1906.46M) | Time:00:01.88 | Mem:0.00M, Peak:0.00M | Scene, ViewLayer | Synchronizing object | r15_hengwuyuan_enclosure_paper
Fra:1 Mem:1774.75M (Peak 1906.46M) | Time:00:01.88 | Mem:0.00M, Peak:0.00M | Scene, ViewLayer | Synchronizing object | r15_hengwuyuan_enclosure_lacquer
Fra:1 Mem:1774.70M (Peak 1906.46M) | Time:00:01.88 | Mem:0.00M, Peak:0.00M | Scene, ViewLayer | Synchronizing object | r15_hengwuyuan_enclosure_ceiling
Fra:1 Mem:1774.71M (Peak 1906.46M) | Time:00:01.88 | Mem:0.00M, Peak:0.00M | Scene, ViewLayer | Synchronizing object | r15_hengwuyuan_enclosure_jade
Fra:1 Mem:1774.79M (Peak 1906.46M) | Time:00:01.88 | Mem:0.00M, Peak:0.00M | Scene, ViewLayer | Synchronizing object | r15_hengwuyuan_enclosure_gold
Fra:1 Mem:1774.80M (Peak 1906.46M) | Time:00:01.88 | Mem:0.00M, Peak:0.00M | Scene, ViewLayer | Synchronizing object | qiushuangzhai_plaster.001
Fra:1 Mem:1775.13M (Peak 1906.46M) | Time:00:01.88 | Mem:0.00M, Peak:0.00M | Scene, ViewLayer | Synchronizing object | qiushuangzhai_roof.001
Fra:1 Mem:1775.80M (Peak 1906.46M) | Time:00:01.88 | Mem:0.00M, Peak:0.00M | Scene, ViewLayer | Synchronizing object | qiushuangzhai_stone.001
Fra:1 Mem:1776.47M (Peak 1906.46M) | Time:00:01.88 | Mem:0.00M, Peak:0.00M | Scene, ViewLayer | Synchronizing object | qiushuangzhai_tile.001
Fra:1 Mem:1778.60M (Peak 1906.46M) | Time:00:01.88 | Mem:0.00M, Peak:0.00M | Scene, ViewLayer | Synchronizing object | qiushuangzhai_cutstone
Fra:1 Mem:1780.05M (Peak 1906.46M) | Time:00:01.88 | Mem:0.00M, Peak:0.00M | Scene, ViewLayer | Synchronizing object | qiushuangzhai_darkwood.001
Fra:1 Mem:1780.09M (Peak 1906.46M) | Time:00:01.88 | Mem:0.00M, Peak:0.00M | Scene, ViewLayer | Synchronizing object | qiushuangzhai_floorwood
Fra:1 Mem:1781.31M (Peak 1906.46M) | Time:00:01.88 | Mem:0.00M, Peak:0.00M | Scene, ViewLayer | Synchronizing object | qiushuangzhai_wood.001
Fra:1 Mem:1790.99M (Peak 1906.46M) | Time:00:01.89 | Mem:0.00M, Peak:0.00M | Scene, ViewLayer | Synchronizing object | qiushuangzhai_furniture
Fra:1 Mem:1790.86M (Peak 1906.46M) | Time:00:01.89 | Mem:0.00M, Peak:0.00M | Scene, ViewLayer | Synchronizing object | qiushuangzhai_latticewood.001
Fra:1 Mem:1790.25M (Peak 1906.46M) | Time:00:01.89 | Mem:0.00M, Peak:0.00M | Scene, ViewLayer | Synchronizing object | qiushuangzhai_screen
Fra:1 Mem:1790.25M (Peak 1906.46M) | Time:00:01.89 | Mem:0.00M, Peak:0.00M | Scene, ViewLayer | Synchronizing object | qiushuangzhai_tiledark.001
Fra:1 Mem:1791.21M (Peak 1906.46M) | Time:00:01.89 | Mem:0.00M, Peak:0.00M | Scene, ViewLayer | Synchronizing object | qiushuangzhai_courtbase
Fra:1 Mem:1791.33M (Peak 1906.46M) | Time:00:01.89 | Mem:0.00M, Peak:0.00M | Scene, ViewLayer | Synchronizing object | qiushuangzhai_paving.001
Fra:1 Mem:1793.82M (Peak 1906.46M) | Time:00:01.89 | Mem:0.00M, Peak:0.00M | Scene, ViewLayer | Synchronizing object | qiushuangzhai_marble.001
Fra:1 Mem:1793.82M (Peak 1906.46M) | Time:00:01.89 | Mem:0.00M, Peak:0.00M | Scene, ViewLayer | Synchronizing object | qiushuangzhai_paper.001
Fra:1 Mem:1793.84M (Peak 1906.46M) | Time:00:01.89 | Mem:0.00M, Peak:0.00M | Scene, ViewLayer | Synchronizing object | qiushuangzhai_bookcloth.001
Fra:1 Mem:1793.87M (Peak 1906.46M) | Time:00:01.89 | Mem:0.00M, Peak:0.00M | Scene, ViewLayer | Synchronizing object | qiushuangzhai_ivory.001
Fra:1 Mem:1793.91M (Peak 1906.46M) | Time:00:01.89 | Mem:0.00M, Peak:0.00M | Scene, ViewLayer | Synchronizing object | qiushuangzhai_ink.001
Fra:1 Mem:1794.15M (Peak 1906.46M) | Time:00:01.89 | Mem:0.00M, Peak:0.00M | Scene, ViewLayer | Synchronizing object | qiushuangzhai_bookcover.001
Fra:1 Mem:1794.15M (Peak 1906.46M) | Time:00:01.89 | Mem:0.00M, Peak:0.00M | Scene, ViewLayer | Synchronizing object | qiushuangzhai_ceramic.001
Fra:1 Mem:1794.96M (Peak 1906.46M) | Time:00:01.89 | Mem:0.00M, Peak:0.00M | Scene, ViewLayer | Synchronizing object | qiushuangzhai_gold
Fra:1 Mem:1795.04M (Peak 1906.46M) | Time:00:01.89 | Mem:0.00M, Peak:0.00M | Scene, ViewLayer | Synchronizing object | qiushuangzhai_silk.001
Fra:1 Mem:1795.05M (Peak 1906.46M) | Time:00:01.89 | Mem:0.00M, Peak:0.00M | Scene, ViewLayer | Synchronizing object | qiushuangzhai_lantern
Fra:1 Mem:1795.05M (Peak 1906.46M) | Time:00:01.89 | Mem:0.00M, Peak:0.00M | Scene, ViewLayer | Synchronizing object | qiushuangzhai_focal_bamboo
Fra:1 Mem:1795.06M (Peak 1906.46M) | Time:00:01.89 | Mem:0.00M, Peak:0.00M | Scene, ViewLayer | Synchronizing object | qiushuangzhai_focal_creamflower
Fra:1 Mem:1795.12M (Peak 1906.46M) | Time:00:01.89 | Mem:0.00M, Peak:0.00M | Scene, ViewLayer | Synchronizing object | qiushuangzhai_focal_moss
Fra:1 Mem:1795.96M (Peak 1906.46M) | Time:00:01.89 | Mem:0.00M, Peak:0.00M | Scene, ViewLayer | Synchronizing object | qiushuangzhai_focal_leaf
Fra:1 Mem:1796.24M (Peak 1906.46M) | Time:00:01.89 | Mem:0.00M, Peak:0.00M | Scene, ViewLayer | Synchronizing object | qiushuangzhai_focal_bark
Fra:1 Mem:1794.18M (Peak 1906.46M) | Time:00:01.89 | Mem:0.00M, Peak:0.00M | Scene, ViewLayer | Synchronizing object | qiushuangzhai_focal_botanical_stem.001
Fra:1 Mem:1794.29M (Peak 1906.46M) | Time:00:01.89 | Mem:0.00M, Peak:0.00M | Scene, ViewLayer | Synchronizing object | qiushuangzhai_focal_botanical_bamboo
Fra:1 Mem:1795.03M (Peak 1906.46M) | Time:00:01.89 | Mem:0.00M, Peak:0.00M | Scene, ViewLayer | Synchronizing object | qiushuangzhai_focal_botanical_litter
Fra:1 Mem:1795.05M (Peak 1906.46M) | Time:00:01.89 | Mem:0.00M, Peak:0.00M | Scene, ViewLayer | Synchronizing object | r15_qiushuangzhai_enclosure_wall
Fra:1 Mem:1795.05M (Peak 1906.46M) | Time:00:01.89 | Mem:0.00M, Peak:0.00M | Scene, ViewLayer | Synchronizing object | r15_qiushuangzhai_enclosure_paper
Fra:1 Mem:1797.98M (Peak 1906.46M) | Time:00:01.89 | Mem:0.00M, Peak:0.00M | Scene, ViewLayer | Synchronizing object | r15_qiushuangzhai_enclosure_lacquer
Fra:1 Mem:1800.25M (Peak 1906.46M) | Time:00:01.89 | Mem:0.00M, Peak:0.00M | Scene, ViewLayer | Synchronizing object | r15_qiushuangzhai_enclosure_ceiling
Fra:1 Mem:1799.61M (Peak 1906.46M) | Time:00:01.89 | Mem:0.00M, Peak:0.00M | Scene, ViewLayer | Synchronizing object | r15_qiushuangzhai_enclosure_blue
Fra:1 Mem:1799.65M (Peak 1906.46M) | Time:00:01.89 | Mem:0.00M, Peak:0.00M | Scene, ViewLayer | Synchronizing object | r15_qiushuangzhai_enclosure_gold
Fra:1 Mem:1799.75M (Peak 1906.46M) | Time:00:01.89 | Mem:0.00M, Peak:0.00M | Scene, ViewLayer | Synchronizing object | daoxiangcun_stone.001
Fra:1 Mem:1800.51M (Peak 1906.46M) | Time:00:01.89 | Mem:0.00M, Peak:0.00M | Scene, ViewLayer | Synchronizing object | daoxiangcun_paving.001
Fra:1 Mem:1800.56M (Peak 1906.46M) | Time:00:01.89 | Mem:0.00M, Peak:0.00M | Scene, ViewLayer | Synchronizing object | daoxiangcun_clay.001
Fra:1 Mem:1800.62M (Peak 1906.46M) | Time:00:01.89 | Mem:0.00M, Peak:0.00M | Scene, ViewLayer | Synchronizing object | daoxiangcun_wood.001
Fra:1 Mem:1799.91M (Peak 1906.46M) | Time:00:01.89 | Mem:0.00M, Peak:0.00M | Scene, ViewLayer | Synchronizing object | daoxiangcun_screen.001
Fra:1 Mem:1800.31M (Peak 1906.46M) | Time:00:01.89 | Mem:0.00M, Peak:0.00M | Scene, ViewLayer | Synchronizing object | daoxiangcun_latticewood.001
Fra:1 Mem:1800.33M (Peak 1906.46M) | Time:00:01.89 | Mem:0.00M, Peak:0.00M | Scene, ViewLayer | Synchronizing object | daoxiangcun_thatch.001
Fra:1 Mem:1800.63M (Peak 1906.46M) | Time:00:01.89 | Mem:0.00M, Peak:0.00M | Scene, ViewLayer | Synchronizing object | daoxiangcun_lightleaf.001
Fra:1 Mem:1800.65M (Peak 1906.46M) | Time:00:01.89 | Mem:0.00M, Peak:0.00M | Scene, ViewLayer | Synchronizing object | daoxiangcun_bark
Fra:1 Mem:1800.95M (Peak 1906.46M) | Time:00:01.89 | Mem:0.00M, Peak:0.00M | Scene, ViewLayer | Synchronizing object | daoxiangcun_flower.001
Fra:1 Mem:1800.96M (Peak 1906.46M) | Time:00:01.89 | Mem:0.00M, Peak:0.00M | Scene, ViewLayer | Synchronizing object | daoxiangcun_leafdark
Fra:1 Mem:1802.16M (Peak 1906.46M) | Time:00:01.89 | Mem:0.00M, Peak:0.00M | Scene, ViewLayer | Synchronizing object | daoxiangcun_creamflower.001
Fra:1 Mem:1802.67M (Peak 1906.46M) | Time:00:01.89 | Mem:0.00M, Peak:0.00M | Scene, ViewLayer | Synchronizing object | r15_daoxiangcun_enclosure_clay
Fra:1 Mem:1804.53M (Peak 1906.46M) | Time:00:01.89 | Mem:0.00M, Peak:0.00M | Scene, ViewLayer | Synchronizing object | r15_daoxiangcun_enclosure_paper
Fra:1 Mem:1805.22M (Peak 1906.46M) | Time:00:01.89 | Mem:0.00M, Peak:0.00M | Scene, ViewLayer | Synchronizing object | r15_daoxiangcun_enclosure_ochre
Fra:1 Mem:1807.31M (Peak 1906.46M) | Time:00:01.89 | Mem:0.00M, Peak:0.00M | Scene, ViewLayer | Synchronizing object | r15_daoxiangcun_enclosure_ceiling
Fra:1 Mem:1807.50M (Peak 1906.46M) | Time:00:01.89 | Mem:0.00M, Peak:0.00M | Scene, ViewLayer | Synchronizing object | ouxiangxie_wood.001
Fra:1 Mem:1809.59M (Peak 1906.46M) | Time:00:01.89 | Mem:0.00M, Peak:0.00M | Scene, ViewLayer | Synchronizing object | ouxiangxie_stone.001
Fra:1 Mem:1809.59M (Peak 1906.46M) | Time:00:01.89 | Mem:0.00M, Peak:0.00M | Scene, ViewLayer | Synchronizing object | ouxiangxie_screen
Fra:1 Mem:1809.74M (Peak 1906.46M) | Time:00:01.89 | Mem:0.00M, Peak:0.00M | Scene, ViewLayer | Synchronizing object | ouxiangxie_latticewood.001
Fra:1 Mem:1809.68M (Peak 1906.46M) | Time:00:01.89 | Mem:0.00M, Peak:0.00M | Scene, ViewLayer | Synchronizing object | ouxiangxie_roof.001
Fra:1 Mem:1810.71M (Peak 1906.46M) | Time:00:01.89 | Mem:0.00M, Peak:0.00M | Scene, ViewLayer | Synchronizing object | ouxiangxie_tilelight.001
Fra:1 Mem:1811.85M (Peak 1906.46M) | Time:00:01.89 | Mem:0.00M, Peak:0.00M | Scene, ViewLayer | Synchronizing object | ouxiangxie_tile.001
Fra:1 Mem:1811.86M (Peak 1906.46M) | Time:00:01.89 | Mem:0.00M, Peak:0.00M | Scene, ViewLayer | Synchronizing object | ouxiangxie_tiledark.001
Fra:1 Mem:1812.15M (Peak 1906.46M) | Time:00:01.89 | Mem:0.00M, Peak:0.00M | Scene, ViewLayer | Synchronizing object | ouxiangxie_darkwood.001
Fra:1 Mem:1814.28M (Peak 1906.46M) | Time:00:01.89 | Mem:0.00M, Peak:0.00M | Scene, ViewLayer | Synchronizing object | ouxiangxie_furniture
Fra:1 Mem:1815.23M (Peak 1906.46M) | Time:00:01.89 | Mem:0.00M, Peak:0.00M | Scene, ViewLayer | Synchronizing object | ouxiangxie_paper
Fra:1 Mem:1815.21M (Peak 1906.46M) | Time:00:01.89 | Mem:0.00M, Peak:0.00M | Scene, ViewLayer | Synchronizing object | ouxiangxie_bookcloth.001
Fra:1 Mem:1816.77M (Peak 1906.46M) | Time:00:01.90 | Mem:0.00M, Peak:0.00M | Scene, ViewLayer | Synchronizing object | ouxiangxie_ivory.001
Fra:1 Mem:1816.77M (Peak 1906.46M) | Time:00:01.90 | Mem:0.00M, Peak:0.00M | Scene, ViewLayer | Synchronizing object | ouxiangxie_bookcover.001
Fra:1 Mem:1817.46M (Peak 1906.46M) | Time:00:01.90 | Mem:0.00M, Peak:0.00M | Scene, ViewLayer | Synchronizing object | ouxiangxie_ceramic.001
Fra:1 Mem:1817.46M (Peak 1906.46M) | Time:00:01.90 | Mem:0.00M, Peak:0.00M | Scene, ViewLayer | Synchronizing object | ouxiangxie_bamboo.001
Fra:1 Mem:1817.60M (Peak 1906.46M) | Time:00:01.90 | Mem:0.00M, Peak:0.00M | Scene, ViewLayer | Synchronizing object | ouxiangxie_gold.001
Fra:1 Mem:1818.57M (Peak 1906.46M) | Time:00:01.90 | Mem:0.00M, Peak:0.00M | Scene, ViewLayer | Synchronizing object | r15_ouxiangxie_enclosure_wall
Fra:1 Mem:1818.59M (Peak 1906.46M) | Time:00:01.90 | Mem:0.00M, Peak:0.00M | Scene, ViewLayer | Synchronizing object | r15_ouxiangxie_enclosure_paper
Fra:1 Mem:1818.59M (Peak 1906.46M) | Time:00:01.90 | Mem:0.00M, Peak:0.00M | Scene, ViewLayer | Synchronizing object | r15_ouxiangxie_enclosure_lacquer
Fra:1 Mem:1819.17M (Peak 1906.46M) | Time:00:01.90 | Mem:0.00M, Peak:0.00M | Scene, ViewLayer | Synchronizing object | r15_ouxiangxie_enclosure_blue
Fra:1 Mem:1819.18M (Peak 1906.46M) | Time:00:01.90 | Mem:0.00M, Peak:0.00M | Scene, ViewLayer | Synchronizing object | r15_ouxiangxie_enclosure_gold
Fra:1 Mem:1818.92M (Peak 1906.46M) | Time:00:01.90 | Mem:0.00M, Peak:0.00M | Scene, ViewLayer | Synchronizing object | r15_ouxiangxie_enclosure_ceiling
Fra:1 Mem:1819.12M (Peak 1906.46M) | Time:00:01.90 | Mem:0.00M, Peak:0.00M | Scene, ViewLayer | Synchronizing object | dicuiting_wood.001
Fra:1 Mem:1819.18M (Peak 1906.46M) | Time:00:01.90 | Mem:0.00M, Peak:0.00M | Scene, ViewLayer | Synchronizing object | dicuiting_darkwood
Fra:1 Mem:1820.05M (Peak 1906.46M) | Time:00:01.90 | Mem:0.00M, Peak:0.00M | Scene, ViewLayer | Synchronizing object | dicuiting_lantern
Fra:1 Mem:1820.10M (Peak 1906.46M) | Time:00:01.90 | Mem:0.00M, Peak:0.00M | Scene, ViewLayer | Synchronizing object | dicuiting_gold
Fra:1 Mem:1820.85M (Peak 1906.46M) | Time:00:01.90 | Mem:0.00M, Peak:0.00M | Scene, ViewLayer | Synchronizing object | dicuiting_roof.001
Fra:1 Mem:1820.87M (Peak 1906.46M) | Time:00:01.90 | Mem:0.00M, Peak:0.00M | Scene, ViewLayer | Synchronizing object | dicuiting_tilelight
Fra:1 Mem:1820.87M (Peak 1906.46M) | Time:00:01.90 | Mem:0.00M, Peak:0.00M | Scene, ViewLayer | Synchronizing object | dicuiting_tiledark
Fra:1 Mem:1820.88M (Peak 1906.46M) | Time:00:01.90 | Mem:0.00M, Peak:0.00M | Scene, ViewLayer | Synchronizing object | luxuean_stone.001
Fra:1 Mem:1820.88M (Peak 1906.46M) | Time:00:01.90 | Mem:0.00M, Peak:0.00M | Scene, ViewLayer | Synchronizing object | luxuean_paving.001
Fra:1 Mem:1821.25M (Peak 1906.46M) | Time:00:01.90 | Mem:0.00M, Peak:0.00M | Scene, ViewLayer | Synchronizing object | luxuean_clay.001
Fra:1 Mem:1821.62M (Peak 1906.46M) | Time:00:01.90 | Mem:0.00M, Peak:0.00M | Scene, ViewLayer | Synchronizing object | luxuean_wood.001
Fra:1 Mem:1822.19M (Peak 1906.46M) | Time:00:01.90 | Mem:0.00M, Peak:0.00M | Scene, ViewLayer | Synchronizing object | luxuean_thatch.001
Fra:1 Mem:1823.81M (Peak 1906.46M) | Time:00:01.90 | Mem:0.00M, Peak:0.00M | Scene, ViewLayer | Synchronizing object | luxuean_bamboo.001
Fra:1 Mem:1824.74M (Peak 1906.46M) | Time:00:01.90 | Mem:0.00M, Peak:0.00M | Scene, ViewLayer | Synchronizing object | luxuean_lightleaf.001
Fra:1 Mem:1824.93M (Peak 1906.46M) | Time:00:01.90 | Mem:0.00M, Peak:0.00M | Scene, ViewLayer | Synchronizing object | r15_luxuean_enclosure_clay
Fra:1 Mem:1825.13M (Peak 1906.46M) | Time:00:01.90 | Mem:0.00M, Peak:0.00M | Scene, ViewLayer | Synchronizing object | r15_luxuean_enclosure_paper
Fra:1 Mem:1825.14M (Peak 1906.46M) | Time:00:01.90 | Mem:0.00M, Peak:0.00M | Scene, ViewLayer | Synchronizing object | r15_luxuean_enclosure_ochre
Fra:1 Mem:1825.16M (Peak 1906.46M) | Time:00:01.90 | Mem:0.00M, Peak:0.00M | Scene, ViewLayer | Synchronizing object | r15_luxuean_enclosure_ceiling
Fra:1 Mem:1825.18M (Peak 1906.46M) | Time:00:01.90 | Mem:0.00M, Peak:0.00M | Scene, ViewLayer | Synchronizing object | tubishanzhuang_stone.001
Fra:1 Mem:1825.28M (Peak 1906.46M) | Time:00:01.90 | Mem:0.00M, Peak:0.00M | Scene, ViewLayer | Synchronizing object | tubishanzhuang_cutstone
Fra:1 Mem:1825.62M (Peak 1906.46M) | Time:00:01.90 | Mem:0.00M, Peak:0.00M | Scene, ViewLayer | Synchronizing object | tubishanzhuang_darkwood.001
Fra:1 Mem:1825.70M (Peak 1906.46M) | Time:00:01.90 | Mem:0.00M, Peak:0.00M | Scene, ViewLayer | Synchronizing object | tubishanzhuang_floorwood
Fra:1 Mem:1826.47M (Peak 1906.46M) | Time:00:01.90 | Mem:0.00M, Peak:0.00M | Scene, ViewLayer | Synchronizing object | tubishanzhuang_wood.001
Fra:1 Mem:1826.33M (Peak 1906.46M) | Time:00:01.90 | Mem:0.00M, Peak:0.00M | Scene, ViewLayer | Synchronizing object | tubishanzhuang_furniture
Fra:1 Mem:1826.54M (Peak 1906.46M) | Time:00:01.90 | Mem:0.00M, Peak:0.00M | Scene, ViewLayer | Synchronizing object | tubishanzhuang_latticewood.001
Fra:1 Mem:1826.61M (Peak 1906.46M) | Time:00:01.90 | Mem:0.00M, Peak:0.00M | Scene, ViewLayer | Synchronizing object | tubishanzhuang_screen
Fra:1 Mem:1827.24M (Peak 1906.46M) | Time:00:01.90 | Mem:0.00M, Peak:0.00M | Scene, ViewLayer | Synchronizing object | tubishanzhuang_roof.001
Fra:1 Mem:1828.42M (Peak 1906.46M) | Time:00:01.90 | Mem:0.00M, Peak:0.00M | Scene, ViewLayer | Synchronizing object | tubishanzhuang_tilelight.001
Fra:1 Mem:1828.45M (Peak 1906.46M) | Time:00:01.90 | Mem:0.00M, Peak:0.00M | Scene, ViewLayer | Synchronizing object | tubishanzhuang_tiledark.001
Fra:1 Mem:1829.37M (Peak 1906.46M) | Time:00:01.90 | Mem:0.00M, Peak:0.00M | Scene, ViewLayer | Synchronizing object | tubishanzhuang_bark
Fra:1 Mem:1831.47M (Peak 1906.46M) | Time:00:01.90 | Mem:0.00M, Peak:0.00M | Scene, ViewLayer | Synchronizing object | tubishanzhuang_canopy_shadow
Fra:1 Mem:1831.68M (Peak 1906.46M) | Time:00:01.90 | Mem:0.00M, Peak:0.00M | Scene, ViewLayer | Synchronizing object | tubishanzhuang_canopy
Fra:1 Mem:1831.57M (Peak 1906.46M) | Time:00:01.90 | Mem:0.00M, Peak:0.00M | Scene, ViewLayer | Synchronizing object | tubishanzhuang_canopy_light
Fra:1 Mem:1831.87M (Peak 1906.46M) | Time:00:01.90 | Mem:0.00M, Peak:0.00M | Scene, ViewLayer | Synchronizing object | tubishanzhuang_paving.001
Fra:1 Mem:1832.18M (Peak 1906.46M) | Time:00:01.90 | Mem:0.00M, Peak:0.00M | Scene, ViewLayer | Synchronizing object | r15_tubishanzhuang_enclosure_wall
Fra:1 Mem:1832.43M (Peak 1906.46M) | Time:00:01.90 | Mem:0.00M, Peak:0.00M | Scene, ViewLayer | Synchronizing object | r15_tubishanzhuang_enclosure_paper
Fra:1 Mem:1833.07M (Peak 1906.46M) | Time:00:01.90 | Mem:0.00M, Peak:0.00M | Scene, ViewLayer | Synchronizing object | r15_tubishanzhuang_enclosure_lacquer
Fra:1 Mem:1833.36M (Peak 1906.46M) | Time:00:01.90 | Mem:0.00M, Peak:0.00M | Scene, ViewLayer | Synchronizing object | r15_tubishanzhuang_enclosure_ceiling
Fra:1 Mem:1833.49M (Peak 1906.46M) | Time:00:01.90 | Mem:0.00M, Peak:0.00M | Scene, ViewLayer | Synchronizing object | r15_tubishanzhuang_enclosure_blue
Fra:1 Mem:1833.50M (Peak 1906.46M) | Time:00:01.90 | Mem:0.00M, Peak:0.00M | Scene, ViewLayer | Synchronizing object | aojingxiguan_cutstone
Fra:1 Mem:1834.16M (Peak 1906.46M) | Time:00:01.90 | Mem:0.00M, Peak:0.00M | Scene, ViewLayer | Synchronizing object | aojingxiguan_darkwood.001
Fra:1 Mem:1836.38M (Peak 1906.46M) | Time:00:01.90 | Mem:0.00M, Peak:0.00M | Scene, ViewLayer | Synchronizing object | aojingxiguan_floorwood
Fra:1 Mem:1836.12M (Peak 1906.46M) | Time:00:01.90 | Mem:0.00M, Peak:0.00M | Scene, ViewLayer | Synchronizing object | aojingxiguan_wood.001
Fra:1 Mem:1836.59M (Peak 1906.46M) | Time:00:01.90 | Mem:0.00M, Peak:0.00M | Scene, ViewLayer | Synchronizing object | aojingxiguan_furniture
Fra:1 Mem:1836.64M (Peak 1906.46M) | Time:00:01.90 | Mem:0.00M, Peak:0.00M | Scene, ViewLayer | Synchronizing object | aojingxiguan_latticewood.001
Fra:1 Mem:1837.24M (Peak 1906.46M) | Time:00:01.90 | Mem:0.00M, Peak:0.00M | Scene, ViewLayer | Synchronizing object | aojingxiguan_screen
Fra:1 Mem:1837.36M (Peak 1906.46M) | Time:00:01.90 | Mem:0.00M, Peak:0.00M | Scene, ViewLayer | Synchronizing object | aojingxiguan_roof.001
Fra:1 Mem:1837.59M (Peak 1906.46M) | Time:00:01.90 | Mem:0.00M, Peak:0.00M | Scene, ViewLayer | Synchronizing object | aojingxiguan_tilelight.001
Fra:1 Mem:1838.67M (Peak 1906.46M) | Time:00:01.90 | Mem:0.00M, Peak:0.00M | Scene, ViewLayer | Synchronizing object | aojingxiguan_tile.001
Fra:1 Mem:1839.35M (Peak 1906.46M) | Time:00:01.90 | Mem:0.00M, Peak:0.00M | Scene, ViewLayer | Synchronizing object | aojingxiguan_tiledark.001
Fra:1 Mem:1839.30M (Peak 1906.46M) | Time:00:01.90 | Mem:0.00M, Peak:0.00M | Scene, ViewLayer | Synchronizing object | aojingxiguan_bark
Fra:1 Mem:1841.04M (Peak 1906.46M) | Time:00:01.90 | Mem:0.00M, Peak:0.00M | Scene, ViewLayer | Synchronizing object | aojingxiguan_canopy_shadow
Fra:1 Mem:1841.82M (Peak 1906.46M) | Time:00:01.90 | Mem:0.00M, Peak:0.00M | Scene, ViewLayer | Synchronizing object | aojingxiguan_canopy
Fra:1 Mem:1843.20M (Peak 1906.46M) | Time:00:01.90 | Mem:0.00M, Peak:0.00M | Scene, ViewLayer | Synchronizing object | aojingxiguan_canopy_light
Fra:1 Mem:1843.29M (Peak 1906.46M) | Time:00:01.90 | Mem:0.00M, Peak:0.00M | Scene, ViewLayer | Synchronizing object | aojingxiguan_paving.001
Fra:1 Mem:1843.48M (Peak 1906.46M) | Time:00:01.90 | Mem:0.00M, Peak:0.00M | Scene, ViewLayer | Synchronizing object | r15_aojingxiguan_enclosure_wall
Fra:1 Mem:1844.01M (Peak 1906.46M) | Time:00:01.90 | Mem:0.00M, Peak:0.00M | Scene, ViewLayer | Synchronizing object | r15_aojingxiguan_enclosure_paper
Fra:1 Mem:1844.63M (Peak 1906.46M) | Time:00:01.90 | Mem:0.00M, Peak:0.00M | Scene, ViewLayer | Synchronizing object | r15_aojingxiguan_enclosure_lacquer
Fra:1 Mem:1844.63M (Peak 1906.46M) | Time:00:01.90 | Mem:0.00M, Peak:0.00M | Scene, ViewLayer | Synchronizing object | r15_aojingxiguan_enclosure_ceiling
Fra:1 Mem:1844.73M (Peak 1906.46M) | Time:00:01.90 | Mem:0.00M, Peak:0.00M | Scene, ViewLayer | Synchronizing object | r15_aojingxiguan_enclosure_blue
Fra:1 Mem:1844.69M (Peak 1906.46M) | Time:00:01.90 | Mem:0.00M, Peak:0.00M | Scene, ViewLayer | Synchronizing object | r15_aojingxiguan_enclosure_gold
Fra:1 Mem:1844.76M (Peak 1906.46M) | Time:00:01.90 | Mem:0.00M, Peak:0.00M | Scene, ViewLayer | Synchronizing object | daguanlou_stone
Fra:1 Mem:1845.63M (Peak 1906.46M) | Time:00:01.91 | Mem:0.00M, Peak:0.00M | Scene, ViewLayer | Synchronizing object | daguanlou_cutstone
Fra:1 Mem:1847.41M (Peak 1906.46M) | Time:00:01.91 | Mem:0.00M, Peak:0.00M | Scene, ViewLayer | Synchronizing object | daguanlou_darkwood
Fra:1 Mem:1850.45M (Peak 1906.46M) | Time:00:01.91 | Mem:0.00M, Peak:0.00M | Scene, ViewLayer | Synchronizing object | daguanlou_floorwood
Fra:1 Mem:1850.45M (Peak 1906.46M) | Time:00:01.91 | Mem:0.00M, Peak:0.00M | Scene, ViewLayer | Synchronizing object | daguanlou_wood
Fra:1 Mem:1860.26M (Peak 1906.46M) | Time:00:01.91 | Mem:0.00M, Peak:0.00M | Scene, ViewLayer | Synchronizing object | daguanlou_furniture
Fra:1 Mem:1860.67M (Peak 1906.46M) | Time:00:01.91 | Mem:0.00M, Peak:0.00M | Scene, ViewLayer | Synchronizing object | daguanlou_latticewood.001
Fra:1 Mem:1867.52M (Peak 1906.46M) | Time:00:01.91 | Mem:0.00M, Peak:0.00M | Scene, ViewLayer | Synchronizing object | daguanlou_roof
Fra:1 Mem:1868.95M (Peak 1906.46M) | Time:00:01.91 | Mem:0.00M, Peak:0.00M | Scene, ViewLayer | Synchronizing object | daguanlou_tilelight
Fra:1 Mem:1872.01M (Peak 1906.46M) | Time:00:01.91 | Mem:0.00M, Peak:0.00M | Scene, ViewLayer | Synchronizing object | daguanlou_tile
Fra:1 Mem:1886.66M (Peak 1906.46M) | Time:00:01.91 | Mem:0.00M, Peak:0.00M | Scene, ViewLayer | Synchronizing object | daguanlou_tiledark
Fra:1 Mem:1889.76M (Peak 1906.46M) | Time:00:01.92 | Mem:0.00M, Peak:0.00M | Scene, ViewLayer | Synchronizing object | daguanlou_lantern
Fra:1 Mem:1892.64M (Peak 1906.46M) | Time:00:01.92 | Mem:0.00M, Peak:0.00M | Scene, ViewLayer | Synchronizing object | daguanlou_gold
Fra:1 Mem:1892.87M (Peak 1906.46M) | Time:00:01.92 | Mem:0.00M, Peak:0.00M | Scene, ViewLayer | Synchronizing object | daguanlou_paving
Fra:1 Mem:1910.41M (Peak 1910.41M) | Time:00:01.92 | Mem:0.00M, Peak:0.00M | Scene, ViewLayer | Synchronizing object | daguanlou_courtbase
Fra:1 Mem:1910.61M (Peak 1910.61M) | Time:00:01.92 | Mem:0.00M, Peak:0.00M | Scene, ViewLayer | Synchronizing object | daguanlou_paper
Fra:1 Mem:1914.96M (Peak 1914.96M) | Time:00:01.92 | Mem:0.00M, Peak:0.00M | Scene, ViewLayer | Synchronizing object | daguanlou_bookcloth.001
Fra:1 Mem:1914.99M (Peak 1914.99M) | Time:00:01.92 | Mem:0.00M, Peak:0.00M | Scene, ViewLayer | Synchronizing object | daguanlou_ivory.001
Fra:1 Mem:1915.00M (Peak 1915.00M) | Time:00:01.92 | Mem:0.00M, Peak:0.00M | Scene, ViewLayer | Synchronizing object | daguanlou_ink.001
Fra:1 Mem:1917.18M (Peak 1917.18M) | Time:00:01.92 | Mem:0.00M, Peak:0.00M | Scene, ViewLayer | Synchronizing object | daguanlou_bookcover.001
Fra:1 Mem:1917.90M (Peak 1917.90M) | Time:00:01.92 | Mem:0.00M, Peak:0.00M | Scene, ViewLayer | Synchronizing object | daguanlou_bamboo.001
Fra:1 Mem:1917.11M (Peak 1917.90M) | Time:00:01.92 | Mem:0.00M, Peak:0.00M | Scene, ViewLayer | Synchronizing object | daguanlou_bark
Fra:1 Mem:1917.50M (Peak 1917.90M) | Time:00:01.92 | Mem:0.00M, Peak:0.00M | Scene, ViewLayer | Synchronizing object | daguanlou_canopy_shadow
Fra:1 Mem:1917.63M (Peak 1917.90M) | Time:00:01.92 | Mem:0.00M, Peak:0.00M | Scene, ViewLayer | Synchronizing object | daguanlou_canopy
Fra:1 Mem:1918.21M (Peak 1918.21M) | Time:00:01.92 | Mem:0.00M, Peak:0.00M | Scene, ViewLayer | Synchronizing object | daguanlou_canopy_light
Fra:1 Mem:1921.13M (Peak 1921.13M) | Time:00:01.92 | Mem:0.00M, Peak:0.00M | Scene, ViewLayer | Synchronizing object | daguanlou_limestone.001
Fra:1 Mem:1921.13M (Peak 1921.13M) | Time:00:01.92 | Mem:0.00M, Peak:0.00M | Scene, ViewLayer | Synchronizing object | daguanlou_ground_botanical_stem.001
Fra:1 Mem:1921.67M (Peak 1921.67M) | Time:00:01.92 | Mem:0.00M, Peak:0.00M | Scene, ViewLayer | Synchronizing object | Reviewed_Lake_Surface
Fra:1 Mem:1921.84M (Peak 1921.84M) | Time:00:01.92 | Mem:0.00M, Peak:0.00M | Scene, ViewLayer | Synchronizing object | Garden_Sun_Shadow
Fra:1 Mem:1921.84M (Peak 1921.84M) | Time:00:01.92 | Mem:0.00M, Peak:0.00M | Scene, ViewLayer | Synchronizing object | Understory_0001
Fra:1 Mem:1924.20M (Peak 1924.20M) | Time:00:01.93 | Mem:0.00M, Peak:0.00M | Scene, ViewLayer | Synchronizing object | daguanlou_ground_botanical_bamboo
Fra:1 Mem:1937.59M (Peak 1937.59M) | Time:00:01.93 | Mem:0.00M, Peak:0.00M | Scene, ViewLayer | Synchronizing object | daguanlou_ground_botanical_litter
Fra:1 Mem:1950.82M (Peak 1950.82M) | Time:00:01.93 | Mem:0.00M, Peak:0.00M | Scene, ViewLayer | Synchronizing object | r15_daguanlou_enclosure_wall
Fra:1 Mem:1961.18M (Peak 1961.18M) | Time:00:01.93 | Mem:0.00M, Peak:0.00M | Scene, ViewLayer | Synchronizing object | r15_daguanlou_enclosure_paper
Fra:1 Mem:1961.34M (Peak 1961.34M) | Time:00:01.93 | Mem:0.00M, Peak:0.00M | Scene, ViewLayer | Synchronizing object | r15_daguanlou_enclosure_lacquer
Fra:1 Mem:1965.25M (Peak 1965.25M) | Time:00:01.93 | Mem:0.00M, Peak:0.00M | Scene, ViewLayer | Synchronizing object | r15_daguanlou_enclosure_ceiling
Fra:1 Mem:1965.82M (Peak 1965.82M) | Time:00:01.94 | Mem:0.00M, Peak:0.00M | Scene, ViewLayer | Synchronizing object | r15_daguanlou_enclosure_blue
Fra:1 Mem:1965.83M (Peak 1965.83M) | Time:00:01.94 | Mem:0.00M, Peak:0.00M | Scene, ViewLayer | Synchronizing object | r15_daguanlou_enclosure_gold
Fra:1 Mem:1963.88M (Peak 1965.83M) | Time:00:01.94 | Mem:0.00M, Peak:0.00M | Scene, ViewLayer | Synchronizing object | longcuian_stone
Fra:1 Mem:1965.09M (Peak 1965.83M) | Time:00:01.94 | Mem:0.00M, Peak:0.00M | Scene, ViewLayer | Synchronizing object | longcuian_cutstone
Fra:1 Mem:1967.41M (Peak 1967.41M) | Time:00:01.94 | Mem:0.00M, Peak:0.00M | Scene, ViewLayer | Synchronizing object | longcuian_darkwood
Fra:1 Mem:1969.87M (Peak 1969.87M) | Time:00:01.94 | Mem:0.00M, Peak:0.00M | Scene, ViewLayer | Synchronizing object | longcuian_floorwood
Fra:1 Mem:1971.75M (Peak 1971.75M) | Time:00:01.94 | Mem:0.00M, Peak:0.00M | Scene, ViewLayer | Synchronizing object | longcuian_wood
Fra:1 Mem:1979.36M (Peak 1979.46M) | Time:00:01.94 | Mem:0.00M, Peak:0.00M | Scene, ViewLayer | Synchronizing object | longcuian_plaster
Fra:1 Mem:1982.83M (Peak 1984.99M) | Time:00:01.94 | Mem:0.00M, Peak:0.00M | Scene, ViewLayer | Synchronizing object | longcuian_latticewood.001
Fra:1 Mem:1982.86M (Peak 1984.99M) | Time:00:01.94 | Mem:0.00M, Peak:0.00M | Scene, ViewLayer | Synchronizing object | longcuian_roof
Fra:1 Mem:1983.39M (Peak 1984.99M) | Time:00:01.94 | Mem:0.00M, Peak:0.00M | Scene, ViewLayer | Synchronizing object | longcuian_tilelight
Fra:1 Mem:1983.73M (Peak 1984.99M) | Time:00:01.94 | Mem:0.00M, Peak:0.00M | Scene, ViewLayer | Synchronizing object | longcuian_tile
Fra:1 Mem:1994.99M (Peak 1994.99M) | Time:00:01.94 | Mem:0.00M, Peak:0.00M | Scene, ViewLayer | Synchronizing object | Understory_0000
Fra:1 Mem:1995.95M (Peak 1995.95M) | Time:00:01.94 | Mem:0.00M, Peak:0.00M | Scene, ViewLayer | Synchronizing object | Ground_Cover_0000
Fra:1 Mem:1995.97M (Peak 1995.97M) | Time:00:01.94 | Mem:0.00M, Peak:0.00M | Scene, ViewLayer | Synchronizing object | longcuian_tiledark
Fra:1 Mem:1996.34M (Peak 1996.34M) | Time:00:01.94 | Mem:0.00M, Peak:0.00M | Scene, ViewLayer | Synchronizing object | LivingTree_975
Fra:1 Mem:1996.36M (Peak 1996.36M) | Time:00:01.94 | Mem:0.00M, Peak:0.00M | Scene, ViewLayer | Synchronizing object | longcuian_paving
Fra:1 Mem:1996.63M (Peak 1996.63M) | Time:00:01.94 | Mem:0.00M, Peak:0.00M | Scene, ViewLayer | Synchronizing object | longcuian_furniture
Fra:1 Mem:1998.30M (Peak 1998.30M) | Time:00:01.95 | Mem:0.00M, Peak:0.00M | Scene, ViewLayer | Synchronizing object | longcuian_screen
Fra:1 Mem:1998.26M (Peak 1998.30M) | Time:00:01.95 | Mem:0.00M, Peak:0.00M | Scene, ViewLayer | Synchronizing object | longcuian_paper
Fra:1 Mem:1998.29M (Peak 1998.30M) | Time:00:01.95 | Mem:0.00M, Peak:0.00M | Scene, ViewLayer | Synchronizing object | longcuian_bookcloth.001
Fra:1 Mem:1997.82M (Peak 1998.30M) | Time:00:01.95 | Mem:0.00M, Peak:0.00M | Scene, ViewLayer | Synchronizing object | longcuian_ivory.001
Fra:1 Mem:1997.80M (Peak 1998.30M) | Time:00:01.95 | Mem:0.00M, Peak:0.00M | Scene, ViewLayer | Synchronizing object | longcuian_ink.001
Fra:1 Mem:1997.83M (Peak 1998.30M) | Time:00:01.95 | Mem:0.00M, Peak:0.00M | Scene, ViewLayer | Synchronizing object | longcuian_bookcover.001
Fra:1 Mem:1997.83M (Peak 1998.30M) | Time:00:01.95 | Mem:0.00M, Peak:0.00M | Scene, ViewLayer | Synchronizing object | longcuian_ceramic
Fra:1 Mem:1998.40M (Peak 1998.40M) | Time:00:01.95 | Mem:0.00M, Peak:0.00M | Scene, ViewLayer | Synchronizing object | longcuian_bamboo.001
Fra:1 Mem:1998.64M (Peak 1998.64M) | Time:00:01.95 | Mem:0.00M, Peak:0.00M | Scene, ViewLayer | Synchronizing object | longcuian_gold.001
Fra:1 Mem:1999.09M (Peak 2001.27M) | Time:00:01.95 | Mem:0.00M, Peak:0.00M | Scene, ViewLayer | Synchronizing object | longcuian_courtbase
Fra:1 Mem:2005.31M (Peak 2005.31M) | Time:00:01.95 | Mem:0.00M, Peak:0.00M | Scene, ViewLayer | Synchronizing object | longcuian_bark
Fra:1 Mem:2006.73M (Peak 2006.73M) | Time:00:01.95 | Mem:0.00M, Peak:0.00M | Scene, ViewLayer | Synchronizing object | longcuian_flower
Fra:1 Mem:2011.46M (Peak 2011.46M) | Time:00:01.95 | Mem:0.00M, Peak:0.00M | Scene, ViewLayer | Synchronizing object | longcuian_leafdark
Fra:1 Mem:2011.62M (Peak 2011.62M) | Time:00:01.95 | Mem:0.00M, Peak:0.00M | Scene, ViewLayer | Synchronizing object | longcuian_canopy_shadow
Fra:1 Mem:2005.51M (Peak 2011.62M) | Time:00:01.95 | Mem:0.00M, Peak:0.00M | Scene, ViewLayer | Synchronizing object | longcuian_canopy
Fra:1 Mem:2007.15M (Peak 2011.62M) | Time:00:01.95 | Mem:0.00M, Peak:0.00M | Scene, ViewLayer | Synchronizing object | longcuian_canopy_light
Fra:1 Mem:2008.42M (Peak 2011.62M) | Time:00:01.95 | Mem:0.00M, Peak:0.00M | Scene, ViewLayer | Synchronizing object | r15_longcuian_enclosure_wall
Fra:1 Mem:2008.54M (Peak 2011.62M) | Time:00:01.95 | Mem:0.00M, Peak:0.00M | Scene, ViewLayer | Synchronizing object | r15_longcuian_enclosure_paper
Fra:1 Mem:2008.59M (Peak 2011.62M) | Time:00:01.95 | Mem:0.00M, Peak:0.00M | Scene, ViewLayer | Synchronizing object | r15_longcuian_enclosure_lacquer
Fra:1 Mem:2007.54M (Peak 2011.62M) | Time:00:01.95 | Mem:0.00M, Peak:0.00M | Scene, ViewLayer | Synchronizing object | r15_longcuian_enclosure_ceiling
Fra:1 Mem:2007.93M (Peak 2011.62M) | Time:00:01.95 | Mem:0.00M, Peak:0.00M | Scene, ViewLayer | Synchronizing object | r15_longcuian_enclosure_jade
Fra:1 Mem:2007.93M (Peak 2011.62M) | Time:00:01.95 | Mem:0.00M, Peak:0.00M | Scene, ViewLayer | Synchronizing object | nuanxiangwu_stone
Fra:1 Mem:2008.41M (Peak 2011.62M) | Time:00:01.95 | Mem:0.00M, Peak:0.00M | Scene, ViewLayer | Synchronizing object | nuanxiangwu_cutstone
Fra:1 Mem:2008.55M (Peak 2011.62M) | Time:00:01.95 | Mem:0.00M, Peak:0.00M | Scene, ViewLayer | Synchronizing object | nuanxiangwu_darkwood
Fra:1 Mem:2009.03M (Peak 2011.62M) | Time:00:01.95 | Mem:0.00M, Peak:0.00M | Scene, ViewLayer | Synchronizing object | nuanxiangwu_floorwood
Fra:1 Mem:2009.79M (Peak 2011.62M) | Time:00:01.95 | Mem:0.00M, Peak:0.00M | Scene, ViewLayer | Synchronizing object | nuanxiangwu_wood
Fra:1 Mem:2010.18M (Peak 2011.62M) | Time:00:01.95 | Mem:0.00M, Peak:0.00M | Scene, ViewLayer | Synchronizing object | nuanxiangwu_furniture
Fra:1 Mem:2010.30M (Peak 2011.62M) | Time:00:01.95 | Mem:0.00M, Peak:0.00M | Scene, ViewLayer | Synchronizing object | nuanxiangwu_latticewood.001
Fra:1 Mem:2011.05M (Peak 2011.62M) | Time:00:01.95 | Mem:0.00M, Peak:0.00M | Scene, ViewLayer | Synchronizing object | nuanxiangwu_screen
Fra:1 Mem:2011.46M (Peak 2011.62M) | Time:00:01.95 | Mem:0.00M, Peak:0.00M | Scene, ViewLayer | Synchronizing object | nuanxiangwu_roof
Fra:1 Mem:2011.77M (Peak 2011.77M) | Time:00:01.95 | Mem:0.00M, Peak:0.00M | Scene, ViewLayer | Synchronizing object | nuanxiangwu_tilelight
Fra:1 Mem:2011.80M (Peak 2011.80M) | Time:00:01.95 | Mem:0.00M, Peak:0.00M | Scene, ViewLayer | Synchronizing object | nuanxiangwu_tile
Fra:1 Mem:2021.03M (Peak 2021.03M) | Time:00:01.95 | Mem:0.00M, Peak:0.00M | Scene, ViewLayer | Synchronizing object | nuanxiangwu_tiledark
Fra:1 Mem:2022.40M (Peak 2022.40M) | Time:00:01.95 | Mem:0.00M, Peak:0.00M | Scene, ViewLayer | Synchronizing object | nuanxiangwu_paving
Fra:1 Mem:2023.04M (Peak 2023.04M) | Time:00:01.95 | Mem:0.00M, Peak:0.00M | Scene, ViewLayer | Synchronizing object | nuanxiangwu_paper
Fra:1 Mem:2023.39M (Peak 2023.39M) | Time:00:01.95 | Mem:0.00M, Peak:0.00M | Scene, ViewLayer | Synchronizing object | nuanxiangwu_bookcloth.001
Fra:1 Mem:2023.41M (Peak 2023.41M) | Time:00:01.95 | Mem:0.00M, Peak:0.00M | Scene, ViewLayer | Synchronizing object | nuanxiangwu_ivory.001
Fra:1 Mem:2023.71M (Peak 2023.71M) | Time:00:01.95 | Mem:0.00M, Peak:0.00M | Scene, ViewLayer | Synchronizing object | nuanxiangwu_ink.001
Fra:1 Mem:2024.71M (Peak 2024.71M) | Time:00:01.95 | Mem:0.00M, Peak:0.00M | Scene, ViewLayer | Synchronizing object | nuanxiangwu_bookcover.001
Fra:1 Mem:2025.98M (Peak 2025.98M) | Time:00:01.96 | Mem:0.00M, Peak:0.00M | Scene, ViewLayer | Synchronizing object | nuanxiangwu_ceramic
Fra:1 Mem:2025.62M (Peak 2025.98M) | Time:00:01.96 | Mem:0.00M, Peak:0.00M | Scene, ViewLayer | Synchronizing object | nuanxiangwu_bamboo.001
Fra:1 Mem:2025.63M (Peak 2025.98M) | Time:00:01.96 | Mem:0.00M, Peak:0.00M | Scene, ViewLayer | Synchronizing object | nuanxiangwu_gold.001
Fra:1 Mem:2025.91M (Peak 2025.98M) | Time:00:01.96 | Mem:0.00M, Peak:0.00M | Scene, ViewLayer | Synchronizing object | nuanxiangwu_silk
Fra:1 Mem:2025.91M (Peak 2025.98M) | Time:00:01.96 | Mem:0.00M, Peak:0.00M | Scene, ViewLayer | Synchronizing object | nuanxiangwu_bark
Fra:1 Mem:2025.91M (Peak 2025.98M) | Time:00:01.96 | Mem:0.00M, Peak:0.00M | Scene, ViewLayer | Synchronizing object | nuanxiangwu_creamflower
Fra:1 Mem:2028.17M (Peak 2028.17M) | Time:00:01.96 | Mem:0.00M, Peak:0.00M | Scene, ViewLayer | Synchronizing object | nuanxiangwu_leafdark
Fra:1 Mem:2030.03M (Peak 2030.03M) | Time:00:01.96 | Mem:0.00M, Peak:0.00M | Scene, ViewLayer | Synchronizing object | nuanxiangwu_courtbase
Fra:1 Mem:2031.01M (Peak 2031.01M) | Time:00:01.96 | Mem:0.00M, Peak:0.00M | Scene, ViewLayer | Synchronizing object | r15_nuanxiangwu_enclosure_wall
Fra:1 Mem:2030.76M (Peak 2031.01M) | Time:00:01.96 | Mem:0.00M, Peak:0.00M | Scene, ViewLayer | Synchronizing object | r15_nuanxiangwu_enclosure_paper
Fra:1 Mem:2030.49M (Peak 2031.01M) | Time:00:01.96 | Mem:0.00M, Peak:0.00M | Scene, ViewLayer | Synchronizing object | r15_nuanxiangwu_enclosure_lacquer
Fra:1 Mem:2030.57M (Peak 2031.01M) | Time:00:01.96 | Mem:0.00M, Peak:0.00M | Scene, ViewLayer | Synchronizing object | r15_nuanxiangwu_enclosure_ceiling
Fra:1 Mem:2031.25M (Peak 2031.25M) | Time:00:01.96 | Mem:0.00M, Peak:0.00M | Scene, ViewLayer | Synchronizing object | r15_nuanxiangwu_enclosure_blue
Fra:1 Mem:2031.36M (Peak 2031.36M) | Time:00:01.96 | Mem:0.00M, Peak:0.00M | Scene, ViewLayer | Synchronizing object | r15_nuanxiangwu_enclosure_gold
Fra:1 Mem:2031.37M (Peak 2031.37M) | Time:00:01.96 | Mem:0.00M, Peak:0.00M | Scene, ViewLayer | Synchronizing object | landscape_earth.001
Fra:1 Mem:2031.46M (Peak 2031.46M) | Time:00:01.96 | Mem:0.00M, Peak:0.00M | Scene, ViewLayer | Synchronizing object | landscape_bankstone
Fra:1 Mem:2034.10M (Peak 2034.10M) | Time:00:01.96 | Mem:0.00M, Peak:0.00M | Scene, ViewLayer | Synchronizing object | landscape_limestone.001
Fra:1 Mem:2046.17M (Peak 2046.17M) | Time:00:01.96 | Mem:0.00M, Peak:0.00M | Scene, ViewLayer | Synchronizing object | landscape_bark
Fra:1 Mem:2046.79M (Peak 2046.79M) | Time:00:01.96 | Mem:0.00M, Peak:0.00M | Scene, ViewLayer | Synchronizing object | landscape_leaf
Fra:1 Mem:2047.47M (Peak 2047.47M) | Time:00:01.96 | Mem:0.00M, Peak:0.00M | Scene, ViewLayer | Synchronizing object | landscape_bamboo.001
Fra:1 Mem:2049.54M (Peak 2050.23M) | Time:00:01.96 | Mem:0.00M, Peak:0.00M | Scene, ViewLayer | Synchronizing object | landscape_canopy_light
Fra:1 Mem:2073.82M (Peak 2073.82M) | Time:00:01.97 | Mem:0.00M, Peak:0.00M | Scene, ViewLayer | Synchronizing object | landscape_creamflower.001
Fra:1 Mem:2079.80M (Peak 2079.80M) | Time:00:01.97 | Mem:0.00M, Peak:0.00M | Scene, ViewLayer | Synchronizing object | landscape_leafdark
Fra:1 Mem:2107.83M (Peak 2107.83M) | Time:00:01.97 | Mem:0.00M, Peak:0.00M | Scene, ViewLayer | Synchronizing object | landscape_flower.001
Fra:1 Mem:2110.29M (Peak 2110.29M) | Time:00:01.98 | Mem:0.00M, Peak:0.00M | Scene, ViewLayer | Synchronizing object | landscape_plaster
Fra:1 Mem:2129.72M (Peak 2130.68M) | Time:00:01.98 | Mem:0.00M, Peak:0.00M | Scene, ViewLayer | Synchronizing object | landscape_roof
Fra:1 Mem:2135.36M (Peak 2135.36M) | Time:00:01.99 | Mem:0.00M, Peak:0.00M | Scene, ViewLayer | Synchronizing object | landscape_stone.001
Fra:1 Mem:2137.35M (Peak 2137.35M) | Time:00:01.99 | Mem:0.00M, Peak:0.00M | Scene, ViewLayer | Synchronizing object | landscape_tile
Fra:1 Mem:2140.54M (Peak 2140.54M) | Time:00:01.99 | Mem:0.00M, Peak:0.00M | Scene, ViewLayer | Synchronizing object | landscape_paving
Fra:1 Mem:2143.64M (Peak 2143.64M) | Time:00:01.99 | Mem:0.00M, Peak:0.00M | Scene, ViewLayer | Synchronizing object | landscape_wood.001
Fra:1 Mem:2176.30M (Peak 2182.34M) | Time:00:02.00 | Mem:0.00M, Peak:0.00M | Scene, ViewLayer | Synchronizing object | landscape_tilelight
Fra:1 Mem:2176.54M (Peak 2182.34M) | Time:00:02.00 | Mem:0.00M, Peak:0.00M | Scene, ViewLayer | Synchronizing object | landscape_tiledark
Fra:1 Mem:2191.72M (Peak 2191.72M) | Time:00:02.00 | Mem:0.00M, Peak:0.00M | Scene, ViewLayer | Synchronizing object | landscape_darkwood
Fra:1 Mem:2203.30M (Peak 2203.30M) | Time:00:02.01 | Mem:0.00M, Peak:0.00M | Scene, ViewLayer | Synchronizing object | landscape_lantern
Fra:1 Mem:2201.62M (Peak 2203.30M) | Time:00:02.01 | Mem:0.00M, Peak:0.00M | Scene, ViewLayer | Synchronizing object | landscape_gold
Fra:1 Mem:2201.72M (Peak 2203.30M) | Time:00:02.01 | Mem:0.00M, Peak:0.00M | Scene, ViewLayer | Synchronizing object | landscape_lightleaf.001
Fra:1 Mem:2202.50M (Peak 2203.30M) | Time:00:02.01 | Mem:0.00M, Peak:0.00M | Scene, ViewLayer | Synchronizing object | shore_ground_botanical_stem.001
Fra:1 Mem:2203.49M (Peak 2203.49M) | Time:00:02.01 | Mem:0.00M, Peak:0.00M | Scene, ViewLayer | Synchronizing object | shore_ground_botanical_bamboo
Fra:1 Mem:2203.49M (Peak 2203.49M) | Time:00:02.01 | Mem:0.00M, Peak:0.00M | Scene, ViewLayer | Synchronizing object | LivingTree_000
Fra:1 Mem:2226.78M (Peak 2227.67M) | Time:00:02.02 | Mem:0.00M, Peak:0.00M | Scene, ViewLayer | Synchronizing object | LivingTree_005
Fra:1 Mem:2339.99M (Peak 2339.99M) | Time:00:02.03 | Mem:0.00M, Peak:0.00M | Scene, ViewLayer | Synchronizing object | LivingTree_102
Fra:1 Mem:2988.09M (Peak 3061.30M) | Time:00:02.52 | Mem:0.00M, Peak:0.00M | Scene, ViewLayer | Initializing
Fra:1 Mem:2871.30M (Peak 3061.30M) | Time:00:02.59 | Mem:0.00M, Peak:0.00M | Scene, ViewLayer | Updating Images | Loading r15_cutstone_diff
Fra:1 Mem:2871.30M (Peak 3061.30M) | Time:00:02.59 | Mem:0.00M, Peak:0.00M | Scene, ViewLayer | Updating Images | Loading r15_stone_nor_gl
Fra:1 Mem:2871.30M (Peak 3061.30M) | Time:00:02.59 | Mem:0.00M, Peak:0.00M | Scene, ViewLayer | Updating Images | Loading r15_stone_rough
Fra:1 Mem:2871.30M (Peak 3061.30M) | Time:00:02.59 | Mem:0.00M, Peak:0.00M | Scene, ViewLayer | Updating Images | Loading r15_stone_diff
Fra:1 Mem:2886.34M (Peak 3061.30M) | Time:00:02.71 | Mem:4.00M, Peak:4.00M | Scene, ViewLayer | Updating Images | Loading r15_darkwood_diff
Fra:1 Mem:2887.34M (Peak 3061.30M) | Time:00:02.71 | Mem:4.00M, Peak:4.00M | Scene, ViewLayer | Updating Images | Loading r15_darkwood_rough
Fra:1 Mem:2887.33M (Peak 3061.30M) | Time:00:02.71 | Mem:5.00M, Peak:5.00M | Scene, ViewLayer | Updating Images | Loading r15_floorwood_diff
Fra:1 Mem:2886.32M (Peak 3061.30M) | Time:00:02.71 | Mem:6.00M, Peak:6.00M | Scene, ViewLayer | Updating Images | Loading r15_floorwood_nor_gl
Fra:1 Mem:2886.31M (Peak 3061.30M) | Time:00:02.71 | Mem:7.00M, Peak:7.00M | Scene, ViewLayer | Updating Images | Loading r15_floorwood_rough
Fra:1 Mem:2906.32M (Peak 3061.30M) | Time:00:02.71 | Mem:8.00M, Peak:8.00M | Scene, ViewLayer | Updating Images | Loading r15_wood_diff
Fra:1 Mem:2908.33M (Peak 3061.30M) | Time:00:02.71 | Mem:9.00M, Peak:9.00M | Scene, ViewLayer | Updating Images | Loading r15_wood_nor_gl
Fra:1 Mem:2908.32M (Peak 3061.30M) | Time:00:02.71 | Mem:10.00M, Peak:10.00M | Scene, ViewLayer | Updating Images | Loading r15_wood_rough
Fra:1 Mem:2910.33M (Peak 3061.30M) | Time:00:02.71 | Mem:11.00M, Peak:11.00M | Scene, ViewLayer | Updating Images | Loading r15_furniture_diff
Fra:1 Mem:2911.33M (Peak 3061.30M) | Time:00:02.71 | Mem:12.00M, Peak:12.00M | Scene, ViewLayer | Updating Images | Loading r15_furniture_nor_gl
Fra:1 Mem:2911.32M (Peak 3061.30M) | Time:00:02.72 | Mem:13.00M, Peak:13.00M | Scene, ViewLayer | Updating Images | Loading r15_furniture_rough
Fra:1 Mem:2912.32M (Peak 3061.30M) | Time:00:02.72 | Mem:14.00M, Peak:14.00M | Scene, ViewLayer | Updating Images | Loading r15_latticewood_diff
Fra:1 Mem:2913.32M (Peak 3061.30M) | Time:00:02.72 | Mem:16.00M, Peak:16.00M | Scene, ViewLayer | Updating Images | Loading r15_latticewood_nor_gl
Fra:1 Mem:2914.32M (Peak 3061.30M) | Time:00:02.72 | Mem:17.00M, Peak:17.00M | Scene, ViewLayer | Updating Images | Loading r15_latticewood_rough
Fra:1 Mem:2914.32M (Peak 3061.30M) | Time:00:02.72 | Mem:17.00M, Peak:17.00M | Scene, ViewLayer | Updating Images | Loading r15_roof_diff
Fra:1 Mem:2917.33M (Peak 3061.30M) | Time:00:02.72 | Mem:18.00M, Peak:18.00M | Scene, ViewLayer | Updating Images | Loading r15_roof_nor_gl
Fra:1 Mem:2916.32M (Peak 3061.30M) | Time:00:02.72 | Mem:19.00M, Peak:19.00M | Scene, ViewLayer | Updating Images | Loading r15_roof_rough
Fra:1 Mem:2920.34M (Peak 3061.30M) | Time:00:02.72 | Mem:20.00M, Peak:20.00M | Scene, ViewLayer | Updating Images | Loading r15_tilelight_diff
Fra:1 Mem:2925.35M (Peak 3061.30M) | Time:00:02.73 | Mem:21.00M, Peak:21.00M | Scene, ViewLayer | Updating Images | Loading r15_tilelight_nor_gl
Fra:1 Mem:2925.34M (Peak 3061.30M) | Time:00:02.73 | Mem:22.00M, Peak:22.00M | Scene, ViewLayer | Updating Images | Loading r15_tilelight_rough
Fra:1 Mem:2926.34M (Peak 3061.30M) | Time:00:02.73 | Mem:23.00M, Peak:23.00M | Scene, ViewLayer | Updating Images | Loading r15_tile_diff
Fra:1 Mem:2925.33M (Peak 3061.30M) | Time:00:02.73 | Mem:24.00M, Peak:24.00M | Scene, ViewLayer | Updating Images | Loading r15_tile_nor_gl
Fra:1 Mem:2923.32M (Peak 3061.30M) | Time:00:02.73 | Mem:28.00M, Peak:28.00M | Scene, ViewLayer | Updating Images | Loading grass_medium_01_rough
Fra:1 Mem:2919.32M (Peak 3061.30M) | Time:00:02.73 | Mem:29.00M, Peak:29.00M | Scene, ViewLayer | Updating Images | Loading r15_tile_rough
Fra:1 Mem:2920.32M (Peak 3061.30M) | Time:00:02.73 | Mem:30.00M, Peak:30.00M | Scene, ViewLayer | Updating Images | Loading r15_tiledark_diff
Fra:1 Mem:2923.34M (Peak 3061.30M) | Time:00:02.73 | Mem:31.00M, Peak:31.00M | Scene, ViewLayer | Updating Images | Loading r15_tiledark_nor_gl
Fra:1 Mem:2922.33M (Peak 3061.30M) | Time:00:02.73 | Mem:32.00M, Peak:32.00M | Scene, ViewLayer | Updating Images | Loading r15_tiledark_rough
Fra:1 Mem:2923.32M (Peak 3061.30M) | Time:00:02.73 | Mem:33.00M, Peak:33.00M | Scene, ViewLayer | Updating Images | Loading rock_moss_set_01_diff
Fra:1 Mem:2928.33M (Peak 3061.30M) | Time:00:02.73 | Mem:34.00M, Peak:34.00M | Scene, ViewLayer | Updating Images | Loading rock_moss_set_01_nor_gl
Fra:1 Mem:2931.33M (Peak 3061.30M) | Time:00:02.73 | Mem:35.00M, Peak:35.00M | Scene, ViewLayer | Updating Images | Loading r15_paving_diff
Fra:1 Mem:2933.33M (Peak 3061.30M) | Time:00:02.74 | Mem:36.00M, Peak:36.00M | Scene, ViewLayer | Updating Images | Loading r15_paving_nor_gl
Fra:1 Mem:2933.32M (Peak 3061.30M) | Time:00:02.74 | Mem:37.00M, Peak:37.00M | Scene, ViewLayer | Updating Images | Loading r15_paving_rough
Fra:1 Mem:2940.33M (Peak 3061.30M) | Time:00:02.74 | Mem:38.00M, Peak:38.00M | Scene, ViewLayer | Updating Images | Loading r15_plaster_diff
Fra:1 Mem:2941.33M (Peak 3061.30M) | Time:00:02.74 | Mem:39.00M, Peak:39.00M | Scene, ViewLayer | Updating Images | Loading r15_gardenstone_diff
Fra:1 Mem:2943.34M (Peak 3061.30M) | Time:00:02.74 | Mem:40.00M, Peak:40.00M | Scene, ViewLayer | Updating Images | Loading r15_gardenstone_nor_gl
Fra:1 Mem:2943.33M (Peak 3061.30M) | Time:00:02.74 | Mem:41.00M, Peak:41.00M | Scene, ViewLayer | Updating Images | Loading r15_gardenstone_rough
Fra:1 Mem:2945.34M (Peak 3061.30M) | Time:00:02.74 | Mem:42.00M, Peak:42.00M | Scene, ViewLayer | Updating Images | Loading r15_bankstone_diff
Fra:1 Mem:2941.33M (Peak 3061.30M) | Time:00:02.74 | Mem:46.00M, Peak:46.00M | Scene, ViewLayer | Updating Images | Loading r15_bankstone_nor_gl
Fra:1 Mem:2947.35M (Peak 3061.30M) | Time:00:02.74 | Mem:54.00M, Peak:54.00M | Scene, ViewLayer | Updating Images | Loading r15_bankstone_rough
Fra:1 Mem:2946.34M (Peak 3061.30M) | Time:00:02.74 | Mem:55.00M, Peak:55.00M | Scene, ViewLayer | Updating Images | Loading petal.png
Fra:1 Mem:2941.34M (Peak 3061.30M) | Time:00:02.75 | Mem:63.00M, Peak:63.00M | Scene, ViewLayer | Updating Images | Loading bamboo.png
Fra:1 Mem:2941.40M (Peak 3061.30M) | Time:00:02.75 | Mem:63.00M, Peak:63.00M | Scene, ViewLayer | Updating Images | Loading grass_medium_01_diff-grass_medium_01_alpha
Fra:1 Mem:2944.52M (Peak 3061.30M) | Time:00:02.75 | Mem:64.00M, Peak:64.00M | Scene, ViewLayer | Updating Images | Loading stem.png
Fra:1 Mem:2944.52M (Peak 3061.30M) | Time:00:02.75 | Mem:64.06M, Peak:64.06M | Scene, ViewLayer | Updating Images | Loading banana.png
Fra:1 Mem:2944.13M (Peak 3061.30M) | Time:00:02.75 | Mem:65.19M, Peak:65.19M | Scene, ViewLayer | Updating Images | Loading litter.png
Fra:1 Mem:2944.13M (Peak 3061.30M) | Time:00:02.75 | Mem:65.19M, Peak:65.19M | Scene, ViewLayer | Updating Images | Loading r15_courtbase_diff
Fra:1 Mem:2946.21M (Peak 3061.30M) | Time:00:02.75 | Mem:65.25M, Peak:65.25M | Scene, ViewLayer | Updating Images | Loading r15_courtbase_nor_gl
Fra:1 Mem:2945.33M (Peak 3061.30M) | Time:00:02.75 | Mem:66.25M, Peak:66.25M | Scene, ViewLayer | Updating Images | Loading r15_courtbase_rough
Fra:1 Mem:2945.19M (Peak 3061.30M) | Time:00:02.75 | Mem:66.38M, Peak:66.38M | Scene, ViewLayer | Updating Images | Loading r15_rusticwood_diff
Fra:1 Mem:2948.20M (Peak 3061.30M) | Time:00:02.75 | Mem:67.38M, Peak:67.38M | Scene, ViewLayer | Updating Images | Loading r15_rusticwood_nor_gl
Fra:1 Mem:2949.20M (Peak 3061.30M) | Time:00:02.75 | Mem:67.88M, Peak:67.88M | Scene, ViewLayer | Updating Images | Loading r15_rusticwood_rough
Fra:1 Mem:2951.20M (Peak 3061.30M) | Time:00:02.75 | Mem:68.88M, Peak:68.88M | Scene, ViewLayer | Updating Images | Loading r15_goldroof_diff
Fra:1 Mem:2951.20M (Peak 3061.30M) | Time:00:02.75 | Mem:69.88M, Peak:69.88M | Scene, ViewLayer | Updating Images | Loading r15_goldroof_nor_gl
Fra:1 Mem:2951.20M (Peak 3061.30M) | Time:00:02.75 | Mem:70.88M, Peak:70.88M | Scene, ViewLayer | Updating Images | Loading r15_goldroof_rough
Fra:1 Mem:2953.20M (Peak 3061.30M) | Time:00:02.75 | Mem:71.88M, Peak:71.88M | Scene, ViewLayer | Updating Images | Loading r15_goldtilelight_diff
Fra:1 Mem:2955.20M (Peak 3061.30M) | Time:00:02.75 | Mem:72.88M, Peak:72.88M | Scene, ViewLayer | Updating Images | Loading r15_goldtilelight_nor_gl
Fra:1 Mem:2956.20M (Peak 3061.30M) | Time:00:02.75 | Mem:73.88M, Peak:73.88M | Scene, ViewLayer | Updating Images | Loading r15_goldtilelight_rough
Fra:1 Mem:2955.19M (Peak 3061.30M) | Time:00:02.75 | Mem:74.88M, Peak:74.88M | Scene, ViewLayer | Updating Images | Loading r15_goldtile_diff
Fra:1 Mem:2958.20M (Peak 3061.30M) | Time:00:02.76 | Mem:75.88M, Peak:75.88M | Scene, ViewLayer | Updating Images | Loading r15_goldtile_nor_gl
Fra:1 Mem:2957.19M (Peak 3061.30M) | Time:00:02.76 | Mem:76.88M, Peak:76.88M | Scene, ViewLayer | Updating Images | Loading r15_goldtile_rough
Fra:1 Mem:2964.22M (Peak 3061.30M) | Time:00:02.76 | Mem:77.88M, Peak:77.88M | Scene, ViewLayer | Updating Images | Loading r15_goldtiledark_diff
Fra:1 Mem:2964.21M (Peak 3061.30M) | Time:00:02.76 | Mem:78.88M, Peak:78.88M | Scene, ViewLayer | Updating Images | Loading r15_goldtiledark_nor_gl
Fra:1 Mem:2966.21M (Peak 3061.30M) | Time:00:02.76 | Mem:79.88M, Peak:79.88M | Scene, ViewLayer | Updating Images | Loading r15_goldtiledark_rough
Fra:1 Mem:2962.20M (Peak 3061.30M) | Time:00:02.76 | Mem:83.88M, Peak:83.88M | Scene, ViewLayer | Updating Images | Loading pine_sapling_small_twig_rgba.png.004
Fra:1 Mem:2962.19M (Peak 3061.30M) | Time:00:02.76 | Mem:84.88M, Peak:84.88M | Scene, ViewLayer | Updating Images | Loading island_tree_02_diff
Fra:1 Mem:2966.45M (Peak 3061.30M) | Time:00:02.76 | Mem:85.88M, Peak:85.88M | Scene, ViewLayer | Updating Images | Loading island_tree_02_rough
Fra:1 Mem:2972.46M (Peak 3061.30M) | Time:00:02.76 | Mem:86.12M, Peak:86.12M | Scene, ViewLayer | Updating Images | Loading pine_sapling_small_twig_nor_gl
Fra:1 Mem:2975.45M (Peak 3061.30M) | Time:00:02.76 | Mem:87.12M, Peak:87.12M | Scene, ViewLayer | Updating Images | Loading island_tree_02_nor_gl
Fra:1 Mem:2979.45M (Peak 3061.30M) | Time:00:02.76 | Mem:88.12M, Peak:88.12M | Scene, ViewLayer | Updating Images | Loading island_tree_02_leaves_diff-island_tree_02_leaves_alpha
Fra:1 Mem:2984.46M (Peak 3061.30M) | Time:00:02.76 | Mem:89.12M, Peak:89.12M | Scene, ViewLayer | Updating Images | Loading island_tree_02_leaves_rough
Fra:1 Mem:2987.45M (Peak 3061.30M) | Time:00:02.76 | Mem:90.12M, Peak:90.12M | Scene, ViewLayer | Updating Images | Loading island_tree_02_leaves_nor_gl
Fra:1 Mem:2990.45M (Peak 3061.30M) | Time:00:02.76 | Mem:91.12M, Peak:91.12M | Scene, ViewLayer | Updating Images | Loading island_tree_02_leaves_rgba.png.004
Fra:1 Mem:2990.70M (Peak 3061.30M) | Time:00:02.76 | Mem:91.38M, Peak:91.38M | Scene, ViewLayer | Updating Images | Loading island_tree_02_branches_diff
Fra:1 Mem:2998.70M (Peak 3061.30M) | Time:00:02.77 | Mem:95.38M, Peak:95.38M | Scene, ViewLayer | Updating Images | Loading island_tree_02_branches_rough
Fra:1 Mem:3006.71M (Peak 3061.30M) | Time:00:02.77 | Mem:99.38M, Peak:99.38M | Scene, ViewLayer | Updating Images | Loading pine_sapling_small_twig_rough
Fra:1 Mem:3006.70M (Peak 3061.30M) | Time:00:02.77 | Mem:103.38M, Peak:103.38M | Scene, ViewLayer | Updating Images | Loading island_tree_02_branches_nor_gl
Fra:1 Mem:3010.70M (Peak 3061.30M) | Time:00:02.78 | Mem:107.38M, Peak:107.38M | Scene, ViewLayer | Updating Images | Loading island_tree_01_diff
Fra:1 Mem:3018.71M (Peak 3061.30M) | Time:00:02.78 | Mem:111.38M, Peak:111.38M | Scene, ViewLayer | Updating Images | Loading island_tree_01_rough
Fra:1 Mem:3018.70M (Peak 3061.30M) | Time:00:02.78 | Mem:115.38M, Peak:115.38M | Scene, ViewLayer | Updating Images | Loading island_tree_01_nor_gl
Fra:1 Mem:3022.70M (Peak 3061.30M) | Time:00:02.78 | Mem:119.38M, Peak:119.38M | Scene, ViewLayer | Updating Images | Loading island_tree_01_leaves_diff-island_tree_01_leaves_alpha
Fra:1 Mem:3022.70M (Peak 3061.30M) | Time:00:02.78 | Mem:123.38M, Peak:123.38M | Scene, ViewLayer | Updating Images | Loading island_tree_01_leaves_rough
Fra:1 Mem:3026.70M (Peak 3061.30M) | Time:00:02.79 | Mem:127.38M, Peak:127.38M | Scene, ViewLayer | Updating Images | Loading pine_sapling_small_twig_diff
Fra:1 Mem:3042.72M (Peak 3061.30M) | Time:00:02.79 | Mem:131.38M, Peak:131.38M | Scene, ViewLayer | Updating Images | Loading island_tree_01_leaves_nor_gl
Fra:1 Mem:3042.71M (Peak 3061.30M) | Time:00:02.79 | Mem:135.38M, Peak:135.38M | Scene, ViewLayer | Updating Images | Loading island_tree_01_leaves_rgba.png.009
Fra:1 Mem:3038.70M (Peak 3061.30M) | Time:00:02.79 | Mem:139.38M, Peak:139.38M | Scene, ViewLayer | Updating Images | Loading island_tree_01_branches_diff
Fra:1 Mem:3038.95M (Peak 3061.30M) | Time:00:02.79 | Mem:143.38M, Peak:143.38M | Scene, ViewLayer | Updating Images | Loading island_tree_01_branches_rough
Fra:1 Mem:3042.95M (Peak 3061.30M) | Time:00:02.79 | Mem:143.62M, Peak:143.62M | Scene, ViewLayer | Updating Images | Loading island_tree_01_branches_nor_gl
Fra:1 Mem:3054.96M (Peak 3061.30M) | Time:00:02.80 | Mem:147.62M, Peak:147.62M | Scene, ViewLayer | Updating Images | Loading island_tree_01_leaves_rgba.png.008
Fra:1 Mem:3051.20M (Peak 3061.30M) | Time:00:02.80 | Mem:151.62M, Peak:151.62M | Scene, ViewLayer | Updating Images | Loading pine_sapling_small_bark_diff
Fra:1 Mem:3051.20M (Peak 3061.30M) | Time:00:02.80 | Mem:155.62M, Peak:155.62M | Scene, ViewLayer | Updating Images | Loading pine_sapling_small_bark_rough
Fra:1 Mem:3055.20M (Peak 3061.30M) | Time:00:02.80 | Mem:155.88M, Peak:155.88M | Scene, ViewLayer | Updating Images | Loading pine_sapling_small_bark_nor_gl
Fra:1 Mem:2823.60M (Peak 3067.21M) | Time:00:02.91 | Mem:187.88M, Peak:187.88M | Scene, ViewLayer | Waiting for render to start
Fra:1 Mem:2823.60M (Peak 3067.21M) | Time:00:02.91 | Mem:187.88M, Peak:187.88M | Scene, ViewLayer | Updating Scene
Fra:1 Mem:2823.60M (Peak 3067.21M) | Time:00:02.91 | Mem:187.88M, Peak:187.88M | Scene, ViewLayer | Updating Shaders
Fra:1 Mem:2823.60M (Peak 3067.21M) | Time:00:02.91 | Mem:187.88M, Peak:187.88M | Scene, ViewLayer | Loading render kernels (may take a few minutes the first time)
Fra:1 Mem:2823.73M (Peak 3067.21M) | Time:00:02.92 | Mem:187.93M, Peak:187.93M | Scene, ViewLayer | Updating Procedurals
Fra:1 Mem:2823.73M (Peak 3067.21M) | Time:00:02.92 | Mem:187.93M, Peak:187.93M | Scene, ViewLayer | Updating Background
Fra:1 Mem:2823.73M (Peak 3067.21M) | Time:00:02.92 | Mem:187.93M, Peak:187.93M | Scene, ViewLayer | Updating Camera
Fra:1 Mem:2823.73M (Peak 3067.21M) | Time:00:02.92 | Mem:187.93M, Peak:187.93M | Scene, ViewLayer | Updating Meshes Flags
Fra:1 Mem:2823.73M (Peak 3067.21M) | Time:00:02.92 | Mem:187.93M, Peak:187.93M | Scene, ViewLayer | Updating Objects
Fra:1 Mem:2823.73M (Peak 3067.21M) | Time:00:02.92 | Mem:187.93M, Peak:187.93M | Scene, ViewLayer | Updating Objects | Copying Transformations to device
Fra:1 Mem:2827.22M (Peak 3067.21M) | Time:00:02.92 | Mem:191.30M, Peak:191.30M | Scene, ViewLayer | Updating Particle Systems
Fra:1 Mem:2827.22M (Peak 3067.21M) | Time:00:02.92 | Mem:191.30M, Peak:191.30M | Scene, ViewLayer | Updating Particle Systems | Copying Particles to device
Fra:1 Mem:2827.22M (Peak 3067.21M) | Time:00:02.92 | Mem:191.30M, Peak:191.30M | Scene, ViewLayer | Updating Meshes
Fra:1 Mem:3266.10M (Peak 3266.10M) | Time:00:09.00 | Mem:191.30M, Peak:191.30M | Scene, ViewLayer | Updating Objects | Applying Static Transformations
Fra:1 Mem:3266.10M (Peak 3266.10M) | Time:00:09.04 | Mem:191.30M, Peak:191.30M | Scene, ViewLayer | Updating Mesh | Computing attributes
Fra:1 Mem:4026.27M (Peak 4026.27M) | Time:00:09.56 | Mem:191.34M, Peak:191.34M | Scene, ViewLayer | Updating Mesh | Copying Attributes to device
Fra:1 Mem:4025.33M (Peak 4026.27M) | Time:00:09.58 | Mem:950.52M, Peak:950.52M | Scene, ViewLayer | Updating Geometry BVH Plane.016 8/7 | Building BVH
Fra:1 Mem:4025.33M (Peak 4026.27M) | Time:00:09.59 | Mem:950.52M, Peak:950.52M | Scene, ViewLayer | Updating Geometry BVH mesh.001 2/7 | Building BVH
Fra:1 Mem:4025.33M (Peak 4026.27M) | Time:00:09.59 | Mem:950.52M, Peak:950.52M | Scene, ViewLayer | Updating Geometry BVH Plane.015 7/7 | Building BVH
Fra:1 Mem:4025.33M (Peak 4026.27M) | Time:00:09.59 | Mem:950.52M, Peak:950.52M | Scene, ViewLayer | Updating Geometry BVH pine_sapling_small_a 5/7 | Building BVH
Fra:1 Mem:4025.33M (Peak 4026.27M) | Time:00:09.59 | Mem:950.52M, Peak:950.52M | Scene, ViewLayer | Updating Geometry BVH island_trees_01_blockout_cleaned.002 3/7 | Building BVH
Fra:1 Mem:4025.33M (Peak 4026.27M) | Time:00:09.59 | Mem:1085.27M, Peak:1085.27M | Scene, ViewLayer | Updating Geometry BVH island_trees_01_blockout_cleaned.002 3/7 | Building BVH 0%
Fra:1 Mem:4025.33M (Peak 4026.27M) | Time:00:09.84 | Mem:1271.82M, Peak:1271.82M | Scene, ViewLayer | Updating Geometry BVH island_trees_01_blockout_cleaned.002 3/7 | Building BVH 90%
Fra:1 Mem:4025.33M (Peak 4026.27M) | Time:00:09.89 | Mem:1250.20M, Peak:1299.82M | Scene, ViewLayer | Updating Scene BVH | Building
Fra:1 Mem:4025.44M (Peak 4026.27M) | Time:00:09.89 | Mem:1250.20M, Peak:1299.82M | Scene, ViewLayer | Updating Scene BVH | Building BVH
Fra:1 Mem:4025.44M (Peak 4026.27M) | Time:00:10.09 | Mem:1447.90M, Peak:1447.90M | Scene, ViewLayer | Updating Scene BVH | Building BVH 2%
Fra:1 Mem:4025.44M (Peak 4026.27M) | Time:00:10.34 | Mem:1657.90M, Peak:1657.90M | Scene, ViewLayer | Updating Scene BVH | Building BVH 59%
Fra:1 Mem:4025.44M (Peak 4026.27M) | Time:00:10.52 | Mem:1636.57M, Peak:1815.90M | Scene, ViewLayer | Updating Scene BVH | Copying BVH to device
Fra:1 Mem:4025.44M (Peak 4026.27M) | Time:00:10.52 | Mem:1636.57M, Peak:1815.90M | Scene, ViewLayer | Updating Mesh | Computing normals
Fra:1 Mem:4374.71M (Peak 4374.71M) | Time:00:10.90 | Mem:1636.57M, Peak:1815.90M | Scene, ViewLayer | Updating Mesh | Copying Mesh to device
Fra:1 Mem:4374.71M (Peak 4374.71M) | Time:00:10.90 | Mem:1985.83M, Peak:1985.83M | Scene, ViewLayer | Updating Objects Flags
Fra:1 Mem:4374.71M (Peak 4374.71M) | Time:00:10.90 | Mem:1985.95M, Peak:1985.95M | Scene, ViewLayer | Updating Primitive Offsets
Fra:1 Mem:4374.76M (Peak 4374.76M) | Time:00:10.90 | Mem:1986.00M, Peak:1986.00M | Scene, ViewLayer | Updating Images
Fra:1 Mem:4362.76M (Peak 4374.76M) | Time:00:10.91 | Mem:1974.00M, Peak:1986.00M | Scene, ViewLayer | Updating Camera Volume
Fra:1 Mem:4362.76M (Peak 4374.76M) | Time:00:10.91 | Mem:1974.00M, Peak:1986.00M | Scene, ViewLayer | Updating Lookup Tables
Fra:1 Mem:4362.76M (Peak 4374.76M) | Time:00:10.91 | Mem:1974.08M, Peak:1986.00M | Scene, ViewLayer | Updating Lights
Fra:1 Mem:4362.76M (Peak 4374.76M) | Time:00:10.91 | Mem:1974.08M, Peak:1986.00M | Scene, ViewLayer | Updating Lights | Importance map
Fra:1 Mem:4426.80M (Peak 4714.76M) | Time:00:11.38 | Mem:2038.13M, Peak:2198.09M | Scene, ViewLayer | Updating Lights | Computing tree
Fra:1 Mem:4426.91M (Peak 4714.76M) | Time:00:11.38 | Mem:2038.24M, Peak:2198.09M | Scene, ViewLayer | Updating Integrator
Fra:1 Mem:4426.91M (Peak 4714.76M) | Time:00:11.38 | Mem:2038.24M, Peak:2198.09M | Scene, ViewLayer | Updating Film
Fra:1 Mem:4426.91M (Peak 4714.76M) | Time:00:11.38 | Mem:2038.16M, Peak:2198.09M | Scene, ViewLayer | Updating Lookup Tables
Fra:1 Mem:4426.91M (Peak 4714.76M) | Time:00:11.38 | Mem:2038.24M, Peak:2198.09M | Scene, ViewLayer | Updating Baking
Fra:1 Mem:4426.91M (Peak 4714.76M) | Time:00:11.38 | Mem:2038.24M, Peak:2198.09M | Scene, ViewLayer | Updating Device | Writing constant memory
Fra:1 Mem:4427.14M (Peak 4714.76M) | Time:00:11.39 | Mem:2038.24M, Peak:2198.09M | Scene, ViewLayer | Loading denoising kernels (may take a few minutes the first time)
Fra:1 Mem:4427.14M (Peak 4714.76M) | Time:00:11.39 | Mem:2038.24M, Peak:2198.09M | Scene, ViewLayer | Sample 0/16
Fra:1 Mem:4731.23M (Peak 4731.23M) | Time:00:18.90 | Remaining:01:52.70 | Mem:2342.24M, Peak:2342.24M | Scene, ViewLayer | Sample 1/16
Fra:1 Mem:4731.23M (Peak 4731.23M) | Time:00:41.12 | Remaining:01:05.41 | Mem:2342.24M, Peak:2342.24M | Scene, ViewLayer | Sample 5/16
Fra:1 Mem:4731.23M (Peak 4731.23M) | Time:01:03.97 | Remaining:00:40.90 | Mem:2342.24M, Peak:2342.24M | Scene, ViewLayer | Sample 9/16
Fra:1 Mem:4731.23M (Peak 4731.23M) | Time:01:31.32 | Remaining:00:18.44 | Mem:2342.24M, Peak:2342.24M | Scene, ViewLayer | Sample 13/16
Fra:1 Mem:4859.23M (Peak 5051.24M) | Time:02:13.21 | Mem:2342.24M, Peak:2342.24M | Scene, ViewLayer | Sample 16/16
Fra:1 Mem:4859.23M (Peak 5051.24M) | Time:02:13.22 | Mem:2342.24M, Peak:2342.24M | Scene, ViewLayer | Finished
Saved: 'D:\Users\Lenovo\Desktop\大观园\assets\processed\landscape-r15\light.next.png'
Time: 02:14.19 (Saving: 00:00.42)

OSError: [Errno 28] No space left on device

During handling of the above exception, another exception occurred:

Traceback (most recent call last):
  File "D:\Users\Lenovo\Desktop\大观园\blender\bake_landscape_light.py", line 61, in <module>
    (folder/'manifest.json').write_text(json.dumps(record,ensure_ascii=False,indent=2),encoding='utf-8')
  File "D:\Users\Lenovo\Desktop\大观园\.tools\blender-4.5.9-windows-x64\4.5\python\Lib\pathlib.py", line 1078, in write_text
    with self.open(mode='w', encoding=encoding, errors=errors, newline=newline) as f:
OSError: [Errno 28] No space left on device

Error: script failed, file: 'blender/bake_landscape_light.py', exiting.

Blender quit
file:///D:/Users/Lenovo/Desktop/%E5%A4%A7%E8%A7%82%E5%9B%AD/scripts/pipeline.mjs:12
const run=(cmd,args)=>{const r=spawnSync(cmd,args,{stdio:'inherit',shell:false});if(r.status!==0)throw new Error(`${cmd} exited ${r.status}`)};
                                                                                                       ^

Error: D:\Users\Lenovo\Desktop\大观园\.tools\blender-4.5.9-windows-x64\blender.exe exited 1
    at run (file:///D:/Users/Lenovo/Desktop/%E5%A4%A7%E8%A7%82%E5%9B%AD/scripts/pipeline.mjs:12:104)
    at file:///D:/Users/Lenovo/Desktop/%E5%A4%A7%E8%A7%82%E5%9B%AD/scripts/pipeline.mjs:20:2
    at ModuleJob.run (node:internal/modules/esm/module_job:413:25)
    at async onImport.tracePromise.__proto__ (node:internal/modules/esm/loader:660:26)
    at async asyncRunEntryPointWithESMLoader (node:internal/modules/run_main:101:5)

Node.js v24.12.0
