
> daguanyuan-rumeng@1.0.0 models:urban
> node scripts/pipeline.mjs models-urban

INFO Draco mesh compression is available, use library at /Users/ustinian/code/daguanyuan/.tools/blender-4.5.9/Blender.app/Contents/Resources/4.5/scripts/addons_core/io_scene_gltf2/libextern_draco.dylib
11:39:06 | INFO: Starting glTF 2.0 export
11:39:06 | INFO: Extracting primitive: landscape_earth.003
11:39:06 | INFO: Primitives created: 1
11:39:06 | INFO: Finished glTF 2.0 export in 0.23354816436767578 s

11:39:06 | INFO: Starting glTF 2.0 export
11:39:07 | INFO: Extracting primitive: Urban_hall_stone.001
11:39:07 | INFO: Primitives created: 1
11:39:07 | INFO: Extracting primitive: Urban_hall_plaster.001
11:39:07 | INFO: Primitives created: 1
11:39:07 | INFO: Extracting primitive: Urban_hall_redwood
11:39:07 | INFO: Primitives created: 1
11:39:07 | INFO: Extracting primitive: Urban_hall_paper.001
11:39:07 | INFO: Primitives created: 1
11:39:07 | INFO: Extracting primitive: Urban_hall_mineral
11:39:07 | INFO: Primitives created: 1
11:39:07 | INFO: Extracting primitive: Urban_hall_roof.001
11:39:07 | INFO: Primitives created: 1
11:39:07 | INFO: Extracting primitive: Urban_hall_tile.001
11:39:07 | INFO: Primitives created: 1
11:39:07 | INFO: Extracting primitive: Urban_house_stone
11:39:07 | INFO: Primitives created: 1
11:39:07 | INFO: Extracting primitive: Urban_house_plaster
11:39:07 | INFO: Primitives created: 1
11:39:07 | INFO: Extracting primitive: Urban_house_wood
11:39:07 | INFO: Primitives created: 1
11:39:07 | INFO: Extracting primitive: Urban_house_paper
11:39:07 | INFO: Primitives created: 1
11:39:07 | INFO: Extracting primitive: Urban_house_roof
11:39:07 | INFO: Primitives created: 1
11:39:07 | INFO: Extracting primitive: Urban_house_brick
11:39:07 | INFO: Primitives created: 1
11:39:07 | INFO: Extracting primitive: Urban_house_tile
11:39:07 | INFO: Primitives created: 1
11:39:07 | INFO: Extracting primitive: Urban_annex_stone
11:39:07 | INFO: Primitives created: 1
11:39:07 | INFO: Extracting primitive: Urban_annex_brick
11:39:07 | INFO: Primitives created: 1
11:39:07 | INFO: Extracting primitive: Urban_annex_wood
11:39:07 | INFO: Primitives created: 1
11:39:07 | INFO: Extracting primitive: Urban_annex_paper
11:39:07 | INFO: Primitives created: 1
11:39:07 | INFO: Extracting primitive: Urban_annex_warmroof
11:39:07 | INFO: Primitives created: 1
11:39:07 | INFO: Extracting primitive: Urban_annex_tile
11:39:07 | INFO: Primitives created: 1
11:39:07 | INFO: Extracting primitive: Urban_range_stone
11:39:07 | INFO: Primitives created: 1
11:39:07 | INFO: Extracting primitive: Urban_range_plaster
11:39:07 | INFO: Primitives created: 1
11:39:07 | INFO: Extracting primitive: Urban_range_wood
11:39:07 | INFO: Primitives created: 1
11:39:07 | INFO: Extracting primitive: Urban_range_paper
11:39:07 | INFO: Primitives created: 1
11:39:07 | INFO: Extracting primitive: Urban_range_slateroof
11:39:07 | INFO: Primitives created: 1
11:39:07 | INFO: Extracting primitive: Urban_range_brick
11:39:07 | INFO: Primitives created: 1
11:39:07 | INFO: Extracting primitive: Urban_range_tile
11:39:07 | INFO: Primitives created: 1
11:39:07 | INFO: Extracting primitive: Urban_gallery_stone.001
11:39:07 | INFO: Primitives created: 1
11:39:07 | INFO: Extracting primitive: Urban_gallery_redwood
11:39:07 | INFO: Primitives created: 1
11:39:07 | INFO: Extracting primitive: Urban_gallery_roof.001
11:39:07 | INFO: Primitives created: 1
11:39:07 | INFO: Extracting primitive: Urban_gallery_tile.001
11:39:07 | INFO: Primitives created: 1
11:39:07 | INFO: Extracting primitive: Urban_gate_stone.001
11:39:07 | INFO: Primitives created: 1
11:39:07 | INFO: Extracting primitive: Urban_gate_redwood
11:39:07 | INFO: Primitives created: 1
11:39:07 | INFO: Extracting primitive: Urban_gate_mineral
11:39:07 | INFO: Primitives created: 1
11:39:07 | INFO: Extracting primitive: Urban_gate_roof.001
11:39:07 | INFO: Primitives created: 1
11:39:07 | INFO: Extracting primitive: Urban_gate_tile.001
11:39:07 | INFO: Primitives created: 1
11:39:07 | INFO: Extracting primitive: Urban_shop_stone
11:39:07 | INFO: Primitives created: 1
11:39:07 | INFO: Extracting primitive: Urban_shop_plaster
11:39:07 | INFO: Primitives created: 1
11:39:07 | INFO: Extracting primitive: Urban_shop_wood
11:39:07 | INFO: Primitives created: 1
11:39:07 | INFO: Extracting primitive: Urban_shop_paper
11:39:07 | INFO: Primitives created: 1
11:39:07 | INFO: Extracting primitive: Urban_shop_warmroof
11:39:07 | INFO: Primitives created: 1
11:39:07 | INFO: Extracting primitive: Urban_shop_brick
11:39:07 | INFO: Primitives created: 1
11:39:07 | INFO: Extracting primitive: Urban_shop_tile
11:39:07 | INFO: Primitives created: 1
11:39:07 | WARNING: Mesh Urban_shop_awning is not valid, and may be exported wrongly
11:39:07 | INFO: Extracting primitive: Urban_shop_awning
11:39:07 | INFO: Primitives created: 1
11:39:07 | INFO: Extracting primitive: Urban_shop_gold
11:39:07 | INFO: Primitives created: 1
11:39:07 | INFO: Extracting primitive: Urban_shop-upper_stone
11:39:07 | INFO: Primitives created: 1
11:39:07 | INFO: Extracting primitive: Urban_shop-upper_plaster
11:39:07 | INFO: Primitives created: 1
11:39:07 | INFO: Extracting primitive: Urban_shop-upper_wood
11:39:07 | INFO: Primitives created: 1
11:39:07 | INFO: Extracting primitive: Urban_shop-upper_paper
11:39:07 | INFO: Primitives created: 1
11:39:07 | INFO: Extracting primitive: Urban_shop-upper_slateroof
11:39:07 | INFO: Primitives created: 1
11:39:07 | INFO: Extracting primitive: Urban_shop-upper_brick
11:39:07 | INFO: Primitives created: 1
11:39:07 | INFO: Extracting primitive: Urban_shop-upper_tile
11:39:07 | INFO: Primitives created: 1
11:39:07 | WARNING: Mesh Urban_shop-upper_sagecloth is not valid, and may be exported wrongly
11:39:07 | INFO: Extracting primitive: Urban_shop-upper_sagecloth
11:39:07 | INFO: Primitives created: 1
11:39:07 | INFO: Extracting primitive: Urban_shop-upper_gold
11:39:07 | INFO: Primitives created: 1
11:39:07 | INFO: Extracting primitive: Urban_warehouse_stone
11:39:07 | INFO: Primitives created: 1
11:39:07 | INFO: Extracting primitive: Urban_warehouse_brick
11:39:07 | INFO: Primitives created: 1
11:39:07 | INFO: Extracting primitive: Urban_warehouse_wood
11:39:07 | INFO: Primitives created: 1
11:39:07 | INFO: Extracting primitive: Urban_warehouse_paper
11:39:07 | INFO: Primitives created: 1
11:39:07 | INFO: Extracting primitive: Urban_warehouse_slateroof
11:39:07 | INFO: Primitives created: 1
11:39:07 | INFO: Extracting primitive: Urban_warehouse_tile
11:39:07 | INFO: Primitives created: 1
11:39:07 | INFO: Extracting primitive: Urban_temple_stone
11:39:07 | INFO: Primitives created: 1
11:39:07 | INFO: Extracting primitive: Urban_temple_plaster
11:39:07 | INFO: Primitives created: 1
11:39:07 | INFO: Extracting primitive: Urban_temple_redwood
11:39:07 | INFO: Primitives created: 1
11:39:07 | INFO: Extracting primitive: Urban_temple_mineral
11:39:07 | INFO: Primitives created: 1
11:39:07 | INFO: Extracting primitive: Urban_temple_roof
11:39:07 | INFO: Primitives created: 1
11:39:07 | INFO: Extracting primitive: Urban_temple_tile
11:39:07 | INFO: Primitives created: 1
11:39:07 | INFO: Extracting primitive: Urban_temple_gold
11:39:07 | INFO: Primitives created: 1
11:39:07 | INFO: Extracting primitive: Urban_paifang_stone
11:39:07 | INFO: Primitives created: 1
11:39:07 | INFO: Extracting primitive: Urban_paifang_redwood
11:39:07 | INFO: Primitives created: 1
11:39:07 | INFO: Extracting primitive: Urban_paifang_mineral
11:39:07 | INFO: Primitives created: 1
11:39:07 | INFO: Extracting primitive: Urban_paifang_roof
11:39:07 | INFO: Primitives created: 1
11:39:07 | INFO: Extracting primitive: Urban_paifang_tile
11:39:07 | INFO: Primitives created: 1
11:39:07 | INFO: Extracting primitive: Urban_paifang_gold
11:39:07 | INFO: Primitives created: 1
11:39:07 | INFO: Extracting primitive: Urban_bell-pavilion_stone
11:39:07 | INFO: Primitives created: 1
11:39:07 | INFO: Extracting primitive: Urban_bell-pavilion_brick
11:39:07 | INFO: Primitives created: 1
11:39:07 | INFO: Extracting primitive: Urban_bell-pavilion_roof
11:39:07 | INFO: Primitives created: 1
11:39:07 | INFO: Extracting primitive: Urban_bell-pavilion_tile
11:39:07 | INFO: Primitives created: 1
11:39:07 | INFO: Extracting primitive: Urban_bell-pavilion_redwood
11:39:07 | INFO: Primitives created: 1
11:39:07 | INFO: Extracting primitive: Urban_bell-pavilion_mineral
11:39:07 | INFO: Primitives created: 1
11:39:07 | INFO: Extracting primitive: Urban_bell-pavilion_wood
11:39:07 | INFO: Primitives created: 1
11:39:07 | INFO: Extracting primitive: Urban_bell-pavilion_bronze
11:39:07 | INFO: Primitives created: 1
11:39:07 | INFO: Extracting primitive: Urban_well_stone
11:39:07 | INFO: Primitives created: 1
11:39:07 | INFO: Extracting primitive: Urban_well_water
11:39:07 | INFO: Primitives created: 1
11:39:07 | INFO: Extracting primitive: Urban_well_wood
11:39:07 | INFO: Primitives created: 1
11:39:07 | INFO: Extracting primitive: Urban_well_roof
11:39:07 | INFO: Primitives created: 1
11:39:07 | INFO: Extracting primitive: Urban_well_tile
11:39:07 | INFO: Primitives created: 1
11:39:07 | INFO: Extracting primitive: Urban_screen_stone
11:39:07 | INFO: Primitives created: 1
11:39:07 | INFO: Extracting primitive: Urban_screen_plaster
11:39:07 | INFO: Primitives created: 1
11:39:07 | INFO: Extracting primitive: Urban_screen_brick
11:39:07 | INFO: Primitives created: 1
11:39:07 | INFO: Extracting primitive: Urban_screen_roof
11:39:07 | INFO: Primitives created: 1
11:39:07 | INFO: Extracting primitive: Urban_screen_tile
11:39:07 | INFO: Primitives created: 1
11:39:07 | INFO: Extracting primitive: Urban_stall_wood
11:39:07 | INFO: Primitives created: 1
11:39:07 | WARNING: Mesh Urban_stall_awning is not valid, and may be exported wrongly
11:39:07 | INFO: Extracting primitive: Urban_stall_awning
11:39:07 | INFO: Primitives created: 1
11:39:07 | INFO: Extracting primitive: Urban_stall_gold
11:39:07 | INFO: Primitives created: 1
11:39:07 | INFO: Extracting primitive: Urban_cart_wood
11:39:07 | INFO: Primitives created: 1
11:39:07 | INFO: Extracting primitive: Urban_cart_stone
11:39:07 | INFO: Primitives created: 1
11:39:07 | INFO: Extracting primitive: Urban_cart_awning
11:39:07 | INFO: Primitives created: 1
11:39:07 | INFO: Extracting primitive: Urban_hitching_stone
11:39:07 | INFO: Primitives created: 1
11:39:07 | INFO: Extracting primitive: Urban_hitching_wood
11:39:07 | INFO: Primitives created: 1
11:39:07 | INFO: Extracting primitive: Urban_lane-gate_stone
11:39:07 | INFO: Primitives created: 1
11:39:07 | INFO: Extracting primitive: Urban_lane-gate_redwood
11:39:07 | INFO: Primitives created: 1
11:39:07 | INFO: Extracting primitive: Urban_lane-gate_mineral
11:39:07 | INFO: Primitives created: 1
11:39:07 | INFO: Extracting primitive: Urban_lane-gate_roof
11:39:07 | INFO: Primitives created: 1
11:39:07 | INFO: Extracting primitive: Urban_lane-gate_tile
11:39:07 | INFO: Primitives created: 1
11:39:07 | INFO: Extracting primitive: Urban_lane-gate_gold
11:39:07 | INFO: Primitives created: 1
11:39:07 | INFO: Extracting primitive: Urban_drain_stone
11:39:07 | INFO: Primitives created: 1
11:39:07 | INFO: Extracting primitive: Urban_drain_water
11:39:07 | INFO: Primitives created: 1
11:39:07 | INFO: Extracting primitive: Urban_slab-bridge_stone
11:39:07 | INFO: Primitives created: 1
11:39:07 | INFO: Extracting primitive: Urban_wall_plaster.001
11:39:07 | INFO: Primitives created: 1
11:39:07 | INFO: Extracting primitive: Urban_wall_stone.001
11:39:07 | INFO: Primitives created: 1
11:39:07 | INFO: Extracting primitive: Urban_wall_roof.001
11:39:07 | INFO: Primitives created: 1
11:39:07 | INFO: Extracting primitive: Urban_paving_paving.001
11:39:07 | INFO: Primitives created: 1
11:39:07 | INFO: Extracting primitive: Urban_court-paving_courtstone
11:39:07 | INFO: Primitives created: 1
11:39:07 | INFO: Extracting primitive: Urban_tree_wood.001
11:39:07 | INFO: Primitives created: 1
11:39:07 | INFO: Extracting primitive: Urban_tree_lightleaf.001
11:39:07 | INFO: Primitives created: 1
11:39:07 | INFO: Extracting primitive: Urban_tree_leaf.001
11:39:07 | INFO: Primitives created: 1
11:39:07 | WARNING: Mesh Urban_screen-bed_leaf is not valid, and may be exported wrongly
11:39:07 | INFO: Extracting primitive: Urban_screen-bed_leaf
11:39:07 | INFO: Primitives created: 1
11:39:07 | WARNING: Mesh Urban_screen-bed_lightleaf is not valid, and may be exported wrongly
11:39:07 | INFO: Extracting primitive: Urban_screen-bed_lightleaf
11:39:07 | INFO: Primitives created: 1
11:39:07 | INFO: Extracting primitive: Urban_screen-bed_mossstone
11:39:07 | INFO: Primitives created: 1
11:39:07 | INFO: Extracting primitive: Urban_screen-rock_mossstone
11:39:07 | INFO: Primitives created: 1
11:39:07 | INFO: Extracting primitive: Urban_screen-rock_moss
11:39:07 | INFO: Primitives created: 1
11:39:07 | INFO: Extracting primitive: Urban_bamboo-screen_bamboo
11:39:07 | INFO: Primitives created: 1
11:39:07 | WARNING: Mesh Urban_bamboo-screen_lightleaf is not valid, and may be exported wrongly
11:39:07 | INFO: Extracting primitive: Urban_bamboo-screen_lightleaf
11:39:07 | INFO: Primitives created: 1
11:39:07 | WARNING: Mesh Urban_bamboo-screen_leaf is not valid, and may be exported wrongly
11:39:07 | INFO: Extracting primitive: Urban_bamboo-screen_leaf
11:39:07 | INFO: Primitives created: 1
11:39:07 | INFO: Finished glTF 2.0 export in 0.2747478485107422 s

Info: Saved as "daguanyuan_master.blend"
MANIFEST PUBLISHED spatial-garden-20260918-r22 432 actual master tree transforms
URBAN CONTEXT {'revision': 'r22', 'courts': 342, 'instances': 5412, 'boundaryTrees': 72, 'retiredOutsideTrees': ['LivingTree_SW_0342_chinese-pine', 'LivingTree_SW_0343_chinese-pine', 'LivingTree_SW_0344_scholar-tree', 'LivingTree_SW_0345_scholar-tree', 'LivingTree_SW_0346_chinese-pine', 'LivingTree_SW_0347_white-blossom', 'LivingTree_SW_0348_white-blossom', 'LivingTree_SW_0349_scholar-tree', 'LivingTree_SW_0350_scholar-tree', 'LivingTree_SW_0351_white-blossom', 'LivingTree_SW_0352_scholar-tree', 'LivingTree_SW_0353_scholar-tree', 'LivingTree_SW_0354_scholar-tree', 'LivingTree_SW_0355_chinese-pine', 'LivingTree_SW_0356_scholar-tree', 'LivingTree_SW_0357_white-blossom', 'LivingTree_SW_0358_chinese-pine', 'LivingTree_SW_0359_chinese-pine', 'LivingTree_SW_0360_chinese-pine'], 'originalEarthArchived': 'landscape_earth.001', 'clippedEarthVertices': 7445, 'planChecks': {'courts': 342, 'buildings': 2775, 'instances': 5284, 'distinctWidths': 70, 'distinctDepths': 72, 'roofOverlaps': 0, 'composition': {'plotTypes': {'mansion': 19, 'scholars': 33, 'service': 70, 'office': 1, 'temple': 1, 'shop-court': 19, 'inn': 25, 'enclosed': 94, 'side-entry': 63, 'storehouse': 17}, 'kinds': {'court-paving': 342, 'wall': 1619, 'gate': 323, 'hall': 98, 'annex': 1069, 'house': 864, 'gallery': 28, 'tree': 292, 'screen': 53, 'range': 229, 'shop-upper': 36, 'paifang': 5, 'hitching': 39, 'temple': 1, 'bell-pavilion': 2, 'shop': 92, 'stall': 61, 'well': 49, 'cart': 37, 'warehouse': 35, 'lane-gate': 4, 'drain': 2, 'slab-bridge': 4}}}, 'masterSha256': '3c829536ae41f0be70f815b032cece9f67b60b2f8b93f32275abed62790333b3'}
Blender 4.5.9 LTS (hash 8bf95cbd38d1 built 2026-04-21 01:30:46)
Read blend: "/Users/ustinian/code/daguanyuan/blender/daguanyuan_master.blend"

Blender quit
prune: Removed types... Mesh (1), Primitive (1), TextureInfo (5), Material (1), Texture (1), Accessor (4)
Replaced only the outer ground: public/models/overview.glb
prune: Removed types... Mesh (1), Primitive (1), TextureInfo (5), Material (1), Texture (1), Accessor (4)
Replaced only the outer ground: public/models/overview-low.glb
Blender 4.5.9 LTS (hash 8bf95cbd38d1 built 2026-04-21 01:30:46)
Read blend: "/Users/ustinian/code/daguanyuan/blender/daguanyuan_master.blend"
Fra:1 Mem:2357.56M (Peak 2483.22M) | Time:00:00.80 | Mem:0.00M, Peak:0.00M | Scene, ViewLayer | Synchronizing object | daguanyuan_gate_stone.001
Fra:1 Mem:2357.56M (Peak 2483.22M) | Time:00:00.80 | Mem:0.00M, Peak:0.00M | Scene, ViewLayer | Synchronizing object | daguanyuan_gate_cutstone
Fra:1 Mem:2357.56M (Peak 2483.22M) | Time:00:00.80 | Mem:0.00M, Peak:0.00M | Scene, ViewLayer | Synchronizing object | daguanyuan_gate_wood.001
Fra:1 Mem:2357.66M (Peak 2483.22M) | Time:00:00.80 | Mem:0.00M, Peak:0.00M | Scene, ViewLayer | Synchronizing object | daguanyuan_gate_furniture
Fra:1 Mem:2358.07M (Peak 2483.22M) | Time:00:00.80 | Mem:0.00M, Peak:0.00M | Scene, ViewLayer | Synchronizing object | daguanyuan_gate_screen
Fra:1 Mem:2358.49M (Peak 2483.22M) | Time:00:00.80 | Mem:0.00M, Peak:0.00M | Scene, ViewLayer | Synchronizing object | daguanyuan_gate_roof.001
Fra:1 Mem:2359.38M (Peak 2483.22M) | Time:00:00.80 | Mem:0.00M, Peak:0.00M | Scene, ViewLayer | Synchronizing object | daguanyuan_gate_tilelight.001
Fra:1 Mem:2359.74M (Peak 2483.22M) | Time:00:00.80 | Mem:0.00M, Peak:0.00M | Scene, ViewLayer | Synchronizing object | daguanyuan_gate_tile.001
Fra:1 Mem:2360.18M (Peak 2483.22M) | Time:00:00.80 | Mem:0.00M, Peak:0.00M | Scene, ViewLayer | Synchronizing object | daguanyuan_gate_tiledark.001
Fra:1 Mem:2361.43M (Peak 2483.22M) | Time:00:00.80 | Mem:0.00M, Peak:0.00M | Scene, ViewLayer | Synchronizing object | daguanyuan_gate_limestone.001
Fra:1 Mem:2361.79M (Peak 2483.22M) | Time:00:00.80 | Mem:0.00M, Peak:0.00M | Scene, ViewLayer | Synchronizing object | r15_daguanyuan_gate_enclosure_wall
Fra:1 Mem:2364.86M (Peak 2483.22M) | Time:00:00.80 | Mem:0.00M, Peak:0.00M | Scene, ViewLayer | Synchronizing object | r15_daguanyuan_gate_enclosure_paper
Fra:1 Mem:2365.72M (Peak 2483.22M) | Time:00:00.80 | Mem:0.00M, Peak:0.00M | Scene, ViewLayer | Synchronizing object | r15_daguanyuan_gate_enclosure_lacquer
Fra:1 Mem:2365.78M (Peak 2483.22M) | Time:00:00.80 | Mem:0.00M, Peak:0.00M | Scene, ViewLayer | Synchronizing object | qujingtongyou_gardenstone
Fra:1 Mem:2365.95M (Peak 2483.22M) | Time:00:00.80 | Mem:0.00M, Peak:0.00M | Scene, ViewLayer | Synchronizing object | qujingtongyou_limestone.001
Fra:1 Mem:2366.29M (Peak 2483.22M) | Time:00:00.80 | Mem:0.00M, Peak:0.00M | Scene, ViewLayer | Synchronizing object | qujingtongyou_bark
Fra:1 Mem:2366.51M (Peak 2483.22M) | Time:00:00.80 | Mem:0.00M, Peak:0.00M | Scene, ViewLayer | Synchronizing object | qujingtongyou_canopy_shadow
Fra:1 Mem:2367.44M (Peak 2483.22M) | Time:00:00.80 | Mem:0.00M, Peak:0.00M | Scene, ViewLayer | Synchronizing object | qujingtongyou_canopy
Fra:1 Mem:2368.49M (Peak 2483.22M) | Time:00:00.80 | Mem:0.00M, Peak:0.00M | Scene, ViewLayer | Synchronizing object | qujingtongyou_canopy_light
Fra:1 Mem:2368.84M (Peak 2483.22M) | Time:00:00.80 | Mem:0.00M, Peak:0.00M | Scene, ViewLayer | Synchronizing object | xiaoxiangguan_plaster
Fra:1 Mem:2369.82M (Peak 2483.22M) | Time:00:00.80 | Mem:0.00M, Peak:0.00M | Scene, ViewLayer | Synchronizing object | xiaoxiangguan_stone
Fra:1 Mem:2370.41M (Peak 2483.22M) | Time:00:00.80 | Mem:0.00M, Peak:0.00M | Scene, ViewLayer | Synchronizing object | xiaoxiangguan_tile
Fra:1 Mem:2370.49M (Peak 2483.22M) | Time:00:00.80 | Mem:0.00M, Peak:0.00M | Scene, ViewLayer | Synchronizing object | xiaoxiangguan_cutstone
Fra:1 Mem:2371.82M (Peak 2483.22M) | Time:00:00.80 | Mem:0.00M, Peak:0.00M | Scene, ViewLayer | Synchronizing object | xiaoxiangguan_darkwood
Fra:1 Mem:2372.11M (Peak 2483.22M) | Time:00:00.80 | Mem:0.00M, Peak:0.00M | Scene, ViewLayer | Synchronizing object | xiaoxiangguan_floorwood
Fra:1 Mem:2372.66M (Peak 2483.22M) | Time:00:00.80 | Mem:0.00M, Peak:0.00M | Scene, ViewLayer | Synchronizing object | xiaoxiangguan_wood
Fra:1 Mem:2375.32M (Peak 2483.22M) | Time:00:00.80 | Mem:0.00M, Peak:0.00M | Scene, ViewLayer | Synchronizing object | xiaoxiangguan_latticewood.001
Fra:1 Mem:2376.20M (Peak 2483.22M) | Time:00:00.80 | Mem:0.00M, Peak:0.00M | Scene, ViewLayer | Synchronizing object | xiaoxiangguan_tilelight.001
Fra:1 Mem:2376.24M (Peak 2483.22M) | Time:00:00.80 | Mem:0.00M, Peak:0.00M | Scene, ViewLayer | Synchronizing object | xiaoxiangguan_tiledark.001
Fra:1 Mem:2377.56M (Peak 2483.22M) | Time:00:00.80 | Mem:0.00M, Peak:0.00M | Scene, ViewLayer | Synchronizing object | xiaoxiangguan_paving.001
Fra:1 Mem:2378.49M (Peak 2483.22M) | Time:00:00.80 | Mem:0.00M, Peak:0.00M | Scene, ViewLayer | Synchronizing object | xiaoxiangguan_bookcloth.001
Fra:1 Mem:2380.23M (Peak 2483.22M) | Time:00:00.80 | Mem:0.00M, Peak:0.00M | Scene, ViewLayer | Synchronizing object | xiaoxiangguan_water.001
Fra:1 Mem:2380.60M (Peak 2483.22M) | Time:00:00.80 | Mem:0.00M, Peak:0.00M | Scene, ViewLayer | Synchronizing object | xiaoxiangguan_bankstone
Fra:1 Mem:2380.62M (Peak 2483.22M) | Time:00:00.80 | Mem:0.00M, Peak:0.00M | Scene, ViewLayer | Synchronizing object | xiaoxiangguan_furniture
Fra:1 Mem:2380.70M (Peak 2483.22M) | Time:00:00.80 | Mem:0.00M, Peak:0.00M | Scene, ViewLayer | Synchronizing object | xiaoxiangguan_paper
Fra:1 Mem:2380.91M (Peak 2483.22M) | Time:00:00.80 | Mem:0.00M, Peak:0.00M | Scene, ViewLayer | Synchronizing object | xiaoxiangguan_ivory.001
Fra:1 Mem:2381.42M (Peak 2483.22M) | Time:00:00.80 | Mem:0.00M, Peak:0.00M | Scene, ViewLayer | Synchronizing object | xiaoxiangguan_ink.001
Fra:1 Mem:2381.99M (Peak 2483.22M) | Time:00:00.80 | Mem:0.00M, Peak:0.00M | Scene, ViewLayer | Synchronizing object | xiaoxiangguan_bookcover.001
Fra:1 Mem:2382.85M (Peak 2483.22M) | Time:00:00.80 | Mem:0.00M, Peak:0.00M | Scene, ViewLayer | Synchronizing object | xiaoxiangguan_silk
Fra:1 Mem:2382.97M (Peak 2483.22M) | Time:00:00.80 | Mem:0.00M, Peak:0.00M | Scene, ViewLayer | Synchronizing object | xiaoxiangguan_lantern
Fra:1 Mem:2382.98M (Peak 2483.22M) | Time:00:00.80 | Mem:0.00M, Peak:0.00M | Scene, ViewLayer | Synchronizing object | xiaoxiangguan_focal_bark
Fra:1 Mem:2383.17M (Peak 2483.22M) | Time:00:00.80 | Mem:0.00M, Peak:0.00M | Scene, ViewLayer | Synchronizing object | xiaoxiangguan_focal_botanical_petal
Fra:1 Mem:2383.21M (Peak 2483.22M) | Time:00:00.80 | Mem:0.00M, Peak:0.00M | Scene, ViewLayer | Synchronizing object | xiaoxiangguan_focal_botanical_bamboo
Fra:1 Mem:2388.03M (Peak 2483.22M) | Time:00:00.80 | Mem:0.00M, Peak:0.00M | Scene, ViewLayer | Synchronizing object | xiaoxiangguan_focal_botanical_stem
Fra:1 Mem:2388.32M (Peak 2483.22M) | Time:00:00.80 | Mem:0.00M, Peak:0.00M | Scene, ViewLayer | Synchronizing object | xiaoxiangguan_focal_botanical_banana
Fra:1 Mem:2392.26M (Peak 2483.22M) | Time:00:00.80 | Mem:0.00M, Peak:0.00M | Scene, ViewLayer | Synchronizing object | xiaoxiangguan_focal_bamboo
Fra:1 Mem:2392.30M (Peak 2483.22M) | Time:00:00.80 | Mem:0.00M, Peak:0.00M | Scene, ViewLayer | Synchronizing object | xiaoxiangguan_focal_leaf
Fra:1 Mem:2396.67M (Peak 2483.22M) | Time:00:00.80 | Mem:0.00M, Peak:0.00M | Scene, ViewLayer | Synchronizing object | xiaoxiangguan_focal_leafdark
Fra:1 Mem:2396.75M (Peak 2483.22M) | Time:00:00.80 | Mem:0.00M, Peak:0.00M | Scene, ViewLayer | Synchronizing object | xiaoxiangguan_focal_botanical_litter
Fra:1 Mem:2398.47M (Peak 2483.22M) | Time:00:00.80 | Mem:0.00M, Peak:0.00M | Scene, ViewLayer | Synchronizing object | r15_xiaoxiangguan_enclosure_wall
Fra:1 Mem:2409.27M (Peak 2483.22M) | Time:00:00.80 | Mem:0.00M, Peak:0.00M | Scene, ViewLayer | Synchronizing object | r15_xiaoxiangguan_enclosure_paper
Fra:1 Mem:2411.53M (Peak 2483.22M) | Time:00:00.80 | Mem:0.00M, Peak:0.00M | Scene, ViewLayer | Synchronizing object | r15_xiaoxiangguan_enclosure_lacquer
Fra:1 Mem:2411.99M (Peak 2483.22M) | Time:00:00.80 | Mem:0.00M, Peak:0.00M | Scene, ViewLayer | Synchronizing object | r15_xiaoxiangguan_enclosure_ceiling
Fra:1 Mem:2412.00M (Peak 2483.22M) | Time:00:00.80 | Mem:0.00M, Peak:0.00M | Scene, ViewLayer | Synchronizing object | yihongyuan_plaster.001
Fra:1 Mem:2415.35M (Peak 2483.22M) | Time:00:00.80 | Mem:0.00M, Peak:0.00M | Scene, ViewLayer | Synchronizing object | yihongyuan_roof.001
Fra:1 Mem:2416.57M (Peak 2483.22M) | Time:00:00.80 | Mem:0.00M, Peak:0.00M | Scene, ViewLayer | Synchronizing object | yihongyuan_stone.001
Fra:1 Mem:2416.77M (Peak 2483.22M) | Time:00:00.80 | Mem:0.00M, Peak:0.00M | Scene, ViewLayer | Synchronizing object | yihongyuan_tile.001
Fra:1 Mem:2420.96M (Peak 2483.22M) | Time:00:00.80 | Mem:0.00M, Peak:0.00M | Scene, ViewLayer | Synchronizing object | yihongyuan_cutstone
Fra:1 Mem:2428.84M (Peak 2483.22M) | Time:00:00.80 | Mem:0.00M, Peak:0.00M | Scene, ViewLayer | Synchronizing object | yihongyuan_darkwood.001
Fra:1 Mem:2429.11M (Peak 2483.22M) | Time:00:00.80 | Mem:0.00M, Peak:0.00M | Scene, ViewLayer | Synchronizing object | yihongyuan_floorwood
Fra:1 Mem:2429.56M (Peak 2483.22M) | Time:00:00.80 | Mem:0.00M, Peak:0.00M | Scene, ViewLayer | Synchronizing object | yihongyuan_wood.001
Fra:1 Mem:2434.85M (Peak 2483.22M) | Time:00:00.80 | Mem:0.00M, Peak:0.00M | Scene, ViewLayer | Synchronizing object | yihongyuan_latticewood.001
Fra:1 Mem:2434.93M (Peak 2483.22M) | Time:00:00.80 | Mem:0.00M, Peak:0.00M | Scene, ViewLayer | Synchronizing object | yihongyuan_tilelight.001
Fra:1 Mem:2438.73M (Peak 2483.22M) | Time:00:00.80 | Mem:0.00M, Peak:0.00M | Scene, ViewLayer | Synchronizing object | yihongyuan_tiledark.001
Fra:1 Mem:2439.01M (Peak 2483.22M) | Time:00:00.80 | Mem:0.00M, Peak:0.00M | Scene, ViewLayer | Synchronizing object | yihongyuan_paving.001
Fra:1 Mem:2444.16M (Peak 2483.22M) | Time:00:00.80 | Mem:0.00M, Peak:0.00M | Scene, ViewLayer | Synchronizing object | yihongyuan_courtbase
Fra:1 Mem:2444.43M (Peak 2483.22M) | Time:00:00.80 | Mem:0.00M, Peak:0.00M | Scene, ViewLayer | Synchronizing object | yihongyuan_gardenstone
Fra:1 Mem:2445.82M (Peak 2483.22M) | Time:00:00.80 | Mem:0.00M, Peak:0.00M | Scene, ViewLayer | Synchronizing object | yihongyuan_limestone.001
Fra:1 Mem:2449.99M (Peak 2483.22M) | Time:00:00.80 | Mem:0.00M, Peak:0.00M | Scene, ViewLayer | Synchronizing object | Reviewed_Lake_Surface
Fra:1 Mem:2449.99M (Peak 2483.22M) | Time:00:00.80 | Mem:0.00M, Peak:0.00M | Scene, ViewLayer | Synchronizing object | yihongyuan_furniture
Fra:1 Mem:2450.43M (Peak 2483.22M) | Time:00:00.80 | Mem:0.00M, Peak:0.00M | Scene, ViewLayer | Synchronizing object | yihongyuan_paper.001
Fra:1 Mem:2450.55M (Peak 2483.22M) | Time:00:00.80 | Mem:0.00M, Peak:0.00M | Scene, ViewLayer | Synchronizing object | yihongyuan_bookcloth.001
Fra:1 Mem:2447.55M (Peak 2483.22M) | Time:00:00.80 | Mem:0.00M, Peak:0.00M | Scene, ViewLayer | Synchronizing object | yihongyuan_ivory.001
Fra:1 Mem:2447.57M (Peak 2483.22M) | Time:00:00.80 | Mem:0.00M, Peak:0.00M | Scene, ViewLayer | Synchronizing object | yihongyuan_ink.001
Fra:1 Mem:2447.60M (Peak 2483.22M) | Time:00:00.80 | Mem:0.00M, Peak:0.00M | Scene, ViewLayer | Synchronizing object | yihongyuan_bookcover.001
Fra:1 Mem:2447.60M (Peak 2483.22M) | Time:00:00.80 | Mem:0.00M, Peak:0.00M | Scene, ViewLayer | Synchronizing object | yihongyuan_ceramic.001
Fra:1 Mem:2447.63M (Peak 2483.22M) | Time:00:00.80 | Mem:0.00M, Peak:0.00M | Scene, ViewLayer | Synchronizing object | yihongyuan_gold
Fra:1 Mem:2447.63M (Peak 2483.22M) | Time:00:00.80 | Mem:0.00M, Peak:0.00M | Scene, ViewLayer | Synchronizing object | yihongyuan_focal_bark
Fra:1 Mem:2447.65M (Peak 2483.22M) | Time:00:00.80 | Mem:0.00M, Peak:0.00M | Scene, ViewLayer | Synchronizing object | yihongyuan_focal_botanical_petal
Fra:1 Mem:2447.81M (Peak 2483.22M) | Time:00:00.80 | Mem:0.00M, Peak:0.00M | Scene, ViewLayer | Synchronizing object | yihongyuan_focal_botanical_bamboo
Fra:1 Mem:2447.82M (Peak 2483.22M) | Time:00:00.80 | Mem:0.00M, Peak:0.00M | Scene, ViewLayer | Synchronizing object | yihongyuan_focal_botanical_stem
Fra:1 Mem:2448.58M (Peak 2483.22M) | Time:00:00.80 | Mem:0.00M, Peak:0.00M | Scene, ViewLayer | Synchronizing object | yihongyuan_focal_botanical_banana
Fra:1 Mem:2450.64M (Peak 2483.22M) | Time:00:00.80 | Mem:0.00M, Peak:0.00M | Scene, ViewLayer | Synchronizing object | yihongyuan_focal_bamboo
Fra:1 Mem:2456.98M (Peak 2483.22M) | Time:00:00.80 | Mem:0.00M, Peak:0.00M | Scene, ViewLayer | Synchronizing object | yihongyuan_focal_moss
Fra:1 Mem:2458.57M (Peak 2483.22M) | Time:00:00.80 | Mem:0.00M, Peak:0.00M | Scene, ViewLayer | Synchronizing object | yihongyuan_focal_leafdark
Fra:1 Mem:2460.44M (Peak 2483.22M) | Time:00:00.80 | Mem:0.00M, Peak:0.00M | Scene, ViewLayer | Synchronizing object | yihongyuan_focal_leaf
Fra:1 Mem:2460.53M (Peak 2483.22M) | Time:00:00.80 | Mem:0.00M, Peak:0.00M | Scene, ViewLayer | Synchronizing object | yihongyuan_focal_botanical_litter
Fra:1 Mem:2461.12M (Peak 2483.22M) | Time:00:00.80 | Mem:0.00M, Peak:0.00M | Scene, ViewLayer | Synchronizing object | r15_yihongyuan_enclosure_wall
Fra:1 Mem:2461.98M (Peak 2483.22M) | Time:00:00.80 | Mem:0.00M, Peak:0.00M | Scene, ViewLayer | Synchronizing object | r15_yihongyuan_enclosure_paper
Fra:1 Mem:2462.19M (Peak 2483.22M) | Time:00:00.80 | Mem:0.00M, Peak:0.00M | Scene, ViewLayer | Synchronizing object | r15_yihongyuan_enclosure_lacquer
Fra:1 Mem:2462.17M (Peak 2483.22M) | Time:00:00.80 | Mem:0.00M, Peak:0.00M | Scene, ViewLayer | Synchronizing object | r15_yihongyuan_enclosure_ceiling
Fra:1 Mem:2462.20M (Peak 2483.22M) | Time:00:00.80 | Mem:0.00M, Peak:0.00M | Scene, ViewLayer | Synchronizing object | hengwuyuan_plaster.001
Fra:1 Mem:2462.59M (Peak 2483.22M) | Time:00:00.80 | Mem:0.00M, Peak:0.00M | Scene, ViewLayer | Synchronizing object | hengwuyuan_roof.001
Fra:1 Mem:2462.97M (Peak 2483.22M) | Time:00:00.80 | Mem:0.00M, Peak:0.00M | Scene, ViewLayer | Synchronizing object | hengwuyuan_stone.001
Fra:1 Mem:2463.04M (Peak 2483.22M) | Time:00:00.80 | Mem:0.00M, Peak:0.00M | Scene, ViewLayer | Synchronizing object | hengwuyuan_tile.001
Fra:1 Mem:2463.20M (Peak 2483.22M) | Time:00:00.80 | Mem:0.00M, Peak:0.00M | Scene, ViewLayer | Synchronizing object | hengwuyuan_cutstone
Fra:1 Mem:2464.25M (Peak 2483.22M) | Time:00:00.80 | Mem:0.00M, Peak:0.00M | Scene, ViewLayer | Synchronizing object | hengwuyuan_darkwood.001
Fra:1 Mem:2464.96M (Peak 2483.22M) | Time:00:00.80 | Mem:0.00M, Peak:0.00M | Scene, ViewLayer | Synchronizing object | hengwuyuan_floorwood
Fra:1 Mem:2465.15M (Peak 2483.22M) | Time:00:00.80 | Mem:0.00M, Peak:0.00M | Scene, ViewLayer | Synchronizing object | hengwuyuan_wood.001
Fra:1 Mem:2467.20M (Peak 2483.22M) | Time:00:00.80 | Mem:0.00M, Peak:0.00M | Scene, ViewLayer | Synchronizing object | hengwuyuan_latticewood.001
Fra:1 Mem:2469.96M (Peak 2483.22M) | Time:00:00.80 | Mem:0.00M, Peak:0.00M | Scene, ViewLayer | Synchronizing object | hengwuyuan_tiledark.001
Fra:1 Mem:2470.34M (Peak 2483.22M) | Time:00:00.80 | Mem:0.00M, Peak:0.00M | Scene, ViewLayer | Synchronizing object | hengwuyuan_paving.001
Fra:1 Mem:2472.56M (Peak 2483.22M) | Time:00:00.80 | Mem:0.00M, Peak:0.00M | Scene, ViewLayer | Synchronizing object | hengwuyuan_gardenstone
Fra:1 Mem:2473.67M (Peak 2483.22M) | Time:00:00.80 | Mem:0.00M, Peak:0.00M | Scene, ViewLayer | Synchronizing object | hengwuyuan_limestone.001
Fra:1 Mem:2475.29M (Peak 2483.22M) | Time:00:00.80 | Mem:0.00M, Peak:0.00M | Scene, ViewLayer | Synchronizing object | hengwuyuan_courtbase
Fra:1 Mem:2475.41M (Peak 2483.22M) | Time:00:00.81 | Mem:0.00M, Peak:0.00M | Scene, ViewLayer | Synchronizing object | hengwuyuan_furniture
Fra:1 Mem:2476.47M (Peak 2483.22M) | Time:00:00.81 | Mem:0.00M, Peak:0.00M | Scene, ViewLayer | Synchronizing object | hengwuyuan_paper.001
Fra:1 Mem:2476.49M (Peak 2483.22M) | Time:00:00.81 | Mem:0.00M, Peak:0.00M | Scene, ViewLayer | Synchronizing object | hengwuyuan_bookcloth.001
Fra:1 Mem:2476.95M (Peak 2483.22M) | Time:00:00.81 | Mem:0.00M, Peak:0.00M | Scene, ViewLayer | Synchronizing object | hengwuyuan_ivory.001
Fra:1 Mem:2483.22M (Peak 2483.99M) | Time:00:00.81 | Mem:0.00M, Peak:0.00M | Scene, ViewLayer | Synchronizing object | hengwuyuan_ink.001
Fra:1 Mem:2483.23M (Peak 2483.99M) | Time:00:00.81 | Mem:0.00M, Peak:0.00M | Scene, ViewLayer | Synchronizing object | hengwuyuan_bookcover.001
Fra:1 Mem:2483.26M (Peak 2483.99M) | Time:00:00.81 | Mem:0.00M, Peak:0.00M | Scene, ViewLayer | Synchronizing object | hengwuyuan_ceramic.001
Fra:1 Mem:2483.29M (Peak 2483.99M) | Time:00:00.81 | Mem:0.00M, Peak:0.00M | Scene, ViewLayer | Synchronizing object | hengwuyuan_gold
Fra:1 Mem:2483.33M (Peak 2483.99M) | Time:00:00.81 | Mem:0.00M, Peak:0.00M | Scene, ViewLayer | Synchronizing object | hengwuyuan_clay.001
Fra:1 Mem:2483.33M (Peak 2483.99M) | Time:00:00.81 | Mem:0.00M, Peak:0.00M | Scene, ViewLayer | Synchronizing object | hengwuyuan_screen.001
Fra:1 Mem:2483.34M (Peak 2483.99M) | Time:00:00.81 | Mem:0.00M, Peak:0.00M | Scene, ViewLayer | Synchronizing object | hengwuyuan_lantern
Fra:1 Mem:2483.36M (Peak 2483.99M) | Time:00:00.81 | Mem:0.00M, Peak:0.00M | Scene, ViewLayer | Synchronizing object | hengwuyuan_focal_bamboo
Fra:1 Mem:2484.31M (Peak 2484.31M) | Time:00:00.81 | Mem:0.00M, Peak:0.00M | Scene, ViewLayer | Synchronizing object | hengwuyuan_focal_leafdark
Fra:1 Mem:2484.54M (Peak 2484.54M) | Time:00:00.81 | Mem:0.00M, Peak:0.00M | Scene, ViewLayer | Synchronizing object | hengwuyuan_focal_bark
Fra:1 Mem:2487.91M (Peak 2487.91M) | Time:00:00.81 | Mem:0.00M, Peak:0.00M | Scene, ViewLayer | Synchronizing object | hengwuyuan_focal_moss
Fra:1 Mem:2489.35M (Peak 2489.35M) | Time:00:00.81 | Mem:0.00M, Peak:0.00M | Scene, ViewLayer | Synchronizing object | hengwuyuan_focal_botanical_stem.001
Fra:1 Mem:2491.44M (Peak 2491.44M) | Time:00:00.81 | Mem:0.00M, Peak:0.00M | Scene, ViewLayer | Synchronizing object | hengwuyuan_focal_botanical_bamboo
Fra:1 Mem:2490.54M (Peak 2491.44M) | Time:00:00.81 | Mem:0.00M, Peak:0.00M | Scene, ViewLayer | Synchronizing object | hengwuyuan_focal_botanical_litter
Fra:1 Mem:2491.73M (Peak 2491.73M) | Time:00:00.81 | Mem:0.00M, Peak:0.00M | Scene, ViewLayer | Synchronizing object | r15_hengwuyuan_enclosure_wall
Fra:1 Mem:2492.83M (Peak 2492.83M) | Time:00:00.81 | Mem:0.00M, Peak:0.00M | Scene, ViewLayer | Synchronizing object | r15_hengwuyuan_enclosure_paper
Fra:1 Mem:2493.18M (Peak 2493.18M) | Time:00:00.81 | Mem:0.00M, Peak:0.00M | Scene, ViewLayer | Synchronizing object | r15_hengwuyuan_enclosure_lacquer
Fra:1 Mem:2494.03M (Peak 2494.03M) | Time:00:00.81 | Mem:0.00M, Peak:0.00M | Scene, ViewLayer | Synchronizing object | r15_hengwuyuan_enclosure_ceiling
Fra:1 Mem:2494.04M (Peak 2494.04M) | Time:00:00.81 | Mem:0.00M, Peak:0.00M | Scene, ViewLayer | Synchronizing object | qiushuangzhai_plaster.001
Fra:1 Mem:2494.10M (Peak 2494.10M) | Time:00:00.81 | Mem:0.00M, Peak:0.00M | Scene, ViewLayer | Synchronizing object | qiushuangzhai_roof.001
Fra:1 Mem:2494.17M (Peak 2494.17M) | Time:00:00.81 | Mem:0.00M, Peak:0.00M | Scene, ViewLayer | Synchronizing object | qiushuangzhai_stone.001
Fra:1 Mem:2494.52M (Peak 2494.52M) | Time:00:00.81 | Mem:0.00M, Peak:0.00M | Scene, ViewLayer | Synchronizing object | qiushuangzhai_tile.001
Fra:1 Mem:2494.50M (Peak 2494.52M) | Time:00:00.81 | Mem:0.00M, Peak:0.00M | Scene, ViewLayer | Synchronizing object | qiushuangzhai_cutstone
Fra:1 Mem:2495.05M (Peak 2495.05M) | Time:00:00.81 | Mem:0.00M, Peak:0.00M | Scene, ViewLayer | Synchronizing object | qiushuangzhai_darkwood.001
Fra:1 Mem:2499.18M (Peak 2499.18M) | Time:00:00.81 | Mem:0.00M, Peak:0.00M | Scene, ViewLayer | Synchronizing object | qiushuangzhai_floorwood
Fra:1 Mem:2501.34M (Peak 2501.34M) | Time:00:00.81 | Mem:0.00M, Peak:0.00M | Scene, ViewLayer | Synchronizing object | qiushuangzhai_wood.001
Fra:1 Mem:2504.65M (Peak 2504.65M) | Time:00:00.81 | Mem:0.00M, Peak:0.00M | Scene, ViewLayer | Synchronizing object | qiushuangzhai_furniture
Fra:1 Mem:2504.90M (Peak 2504.90M) | Time:00:00.81 | Mem:0.00M, Peak:0.00M | Scene, ViewLayer | Synchronizing object | qiushuangzhai_screen
Fra:1 Mem:2503.28M (Peak 2508.08M) | Time:00:00.81 | Mem:0.00M, Peak:0.00M | Scene, ViewLayer | Synchronizing object | qiushuangzhai_tilelight.001
Fra:1 Mem:2503.28M (Peak 2508.08M) | Time:00:00.81 | Mem:0.00M, Peak:0.00M | Scene, ViewLayer | Synchronizing object | qiushuangzhai_tiledark.001
Fra:1 Mem:2503.69M (Peak 2508.08M) | Time:00:00.81 | Mem:0.00M, Peak:0.00M | Scene, ViewLayer | Synchronizing object | qiushuangzhai_courtbase
Fra:1 Mem:2504.07M (Peak 2508.08M) | Time:00:00.81 | Mem:0.00M, Peak:0.00M | Scene, ViewLayer | Synchronizing object | qiushuangzhai_paving.001
Fra:1 Mem:2504.22M (Peak 2508.08M) | Time:00:00.81 | Mem:0.00M, Peak:0.00M | Scene, ViewLayer | Synchronizing object | qiushuangzhai_marble.001
Fra:1 Mem:2504.35M (Peak 2508.08M) | Time:00:00.81 | Mem:0.00M, Peak:0.00M | Scene, ViewLayer | Synchronizing object | qiushuangzhai_paper.001
Fra:1 Mem:2504.80M (Peak 2508.08M) | Time:00:00.81 | Mem:0.00M, Peak:0.00M | Scene, ViewLayer | Synchronizing object | qiushuangzhai_bookcloth.001
Fra:1 Mem:2505.09M (Peak 2508.08M) | Time:00:00.81 | Mem:0.00M, Peak:0.00M | Scene, ViewLayer | Synchronizing object | qiushuangzhai_ivory.001
Fra:1 Mem:2505.37M (Peak 2508.08M) | Time:00:00.81 | Mem:0.00M, Peak:0.00M | Scene, ViewLayer | Synchronizing object | qiushuangzhai_ink.001
Fra:1 Mem:2505.40M (Peak 2508.08M) | Time:00:00.81 | Mem:0.00M, Peak:0.00M | Scene, ViewLayer | Synchronizing object | qiushuangzhai_gold
Fra:1 Mem:2505.50M (Peak 2508.08M) | Time:00:00.81 | Mem:0.00M, Peak:0.00M | Scene, ViewLayer | Synchronizing object | qiushuangzhai_silk.001
Fra:1 Mem:2505.62M (Peak 2508.08M) | Time:00:00.81 | Mem:0.00M, Peak:0.00M | Scene, ViewLayer | Synchronizing object | qiushuangzhai_lantern
Fra:1 Mem:2505.76M (Peak 2508.08M) | Time:00:00.81 | Mem:0.00M, Peak:0.00M | Scene, ViewLayer | Synchronizing object | qiushuangzhai_focal_bamboo
Fra:1 Mem:2506.61M (Peak 2508.08M) | Time:00:00.81 | Mem:0.00M, Peak:0.00M | Scene, ViewLayer | Synchronizing object | qiushuangzhai_focal_leafdark
Fra:1 Mem:2506.63M (Peak 2508.08M) | Time:00:00.81 | Mem:0.00M, Peak:0.00M | Scene, ViewLayer | Synchronizing object | qiushuangzhai_focal_creamflower
Fra:1 Mem:2507.65M (Peak 2508.08M) | Time:00:00.81 | Mem:0.00M, Peak:0.00M | Scene, ViewLayer | Synchronizing object | qiushuangzhai_focal_moss
Fra:1 Mem:2507.91M (Peak 2508.08M) | Time:00:00.81 | Mem:0.00M, Peak:0.00M | Scene, ViewLayer | Synchronizing object | qiushuangzhai_focal_bark
Fra:1 Mem:2508.68M (Peak 2508.68M) | Time:00:00.81 | Mem:0.00M, Peak:0.00M | Scene, ViewLayer | Synchronizing object | qiushuangzhai_focal_leaf
Fra:1 Mem:2510.58M (Peak 2510.58M) | Time:00:00.81 | Mem:0.00M, Peak:0.00M | Scene, ViewLayer | Synchronizing object | qiushuangzhai_focal_botanical_stem.001
Fra:1 Mem:2511.69M (Peak 2511.69M) | Time:00:00.81 | Mem:0.00M, Peak:0.00M | Scene, ViewLayer | Synchronizing object | qiushuangzhai_focal_botanical_bamboo
Fra:1 Mem:2511.71M (Peak 2511.71M) | Time:00:00.81 | Mem:0.00M, Peak:0.00M | Scene, ViewLayer | Synchronizing object | qiushuangzhai_focal_botanical_litter
Fra:1 Mem:2513.36M (Peak 2513.36M) | Time:00:00.81 | Mem:0.00M, Peak:0.00M | Scene, ViewLayer | Synchronizing object | r15_qiushuangzhai_enclosure_wall
Fra:1 Mem:2513.37M (Peak 2513.37M) | Time:00:00.81 | Mem:0.00M, Peak:0.00M | Scene, ViewLayer | Synchronizing object | r15_qiushuangzhai_enclosure_paper
Fra:1 Mem:2514.22M (Peak 2514.22M) | Time:00:00.81 | Mem:0.00M, Peak:0.00M | Scene, ViewLayer | Synchronizing object | r15_qiushuangzhai_enclosure_lacquer
Fra:1 Mem:2514.66M (Peak 2514.66M) | Time:00:00.81 | Mem:0.00M, Peak:0.00M | Scene, ViewLayer | Synchronizing object | r15_qiushuangzhai_enclosure_ceiling
Fra:1 Mem:2515.15M (Peak 2515.15M) | Time:00:00.81 | Mem:0.00M, Peak:0.00M | Scene, ViewLayer | Synchronizing object | daoxiangcun_stone.001
Fra:1 Mem:2515.49M (Peak 2515.49M) | Time:00:00.81 | Mem:0.00M, Peak:0.00M | Scene, ViewLayer | Synchronizing object | daoxiangcun_paving.001
Fra:1 Mem:2515.91M (Peak 2515.91M) | Time:00:00.81 | Mem:0.00M, Peak:0.00M | Scene, ViewLayer | Synchronizing object | daoxiangcun_wood.001
Fra:1 Mem:2516.30M (Peak 2516.30M) | Time:00:00.81 | Mem:0.00M, Peak:0.00M | Scene, ViewLayer | Synchronizing object | daoxiangcun_screen.001
Fra:1 Mem:2516.57M (Peak 2516.57M) | Time:00:00.81 | Mem:0.00M, Peak:0.00M | Scene, ViewLayer | Synchronizing object | daoxiangcun_latticewood.001
Fra:1 Mem:2516.76M (Peak 2516.76M) | Time:00:00.81 | Mem:0.00M, Peak:0.00M | Scene, ViewLayer | Synchronizing object | daoxiangcun_thatch.001
Fra:1 Mem:2517.29M (Peak 2517.29M) | Time:00:00.81 | Mem:0.00M, Peak:0.00M | Scene, ViewLayer | Synchronizing object | daoxiangcun_lightleaf.001
Fra:1 Mem:2517.38M (Peak 2517.38M) | Time:00:00.81 | Mem:0.00M, Peak:0.00M | Scene, ViewLayer | Synchronizing object | daoxiangcun_bark
Fra:1 Mem:2517.71M (Peak 2517.71M) | Time:00:00.81 | Mem:0.00M, Peak:0.00M | Scene, ViewLayer | Synchronizing object | daoxiangcun_flower.001
Fra:1 Mem:2518.45M (Peak 2518.45M) | Time:00:00.81 | Mem:0.00M, Peak:0.00M | Scene, ViewLayer | Synchronizing object | daoxiangcun_leafdark
Fra:1 Mem:2522.60M (Peak 2522.60M) | Time:00:00.81 | Mem:0.00M, Peak:0.00M | Scene, ViewLayer | Synchronizing object | daoxiangcun_creamflower.001
Fra:1 Mem:2523.22M (Peak 2523.22M) | Time:00:00.81 | Mem:0.00M, Peak:0.00M | Scene, ViewLayer | Synchronizing object | r15_daoxiangcun_enclosure_clay
Fra:1 Mem:2526.73M (Peak 2526.73M) | Time:00:00.81 | Mem:0.00M, Peak:0.00M | Scene, ViewLayer | Synchronizing object | r15_daoxiangcun_enclosure_paper
Fra:1 Mem:2526.75M (Peak 2526.75M) | Time:00:00.81 | Mem:0.00M, Peak:0.00M | Scene, ViewLayer | Synchronizing object | r15_daoxiangcun_enclosure_ochre
Fra:1 Mem:2529.39M (Peak 2529.39M) | Time:00:00.81 | Mem:0.00M, Peak:0.00M | Scene, ViewLayer | Synchronizing object | r15_daoxiangcun_enclosure_ceiling
Fra:1 Mem:2529.06M (Peak 2529.39M) | Time:00:00.81 | Mem:0.00M, Peak:0.00M | Scene, ViewLayer | Synchronizing object | ouxiangxie_wood.001
Fra:1 Mem:2529.16M (Peak 2529.39M) | Time:00:00.81 | Mem:0.00M, Peak:0.00M | Scene, ViewLayer | Synchronizing object | ouxiangxie_stone.001
Fra:1 Mem:2530.42M (Peak 2530.42M) | Time:00:00.81 | Mem:0.00M, Peak:0.00M | Scene, ViewLayer | Synchronizing object | ouxiangxie_latticewood.001
Fra:1 Mem:2531.08M (Peak 2531.08M) | Time:00:00.81 | Mem:0.00M, Peak:0.00M | Scene, ViewLayer | Synchronizing object | ouxiangxie_roof.001
Fra:1 Mem:2531.09M (Peak 2531.09M) | Time:00:00.81 | Mem:0.00M, Peak:0.00M | Scene, ViewLayer | Synchronizing object | ouxiangxie_tile.001
Fra:1 Mem:2531.10M (Peak 2531.10M) | Time:00:00.81 | Mem:0.00M, Peak:0.00M | Scene, ViewLayer | Synchronizing object | ouxiangxie_tiledark.001
Fra:1 Mem:2533.94M (Peak 2533.94M) | Time:00:00.81 | Mem:0.00M, Peak:0.00M | Scene, ViewLayer | Synchronizing object | ouxiangxie_darkwood.001
Fra:1 Mem:2534.09M (Peak 2534.09M) | Time:00:00.81 | Mem:0.00M, Peak:0.00M | Scene, ViewLayer | Synchronizing object | ouxiangxie_furniture
Fra:1 Mem:2535.12M (Peak 2535.12M) | Time:00:00.81 | Mem:0.00M, Peak:0.00M | Scene, ViewLayer | Synchronizing object | ouxiangxie_paper
Fra:1 Mem:2535.48M (Peak 2535.48M) | Time:00:00.81 | Mem:0.00M, Peak:0.00M | Scene, ViewLayer | Synchronizing object | ouxiangxie_bookcloth.001
Fra:1 Mem:2535.50M (Peak 2535.50M) | Time:00:00.81 | Mem:0.00M, Peak:0.00M | Scene, ViewLayer | Synchronizing object | ouxiangxie_ivory.001
Fra:1 Mem:2535.68M (Peak 2535.68M) | Time:00:00.81 | Mem:0.00M, Peak:0.00M | Scene, ViewLayer | Synchronizing object | ouxiangxie_ink.001
Fra:1 Mem:2535.71M (Peak 2535.71M) | Time:00:00.81 | Mem:0.00M, Peak:0.00M | Scene, ViewLayer | Synchronizing object | ouxiangxie_bookcover.001
Fra:1 Mem:2535.72M (Peak 2535.72M) | Time:00:00.81 | Mem:0.00M, Peak:0.00M | Scene, ViewLayer | Synchronizing object | ouxiangxie_ceramic.001
Fra:1 Mem:2535.74M (Peak 2535.74M) | Time:00:00.81 | Mem:0.00M, Peak:0.00M | Scene, ViewLayer | Synchronizing object | ouxiangxie_bamboo.001
Fra:1 Mem:2536.21M (Peak 2536.21M) | Time:00:00.81 | Mem:0.00M, Peak:0.00M | Scene, ViewLayer | Synchronizing object | dicuiting_wood.001
Fra:1 Mem:2537.24M (Peak 2537.24M) | Time:00:00.81 | Mem:0.00M, Peak:0.00M | Scene, ViewLayer | Synchronizing object | dicuiting_darkwood
Fra:1 Mem:2537.26M (Peak 2537.26M) | Time:00:00.81 | Mem:0.00M, Peak:0.00M | Scene, ViewLayer | Synchronizing object | dicuiting_lantern
Fra:1 Mem:2537.40M (Peak 2537.40M) | Time:00:00.81 | Mem:0.00M, Peak:0.00M | Scene, ViewLayer | Synchronizing object | dicuiting_gold
Fra:1 Mem:2537.48M (Peak 2537.48M) | Time:00:00.81 | Mem:0.00M, Peak:0.00M | Scene, ViewLayer | Synchronizing object | dicuiting_tilelight
Fra:1 Mem:2537.51M (Peak 2537.51M) | Time:00:00.81 | Mem:0.00M, Peak:0.00M | Scene, ViewLayer | Synchronizing object | dicuiting_tile.001
Fra:1 Mem:2537.72M (Peak 2537.72M) | Time:00:00.81 | Mem:0.00M, Peak:0.00M | Scene, ViewLayer | Synchronizing object | dicuiting_tiledark
Fra:1 Mem:2537.95M (Peak 2537.95M) | Time:00:00.81 | Mem:0.00M, Peak:0.00M | Scene, ViewLayer | Synchronizing object | luxuean_stone.001
Fra:1 Mem:2538.94M (Peak 2538.94M) | Time:00:00.81 | Mem:0.00M, Peak:0.00M | Scene, ViewLayer | Synchronizing object | luxuean_paving.001
Fra:1 Mem:2539.19M (Peak 2539.19M) | Time:00:00.81 | Mem:0.00M, Peak:0.00M | Scene, ViewLayer | Synchronizing object | luxuean_clay.001
Fra:1 Mem:2539.62M (Peak 2539.62M) | Time:00:00.81 | Mem:0.00M, Peak:0.00M | Scene, ViewLayer | Synchronizing object | luxuean_thatch.001
Fra:1 Mem:2541.97M (Peak 2541.97M) | Time:00:00.81 | Mem:0.00M, Peak:0.00M | Scene, ViewLayer | Synchronizing object | luxuean_bamboo.001
Fra:1 Mem:2542.04M (Peak 2542.04M) | Time:00:00.81 | Mem:0.00M, Peak:0.00M | Scene, ViewLayer | Synchronizing object | luxuean_lightleaf.001
Fra:1 Mem:2542.05M (Peak 2542.05M) | Time:00:00.81 | Mem:0.00M, Peak:0.00M | Scene, ViewLayer | Synchronizing object | r15_luxuean_enclosure_clay
Fra:1 Mem:2542.51M (Peak 2543.16M) | Time:00:00.81 | Mem:0.00M, Peak:0.00M | Scene, ViewLayer | Synchronizing object | r15_luxuean_enclosure_paper
Fra:1 Mem:2542.52M (Peak 2543.16M) | Time:00:00.81 | Mem:0.00M, Peak:0.00M | Scene, ViewLayer | Synchronizing object | r15_luxuean_enclosure_ochre
Fra:1 Mem:2542.61M (Peak 2543.16M) | Time:00:00.81 | Mem:0.00M, Peak:0.00M | Scene, ViewLayer | Synchronizing object | r15_luxuean_enclosure_ceiling
Fra:1 Mem:2542.66M (Peak 2543.16M) | Time:00:00.81 | Mem:0.00M, Peak:0.00M | Scene, ViewLayer | Synchronizing object | tubishanzhuang_stone.001
Fra:1 Mem:2542.64M (Peak 2543.16M) | Time:00:00.81 | Mem:0.00M, Peak:0.00M | Scene, ViewLayer | Synchronizing object | tubishanzhuang_cutstone
Fra:1 Mem:2542.82M (Peak 2543.16M) | Time:00:00.81 | Mem:0.00M, Peak:0.00M | Scene, ViewLayer | Synchronizing object | tubishanzhuang_darkwood.001
Fra:1 Mem:2542.02M (Peak 2543.16M) | Time:00:00.81 | Mem:0.00M, Peak:0.00M | Scene, ViewLayer | Synchronizing object | tubishanzhuang_floorwood
Fra:1 Mem:2542.53M (Peak 2543.16M) | Time:00:00.81 | Mem:0.00M, Peak:0.00M | Scene, ViewLayer | Synchronizing object | tubishanzhuang_wood.001
Fra:1 Mem:2543.05M (Peak 2543.16M) | Time:00:00.81 | Mem:0.00M, Peak:0.00M | Scene, ViewLayer | Synchronizing object | tubishanzhuang_furniture
Fra:1 Mem:2543.67M (Peak 2543.67M) | Time:00:00.81 | Mem:0.00M, Peak:0.00M | Scene, ViewLayer | Synchronizing object | tubishanzhuang_screen
Fra:1 Mem:2543.69M (Peak 2543.69M) | Time:00:00.81 | Mem:0.00M, Peak:0.00M | Scene, ViewLayer | Synchronizing object | tubishanzhuang_roof.001
Fra:1 Mem:2544.14M (Peak 2544.14M) | Time:00:00.81 | Mem:0.00M, Peak:0.00M | Scene, ViewLayer | Synchronizing object | tubishanzhuang_tilelight.001
Fra:1 Mem:2544.20M (Peak 2544.20M) | Time:00:00.81 | Mem:0.00M, Peak:0.00M | Scene, ViewLayer | Synchronizing object | tubishanzhuang_tile.001
Fra:1 Mem:2546.18M (Peak 2546.18M) | Time:00:00.81 | Mem:0.00M, Peak:0.00M | Scene, ViewLayer | Synchronizing object | tubishanzhuang_tiledark.001
Fra:1 Mem:2546.30M (Peak 2546.30M) | Time:00:00.81 | Mem:0.00M, Peak:0.00M | Scene, ViewLayer | Synchronizing object | tubishanzhuang_bark
Fra:1 Mem:2547.48M (Peak 2547.48M) | Time:00:00.81 | Mem:0.00M, Peak:0.00M | Scene, ViewLayer | Synchronizing object | tubishanzhuang_canopy_shadow
Fra:1 Mem:2547.48M (Peak 2547.48M) | Time:00:00.81 | Mem:0.00M, Peak:0.00M | Scene, ViewLayer | Synchronizing object | tubishanzhuang_canopy
Fra:1 Mem:2548.23M (Peak 2548.23M) | Time:00:00.81 | Mem:0.00M, Peak:0.00M | Scene, ViewLayer | Synchronizing object | tubishanzhuang_canopy_light
Fra:1 Mem:2548.27M (Peak 2548.27M) | Time:00:00.81 | Mem:0.00M, Peak:0.00M | Scene, ViewLayer | Synchronizing object | tubishanzhuang_paving.001
Fra:1 Mem:2550.10M (Peak 2550.10M) | Time:00:00.81 | Mem:0.00M, Peak:0.00M | Scene, ViewLayer | Synchronizing object | r15_tubishanzhuang_enclosure_wall
Fra:1 Mem:2550.35M (Peak 2550.35M) | Time:00:00.81 | Mem:0.00M, Peak:0.00M | Scene, ViewLayer | Synchronizing object | r15_tubishanzhuang_enclosure_paper
Fra:1 Mem:2550.44M (Peak 2550.44M) | Time:00:00.81 | Mem:0.00M, Peak:0.00M | Scene, ViewLayer | Synchronizing object | r15_tubishanzhuang_enclosure_lacquer
Fra:1 Mem:2550.59M (Peak 2550.59M) | Time:00:00.81 | Mem:0.00M, Peak:0.00M | Scene, ViewLayer | Synchronizing object | r15_tubishanzhuang_enclosure_ceiling
Fra:1 Mem:2550.77M (Peak 2550.77M) | Time:00:00.81 | Mem:0.00M, Peak:0.00M | Scene, ViewLayer | Synchronizing object | aojingxiguan_stone.001
Fra:1 Mem:2550.86M (Peak 2550.86M) | Time:00:00.81 | Mem:0.00M, Peak:0.00M | Scene, ViewLayer | Synchronizing object | aojingxiguan_cutstone
Fra:1 Mem:2551.07M (Peak 2551.07M) | Time:00:00.81 | Mem:0.00M, Peak:0.00M | Scene, ViewLayer | Synchronizing object | aojingxiguan_darkwood.001
Fra:1 Mem:2551.84M (Peak 2551.84M) | Time:00:00.81 | Mem:0.00M, Peak:0.00M | Scene, ViewLayer | Synchronizing object | aojingxiguan_floorwood
Fra:1 Mem:2551.89M (Peak 2551.89M) | Time:00:00.81 | Mem:0.00M, Peak:0.00M | Scene, ViewLayer | Synchronizing object | aojingxiguan_wood.001
Fra:1 Mem:2552.48M (Peak 2552.48M) | Time:00:00.81 | Mem:0.00M, Peak:0.00M | Scene, ViewLayer | Synchronizing object | aojingxiguan_furniture
Fra:1 Mem:2552.73M (Peak 2552.73M) | Time:00:00.81 | Mem:0.00M, Peak:0.00M | Scene, ViewLayer | Synchronizing object | aojingxiguan_latticewood.001
Fra:1 Mem:2553.63M (Peak 2553.63M) | Time:00:00.81 | Mem:0.00M, Peak:0.00M | Scene, ViewLayer | Synchronizing object | aojingxiguan_screen
Fra:1 Mem:2553.86M (Peak 2553.86M) | Time:00:00.81 | Mem:0.00M, Peak:0.00M | Scene, ViewLayer | Synchronizing object | aojingxiguan_roof.001
Fra:1 Mem:2555.02M (Peak 2555.02M) | Time:00:00.81 | Mem:0.00M, Peak:0.00M | Scene, ViewLayer | Synchronizing object | aojingxiguan_tilelight.001
Fra:1 Mem:2556.41M (Peak 2556.41M) | Time:00:00.81 | Mem:0.00M, Peak:0.00M | Scene, ViewLayer | Synchronizing object | aojingxiguan_tile.001
Fra:1 Mem:2556.48M (Peak 2556.48M) | Time:00:00.81 | Mem:0.00M, Peak:0.00M | Scene, ViewLayer | Synchronizing object | aojingxiguan_tiledark.001
Fra:1 Mem:2556.90M (Peak 2556.90M) | Time:00:00.81 | Mem:0.00M, Peak:0.00M | Scene, ViewLayer | Synchronizing object | aojingxiguan_canopy
Fra:1 Mem:2557.46M (Peak 2557.46M) | Time:00:00.81 | Mem:0.00M, Peak:0.00M | Scene, ViewLayer | Synchronizing object | aojingxiguan_canopy_light
Fra:1 Mem:2560.43M (Peak 2560.43M) | Time:00:00.81 | Mem:0.00M, Peak:0.00M | Scene, ViewLayer | Synchronizing object | aojingxiguan_paving.001
Fra:1 Mem:2561.15M (Peak 2561.15M) | Time:00:00.81 | Mem:0.00M, Peak:0.00M | Scene, ViewLayer | Synchronizing object | r15_aojingxiguan_enclosure_wall
Fra:1 Mem:2561.51M (Peak 2561.51M) | Time:00:00.81 | Mem:0.00M, Peak:0.00M | Scene, ViewLayer | Synchronizing object | r15_aojingxiguan_enclosure_paper
Fra:1 Mem:2561.58M (Peak 2561.58M) | Time:00:00.81 | Mem:0.00M, Peak:0.00M | Scene, ViewLayer | Synchronizing object | r15_aojingxiguan_enclosure_lacquer
Fra:1 Mem:2560.82M (Peak 2561.58M) | Time:00:00.81 | Mem:0.00M, Peak:0.00M | Scene, ViewLayer | Synchronizing object | r15_aojingxiguan_enclosure_ceiling
Fra:1 Mem:2560.98M (Peak 2561.58M) | Time:00:00.81 | Mem:0.00M, Peak:0.00M | Scene, ViewLayer | Synchronizing object | daguanlou_stone
Fra:1 Mem:2561.36M (Peak 2561.58M) | Time:00:00.81 | Mem:0.00M, Peak:0.00M | Scene, ViewLayer | Synchronizing object | daguanlou_cutstone
Fra:1 Mem:2561.92M (Peak 2561.92M) | Time:00:00.81 | Mem:0.00M, Peak:0.00M | Scene, ViewLayer | Synchronizing object | daguanlou_darkwood
Fra:1 Mem:2562.99M (Peak 2562.99M) | Time:00:00.81 | Mem:0.00M, Peak:0.00M | Scene, ViewLayer | Synchronizing object | daguanlou_floorwood
Fra:1 Mem:2567.52M (Peak 2567.52M) | Time:00:00.81 | Mem:0.00M, Peak:0.00M | Scene, ViewLayer | Synchronizing object | daguanlou_wood
Fra:1 Mem:2573.11M (Peak 2573.11M) | Time:00:00.81 | Mem:0.00M, Peak:0.00M | Scene, ViewLayer | Synchronizing object | daguanlou_furniture
Fra:1 Mem:2576.13M (Peak 2576.68M) | Time:00:00.81 | Mem:0.00M, Peak:0.00M | Scene, ViewLayer | Synchronizing object | daguanlou_latticewood.001
Fra:1 Mem:2578.99M (Peak 2578.99M) | Time:00:00.81 | Mem:0.00M, Peak:0.00M | Scene, ViewLayer | Synchronizing object | daguanlou_screen
Fra:1 Mem:2586.35M (Peak 2586.35M) | Time:00:00.81 | Mem:0.00M, Peak:0.00M | Scene, ViewLayer | Synchronizing object | daguanlou_roof
Fra:1 Mem:2586.47M (Peak 2586.47M) | Time:00:00.81 | Mem:0.00M, Peak:0.00M | Scene, ViewLayer | Synchronizing object | daguanlou_tilelight
Fra:1 Mem:2588.54M (Peak 2588.66M) | Time:00:00.81 | Mem:0.00M, Peak:0.00M | Scene, ViewLayer | Synchronizing object | daguanlou_tile
Fra:1 Mem:2589.07M (Peak 2589.07M) | Time:00:00.81 | Mem:0.00M, Peak:0.00M | Scene, ViewLayer | Synchronizing object | daguanlou_tiledark
Fra:1 Mem:2623.28M (Peak 2623.28M) | Time:00:00.82 | Mem:0.00M, Peak:0.00M | Scene, ViewLayer | Synchronizing object | daguanlou_lantern
Fra:1 Mem:2622.94M (Peak 2623.28M) | Time:00:00.82 | Mem:0.00M, Peak:0.00M | Scene, ViewLayer | Synchronizing object | daguanlou_gold
Fra:1 Mem:2624.95M (Peak 2624.95M) | Time:00:00.82 | Mem:0.00M, Peak:0.00M | Scene, ViewLayer | Synchronizing object | daguanlou_paving
Fra:1 Mem:2625.37M (Peak 2625.37M) | Time:00:00.82 | Mem:0.00M, Peak:0.00M | Scene, ViewLayer | Synchronizing object | daguanlou_courtbase
Fra:1 Mem:2625.38M (Peak 2625.38M) | Time:00:00.82 | Mem:0.00M, Peak:0.00M | Scene, ViewLayer | Synchronizing object | daguanlou_paper
Fra:1 Mem:2625.40M (Peak 2625.40M) | Time:00:00.82 | Mem:0.00M, Peak:0.00M | Scene, ViewLayer | Synchronizing object | daguanlou_bookcloth.001
Fra:1 Mem:2625.93M (Peak 2625.93M) | Time:00:00.82 | Mem:0.00M, Peak:0.00M | Scene, ViewLayer | Synchronizing object | daguanlou_ivory.001
Fra:1 Mem:2625.95M (Peak 2625.95M) | Time:00:00.82 | Mem:0.00M, Peak:0.00M | Scene, ViewLayer | Synchronizing object | daguanlou_ink.001
Fra:1 Mem:2625.99M (Peak 2625.99M) | Time:00:00.82 | Mem:0.00M, Peak:0.00M | Scene, ViewLayer | Synchronizing object | daguanlou_bookcover.001
Fra:1 Mem:2625.99M (Peak 2625.99M) | Time:00:00.82 | Mem:0.00M, Peak:0.00M | Scene, ViewLayer | Synchronizing object | daguanlou_ceramic
Fra:1 Mem:2626.12M (Peak 2626.12M) | Time:00:00.82 | Mem:0.00M, Peak:0.00M | Scene, ViewLayer | Synchronizing object | daguanlou_bamboo.001
Fra:1 Mem:2630.11M (Peak 2630.11M) | Time:00:00.82 | Mem:0.00M, Peak:0.00M | Scene, ViewLayer | Synchronizing object | daguanlou_plaster
Fra:1 Mem:2630.59M (Peak 2630.59M) | Time:00:00.82 | Mem:0.00M, Peak:0.00M | Scene, ViewLayer | Synchronizing object | daguanlou_bark
Fra:1 Mem:2632.69M (Peak 2632.69M) | Time:00:00.82 | Mem:0.00M, Peak:0.00M | Scene, ViewLayer | Synchronizing object | daguanlou_canopy_shadow
Fra:1 Mem:2633.07M (Peak 2633.07M) | Time:00:00.82 | Mem:0.00M, Peak:0.00M | Scene, ViewLayer | Synchronizing object | daguanlou_canopy
Fra:1 Mem:2636.09M (Peak 2636.15M) | Time:00:00.82 | Mem:0.00M, Peak:0.00M | Scene, ViewLayer | Synchronizing object | daguanlou_canopy_light
Fra:1 Mem:2637.19M (Peak 2637.19M) | Time:00:00.82 | Mem:0.00M, Peak:0.00M | Scene, ViewLayer | Synchronizing object | daguanlou_limestone.001
Fra:1 Mem:2637.73M (Peak 2637.73M) | Time:00:00.83 | Mem:0.00M, Peak:0.00M | Scene, ViewLayer | Synchronizing object | daguanlou_ground_botanical_stem.001
Fra:1 Mem:2638.12M (Peak 2638.12M) | Time:00:00.83 | Mem:0.00M, Peak:0.00M | Scene, ViewLayer | Synchronizing object | daguanlou_ground_botanical_bamboo
Fra:1 Mem:2639.58M (Peak 2639.58M) | Time:00:00.83 | Mem:0.00M, Peak:0.00M | Scene, ViewLayer | Synchronizing object | daguanlou_ground_botanical_litter
Fra:1 Mem:2650.83M (Peak 2651.36M) | Time:00:00.84 | Mem:0.00M, Peak:0.00M | Scene, ViewLayer | Synchronizing object | r15_daguanlou_enclosure_wall
Fra:1 Mem:2651.04M (Peak 2651.36M) | Time:00:00.84 | Mem:0.00M, Peak:0.00M | Scene, ViewLayer | Synchronizing object | r15_daguanlou_enclosure_paper
Fra:1 Mem:2651.76M (Peak 2651.76M) | Time:00:00.84 | Mem:0.00M, Peak:0.00M | Scene, ViewLayer | Synchronizing object | r15_daguanlou_enclosure_lacquer
Fra:1 Mem:2658.56M (Peak 2658.56M) | Time:00:00.84 | Mem:0.00M, Peak:0.00M | Scene, ViewLayer | Synchronizing object | r15_daguanlou_enclosure_ceiling
Fra:1 Mem:2662.72M (Peak 2662.72M) | Time:00:00.84 | Mem:0.00M, Peak:0.00M | Scene, ViewLayer | Synchronizing object | longcuian_stone
Fra:1 Mem:2670.75M (Peak 2670.75M) | Time:00:00.84 | Mem:0.00M, Peak:0.00M | Scene, ViewLayer | Synchronizing object | longcuian_cutstone
Fra:1 Mem:2672.30M (Peak 2672.30M) | Time:00:00.84 | Mem:0.00M, Peak:0.00M | Scene, ViewLayer | Synchronizing object | longcuian_darkwood
Fra:1 Mem:2672.53M (Peak 2672.53M) | Time:00:00.84 | Mem:0.00M, Peak:0.00M | Scene, ViewLayer | Synchronizing object | longcuian_floorwood
Fra:1 Mem:2673.21M (Peak 2673.21M) | Time:00:00.84 | Mem:0.00M, Peak:0.00M | Scene, ViewLayer | Synchronizing object | longcuian_wood
Fra:1 Mem:2673.86M (Peak 2673.86M) | Time:00:00.84 | Mem:0.00M, Peak:0.00M | Scene, ViewLayer | Synchronizing object | longcuian_plaster
Fra:1 Mem:2674.42M (Peak 2674.42M) | Time:00:00.84 | Mem:0.00M, Peak:0.00M | Scene, ViewLayer | Synchronizing object | longcuian_latticewood.001
Fra:1 Mem:2676.39M (Peak 2676.39M) | Time:00:00.84 | Mem:0.00M, Peak:0.00M | Scene, ViewLayer | Synchronizing object | longcuian_roof
Fra:1 Mem:2676.87M (Peak 2676.87M) | Time:00:00.84 | Mem:0.00M, Peak:0.00M | Scene, ViewLayer | Synchronizing object | longcuian_tilelight
Fra:1 Mem:2678.93M (Peak 2678.93M) | Time:00:00.84 | Mem:0.00M, Peak:0.00M | Scene, ViewLayer | Synchronizing object | longcuian_tile
Fra:1 Mem:2687.73M (Peak 2688.71M) | Time:00:00.84 | Mem:0.00M, Peak:0.00M | Scene, ViewLayer | Synchronizing object | longcuian_tiledark
Fra:1 Mem:2696.40M (Peak 2696.40M) | Time:00:00.84 | Mem:0.00M, Peak:0.00M | Scene, ViewLayer | Synchronizing object | longcuian_paving
Fra:1 Mem:2696.50M (Peak 2696.50M) | Time:00:00.84 | Mem:0.00M, Peak:0.00M | Scene, ViewLayer | Synchronizing object | longcuian_furniture
Fra:1 Mem:2696.85M (Peak 2696.85M) | Time:00:00.84 | Mem:0.00M, Peak:0.00M | Scene, ViewLayer | Synchronizing object | longcuian_screen
Fra:1 Mem:2707.02M (Peak 2707.02M) | Time:00:00.85 | Mem:0.00M, Peak:0.00M | Scene, ViewLayer | Synchronizing object | longcuian_paper
Fra:1 Mem:2707.04M (Peak 2707.04M) | Time:00:00.85 | Mem:0.00M, Peak:0.00M | Scene, ViewLayer | Synchronizing object | longcuian_bookcloth.001
Fra:1 Mem:2707.84M (Peak 2707.84M) | Time:00:00.85 | Mem:0.00M, Peak:0.00M | Scene, ViewLayer | Synchronizing object | longcuian_ivory.001
Fra:1 Mem:2706.39M (Peak 2707.84M) | Time:00:00.85 | Mem:0.00M, Peak:0.00M | Scene, ViewLayer | Synchronizing object | longcuian_ink.001
Fra:1 Mem:2703.98M (Peak 2707.84M) | Time:00:00.85 | Mem:0.00M, Peak:0.00M | Scene, ViewLayer | Synchronizing object | longcuian_bookcover.001
Fra:1 Mem:2703.98M (Peak 2707.84M) | Time:00:00.85 | Mem:0.00M, Peak:0.00M | Scene, ViewLayer | Synchronizing object | longcuian_bamboo.001
Fra:1 Mem:2704.00M (Peak 2707.84M) | Time:00:00.85 | Mem:0.00M, Peak:0.00M | Scene, ViewLayer | Synchronizing object | longcuian_gold.001
Fra:1 Mem:2704.02M (Peak 2707.84M) | Time:00:00.85 | Mem:0.00M, Peak:0.00M | Scene, ViewLayer | Synchronizing object | longcuian_courtbase
Fra:1 Mem:2704.04M (Peak 2707.84M) | Time:00:00.85 | Mem:0.00M, Peak:0.00M | Scene, ViewLayer | Synchronizing object | longcuian_bark
Fra:1 Mem:2704.06M (Peak 2707.84M) | Time:00:00.85 | Mem:0.00M, Peak:0.00M | Scene, ViewLayer | Synchronizing object | longcuian_flower
Fra:1 Mem:2707.07M (Peak 2707.84M) | Time:00:00.85 | Mem:0.00M, Peak:0.00M | Scene, ViewLayer | Synchronizing object | longcuian_leafdark
Fra:1 Mem:2714.50M (Peak 2714.50M) | Time:00:00.85 | Mem:0.00M, Peak:0.00M | Scene, ViewLayer | Synchronizing object | longcuian_canopy_shadow
Fra:1 Mem:2716.52M (Peak 2716.52M) | Time:00:00.85 | Mem:0.00M, Peak:0.00M | Scene, ViewLayer | Synchronizing object | longcuian_canopy
Fra:1 Mem:2716.72M (Peak 2716.72M) | Time:00:00.85 | Mem:0.00M, Peak:0.00M | Scene, ViewLayer | Synchronizing object | longcuian_canopy_light
Fra:1 Mem:2718.96M (Peak 2718.96M) | Time:00:00.85 | Mem:0.00M, Peak:0.00M | Scene, ViewLayer | Synchronizing object | r15_longcuian_enclosure_wall
Fra:1 Mem:2718.99M (Peak 2718.99M) | Time:00:00.85 | Mem:0.00M, Peak:0.00M | Scene, ViewLayer | Synchronizing object | r15_longcuian_enclosure_paper
Fra:1 Mem:2719.17M (Peak 2719.17M) | Time:00:00.85 | Mem:0.00M, Peak:0.00M | Scene, ViewLayer | Synchronizing object | r15_longcuian_enclosure_lacquer
Fra:1 Mem:2719.27M (Peak 2719.27M) | Time:00:00.85 | Mem:0.00M, Peak:0.00M | Scene, ViewLayer | Synchronizing object | r15_longcuian_enclosure_ceiling
Fra:1 Mem:2723.26M (Peak 2723.26M) | Time:00:00.85 | Mem:0.00M, Peak:0.00M | Scene, ViewLayer | Synchronizing object | nuanxiangwu_stone
Fra:1 Mem:2727.14M (Peak 2727.96M) | Time:00:00.85 | Mem:0.00M, Peak:0.00M | Scene, ViewLayer | Synchronizing object | nuanxiangwu_cutstone
Fra:1 Mem:2727.23M (Peak 2727.96M) | Time:00:00.85 | Mem:0.00M, Peak:0.00M | Scene, ViewLayer | Synchronizing object | nuanxiangwu_darkwood
Fra:1 Mem:2727.36M (Peak 2727.96M) | Time:00:00.85 | Mem:0.00M, Peak:0.00M | Scene, ViewLayer | Synchronizing object | nuanxiangwu_floorwood
Fra:1 Mem:2725.49M (Peak 2727.96M) | Time:00:00.85 | Mem:0.00M, Peak:0.00M | Scene, ViewLayer | Synchronizing object | nuanxiangwu_wood
Fra:1 Mem:2727.29M (Peak 2727.96M) | Time:00:00.85 | Mem:0.00M, Peak:0.00M | Scene, ViewLayer | Synchronizing object | nuanxiangwu_furniture
Fra:1 Mem:2727.71M (Peak 2727.96M) | Time:00:00.85 | Mem:0.00M, Peak:0.00M | Scene, ViewLayer | Synchronizing object | nuanxiangwu_latticewood.001
Fra:1 Mem:2731.20M (Peak 2731.20M) | Time:00:00.85 | Mem:0.00M, Peak:0.00M | Scene, ViewLayer | Synchronizing object | nuanxiangwu_screen
Fra:1 Mem:2731.65M (Peak 2731.65M) | Time:00:00.85 | Mem:0.00M, Peak:0.00M | Scene, ViewLayer | Synchronizing object | nuanxiangwu_roof
Fra:1 Mem:2731.64M (Peak 2731.65M) | Time:00:00.85 | Mem:0.00M, Peak:0.00M | Scene, ViewLayer | Synchronizing object | nuanxiangwu_tilelight
Fra:1 Mem:2732.09M (Peak 2732.09M) | Time:00:00.85 | Mem:0.00M, Peak:0.00M | Scene, ViewLayer | Synchronizing object | nuanxiangwu_tile
Fra:1 Mem:2732.09M (Peak 2732.09M) | Time:00:00.85 | Mem:0.00M, Peak:0.00M | Scene, ViewLayer | Synchronizing object | nuanxiangwu_tiledark
Fra:1 Mem:2734.85M (Peak 2734.85M) | Time:00:00.85 | Mem:0.00M, Peak:0.00M | Scene, ViewLayer | Synchronizing object | nuanxiangwu_paving
Fra:1 Mem:2734.98M (Peak 2734.98M) | Time:00:00.85 | Mem:0.00M, Peak:0.00M | Scene, ViewLayer | Synchronizing object | nuanxiangwu_paper
Fra:1 Mem:2736.74M (Peak 2736.74M) | Time:00:00.85 | Mem:0.00M, Peak:0.00M | Scene, ViewLayer | Synchronizing object | nuanxiangwu_bookcloth.001
Fra:1 Mem:2731.36M (Peak 2736.74M) | Time:00:00.85 | Mem:0.00M, Peak:0.00M | Scene, ViewLayer | Synchronizing object | nuanxiangwu_ivory.001
Fra:1 Mem:2731.38M (Peak 2736.74M) | Time:00:00.85 | Mem:0.00M, Peak:0.00M | Scene, ViewLayer | Synchronizing object | nuanxiangwu_ink.001
Fra:1 Mem:2731.42M (Peak 2736.74M) | Time:00:00.85 | Mem:0.00M, Peak:0.00M | Scene, ViewLayer | Synchronizing object | nuanxiangwu_ceramic
Fra:1 Mem:2731.46M (Peak 2736.74M) | Time:00:00.85 | Mem:0.00M, Peak:0.00M | Scene, ViewLayer | Synchronizing object | nuanxiangwu_bamboo.001
Fra:1 Mem:2731.47M (Peak 2736.74M) | Time:00:00.85 | Mem:0.00M, Peak:0.00M | Scene, ViewLayer | Synchronizing object | nuanxiangwu_gold.001
Fra:1 Mem:2732.15M (Peak 2736.74M) | Time:00:00.85 | Mem:0.00M, Peak:0.00M | Scene, ViewLayer | Synchronizing object | nuanxiangwu_leafdark
Fra:1 Mem:2732.22M (Peak 2736.74M) | Time:00:00.85 | Mem:0.00M, Peak:0.00M | Scene, ViewLayer | Synchronizing object | nuanxiangwu_courtbase
Fra:1 Mem:2732.51M (Peak 2736.74M) | Time:00:00.85 | Mem:0.00M, Peak:0.00M | Scene, ViewLayer | Synchronizing object | r15_nuanxiangwu_enclosure_wall
Fra:1 Mem:2734.93M (Peak 2736.74M) | Time:00:00.85 | Mem:0.00M, Peak:0.00M | Scene, ViewLayer | Synchronizing object | r15_nuanxiangwu_enclosure_paper
Fra:1 Mem:2736.58M (Peak 2736.74M) | Time:00:00.85 | Mem:0.00M, Peak:0.00M | Scene, ViewLayer | Synchronizing object | r15_nuanxiangwu_enclosure_lacquer
Fra:1 Mem:2737.37M (Peak 2737.37M) | Time:00:00.85 | Mem:0.00M, Peak:0.00M | Scene, ViewLayer | Synchronizing object | r15_nuanxiangwu_enclosure_ceiling
Fra:1 Mem:2737.42M (Peak 2737.42M) | Time:00:00.85 | Mem:0.00M, Peak:0.00M | Scene, ViewLayer | Synchronizing object | landscape_bankstone
Fra:1 Mem:2737.48M (Peak 2737.48M) | Time:00:00.85 | Mem:0.00M, Peak:0.00M | Scene, ViewLayer | Synchronizing object | landscape_limestone.001
Fra:1 Mem:2737.71M (Peak 2737.71M) | Time:00:00.85 | Mem:0.00M, Peak:0.00M | Scene, ViewLayer | Synchronizing object | landscape_bark
Fra:1 Mem:2745.86M (Peak 2745.86M) | Time:00:00.85 | Mem:0.00M, Peak:0.00M | Scene, ViewLayer | Synchronizing object | landscape_leaf
Fra:1 Mem:2746.91M (Peak 2746.91M) | Time:00:00.85 | Mem:0.00M, Peak:0.00M | Scene, ViewLayer | Synchronizing object | landscape_bamboo.001
Fra:1 Mem:2778.08M (Peak 2778.08M) | Time:00:00.86 | Mem:0.00M, Peak:0.00M | Scene, ViewLayer | Synchronizing object | landscape_canopy_light
Fra:1 Mem:2779.80M (Peak 2779.97M) | Time:00:00.86 | Mem:0.00M, Peak:0.00M | Scene, ViewLayer | Synchronizing object | landscape_creamflower.001
Fra:1 Mem:2779.80M (Peak 2779.97M) | Time:00:00.86 | Mem:0.00M, Peak:0.00M | Scene, ViewLayer | Synchronizing object | landscape_leafdark
Fra:1 Mem:2781.08M (Peak 2781.08M) | Time:00:00.86 | Mem:0.00M, Peak:0.00M | Scene, ViewLayer | Synchronizing object | landscape_flower.001
Fra:1 Mem:2795.65M (Peak 2795.65M) | Time:00:00.86 | Mem:0.00M, Peak:0.00M | Scene, ViewLayer | Synchronizing object | landscape_plaster
Fra:1 Mem:2796.70M (Peak 2796.70M) | Time:00:00.86 | Mem:0.00M, Peak:0.00M | Scene, ViewLayer | Synchronizing object | landscape_roof
Fra:1 Mem:2799.46M (Peak 2799.46M) | Time:00:00.86 | Mem:0.00M, Peak:0.00M | Scene, ViewLayer | Synchronizing object | landscape_stone.001
Fra:1 Mem:2801.71M (Peak 2802.07M) | Time:00:00.86 | Mem:0.00M, Peak:0.00M | Scene, ViewLayer | Synchronizing object | landscape_tile
Fra:1 Mem:2835.31M (Peak 2835.31M) | Time:00:00.87 | Mem:0.00M, Peak:0.00M | Scene, ViewLayer | Synchronizing object | landscape_paving
Fra:1 Mem:2859.33M (Peak 2859.33M) | Time:00:00.88 | Mem:0.00M, Peak:0.00M | Scene, ViewLayer | Synchronizing object | landscape_wood.001
Fra:1 Mem:2864.26M (Peak 2864.75M) | Time:00:00.88 | Mem:0.00M, Peak:0.00M | Scene, ViewLayer | Synchronizing object | landscape_tilelight
Fra:1 Mem:2865.42M (Peak 2865.42M) | Time:00:00.88 | Mem:0.00M, Peak:0.00M | Scene, ViewLayer | Synchronizing object | landscape_tiledark
Fra:1 Mem:2868.99M (Peak 2868.99M) | Time:00:00.88 | Mem:0.00M, Peak:0.00M | Scene, ViewLayer | Synchronizing object | landscape_darkwood
Fra:1 Mem:2868.68M (Peak 2868.99M) | Time:00:00.88 | Mem:0.00M, Peak:0.00M | Scene, ViewLayer | Synchronizing object | landscape_lantern
Fra:1 Mem:2870.25M (Peak 2870.25M) | Time:00:00.88 | Mem:0.00M, Peak:0.00M | Scene, ViewLayer | Synchronizing object | landscape_gold
Fra:1 Mem:2870.34M (Peak 2870.34M) | Time:00:00.88 | Mem:0.00M, Peak:0.00M | Scene, ViewLayer | Synchronizing object | shore_ground_botanical_stem.001
Fra:1 Mem:2872.48M (Peak 2872.48M) | Time:00:00.88 | Mem:0.00M, Peak:0.00M | Scene, ViewLayer | Synchronizing object | shore_ground_botanical_bamboo
Fra:1 Mem:2907.42M (Peak 2918.85M) | Time:00:00.90 | Mem:0.00M, Peak:0.00M | Scene, ViewLayer | Synchronizing object | LivingTree_SW_0000_willow
Fra:1 Mem:2907.43M (Peak 2918.85M) | Time:00:00.90 | Mem:0.00M, Peak:0.00M | Scene, ViewLayer | Synchronizing object | LivingTree_SW_0005_shrub
Fra:1 Mem:2935.52M (Peak 2935.52M) | Time:00:00.90 | Mem:0.00M, Peak:0.00M | Scene, ViewLayer | Synchronizing object | LivingTree_SW_0006_scholar-tree
Fra:1 Mem:2938.23M (Peak 2938.23M) | Time:00:00.90 | Mem:0.00M, Peak:0.00M | Scene, ViewLayer | Synchronizing object | LivingTree_SW_0010_white-blossom
Fra:1 Mem:2938.23M (Peak 2938.23M) | Time:00:00.90 | Mem:0.00M, Peak:0.00M | Scene, ViewLayer | Synchronizing object | LivingTree_SW_0025_crabapple
Fra:1 Mem:2965.55M (Peak 2965.55M) | Time:00:00.90 | Mem:0.00M, Peak:0.00M | Scene, ViewLayer | Synchronizing object | LivingTree_SW_0036_chinese-pine
Fra:1 Mem:2968.16M (Peak 2968.16M) | Time:00:00.90 | Mem:0.00M, Peak:0.00M | Scene, ViewLayer | Synchronizing object | LivingTree_SW_0061_ginkgo
Fra:1 Mem:2970.56M (Peak 2970.56M) | Time:00:00.90 | Mem:0.00M, Peak:0.00M | Scene, ViewLayer | Synchronizing object | LivingTree_SW_0079_red-maple
Fra:1 Mem:2994.15M (Peak 2994.72M) | Time:00:00.91 | Mem:0.00M, Peak:0.00M | Scene, ViewLayer | Synchronizing object | Sunwen_groundCover_0000
Fra:1 Mem:3002.58M (Peak 3002.58M) | Time:00:00.91 | Mem:0.00M, Peak:0.00M | Scene, ViewLayer | Synchronizing object | Sunwen_understory_0000
Fra:1 Mem:3002.58M (Peak 3002.58M) | Time:00:00.91 | Mem:0.00M, Peak:0.00M | Scene, ViewLayer | Synchronizing object | Sunwen_understory_0001
Fra:1 Mem:3002.59M (Peak 3002.59M) | Time:00:00.91 | Mem:0.00M, Peak:0.00M | Scene, ViewLayer | Synchronizing object | SunwenPlant_0000_orchid
Fra:1 Mem:3004.80M (Peak 3004.80M) | Time:00:00.91 | Mem:0.00M, Peak:0.00M | Scene, ViewLayer | Synchronizing object | SunwenPlant_0028_iris
Fra:1 Mem:3004.86M (Peak 3004.86M) | Time:00:00.91 | Mem:0.00M, Peak:0.00M | Scene, ViewLayer | Synchronizing object | SunwenPlant_0052_chrysanthemum
Fra:1 Mem:3004.95M (Peak 3004.95M) | Time:00:00.92 | Mem:0.00M, Peak:0.00M | Scene, ViewLayer | Synchronizing object | SunwenPlant_0068_peony
Fra:1 Mem:3005.06M (Peak 3005.06M) | Time:00:00.92 | Mem:0.00M, Peak:0.00M | Scene, ViewLayer | Synchronizing object | SunwenPlant_0678_lotus
Fra:1 Mem:3005.09M (Peak 3005.09M) | Time:00:00.92 | Mem:0.00M, Peak:0.00M | Scene, ViewLayer | Synchronizing object | Sunwen18_daguanyuan_gate_blue.001
Fra:1 Mem:3005.10M (Peak 3005.10M) | Time:00:00.92 | Mem:0.00M, Peak:0.00M | Scene, ViewLayer | Synchronizing object | Sunwen18_daguanyuan_gate_gold.001
Fra:1 Mem:3011.52M (Peak 3011.52M) | Time:00:00.92 | Mem:0.00M, Peak:0.00M | Scene, ViewLayer | Synchronizing object | Sunwen18_daguanyuan_gate_paper.001
Fra:1 Mem:3011.58M (Peak 3011.58M) | Time:00:00.92 | Mem:0.00M, Peak:0.00M | Scene, ViewLayer | Synchronizing object | Sunwen18_daguanyuan_gate_wood.001
Fra:1 Mem:3011.62M (Peak 3011.62M) | Time:00:00.92 | Mem:0.00M, Peak:0.00M | Scene, ViewLayer | Synchronizing object | Sunwen18_daguanyuan_gate_jade.001
Fra:1 Mem:3011.68M (Peak 3011.68M) | Time:00:00.92 | Mem:0.00M, Peak:0.00M | Scene, ViewLayer | Synchronizing object | Sunwen18_xiaoxiangguan_jade.001
Fra:1 Mem:3011.67M (Peak 3011.68M) | Time:00:00.92 | Mem:0.00M, Peak:0.00M | Scene, ViewLayer | Synchronizing object | Sunwen18_xiaoxiangguan_gold.001
Fra:1 Mem:3011.79M (Peak 3011.79M) | Time:00:00.92 | Mem:0.00M, Peak:0.00M | Scene, ViewLayer | Synchronizing object | Sunwen18_xiaoxiangguan_paper.001
Fra:1 Mem:3012.03M (Peak 3012.03M) | Time:00:00.92 | Mem:0.00M, Peak:0.00M | Scene, ViewLayer | Synchronizing object | Sunwen18_xiaoxiangguan_wood.001
Fra:1 Mem:3012.07M (Peak 3012.07M) | Time:00:00.92 | Mem:0.00M, Peak:0.00M | Scene, ViewLayer | Synchronizing object | Sunwen18_xiaoxiangguan_stone.001
Fra:1 Mem:3012.08M (Peak 3012.08M) | Time:00:00.92 | Mem:0.00M, Peak:0.00M | Scene, ViewLayer | Synchronizing object | Sunwen18_xiaoxiangguan_roof.001
Fra:1 Mem:3012.11M (Peak 3012.11M) | Time:00:00.92 | Mem:0.00M, Peak:0.00M | Scene, ViewLayer | Synchronizing object | Sunwen18_xiaoxiangguan_tile.001
Fra:1 Mem:3012.26M (Peak 3012.26M) | Time:00:00.92 | Mem:0.00M, Peak:0.00M | Scene, ViewLayer | Synchronizing object | Sunwen18_xiaoxiangguan_ridge.001
Fra:1 Mem:3012.39M (Peak 3012.39M) | Time:00:00.92 | Mem:0.00M, Peak:0.00M | Scene, ViewLayer | Synchronizing object | Sunwen18_yihongyuan_gold.001
Fra:1 Mem:3012.53M (Peak 3012.53M) | Time:00:00.92 | Mem:0.00M, Peak:0.00M | Scene, ViewLayer | Synchronizing object | Sunwen18_yihongyuan_pink.001
Fra:1 Mem:3012.86M (Peak 3012.86M) | Time:00:00.92 | Mem:0.00M, Peak:0.00M | Scene, ViewLayer | Synchronizing object | Sunwen18_yihongyuan_paper.001
Fra:1 Mem:3013.24M (Peak 3013.24M) | Time:00:00.92 | Mem:0.00M, Peak:0.00M | Scene, ViewLayer | Synchronizing object | Sunwen18_yihongyuan_wood.001
Fra:1 Mem:3013.29M (Peak 3013.29M) | Time:00:00.92 | Mem:0.00M, Peak:0.00M | Scene, ViewLayer | Synchronizing object | Sunwen18_yihongyuan_jade.001
Fra:1 Mem:3013.90M (Peak 3013.90M) | Time:00:00.92 | Mem:0.00M, Peak:0.00M | Scene, ViewLayer | Synchronizing object | Sunwen18_yihongyuan_dark.001
Fra:1 Mem:3013.89M (Peak 3013.90M) | Time:00:00.92 | Mem:0.00M, Peak:0.00M | Scene, ViewLayer | Synchronizing object | Sunwen18_yihongyuan_stone.001
Fra:1 Mem:3013.90M (Peak 3013.90M) | Time:00:00.92 | Mem:0.00M, Peak:0.00M | Scene, ViewLayer | Synchronizing object | Sunwen18_yihongyuan_roof.001
Fra:1 Mem:3014.03M (Peak 3014.03M) | Time:00:00.92 | Mem:0.00M, Peak:0.00M | Scene, ViewLayer | Synchronizing object | Sunwen18_yihongyuan_tile.001
Fra:1 Mem:3014.35M (Peak 3014.35M) | Time:00:00.92 | Mem:0.00M, Peak:0.00M | Scene, ViewLayer | Synchronizing object | Sunwen18_yihongyuan_ridge.001
Fra:1 Mem:3027.26M (Peak 3027.26M) | Time:00:00.92 | Mem:0.00M, Peak:0.00M | Scene, ViewLayer | Synchronizing object | Sunwen18_hengwuyuan_jade.001
Fra:1 Mem:3027.47M (Peak 3027.47M) | Time:00:00.92 | Mem:0.00M, Peak:0.00M | Scene, ViewLayer | Synchronizing object | Sunwen18_hengwuyuan_wood.001
Fra:1 Mem:3027.73M (Peak 3027.73M) | Time:00:00.92 | Mem:0.00M, Peak:0.00M | Scene, ViewLayer | Synchronizing object | Sunwen18_hengwuyuan_stone.001
Fra:1 Mem:3027.80M (Peak 3027.80M) | Time:00:00.92 | Mem:0.00M, Peak:0.00M | Scene, ViewLayer | Synchronizing object | Sunwen18_hengwuyuan_roof.001
Fra:1 Mem:3027.91M (Peak 3027.91M) | Time:00:00.92 | Mem:0.00M, Peak:0.00M | Scene, ViewLayer | Synchronizing object | Sunwen18_hengwuyuan_tile.001
Fra:1 Mem:3028.09M (Peak 3028.09M) | Time:00:00.92 | Mem:0.00M, Peak:0.00M | Scene, ViewLayer | Synchronizing object | Sunwen18_hengwuyuan_ridge.001
Fra:1 Mem:3030.33M (Peak 3030.33M) | Time:00:00.92 | Mem:0.00M, Peak:0.00M | Scene, ViewLayer | Synchronizing object | Sunwen18_qiushuangzhai_jade.001
Fra:1 Mem:3030.63M (Peak 3030.63M) | Time:00:00.92 | Mem:0.00M, Peak:0.00M | Scene, ViewLayer | Synchronizing object | Sunwen18_qiushuangzhai_gold.001
Fra:1 Mem:3030.89M (Peak 3030.89M) | Time:00:00.92 | Mem:0.00M, Peak:0.00M | Scene, ViewLayer | Synchronizing object | Sunwen18_qiushuangzhai_paper.001
Fra:1 Mem:3030.90M (Peak 3030.90M) | Time:00:00.92 | Mem:0.00M, Peak:0.00M | Scene, ViewLayer | Synchronizing object | Sunwen18_qiushuangzhai_wood.001
Fra:1 Mem:3030.90M (Peak 3030.90M) | Time:00:00.92 | Mem:0.00M, Peak:0.00M | Scene, ViewLayer | Synchronizing object | Sunwen18_qiushuangzhai_stone.001
Fra:1 Mem:3030.90M (Peak 3030.90M) | Time:00:00.92 | Mem:0.00M, Peak:0.00M | Scene, ViewLayer | Synchronizing object | Sunwen18_qiushuangzhai_roof.001
Fra:1 Mem:3030.95M (Peak 3030.95M) | Time:00:00.92 | Mem:0.00M, Peak:0.00M | Scene, ViewLayer | Synchronizing object | Sunwen18_qiushuangzhai_tile.001
Fra:1 Mem:3030.95M (Peak 3030.95M) | Time:00:00.92 | Mem:0.00M, Peak:0.00M | Scene, ViewLayer | Synchronizing object | Sunwen18_qiushuangzhai_ridge.001
Fra:1 Mem:3031.20M (Peak 3031.20M) | Time:00:00.92 | Mem:0.00M, Peak:0.00M | Scene, ViewLayer | Synchronizing object | Sunwen18_daoxiangcun_jade.001
Fra:1 Mem:3031.33M (Peak 3031.33M) | Time:00:00.92 | Mem:0.00M, Peak:0.00M | Scene, ViewLayer | Synchronizing object | Sunwen18_daoxiangcun_wood.001
Fra:1 Mem:3031.43M (Peak 3031.43M) | Time:00:00.92 | Mem:0.00M, Peak:0.00M | Scene, ViewLayer | Synchronizing object | Sunwen18_daoxiangcun_paper.001
Fra:1 Mem:3031.76M (Peak 3031.76M) | Time:00:00.92 | Mem:0.00M, Peak:0.00M | Scene, ViewLayer | Synchronizing object | Sunwen18_daoxiangcun_stone.001
Fra:1 Mem:3031.79M (Peak 3031.79M) | Time:00:00.92 | Mem:0.00M, Peak:0.00M | Scene, ViewLayer | Synchronizing object | Sunwen18_ouxiangxie_wood.001
Fra:1 Mem:3031.82M (Peak 3031.82M) | Time:00:00.92 | Mem:0.00M, Peak:0.00M | Scene, ViewLayer | Synchronizing object | Sunwen18_ouxiangxie_jade.001
Fra:1 Mem:3031.99M (Peak 3031.99M) | Time:00:00.92 | Mem:0.00M, Peak:0.00M | Scene, ViewLayer | Synchronizing object | Sunwen18_ouxiangxie_gold.001
Fra:1 Mem:3032.07M (Peak 3032.07M) | Time:00:00.92 | Mem:0.00M, Peak:0.00M | Scene, ViewLayer | Synchronizing object | Sunwen18_ouxiangxie_dark.001
Fra:1 Mem:3032.08M (Peak 3032.08M) | Time:00:00.92 | Mem:0.00M, Peak:0.00M | Scene, ViewLayer | Synchronizing object | Sunwen18_ouxiangxie_pink.001
Fra:1 Mem:3032.09M (Peak 3032.09M) | Time:00:00.92 | Mem:0.00M, Peak:0.00M | Scene, ViewLayer | Synchronizing object | Sunwen18_dicuiting_wood.001
Fra:1 Mem:3032.15M (Peak 3032.15M) | Time:00:00.92 | Mem:0.00M, Peak:0.00M | Scene, ViewLayer | Synchronizing object | Sunwen18_dicuiting_jade.001
Fra:1 Mem:3032.68M (Peak 3032.68M) | Time:00:00.92 | Mem:0.00M, Peak:0.00M | Scene, ViewLayer | Synchronizing object | Sunwen18_luxuean_jade.001
Fra:1 Mem:3032.82M (Peak 3032.82M) | Time:00:00.92 | Mem:0.00M, Peak:0.00M | Scene, ViewLayer | Synchronizing object | Sunwen18_luxuean_wood.001
Fra:1 Mem:3032.92M (Peak 3032.92M) | Time:00:00.92 | Mem:0.00M, Peak:0.00M | Scene, ViewLayer | Synchronizing object | Sunwen18_luxuean_paper.001
Fra:1 Mem:3032.92M (Peak 3032.92M) | Time:00:00.92 | Mem:0.00M, Peak:0.00M | Scene, ViewLayer | Synchronizing object | Sunwen18_tubishanzhuang_jade.001
Fra:1 Mem:3032.97M (Peak 3032.97M) | Time:00:00.92 | Mem:0.00M, Peak:0.00M | Scene, ViewLayer | Synchronizing object | Sunwen18_tubishanzhuang_gold.001
Fra:1 Mem:3033.10M (Peak 3033.10M) | Time:00:00.92 | Mem:0.00M, Peak:0.00M | Scene, ViewLayer | Synchronizing object | Sunwen18_tubishanzhuang_paper.001
Fra:1 Mem:3033.12M (Peak 3033.12M) | Time:00:00.92 | Mem:0.00M, Peak:0.00M | Scene, ViewLayer | Synchronizing object | Sunwen18_tubishanzhuang_wood.001
Fra:1 Mem:3033.13M (Peak 3033.13M) | Time:00:00.92 | Mem:0.00M, Peak:0.00M | Scene, ViewLayer | Synchronizing object | Sunwen18_aojingxiguan_jade.001
Fra:1 Mem:3033.24M (Peak 3033.24M) | Time:00:00.92 | Mem:0.00M, Peak:0.00M | Scene, ViewLayer | Synchronizing object | Sunwen18_aojingxiguan_paper.001
Fra:1 Mem:3033.25M (Peak 3033.25M) | Time:00:00.92 | Mem:0.00M, Peak:0.00M | Scene, ViewLayer | Synchronizing object | Sunwen18_daguanlou_blue.001
Fra:1 Mem:3033.31M (Peak 3033.31M) | Time:00:00.92 | Mem:0.00M, Peak:0.00M | Scene, ViewLayer | Synchronizing object | Sunwen18_daguanlou_gold.001
Fra:1 Mem:3033.46M (Peak 3033.46M) | Time:00:00.92 | Mem:0.00M, Peak:0.00M | Scene, ViewLayer | Synchronizing object | Sunwen18_daguanlou_paper.001
Fra:1 Mem:3034.25M (Peak 3034.25M) | Time:00:00.92 | Mem:0.00M, Peak:0.00M | Scene, ViewLayer | Synchronizing object | Sunwen18_daguanlou_pink.001
Fra:1 Mem:3046.96M (Peak 3046.96M) | Time:00:00.92 | Mem:0.00M, Peak:0.00M | Scene, ViewLayer | Synchronizing object | Sunwen18_daguanlou_wood.001
Fra:1 Mem:3047.64M (Peak 3047.64M) | Time:00:00.92 | Mem:0.00M, Peak:0.00M | Scene, ViewLayer | Synchronizing object | Sunwen18_daguanlou_jade.001
Fra:1 Mem:3048.25M (Peak 3048.25M) | Time:00:00.92 | Mem:0.00M, Peak:0.00M | Scene, ViewLayer | Synchronizing object | Sunwen18_daguanlou_dark.001
Fra:1 Mem:3048.28M (Peak 3048.28M) | Time:00:00.92 | Mem:0.00M, Peak:0.00M | Scene, ViewLayer | Synchronizing object | Sunwen18_longcuian_jade.001
Fra:1 Mem:3051.38M (Peak 3051.38M) | Time:00:00.92 | Mem:0.00M, Peak:0.00M | Scene, ViewLayer | Synchronizing object | Sunwen18_longcuian_wood.001
Fra:1 Mem:3051.65M (Peak 3051.65M) | Time:00:00.92 | Mem:0.00M, Peak:0.00M | Scene, ViewLayer | Synchronizing object | Sunwen18_longcuian_paper.001
Fra:1 Mem:3051.72M (Peak 3051.72M) | Time:00:00.92 | Mem:0.00M, Peak:0.00M | Scene, ViewLayer | Synchronizing object | Sunwen18_longcuian_stone.001
Fra:1 Mem:3052.13M (Peak 3052.13M) | Time:00:00.92 | Mem:0.00M, Peak:0.00M | Scene, ViewLayer | Synchronizing object | Sunwen18_longcuian_roof.001
Fra:1 Mem:3052.77M (Peak 3052.77M) | Time:00:00.92 | Mem:0.00M, Peak:0.00M | Scene, ViewLayer | Synchronizing object | Sunwen18_longcuian_tile.001
Fra:1 Mem:3053.23M (Peak 3053.23M) | Time:00:00.92 | Mem:0.00M, Peak:0.00M | Scene, ViewLayer | Synchronizing object | Sunwen18_longcuian_ridge.001
Fra:1 Mem:3053.31M (Peak 3053.31M) | Time:00:00.92 | Mem:0.00M, Peak:0.00M | Scene, ViewLayer | Synchronizing object | Sunwen18_nuanxiangwu_jade.001
Fra:1 Mem:3053.64M (Peak 3053.64M) | Time:00:00.92 | Mem:0.00M, Peak:0.00M | Scene, ViewLayer | Synchronizing object | Sunwen18_nuanxiangwu_gold.001
Fra:1 Mem:3053.82M (Peak 3053.82M) | Time:00:00.92 | Mem:0.00M, Peak:0.00M | Scene, ViewLayer | Synchronizing object | Sunwen18_nuanxiangwu_paper.001
Fra:1 Mem:3053.83M (Peak 3053.83M) | Time:00:00.92 | Mem:0.00M, Peak:0.00M | Scene, ViewLayer | Synchronizing object | Sunwen18_nuanxiangwu_wood.001
Fra:1 Mem:3053.95M (Peak 3053.95M) | Time:00:00.92 | Mem:0.00M, Peak:0.00M | Scene, ViewLayer | Synchronizing object | Sunwen18_nuanxiangwu_stone.001
Fra:1 Mem:3054.00M (Peak 3054.00M) | Time:00:00.92 | Mem:0.00M, Peak:0.00M | Scene, ViewLayer | Synchronizing object | Sunwen18_nuanxiangwu_roof.001
Fra:1 Mem:3054.01M (Peak 3054.01M) | Time:00:00.92 | Mem:0.00M, Peak:0.00M | Scene, ViewLayer | Synchronizing object | Sunwen18_nuanxiangwu_tile.001
Fra:1 Mem:3054.08M (Peak 3054.08M) | Time:00:00.93 | Mem:0.00M, Peak:0.00M | Scene, ViewLayer | Synchronizing object | Sunwen18_nuanxiangwu_ridge.001
Fra:1 Mem:3054.16M (Peak 3054.16M) | Time:00:00.93 | Mem:0.00M, Peak:0.00M | Scene, ViewLayer | Synchronizing object | Sunwen18_zilingzhou_stone.001
Fra:1 Mem:3054.24M (Peak 3054.24M) | Time:00:00.93 | Mem:0.00M, Peak:0.00M | Scene, ViewLayer | Synchronizing object | Sunwen18_zilingzhou_wood.001
Fra:1 Mem:3058.06M (Peak 3058.06M) | Time:00:00.93 | Mem:0.00M, Peak:0.00M | Scene, ViewLayer | Synchronizing object | Sunwen18_zilingzhou_jade.001
Fra:1 Mem:3058.70M (Peak 3058.70M) | Time:00:00.93 | Mem:0.00M, Peak:0.00M | Scene, ViewLayer | Synchronizing object | Sunwen18_zilingzhou_gold.001
Fra:1 Mem:3058.77M (Peak 3058.77M) | Time:00:00.93 | Mem:0.00M, Peak:0.00M | Scene, ViewLayer | Synchronizing object | Sunwen18_zilingzhou_roof.001
Fra:1 Mem:3058.75M (Peak 3058.77M) | Time:00:00.93 | Mem:0.00M, Peak:0.00M | Scene, ViewLayer | Synchronizing object | Sunwen18_zilingzhou_tile.001
Fra:1 Mem:3058.86M (Peak 3058.86M) | Time:00:00.93 | Mem:0.00M, Peak:0.00M | Scene, ViewLayer | Synchronizing object | Sunwen18_zilingzhou_ridge.001
Fra:1 Mem:3058.87M (Peak 3058.87M) | Time:00:00.93 | Mem:0.00M, Peak:0.00M | Scene, ViewLayer | Synchronizing object | Sunwen18_zhuijinlou_stone.001
Fra:1 Mem:3058.96M (Peak 3058.96M) | Time:00:00.93 | Mem:0.00M, Peak:0.00M | Scene, ViewLayer | Synchronizing object | Sunwen18_zhuijinlou_wood.001
Fra:1 Mem:3058.98M (Peak 3058.98M) | Time:00:00.93 | Mem:0.00M, Peak:0.00M | Scene, ViewLayer | Synchronizing object | Sunwen18_zhuijinlou_gold.001
Fra:1 Mem:3059.13M (Peak 3059.13M) | Time:00:00.93 | Mem:0.00M, Peak:0.00M | Scene, ViewLayer | Synchronizing object | Sunwen18_zhuijinlou_paper.001
Fra:1 Mem:3059.15M (Peak 3059.15M) | Time:00:00.93 | Mem:0.00M, Peak:0.00M | Scene, ViewLayer | Synchronizing object | Sunwen18_zhuijinlou_pink.001
Fra:1 Mem:3059.73M (Peak 3059.73M) | Time:00:00.93 | Mem:0.00M, Peak:0.00M | Scene, ViewLayer | Synchronizing object | Sunwen18_zhuijinlou_wall.001
Fra:1 Mem:3059.74M (Peak 3059.74M) | Time:00:00.93 | Mem:0.00M, Peak:0.00M | Scene, ViewLayer | Synchronizing object | Sunwen18_zhuijinlou_jade.001
Fra:1 Mem:3060.21M (Peak 3060.21M) | Time:00:00.93 | Mem:0.00M, Peak:0.00M | Scene, ViewLayer | Synchronizing object | Sunwen18_zhuijinlou_roof.001
Fra:1 Mem:3060.48M (Peak 3060.48M) | Time:00:00.93 | Mem:0.00M, Peak:0.00M | Scene, ViewLayer | Synchronizing object | Sunwen18_zhuijinlou_tile.001
Fra:1 Mem:3061.17M (Peak 3061.17M) | Time:00:00.93 | Mem:0.00M, Peak:0.00M | Scene, ViewLayer | Synchronizing object | Sunwen18_zhuijinlou_ridge.001
Fra:1 Mem:3083.57M (Peak 3083.57M) | Time:00:00.93 | Mem:0.00M, Peak:0.00M | Scene, ViewLayer | Synchronizing object | Sunwen18_zhuijinlou_dark.001
Fra:1 Mem:3083.73M (Peak 3083.73M) | Time:00:00.93 | Mem:0.00M, Peak:0.00M | Scene, ViewLayer | Synchronizing object | Sunwen18_jiayintang_stone.001
Fra:1 Mem:3083.98M (Peak 3083.98M) | Time:00:00.93 | Mem:0.00M, Peak:0.00M | Scene, ViewLayer | Synchronizing object | Sunwen18_jiayintang_wood.001
Fra:1 Mem:3084.22M (Peak 3084.22M) | Time:00:00.93 | Mem:0.00M, Peak:0.00M | Scene, ViewLayer | Synchronizing object | Sunwen18_jiayintang_jade.001
Fra:1 Mem:3084.62M (Peak 3084.62M) | Time:00:00.93 | Mem:0.00M, Peak:0.00M | Scene, ViewLayer | Synchronizing object | Sunwen18_jiayintang_gold.001
Fra:1 Mem:3084.70M (Peak 3084.70M) | Time:00:00.93 | Mem:0.00M, Peak:0.00M | Scene, ViewLayer | Synchronizing object | Sunwen18_jiayintang_roof.001
Fra:1 Mem:3084.71M (Peak 3084.71M) | Time:00:00.93 | Mem:0.00M, Peak:0.00M | Scene, ViewLayer | Synchronizing object | Sunwen18_jiayintang_tile.001
Fra:1 Mem:3084.71M (Peak 3084.71M) | Time:00:00.93 | Mem:0.00M, Peak:0.00M | Scene, ViewLayer | Synchronizing object | Sunwen18_jiayintang_ridge.001
Fra:1 Mem:3084.93M (Peak 3084.93M) | Time:00:00.93 | Mem:0.00M, Peak:0.00M | Scene, ViewLayer | Synchronizing object | Sunwen18_jiayintang_dark.001
Fra:1 Mem:3084.97M (Peak 3084.97M) | Time:00:00.93 | Mem:0.00M, Peak:0.00M | Scene, ViewLayer | Synchronizing object | Sunwen18_Gallery_roof.001
Fra:1 Mem:3085.11M (Peak 3085.11M) | Time:00:00.93 | Mem:0.00M, Peak:0.00M | Scene, ViewLayer | Synchronizing object | Sunwen18_Gallery_tile.001
Fra:1 Mem:3085.83M (Peak 3085.83M) | Time:00:00.93 | Mem:0.00M, Peak:0.00M | Scene, ViewLayer | Synchronizing object | Sunwen18_Gallery_ridge.001
Fra:1 Mem:3087.67M (Peak 3087.67M) | Time:00:00.93 | Mem:0.00M, Peak:0.00M | Scene, ViewLayer | Synchronizing object | Sunwen18_Gallery_wood.001
Fra:1 Mem:3088.59M (Peak 3089.08M) | Time:00:00.93 | Mem:0.00M, Peak:0.00M | Scene, ViewLayer | Synchronizing object | Garden_Sun_Shadow
Fra:1 Mem:3088.59M (Peak 3089.08M) | Time:00:00.93 | Mem:0.00M, Peak:0.00M | Scene, ViewLayer | Synchronizing object | Root_Garden_Underplanting_gold
Fra:1 Mem:3088.85M (Peak 3089.08M) | Time:00:00.93 | Mem:0.00M, Peak:0.00M | Scene, ViewLayer | Synchronizing object | SunwenBed_grove-00_garden_moss.001
Fra:1 Mem:3088.87M (Peak 3089.08M) | Time:00:00.93 | Mem:0.00M, Peak:0.00M | Scene, ViewLayer | Synchronizing object | SunwenBed_grove-00_garden_bean.001
Fra:1 Mem:3088.87M (Peak 3089.08M) | Time:00:00.93 | Mem:0.00M, Peak:0.00M | Scene, ViewLayer | Synchronizing object | SunwenBed_grove-00_garden_jade.001
Fra:1 Mem:3089.04M (Peak 3089.08M) | Time:00:00.93 | Mem:0.00M, Peak:0.00M | Scene, ViewLayer | Synchronizing object | SunwenBed_grove-00_sunwen_white.001
Fra:1 Mem:3089.12M (Peak 3089.12M) | Time:00:00.93 | Mem:0.00M, Peak:0.00M | Scene, ViewLayer | Synchronizing object | SunwenBed_grove-00_sunwen_gold.001
Fra:1 Mem:3089.16M (Peak 3089.16M) | Time:00:00.93 | Mem:0.00M, Peak:0.00M | Scene, ViewLayer | Synchronizing object | SunwenBed_grove-01_garden_moss.001
Fra:1 Mem:3090.02M (Peak 3090.02M) | Time:00:00.93 | Mem:0.00M, Peak:0.00M | Scene, ViewLayer | Synchronizing object | SunwenBed_grove-01_garden_bean.001
Fra:1 Mem:3090.11M (Peak 3090.11M) | Time:00:00.93 | Mem:0.00M, Peak:0.00M | Scene, ViewLayer | Synchronizing object | Root_Garden_Underplanting_pink
Fra:1 Mem:3091.47M (Peak 3091.47M) | Time:00:00.93 | Mem:0.00M, Peak:0.00M | Scene, ViewLayer | Synchronizing object | SunwenBed_grove-01_garden_jade.001
Fra:1 Mem:3092.40M (Peak 3092.40M) | Time:00:00.94 | Mem:0.00M, Peak:0.00M | Scene, ViewLayer | Synchronizing object | SunwenBed_grove-01_sunwen_white.001
Fra:1 Mem:3092.49M (Peak 3092.49M) | Time:00:00.94 | Mem:0.00M, Peak:0.00M | Scene, ViewLayer | Synchronizing object | Root_Garden_Underplanting_moss
Fra:1 Mem:3092.92M (Peak 3092.92M) | Time:00:00.94 | Mem:0.00M, Peak:0.00M | Scene, ViewLayer | Synchronizing object | SunwenBed_grove-01_sunwen_gold.001
Fra:1 Mem:3092.92M (Peak 3092.92M) | Time:00:00.94 | Mem:0.00M, Peak:0.00M | Scene, ViewLayer | Synchronizing object | SunwenBed_grove-02_garden_moss.001
Fra:1 Mem:3093.05M (Peak 3093.05M) | Time:00:00.94 | Mem:0.00M, Peak:0.00M | Scene, ViewLayer | Synchronizing object | SunwenBed_grove-02_garden_bean.001
Fra:1 Mem:3093.25M (Peak 3093.25M) | Time:00:00.94 | Mem:0.00M, Peak:0.00M | Scene, ViewLayer | Synchronizing object | SunwenBed_grove-02_garden_jade.001
Fra:1 Mem:3093.37M (Peak 3093.37M) | Time:00:00.94 | Mem:0.00M, Peak:0.00M | Scene, ViewLayer | Synchronizing object | SunwenBed_grove-02_sunwen_white.001
Fra:1 Mem:3093.43M (Peak 3093.43M) | Time:00:00.94 | Mem:0.00M, Peak:0.00M | Scene, ViewLayer | Synchronizing object | SunwenBed_grove-02_sunwen_gold.001
Fra:1 Mem:3093.47M (Peak 3093.47M) | Time:00:00.94 | Mem:0.00M, Peak:0.00M | Scene, ViewLayer | Synchronizing object | SunwenBed_grove-03_garden_moss.001
Fra:1 Mem:3093.54M (Peak 3093.54M) | Time:00:00.94 | Mem:0.00M, Peak:0.00M | Scene, ViewLayer | Synchronizing object | SunwenBed_grove-03_garden_bean.001
Fra:1 Mem:3094.47M (Peak 3094.47M) | Time:00:00.94 | Mem:0.00M, Peak:0.00M | Scene, ViewLayer | Synchronizing object | SunwenBed_grove-03_garden_jade.001
Fra:1 Mem:3094.59M (Peak 3094.59M) | Time:00:00.94 | Mem:0.00M, Peak:0.00M | Scene, ViewLayer | Synchronizing object | SunwenBed_grove-03_sunwen_white.001
Fra:1 Mem:3094.84M (Peak 3094.84M) | Time:00:00.94 | Mem:0.00M, Peak:0.00M | Scene, ViewLayer | Synchronizing object | SunwenBed_grove-03_sunwen_gold.001
Fra:1 Mem:3094.84M (Peak 3094.84M) | Time:00:00.94 | Mem:0.00M, Peak:0.00M | Scene, ViewLayer | Synchronizing object | SunwenBed_grove-04_garden_jade.001
Fra:1 Mem:3095.62M (Peak 3095.62M) | Time:00:00.94 | Mem:0.00M, Peak:0.00M | Scene, ViewLayer | Synchronizing object | SunwenBed_grove-04_garden_moss.001
Fra:1 Mem:3095.78M (Peak 3095.78M) | Time:00:00.94 | Mem:0.00M, Peak:0.00M | Scene, ViewLayer | Synchronizing object | SunwenBed_grove-04_garden_bean.001
Fra:1 Mem:3095.86M (Peak 3095.86M) | Time:00:00.94 | Mem:0.00M, Peak:0.00M | Scene, ViewLayer | Synchronizing object | SunwenBed_grove-04_sunwen_iris.001
Fra:1 Mem:3096.15M (Peak 3096.15M) | Time:00:00.94 | Mem:0.00M, Peak:0.00M | Scene, ViewLayer | Synchronizing object | SunwenBed_grove-04_sunwen_gold.001
Fra:1 Mem:3096.25M (Peak 3096.25M) | Time:00:00.94 | Mem:0.00M, Peak:0.00M | Scene, ViewLayer | Synchronizing object | SunwenBed_grove-05_garden_moss.001
Fra:1 Mem:3096.37M (Peak 3096.37M) | Time:00:00.94 | Mem:0.00M, Peak:0.00M | Scene, ViewLayer | Synchronizing object | SunwenBed_grove-05_garden_bean.001
Fra:1 Mem:3096.39M (Peak 3096.39M) | Time:00:00.94 | Mem:0.00M, Peak:0.00M | Scene, ViewLayer | Synchronizing object | SunwenBed_grove-05_garden_jade.001
Fra:1 Mem:3096.40M (Peak 3096.40M) | Time:00:00.94 | Mem:0.00M, Peak:0.00M | Scene, ViewLayer | Synchronizing object | SunwenBed_grove-05_sunwen_white.001
Fra:1 Mem:3096.51M (Peak 3096.51M) | Time:00:00.94 | Mem:0.00M, Peak:0.00M | Scene, ViewLayer | Synchronizing object | SunwenBed_grove-05_sunwen_gold.001
Fra:1 Mem:3096.61M (Peak 3096.61M) | Time:00:00.94 | Mem:0.00M, Peak:0.00M | Scene, ViewLayer | Synchronizing object | SunwenBed_grove-06_garden_moss.001
Fra:1 Mem:3096.71M (Peak 3096.71M) | Time:00:00.94 | Mem:0.00M, Peak:0.00M | Scene, ViewLayer | Synchronizing object | SunwenBed_grove-06_garden_bean.001
Fra:1 Mem:3096.73M (Peak 3096.73M) | Time:00:00.94 | Mem:0.00M, Peak:0.00M | Scene, ViewLayer | Synchronizing object | SunwenBed_grove-06_garden_jade.001
Fra:1 Mem:3096.74M (Peak 3096.74M) | Time:00:00.94 | Mem:0.00M, Peak:0.00M | Scene, ViewLayer | Synchronizing object | SunwenBed_grove-06_sunwen_white.001
Fra:1 Mem:3097.77M (Peak 3097.77M) | Time:00:00.94 | Mem:0.00M, Peak:0.00M | Scene, ViewLayer | Synchronizing object | SunwenBed_grove-06_sunwen_gold.001
Fra:1 Mem:3098.89M (Peak 3098.89M) | Time:00:00.94 | Mem:0.00M, Peak:0.00M | Scene, ViewLayer | Synchronizing object | SunwenBed_grove-07_garden_moss.001
Fra:1 Mem:3099.30M (Peak 3099.30M) | Time:00:00.94 | Mem:0.00M, Peak:0.00M | Scene, ViewLayer | Synchronizing object | SunwenBed_grove-07_garden_bean.001
Fra:1 Mem:3099.72M (Peak 3099.72M) | Time:00:00.94 | Mem:0.00M, Peak:0.00M | Scene, ViewLayer | Synchronizing object | SunwenBed_grove-07_garden_jade.001
Fra:1 Mem:3102.37M (Peak 3102.37M) | Time:00:00.94 | Mem:0.00M, Peak:0.00M | Scene, ViewLayer | Synchronizing object | SunwenBed_grove-07_sunwen_gold.001
Fra:1 Mem:3102.74M (Peak 3102.74M) | Time:00:00.94 | Mem:0.00M, Peak:0.00M | Scene, ViewLayer | Synchronizing object | SunwenBed_grove-08_garden_moss.001
Fra:1 Mem:3102.91M (Peak 3102.91M) | Time:00:00.94 | Mem:0.00M, Peak:0.00M | Scene, ViewLayer | Synchronizing object | SunwenBed_grove-08_garden_bean.001
Fra:1 Mem:3102.98M (Peak 3102.98M) | Time:00:00.94 | Mem:0.00M, Peak:0.00M | Scene, ViewLayer | Synchronizing object | SunwenBed_grove-08_garden_jade.001
Fra:1 Mem:3103.14M (Peak 3103.14M) | Time:00:00.94 | Mem:0.00M, Peak:0.00M | Scene, ViewLayer | Synchronizing object | SunwenBed_grove-08_sunwen_gold.001
Fra:1 Mem:3103.23M (Peak 3103.23M) | Time:00:00.94 | Mem:0.00M, Peak:0.00M | Scene, ViewLayer | Synchronizing object | SunwenBed_grove-09_garden_moss.001
Fra:1 Mem:3103.24M (Peak 3103.24M) | Time:00:00.94 | Mem:0.00M, Peak:0.00M | Scene, ViewLayer | Synchronizing object | SunwenBed_grove-09_garden_bean.001
Fra:1 Mem:3103.35M (Peak 3103.35M) | Time:00:00.94 | Mem:0.00M, Peak:0.00M | Scene, ViewLayer | Synchronizing object | SunwenBed_grove-09_garden_jade.001
Fra:1 Mem:3103.46M (Peak 3103.46M) | Time:00:00.94 | Mem:0.00M, Peak:0.00M | Scene, ViewLayer | Synchronizing object | SunwenBed_grove-09_sunwen_pink.001
Fra:1 Mem:3103.60M (Peak 3103.60M) | Time:00:00.94 | Mem:0.00M, Peak:0.00M | Scene, ViewLayer | Synchronizing object | SunwenBed_grove-09_sunwen_gold.001
Fra:1 Mem:3104.06M (Peak 3104.06M) | Time:00:00.94 | Mem:0.00M, Peak:0.00M | Scene, ViewLayer | Synchronizing object | Root_Garden_Underplanting_sunwen_gold
Fra:1 Mem:3104.13M (Peak 3104.13M) | Time:00:00.94 | Mem:0.00M, Peak:0.00M | Scene, ViewLayer | Synchronizing object | SunwenBed_grove-10_garden_moss.001
Fra:1 Mem:3104.13M (Peak 3104.13M) | Time:00:00.94 | Mem:0.00M, Peak:0.00M | Scene, ViewLayer | Synchronizing object | SunwenBed_grove-10_garden_bean.001
Fra:1 Mem:3104.75M (Peak 3104.75M) | Time:00:00.94 | Mem:0.00M, Peak:0.00M | Scene, ViewLayer | Synchronizing object | SunwenBed_grove-10_sunwen_gold.001
Fra:1 Mem:3104.91M (Peak 3104.91M) | Time:00:00.94 | Mem:0.00M, Peak:0.00M | Scene, ViewLayer | Synchronizing object | SunwenBed_grove-11_garden_jade.001
Fra:1 Mem:3105.05M (Peak 3105.05M) | Time:00:00.94 | Mem:0.00M, Peak:0.00M | Scene, ViewLayer | Synchronizing object | SunwenBed_grove-11_sunwen_pink.001
Fra:1 Mem:3105.18M (Peak 3105.18M) | Time:00:00.94 | Mem:0.00M, Peak:0.00M | Scene, ViewLayer | Synchronizing object | SunwenBed_grove-11_sunwen_gold.001
Fra:1 Mem:3105.35M (Peak 3105.35M) | Time:00:00.94 | Mem:0.00M, Peak:0.00M | Scene, ViewLayer | Synchronizing object | SunwenBed_grove-12_garden_moss.001
Fra:1 Mem:3105.75M (Peak 3105.75M) | Time:00:00.94 | Mem:0.00M, Peak:0.00M | Scene, ViewLayer | Synchronizing object | SunwenBed_grove-12_garden_bean.001
Fra:1 Mem:3105.96M (Peak 3105.96M) | Time:00:00.94 | Mem:0.00M, Peak:0.00M | Scene, ViewLayer | Synchronizing object | SunwenBed_grove-12_garden_jade.001
Fra:1 Mem:3105.97M (Peak 3105.97M) | Time:00:00.94 | Mem:0.00M, Peak:0.00M | Scene, ViewLayer | Synchronizing object | SunwenBed_grove-12_sunwen_white.001
Fra:1 Mem:3106.14M (Peak 3106.14M) | Time:00:00.94 | Mem:0.00M, Peak:0.00M | Scene, ViewLayer | Synchronizing object | SunwenBed_grove-12_sunwen_gold.001
Fra:1 Mem:3106.18M (Peak 3106.18M) | Time:00:00.94 | Mem:0.00M, Peak:0.00M | Scene, ViewLayer | Synchronizing object | SunwenBed_grove-13_garden_moss.001
Fra:1 Mem:3106.34M (Peak 3106.34M) | Time:00:00.94 | Mem:0.00M, Peak:0.00M | Scene, ViewLayer | Synchronizing object | Root_Garden_Underplanting_white
Fra:1 Mem:3106.43M (Peak 3106.43M) | Time:00:00.94 | Mem:0.00M, Peak:0.00M | Scene, ViewLayer | Synchronizing object | SunwenBed_grove-13_garden_bean.001
Fra:1 Mem:3106.57M (Peak 3106.57M) | Time:00:00.94 | Mem:0.00M, Peak:0.00M | Scene, ViewLayer | Synchronizing object | SunwenBed_grove-13_garden_jade.001
Fra:1 Mem:3106.69M (Peak 3106.69M) | Time:00:00.94 | Mem:0.00M, Peak:0.00M | Scene, ViewLayer | Synchronizing object | SunwenBed_grove-13_sunwen_pink.001
Fra:1 Mem:3106.90M (Peak 3106.90M) | Time:00:00.94 | Mem:0.00M, Peak:0.00M | Scene, ViewLayer | Synchronizing object | SunwenBed_grove-13_sunwen_gold.001
Fra:1 Mem:3107.15M (Peak 3107.15M) | Time:00:00.94 | Mem:0.00M, Peak:0.00M | Scene, ViewLayer | Synchronizing object | Root_Garden_Underplanting_beanLeaf.001
Fra:1 Mem:3107.18M (Peak 3107.18M) | Time:00:00.94 | Mem:0.00M, Peak:0.00M | Scene, ViewLayer | Synchronizing object | SunwenBed_grove-14_garden_moss.001
Fra:1 Mem:3107.90M (Peak 3107.90M) | Time:00:00.94 | Mem:0.00M, Peak:0.00M | Scene, ViewLayer | Synchronizing object | SunwenBed_grove-14_garden_bean.001
Fra:1 Mem:3108.02M (Peak 3108.02M) | Time:00:00.94 | Mem:0.00M, Peak:0.00M | Scene, ViewLayer | Synchronizing object | SunwenBed_grove-14_garden_jade.001
Fra:1 Mem:3108.12M (Peak 3108.12M) | Time:00:00.94 | Mem:0.00M, Peak:0.00M | Scene, ViewLayer | Synchronizing object | SunwenBed_grove-14_sunwen_white.001
Fra:1 Mem:3108.12M (Peak 3108.12M) | Time:00:00.94 | Mem:0.00M, Peak:0.00M | Scene, ViewLayer | Synchronizing object | SunwenBed_grove-14_sunwen_gold.001
Fra:1 Mem:3108.18M (Peak 3108.18M) | Time:00:00.94 | Mem:0.00M, Peak:0.00M | Scene, ViewLayer | Synchronizing object | SunwenBed_grove-15_garden_moss.001
Fra:1 Mem:3108.24M (Peak 3108.24M) | Time:00:00.94 | Mem:0.00M, Peak:0.00M | Scene, ViewLayer | Synchronizing object | SunwenBed_grove-15_garden_bean.001
Fra:1 Mem:3108.31M (Peak 3108.31M) | Time:00:00.94 | Mem:0.00M, Peak:0.00M | Scene, ViewLayer | Synchronizing object | SunwenBed_grove-15_garden_jade.001
Fra:1 Mem:3108.38M (Peak 3108.38M) | Time:00:00.94 | Mem:0.00M, Peak:0.00M | Scene, ViewLayer | Synchronizing object | SunwenBed_grove-15_sunwen_iris.001
Fra:1 Mem:3108.41M (Peak 3108.41M) | Time:00:00.94 | Mem:0.00M, Peak:0.00M | Scene, ViewLayer | Synchronizing object | SunwenBed_grove-15_sunwen_gold.001
Fra:1 Mem:3108.45M (Peak 3108.45M) | Time:00:00.94 | Mem:0.00M, Peak:0.00M | Scene, ViewLayer | Synchronizing object | SunwenBed_grove-16_garden_moss.001
Fra:1 Mem:3108.48M (Peak 3108.48M) | Time:00:00.94 | Mem:0.00M, Peak:0.00M | Scene, ViewLayer | Synchronizing object | SunwenBed_grove-16_garden_bean.001
Fra:1 Mem:3108.61M (Peak 3108.61M) | Time:00:00.94 | Mem:0.00M, Peak:0.00M | Scene, ViewLayer | Synchronizing object | SunwenBed_grove-16_garden_jade.001
Fra:1 Mem:3108.64M (Peak 3108.64M) | Time:00:00.94 | Mem:0.00M, Peak:0.00M | Scene, ViewLayer | Synchronizing object | SunwenBed_grove-16_sunwen_white.001
Fra:1 Mem:3108.85M (Peak 3108.85M) | Time:00:00.94 | Mem:0.00M, Peak:0.00M | Scene, ViewLayer | Synchronizing object | SunwenBed_grove-16_sunwen_gold.001
Fra:1 Mem:3108.87M (Peak 3108.87M) | Time:00:00.94 | Mem:0.00M, Peak:0.00M | Scene, ViewLayer | Synchronizing object | SunwenBed_grove-17_garden_bean.001
Fra:1 Mem:3109.08M (Peak 3109.08M) | Time:00:00.94 | Mem:0.00M, Peak:0.00M | Scene, ViewLayer | Synchronizing object | SunwenBed_grove-17_garden_jade.001
Fra:1 Mem:3109.16M (Peak 3109.16M) | Time:00:00.94 | Mem:0.00M, Peak:0.00M | Scene, ViewLayer | Synchronizing object | SunwenBed_grove-17_garden_moss.001
Fra:1 Mem:3109.27M (Peak 3109.27M) | Time:00:00.94 | Mem:0.00M, Peak:0.00M | Scene, ViewLayer | Synchronizing object | SunwenBed_grove-17_sunwen_iris.001
Fra:1 Mem:3109.45M (Peak 3109.45M) | Time:00:00.94 | Mem:0.00M, Peak:0.00M | Scene, ViewLayer | Synchronizing object | SunwenBed_grove-17_sunwen_gold.001
Fra:1 Mem:3109.46M (Peak 3109.46M) | Time:00:00.94 | Mem:0.00M, Peak:0.00M | Scene, ViewLayer | Synchronizing object | SunwenBed_grove-19_garden_bean.001
Fra:1 Mem:3109.51M (Peak 3109.51M) | Time:00:00.94 | Mem:0.00M, Peak:0.00M | Scene, ViewLayer | Synchronizing object | SunwenBed_grove-19_garden_jade.001
Fra:1 Mem:3109.53M (Peak 3109.53M) | Time:00:00.94 | Mem:0.00M, Peak:0.00M | Scene, ViewLayer | Synchronizing object | SunwenBed_grove-19_garden_moss.001
Fra:1 Mem:3109.65M (Peak 3109.65M) | Time:00:00.94 | Mem:0.00M, Peak:0.00M | Scene, ViewLayer | Synchronizing object | SunwenBed_grove-19_sunwen_iris.001
Fra:1 Mem:3109.86M (Peak 3109.86M) | Time:00:00.94 | Mem:0.00M, Peak:0.00M | Scene, ViewLayer | Synchronizing object | SunwenBed_grove-19_sunwen_gold.001
Fra:1 Mem:3109.84M (Peak 3109.86M) | Time:00:00.94 | Mem:0.00M, Peak:0.00M | Scene, ViewLayer | Synchronizing object | SunwenBed_grove-20_garden_moss.001
Fra:1 Mem:3109.89M (Peak 3109.89M) | Time:00:00.94 | Mem:0.00M, Peak:0.00M | Scene, ViewLayer | Synchronizing object | SunwenBed_grove-20_garden_bean.001
Fra:1 Mem:3110.03M (Peak 3110.03M) | Time:00:00.94 | Mem:0.00M, Peak:0.00M | Scene, ViewLayer | Synchronizing object | SunwenBed_grove-20_garden_jade.001
Fra:1 Mem:3110.05M (Peak 3110.05M) | Time:00:00.94 | Mem:0.00M, Peak:0.00M | Scene, ViewLayer | Synchronizing object | SunwenBed_grove-20_sunwen_white.001
Fra:1 Mem:3110.66M (Peak 3110.66M) | Time:00:00.94 | Mem:0.00M, Peak:0.00M | Scene, ViewLayer | Synchronizing object | SunwenBed_grove-21_garden_moss.001
Fra:1 Mem:3110.66M (Peak 3110.66M) | Time:00:00.94 | Mem:0.00M, Peak:0.00M | Scene, ViewLayer | Synchronizing object | SunwenBed_grove-20_sunwen_gold.001
Fra:1 Mem:3110.70M (Peak 3110.70M) | Time:00:00.94 | Mem:0.00M, Peak:0.00M | Scene, ViewLayer | Synchronizing object | SunwenBed_grove-21_garden_bean.001
Fra:1 Mem:3110.71M (Peak 3110.71M) | Time:00:00.94 | Mem:0.00M, Peak:0.00M | Scene, ViewLayer | Synchronizing object | SunwenBed_grove-21_garden_jade.001
Fra:1 Mem:3110.75M (Peak 3110.75M) | Time:00:00.94 | Mem:0.00M, Peak:0.00M | Scene, ViewLayer | Synchronizing object | SunwenBed_grove-21_sunwen_iris.001
Fra:1 Mem:3110.81M (Peak 3110.81M) | Time:00:00.94 | Mem:0.00M, Peak:0.00M | Scene, ViewLayer | Synchronizing object | SunwenBed_grove-21_sunwen_gold.001
Fra:1 Mem:3110.95M (Peak 3110.95M) | Time:00:00.94 | Mem:0.00M, Peak:0.00M | Scene, ViewLayer | Synchronizing object | SunwenBed_grove-22_garden_moss.001
Fra:1 Mem:3111.18M (Peak 3111.18M) | Time:00:00.94 | Mem:0.00M, Peak:0.00M | Scene, ViewLayer | Synchronizing object | SunwenBed_grove-22_garden_bean.001
Fra:1 Mem:3111.40M (Peak 3111.40M) | Time:00:00.94 | Mem:0.00M, Peak:0.00M | Scene, ViewLayer | Synchronizing object | SunwenBed_grove-22_sunwen_iris.001
Fra:1 Mem:3111.44M (Peak 3111.44M) | Time:00:00.94 | Mem:0.00M, Peak:0.00M | Scene, ViewLayer | Synchronizing object | SunwenBed_grove-22_garden_jade.001
Fra:1 Mem:3111.63M (Peak 3111.63M) | Time:00:00.94 | Mem:0.00M, Peak:0.00M | Scene, ViewLayer | Synchronizing object | SunwenBed_grove-22_sunwen_gold.001
Fra:1 Mem:3111.75M (Peak 3111.75M) | Time:00:00.94 | Mem:0.00M, Peak:0.00M | Scene, ViewLayer | Synchronizing object | SunwenBed_grove-23_garden_moss.001
Fra:1 Mem:3111.84M (Peak 3111.84M) | Time:00:00.94 | Mem:0.00M, Peak:0.00M | Scene, ViewLayer | Synchronizing object | SunwenBed_grove-23_garden_bean.001
Fra:1 Mem:3111.86M (Peak 3111.86M) | Time:00:00.94 | Mem:0.00M, Peak:0.00M | Scene, ViewLayer | Synchronizing object | SunwenBed_grove-23_garden_jade.001
Fra:1 Mem:3111.99M (Peak 3111.99M) | Time:00:00.94 | Mem:0.00M, Peak:0.00M | Scene, ViewLayer | Synchronizing object | SunwenBed_grove-23_sunwen_iris.001
Fra:1 Mem:3112.00M (Peak 3112.00M) | Time:00:00.94 | Mem:0.00M, Peak:0.00M | Scene, ViewLayer | Synchronizing object | SunwenBed_grove-23_sunwen_gold.001
Fra:1 Mem:3112.05M (Peak 3112.05M) | Time:00:00.94 | Mem:0.00M, Peak:0.00M | Scene, ViewLayer | Synchronizing object | SunwenBed_grove-24_garden_moss.001
Fra:1 Mem:3112.31M (Peak 3112.31M) | Time:00:00.94 | Mem:0.00M, Peak:0.00M | Scene, ViewLayer | Synchronizing object | SunwenBed_grove-24_garden_bean.001
Fra:1 Mem:3112.31M (Peak 3112.31M) | Time:00:00.94 | Mem:0.00M, Peak:0.00M | Scene, ViewLayer | Synchronizing object | SunwenBed_grove-24_garden_jade.001
Fra:1 Mem:3112.46M (Peak 3112.46M) | Time:00:00.94 | Mem:0.00M, Peak:0.00M | Scene, ViewLayer | Synchronizing object | SunwenBed_grove-24_sunwen_iris.001
Fra:1 Mem:3112.46M (Peak 3112.46M) | Time:00:00.94 | Mem:0.00M, Peak:0.00M | Scene, ViewLayer | Synchronizing object | SunwenBed_grove-24_sunwen_gold.001
Fra:1 Mem:3112.55M (Peak 3112.55M) | Time:00:00.94 | Mem:0.00M, Peak:0.00M | Scene, ViewLayer | Synchronizing object | SunwenBed_grove-25_garden_moss.001
Fra:1 Mem:3112.58M (Peak 3112.58M) | Time:00:00.94 | Mem:0.00M, Peak:0.00M | Scene, ViewLayer | Synchronizing object | SunwenBed_grove-25_garden_bean.001
Fra:1 Mem:3112.70M (Peak 3112.70M) | Time:00:00.94 | Mem:0.00M, Peak:0.00M | Scene, ViewLayer | Synchronizing object | SunwenBed_grove-25_garden_jade.001
Fra:1 Mem:3113.15M (Peak 3113.15M) | Time:00:00.94 | Mem:0.00M, Peak:0.00M | Scene, ViewLayer | Synchronizing object | SunwenBed_grove-25_sunwen_pink.001
Fra:1 Mem:3113.18M (Peak 3113.18M) | Time:00:00.94 | Mem:0.00M, Peak:0.00M | Scene, ViewLayer | Synchronizing object | SunwenBed_grove-25_sunwen_gold.001
Fra:1 Mem:3114.11M (Peak 3114.11M) | Time:00:00.94 | Mem:0.00M, Peak:0.00M | Scene, ViewLayer | Synchronizing object | SunwenBed_grove-26_garden_bean.001
Fra:1 Mem:3114.11M (Peak 3114.11M) | Time:00:00.94 | Mem:0.00M, Peak:0.00M | Scene, ViewLayer | Synchronizing object | SunwenBed_grove-26_garden_moss.001
Fra:1 Mem:3114.19M (Peak 3114.19M) | Time:00:00.94 | Mem:0.00M, Peak:0.00M | Scene, ViewLayer | Synchronizing object | SunwenBed_grove-26_garden_jade.001
Fra:1 Mem:3115.07M (Peak 3115.07M) | Time:00:00.94 | Mem:0.00M, Peak:0.00M | Scene, ViewLayer | Synchronizing object | SunwenBed_grove-26_sunwen_pink.001
Fra:1 Mem:3115.09M (Peak 3115.09M) | Time:00:00.95 | Mem:0.00M, Peak:0.00M | Scene, ViewLayer | Synchronizing object | SunwenBed_grove-26_sunwen_gold.001
Fra:1 Mem:3115.10M (Peak 3115.10M) | Time:00:00.95 | Mem:0.00M, Peak:0.00M | Scene, ViewLayer | Synchronizing object | SunwenBed_grove-27_garden_moss.001
Fra:1 Mem:3115.22M (Peak 3115.22M) | Time:00:00.95 | Mem:0.00M, Peak:0.00M | Scene, ViewLayer | Synchronizing object | SunwenBed_grove-27_garden_bean.001
Fra:1 Mem:3115.26M (Peak 3115.26M) | Time:00:00.95 | Mem:0.00M, Peak:0.00M | Scene, ViewLayer | Synchronizing object | SunwenBed_grove-27_garden_jade.001
Fra:1 Mem:3115.59M (Peak 3115.59M) | Time:00:00.95 | Mem:0.00M, Peak:0.00M | Scene, ViewLayer | Synchronizing object | SunwenBed_grove-27_sunwen_white.001
Fra:1 Mem:3114.03M (Peak 3115.59M) | Time:00:00.95 | Mem:0.00M, Peak:0.00M | Scene, ViewLayer | Synchronizing object | SunwenBed_grove-27_sunwen_gold.001
Fra:1 Mem:3114.05M (Peak 3115.59M) | Time:00:00.95 | Mem:0.00M, Peak:0.00M | Scene, ViewLayer | Synchronizing object | SunwenBed_grove-28_garden_moss.001
Fra:1 Mem:3115.74M (Peak 3115.74M) | Time:00:00.95 | Mem:0.00M, Peak:0.00M | Scene, ViewLayer | Synchronizing object | SunwenBed_grove-28_garden_jade.001
Fra:1 Mem:3116.60M (Peak 3116.60M) | Time:00:00.95 | Mem:0.00M, Peak:0.00M | Scene, ViewLayer | Synchronizing object | SunwenBed_grove-28_sunwen_gold.001
Fra:1 Mem:3116.64M (Peak 3116.64M) | Time:00:00.95 | Mem:0.00M, Peak:0.00M | Scene, ViewLayer | Synchronizing object | SunwenBed_grove-29_garden_moss.001
Fra:1 Mem:3116.84M (Peak 3116.84M) | Time:00:00.95 | Mem:0.00M, Peak:0.00M | Scene, ViewLayer | Synchronizing object | SunwenBed_grove-29_garden_bean.001
Fra:1 Mem:3117.05M (Peak 3117.05M) | Time:00:00.95 | Mem:0.00M, Peak:0.00M | Scene, ViewLayer | Synchronizing object | SunwenBed_grove-29_garden_jade.001
Fra:1 Mem:3117.27M (Peak 3117.27M) | Time:00:00.95 | Mem:0.00M, Peak:0.00M | Scene, ViewLayer | Synchronizing object | SunwenBed_grove-29_sunwen_gold.001
Fra:1 Mem:3117.28M (Peak 3117.28M) | Time:00:00.95 | Mem:0.00M, Peak:0.00M | Scene, ViewLayer | Synchronizing object | SunwenBed_grove-30_garden_moss.001
Fra:1 Mem:3117.37M (Peak 3117.37M) | Time:00:00.95 | Mem:0.00M, Peak:0.00M | Scene, ViewLayer | Synchronizing object | SunwenBed_grove-30_garden_bean.001
Fra:1 Mem:3117.46M (Peak 3117.46M) | Time:00:00.95 | Mem:0.00M, Peak:0.00M | Scene, ViewLayer | Synchronizing object | SunwenBed_grove-30_garden_jade.001
Fra:1 Mem:3117.63M (Peak 3117.63M) | Time:00:00.95 | Mem:0.00M, Peak:0.00M | Scene, ViewLayer | Synchronizing object | SunwenBed_grove-30_sunwen_iris.001
Fra:1 Mem:3117.65M (Peak 3117.65M) | Time:00:00.95 | Mem:0.00M, Peak:0.00M | Scene, ViewLayer | Synchronizing object | SunwenBed_grove-30_sunwen_gold.001
Fra:1 Mem:3119.33M (Peak 3119.33M) | Time:00:00.95 | Mem:0.00M, Peak:0.00M | Scene, ViewLayer | Synchronizing object | SunwenBed_grove-31_garden_moss.001
Fra:1 Mem:3119.64M (Peak 3119.64M) | Time:00:00.95 | Mem:0.00M, Peak:0.00M | Scene, ViewLayer | Synchronizing object | SunwenBed_grove-31_garden_bean.001
Fra:1 Mem:3119.76M (Peak 3119.76M) | Time:00:00.95 | Mem:0.00M, Peak:0.00M | Scene, ViewLayer | Synchronizing object | SunwenBed_grove-31_garden_jade.001
Fra:1 Mem:3119.76M (Peak 3119.76M) | Time:00:00.95 | Mem:0.00M, Peak:0.00M | Scene, ViewLayer | Synchronizing object | SunwenBed_grove-31_sunwen_gold.001
Fra:1 Mem:3119.90M (Peak 3119.90M) | Time:00:00.95 | Mem:0.00M, Peak:0.00M | Scene, ViewLayer | Synchronizing object | SunwenBed_grove-32_garden_jade.001
Fra:1 Mem:3119.99M (Peak 3119.99M) | Time:00:00.95 | Mem:0.00M, Peak:0.00M | Scene, ViewLayer | Synchronizing object | SunwenBed_grove-32_garden_moss.001
Fra:1 Mem:3120.17M (Peak 3120.17M) | Time:00:00.95 | Mem:0.00M, Peak:0.00M | Scene, ViewLayer | Synchronizing object | SunwenBed_grove-32_garden_bean.001
Fra:1 Mem:3120.26M (Peak 3120.26M) | Time:00:00.95 | Mem:0.00M, Peak:0.00M | Scene, ViewLayer | Synchronizing object | SunwenBed_grove-32_sunwen_white.001
Fra:1 Mem:3120.33M (Peak 3120.33M) | Time:00:00.95 | Mem:0.00M, Peak:0.00M | Scene, ViewLayer | Synchronizing object | SunwenBed_grove-32_sunwen_gold.001
Fra:1 Mem:3120.44M (Peak 3120.44M) | Time:00:00.95 | Mem:0.00M, Peak:0.00M | Scene, ViewLayer | Synchronizing object | SunwenBed_grove-33_garden_moss.001
Fra:1 Mem:3120.46M (Peak 3120.46M) | Time:00:00.95 | Mem:0.00M, Peak:0.00M | Scene, ViewLayer | Synchronizing object | SunwenBed_grove-33_garden_jade.001
Fra:1 Mem:3120.48M (Peak 3120.48M) | Time:00:00.95 | Mem:0.00M, Peak:0.00M | Scene, ViewLayer | Synchronizing object | SunwenBed_grove-33_sunwen_white.001
Fra:1 Mem:3120.48M (Peak 3120.48M) | Time:00:00.95 | Mem:0.00M, Peak:0.00M | Scene, ViewLayer | Synchronizing object | SunwenBed_grove-33_garden_bean.001
Fra:1 Mem:3120.56M (Peak 3120.56M) | Time:00:00.95 | Mem:0.00M, Peak:0.00M | Scene, ViewLayer | Synchronizing object | SunwenBed_grove-33_sunwen_gold.001
Fra:1 Mem:3120.59M (Peak 3120.59M) | Time:00:00.95 | Mem:0.00M, Peak:0.00M | Scene, ViewLayer | Synchronizing object | SunwenBed_grove-34_garden_moss.001
Fra:1 Mem:3120.66M (Peak 3120.66M) | Time:00:00.95 | Mem:0.00M, Peak:0.00M | Scene, ViewLayer | Synchronizing object | SunwenBed_grove-34_garden_bean.001
Fra:1 Mem:3120.90M (Peak 3120.90M) | Time:00:00.95 | Mem:0.00M, Peak:0.00M | Scene, ViewLayer | Synchronizing object | SunwenBed_grove-34_garden_jade.001
Fra:1 Mem:3121.03M (Peak 3121.03M) | Time:00:00.95 | Mem:0.00M, Peak:0.00M | Scene, ViewLayer | Synchronizing object | SunwenBed_grove-34_sunwen_white.001
Fra:1 Mem:3121.05M (Peak 3121.05M) | Time:00:00.95 | Mem:0.00M, Peak:0.00M | Scene, ViewLayer | Synchronizing object | SunwenBed_grove-34_sunwen_gold.001
Fra:1 Mem:3121.07M (Peak 3121.07M) | Time:00:00.95 | Mem:0.00M, Peak:0.00M | Scene, ViewLayer | Synchronizing object | SunwenBed_grove-35_garden_moss.001
Fra:1 Mem:3121.09M (Peak 3121.09M) | Time:00:00.95 | Mem:0.00M, Peak:0.00M | Scene, ViewLayer | Synchronizing object | SunwenBed_grove-35_garden_bean.001
Fra:1 Mem:3121.23M (Peak 3121.23M) | Time:00:00.95 | Mem:0.00M, Peak:0.00M | Scene, ViewLayer | Synchronizing object | SunwenBed_grove-35_garden_jade.001
Fra:1 Mem:3121.51M (Peak 3121.51M) | Time:00:00.95 | Mem:0.00M, Peak:0.00M | Scene, ViewLayer | Synchronizing object | SunwenBed_grove-35_sunwen_white.001
Fra:1 Mem:3121.55M (Peak 3121.55M) | Time:00:00.95 | Mem:0.00M, Peak:0.00M | Scene, ViewLayer | Synchronizing object | SunwenBed_grove-35_sunwen_gold.001
Fra:1 Mem:3121.58M (Peak 3121.58M) | Time:00:00.95 | Mem:0.00M, Peak:0.00M | Scene, ViewLayer | Synchronizing object | SunwenBed_grove-36_garden_moss.001
Fra:1 Mem:3121.61M (Peak 3121.61M) | Time:00:00.95 | Mem:0.00M, Peak:0.00M | Scene, ViewLayer | Synchronizing object | SunwenBed_grove-36_garden_bean.001
Fra:1 Mem:3121.68M (Peak 3121.68M) | Time:00:00.95 | Mem:0.00M, Peak:0.00M | Scene, ViewLayer | Synchronizing object | SunwenBed_grove-36_sunwen_gold.001
Fra:1 Mem:3121.70M (Peak 3121.70M) | Time:00:00.95 | Mem:0.00M, Peak:0.00M | Scene, ViewLayer | Synchronizing object | SunwenBed_grove-37_garden_jade.001
Fra:1 Mem:3122.56M (Peak 3122.56M) | Time:00:00.95 | Mem:0.00M, Peak:0.00M | Scene, ViewLayer | Synchronizing object | SunwenBed_grove-37_garden_moss.001
Fra:1 Mem:3122.58M (Peak 3122.58M) | Time:00:00.95 | Mem:0.00M, Peak:0.00M | Scene, ViewLayer | Synchronizing object | SunwenBed_grove-37_sunwen_gold.001
Fra:1 Mem:3122.87M (Peak 3122.87M) | Time:00:00.95 | Mem:0.00M, Peak:0.00M | Scene, ViewLayer | Synchronizing object | SunwenBed_grove-38_garden_moss.001
Fra:1 Mem:3122.88M (Peak 3122.88M) | Time:00:00.95 | Mem:0.00M, Peak:0.00M | Scene, ViewLayer | Synchronizing object | SunwenBed_grove-38_garden_bean.001
Fra:1 Mem:3123.05M (Peak 3123.05M) | Time:00:00.95 | Mem:0.00M, Peak:0.00M | Scene, ViewLayer | Synchronizing object | SunwenBed_grove-38_garden_jade.001
Fra:1 Mem:3123.06M (Peak 3123.06M) | Time:00:00.95 | Mem:0.00M, Peak:0.00M | Scene, ViewLayer | Synchronizing object | SunwenBed_grove-38_sunwen_white.001
Fra:1 Mem:3123.28M (Peak 3123.28M) | Time:00:00.95 | Mem:0.00M, Peak:0.00M | Scene, ViewLayer | Synchronizing object | SunwenBed_grove-38_sunwen_gold.001
Fra:1 Mem:3123.28M (Peak 3123.28M) | Time:00:00.95 | Mem:0.00M, Peak:0.00M | Scene, ViewLayer | Synchronizing object | SunwenBed_grove-39_garden_moss.001
Fra:1 Mem:3123.57M (Peak 3123.57M) | Time:00:00.95 | Mem:0.00M, Peak:0.00M | Scene, ViewLayer | Synchronizing object | SunwenBed_grove-39_garden_bean.001
Fra:1 Mem:3123.63M (Peak 3123.63M) | Time:00:00.95 | Mem:0.00M, Peak:0.00M | Scene, ViewLayer | Synchronizing object | SunwenBed_grove-39_garden_jade.001
Fra:1 Mem:3123.74M (Peak 3123.74M) | Time:00:00.95 | Mem:0.00M, Peak:0.00M | Scene, ViewLayer | Synchronizing object | SunwenBed_grove-39_sunwen_white.001
Fra:1 Mem:3124.00M (Peak 3124.86M) | Time:00:00.95 | Mem:0.00M, Peak:0.00M | Scene, ViewLayer | Synchronizing object | Root_Garden_Underplanting_leaf.001
Fra:1 Mem:3124.72M (Peak 3124.86M) | Time:00:00.95 | Mem:0.00M, Peak:0.00M | Scene, ViewLayer | Synchronizing object | SunwenBed_grove-39_sunwen_gold.001
Fra:1 Mem:3124.78M (Peak 3124.86M) | Time:00:00.95 | Mem:0.00M, Peak:0.00M | Scene, ViewLayer | Synchronizing object | SunwenBed_grove-40_garden_jade.001
Fra:1 Mem:3124.95M (Peak 3124.95M) | Time:00:00.95 | Mem:0.00M, Peak:0.00M | Scene, ViewLayer | Synchronizing object | SunwenBed_grove-40_garden_moss.001
Fra:1 Mem:3125.00M (Peak 3125.00M) | Time:00:00.95 | Mem:0.00M, Peak:0.00M | Scene, ViewLayer | Synchronizing object | SunwenBed_grove-40_garden_bean.001
Fra:1 Mem:3125.05M (Peak 3125.05M) | Time:00:00.95 | Mem:0.00M, Peak:0.00M | Scene, ViewLayer | Synchronizing object | SunwenBed_grove-40_sunwen_iris.001
Fra:1 Mem:3125.09M (Peak 3125.09M) | Time:00:00.95 | Mem:0.00M, Peak:0.00M | Scene, ViewLayer | Synchronizing object | SunwenBed_grove-40_sunwen_gold.001
Fra:1 Mem:3125.09M (Peak 3125.09M) | Time:00:00.95 | Mem:0.00M, Peak:0.00M | Scene, ViewLayer | Synchronizing object | SunwenBed_grove-41_garden_bean.001
Fra:1 Mem:3125.09M (Peak 3125.09M) | Time:00:00.95 | Mem:0.00M, Peak:0.00M | Scene, ViewLayer | Synchronizing object | SunwenBed_grove-41_garden_jade.001
Fra:1 Mem:3125.13M (Peak 3125.13M) | Time:00:00.95 | Mem:0.00M, Peak:0.00M | Scene, ViewLayer | Synchronizing object | SunwenBed_grove-41_sunwen_iris.001
Fra:1 Mem:3125.21M (Peak 3125.21M) | Time:00:00.95 | Mem:0.00M, Peak:0.00M | Scene, ViewLayer | Synchronizing object | SunwenBed_grove-41_sunwen_gold.001
Fra:1 Mem:3125.22M (Peak 3125.22M) | Time:00:00.95 | Mem:0.00M, Peak:0.00M | Scene, ViewLayer | Synchronizing object | SunwenBed_grove-42_garden_bean.001
Fra:1 Mem:3125.43M (Peak 3125.43M) | Time:00:00.95 | Mem:0.00M, Peak:0.00M | Scene, ViewLayer | Synchronizing object | SunwenBed_grove-42_garden_jade.001
Fra:1 Mem:3125.60M (Peak 3125.60M) | Time:00:00.95 | Mem:0.00M, Peak:0.00M | Scene, ViewLayer | Synchronizing object | SunwenBed_grove-42_sunwen_pink.001
Fra:1 Mem:3125.86M (Peak 3125.86M) | Time:00:00.95 | Mem:0.00M, Peak:0.00M | Scene, ViewLayer | Synchronizing object | SunwenBed_grove-42_sunwen_gold.001
Fra:1 Mem:3126.00M (Peak 3126.00M) | Time:00:00.95 | Mem:0.00M, Peak:0.00M | Scene, ViewLayer | Synchronizing object | SunwenBed_grove-43_garden_moss.001
Fra:1 Mem:3126.12M (Peak 3126.12M) | Time:00:00.95 | Mem:0.00M, Peak:0.00M | Scene, ViewLayer | Synchronizing object | SunwenBed_grove-43_garden_jade.001
Fra:1 Mem:3126.15M (Peak 3126.15M) | Time:00:00.95 | Mem:0.00M, Peak:0.00M | Scene, ViewLayer | Synchronizing object | SunwenBed_grove-43_sunwen_pink.001
Fra:1 Mem:3126.24M (Peak 3126.24M) | Time:00:00.95 | Mem:0.00M, Peak:0.00M | Scene, ViewLayer | Synchronizing object | SunwenBed_grove-43_sunwen_gold.001
Fra:1 Mem:3126.27M (Peak 3126.27M) | Time:00:00.95 | Mem:0.00M, Peak:0.00M | Scene, ViewLayer | Synchronizing object | SunwenBed_grove-44_garden_moss.001
Fra:1 Mem:3126.36M (Peak 3126.36M) | Time:00:00.95 | Mem:0.00M, Peak:0.00M | Scene, ViewLayer | Synchronizing object | SunwenBed_grove-44_garden_bean.001
Fra:1 Mem:3126.87M (Peak 3126.87M) | Time:00:00.95 | Mem:0.00M, Peak:0.00M | Scene, ViewLayer | Synchronizing object | SunwenBed_grove-44_garden_jade.001
Fra:1 Mem:3127.35M (Peak 3127.35M) | Time:00:00.95 | Mem:0.00M, Peak:0.00M | Scene, ViewLayer | Synchronizing object | SunwenBed_grove-44_sunwen_iris.001
Fra:1 Mem:3127.49M (Peak 3127.49M) | Time:00:00.95 | Mem:0.00M, Peak:0.00M | Scene, ViewLayer | Synchronizing object | SunwenBed_grove-44_sunwen_gold.001
Fra:1 Mem:3127.54M (Peak 3127.54M) | Time:00:00.95 | Mem:0.00M, Peak:0.00M | Scene, ViewLayer | Synchronizing object | SunwenBed_grove-45_garden_jade.001
Fra:1 Mem:3128.86M (Peak 3128.86M) | Time:00:00.95 | Mem:0.00M, Peak:0.00M | Scene, ViewLayer | Synchronizing object | SunwenBed_grove-45_garden_bean.001
Fra:1 Mem:3128.94M (Peak 3128.94M) | Time:00:00.95 | Mem:0.00M, Peak:0.00M | Scene, ViewLayer | Synchronizing object | SunwenBed_grove-45_sunwen_pink.001
Fra:1 Mem:3129.03M (Peak 3129.03M) | Time:00:00.95 | Mem:0.00M, Peak:0.00M | Scene, ViewLayer | Synchronizing object | SunwenBed_grove-45_garden_moss.001
Fra:1 Mem:3129.07M (Peak 3129.07M) | Time:00:00.95 | Mem:0.00M, Peak:0.00M | Scene, ViewLayer | Synchronizing object | SunwenBed_grove-47_garden_moss.001
Fra:1 Mem:3129.15M (Peak 3129.15M) | Time:00:00.95 | Mem:0.00M, Peak:0.00M | Scene, ViewLayer | Synchronizing object | SunwenBed_grove-47_garden_bean.001
Fra:1 Mem:3129.30M (Peak 3129.30M) | Time:00:00.95 | Mem:0.00M, Peak:0.00M | Scene, ViewLayer | Synchronizing object | SunwenBed_grove-47_garden_jade.001
Fra:1 Mem:3129.40M (Peak 3129.40M) | Time:00:00.95 | Mem:0.00M, Peak:0.00M | Scene, ViewLayer | Synchronizing object | SunwenBed_grove-47_sunwen_pink.001
Fra:1 Mem:3129.56M (Peak 3129.56M) | Time:00:00.95 | Mem:0.00M, Peak:0.00M | Scene, ViewLayer | Synchronizing object | SunwenBed_grove-47_sunwen_gold.001
Fra:1 Mem:3129.62M (Peak 3129.62M) | Time:00:00.95 | Mem:0.00M, Peak:0.00M | Scene, ViewLayer | Synchronizing object | SunwenBed_grove-48_garden_bean.001
Fra:1 Mem:3129.91M (Peak 3129.91M) | Time:00:00.95 | Mem:0.00M, Peak:0.00M | Scene, ViewLayer | Synchronizing object | SunwenBed_grove-48_garden_jade.001
Fra:1 Mem:3129.96M (Peak 3129.96M) | Time:00:00.95 | Mem:0.00M, Peak:0.00M | Scene, ViewLayer | Synchronizing object | SunwenBed_grove-48_sunwen_gold.001
Fra:1 Mem:3129.97M (Peak 3129.97M) | Time:00:00.95 | Mem:0.00M, Peak:0.00M | Scene, ViewLayer | Synchronizing object | SunwenBed_grove-49_garden_bean.001
Fra:1 Mem:3129.99M (Peak 3129.99M) | Time:00:00.95 | Mem:0.00M, Peak:0.00M | Scene, ViewLayer | Synchronizing object | SunwenBed_grove-49_garden_jade.001
Fra:1 Mem:3130.27M (Peak 3130.27M) | Time:00:00.95 | Mem:0.00M, Peak:0.00M | Scene, ViewLayer | Synchronizing object | SunwenBed_grove-49_garden_moss.001
Fra:1 Mem:3130.33M (Peak 3130.33M) | Time:00:00.95 | Mem:0.00M, Peak:0.00M | Scene, ViewLayer | Synchronizing object | SunwenBed_grove-49_sunwen_iris.001
Fra:1 Mem:3130.37M (Peak 3130.37M) | Time:00:00.95 | Mem:0.00M, Peak:0.00M | Scene, ViewLayer | Synchronizing object | SunwenBed_grove-49_sunwen_gold.001
Fra:1 Mem:3130.46M (Peak 3130.46M) | Time:00:00.95 | Mem:0.00M, Peak:0.00M | Scene, ViewLayer | Synchronizing object | SunwenBed_grove-50_garden_bean.001
Fra:1 Mem:3130.52M (Peak 3130.52M) | Time:00:00.95 | Mem:0.00M, Peak:0.00M | Scene, ViewLayer | Synchronizing object | SunwenBed_grove-50_garden_jade.001
Fra:1 Mem:3130.54M (Peak 3130.54M) | Time:00:00.95 | Mem:0.00M, Peak:0.00M | Scene, ViewLayer | Synchronizing object | SunwenBed_grove-50_sunwen_iris.001
Fra:1 Mem:3130.56M (Peak 3130.56M) | Time:00:00.95 | Mem:0.00M, Peak:0.00M | Scene, ViewLayer | Synchronizing object | SunwenBed_grove-50_sunwen_gold.001
Fra:1 Mem:3130.59M (Peak 3130.59M) | Time:00:00.95 | Mem:0.00M, Peak:0.00M | Scene, ViewLayer | Synchronizing object | SunwenBed_grove-51_garden_bean.001
Fra:1 Mem:3130.64M (Peak 3130.64M) | Time:00:00.95 | Mem:0.00M, Peak:0.00M | Scene, ViewLayer | Synchronizing object | SunwenBed_grove-51_garden_jade.001
Fra:1 Mem:3130.64M (Peak 3130.64M) | Time:00:00.95 | Mem:0.00M, Peak:0.00M | Scene, ViewLayer | Synchronizing object | SunwenBed_grove-51_garden_moss.001
Fra:1 Mem:3130.76M (Peak 3130.76M) | Time:00:00.95 | Mem:0.00M, Peak:0.00M | Scene, ViewLayer | Synchronizing object | SunwenBed_grove-51_sunwen_gold.001
Fra:1 Mem:3130.82M (Peak 3130.82M) | Time:00:00.95 | Mem:0.00M, Peak:0.00M | Scene, ViewLayer | Synchronizing object | SunwenBed_grove-52_garden_moss.001
Fra:1 Mem:3131.06M (Peak 3131.06M) | Time:00:00.95 | Mem:0.00M, Peak:0.00M | Scene, ViewLayer | Synchronizing object | SunwenBed_grove-52_garden_bean.001
Fra:1 Mem:3131.08M (Peak 3131.08M) | Time:00:00.95 | Mem:0.00M, Peak:0.00M | Scene, ViewLayer | Synchronizing object | SunwenBed_grove-52_garden_jade.001
Fra:1 Mem:3131.09M (Peak 3131.09M) | Time:00:00.95 | Mem:0.00M, Peak:0.00M | Scene, ViewLayer | Synchronizing object | SunwenBed_grove-52_sunwen_gold.001
Fra:1 Mem:3131.30M (Peak 3131.30M) | Time:00:00.95 | Mem:0.00M, Peak:0.00M | Scene, ViewLayer | Synchronizing object | SunwenBed_grove-53_garden_moss.001
Fra:1 Mem:3131.39M (Peak 3131.39M) | Time:00:00.95 | Mem:0.00M, Peak:0.00M | Scene, ViewLayer | Synchronizing object | SunwenBed_grove-53_garden_bean.001
Fra:1 Mem:3131.47M (Peak 3131.47M) | Time:00:00.95 | Mem:0.00M, Peak:0.00M | Scene, ViewLayer | Synchronizing object | SunwenBed_grove-53_garden_jade.001
Fra:1 Mem:3131.80M (Peak 3131.80M) | Time:00:00.95 | Mem:0.00M, Peak:0.00M | Scene, ViewLayer | Synchronizing object | SunwenBed_grove-53_sunwen_iris.001
Fra:1 Mem:3132.05M (Peak 3132.05M) | Time:00:00.95 | Mem:0.00M, Peak:0.00M | Scene, ViewLayer | Synchronizing object | SunwenBed_grove-53_sunwen_gold.001
Fra:1 Mem:3132.06M (Peak 3132.06M) | Time:00:00.95 | Mem:0.00M, Peak:0.00M | Scene, ViewLayer | Synchronizing object | SunwenBed_grove-54_garden_moss.001
Fra:1 Mem:3132.09M (Peak 3132.09M) | Time:00:00.95 | Mem:0.00M, Peak:0.00M | Scene, ViewLayer | Synchronizing object | SunwenBed_grove-54_garden_bean.001
Fra:1 Mem:3132.18M (Peak 3132.18M) | Time:00:00.95 | Mem:0.00M, Peak:0.00M | Scene, ViewLayer | Synchronizing object | SunwenBed_grove-54_garden_jade.001
Fra:1 Mem:3132.20M (Peak 3132.20M) | Time:00:00.95 | Mem:0.00M, Peak:0.00M | Scene, ViewLayer | Synchronizing object | SunwenBed_grove-54_sunwen_white.001
Fra:1 Mem:3132.21M (Peak 3132.21M) | Time:00:00.95 | Mem:0.00M, Peak:0.00M | Scene, ViewLayer | Synchronizing object | SunwenBed_grove-54_sunwen_gold.001
Fra:1 Mem:3132.41M (Peak 3132.41M) | Time:00:00.95 | Mem:0.00M, Peak:0.00M | Scene, ViewLayer | Synchronizing object | SunwenBed_grove-55_garden_moss.001
Fra:1 Mem:3132.70M (Peak 3132.70M) | Time:00:00.95 | Mem:0.00M, Peak:0.00M | Scene, ViewLayer | Synchronizing object | SunwenBed_grove-55_garden_bean.001
Fra:1 Mem:3132.80M (Peak 3132.80M) | Time:00:00.95 | Mem:0.00M, Peak:0.00M | Scene, ViewLayer | Synchronizing object | SunwenBed_grove-55_garden_jade.001
Fra:1 Mem:3132.85M (Peak 3132.85M) | Time:00:00.95 | Mem:0.00M, Peak:0.00M | Scene, ViewLayer | Synchronizing object | SunwenBed_grove-55_sunwen_white.001
Fra:1 Mem:3132.88M (Peak 3132.88M) | Time:00:00.95 | Mem:0.00M, Peak:0.00M | Scene, ViewLayer | Synchronizing object | SunwenBed_grove-55_sunwen_gold.001
Fra:1 Mem:3133.08M (Peak 3133.08M) | Time:00:00.95 | Mem:0.00M, Peak:0.00M | Scene, ViewLayer | Synchronizing object | SunwenBed_grove-56_garden_moss.001
Fra:1 Mem:3133.12M (Peak 3133.12M) | Time:00:00.95 | Mem:0.00M, Peak:0.00M | Scene, ViewLayer | Synchronizing object | SunwenBed_grove-56_garden_bean.001
Fra:1 Mem:3133.13M (Peak 3133.13M) | Time:00:00.95 | Mem:0.00M, Peak:0.00M | Scene, ViewLayer | Synchronizing object | SunwenBed_grove-56_garden_jade.001
Fra:1 Mem:3133.17M (Peak 3133.17M) | Time:00:00.95 | Mem:0.00M, Peak:0.00M | Scene, ViewLayer | Synchronizing object | SunwenBed_grove-56_sunwen_iris.001
Fra:1 Mem:3133.17M (Peak 3133.17M) | Time:00:00.95 | Mem:0.00M, Peak:0.00M | Scene, ViewLayer | Synchronizing object | SunwenBed_grove-57_garden_jade.001
Fra:1 Mem:3133.17M (Peak 3133.17M) | Time:00:00.95 | Mem:0.00M, Peak:0.00M | Scene, ViewLayer | Synchronizing object | SunwenBed_grove-57_sunwen_iris.001
Fra:1 Mem:3133.69M (Peak 3133.69M) | Time:00:00.95 | Mem:0.00M, Peak:0.00M | Scene, ViewLayer | Synchronizing object | SunwenBed_grove-57_sunwen_gold.001
Fra:1 Mem:3133.82M (Peak 3133.82M) | Time:00:00.95 | Mem:0.00M, Peak:0.00M | Scene, ViewLayer | Synchronizing object | Root_Garden_Underplanting_jadeLeaf.001
Fra:1 Mem:3134.16M (Peak 3134.16M) | Time:00:00.95 | Mem:0.00M, Peak:0.00M | Scene, ViewLayer | Synchronizing object | SunwenBed_grove-58_garden_moss.001
Fra:1 Mem:3134.24M (Peak 3134.24M) | Time:00:00.95 | Mem:0.00M, Peak:0.00M | Scene, ViewLayer | Synchronizing object | SunwenBed_grove-58_garden_bean.001
Fra:1 Mem:3134.64M (Peak 3134.64M) | Time:00:00.95 | Mem:0.00M, Peak:0.00M | Scene, ViewLayer | Synchronizing object | SunwenBed_grove-58_garden_jade.001
Fra:1 Mem:3134.91M (Peak 3134.91M) | Time:00:00.95 | Mem:0.00M, Peak:0.00M | Scene, ViewLayer | Synchronizing object | SunwenBed_grove-58_sunwen_iris.001
Fra:1 Mem:3134.94M (Peak 3134.94M) | Time:00:00.95 | Mem:0.00M, Peak:0.00M | Scene, ViewLayer | Synchronizing object | SunwenBed_grove-58_sunwen_gold.001
Fra:1 Mem:3134.94M (Peak 3134.94M) | Time:00:00.95 | Mem:0.00M, Peak:0.00M | Scene, ViewLayer | Synchronizing object | SunwenBed_grove-59_garden_moss.001
Fra:1 Mem:3135.00M (Peak 3135.00M) | Time:00:00.95 | Mem:0.00M, Peak:0.00M | Scene, ViewLayer | Synchronizing object | SunwenBed_grove-60_garden_jade.001
Fra:1 Mem:3135.02M (Peak 3135.02M) | Time:00:00.95 | Mem:0.00M, Peak:0.00M | Scene, ViewLayer | Synchronizing object | SunwenBed_grove-60_garden_moss.001
Fra:1 Mem:3135.07M (Peak 3135.07M) | Time:00:00.95 | Mem:0.00M, Peak:0.00M | Scene, ViewLayer | Synchronizing object | SunwenBed_grove-60_garden_bean.001
Fra:1 Mem:3135.09M (Peak 3135.09M) | Time:00:00.95 | Mem:0.00M, Peak:0.00M | Scene, ViewLayer | Synchronizing object | SunwenBed_grove-61_garden_bean.001
Fra:1 Mem:3135.12M (Peak 3135.12M) | Time:00:00.95 | Mem:0.00M, Peak:0.00M | Scene, ViewLayer | Synchronizing object | SunwenBed_grove-61_garden_jade.001
Fra:1 Mem:3135.30M (Peak 3135.30M) | Time:00:00.95 | Mem:0.00M, Peak:0.00M | Scene, ViewLayer | Synchronizing object | SunwenBed_grove-61_garden_moss.001
Fra:1 Mem:3135.36M (Peak 3135.36M) | Time:00:00.95 | Mem:0.00M, Peak:0.00M | Scene, ViewLayer | Synchronizing object | SunwenBed_grove-61_sunwen_gold.001
Fra:1 Mem:3135.55M (Peak 3135.55M) | Time:00:00.95 | Mem:0.00M, Peak:0.00M | Scene, ViewLayer | Synchronizing object | SunwenBed_xiaoxiangguan-bed-0_garden_edge.001
Fra:1 Mem:3135.58M (Peak 3135.58M) | Time:00:00.95 | Mem:0.00M, Peak:0.00M | Scene, ViewLayer | Synchronizing object | SunwenBed_xiaoxiangguan-bed-0_garden_moss.001
Fra:1 Mem:3135.62M (Peak 3135.62M) | Time:00:00.95 | Mem:0.00M, Peak:0.00M | Scene, ViewLayer | Synchronizing object | SunwenBed_xiaoxiangguan-bed-0_garden_bean.001
Fra:1 Mem:3135.63M (Peak 3135.63M) | Time:00:00.95 | Mem:0.00M, Peak:0.00M | Scene, ViewLayer | Synchronizing object | SunwenBed_xiaoxiangguan-bed-0_sunwen_white.001
Fra:1 Mem:3136.67M (Peak 3136.67M) | Time:00:00.95 | Mem:0.00M, Peak:0.00M | Scene, ViewLayer | Synchronizing object | SunwenBed_xiaoxiangguan-bed-0_sunwen_gold.001
Fra:1 Mem:3137.15M (Peak 3137.15M) | Time:00:00.95 | Mem:0.00M, Peak:0.00M | Scene, ViewLayer | Synchronizing object | SunwenBed_xiaoxiangguan-bed-1_garden_edge.001
Fra:1 Mem:3137.17M (Peak 3137.17M) | Time:00:00.95 | Mem:0.00M, Peak:0.00M | Scene, ViewLayer | Synchronizing object | SunwenBed_xiaoxiangguan-bed-1_garden_bean.001
Fra:1 Mem:3137.70M (Peak 3137.70M) | Time:00:00.95 | Mem:0.00M, Peak:0.00M | Scene, ViewLayer | Synchronizing object | SunwenBed_xiaoxiangguan-bed-1_garden_jade.001
Fra:1 Mem:3137.75M (Peak 3137.75M) | Time:00:00.95 | Mem:0.00M, Peak:0.00M | Scene, ViewLayer | Synchronizing object | SunwenBed_xiaoxiangguan-bed-1_sunwen_white.001
Fra:1 Mem:3138.10M (Peak 3138.10M) | Time:00:00.95 | Mem:0.00M, Peak:0.00M | Scene, ViewLayer | Synchronizing object | SunwenBed_xiaoxiangguan-bed-1_sunwen_gold.001
Fra:1 Mem:3138.12M (Peak 3138.12M) | Time:00:00.95 | Mem:0.00M, Peak:0.00M | Scene, ViewLayer | Synchronizing object | SunwenBed_xiaoxiangguan-bed-2_garden_moss.001
Fra:1 Mem:3138.14M (Peak 3138.14M) | Time:00:00.95 | Mem:0.00M, Peak:0.00M | Scene, ViewLayer | Synchronizing object | SunwenBed_xiaoxiangguan-bed-2_garden_bean.001
Fra:1 Mem:3138.24M (Peak 3138.24M) | Time:00:00.95 | Mem:0.00M, Peak:0.00M | Scene, ViewLayer | Synchronizing object | SunwenBed_xiaoxiangguan-bed-2_garden_jade.001
Fra:1 Mem:3138.29M (Peak 3138.29M) | Time:00:00.95 | Mem:0.00M, Peak:0.00M | Scene, ViewLayer | Synchronizing object | SunwenBed_xiaoxiangguan-bed-2_sunwen_white.001
Fra:1 Mem:3138.39M (Peak 3138.39M) | Time:00:00.95 | Mem:0.00M, Peak:0.00M | Scene, ViewLayer | Synchronizing object | SunwenBed_xiaoxiangguan-bed-2_sunwen_gold.001
Fra:1 Mem:3138.49M (Peak 3138.49M) | Time:00:00.95 | Mem:0.00M, Peak:0.00M | Scene, ViewLayer | Synchronizing object | SunwenBed_xiaoxiangguan-bed-3_garden_edge.001
Fra:1 Mem:3138.56M (Peak 3138.56M) | Time:00:00.95 | Mem:0.00M, Peak:0.00M | Scene, ViewLayer | Synchronizing object | SunwenBed_xiaoxiangguan-bed-3_garden_moss.001
Fra:1 Mem:3138.60M (Peak 3138.60M) | Time:00:00.95 | Mem:0.00M, Peak:0.00M | Scene, ViewLayer | Synchronizing object | SunwenBed_xiaoxiangguan-bed-3_garden_jade.001
Fra:1 Mem:3138.70M (Peak 3138.70M) | Time:00:00.95 | Mem:0.00M, Peak:0.00M | Scene, ViewLayer | Synchronizing object | SunwenBed_xiaoxiangguan-bed-3_sunwen_white.001
Fra:1 Mem:3138.71M (Peak 3138.71M) | Time:00:00.95 | Mem:0.00M, Peak:0.00M | Scene, ViewLayer | Synchronizing object | SunwenBed_xiaoxiangguan-bed-3_sunwen_gold.001
Fra:1 Mem:3138.72M (Peak 3138.72M) | Time:00:00.95 | Mem:0.00M, Peak:0.00M | Scene, ViewLayer | Synchronizing object | SunwenBed_xiaoxiangguan-bed-4_garden_edge.001
Fra:1 Mem:3138.72M (Peak 3138.72M) | Time:00:00.95 | Mem:0.00M, Peak:0.00M | Scene, ViewLayer | Synchronizing object | SunwenBed_xiaoxiangguan-bed-4_sunwen_white.001
Fra:1 Mem:3138.79M (Peak 3138.79M) | Time:00:00.95 | Mem:0.00M, Peak:0.00M | Scene, ViewLayer | Synchronizing object | SunwenBed_xiaoxiangguan-bed-4_sunwen_gold.001
Fra:1 Mem:3138.84M (Peak 3138.84M) | Time:00:00.95 | Mem:0.00M, Peak:0.00M | Scene, ViewLayer | Synchronizing object | SunwenBed_yihongyuan-bed-0_garden_edge.001
Fra:1 Mem:3138.90M (Peak 3138.90M) | Time:00:00.95 | Mem:0.00M, Peak:0.00M | Scene, ViewLayer | Synchronizing object | SunwenBed_yihongyuan-bed-0_garden_bean.001
Fra:1 Mem:3138.92M (Peak 3138.92M) | Time:00:00.95 | Mem:0.00M, Peak:0.00M | Scene, ViewLayer | Synchronizing object | SunwenBed_yihongyuan-bed-0_garden_jade.001
Fra:1 Mem:3138.95M (Peak 3138.95M) | Time:00:00.95 | Mem:0.00M, Peak:0.00M | Scene, ViewLayer | Synchronizing object | SunwenBed_yihongyuan-bed-0_sunwen_pink.001
Fra:1 Mem:3139.00M (Peak 3139.00M) | Time:00:00.95 | Mem:0.00M, Peak:0.00M | Scene, ViewLayer | Synchronizing object | SunwenBed_yihongyuan-bed-0_sunwen_gold.001
Fra:1 Mem:3139.05M (Peak 3139.05M) | Time:00:00.95 | Mem:0.00M, Peak:0.00M | Scene, ViewLayer | Synchronizing object | SunwenBed_yihongyuan-bed-1_garden_edge.001
Fra:1 Mem:3139.08M (Peak 3139.08M) | Time:00:00.95 | Mem:0.00M, Peak:0.00M | Scene, ViewLayer | Synchronizing object | SunwenBed_yihongyuan-bed-1_garden_bean.001
Fra:1 Mem:3139.08M (Peak 3139.08M) | Time:00:00.95 | Mem:0.00M, Peak:0.00M | Scene, ViewLayer | Synchronizing object | SunwenBed_yihongyuan-bed-1_garden_jade.001
Fra:1 Mem:3139.14M (Peak 3139.14M) | Time:00:00.95 | Mem:0.00M, Peak:0.00M | Scene, ViewLayer | Synchronizing object | SunwenBed_yihongyuan-bed-1_sunwen_pink.001
Fra:1 Mem:3139.28M (Peak 3139.28M) | Time:00:00.95 | Mem:0.00M, Peak:0.00M | Scene, ViewLayer | Synchronizing object | SunwenBed_yihongyuan-bed-1_sunwen_gold.001
Fra:1 Mem:3139.77M (Peak 3139.77M) | Time:00:00.95 | Mem:0.00M, Peak:0.00M | Scene, ViewLayer | Synchronizing object | SunwenBed_yihongyuan-bed-2_garden_edge.001
Fra:1 Mem:3139.86M (Peak 3139.86M) | Time:00:00.95 | Mem:0.00M, Peak:0.00M | Scene, ViewLayer | Synchronizing object | SunwenBed_yihongyuan-bed-2_garden_moss.001
Fra:1 Mem:3139.88M (Peak 3139.88M) | Time:00:00.95 | Mem:0.00M, Peak:0.00M | Scene, ViewLayer | Synchronizing object | SunwenBed_yihongyuan-bed-2_garden_bean.001
Fra:1 Mem:3140.01M (Peak 3140.01M) | Time:00:00.95 | Mem:0.00M, Peak:0.00M | Scene, ViewLayer | Synchronizing object | SunwenBed_yihongyuan-bed-2_garden_jade.001
Fra:1 Mem:3140.03M (Peak 3140.03M) | Time:00:00.95 | Mem:0.00M, Peak:0.00M | Scene, ViewLayer | Synchronizing object | SunwenBed_yihongyuan-bed-2_sunwen_pink.001
Fra:1 Mem:3140.48M (Peak 3140.48M) | Time:00:00.95 | Mem:0.00M, Peak:0.00M | Scene, ViewLayer | Synchronizing object | SunwenBed_yihongyuan-bed-3_garden_edge.001
Fra:1 Mem:3140.50M (Peak 3140.50M) | Time:00:00.95 | Mem:0.00M, Peak:0.00M | Scene, ViewLayer | Synchronizing object | SunwenBed_yihongyuan-bed-3_garden_moss.001
Fra:1 Mem:3140.53M (Peak 3140.53M) | Time:00:00.95 | Mem:0.00M, Peak:0.00M | Scene, ViewLayer | Synchronizing object | SunwenBed_yihongyuan-bed-3_garden_bean.001
Fra:1 Mem:3140.15M (Peak 3140.53M) | Time:00:00.95 | Mem:0.00M, Peak:0.00M | Scene, ViewLayer | Synchronizing object | Root_Garden_Surfaces
Fra:1 Mem:3140.15M (Peak 3140.53M) | Time:00:00.95 | Mem:0.00M, Peak:0.00M | Scene, ViewLayer | Synchronizing object | SunwenBed_yihongyuan-bed-3_garden_jade.001
Fra:1 Mem:3140.18M (Peak 3140.53M) | Time:00:00.95 | Mem:0.00M, Peak:0.00M | Scene, ViewLayer | Synchronizing object | SunwenBed_hengwuyuan-bed-0_garden_edge.001
Fra:1 Mem:3140.19M (Peak 3140.53M) | Time:00:00.95 | Mem:0.00M, Peak:0.00M | Scene, ViewLayer | Synchronizing object | SunwenBed_hengwuyuan-bed-0_garden_bean.001
Fra:1 Mem:3140.25M (Peak 3140.53M) | Time:00:00.95 | Mem:0.00M, Peak:0.00M | Scene, ViewLayer | Synchronizing object | SunwenBed_hengwuyuan-bed-0_garden_jade.001
Fra:1 Mem:3140.25M (Peak 3140.53M) | Time:00:00.95 | Mem:0.00M, Peak:0.00M | Scene, ViewLayer | Synchronizing object | SunwenBed_hengwuyuan-bed-0_garden_moss.001
Fra:1 Mem:3140.29M (Peak 3140.53M) | Time:00:00.95 | Mem:0.00M, Peak:0.00M | Scene, ViewLayer | Synchronizing object | SunwenBed_hengwuyuan-bed-0_sunwen_white.001
Fra:1 Mem:3140.29M (Peak 3140.53M) | Time:00:00.95 | Mem:0.00M, Peak:0.00M | Scene, ViewLayer | Synchronizing object | SunwenBed_hengwuyuan-bed-0_sunwen_gold.001
Fra:1 Mem:3140.37M (Peak 3140.53M) | Time:00:00.95 | Mem:0.00M, Peak:0.00M | Scene, ViewLayer | Synchronizing object | SunwenBed_hengwuyuan-bed-1_garden_edge.001
Fra:1 Mem:3140.41M (Peak 3140.53M) | Time:00:00.95 | Mem:0.00M, Peak:0.00M | Scene, ViewLayer | Synchronizing object | SunwenBed_hengwuyuan-bed-1_garden_bean.001
Fra:1 Mem:3140.42M (Peak 3140.53M) | Time:00:00.95 | Mem:0.00M, Peak:0.00M | Scene, ViewLayer | Synchronizing object | SunwenBed_hengwuyuan-bed-1_garden_jade.001
Fra:1 Mem:3140.55M (Peak 3140.55M) | Time:00:00.95 | Mem:0.00M, Peak:0.00M | Scene, ViewLayer | Synchronizing object | SunwenBed_hengwuyuan-bed-1_sunwen_white.001
Fra:1 Mem:3140.62M (Peak 3140.62M) | Time:00:00.95 | Mem:0.00M, Peak:0.00M | Scene, ViewLayer | Synchronizing object | SunwenBed_hengwuyuan-bed-1_sunwen_gold.001
Fra:1 Mem:3140.63M (Peak 3140.63M) | Time:00:00.95 | Mem:0.00M, Peak:0.00M | Scene, ViewLayer | Synchronizing object | SunwenBed_hengwuyuan-bed-1_garden_moss.001
Fra:1 Mem:3140.66M (Peak 3140.66M) | Time:00:00.95 | Mem:0.00M, Peak:0.00M | Scene, ViewLayer | Synchronizing object | SunwenBed_hengwuyuan-bed-2_garden_bean.001
Fra:1 Mem:3140.66M (Peak 3140.66M) | Time:00:00.95 | Mem:0.00M, Peak:0.00M | Scene, ViewLayer | Synchronizing object | SunwenBed_hengwuyuan-bed-2_garden_jade.001
Fra:1 Mem:3140.72M (Peak 3140.72M) | Time:00:00.95 | Mem:0.00M, Peak:0.00M | Scene, ViewLayer | Synchronizing object | SunwenBed_hengwuyuan-bed-2_sunwen_white.001
Fra:1 Mem:3140.80M (Peak 3140.80M) | Time:00:00.95 | Mem:0.00M, Peak:0.00M | Scene, ViewLayer | Synchronizing object | Urban_Clipped_Garden_Earth
Fra:1 Mem:3140.97M (Peak 3140.97M) | Time:00:00.95 | Mem:0.00M, Peak:0.00M | Scene, ViewLayer | Synchronizing object | SunwenBed_hengwuyuan-bed-2_sunwen_gold.001
Fra:1 Mem:3140.99M (Peak 3140.99M) | Time:00:00.95 | Mem:0.00M, Peak:0.00M | Scene, ViewLayer | Synchronizing object | SunwenBed_hengwuyuan-bed-3_garden_moss.001
Fra:1 Mem:3141.04M (Peak 3141.04M) | Time:00:00.95 | Mem:0.00M, Peak:0.00M | Scene, ViewLayer | Synchronizing object | SunwenBed_hengwuyuan-bed-3_garden_jade.001
Fra:1 Mem:3141.07M (Peak 3141.07M) | Time:00:00.95 | Mem:0.00M, Peak:0.00M | Scene, ViewLayer | Synchronizing object | SunwenBed_hengwuyuan-bed-3_sunwen_white.001
Fra:1 Mem:3141.08M (Peak 3141.08M) | Time:00:00.95 | Mem:0.00M, Peak:0.00M | Scene, ViewLayer | Synchronizing object | SunwenBed_hengwuyuan-bed-3_sunwen_gold.001
Fra:1 Mem:3141.08M (Peak 3141.08M) | Time:00:00.95 | Mem:0.00M, Peak:0.00M | Scene, ViewLayer | Synchronizing object | SunwenBed_qiushuangzhai-bed-0_garden_edge.001
Fra:1 Mem:3141.15M (Peak 3141.15M) | Time:00:00.95 | Mem:0.00M, Peak:0.00M | Scene, ViewLayer | Synchronizing object | SunwenBed_qiushuangzhai-bed-0_garden_bean.001
Fra:1 Mem:3141.34M (Peak 3141.34M) | Time:00:00.95 | Mem:0.00M, Peak:0.00M | Scene, ViewLayer | Synchronizing object | SunwenBed_qiushuangzhai-bed-0_garden_jade.001
Fra:1 Mem:3141.43M (Peak 3141.43M) | Time:00:00.95 | Mem:0.00M, Peak:0.00M | Scene, ViewLayer | Synchronizing object | SunwenBed_qiushuangzhai-bed-0_sunwen_iris.001
Fra:1 Mem:3141.84M (Peak 3141.84M) | Time:00:00.95 | Mem:0.00M, Peak:0.00M | Scene, ViewLayer | Synchronizing object | SunwenBed_qiushuangzhai-bed-0_sunwen_gold.001
Fra:1 Mem:3141.88M (Peak 3141.88M) | Time:00:00.95 | Mem:0.00M, Peak:0.00M | Scene, ViewLayer | Synchronizing object | SunwenBed_qiushuangzhai-bed-1_garden_moss.001
Fra:1 Mem:3142.01M (Peak 3142.01M) | Time:00:00.95 | Mem:0.00M, Peak:0.00M | Scene, ViewLayer | Synchronizing object | SunwenBed_qiushuangzhai-bed-1_garden_bean.001
Fra:1 Mem:3142.13M (Peak 3142.13M) | Time:00:00.95 | Mem:0.00M, Peak:0.00M | Scene, ViewLayer | Synchronizing object | SunwenBed_qiushuangzhai-bed-1_garden_jade.001
Fra:1 Mem:3142.56M (Peak 3142.56M) | Time:00:00.95 | Mem:0.00M, Peak:0.00M | Scene, ViewLayer | Synchronizing object | SunwenBed_qiushuangzhai-bed-2_garden_edge.001
Fra:1 Mem:3142.58M (Peak 3142.58M) | Time:00:00.95 | Mem:0.00M, Peak:0.00M | Scene, ViewLayer | Synchronizing object | SunwenBed_qiushuangzhai-bed-2_garden_moss.001
Fra:1 Mem:3142.66M (Peak 3142.66M) | Time:00:00.95 | Mem:0.00M, Peak:0.00M | Scene, ViewLayer | Synchronizing object | SunwenBed_qiushuangzhai-bed-2_garden_bean.001
Fra:1 Mem:3142.69M (Peak 3142.69M) | Time:00:00.95 | Mem:0.00M, Peak:0.00M | Scene, ViewLayer | Synchronizing object | SunwenBed_qiushuangzhai-bed-2_garden_jade.001
Fra:1 Mem:3142.70M (Peak 3142.70M) | Time:00:00.95 | Mem:0.00M, Peak:0.00M | Scene, ViewLayer | Synchronizing object | SunwenBed_qiushuangzhai-bed-2_sunwen_iris.001
Fra:1 Mem:3142.75M (Peak 3142.75M) | Time:00:00.95 | Mem:0.00M, Peak:0.00M | Scene, ViewLayer | Synchronizing object | SunwenBed_qiushuangzhai-bed-3_garden_edge.001
Fra:1 Mem:3142.76M (Peak 3142.76M) | Time:00:00.95 | Mem:0.00M, Peak:0.00M | Scene, ViewLayer | Synchronizing object | SunwenBed_qiushuangzhai-bed-3_garden_moss.001
Fra:1 Mem:3142.76M (Peak 3142.76M) | Time:00:00.95 | Mem:0.00M, Peak:0.00M | Scene, ViewLayer | Synchronizing object | SunwenBed_qiushuangzhai-bed-3_garden_bean.001
Fra:1 Mem:3142.77M (Peak 3142.77M) | Time:00:00.95 | Mem:0.00M, Peak:0.00M | Scene, ViewLayer | Synchronizing object | SunwenBed_qiushuangzhai-bed-3_garden_jade.001
Fra:1 Mem:3142.80M (Peak 3142.80M) | Time:00:00.95 | Mem:0.00M, Peak:0.00M | Scene, ViewLayer | Synchronizing object | SunwenBed_qiushuangzhai-bed-3_sunwen_gold.001
Fra:1 Mem:3142.87M (Peak 3142.87M) | Time:00:00.95 | Mem:0.00M, Peak:0.00M | Scene, ViewLayer | Synchronizing object | SunwenBed_daguanlou-bed-0_garden_edge.001
Fra:1 Mem:3143.00M (Peak 3143.00M) | Time:00:00.95 | Mem:0.00M, Peak:0.00M | Scene, ViewLayer | Synchronizing object | SunwenBed_daguanlou-bed-0_garden_jade.001
Fra:1 Mem:3143.17M (Peak 3143.17M) | Time:00:00.95 | Mem:0.00M, Peak:0.00M | Scene, ViewLayer | Synchronizing object | SunwenBed_daguanlou-bed-0_garden_moss.001
Fra:1 Mem:3143.09M (Peak 3143.17M) | Time:00:00.95 | Mem:0.00M, Peak:0.00M | Scene, ViewLayer | Synchronizing object | Urban_5408_paving_paving
Fra:1 Mem:3143.10M (Peak 3143.17M) | Time:00:00.95 | Mem:0.00M, Peak:0.00M | Scene, ViewLayer | Synchronizing object | Urban_5297_screen-rock_moss
Fra:1 Mem:3143.29M (Peak 3143.29M) | Time:00:00.95 | Mem:0.00M, Peak:0.00M | Scene, ViewLayer | Synchronizing object | SunwenBed_daguanlou-bed-0_sunwen_pink.001
Fra:1 Mem:3143.39M (Peak 3143.39M) | Time:00:00.95 | Mem:0.00M, Peak:0.00M | Scene, ViewLayer | Synchronizing object | SunwenBed_daguanlou-bed-0_sunwen_gold.001
Fra:1 Mem:3143.42M (Peak 3143.42M) | Time:00:00.95 | Mem:0.00M, Peak:0.00M | Scene, ViewLayer | Synchronizing object | SunwenBed_daguanlou-bed-1_garden_edge.001
Fra:1 Mem:3143.65M (Peak 3143.65M) | Time:00:00.95 | Mem:0.00M, Peak:0.00M | Scene, ViewLayer | Synchronizing object | SunwenBed_daguanlou-bed-1_garden_moss.001
Fra:1 Mem:3143.72M (Peak 3143.72M) | Time:00:00.95 | Mem:0.00M, Peak:0.00M | Scene, ViewLayer | Synchronizing object | SunwenBed_daguanlou-bed-1_garden_bean.001
Fra:1 Mem:3143.87M (Peak 3143.87M) | Time:00:00.95 | Mem:0.00M, Peak:0.00M | Scene, ViewLayer | Synchronizing object | Urban_5291_bamboo-screen_leaf
Fra:1 Mem:3143.99M (Peak 3143.99M) | Time:00:00.95 | Mem:0.00M, Peak:0.00M | Scene, ViewLayer | Synchronizing object | SunwenBed_daguanlou-bed-1_sunwen_pink.001
Fra:1 Mem:3144.10M (Peak 3144.10M) | Time:00:00.95 | Mem:0.00M, Peak:0.00M | Scene, ViewLayer | Synchronizing object | SunwenBed_daguanlou-bed-1_sunwen_gold.001
Fra:1 Mem:3144.16M (Peak 3144.16M) | Time:00:00.95 | Mem:0.00M, Peak:0.00M | Scene, ViewLayer | Synchronizing object | SunwenBed_daguanlou-bed-2_garden_edge.001
Fra:1 Mem:3144.37M (Peak 3144.37M) | Time:00:00.95 | Mem:0.00M, Peak:0.00M | Scene, ViewLayer | Synchronizing object | Urban_5291_bamboo-screen_lightleaf
Fra:1 Mem:3144.41M (Peak 3144.41M) | Time:00:00.95 | Mem:0.00M, Peak:0.00M | Scene, ViewLayer | Synchronizing object | SunwenBed_daguanlou-bed-2_garden_bean.001
Fra:1 Mem:3144.49M (Peak 3144.49M) | Time:00:00.95 | Mem:0.00M, Peak:0.00M | Scene, ViewLayer | Synchronizing object | SunwenBed_daguanlou-bed-2_garden_jade.001
Fra:1 Mem:3144.55M (Peak 3144.55M) | Time:00:00.95 | Mem:0.00M, Peak:0.00M | Scene, ViewLayer | Synchronizing object | SunwenBed_daguanlou-bed-2_sunwen_pink.001
Fra:1 Mem:3144.56M (Peak 3144.56M) | Time:00:00.95 | Mem:0.00M, Peak:0.00M | Scene, ViewLayer | Synchronizing object | SunwenBed_daguanlou-bed-2_sunwen_gold.001
Fra:1 Mem:3144.64M (Peak 3144.64M) | Time:00:00.95 | Mem:0.00M, Peak:0.00M | Scene, ViewLayer | Synchronizing object | Urban_5291_bamboo-screen_bamboo
Fra:1 Mem:3144.72M (Peak 3144.72M) | Time:00:00.95 | Mem:0.00M, Peak:0.00M | Scene, ViewLayer | Synchronizing object | SunwenBed_daguanlou-bed-3_garden_edge.001
Fra:1 Mem:3145.02M (Peak 3145.02M) | Time:00:00.95 | Mem:0.00M, Peak:0.00M | Scene, ViewLayer | Synchronizing object | Urban_5290_screen-bed_mossstone
Fra:1 Mem:3145.25M (Peak 3145.25M) | Time:00:00.95 | Mem:0.00M, Peak:0.00M | Scene, ViewLayer | Synchronizing object | SunwenBed_daguanlou-bed-3_garden_moss.001
Fra:1 Mem:3145.32M (Peak 3145.32M) | Time:00:00.95 | Mem:0.00M, Peak:0.00M | Scene, ViewLayer | Synchronizing object | Urban_5290_screen-bed_lightleaf
Fra:1 Mem:3145.52M (Peak 3145.52M) | Time:00:00.95 | Mem:0.00M, Peak:0.00M | Scene, ViewLayer | Synchronizing object | SunwenBed_daguanlou-bed-3_garden_bean.001
Fra:1 Mem:3145.63M (Peak 3145.63M) | Time:00:00.95 | Mem:0.00M, Peak:0.00M | Scene, ViewLayer | Synchronizing object | SunwenBed_daguanlou-bed-3_garden_jade.001
Fra:1 Mem:3145.72M (Peak 3145.72M) | Time:00:00.96 | Mem:0.00M, Peak:0.00M | Scene, ViewLayer | Synchronizing object | Urban_5290_screen-bed_leaf
Fra:1 Mem:3145.82M (Peak 3145.82M) | Time:00:00.96 | Mem:0.00M, Peak:0.00M | Scene, ViewLayer | Synchronizing object | SunwenBed_daguanlou-bed-4_garden_edge.001
Fra:1 Mem:3146.02M (Peak 3146.02M) | Time:00:00.96 | Mem:0.00M, Peak:0.00M | Scene, ViewLayer | Synchronizing object | Urban_5229_slab-bridge_stone
Fra:1 Mem:3146.03M (Peak 3146.03M) | Time:00:00.96 | Mem:0.00M, Peak:0.00M | Scene, ViewLayer | Synchronizing object | SunwenBed_daguanlou-bed-4_garden_moss.001
Fra:1 Mem:3146.07M (Peak 3146.07M) | Time:00:00.96 | Mem:0.00M, Peak:0.00M | Scene, ViewLayer | Synchronizing object | Urban_5227_drain_water
Fra:1 Mem:3146.08M (Peak 3146.08M) | Time:00:00.96 | Mem:0.00M, Peak:0.00M | Scene, ViewLayer | Synchronizing object | SunwenBed_daguanlou-bed-4_garden_bean.001
Fra:1 Mem:3146.09M (Peak 3146.09M) | Time:00:00.96 | Mem:0.00M, Peak:0.00M | Scene, ViewLayer | Synchronizing object | Urban_5227_drain_stone
Fra:1 Mem:3146.15M (Peak 3146.15M) | Time:00:00.96 | Mem:0.00M, Peak:0.00M | Scene, ViewLayer | Synchronizing object | Urban_5215_lane-gate_gold
Fra:1 Mem:3146.28M (Peak 3146.28M) | Time:00:00.96 | Mem:0.00M, Peak:0.00M | Scene, ViewLayer | Synchronizing object | Urban_5215_lane-gate_tile
Fra:1 Mem:3146.45M (Peak 3146.45M) | Time:00:00.96 | Mem:0.00M, Peak:0.00M | Scene, ViewLayer | Synchronizing object | SunwenBed_daguanlou-bed-4_garden_jade.001
Fra:1 Mem:3146.47M (Peak 3146.47M) | Time:00:00.96 | Mem:0.00M, Peak:0.00M | Scene, ViewLayer | Synchronizing object | SunwenBed_daguanlou-bed-4_sunwen_gold.001
Fra:1 Mem:3146.78M (Peak 3146.78M) | Time:00:00.96 | Mem:0.00M, Peak:0.00M | Scene, ViewLayer | Synchronizing object | Urban_5215_lane-gate_mineral
Fra:1 Mem:3146.79M (Peak 3146.79M) | Time:00:00.96 | Mem:0.00M, Peak:0.00M | Scene, ViewLayer | Synchronizing object | SunwenBed_daguanlou-bed-5_garden_edge.001
Fra:1 Mem:3146.86M (Peak 3146.86M) | Time:00:00.96 | Mem:0.00M, Peak:0.00M | Scene, ViewLayer | Synchronizing object | Urban_5215_lane-gate_redwood
Fra:1 Mem:3146.89M (Peak 3146.89M) | Time:00:00.96 | Mem:0.00M, Peak:0.00M | Scene, ViewLayer | Synchronizing object | SunwenBed_daguanlou-bed-5_garden_bean.001
Fra:1 Mem:3146.91M (Peak 3146.91M) | Time:00:00.96 | Mem:0.00M, Peak:0.00M | Scene, ViewLayer | Synchronizing object | Urban_5215_lane-gate_stone
Fra:1 Mem:3147.06M (Peak 3147.06M) | Time:00:00.96 | Mem:0.00M, Peak:0.00M | Scene, ViewLayer | Synchronizing object | Urban_1233_warehouse_tile
Fra:1 Mem:3147.36M (Peak 3147.36M) | Time:00:00.96 | Mem:0.00M, Peak:0.00M | Scene, ViewLayer | Synchronizing object | Urban_1233_warehouse_slateroof
Fra:1 Mem:3147.46M (Peak 3147.46M) | Time:00:00.96 | Mem:0.00M, Peak:0.00M | Scene, ViewLayer | Synchronizing object | SunwenBed_daguanlou-bed-5_sunwen_pink.001
Fra:1 Mem:3147.64M (Peak 3147.64M) | Time:00:00.96 | Mem:0.00M, Peak:0.00M | Scene, ViewLayer | Synchronizing object | Urban_1233_warehouse_paper
Fra:1 Mem:3147.67M (Peak 3147.67M) | Time:00:00.96 | Mem:0.00M, Peak:0.00M | Scene, ViewLayer | Synchronizing object | Urban_1233_warehouse_wood
Fra:1 Mem:3147.73M (Peak 3147.73M) | Time:00:00.96 | Mem:0.00M, Peak:0.00M | Scene, ViewLayer | Synchronizing object | SunwenBed_farm-plot-0_garden_moss.001
Fra:1 Mem:3147.74M (Peak 3147.74M) | Time:00:00.96 | Mem:0.00M, Peak:0.00M | Scene, ViewLayer | Synchronizing object | Urban_1233_warehouse_brick
Fra:1 Mem:3147.75M (Peak 3147.75M) | Time:00:00.96 | Mem:0.00M, Peak:0.00M | Scene, ViewLayer | Synchronizing object | Urban_1233_warehouse_stone
Fra:1 Mem:3147.75M (Peak 3147.75M) | Time:00:00.96 | Mem:0.00M, Peak:0.00M | Scene, ViewLayer | Synchronizing object | Urban_0652_cart_awning
Fra:1 Mem:3147.76M (Peak 3147.76M) | Time:00:00.96 | Mem:0.00M, Peak:0.00M | Scene, ViewLayer | Synchronizing object | Urban_0652_cart_stone
Fra:1 Mem:3147.76M (Peak 3147.76M) | Time:00:00.96 | Mem:0.00M, Peak:0.00M | Scene, ViewLayer | Synchronizing object | SunwenBed_farm-plot-0_sunwen_gold.001
Fra:1 Mem:3147.77M (Peak 3147.77M) | Time:00:00.96 | Mem:0.00M, Peak:0.00M | Scene, ViewLayer | Synchronizing object | Urban_0652_cart_wood
Fra:1 Mem:3147.82M (Peak 3147.82M) | Time:00:00.96 | Mem:0.00M, Peak:0.00M | Scene, ViewLayer | Synchronizing object | SunwenBed_farm-plot-1_garden_edge.001
Fra:1 Mem:3147.86M (Peak 3147.86M) | Time:00:00.96 | Mem:0.00M, Peak:0.00M | Scene, ViewLayer | Synchronizing object | SunwenBed_farm-plot-1_garden_moss.001
Fra:1 Mem:3147.93M (Peak 3147.93M) | Time:00:00.96 | Mem:0.00M, Peak:0.00M | Scene, ViewLayer | Synchronizing object | Urban_0592_well_roof
Fra:1 Mem:3147.95M (Peak 3147.95M) | Time:00:00.96 | Mem:0.00M, Peak:0.00M | Scene, ViewLayer | Synchronizing object | SunwenBed_farm-plot-1_garden_bean.001
Fra:1 Mem:3148.00M (Peak 3148.00M) | Time:00:00.96 | Mem:0.00M, Peak:0.00M | Scene, ViewLayer | Synchronizing object | Urban_0592_well_wood
Fra:1 Mem:3148.01M (Peak 3148.01M) | Time:00:00.96 | Mem:0.00M, Peak:0.00M | Scene, ViewLayer | Synchronizing object | Urban_0592_well_water
Fra:1 Mem:3148.02M (Peak 3148.02M) | Time:00:00.96 | Mem:0.00M, Peak:0.00M | Scene, ViewLayer | Synchronizing object | Urban_0592_well_stone
Fra:1 Mem:3148.02M (Peak 3148.02M) | Time:00:00.96 | Mem:0.00M, Peak:0.00M | Scene, ViewLayer | Synchronizing object | SunwenBed_farm-plot-1_garden_jade.001
Fra:1 Mem:3148.02M (Peak 3148.02M) | Time:00:00.96 | Mem:0.00M, Peak:0.00M | Scene, ViewLayer | Synchronizing object | SunwenBed_farm-plot-1_sunwen_gold.001
Fra:1 Mem:3148.04M (Peak 3148.04M) | Time:00:00.96 | Mem:0.00M, Peak:0.00M | Scene, ViewLayer | Synchronizing object | SunwenBed_farm-plot-2_garden_edge.001
Fra:1 Mem:3148.09M (Peak 3148.09M) | Time:00:00.96 | Mem:0.00M, Peak:0.00M | Scene, ViewLayer | Synchronizing object | SunwenBed_farm-plot-2_garden_moss.001
Fra:1 Mem:3148.13M (Peak 3148.13M) | Time:00:00.96 | Mem:0.00M, Peak:0.00M | Scene, ViewLayer | Synchronizing object | SunwenBed_farm-plot-2_garden_bean.001
Fra:1 Mem:3148.18M (Peak 3148.18M) | Time:00:00.96 | Mem:0.00M, Peak:0.00M | Scene, ViewLayer | Synchronizing object | SunwenBed_farm-plot-2_sunwen_gold.001
Fra:1 Mem:3148.24M (Peak 3148.24M) | Time:00:00.96 | Mem:0.00M, Peak:0.00M | Scene, ViewLayer | Synchronizing object | Urban_0000_court-paving_courtstone
Fra:1 Mem:3148.25M (Peak 3148.25M) | Time:00:00.96 | Mem:0.00M, Peak:0.00M | Scene, ViewLayer | Synchronizing object | Urban_0001_wall_plaster
Fra:1 Mem:3148.26M (Peak 3148.26M) | Time:00:00.96 | Mem:0.00M, Peak:0.00M | Scene, ViewLayer | Synchronizing object | Urban_0001_wall_stone
Fra:1 Mem:3148.26M (Peak 3148.26M) | Time:00:00.96 | Mem:0.00M, Peak:0.00M | Scene, ViewLayer | Synchronizing object | Urban_0568_stall_awning
Fra:1 Mem:3148.26M (Peak 3148.26M) | Time:00:00.96 | Mem:0.00M, Peak:0.00M | Scene, ViewLayer | Synchronizing object | Urban_0006_gate_redwood
Fra:1 Mem:3148.28M (Peak 3148.28M) | Time:00:00.96 | Mem:0.00M, Peak:0.00M | Scene, ViewLayer | Synchronizing object | Urban_0568_stall_wood
Fra:1 Mem:3148.28M (Peak 3148.28M) | Time:00:00.96 | Mem:0.00M, Peak:0.00M | Scene, ViewLayer | Synchronizing object | Urban_0006_gate_tile
Fra:1 Mem:3148.28M (Peak 3148.28M) | Time:00:00.96 | Mem:0.00M, Peak:0.00M | Scene, ViewLayer | Synchronizing object | Urban_0007_hall_stone
Fra:1 Mem:3148.29M (Peak 3148.29M) | Time:00:00.96 | Mem:0.00M, Peak:0.00M | Scene, ViewLayer | Synchronizing object | Urban_0567_shop_gold
Fra:1 Mem:3148.29M (Peak 3148.29M) | Time:00:00.96 | Mem:0.00M, Peak:0.00M | Scene, ViewLayer | Synchronizing object | Urban_0007_hall_plaster
Fra:1 Mem:3148.29M (Peak 3148.29M) | Time:00:00.96 | Mem:0.00M, Peak:0.00M | Scene, ViewLayer | Synchronizing object | Urban_0567_shop_awning
Fra:1 Mem:3148.30M (Peak 3148.30M) | Time:00:00.96 | Mem:0.00M, Peak:0.00M | Scene, ViewLayer | Synchronizing object | Urban_0567_shop_tile
Fra:1 Mem:3148.31M (Peak 3148.31M) | Time:00:00.96 | Mem:0.00M, Peak:0.00M | Scene, ViewLayer | Synchronizing object | Urban_0567_shop_brick
Fra:1 Mem:3148.32M (Peak 3148.32M) | Time:00:00.96 | Mem:0.00M, Peak:0.00M | Scene, ViewLayer | Synchronizing object | Urban_0007_hall_paper
Fra:1 Mem:3148.31M (Peak 3148.32M) | Time:00:00.96 | Mem:0.00M, Peak:0.00M | Scene, ViewLayer | Synchronizing object | Urban_0567_shop_warmroof
Fra:1 Mem:3148.31M (Peak 3148.32M) | Time:00:00.96 | Mem:0.00M, Peak:0.00M | Scene, ViewLayer | Synchronizing object | Urban_0007_hall_mineral
Fra:1 Mem:3148.33M (Peak 3148.33M) | Time:00:00.96 | Mem:0.00M, Peak:0.00M | Scene, ViewLayer | Synchronizing object | Urban_0007_hall_roof
Fra:1 Mem:3148.37M (Peak 3148.37M) | Time:00:00.96 | Mem:0.00M, Peak:0.00M | Scene, ViewLayer | Synchronizing object | Urban_0007_hall_tile
Fra:1 Mem:3148.37M (Peak 3148.37M) | Time:00:00.96 | Mem:0.00M, Peak:0.00M | Scene, ViewLayer | Synchronizing object | Urban_0008_annex_brick
Fra:1 Mem:3148.40M (Peak 3148.40M) | Time:00:00.96 | Mem:0.00M, Peak:0.00M | Scene, ViewLayer | Synchronizing object | Urban_0008_annex_wood
Fra:1 Mem:3148.42M (Peak 3148.42M) | Time:00:00.96 | Mem:0.00M, Peak:0.00M | Scene, ViewLayer | Synchronizing object | Urban_0008_annex_paper
Fra:1 Mem:3148.42M (Peak 3148.42M) | Time:00:00.96 | Mem:0.00M, Peak:0.00M | Scene, ViewLayer | Synchronizing object | Urban_0008_annex_warmroof
Fra:1 Mem:3148.43M (Peak 3148.43M) | Time:00:00.96 | Mem:0.00M, Peak:0.00M | Scene, ViewLayer | Synchronizing object | Urban_0011_house_stone
Fra:1 Mem:3148.43M (Peak 3148.43M) | Time:00:00.96 | Mem:0.00M, Peak:0.00M | Scene, ViewLayer | Synchronizing object | Urban_0011_house_plaster
Fra:1 Mem:3148.43M (Peak 3148.43M) | Time:00:00.96 | Mem:0.00M, Peak:0.00M | Scene, ViewLayer | Synchronizing object | Urban_0011_house_paper
Fra:1 Mem:3148.43M (Peak 3148.43M) | Time:00:00.96 | Mem:0.00M, Peak:0.00M | Scene, ViewLayer | Synchronizing object | Urban_0567_shop_paper
Fra:1 Mem:3148.44M (Peak 3148.44M) | Time:00:00.96 | Mem:0.00M, Peak:0.00M | Scene, ViewLayer | Synchronizing object | Urban_0011_house_roof
Fra:1 Mem:3148.44M (Peak 3148.44M) | Time:00:00.96 | Mem:0.00M, Peak:0.00M | Scene, ViewLayer | Synchronizing object | Urban_0011_house_brick
Fra:1 Mem:3148.47M (Peak 3148.47M) | Time:00:00.96 | Mem:0.00M, Peak:0.00M | Scene, ViewLayer | Synchronizing object | Urban_0011_house_tile
Fra:1 Mem:3148.47M (Peak 3148.47M) | Time:00:00.96 | Mem:0.00M, Peak:0.00M | Scene, ViewLayer | Synchronizing object | Urban_0014_gallery_roof
Fra:1 Mem:3148.53M (Peak 3148.53M) | Time:00:00.96 | Mem:0.00M, Peak:0.00M | Scene, ViewLayer | Synchronizing object | Urban_0014_gallery_tile
Fra:1 Mem:3148.55M (Peak 3148.55M) | Time:00:00.96 | Mem:0.00M, Peak:0.00M | Scene, ViewLayer | Synchronizing object | Urban_0017_tree_wood
Fra:1 Mem:3148.56M (Peak 3148.56M) | Time:00:00.96 | Mem:0.00M, Peak:0.00M | Scene, ViewLayer | Synchronizing object | Urban_0017_tree_leaf
Fra:1 Mem:3148.57M (Peak 3148.57M) | Time:00:00.96 | Mem:0.00M, Peak:0.00M | Scene, ViewLayer | Synchronizing object | Urban_0567_shop_wood
Fra:1 Mem:3148.57M (Peak 3148.57M) | Time:00:00.96 | Mem:0.00M, Peak:0.00M | Scene, ViewLayer | Synchronizing object | Urban_0018_screen_plaster
Fra:1 Mem:3148.59M (Peak 3148.59M) | Time:00:00.96 | Mem:0.00M, Peak:0.00M | Scene, ViewLayer | Synchronizing object | Urban_0567_shop_plaster
Fra:1 Mem:3148.60M (Peak 3148.60M) | Time:00:00.96 | Mem:0.00M, Peak:0.00M | Scene, ViewLayer | Synchronizing object | Urban_0567_shop_stone
Fra:1 Mem:3148.62M (Peak 3148.62M) | Time:00:00.96 | Mem:0.00M, Peak:0.00M | Scene, ViewLayer | Synchronizing object | Urban_0018_screen_brick
Fra:1 Mem:3148.62M (Peak 3148.62M) | Time:00:00.96 | Mem:0.00M, Peak:0.00M | Scene, ViewLayer | Synchronizing object | Urban_0018_screen_tile
Fra:1 Mem:3148.63M (Peak 3148.63M) | Time:00:00.96 | Mem:0.00M, Peak:0.00M | Scene, ViewLayer | Synchronizing object | Urban_0532_range_stone
Fra:1 Mem:3148.64M (Peak 3148.64M) | Time:00:00.96 | Mem:0.00M, Peak:0.00M | Scene, ViewLayer | Synchronizing object | Urban_0532_range_plaster
Fra:1 Mem:3148.65M (Peak 3148.65M) | Time:00:00.96 | Mem:0.00M, Peak:0.00M | Scene, ViewLayer | Synchronizing object | Urban_0532_range_wood
Fra:1 Mem:3148.66M (Peak 3148.66M) | Time:00:00.96 | Mem:0.00M, Peak:0.00M | Scene, ViewLayer | Synchronizing object | Urban_0532_range_paper
Fra:1 Mem:3148.74M (Peak 3148.74M) | Time:00:00.96 | Mem:0.00M, Peak:0.00M | Scene, ViewLayer | Synchronizing object | Urban_0532_range_brick
Fra:1 Mem:3148.75M (Peak 3148.75M) | Time:00:00.96 | Mem:0.00M, Peak:0.00M | Scene, ViewLayer | Synchronizing object | Urban_0534_shop-upper_plaster
Fra:1 Mem:3148.74M (Peak 3148.75M) | Time:00:00.96 | Mem:0.00M, Peak:0.00M | Scene, ViewLayer | Synchronizing object | Urban_0534_shop-upper_paper
Fra:1 Mem:3148.75M (Peak 3148.75M) | Time:00:00.96 | Mem:0.00M, Peak:0.00M | Scene, ViewLayer | Synchronizing object | Urban_0534_shop-upper_slateroof
Fra:1 Mem:3148.75M (Peak 3148.75M) | Time:00:00.96 | Mem:0.00M, Peak:0.00M | Scene, ViewLayer | Synchronizing object | Urban_0534_shop-upper_brick
Fra:1 Mem:3148.78M (Peak 3148.78M) | Time:00:00.96 | Mem:0.00M, Peak:0.00M | Scene, ViewLayer | Synchronizing object | Urban_0534_shop-upper_tile
Fra:1 Mem:3148.76M (Peak 3148.78M) | Time:00:00.96 | Mem:0.00M, Peak:0.00M | Scene, ViewLayer | Synchronizing object | Urban_0534_shop-upper_sagecloth
Fra:1 Mem:3148.82M (Peak 3148.82M) | Time:00:00.96 | Mem:0.00M, Peak:0.00M | Scene, ViewLayer | Synchronizing object | Urban_0534_shop-upper_gold
Fra:1 Mem:3148.83M (Peak 3148.83M) | Time:00:00.96 | Mem:0.00M, Peak:0.00M | Scene, ViewLayer | Synchronizing object | Urban_0540_paifang_stone
Fra:1 Mem:3148.83M (Peak 3148.83M) | Time:00:00.96 | Mem:0.00M, Peak:0.00M | Scene, ViewLayer | Synchronizing object | Urban_0540_paifang_roof
Fra:1 Mem:3148.83M (Peak 3148.83M) | Time:00:00.96 | Mem:0.00M, Peak:0.00M | Scene, ViewLayer | Synchronizing object | Urban_0540_paifang_tile
Fra:1 Mem:3148.84M (Peak 3148.84M) | Time:00:00.96 | Mem:0.00M, Peak:0.00M | Scene, ViewLayer | Synchronizing object | Urban_0540_paifang_gold
Fra:1 Mem:3148.86M (Peak 3148.86M) | Time:00:00.96 | Mem:0.00M, Peak:0.00M | Scene, ViewLayer | Synchronizing object | Urban_0541_hitching_stone
Fra:1 Mem:3148.86M (Peak 3148.86M) | Time:00:00.96 | Mem:0.00M, Peak:0.00M | Scene, ViewLayer | Synchronizing object | Urban_0551_bell-pavilion_mineral
Fra:1 Mem:3148.91M (Peak 3148.91M) | Time:00:00.96 | Mem:0.00M, Peak:0.00M | Scene, ViewLayer | Synchronizing object | Urban_0549_temple_plaster
Fra:1 Mem:3148.91M (Peak 3148.91M) | Time:00:00.96 | Mem:0.00M, Peak:0.00M | Scene, ViewLayer | Synchronizing object | Urban_0541_hitching_wood
Fra:1 Mem:3148.91M (Peak 3148.91M) | Time:00:00.96 | Mem:0.00M, Peak:0.00M | Scene, ViewLayer | Synchronizing object | Urban_0549_temple_redwood
Fra:1 Mem:3148.91M (Peak 3148.91M) | Time:00:00.96 | Mem:0.00M, Peak:0.00M | Scene, ViewLayer | Synchronizing object | Urban_0549_temple_stone
Fra:1 Mem:3148.92M (Peak 3148.92M) | Time:00:00.96 | Mem:0.00M, Peak:0.00M | Scene, ViewLayer | Synchronizing object | Urban_0549_temple_mineral
Fra:1 Mem:3148.94M (Peak 3148.94M) | Time:00:00.96 | Mem:0.00M, Peak:0.00M | Scene, ViewLayer | Synchronizing object | Urban_0549_temple_tile
Fra:1 Mem:3148.95M (Peak 3148.95M) | Time:00:00.96 | Mem:0.00M, Peak:0.00M | Scene, ViewLayer | Synchronizing object | Urban_0551_bell-pavilion_redwood
Fra:1 Mem:3148.97M (Peak 3148.97M) | Time:00:00.96 | Mem:0.00M, Peak:0.00M | Scene, ViewLayer | Synchronizing object | Urban_0551_bell-pavilion_brick
Fra:1 Mem:3148.98M (Peak 3148.98M) | Time:00:00.96 | Mem:0.00M, Peak:0.00M | Scene, ViewLayer | Synchronizing object | Urban_0551_bell-pavilion_roof
Fra:1 Mem:3148.99M (Peak 3148.99M) | Time:00:00.96 | Mem:0.00M, Peak:0.00M | Scene, ViewLayer | Synchronizing object | Urban_0551_bell-pavilion_tile
Fra:1 Mem:3149.02M (Peak 3169.24M) | Time:00:00.97 | Mem:0.00M, Peak:0.00M | Scene, ViewLayer | Initializing
Fra:1 Mem:2977.44M (Peak 3169.24M) | Time:00:01.05 | Mem:0.00M, Peak:0.00M | Scene, ViewLayer | Updating Images | Loading forest_grove.hdr
Fra:1 Mem:2977.44M (Peak 3169.24M) | Time:00:01.05 | Mem:0.00M, Peak:0.00M | Scene, ViewLayer | Updating Images | Loading ceremonial-stone.png
Fra:1 Mem:2977.44M (Peak 3169.24M) | Time:00:01.05 | Mem:0.00M, Peak:0.00M | Scene, ViewLayer | Updating Images | Loading ceremonial-stone.png.001
Fra:1 Mem:2977.44M (Peak 3169.24M) | Time:00:01.05 | Mem:0.00M, Peak:0.00M | Scene, ViewLayer | Updating Images | Loading gathering-tiledark.png
Fra:1 Mem:2989.87M (Peak 3169.24M) | Time:00:01.06 | Mem:0.25M, Peak:0.25M | Scene, ViewLayer | Updating Images | Loading gathering-tile.png
Fra:1 Mem:2989.61M (Peak 3169.24M) | Time:00:01.06 | Mem:0.50M, Peak:0.50M | Scene, ViewLayer | Updating Images | Loading ceremonial-stone.png.003
Fra:1 Mem:2990.11M (Peak 3169.24M) | Time:00:01.06 | Mem:0.75M, Peak:0.75M | Scene, ViewLayer | Updating Images | Loading ceremonial-stone.png.004
Fra:1 Mem:2990.62M (Peak 3169.24M) | Time:00:01.06 | Mem:1.00M, Peak:1.00M | Scene, ViewLayer | Updating Images | Loading gathering-roof.png
Fra:1 Mem:2990.61M (Peak 3169.24M) | Time:00:01.06 | Mem:1.50M, Peak:1.50M | Scene, ViewLayer | Updating Images | Loading ceremonial-stone.png.005
Fra:1 Mem:2990.61M (Peak 3169.24M) | Time:00:01.06 | Mem:1.50M, Peak:1.50M | Scene, ViewLayer | Updating Images | Loading ceremonial-stone.png.006
Fra:1 Mem:2991.11M (Peak 3169.24M) | Time:00:01.06 | Mem:1.75M, Peak:1.75M | Scene, ViewLayer | Updating Images | Loading r15_cutstone_diff
Fra:1 Mem:2992.11M (Peak 3169.24M) | Time:00:01.06 | Mem:2.00M, Peak:2.00M | Scene, ViewLayer | Updating Images | Loading brocade-tiledark.png
Fra:1 Mem:2992.36M (Peak 3169.24M) | Time:00:01.06 | Mem:2.25M, Peak:2.25M | Scene, ViewLayer | Updating Images | Loading r15_cutstone_nor_gl
Fra:1 Mem:2994.37M (Peak 3169.24M) | Time:00:01.06 | Mem:2.50M, Peak:2.50M | Scene, ViewLayer | Updating Images | Loading r15_cutstone_rough
Fra:1 Mem:2994.36M (Peak 3169.24M) | Time:00:01.06 | Mem:3.50M, Peak:3.50M | Scene, ViewLayer | Updating Images | Loading ceremonial-cutstone.png
Fra:1 Mem:2994.36M (Peak 3169.24M) | Time:00:01.06 | Mem:4.50M, Peak:4.50M | Scene, ViewLayer | Updating Images | Loading ceremonial-cutstone.png.001
Fra:1 Mem:2994.86M (Peak 3169.24M) | Time:00:01.06 | Mem:4.75M, Peak:4.75M | Scene, ViewLayer | Updating Images | Loading brocade-tile.png
Fra:1 Mem:2995.11M (Peak 3169.24M) | Time:00:01.06 | Mem:5.00M, Peak:5.00M | Scene, ViewLayer | Updating Images | Loading ceremonial-cutstone.png.002
Fra:1 Mem:2995.36M (Peak 3169.24M) | Time:00:01.06 | Mem:6.00M, Peak:6.00M | Scene, ViewLayer | Updating Images | Loading ceremonial-cutstone.png.003
Fra:1 Mem:2995.61M (Peak 3169.24M) | Time:00:01.06 | Mem:6.25M, Peak:6.25M | Scene, ViewLayer | Updating Images | Loading ceremonial-cutstone.png.004
Fra:1 Mem:2995.86M (Peak 3169.24M) | Time:00:01.06 | Mem:6.50M, Peak:6.50M | Scene, ViewLayer | Updating Images | Loading ceremonial-cutstone.png.005
Fra:1 Mem:2996.37M (Peak 3169.24M) | Time:00:01.06 | Mem:6.75M, Peak:6.75M | Scene, ViewLayer | Updating Images | Loading brocade-roof.png
Fra:1 Mem:2996.11M (Peak 3169.24M) | Time:00:01.06 | Mem:8.00M, Peak:8.00M | Scene, ViewLayer | Updating Images | Loading ceremonial-cutstone.png.006
Fra:1 Mem:2996.61M (Peak 3169.24M) | Time:00:01.06 | Mem:8.25M, Peak:8.25M | Scene, ViewLayer | Updating Images | Loading r15_darkwood_diff
Fra:1 Mem:2997.61M (Peak 3169.24M) | Time:00:01.06 | Mem:8.25M, Peak:8.25M | Scene, ViewLayer | Updating Images | Loading r15_darkwood_nor_gl
Fra:1 Mem:3009.62M (Peak 3169.24M) | Time:00:01.06 | Mem:9.25M, Peak:9.25M | Scene, ViewLayer | Updating Images | Loading r15_darkwood_rough
Fra:1 Mem:3009.61M (Peak 3169.24M) | Time:00:01.06 | Mem:10.25M, Peak:10.25M | Scene, ViewLayer | Updating Images | Loading ceremonial-darkwood.png
Fra:1 Mem:3009.86M (Peak 3169.24M) | Time:00:01.06 | Mem:10.50M, Peak:10.50M | Scene, ViewLayer | Updating Images | Loading ceremonial-darkwood.png.001
Fra:1 Mem:3010.12M (Peak 3169.24M) | Time:00:01.06 | Mem:10.75M, Peak:10.75M | Scene, ViewLayer | Updating Images | Loading ceremonial-darkwood.png.002
Fra:1 Mem:3010.37M (Peak 3169.24M) | Time:00:01.06 | Mem:11.00M, Peak:11.00M | Scene, ViewLayer | Updating Images | Loading purple-tiledark.png
Fra:1 Mem:3010.61M (Peak 3169.24M) | Time:00:01.06 | Mem:11.25M, Peak:11.25M | Scene, ViewLayer | Updating Images | Loading ceremonial-darkwood.png.003
Fra:1 Mem:3010.86M (Peak 3169.24M) | Time:00:01.06 | Mem:12.00M, Peak:12.00M | Scene, ViewLayer | Updating Images | Loading ceremonial-darkwood.png.004
Fra:1 Mem:3011.37M (Peak 3169.24M) | Time:00:01.06 | Mem:12.00M, Peak:12.00M | Scene, ViewLayer | Updating Images | Loading ceremonial-darkwood.png.005
Fra:1 Mem:3011.36M (Peak 3169.24M) | Time:00:01.06 | Mem:12.25M, Peak:12.25M | Scene, ViewLayer | Updating Images | Loading purple-tile.png
Fra:1 Mem:3011.36M (Peak 3169.24M) | Time:00:01.06 | Mem:12.25M, Peak:12.25M | Scene, ViewLayer | Updating Images | Loading ceremonial-darkwood.png.006
Fra:1 Mem:3011.86M (Peak 3169.24M) | Time:00:01.07 | Mem:12.25M, Peak:12.25M | Scene, ViewLayer | Updating Images | Loading r15_floorwood_diff
Fra:1 Mem:3012.86M (Peak 3169.24M) | Time:00:01.07 | Mem:12.50M, Peak:12.50M | Scene, ViewLayer | Updating Images | Loading r15_floorwood_nor_gl
Fra:1 Mem:3014.87M (Peak 3169.24M) | Time:00:01.07 | Mem:13.00M, Peak:13.00M | Scene, ViewLayer | Updating Images | Loading purple-roof.png
Fra:1 Mem:3014.12M (Peak 3169.24M) | Time:00:01.07 | Mem:14.00M, Peak:14.00M | Scene, ViewLayer | Updating Images | Loading r15_floorwood_rough
Fra:1 Mem:3015.11M (Peak 3169.24M) | Time:00:01.07 | Mem:14.25M, Peak:14.25M | Scene, ViewLayer | Updating Images | Loading r15_wood_diff
Fra:1 Mem:3017.12M (Peak 3169.24M) | Time:00:01.07 | Mem:15.25M, Peak:15.25M | Scene, ViewLayer | Updating Images | Loading r15_wood_nor_gl
Fra:1 Mem:3018.12M (Peak 3169.24M) | Time:00:01.07 | Mem:15.50M, Peak:15.50M | Scene, ViewLayer | Updating Images | Loading fern_02_rgba.png.003
Fra:1 Mem:3018.11M (Peak 3169.24M) | Time:00:01.07 | Mem:16.50M, Peak:16.50M | Scene, ViewLayer | Updating Images | Loading r15_wood_rough
Fra:1 Mem:3019.11M (Peak 3169.24M) | Time:00:01.07 | Mem:17.50M, Peak:17.50M | Scene, ViewLayer | Updating Images | Loading ceremonial-wood.png
Fra:1 Mem:3019.36M (Peak 3169.24M) | Time:00:01.07 | Mem:17.75M, Peak:17.75M | Scene, ViewLayer | Updating Images | Loading ceremonial-wood.png.001
Fra:1 Mem:3020.62M (Peak 3169.24M) | Time:00:01.07 | Mem:18.75M, Peak:18.75M | Scene, ViewLayer | Updating Images | Loading ceremonial-wood.png.002
Fra:1 Mem:3019.86M (Peak 3169.24M) | Time:00:01.07 | Mem:19.75M, Peak:19.75M | Scene, ViewLayer | Updating Images | Loading ceremonial-wood.png.003
Fra:1 Mem:3012.37M (Peak 3169.24M) | Time:00:01.07 | Mem:20.00M, Peak:20.00M | Scene, ViewLayer | Updating Images | Loading ceremonial-wood.png.004
Fra:1 Mem:3012.36M (Peak 3169.24M) | Time:00:01.07 | Mem:20.25M, Peak:20.25M | Scene, ViewLayer | Updating Images | Loading ceremonial-wood.png.005
Fra:1 Mem:3013.62M (Peak 3169.24M) | Time:00:01.07 | Mem:21.25M, Peak:21.25M | Scene, ViewLayer | Updating Images | Loading ceremonial-wood.png.006
Fra:1 Mem:3013.12M (Peak 3169.24M) | Time:00:01.07 | Mem:22.25M, Peak:22.25M | Scene, ViewLayer | Updating Images | Loading r15_furniture_diff
Fra:1 Mem:3013.86M (Peak 3169.24M) | Time:00:01.07 | Mem:22.50M, Peak:22.50M | Scene, ViewLayer | Updating Images | Loading r15_furniture_nor_gl
Fra:1 Mem:3021.88M (Peak 3169.24M) | Time:00:01.07 | Mem:23.00M, Peak:23.00M | Scene, ViewLayer | Updating Images | Loading r15_furniture_rough
Fra:1 Mem:3015.13M (Peak 3169.24M) | Time:00:01.07 | Mem:24.00M, Peak:24.00M | Scene, ViewLayer | Updating Images | Loading grass_medium_01_nor_gl
Fra:1 Mem:3015.13M (Peak 3169.24M) | Time:00:01.07 | Mem:32.00M, Peak:32.00M | Scene, ViewLayer | Updating Images | Loading r15_latticewood_diff
Fra:1 Mem:3014.86M (Peak 3169.24M) | Time:00:01.07 | Mem:32.25M, Peak:32.25M | Scene, ViewLayer | Updating Images | Loading r15_latticewood_nor_gl
Fra:1 Mem:3014.86M (Peak 3169.24M) | Time:00:01.07 | Mem:33.25M, Peak:33.25M | Scene, ViewLayer | Updating Images | Loading r15_latticewood_rough
Fra:1 Mem:3014.86M (Peak 3169.24M) | Time:00:01.07 | Mem:33.25M, Peak:33.25M | Scene, ViewLayer | Updating Images | Loading ceremonial-latticewood.png
Fra:1 Mem:3021.11M (Peak 3169.24M) | Time:00:01.07 | Mem:33.50M, Peak:33.50M | Scene, ViewLayer | Updating Images | Loading ceremonial-latticewood.png.001
Fra:1 Mem:3021.36M (Peak 3169.24M) | Time:00:01.07 | Mem:34.50M, Peak:34.50M | Scene, ViewLayer | Updating Images | Loading ceremonial-latticewood.png.002
Fra:1 Mem:3021.61M (Peak 3169.24M) | Time:00:01.07 | Mem:34.75M, Peak:34.75M | Scene, ViewLayer | Updating Images | Loading ceremonial-latticewood.png.003
Fra:1 Mem:3021.86M (Peak 3169.24M) | Time:00:01.07 | Mem:35.75M, Peak:35.75M | Scene, ViewLayer | Updating Images | Loading ceremonial-latticewood.png.004
Fra:1 Mem:3022.11M (Peak 3169.24M) | Time:00:01.08 | Mem:36.00M, Peak:36.00M | Scene, ViewLayer | Updating Images | Loading ceremonial-latticewood.png.005
Fra:1 Mem:3024.38M (Peak 3169.24M) | Time:00:01.08 | Mem:36.25M, Peak:36.25M | Scene, ViewLayer | Updating Images | Loading ceremonial-latticewood.png.006
Fra:1 Mem:3023.37M (Peak 3169.24M) | Time:00:01.08 | Mem:37.25M, Peak:37.25M | Scene, ViewLayer | Updating Images | Loading ceremonial-screen.png
Fra:1 Mem:3023.88M (Peak 3169.24M) | Time:00:01.08 | Mem:37.50M, Peak:37.50M | Scene, ViewLayer | Updating Images | Loading ceremonial-screen.png.001
Fra:1 Mem:3025.13M (Peak 3169.24M) | Time:00:01.08 | Mem:37.75M, Peak:37.75M | Scene, ViewLayer | Updating Images | Loading ceremonial-screen.png.002
Fra:1 Mem:3024.37M (Peak 3169.24M) | Time:00:01.08 | Mem:38.75M, Peak:38.75M | Scene, ViewLayer | Updating Images | Loading ceremonial-screen.png.003
Fra:1 Mem:3024.62M (Peak 3169.24M) | Time:00:01.08 | Mem:39.75M, Peak:39.75M | Scene, ViewLayer | Updating Images | Loading ceremonial-screen.png.004
Fra:1 Mem:3023.86M (Peak 3169.24M) | Time:00:01.08 | Mem:40.75M, Peak:40.75M | Scene, ViewLayer | Updating Images | Loading ceremonial-screen.png.005
Fra:1 Mem:3024.63M (Peak 3169.24M) | Time:00:01.08 | Mem:41.00M, Peak:41.00M | Scene, ViewLayer | Updating Images | Loading ceremonial-screen.png.006
Fra:1 Mem:3024.36M (Peak 3169.24M) | Time:00:01.08 | Mem:41.50M, Peak:41.50M | Scene, ViewLayer | Updating Images | Loading r15_roof_diff
Fra:1 Mem:3024.36M (Peak 3169.24M) | Time:00:01.08 | Mem:41.50M, Peak:41.50M | Scene, ViewLayer | Updating Images | Loading r15_roof_nor_gl
Fra:1 Mem:3026.88M (Peak 3169.24M) | Time:00:01.08 | Mem:41.75M, Peak:41.75M | Scene, ViewLayer | Updating Images | Loading r15_roof_rough
Fra:1 Mem:3026.62M (Peak 3169.24M) | Time:00:01.08 | Mem:42.00M, Peak:42.00M | Scene, ViewLayer | Updating Images | Loading ceremonial-roof.png
Fra:1 Mem:3027.36M (Peak 3169.24M) | Time:00:01.08 | Mem:42.25M, Peak:42.25M | Scene, ViewLayer | Updating Images | Loading ceremonial-roof.png.001
Fra:1 Mem:3027.86M (Peak 3169.24M) | Time:00:01.08 | Mem:42.50M, Peak:42.50M | Scene, ViewLayer | Updating Images | Loading ceremonial-roof.png.002
Fra:1 Mem:3028.11M (Peak 3169.24M) | Time:00:01.08 | Mem:42.75M, Peak:42.75M | Scene, ViewLayer | Updating Images | Loading ceremonial-roof.png.003
Fra:1 Mem:3028.36M (Peak 3169.24M) | Time:00:01.08 | Mem:43.00M, Peak:43.00M | Scene, ViewLayer | Updating Images | Loading ceremonial-roof.png.004
Fra:1 Mem:3028.87M (Peak 3169.24M) | Time:00:01.08 | Mem:43.25M, Peak:43.25M | Scene, ViewLayer | Updating Images | Loading ceremonial-roof.png.005
Fra:1 Mem:3028.61M (Peak 3169.24M) | Time:00:01.08 | Mem:43.50M, Peak:43.50M | Scene, ViewLayer | Updating Images | Loading ceremonial-roof.png.006
Fra:1 Mem:3029.11M (Peak 3169.24M) | Time:00:01.08 | Mem:43.75M, Peak:43.75M | Scene, ViewLayer | Updating Images | Loading r15_tilelight_diff
Fra:1 Mem:3030.37M (Peak 3169.24M) | Time:00:01.08 | Mem:44.75M, Peak:44.75M | Scene, ViewLayer | Updating Images | Loading r15_tilelight_nor_gl
Fra:1 Mem:3030.11M (Peak 3169.24M) | Time:00:01.08 | Mem:45.00M, Peak:45.00M | Scene, ViewLayer | Updating Images | Loading r15_tilelight_rough
Fra:1 Mem:3032.37M (Peak 3169.24M) | Time:00:01.08 | Mem:45.25M, Peak:45.25M | Scene, ViewLayer | Updating Images | Loading ceremonial-tilelight.png
Fra:1 Mem:3032.38M (Peak 3169.24M) | Time:00:01.08 | Mem:45.50M, Peak:45.50M | Scene, ViewLayer | Updating Images | Loading ceremonial-tilelight.png.001
Fra:1 Mem:3036.63M (Peak 3169.24M) | Time:00:01.08 | Mem:46.50M, Peak:46.50M | Scene, ViewLayer | Updating Images | Loading ceremonial-tilelight.png.002
Fra:1 Mem:3036.88M (Peak 3169.24M) | Time:00:01.08 | Mem:47.50M, Peak:47.50M | Scene, ViewLayer | Updating Images | Loading ceremonial-tilelight.png.003
Fra:1 Mem:3036.87M (Peak 3169.24M) | Time:00:01.08 | Mem:47.75M, Peak:47.75M | Scene, ViewLayer | Updating Images | Loading ceremonial-tilelight.png.004
Fra:1 Mem:3033.36M (Peak 3169.24M) | Time:00:01.08 | Mem:51.75M, Peak:51.75M | Scene, ViewLayer | Updating Images | Loading grass_medium_01_rough
Fra:1 Mem:3037.36M (Peak 3169.24M) | Time:00:01.08 | Mem:52.75M, Peak:52.75M | Scene, ViewLayer | Updating Images | Loading ceremonial-tilelight.png.005
Fra:1 Mem:3037.61M (Peak 3169.24M) | Time:00:01.08 | Mem:53.00M, Peak:53.00M | Scene, ViewLayer | Updating Images | Loading ceremonial-tilelight.png.006
Fra:1 Mem:3037.86M (Peak 3169.24M) | Time:00:01.08 | Mem:53.25M, Peak:53.25M | Scene, ViewLayer | Updating Images | Loading r15_tile_diff
Fra:1 Mem:3038.86M (Peak 3169.24M) | Time:00:01.08 | Mem:53.50M, Peak:53.50M | Scene, ViewLayer | Updating Images | Loading r15_tile_nor_gl
Fra:1 Mem:3040.12M (Peak 3169.24M) | Time:00:01.08 | Mem:53.75M, Peak:53.75M | Scene, ViewLayer | Updating Images | Loading r15_tile_rough
Fra:1 Mem:3040.86M (Peak 3169.24M) | Time:00:01.08 | Mem:54.00M, Peak:54.00M | Scene, ViewLayer | Updating Images | Loading ceremonial-tile.png
Fra:1 Mem:3041.11M (Peak 3169.24M) | Time:00:01.08 | Mem:54.25M, Peak:54.25M | Scene, ViewLayer | Updating Images | Loading ceremonial-tile.png.001
Fra:1 Mem:3043.38M (Peak 3169.24M) | Time:00:01.08 | Mem:54.50M, Peak:54.50M | Scene, ViewLayer | Updating Images | Loading ceremonial-tile.png.002
Fra:1 Mem:3042.62M (Peak 3169.24M) | Time:00:01.08 | Mem:55.50M, Peak:55.50M | Scene, ViewLayer | Updating Images | Loading ceremonial-tile.png.003
Fra:1 Mem:3042.87M (Peak 3169.24M) | Time:00:01.08 | Mem:55.75M, Peak:55.75M | Scene, ViewLayer | Updating Images | Loading ceremonial-tile.png.004
Fra:1 Mem:3042.11M (Peak 3169.24M) | Time:00:01.08 | Mem:56.75M, Peak:56.75M | Scene, ViewLayer | Updating Images | Loading ceremonial-tile.png.005
Fra:1 Mem:3042.36M (Peak 3169.24M) | Time:00:01.08 | Mem:57.00M, Peak:57.00M | Scene, ViewLayer | Updating Images | Loading ceremonial-tile.png.006
Fra:1 Mem:3042.62M (Peak 3169.24M) | Time:00:01.08 | Mem:57.25M, Peak:57.25M | Scene, ViewLayer | Updating Images | Loading r15_tiledark_diff
Fra:1 Mem:3043.61M (Peak 3169.24M) | Time:00:01.08 | Mem:58.25M, Peak:58.25M | Scene, ViewLayer | Updating Images | Loading r15_tiledark_nor_gl
Fra:1 Mem:3044.61M (Peak 3169.24M) | Time:00:01.08 | Mem:58.50M, Peak:58.50M | Scene, ViewLayer | Updating Images | Loading r15_tiledark_rough
Fra:1 Mem:3046.88M (Peak 3169.24M) | Time:00:01.08 | Mem:58.75M, Peak:58.75M | Scene, ViewLayer | Updating Images | Loading ceremonial-tiledark.png
Fra:1 Mem:3045.61M (Peak 3169.24M) | Time:00:01.08 | Mem:60.00M, Peak:60.00M | Scene, ViewLayer | Updating Images | Loading ceremonial-tiledark.png.001
Fra:1 Mem:3045.86M (Peak 3169.24M) | Time:00:01.08 | Mem:60.00M, Peak:60.00M | Scene, ViewLayer | Updating Images | Loading ceremonial-tiledark.png.002
Fra:1 Mem:3046.36M (Peak 3169.24M) | Time:00:01.09 | Mem:60.25M, Peak:60.25M | Scene, ViewLayer | Updating Images | Loading ceremonial-tiledark.png.003
Fra:1 Mem:3046.61M (Peak 3169.24M) | Time:00:01.09 | Mem:60.50M, Peak:60.50M | Scene, ViewLayer | Updating Images | Loading ceremonial-tiledark.png.004
Fra:1 Mem:3047.12M (Peak 3169.24M) | Time:00:01.09 | Mem:60.75M, Peak:60.75M | Scene, ViewLayer | Updating Images | Loading ceremonial-tiledark.png.005
Fra:1 Mem:3046.87M (Peak 3169.24M) | Time:00:01.09 | Mem:61.00M, Peak:61.00M | Scene, ViewLayer | Updating Images | Loading ceremonial-tiledark.png.006
Fra:1 Mem:3047.36M (Peak 3169.24M) | Time:00:01.09 | Mem:62.00M, Peak:62.00M | Scene, ViewLayer | Updating Images | Loading rock_moss_set_01_diff
Fra:1 Mem:3051.36M (Peak 3169.24M) | Time:00:01.09 | Mem:63.00M, Peak:63.00M | Scene, ViewLayer | Updating Images | Loading rock_moss_set_01_nor_gl
Fra:1 Mem:3056.37M (Peak 3169.24M) | Time:00:01.09 | Mem:63.25M, Peak:63.25M | Scene, ViewLayer | Updating Images | Loading ceremonial-limestone.png
Fra:1 Mem:3055.61M (Peak 3169.24M) | Time:00:01.09 | Mem:64.25M, Peak:64.25M | Scene, ViewLayer | Updating Images | Loading ceremonial-limestone.png.001
Fra:1 Mem:3055.86M (Peak 3169.24M) | Time:00:01.09 | Mem:64.50M, Peak:64.50M | Scene, ViewLayer | Updating Images | Loading ceremonial-limestone.png.002
Fra:1 Mem:3056.11M (Peak 3169.24M) | Time:00:01.09 | Mem:64.75M, Peak:64.75M | Scene, ViewLayer | Updating Images | Loading ceremonial-limestone.png.003
Fra:1 Mem:3056.36M (Peak 3169.24M) | Time:00:01.09 | Mem:65.00M, Peak:65.00M | Scene, ViewLayer | Updating Images | Loading ceremonial-limestone.png.004
Fra:1 Mem:3056.61M (Peak 3169.24M) | Time:00:01.09 | Mem:65.25M, Peak:65.25M | Scene, ViewLayer | Updating Images | Loading ceremonial-limestone.png.005
Fra:1 Mem:3056.86M (Peak 3169.24M) | Time:00:01.09 | Mem:65.50M, Peak:65.50M | Scene, ViewLayer | Updating Images | Loading ceremonial-limestone.png.006
Fra:1 Mem:3056.86M (Peak 3169.24M) | Time:00:01.09 | Mem:65.75M, Peak:65.75M | Scene, ViewLayer | Updating Images | Loading r15_paving_diff
Fra:1 Mem:3066.39M (Peak 3169.24M) | Time:00:01.09 | Mem:66.00M, Peak:66.00M | Scene, ViewLayer | Updating Images | Loading r15_paving_nor_gl
Fra:1 Mem:3067.13M (Peak 3169.24M) | Time:00:01.09 | Mem:66.25M, Peak:66.25M | Scene, ViewLayer | Updating Images | Loading r15_paving_rough
Fra:1 Mem:3063.38M (Peak 3169.24M) | Time:00:01.09 | Mem:70.25M, Peak:70.25M | Scene, ViewLayer | Updating Images | Loading ceremonial-paving.png
Fra:1 Mem:3064.38M (Peak 3169.24M) | Time:00:01.09 | Mem:70.50M, Peak:70.50M | Scene, ViewLayer | Updating Images | Loading ceremonial-paving.png.001
Fra:1 Mem:3061.62M (Peak 3169.24M) | Time:00:01.09 | Mem:74.50M, Peak:74.50M | Scene, ViewLayer | Updating Images | Loading grass_medium_01_diff-grass_medium_01_alpha
Fra:1 Mem:3060.61M (Peak 3169.24M) | Time:00:01.09 | Mem:75.50M, Peak:75.50M | Scene, ViewLayer | Updating Images | Loading ceremonial-paving.png.002
Fra:1 Mem:3065.12M (Peak 3169.24M) | Time:00:01.09 | Mem:79.50M, Peak:79.50M | Scene, ViewLayer | Updating Images | Loading ceremonial-paving.png.003
Fra:1 Mem:3065.11M (Peak 3169.24M) | Time:00:01.09 | Mem:79.75M, Peak:79.75M | Scene, ViewLayer | Updating Images | Loading ceremonial-paving.png.004
Fra:1 Mem:3065.36M (Peak 3169.24M) | Time:00:01.09 | Mem:80.00M, Peak:80.00M | Scene, ViewLayer | Updating Images | Loading ceremonial-paving.png.005
Fra:1 Mem:3066.62M (Peak 3169.24M) | Time:00:01.09 | Mem:80.25M, Peak:80.25M | Scene, ViewLayer | Updating Images | Loading ceremonial-paving.png.006
Fra:1 Mem:3065.61M (Peak 3169.24M) | Time:00:01.09 | Mem:81.25M, Peak:81.25M | Scene, ViewLayer | Updating Images | Loading r15_plaster_diff
Fra:1 Mem:3067.38M (Peak 3169.24M) | Time:00:01.09 | Mem:81.50M, Peak:81.50M | Scene, ViewLayer | Updating Images | Loading vermillion-wall-plaster.png
Fra:1 Mem:3067.12M (Peak 3169.24M) | Time:00:01.09 | Mem:81.75M, Peak:81.75M | Scene, ViewLayer | Updating Images | Loading vermillion-wall-plaster.png.001
Fra:1 Mem:3067.11M (Peak 3169.24M) | Time:00:01.09 | Mem:82.00M, Peak:82.00M | Scene, ViewLayer | Updating Images | Loading vermillion-wall-plaster.png.002
Fra:1 Mem:3068.62M (Peak 3169.24M) | Time:00:01.09 | Mem:83.00M, Peak:83.00M | Scene, ViewLayer | Updating Images | Loading vermillion-wall-plaster.png.003
Fra:1 Mem:3068.87M (Peak 3169.24M) | Time:00:01.09 | Mem:83.25M, Peak:83.25M | Scene, ViewLayer | Updating Images | Loading vermillion-wall-plaster.png.004
Fra:1 Mem:3069.12M (Peak 3169.24M) | Time:00:01.09 | Mem:83.50M, Peak:83.50M | Scene, ViewLayer | Updating Images | Loading vermillion-wall-plaster.png.005
Fra:1 Mem:3068.62M (Peak 3169.24M) | Time:00:01.09 | Mem:84.50M, Peak:84.50M | Scene, ViewLayer | Updating Images | Loading vermillion-wall-plaster.png.006
Fra:1 Mem:3068.87M (Peak 3169.24M) | Time:00:01.09 | Mem:84.75M, Peak:84.75M | Scene, ViewLayer | Updating Images | Loading ceremonial-plaster.png
Fra:1 Mem:3068.86M (Peak 3169.24M) | Time:00:01.09 | Mem:85.00M, Peak:85.00M | Scene, ViewLayer | Updating Images | Loading ceremonial-plaster.png.001
Fra:1 Mem:3069.11M (Peak 3169.24M) | Time:00:01.09 | Mem:85.25M, Peak:85.25M | Scene, ViewLayer | Updating Images | Loading ceremonial-plaster.png.002
Fra:1 Mem:3069.36M (Peak 3169.24M) | Time:00:01.09 | Mem:85.50M, Peak:85.50M | Scene, ViewLayer | Updating Images | Loading ceremonial-plaster.png.003
Fra:1 Mem:3073.62M (Peak 3169.24M) | Time:00:01.09 | Mem:85.75M, Peak:85.75M | Scene, ViewLayer | Updating Images | Loading ceremonial-plaster.png.004
Fra:1 Mem:3069.61M (Peak 3169.24M) | Time:00:01.09 | Mem:89.75M, Peak:89.75M | Scene, ViewLayer | Updating Images | Loading landscape-botanical_bamboo.png
Fra:1 Mem:3070.12M (Peak 3169.24M) | Time:00:01.09 | Mem:90.00M, Peak:90.00M | Scene, ViewLayer | Updating Images | Loading ceremonial-plaster.png.005
Fra:1 Mem:3070.36M (Peak 3169.24M) | Time:00:01.09 | Mem:90.25M, Peak:90.25M | Scene, ViewLayer | Updating Images | Loading ceremonial-plaster.png.006
Fra:1 Mem:3070.61M (Peak 3169.24M) | Time:00:01.09 | Mem:90.50M, Peak:90.50M | Scene, ViewLayer | Updating Images | Loading r15_gardenstone_diff
Fra:1 Mem:3071.87M (Peak 3169.24M) | Time:00:01.09 | Mem:90.75M, Peak:90.75M | Scene, ViewLayer | Updating Images | Loading r15_gardenstone_nor_gl
Fra:1 Mem:3072.61M (Peak 3169.24M) | Time:00:01.09 | Mem:91.00M, Peak:91.00M | Scene, ViewLayer | Updating Images | Loading r15_gardenstone_rough
Fra:1 Mem:3073.61M (Peak 3169.24M) | Time:00:01.09 | Mem:91.25M, Peak:91.25M | Scene, ViewLayer | Updating Images | Loading landscape-botanical_stem.png
Fra:1 Mem:3074.12M (Peak 3169.24M) | Time:00:01.09 | Mem:91.50M, Peak:91.50M | Scene, ViewLayer | Updating Images | Loading herbal-gardenstone.png
Fra:1 Mem:3074.11M (Peak 3169.24M) | Time:00:01.09 | Mem:91.75M, Peak:91.75M | Scene, ViewLayer | Updating Images | Loading herbal-gardenstone.png.001
Fra:1 Mem:3074.36M (Peak 3169.24M) | Time:00:01.09 | Mem:92.00M, Peak:92.00M | Scene, ViewLayer | Updating Images | Loading herbal-gardenstone.png.002
Fra:1 Mem:3075.62M (Peak 3169.24M) | Time:00:01.10 | Mem:92.25M, Peak:92.25M | Scene, ViewLayer | Updating Images | Loading landscape-gold.png
Fra:1 Mem:3074.86M (Peak 3169.24M) | Time:00:01.10 | Mem:93.25M, Peak:93.25M | Scene, ViewLayer | Updating Images | Loading herbal-gardenstone.png.003
Fra:1 Mem:3075.11M (Peak 3169.24M) | Time:00:01.10 | Mem:93.50M, Peak:93.50M | Scene, ViewLayer | Updating Images | Loading herbal-gardenstone.png.004
Fra:1 Mem:3075.36M (Peak 3169.24M) | Time:00:01.10 | Mem:93.75M, Peak:93.75M | Scene, ViewLayer | Updating Images | Loading landscape-darkwood.png
Fra:1 Mem:3076.62M (Peak 3169.24M) | Time:00:01.10 | Mem:94.00M, Peak:94.00M | Scene, ViewLayer | Updating Images | Loading herbal-gardenstone.png.005
Fra:1 Mem:3076.12M (Peak 3169.24M) | Time:00:01.10 | Mem:95.00M, Peak:95.00M | Scene, ViewLayer | Updating Images | Loading herbal-gardenstone.png.006
Fra:1 Mem:3076.11M (Peak 3169.24M) | Time:00:01.10 | Mem:95.25M, Peak:95.25M | Scene, ViewLayer | Updating Images | Loading herbal-limestone.png
Fra:1 Mem:3076.88M (Peak 3169.24M) | Time:00:01.10 | Mem:95.50M, Peak:95.50M | Scene, ViewLayer | Updating Images | Loading landscape-tiledark.png
Fra:1 Mem:3076.87M (Peak 3169.24M) | Time:00:01.10 | Mem:95.75M, Peak:95.75M | Scene, ViewLayer | Updating Images | Loading herbal-limestone.png.001
Fra:1 Mem:3076.61M (Peak 3169.24M) | Time:00:01.10 | Mem:96.00M, Peak:96.00M | Scene, ViewLayer | Updating Images | Loading herbal-limestone.png.002
Fra:1 Mem:3077.37M (Peak 3169.24M) | Time:00:01.10 | Mem:96.25M, Peak:96.25M | Scene, ViewLayer | Updating Images | Loading landscape-tilelight.png
Fra:1 Mem:3077.37M (Peak 3169.24M) | Time:00:01.10 | Mem:96.50M, Peak:96.50M | Scene, ViewLayer | Updating Images | Loading herbal-limestone.png.003
Fra:1 Mem:3077.62M (Peak 3169.24M) | Time:00:01.10 | Mem:96.75M, Peak:96.75M | Scene, ViewLayer | Updating Images | Loading herbal-limestone.png.004
Fra:1 Mem:3077.87M (Peak 3169.24M) | Time:00:01.10 | Mem:97.00M, Peak:97.00M | Scene, ViewLayer | Updating Images | Loading herbal-limestone.png.005
Fra:1 Mem:3079.12M (Peak 3169.24M) | Time:00:01.10 | Mem:97.25M, Peak:97.25M | Scene, ViewLayer | Updating Images | Loading herbal-limestone.png.006
Fra:1 Mem:3079.37M (Peak 3169.24M) | Time:00:01.10 | Mem:97.50M, Peak:97.50M | Scene, ViewLayer | Updating Images | Loading herbal-bark.png
Fra:1 Mem:3079.62M (Peak 3169.24M) | Time:00:01.10 | Mem:97.75M, Peak:97.75M | Scene, ViewLayer | Updating Images | Loading landscape-wood.png
Fra:1 Mem:3079.87M (Peak 3169.24M) | Time:00:01.10 | Mem:98.00M, Peak:98.00M | Scene, ViewLayer | Updating Images | Loading herbal-bark.png.001
Fra:1 Mem:3079.37M (Peak 3169.24M) | Time:00:01.10 | Mem:99.00M, Peak:99.00M | Scene, ViewLayer | Updating Images | Loading herbal-bark.png.002
Fra:1 Mem:3079.62M (Peak 3169.24M) | Time:00:01.10 | Mem:99.25M, Peak:99.25M | Scene, ViewLayer | Updating Images | Loading herbal-bark.png.003
Fra:1 Mem:3079.62M (Peak 3169.24M) | Time:00:01.10 | Mem:99.50M, Peak:99.50M | Scene, ViewLayer | Updating Images | Loading herbal-bark.png.004
Fra:1 Mem:3079.87M (Peak 3169.24M) | Time:00:01.10 | Mem:99.75M, Peak:99.75M | Scene, ViewLayer | Updating Images | Loading herbal-bark.png.005
Fra:1 Mem:3080.12M (Peak 3169.24M) | Time:00:01.10 | Mem:100.00M, Peak:100.00M | Scene, ViewLayer | Updating Images | Loading landscape-paving.png
Fra:1 Mem:3080.62M (Peak 3169.24M) | Time:00:01.10 | Mem:100.25M, Peak:100.25M | Scene, ViewLayer | Updating Images | Loading herbal-bark.png.006
Fra:1 Mem:3080.87M (Peak 3169.24M) | Time:00:01.10 | Mem:100.50M, Peak:100.50M | Scene, ViewLayer | Updating Images | Loading bamboo-plaster.png
Fra:1 Mem:3080.87M (Peak 3169.24M) | Time:00:01.10 | Mem:100.75M, Peak:100.75M | Scene, ViewLayer | Updating Images | Loading bamboo-plaster.png.001
Fra:1 Mem:3081.37M (Peak 3169.24M) | Time:00:01.10 | Mem:101.00M, Peak:101.00M | Scene, ViewLayer | Updating Images | Loading landscape-tile.png
Fra:1 Mem:3081.37M (Peak 3169.24M) | Time:00:01.10 | Mem:101.25M, Peak:101.25M | Scene, ViewLayer | Updating Images | Loading bamboo-plaster.png.002
Fra:1 Mem:3082.39M (Peak 3169.24M) | Time:00:01.10 | Mem:101.50M, Peak:101.50M | Scene, ViewLayer | Updating Images | Loading bamboo-plaster.png.003
Fra:1 Mem:3082.12M (Peak 3169.24M) | Time:00:01.10 | Mem:102.00M, Peak:102.00M | Scene, ViewLayer | Updating Images | Loading bamboo-plaster.png.004
Fra:1 Mem:3082.12M (Peak 3169.24M) | Time:00:01.10 | Mem:102.00M, Peak:102.00M | Scene, ViewLayer | Updating Images | Loading bamboo-plaster.png.005
Fra:1 Mem:3082.37M (Peak 3169.24M) | Time:00:01.10 | Mem:102.25M, Peak:102.25M | Scene, ViewLayer | Updating Images | Loading bamboo-plaster.png.006
Fra:1 Mem:3082.87M (Peak 3169.24M) | Time:00:01.10 | Mem:103.25M, Peak:103.25M | Scene, ViewLayer | Updating Images | Loading bamboo-roof.png
Fra:1 Mem:3082.87M (Peak 3169.24M) | Time:00:01.10 | Mem:103.50M, Peak:103.50M | Scene, ViewLayer | Updating Images | Loading landscape-stone.png
Fra:1 Mem:3083.37M (Peak 3169.24M) | Time:00:01.10 | Mem:103.75M, Peak:103.75M | Scene, ViewLayer | Updating Images | Loading bamboo-roof.png.001
Fra:1 Mem:3083.11M (Peak 3169.24M) | Time:00:01.10 | Mem:104.00M, Peak:104.00M | Scene, ViewLayer | Updating Images | Loading bamboo-roof.png.002
Fra:1 Mem:3083.62M (Peak 3169.24M) | Time:00:01.10 | Mem:104.25M, Peak:104.25M | Scene, ViewLayer | Updating Images | Loading bamboo-roof.png.003
Fra:1 Mem:3084.12M (Peak 3169.24M) | Time:00:01.10 | Mem:104.50M, Peak:104.50M | Scene, ViewLayer | Updating Images | Loading bamboo-roof.png.004
Fra:1 Mem:3084.37M (Peak 3169.24M) | Time:00:01.10 | Mem:104.75M, Peak:104.75M | Scene, ViewLayer | Updating Images | Loading bamboo-roof.png.005
Fra:1 Mem:3084.88M (Peak 3169.24M) | Time:00:01.10 | Mem:105.00M, Peak:105.00M | Scene, ViewLayer | Updating Images | Loading landscape-roof.png
Fra:1 Mem:3084.62M (Peak 3169.24M) | Time:00:01.10 | Mem:105.25M, Peak:105.25M | Scene, ViewLayer | Updating Images | Loading bamboo-roof.png.006
Fra:1 Mem:3085.12M (Peak 3169.24M) | Time:00:01.10 | Mem:105.50M, Peak:105.50M | Scene, ViewLayer | Updating Images | Loading bamboo-stone.png
Fra:1 Mem:3085.37M (Peak 3169.24M) | Time:00:01.10 | Mem:105.75M, Peak:105.75M | Scene, ViewLayer | Updating Images | Loading bamboo-stone.png.001
Fra:1 Mem:3085.62M (Peak 3169.24M) | Time:00:01.10 | Mem:106.00M, Peak:106.00M | Scene, ViewLayer | Updating Images | Loading bamboo-stone.png.002
Fra:1 Mem:3085.62M (Peak 3169.24M) | Time:00:01.10 | Mem:106.25M, Peak:106.25M | Scene, ViewLayer | Updating Images | Loading bamboo-stone.png.003
Fra:1 Mem:3086.12M (Peak 3169.24M) | Time:00:01.10 | Mem:106.50M, Peak:106.50M | Scene, ViewLayer | Updating Images | Loading landscape-plaster.png
Fra:1 Mem:3085.86M (Peak 3169.24M) | Time:00:01.10 | Mem:106.75M, Peak:106.75M | Scene, ViewLayer | Updating Images | Loading bamboo-stone.png.004
Fra:1 Mem:3086.37M (Peak 3169.24M) | Time:00:01.10 | Mem:107.00M, Peak:107.00M | Scene, ViewLayer | Updating Images | Loading bamboo-stone.png.005
Fra:1 Mem:3086.62M (Peak 3169.24M) | Time:00:01.10 | Mem:107.25M, Peak:107.25M | Scene, ViewLayer | Updating Images | Loading bamboo-stone.png.006
Fra:1 Mem:3087.12M (Peak 3169.24M) | Time:00:01.10 | Mem:107.50M, Peak:107.50M | Scene, ViewLayer | Updating Images | Loading bamboo-tile.png
Fra:1 Mem:3087.12M (Peak 3169.24M) | Time:00:01.10 | Mem:107.75M, Peak:107.75M | Scene, ViewLayer | Updating Images | Loading bamboo-tile.png.001
Fra:1 Mem:3087.11M (Peak 3169.24M) | Time:00:01.10 | Mem:108.00M, Peak:108.00M | Scene, ViewLayer | Updating Images | Loading bamboo-tile.png.002
Fra:1 Mem:3087.62M (Peak 3169.24M) | Time:00:01.10 | Mem:108.25M, Peak:108.25M | Scene, ViewLayer | Updating Images | Loading bamboo-tile.png.003
Fra:1 Mem:3088.64M (Peak 3169.24M) | Time:00:01.10 | Mem:108.50M, Peak:108.50M | Scene, ViewLayer | Updating Images | Loading bamboo-tile.png.004
Fra:1 Mem:3088.63M (Peak 3169.24M) | Time:00:01.10 | Mem:109.00M, Peak:109.00M | Scene, ViewLayer | Updating Images | Loading bamboo-tile.png.005
Fra:1 Mem:3088.37M (Peak 3169.24M) | Time:00:01.10 | Mem:109.25M, Peak:109.25M | Scene, ViewLayer | Updating Images | Loading bamboo-tile.png.006
Fra:1 Mem:3088.36M (Peak 3169.24M) | Time:00:01.10 | Mem:109.50M, Peak:109.50M | Scene, ViewLayer | Updating Images | Loading landscape-leafdark.png
Fra:1 Mem:3088.87M (Peak 3169.24M) | Time:00:01.10 | Mem:109.50M, Peak:109.50M | Scene, ViewLayer | Updating Images | Loading bamboo-cutstone.png
Fra:1 Mem:3089.38M (Peak 3169.24M) | Time:00:01.10 | Mem:109.75M, Peak:109.75M | Scene, ViewLayer | Updating Images | Loading bamboo-cutstone.png.001
Fra:1 Mem:3089.37M (Peak 3169.24M) | Time:00:01.10 | Mem:110.00M, Peak:110.00M | Scene, ViewLayer | Updating Images | Loading bamboo-cutstone.png.002
Fra:1 Mem:3089.62M (Peak 3169.24M) | Time:00:01.10 | Mem:110.25M, Peak:110.25M | Scene, ViewLayer | Updating Images | Loading bamboo-cutstone.png.003
Fra:1 Mem:3089.36M (Peak 3169.24M) | Time:00:01.10 | Mem:110.50M, Peak:110.50M | Scene, ViewLayer | Updating Images | Loading landscape-bamboo.png
Fra:1 Mem:3089.87M (Peak 3169.24M) | Time:00:01.10 | Mem:110.75M, Peak:110.75M | Scene, ViewLayer | Updating Images | Loading bamboo-cutstone.png.004
Fra:1 Mem:3090.62M (Peak 3169.24M) | Time:00:01.11 | Mem:111.00M, Peak:111.00M | Scene, ViewLayer | Updating Images | Loading bamboo-cutstone.png.005
Fra:1 Mem:3090.62M (Peak 3169.24M) | Time:00:01.11 | Mem:111.25M, Peak:111.25M | Scene, ViewLayer | Updating Images | Loading bamboo-cutstone.png.006
Fra:1 Mem:3090.87M (Peak 3169.24M) | Time:00:01.11 | Mem:111.50M, Peak:111.50M | Scene, ViewLayer | Updating Images | Loading landscape-leaf.png
Fra:1 Mem:3091.38M (Peak 3169.24M) | Time:00:01.11 | Mem:111.75M, Peak:111.75M | Scene, ViewLayer | Updating Images | Loading bamboo-darkwood.png
Fra:1 Mem:3091.12M (Peak 3169.24M) | Time:00:01.11 | Mem:112.00M, Peak:112.00M | Scene, ViewLayer | Updating Images | Loading bamboo-darkwood.png.001
Fra:1 Mem:3091.88M (Peak 3169.24M) | Time:00:01.11 | Mem:112.25M, Peak:112.25M | Scene, ViewLayer | Updating Images | Loading bamboo-darkwood.png.002
Fra:1 Mem:3091.87M (Peak 3169.24M) | Time:00:01.11 | Mem:112.50M, Peak:112.50M | Scene, ViewLayer | Updating Images | Loading bamboo-darkwood.png.003
Fra:1 Mem:3092.38M (Peak 3169.24M) | Time:00:01.11 | Mem:112.75M, Peak:112.75M | Scene, ViewLayer | Updating Images | Loading bamboo-darkwood.png.004
Fra:1 Mem:3092.63M (Peak 3169.24M) | Time:00:01.11 | Mem:113.00M, Peak:113.00M | Scene, ViewLayer | Updating Images | Loading bamboo-darkwood.png.005
Fra:1 Mem:3092.62M (Peak 3169.24M) | Time:00:01.11 | Mem:113.25M, Peak:113.25M | Scene, ViewLayer | Updating Images | Loading landscape-bark.png
Fra:1 Mem:3092.87M (Peak 3169.24M) | Time:00:01.11 | Mem:113.50M, Peak:113.50M | Scene, ViewLayer | Updating Images | Loading bamboo-darkwood.png.006
Fra:1 Mem:3092.87M (Peak 3169.24M) | Time:00:01.11 | Mem:113.75M, Peak:113.75M | Scene, ViewLayer | Updating Images | Loading bamboo-wood.png
Fra:1 Mem:3094.14M (Peak 3169.24M) | Time:00:01.11 | Mem:114.00M, Peak:114.00M | Scene, ViewLayer | Updating Images | Loading bamboo-wood.png.001
Fra:1 Mem:3094.13M (Peak 3169.24M) | Time:00:01.11 | Mem:114.25M, Peak:114.25M | Scene, ViewLayer | Updating Images | Loading landscape-limestone.png
Fra:1 Mem:3093.87M (Peak 3169.24M) | Time:00:01.11 | Mem:114.50M, Peak:114.50M | Scene, ViewLayer | Updating Images | Loading bamboo-wood.png.002
Fra:1 Mem:3094.12M (Peak 3169.24M) | Time:00:01.11 | Mem:114.75M, Peak:114.75M | Scene, ViewLayer | Updating Images | Loading bamboo-wood.png.003
Fra:1 Mem:3094.37M (Peak 3169.24M) | Time:00:01.11 | Mem:115.00M, Peak:115.00M | Scene, ViewLayer | Updating Images | Loading bamboo-wood.png.004
Fra:1 Mem:3094.63M (Peak 3169.24M) | Time:00:01.11 | Mem:115.25M, Peak:115.25M | Scene, ViewLayer | Updating Images | Loading bamboo-wood.png.005
Fra:1 Mem:3095.13M (Peak 3169.24M) | Time:00:01.11 | Mem:115.50M, Peak:115.50M | Scene, ViewLayer | Updating Images | Loading landscape-bankstone.png
Fra:1 Mem:3095.12M (Peak 3169.24M) | Time:00:01.11 | Mem:115.75M, Peak:115.75M | Scene, ViewLayer | Updating Images | Loading bamboo-wood.png.006
Fra:1 Mem:3095.37M (Peak 3169.24M) | Time:00:01.11 | Mem:116.00M, Peak:116.00M | Scene, ViewLayer | Updating Images | Loading bamboo-latticewood.png
Fra:1 Mem:3095.62M (Peak 3169.24M) | Time:00:01.11 | Mem:116.25M, Peak:116.25M | Scene, ViewLayer | Updating Images | Loading bamboo-latticewood.png.001
Fra:1 Mem:3096.12M (Peak 3169.24M) | Time:00:01.11 | Mem:116.75M, Peak:116.75M | Scene, ViewLayer | Updating Images | Loading bamboo-latticewood.png.002
Fra:1 Mem:3096.12M (Peak 3169.24M) | Time:00:01.11 | Mem:116.75M, Peak:116.75M | Scene, ViewLayer | Updating Images | Loading bamboo-latticewood.png.003
Fra:1 Mem:3096.63M (Peak 3169.24M) | Time:00:01.11 | Mem:117.00M, Peak:117.00M | Scene, ViewLayer | Updating Images | Loading bamboo-latticewood.png.004
Fra:1 Mem:3096.37M (Peak 3169.24M) | Time:00:01.11 | Mem:117.25M, Peak:117.25M | Scene, ViewLayer | Updating Images | Loading bamboo-latticewood.png.005
Fra:1 Mem:3096.62M (Peak 3169.24M) | Time:00:01.11 | Mem:117.50M, Peak:117.50M | Scene, ViewLayer | Updating Images | Loading bamboo-latticewood.png.006
Fra:1 Mem:3096.87M (Peak 3169.24M) | Time:00:01.11 | Mem:117.75M, Peak:117.75M | Scene, ViewLayer | Updating Images | Loading bamboo-tilelight.png
Fra:1 Mem:3097.37M (Peak 3169.24M) | Time:00:01.11 | Mem:118.00M, Peak:118.00M | Scene, ViewLayer | Updating Images | Loading bamboo-tilelight.png.001
Fra:1 Mem:3097.62M (Peak 3169.24M) | Time:00:01.11 | Mem:118.25M, Peak:118.25M | Scene, ViewLayer | Updating Images | Loading bamboo-tilelight.png.002
Fra:1 Mem:3098.13M (Peak 3169.24M) | Time:00:01.11 | Mem:118.50M, Peak:118.50M | Scene, ViewLayer | Updating Images | Loading bamboo-tilelight.png.003
Fra:1 Mem:3097.87M (Peak 3169.24M) | Time:00:01.11 | Mem:118.75M, Peak:118.75M | Scene, ViewLayer | Updating Images | Loading bamboo-tilelight.png.004
Fra:1 Mem:3098.63M (Peak 3169.24M) | Time:00:01.11 | Mem:119.00M, Peak:119.00M | Scene, ViewLayer | Updating Images | Loading warm-plaster.png.005
Fra:1 Mem:3099.13M (Peak 3169.24M) | Time:00:01.11 | Mem:119.25M, Peak:119.25M | Scene, ViewLayer | Updating Images | Loading bamboo-tilelight.png.005
Fra:1 Mem:3098.87M (Peak 3169.24M) | Time:00:01.11 | Mem:119.50M, Peak:119.50M | Scene, ViewLayer | Updating Images | Loading bamboo-tilelight.png.006
Fra:1 Mem:3098.87M (Peak 3169.24M) | Time:00:01.11 | Mem:119.75M, Peak:119.75M | Scene, ViewLayer | Updating Images | Loading bamboo-tiledark.png
Fra:1 Mem:3099.37M (Peak 3169.24M) | Time:00:01.11 | Mem:120.00M, Peak:120.00M | Scene, ViewLayer | Updating Images | Loading bamboo-tiledark.png.001
Fra:1 Mem:3099.62M (Peak 3169.24M) | Time:00:01.11 | Mem:120.25M, Peak:120.25M | Scene, ViewLayer | Updating Images | Loading bamboo-tiledark.png.002
Fra:1 Mem:3099.86M (Peak 3169.24M) | Time:00:01.11 | Mem:121.00M, Peak:121.00M | Scene, ViewLayer | Updating Images | Loading bamboo-tiledark.png.003
Fra:1 Mem:3099.86M (Peak 3169.24M) | Time:00:01.11 | Mem:121.00M, Peak:121.00M | Scene, ViewLayer | Updating Images | Loading bamboo-tiledark.png.004
Fra:1 Mem:3100.12M (Peak 3169.24M) | Time:00:01.11 | Mem:121.00M, Peak:121.00M | Scene, ViewLayer | Updating Images | Loading bamboo-tiledark.png.005
Fra:1 Mem:3100.88M (Peak 3169.24M) | Time:00:01.11 | Mem:121.25M, Peak:121.25M | Scene, ViewLayer | Updating Images | Loading bamboo-tiledark.png.006
Fra:1 Mem:3101.13M (Peak 3169.24M) | Time:00:01.11 | Mem:121.50M, Peak:121.50M | Scene, ViewLayer | Updating Images | Loading bamboo-paving.png
Fra:1 Mem:3101.63M (Peak 3169.24M) | Time:00:01.11 | Mem:121.75M, Peak:121.75M | Scene, ViewLayer | Updating Images | Loading bamboo-paving.png.001
Fra:1 Mem:3101.63M (Peak 3169.24M) | Time:00:01.11 | Mem:122.00M, Peak:122.00M | Scene, ViewLayer | Updating Images | Loading bamboo-paving.png.002
Fra:1 Mem:3101.37M (Peak 3169.24M) | Time:00:01.11 | Mem:122.25M, Peak:122.25M | Scene, ViewLayer | Updating Images | Loading warm-plaster.png.004
Fra:1 Mem:3101.87M (Peak 3169.24M) | Time:00:01.11 | Mem:122.50M, Peak:122.50M | Scene, ViewLayer | Updating Images | Loading bamboo-paving.png.003
Fra:1 Mem:3102.38M (Peak 3169.24M) | Time:00:01.11 | Mem:122.75M, Peak:122.75M | Scene, ViewLayer | Updating Images | Loading bamboo-paving.png.004
Fra:1 Mem:3102.37M (Peak 3169.24M) | Time:00:01.11 | Mem:123.00M, Peak:123.00M | Scene, ViewLayer | Updating Images | Loading bamboo-paving.png.005
Fra:1 Mem:3102.62M (Peak 3169.24M) | Time:00:01.11 | Mem:123.25M, Peak:123.25M | Scene, ViewLayer | Updating Images | Loading bamboo-paving.png.006
Fra:1 Mem:3103.13M (Peak 3169.24M) | Time:00:01.11 | Mem:123.50M, Peak:123.50M | Scene, ViewLayer | Updating Images | Loading bamboo-water.png
Fra:1 Mem:3103.12M (Peak 3169.24M) | Time:00:01.11 | Mem:123.75M, Peak:123.75M | Scene, ViewLayer | Updating Images | Loading bamboo-water.png.001
Fra:1 Mem:3103.89M (Peak 3169.24M) | Time:00:01.11 | Mem:124.00M, Peak:124.00M | Scene, ViewLayer | Updating Images | Loading bamboo-water.png.002
Fra:1 Mem:3104.39M (Peak 3169.24M) | Time:00:01.11 | Mem:124.25M, Peak:124.25M | Scene, ViewLayer | Updating Images | Loading bamboo-water.png.003
Fra:1 Mem:3104.39M (Peak 3169.24M) | Time:00:01.11 | Mem:124.50M, Peak:124.50M | Scene, ViewLayer | Updating Images | Loading bamboo-water.png.004
Fra:1 Mem:3104.64M (Peak 3169.24M) | Time:00:01.11 | Mem:124.75M, Peak:124.75M | Scene, ViewLayer | Updating Images | Loading bamboo-water.png.005
Fra:1 Mem:3104.38M (Peak 3169.24M) | Time:00:01.11 | Mem:125.00M, Peak:125.00M | Scene, ViewLayer | Updating Images | Loading warm-plaster.png.003
Fra:1 Mem:3104.62M (Peak 3169.24M) | Time:00:01.11 | Mem:125.25M, Peak:125.25M | Scene, ViewLayer | Updating Images | Loading bamboo-water.png.006
Fra:1 Mem:3104.87M (Peak 3169.24M) | Time:00:01.11 | Mem:125.50M, Peak:125.50M | Scene, ViewLayer | Updating Images | Loading r15_bankstone_diff
Fra:1 Mem:3106.39M (Peak 3169.24M) | Time:00:01.11 | Mem:125.75M, Peak:125.75M | Scene, ViewLayer | Updating Images | Loading r15_bankstone_nor_gl
Fra:1 Mem:3107.13M (Peak 3169.24M) | Time:00:01.11 | Mem:126.00M, Peak:126.00M | Scene, ViewLayer | Updating Images | Loading r15_bankstone_rough
Fra:1 Mem:3108.13M (Peak 3169.24M) | Time:00:01.11 | Mem:126.25M, Peak:126.25M | Scene, ViewLayer | Updating Images | Loading bamboo-bankstone.png
Fra:1 Mem:3108.12M (Peak 3169.24M) | Time:00:01.11 | Mem:126.50M, Peak:126.50M | Scene, ViewLayer | Updating Images | Loading bamboo-bankstone.png.001
Fra:1 Mem:3108.37M (Peak 3169.24M) | Time:00:01.11 | Mem:126.75M, Peak:126.75M | Scene, ViewLayer | Updating Images | Loading bamboo-bankstone.png.002
Fra:1 Mem:3108.62M (Peak 3169.24M) | Time:00:01.11 | Mem:127.00M, Peak:127.00M | Scene, ViewLayer | Updating Images | Loading bamboo-bankstone.png.003
Fra:1 Mem:3108.87M (Peak 3169.24M) | Time:00:01.11 | Mem:127.25M, Peak:127.25M | Scene, ViewLayer | Updating Images | Loading warm-plaster.png.002
Fra:1 Mem:3109.38M (Peak 3169.24M) | Time:00:01.11 | Mem:127.50M, Peak:127.50M | Scene, ViewLayer | Updating Images | Loading warm-plaster.png.001
Fra:1 Mem:3110.64M (Peak 3169.24M) | Time:00:01.11 | Mem:127.75M, Peak:127.75M | Scene, ViewLayer | Updating Images | Loading bamboo-bankstone.png.004
Fra:1 Mem:3109.88M (Peak 3169.24M) | Time:00:01.11 | Mem:128.75M, Peak:128.75M | Scene, ViewLayer | Updating Images | Loading bamboo-bankstone.png.005
Fra:1 Mem:3109.87M (Peak 3169.24M) | Time:00:01.11 | Mem:129.00M, Peak:129.00M | Scene, ViewLayer | Updating Images | Loading bamboo-bankstone.png.006
Fra:1 Mem:3110.12M (Peak 3169.24M) | Time:00:01.11 | Mem:129.25M, Peak:129.25M | Scene, ViewLayer | Updating Images | Loading bamboo-paper.png
Fra:1 Mem:3110.37M (Peak 3169.24M) | Time:00:01.12 | Mem:129.50M, Peak:129.50M | Scene, ViewLayer | Updating Images | Loading bamboo-paper.png.001
Fra:1 Mem:3110.62M (Peak 3169.24M) | Time:00:01.12 | Mem:129.75M, Peak:129.75M | Scene, ViewLayer | Updating Images | Loading warm-plaster.png
Fra:1 Mem:3110.87M (Peak 3169.24M) | Time:00:01.12 | Mem:130.00M, Peak:130.00M | Scene, ViewLayer | Updating Images | Loading bamboo-paper.png.002
Fra:1 Mem:3111.12M (Peak 3169.24M) | Time:00:01.12 | Mem:130.25M, Peak:130.25M | Scene, ViewLayer | Updating Images | Loading bamboo-paper.png.003
Fra:1 Mem:3111.37M (Peak 3169.24M) | Time:00:01.12 | Mem:130.50M, Peak:130.50M | Scene, ViewLayer | Updating Images | Loading warm-courtbase.png.005
Fra:1 Mem:3112.14M (Peak 3169.24M) | Time:00:01.12 | Mem:130.75M, Peak:130.75M | Scene, ViewLayer | Updating Images | Loading bamboo-paper.png.004
Fra:1 Mem:3112.39M (Peak 3169.24M) | Time:00:01.12 | Mem:131.00M, Peak:131.00M | Scene, ViewLayer | Updating Images | Loading bamboo-paper.png.005
Fra:1 Mem:3112.38M (Peak 3169.24M) | Time:00:01.12 | Mem:131.25M, Peak:131.25M | Scene, ViewLayer | Updating Images | Loading bamboo-paper.png.006
Fra:1 Mem:3112.37M (Peak 3169.24M) | Time:00:01.12 | Mem:131.50M, Peak:131.50M | Scene, ViewLayer | Updating Images | Loading bamboo-ivory.png
Fra:1 Mem:3112.88M (Peak 3169.24M) | Time:00:01.12 | Mem:131.75M, Peak:131.75M | Scene, ViewLayer | Updating Images | Loading warm-courtbase.png.004
Fra:1 Mem:3112.62M (Peak 3169.24M) | Time:00:01.12 | Mem:132.00M, Peak:132.00M | Scene, ViewLayer | Updating Images | Loading bamboo-ivory.png.001
Fra:1 Mem:3113.12M (Peak 3169.24M) | Time:00:01.12 | Mem:132.25M, Peak:132.25M | Scene, ViewLayer | Updating Images | Loading bamboo-ivory.png.002
Fra:1 Mem:3114.38M (Peak 3169.24M) | Time:00:01.12 | Mem:132.50M, Peak:132.50M | Scene, ViewLayer | Updating Images | Loading bamboo-ivory.png.003
Fra:1 Mem:3114.14M (Peak 3169.24M) | Time:00:01.12 | Mem:133.50M, Peak:133.50M | Scene, ViewLayer | Updating Images | Loading bamboo-ivory.png.004
Fra:1 Mem:3114.39M (Peak 3169.24M) | Time:00:01.12 | Mem:133.75M, Peak:133.75M | Scene, ViewLayer | Updating Images | Loading bamboo-ivory.png.005
Fra:1 Mem:3114.38M (Peak 3169.24M) | Time:00:01.12 | Mem:134.00M, Peak:134.00M | Scene, ViewLayer | Updating Images | Loading bamboo-ivory.png.006
Fra:1 Mem:3115.64M (Peak 3169.24M) | Time:00:01.12 | Mem:134.25M, Peak:134.25M | Scene, ViewLayer | Updating Images | Loading warm-courtbase.png.003
Fra:1 Mem:3115.38M (Peak 3169.24M) | Time:00:01.12 | Mem:134.50M, Peak:134.50M | Scene, ViewLayer | Updating Images | Loading bamboo-gold.png
Fra:1 Mem:3115.88M (Peak 3169.24M) | Time:00:01.12 | Mem:134.75M, Peak:134.75M | Scene, ViewLayer | Updating Images | Loading bamboo-gold.png.001
Fra:1 Mem:3116.13M (Peak 3169.24M) | Time:00:01.12 | Mem:135.00M, Peak:135.00M | Scene, ViewLayer | Updating Images | Loading bamboo-gold.png.002
Fra:1 Mem:3115.12M (Peak 3169.24M) | Time:00:01.12 | Mem:136.00M, Peak:136.00M | Scene, ViewLayer | Updating Images | Loading bamboo-gold.png.003
Fra:1 Mem:3115.62M (Peak 3169.24M) | Time:00:01.12 | Mem:136.25M, Peak:136.25M | Scene, ViewLayer | Updating Images | Loading bamboo-gold.png.004
Fra:1 Mem:3116.13M (Peak 3169.24M) | Time:00:01.12 | Mem:136.50M, Peak:136.50M | Scene, ViewLayer | Updating Images | Loading bamboo-gold.png.005
Fra:1 Mem:3116.12M (Peak 3169.24M) | Time:00:01.12 | Mem:136.75M, Peak:136.75M | Scene, ViewLayer | Updating Images | Loading bamboo-gold.png.006
Fra:1 Mem:3116.37M (Peak 3169.24M) | Time:00:01.12 | Mem:137.00M, Peak:137.00M | Scene, ViewLayer | Updating Images | Loading bamboo-silk.png
Fra:1 Mem:3116.88M (Peak 3169.24M) | Time:00:01.12 | Mem:137.25M, Peak:137.25M | Scene, ViewLayer | Updating Images | Loading bamboo-silk.png.001
Fra:1 Mem:3116.87M (Peak 3169.24M) | Time:00:01.12 | Mem:137.50M, Peak:137.50M | Scene, ViewLayer | Updating Images | Loading warm-courtbase.png.002
Fra:1 Mem:3117.89M (Peak 3169.24M) | Time:00:01.12 | Mem:137.75M, Peak:137.75M | Scene, ViewLayer | Updating Images | Loading bamboo-silk.png.002
Fra:1 Mem:3117.63M (Peak 3169.24M) | Time:00:01.12 | Mem:138.25M, Peak:138.25M | Scene, ViewLayer | Updating Images | Loading bamboo-silk.png.003
Fra:1 Mem:3117.62M (Peak 3169.24M) | Time:00:01.12 | Mem:138.50M, Peak:138.50M | Scene, ViewLayer | Updating Images | Loading bamboo-silk.png.004
Fra:1 Mem:3117.36M (Peak 3169.24M) | Time:00:01.12 | Mem:138.75M, Peak:138.75M | Scene, ViewLayer | Updating Images | Loading bamboo-silk.png.005
Fra:1 Mem:3117.88M (Peak 3169.24M) | Time:00:01.12 | Mem:138.75M, Peak:138.75M | Scene, ViewLayer | Updating Images | Loading bamboo-silk.png.006
Fra:1 Mem:3117.87M (Peak 3169.24M) | Time:00:01.12 | Mem:139.00M, Peak:139.00M | Scene, ViewLayer | Updating Images | Loading bamboo-bark.png
Fra:1 Mem:3118.62M (Peak 3169.24M) | Time:00:01.12 | Mem:139.25M, Peak:139.25M | Scene, ViewLayer | Updating Images | Loading bamboo-bark.png.001
Fra:1 Mem:3118.87M (Peak 3169.24M) | Time:00:01.12 | Mem:139.50M, Peak:139.50M | Scene, ViewLayer | Updating Images | Loading bamboo-bark.png.002
Fra:1 Mem:3119.12M (Peak 3169.24M) | Time:00:01.12 | Mem:139.75M, Peak:139.75M | Scene, ViewLayer | Updating Images | Loading bamboo-bark.png.003
Fra:1 Mem:3119.63M (Peak 3169.24M) | Time:00:01.12 | Mem:140.00M, Peak:140.00M | Scene, ViewLayer | Updating Images | Loading bamboo-bark.png.004
Fra:1 Mem:3119.37M (Peak 3169.24M) | Time:00:01.12 | Mem:140.25M, Peak:140.25M | Scene, ViewLayer | Updating Images | Loading bamboo-bark.png.005
Fra:1 Mem:3120.39M (Peak 3169.24M) | Time:00:01.12 | Mem:140.50M, Peak:140.50M | Scene, ViewLayer | Updating Images | Loading bamboo-bark.png.006
Fra:1 Mem:3120.38M (Peak 3169.24M) | Time:00:01.12 | Mem:141.00M, Peak:141.00M | Scene, ViewLayer | Updating Images | Loading petal.png
Fra:1 Mem:3120.38M (Peak 3169.24M) | Time:00:01.12 | Mem:141.00M, Peak:141.00M | Scene, ViewLayer | Updating Images | Loading bamboo-botanical_petal.png
Fra:1 Mem:3120.95M (Peak 3169.24M) | Time:00:01.12 | Mem:141.25M, Peak:141.25M | Scene, ViewLayer | Updating Images | Loading warm-courtbase.png.001
Fra:1 Mem:3120.94M (Peak 3169.24M) | Time:00:01.12 | Mem:141.50M, Peak:141.50M | Scene, ViewLayer | Updating Images | Loading bamboo-botanical_petal.png.001
Fra:1 Mem:3121.19M (Peak 3169.24M) | Time:00:01.12 | Mem:141.75M, Peak:141.75M | Scene, ViewLayer | Updating Images | Loading bamboo-botanical_petal.png.002
Fra:1 Mem:3121.44M (Peak 3169.24M) | Time:00:01.12 | Mem:141.81M, Peak:141.81M | Scene, ViewLayer | Updating Images | Loading bamboo-botanical_petal.png.003
Fra:1 Mem:3121.43M (Peak 3169.24M) | Time:00:01.12 | Mem:142.06M, Peak:142.06M | Scene, ViewLayer | Updating Images | Loading bamboo-botanical_petal.png.004
Fra:1 Mem:3121.94M (Peak 3169.24M) | Time:00:01.12 | Mem:142.31M, Peak:142.31M | Scene, ViewLayer | Updating Images | Loading bamboo-botanical_petal.png.005
Fra:1 Mem:3121.93M (Peak 3169.24M) | Time:00:01.12 | Mem:142.56M, Peak:142.56M | Scene, ViewLayer | Updating Images | Loading bamboo-botanical_petal.png.006
Fra:1 Mem:3122.44M (Peak 3169.24M) | Time:00:01.12 | Mem:142.81M, Peak:142.81M | Scene, ViewLayer | Updating Images | Loading bamboo.png
Fra:1 Mem:3122.31M (Peak 3169.24M) | Time:00:01.12 | Mem:143.06M, Peak:143.06M | Scene, ViewLayer | Updating Images | Loading bamboo-botanical_bamboo.png
Fra:1 Mem:3122.56M (Peak 3169.24M) | Time:00:01.12 | Mem:143.31M, Peak:143.31M | Scene, ViewLayer | Updating Images | Loading bamboo-botanical_bamboo.png.001
Fra:1 Mem:3122.81M (Peak 3169.24M) | Time:00:01.12 | Mem:143.56M, Peak:143.56M | Scene, ViewLayer | Updating Images | Loading bamboo-botanical_bamboo.png.002
Fra:1 Mem:3123.57M (Peak 3169.24M) | Time:00:01.12 | Mem:143.81M, Peak:143.81M | Scene, ViewLayer | Updating Images | Loading bamboo-botanical_bamboo.png.003
Fra:1 Mem:3123.56M (Peak 3169.24M) | Time:00:01.12 | Mem:144.31M, Peak:144.31M | Scene, ViewLayer | Updating Images | Loading bamboo-botanical_bamboo.png.004
Fra:1 Mem:3123.56M (Peak 3169.24M) | Time:00:01.12 | Mem:144.31M, Peak:144.31M | Scene, ViewLayer | Updating Images | Loading warm-courtbase.png
Fra:1 Mem:3123.81M (Peak 3169.24M) | Time:00:01.12 | Mem:144.56M, Peak:144.56M | Scene, ViewLayer | Updating Images | Loading bamboo-botanical_bamboo.png.005
Fra:1 Mem:3124.06M (Peak 3169.24M) | Time:00:01.12 | Mem:144.94M, Peak:144.94M | Scene, ViewLayer | Updating Images | Loading bamboo-botanical_bamboo.png.006
Fra:1 Mem:3124.06M (Peak 3169.24M) | Time:00:01.12 | Mem:144.94M, Peak:144.94M | Scene, ViewLayer | Updating Images | Loading stem.png
Fra:1 Mem:3124.43M (Peak 3169.24M) | Time:00:01.12 | Mem:145.19M, Peak:145.19M | Scene, ViewLayer | Updating Images | Loading bamboo-botanical_stem.png
Fra:1 Mem:3124.68M (Peak 3169.24M) | Time:00:01.12 | Mem:145.44M, Peak:145.44M | Scene, ViewLayer | Updating Images | Loading bamboo-botanical_stem.png.001
Fra:1 Mem:3124.93M (Peak 3169.24M) | Time:00:01.12 | Mem:145.94M, Peak:145.94M | Scene, ViewLayer | Updating Images | Loading warm-leafdark.png.005
Fra:1 Mem:3125.18M (Peak 3169.24M) | Time:00:01.12 | Mem:146.19M, Peak:146.19M | Scene, ViewLayer | Updating Images | Loading bamboo-botanical_stem.png.003
Fra:1 Mem:3125.68M (Peak 3169.24M) | Time:00:01.12 | Mem:146.31M, Peak:146.31M | Scene, ViewLayer | Updating Images | Loading bamboo-botanical_stem.png.004
Fra:1 Mem:3126.19M (Peak 3169.24M) | Time:00:01.12 | Mem:146.56M, Peak:146.56M | Scene, ViewLayer | Updating Images | Loading bamboo-botanical_stem.png.005
Fra:1 Mem:3126.18M (Peak 3169.24M) | Time:00:01.12 | Mem:146.81M, Peak:146.81M | Scene, ViewLayer | Updating Images | Loading bamboo-botanical_stem.png.006
Fra:1 Mem:3126.43M (Peak 3169.24M) | Time:00:01.12 | Mem:147.06M, Peak:147.06M | Scene, ViewLayer | Updating Images | Loading warm-leafdark.png.004
Fra:1 Mem:3126.94M (Peak 3169.24M) | Time:00:01.13 | Mem:147.31M, Peak:147.31M | Scene, ViewLayer | Updating Images | Loading banana.png
Fra:1 Mem:3127.44M (Peak 3169.24M) | Time:00:01.13 | Mem:147.56M, Peak:147.56M | Scene, ViewLayer | Updating Images | Loading bamboo-botanical_banana.png
Fra:1 Mem:3127.43M (Peak 3169.24M) | Time:00:01.13 | Mem:147.81M, Peak:147.81M | Scene, ViewLayer | Updating Images | Loading bamboo-botanical_banana.png.001
Fra:1 Mem:3127.94M (Peak 3169.24M) | Time:00:01.13 | Mem:148.06M, Peak:148.06M | Scene, ViewLayer | Updating Images | Loading warm-leafdark.png.003
Fra:1 Mem:3128.19M (Peak 3169.24M) | Time:00:01.13 | Mem:148.31M, Peak:148.31M | Scene, ViewLayer | Updating Images | Loading bamboo-botanical_banana.png.002
Fra:1 Mem:3128.44M (Peak 3169.24M) | Time:00:01.13 | Mem:148.56M, Peak:148.56M | Scene, ViewLayer | Updating Images | Loading bamboo-botanical_banana.png.003
Fra:1 Mem:3128.43M (Peak 3169.24M) | Time:00:01.13 | Mem:148.81M, Peak:148.81M | Scene, ViewLayer | Updating Images | Loading bamboo-botanical_banana.png.004
Fra:1 Mem:3129.20M (Peak 3169.24M) | Time:00:01.13 | Mem:149.06M, Peak:149.06M | Scene, ViewLayer | Updating Images | Loading bamboo-botanical_banana.png.005
Fra:1 Mem:3129.19M (Peak 3169.24M) | Time:00:01.13 | Mem:149.31M, Peak:149.31M | Scene, ViewLayer | Updating Images | Loading warm-leafdark.png.002
Fra:1 Mem:3129.18M (Peak 3169.24M) | Time:00:01.13 | Mem:149.56M, Peak:149.56M | Scene, ViewLayer | Updating Images | Loading bamboo-botanical_banana.png.006
Fra:1 Mem:3130.21M (Peak 3169.24M) | Time:00:01.13 | Mem:150.06M, Peak:150.06M | Scene, ViewLayer | Updating Images | Loading bamboo-bamboo.png
Fra:1 Mem:3130.20M (Peak 3169.24M) | Time:00:01.13 | Mem:150.31M, Peak:150.31M | Scene, ViewLayer | Updating Images | Loading bamboo-bamboo.png.001
Fra:1 Mem:3130.19M (Peak 3169.24M) | Time:00:01.13 | Mem:150.56M, Peak:150.56M | Scene, ViewLayer | Updating Images | Loading bamboo-bamboo.png.002
Fra:1 Mem:3130.19M (Peak 3169.24M) | Time:00:01.13 | Mem:150.81M, Peak:150.81M | Scene, ViewLayer | Updating Images | Loading warm-leafdark.png.001
Fra:1 Mem:3130.43M (Peak 3169.24M) | Time:00:01.13 | Mem:151.06M, Peak:151.06M | Scene, ViewLayer | Updating Images | Loading bamboo-bamboo.png.003
Fra:1 Mem:3130.68M (Peak 3169.24M) | Time:00:01.13 | Mem:151.31M, Peak:151.31M | Scene, ViewLayer | Updating Images | Loading bamboo-bamboo.png.004
Fra:1 Mem:3131.19M (Peak 3169.24M) | Time:00:01.13 | Mem:151.56M, Peak:151.56M | Scene, ViewLayer | Updating Images | Loading bamboo-bamboo.png.005
Fra:1 Mem:3131.18M (Peak 3169.24M) | Time:00:01.13 | Mem:151.81M, Peak:151.81M | Scene, ViewLayer | Updating Images | Loading bamboo-bamboo.png.006
Fra:1 Mem:3131.43M (Peak 3169.24M) | Time:00:01.13 | Mem:152.06M, Peak:152.06M | Scene, ViewLayer | Updating Images | Loading bamboo-leaf.png
Fra:1 Mem:3131.68M (Peak 3169.24M) | Time:00:01.13 | Mem:152.31M, Peak:152.31M | Scene, ViewLayer | Updating Images | Loading bamboo-leaf.png.001
Fra:1 Mem:3132.45M (Peak 3169.24M) | Time:00:01.13 | Mem:152.56M, Peak:152.56M | Scene, ViewLayer | Updating Images | Loading warm-leafdark.png
Fra:1 Mem:3132.70M (Peak 3169.24M) | Time:00:01.13 | Mem:152.81M, Peak:152.81M | Scene, ViewLayer | Updating Images | Loading bamboo-leaf.png.002
Fra:1 Mem:3132.69M (Peak 3169.24M) | Time:00:01.13 | Mem:153.06M, Peak:153.06M | Scene, ViewLayer | Updating Images | Loading bamboo-leaf.png.003
Fra:1 Mem:3132.94M (Peak 3169.24M) | Time:00:01.13 | Mem:153.31M, Peak:153.31M | Scene, ViewLayer | Updating Images | Loading bamboo-leaf.png.004
Fra:1 Mem:3133.19M (Peak 3169.24M) | Time:00:01.13 | Mem:153.56M, Peak:153.56M | Scene, ViewLayer | Updating Images | Loading bamboo-leaf.png.005
Fra:1 Mem:3132.93M (Peak 3169.24M) | Time:00:01.13 | Mem:153.81M, Peak:153.81M | Scene, ViewLayer | Updating Images | Loading bamboo-leaf.png.006
Fra:1 Mem:3133.69M (Peak 3169.24M) | Time:00:01.13 | Mem:154.06M, Peak:154.06M | Scene, ViewLayer | Updating Images | Loading bamboo-leafdark.png
Fra:1 Mem:3133.94M (Peak 3169.24M) | Time:00:01.13 | Mem:154.31M, Peak:154.31M | Scene, ViewLayer | Updating Images | Loading bamboo-leafdark.png.001
Fra:1 Mem:3133.93M (Peak 3169.24M) | Time:00:01.13 | Mem:154.56M, Peak:154.56M | Scene, ViewLayer | Updating Images | Loading bamboo-leafdark.png.002
Fra:1 Mem:3134.18M (Peak 3169.24M) | Time:00:01.13 | Mem:154.81M, Peak:154.81M | Scene, ViewLayer | Updating Images | Loading warm-bark.png.005
Fra:1 Mem:3134.43M (Peak 3169.24M) | Time:00:01.13 | Mem:155.06M, Peak:155.06M | Scene, ViewLayer | Updating Images | Loading bamboo-leafdark.png.003
Fra:1 Mem:3134.94M (Peak 3169.24M) | Time:00:01.13 | Mem:155.31M, Peak:155.31M | Scene, ViewLayer | Updating Images | Loading bamboo-leafdark.png.004
Fra:1 Mem:3135.19M (Peak 3169.24M) | Time:00:01.13 | Mem:155.56M, Peak:155.56M | Scene, ViewLayer | Updating Images | Loading bamboo-leafdark.png.005
Fra:1 Mem:3135.18M (Peak 3169.24M) | Time:00:01.13 | Mem:155.81M, Peak:155.81M | Scene, ViewLayer | Updating Images | Loading bamboo-leafdark.png.006
Fra:1 Mem:3135.69M (Peak 3169.24M) | Time:00:01.13 | Mem:156.06M, Peak:156.06M | Scene, ViewLayer | Updating Images | Loading warm-bark.png.004
Fra:1 Mem:3135.68M (Peak 3169.24M) | Time:00:01.13 | Mem:156.56M, Peak:156.56M | Scene, ViewLayer | Updating Images | Loading bamboo-botanical_litter.png
Fra:1 Mem:3136.25M (Peak 3169.24M) | Time:00:01.13 | Mem:156.81M, Peak:156.81M | Scene, ViewLayer | Updating Images | Loading bamboo-botanical_litter.png.001
Fra:1 Mem:3135.99M (Peak 3169.24M) | Time:00:01.13 | Mem:157.06M, Peak:157.06M | Scene, ViewLayer | Updating Images | Loading bamboo-botanical_litter.png.002
Fra:1 Mem:3137.01M (Peak 3169.24M) | Time:00:01.13 | Mem:157.12M, Peak:157.12M | Scene, ViewLayer | Updating Images | Loading bamboo-botanical_litter.png.003
Fra:1 Mem:3137.01M (Peak 3169.24M) | Time:00:01.13 | Mem:157.38M, Peak:157.38M | Scene, ViewLayer | Updating Images | Loading bamboo-botanical_litter.png.004
Fra:1 Mem:3137.00M (Peak 3169.24M) | Time:00:01.13 | Mem:157.62M, Peak:157.62M | Scene, ViewLayer | Updating Images | Loading bamboo-botanical_litter.png.005
Fra:1 Mem:3137.25M (Peak 3169.24M) | Time:00:01.13 | Mem:157.88M, Peak:157.88M | Scene, ViewLayer | Updating Images | Loading bamboo-botanical_litter.png.006
Fra:1 Mem:3137.75M (Peak 3169.24M) | Time:00:01.13 | Mem:158.12M, Peak:158.12M | Scene, ViewLayer | Updating Images | Loading warm-bark.png.003
Fra:1 Mem:3137.49M (Peak 3169.24M) | Time:00:01.13 | Mem:158.38M, Peak:158.38M | Scene, ViewLayer | Updating Images | Loading bamboo-screen.png
Fra:1 Mem:3138.25M (Peak 3169.24M) | Time:00:01.13 | Mem:158.62M, Peak:158.62M | Scene, ViewLayer | Updating Images | Loading bamboo-screen.png.001
Fra:1 Mem:3138.50M (Peak 3169.24M) | Time:00:01.13 | Mem:158.88M, Peak:158.88M | Scene, ViewLayer | Updating Images | Loading bamboo-screen.png.002
Fra:1 Mem:3138.50M (Peak 3169.24M) | Time:00:01.13 | Mem:159.12M, Peak:159.12M | Scene, ViewLayer | Updating Images | Loading bamboo-screen.png.003
Fra:1 Mem:3138.75M (Peak 3169.24M) | Time:00:01.13 | Mem:159.38M, Peak:159.38M | Scene, ViewLayer | Updating Images | Loading bamboo-screen.png.004
Fra:1 Mem:3139.25M (Peak 3169.24M) | Time:00:01.13 | Mem:159.62M, Peak:159.62M | Scene, ViewLayer | Updating Images | Loading bamboo-screen.png.005
Fra:1 Mem:3139.25M (Peak 3169.24M) | Time:00:01.13 | Mem:159.88M, Peak:159.88M | Scene, ViewLayer | Updating Images | Loading bamboo-screen.png.006
Fra:1 Mem:3139.50M (Peak 3169.24M) | Time:00:01.13 | Mem:160.12M, Peak:160.12M | Scene, ViewLayer | Updating Images | Loading crimson-plaster.png
Fra:1 Mem:3140.00M (Peak 3169.24M) | Time:00:01.13 | Mem:160.38M, Peak:160.38M | Scene, ViewLayer | Updating Images | Loading crimson-plaster.png.001
Fra:1 Mem:3140.51M (Peak 3169.24M) | Time:00:01.13 | Mem:160.62M, Peak:160.62M | Scene, ViewLayer | Updating Images | Loading crimson-plaster.png.002
Fra:1 Mem:3140.50M (Peak 3169.24M) | Time:00:01.13 | Mem:160.88M, Peak:160.88M | Scene, ViewLayer | Updating Images | Loading crimson-plaster.png.003
Fra:1 Mem:3140.50M (Peak 3169.24M) | Time:00:01.13 | Mem:161.12M, Peak:161.12M | Scene, ViewLayer | Updating Images | Loading warm-bark.png.002
Fra:1 Mem:3141.01M (Peak 3169.24M) | Time:00:01.13 | Mem:161.38M, Peak:161.38M | Scene, ViewLayer | Updating Images | Loading crimson-plaster.png.004
Fra:1 Mem:3141.51M (Peak 3169.24M) | Time:00:01.13 | Mem:161.62M, Peak:161.62M | Scene, ViewLayer | Updating Images | Loading crimson-plaster.png.005
Fra:1 Mem:3142.28M (Peak 3169.24M) | Time:00:01.13 | Mem:161.88M, Peak:161.88M | Scene, ViewLayer | Updating Images | Loading crimson-plaster.png.006
Fra:1 Mem:3141.50M (Peak 3169.24M) | Time:00:01.13 | Mem:162.62M, Peak:162.62M | Scene, ViewLayer | Updating Images | Loading crimson-roof.png
Fra:1 Mem:3141.50M (Peak 3169.24M) | Time:00:01.13 | Mem:162.62M, Peak:162.62M | Scene, ViewLayer | Updating Images | Loading crimson-roof.png.001
Fra:1 Mem:3141.75M (Peak 3169.24M) | Time:00:01.13 | Mem:162.62M, Peak:162.62M | Scene, ViewLayer | Updating Images | Loading crimson-roof.png.002
Fra:1 Mem:3141.99M (Peak 3169.24M) | Time:00:01.13 | Mem:162.88M, Peak:162.88M | Scene, ViewLayer | Updating Images | Loading crimson-roof.png.003
Fra:1 Mem:3142.50M (Peak 3169.24M) | Time:00:01.13 | Mem:163.12M, Peak:163.12M | Scene, ViewLayer | Updating Images | Loading warm-bark.png.001
Fra:1 Mem:3143.26M (Peak 3169.24M) | Time:00:01.13 | Mem:163.62M, Peak:163.62M | Scene, ViewLayer | Updating Images | Loading crimson-roof.png.004
Fra:1 Mem:3143.26M (Peak 3169.24M) | Time:00:01.13 | Mem:163.62M, Peak:163.62M | Scene, ViewLayer | Updating Images | Loading crimson-roof.png.005
Fra:1 Mem:3143.50M (Peak 3169.24M) | Time:00:01.13 | Mem:163.88M, Peak:163.88M | Scene, ViewLayer | Updating Images | Loading warm-bark.png
Fra:1 Mem:3143.24M (Peak 3169.24M) | Time:00:01.13 | Mem:164.12M, Peak:164.12M | Scene, ViewLayer | Updating Images | Loading crimson-roof.png.006
Fra:1 Mem:3144.26M (Peak 3169.24M) | Time:00:01.13 | Mem:164.62M, Peak:164.62M | Scene, ViewLayer | Updating Images | Loading crimson-stone.png
Fra:1 Mem:3144.00M (Peak 3169.24M) | Time:00:01.13 | Mem:164.62M, Peak:164.62M | Scene, ViewLayer | Updating Images | Loading crimson-stone.png.001
Fra:1 Mem:3144.25M (Peak 3169.24M) | Time:00:01.13 | Mem:164.88M, Peak:164.88M | Scene, ViewLayer | Updating Images | Loading crimson-stone.png.002
Fra:1 Mem:3144.50M (Peak 3169.24M) | Time:00:01.13 | Mem:165.12M, Peak:165.12M | Scene, ViewLayer | Updating Images | Loading crimson-stone.png.003
Fra:1 Mem:3145.00M (Peak 3169.24M) | Time:00:01.13 | Mem:165.38M, Peak:165.38M | Scene, ViewLayer | Updating Images | Loading warm-silk.png.005
Fra:1 Mem:3145.25M (Peak 3169.24M) | Time:00:01.13 | Mem:165.62M, Peak:165.62M | Scene, ViewLayer | Updating Images | Loading crimson-stone.png.004
Fra:1 Mem:3145.50M (Peak 3169.24M) | Time:00:01.13 | Mem:165.88M, Peak:165.88M | Scene, ViewLayer | Updating Images | Loading crimson-stone.png.005
Fra:1 Mem:3145.24M (Peak 3169.24M) | Time:00:01.13 | Mem:166.12M, Peak:166.12M | Scene, ViewLayer | Updating Images | Loading crimson-stone.png.006
Fra:1 Mem:3145.74M (Peak 3169.24M) | Time:00:01.14 | Mem:166.62M, Peak:166.62M | Scene, ViewLayer | Updating Images | Loading warm-silk.png.004
Fra:1 Mem:3146.25M (Peak 3169.24M) | Time:00:01.14 | Mem:166.88M, Peak:166.88M | Scene, ViewLayer | Updating Images | Loading crimson-tile.png.001
Fra:1 Mem:3146.76M (Peak 3169.24M) | Time:00:01.14 | Mem:167.12M, Peak:167.12M | Scene, ViewLayer | Updating Images | Loading crimson-tile.png.002
Fra:1 Mem:3146.75M (Peak 3169.24M) | Time:00:01.14 | Mem:167.38M, Peak:167.38M | Scene, ViewLayer | Updating Images | Loading crimson-tile.png.003
Fra:1 Mem:3147.26M (Peak 3169.24M) | Time:00:01.14 | Mem:167.62M, Peak:167.62M | Scene, ViewLayer | Updating Images | Loading crimson-tile.png.004
Fra:1 Mem:3147.25M (Peak 3169.24M) | Time:00:01.14 | Mem:167.88M, Peak:167.88M | Scene, ViewLayer | Updating Images | Loading crimson-tile.png.005
Fra:1 Mem:3148.01M (Peak 3169.24M) | Time:00:01.14 | Mem:168.12M, Peak:168.12M | Scene, ViewLayer | Updating Images | Loading crimson-tile.png.006
Fra:1 Mem:3148.01M (Peak 3169.24M) | Time:00:01.14 | Mem:168.38M, Peak:168.38M | Scene, ViewLayer | Updating Images | Loading crimson-cutstone.png
Fra:1 Mem:3148.00M (Peak 3169.24M) | Time:00:01.14 | Mem:168.62M, Peak:168.62M | Scene, ViewLayer | Updating Images | Loading crimson-cutstone.png.001
Fra:1 Mem:3148.51M (Peak 3169.24M) | Time:00:01.14 | Mem:168.88M, Peak:168.88M | Scene, ViewLayer | Updating Images | Loading crimson-cutstone.png.002
Fra:1 Mem:3148.76M (Peak 3169.24M) | Time:00:01.14 | Mem:169.12M, Peak:169.12M | Scene, ViewLayer | Updating Images | Loading warm-silk.png.003
Fra:1 Mem:3148.75M (Peak 3169.24M) | Time:00:01.14 | Mem:169.38M, Peak:169.38M | Scene, ViewLayer | Updating Images | Loading crimson-cutstone.png.003
Fra:1 Mem:3149.00M (Peak 3169.24M) | Time:00:01.14 | Mem:169.62M, Peak:169.62M | Scene, ViewLayer | Updating Images | Loading crimson-cutstone.png.004
Fra:1 Mem:3149.51M (Peak 3169.24M) | Time:00:01.14 | Mem:169.88M, Peak:169.88M | Scene, ViewLayer | Updating Images | Loading crimson-cutstone.png.005
Fra:1 Mem:3149.50M (Peak 3169.24M) | Time:00:01.14 | Mem:170.38M, Peak:170.38M | Scene, ViewLayer | Updating Images | Loading crimson-cutstone.png.006
Fra:1 Mem:3149.50M (Peak 3169.24M) | Time:00:01.14 | Mem:170.38M, Peak:170.38M | Scene, ViewLayer | Updating Images | Loading crimson-darkwood.png
Fra:1 Mem:3150.00M (Peak 3169.24M) | Time:00:01.14 | Mem:170.62M, Peak:170.62M | Scene, ViewLayer | Updating Images | Loading crimson-darkwood.png.001
Fra:1 Mem:3150.51M (Peak 3169.24M) | Time:00:01.14 | Mem:170.88M, Peak:170.88M | Scene, ViewLayer | Updating Images | Loading crimson-darkwood.png.002
Fra:1 Mem:3150.76M (Peak 3169.24M) | Time:00:01.14 | Mem:171.12M, Peak:171.12M | Scene, ViewLayer | Updating Images | Loading warm-silk.png.002
Fra:1 Mem:3150.75M (Peak 3169.24M) | Time:00:01.14 | Mem:171.38M, Peak:171.38M | Scene, ViewLayer | Updating Images | Loading crimson-darkwood.png.003
Fra:1 Mem:3151.00M (Peak 3169.24M) | Time:00:01.14 | Mem:171.62M, Peak:171.62M | Scene, ViewLayer | Updating Images | Loading crimson-darkwood.png.004
Fra:1 Mem:3151.25M (Peak 3169.24M) | Time:00:01.14 | Mem:171.88M, Peak:171.88M | Scene, ViewLayer | Updating Images | Loading crimson-darkwood.png.005
Fra:1 Mem:3151.50M (Peak 3169.24M) | Time:00:01.14 | Mem:172.12M, Peak:172.12M | Scene, ViewLayer | Updating Images | Loading crimson-darkwood.png.006
Fra:1 Mem:3151.75M (Peak 3169.24M) | Time:00:01.14 | Mem:172.38M, Peak:172.38M | Scene, ViewLayer | Updating Images | Loading crimson-wood.png
Fra:1 Mem:3152.26M (Peak 3169.24M) | Time:00:01.14 | Mem:172.62M, Peak:172.62M | Scene, ViewLayer | Updating Images | Loading warm-silk.png.001
Fra:1 Mem:3152.51M (Peak 3169.24M) | Time:00:01.14 | Mem:172.88M, Peak:172.88M | Scene, ViewLayer | Updating Images | Loading crimson-wood.png.001
Fra:1 Mem:3152.25M (Peak 3169.24M) | Time:00:01.14 | Mem:173.12M, Peak:173.12M | Scene, ViewLayer | Updating Images | Loading crimson-wood.png.002
Fra:1 Mem:3152.75M (Peak 3169.24M) | Time:00:01.14 | Mem:173.38M, Peak:173.38M | Scene, ViewLayer | Updating Images | Loading crimson-wood.png.003
Fra:1 Mem:3153.26M (Peak 3169.24M) | Time:00:01.14 | Mem:173.62M, Peak:173.62M | Scene, ViewLayer | Updating Images | Loading crimson-wood.png.004
Fra:1 Mem:3153.00M (Peak 3169.24M) | Time:00:01.14 | Mem:173.88M, Peak:173.88M | Scene, ViewLayer | Updating Images | Loading crimson-wood.png.005
Fra:1 Mem:3153.76M (Peak 3169.24M) | Time:00:01.14 | Mem:174.12M, Peak:174.12M | Scene, ViewLayer | Updating Images | Loading warm-silk.png
Fra:1 Mem:3154.00M (Peak 3169.24M) | Time:00:01.14 | Mem:174.62M, Peak:174.62M | Scene, ViewLayer | Updating Images | Loading crimson-wood.png.006
Fra:1 Mem:3154.26M (Peak 3169.24M) | Time:00:01.14 | Mem:174.62M, Peak:174.62M | Scene, ViewLayer | Updating Images | Loading crimson-latticewood.png
Fra:1 Mem:3154.51M (Peak 3169.24M) | Time:00:01.14 | Mem:174.88M, Peak:174.88M | Scene, ViewLayer | Updating Images | Loading crimson-latticewood.png.001
Fra:1 Mem:3154.50M (Peak 3169.24M) | Time:00:01.14 | Mem:175.12M, Peak:175.12M | Scene, ViewLayer | Updating Images | Loading crimson-latticewood.png.002
Fra:1 Mem:3154.75M (Peak 3169.24M) | Time:00:01.14 | Mem:175.38M, Peak:175.38M | Scene, ViewLayer | Updating Images | Loading crimson-latticewood.png.003
Fra:1 Mem:3155.00M (Peak 3169.24M) | Time:00:01.14 | Mem:175.62M, Peak:175.62M | Scene, ViewLayer | Updating Images | Loading crimson-latticewood.png.004
Fra:1 Mem:3155.25M (Peak 3169.24M) | Time:00:01.14 | Mem:175.88M, Peak:175.88M | Scene, ViewLayer | Updating Images | Loading warm-gold.png.005
Fra:1 Mem:3155.76M (Peak 3169.24M) | Time:00:01.14 | Mem:176.12M, Peak:176.12M | Scene, ViewLayer | Updating Images | Loading crimson-latticewood.png.005
Fra:1 Mem:3156.01M (Peak 3169.24M) | Time:00:01.14 | Mem:176.38M, Peak:176.38M | Scene, ViewLayer | Updating Images | Loading crimson-latticewood.png.006
Fra:1 Mem:3156.00M (Peak 3169.24M) | Time:00:01.14 | Mem:176.62M, Peak:176.62M | Scene, ViewLayer | Updating Images | Loading crimson-tilelight.png
Fra:1 Mem:3156.50M (Peak 3169.24M) | Time:00:01.14 | Mem:177.12M, Peak:177.12M | Scene, ViewLayer | Updating Images | Loading crimson-tilelight.png.002
Fra:1 Mem:3157.01M (Peak 3169.24M) | Time:00:01.14 | Mem:177.38M, Peak:177.38M | Scene, ViewLayer | Updating Images | Loading crimson-tilelight.png.003
Fra:1 Mem:3157.00M (Peak 3169.24M) | Time:00:01.14 | Mem:177.62M, Peak:177.62M | Scene, ViewLayer | Updating Images | Loading crimson-tilelight.png.004
Fra:1 Mem:3157.25M (Peak 3169.24M) | Time:00:01.14 | Mem:177.88M, Peak:177.88M | Scene, ViewLayer | Updating Images | Loading warm-gold.png.004
Fra:1 Mem:3157.51M (Peak 3169.24M) | Time:00:01.14 | Mem:178.12M, Peak:178.12M | Scene, ViewLayer | Updating Images | Loading crimson-tilelight.png.005
Fra:1 Mem:3157.75M (Peak 3169.24M) | Time:00:01.14 | Mem:178.38M, Peak:178.38M | Scene, ViewLayer | Updating Images | Loading crimson-tilelight.png.006
Fra:1 Mem:3158.26M (Peak 3169.24M) | Time:00:01.14 | Mem:178.62M, Peak:178.62M | Scene, ViewLayer | Updating Images | Loading crimson-tiledark.png
Fra:1 Mem:3158.25M (Peak 3169.24M) | Time:00:01.14 | Mem:178.88M, Peak:178.88M | Scene, ViewLayer | Updating Images | Loading crimson-tiledark.png.001
Fra:1 Mem:3158.50M (Peak 3169.24M) | Time:00:01.14 | Mem:179.12M, Peak:179.12M | Scene, ViewLayer | Updating Images | Loading crimson-tiledark.png.002
Fra:1 Mem:3159.01M (Peak 3169.24M) | Time:00:01.14 | Mem:179.38M, Peak:179.38M | Scene, ViewLayer | Updating Images | Loading crimson-tiledark.png.003
Fra:1 Mem:3159.25M (Peak 3169.24M) | Time:00:01.14 | Mem:179.88M, Peak:179.88M | Scene, ViewLayer | Updating Images | Loading crimson-tiledark.png.004
Fra:1 Mem:3159.51M (Peak 3169.24M) | Time:00:01.14 | Mem:179.88M, Peak:179.88M | Scene, ViewLayer | Updating Images | Loading crimson-tiledark.png.005
Fra:1 Mem:3159.50M (Peak 3169.24M) | Time:00:01.14 | Mem:180.12M, Peak:180.12M | Scene, ViewLayer | Updating Images | Loading crimson-tiledark.png.006
Fra:1 Mem:3160.01M (Peak 3169.24M) | Time:00:01.14 | Mem:180.38M, Peak:180.38M | Scene, ViewLayer | Updating Images | Loading crimson-paving.png
Fra:1 Mem:3160.00M (Peak 3169.24M) | Time:00:01.14 | Mem:180.62M, Peak:180.62M | Scene, ViewLayer | Updating Images | Loading warm-gold.png.003
Fra:1 Mem:3160.25M (Peak 3169.24M) | Time:00:01.14 | Mem:180.88M, Peak:180.88M | Scene, ViewLayer | Updating Images | Loading crimson-paving.png.001
Fra:1 Mem:3160.76M (Peak 3169.24M) | Time:00:01.14 | Mem:181.12M, Peak:181.12M | Scene, ViewLayer | Updating Images | Loading crimson-paving.png.002
Fra:1 Mem:3160.76M (Peak 3169.24M) | Time:00:01.14 | Mem:181.38M, Peak:181.38M | Scene, ViewLayer | Updating Images | Loading crimson-paving.png.003
Fra:1 Mem:3160.75M (Peak 3169.24M) | Time:00:01.14 | Mem:181.62M, Peak:181.62M | Scene, ViewLayer | Updating Images | Loading crimson-paving.png.004
Fra:1 Mem:3161.51M (Peak 3169.24M) | Time:00:01.14 | Mem:181.88M, Peak:181.88M | Scene, ViewLayer | Updating Images | Loading crimson-paving.png.005
Fra:1 Mem:3161.76M (Peak 3169.24M) | Time:00:01.14 | Mem:182.12M, Peak:182.12M | Scene, ViewLayer | Updating Images | Loading crimson-paving.png.006
Fra:1 Mem:3161.76M (Peak 3169.24M) | Time:00:01.14 | Mem:182.38M, Peak:182.38M | Scene, ViewLayer | Updating Images | Loading r15_courtbase_diff
Fra:1 Mem:3162.75M (Peak 3169.24M) | Time:00:01.14 | Mem:182.62M, Peak:182.62M | Scene, ViewLayer | Updating Images | Loading r15_courtbase_nor_gl
Fra:1 Mem:3163.75M (Peak 3169.24M) | Time:00:01.14 | Mem:182.88M, Peak:182.88M | Scene, ViewLayer | Updating Images | Loading warm-gold.png.002
Fra:1 Mem:3164.26M (Peak 3169.24M) | Time:00:01.14 | Mem:183.12M, Peak:183.12M | Scene, ViewLayer | Updating Images | Loading r15_courtbase_rough
Fra:1 Mem:3164.00M (Peak 3169.24M) | Time:00:01.14 | Mem:183.38M, Peak:183.38M | Scene, ViewLayer | Updating Images | Loading crimson-courtbase.png
Fra:1 Mem:3165.25M (Peak 3169.24M) | Time:00:01.14 | Mem:183.62M, Peak:183.62M | Scene, ViewLayer | Updating Images | Loading crimson-courtbase.png.001
Fra:1 Mem:3165.50M (Peak 3169.24M) | Time:00:01.14 | Mem:183.88M, Peak:183.88M | Scene, ViewLayer | Updating Images | Loading crimson-courtbase.png.002
Fra:1 Mem:3165.75M (Peak 3169.24M) | Time:00:01.14 | Mem:184.12M, Peak:184.12M | Scene, ViewLayer | Updating Images | Loading crimson-courtbase.png.003
Fra:1 Mem:3166.26M (Peak 3169.24M) | Time:00:01.14 | Mem:184.38M, Peak:184.38M | Scene, ViewLayer | Updating Images | Loading crimson-courtbase.png.004
Fra:1 Mem:3166.26M (Peak 3169.24M) | Time:00:01.14 | Mem:184.62M, Peak:184.62M | Scene, ViewLayer | Updating Images | Loading warm-gold.png.001
Fra:1 Mem:3166.50M (Peak 3169.24M) | Time:00:01.14 | Mem:184.88M, Peak:184.88M | Scene, ViewLayer | Updating Images | Loading crimson-courtbase.png.005
Fra:1 Mem:3166.75M (Peak 3169.24M) | Time:00:01.14 | Mem:185.88M, Peak:185.88M | Scene, ViewLayer | Updating Images | Loading crimson-courtbase.png.006
Fra:1 Mem:3167.26M (Peak 3169.24M) | Time:00:01.15 | Mem:186.12M, Peak:186.12M | Scene, ViewLayer | Updating Images | Loading crimson-gardenstone.png
Fra:1 Mem:3167.25M (Peak 3169.24M) | Time:00:01.15 | Mem:186.38M, Peak:186.38M | Scene, ViewLayer | Updating Images | Loading crimson-gardenstone.png.001
Fra:1 Mem:3167.51M (Peak 3169.24M) | Time:00:01.15 | Mem:186.62M, Peak:186.62M | Scene, ViewLayer | Updating Images | Loading crimson-gardenstone.png.002
Fra:1 Mem:3167.75M (Peak 3169.24M) | Time:00:01.15 | Mem:186.88M, Peak:186.88M | Scene, ViewLayer | Updating Images | Loading crimson-gardenstone.png.003
Fra:1 Mem:3168.00M (Peak 3169.24M) | Time:00:01.15 | Mem:187.12M, Peak:187.12M | Scene, ViewLayer | Updating Images | Loading warm-gold.png
Fra:1 Mem:3168.25M (Peak 3169.26M) | Time:00:01.15 | Mem:188.12M, Peak:188.12M | Scene, ViewLayer | Updating Images | Loading crimson-gardenstone.png.004
Fra:1 Mem:3168.50M (Peak 3169.26M) | Time:00:01.15 | Mem:188.38M, Peak:188.38M | Scene, ViewLayer | Updating Images | Loading crimson-gardenstone.png.005
Fra:1 Mem:3169.01M (Peak 3169.26M) | Time:00:01.15 | Mem:188.62M, Peak:188.62M | Scene, ViewLayer | Updating Images | Loading warm-bamboo.png.005
Fra:1 Mem:3169.26M (Peak 3169.26M) | Time:00:01.15 | Mem:188.88M, Peak:188.88M | Scene, ViewLayer | Updating Images | Loading crimson-gardenstone.png.006
Fra:1 Mem:3169.51M (Peak 3169.51M) | Time:00:01.15 | Mem:189.12M, Peak:189.12M | Scene, ViewLayer | Updating Images | Loading crimson-limestone.png
Fra:1 Mem:3169.50M (Peak 3169.51M) | Time:00:01.15 | Mem:189.38M, Peak:189.38M | Scene, ViewLayer | Updating Images | Loading crimson-limestone.png.001
Fra:1 Mem:3169.75M (Peak 3169.75M) | Time:00:01.15 | Mem:189.62M, Peak:189.62M | Scene, ViewLayer | Updating Images | Loading crimson-limestone.png.002
Fra:1 Mem:3170.26M (Peak 3170.26M) | Time:00:01.15 | Mem:189.88M, Peak:189.88M | Scene, ViewLayer | Updating Images | Loading crimson-limestone.png.003
Fra:1 Mem:3170.00M (Peak 3170.26M) | Time:00:01.15 | Mem:190.12M, Peak:190.12M | Scene, ViewLayer | Updating Images | Loading warm-bamboo.png.004
Fra:1 Mem:3171.77M (Peak 3172.03M) | Time:00:01.15 | Mem:190.38M, Peak:190.38M | Scene, ViewLayer | Updating Images | Loading crimson-limestone.png.004
Fra:1 Mem:3171.76M (Peak 3172.03M) | Time:00:01.15 | Mem:190.62M, Peak:190.62M | Scene, ViewLayer | Updating Images | Loading crimson-limestone.png.005
Fra:1 Mem:3172.01M (Peak 3172.03M) | Time:00:01.15 | Mem:190.88M, Peak:190.88M | Scene, ViewLayer | Updating Images | Loading crimson-limestone.png.006
Fra:1 Mem:3172.26M (Peak 3172.26M) | Time:00:01.15 | Mem:191.12M, Peak:191.12M | Scene, ViewLayer | Updating Images | Loading crimson-paper.png
Fra:1 Mem:3172.51M (Peak 3172.51M) | Time:00:01.15 | Mem:191.38M, Peak:191.38M | Scene, ViewLayer | Updating Images | Loading warm-bamboo.png.003
Fra:1 Mem:3172.27M (Peak 3172.51M) | Time:00:01.15 | Mem:192.38M, Peak:192.38M | Scene, ViewLayer | Updating Images | Loading crimson-paper.png.001
Fra:1 Mem:3172.26M (Peak 3172.51M) | Time:00:01.15 | Mem:192.62M, Peak:192.62M | Scene, ViewLayer | Updating Images | Loading crimson-paper.png.002
Fra:1 Mem:3172.77M (Peak 3172.77M) | Time:00:01.15 | Mem:192.88M, Peak:192.88M | Scene, ViewLayer | Updating Images | Loading crimson-paper.png.003
Fra:1 Mem:3172.76M (Peak 3172.77M) | Time:00:01.15 | Mem:193.12M, Peak:193.12M | Scene, ViewLayer | Updating Images | Loading crimson-paper.png.004
Fra:1 Mem:3173.01M (Peak 3173.01M) | Time:00:01.15 | Mem:193.38M, Peak:193.38M | Scene, ViewLayer | Updating Images | Loading crimson-paper.png.005
Fra:1 Mem:3173.00M (Peak 3173.01M) | Time:00:01.15 | Mem:193.62M, Peak:193.62M | Scene, ViewLayer | Updating Images | Loading crimson-paper.png.006
Fra:1 Mem:3173.25M (Peak 3173.25M) | Time:00:01.15 | Mem:193.88M, Peak:193.88M | Scene, ViewLayer | Updating Images | Loading warm-bamboo.png.002
Fra:1 Mem:3174.02M (Peak 3174.02M) | Time:00:01.15 | Mem:194.12M, Peak:194.12M | Scene, ViewLayer | Updating Images | Loading crimson-ivory.png
Fra:1 Mem:3174.01M (Peak 3174.02M) | Time:00:01.15 | Mem:194.38M, Peak:194.38M | Scene, ViewLayer | Updating Images | Loading crimson-ivory.png.001
Fra:1 Mem:3174.26M (Peak 3174.26M) | Time:00:01.15 | Mem:194.62M, Peak:194.62M | Scene, ViewLayer | Updating Images | Loading crimson-ivory.png.002
Fra:1 Mem:3174.00M (Peak 3174.26M) | Time:00:01.15 | Mem:194.88M, Peak:194.88M | Scene, ViewLayer | Updating Images | Loading crimson-ivory.png.003
Fra:1 Mem:3174.76M (Peak 3174.76M) | Time:00:01.15 | Mem:195.12M, Peak:195.12M | Scene, ViewLayer | Updating Images | Loading crimson-ivory.png.004
Fra:1 Mem:3174.75M (Peak 3174.76M) | Time:00:01.15 | Mem:195.38M, Peak:195.38M | Scene, ViewLayer | Updating Images | Loading warm-bamboo.png.001
Fra:1 Mem:3175.52M (Peak 3175.52M) | Time:00:01.15 | Mem:195.62M, Peak:195.62M | Scene, ViewLayer | Updating Images | Loading crimson-ivory.png.005
Fra:1 Mem:3175.51M (Peak 3175.52M) | Time:00:01.15 | Mem:195.88M, Peak:195.88M | Scene, ViewLayer | Updating Images | Loading crimson-ivory.png.006
Fra:1 Mem:3175.50M (Peak 3175.52M) | Time:00:01.15 | Mem:196.12M, Peak:196.12M | Scene, ViewLayer | Updating Images | Loading crimson-gold.png
Fra:1 Mem:3175.75M (Peak 3175.75M) | Time:00:01.15 | Mem:196.38M, Peak:196.38M | Scene, ViewLayer | Updating Images | Loading crimson-gold.png.001
Fra:1 Mem:3176.00M (Peak 3176.00M) | Time:00:01.15 | Mem:196.62M, Peak:196.62M | Scene, ViewLayer | Updating Images | Loading warm-bamboo.png
Fra:1 Mem:3176.51M (Peak 3176.51M) | Time:00:01.15 | Mem:196.88M, Peak:196.88M | Scene, ViewLayer | Updating Images | Loading crimson-gold.png.002
Fra:1 Mem:3176.76M (Peak 3176.76M) | Time:00:01.15 | Mem:197.12M, Peak:197.12M | Scene, ViewLayer | Updating Images | Loading crimson-gold.png.003
Fra:1 Mem:3177.01M (Peak 3177.01M) | Time:00:01.15 | Mem:197.38M, Peak:197.38M | Scene, ViewLayer | Updating Images | Loading crimson-gold.png.004
Fra:1 Mem:3177.00M (Peak 3177.01M) | Time:00:01.15 | Mem:197.62M, Peak:197.62M | Scene, ViewLayer | Updating Images | Loading crimson-gold.png.005
Fra:1 Mem:3177.25M (Peak 3177.25M) | Time:00:01.15 | Mem:197.88M, Peak:197.88M | Scene, ViewLayer | Updating Images | Loading crimson-gold.png.006
Fra:1 Mem:3177.76M (Peak 3177.76M) | Time:00:01.15 | Mem:198.12M, Peak:198.12M | Scene, ViewLayer | Updating Images | Loading crimson-silk.png
Fra:1 Mem:3177.50M (Peak 3177.76M) | Time:00:01.15 | Mem:198.38M, Peak:198.38M | Scene, ViewLayer | Updating Images | Loading warm-ivory.png.005
Fra:1 Mem:3178.52M (Peak 3178.52M) | Time:00:01.15 | Mem:198.62M, Peak:198.62M | Scene, ViewLayer | Updating Images | Loading crimson-silk.png.001
Fra:1 Mem:3178.26M (Peak 3178.52M) | Time:00:01.15 | Mem:198.88M, Peak:198.88M | Scene, ViewLayer | Updating Images | Loading crimson-silk.png.002
Fra:1 Mem:3178.50M (Peak 3178.52M) | Time:00:01.15 | Mem:199.12M, Peak:199.12M | Scene, ViewLayer | Updating Images | Loading crimson-silk.png.003
Fra:1 Mem:3179.01M (Peak 3179.01M) | Time:00:01.15 | Mem:199.38M, Peak:199.38M | Scene, ViewLayer | Updating Images | Loading crimson-silk.png.004
Fra:1 Mem:3179.27M (Peak 3179.27M) | Time:00:01.15 | Mem:199.62M, Peak:199.62M | Scene, ViewLayer | Updating Images | Loading crimson-silk.png.005
Fra:1 Mem:3179.25M (Peak 3179.27M) | Time:00:01.15 | Mem:200.12M, Peak:200.12M | Scene, ViewLayer | Updating Images | Loading warm-ivory.png.004
Fra:1 Mem:3179.75M (Peak 3179.75M) | Time:00:01.15 | Mem:200.38M, Peak:200.38M | Scene, ViewLayer | Updating Images | Loading crimson-screen.png
Fra:1 Mem:3180.00M (Peak 3180.00M) | Time:00:01.15 | Mem:200.88M, Peak:200.88M | Scene, ViewLayer | Updating Images | Loading crimson-screen.png.001
Fra:1 Mem:3180.00M (Peak 3180.00M) | Time:00:01.15 | Mem:200.88M, Peak:200.88M | Scene, ViewLayer | Updating Images | Loading crimson-screen.png.002
Fra:1 Mem:3180.76M (Peak 3180.76M) | Time:00:01.15 | Mem:201.12M, Peak:201.12M | Scene, ViewLayer | Updating Images | Loading crimson-screen.png.003
Fra:1 Mem:3180.75M (Peak 3180.76M) | Time:00:01.15 | Mem:201.38M, Peak:201.38M | Scene, ViewLayer | Updating Images | Loading crimson-screen.png.004
Fra:1 Mem:3181.00M (Peak 3181.00M) | Time:00:01.15 | Mem:201.62M, Peak:201.62M | Scene, ViewLayer | Updating Images | Loading warm-ivory.png.003
Fra:1 Mem:3181.25M (Peak 3181.25M) | Time:00:01.15 | Mem:201.88M, Peak:201.88M | Scene, ViewLayer | Updating Images | Loading crimson-screen.png.005
Fra:1 Mem:3181.50M (Peak 3181.50M) | Time:00:01.15 | Mem:202.12M, Peak:202.12M | Scene, ViewLayer | Updating Images | Loading crimson-screen.png.006
Fra:1 Mem:3181.75M (Peak 3181.75M) | Time:00:01.15 | Mem:202.38M, Peak:202.38M | Scene, ViewLayer | Updating Images | Loading crimson-bark.png
Fra:1 Mem:3182.00M (Peak 3182.00M) | Time:00:01.15 | Mem:202.62M, Peak:202.62M | Scene, ViewLayer | Updating Images | Loading crimson-bark.png.001
Fra:1 Mem:3182.25M (Peak 3182.25M) | Time:00:01.15 | Mem:203.12M, Peak:203.12M | Scene, ViewLayer | Updating Images | Loading warm-ivory.png.002
Fra:1 Mem:3182.50M (Peak 3182.50M) | Time:00:01.15 | Mem:203.12M, Peak:203.12M | Scene, ViewLayer | Updating Images | Loading crimson-bark.png.002
Fra:1 Mem:3183.27M (Peak 3183.27M) | Time:00:01.15 | Mem:203.38M, Peak:203.38M | Scene, ViewLayer | Updating Images | Loading crimson-bark.png.003
Fra:1 Mem:3183.52M (Peak 3183.52M) | Time:00:01.15 | Mem:203.62M, Peak:203.62M | Scene, ViewLayer | Updating Images | Loading crimson-bark.png.004
Fra:1 Mem:3183.51M (Peak 3183.52M) | Time:00:01.15 | Mem:203.88M, Peak:203.88M | Scene, ViewLayer | Updating Images | Loading crimson-bark.png.005
Fra:1 Mem:3183.50M (Peak 3183.52M) | Time:00:01.15 | Mem:204.12M, Peak:204.12M | Scene, ViewLayer | Updating Images | Loading crimson-bark.png.006
Fra:1 Mem:3184.27M (Peak 3184.27M) | Time:00:01.15 | Mem:204.38M, Peak:204.38M | Scene, ViewLayer | Updating Images | Loading crimson-botanical_petal.png
Fra:1 Mem:3184.26M (Peak 3184.27M) | Time:00:01.15 | Mem:204.62M, Peak:204.62M | Scene, ViewLayer | Updating Images | Loading crimson-botanical_petal.png.001
Fra:1 Mem:3184.00M (Peak 3184.27M) | Time:00:01.15 | Mem:204.88M, Peak:204.88M | Scene, ViewLayer | Updating Images | Loading warm-ivory.png.001
Fra:1 Mem:3184.25M (Peak 3184.27M) | Time:00:01.15 | Mem:205.12M, Peak:205.12M | Scene, ViewLayer | Updating Images | Loading crimson-botanical_petal.png.002
Fra:1 Mem:3184.75M (Peak 3184.75M) | Time:00:01.15 | Mem:205.38M, Peak:205.38M | Scene, ViewLayer | Updating Images | Loading crimson-botanical_petal.png.003
Fra:1 Mem:3185.52M (Peak 3185.52M) | Time:00:01.15 | Mem:205.62M, Peak:205.62M | Scene, ViewLayer | Updating Images | Loading crimson-botanical_petal.png.004
Fra:1 Mem:3185.51M (Peak 3185.52M) | Time:00:01.15 | Mem:205.88M, Peak:205.88M | Scene, ViewLayer | Updating Images | Loading crimson-botanical_petal.png.005
Fra:1 Mem:3185.77M (Peak 3185.77M) | Time:00:01.15 | Mem:206.12M, Peak:206.12M | Scene, ViewLayer | Updating Images | Loading crimson-botanical_petal.png.006
Fra:1 Mem:3186.01M (Peak 3186.01M) | Time:00:01.15 | Mem:206.38M, Peak:206.38M | Scene, ViewLayer | Updating Images | Loading warm-ivory.png
Fra:1 Mem:3186.00M (Peak 3186.01M) | Time:00:01.16 | Mem:206.62M, Peak:206.62M | Scene, ViewLayer | Updating Images | Loading crimson-botanical_bamboo.png
Fra:1 Mem:3186.25M (Peak 3186.25M) | Time:00:01.16 | Mem:206.88M, Peak:206.88M | Scene, ViewLayer | Updating Images | Loading crimson-botanical_bamboo.png.001
Fra:1 Mem:3186.50M (Peak 3186.50M) | Time:00:01.16 | Mem:207.12M, Peak:207.12M | Scene, ViewLayer | Updating Images | Loading crimson-botanical_bamboo.png.002
Fra:1 Mem:3187.01M (Peak 3187.01M) | Time:00:01.16 | Mem:207.38M, Peak:207.38M | Scene, ViewLayer | Updating Images | Loading crimson-botanical_bamboo.png.003
Fra:1 Mem:3187.27M (Peak 3187.27M) | Time:00:01.16 | Mem:207.62M, Peak:207.62M | Scene, ViewLayer | Updating Images | Loading crimson-botanical_bamboo.png.004
Fra:1 Mem:3187.51M (Peak 3187.51M) | Time:00:01.16 | Mem:207.88M, Peak:207.88M | Scene, ViewLayer | Updating Images | Loading warm-paper.png.005
Fra:1 Mem:3187.76M (Peak 3187.76M) | Time:00:01.16 | Mem:208.12M, Peak:208.12M | Scene, ViewLayer | Updating Images | Loading crimson-botanical_bamboo.png.005
Fra:1 Mem:3187.75M (Peak 3187.76M) | Time:00:01.16 | Mem:208.38M, Peak:208.38M | Scene, ViewLayer | Updating Images | Loading crimson-botanical_bamboo.png.006
Fra:1 Mem:3188.00M (Peak 3188.00M) | Time:00:01.16 | Mem:208.62M, Peak:208.62M | Scene, ViewLayer | Updating Images | Loading crimson-botanical_stem.png
Fra:1 Mem:3188.25M (Peak 3188.25M) | Time:00:01.16 | Mem:208.88M, Peak:208.88M | Scene, ViewLayer | Updating Images | Loading crimson-botanical_stem.png.001
Fra:1 Mem:3188.76M (Peak 3188.76M) | Time:00:01.16 | Mem:209.12M, Peak:209.12M | Scene, ViewLayer | Updating Images | Loading warm-paper.png.004
Fra:1 Mem:3189.01M (Peak 3189.01M) | Time:00:01.16 | Mem:209.38M, Peak:209.38M | Scene, ViewLayer | Updating Images | Loading crimson-botanical_stem.png.002
Fra:1 Mem:3188.75M (Peak 3189.01M) | Time:00:01.16 | Mem:209.62M, Peak:209.62M | Scene, ViewLayer | Updating Images | Loading crimson-botanical_stem.png.003
Fra:1 Mem:3189.51M (Peak 3189.51M) | Time:00:01.16 | Mem:209.88M, Peak:209.88M | Scene, ViewLayer | Updating Images | Loading crimson-botanical_stem.png.004
Fra:1 Mem:3189.76M (Peak 3189.76M) | Time:00:01.16 | Mem:210.12M, Peak:210.12M | Scene, ViewLayer | Updating Images | Loading crimson-botanical_stem.png.005
Fra:1 Mem:3189.76M (Peak 3189.76M) | Time:00:01.16 | Mem:210.38M, Peak:210.38M | Scene, ViewLayer | Updating Images | Loading warm-paper.png.003
Fra:1 Mem:3190.00M (Peak 3190.00M) | Time:00:01.16 | Mem:210.62M, Peak:210.62M | Scene, ViewLayer | Updating Images | Loading crimson-botanical_stem.png.006
Fra:1 Mem:3190.25M (Peak 3190.25M) | Time:00:01.16 | Mem:210.88M, Peak:210.88M | Scene, ViewLayer | Updating Images | Loading crimson-botanical_banana.png
Fra:1 Mem:3190.50M (Peak 3190.50M) | Time:00:01.16 | Mem:211.12M, Peak:211.12M | Scene, ViewLayer | Updating Images | Loading crimson-botanical_banana.png.001
Fra:1 Mem:3190.75M (Peak 3190.75M) | Time:00:01.16 | Mem:211.38M, Peak:211.38M | Scene, ViewLayer | Updating Images | Loading warm-paper.png.002
Fra:1 Mem:3191.26M (Peak 3191.26M) | Time:00:01.16 | Mem:211.62M, Peak:211.62M | Scene, ViewLayer | Updating Images | Loading crimson-botanical_banana.png.002
Fra:1 Mem:3191.51M (Peak 3191.51M) | Time:00:01.16 | Mem:211.88M, Peak:211.88M | Scene, ViewLayer | Updating Images | Loading crimson-botanical_banana.png.003
Fra:1 Mem:3191.50M (Peak 3191.51M) | Time:00:01.16 | Mem:212.12M, Peak:212.12M | Scene, ViewLayer | Updating Images | Loading crimson-botanical_banana.png.004
Fra:1 Mem:3191.75M (Peak 3191.75M) | Time:00:01.16 | Mem:212.38M, Peak:212.38M | Scene, ViewLayer | Updating Images | Loading crimson-botanical_banana.png.005
Fra:1 Mem:3192.26M (Peak 3192.26M) | Time:00:01.16 | Mem:212.62M, Peak:212.62M | Scene, ViewLayer | Updating Images | Loading crimson-botanical_banana.png.006
Fra:1 Mem:3192.25M (Peak 3192.26M) | Time:00:01.16 | Mem:212.88M, Peak:212.88M | Scene, ViewLayer | Updating Images | Loading crimson-bamboo.png
Fra:1 Mem:3192.76M (Peak 3192.76M) | Time:00:01.16 | Mem:213.12M, Peak:213.12M | Scene, ViewLayer | Updating Images | Loading crimson-bamboo.png.001
Fra:1 Mem:3192.75M (Peak 3192.76M) | Time:00:01.16 | Mem:213.38M, Peak:213.38M | Scene, ViewLayer | Updating Images | Loading warm-paper.png.001
Fra:1 Mem:3193.00M (Peak 3193.00M) | Time:00:01.16 | Mem:213.62M, Peak:213.62M | Scene, ViewLayer | Updating Images | Loading crimson-bamboo.png.002
Fra:1 Mem:3193.25M (Peak 3193.25M) | Time:00:01.16 | Mem:213.88M, Peak:213.88M | Scene, ViewLayer | Updating Images | Loading crimson-bamboo.png.003
Fra:1 Mem:3193.50M (Peak 3193.50M) | Time:00:01.16 | Mem:214.12M, Peak:214.12M | Scene, ViewLayer | Updating Images | Loading crimson-bamboo.png.004
Fra:1 Mem:3193.75M (Peak 3193.75M) | Time:00:01.16 | Mem:214.38M, Peak:214.38M | Scene, ViewLayer | Updating Images | Loading crimson-bamboo.png.005
Fra:1 Mem:3194.52M (Peak 3194.52M) | Time:00:01.16 | Mem:214.62M, Peak:214.62M | Scene, ViewLayer | Updating Images | Loading crimson-bamboo.png.006
Fra:1 Mem:3194.51M (Peak 3194.52M) | Time:00:01.16 | Mem:214.88M, Peak:214.88M | Scene, ViewLayer | Updating Images | Loading crimson-moss.png
Fra:1 Mem:3194.76M (Peak 3194.76M) | Time:00:01.16 | Mem:215.38M, Peak:215.38M | Scene, ViewLayer | Updating Images | Loading crimson-moss.png.001
Fra:1 Mem:3194.50M (Peak 3194.76M) | Time:00:01.16 | Mem:215.62M, Peak:215.62M | Scene, ViewLayer | Updating Images | Loading crimson-moss.png.002
Fra:1 Mem:3195.00M (Peak 3195.00M) | Time:00:01.16 | Mem:215.62M, Peak:215.62M | Scene, ViewLayer | Updating Images | Loading crimson-moss.png.003
Fra:1 Mem:3195.51M (Peak 3195.51M) | Time:00:01.16 | Mem:215.88M, Peak:215.88M | Scene, ViewLayer | Updating Images | Loading crimson-moss.png.004
Fra:1 Mem:3195.50M (Peak 3195.51M) | Time:00:01.16 | Mem:216.12M, Peak:216.12M | Scene, ViewLayer | Updating Images | Loading warm-paper.png
Fra:1 Mem:3196.01M (Peak 3196.01M) | Time:00:01.16 | Mem:216.38M, Peak:216.38M | Scene, ViewLayer | Updating Images | Loading crimson-moss.png.005
Fra:1 Mem:3196.01M (Peak 3196.01M) | Time:00:01.16 | Mem:216.62M, Peak:216.62M | Scene, ViewLayer | Updating Images | Loading crimson-moss.png.006
Fra:1 Mem:3196.51M (Peak 3196.51M) | Time:00:01.16 | Mem:216.88M, Peak:216.88M | Scene, ViewLayer | Updating Images | Loading crimson-leafdark.png
Fra:1 Mem:3196.50M (Peak 3196.51M) | Time:00:01.16 | Mem:217.12M, Peak:217.12M | Scene, ViewLayer | Updating Images | Loading crimson-leafdark.png.001
Fra:1 Mem:3197.01M (Peak 3197.01M) | Time:00:01.16 | Mem:217.38M, Peak:217.38M | Scene, ViewLayer | Updating Images | Loading crimson-leafdark.png.002
Fra:1 Mem:3197.26M (Peak 3197.26M) | Time:00:01.16 | Mem:217.62M, Peak:217.62M | Scene, ViewLayer | Updating Images | Loading crimson-leafdark.png.003
Fra:1 Mem:3197.51M (Peak 3197.51M) | Time:00:01.16 | Mem:217.88M, Peak:217.88M | Scene, ViewLayer | Updating Images | Loading crimson-leafdark.png.004
Fra:1 Mem:3197.50M (Peak 3197.51M) | Time:00:01.16 | Mem:218.12M, Peak:218.12M | Scene, ViewLayer | Updating Images | Loading crimson-leafdark.png.005
Fra:1 Mem:3198.27M (Peak 3198.27M) | Time:00:01.16 | Mem:218.38M, Peak:218.38M | Scene, ViewLayer | Updating Images | Loading crimson-leafdark.png.006
Fra:1 Mem:3198.26M (Peak 3198.27M) | Time:00:01.16 | Mem:218.62M, Peak:218.62M | Scene, ViewLayer | Updating Images | Loading crimson-leaf.png
Fra:1 Mem:3198.51M (Peak 3198.51M) | Time:00:01.16 | Mem:218.88M, Peak:218.88M | Scene, ViewLayer | Updating Images | Loading crimson-leaf.png.001
Fra:1 Mem:3198.50M (Peak 3198.51M) | Time:00:01.16 | Mem:219.12M, Peak:219.12M | Scene, ViewLayer | Updating Images | Loading warm-paving.png.005
Fra:1 Mem:3198.75M (Peak 3198.75M) | Time:00:01.16 | Mem:219.38M, Peak:219.38M | Scene, ViewLayer | Updating Images | Loading crimson-leaf.png.002
Fra:1 Mem:3199.00M (Peak 3199.00M) | Time:00:01.16 | Mem:219.62M, Peak:219.62M | Scene, ViewLayer | Updating Images | Loading crimson-leaf.png.003
Fra:1 Mem:3200.03M (Peak 3200.03M) | Time:00:01.16 | Mem:219.88M, Peak:219.88M | Scene, ViewLayer | Updating Images | Loading crimson-leaf.png.004
Fra:1 Mem:3199.77M (Peak 3200.03M) | Time:00:01.16 | Mem:220.38M, Peak:220.38M | Scene, ViewLayer | Updating Images | Loading crimson-leaf.png.005
Fra:1 Mem:3200.02M (Peak 3200.03M) | Time:00:01.16 | Mem:220.38M, Peak:220.38M | Scene, ViewLayer | Updating Images | Loading crimson-leaf.png.006
Fra:1 Mem:3200.01M (Peak 3200.03M) | Time:00:01.16 | Mem:220.62M, Peak:220.62M | Scene, ViewLayer | Updating Images | Loading crimson-botanical_litter.png
Fra:1 Mem:3200.25M (Peak 3200.25M) | Time:00:01.16 | Mem:220.88M, Peak:220.88M | Scene, ViewLayer | Updating Images | Loading crimson-botanical_litter.png.001
Fra:1 Mem:3200.50M (Peak 3200.50M) | Time:00:01.16 | Mem:221.12M, Peak:221.12M | Scene, ViewLayer | Updating Images | Loading crimson-botanical_litter.png.002
Fra:1 Mem:3201.01M (Peak 3201.01M) | Time:00:01.16 | Mem:221.38M, Peak:221.38M | Scene, ViewLayer | Updating Images | Loading crimson-botanical_litter.png.003
Fra:1 Mem:3201.00M (Peak 3201.01M) | Time:00:01.16 | Mem:221.62M, Peak:221.62M | Scene, ViewLayer | Updating Images | Loading warm-paving.png.004
Fra:1 Mem:3201.25M (Peak 3201.25M) | Time:00:01.16 | Mem:222.12M, Peak:222.12M | Scene, ViewLayer | Updating Images | Loading crimson-botanical_litter.png.004
Fra:1 Mem:3201.50M (Peak 3201.50M) | Time:00:01.16 | Mem:222.12M, Peak:222.12M | Scene, ViewLayer | Updating Images | Loading crimson-botanical_litter.png.005
Fra:1 Mem:3202.01M (Peak 3202.01M) | Time:00:01.16 | Mem:222.38M, Peak:222.38M | Scene, ViewLayer | Updating Images | Loading crimson-botanical_litter.png.006
Fra:1 Mem:3201.75M (Peak 3202.01M) | Time:00:01.16 | Mem:222.62M, Peak:222.62M | Scene, ViewLayer | Updating Images | Loading herbal-plaster.png
Fra:1 Mem:3202.77M (Peak 3202.77M) | Time:00:01.16 | Mem:222.88M, Peak:222.88M | Scene, ViewLayer | Updating Images | Loading herbal-plaster.png.001
Fra:1 Mem:3202.25M (Peak 3202.77M) | Time:00:01.16 | Mem:223.12M, Peak:223.12M | Scene, ViewLayer | Updating Images | Loading herbal-plaster.png.002
Fra:1 Mem:3202.50M (Peak 3202.77M) | Time:00:01.16 | Mem:223.38M, Peak:223.38M | Scene, ViewLayer | Updating Images | Loading herbal-plaster.png.003
Fra:1 Mem:3203.00M (Peak 3203.00M) | Time:00:01.16 | Mem:223.62M, Peak:223.62M | Scene, ViewLayer | Updating Images | Loading warm-paving.png.003
Fra:1 Mem:3203.51M (Peak 3203.51M) | Time:00:01.16 | Mem:223.88M, Peak:223.88M | Scene, ViewLayer | Updating Images | Loading herbal-plaster.png.004
Fra:1 Mem:3203.25M (Peak 3203.51M) | Time:00:01.16 | Mem:224.12M, Peak:224.12M | Scene, ViewLayer | Updating Images | Loading herbal-plaster.png.005
Fra:1 Mem:3203.75M (Peak 3203.75M) | Time:00:01.16 | Mem:224.38M, Peak:224.38M | Scene, ViewLayer | Updating Images | Loading herbal-plaster.png.006
Fra:1 Mem:3204.00M (Peak 3204.00M) | Time:00:01.16 | Mem:224.62M, Peak:224.62M | Scene, ViewLayer | Updating Images | Loading herbal-roof.png
Fra:1 Mem:3204.25M (Peak 3204.25M) | Time:00:01.16 | Mem:224.88M, Peak:224.88M | Scene, ViewLayer | Updating Images | Loading warm-paving.png.002
Fra:1 Mem:3204.76M (Peak 3204.76M) | Time:00:01.16 | Mem:225.12M, Peak:225.12M | Scene, ViewLayer | Updating Images | Loading herbal-roof.png.001
Fra:1 Mem:3204.75M (Peak 3204.76M) | Time:00:01.17 | Mem:225.38M, Peak:225.38M | Scene, ViewLayer | Updating Images | Loading herbal-roof.png.002
Fra:1 Mem:3205.26M (Peak 3205.26M) | Time:00:01.17 | Mem:225.62M, Peak:225.62M | Scene, ViewLayer | Updating Images | Loading herbal-roof.png.003
Fra:1 Mem:3205.77M (Peak 3205.77M) | Time:00:01.17 | Mem:225.88M, Peak:225.88M | Scene, ViewLayer | Updating Images | Loading herbal-roof.png.004
Fra:1 Mem:3205.51M (Peak 3205.77M) | Time:00:01.17 | Mem:226.12M, Peak:226.12M | Scene, ViewLayer | Updating Images | Loading herbal-roof.png.005
Fra:1 Mem:3205.75M (Peak 3205.77M) | Time:00:01.17 | Mem:226.38M, Peak:226.38M | Scene, ViewLayer | Updating Images | Loading herbal-roof.png.006
Fra:1 Mem:3206.00M (Peak 3206.00M) | Time:00:01.17 | Mem:226.62M, Peak:226.62M | Scene, ViewLayer | Updating Images | Loading herbal-stone.png
Fra:1 Mem:3206.25M (Peak 3206.25M) | Time:00:01.17 | Mem:226.88M, Peak:226.88M | Scene, ViewLayer | Updating Images | Loading warm-paving.png.001
Fra:1 Mem:3206.50M (Peak 3206.50M) | Time:00:01.17 | Mem:227.12M, Peak:227.12M | Scene, ViewLayer | Updating Images | Loading herbal-stone.png.001
Fra:1 Mem:3206.75M (Peak 3206.75M) | Time:00:01.17 | Mem:227.38M, Peak:227.38M | Scene, ViewLayer | Updating Images | Loading herbal-stone.png.002
Fra:1 Mem:3207.00M (Peak 3207.00M) | Time:00:01.17 | Mem:227.62M, Peak:227.62M | Scene, ViewLayer | Updating Images | Loading herbal-stone.png.003
Fra:1 Mem:3207.77M (Peak 3207.77M) | Time:00:01.17 | Mem:227.88M, Peak:227.88M | Scene, ViewLayer | Updating Images | Loading warm-paving.png
Fra:1 Mem:3207.25M (Peak 3207.77M) | Time:00:01.17 | Mem:228.38M, Peak:228.38M | Scene, ViewLayer | Updating Images | Loading herbal-stone.png.004
Fra:1 Mem:3207.51M (Peak 3207.77M) | Time:00:01.17 | Mem:228.38M, Peak:228.38M | Scene, ViewLayer | Updating Images | Loading herbal-stone.png.005
Fra:1 Mem:3207.25M (Peak 3207.77M) | Time:00:01.17 | Mem:228.62M, Peak:228.62M | Scene, ViewLayer | Updating Images | Loading herbal-stone.png.006
Fra:1 Mem:3208.51M (Peak 3208.51M) | Time:00:01.17 | Mem:228.88M, Peak:228.88M | Scene, ViewLayer | Updating Images | Loading herbal-tile.png
Fra:1 Mem:3208.50M (Peak 3208.51M) | Time:00:01.17 | Mem:229.12M, Peak:229.12M | Scene, ViewLayer | Updating Images | Loading herbal-tile.png.001
Fra:1 Mem:3208.75M (Peak 3208.75M) | Time:00:01.17 | Mem:229.62M, Peak:229.62M | Scene, ViewLayer | Updating Images | Loading herbal-tile.png.002
Fra:1 Mem:3208.75M (Peak 3208.75M) | Time:00:01.17 | Mem:229.62M, Peak:229.62M | Scene, ViewLayer | Updating Images | Loading herbal-tile.png.003
Fra:1 Mem:3209.51M (Peak 3209.51M) | Time:00:01.17 | Mem:229.88M, Peak:229.88M | Scene, ViewLayer | Updating Images | Loading warm-tiledark.png.005
Fra:1 Mem:3209.51M (Peak 3209.51M) | Time:00:01.17 | Mem:230.12M, Peak:230.12M | Scene, ViewLayer | Updating Images | Loading herbal-tile.png.004
Fra:1 Mem:3209.52M (Peak 3209.52M) | Time:00:01.17 | Mem:230.38M, Peak:230.38M | Scene, ViewLayer | Updating Images | Loading herbal-tile.png.005
Fra:1 Mem:3210.26M (Peak 3210.26M) | Time:00:01.17 | Mem:230.62M, Peak:230.62M | Scene, ViewLayer | Updating Images | Loading herbal-tile.png.006
Fra:1 Mem:3210.00M (Peak 3210.26M) | Time:00:01.17 | Mem:230.88M, Peak:230.88M | Scene, ViewLayer | Updating Images | Loading herbal-cutstone.png
Fra:1 Mem:3210.26M (Peak 3210.26M) | Time:00:01.17 | Mem:231.12M, Peak:231.12M | Scene, ViewLayer | Updating Images | Loading herbal-cutstone.png.001
Fra:1 Mem:3210.76M (Peak 3210.76M) | Time:00:01.17 | Mem:231.38M, Peak:231.38M | Scene, ViewLayer | Updating Images | Loading herbal-cutstone.png.002
Fra:1 Mem:3210.50M (Peak 3210.76M) | Time:00:01.17 | Mem:231.62M, Peak:231.62M | Scene, ViewLayer | Updating Images | Loading herbal-cutstone.png.003
Fra:1 Mem:3210.75M (Peak 3210.76M) | Time:00:01.17 | Mem:231.88M, Peak:231.88M | Scene, ViewLayer | Updating Images | Loading herbal-cutstone.png.004
Fra:1 Mem:3211.50M (Peak 3211.50M) | Time:00:01.17 | Mem:232.12M, Peak:232.12M | Scene, ViewLayer | Updating Images | Loading warm-tiledark.png.004
Fra:1 Mem:3212.01M (Peak 3212.01M) | Time:00:01.17 | Mem:232.38M, Peak:232.38M | Scene, ViewLayer | Updating Images | Loading herbal-cutstone.png.005
Fra:1 Mem:3212.00M (Peak 3212.01M) | Time:00:01.17 | Mem:232.62M, Peak:232.62M | Scene, ViewLayer | Updating Images | Loading herbal-cutstone.png.006
Fra:1 Mem:3212.25M (Peak 3212.25M) | Time:00:01.17 | Mem:232.88M, Peak:232.88M | Scene, ViewLayer | Updating Images | Loading herbal-darkwood.png
Fra:1 Mem:3212.50M (Peak 3212.50M) | Time:00:01.17 | Mem:233.12M, Peak:233.12M | Scene, ViewLayer | Updating Images | Loading herbal-darkwood.png.001
Fra:1 Mem:3213.27M (Peak 3213.27M) | Time:00:01.17 | Mem:233.38M, Peak:233.38M | Scene, ViewLayer | Updating Images | Loading herbal-darkwood.png.002
Fra:1 Mem:3213.26M (Peak 3213.27M) | Time:00:01.17 | Mem:233.62M, Peak:233.62M | Scene, ViewLayer | Updating Images | Loading herbal-darkwood.png.003
Fra:1 Mem:3213.51M (Peak 3213.51M) | Time:00:01.17 | Mem:233.88M, Peak:233.88M | Scene, ViewLayer | Updating Images | Loading herbal-darkwood.png.004
Fra:1 Mem:3213.76M (Peak 3213.76M) | Time:00:01.17 | Mem:234.12M, Peak:234.12M | Scene, ViewLayer | Updating Images | Loading herbal-darkwood.png.005
Fra:1 Mem:3214.01M (Peak 3214.01M) | Time:00:01.17 | Mem:234.38M, Peak:234.38M | Scene, ViewLayer | Updating Images | Loading herbal-darkwood.png.006
Fra:1 Mem:3213.75M (Peak 3214.01M) | Time:00:01.17 | Mem:234.62M, Peak:234.62M | Scene, ViewLayer | Updating Images | Loading warm-tiledark.png.003
Fra:1 Mem:3214.51M (Peak 3214.51M) | Time:00:01.17 | Mem:234.88M, Peak:234.88M | Scene, ViewLayer | Updating Images | Loading herbal-wood.png
Fra:1 Mem:3214.50M (Peak 3214.51M) | Time:00:01.17 | Mem:235.12M, Peak:235.12M | Scene, ViewLayer | Updating Images | Loading herbal-wood.png.001
Fra:1 Mem:3215.53M (Peak 3215.53M) | Time:00:01.17 | Mem:235.38M, Peak:235.38M | Scene, ViewLayer | Updating Images | Loading herbal-wood.png.002
Fra:1 Mem:3215.78M (Peak 3215.78M) | Time:00:01.17 | Mem:235.62M, Peak:235.62M | Scene, ViewLayer | Updating Images | Loading herbal-wood.png.003
Fra:1 Mem:3215.51M (Peak 3215.78M) | Time:00:01.17 | Mem:236.12M, Peak:236.12M | Scene, ViewLayer | Updating Images | Loading herbal-wood.png.004
Fra:1 Mem:3215.51M (Peak 3215.78M) | Time:00:01.17 | Mem:236.12M, Peak:236.12M | Scene, ViewLayer | Updating Images | Loading herbal-wood.png.005
Fra:1 Mem:3215.50M (Peak 3215.78M) | Time:00:01.17 | Mem:236.38M, Peak:236.38M | Scene, ViewLayer | Updating Images | Loading herbal-wood.png.006
Fra:1 Mem:3216.00M (Peak 3216.00M) | Time:00:01.17 | Mem:236.62M, Peak:236.62M | Scene, ViewLayer | Updating Images | Loading herbal-latticewood.png
Fra:1 Mem:3216.51M (Peak 3216.51M) | Time:00:01.17 | Mem:236.88M, Peak:236.88M | Scene, ViewLayer | Updating Images | Loading herbal-latticewood.png.001
Fra:1 Mem:3216.50M (Peak 3216.51M) | Time:00:01.17 | Mem:237.12M, Peak:237.12M | Scene, ViewLayer | Updating Images | Loading warm-tiledark.png.002
Fra:1 Mem:3216.75M (Peak 3216.75M) | Time:00:01.17 | Mem:237.38M, Peak:237.38M | Scene, ViewLayer | Updating Images | Loading herbal-latticewood.png.002
Fra:1 Mem:3217.00M (Peak 3217.00M) | Time:00:01.17 | Mem:237.62M, Peak:237.62M | Scene, ViewLayer | Updating Images | Loading herbal-latticewood.png.003
Fra:1 Mem:3217.26M (Peak 3217.26M) | Time:00:01.17 | Mem:237.88M, Peak:237.88M | Scene, ViewLayer | Updating Images | Loading herbal-latticewood.png.004
Fra:1 Mem:3218.02M (Peak 3218.02M) | Time:00:01.17 | Mem:238.38M, Peak:238.38M | Scene, ViewLayer | Updating Images | Loading herbal-latticewood.png.005
Fra:1 Mem:3217.76M (Peak 3218.02M) | Time:00:01.17 | Mem:238.62M, Peak:238.62M | Scene, ViewLayer | Updating Images | Loading herbal-latticewood.png.006
Fra:1 Mem:3218.01M (Peak 3218.02M) | Time:00:01.17 | Mem:238.62M, Peak:238.62M | Scene, ViewLayer | Updating Images | Loading herbal-tilelight.png
Fra:1 Mem:3217.75M (Peak 3218.02M) | Time:00:01.17 | Mem:238.88M, Peak:238.88M | Scene, ViewLayer | Updating Images | Loading herbal-tilelight.png.001
Fra:1 Mem:3218.76M (Peak 3218.76M) | Time:00:01.17 | Mem:239.12M, Peak:239.12M | Scene, ViewLayer | Updating Images | Loading herbal-tilelight.png.002
Fra:1 Mem:3219.01M (Peak 3219.01M) | Time:00:01.17 | Mem:239.38M, Peak:239.38M | Scene, ViewLayer | Updating Images | Loading herbal-tilelight.png.003
Fra:1 Mem:3219.26M (Peak 3219.26M) | Time:00:01.17 | Mem:239.62M, Peak:239.62M | Scene, ViewLayer | Updating Images | Loading warm-tiledark.png.001
Fra:1 Mem:3219.25M (Peak 3219.26M) | Time:00:01.17 | Mem:239.88M, Peak:239.88M | Scene, ViewLayer | Updating Images | Loading herbal-tilelight.png.004
Fra:1 Mem:3219.50M (Peak 3219.50M) | Time:00:01.17 | Mem:240.12M, Peak:240.12M | Scene, ViewLayer | Updating Images | Loading herbal-tilelight.png.005
Fra:1 Mem:3220.27M (Peak 3220.27M) | Time:00:01.17 | Mem:240.38M, Peak:240.38M | Scene, ViewLayer | Updating Images | Loading herbal-tilelight.png.006
Fra:1 Mem:3221.04M (Peak 3221.04M) | Time:00:01.17 | Mem:240.62M, Peak:240.62M | Scene, ViewLayer | Updating Images | Loading herbal-tiledark.png
Fra:1 Mem:3220.78M (Peak 3221.04M) | Time:00:01.17 | Mem:240.88M, Peak:240.88M | Scene, ViewLayer | Updating Images | Loading herbal-tiledark.png.001
Fra:1 Mem:3220.77M (Peak 3221.04M) | Time:00:01.17 | Mem:241.12M, Peak:241.12M | Scene, ViewLayer | Updating Images | Loading herbal-tiledark.png.002
Fra:1 Mem:3220.51M (Peak 3221.04M) | Time:00:01.17 | Mem:241.38M, Peak:241.38M | Scene, ViewLayer | Updating Images | Loading herbal-tiledark.png.003
Fra:1 Mem:3221.00M (Peak 3221.04M) | Time:00:01.17 | Mem:241.62M, Peak:241.62M | Scene, ViewLayer | Updating Images | Loading herbal-tiledark.png.004
Fra:1 Mem:3221.25M (Peak 3221.25M) | Time:00:01.17 | Mem:241.88M, Peak:241.88M | Scene, ViewLayer | Updating Images | Loading warm-tiledark.png
Fra:1 Mem:3221.50M (Peak 3221.50M) | Time:00:01.17 | Mem:242.12M, Peak:242.12M | Scene, ViewLayer | Updating Images | Loading herbal-tiledark.png.005
Fra:1 Mem:3221.75M (Peak 3221.75M) | Time:00:01.17 | Mem:242.38M, Peak:242.38M | Scene, ViewLayer | Updating Images | Loading herbal-tiledark.png.006
Fra:1 Mem:3222.26M (Peak 3222.26M) | Time:00:01.17 | Mem:242.62M, Peak:242.62M | Scene, ViewLayer | Updating Images | Loading warm-tile.png.005
Fra:1 Mem:3222.00M (Peak 3222.26M) | Time:00:01.17 | Mem:242.88M, Peak:242.88M | Scene, ViewLayer | Updating Images | Loading herbal-paving.png
Fra:1 Mem:3223.28M (Peak 3223.28M) | Time:00:01.17 | Mem:243.12M, Peak:243.12M | Scene, ViewLayer | Updating Images | Loading herbal-paving.png.001
Fra:1 Mem:3223.02M (Peak 3223.28M) | Time:00:01.17 | Mem:243.38M, Peak:243.38M | Scene, ViewLayer | Updating Images | Loading herbal-paving.png.002
Fra:1 Mem:3223.02M (Peak 3223.28M) | Time:00:01.17 | Mem:243.62M, Peak:243.62M | Scene, ViewLayer | Updating Images | Loading herbal-paving.png.003
Fra:1 Mem:3223.51M (Peak 3223.51M) | Time:00:01.17 | Mem:243.88M, Peak:243.88M | Scene, ViewLayer | Updating Images | Loading herbal-paving.png.004
Fra:1 Mem:3223.25M (Peak 3223.51M) | Time:00:01.17 | Mem:244.12M, Peak:244.12M | Scene, ViewLayer | Updating Images | Loading herbal-paving.png.005
Fra:1 Mem:3223.75M (Peak 3223.75M) | Time:00:01.17 | Mem:244.38M, Peak:244.38M | Scene, ViewLayer | Updating Images | Loading herbal-paving.png.006
Fra:1 Mem:3224.00M (Peak 3224.00M) | Time:00:01.18 | Mem:244.62M, Peak:244.62M | Scene, ViewLayer | Updating Images | Loading warm-tile.png.004
Fra:1 Mem:3224.51M (Peak 3224.51M) | Time:00:01.18 | Mem:244.88M, Peak:244.88M | Scene, ViewLayer | Updating Images | Loading herbal-courtbase.png
Fra:1 Mem:3224.25M (Peak 3224.51M) | Time:00:01.18 | Mem:245.12M, Peak:245.12M | Scene, ViewLayer | Updating Images | Loading herbal-courtbase.png.001
Fra:1 Mem:3225.01M (Peak 3225.01M) | Time:00:01.18 | Mem:245.38M, Peak:245.38M | Scene, ViewLayer | Updating Images | Loading herbal-courtbase.png.002
Fra:1 Mem:3225.52M (Peak 3225.52M) | Time:00:01.18 | Mem:245.62M, Peak:245.62M | Scene, ViewLayer | Updating Images | Loading herbal-courtbase.png.003
Fra:1 Mem:3226.03M (Peak 3226.03M) | Time:00:01.18 | Mem:245.88M, Peak:245.88M | Scene, ViewLayer | Updating Images | Loading herbal-courtbase.png.004
Fra:1 Mem:3226.02M (Peak 3226.03M) | Time:00:01.18 | Mem:246.12M, Peak:246.12M | Scene, ViewLayer | Updating Images | Loading warm-tile.png.003
Fra:1 Mem:3225.75M (Peak 3226.03M) | Time:00:01.18 | Mem:246.62M, Peak:246.62M | Scene, ViewLayer | Updating Images | Loading herbal-courtbase.png.005
Fra:1 Mem:3225.75M (Peak 3226.03M) | Time:00:01.18 | Mem:246.62M, Peak:246.62M | Scene, ViewLayer | Updating Images | Loading herbal-courtbase.png.006
Fra:1 Mem:3226.25M (Peak 3226.25M) | Time:00:01.18 | Mem:246.88M, Peak:246.88M | Scene, ViewLayer | Updating Images | Loading herbal-paper.png
Fra:1 Mem:3226.50M (Peak 3226.50M) | Time:00:01.18 | Mem:247.12M, Peak:247.12M | Scene, ViewLayer | Updating Images | Loading warm-tile.png.002
Fra:1 Mem:3226.75M (Peak 3226.75M) | Time:00:01.18 | Mem:247.38M, Peak:247.38M | Scene, ViewLayer | Updating Images | Loading herbal-paper.png.001
Fra:1 Mem:3227.26M (Peak 3227.26M) | Time:00:01.18 | Mem:247.62M, Peak:247.62M | Scene, ViewLayer | Updating Images | Loading herbal-paper.png.002
Fra:1 Mem:3227.25M (Peak 3227.26M) | Time:00:01.18 | Mem:247.88M, Peak:247.88M | Scene, ViewLayer | Updating Images | Loading herbal-paper.png.003
Fra:1 Mem:3228.02M (Peak 3228.02M) | Time:00:01.18 | Mem:248.12M, Peak:248.12M | Scene, ViewLayer | Updating Images | Loading herbal-paper.png.004
Fra:1 Mem:3228.02M (Peak 3228.02M) | Time:00:01.18 | Mem:248.38M, Peak:248.38M | Scene, ViewLayer | Updating Images | Loading warm-tile.png.001
Fra:1 Mem:3228.26M (Peak 3228.26M) | Time:00:01.18 | Mem:248.62M, Peak:248.62M | Scene, ViewLayer | Updating Images | Loading herbal-paper.png.005
Fra:1 Mem:3228.51M (Peak 3228.51M) | Time:00:01.18 | Mem:248.88M, Peak:248.88M | Scene, ViewLayer | Updating Images | Loading herbal-paper.png.006
Fra:1 Mem:3228.25M (Peak 3228.51M) | Time:00:01.18 | Mem:249.12M, Peak:249.12M | Scene, ViewLayer | Updating Images | Loading herbal-ivory.png
Fra:1 Mem:3229.01M (Peak 3229.01M) | Time:00:01.18 | Mem:249.38M, Peak:249.38M | Scene, ViewLayer | Updating Images | Loading herbal-ivory.png.001
Fra:1 Mem:3229.00M (Peak 3229.01M) | Time:00:01.18 | Mem:249.62M, Peak:249.62M | Scene, ViewLayer | Updating Images | Loading herbal-ivory.png.002
Fra:1 Mem:3229.25M (Peak 3229.25M) | Time:00:01.18 | Mem:249.88M, Peak:249.88M | Scene, ViewLayer | Updating Images | Loading warm-tile.png
Fra:1 Mem:3229.76M (Peak 3229.76M) | Time:00:01.18 | Mem:250.12M, Peak:250.12M | Scene, ViewLayer | Updating Images | Loading herbal-ivory.png.003
Fra:1 Mem:3229.75M (Peak 3229.76M) | Time:00:01.18 | Mem:250.38M, Peak:250.38M | Scene, ViewLayer | Updating Images | Loading herbal-ivory.png.004
Fra:1 Mem:3230.52M (Peak 3230.52M) | Time:00:01.18 | Mem:250.88M, Peak:250.88M | Scene, ViewLayer | Updating Images | Loading herbal-ivory.png.005
Fra:1 Mem:3230.52M (Peak 3230.52M) | Time:00:01.18 | Mem:250.88M, Peak:250.88M | Scene, ViewLayer | Updating Images | Loading herbal-ivory.png.006
Fra:1 Mem:3230.76M (Peak 3230.76M) | Time:00:01.18 | Mem:251.12M, Peak:251.12M | Scene, ViewLayer | Updating Images | Loading warm-tilelight.png.005
Fra:1 Mem:3231.27M (Peak 3231.27M) | Time:00:01.18 | Mem:251.38M, Peak:251.38M | Scene, ViewLayer | Updating Images | Loading herbal-gold.png
Fra:1 Mem:3231.26M (Peak 3231.27M) | Time:00:01.18 | Mem:251.62M, Peak:251.62M | Scene, ViewLayer | Updating Images | Loading herbal-gold.png.001
Fra:1 Mem:3231.00M (Peak 3231.27M) | Time:00:01.18 | Mem:251.88M, Peak:251.88M | Scene, ViewLayer | Updating Images | Loading herbal-gold.png.002
Fra:1 Mem:3231.50M (Peak 3231.50M) | Time:00:01.18 | Mem:252.12M, Peak:252.12M | Scene, ViewLayer | Updating Images | Loading herbal-gold.png.003
Fra:1 Mem:3232.27M (Peak 3232.27M) | Time:00:01.18 | Mem:252.38M, Peak:252.38M | Scene, ViewLayer | Updating Images | Loading warm-tilelight.png.004
Fra:1 Mem:3232.52M (Peak 3232.52M) | Time:00:01.18 | Mem:252.62M, Peak:252.62M | Scene, ViewLayer | Updating Images | Loading herbal-gold.png.004
Fra:1 Mem:3232.26M (Peak 3232.52M) | Time:00:01.18 | Mem:252.88M, Peak:252.88M | Scene, ViewLayer | Updating Images | Loading herbal-gold.png.005
Fra:1 Mem:3232.50M (Peak 3232.52M) | Time:00:01.18 | Mem:253.12M, Peak:253.12M | Scene, ViewLayer | Updating Images | Loading herbal-gold.png.006
Fra:1 Mem:3232.75M (Peak 3232.75M) | Time:00:01.18 | Mem:253.38M, Peak:253.38M | Scene, ViewLayer | Updating Images | Loading herbal-screen.png
Fra:1 Mem:3233.52M (Peak 3233.52M) | Time:00:01.18 | Mem:253.62M, Peak:253.62M | Scene, ViewLayer | Updating Images | Loading herbal-screen.png.001
Fra:1 Mem:3233.25M (Peak 3233.52M) | Time:00:01.18 | Mem:254.12M, Peak:254.12M | Scene, ViewLayer | Updating Images | Loading herbal-screen.png.002
Fra:1 Mem:3233.25M (Peak 3233.52M) | Time:00:01.18 | Mem:254.12M, Peak:254.12M | Scene, ViewLayer | Updating Images | Loading herbal-screen.png.003
Fra:1 Mem:3234.27M (Peak 3234.27M) | Time:00:01.18 | Mem:254.38M, Peak:254.38M | Scene, ViewLayer | Updating Images | Loading warm-tilelight.png.003
Fra:1 Mem:3234.26M (Peak 3234.27M) | Time:00:01.18 | Mem:254.62M, Peak:254.62M | Scene, ViewLayer | Updating Images | Loading herbal-screen.png.004
Fra:1 Mem:3234.00M (Peak 3234.27M) | Time:00:01.18 | Mem:254.88M, Peak:254.88M | Scene, ViewLayer | Updating Images | Loading herbal-screen.png.005
Fra:1 Mem:3234.50M (Peak 3234.50M) | Time:00:01.18 | Mem:255.12M, Peak:255.12M | Scene, ViewLayer | Updating Images | Loading herbal-screen.png.006
Fra:1 Mem:3235.27M (Peak 3235.27M) | Time:00:01.18 | Mem:255.62M, Peak:255.62M | Scene, ViewLayer | Updating Images | Loading herbal-leaf.png
Fra:1 Mem:3235.01M (Peak 3235.27M) | Time:00:01.18 | Mem:255.88M, Peak:255.88M | Scene, ViewLayer | Updating Images | Loading herbal-leaf.png.002
Fra:1 Mem:3235.25M (Peak 3235.27M) | Time:00:01.18 | Mem:256.12M, Peak:256.12M | Scene, ViewLayer | Updating Images | Loading herbal-leaf.png.003
Fra:1 Mem:3235.51M (Peak 3235.51M) | Time:00:01.18 | Mem:256.38M, Peak:256.38M | Scene, ViewLayer | Updating Images | Loading herbal-leaf.png.004
Fra:1 Mem:3235.75M (Peak 3235.75M) | Time:00:01.18 | Mem:256.62M, Peak:256.62M | Scene, ViewLayer | Updating Images | Loading herbal-leaf.png.005
Fra:1 Mem:3236.26M (Peak 3236.26M) | Time:00:01.18 | Mem:256.88M, Peak:256.88M | Scene, ViewLayer | Updating Images | Loading warm-tilelight.png.002
Fra:1 Mem:3236.51M (Peak 3236.51M) | Time:00:01.18 | Mem:257.12M, Peak:257.12M | Scene, ViewLayer | Updating Images | Loading herbal-leaf.png.006
Fra:1 Mem:3236.25M (Peak 3236.51M) | Time:00:01.18 | Mem:257.38M, Peak:257.38M | Scene, ViewLayer | Updating Images | Loading herbal-bamboo.png
Fra:1 Mem:3237.00M (Peak 3237.00M) | Time:00:01.18 | Mem:257.62M, Peak:257.62M | Scene, ViewLayer | Updating Images | Loading herbal-bamboo.png.001
Fra:1 Mem:3237.25M (Peak 3237.25M) | Time:00:01.18 | Mem:257.88M, Peak:257.88M | Scene, ViewLayer | Updating Images | Loading herbal-bamboo.png.002
Fra:1 Mem:3237.50M (Peak 3237.50M) | Time:00:01.18 | Mem:258.38M, Peak:258.38M | Scene, ViewLayer | Updating Images | Loading herbal-bamboo.png.003
Fra:1 Mem:3237.75M (Peak 3237.75M) | Time:00:01.18 | Mem:258.38M, Peak:258.38M | Scene, ViewLayer | Updating Images | Loading herbal-bamboo.png.004
Fra:1 Mem:3238.01M (Peak 3238.01M) | Time:00:01.18 | Mem:258.62M, Peak:258.62M | Scene, ViewLayer | Updating Images | Loading herbal-bamboo.png.005
Fra:1 Mem:3238.00M (Peak 3238.01M) | Time:00:01.18 | Mem:258.88M, Peak:258.88M | Scene, ViewLayer | Updating Images | Loading herbal-bamboo.png.006
Fra:1 Mem:3238.51M (Peak 3238.51M) | Time:00:01.18 | Mem:259.12M, Peak:259.12M | Scene, ViewLayer | Updating Images | Loading herbal-leafdark.png
Fra:1 Mem:3239.01M (Peak 3239.01M) | Time:00:01.18 | Mem:259.38M, Peak:259.38M | Scene, ViewLayer | Updating Images | Loading herbal-leafdark.png.001
Fra:1 Mem:3239.26M (Peak 3239.26M) | Time:00:01.18 | Mem:259.62M, Peak:259.62M | Scene, ViewLayer | Updating Images | Loading herbal-leafdark.png.002
Fra:1 Mem:3239.51M (Peak 3239.51M) | Time:00:01.18 | Mem:259.88M, Peak:259.88M | Scene, ViewLayer | Updating Images | Loading herbal-leafdark.png.003
Fra:1 Mem:3239.50M (Peak 3239.51M) | Time:00:01.18 | Mem:260.12M, Peak:260.12M | Scene, ViewLayer | Updating Images | Loading warm-tilelight.png.001
Fra:1 Mem:3239.75M (Peak 3239.75M) | Time:00:01.18 | Mem:260.38M, Peak:260.38M | Scene, ViewLayer | Updating Images | Loading herbal-leafdark.png.004
Fra:1 Mem:3240.00M (Peak 3240.00M) | Time:00:01.18 | Mem:260.62M, Peak:260.62M | Scene, ViewLayer | Updating Images | Loading herbal-leafdark.png.005
Fra:1 Mem:3240.52M (Peak 3240.52M) | Time:00:01.18 | Mem:260.88M, Peak:260.88M | Scene, ViewLayer | Updating Images | Loading herbal-leafdark.png.006
Fra:1 Mem:3241.02M (Peak 3241.02M) | Time:00:01.18 | Mem:261.38M, Peak:261.38M | Scene, ViewLayer | Updating Images | Loading herbal-moss.png
Fra:1 Mem:3240.76M (Peak 3241.02M) | Time:00:01.18 | Mem:261.62M, Peak:261.62M | Scene, ViewLayer | Updating Images | Loading herbal-moss.png.002
Fra:1 Mem:3241.51M (Peak 3241.51M) | Time:00:01.18 | Mem:262.12M, Peak:262.12M | Scene, ViewLayer | Updating Images | Loading herbal-moss.png.003
Fra:1 Mem:3241.25M (Peak 3241.51M) | Time:00:01.18 | Mem:262.38M, Peak:262.38M | Scene, ViewLayer | Updating Images | Loading warm-tilelight.png
Fra:1 Mem:3242.00M (Peak 3242.00M) | Time:00:01.18 | Mem:262.62M, Peak:262.62M | Scene, ViewLayer | Updating Images | Loading herbal-moss.png.005
Fra:1 Mem:3242.51M (Peak 3242.51M) | Time:00:01.18 | Mem:262.88M, Peak:262.88M | Scene, ViewLayer | Updating Images | Loading herbal-moss.png.006
Fra:1 Mem:3242.76M (Peak 3242.76M) | Time:00:01.18 | Mem:263.12M, Peak:263.12M | Scene, ViewLayer | Updating Images | Loading herbal-botanical_stem.png
Fra:1 Mem:3242.75M (Peak 3242.76M) | Time:00:01.18 | Mem:263.38M, Peak:263.38M | Scene, ViewLayer | Updating Images | Loading herbal-botanical_stem.png.001
Fra:1 Mem:3243.01M (Peak 3243.01M) | Time:00:01.18 | Mem:263.62M, Peak:263.62M | Scene, ViewLayer | Updating Images | Loading herbal-botanical_stem.png.002
Fra:1 Mem:3243.51M (Peak 3243.51M) | Time:00:01.19 | Mem:263.88M, Peak:263.88M | Scene, ViewLayer | Updating Images | Loading herbal-botanical_stem.png.003
Fra:1 Mem:3244.02M (Peak 3244.02M) | Time:00:01.19 | Mem:264.12M, Peak:264.12M | Scene, ViewLayer | Updating Images | Loading herbal-botanical_stem.png.004
Fra:1 Mem:3244.27M (Peak 3244.27M) | Time:00:01.19 | Mem:264.38M, Peak:264.38M | Scene, ViewLayer | Updating Images | Loading herbal-botanical_stem.png.005
Fra:1 Mem:3243.75M (Peak 3244.27M) | Time:00:01.19 | Mem:264.88M, Peak:264.88M | Scene, ViewLayer | Updating Images | Loading herbal-botanical_stem.png.006
Fra:1 Mem:3244.00M (Peak 3244.27M) | Time:00:01.19 | Mem:264.88M, Peak:264.88M | Scene, ViewLayer | Updating Images | Loading warm-roof.png.005
Fra:1 Mem:3244.51M (Peak 3244.51M) | Time:00:01.19 | Mem:265.12M, Peak:265.12M | Scene, ViewLayer | Updating Images | Loading herbal-botanical_bamboo.png
Fra:1 Mem:3244.76M (Peak 3244.76M) | Time:00:01.19 | Mem:265.38M, Peak:265.38M | Scene, ViewLayer | Updating Images | Loading herbal-botanical_bamboo.png.001
Fra:1 Mem:3245.01M (Peak 3245.01M) | Time:00:01.19 | Mem:265.62M, Peak:265.62M | Scene, ViewLayer | Updating Images | Loading herbal-botanical_bamboo.png.002
Fra:1 Mem:3245.26M (Peak 3245.26M) | Time:00:01.19 | Mem:265.88M, Peak:265.88M | Scene, ViewLayer | Updating Images | Loading herbal-botanical_bamboo.png.003
Fra:1 Mem:3245.51M (Peak 3245.51M) | Time:00:01.19 | Mem:266.12M, Peak:266.12M | Scene, ViewLayer | Updating Images | Loading herbal-botanical_bamboo.png.004
Fra:1 Mem:3245.76M (Peak 3245.76M) | Time:00:01.19 | Mem:266.38M, Peak:266.38M | Scene, ViewLayer | Updating Images | Loading warm-roof.png.004
Fra:1 Mem:3246.26M (Peak 3246.26M) | Time:00:01.19 | Mem:266.62M, Peak:266.62M | Scene, ViewLayer | Updating Images | Loading herbal-botanical_bamboo.png.005
Fra:1 Mem:3246.77M (Peak 3246.77M) | Time:00:01.19 | Mem:266.88M, Peak:266.88M | Scene, ViewLayer | Updating Images | Loading herbal-botanical_bamboo.png.006
Fra:1 Mem:3246.76M (Peak 3246.77M) | Time:00:01.19 | Mem:267.12M, Peak:267.12M | Scene, ViewLayer | Updating Images | Loading herbal-botanical_litter.png
Fra:1 Mem:3246.76M (Peak 3246.77M) | Time:00:01.19 | Mem:267.38M, Peak:267.38M | Scene, ViewLayer | Updating Images | Loading herbal-botanical_litter.png.001
Fra:1 Mem:3247.01M (Peak 3247.01M) | Time:00:01.19 | Mem:267.62M, Peak:267.62M | Scene, ViewLayer | Updating Images | Loading herbal-botanical_litter.png.002
Fra:1 Mem:3247.52M (Peak 3247.52M) | Time:00:01.19 | Mem:267.88M, Peak:267.88M | Scene, ViewLayer | Updating Images | Loading herbal-botanical_litter.png.003
Fra:1 Mem:3247.25M (Peak 3247.52M) | Time:00:01.19 | Mem:268.38M, Peak:268.38M | Scene, ViewLayer | Updating Images | Loading warm-roof.png.003
Fra:1 Mem:3247.50M (Peak 3247.52M) | Time:00:01.19 | Mem:268.62M, Peak:268.62M | Scene, ViewLayer | Updating Images | Loading herbal-botanical_litter.png.005
Fra:1 Mem:3248.26M (Peak 3248.26M) | Time:00:01.19 | Mem:268.88M, Peak:268.88M | Scene, ViewLayer | Updating Images | Loading herbal-botanical_litter.png.006
Fra:1 Mem:3248.50M (Peak 3248.50M) | Time:00:01.19 | Mem:269.12M, Peak:269.12M | Scene, ViewLayer | Updating Images | Loading study-plaster.png
Fra:1 Mem:3248.50M (Peak 3248.50M) | Time:00:01.19 | Mem:269.38M, Peak:269.38M | Scene, ViewLayer | Updating Images | Loading study-plaster.png.001
Fra:1 Mem:3249.01M (Peak 3249.01M) | Time:00:01.19 | Mem:269.62M, Peak:269.62M | Scene, ViewLayer | Updating Images | Loading study-plaster.png.002
Fra:1 Mem:3249.26M (Peak 3249.26M) | Time:00:01.19 | Mem:269.88M, Peak:269.88M | Scene, ViewLayer | Updating Images | Loading study-plaster.png.003
Fra:1 Mem:3249.51M (Peak 3249.51M) | Time:00:01.19 | Mem:270.12M, Peak:270.12M | Scene, ViewLayer | Updating Images | Loading study-plaster.png.004
Fra:1 Mem:3250.01M (Peak 3250.01M) | Time:00:01.19 | Mem:270.38M, Peak:270.38M | Scene, ViewLayer | Updating Images | Loading study-plaster.png.005
Fra:1 Mem:3250.01M (Peak 3250.01M) | Time:00:01.19 | Mem:270.62M, Peak:270.62M | Scene, ViewLayer | Updating Images | Loading study-plaster.png.006
Fra:1 Mem:3250.26M (Peak 3250.26M) | Time:00:01.19 | Mem:270.88M, Peak:270.88M | Scene, ViewLayer | Updating Images | Loading warm-roof.png.002
Fra:1 Mem:3250.51M (Peak 3250.51M) | Time:00:01.19 | Mem:271.12M, Peak:271.12M | Scene, ViewLayer | Updating Images | Loading study-roof.png
Fra:1 Mem:3251.27M (Peak 3251.27M) | Time:00:01.19 | Mem:271.38M, Peak:271.38M | Scene, ViewLayer | Updating Images | Loading study-roof.png.001
Fra:1 Mem:3251.53M (Peak 3251.53M) | Time:00:01.19 | Mem:271.88M, Peak:271.88M | Scene, ViewLayer | Updating Images | Loading study-roof.png.002
Fra:1 Mem:3251.52M (Peak 3251.53M) | Time:00:01.19 | Mem:272.12M, Peak:272.12M | Scene, ViewLayer | Updating Images | Loading study-roof.png.003
Fra:1 Mem:3251.26M (Peak 3251.53M) | Time:00:01.19 | Mem:272.38M, Peak:272.38M | Scene, ViewLayer | Updating Images | Loading study-roof.png.005
Fra:1 Mem:3252.01M (Peak 3252.01M) | Time:00:01.19 | Mem:272.62M, Peak:272.62M | Scene, ViewLayer | Updating Images | Loading study-roof.png.006
Fra:1 Mem:3252.26M (Peak 3252.26M) | Time:00:01.19 | Mem:272.88M, Peak:272.88M | Scene, ViewLayer | Updating Images | Loading study-stone.png
Fra:1 Mem:3252.76M (Peak 3252.76M) | Time:00:01.19 | Mem:273.12M, Peak:273.12M | Scene, ViewLayer | Updating Images | Loading study-stone.png.001
Fra:1 Mem:3253.27M (Peak 3253.27M) | Time:00:01.19 | Mem:273.38M, Peak:273.38M | Scene, ViewLayer | Updating Images | Loading warm-roof.png.001
Fra:1 Mem:3253.26M (Peak 3253.27M) | Time:00:01.19 | Mem:273.62M, Peak:273.62M | Scene, ViewLayer | Updating Images | Loading study-stone.png.002
Fra:1 Mem:3253.00M (Peak 3253.27M) | Time:00:01.19 | Mem:273.88M, Peak:273.88M | Scene, ViewLayer | Updating Images | Loading study-stone.png.003
Fra:1 Mem:3253.76M (Peak 3253.76M) | Time:00:01.19 | Mem:274.12M, Peak:274.12M | Scene, ViewLayer | Updating Images | Loading study-stone.png.004
Fra:1 Mem:3254.01M (Peak 3254.01M) | Time:00:01.19 | Mem:274.38M, Peak:274.38M | Scene, ViewLayer | Updating Images | Loading study-stone.png.005
Fra:1 Mem:3254.26M (Peak 3254.26M) | Time:00:01.19 | Mem:274.62M, Peak:274.62M | Scene, ViewLayer | Updating Images | Loading study-stone.png.006
Fra:1 Mem:3254.26M (Peak 3254.26M) | Time:00:01.19 | Mem:274.88M, Peak:274.88M | Scene, ViewLayer | Updating Images | Loading study-tile.png
Fra:1 Mem:3254.51M (Peak 3254.51M) | Time:00:01.19 | Mem:275.12M, Peak:275.12M | Scene, ViewLayer | Updating Images | Loading study-tile.png.001
Fra:1 Mem:3254.75M (Peak 3254.75M) | Time:00:01.19 | Mem:275.62M, Peak:275.62M | Scene, ViewLayer | Updating Images | Loading study-tile.png.002
Fra:1 Mem:3254.75M (Peak 3254.75M) | Time:00:01.19 | Mem:275.62M, Peak:275.62M | Scene, ViewLayer | Updating Images | Loading study-tile.png.003
Fra:1 Mem:3255.26M (Peak 3255.26M) | Time:00:01.19 | Mem:275.88M, Peak:275.88M | Scene, ViewLayer | Updating Images | Loading warm-roof.png
Fra:1 Mem:3255.76M (Peak 3255.76M) | Time:00:01.19 | Mem:276.12M, Peak:276.12M | Scene, ViewLayer | Updating Images | Loading study-tile.png.004
Fra:1 Mem:3255.76M (Peak 3255.76M) | Time:00:01.19 | Mem:276.38M, Peak:276.38M | Scene, ViewLayer | Updating Images | Loading study-tile.png.005
Fra:1 Mem:3257.04M (Peak 3257.04M) | Time:00:01.19 | Mem:276.62M, Peak:276.62M | Scene, ViewLayer | Updating Images | Loading study-tile.png.006
Fra:1 Mem:3257.03M (Peak 3257.04M) | Time:00:01.19 | Mem:276.88M, Peak:276.88M | Scene, ViewLayer | Updating Images | Loading study-cutstone.png
Fra:1 Mem:3257.02M (Peak 3257.04M) | Time:00:01.19 | Mem:277.12M, Peak:277.12M | Scene, ViewLayer | Updating Images | Loading study-cutstone.png.001
Fra:1 Mem:3256.75M (Peak 3257.04M) | Time:00:01.19 | Mem:277.62M, Peak:277.62M | Scene, ViewLayer | Updating Images | Loading study-cutstone.png.002
Fra:1 Mem:3256.75M (Peak 3257.04M) | Time:00:01.19 | Mem:277.62M, Peak:277.62M | Scene, ViewLayer | Updating Images | Loading study-cutstone.png.003
Fra:1 Mem:3257.51M (Peak 3257.51M) | Time:00:01.19 | Mem:278.12M, Peak:278.12M | Scene, ViewLayer | Updating Images | Loading study-cutstone.png.004
Fra:1 Mem:3257.51M (Peak 3257.51M) | Time:00:01.19 | Mem:278.12M, Peak:278.12M | Scene, ViewLayer | Updating Images | Loading study-cutstone.png.005
Fra:1 Mem:3258.02M (Peak 3258.02M) | Time:00:01.19 | Mem:278.38M, Peak:278.38M | Scene, ViewLayer | Updating Images | Loading warm-screen.png.005
Fra:1 Mem:3258.01M (Peak 3258.02M) | Time:00:01.19 | Mem:278.62M, Peak:278.62M | Scene, ViewLayer | Updating Images | Loading study-cutstone.png.006
Fra:1 Mem:3258.26M (Peak 3258.26M) | Time:00:01.19 | Mem:278.88M, Peak:278.88M | Scene, ViewLayer | Updating Images | Loading study-darkwood.png
Fra:1 Mem:3259.54M (Peak 3259.54M) | Time:00:01.19 | Mem:279.12M, Peak:279.12M | Scene, ViewLayer | Updating Images | Loading study-darkwood.png.001
Fra:1 Mem:3259.54M (Peak 3259.54M) | Time:00:01.19 | Mem:279.38M, Peak:279.38M | Scene, ViewLayer | Updating Images | Loading study-darkwood.png.002
Fra:1 Mem:3259.53M (Peak 3259.54M) | Time:00:01.19 | Mem:279.62M, Peak:279.62M | Scene, ViewLayer | Updating Images | Loading study-darkwood.png.003
Fra:1 Mem:3259.01M (Peak 3259.54M) | Time:00:01.19 | Mem:279.88M, Peak:279.88M | Scene, ViewLayer | Updating Images | Loading study-darkwood.png.004
Fra:1 Mem:3259.01M (Peak 3259.54M) | Time:00:01.19 | Mem:280.12M, Peak:280.12M | Scene, ViewLayer | Updating Images | Loading study-darkwood.png.005
Fra:1 Mem:3259.01M (Peak 3259.54M) | Time:00:01.19 | Mem:280.38M, Peak:280.38M | Scene, ViewLayer | Updating Images | Loading study-darkwood.png.006
Fra:1 Mem:3259.25M (Peak 3259.54M) | Time:00:01.19 | Mem:280.62M, Peak:280.62M | Scene, ViewLayer | Updating Images | Loading study-wood.png
Fra:1 Mem:3260.26M (Peak 3260.26M) | Time:00:01.19 | Mem:280.88M, Peak:280.88M | Scene, ViewLayer | Updating Images | Loading warm-screen.png.004
Fra:1 Mem:3260.51M (Peak 3260.51M) | Time:00:01.19 | Mem:281.12M, Peak:281.12M | Scene, ViewLayer | Updating Images | Loading study-wood.png.001
Fra:1 Mem:3260.51M (Peak 3260.51M) | Time:00:01.19 | Mem:281.38M, Peak:281.38M | Scene, ViewLayer | Updating Images | Loading study-wood.png.002
Fra:1 Mem:3261.01M (Peak 3261.01M) | Time:00:01.19 | Mem:281.62M, Peak:281.62M | Scene, ViewLayer | Updating Images | Loading study-wood.png.003
Fra:1 Mem:3262.03M (Peak 3262.03M) | Time:00:01.20 | Mem:281.88M, Peak:281.88M | Scene, ViewLayer | Updating Images | Loading study-wood.png.004
Fra:1 Mem:3261.77M (Peak 3262.03M) | Time:00:01.20 | Mem:282.12M, Peak:282.12M | Scene, ViewLayer | Updating Images | Loading study-wood.png.005
Fra:1 Mem:3261.51M (Peak 3262.03M) | Time:00:01.20 | Mem:282.38M, Peak:282.38M | Scene, ViewLayer | Updating Images | Loading study-wood.png.006
Fra:1 Mem:3261.25M (Peak 3262.03M) | Time:00:01.20 | Mem:282.62M, Peak:282.62M | Scene, ViewLayer | Updating Images | Loading study-latticewood.png
Fra:1 Mem:3262.26M (Peak 3262.26M) | Time:00:01.20 | Mem:282.88M, Peak:282.88M | Scene, ViewLayer | Updating Images | Loading warm-screen.png.003
Fra:1 Mem:3262.77M (Peak 3262.77M) | Time:00:01.20 | Mem:283.12M, Peak:283.12M | Scene, ViewLayer | Updating Images | Loading study-latticewood.png.001
Fra:1 Mem:3263.02M (Peak 3263.02M) | Time:00:01.20 | Mem:283.38M, Peak:283.38M | Scene, ViewLayer | Updating Images | Loading study-latticewood.png.002
Fra:1 Mem:3262.76M (Peak 3263.02M) | Time:00:01.20 | Mem:283.62M, Peak:283.62M | Scene, ViewLayer | Updating Images | Loading study-latticewood.png.003
Fra:1 Mem:3263.26M (Peak 3263.26M) | Time:00:01.20 | Mem:284.12M, Peak:284.12M | Scene, ViewLayer | Updating Images | Loading study-latticewood.png.004
Fra:1 Mem:3263.51M (Peak 3263.51M) | Time:00:01.20 | Mem:284.38M, Peak:284.38M | Scene, ViewLayer | Updating Images | Loading study-latticewood.png.005
Fra:1 Mem:3263.76M (Peak 3263.76M) | Time:00:01.20 | Mem:284.38M, Peak:284.38M | Scene, ViewLayer | Updating Images | Loading study-latticewood.png.006
Fra:1 Mem:3264.01M (Peak 3264.01M) | Time:00:01.20 | Mem:284.62M, Peak:284.62M | Scene, ViewLayer | Updating Images | Loading study-screen.png
Fra:1 Mem:3264.26M (Peak 3264.26M) | Time:00:01.20 | Mem:284.88M, Peak:284.88M | Scene, ViewLayer | Updating Images | Loading warm-screen.png.002
Fra:1 Mem:3264.51M (Peak 3264.51M) | Time:00:01.20 | Mem:285.12M, Peak:285.12M | Scene, ViewLayer | Updating Images | Loading study-screen.png.001
Fra:1 Mem:3265.27M (Peak 3265.27M) | Time:00:01.20 | Mem:285.38M, Peak:285.38M | Scene, ViewLayer | Updating Images | Loading study-screen.png.002
Fra:1 Mem:3265.27M (Peak 3265.27M) | Time:00:01.20 | Mem:285.62M, Peak:285.62M | Scene, ViewLayer | Updating Images | Loading study-screen.png.003
Fra:1 Mem:3265.27M (Peak 3265.27M) | Time:00:01.20 | Mem:285.88M, Peak:285.88M | Scene, ViewLayer | Updating Images | Loading study-screen.png.004
Fra:1 Mem:3265.77M (Peak 3265.77M) | Time:00:01.20 | Mem:286.12M, Peak:286.12M | Scene, ViewLayer | Updating Images | Loading study-screen.png.005
Fra:1 Mem:3265.77M (Peak 3265.77M) | Time:00:01.20 | Mem:286.38M, Peak:286.38M | Scene, ViewLayer | Updating Images | Loading warm-screen.png.001
Fra:1 Mem:3266.27M (Peak 3266.27M) | Time:00:01.20 | Mem:286.62M, Peak:286.62M | Scene, ViewLayer | Updating Images | Loading study-screen.png.006
Fra:1 Mem:3266.01M (Peak 3266.27M) | Time:00:01.20 | Mem:286.88M, Peak:286.88M | Scene, ViewLayer | Updating Images | Loading study-tilelight.png
Fra:1 Mem:3266.51M (Peak 3266.51M) | Time:00:01.20 | Mem:287.12M, Peak:287.12M | Scene, ViewLayer | Updating Images | Loading study-tilelight.png.001
Fra:1 Mem:3266.76M (Peak 3266.76M) | Time:00:01.20 | Mem:287.38M, Peak:287.38M | Scene, ViewLayer | Updating Images | Loading study-tilelight.png.002
Fra:1 Mem:3267.01M (Peak 3267.01M) | Time:00:01.20 | Mem:287.88M, Peak:287.88M | Scene, ViewLayer | Updating Images | Loading warm-screen.png
Fra:1 Mem:3267.26M (Peak 3267.26M) | Time:00:01.20 | Mem:287.88M, Peak:287.88M | Scene, ViewLayer | Updating Images | Loading study-tilelight.png.003
Fra:1 Mem:3268.02M (Peak 3268.02M) | Time:00:01.20 | Mem:288.12M, Peak:288.12M | Scene, ViewLayer | Updating Images | Loading study-tilelight.png.004
Fra:1 Mem:3268.02M (Peak 3268.02M) | Time:00:01.20 | Mem:288.38M, Peak:288.38M | Scene, ViewLayer | Updating Images | Loading study-tilelight.png.005
Fra:1 Mem:3268.52M (Peak 3268.52M) | Time:00:01.20 | Mem:288.62M, Peak:288.62M | Scene, ViewLayer | Updating Images | Loading study-tilelight.png.006
Fra:1 Mem:3268.77M (Peak 3268.77M) | Time:00:01.20 | Mem:288.88M, Peak:288.88M | Scene, ViewLayer | Updating Images | Loading study-tiledark.png
Fra:1 Mem:3268.77M (Peak 3268.77M) | Time:00:01.20 | Mem:289.12M, Peak:289.12M | Scene, ViewLayer | Updating Images | Loading study-tiledark.png.001
Fra:1 Mem:3268.76M (Peak 3268.77M) | Time:00:01.20 | Mem:289.38M, Peak:289.38M | Scene, ViewLayer | Updating Images | Loading study-tiledark.png.002
Fra:1 Mem:3269.27M (Peak 3269.27M) | Time:00:01.20 | Mem:289.62M, Peak:289.62M | Scene, ViewLayer | Updating Images | Loading warm-latticewood.png.005
Fra:1 Mem:3269.26M (Peak 3269.27M) | Time:00:01.20 | Mem:289.88M, Peak:289.88M | Scene, ViewLayer | Updating Images | Loading study-tiledark.png.003
Fra:1 Mem:3269.51M (Peak 3269.51M) | Time:00:01.20 | Mem:290.12M, Peak:290.12M | Scene, ViewLayer | Updating Images | Loading study-tiledark.png.004
Fra:1 Mem:3269.76M (Peak 3269.76M) | Time:00:01.20 | Mem:290.38M, Peak:290.38M | Scene, ViewLayer | Updating Images | Loading study-tiledark.png.005
Fra:1 Mem:3270.53M (Peak 3270.53M) | Time:00:01.20 | Mem:290.62M, Peak:290.62M | Scene, ViewLayer | Updating Images | Loading warm-latticewood.png.004
Fra:1 Mem:3271.03M (Peak 3271.03M) | Time:00:01.20 | Mem:291.12M, Peak:291.12M | Scene, ViewLayer | Updating Images | Loading study-tiledark.png.006
Fra:1 Mem:3270.77M (Peak 3271.03M) | Time:00:01.20 | Mem:291.38M, Peak:291.38M | Scene, ViewLayer | Updating Images | Loading study-courtbase.png
Fra:1 Mem:3270.76M (Peak 3271.03M) | Time:00:01.20 | Mem:291.62M, Peak:291.62M | Scene, ViewLayer | Updating Images | Loading study-courtbase.png.001
Fra:1 Mem:3270.76M (Peak 3271.03M) | Time:00:01.20 | Mem:291.62M, Peak:291.62M | Scene, ViewLayer | Updating Images | Loading study-courtbase.png.002
Fra:1 Mem:3271.26M (Peak 3271.26M) | Time:00:01.20 | Mem:291.88M, Peak:291.88M | Scene, ViewLayer | Updating Images | Loading study-courtbase.png.003
Fra:1 Mem:3271.51M (Peak 3271.51M) | Time:00:01.20 | Mem:292.12M, Peak:292.12M | Scene, ViewLayer | Updating Images | Loading study-courtbase.png.004
Fra:1 Mem:3271.76M (Peak 3271.76M) | Time:00:01.20 | Mem:292.38M, Peak:292.38M | Scene, ViewLayer | Updating Images | Loading study-courtbase.png.005
Fra:1 Mem:3272.01M (Peak 3272.01M) | Time:00:01.20 | Mem:292.62M, Peak:292.62M | Scene, ViewLayer | Updating Images | Loading warm-latticewood.png.003
Fra:1 Mem:3272.26M (Peak 3272.26M) | Time:00:01.20 | Mem:292.88M, Peak:292.88M | Scene, ViewLayer | Updating Images | Loading study-courtbase.png.006
Fra:1 Mem:3273.80M (Peak 3273.80M) | Time:00:01.20 | Mem:293.12M, Peak:293.12M | Scene, ViewLayer | Updating Images | Loading study-paving.png
Fra:1 Mem:3273.79M (Peak 3273.80M) | Time:00:01.20 | Mem:293.38M, Peak:293.38M | Scene, ViewLayer | Updating Images | Loading study-paving.png.001
Fra:1 Mem:3273.53M (Peak 3273.80M) | Time:00:01.20 | Mem:293.62M, Peak:293.62M | Scene, ViewLayer | Updating Images | Loading study-paving.png.002
Fra:1 Mem:3273.52M (Peak 3273.80M) | Time:00:01.20 | Mem:293.88M, Peak:293.88M | Scene, ViewLayer | Updating Images | Loading study-paving.png.003
Fra:1 Mem:3273.00M (Peak 3273.80M) | Time:00:01.20 | Mem:294.12M, Peak:294.12M | Scene, ViewLayer | Updating Images | Loading study-paving.png.004
Fra:1 Mem:3273.00M (Peak 3273.80M) | Time:00:01.20 | Mem:294.38M, Peak:294.38M | Scene, ViewLayer | Updating Images | Loading study-paving.png.005
Fra:1 Mem:3274.27M (Peak 3274.27M) | Time:00:01.20 | Mem:294.62M, Peak:294.62M | Scene, ViewLayer | Updating Images | Loading warm-latticewood.png.002
Fra:1 Mem:3274.01M (Peak 3274.27M) | Time:00:01.20 | Mem:294.88M, Peak:294.88M | Scene, ViewLayer | Updating Images | Loading study-paving.png.006
Fra:1 Mem:3274.77M (Peak 3274.77M) | Time:00:01.20 | Mem:295.12M, Peak:295.12M | Scene, ViewLayer | Updating Images | Loading study-marble.png
Fra:1 Mem:3274.51M (Peak 3274.77M) | Time:00:01.20 | Mem:295.38M, Peak:295.38M | Scene, ViewLayer | Updating Images | Loading study-marble.png.001
Fra:1 Mem:3275.01M (Peak 3275.01M) | Time:00:01.20 | Mem:295.62M, Peak:295.62M | Scene, ViewLayer | Updating Images | Loading study-marble.png.002
Fra:1 Mem:3275.77M (Peak 3275.77M) | Time:00:01.20 | Mem:296.12M, Peak:296.12M | Scene, ViewLayer | Updating Images | Loading study-marble.png.003
Fra:1 Mem:3275.77M (Peak 3275.77M) | Time:00:01.20 | Mem:296.12M, Peak:296.12M | Scene, ViewLayer | Updating Images | Loading study-marble.png.004
Fra:1 Mem:3275.77M (Peak 3275.77M) | Time:00:01.20 | Mem:296.38M, Peak:296.38M | Scene, ViewLayer | Updating Images | Loading study-marble.png.005
Fra:1 Mem:3275.76M (Peak 3275.77M) | Time:00:01.20 | Mem:296.62M, Peak:296.62M | Scene, ViewLayer | Updating Images | Loading study-marble.png.006
Fra:1 Mem:3275.76M (Peak 3275.77M) | Time:00:01.20 | Mem:296.88M, Peak:296.88M | Scene, ViewLayer | Updating Images | Loading warm-latticewood.png.001
Fra:1 Mem:3276.77M (Peak 3276.77M) | Time:00:01.20 | Mem:297.12M, Peak:297.12M | Scene, ViewLayer | Updating Images | Loading study-paper.png
Fra:1 Mem:3277.02M (Peak 3277.02M) | Time:00:01.20 | Mem:297.38M, Peak:297.38M | Scene, ViewLayer | Updating Images | Loading study-paper.png.001
Fra:1 Mem:3276.50M (Peak 3277.02M) | Time:00:01.20 | Mem:297.62M, Peak:297.62M | Scene, ViewLayer | Updating Images | Loading study-paper.png.002
Fra:1 Mem:3277.52M (Peak 3277.52M) | Time:00:01.20 | Mem:297.88M, Peak:297.88M | Scene, ViewLayer | Updating Images | Loading study-paper.png.003
Fra:1 Mem:3277.77M (Peak 3277.77M) | Time:00:01.20 | Mem:298.12M, Peak:298.12M | Scene, ViewLayer | Updating Images | Loading study-paper.png.004
Fra:1 Mem:3277.51M (Peak 3277.77M) | Time:00:01.20 | Mem:298.38M, Peak:298.38M | Scene, ViewLayer | Updating Images | Loading study-paper.png.005
Fra:1 Mem:3278.01M (Peak 3278.01M) | Time:00:01.20 | Mem:298.62M, Peak:298.62M | Scene, ViewLayer | Updating Images | Loading warm-latticewood.png
Fra:1 Mem:3278.52M (Peak 3278.52M) | Time:00:01.20 | Mem:298.88M, Peak:298.88M | Scene, ViewLayer | Updating Images | Loading study-paper.png.006
Fra:1 Mem:3278.51M (Peak 3278.52M) | Time:00:01.20 | Mem:299.12M, Peak:299.12M | Scene, ViewLayer | Updating Images | Loading study-ivory.png
Fra:1 Mem:3278.76M (Peak 3278.76M) | Time:00:01.20 | Mem:299.38M, Peak:299.38M | Scene, ViewLayer | Updating Images | Loading study-ivory.png.001
Fra:1 Mem:3279.27M (Peak 3279.27M) | Time:00:01.21 | Mem:299.62M, Peak:299.62M | Scene, ViewLayer | Updating Images | Loading study-ivory.png.002
Fra:1 Mem:3279.52M (Peak 3279.52M) | Time:00:01.21 | Mem:299.88M, Peak:299.88M | Scene, ViewLayer | Updating Images | Loading study-ivory.png.003
Fra:1 Mem:3279.26M (Peak 3279.52M) | Time:00:01.21 | Mem:300.12M, Peak:300.12M | Scene, ViewLayer | Updating Images | Loading warm-wood.png.005
Fra:1 Mem:3280.02M (Peak 3280.02M) | Time:00:01.21 | Mem:300.38M, Peak:300.38M | Scene, ViewLayer | Updating Images | Loading study-ivory.png.004
Fra:1 Mem:3279.76M (Peak 3280.02M) | Time:00:01.21 | Mem:300.62M, Peak:300.62M | Scene, ViewLayer | Updating Images | Loading study-ivory.png.005
Fra:1 Mem:3280.52M (Peak 3280.52M) | Time:00:01.21 | Mem:300.88M, Peak:300.88M | Scene, ViewLayer | Updating Images | Loading study-ivory.png.006
Fra:1 Mem:3280.51M (Peak 3280.52M) | Time:00:01.21 | Mem:301.12M, Peak:301.12M | Scene, ViewLayer | Updating Images | Loading study-gold.png
Fra:1 Mem:3281.02M (Peak 3281.02M) | Time:00:01.21 | Mem:301.38M, Peak:301.38M | Scene, ViewLayer | Updating Images | Loading study-gold.png.001
Fra:1 Mem:3281.27M (Peak 3281.27M) | Time:00:01.21 | Mem:301.62M, Peak:301.62M | Scene, ViewLayer | Updating Images | Loading warm-wood.png.004
Fra:1 Mem:3281.52M (Peak 3281.52M) | Time:00:01.21 | Mem:301.88M, Peak:301.88M | Scene, ViewLayer | Updating Images | Loading study-gold.png.002
Fra:1 Mem:3282.03M (Peak 3282.03M) | Time:00:01.21 | Mem:302.12M, Peak:302.12M | Scene, ViewLayer | Updating Images | Loading study-gold.png.003
Fra:1 Mem:3281.77M (Peak 3282.03M) | Time:00:01.21 | Mem:302.38M, Peak:302.38M | Scene, ViewLayer | Updating Images | Loading study-gold.png.004
Fra:1 Mem:3282.27M (Peak 3282.27M) | Time:00:01.21 | Mem:302.62M, Peak:302.62M | Scene, ViewLayer | Updating Images | Loading study-gold.png.005
Fra:1 Mem:3282.52M (Peak 3282.52M) | Time:00:01.21 | Mem:303.12M, Peak:303.12M | Scene, ViewLayer | Updating Images | Loading study-gold.png.006
Fra:1 Mem:3282.52M (Peak 3282.52M) | Time:00:01.21 | Mem:303.12M, Peak:303.12M | Scene, ViewLayer | Updating Images | Loading study-silk.png
Fra:1 Mem:3282.76M (Peak 3282.76M) | Time:00:01.21 | Mem:303.38M, Peak:303.38M | Scene, ViewLayer | Updating Images | Loading warm-wood.png.003
Fra:1 Mem:3283.27M (Peak 3283.27M) | Time:00:01.21 | Mem:303.62M, Peak:303.62M | Scene, ViewLayer | Updating Images | Loading study-silk.png.001
Fra:1 Mem:3283.26M (Peak 3283.27M) | Time:00:01.21 | Mem:303.88M, Peak:303.88M | Scene, ViewLayer | Updating Images | Loading study-silk.png.002
Fra:1 Mem:3283.51M (Peak 3283.51M) | Time:00:01.21 | Mem:304.12M, Peak:304.12M | Scene, ViewLayer | Updating Images | Loading study-silk.png.003
Fra:1 Mem:3283.76M (Peak 3283.76M) | Time:00:01.21 | Mem:304.38M, Peak:304.38M | Scene, ViewLayer | Updating Images | Loading warm-wood.png.002
Fra:1 Mem:3284.27M (Peak 3284.27M) | Time:00:01.21 | Mem:304.62M, Peak:304.62M | Scene, ViewLayer | Updating Images | Loading study-silk.png.004
Fra:1 Mem:3284.52M (Peak 3284.52M) | Time:00:01.21 | Mem:304.88M, Peak:304.88M | Scene, ViewLayer | Updating Images | Loading study-silk.png.005
Fra:1 Mem:3285.03M (Peak 3285.03M) | Time:00:01.21 | Mem:305.12M, Peak:305.12M | Scene, ViewLayer | Updating Images | Loading study-silk.png.006
Fra:1 Mem:3284.77M (Peak 3285.03M) | Time:00:01.21 | Mem:305.38M, Peak:305.38M | Scene, ViewLayer | Updating Images | Loading study-bamboo.png
Fra:1 Mem:3285.27M (Peak 3285.27M) | Time:00:01.21 | Mem:305.62M, Peak:305.62M | Scene, ViewLayer | Updating Images | Loading study-bamboo.png.001
Fra:1 Mem:3285.26M (Peak 3285.27M) | Time:00:01.21 | Mem:305.88M, Peak:305.88M | Scene, ViewLayer | Updating Images | Loading study-bamboo.png.002
Fra:1 Mem:3285.51M (Peak 3285.51M) | Time:00:01.21 | Mem:306.12M, Peak:306.12M | Scene, ViewLayer | Updating Images | Loading warm-wood.png.001
Fra:1 Mem:3286.02M (Peak 3286.02M) | Time:00:01.21 | Mem:306.38M, Peak:306.38M | Scene, ViewLayer | Updating Images | Loading study-bamboo.png.003
Fra:1 Mem:3286.01M (Peak 3286.02M) | Time:00:01.21 | Mem:306.62M, Peak:306.62M | Scene, ViewLayer | Updating Images | Loading study-bamboo.png.004
Fra:1 Mem:3286.26M (Peak 3286.26M) | Time:00:01.21 | Mem:306.88M, Peak:306.88M | Scene, ViewLayer | Updating Images | Loading study-bamboo.png.005
Fra:1 Mem:3286.77M (Peak 3286.77M) | Time:00:01.21 | Mem:307.12M, Peak:307.12M | Scene, ViewLayer | Updating Images | Loading study-bamboo.png.006
Fra:1 Mem:3287.02M (Peak 3287.02M) | Time:00:01.21 | Mem:307.38M, Peak:307.38M | Scene, ViewLayer | Updating Images | Loading warm-wood.png
Fra:1 Mem:3287.27M (Peak 3287.27M) | Time:00:01.21 | Mem:307.62M, Peak:307.62M | Scene, ViewLayer | Updating Images | Loading study-leafdark.png
Fra:1 Mem:3287.78M (Peak 3287.78M) | Time:00:01.21 | Mem:307.88M, Peak:307.88M | Scene, ViewLayer | Updating Images | Loading study-leafdark.png.001
Fra:1 Mem:3287.52M (Peak 3287.78M) | Time:00:01.21 | Mem:308.12M, Peak:308.12M | Scene, ViewLayer | Updating Images | Loading study-leafdark.png.002
Fra:1 Mem:3287.76M (Peak 3287.78M) | Time:00:01.21 | Mem:308.38M, Peak:308.38M | Scene, ViewLayer | Updating Images | Loading study-leafdark.png.003
Fra:1 Mem:3288.01M (Peak 3288.01M) | Time:00:01.21 | Mem:308.62M, Peak:308.62M | Scene, ViewLayer | Updating Images | Loading study-leafdark.png.004
Fra:1 Mem:3288.52M (Peak 3288.52M) | Time:00:01.21 | Mem:308.88M, Peak:308.88M | Scene, ViewLayer | Updating Images | Loading warm-darkwood.png.005
Fra:1 Mem:3288.51M (Peak 3288.52M) | Time:00:01.21 | Mem:309.12M, Peak:309.12M | Scene, ViewLayer | Updating Images | Loading study-leafdark.png.005
Fra:1 Mem:3288.76M (Peak 3288.76M) | Time:00:01.21 | Mem:309.62M, Peak:309.62M | Scene, ViewLayer | Updating Images | Loading study-leafdark.png.006
Fra:1 Mem:3288.76M (Peak 3288.76M) | Time:00:01.21 | Mem:309.62M, Peak:309.62M | Scene, ViewLayer | Updating Images | Loading study-moss.png
Fra:1 Mem:3289.52M (Peak 3289.52M) | Time:00:01.21 | Mem:309.88M, Peak:309.88M | Scene, ViewLayer | Updating Images | Loading study-moss.png.001
Fra:1 Mem:3289.77M (Peak 3289.77M) | Time:00:01.21 | Mem:310.12M, Peak:310.12M | Scene, ViewLayer | Updating Images | Loading study-moss.png.002
Fra:1 Mem:3289.77M (Peak 3289.77M) | Time:00:01.21 | Mem:310.38M, Peak:310.38M | Scene, ViewLayer | Updating Images | Loading study-moss.png.003
Fra:1 Mem:3290.01M (Peak 3290.01M) | Time:00:01.21 | Mem:310.62M, Peak:310.62M | Scene, ViewLayer | Updating Images | Loading study-moss.png.004
Fra:1 Mem:3290.52M (Peak 3290.52M) | Time:00:01.21 | Mem:310.88M, Peak:310.88M | Scene, ViewLayer | Updating Images | Loading study-moss.png.005
Fra:1 Mem:3290.26M (Peak 3290.52M) | Time:00:01.21 | Mem:311.12M, Peak:311.12M | Scene, ViewLayer | Updating Images | Loading study-moss.png.006
Fra:1 Mem:3290.76M (Peak 3290.76M) | Time:00:01.21 | Mem:311.38M, Peak:311.38M | Scene, ViewLayer | Updating Images | Loading warm-darkwood.png.004
Fra:1 Mem:3291.79M (Peak 3291.79M) | Time:00:01.21 | Mem:311.62M, Peak:311.62M | Scene, ViewLayer | Updating Images | Loading study-bark.png
Fra:1 Mem:3291.53M (Peak 3291.79M) | Time:00:01.21 | Mem:311.88M, Peak:311.88M | Scene, ViewLayer | Updating Images | Loading study-bark.png.001
Fra:1 Mem:3291.52M (Peak 3291.79M) | Time:00:01.21 | Mem:312.12M, Peak:312.12M | Scene, ViewLayer | Updating Images | Loading study-bark.png.002
Fra:1 Mem:3291.77M (Peak 3291.79M) | Time:00:01.21 | Mem:312.38M, Peak:312.38M | Scene, ViewLayer | Updating Images | Loading study-bark.png.003
Fra:1 Mem:3292.02M (Peak 3292.02M) | Time:00:01.21 | Mem:312.62M, Peak:312.62M | Scene, ViewLayer | Updating Images | Loading study-bark.png.004
Fra:1 Mem:3292.01M (Peak 3292.02M) | Time:00:01.21 | Mem:312.88M, Peak:312.88M | Scene, ViewLayer | Updating Images | Loading study-bark.png.005
Fra:1 Mem:3292.77M (Peak 3292.77M) | Time:00:01.21 | Mem:313.12M, Peak:313.12M | Scene, ViewLayer | Updating Images | Loading warm-darkwood.png.003
Fra:1 Mem:3292.51M (Peak 3292.77M) | Time:00:01.21 | Mem:313.38M, Peak:313.38M | Scene, ViewLayer | Updating Images | Loading study-bark.png.006
Fra:1 Mem:3293.27M (Peak 3293.27M) | Time:00:01.21 | Mem:313.62M, Peak:313.62M | Scene, ViewLayer | Updating Images | Loading study-leaf.png
Fra:1 Mem:3293.01M (Peak 3293.27M) | Time:00:01.21 | Mem:313.88M, Peak:313.88M | Scene, ViewLayer | Updating Images | Loading study-leaf.png.001
Fra:1 Mem:3293.52M (Peak 3293.52M) | Time:00:01.21 | Mem:314.12M, Peak:314.12M | Scene, ViewLayer | Updating Images | Loading study-leaf.png.002
Fra:1 Mem:3294.02M (Peak 3294.02M) | Time:00:01.21 | Mem:314.38M, Peak:314.38M | Scene, ViewLayer | Updating Images | Loading study-leaf.png.003
Fra:1 Mem:3294.27M (Peak 3294.27M) | Time:00:01.21 | Mem:314.62M, Peak:314.62M | Scene, ViewLayer | Updating Images | Loading study-leaf.png.004
Fra:1 Mem:3295.04M (Peak 3295.04M) | Time:00:01.21 | Mem:314.88M, Peak:314.88M | Scene, ViewLayer | Updating Images | Loading study-leaf.png.005
Fra:1 Mem:3295.29M (Peak 3295.29M) | Time:00:01.21 | Mem:315.12M, Peak:315.12M | Scene, ViewLayer | Updating Images | Loading study-leaf.png.006
Fra:1 Mem:3295.03M (Peak 3295.29M) | Time:00:01.21 | Mem:315.38M, Peak:315.38M | Scene, ViewLayer | Updating Images | Loading study-botanical_stem.png
Fra:1 Mem:3295.27M (Peak 3295.29M) | Time:00:01.21 | Mem:315.62M, Peak:315.62M | Scene, ViewLayer | Updating Images | Loading warm-darkwood.png.002
Fra:1 Mem:3295.26M (Peak 3295.29M) | Time:00:01.21 | Mem:315.88M, Peak:315.88M | Scene, ViewLayer | Updating Images | Loading study-botanical_stem.png.001
Fra:1 Mem:3295.51M (Peak 3295.51M) | Time:00:01.21 | Mem:316.12M, Peak:316.12M | Scene, ViewLayer | Updating Images | Loading study-botanical_stem.png.002
Fra:1 Mem:3296.28M (Peak 3296.28M) | Time:00:01.21 | Mem:316.38M, Peak:316.38M | Scene, ViewLayer | Updating Images | Loading study-botanical_stem.png.003
Fra:1 Mem:3296.79M (Peak 3296.79M) | Time:00:01.21 | Mem:316.62M, Peak:316.62M | Scene, ViewLayer | Updating Images | Loading study-botanical_stem.png.004
Fra:1 Mem:3296.52M (Peak 3296.79M) | Time:00:01.21 | Mem:316.88M, Peak:316.88M | Scene, ViewLayer | Updating Images | Loading warm-darkwood.png.001
Fra:1 Mem:3296.77M (Peak 3296.79M) | Time:00:01.21 | Mem:317.12M, Peak:317.12M | Scene, ViewLayer | Updating Images | Loading study-botanical_stem.png.005
Fra:1 Mem:3296.51M (Peak 3296.79M) | Time:00:01.21 | Mem:317.38M, Peak:317.38M | Scene, ViewLayer | Updating Images | Loading study-botanical_stem.png.006
Fra:1 Mem:3297.01M (Peak 3297.01M) | Time:00:01.21 | Mem:317.62M, Peak:317.62M | Scene, ViewLayer | Updating Images | Loading study-botanical_bamboo.png
Fra:1 Mem:3297.52M (Peak 3297.52M) | Time:00:01.21 | Mem:318.12M, Peak:318.12M | Scene, ViewLayer | Updating Images | Loading warm-darkwood.png
Fra:1 Mem:3297.52M (Peak 3297.52M) | Time:00:01.21 | Mem:318.12M, Peak:318.12M | Scene, ViewLayer | Updating Images | Loading study-botanical_bamboo.png.001
Fra:1 Mem:3297.76M (Peak 3297.76M) | Time:00:01.21 | Mem:318.38M, Peak:318.38M | Scene, ViewLayer | Updating Images | Loading study-botanical_bamboo.png.002
Fra:1 Mem:3298.01M (Peak 3298.01M) | Time:00:01.21 | Mem:318.62M, Peak:318.62M | Scene, ViewLayer | Updating Images | Loading study-botanical_bamboo.png.003
Fra:1 Mem:3298.26M (Peak 3298.26M) | Time:00:01.21 | Mem:318.88M, Peak:318.88M | Scene, ViewLayer | Updating Images | Loading study-botanical_bamboo.png.004
Fra:1 Mem:3298.77M (Peak 3298.77M) | Time:00:01.22 | Mem:319.12M, Peak:319.12M | Scene, ViewLayer | Updating Images | Loading study-botanical_bamboo.png.005
Fra:1 Mem:3298.51M (Peak 3298.77M) | Time:00:01.22 | Mem:319.38M, Peak:319.38M | Scene, ViewLayer | Updating Images | Loading study-botanical_bamboo.png.006
Fra:1 Mem:3299.27M (Peak 3299.27M) | Time:00:01.22 | Mem:319.62M, Peak:319.62M | Scene, ViewLayer | Updating Images | Loading warm-cutstone.png.005
Fra:1 Mem:3299.27M (Peak 3299.27M) | Time:00:01.22 | Mem:319.88M, Peak:319.88M | Scene, ViewLayer | Updating Images | Loading study-botanical_litter.png
Fra:1 Mem:3300.03M (Peak 3300.03M) | Time:00:01.22 | Mem:320.12M, Peak:320.12M | Scene, ViewLayer | Updating Images | Loading study-botanical_litter.png.001
Fra:1 Mem:3300.02M (Peak 3300.03M) | Time:00:01.22 | Mem:320.38M, Peak:320.38M | Scene, ViewLayer | Updating Images | Loading study-botanical_litter.png.002
Fra:1 Mem:3300.01M (Peak 3300.03M) | Time:00:01.22 | Mem:320.62M, Peak:320.62M | Scene, ViewLayer | Updating Images | Loading study-botanical_litter.png.003
Fra:1 Mem:3300.27M (Peak 3300.27M) | Time:00:01.22 | Mem:320.88M, Peak:320.88M | Scene, ViewLayer | Updating Images | Loading study-botanical_litter.png.004
Fra:1 Mem:3300.26M (Peak 3300.27M) | Time:00:01.22 | Mem:321.12M, Peak:321.12M | Scene, ViewLayer | Updating Images | Loading study-botanical_litter.png.005
Fra:1 Mem:3300.76M (Peak 3300.76M) | Time:00:01.22 | Mem:321.38M, Peak:321.38M | Scene, ViewLayer | Updating Images | Loading study-botanical_litter.png.006
Fra:1 Mem:3301.01M (Peak 3301.01M) | Time:00:01.22 | Mem:321.62M, Peak:321.62M | Scene, ViewLayer | Updating Images | Loading warm-cutstone.png.004
Fra:1 Mem:3301.52M (Peak 3301.52M) | Time:00:01.22 | Mem:321.88M, Peak:321.88M | Scene, ViewLayer | Updating Images | Loading rustic-stone.png
Fra:1 Mem:3301.26M (Peak 3301.52M) | Time:00:01.22 | Mem:322.12M, Peak:322.12M | Scene, ViewLayer | Updating Images | Loading rustic-stone.png.001
Fra:1 Mem:3302.28M (Peak 3302.28M) | Time:00:01.22 | Mem:322.38M, Peak:322.38M | Scene, ViewLayer | Updating Images | Loading rustic-stone.png.002
Fra:1 Mem:3302.27M (Peak 3302.28M) | Time:00:01.22 | Mem:322.62M, Peak:322.62M | Scene, ViewLayer | Updating Images | Loading rustic-stone.png.003
Fra:1 Mem:3302.52M (Peak 3302.52M) | Time:00:01.22 | Mem:322.88M, Peak:322.88M | Scene, ViewLayer | Updating Images | Loading rustic-stone.png.004
Fra:1 Mem:3302.51M (Peak 3302.52M) | Time:00:01.22 | Mem:323.12M, Peak:323.12M | Scene, ViewLayer | Updating Images | Loading rustic-stone.png.005
Fra:1 Mem:3303.02M (Peak 3303.02M) | Time:00:01.22 | Mem:323.38M, Peak:323.38M | Scene, ViewLayer | Updating Images | Loading rustic-stone.png.006
Fra:1 Mem:3303.01M (Peak 3303.02M) | Time:00:01.22 | Mem:323.88M, Peak:323.88M | Scene, ViewLayer | Updating Images | Loading rustic-paving.png
Fra:1 Mem:3303.01M (Peak 3303.02M) | Time:00:01.22 | Mem:323.88M, Peak:323.88M | Scene, ViewLayer | Updating Images | Loading warm-cutstone.png.003
Fra:1 Mem:3303.51M (Peak 3303.51M) | Time:00:01.22 | Mem:324.12M, Peak:324.12M | Scene, ViewLayer | Updating Images | Loading rustic-paving.png.001
Fra:1 Mem:3304.02M (Peak 3304.02M) | Time:00:01.22 | Mem:324.38M, Peak:324.38M | Scene, ViewLayer | Updating Images | Loading rustic-paving.png.002
Fra:1 Mem:3304.02M (Peak 3304.02M) | Time:00:01.22 | Mem:324.62M, Peak:324.62M | Scene, ViewLayer | Updating Images | Loading rustic-paving.png.003
Fra:1 Mem:3304.26M (Peak 3304.26M) | Time:00:01.22 | Mem:324.88M, Peak:324.88M | Scene, ViewLayer | Updating Images | Loading rustic-paving.png.004
Fra:1 Mem:3304.77M (Peak 3304.77M) | Time:00:01.22 | Mem:325.12M, Peak:325.12M | Scene, ViewLayer | Updating Images | Loading rustic-paving.png.005
Fra:1 Mem:3305.02M (Peak 3305.02M) | Time:00:01.22 | Mem:325.38M, Peak:325.38M | Scene, ViewLayer | Updating Images | Loading rustic-paving.png.006
Fra:1 Mem:3305.01M (Peak 3305.02M) | Time:00:01.22 | Mem:325.62M, Peak:325.62M | Scene, ViewLayer | Updating Images | Loading r15_rusticwood_diff
Fra:1 Mem:3306.01M (Peak 3306.01M) | Time:00:01.22 | Mem:325.88M, Peak:325.88M | Scene, ViewLayer | Updating Images | Loading r15_rusticwood_nor_gl
Fra:1 Mem:3307.01M (Peak 3307.01M) | Time:00:01.22 | Mem:326.12M, Peak:326.12M | Scene, ViewLayer | Updating Images | Loading warm-cutstone.png.002
Fra:1 Mem:3307.26M (Peak 3307.26M) | Time:00:01.22 | Mem:326.38M, Peak:326.38M | Scene, ViewLayer | Updating Images | Loading r15_rusticwood_rough
Fra:1 Mem:3308.78M (Peak 3308.78M) | Time:00:01.22 | Mem:326.62M, Peak:326.62M | Scene, ViewLayer | Updating Images | Loading rustic-rusticwood.png
Fra:1 Mem:3308.77M (Peak 3308.78M) | Time:00:01.22 | Mem:327.12M, Peak:327.12M | Scene, ViewLayer | Updating Images | Loading rustic-rusticwood.png.001
Fra:1 Mem:3308.77M (Peak 3308.78M) | Time:00:01.22 | Mem:327.12M, Peak:327.12M | Scene, ViewLayer | Updating Images | Loading rustic-rusticwood.png.002
Fra:1 Mem:3309.01M (Peak 3309.01M) | Time:00:01.22 | Mem:327.38M, Peak:327.38M | Scene, ViewLayer | Updating Images | Loading rustic-rusticwood.png.003
Fra:1 Mem:3309.26M (Peak 3309.26M) | Time:00:01.22 | Mem:327.62M, Peak:327.62M | Scene, ViewLayer | Updating Images | Loading warm-cutstone.png.001
Fra:1 Mem:3309.51M (Peak 3309.51M) | Time:00:01.22 | Mem:327.88M, Peak:327.88M | Scene, ViewLayer | Updating Images | Loading rustic-rusticwood.png.004
Fra:1 Mem:3310.28M (Peak 3310.28M) | Time:00:01.22 | Mem:328.38M, Peak:328.38M | Scene, ViewLayer | Updating Images | Loading rustic-rusticwood.png.005
Fra:1 Mem:3310.01M (Peak 3310.28M) | Time:00:01.22 | Mem:328.88M, Peak:328.88M | Scene, ViewLayer | Updating Images | Loading rustic-screen.png
Fra:1 Mem:3310.51M (Peak 3310.51M) | Time:00:01.22 | Mem:329.12M, Peak:329.12M | Scene, ViewLayer | Updating Images | Loading rustic-screen.png.001
Fra:1 Mem:3311.01M (Peak 3312.02M) | Time:00:01.22 | Mem:330.12M, Peak:330.12M | Scene, ViewLayer | Updating Images | Loading rustic-screen.png.002
Fra:1 Mem:3311.26M (Peak 3312.02M) | Time:00:01.22 | Mem:330.38M, Peak:330.38M | Scene, ViewLayer | Updating Images | Loading rustic-screen.png.003
Fra:1 Mem:3311.77M (Peak 3312.02M) | Time:00:01.22 | Mem:330.62M, Peak:330.62M | Scene, ViewLayer | Updating Images | Loading warm-stone.png.005
Fra:1 Mem:3312.02M (Peak 3312.02M) | Time:00:01.22 | Mem:330.88M, Peak:330.88M | Scene, ViewLayer | Updating Images | Loading rustic-screen.png.004
Fra:1 Mem:3312.27M (Peak 3312.27M) | Time:00:01.22 | Mem:331.12M, Peak:331.12M | Scene, ViewLayer | Updating Images | Loading rustic-screen.png.005
Fra:1 Mem:3313.27M (Peak 3313.53M) | Time:00:01.22 | Mem:331.38M, Peak:331.38M | Scene, ViewLayer | Updating Images | Loading rustic-screen.png.006
Fra:1 Mem:3312.51M (Peak 3313.53M) | Time:00:01.22 | Mem:332.38M, Peak:332.38M | Scene, ViewLayer | Updating Images | Loading rustic-thatch.png
Fra:1 Mem:3313.02M (Peak 3313.53M) | Time:00:01.22 | Mem:332.62M, Peak:332.62M | Scene, ViewLayer | Updating Images | Loading rustic-thatch.png.001
Fra:1 Mem:3313.01M (Peak 3313.53M) | Time:00:01.22 | Mem:332.88M, Peak:332.88M | Scene, ViewLayer | Updating Images | Loading rustic-thatch.png.002
Fra:1 Mem:3313.26M (Peak 3313.53M) | Time:00:01.22 | Mem:333.12M, Peak:333.12M | Scene, ViewLayer | Updating Images | Loading warm-stone.png.004
Fra:1 Mem:3313.77M (Peak 3313.77M) | Time:00:01.22 | Mem:333.38M, Peak:333.38M | Scene, ViewLayer | Updating Images | Loading rustic-thatch.png.003
Fra:1 Mem:3315.29M (Peak 3315.29M) | Time:00:01.22 | Mem:333.62M, Peak:333.62M | Scene, ViewLayer | Updating Images | Loading rustic-thatch.png.004
Fra:1 Mem:3314.53M (Peak 3315.29M) | Time:00:01.22 | Mem:333.88M, Peak:333.88M | Scene, ViewLayer | Updating Images | Loading rustic-thatch.png.005
Fra:1 Mem:3314.53M (Peak 3315.29M) | Time:00:01.22 | Mem:334.88M, Peak:334.88M | Scene, ViewLayer | Updating Images | Loading rustic-thatch.png.006
Fra:1 Mem:3314.53M (Peak 3315.29M) | Time:00:01.22 | Mem:335.12M, Peak:335.12M | Scene, ViewLayer | Updating Images | Loading rustic-lightleaf.png
Fra:1 Mem:3314.27M (Peak 3315.29M) | Time:00:01.22 | Mem:335.38M, Peak:335.38M | Scene, ViewLayer | Updating Images | Loading warm-stone.png.003
Fra:1 Mem:3314.01M (Peak 3315.29M) | Time:00:01.22 | Mem:335.62M, Peak:335.62M | Scene, ViewLayer | Updating Images | Loading rustic-lightleaf.png.001
Fra:1 Mem:3314.00M (Peak 3315.29M) | Time:00:01.22 | Mem:335.88M, Peak:335.88M | Scene, ViewLayer | Updating Images | Loading rustic-lightleaf.png.002
Fra:1 Mem:3315.51M (Peak 3315.51M) | Time:00:01.22 | Mem:336.12M, Peak:336.12M | Scene, ViewLayer | Updating Images | Loading rustic-lightleaf.png.003
Fra:1 Mem:3316.02M (Peak 3316.02M) | Time:00:01.22 | Mem:336.38M, Peak:336.38M | Scene, ViewLayer | Updating Images | Loading rustic-lightleaf.png.004
Fra:1 Mem:3316.27M (Peak 3316.27M) | Time:00:01.23 | Mem:336.62M, Peak:336.62M | Scene, ViewLayer | Updating Images | Loading rustic-lightleaf.png.005
Fra:1 Mem:3316.26M (Peak 3316.27M) | Time:00:01.23 | Mem:336.88M, Peak:336.88M | Scene, ViewLayer | Updating Images | Loading rustic-lightleaf.png.006
Fra:1 Mem:3316.26M (Peak 3316.27M) | Time:00:01.23 | Mem:337.12M, Peak:337.12M | Scene, ViewLayer | Updating Images | Loading rustic-bark.png
Fra:1 Mem:3316.77M (Peak 3316.77M) | Time:00:01.23 | Mem:337.38M, Peak:337.38M | Scene, ViewLayer | Updating Images | Loading rustic-bark.png.001
Fra:1 Mem:3317.53M (Peak 3317.53M) | Time:00:01.23 | Mem:337.88M, Peak:337.88M | Scene, ViewLayer | Updating Images | Loading rustic-bark.png.002
Fra:1 Mem:3317.52M (Peak 3317.53M) | Time:00:01.23 | Mem:338.12M, Peak:338.12M | Scene, ViewLayer | Updating Images | Loading rustic-bark.png.003
Fra:1 Mem:3317.26M (Peak 3317.53M) | Time:00:01.23 | Mem:338.12M, Peak:338.12M | Scene, ViewLayer | Updating Images | Loading rustic-bark.png.004
Fra:1 Mem:3317.51M (Peak 3317.53M) | Time:00:01.23 | Mem:338.38M, Peak:338.38M | Scene, ViewLayer | Updating Images | Loading warm-stone.png.002
Fra:1 Mem:3318.01M (Peak 3318.01M) | Time:00:01.23 | Mem:338.62M, Peak:338.62M | Scene, ViewLayer | Updating Images | Loading rustic-bark.png.005
Fra:1 Mem:3318.26M (Peak 3318.26M) | Time:00:01.23 | Mem:338.88M, Peak:338.88M | Scene, ViewLayer | Updating Images | Loading rustic-bark.png.006
Fra:1 Mem:3318.51M (Peak 3318.51M) | Time:00:01.23 | Mem:339.38M, Peak:339.38M | Scene, ViewLayer | Updating Images | Loading rustic-leafdark.png
Fra:1 Mem:3318.51M (Peak 3318.51M) | Time:00:01.23 | Mem:339.38M, Peak:339.38M | Scene, ViewLayer | Updating Images | Loading rustic-leafdark.png.001
Fra:1 Mem:3319.27M (Peak 3319.27M) | Time:00:01.23 | Mem:339.62M, Peak:339.62M | Scene, ViewLayer | Updating Images | Loading rustic-leafdark.png.002
Fra:1 Mem:3319.52M (Peak 3319.52M) | Time:00:01.23 | Mem:339.88M, Peak:339.88M | Scene, ViewLayer | Updating Images | Loading rustic-leafdark.png.003
Fra:1 Mem:3320.03M (Peak 3320.03M) | Time:00:01.23 | Mem:340.12M, Peak:340.12M | Scene, ViewLayer | Updating Images | Loading rustic-leafdark.png.004
Fra:1 Mem:3320.02M (Peak 3320.03M) | Time:00:01.23 | Mem:340.38M, Peak:340.38M | Scene, ViewLayer | Updating Images | Loading rustic-leafdark.png.005
Fra:1 Mem:3320.01M (Peak 3320.03M) | Time:00:01.23 | Mem:340.62M, Peak:340.62M | Scene, ViewLayer | Updating Images | Loading rustic-leafdark.png.006
Fra:1 Mem:3320.78M (Peak 3320.78M) | Time:00:01.23 | Mem:340.88M, Peak:340.88M | Scene, ViewLayer | Updating Images | Loading rustic-qing_clay.png
Fra:1 Mem:3320.52M (Peak 3320.78M) | Time:00:01.23 | Mem:341.12M, Peak:341.12M | Scene, ViewLayer | Updating Images | Loading rustic-qing_clay.png.001
Fra:1 Mem:3320.76M (Peak 3320.78M) | Time:00:01.23 | Mem:341.38M, Peak:341.38M | Scene, ViewLayer | Updating Images | Loading warm-stone.png.001
Fra:1 Mem:3321.01M (Peak 3321.01M) | Time:00:01.23 | Mem:341.62M, Peak:341.62M | Scene, ViewLayer | Updating Images | Loading rustic-qing_clay.png.002
Fra:1 Mem:3321.26M (Peak 3321.26M) | Time:00:01.23 | Mem:341.88M, Peak:341.88M | Scene, ViewLayer | Updating Images | Loading rustic-qing_clay.png.003
Fra:1 Mem:3321.77M (Peak 3321.77M) | Time:00:01.23 | Mem:342.12M, Peak:342.12M | Scene, ViewLayer | Updating Images | Loading rustic-qing_clay.png.004
Fra:1 Mem:3322.54M (Peak 3322.54M) | Time:00:01.23 | Mem:342.38M, Peak:342.38M | Scene, ViewLayer | Updating Images | Loading rustic-qing_clay.png.005
Fra:1 Mem:3322.28M (Peak 3322.54M) | Time:00:01.23 | Mem:342.62M, Peak:342.62M | Scene, ViewLayer | Updating Images | Loading rustic-qing_clay.png.006
Fra:1 Mem:3322.27M (Peak 3322.54M) | Time:00:01.23 | Mem:342.88M, Peak:342.88M | Scene, ViewLayer | Updating Images | Loading rustic-plaster.png
Fra:1 Mem:3322.51M (Peak 3322.54M) | Time:00:01.23 | Mem:343.12M, Peak:343.12M | Scene, ViewLayer | Updating Images | Loading rustic-plaster.png.001
Fra:1 Mem:3322.76M (Peak 3322.76M) | Time:00:01.23 | Mem:343.38M, Peak:343.38M | Scene, ViewLayer | Updating Images | Loading rustic-plaster.png.002
Fra:1 Mem:3323.01M (Peak 3323.01M) | Time:00:01.23 | Mem:343.62M, Peak:343.62M | Scene, ViewLayer | Updating Images | Loading rustic-plaster.png.003
Fra:1 Mem:3323.26M (Peak 3323.26M) | Time:00:01.23 | Mem:343.88M, Peak:343.88M | Scene, ViewLayer | Updating Images | Loading warm-stone.png
Fra:1 Mem:3323.51M (Peak 3323.51M) | Time:00:01.23 | Mem:344.12M, Peak:344.12M | Scene, ViewLayer | Updating Images | Loading rustic-plaster.png.004
Fra:1 Mem:3323.76M (Peak 3323.76M) | Time:00:01.23 | Mem:344.38M, Peak:344.38M | Scene, ViewLayer | Updating Images | Loading rustic-plaster.png.005
Fra:1 Mem:3324.53M (Peak 3324.53M) | Time:00:01.23 | Mem:344.62M, Peak:344.62M | Scene, ViewLayer | Updating Images | Loading rustic-plaster.png.006
Fra:1 Mem:3324.52M (Peak 3324.53M) | Time:00:01.23 | Mem:344.88M, Peak:344.88M | Scene, ViewLayer | Updating Images | Loading waterside-wood.png
Fra:1 Mem:3324.77M (Peak 3324.77M) | Time:00:01.23 | Mem:345.12M, Peak:345.12M | Scene, ViewLayer | Updating Images | Loading waterside-wood.png.001
Fra:1 Mem:3324.76M (Peak 3324.77M) | Time:00:01.23 | Mem:345.38M, Peak:345.38M | Scene, ViewLayer | Updating Images | Loading waterside-wood.png.002
Fra:1 Mem:3325.01M (Peak 3325.01M) | Time:00:01.23 | Mem:345.62M, Peak:345.62M | Scene, ViewLayer | Updating Images | Loading waterside-wood.png.003
Fra:1 Mem:3325.26M (Peak 3325.26M) | Time:00:01.23 | Mem:345.88M, Peak:345.88M | Scene, ViewLayer | Updating Images | Loading waterside-wood.png.004
Fra:1 Mem:3325.52M (Peak 3325.52M) | Time:00:01.23 | Mem:346.12M, Peak:346.12M | Scene, ViewLayer | Updating Images | Loading waterside-wood.png.005
Fra:1 Mem:3325.76M (Peak 3325.76M) | Time:00:01.23 | Mem:346.38M, Peak:346.38M | Scene, ViewLayer | Updating Images | Loading temple-leafdark.png.006
Fra:1 Mem:3326.27M (Peak 3326.27M) | Time:00:01.23 | Mem:346.62M, Peak:346.62M | Scene, ViewLayer | Updating Images | Loading waterside-wood.png.006
Fra:1 Mem:3326.52M (Peak 3326.52M) | Time:00:01.23 | Mem:346.88M, Peak:346.88M | Scene, ViewLayer | Updating Images | Loading waterside-stone.png
Fra:1 Mem:3326.77M (Peak 3326.77M) | Time:00:01.23 | Mem:347.12M, Peak:347.12M | Scene, ViewLayer | Updating Images | Loading waterside-stone.png.001
Fra:1 Mem:3327.02M (Peak 3327.02M) | Time:00:01.23 | Mem:347.38M, Peak:347.38M | Scene, ViewLayer | Updating Images | Loading waterside-stone.png.002
Fra:1 Mem:3327.27M (Peak 3327.27M) | Time:00:01.23 | Mem:347.62M, Peak:347.62M | Scene, ViewLayer | Updating Images | Loading waterside-stone.png.003
Fra:1 Mem:3327.01M (Peak 3327.27M) | Time:00:01.23 | Mem:347.88M, Peak:347.88M | Scene, ViewLayer | Updating Images | Loading waterside-stone.png.004
Fra:1 Mem:3327.77M (Peak 3327.77M) | Time:00:01.23 | Mem:348.12M, Peak:348.12M | Scene, ViewLayer | Updating Images | Loading temple-leafdark.png.005
Fra:1 Mem:3327.76M (Peak 3327.77M) | Time:00:01.23 | Mem:348.38M, Peak:348.38M | Scene, ViewLayer | Updating Images | Loading waterside-stone.png.005
Fra:1 Mem:3328.53M (Peak 3328.53M) | Time:00:01.23 | Mem:348.62M, Peak:348.62M | Scene, ViewLayer | Updating Images | Loading waterside-stone.png.006
Fra:1 Mem:3328.52M (Peak 3328.53M) | Time:00:01.23 | Mem:348.88M, Peak:348.88M | Scene, ViewLayer | Updating Images | Loading temple-leafdark.png.004
Fra:1 Mem:3328.26M (Peak 3328.53M) | Time:00:01.23 | Mem:349.12M, Peak:349.12M | Scene, ViewLayer | Updating Images | Loading waterside-latticewood.png
Fra:1 Mem:3329.02M (Peak 3329.02M) | Time:00:01.23 | Mem:349.38M, Peak:349.38M | Scene, ViewLayer | Updating Images | Loading waterside-latticewood.png.001
Fra:1 Mem:3329.01M (Peak 3329.02M) | Time:00:01.23 | Mem:349.62M, Peak:349.62M | Scene, ViewLayer | Updating Images | Loading waterside-latticewood.png.002
Fra:1 Mem:3329.52M (Peak 3329.52M) | Time:00:01.23 | Mem:349.88M, Peak:349.88M | Scene, ViewLayer | Updating Images | Loading waterside-latticewood.png.003
Fra:1 Mem:3329.51M (Peak 3329.52M) | Time:00:01.23 | Mem:350.12M, Peak:350.12M | Scene, ViewLayer | Updating Images | Loading waterside-latticewood.png.004
Fra:1 Mem:3330.02M (Peak 3330.02M) | Time:00:01.23 | Mem:350.38M, Peak:350.38M | Scene, ViewLayer | Updating Images | Loading temple-leafdark.png.003
Fra:1 Mem:3329.76M (Peak 3330.02M) | Time:00:01.23 | Mem:350.62M, Peak:350.62M | Scene, ViewLayer | Updating Images | Loading waterside-latticewood.png.005
Fra:1 Mem:3330.26M (Peak 3330.26M) | Time:00:01.23 | Mem:350.88M, Peak:350.88M | Scene, ViewLayer | Updating Images | Loading waterside-latticewood.png.006
Fra:1 Mem:3330.51M (Peak 3330.51M) | Time:00:01.23 | Mem:351.12M, Peak:351.12M | Scene, ViewLayer | Updating Images | Loading waterside-roof.png
Fra:1 Mem:3330.76M (Peak 3330.76M) | Time:00:01.23 | Mem:351.38M, Peak:351.38M | Scene, ViewLayer | Updating Images | Loading waterside-roof.png.001
Fra:1 Mem:3331.01M (Peak 3331.01M) | Time:00:01.23 | Mem:351.62M, Peak:351.62M | Scene, ViewLayer | Updating Images | Loading waterside-roof.png.002
Fra:1 Mem:3331.78M (Peak 3331.78M) | Time:00:01.23 | Mem:352.12M, Peak:352.12M | Scene, ViewLayer | Updating Images | Loading waterside-roof.png.003
Fra:1 Mem:3331.78M (Peak 3331.78M) | Time:00:01.23 | Mem:352.12M, Peak:352.12M | Scene, ViewLayer | Updating Images | Loading waterside-roof.png.004
Fra:1 Mem:3331.26M (Peak 3331.78M) | Time:00:01.23 | Mem:352.62M, Peak:352.62M | Scene, ViewLayer | Updating Images | Loading temple-leafdark.png.002
Fra:1 Mem:3331.26M (Peak 3331.78M) | Time:00:01.23 | Mem:352.62M, Peak:352.62M | Scene, ViewLayer | Updating Images | Loading waterside-roof.png.005
Fra:1 Mem:3332.78M (Peak 3332.78M) | Time:00:01.23 | Mem:352.88M, Peak:352.88M | Scene, ViewLayer | Updating Images | Loading waterside-roof.png.006
Fra:1 Mem:3332.52M (Peak 3332.78M) | Time:00:01.23 | Mem:353.12M, Peak:353.12M | Scene, ViewLayer | Updating Images | Loading waterside-tilelight.png
Fra:1 Mem:3332.76M (Peak 3332.78M) | Time:00:01.23 | Mem:353.38M, Peak:353.38M | Scene, ViewLayer | Updating Images | Loading waterside-tilelight.png.001
Fra:1 Mem:3333.27M (Peak 3333.27M) | Time:00:01.23 | Mem:353.62M, Peak:353.62M | Scene, ViewLayer | Updating Images | Loading waterside-tilelight.png.002
Fra:1 Mem:3333.78M (Peak 3333.78M) | Time:00:01.23 | Mem:353.88M, Peak:353.88M | Scene, ViewLayer | Updating Images | Loading waterside-tilelight.png.003
Fra:1 Mem:3333.52M (Peak 3333.78M) | Time:00:01.23 | Mem:354.12M, Peak:354.12M | Scene, ViewLayer | Updating Images | Loading temple-leafdark.png.001
Fra:1 Mem:3333.51M (Peak 3333.78M) | Time:00:01.23 | Mem:354.38M, Peak:354.38M | Scene, ViewLayer | Updating Images | Loading waterside-tilelight.png.004
Fra:1 Mem:3334.01M (Peak 3334.01M) | Time:00:01.23 | Mem:354.62M, Peak:354.62M | Scene, ViewLayer | Updating Images | Loading waterside-tilelight.png.005
Fra:1 Mem:3334.52M (Peak 3334.52M) | Time:00:01.23 | Mem:354.88M, Peak:354.88M | Scene, ViewLayer | Updating Images | Loading waterside-tilelight.png.006
Fra:1 Mem:3334.77M (Peak 3334.77M) | Time:00:01.23 | Mem:355.12M, Peak:355.12M | Scene, ViewLayer | Updating Images | Loading waterside-tile.png
Fra:1 Mem:3335.02M (Peak 3335.02M) | Time:00:01.24 | Mem:355.38M, Peak:355.38M | Scene, ViewLayer | Updating Images | Loading waterside-tile.png.001
Fra:1 Mem:3335.01M (Peak 3335.02M) | Time:00:01.24 | Mem:355.62M, Peak:355.62M | Scene, ViewLayer | Updating Images | Loading waterside-tile.png.002
Fra:1 Mem:3335.52M (Peak 3335.52M) | Time:00:01.24 | Mem:355.88M, Peak:355.88M | Scene, ViewLayer | Updating Images | Loading temple-leafdark.png
Fra:1 Mem:3335.77M (Peak 3335.77M) | Time:00:01.24 | Mem:356.12M, Peak:356.12M | Scene, ViewLayer | Updating Images | Loading waterside-tile.png.003
Fra:1 Mem:3335.76M (Peak 3335.77M) | Time:00:01.24 | Mem:356.38M, Peak:356.38M | Scene, ViewLayer | Updating Images | Loading waterside-tile.png.004
Fra:1 Mem:3336.27M (Peak 3336.27M) | Time:00:01.24 | Mem:356.62M, Peak:356.62M | Scene, ViewLayer | Updating Images | Loading waterside-tile.png.005
Fra:1 Mem:3336.52M (Peak 3336.52M) | Time:00:01.24 | Mem:356.88M, Peak:356.88M | Scene, ViewLayer | Updating Images | Loading waterside-tile.png.006
Fra:1 Mem:3336.77M (Peak 3336.77M) | Time:00:01.24 | Mem:357.12M, Peak:357.12M | Scene, ViewLayer | Updating Images | Loading waterside-tiledark.png
Fra:1 Mem:3336.76M (Peak 3336.77M) | Time:00:01.24 | Mem:357.38M, Peak:357.38M | Scene, ViewLayer | Updating Images | Loading waterside-tiledark.png.001
Fra:1 Mem:3337.01M (Peak 3337.01M) | Time:00:01.24 | Mem:357.62M, Peak:357.62M | Scene, ViewLayer | Updating Images | Loading temple-bark.png.006
Fra:1 Mem:3337.26M (Peak 3337.26M) | Time:00:01.24 | Mem:357.88M, Peak:357.88M | Scene, ViewLayer | Updating Images | Loading waterside-tiledark.png.002
Fra:1 Mem:3338.29M (Peak 3338.29M) | Time:00:01.24 | Mem:358.12M, Peak:358.12M | Scene, ViewLayer | Updating Images | Loading waterside-tiledark.png.003
Fra:1 Mem:3338.04M (Peak 3338.29M) | Time:00:01.24 | Mem:358.38M, Peak:358.38M | Scene, ViewLayer | Updating Images | Loading waterside-tiledark.png.004
Fra:1 Mem:3338.53M (Peak 3338.53M) | Time:00:01.24 | Mem:358.62M, Peak:358.62M | Scene, ViewLayer | Updating Images | Loading waterside-tiledark.png.005
Fra:1 Mem:3338.78M (Peak 3338.78M) | Time:00:01.24 | Mem:358.88M, Peak:358.88M | Scene, ViewLayer | Updating Images | Loading waterside-tiledark.png.006
Fra:1 Mem:3338.77M (Peak 3338.78M) | Time:00:01.24 | Mem:359.12M, Peak:359.12M | Scene, ViewLayer | Updating Images | Loading temple-bark.png.005
Fra:1 Mem:3338.51M (Peak 3338.78M) | Time:00:01.24 | Mem:359.38M, Peak:359.38M | Scene, ViewLayer | Updating Images | Loading waterside-darkwood.png
Fra:1 Mem:3339.01M (Peak 3339.01M) | Time:00:01.24 | Mem:359.62M, Peak:359.62M | Scene, ViewLayer | Updating Images | Loading waterside-darkwood.png.001
Fra:1 Mem:3339.78M (Peak 3339.78M) | Time:00:01.24 | Mem:359.88M, Peak:359.88M | Scene, ViewLayer | Updating Images | Loading waterside-darkwood.png.002
Fra:1 Mem:3339.77M (Peak 3339.78M) | Time:00:01.24 | Mem:360.12M, Peak:360.12M | Scene, ViewLayer | Updating Images | Loading waterside-darkwood.png.003
Fra:1 Mem:3339.76M (Peak 3339.78M) | Time:00:01.24 | Mem:360.38M, Peak:360.38M | Scene, ViewLayer | Updating Images | Loading waterside-darkwood.png.004
Fra:1 Mem:3340.27M (Peak 3340.27M) | Time:00:01.24 | Mem:360.62M, Peak:360.62M | Scene, ViewLayer | Updating Images | Loading temple-bark.png.004
Fra:1 Mem:3340.26M (Peak 3340.27M) | Time:00:01.24 | Mem:360.88M, Peak:360.88M | Scene, ViewLayer | Updating Images | Loading waterside-darkwood.png.005
Fra:1 Mem:3340.77M (Peak 3340.77M) | Time:00:01.24 | Mem:361.12M, Peak:361.12M | Scene, ViewLayer | Updating Images | Loading waterside-darkwood.png.006
Fra:1 Mem:3340.76M (Peak 3340.77M) | Time:00:01.24 | Mem:361.38M, Peak:361.38M | Scene, ViewLayer | Updating Images | Loading waterside-paper.png
Fra:1 Mem:3341.79M (Peak 3341.79M) | Time:00:01.24 | Mem:361.62M, Peak:361.62M | Scene, ViewLayer | Updating Images | Loading waterside-paper.png.001
Fra:1 Mem:3341.78M (Peak 3341.79M) | Time:00:01.24 | Mem:362.12M, Peak:362.12M | Scene, ViewLayer | Updating Images | Loading waterside-paper.png.002
Fra:1 Mem:3341.78M (Peak 3341.79M) | Time:00:01.24 | Mem:362.12M, Peak:362.12M | Scene, ViewLayer | Updating Images | Loading waterside-paper.png.003
Fra:1 Mem:3341.77M (Peak 3341.79M) | Time:00:01.24 | Mem:362.38M, Peak:362.38M | Scene, ViewLayer | Updating Images | Loading temple-bark.png.003
Fra:1 Mem:3341.76M (Peak 3341.79M) | Time:00:01.24 | Mem:362.62M, Peak:362.62M | Scene, ViewLayer | Updating Images | Loading waterside-paper.png.004
Fra:1 Mem:3342.26M (Peak 3342.26M) | Time:00:01.24 | Mem:362.88M, Peak:362.88M | Scene, ViewLayer | Updating Images | Loading waterside-paper.png.005
Fra:1 Mem:3343.03M (Peak 3343.03M) | Time:00:01.24 | Mem:363.38M, Peak:363.38M | Scene, ViewLayer | Updating Images | Loading waterside-paper.png.006
Fra:1 Mem:3342.77M (Peak 3343.03M) | Time:00:01.24 | Mem:363.62M, Peak:363.62M | Scene, ViewLayer | Updating Images | Loading temple-bark.png.002
Fra:1 Mem:3343.28M (Peak 3343.28M) | Time:00:01.24 | Mem:363.62M, Peak:363.62M | Scene, ViewLayer | Updating Images | Loading waterside-ivory.png
Fra:1 Mem:3343.27M (Peak 3343.28M) | Time:00:01.24 | Mem:363.88M, Peak:363.88M | Scene, ViewLayer | Updating Images | Loading waterside-ivory.png.001
Fra:1 Mem:3343.51M (Peak 3343.51M) | Time:00:01.24 | Mem:364.12M, Peak:364.12M | Scene, ViewLayer | Updating Images | Loading waterside-ivory.png.002
Fra:1 Mem:3343.77M (Peak 3343.77M) | Time:00:01.24 | Mem:364.38M, Peak:364.38M | Scene, ViewLayer | Updating Images | Loading waterside-ivory.png.003
Fra:1 Mem:3344.01M (Peak 3344.01M) | Time:00:01.24 | Mem:364.62M, Peak:364.62M | Scene, ViewLayer | Updating Images | Loading waterside-ivory.png.004
Fra:1 Mem:3344.26M (Peak 3344.26M) | Time:00:01.24 | Mem:364.88M, Peak:364.88M | Scene, ViewLayer | Updating Images | Loading waterside-ivory.png.005
Fra:1 Mem:3344.51M (Peak 3344.51M) | Time:00:01.24 | Mem:365.12M, Peak:365.12M | Scene, ViewLayer | Updating Images | Loading waterside-ivory.png.006
Fra:1 Mem:3345.02M (Peak 3345.02M) | Time:00:01.24 | Mem:365.38M, Peak:365.38M | Scene, ViewLayer | Updating Images | Loading temple-bark.png.001
Fra:1 Mem:3345.79M (Peak 3345.79M) | Time:00:01.24 | Mem:365.62M, Peak:365.62M | Scene, ViewLayer | Updating Images | Loading waterside-bamboo.png
Fra:1 Mem:3345.52M (Peak 3345.79M) | Time:00:01.24 | Mem:366.12M, Peak:366.12M | Scene, ViewLayer | Updating Images | Loading waterside-bamboo.png.001
Fra:1 Mem:3345.52M (Peak 3345.79M) | Time:00:01.24 | Mem:366.12M, Peak:366.12M | Scene, ViewLayer | Updating Images | Loading waterside-bamboo.png.002
Fra:1 Mem:3345.76M (Peak 3345.79M) | Time:00:01.24 | Mem:366.38M, Peak:366.38M | Scene, ViewLayer | Updating Images | Loading waterside-bamboo.png.003
Fra:1 Mem:3346.01M (Peak 3346.01M) | Time:00:01.24 | Mem:366.62M, Peak:366.62M | Scene, ViewLayer | Updating Images | Loading waterside-bamboo.png.004
Fra:1 Mem:3346.78M (Peak 3346.78M) | Time:00:01.24 | Mem:366.88M, Peak:366.88M | Scene, ViewLayer | Updating Images | Loading waterside-bamboo.png.005
Fra:1 Mem:3346.77M (Peak 3346.78M) | Time:00:01.24 | Mem:367.12M, Peak:367.12M | Scene, ViewLayer | Updating Images | Loading waterside-bamboo.png.006
Fra:1 Mem:3346.51M (Peak 3346.78M) | Time:00:01.24 | Mem:367.62M, Peak:367.62M | Scene, ViewLayer | Updating Images | Loading waterside-gold.png.001
Fra:1 Mem:3347.52M (Peak 3347.52M) | Time:00:01.24 | Mem:367.88M, Peak:367.88M | Scene, ViewLayer | Updating Images | Loading waterside-gold.png.002
Fra:1 Mem:3347.26M (Peak 3347.52M) | Time:00:01.24 | Mem:368.12M, Peak:368.12M | Scene, ViewLayer | Updating Images | Loading temple-bark.png
Fra:1 Mem:3348.02M (Peak 3348.02M) | Time:00:01.24 | Mem:368.38M, Peak:368.38M | Scene, ViewLayer | Updating Images | Loading waterside-gold.png.003
Fra:1 Mem:3348.02M (Peak 3348.02M) | Time:00:01.24 | Mem:368.62M, Peak:368.62M | Scene, ViewLayer | Updating Images | Loading waterside-gold.png.004
Fra:1 Mem:3347.76M (Peak 3348.02M) | Time:00:01.24 | Mem:368.88M, Peak:368.88M | Scene, ViewLayer | Updating Images | Loading waterside-gold.png.005
Fra:1 Mem:3347.77M (Peak 3348.02M) | Time:00:01.24 | Mem:369.12M, Peak:369.12M | Scene, ViewLayer | Updating Images | Loading temple-courtbase.png.006
Fra:1 Mem:3349.02M (Peak 3349.02M) | Time:00:01.24 | Mem:369.38M, Peak:369.38M | Scene, ViewLayer | Updating Images | Loading waterside-gold.png.006
Fra:1 Mem:3349.02M (Peak 3349.02M) | Time:00:01.24 | Mem:369.62M, Peak:369.62M | Scene, ViewLayer | Updating Images | Loading waterside-plaster.png
Fra:1 Mem:3349.01M (Peak 3349.02M) | Time:00:01.24 | Mem:369.88M, Peak:369.88M | Scene, ViewLayer | Updating Images | Loading waterside-plaster.png.001
Fra:1 Mem:3350.03M (Peak 3350.03M) | Time:00:01.24 | Mem:370.12M, Peak:370.12M | Scene, ViewLayer | Updating Images | Loading waterside-plaster.png.002
Fra:1 Mem:3349.77M (Peak 3350.03M) | Time:00:01.24 | Mem:370.38M, Peak:370.38M | Scene, ViewLayer | Updating Images | Loading waterside-plaster.png.003
Fra:1 Mem:3349.77M (Peak 3350.03M) | Time:00:01.24 | Mem:370.62M, Peak:370.62M | Scene, ViewLayer | Updating Images | Loading temple-courtbase.png.005
Fra:1 Mem:3350.27M (Peak 3350.27M) | Time:00:01.24 | Mem:370.88M, Peak:370.88M | Scene, ViewLayer | Updating Images | Loading waterside-plaster.png.004
Fra:1 Mem:3350.51M (Peak 3350.51M) | Time:00:01.24 | Mem:371.12M, Peak:371.12M | Scene, ViewLayer | Updating Images | Loading waterside-plaster.png.005
Fra:1 Mem:3350.76M (Peak 3350.76M) | Time:00:01.24 | Mem:371.38M, Peak:371.38M | Scene, ViewLayer | Updating Images | Loading waterside-plaster.png.006
Fra:1 Mem:3351.01M (Peak 3351.01M) | Time:00:01.24 | Mem:371.62M, Peak:371.62M | Scene, ViewLayer | Updating Images | Loading pavilion-stone.png
Fra:1 Mem:3351.26M (Peak 3351.26M) | Time:00:01.24 | Mem:371.88M, Peak:371.88M | Scene, ViewLayer | Updating Images | Loading pavilion-stone.png.001
Fra:1 Mem:3351.77M (Peak 3351.77M) | Time:00:01.24 | Mem:372.12M, Peak:372.12M | Scene, ViewLayer | Updating Images | Loading temple-courtbase.png.004
Fra:1 Mem:3351.76M (Peak 3351.77M) | Time:00:01.24 | Mem:372.38M, Peak:372.38M | Scene, ViewLayer | Updating Images | Loading pavilion-stone.png.002
Fra:1 Mem:3352.54M (Peak 3352.54M) | Time:00:01.24 | Mem:372.62M, Peak:372.62M | Scene, ViewLayer | Updating Images | Loading pavilion-stone.png.003
Fra:1 Mem:3352.78M (Peak 3352.78M) | Time:00:01.24 | Mem:372.88M, Peak:372.88M | Scene, ViewLayer | Updating Images | Loading pavilion-stone.png.004
Fra:1 Mem:3353.03M (Peak 3353.03M) | Time:00:01.24 | Mem:373.12M, Peak:373.12M | Scene, ViewLayer | Updating Images | Loading pavilion-stone.png.005
Fra:1 Mem:3352.76M (Peak 3353.03M) | Time:00:01.24 | Mem:373.62M, Peak:373.62M | Scene, ViewLayer | Updating Images | Loading pavilion-wood.png
Fra:1 Mem:3352.76M (Peak 3353.03M) | Time:00:01.24 | Mem:373.62M, Peak:373.62M | Scene, ViewLayer | Updating Images | Loading pavilion-wood.png.001
Fra:1 Mem:3353.26M (Peak 3353.26M) | Time:00:01.24 | Mem:373.88M, Peak:373.88M | Scene, ViewLayer | Updating Images | Loading temple-courtbase.png.003
Fra:1 Mem:3353.51M (Peak 3353.51M) | Time:00:01.24 | Mem:374.12M, Peak:374.12M | Scene, ViewLayer | Updating Images | Loading pavilion-wood.png.002
Fra:1 Mem:3354.02M (Peak 3354.02M) | Time:00:01.25 | Mem:374.38M, Peak:374.38M | Scene, ViewLayer | Updating Images | Loading pavilion-wood.png.003
Fra:1 Mem:3354.01M (Peak 3354.02M) | Time:00:01.25 | Mem:374.88M, Peak:374.88M | Scene, ViewLayer | Updating Images | Loading pavilion-wood.png.004
Fra:1 Mem:3354.26M (Peak 3354.26M) | Time:00:01.25 | Mem:374.88M, Peak:374.88M | Scene, ViewLayer | Updating Images | Loading pavilion-wood.png.005
Fra:1 Mem:3355.29M (Peak 3355.29M) | Time:00:01.25 | Mem:375.12M, Peak:375.12M | Scene, ViewLayer | Updating Images | Loading temple-courtbase.png.002
Fra:1 Mem:3355.54M (Peak 3355.54M) | Time:00:01.25 | Mem:375.38M, Peak:375.38M | Scene, ViewLayer | Updating Images | Loading pavilion-darkwood.png
Fra:1 Mem:3355.27M (Peak 3355.54M) | Time:00:01.25 | Mem:375.88M, Peak:375.88M | Scene, ViewLayer | Updating Images | Loading pavilion-darkwood.png.001
Fra:1 Mem:3355.01M (Peak 3355.54M) | Time:00:01.25 | Mem:375.88M, Peak:375.88M | Scene, ViewLayer | Updating Images | Loading pavilion-darkwood.png.002
Fra:1 Mem:3355.01M (Peak 3355.54M) | Time:00:01.25 | Mem:376.12M, Peak:376.12M | Scene, ViewLayer | Updating Images | Loading pavilion-darkwood.png.003
Fra:1 Mem:3355.77M (Peak 3355.77M) | Time:00:01.25 | Mem:376.38M, Peak:376.38M | Scene, ViewLayer | Updating Images | Loading pavilion-darkwood.png.004
Fra:1 Mem:3356.02M (Peak 3356.02M) | Time:00:01.25 | Mem:376.62M, Peak:376.62M | Scene, ViewLayer | Updating Images | Loading pavilion-darkwood.png.005
Fra:1 Mem:3356.27M (Peak 3356.27M) | Time:00:01.25 | Mem:376.88M, Peak:376.88M | Scene, ViewLayer | Updating Images | Loading pavilion-gold.png
Fra:1 Mem:3356.52M (Peak 3356.52M) | Time:00:01.25 | Mem:377.12M, Peak:377.12M | Scene, ViewLayer | Updating Images | Loading temple-courtbase.png.001
Fra:1 Mem:3357.80M (Peak 3357.80M) | Time:00:01.25 | Mem:377.38M, Peak:377.38M | Scene, ViewLayer | Updating Images | Loading pavilion-gold.png.001
Fra:1 Mem:3357.79M (Peak 3357.80M) | Time:00:01.25 | Mem:377.62M, Peak:377.62M | Scene, ViewLayer | Updating Images | Loading pavilion-gold.png.002
Fra:1 Mem:3357.78M (Peak 3357.80M) | Time:00:01.25 | Mem:377.88M, Peak:377.88M | Scene, ViewLayer | Updating Images | Loading pavilion-gold.png.003
Fra:1 Mem:3357.77M (Peak 3357.80M) | Time:00:01.25 | Mem:378.12M, Peak:378.12M | Scene, ViewLayer | Updating Images | Loading pavilion-gold.png.004
Fra:1 Mem:3357.77M (Peak 3357.80M) | Time:00:01.25 | Mem:378.38M, Peak:378.38M | Scene, ViewLayer | Updating Images | Loading pavilion-gold.png.005
Fra:1 Mem:3358.02M (Peak 3358.02M) | Time:00:01.25 | Mem:378.62M, Peak:378.62M | Scene, ViewLayer | Updating Images | Loading pavilion-roof.png
Fra:1 Mem:3358.27M (Peak 3358.27M) | Time:00:01.25 | Mem:378.88M, Peak:378.88M | Scene, ViewLayer | Updating Images | Loading pavilion-roof.png.001
Fra:1 Mem:3358.77M (Peak 3358.77M) | Time:00:01.25 | Mem:379.12M, Peak:379.12M | Scene, ViewLayer | Updating Images | Loading pavilion-roof.png.002
Fra:1 Mem:3358.77M (Peak 3358.77M) | Time:00:01.25 | Mem:379.38M, Peak:379.38M | Scene, ViewLayer | Updating Images | Loading temple-courtbase.png
Fra:1 Mem:3359.27M (Peak 3359.27M) | Time:00:01.25 | Mem:379.62M, Peak:379.62M | Scene, ViewLayer | Updating Images | Loading pavilion-roof.png.003
Fra:1 Mem:3359.27M (Peak 3359.27M) | Time:00:01.25 | Mem:379.88M, Peak:379.88M | Scene, ViewLayer | Updating Images | Loading pavilion-roof.png.004
Fra:1 Mem:3359.77M (Peak 3359.77M) | Time:00:01.25 | Mem:380.12M, Peak:380.12M | Scene, ViewLayer | Updating Images | Loading pavilion-roof.png.005
Fra:1 Mem:3359.77M (Peak 3359.77M) | Time:00:01.25 | Mem:380.38M, Peak:380.38M | Scene, ViewLayer | Updating Images | Loading pavilion-tilelight.png
Fra:1 Mem:3360.27M (Peak 3360.27M) | Time:00:01.25 | Mem:380.62M, Peak:380.62M | Scene, ViewLayer | Updating Images | Loading pavilion-tilelight.png.001
Fra:1 Mem:3360.27M (Peak 3360.27M) | Time:00:01.25 | Mem:380.88M, Peak:380.88M | Scene, ViewLayer | Updating Images | Loading pavilion-tilelight.png.002
Fra:1 Mem:3360.52M (Peak 3360.52M) | Time:00:01.25 | Mem:381.12M, Peak:381.12M | Scene, ViewLayer | Updating Images | Loading temple-gold.png.006
Fra:1 Mem:3361.02M (Peak 3361.02M) | Time:00:01.25 | Mem:381.38M, Peak:381.38M | Scene, ViewLayer | Updating Images | Loading pavilion-tilelight.png.003
Fra:1 Mem:3361.28M (Peak 3361.28M) | Time:00:01.25 | Mem:381.62M, Peak:381.62M | Scene, ViewLayer | Updating Images | Loading pavilion-tilelight.png.004
Fra:1 Mem:3361.53M (Peak 3361.53M) | Time:00:01.25 | Mem:381.88M, Peak:381.88M | Scene, ViewLayer | Updating Images | Loading pavilion-tilelight.png.005
Fra:1 Mem:3361.77M (Peak 3361.77M) | Time:00:01.25 | Mem:382.12M, Peak:382.12M | Scene, ViewLayer | Updating Images | Loading pavilion-tile.png
Fra:1 Mem:3362.02M (Peak 3362.02M) | Time:00:01.25 | Mem:382.38M, Peak:382.38M | Scene, ViewLayer | Updating Images | Loading pavilion-tile.png.001
Fra:1 Mem:3362.01M (Peak 3362.02M) | Time:00:01.25 | Mem:382.88M, Peak:382.88M | Scene, ViewLayer | Updating Images | Loading temple-gold.png.005
Fra:1 Mem:3362.01M (Peak 3362.02M) | Time:00:01.25 | Mem:382.88M, Peak:382.88M | Scene, ViewLayer | Updating Images | Loading pavilion-tile.png.002
Fra:1 Mem:3362.52M (Peak 3362.52M) | Time:00:01.25 | Mem:383.12M, Peak:383.12M | Scene, ViewLayer | Updating Images | Loading pavilion-tile.png.003
Fra:1 Mem:3363.02M (Peak 3363.02M) | Time:00:01.25 | Mem:383.38M, Peak:383.38M | Scene, ViewLayer | Updating Images | Loading pavilion-tile.png.004
Fra:1 Mem:3363.27M (Peak 3363.27M) | Time:00:01.25 | Mem:383.88M, Peak:383.88M | Scene, ViewLayer | Updating Images | Loading temple-gold.png.004
Fra:1 Mem:3363.27M (Peak 3363.27M) | Time:00:01.25 | Mem:383.88M, Peak:383.88M | Scene, ViewLayer | Updating Images | Loading pavilion-tile.png.005
Fra:1 Mem:3363.77M (Peak 3363.77M) | Time:00:01.25 | Mem:384.12M, Peak:384.12M | Scene, ViewLayer | Updating Images | Loading pavilion-tiledark.png
Fra:1 Mem:3363.52M (Peak 3363.77M) | Time:00:01.25 | Mem:384.38M, Peak:384.38M | Scene, ViewLayer | Updating Images | Loading pavilion-tiledark.png.001
Fra:1 Mem:3364.27M (Peak 3364.27M) | Time:00:01.25 | Mem:384.62M, Peak:384.62M | Scene, ViewLayer | Updating Images | Loading pavilion-tiledark.png.002
Fra:1 Mem:3364.27M (Peak 3364.27M) | Time:00:01.25 | Mem:384.88M, Peak:384.88M | Scene, ViewLayer | Updating Images | Loading pavilion-tiledark.png.003
Fra:1 Mem:3365.03M (Peak 3365.03M) | Time:00:01.25 | Mem:385.12M, Peak:385.12M | Scene, ViewLayer | Updating Images | Loading pavilion-tiledark.png.004
Fra:1 Mem:3365.02M (Peak 3365.03M) | Time:00:01.25 | Mem:385.38M, Peak:385.38M | Scene, ViewLayer | Updating Images | Loading temple-gold.png.003
Fra:1 Mem:3365.02M (Peak 3365.03M) | Time:00:01.25 | Mem:385.62M, Peak:385.62M | Scene, ViewLayer | Updating Images | Loading pavilion-tiledark.png.005
Fra:1 Mem:3365.27M (Peak 3365.27M) | Time:00:01.25 | Mem:385.88M, Peak:385.88M | Scene, ViewLayer | Updating Images | Loading rustic-bamboo.png
Fra:1 Mem:3365.78M (Peak 3365.78M) | Time:00:01.25 | Mem:386.12M, Peak:386.12M | Scene, ViewLayer | Updating Images | Loading rustic-bamboo.png.001
Fra:1 Mem:3366.02M (Peak 3366.02M) | Time:00:01.25 | Mem:386.38M, Peak:386.38M | Scene, ViewLayer | Updating Images | Loading rustic-bamboo.png.002
Fra:1 Mem:3365.76M (Peak 3366.02M) | Time:00:01.25 | Mem:386.62M, Peak:386.62M | Scene, ViewLayer | Updating Images | Loading rustic-bamboo.png.003
Fra:1 Mem:3366.78M (Peak 3366.78M) | Time:00:01.25 | Mem:386.88M, Peak:386.88M | Scene, ViewLayer | Updating Images | Loading temple-gold.png.002
Fra:1 Mem:3366.77M (Peak 3366.78M) | Time:00:01.25 | Mem:387.12M, Peak:387.12M | Scene, ViewLayer | Updating Images | Loading rustic-bamboo.png.004
Fra:1 Mem:3366.77M (Peak 3366.78M) | Time:00:01.25 | Mem:387.38M, Peak:387.38M | Scene, ViewLayer | Updating Images | Loading rustic-bamboo.png.005
Fra:1 Mem:3367.02M (Peak 3367.02M) | Time:00:01.25 | Mem:387.62M, Peak:387.62M | Scene, ViewLayer | Updating Images | Loading rustic-bamboo.png.006
Fra:1 Mem:3367.52M (Peak 3367.52M) | Time:00:01.25 | Mem:387.88M, Peak:387.88M | Scene, ViewLayer | Updating Images | Loading hill-stone.png
Fra:1 Mem:3367.52M (Peak 3367.52M) | Time:00:01.25 | Mem:388.12M, Peak:388.12M | Scene, ViewLayer | Updating Images | Loading hill-stone.png.001
Fra:1 Mem:3367.77M (Peak 3367.77M) | Time:00:01.25 | Mem:388.38M, Peak:388.38M | Scene, ViewLayer | Updating Images | Loading temple-gold.png.001
Fra:1 Mem:3368.02M (Peak 3368.02M) | Time:00:01.25 | Mem:388.62M, Peak:388.62M | Scene, ViewLayer | Updating Images | Loading hill-stone.png.002
Fra:1 Mem:3368.52M (Peak 3368.52M) | Time:00:01.25 | Mem:389.12M, Peak:389.12M | Scene, ViewLayer | Updating Images | Loading hill-stone.png.003
Fra:1 Mem:3368.52M (Peak 3368.52M) | Time:00:01.25 | Mem:389.12M, Peak:389.12M | Scene, ViewLayer | Updating Images | Loading hill-stone.png.004
Fra:1 Mem:3368.77M (Peak 3368.77M) | Time:00:01.25 | Mem:389.38M, Peak:389.38M | Scene, ViewLayer | Updating Images | Loading hill-stone.png.005
Fra:1 Mem:3369.27M (Peak 3369.27M) | Time:00:01.25 | Mem:389.62M, Peak:389.62M | Scene, ViewLayer | Updating Images | Loading temple-gold.png
Fra:1 Mem:3369.27M (Peak 3369.27M) | Time:00:01.25 | Mem:389.88M, Peak:389.88M | Scene, ViewLayer | Updating Images | Loading hill-cutstone.png
Fra:1 Mem:3369.77M (Peak 3369.77M) | Time:00:01.25 | Mem:390.12M, Peak:390.12M | Scene, ViewLayer | Updating Images | Loading hill-cutstone.png.001
Fra:1 Mem:3370.02M (Peak 3370.02M) | Time:00:01.25 | Mem:390.38M, Peak:390.38M | Scene, ViewLayer | Updating Images | Loading hill-cutstone.png.002
Fra:1 Mem:3370.02M (Peak 3370.02M) | Time:00:01.25 | Mem:390.62M, Peak:390.62M | Scene, ViewLayer | Updating Images | Loading hill-cutstone.png.003
Fra:1 Mem:3370.27M (Peak 3370.27M) | Time:00:01.25 | Mem:390.88M, Peak:390.88M | Scene, ViewLayer | Updating Images | Loading hill-cutstone.png.004
Fra:1 Mem:3370.53M (Peak 3370.53M) | Time:00:01.25 | Mem:391.12M, Peak:391.12M | Scene, ViewLayer | Updating Images | Loading temple-bamboo.png.006
Fra:1 Mem:3371.03M (Peak 3371.03M) | Time:00:01.25 | Mem:391.38M, Peak:391.38M | Scene, ViewLayer | Updating Images | Loading hill-cutstone.png.005
Fra:1 Mem:3371.28M (Peak 3371.28M) | Time:00:01.25 | Mem:391.62M, Peak:391.62M | Scene, ViewLayer | Updating Images | Loading hill-darkwood.png
Fra:1 Mem:3371.02M (Peak 3371.28M) | Time:00:01.25 | Mem:391.88M, Peak:391.88M | Scene, ViewLayer | Updating Images | Loading hill-darkwood.png.001
Fra:1 Mem:3371.52M (Peak 3371.52M) | Time:00:01.25 | Mem:392.12M, Peak:392.12M | Scene, ViewLayer | Updating Images | Loading hill-darkwood.png.002
Fra:1 Mem:3372.03M (Peak 3372.03M) | Time:00:01.25 | Mem:392.38M, Peak:392.38M | Scene, ViewLayer | Updating Images | Loading temple-bamboo.png.005
Fra:1 Mem:3372.02M (Peak 3372.03M) | Time:00:01.25 | Mem:392.62M, Peak:392.62M | Scene, ViewLayer | Updating Images | Loading hill-darkwood.png.003
Fra:1 Mem:3372.27M (Peak 3372.27M) | Time:00:01.25 | Mem:392.88M, Peak:392.88M | Scene, ViewLayer | Updating Images | Loading hill-darkwood.png.004
Fra:1 Mem:3373.03M (Peak 3373.03M) | Time:00:01.25 | Mem:393.12M, Peak:393.12M | Scene, ViewLayer | Updating Images | Loading hill-darkwood.png.005
Fra:1 Mem:3373.03M (Peak 3373.03M) | Time:00:01.25 | Mem:393.38M, Peak:393.38M | Scene, ViewLayer | Updating Images | Loading hill-wood.png
Fra:1 Mem:3373.28M (Peak 3373.28M) | Time:00:01.25 | Mem:393.62M, Peak:393.62M | Scene, ViewLayer | Updating Images | Loading hill-wood.png.001
Fra:1 Mem:3373.53M (Peak 3373.53M) | Time:00:01.25 | Mem:393.88M, Peak:393.88M | Scene, ViewLayer | Updating Images | Loading hill-wood.png.002
Fra:1 Mem:3373.78M (Peak 3373.78M) | Time:00:01.25 | Mem:394.12M, Peak:394.12M | Scene, ViewLayer | Updating Images | Loading hill-wood.png.003
Fra:1 Mem:3374.03M (Peak 3374.03M) | Time:00:01.25 | Mem:394.38M, Peak:394.38M | Scene, ViewLayer | Updating Images | Loading temple-bamboo.png.004
Fra:1 Mem:3374.28M (Peak 3374.28M) | Time:00:01.26 | Mem:394.62M, Peak:394.62M | Scene, ViewLayer | Updating Images | Loading hill-wood.png.004
Fra:1 Mem:3374.27M (Peak 3374.28M) | Time:00:01.26 | Mem:394.88M, Peak:394.88M | Scene, ViewLayer | Updating Images | Loading hill-wood.png.005
Fra:1 Mem:3374.52M (Peak 3374.52M) | Time:00:01.26 | Mem:395.12M, Peak:395.12M | Scene, ViewLayer | Updating Images | Loading hill-latticewood.png
Fra:1 Mem:3375.54M (Peak 3375.54M) | Time:00:01.26 | Mem:395.38M, Peak:395.38M | Scene, ViewLayer | Updating Images | Loading temple-bamboo.png.003
Fra:1 Mem:3375.53M (Peak 3375.54M) | Time:00:01.26 | Mem:395.62M, Peak:395.62M | Scene, ViewLayer | Updating Images | Loading hill-latticewood.png.001
Fra:1 Mem:3376.04M (Peak 3376.04M) | Time:00:01.26 | Mem:395.88M, Peak:395.88M | Scene, ViewLayer | Updating Images | Loading hill-latticewood.png.002
Fra:1 Mem:3375.78M (Peak 3376.04M) | Time:00:01.26 | Mem:396.12M, Peak:396.12M | Scene, ViewLayer | Updating Images | Loading hill-latticewood.png.003
Fra:1 Mem:3375.77M (Peak 3376.04M) | Time:00:01.26 | Mem:396.62M, Peak:396.62M | Scene, ViewLayer | Updating Images | Loading hill-latticewood.png.004
Fra:1 Mem:3375.77M (Peak 3376.04M) | Time:00:01.26 | Mem:396.62M, Peak:396.62M | Scene, ViewLayer | Updating Images | Loading hill-latticewood.png.005
Fra:1 Mem:3375.76M (Peak 3376.04M) | Time:00:01.26 | Mem:396.88M, Peak:396.88M | Scene, ViewLayer | Updating Images | Loading hill-screen.png
Fra:1 Mem:3376.01M (Peak 3376.04M) | Time:00:01.26 | Mem:397.12M, Peak:397.12M | Scene, ViewLayer | Updating Images | Loading hill-screen.png.001
Fra:1 Mem:3377.03M (Peak 3377.03M) | Time:00:01.26 | Mem:397.38M, Peak:397.38M | Scene, ViewLayer | Updating Images | Loading hill-screen.png.002
Fra:1 Mem:3377.28M (Peak 3377.28M) | Time:00:01.26 | Mem:397.62M, Peak:397.62M | Scene, ViewLayer | Updating Images | Loading temple-bamboo.png.002
Fra:1 Mem:3377.02M (Peak 3377.28M) | Time:00:01.26 | Mem:397.88M, Peak:397.88M | Scene, ViewLayer | Updating Images | Loading hill-screen.png.003
Fra:1 Mem:3377.78M (Peak 3377.78M) | Time:00:01.26 | Mem:398.12M, Peak:398.12M | Scene, ViewLayer | Updating Images | Loading hill-screen.png.004
Fra:1 Mem:3377.52M (Peak 3377.78M) | Time:00:01.26 | Mem:398.38M, Peak:398.38M | Scene, ViewLayer | Updating Images | Loading hill-screen.png.005
Fra:1 Mem:3377.51M (Peak 3377.78M) | Time:00:01.26 | Mem:398.62M, Peak:398.62M | Scene, ViewLayer | Updating Images | Loading hill-roof.png
Fra:1 Mem:3378.02M (Peak 3378.02M) | Time:00:01.26 | Mem:398.88M, Peak:398.88M | Scene, ViewLayer | Updating Images | Loading hill-roof.png.001
Fra:1 Mem:3378.27M (Peak 3378.27M) | Time:00:01.26 | Mem:399.12M, Peak:399.12M | Scene, ViewLayer | Updating Images | Loading hill-roof.png.002
Fra:1 Mem:3379.03M (Peak 3379.03M) | Time:00:01.26 | Mem:399.38M, Peak:399.38M | Scene, ViewLayer | Updating Images | Loading hill-roof.png.003
Fra:1 Mem:3378.77M (Peak 3379.03M) | Time:00:01.26 | Mem:399.62M, Peak:399.62M | Scene, ViewLayer | Updating Images | Loading hill-roof.png.004
Fra:1 Mem:3379.27M (Peak 3379.27M) | Time:00:01.26 | Mem:399.88M, Peak:399.88M | Scene, ViewLayer | Updating Images | Loading temple-bamboo.png.001
Fra:1 Mem:3379.52M (Peak 3379.52M) | Time:00:01.26 | Mem:400.12M, Peak:400.12M | Scene, ViewLayer | Updating Images | Loading hill-roof.png.005
Fra:1 Mem:3380.03M (Peak 3380.03M) | Time:00:01.26 | Mem:400.38M, Peak:400.38M | Scene, ViewLayer | Updating Images | Loading hill-tilelight.png
Fra:1 Mem:3380.02M (Peak 3380.03M) | Time:00:01.26 | Mem:400.62M, Peak:400.62M | Scene, ViewLayer | Updating Images | Loading hill-tilelight.png.001
Fra:1 Mem:3380.78M (Peak 3380.78M) | Time:00:01.26 | Mem:400.88M, Peak:400.88M | Scene, ViewLayer | Updating Images | Loading hill-tilelight.png.002
Fra:1 Mem:3380.78M (Peak 3380.78M) | Time:00:01.26 | Mem:401.12M, Peak:401.12M | Scene, ViewLayer | Updating Images | Loading hill-tilelight.png.003
Fra:1 Mem:3380.77M (Peak 3380.78M) | Time:00:01.26 | Mem:401.38M, Peak:401.38M | Scene, ViewLayer | Updating Images | Loading hill-tilelight.png.004
Fra:1 Mem:3381.28M (Peak 3381.28M) | Time:00:01.26 | Mem:401.62M, Peak:401.62M | Scene, ViewLayer | Updating Images | Loading hill-tilelight.png.005
Fra:1 Mem:3381.53M (Peak 3381.53M) | Time:00:01.26 | Mem:401.88M, Peak:401.88M | Scene, ViewLayer | Updating Images | Loading hill-tile.png
Fra:1 Mem:3381.52M (Peak 3381.53M) | Time:00:01.26 | Mem:402.12M, Peak:402.12M | Scene, ViewLayer | Updating Images | Loading temple-bamboo.png
Fra:1 Mem:3382.03M (Peak 3382.03M) | Time:00:01.26 | Mem:402.38M, Peak:402.38M | Scene, ViewLayer | Updating Images | Loading hill-tile.png.001
Fra:1 Mem:3381.77M (Peak 3382.03M) | Time:00:01.26 | Mem:402.62M, Peak:402.62M | Scene, ViewLayer | Updating Images | Loading hill-tile.png.002
Fra:1 Mem:3382.27M (Peak 3382.27M) | Time:00:01.26 | Mem:402.88M, Peak:402.88M | Scene, ViewLayer | Updating Images | Loading hill-tile.png.003
Fra:1 Mem:3382.78M (Peak 3382.78M) | Time:00:01.26 | Mem:403.12M, Peak:403.12M | Scene, ViewLayer | Updating Images | Loading hill-tile.png.004
Fra:1 Mem:3383.03M (Peak 3383.03M) | Time:00:01.26 | Mem:403.38M, Peak:403.38M | Scene, ViewLayer | Updating Images | Loading hill-tile.png.005
Fra:1 Mem:3383.53M (Peak 3383.53M) | Time:00:01.26 | Mem:403.62M, Peak:403.62M | Scene, ViewLayer | Updating Images | Loading hill-tiledark.png
Fra:1 Mem:3383.27M (Peak 3383.53M) | Time:00:01.26 | Mem:404.12M, Peak:404.12M | Scene, ViewLayer | Updating Images | Loading hill-tiledark.png.001
Fra:1 Mem:3383.27M (Peak 3383.53M) | Time:00:01.26 | Mem:404.12M, Peak:404.12M | Scene, ViewLayer | Updating Images | Loading hill-tiledark.png.002
Fra:1 Mem:3384.28M (Peak 3384.28M) | Time:00:01.26 | Mem:404.38M, Peak:404.38M | Scene, ViewLayer | Updating Images | Loading hill-tiledark.png.003
Fra:1 Mem:3384.02M (Peak 3384.28M) | Time:00:01.26 | Mem:404.62M, Peak:404.62M | Scene, ViewLayer | Updating Images | Loading hill-tiledark.png.004
Fra:1 Mem:3384.27M (Peak 3384.28M) | Time:00:01.26 | Mem:404.88M, Peak:404.88M | Scene, ViewLayer | Updating Images | Loading temple-ivory.png.006
Fra:1 Mem:3384.78M (Peak 3384.78M) | Time:00:01.26 | Mem:405.12M, Peak:405.12M | Scene, ViewLayer | Updating Images | Loading hill-tiledark.png.005
Fra:1 Mem:3384.78M (Peak 3384.78M) | Time:00:01.26 | Mem:405.38M, Peak:405.38M | Scene, ViewLayer | Updating Images | Loading hill-bark.png
Fra:1 Mem:3385.02M (Peak 3385.02M) | Time:00:01.26 | Mem:405.62M, Peak:405.62M | Scene, ViewLayer | Updating Images | Loading hill-bark.png.001
Fra:1 Mem:3385.79M (Peak 3385.79M) | Time:00:01.26 | Mem:405.88M, Peak:405.88M | Scene, ViewLayer | Updating Images | Loading hill-bark.png.002
Fra:1 Mem:3385.53M (Peak 3385.79M) | Time:00:01.26 | Mem:406.12M, Peak:406.12M | Scene, ViewLayer | Updating Images | Loading hill-bark.png.003
Fra:1 Mem:3386.03M (Peak 3386.03M) | Time:00:01.26 | Mem:406.38M, Peak:406.38M | Scene, ViewLayer | Updating Images | Loading hill-bark.png.004
Fra:1 Mem:3386.02M (Peak 3386.03M) | Time:00:01.26 | Mem:406.62M, Peak:406.62M | Scene, ViewLayer | Updating Images | Loading hill-bark.png.005
Fra:1 Mem:3386.79M (Peak 3386.79M) | Time:00:01.26 | Mem:406.88M, Peak:406.88M | Scene, ViewLayer | Updating Images | Loading hill-paving.png
Fra:1 Mem:3386.78M (Peak 3386.79M) | Time:00:01.26 | Mem:407.12M, Peak:407.12M | Scene, ViewLayer | Updating Images | Loading temple-ivory.png.005
Fra:1 Mem:3387.03M (Peak 3387.03M) | Time:00:01.26 | Mem:407.38M, Peak:407.38M | Scene, ViewLayer | Updating Images | Loading hill-paving.png.001
Fra:1 Mem:3387.28M (Peak 3387.28M) | Time:00:01.26 | Mem:407.62M, Peak:407.62M | Scene, ViewLayer | Updating Images | Loading hill-paving.png.002
Fra:1 Mem:3387.27M (Peak 3387.28M) | Time:00:01.26 | Mem:407.88M, Peak:407.88M | Scene, ViewLayer | Updating Images | Loading hill-paving.png.003
Fra:1 Mem:3387.52M (Peak 3387.52M) | Time:00:01.26 | Mem:408.12M, Peak:408.12M | Scene, ViewLayer | Updating Images | Loading hill-paving.png.004
Fra:1 Mem:3388.29M (Peak 3388.29M) | Time:00:01.26 | Mem:408.38M, Peak:408.38M | Scene, ViewLayer | Updating Images | Loading hill-paving.png.005
Fra:1 Mem:3387.77M (Peak 3388.29M) | Time:00:01.26 | Mem:408.88M, Peak:408.88M | Scene, ViewLayer | Updating Images | Loading hill-plaster.png.001
Fra:1 Mem:3388.78M (Peak 3388.78M) | Time:00:01.26 | Mem:409.12M, Peak:409.12M | Scene, ViewLayer | Updating Images | Loading hill-plaster.png.002
Fra:1 Mem:3388.52M (Peak 3388.78M) | Time:00:01.26 | Mem:409.38M, Peak:409.38M | Scene, ViewLayer | Updating Images | Loading hill-plaster.png.003
Fra:1 Mem:3389.02M (Peak 3389.02M) | Time:00:01.26 | Mem:409.62M, Peak:409.62M | Scene, ViewLayer | Updating Images | Loading temple-ivory.png.004
Fra:1 Mem:3389.53M (Peak 3389.53M) | Time:00:01.26 | Mem:409.88M, Peak:409.88M | Scene, ViewLayer | Updating Images | Loading hill-plaster.png.004
Fra:1 Mem:3389.52M (Peak 3389.53M) | Time:00:01.26 | Mem:410.12M, Peak:410.12M | Scene, ViewLayer | Updating Images | Loading hill-plaster.png.005
Fra:1 Mem:3390.03M (Peak 3390.03M) | Time:00:01.26 | Mem:410.38M, Peak:410.38M | Scene, ViewLayer | Updating Images | Loading moon-stone.png
Fra:1 Mem:3390.02M (Peak 3390.03M) | Time:00:01.26 | Mem:410.62M, Peak:410.62M | Scene, ViewLayer | Updating Images | Loading moon-stone.png.001
Fra:1 Mem:3390.27M (Peak 3390.27M) | Time:00:01.26 | Mem:411.12M, Peak:411.12M | Scene, ViewLayer | Updating Images | Loading moon-stone.png.003
Fra:1 Mem:3390.27M (Peak 3390.27M) | Time:00:01.26 | Mem:411.12M, Peak:411.12M | Scene, ViewLayer | Updating Images | Loading moon-stone.png.002
Fra:1 Mem:3390.77M (Peak 3390.77M) | Time:00:01.26 | Mem:411.38M, Peak:411.38M | Scene, ViewLayer | Updating Images | Loading temple-ivory.png.003
Fra:1 Mem:3391.28M (Peak 3391.28M) | Time:00:01.26 | Mem:411.62M, Peak:411.62M | Scene, ViewLayer | Updating Images | Loading moon-stone.png.004
Fra:1 Mem:3391.27M (Peak 3391.28M) | Time:00:01.26 | Mem:412.12M, Peak:412.12M | Scene, ViewLayer | Updating Images | Loading moon-stone.png.005
Fra:1 Mem:3391.27M (Peak 3391.28M) | Time:00:01.26 | Mem:412.12M, Peak:412.12M | Scene, ViewLayer | Updating Images | Loading waterside-cutstone.png
Fra:1 Mem:3391.77M (Peak 3391.77M) | Time:00:01.27 | Mem:412.38M, Peak:412.38M | Scene, ViewLayer | Updating Images | Loading moon-cutstone.png
Fra:1 Mem:3392.02M (Peak 3392.02M) | Time:00:01.27 | Mem:412.62M, Peak:412.62M | Scene, ViewLayer | Updating Images | Loading moon-cutstone.png.001
Fra:1 Mem:3392.53M (Peak 3392.53M) | Time:00:01.27 | Mem:412.88M, Peak:412.88M | Scene, ViewLayer | Updating Images | Loading moon-cutstone.png.002
Fra:1 Mem:3392.52M (Peak 3392.53M) | Time:00:01.27 | Mem:413.12M, Peak:413.12M | Scene, ViewLayer | Updating Images | Loading moon-cutstone.png.003
Fra:1 Mem:3393.03M (Peak 3393.03M) | Time:00:01.27 | Mem:413.38M, Peak:413.38M | Scene, ViewLayer | Updating Images | Loading moon-cutstone.png.004
Fra:1 Mem:3392.77M (Peak 3393.03M) | Time:00:01.27 | Mem:413.62M, Peak:413.62M | Scene, ViewLayer | Updating Images | Loading temple-ivory.png.002
Fra:1 Mem:3393.53M (Peak 3393.53M) | Time:00:01.27 | Mem:413.88M, Peak:413.88M | Scene, ViewLayer | Updating Images | Loading moon-cutstone.png.005
Fra:1 Mem:3393.78M (Peak 3393.78M) | Time:00:01.27 | Mem:414.12M, Peak:414.12M | Scene, ViewLayer | Updating Images | Loading moon-darkwood.png
Fra:1 Mem:3394.03M (Peak 3394.03M) | Time:00:01.27 | Mem:414.38M, Peak:414.38M | Scene, ViewLayer | Updating Images | Loading moon-darkwood.png.001
Fra:1 Mem:3394.02M (Peak 3394.03M) | Time:00:01.27 | Mem:414.62M, Peak:414.62M | Scene, ViewLayer | Updating Images | Loading moon-darkwood.png.002
Fra:1 Mem:3394.53M (Peak 3394.53M) | Time:00:01.27 | Mem:414.88M, Peak:414.88M | Scene, ViewLayer | Updating Images | Loading temple-ivory.png.001
Fra:1 Mem:3394.52M (Peak 3394.53M) | Time:00:01.27 | Mem:415.12M, Peak:415.12M | Scene, ViewLayer | Updating Images | Loading moon-darkwood.png.003
Fra:1 Mem:3394.77M (Peak 3394.77M) | Time:00:01.27 | Mem:415.38M, Peak:415.38M | Scene, ViewLayer | Updating Images | Loading moon-darkwood.png.004
Fra:1 Mem:3395.02M (Peak 3395.02M) | Time:00:01.27 | Mem:415.62M, Peak:415.62M | Scene, ViewLayer | Updating Images | Loading moon-darkwood.png.005
Fra:1 Mem:3395.27M (Peak 3395.27M) | Time:00:01.27 | Mem:415.88M, Peak:415.88M | Scene, ViewLayer | Updating Images | Loading moon-wood.png
Fra:1 Mem:3396.29M (Peak 3396.29M) | Time:00:01.27 | Mem:416.38M, Peak:416.38M | Scene, ViewLayer | Updating Images | Loading temple-ivory.png
Fra:1 Mem:3396.29M (Peak 3396.29M) | Time:00:01.27 | Mem:416.38M, Peak:416.38M | Scene, ViewLayer | Updating Images | Loading moon-wood.png.001
Fra:1 Mem:3396.28M (Peak 3396.29M) | Time:00:01.27 | Mem:416.88M, Peak:416.88M | Scene, ViewLayer | Updating Images | Loading moon-wood.png.002
Fra:1 Mem:3396.28M (Peak 3396.29M) | Time:00:01.27 | Mem:416.88M, Peak:416.88M | Scene, ViewLayer | Updating Images | Loading moon-wood.png.003
Fra:1 Mem:3396.52M (Peak 3396.52M) | Time:00:01.27 | Mem:417.12M, Peak:417.12M | Scene, ViewLayer | Updating Images | Loading moon-wood.png.004
Fra:1 Mem:3396.77M (Peak 3396.77M) | Time:00:01.27 | Mem:417.38M, Peak:417.38M | Scene, ViewLayer | Updating Images | Loading moon-wood.png.005
Fra:1 Mem:3397.28M (Peak 3397.28M) | Time:00:01.27 | Mem:417.62M, Peak:417.62M | Scene, ViewLayer | Updating Images | Loading moon-latticewood.png
Fra:1 Mem:3397.79M (Peak 3397.79M) | Time:00:01.27 | Mem:417.88M, Peak:417.88M | Scene, ViewLayer | Updating Images | Loading moon-latticewood.png.001
Fra:1 Mem:3398.04M (Peak 3398.04M) | Time:00:01.27 | Mem:418.12M, Peak:418.12M | Scene, ViewLayer | Updating Images | Loading moon-latticewood.png.002
Fra:1 Mem:3397.78M (Peak 3398.04M) | Time:00:01.27 | Mem:418.38M, Peak:418.38M | Scene, ViewLayer | Updating Images | Loading temple-paper.png.006
Fra:1 Mem:3398.02M (Peak 3398.04M) | Time:00:01.27 | Mem:418.62M, Peak:418.62M | Scene, ViewLayer | Updating Images | Loading moon-latticewood.png.003
Fra:1 Mem:3398.53M (Peak 3398.53M) | Time:00:01.27 | Mem:418.88M, Peak:418.88M | Scene, ViewLayer | Updating Images | Loading moon-latticewood.png.004
Fra:1 Mem:3399.04M (Peak 3399.04M) | Time:00:01.27 | Mem:419.12M, Peak:419.12M | Scene, ViewLayer | Updating Images | Loading moon-latticewood.png.005
Fra:1 Mem:3399.03M (Peak 3399.04M) | Time:00:01.27 | Mem:419.38M, Peak:419.38M | Scene, ViewLayer | Updating Images | Loading waterside-screen.png
Fra:1 Mem:3399.02M (Peak 3399.04M) | Time:00:01.27 | Mem:419.62M, Peak:419.62M | Scene, ViewLayer | Updating Images | Loading moon-screen.png
Fra:1 Mem:3399.79M (Peak 3399.79M) | Time:00:01.27 | Mem:419.88M, Peak:419.88M | Scene, ViewLayer | Updating Images | Loading moon-screen.png.001
Fra:1 Mem:3399.53M (Peak 3399.79M) | Time:00:01.27 | Mem:420.12M, Peak:420.12M | Scene, ViewLayer | Updating Images | Loading temple-paper.png.005
Fra:1 Mem:3399.52M (Peak 3399.79M) | Time:00:01.27 | Mem:420.38M, Peak:420.38M | Scene, ViewLayer | Updating Images | Loading moon-screen.png.002
Fra:1 Mem:3400.02M (Peak 3400.02M) | Time:00:01.27 | Mem:420.62M, Peak:420.62M | Scene, ViewLayer | Updating Images | Loading moon-screen.png.003
Fra:1 Mem:3400.27M (Peak 3400.27M) | Time:00:01.27 | Mem:420.88M, Peak:420.88M | Scene, ViewLayer | Updating Images | Loading moon-screen.png.004
Fra:1 Mem:3401.55M (Peak 3401.55M) | Time:00:01.27 | Mem:421.12M, Peak:421.12M | Scene, ViewLayer | Updating Images | Loading moon-screen.png.005
Fra:1 Mem:3401.55M (Peak 3401.55M) | Time:00:01.27 | Mem:421.38M, Peak:421.38M | Scene, ViewLayer | Updating Images | Loading moon-roof.png
Fra:1 Mem:3401.29M (Peak 3401.55M) | Time:00:01.27 | Mem:421.62M, Peak:421.62M | Scene, ViewLayer | Updating Images | Loading temple-paper.png.004
Fra:1 Mem:3401.53M (Peak 3401.55M) | Time:00:01.27 | Mem:421.88M, Peak:421.88M | Scene, ViewLayer | Updating Images | Loading moon-roof.png.001
Fra:1 Mem:3401.52M (Peak 3401.55M) | Time:00:01.27 | Mem:422.12M, Peak:422.12M | Scene, ViewLayer | Updating Images | Loading moon-roof.png.002
Fra:1 Mem:3401.77M (Peak 3401.77M) | Time:00:01.27 | Mem:422.38M, Peak:422.38M | Scene, ViewLayer | Updating Images | Loading moon-roof.png.003
Fra:1 Mem:3402.02M (Peak 3402.02M) | Time:00:01.27 | Mem:422.62M, Peak:422.62M | Scene, ViewLayer | Updating Images | Loading moon-roof.png.004
Fra:1 Mem:3402.79M (Peak 3402.79M) | Time:00:01.27 | Mem:423.12M, Peak:423.12M | Scene, ViewLayer | Updating Images | Loading temple-paper.png.003
Fra:1 Mem:3402.53M (Peak 3402.79M) | Time:00:01.27 | Mem:423.38M, Peak:423.38M | Scene, ViewLayer | Updating Images | Loading moon-roof.png.005
Fra:1 Mem:3402.78M (Peak 3402.79M) | Time:00:01.27 | Mem:423.38M, Peak:423.38M | Scene, ViewLayer | Updating Images | Loading moon-tilelight.png
Fra:1 Mem:3402.77M (Peak 3402.79M) | Time:00:01.27 | Mem:423.62M, Peak:423.62M | Scene, ViewLayer | Updating Images | Loading moon-tilelight.png.001
Fra:1 Mem:3403.27M (Peak 3403.27M) | Time:00:01.27 | Mem:423.88M, Peak:423.88M | Scene, ViewLayer | Updating Images | Loading moon-tilelight.png.002
Fra:1 Mem:3403.79M (Peak 3403.79M) | Time:00:01.27 | Mem:424.12M, Peak:424.12M | Scene, ViewLayer | Updating Images | Loading moon-tilelight.png.003
Fra:1 Mem:3403.78M (Peak 3403.79M) | Time:00:01.27 | Mem:424.38M, Peak:424.38M | Scene, ViewLayer | Updating Images | Loading moon-tilelight.png.004
Fra:1 Mem:3404.02M (Peak 3404.02M) | Time:00:01.27 | Mem:424.62M, Peak:424.62M | Scene, ViewLayer | Updating Images | Loading temple-paper.png.002
Fra:1 Mem:3404.02M (Peak 3404.02M) | Time:00:01.27 | Mem:424.88M, Peak:424.88M | Scene, ViewLayer | Updating Images | Loading moon-tilelight.png.005
Fra:1 Mem:3404.27M (Peak 3404.27M) | Time:00:01.27 | Mem:425.12M, Peak:425.12M | Scene, ViewLayer | Updating Images | Loading moon-tile.png
Fra:1 Mem:3404.78M (Peak 3404.78M) | Time:00:01.27 | Mem:425.38M, Peak:425.38M | Scene, ViewLayer | Updating Images | Loading moon-tile.png.001
Fra:1 Mem:3404.52M (Peak 3404.78M) | Time:00:01.27 | Mem:425.62M, Peak:425.62M | Scene, ViewLayer | Updating Images | Loading moon-tile.png.002
Fra:1 Mem:3405.79M (Peak 3405.79M) | Time:00:01.27 | Mem:425.88M, Peak:425.88M | Scene, ViewLayer | Updating Images | Loading moon-tile.png.003
Fra:1 Mem:3406.30M (Peak 3406.30M) | Time:00:01.27 | Mem:426.12M, Peak:426.12M | Scene, ViewLayer | Updating Images | Loading temple-paper.png.001
Fra:1 Mem:3406.29M (Peak 3406.30M) | Time:00:01.27 | Mem:426.38M, Peak:426.38M | Scene, ViewLayer | Updating Images | Loading moon-tile.png.004
Fra:1 Mem:3406.03M (Peak 3406.30M) | Time:00:01.27 | Mem:426.62M, Peak:426.62M | Scene, ViewLayer | Updating Images | Loading moon-tile.png.005
Fra:1 Mem:3405.77M (Peak 3406.30M) | Time:00:01.27 | Mem:426.88M, Peak:426.88M | Scene, ViewLayer | Updating Images | Loading moon-tiledark.png
Fra:1 Mem:3406.52M (Peak 3406.52M) | Time:00:01.27 | Mem:427.12M, Peak:427.12M | Scene, ViewLayer | Updating Images | Loading moon-tiledark.png.001
Fra:1 Mem:3406.77M (Peak 3406.77M) | Time:00:01.27 | Mem:427.38M, Peak:427.38M | Scene, ViewLayer | Updating Images | Loading moon-tiledark.png.002
Fra:1 Mem:3407.28M (Peak 3407.28M) | Time:00:01.27 | Mem:427.62M, Peak:427.62M | Scene, ViewLayer | Updating Images | Loading moon-tiledark.png.003
Fra:1 Mem:3407.53M (Peak 3407.53M) | Time:00:01.27 | Mem:427.88M, Peak:427.88M | Scene, ViewLayer | Updating Images | Loading temple-paper.png
Fra:1 Mem:3407.52M (Peak 3407.53M) | Time:00:01.27 | Mem:428.12M, Peak:428.12M | Scene, ViewLayer | Updating Images | Loading moon-tiledark.png.004
Fra:1 Mem:3407.77M (Peak 3407.77M) | Time:00:01.27 | Mem:428.38M, Peak:428.38M | Scene, ViewLayer | Updating Images | Loading moon-tiledark.png.005
Fra:1 Mem:3408.28M (Peak 3408.28M) | Time:00:01.27 | Mem:428.62M, Peak:428.62M | Scene, ViewLayer | Updating Images | Loading waterside-bark.png
Fra:1 Mem:3408.28M (Peak 3408.28M) | Time:00:01.27 | Mem:428.88M, Peak:428.88M | Scene, ViewLayer | Updating Images | Loading moon-bark.png
Fra:1 Mem:3408.28M (Peak 3408.28M) | Time:00:01.27 | Mem:429.12M, Peak:429.12M | Scene, ViewLayer | Updating Images | Loading moon-bark.png.001
Fra:1 Mem:3408.78M (Peak 3408.78M) | Time:00:01.27 | Mem:429.38M, Peak:429.38M | Scene, ViewLayer | Updating Images | Loading moon-bark.png.002
Fra:1 Mem:3409.02M (Peak 3409.02M) | Time:00:01.27 | Mem:429.62M, Peak:429.62M | Scene, ViewLayer | Updating Images | Loading moon-bark.png.003
Fra:1 Mem:3409.27M (Peak 3409.27M) | Time:00:01.27 | Mem:429.88M, Peak:429.88M | Scene, ViewLayer | Updating Images | Loading temple-screen.png.006
Fra:1 Mem:3409.52M (Peak 3409.52M) | Time:00:01.27 | Mem:430.12M, Peak:430.12M | Scene, ViewLayer | Updating Images | Loading moon-bark.png.004
Fra:1 Mem:3409.77M (Peak 3409.77M) | Time:00:01.27 | Mem:430.38M, Peak:430.38M | Scene, ViewLayer | Updating Images | Loading moon-bark.png.005
Fra:1 Mem:3410.28M (Peak 3410.28M) | Time:00:01.27 | Mem:430.62M, Peak:430.62M | Scene, ViewLayer | Updating Images | Loading waterside-paving.png
Fra:1 Mem:3410.53M (Peak 3410.53M) | Time:00:01.27 | Mem:430.88M, Peak:430.88M | Scene, ViewLayer | Updating Images | Loading moon-paving.png
Fra:1 Mem:3410.27M (Peak 3410.53M) | Time:00:01.27 | Mem:431.12M, Peak:431.12M | Scene, ViewLayer | Updating Images | Loading temple-screen.png.005
Fra:1 Mem:3410.77M (Peak 3410.77M) | Time:00:01.27 | Mem:431.38M, Peak:431.38M | Scene, ViewLayer | Updating Images | Loading moon-paving.png.001
Fra:1 Mem:3411.54M (Peak 3411.54M) | Time:00:01.27 | Mem:431.62M, Peak:431.62M | Scene, ViewLayer | Updating Images | Loading moon-paving.png.002
Fra:1 Mem:3411.28M (Peak 3411.54M) | Time:00:01.27 | Mem:431.88M, Peak:431.88M | Scene, ViewLayer | Updating Images | Loading moon-paving.png.003
Fra:1 Mem:3411.27M (Peak 3411.54M) | Time:00:01.27 | Mem:432.12M, Peak:432.12M | Scene, ViewLayer | Updating Images | Loading moon-paving.png.004
Fra:1 Mem:3412.29M (Peak 3412.29M) | Time:00:01.28 | Mem:432.38M, Peak:432.38M | Scene, ViewLayer | Updating Images | Loading moon-paving.png.005
Fra:1 Mem:3412.03M (Peak 3412.29M) | Time:00:01.28 | Mem:432.62M, Peak:432.62M | Scene, ViewLayer | Updating Images | Loading moon-plaster.png
Fra:1 Mem:3413.05M (Peak 3413.05M) | Time:00:01.28 | Mem:432.88M, Peak:432.88M | Scene, ViewLayer | Updating Images | Loading temple-screen.png.004
Fra:1 Mem:3413.05M (Peak 3413.05M) | Time:00:01.28 | Mem:433.12M, Peak:433.12M | Scene, ViewLayer | Updating Images | Loading moon-plaster.png.001
Fra:1 Mem:3413.03M (Peak 3413.05M) | Time:00:01.28 | Mem:433.62M, Peak:433.62M | Scene, ViewLayer | Updating Images | Loading moon-plaster.png.002
Fra:1 Mem:3412.51M (Peak 3413.05M) | Time:00:01.28 | Mem:434.12M, Peak:434.12M | Scene, ViewLayer | Updating Images | Loading moon-plaster.png.004
Fra:1 Mem:3412.51M (Peak 3413.05M) | Time:00:01.28 | Mem:434.12M, Peak:434.12M | Scene, ViewLayer | Updating Images | Loading moon-plaster.png.005
Fra:1 Mem:3414.03M (Peak 3414.03M) | Time:00:01.28 | Mem:434.38M, Peak:434.38M | Scene, ViewLayer | Updating Images | Loading r15_goldroof_diff
Fra:1 Mem:3414.77M (Peak 3415.03M) | Time:00:01.28 | Mem:434.62M, Peak:434.62M | Scene, ViewLayer | Updating Images | Loading r15_goldroof_nor_gl
Fra:1 Mem:3416.03M (Peak 3416.03M) | Time:00:01.28 | Mem:434.88M, Peak:434.88M | Scene, ViewLayer | Updating Images | Loading r15_goldroof_rough
Fra:1 Mem:3416.03M (Peak 3416.03M) | Time:00:01.28 | Mem:435.12M, Peak:435.12M | Scene, ViewLayer | Updating Images | Loading ceremonial-goldroof.png
Fra:1 Mem:3417.02M (Peak 3417.03M) | Time:00:01.28 | Mem:435.38M, Peak:435.38M | Scene, ViewLayer | Updating Images | Loading temple-screen.png.003
Fra:1 Mem:3417.79M (Peak 3417.79M) | Time:00:01.28 | Mem:435.62M, Peak:435.62M | Scene, ViewLayer | Updating Images | Loading ceremonial-goldroof.png.001
Fra:1 Mem:3417.53M (Peak 3417.79M) | Time:00:01.28 | Mem:435.88M, Peak:435.88M | Scene, ViewLayer | Updating Images | Loading ceremonial-goldroof.png.002
Fra:1 Mem:3417.27M (Peak 3417.79M) | Time:00:01.28 | Mem:436.12M, Peak:436.12M | Scene, ViewLayer | Updating Images | Loading ceremonial-goldroof.png.003
Fra:1 Mem:3418.02M (Peak 3418.02M) | Time:00:01.28 | Mem:436.38M, Peak:436.38M | Scene, ViewLayer | Updating Images | Loading temple-screen.png.002
Fra:1 Mem:3418.54M (Peak 3418.54M) | Time:00:01.28 | Mem:436.62M, Peak:436.62M | Scene, ViewLayer | Updating Images | Loading ceremonial-goldroof.png.004
Fra:1 Mem:3418.53M (Peak 3418.54M) | Time:00:01.28 | Mem:436.88M, Peak:436.88M | Scene, ViewLayer | Updating Images | Loading ceremonial-goldroof.png.005
Fra:1 Mem:3418.27M (Peak 3418.54M) | Time:00:01.28 | Mem:437.12M, Peak:437.12M | Scene, ViewLayer | Updating Images | Loading ceremonial-goldroof.png.006
Fra:1 Mem:3419.02M (Peak 3419.02M) | Time:00:01.28 | Mem:437.38M, Peak:437.38M | Scene, ViewLayer | Updating Images | Loading r15_goldtilelight_diff
Fra:1 Mem:3420.54M (Peak 3421.29M) | Time:00:01.28 | Mem:438.38M, Peak:438.38M | Scene, ViewLayer | Updating Images | Loading r15_goldtilelight_nor_gl
Fra:1 Mem:3420.28M (Peak 3421.29M) | Time:00:01.28 | Mem:438.62M, Peak:438.62M | Scene, ViewLayer | Updating Images | Loading r15_goldtilelight_rough
Fra:1 Mem:3421.02M (Peak 3421.29M) | Time:00:01.28 | Mem:438.88M, Peak:438.88M | Scene, ViewLayer | Updating Images | Loading temple-screen.png.001
Fra:1 Mem:3422.27M (Peak 3422.27M) | Time:00:01.28 | Mem:439.12M, Peak:439.12M | Scene, ViewLayer | Updating Images | Loading ceremonial-goldtilelight.png
Fra:1 Mem:3422.52M (Peak 3422.52M) | Time:00:01.28 | Mem:439.38M, Peak:439.38M | Scene, ViewLayer | Updating Images | Loading ceremonial-goldtilelight.png.001
Fra:1 Mem:3422.77M (Peak 3422.77M) | Time:00:01.28 | Mem:439.62M, Peak:439.62M | Scene, ViewLayer | Updating Images | Loading temple-screen.png
Fra:1 Mem:3423.02M (Peak 3423.02M) | Time:00:01.28 | Mem:439.88M, Peak:439.88M | Scene, ViewLayer | Updating Images | Loading ceremonial-goldtilelight.png.002
Fra:1 Mem:3424.28M (Peak 3424.28M) | Time:00:01.28 | Mem:440.12M, Peak:440.12M | Scene, ViewLayer | Updating Images | Loading ceremonial-goldtilelight.png.003
Fra:1 Mem:3424.28M (Peak 3425.29M) | Time:00:01.28 | Mem:441.12M, Peak:441.12M | Scene, ViewLayer | Updating Images | Loading ceremonial-goldtilelight.png.004
Fra:1 Mem:3424.03M (Peak 3425.29M) | Time:00:01.28 | Mem:442.12M, Peak:442.12M | Scene, ViewLayer | Updating Images | Loading ceremonial-goldtilelight.png.005
Fra:1 Mem:3425.03M (Peak 3425.29M) | Time:00:01.28 | Mem:442.38M, Peak:442.38M | Scene, ViewLayer | Updating Images | Loading temple-paving.png.006
Fra:1 Mem:3424.53M (Peak 3425.29M) | Time:00:01.28 | Mem:443.38M, Peak:443.38M | Scene, ViewLayer | Updating Images | Loading ceremonial-goldtilelight.png.006
Fra:1 Mem:3424.52M (Peak 3425.29M) | Time:00:01.28 | Mem:443.62M, Peak:443.62M | Scene, ViewLayer | Updating Images | Loading r15_goldtile_diff
Fra:1 Mem:3425.78M (Peak 3425.78M) | Time:00:01.28 | Mem:443.88M, Peak:443.88M | Scene, ViewLayer | Updating Images | Loading r15_goldtile_nor_gl
Fra:1 Mem:3426.52M (Peak 3426.78M) | Time:00:01.28 | Mem:444.12M, Peak:444.12M | Scene, ViewLayer | Updating Images | Loading r15_goldtile_rough
Fra:1 Mem:3428.04M (Peak 3428.04M) | Time:00:01.28 | Mem:444.38M, Peak:444.38M | Scene, ViewLayer | Updating Images | Loading ceremonial-goldtile.png
Fra:1 Mem:3428.03M (Peak 3428.04M) | Time:00:01.28 | Mem:444.62M, Peak:444.62M | Scene, ViewLayer | Updating Images | Loading ceremonial-goldtile.png.001
Fra:1 Mem:3428.02M (Peak 3428.04M) | Time:00:01.28 | Mem:444.88M, Peak:444.88M | Scene, ViewLayer | Updating Images | Loading temple-paving.png.005
Fra:1 Mem:3428.27M (Peak 3429.28M) | Time:00:01.28 | Mem:445.88M, Peak:445.88M | Scene, ViewLayer | Updating Images | Loading ceremonial-goldtile.png.002
Fra:1 Mem:3429.79M (Peak 3429.79M) | Time:00:01.28 | Mem:446.12M, Peak:446.12M | Scene, ViewLayer | Updating Images | Loading ceremonial-goldtile.png.003
Fra:1 Mem:3429.53M (Peak 3429.79M) | Time:00:01.28 | Mem:446.38M, Peak:446.38M | Scene, ViewLayer | Updating Images | Loading ceremonial-goldtile.png.004
Fra:1 Mem:3429.54M (Peak 3429.79M) | Time:00:01.28 | Mem:447.38M, Peak:447.38M | Scene, ViewLayer | Updating Images | Loading ceremonial-goldtile.png.005
Fra:1 Mem:3429.28M (Peak 3429.79M) | Time:00:01.28 | Mem:447.62M, Peak:447.62M | Scene, ViewLayer | Updating Images | Loading temple-paving.png.004
Fra:1 Mem:3429.27M (Peak 3429.79M) | Time:00:01.28 | Mem:447.88M, Peak:447.88M | Scene, ViewLayer | Updating Images | Loading ceremonial-goldtile.png.006
Fra:1 Mem:3430.78M (Peak 3431.04M) | Time:00:01.28 | Mem:448.12M, Peak:448.12M | Scene, ViewLayer | Updating Images | Loading r15_goldtiledark_diff
Fra:1 Mem:3430.77M (Peak 3431.78M) | Time:00:01.29 | Mem:449.12M, Peak:449.12M | Scene, ViewLayer | Updating Images | Loading r15_goldtiledark_nor_gl
Fra:1 Mem:3432.03M (Peak 3432.03M) | Time:00:01.29 | Mem:449.38M, Peak:449.38M | Scene, ViewLayer | Updating Images | Loading temple-paving.png.003
Fra:1 Mem:3432.02M (Peak 3432.03M) | Time:00:01.29 | Mem:449.62M, Peak:449.62M | Scene, ViewLayer | Updating Images | Loading r15_goldtiledark_rough
Fra:1 Mem:3433.28M (Peak 3433.28M) | Time:00:01.29 | Mem:449.88M, Peak:449.88M | Scene, ViewLayer | Updating Images | Loading ceremonial-goldtiledark.png
Fra:1 Mem:3434.54M (Peak 3434.80M) | Time:00:01.29 | Mem:450.12M, Peak:450.12M | Scene, ViewLayer | Updating Images | Loading temple-paving.png.002
Fra:1 Mem:3434.53M (Peak 3434.80M) | Time:00:01.29 | Mem:450.38M, Peak:450.38M | Scene, ViewLayer | Updating Images | Loading ceremonial-goldtiledark.png.001
Fra:1 Mem:3434.78M (Peak 3435.79M) | Time:00:01.29 | Mem:451.38M, Peak:451.38M | Scene, ViewLayer | Updating Images | Loading ceremonial-goldtiledark.png.002
Fra:1 Mem:3434.02M (Peak 3435.79M) | Time:00:01.29 | Mem:452.38M, Peak:452.38M | Scene, ViewLayer | Updating Images | Loading ceremonial-goldtiledark.png.003
Fra:1 Mem:3434.28M (Peak 3435.79M) | Time:00:01.29 | Mem:452.62M, Peak:452.62M | Scene, ViewLayer | Updating Images | Loading temple-paving.png.001
Fra:1 Mem:3434.27M (Peak 3435.79M) | Time:00:01.29 | Mem:452.88M, Peak:452.88M | Scene, ViewLayer | Updating Images | Loading ceremonial-goldtiledark.png.004
Fra:1 Mem:3434.77M (Peak 3435.79M) | Time:00:01.29 | Mem:453.12M, Peak:453.12M | Scene, ViewLayer | Updating Images | Loading ceremonial-goldtiledark.png.005
Fra:1 Mem:3435.02M (Peak 3435.79M) | Time:00:01.29 | Mem:453.38M, Peak:453.38M | Scene, ViewLayer | Updating Images | Loading ceremonial-goldtiledark.png.006
Fra:1 Mem:3435.27M (Peak 3435.79M) | Time:00:01.29 | Mem:453.62M, Peak:453.62M | Scene, ViewLayer | Updating Images | Loading ceremonial-gold.png
Fra:1 Mem:3435.52M (Peak 3436.53M) | Time:00:01.29 | Mem:454.62M, Peak:454.62M | Scene, ViewLayer | Updating Images | Loading ceremonial-gold.png.001
Fra:1 Mem:3436.78M (Peak 3436.78M) | Time:00:01.29 | Mem:454.88M, Peak:454.88M | Scene, ViewLayer | Updating Images | Loading ceremonial-gold.png.002
Fra:1 Mem:3436.54M (Peak 3436.78M) | Time:00:01.29 | Mem:455.88M, Peak:455.88M | Scene, ViewLayer | Updating Images | Loading ceremonial-gold.png.003
Fra:1 Mem:3436.28M (Peak 3436.78M) | Time:00:01.29 | Mem:456.12M, Peak:456.12M | Scene, ViewLayer | Updating Images | Loading temple-paving.png
Fra:1 Mem:3436.27M (Peak 3436.78M) | Time:00:01.29 | Mem:456.38M, Peak:456.38M | Scene, ViewLayer | Updating Images | Loading ceremonial-gold.png.004
Fra:1 Mem:3436.77M (Peak 3436.78M) | Time:00:01.29 | Mem:456.62M, Peak:456.62M | Scene, ViewLayer | Updating Images | Loading ceremonial-gold.png.005
Fra:1 Mem:3437.28M (Peak 3437.28M) | Time:00:01.29 | Mem:456.88M, Peak:456.88M | Scene, ViewLayer | Updating Images | Loading ceremonial-gold.png.006
Fra:1 Mem:3437.53M (Peak 3437.53M) | Time:00:01.29 | Mem:457.12M, Peak:457.12M | Scene, ViewLayer | Updating Images | Loading ceremonial-courtbase.png
Fra:1 Mem:3437.52M (Peak 3437.53M) | Time:00:01.29 | Mem:457.38M, Peak:457.38M | Scene, ViewLayer | Updating Images | Loading ceremonial-courtbase.png.001
Fra:1 Mem:3438.03M (Peak 3438.03M) | Time:00:01.29 | Mem:457.62M, Peak:457.62M | Scene, ViewLayer | Updating Images | Loading ceremonial-courtbase.png.002
Fra:1 Mem:3438.28M (Peak 3438.28M) | Time:00:01.29 | Mem:457.88M, Peak:457.88M | Scene, ViewLayer | Updating Images | Loading ceremonial-courtbase.png.003
Fra:1 Mem:3438.27M (Peak 3438.28M) | Time:00:01.29 | Mem:458.12M, Peak:458.12M | Scene, ViewLayer | Updating Images | Loading temple-tiledark.png.006
Fra:1 Mem:3438.78M (Peak 3438.78M) | Time:00:01.29 | Mem:458.38M, Peak:458.38M | Scene, ViewLayer | Updating Images | Loading ceremonial-courtbase.png.004
Fra:1 Mem:3438.77M (Peak 3438.78M) | Time:00:01.29 | Mem:458.62M, Peak:458.62M | Scene, ViewLayer | Updating Images | Loading ceremonial-courtbase.png.005
Fra:1 Mem:3439.28M (Peak 3439.28M) | Time:00:01.29 | Mem:458.88M, Peak:458.88M | Scene, ViewLayer | Updating Images | Loading ceremonial-courtbase.png.006
Fra:1 Mem:3439.53M (Peak 3439.53M) | Time:00:01.29 | Mem:459.12M, Peak:459.12M | Scene, ViewLayer | Updating Images | Loading temple-tiledark.png.005
Fra:1 Mem:3439.78M (Peak 3439.78M) | Time:00:01.29 | Mem:459.38M, Peak:459.38M | Scene, ViewLayer | Updating Images | Loading ceremonial-paper.png
Fra:1 Mem:3439.77M (Peak 3439.78M) | Time:00:01.29 | Mem:459.62M, Peak:459.62M | Scene, ViewLayer | Updating Images | Loading ceremonial-paper.png.001
Fra:1 Mem:3440.02M (Peak 3440.02M) | Time:00:01.29 | Mem:459.88M, Peak:459.88M | Scene, ViewLayer | Updating Images | Loading ceremonial-paper.png.002
Fra:1 Mem:3441.28M (Peak 3441.54M) | Time:00:01.29 | Mem:460.12M, Peak:460.12M | Scene, ViewLayer | Updating Images | Loading ceremonial-paper.png.003
Fra:1 Mem:3440.52M (Peak 3441.54M) | Time:00:01.29 | Mem:461.12M, Peak:461.12M | Scene, ViewLayer | Updating Images | Loading ceremonial-paper.png.004
Fra:1 Mem:3441.03M (Peak 3441.54M) | Time:00:01.29 | Mem:461.38M, Peak:461.38M | Scene, ViewLayer | Updating Images | Loading ceremonial-paper.png.005
Fra:1 Mem:3441.02M (Peak 3441.54M) | Time:00:01.29 | Mem:461.62M, Peak:461.62M | Scene, ViewLayer | Updating Images | Loading temple-tiledark.png.004
Fra:1 Mem:3441.53M (Peak 3441.54M) | Time:00:01.29 | Mem:461.88M, Peak:461.88M | Scene, ViewLayer | Updating Images | Loading ceremonial-paper.png.006
Fra:1 Mem:3441.52M (Peak 3441.54M) | Time:00:01.29 | Mem:462.12M, Peak:462.12M | Scene, ViewLayer | Updating Images | Loading ceremonial-ivory.png
Fra:1 Mem:3441.77M (Peak 3441.77M) | Time:00:01.29 | Mem:462.38M, Peak:462.38M | Scene, ViewLayer | Updating Images | Loading ceremonial-ivory.png.001
Fra:1 Mem:3442.54M (Peak 3442.54M) | Time:00:01.29 | Mem:462.62M, Peak:462.62M | Scene, ViewLayer | Updating Images | Loading ceremonial-ivory.png.002
Fra:1 Mem:3442.79M (Peak 3442.79M) | Time:00:01.29 | Mem:462.88M, Peak:462.88M | Scene, ViewLayer | Updating Images | Loading temple-tiledark.png.003
Fra:1 Mem:3442.78M (Peak 3442.79M) | Time:00:01.29 | Mem:463.12M, Peak:463.12M | Scene, ViewLayer | Updating Images | Loading ceremonial-ivory.png.003
Fra:1 Mem:3442.78M (Peak 3442.79M) | Time:00:01.29 | Mem:463.38M, Peak:463.38M | Scene, ViewLayer | Updating Images | Loading ceremonial-ivory.png.004
Fra:1 Mem:3443.28M (Peak 3443.28M) | Time:00:01.29 | Mem:463.62M, Peak:463.62M | Scene, ViewLayer | Updating Images | Loading ceremonial-ivory.png.005
Fra:1 Mem:3443.27M (Peak 3443.28M) | Time:00:01.29 | Mem:463.88M, Peak:463.88M | Scene, ViewLayer | Updating Images | Loading ceremonial-ivory.png.006
Fra:1 Mem:3444.30M (Peak 3444.30M) | Time:00:01.29 | Mem:464.12M, Peak:464.12M | Scene, ViewLayer | Updating Images | Loading ceremonial-bamboo.png
Fra:1 Mem:3444.29M (Peak 3444.30M) | Time:00:01.29 | Mem:464.38M, Peak:464.38M | Scene, ViewLayer | Updating Images | Loading ceremonial-bamboo.png.001
Fra:1 Mem:3444.03M (Peak 3444.30M) | Time:00:01.29 | Mem:464.62M, Peak:464.62M | Scene, ViewLayer | Updating Images | Loading temple-tiledark.png.002
Fra:1 Mem:3444.27M (Peak 3444.30M) | Time:00:01.29 | Mem:464.88M, Peak:464.88M | Scene, ViewLayer | Updating Images | Loading ceremonial-bamboo.png.002
Fra:1 Mem:3444.52M (Peak 3444.52M) | Time:00:01.29 | Mem:465.12M, Peak:465.12M | Scene, ViewLayer | Updating Images | Loading ceremonial-bamboo.png.003
Fra:1 Mem:3445.03M (Peak 3445.03M) | Time:00:01.29 | Mem:465.38M, Peak:465.38M | Scene, ViewLayer | Updating Images | Loading ceremonial-bamboo.png.004
Fra:1 Mem:3445.03M (Peak 3445.03M) | Time:00:01.29 | Mem:465.62M, Peak:465.62M | Scene, ViewLayer | Updating Images | Loading ceremonial-bamboo.png.005
Fra:1 Mem:3445.53M (Peak 3445.53M) | Time:00:01.29 | Mem:465.88M, Peak:465.88M | Scene, ViewLayer | Updating Images | Loading ceremonial-bamboo.png.006
Fra:1 Mem:3445.78M (Peak 3445.78M) | Time:00:01.29 | Mem:466.12M, Peak:466.12M | Scene, ViewLayer | Updating Images | Loading temple-tiledark.png.001
Fra:1 Mem:3446.03M (Peak 3446.03M) | Time:00:01.29 | Mem:466.38M, Peak:466.38M | Scene, ViewLayer | Updating Images | Loading ceremonial-bark.png
Fra:1 Mem:3446.02M (Peak 3446.03M) | Time:00:01.29 | Mem:466.62M, Peak:466.62M | Scene, ViewLayer | Updating Images | Loading ceremonial-bark.png.001
Fra:1 Mem:3446.53M (Peak 3446.53M) | Time:00:01.29 | Mem:466.88M, Peak:466.88M | Scene, ViewLayer | Updating Images | Loading ceremonial-bark.png.002
Fra:1 Mem:3446.53M (Peak 3446.53M) | Time:00:01.29 | Mem:467.12M, Peak:467.12M | Scene, ViewLayer | Updating Images | Loading ceremonial-bark.png.003
Fra:1 Mem:3446.52M (Peak 3446.53M) | Time:00:01.29 | Mem:467.38M, Peak:467.38M | Scene, ViewLayer | Updating Images | Loading ceremonial-bark.png.004
Fra:1 Mem:3447.28M (Peak 3447.28M) | Time:00:01.29 | Mem:467.62M, Peak:467.62M | Scene, ViewLayer | Updating Images | Loading temple-tiledark.png
Fra:1 Mem:3447.27M (Peak 3447.28M) | Time:00:01.29 | Mem:467.88M, Peak:467.88M | Scene, ViewLayer | Updating Images | Loading ceremonial-bark.png.005
Fra:1 Mem:3447.78M (Peak 3447.78M) | Time:00:01.29 | Mem:468.12M, Peak:468.12M | Scene, ViewLayer | Updating Images | Loading ceremonial-bark.png.006
Fra:1 Mem:3448.29M (Peak 3448.29M) | Time:00:01.29 | Mem:468.38M, Peak:468.38M | Scene, ViewLayer | Updating Images | Loading ceremonial-botanical_stem.png
Fra:1 Mem:3448.28M (Peak 3448.29M) | Time:00:01.29 | Mem:468.62M, Peak:468.62M | Scene, ViewLayer | Updating Images | Loading ceremonial-botanical_stem.png.001
Fra:1 Mem:3448.03M (Peak 3448.29M) | Time:00:01.29 | Mem:468.88M, Peak:468.88M | Scene, ViewLayer | Updating Images | Loading ceremonial-botanical_stem.png.002
Fra:1 Mem:3448.52M (Peak 3448.52M) | Time:00:01.29 | Mem:469.12M, Peak:469.12M | Scene, ViewLayer | Updating Images | Loading ceremonial-botanical_stem.png.003
Fra:1 Mem:3449.04M (Peak 3449.04M) | Time:00:01.29 | Mem:469.38M, Peak:469.38M | Scene, ViewLayer | Updating Images | Loading temple-tile.png.006
Fra:1 Mem:3449.03M (Peak 3449.04M) | Time:00:01.29 | Mem:469.62M, Peak:469.62M | Scene, ViewLayer | Updating Images | Loading ceremonial-botanical_stem.png.004
Fra:1 Mem:3449.27M (Peak 3449.27M) | Time:00:01.29 | Mem:469.88M, Peak:469.88M | Scene, ViewLayer | Updating Images | Loading ceremonial-botanical_stem.png.005
Fra:1 Mem:3450.04M (Peak 3450.04M) | Time:00:01.30 | Mem:470.12M, Peak:470.12M | Scene, ViewLayer | Updating Images | Loading ceremonial-botanical_stem.png.006
Fra:1 Mem:3450.03M (Peak 3450.04M) | Time:00:01.30 | Mem:470.38M, Peak:470.38M | Scene, ViewLayer | Updating Images | Loading ceremonial-botanical_bamboo.png
Fra:1 Mem:3450.02M (Peak 3450.04M) | Time:00:01.30 | Mem:470.62M, Peak:470.62M | Scene, ViewLayer | Updating Images | Loading ceremonial-botanical_bamboo.png.001
Fra:1 Mem:3450.27M (Peak 3450.27M) | Time:00:01.30 | Mem:470.88M, Peak:470.88M | Scene, ViewLayer | Updating Images | Loading temple-tile.png.005
Fra:1 Mem:3450.52M (Peak 3450.52M) | Time:00:01.30 | Mem:471.12M, Peak:471.12M | Scene, ViewLayer | Updating Images | Loading ceremonial-botanical_bamboo.png.002
Fra:1 Mem:3451.03M (Peak 3451.03M) | Time:00:01.30 | Mem:471.38M, Peak:471.38M | Scene, ViewLayer | Updating Images | Loading ceremonial-botanical_bamboo.png.003
Fra:1 Mem:3451.02M (Peak 3451.03M) | Time:00:01.30 | Mem:471.62M, Peak:471.62M | Scene, ViewLayer | Updating Images | Loading ceremonial-botanical_bamboo.png.004
Fra:1 Mem:3451.79M (Peak 3451.79M) | Time:00:01.30 | Mem:472.12M, Peak:472.12M | Scene, ViewLayer | Updating Images | Loading ceremonial-botanical_bamboo.png.005
Fra:1 Mem:3451.79M (Peak 3451.79M) | Time:00:01.30 | Mem:472.12M, Peak:472.12M | Scene, ViewLayer | Updating Images | Loading ceremonial-botanical_bamboo.png.006
Fra:1 Mem:3451.77M (Peak 3451.79M) | Time:00:01.30 | Mem:472.62M, Peak:472.62M | Scene, ViewLayer | Updating Images | Loading temple-tile.png.004
Fra:1 Mem:3451.77M (Peak 3451.79M) | Time:00:01.30 | Mem:472.62M, Peak:472.62M | Scene, ViewLayer | Updating Images | Loading ceremonial-botanical_litter.png
Fra:1 Mem:3452.27M (Peak 3452.27M) | Time:00:01.30 | Mem:472.88M, Peak:472.88M | Scene, ViewLayer | Updating Images | Loading ceremonial-botanical_litter.png.001
Fra:1 Mem:3452.78M (Peak 3452.78M) | Time:00:01.30 | Mem:473.12M, Peak:473.12M | Scene, ViewLayer | Updating Images | Loading ceremonial-botanical_litter.png.002
Fra:1 Mem:3453.06M (Peak 3453.06M) | Time:00:01.30 | Mem:473.38M, Peak:473.38M | Scene, ViewLayer | Updating Images | Loading ceremonial-botanical_litter.png.003
Fra:1 Mem:3453.04M (Peak 3453.06M) | Time:00:01.30 | Mem:473.62M, Peak:473.62M | Scene, ViewLayer | Updating Images | Loading ceremonial-botanical_litter.png.004
Fra:1 Mem:3453.04M (Peak 3453.06M) | Time:00:01.30 | Mem:473.88M, Peak:473.88M | Scene, ViewLayer | Updating Images | Loading ceremonial-botanical_litter.png.005
Fra:1 Mem:3452.52M (Peak 3453.06M) | Time:00:01.30 | Mem:474.38M, Peak:474.38M | Scene, ViewLayer | Updating Images | Loading ceremonial-botanical_litter.png.006
Fra:1 Mem:3452.52M (Peak 3453.06M) | Time:00:01.30 | Mem:474.38M, Peak:474.38M | Scene, ViewLayer | Updating Images | Loading temple-stone.png
Fra:1 Mem:3452.52M (Peak 3453.06M) | Time:00:01.30 | Mem:474.62M, Peak:474.62M | Scene, ViewLayer | Updating Images | Loading temple-tile.png.003
Fra:1 Mem:3454.79M (Peak 3454.79M) | Time:00:01.30 | Mem:475.12M, Peak:475.12M | Scene, ViewLayer | Updating Images | Loading temple-stone.png.001
Fra:1 Mem:3454.79M (Peak 3454.79M) | Time:00:01.30 | Mem:475.12M, Peak:475.12M | Scene, ViewLayer | Updating Images | Loading temple-stone.png.002
Fra:1 Mem:3455.55M (Peak 3455.55M) | Time:00:01.30 | Mem:475.38M, Peak:475.38M | Scene, ViewLayer | Updating Images | Loading temple-stone.png.003
Fra:1 Mem:3455.29M (Peak 3455.55M) | Time:00:01.30 | Mem:475.62M, Peak:475.62M | Scene, ViewLayer | Updating Images | Loading temple-stone.png.004
Fra:1 Mem:3454.77M (Peak 3455.55M) | Time:00:01.30 | Mem:476.12M, Peak:476.12M | Scene, ViewLayer | Updating Images | Loading temple-stone.png.005
Fra:1 Mem:3454.77M (Peak 3455.55M) | Time:00:01.30 | Mem:476.12M, Peak:476.12M | Scene, ViewLayer | Updating Images | Loading temple-stone.png.006
Fra:1 Mem:3455.77M (Peak 3455.77M) | Time:00:01.30 | Mem:476.38M, Peak:476.38M | Scene, ViewLayer | Updating Images | Loading temple-tile.png.002
Fra:1 Mem:3456.02M (Peak 3456.02M) | Time:00:01.30 | Mem:476.62M, Peak:476.62M | Scene, ViewLayer | Updating Images | Loading temple-cutstone.png
Fra:1 Mem:3456.02M (Peak 3456.02M) | Time:00:01.30 | Mem:476.88M, Peak:476.88M | Scene, ViewLayer | Updating Images | Loading temple-cutstone.png.001
Fra:1 Mem:3456.02M (Peak 3456.02M) | Time:00:01.30 | Mem:477.12M, Peak:477.12M | Scene, ViewLayer | Updating Images | Loading temple-cutstone.png.002
Fra:1 Mem:3457.03M (Peak 3457.03M) | Time:00:01.30 | Mem:477.38M, Peak:477.38M | Scene, ViewLayer | Updating Images | Loading temple-tile.png.001
Fra:1 Mem:3456.77M (Peak 3457.03M) | Time:00:01.30 | Mem:477.62M, Peak:477.62M | Scene, ViewLayer | Updating Images | Loading temple-cutstone.png.003
Fra:1 Mem:3456.77M (Peak 3457.03M) | Time:00:01.30 | Mem:477.88M, Peak:477.88M | Scene, ViewLayer | Updating Images | Loading temple-cutstone.png.004
Fra:1 Mem:3457.78M (Peak 3457.78M) | Time:00:01.30 | Mem:478.12M, Peak:478.12M | Scene, ViewLayer | Updating Images | Loading temple-cutstone.png.005
Fra:1 Mem:3457.77M (Peak 3457.78M) | Time:00:01.30 | Mem:478.38M, Peak:478.38M | Scene, ViewLayer | Updating Images | Loading temple-cutstone.png.006
Fra:1 Mem:3458.02M (Peak 3458.02M) | Time:00:01.30 | Mem:478.62M, Peak:478.62M | Scene, ViewLayer | Updating Images | Loading temple-tile.png
Fra:1 Mem:3458.79M (Peak 3458.79M) | Time:00:01.30 | Mem:478.88M, Peak:478.88M | Scene, ViewLayer | Updating Images | Loading temple-darkwood.png
Fra:1 Mem:3459.04M (Peak 3459.04M) | Time:00:01.30 | Mem:479.38M, Peak:479.38M | Scene, ViewLayer | Updating Images | Loading temple-darkwood.png.001
Fra:1 Mem:3458.78M (Peak 3459.04M) | Time:00:01.30 | Mem:479.62M, Peak:479.62M | Scene, ViewLayer | Updating Images | Loading temple-darkwood.png.003
Fra:1 Mem:3459.27M (Peak 3459.27M) | Time:00:01.30 | Mem:479.88M, Peak:479.88M | Scene, ViewLayer | Updating Images | Loading temple-darkwood.png.004
Fra:1 Mem:3459.52M (Peak 3459.52M) | Time:00:01.30 | Mem:480.12M, Peak:480.12M | Scene, ViewLayer | Updating Images | Loading temple-darkwood.png.005
Fra:1 Mem:3460.03M (Peak 3460.03M) | Time:00:01.30 | Mem:480.38M, Peak:480.38M | Scene, ViewLayer | Updating Images | Loading temple-darkwood.png.006
Fra:1 Mem:3460.02M (Peak 3460.03M) | Time:00:01.30 | Mem:480.62M, Peak:480.62M | Scene, ViewLayer | Updating Images | Loading temple-tilelight.png.006
Fra:1 Mem:3460.27M (Peak 3460.27M) | Time:00:01.30 | Mem:480.88M, Peak:480.88M | Scene, ViewLayer | Updating Images | Loading temple-wood.png
Fra:1 Mem:3460.52M (Peak 3460.52M) | Time:00:01.30 | Mem:481.12M, Peak:481.12M | Scene, ViewLayer | Updating Images | Loading temple-wood.png.001
Fra:1 Mem:3461.04M (Peak 3461.04M) | Time:00:01.30 | Mem:481.62M, Peak:481.62M | Scene, ViewLayer | Updating Images | Loading temple-wood.png.002
Fra:1 Mem:3461.29M (Peak 3461.29M) | Time:00:01.30 | Mem:481.62M, Peak:481.62M | Scene, ViewLayer | Updating Images | Loading temple-wood.png.003
Fra:1 Mem:3461.27M (Peak 3461.29M) | Time:00:01.30 | Mem:481.88M, Peak:481.88M | Scene, ViewLayer | Updating Images | Loading temple-wood.png.004
Fra:1 Mem:3461.53M (Peak 3461.53M) | Time:00:01.30 | Mem:482.12M, Peak:482.12M | Scene, ViewLayer | Updating Images | Loading temple-wood.png.005
Fra:1 Mem:3461.77M (Peak 3461.77M) | Time:00:01.30 | Mem:482.38M, Peak:482.38M | Scene, ViewLayer | Updating Images | Loading temple-wood.png.006
Fra:1 Mem:3462.02M (Peak 3462.02M) | Time:00:01.30 | Mem:482.62M, Peak:482.62M | Scene, ViewLayer | Updating Images | Loading temple-plaster.png
Fra:1 Mem:3462.27M (Peak 3462.27M) | Time:00:01.30 | Mem:482.88M, Peak:482.88M | Scene, ViewLayer | Updating Images | Loading temple-tilelight.png.005
Fra:1 Mem:3463.04M (Peak 3463.04M) | Time:00:01.30 | Mem:483.12M, Peak:483.12M | Scene, ViewLayer | Updating Images | Loading temple-plaster.png.001
Fra:1 Mem:3463.29M (Peak 3463.29M) | Time:00:01.30 | Mem:483.38M, Peak:483.38M | Scene, ViewLayer | Updating Images | Loading temple-plaster.png.002
Fra:1 Mem:3463.03M (Peak 3463.29M) | Time:00:01.30 | Mem:483.62M, Peak:483.62M | Scene, ViewLayer | Updating Images | Loading temple-plaster.png.003
Fra:1 Mem:3463.27M (Peak 3463.29M) | Time:00:01.30 | Mem:483.88M, Peak:483.88M | Scene, ViewLayer | Updating Images | Loading temple-plaster.png.004
Fra:1 Mem:3464.04M (Peak 3464.04M) | Time:00:01.30 | Mem:484.12M, Peak:484.12M | Scene, ViewLayer | Updating Images | Loading temple-plaster.png.005
Fra:1 Mem:3464.03M (Peak 3464.04M) | Time:00:01.30 | Mem:484.38M, Peak:484.38M | Scene, ViewLayer | Updating Images | Loading temple-plaster.png.006
Fra:1 Mem:3464.02M (Peak 3464.04M) | Time:00:01.30 | Mem:484.62M, Peak:484.62M | Scene, ViewLayer | Updating Images | Loading temple-latticewood.png
Fra:1 Mem:3464.53M (Peak 3464.53M) | Time:00:01.30 | Mem:484.88M, Peak:484.88M | Scene, ViewLayer | Updating Images | Loading temple-latticewood.png.001
Fra:1 Mem:3465.04M (Peak 3465.04M) | Time:00:01.30 | Mem:485.12M, Peak:485.12M | Scene, ViewLayer | Updating Images | Loading temple-latticewood.png.002
Fra:1 Mem:3465.03M (Peak 3465.04M) | Time:00:01.30 | Mem:485.38M, Peak:485.38M | Scene, ViewLayer | Updating Images | Loading temple-tilelight.png.004
Fra:1 Mem:3464.77M (Peak 3465.04M) | Time:00:01.30 | Mem:485.62M, Peak:485.62M | Scene, ViewLayer | Updating Images | Loading temple-latticewood.png.003
Fra:1 Mem:3465.53M (Peak 3465.53M) | Time:00:01.30 | Mem:485.88M, Peak:485.88M | Scene, ViewLayer | Updating Images | Loading temple-latticewood.png.004
Fra:1 Mem:3465.52M (Peak 3465.53M) | Time:00:01.30 | Mem:486.12M, Peak:486.12M | Scene, ViewLayer | Updating Images | Loading temple-latticewood.png.005
Fra:1 Mem:3465.77M (Peak 3465.77M) | Time:00:01.30 | Mem:486.38M, Peak:486.38M | Scene, ViewLayer | Updating Images | Loading temple-latticewood.png.006
Fra:1 Mem:3466.28M (Peak 3466.28M) | Time:00:01.30 | Mem:486.62M, Peak:486.62M | Scene, ViewLayer | Updating Images | Loading temple-roof.png
Fra:1 Mem:3466.79M (Peak 3466.79M) | Time:00:01.30 | Mem:486.88M, Peak:486.88M | Scene, ViewLayer | Updating Images | Loading temple-roof.png.001
Fra:1 Mem:3466.78M (Peak 3466.79M) | Time:00:01.31 | Mem:487.12M, Peak:487.12M | Scene, ViewLayer | Updating Images | Loading temple-roof.png.002
Fra:1 Mem:3466.77M (Peak 3466.79M) | Time:00:01.31 | Mem:487.38M, Peak:487.38M | Scene, ViewLayer | Updating Images | Loading temple-roof.png.003
Fra:1 Mem:3467.28M (Peak 3467.28M) | Time:00:01.31 | Mem:487.62M, Peak:487.62M | Scene, ViewLayer | Updating Images | Loading temple-roof.png.004
Fra:1 Mem:3467.02M (Peak 3467.28M) | Time:00:01.31 | Mem:487.88M, Peak:487.88M | Scene, ViewLayer | Updating Images | Loading temple-roof.png.005
Fra:1 Mem:3467.52M (Peak 3467.52M) | Time:00:01.31 | Mem:488.12M, Peak:488.12M | Scene, ViewLayer | Updating Images | Loading temple-tilelight.png.003
Fra:1 Mem:3468.03M (Peak 3468.03M) | Time:00:01.31 | Mem:488.62M, Peak:488.62M | Scene, ViewLayer | Updating Images | Loading temple-roof.png.006
Fra:1 Mem:3468.03M (Peak 3468.03M) | Time:00:01.31 | Mem:488.62M, Peak:488.62M | Scene, ViewLayer | Updating Images | Loading temple-tilelight.png
Fra:1 Mem:3468.02M (Peak 3468.03M) | Time:00:01.31 | Mem:488.88M, Peak:488.88M | Scene, ViewLayer | Updating Images | Loading temple-tilelight.png.001
Fra:1 Mem:3468.02M (Peak 3468.03M) | Time:00:01.31 | Mem:489.12M, Peak:489.12M | Scene, ViewLayer | Updating Images | Loading temple-tilelight.png.002
Fra:1 Mem:3017.13M (Peak 3468.03M) | Time:00:01.39 | Mem:491.12M, Peak:491.12M | Scene, ViewLayer | Waiting for render to start
Fra:1 Mem:3017.13M (Peak 3468.03M) | Time:00:01.39 | Mem:491.12M, Peak:491.12M | Scene, ViewLayer | Updating Scene
Fra:1 Mem:3017.13M (Peak 3468.03M) | Time:00:01.39 | Mem:491.12M, Peak:491.12M | Scene, ViewLayer | Updating Shaders
Fra:1 Mem:3017.13M (Peak 3468.03M) | Time:00:01.39 | Mem:491.12M, Peak:491.12M | Scene, ViewLayer | Loading render kernels (may take a few minutes the first time)
Fra:1 Mem:3017.51M (Peak 3468.03M) | Time:00:01.40 | Mem:491.43M, Peak:491.43M | Scene, ViewLayer | Updating Procedurals
Fra:1 Mem:3017.51M (Peak 3468.03M) | Time:00:01.40 | Mem:491.43M, Peak:491.43M | Scene, ViewLayer | Updating Background
Fra:1 Mem:3017.51M (Peak 3468.03M) | Time:00:01.40 | Mem:491.43M, Peak:491.43M | Scene, ViewLayer | Updating Camera
Fra:1 Mem:3017.51M (Peak 3468.03M) | Time:00:01.40 | Mem:491.43M, Peak:491.43M | Scene, ViewLayer | Updating Meshes Flags
Fra:1 Mem:3017.51M (Peak 3468.03M) | Time:00:01.40 | Mem:491.43M, Peak:491.43M | Scene, ViewLayer | Updating Objects
Fra:1 Mem:3017.51M (Peak 3468.03M) | Time:00:01.40 | Mem:491.43M, Peak:491.43M | Scene, ViewLayer | Updating Objects | Copying Transformations to device
Fra:1 Mem:3024.17M (Peak 3468.03M) | Time:00:01.40 | Mem:497.87M, Peak:497.87M | Scene, ViewLayer | Updating Particle Systems
Fra:1 Mem:3024.17M (Peak 3468.03M) | Time:00:01.40 | Mem:497.87M, Peak:497.87M | Scene, ViewLayer | Updating Particle Systems | Copying Particles to device
Fra:1 Mem:3024.17M (Peak 3468.03M) | Time:00:01.40 | Mem:497.87M, Peak:497.87M | Scene, ViewLayer | Updating Meshes
Fra:1 Mem:3210.27M (Peak 3468.03M) | Time:00:02.28 | Mem:497.87M, Peak:497.87M | Scene, ViewLayer | Updating Objects | Applying Static Transformations
Fra:1 Mem:3210.27M (Peak 3468.03M) | Time:00:02.29 | Mem:497.87M, Peak:497.87M | Scene, ViewLayer | Updating Mesh | Computing attributes
Fra:1 Mem:3549.73M (Peak 3549.73M) | Time:00:02.41 | Mem:497.96M, Peak:497.96M | Scene, ViewLayer | Updating Mesh | Copying Attributes to device
Fra:1 Mem:3547.72M (Peak 3549.73M) | Time:00:02.41 | Mem:835.32M, Peak:835.32M | Scene, ViewLayer | Updating Geometry BVH Urban_paving_paving.001 134/133 | Building BVH
Fra:1 Mem:3547.72M (Peak 3549.73M) | Time:00:02.41 | Mem:835.32M, Peak:835.32M | Scene, ViewLayer | Updating Geometry BVH Sunwen_scholar-tree_sunwen_bark 4/133 | Building BVH
Fra:1 Mem:3547.72M (Peak 3549.73M) | Time:00:02.41 | Mem:835.32M, Peak:835.32M | Scene, ViewLayer | Updating Geometry BVH Sunwen_shrub_sunwen_bark 3/133 | Building BVH
Fra:1 Mem:3547.72M (Peak 3549.73M) | Time:00:02.41 | Mem:835.32M, Peak:835.32M | Scene, ViewLayer | Updating Geometry BVH Sunwen_willow_sunwen_bark 2/133 | Building BVH
Fra:1 Mem:3547.72M (Peak 3549.73M) | Time:00:02.42 | Mem:835.32M, Peak:835.32M | Scene, ViewLayer | Updating Geometry BVH Sunwen_white-blossom_sunwen_bark 5/133 | Building BVH
Fra:1 Mem:3547.72M (Peak 3549.73M) | Time:00:02.42 | Mem:835.32M, Peak:835.32M | Scene, ViewLayer | Updating Geometry BVH Sunwen_crabapple_sunwen_bark 6/133 | Building BVH
Fra:1 Mem:3547.72M (Peak 3549.73M) | Time:00:02.42 | Mem:835.32M, Peak:835.32M | Scene, ViewLayer | Updating Geometry BVH Sunwen_chinese-pine_sunwen_bark 7/133 | Building BVH
Fra:1 Mem:3547.72M (Peak 3549.73M) | Time:00:02.42 | Mem:835.32M, Peak:835.32M | Scene, ViewLayer | Updating Geometry BVH Sunwen_ginkgo_sunwen_bark 8/133 | Building BVH
Fra:1 Mem:3547.72M (Peak 3549.73M) | Time:00:02.42 | Mem:841.41M, Peak:841.41M | Scene, ViewLayer | Updating Geometry BVH Sunwen_ginkgo_sunwen_bark 8/133 | Building BVH 0%
Fra:1 Mem:3547.72M (Peak 3549.73M) | Time:00:02.42 | Mem:841.41M, Peak:841.41M | Scene, ViewLayer | Updating Geometry BVH Urban_screen-rock_moss 133/133 | Building BVH
Fra:1 Mem:3547.72M (Peak 3549.73M) | Time:00:02.42 | Mem:841.43M, Peak:841.43M | Scene, ViewLayer | Updating Geometry BVH Urban_screen-rock_mossstone 132/133 | Building BVH
Fra:1 Mem:3547.72M (Peak 3549.73M) | Time:00:02.42 | Mem:841.58M, Peak:841.59M | Scene, ViewLayer | Updating Geometry BVH Urban_bamboo-screen_leaf 131/133 | Building BVH
Fra:1 Mem:3547.72M (Peak 3549.73M) | Time:00:02.42 | Mem:841.69M, Peak:841.70M | Scene, ViewLayer | Updating Geometry BVH Urban_bamboo-screen_lightleaf 130/133 | Building BVH
Fra:1 Mem:3547.72M (Peak 3549.73M) | Time:00:02.42 | Mem:841.94M, Peak:841.95M | Scene, ViewLayer | Updating Geometry BVH Urban_bamboo-screen_bamboo 129/133 | Building BVH
Fra:1 Mem:3547.72M (Peak 3549.73M) | Time:00:02.42 | Mem:842.23M, Peak:842.23M | Scene, ViewLayer | Updating Geometry BVH Urban_screen-bed_mossstone 128/133 | Building BVH
Fra:1 Mem:3547.72M (Peak 3549.73M) | Time:00:02.42 | Mem:842.29M, Peak:842.29M | Scene, ViewLayer | Updating Geometry BVH Urban_screen-bed_lightleaf 127/133 | Building BVH
Fra:1 Mem:3547.72M (Peak 3549.73M) | Time:00:02.42 | Mem:842.39M, Peak:842.39M | Scene, ViewLayer | Updating Geometry BVH Urban_screen-bed_leaf 126/133 | Building BVH
Fra:1 Mem:3547.72M (Peak 3549.73M) | Time:00:02.42 | Mem:842.40M, Peak:842.40M | Scene, ViewLayer | Updating Geometry BVH Urban_slab-bridge_stone 125/133 | Building BVH
Fra:1 Mem:3547.72M (Peak 3549.73M) | Time:00:02.42 | Mem:842.44M, Peak:842.44M | Scene, ViewLayer | Updating Geometry BVH Urban_drain_water 124/133 | Building BVH
Fra:1 Mem:3547.72M (Peak 3549.73M) | Time:00:02.42 | Mem:842.44M, Peak:842.44M | Scene, ViewLayer | Updating Geometry BVH Urban_drain_stone 123/133 | Building BVH
Fra:1 Mem:3547.72M (Peak 3549.73M) | Time:00:02.42 | Mem:842.45M, Peak:842.45M | Scene, ViewLayer | Updating Geometry BVH Urban_lane-gate_gold 122/133 | Building BVH
Fra:1 Mem:3547.72M (Peak 3549.73M) | Time:00:02.42 | Mem:842.45M, Peak:842.45M | Scene, ViewLayer | Updating Geometry BVH Urban_lane-gate_tile 121/133 | Building BVH
Fra:1 Mem:3547.72M (Peak 3549.73M) | Time:00:02.42 | Mem:842.46M, Peak:842.46M | Scene, ViewLayer | Updating Geometry BVH Urban_lane-gate_roof 120/133 | Building BVH
Fra:1 Mem:3547.72M (Peak 3549.73M) | Time:00:02.42 | Mem:842.46M, Peak:842.46M | Scene, ViewLayer | Updating Geometry BVH Urban_lane-gate_mineral 119/133 | Building BVH
Fra:1 Mem:3547.72M (Peak 3549.73M) | Time:00:02.42 | Mem:842.50M, Peak:842.50M | Scene, ViewLayer | Updating Geometry BVH Urban_lane-gate_redwood 118/133 | Building BVH
Fra:1 Mem:3547.72M (Peak 3549.73M) | Time:00:02.42 | Mem:842.55M, Peak:842.55M | Scene, ViewLayer | Updating Geometry BVH Urban_lane-gate_stone 117/133 | Building BVH
Fra:1 Mem:3547.72M (Peak 3549.73M) | Time:00:02.42 | Mem:842.67M, Peak:842.67M | Scene, ViewLayer | Updating Geometry BVH Urban_warehouse_tile 116/133 | Building BVH
Fra:1 Mem:3547.72M (Peak 3549.73M) | Time:00:02.42 | Mem:842.68M, Peak:842.69M | Scene, ViewLayer | Updating Geometry BVH Urban_warehouse_slateroof 115/133 | Building BVH
Fra:1 Mem:3547.72M (Peak 3549.73M) | Time:00:02.42 | Mem:842.69M, Peak:842.69M | Scene, ViewLayer | Updating Geometry BVH Urban_warehouse_paper 114/133 | Building BVH
Fra:1 Mem:3547.72M (Peak 3549.73M) | Time:00:02.42 | Mem:842.71M, Peak:842.71M | Scene, ViewLayer | Updating Geometry BVH Urban_warehouse_wood 113/133 | Building BVH
Fra:1 Mem:3547.72M (Peak 3549.73M) | Time:00:02.42 | Mem:843.00M, Peak:843.00M | Scene, ViewLayer | Updating Geometry BVH Urban_warehouse_brick 112/133 | Building BVH
Fra:1 Mem:3547.72M (Peak 3549.73M) | Time:00:02.42 | Mem:843.00M, Peak:843.00M | Scene, ViewLayer | Updating Geometry BVH Urban_warehouse_stone 111/133 | Building BVH
Fra:1 Mem:3547.72M (Peak 3549.73M) | Time:00:02.42 | Mem:843.00M, Peak:843.00M | Scene, ViewLayer | Updating Geometry BVH Urban_cart_awning 110/133 | Building BVH
Fra:1 Mem:3547.72M (Peak 3549.73M) | Time:00:02.42 | Mem:843.01M, Peak:843.01M | Scene, ViewLayer | Updating Geometry BVH Urban_cart_stone 109/133 | Building BVH
Fra:1 Mem:3547.72M (Peak 3549.73M) | Time:00:02.42 | Mem:843.05M, Peak:843.06M | Scene, ViewLayer | Updating Geometry BVH Urban_cart_wood 108/133 | Building BVH
Fra:1 Mem:3547.72M (Peak 3549.73M) | Time:00:02.42 | Mem:843.07M, Peak:843.08M | Scene, ViewLayer | Updating Geometry BVH Urban_well_tile 107/133 | Building BVH
Fra:1 Mem:3547.72M (Peak 3549.73M) | Time:00:02.42 | Mem:843.08M, Peak:843.08M | Scene, ViewLayer | Updating Geometry BVH Urban_well_roof 106/133 | Building BVH
Fra:1 Mem:3547.72M (Peak 3549.73M) | Time:00:02.42 | Mem:843.12M, Peak:843.12M | Scene, ViewLayer | Updating Geometry BVH Urban_well_wood 105/133 | Building BVH
Fra:1 Mem:3547.72M (Peak 3549.73M) | Time:00:02.42 | Mem:843.13M, Peak:843.13M | Scene, ViewLayer | Updating Geometry BVH Urban_well_water 104/133 | Building BVH
Fra:1 Mem:3547.72M (Peak 3549.73M) | Time:00:02.42 | Mem:843.18M, Peak:843.18M | Scene, ViewLayer | Updating Geometry BVH Urban_well_stone 103/133 | Building BVH
Fra:1 Mem:3547.72M (Peak 3549.73M) | Time:00:02.42 | Mem:843.19M, Peak:843.19M | Scene, ViewLayer | Updating Geometry BVH Urban_stall_gold 102/133 | Building BVH
Fra:1 Mem:3547.72M (Peak 3549.73M) | Time:00:02.42 | Mem:843.20M, Peak:843.20M | Scene, ViewLayer | Updating Geometry BVH Urban_stall_awning 101/133 | Building BVH
Fra:1 Mem:3547.72M (Peak 3549.73M) | Time:00:02.42 | Mem:843.20M, Peak:843.20M | Scene, ViewLayer | Updating Geometry BVH Urban_stall_wood 100/133 | Building BVH
Fra:1 Mem:3547.72M (Peak 3549.73M) | Time:00:02.42 | Mem:843.25M, Peak:843.25M | Scene, ViewLayer | Updating Geometry BVH Urban_shop_gold 99/133 | Building BVH
Fra:1 Mem:3547.72M (Peak 3549.73M) | Time:00:02.42 | Mem:843.25M, Peak:843.26M | Scene, ViewLayer | Updating Geometry BVH Urban_shop_awning 98/133 | Building BVH
Fra:1 Mem:3547.72M (Peak 3549.73M) | Time:00:02.42 | Mem:843.26M, Peak:843.26M | Scene, ViewLayer | Updating Geometry BVH Urban_shop_tile 97/133 | Building BVH
Fra:1 Mem:3547.72M (Peak 3549.73M) | Time:00:02.42 | Mem:843.26M, Peak:843.27M | Scene, ViewLayer | Updating Geometry BVH Urban_shop_brick 96/133 | Building BVH
Fra:1 Mem:3547.72M (Peak 3549.73M) | Time:00:02.42 | Mem:843.31M, Peak:843.31M | Scene, ViewLayer | Updating Geometry BVH Urban_shop_warmroof 95/133 | Building BVH
Fra:1 Mem:3547.72M (Peak 3549.73M) | Time:00:02.42 | Mem:843.31M, Peak:843.31M | Scene, ViewLayer | Updating Geometry BVH Urban_shop_paper 94/133 | Building BVH
Fra:1 Mem:3547.72M (Peak 3549.73M) | Time:00:02.42 | Mem:843.32M, Peak:843.32M | Scene, ViewLayer | Updating Geometry BVH Urban_shop_wood 93/133 | Building BVH
Fra:1 Mem:3547.72M (Peak 3549.73M) | Time:00:02.42 | Mem:843.42M, Peak:843.43M | Scene, ViewLayer | Updating Geometry BVH Urban_shop_plaster 92/133 | Building BVH
Fra:1 Mem:3547.72M (Peak 3549.73M) | Time:00:02.42 | Mem:843.43M, Peak:843.43M | Scene, ViewLayer | Updating Geometry BVH Urban_shop_stone 91/133 | Building BVH
Fra:1 Mem:3547.72M (Peak 3549.73M) | Time:00:02.42 | Mem:843.43M, Peak:843.43M | Scene, ViewLayer | Updating Geometry BVH Urban_bell-pavilion_bronze 90/133 | Building BVH
Fra:1 Mem:3547.72M (Peak 3549.73M) | Time:00:02.42 | Mem:843.44M, Peak:843.44M | Scene, ViewLayer | Updating Geometry BVH Urban_bell-pavilion_wood 89/133 | Building BVH
Fra:1 Mem:3547.72M (Peak 3549.73M) | Time:00:02.42 | Mem:843.44M, Peak:843.44M | Scene, ViewLayer | Updating Geometry BVH Urban_bell-pavilion_mineral 88/133 | Building BVH
Fra:1 Mem:3547.72M (Peak 3549.73M) | Time:00:02.42 | Mem:843.49M, Peak:843.49M | Scene, ViewLayer | Updating Geometry BVH Urban_bell-pavilion_redwood 87/133 | Building BVH
Fra:1 Mem:3547.72M (Peak 3549.73M) | Time:00:02.42 | Mem:843.49M, Peak:843.49M | Scene, ViewLayer | Updating Geometry BVH Urban_bell-pavilion_tile 86/133 | Building BVH
Fra:1 Mem:3547.72M (Peak 3549.73M) | Time:00:02.42 | Mem:843.55M, Peak:843.55M | Scene, ViewLayer | Updating Geometry BVH Urban_bell-pavilion_roof 85/133 | Building BVH
Fra:1 Mem:3547.72M (Peak 3549.73M) | Time:00:02.42 | Mem:843.55M, Peak:843.55M | Scene, ViewLayer | Updating Geometry BVH Urban_bell-pavilion_brick 84/133 | Building BVH
Fra:1 Mem:3547.72M (Peak 3549.73M) | Time:00:02.42 | Mem:843.55M, Peak:843.55M | Scene, ViewLayer | Updating Geometry BVH Urban_bell-pavilion_stone 83/133 | Building BVH
Fra:1 Mem:3547.72M (Peak 3549.73M) | Time:00:02.42 | Mem:843.55M, Peak:843.56M | Scene, ViewLayer | Updating Geometry BVH Urban_hitching_wood 82/133 | Building BVH
Fra:1 Mem:3547.72M (Peak 3549.73M) | Time:00:02.42 | Mem:843.60M, Peak:843.60M | Scene, ViewLayer | Updating Geometry BVH Urban_hitching_stone 81/133 | Building BVH
Fra:1 Mem:3547.72M (Peak 3549.73M) | Time:00:02.42 | Mem:843.60M, Peak:843.60M | Scene, ViewLayer | Updating Geometry BVH Urban_paifang_gold 80/133 | Building BVH
Fra:1 Mem:3547.72M (Peak 3549.73M) | Time:00:02.42 | Mem:843.73M, Peak:843.73M | Scene, ViewLayer | Updating Geometry BVH Urban_paifang_tile 79/133 | Building BVH
Fra:1 Mem:3547.72M (Peak 3549.73M) | Time:00:02.42 | Mem:843.75M, Peak:843.76M | Scene, ViewLayer | Updating Geometry BVH Urban_paifang_roof 78/133 | Building BVH
Fra:1 Mem:3547.72M (Peak 3549.73M) | Time:00:02.42 | Mem:843.87M, Peak:843.87M | Scene, ViewLayer | Updating Geometry BVH Urban_paifang_mineral 77/133 | Building BVH
Fra:1 Mem:3547.72M (Peak 3549.73M) | Time:00:02.42 | Mem:843.87M, Peak:843.87M | Scene, ViewLayer | Updating Geometry BVH Urban_paifang_redwood 76/133 | Building BVH
Fra:1 Mem:3547.72M (Peak 3549.73M) | Time:00:02.42 | Mem:843.96M, Peak:843.97M | Scene, ViewLayer | Updating Geometry BVH Urban_paifang_stone 75/133 | Building BVH
Fra:1 Mem:3547.72M (Peak 3549.73M) | Time:00:02.42 | Mem:844.02M, Peak:844.02M | Scene, ViewLayer | Updating Geometry BVH Urban_shop-upper_gold 74/133 | Building BVH
Fra:1 Mem:3547.72M (Peak 3549.73M) | Time:00:02.42 | Mem:844.02M, Peak:844.02M | Scene, ViewLayer | Updating Geometry BVH Urban_shop-upper_sagecloth 73/133 | Building BVH
Fra:1 Mem:3547.72M (Peak 3549.73M) | Time:00:02.42 | Mem:844.15M, Peak:844.15M | Scene, ViewLayer | Updating Geometry BVH Urban_shop-upper_tile 72/133 | Building BVH
Fra:1 Mem:3547.72M (Peak 3549.73M) | Time:00:02.42 | Mem:844.16M, Peak:844.16M | Scene, ViewLayer | Updating Geometry BVH Urban_shop-upper_brick 71/133 | Building BVH
Fra:1 Mem:3547.72M (Peak 3549.73M) | Time:00:02.42 | Mem:844.16M, Peak:844.16M | Scene, ViewLayer | Updating Geometry BVH Urban_shop-upper_slateroof 70/133 | Building BVH
Fra:1 Mem:3547.72M (Peak 3549.73M) | Time:00:02.42 | Mem:844.16M, Peak:844.17M | Scene, ViewLayer | Updating Geometry BVH Urban_shop-upper_paper 69/133 | Building BVH
Fra:1 Mem:3547.72M (Peak 3549.73M) | Time:00:02.42 | Mem:844.22M, Peak:844.23M | Scene, ViewLayer | Updating Geometry BVH Urban_shop-upper_wood 68/133 | Building BVH
Fra:1 Mem:3547.72M (Peak 3549.73M) | Time:00:02.42 | Mem:844.31M, Peak:844.33M | Scene, ViewLayer | Updating Geometry BVH Urban_shop-upper_plaster 67/133 | Building BVH
Fra:1 Mem:3547.72M (Peak 3549.73M) | Time:00:02.42 | Mem:844.31M, Peak:844.33M | Scene, ViewLayer | Updating Geometry BVH Urban_shop-upper_stone 66/133 | Building BVH
Fra:1 Mem:3547.72M (Peak 3549.73M) | Time:00:02.42 | Mem:844.31M, Peak:844.33M | Scene, ViewLayer | Updating Geometry BVH Urban_range_tile 65/133 | Building BVH
Fra:1 Mem:3547.72M (Peak 3549.73M) | Time:00:02.42 | Mem:844.41M, Peak:844.42M | Scene, ViewLayer | Updating Geometry BVH Urban_range_brick 64/133 | Building BVH
Fra:1 Mem:3547.72M (Peak 3549.73M) | Time:00:02.42 | Mem:844.42M, Peak:844.42M | Scene, ViewLayer | Updating Geometry BVH Urban_range_slateroof 63/133 | Building BVH
Fra:1 Mem:3547.72M (Peak 3549.73M) | Time:00:02.42 | Mem:844.46M, Peak:844.46M | Scene, ViewLayer | Updating Geometry BVH Urban_range_paper 62/133 | Building BVH
Fra:1 Mem:3547.72M (Peak 3549.73M) | Time:00:02.42 | Mem:844.62M, Peak:844.63M | Scene, ViewLayer | Updating Geometry BVH Urban_range_wood 61/133 | Building BVH
Fra:1 Mem:3547.72M (Peak 3549.73M) | Time:00:02.42 | Mem:844.79M, Peak:844.81M | Scene, ViewLayer | Updating Geometry BVH Urban_range_plaster 60/133 | Building BVH
Fra:1 Mem:3547.72M (Peak 3549.73M) | Time:00:02.42 | Mem:844.79M, Peak:844.81M | Scene, ViewLayer | Updating Geometry BVH Urban_range_stone 59/133 | Building BVH
Fra:1 Mem:3547.72M (Peak 3549.73M) | Time:00:02.42 | Mem:844.79M, Peak:844.81M | Scene, ViewLayer | Updating Geometry BVH Urban_screen_tile 58/133 | Building BVH
Fra:1 Mem:3547.72M (Peak 3549.73M) | Time:00:02.42 | Mem:844.91M, Peak:844.91M | Scene, ViewLayer | Updating Geometry BVH Urban_screen_roof 57/133 | Building BVH
Fra:1 Mem:3547.72M (Peak 3549.73M) | Time:00:02.42 | Mem:844.91M, Peak:844.92M | Scene, ViewLayer | Updating Geometry BVH Urban_screen_brick 56/133 | Building BVH
Fra:1 Mem:3547.72M (Peak 3549.73M) | Time:00:02.42 | Mem:845.05M, Peak:845.05M | Scene, ViewLayer | Updating Geometry BVH Urban_screen_plaster 55/133 | Building BVH
Fra:1 Mem:3547.72M (Peak 3549.73M) | Time:00:02.42 | Mem:845.05M, Peak:845.05M | Scene, ViewLayer | Updating Geometry BVH Urban_screen_stone 54/133 | Building BVH
Fra:1 Mem:3547.72M (Peak 3549.73M) | Time:00:02.42 | Mem:845.05M, Peak:845.05M | Scene, ViewLayer | Updating Geometry BVH Urban_tree_leaf.001 53/133 | Building BVH
Fra:1 Mem:3547.72M (Peak 3549.73M) | Time:00:02.42 | Mem:845.11M, Peak:845.11M | Scene, ViewLayer | Updating Geometry BVH Urban_tree_lightleaf.001 52/133 | Building BVH
Fra:1 Mem:3547.72M (Peak 3549.73M) | Time:00:02.42 | Mem:845.17M, Peak:845.17M | Scene, ViewLayer | Updating Geometry BVH Urban_tree_wood.001 51/133 | Building BVH
Fra:1 Mem:3547.72M (Peak 3549.73M) | Time:00:02.42 | Mem:845.22M, Peak:845.22M | Scene, ViewLayer | Updating Geometry BVH Urban_gallery_tile.001 50/133 | Building BVH
Fra:1 Mem:3547.72M (Peak 3549.73M) | Time:00:02.42 | Mem:845.23M, Peak:845.23M | Scene, ViewLayer | Updating Geometry BVH Urban_gallery_roof.001 49/133 | Building BVH
Fra:1 Mem:3547.72M (Peak 3549.73M) | Time:00:02.42 | Mem:845.28M, Peak:845.28M | Scene, ViewLayer | Updating Geometry BVH Urban_gallery_redwood 48/133 | Building BVH
Fra:1 Mem:3547.72M (Peak 3549.73M) | Time:00:02.42 | Mem:845.29M, Peak:845.29M | Scene, ViewLayer | Updating Geometry BVH Urban_gallery_stone.001 47/133 | Building BVH
Fra:1 Mem:3547.72M (Peak 3549.73M) | Time:00:02.42 | Mem:845.33M, Peak:845.33M | Scene, ViewLayer | Updating Geometry BVH Urban_house_tile 46/133 | Building BVH
Fra:1 Mem:3547.72M (Peak 3549.73M) | Time:00:02.42 | Mem:845.34M, Peak:845.35M | Scene, ViewLayer | Updating Geometry BVH Urban_house_brick 45/133 | Building BVH
Fra:1 Mem:3547.72M (Peak 3549.73M) | Time:00:02.42 | Mem:845.35M, Peak:845.35M | Scene, ViewLayer | Updating Geometry BVH Urban_house_roof 44/133 | Building BVH
Fra:1 Mem:3547.72M (Peak 3549.73M) | Time:00:02.42 | Mem:845.35M, Peak:845.35M | Scene, ViewLayer | Updating Geometry BVH Urban_house_paper 43/133 | Building BVH
Fra:1 Mem:3547.72M (Peak 3549.73M) | Time:00:02.42 | Mem:845.40M, Peak:845.40M | Scene, ViewLayer | Updating Geometry BVH Urban_house_wood 42/133 | Building BVH
Fra:1 Mem:3547.72M (Peak 3549.73M) | Time:00:02.42 | Mem:844.67M, Peak:845.41M | Scene, ViewLayer | Updating Geometry BVH Plane.043 10/133 | Building BVH
Fra:1 Mem:3547.72M (Peak 3549.73M) | Time:00:02.42 | Mem:844.66M, Peak:845.41M | Scene, ViewLayer | Updating Geometry BVH Urban_house_plaster 41/133 | Building BVH
Fra:1 Mem:3547.72M (Peak 3549.73M) | Time:00:02.42 | Mem:844.80M, Peak:845.41M | Scene, ViewLayer | Updating Geometry BVH Urban_house_stone 40/133 | Building BVH
Fra:1 Mem:3547.72M (Peak 3549.73M) | Time:00:02.42 | Mem:844.93M, Peak:845.41M | Scene, ViewLayer | Updating Geometry BVH Urban_annex_tile 39/133 | Building BVH
Fra:1 Mem:3547.72M (Peak 3549.73M) | Time:00:02.42 | Mem:845.00M, Peak:845.41M | Scene, ViewLayer | Updating Geometry BVH Urban_annex_warmroof 38/133 | Building BVH
Fra:1 Mem:3547.72M (Peak 3549.73M) | Time:00:02.42 | Mem:845.01M, Peak:845.41M | Scene, ViewLayer | Updating Geometry BVH Urban_annex_paper 37/133 | Building BVH
Fra:1 Mem:3547.72M (Peak 3549.73M) | Time:00:02.42 | Mem:845.01M, Peak:845.41M | Scene, ViewLayer | Updating Geometry BVH Urban_annex_wood 36/133 | Building BVH
Fra:1 Mem:3547.72M (Peak 3549.73M) | Time:00:02.42 | Mem:845.02M, Peak:845.41M | Scene, ViewLayer | Updating Geometry BVH Urban_annex_brick 35/133 | Building BVH
Fra:1 Mem:3547.72M (Peak 3549.73M) | Time:00:02.42 | Mem:845.03M, Peak:845.41M | Scene, ViewLayer | Updating Geometry BVH Urban_annex_stone 34/133 | Building BVH
Fra:1 Mem:3547.72M (Peak 3549.73M) | Time:00:02.42 | Mem:845.03M, Peak:845.41M | Scene, ViewLayer | Updating Geometry BVH Urban_hall_tile.001 33/133 | Building BVH
Fra:1 Mem:3547.72M (Peak 3549.73M) | Time:00:02.42 | Mem:845.15M, Peak:845.41M | Scene, ViewLayer | Updating Geometry BVH Sunwen_red-maple_sunwen_bark 9/133 | Building BVH
Fra:1 Mem:3547.72M (Peak 3549.73M) | Time:00:02.42 | Mem:845.15M, Peak:845.41M | Scene, ViewLayer | Updating Geometry BVH Urban_hall_roof.001 32/133 | Building BVH
Fra:1 Mem:3547.72M (Peak 3549.73M) | Time:00:02.42 | Mem:846.58M, Peak:846.59M | Scene, ViewLayer | Updating Geometry BVH Urban_hall_mineral 31/133 | Building BVH
Fra:1 Mem:3547.72M (Peak 3549.73M) | Time:00:02.42 | Mem:846.59M, Peak:846.59M | Scene, ViewLayer | Updating Geometry BVH Urban_hall_paper.001 30/133 | Building BVH
Fra:1 Mem:3547.72M (Peak 3549.73M) | Time:00:02.42 | Mem:846.60M, Peak:846.61M | Scene, ViewLayer | Updating Geometry BVH Urban_hall_redwood 29/133 | Building BVH
Fra:1 Mem:3547.72M (Peak 3549.73M) | Time:00:02.42 | Mem:846.68M, Peak:846.70M | Scene, ViewLayer | Updating Geometry BVH Urban_hall_plaster.001 28/133 | Building BVH
Fra:1 Mem:3547.72M (Peak 3549.73M) | Time:00:02.42 | Mem:846.68M, Peak:846.70M | Scene, ViewLayer | Updating Geometry BVH Urban_hall_stone.001 27/133 | Building BVH
Fra:1 Mem:3547.72M (Peak 3549.73M) | Time:00:02.42 | Mem:846.68M, Peak:846.70M | Scene, ViewLayer | Updating Geometry BVH Urban_gate_tile.001 26/133 | Building BVH
Fra:1 Mem:3547.72M (Peak 3549.73M) | Time:00:02.42 | Mem:846.69M, Peak:846.70M | Scene, ViewLayer | Updating Geometry BVH Urban_gate_roof.001 25/133 | Building BVH
Fra:1 Mem:3547.72M (Peak 3549.73M) | Time:00:02.42 | Mem:846.69M, Peak:846.70M | Scene, ViewLayer | Updating Geometry BVH Urban_gate_mineral 24/133 | Building BVH
Fra:1 Mem:3547.72M (Peak 3549.73M) | Time:00:02.42 | Mem:846.70M, Peak:846.70M | Scene, ViewLayer | Updating Geometry BVH Urban_gate_redwood 23/133 | Building BVH
Fra:1 Mem:3547.72M (Peak 3549.73M) | Time:00:02.42 | Mem:846.96M, Peak:846.97M | Scene, ViewLayer | Updating Geometry BVH Urban_gate_stone.001 22/133 | Building BVH
Fra:1 Mem:3547.72M (Peak 3549.73M) | Time:00:02.42 | Mem:846.96M, Peak:846.97M | Scene, ViewLayer | Updating Geometry BVH Urban_wall_roof.001 21/133 | Building BVH
Fra:1 Mem:3547.72M (Peak 3549.73M) | Time:00:02.42 | Mem:846.97M, Peak:846.97M | Scene, ViewLayer | Updating Geometry BVH Urban_wall_stone.001 20/133 | Building BVH
Fra:1 Mem:3547.72M (Peak 3549.73M) | Time:00:02.42 | Mem:846.97M, Peak:846.97M | Scene, ViewLayer | Updating Geometry BVH Urban_wall_plaster.001 19/133 | Building BVH
Fra:1 Mem:3547.72M (Peak 3549.73M) | Time:00:02.42 | Mem:846.97M, Peak:846.97M | Scene, ViewLayer | Updating Geometry BVH Urban_court-paving_courtstone 18/133 | Building BVH
Fra:1 Mem:3547.72M (Peak 3549.73M) | Time:00:02.42 | Mem:852.41M, Peak:852.41M | Scene, ViewLayer | Updating Geometry BVH Sunwen_lotus_sunwen_leaf 17/133 | Building BVH
Fra:1 Mem:3547.72M (Peak 3549.73M) | Time:00:02.42 | Mem:852.44M, Peak:852.45M | Scene, ViewLayer | Updating Geometry BVH Sunwen_peony_sunwen_leaf_light 16/133 | Building BVH
Fra:1 Mem:3547.72M (Peak 3549.73M) | Time:00:02.42 | Mem:852.90M, Peak:852.92M | Scene, ViewLayer | Updating Geometry BVH Sunwen_chrysanthemum_sunwen_leaf_light 15/133 | Building BVH
Fra:1 Mem:3547.72M (Peak 3549.73M) | Time:00:02.42 | Mem:853.06M, Peak:853.08M | Scene, ViewLayer | Updating Geometry BVH Sunwen_iris_sunwen_leaf_light 14/133 | Building BVH
Fra:1 Mem:3547.72M (Peak 3549.73M) | Time:00:02.42 | Mem:853.37M, Peak:853.38M | Scene, ViewLayer | Updating Geometry BVH Sunwen_orchid_sunwen_leaf_light 13/133 | Building BVH
Fra:1 Mem:3547.72M (Peak 3549.73M) | Time:00:02.42 | Mem:852.31M, Peak:853.54M | Scene, ViewLayer | Updating Geometry BVH Plane.016 12/133 | Building BVH
Fra:1 Mem:3547.72M (Peak 3549.73M) | Time:00:02.42 | Mem:852.48M, Peak:853.54M | Scene, ViewLayer | Updating Geometry BVH Plane.015 11/133 | Building BVH
Fra:1 Mem:3547.72M (Peak 3549.73M) | Time:00:02.43 | Mem:852.91M, Peak:855.29M | Scene, ViewLayer | Updating Scene BVH | Building
Fra:1 Mem:3547.94M (Peak 3549.73M) | Time:00:02.43 | Mem:852.91M, Peak:855.29M | Scene, ViewLayer | Updating Scene BVH | Building BVH
Fra:1 Mem:3547.94M (Peak 3549.73M) | Time:00:02.67 | Mem:1375.21M, Peak:1375.21M | Scene, ViewLayer | Updating Scene BVH | Building BVH 74%
Fra:1 Mem:3547.94M (Peak 3549.73M) | Time:00:02.73 | Mem:1287.29M, Peak:1487.21M | Scene, ViewLayer | Updating Scene BVH | Copying BVH to device
Fra:1 Mem:3547.94M (Peak 3549.73M) | Time:00:02.73 | Mem:1287.29M, Peak:1487.21M | Scene, ViewLayer | Updating Mesh | Computing normals
Fra:1 Mem:3781.19M (Peak 3781.19M) | Time:00:02.77 | Mem:1287.29M, Peak:1487.21M | Scene, ViewLayer | Updating Mesh | Copying Mesh to device
Fra:1 Mem:3781.19M (Peak 3781.19M) | Time:00:02.77 | Mem:1520.54M, Peak:1520.54M | Scene, ViewLayer | Updating Objects Flags
Fra:1 Mem:3781.19M (Peak 3781.19M) | Time:00:02.77 | Mem:1520.76M, Peak:1520.76M | Scene, ViewLayer | Updating Primitive Offsets
Fra:1 Mem:3781.30M (Peak 3781.30M) | Time:00:02.77 | Mem:1520.86M, Peak:1520.86M | Scene, ViewLayer | Updating Images
Fra:1 Mem:3409.80M (Peak 3781.30M) | Time:00:02.78 | Mem:1149.36M, Peak:1520.86M | Scene, ViewLayer | Updating Camera Volume
Fra:1 Mem:3409.80M (Peak 3781.30M) | Time:00:02.78 | Mem:1149.36M, Peak:1520.86M | Scene, ViewLayer | Updating Lookup Tables
Fra:1 Mem:3409.80M (Peak 3781.30M) | Time:00:02.78 | Mem:1149.45M, Peak:1520.86M | Scene, ViewLayer | Updating Lights
Fra:1 Mem:3409.80M (Peak 3781.30M) | Time:00:02.78 | Mem:1149.45M, Peak:1520.86M | Scene, ViewLayer | Updating Lights | Importance map
Fra:1 Mem:3473.83M (Peak 3781.30M) | Time:00:02.94 | Mem:1213.64M, Peak:1520.86M | Scene, ViewLayer | Updating Lights | Computing tree
Fra:1 Mem:3474.04M (Peak 3781.30M) | Time:00:02.94 | Mem:1213.86M, Peak:1520.86M | Scene, ViewLayer | Updating Integrator
Fra:1 Mem:3474.04M (Peak 3781.30M) | Time:00:02.94 | Mem:1213.86M, Peak:1520.86M | Scene, ViewLayer | Updating Film
Fra:1 Mem:3474.05M (Peak 3781.30M) | Time:00:02.94 | Mem:1213.78M, Peak:1520.86M | Scene, ViewLayer | Updating Lookup Tables
Fra:1 Mem:3474.05M (Peak 3781.30M) | Time:00:02.94 | Mem:1213.86M, Peak:1520.86M | Scene, ViewLayer | Updating Baking
Fra:1 Mem:3474.05M (Peak 3781.30M) | Time:00:02.94 | Mem:1213.86M, Peak:1520.86M | Scene, ViewLayer | Updating Device | Writing constant memory
Fra:1 Mem:3474.49M (Peak 3781.30M) | Time:00:02.94 | Mem:1213.86M, Peak:1520.86M | Scene, ViewLayer | Loading denoising kernels (may take a few minutes the first time)
Fra:1 Mem:3474.49M (Peak 3781.30M) | Time:00:02.94 | Mem:1213.86M, Peak:1520.86M | Scene, ViewLayer | Sample 0/16
Fra:1 Mem:3778.57M (Peak 3781.30M) | Time:00:03.49 | Remaining:00:08.22 | Mem:1517.86M, Peak:1520.86M | Scene, ViewLayer | Sample 1/16
Fra:1 Mem:3906.57M (Peak 4098.57M) | Time:00:18.66 | Mem:1517.86M, Peak:1520.86M | Scene, ViewLayer | Sample 16/16
Fra:1 Mem:3906.57M (Peak 4098.57M) | Time:00:18.66 | Mem:1517.86M, Peak:1520.86M | Scene, ViewLayer | Finished
Saved: '/Users/ustinian/code/daguanyuan/assets/processed/landscape-r22/light.next.png'
Time: 00:18.85 (Saving: 00:00.11)

LANDSCAPE SHADOW RENDER COMPLETE

Blender quit
Landscape shadow atlas: 121784 bytes
Mobile landscape shadow atlas: 44800 bytes
Validated public/models/overview.glb
Validated public/models/overview-low.glb
Validated public/models/urban-context.glb
Optimized and re-read 57 GLBs; IDs, anchors, materials and bounds preserved.
