
> daguanyuan-rumeng@1.0.0 models:urban
> node scripts/pipeline.mjs models-urban

INFO Draco mesh compression is available, use library at /Users/ustinian/code/daguanyuan/.tools/blender-4.5.9/Blender.app/Contents/Resources/4.5/scripts/addons_core/io_scene_gltf2/libextern_draco.dylib
11:42:02 | INFO: Starting glTF 2.0 export
11:42:02 | INFO: Extracting primitive: landscape_earth.003
11:42:02 | INFO: Primitives created: 1
11:42:02 | INFO: Finished glTF 2.0 export in 0.23480510711669922 s

11:42:02 | INFO: Starting glTF 2.0 export
11:42:02 | INFO: Extracting primitive: Urban_hall_stone.001
11:42:02 | INFO: Primitives created: 1
11:42:02 | INFO: Extracting primitive: Urban_hall_plaster.001
11:42:02 | INFO: Primitives created: 1
11:42:02 | INFO: Extracting primitive: Urban_hall_redwood
11:42:02 | INFO: Primitives created: 1
11:42:02 | INFO: Extracting primitive: Urban_hall_paper.001
11:42:02 | INFO: Primitives created: 1
11:42:02 | INFO: Extracting primitive: Urban_hall_mineral
11:42:02 | INFO: Primitives created: 1
11:42:02 | INFO: Extracting primitive: Urban_hall_roof.001
11:42:02 | INFO: Primitives created: 1
11:42:02 | INFO: Extracting primitive: Urban_hall_tile.001
11:42:02 | INFO: Primitives created: 1
11:42:02 | INFO: Extracting primitive: Urban_house_stone
11:42:02 | INFO: Primitives created: 1
11:42:02 | INFO: Extracting primitive: Urban_house_plaster
11:42:02 | INFO: Primitives created: 1
11:42:02 | INFO: Extracting primitive: Urban_house_wood
11:42:02 | INFO: Primitives created: 1
11:42:02 | INFO: Extracting primitive: Urban_house_paper
11:42:02 | INFO: Primitives created: 1
11:42:02 | INFO: Extracting primitive: Urban_house_roof
11:42:02 | INFO: Primitives created: 1
11:42:02 | INFO: Extracting primitive: Urban_house_brick
11:42:02 | INFO: Primitives created: 1
11:42:02 | INFO: Extracting primitive: Urban_house_tile
11:42:02 | INFO: Primitives created: 1
11:42:02 | INFO: Extracting primitive: Urban_annex_stone
11:42:02 | INFO: Primitives created: 1
11:42:02 | INFO: Extracting primitive: Urban_annex_brick
11:42:02 | INFO: Primitives created: 1
11:42:02 | INFO: Extracting primitive: Urban_annex_wood
11:42:02 | INFO: Primitives created: 1
11:42:02 | INFO: Extracting primitive: Urban_annex_paper
11:42:02 | INFO: Primitives created: 1
11:42:02 | INFO: Extracting primitive: Urban_annex_warmroof
11:42:02 | INFO: Primitives created: 1
11:42:02 | INFO: Extracting primitive: Urban_annex_tile
11:42:02 | INFO: Primitives created: 1
11:42:02 | INFO: Extracting primitive: Urban_range_stone
11:42:02 | INFO: Primitives created: 1
11:42:02 | INFO: Extracting primitive: Urban_range_plaster
11:42:02 | INFO: Primitives created: 1
11:42:02 | INFO: Extracting primitive: Urban_range_wood
11:42:02 | INFO: Primitives created: 1
11:42:02 | INFO: Extracting primitive: Urban_range_paper
11:42:02 | INFO: Primitives created: 1
11:42:02 | INFO: Extracting primitive: Urban_range_slateroof
11:42:02 | INFO: Primitives created: 1
11:42:02 | INFO: Extracting primitive: Urban_range_brick
11:42:02 | INFO: Primitives created: 1
11:42:02 | INFO: Extracting primitive: Urban_range_tile
11:42:02 | INFO: Primitives created: 1
11:42:02 | INFO: Extracting primitive: Urban_gallery_stone.001
11:42:02 | INFO: Primitives created: 1
11:42:02 | INFO: Extracting primitive: Urban_gallery_redwood
11:42:02 | INFO: Primitives created: 1
11:42:02 | INFO: Extracting primitive: Urban_gallery_roof.001
11:42:02 | INFO: Primitives created: 1
11:42:02 | INFO: Extracting primitive: Urban_gallery_tile.001
11:42:02 | INFO: Primitives created: 1
11:42:02 | INFO: Extracting primitive: Urban_gate_stone.001
11:42:02 | INFO: Primitives created: 1
11:42:02 | INFO: Extracting primitive: Urban_gate_redwood
11:42:02 | INFO: Primitives created: 1
11:42:02 | INFO: Extracting primitive: Urban_gate_mineral
11:42:02 | INFO: Primitives created: 1
11:42:02 | INFO: Extracting primitive: Urban_gate_roof.001
11:42:02 | INFO: Primitives created: 1
11:42:02 | INFO: Extracting primitive: Urban_gate_tile.001
11:42:02 | INFO: Primitives created: 1
11:42:02 | INFO: Extracting primitive: Urban_shop_stone
11:42:02 | INFO: Primitives created: 1
11:42:02 | INFO: Extracting primitive: Urban_shop_plaster
11:42:02 | INFO: Primitives created: 1
11:42:02 | INFO: Extracting primitive: Urban_shop_wood
11:42:02 | INFO: Primitives created: 1
11:42:02 | INFO: Extracting primitive: Urban_shop_paper
11:42:02 | INFO: Primitives created: 1
11:42:02 | INFO: Extracting primitive: Urban_shop_warmroof
11:42:02 | INFO: Primitives created: 1
11:42:02 | INFO: Extracting primitive: Urban_shop_brick
11:42:02 | INFO: Primitives created: 1
11:42:02 | INFO: Extracting primitive: Urban_shop_tile
11:42:02 | INFO: Primitives created: 1
11:42:02 | INFO: Extracting primitive: Urban_shop_awning
11:42:02 | INFO: Primitives created: 1
11:42:02 | INFO: Extracting primitive: Urban_shop_gold
11:42:02 | INFO: Primitives created: 1
11:42:02 | INFO: Extracting primitive: Urban_shop-upper_stone
11:42:02 | INFO: Primitives created: 1
11:42:02 | INFO: Extracting primitive: Urban_shop-upper_plaster
11:42:02 | INFO: Primitives created: 1
11:42:02 | INFO: Extracting primitive: Urban_shop-upper_wood
11:42:02 | INFO: Primitives created: 1
11:42:02 | INFO: Extracting primitive: Urban_shop-upper_paper
11:42:02 | INFO: Primitives created: 1
11:42:02 | INFO: Extracting primitive: Urban_shop-upper_slateroof
11:42:02 | INFO: Primitives created: 1
11:42:02 | INFO: Extracting primitive: Urban_shop-upper_brick
11:42:02 | INFO: Primitives created: 1
11:42:02 | INFO: Extracting primitive: Urban_shop-upper_tile
11:42:02 | INFO: Primitives created: 1
11:42:02 | INFO: Extracting primitive: Urban_shop-upper_sagecloth
11:42:02 | INFO: Primitives created: 1
11:42:02 | INFO: Extracting primitive: Urban_shop-upper_gold
11:42:02 | INFO: Primitives created: 1
11:42:02 | INFO: Extracting primitive: Urban_warehouse_stone
11:42:02 | INFO: Primitives created: 1
11:42:02 | INFO: Extracting primitive: Urban_warehouse_brick
11:42:02 | INFO: Primitives created: 1
11:42:02 | INFO: Extracting primitive: Urban_warehouse_wood
11:42:02 | INFO: Primitives created: 1
11:42:02 | INFO: Extracting primitive: Urban_warehouse_paper
11:42:02 | INFO: Primitives created: 1
11:42:02 | INFO: Extracting primitive: Urban_warehouse_slateroof
11:42:02 | INFO: Primitives created: 1
11:42:02 | INFO: Extracting primitive: Urban_warehouse_tile
11:42:02 | INFO: Primitives created: 1
11:42:02 | INFO: Extracting primitive: Urban_temple_stone
11:42:02 | INFO: Primitives created: 1
11:42:02 | INFO: Extracting primitive: Urban_temple_plaster
11:42:02 | INFO: Primitives created: 1
11:42:02 | INFO: Extracting primitive: Urban_temple_redwood
11:42:02 | INFO: Primitives created: 1
11:42:02 | INFO: Extracting primitive: Urban_temple_mineral
11:42:02 | INFO: Primitives created: 1
11:42:02 | INFO: Extracting primitive: Urban_temple_roof
11:42:02 | INFO: Primitives created: 1
11:42:02 | INFO: Extracting primitive: Urban_temple_tile
11:42:02 | INFO: Primitives created: 1
11:42:02 | INFO: Extracting primitive: Urban_temple_gold
11:42:02 | INFO: Primitives created: 1
11:42:02 | INFO: Extracting primitive: Urban_paifang_stone
11:42:02 | INFO: Primitives created: 1
11:42:02 | INFO: Extracting primitive: Urban_paifang_redwood
11:42:02 | INFO: Primitives created: 1
11:42:02 | INFO: Extracting primitive: Urban_paifang_mineral
11:42:02 | INFO: Primitives created: 1
11:42:02 | INFO: Extracting primitive: Urban_paifang_roof
11:42:02 | INFO: Primitives created: 1
11:42:02 | INFO: Extracting primitive: Urban_paifang_tile
11:42:02 | INFO: Primitives created: 1
11:42:02 | INFO: Extracting primitive: Urban_paifang_gold
11:42:02 | INFO: Primitives created: 1
11:42:02 | INFO: Extracting primitive: Urban_bell-pavilion_stone
11:42:02 | INFO: Primitives created: 1
11:42:02 | INFO: Extracting primitive: Urban_bell-pavilion_brick
11:42:02 | INFO: Primitives created: 1
11:42:02 | INFO: Extracting primitive: Urban_bell-pavilion_roof
11:42:02 | INFO: Primitives created: 1
11:42:02 | INFO: Extracting primitive: Urban_bell-pavilion_tile
11:42:02 | INFO: Primitives created: 1
11:42:02 | INFO: Extracting primitive: Urban_bell-pavilion_redwood
11:42:02 | INFO: Primitives created: 1
11:42:02 | INFO: Extracting primitive: Urban_bell-pavilion_mineral
11:42:02 | INFO: Primitives created: 1
11:42:02 | INFO: Extracting primitive: Urban_bell-pavilion_wood
11:42:02 | INFO: Primitives created: 1
11:42:02 | INFO: Extracting primitive: Urban_bell-pavilion_bronze
11:42:02 | INFO: Primitives created: 1
11:42:02 | INFO: Extracting primitive: Urban_well_stone
11:42:02 | INFO: Primitives created: 1
11:42:02 | INFO: Extracting primitive: Urban_well_water
11:42:02 | INFO: Primitives created: 1
11:42:02 | INFO: Extracting primitive: Urban_well_wood
11:42:02 | INFO: Primitives created: 1
11:42:02 | INFO: Extracting primitive: Urban_well_roof
11:42:02 | INFO: Primitives created: 1
11:42:02 | INFO: Extracting primitive: Urban_well_tile
11:42:02 | INFO: Primitives created: 1
11:42:02 | INFO: Extracting primitive: Urban_screen_stone
11:42:02 | INFO: Primitives created: 1
11:42:02 | INFO: Extracting primitive: Urban_screen_plaster
11:42:02 | INFO: Primitives created: 1
11:42:02 | INFO: Extracting primitive: Urban_screen_brick
11:42:02 | INFO: Primitives created: 1
11:42:02 | INFO: Extracting primitive: Urban_screen_roof
11:42:02 | INFO: Primitives created: 1
11:42:02 | INFO: Extracting primitive: Urban_screen_tile
11:42:02 | INFO: Primitives created: 1
11:42:02 | INFO: Extracting primitive: Urban_stall_wood
11:42:02 | INFO: Primitives created: 1
11:42:02 | WARNING: Mesh Urban_stall_awning is not valid, and may be exported wrongly
11:42:02 | INFO: Extracting primitive: Urban_stall_awning
11:42:02 | INFO: Primitives created: 1
11:42:02 | INFO: Extracting primitive: Urban_stall_gold
11:42:02 | INFO: Primitives created: 1
11:42:02 | INFO: Extracting primitive: Urban_cart_wood
11:42:02 | INFO: Primitives created: 1
11:42:02 | INFO: Extracting primitive: Urban_cart_stone
11:42:02 | INFO: Primitives created: 1
11:42:02 | INFO: Extracting primitive: Urban_cart_awning
11:42:02 | INFO: Primitives created: 1
11:42:02 | INFO: Extracting primitive: Urban_hitching_stone
11:42:02 | INFO: Primitives created: 1
11:42:02 | INFO: Extracting primitive: Urban_hitching_wood
11:42:02 | INFO: Primitives created: 1
11:42:02 | INFO: Extracting primitive: Urban_lane-gate_stone
11:42:02 | INFO: Primitives created: 1
11:42:02 | INFO: Extracting primitive: Urban_lane-gate_redwood
11:42:02 | INFO: Primitives created: 1
11:42:02 | INFO: Extracting primitive: Urban_lane-gate_mineral
11:42:02 | INFO: Primitives created: 1
11:42:02 | INFO: Extracting primitive: Urban_lane-gate_roof
11:42:02 | INFO: Primitives created: 1
11:42:02 | INFO: Extracting primitive: Urban_lane-gate_tile
11:42:02 | INFO: Primitives created: 1
11:42:02 | INFO: Extracting primitive: Urban_lane-gate_gold
11:42:02 | INFO: Primitives created: 1
11:42:02 | INFO: Extracting primitive: Urban_drain_stone
11:42:02 | INFO: Primitives created: 1
11:42:02 | INFO: Extracting primitive: Urban_drain_water
11:42:02 | INFO: Primitives created: 1
11:42:02 | INFO: Extracting primitive: Urban_slab-bridge_stone
11:42:02 | INFO: Primitives created: 1
11:42:02 | INFO: Extracting primitive: Urban_wall_plaster.001
11:42:02 | INFO: Primitives created: 1
11:42:02 | INFO: Extracting primitive: Urban_wall_stone.001
11:42:02 | INFO: Primitives created: 1
11:42:02 | INFO: Extracting primitive: Urban_wall_roof.001
11:42:02 | INFO: Primitives created: 1
11:42:02 | INFO: Extracting primitive: Urban_paving_paving.001
11:42:02 | INFO: Primitives created: 1
11:42:02 | INFO: Extracting primitive: Urban_court-paving_courtstone
11:42:02 | INFO: Primitives created: 1
11:42:02 | INFO: Extracting primitive: Urban_tree_wood.001
11:42:02 | INFO: Primitives created: 1
11:42:02 | INFO: Extracting primitive: Urban_tree_lightleaf.001
11:42:02 | INFO: Primitives created: 1
11:42:02 | INFO: Extracting primitive: Urban_tree_leaf.001
11:42:02 | INFO: Primitives created: 1
11:42:02 | INFO: Extracting primitive: Urban_screen-bed_leaf
11:42:02 | INFO: Primitives created: 1
11:42:02 | INFO: Extracting primitive: Urban_screen-bed_lightleaf
11:42:02 | INFO: Primitives created: 1
11:42:02 | INFO: Extracting primitive: Urban_screen-bed_mossstone
11:42:02 | INFO: Primitives created: 1
11:42:02 | INFO: Extracting primitive: Urban_screen-rock_mossstone
11:42:02 | INFO: Primitives created: 1
11:42:02 | INFO: Extracting primitive: Urban_screen-rock_moss
11:42:02 | INFO: Primitives created: 1
11:42:02 | INFO: Extracting primitive: Urban_bamboo-screen_bamboo
11:42:02 | INFO: Primitives created: 1
11:42:02 | INFO: Extracting primitive: Urban_bamboo-screen_lightleaf
11:42:02 | INFO: Primitives created: 1
11:42:02 | INFO: Extracting primitive: Urban_bamboo-screen_leaf
11:42:02 | INFO: Primitives created: 1
11:42:03 | INFO: Finished glTF 2.0 export in 0.27560877799987793 s

Info: Saved as "daguanyuan_master.blend"
MANIFEST PUBLISHED spatial-garden-20260918-r22 432 actual master tree transforms
URBAN CONTEXT {'revision': 'r22', 'courts': 342, 'instances': 5412, 'boundaryTrees': 72, 'retiredOutsideTrees': ['LivingTree_SW_0342_chinese-pine', 'LivingTree_SW_0343_chinese-pine', 'LivingTree_SW_0344_scholar-tree', 'LivingTree_SW_0345_scholar-tree', 'LivingTree_SW_0346_chinese-pine', 'LivingTree_SW_0347_white-blossom', 'LivingTree_SW_0348_white-blossom', 'LivingTree_SW_0349_scholar-tree', 'LivingTree_SW_0350_scholar-tree', 'LivingTree_SW_0351_white-blossom', 'LivingTree_SW_0352_scholar-tree', 'LivingTree_SW_0353_scholar-tree', 'LivingTree_SW_0354_scholar-tree', 'LivingTree_SW_0355_chinese-pine', 'LivingTree_SW_0356_scholar-tree', 'LivingTree_SW_0357_white-blossom', 'LivingTree_SW_0358_chinese-pine', 'LivingTree_SW_0359_chinese-pine', 'LivingTree_SW_0360_chinese-pine'], 'originalEarthArchived': 'landscape_earth.001', 'clippedEarthVertices': 7445, 'planChecks': {'courts': 342, 'buildings': 2775, 'instances': 5284, 'distinctWidths': 70, 'distinctDepths': 72, 'roofOverlaps': 0, 'composition': {'plotTypes': {'mansion': 19, 'scholars': 33, 'service': 70, 'office': 1, 'temple': 1, 'shop-court': 19, 'inn': 25, 'enclosed': 94, 'side-entry': 63, 'storehouse': 17}, 'kinds': {'court-paving': 342, 'wall': 1619, 'gate': 323, 'hall': 98, 'annex': 1069, 'house': 864, 'gallery': 28, 'tree': 292, 'screen': 53, 'range': 229, 'shop-upper': 36, 'paifang': 5, 'hitching': 39, 'temple': 1, 'bell-pavilion': 2, 'shop': 92, 'stall': 61, 'well': 49, 'cart': 37, 'warehouse': 35, 'lane-gate': 4, 'drain': 2, 'slab-bridge': 4}}}, 'masterSha256': '1de73e4ac7ba0f050e972058e4b5abe0b4647e388d213ecaab51056c29d55463'}
Blender 4.5.9 LTS (hash 8bf95cbd38d1 built 2026-04-21 01:30:46)
Read blend: "/Users/ustinian/code/daguanyuan/blender/daguanyuan_master.blend"

Blender quit
prune: Removed types... Mesh (1), Primitive (1), TextureInfo (5), Material (1), Texture (1), Accessor (4)
Replaced only the outer ground: public/models/overview.glb
prune: Removed types... Mesh (1), Primitive (1), TextureInfo (5), Material (1), Texture (1), Accessor (4)
Replaced only the outer ground: public/models/overview-low.glb
Blender 4.5.9 LTS (hash 8bf95cbd38d1 built 2026-04-21 01:30:46)
Read blend: "/Users/ustinian/code/daguanyuan/blender/daguanyuan_master.blend"
Fra:1 Mem:2357.56M (Peak 2483.22M) | Time:00:00.74 | Mem:0.00M, Peak:0.00M | Scene, ViewLayer | Synchronizing object | daguanyuan_gate_stone.001
Fra:1 Mem:2357.61M (Peak 2483.22M) | Time:00:00.74 | Mem:0.00M, Peak:0.00M | Scene, ViewLayer | Synchronizing object | daguanyuan_gate_darkwood.001
Fra:1 Mem:2357.63M (Peak 2483.22M) | Time:00:00.74 | Mem:0.00M, Peak:0.00M | Scene, ViewLayer | Synchronizing object | daguanyuan_gate_latticewood.001
Fra:1 Mem:2359.00M (Peak 2483.22M) | Time:00:00.74 | Mem:0.00M, Peak:0.00M | Scene, ViewLayer | Synchronizing object | daguanyuan_gate_screen
Fra:1 Mem:2359.75M (Peak 2483.22M) | Time:00:00.74 | Mem:0.00M, Peak:0.00M | Scene, ViewLayer | Synchronizing object | daguanyuan_gate_roof.001
Fra:1 Mem:2360.55M (Peak 2483.22M) | Time:00:00.74 | Mem:0.00M, Peak:0.00M | Scene, ViewLayer | Synchronizing object | daguanyuan_gate_limestone.001
Fra:1 Mem:2361.31M (Peak 2483.22M) | Time:00:00.74 | Mem:0.00M, Peak:0.00M | Scene, ViewLayer | Synchronizing object | daguanyuan_gate_paving.001
Fra:1 Mem:2362.65M (Peak 2483.22M) | Time:00:00.74 | Mem:0.00M, Peak:0.00M | Scene, ViewLayer | Synchronizing object | r15_daguanyuan_gate_enclosure_wall
Fra:1 Mem:2364.80M (Peak 2483.22M) | Time:00:00.74 | Mem:0.00M, Peak:0.00M | Scene, ViewLayer | Synchronizing object | r15_daguanyuan_gate_enclosure_paper
Fra:1 Mem:2364.87M (Peak 2483.22M) | Time:00:00.74 | Mem:0.00M, Peak:0.00M | Scene, ViewLayer | Synchronizing object | r15_daguanyuan_gate_enclosure_lacquer
Fra:1 Mem:2365.17M (Peak 2483.22M) | Time:00:00.74 | Mem:0.00M, Peak:0.00M | Scene, ViewLayer | Synchronizing object | r15_daguanyuan_gate_enclosure_ceiling
Fra:1 Mem:2366.10M (Peak 2483.22M) | Time:00:00.74 | Mem:0.00M, Peak:0.00M | Scene, ViewLayer | Synchronizing object | qujingtongyou_gardenstone
Fra:1 Mem:2366.16M (Peak 2483.22M) | Time:00:00.74 | Mem:0.00M, Peak:0.00M | Scene, ViewLayer | Synchronizing object | qujingtongyou_bark
Fra:1 Mem:2366.75M (Peak 2483.22M) | Time:00:00.74 | Mem:0.00M, Peak:0.00M | Scene, ViewLayer | Synchronizing object | qujingtongyou_canopy_shadow
Fra:1 Mem:2367.03M (Peak 2483.22M) | Time:00:00.74 | Mem:0.00M, Peak:0.00M | Scene, ViewLayer | Synchronizing object | qujingtongyou_canopy
Fra:1 Mem:2367.62M (Peak 2483.22M) | Time:00:00.74 | Mem:0.00M, Peak:0.00M | Scene, ViewLayer | Synchronizing object | qujingtongyou_canopy_light
Fra:1 Mem:2369.26M (Peak 2483.22M) | Time:00:00.75 | Mem:0.00M, Peak:0.00M | Scene, ViewLayer | Synchronizing object | xiaoxiangguan_plaster
Fra:1 Mem:2369.29M (Peak 2483.22M) | Time:00:00.75 | Mem:0.00M, Peak:0.00M | Scene, ViewLayer | Synchronizing object | xiaoxiangguan_roof
Fra:1 Mem:2369.37M (Peak 2483.22M) | Time:00:00.75 | Mem:0.00M, Peak:0.00M | Scene, ViewLayer | Synchronizing object | xiaoxiangguan_stone
Fra:1 Mem:2369.55M (Peak 2483.22M) | Time:00:00.75 | Mem:0.00M, Peak:0.00M | Scene, ViewLayer | Synchronizing object | xiaoxiangguan_tile
Fra:1 Mem:2370.43M (Peak 2483.22M) | Time:00:00.75 | Mem:0.00M, Peak:0.00M | Scene, ViewLayer | Synchronizing object | xiaoxiangguan_cutstone
Fra:1 Mem:2371.31M (Peak 2483.22M) | Time:00:00.75 | Mem:0.00M, Peak:0.00M | Scene, ViewLayer | Synchronizing object | xiaoxiangguan_darkwood
Fra:1 Mem:2372.73M (Peak 2483.22M) | Time:00:00.75 | Mem:0.00M, Peak:0.00M | Scene, ViewLayer | Synchronizing object | xiaoxiangguan_wood
Fra:1 Mem:2372.97M (Peak 2483.22M) | Time:00:00.75 | Mem:0.00M, Peak:0.00M | Scene, ViewLayer | Synchronizing object | xiaoxiangguan_latticewood.001
Fra:1 Mem:2374.93M (Peak 2483.22M) | Time:00:00.75 | Mem:0.00M, Peak:0.00M | Scene, ViewLayer | Synchronizing object | xiaoxiangguan_tilelight.001
Fra:1 Mem:2378.46M (Peak 2483.22M) | Time:00:00.75 | Mem:0.00M, Peak:0.00M | Scene, ViewLayer | Synchronizing object | xiaoxiangguan_tiledark.001
Fra:1 Mem:2378.97M (Peak 2483.22M) | Time:00:00.75 | Mem:0.00M, Peak:0.00M | Scene, ViewLayer | Synchronizing object | xiaoxiangguan_paving.001
Fra:1 Mem:2379.03M (Peak 2483.22M) | Time:00:00.75 | Mem:0.00M, Peak:0.00M | Scene, ViewLayer | Synchronizing object | xiaoxiangguan_bookcloth.001
Fra:1 Mem:2379.62M (Peak 2483.22M) | Time:00:00.75 | Mem:0.00M, Peak:0.00M | Scene, ViewLayer | Synchronizing object | xiaoxiangguan_water.001
Fra:1 Mem:2380.41M (Peak 2483.22M) | Time:00:00.75 | Mem:0.00M, Peak:0.00M | Scene, ViewLayer | Synchronizing object | xiaoxiangguan_bankstone
Fra:1 Mem:2380.83M (Peak 2483.22M) | Time:00:00.75 | Mem:0.00M, Peak:0.00M | Scene, ViewLayer | Synchronizing object | xiaoxiangguan_furniture
Fra:1 Mem:2381.04M (Peak 2483.22M) | Time:00:00.75 | Mem:0.00M, Peak:0.00M | Scene, ViewLayer | Synchronizing object | xiaoxiangguan_paper
Fra:1 Mem:2381.04M (Peak 2483.22M) | Time:00:00.75 | Mem:0.00M, Peak:0.00M | Scene, ViewLayer | Synchronizing object | xiaoxiangguan_ivory.001
Fra:1 Mem:2381.12M (Peak 2483.22M) | Time:00:00.75 | Mem:0.00M, Peak:0.00M | Scene, ViewLayer | Synchronizing object | xiaoxiangguan_ink.001
Fra:1 Mem:2382.33M (Peak 2483.22M) | Time:00:00.75 | Mem:0.00M, Peak:0.00M | Scene, ViewLayer | Synchronizing object | xiaoxiangguan_bookcover.001
Fra:1 Mem:2383.05M (Peak 2483.22M) | Time:00:00.75 | Mem:0.00M, Peak:0.00M | Scene, ViewLayer | Synchronizing object | xiaoxiangguan_ceramic.001
Fra:1 Mem:2383.07M (Peak 2483.22M) | Time:00:00.75 | Mem:0.00M, Peak:0.00M | Scene, ViewLayer | Synchronizing object | xiaoxiangguan_silk
Fra:1 Mem:2384.20M (Peak 2483.22M) | Time:00:00.75 | Mem:0.00M, Peak:0.00M | Scene, ViewLayer | Synchronizing object | xiaoxiangguan_lantern
Fra:1 Mem:2384.21M (Peak 2483.22M) | Time:00:00.75 | Mem:0.00M, Peak:0.00M | Scene, ViewLayer | Synchronizing object | xiaoxiangguan_focal_botanical_petal
Fra:1 Mem:2384.22M (Peak 2483.22M) | Time:00:00.75 | Mem:0.00M, Peak:0.00M | Scene, ViewLayer | Synchronizing object | xiaoxiangguan_focal_botanical_bamboo
Fra:1 Mem:2385.08M (Peak 2483.22M) | Time:00:00.75 | Mem:0.00M, Peak:0.00M | Scene, ViewLayer | Synchronizing object | xiaoxiangguan_focal_botanical_stem
Fra:1 Mem:2385.42M (Peak 2483.22M) | Time:00:00.75 | Mem:0.00M, Peak:0.00M | Scene, ViewLayer | Synchronizing object | xiaoxiangguan_focal_botanical_banana
Fra:1 Mem:2389.03M (Peak 2483.22M) | Time:00:00.75 | Mem:0.00M, Peak:0.00M | Scene, ViewLayer | Synchronizing object | xiaoxiangguan_focal_bamboo
Fra:1 Mem:2390.90M (Peak 2483.22M) | Time:00:00.75 | Mem:0.00M, Peak:0.00M | Scene, ViewLayer | Synchronizing object | xiaoxiangguan_focal_leaf
Fra:1 Mem:2392.64M (Peak 2483.22M) | Time:00:00.75 | Mem:0.00M, Peak:0.00M | Scene, ViewLayer | Synchronizing object | xiaoxiangguan_focal_leafdark
Fra:1 Mem:2394.45M (Peak 2483.22M) | Time:00:00.75 | Mem:0.00M, Peak:0.00M | Scene, ViewLayer | Synchronizing object | xiaoxiangguan_focal_botanical_litter
Fra:1 Mem:2402.60M (Peak 2483.22M) | Time:00:00.75 | Mem:0.00M, Peak:0.00M | Scene, ViewLayer | Synchronizing object | r15_xiaoxiangguan_enclosure_wall
Fra:1 Mem:2402.79M (Peak 2483.22M) | Time:00:00.75 | Mem:0.00M, Peak:0.00M | Scene, ViewLayer | Synchronizing object | r15_xiaoxiangguan_enclosure_paper
Fra:1 Mem:2402.91M (Peak 2483.22M) | Time:00:00.75 | Mem:0.00M, Peak:0.00M | Scene, ViewLayer | Synchronizing object | r15_xiaoxiangguan_enclosure_lacquer
Fra:1 Mem:2407.17M (Peak 2483.22M) | Time:00:00.75 | Mem:0.00M, Peak:0.00M | Scene, ViewLayer | Synchronizing object | r15_xiaoxiangguan_enclosure_ceiling
Fra:1 Mem:2407.21M (Peak 2483.22M) | Time:00:00.75 | Mem:0.00M, Peak:0.00M | Scene, ViewLayer | Synchronizing object | yihongyuan_plaster.001
Fra:1 Mem:2407.57M (Peak 2483.22M) | Time:00:00.75 | Mem:0.00M, Peak:0.00M | Scene, ViewLayer | Synchronizing object | yihongyuan_stone.001
Fra:1 Mem:2414.84M (Peak 2483.22M) | Time:00:00.75 | Mem:0.00M, Peak:0.00M | Scene, ViewLayer | Synchronizing object | yihongyuan_tile.001
Fra:1 Mem:2414.89M (Peak 2483.22M) | Time:00:00.75 | Mem:0.00M, Peak:0.00M | Scene, ViewLayer | Synchronizing object | yihongyuan_cutstone
Fra:1 Mem:2414.84M (Peak 2483.22M) | Time:00:00.75 | Mem:0.00M, Peak:0.00M | Scene, ViewLayer | Synchronizing object | yihongyuan_darkwood.001
Fra:1 Mem:2415.68M (Peak 2483.22M) | Time:00:00.75 | Mem:0.00M, Peak:0.00M | Scene, ViewLayer | Synchronizing object | yihongyuan_floorwood
Fra:1 Mem:2416.95M (Peak 2483.22M) | Time:00:00.75 | Mem:0.00M, Peak:0.00M | Scene, ViewLayer | Synchronizing object | yihongyuan_wood.001
Fra:1 Mem:2430.88M (Peak 2483.22M) | Time:00:00.75 | Mem:0.00M, Peak:0.00M | Scene, ViewLayer | Synchronizing object | yihongyuan_latticewood.001
Fra:1 Mem:2432.16M (Peak 2483.22M) | Time:00:00.75 | Mem:0.00M, Peak:0.00M | Scene, ViewLayer | Synchronizing object | yihongyuan_tilelight.001
Fra:1 Mem:2432.52M (Peak 2483.22M) | Time:00:00.75 | Mem:0.00M, Peak:0.00M | Scene, ViewLayer | Synchronizing object | yihongyuan_tiledark.001
Fra:1 Mem:2434.71M (Peak 2483.22M) | Time:00:00.75 | Mem:0.00M, Peak:0.00M | Scene, ViewLayer | Synchronizing object | yihongyuan_paving.001
Fra:1 Mem:2436.23M (Peak 2483.22M) | Time:00:00.75 | Mem:0.00M, Peak:0.00M | Scene, ViewLayer | Synchronizing object | yihongyuan_courtbase
Fra:1 Mem:2437.21M (Peak 2483.22M) | Time:00:00.75 | Mem:0.00M, Peak:0.00M | Scene, ViewLayer | Synchronizing object | yihongyuan_gardenstone
Fra:1 Mem:2437.90M (Peak 2483.22M) | Time:00:00.75 | Mem:0.00M, Peak:0.00M | Scene, ViewLayer | Synchronizing object | yihongyuan_limestone.001
Fra:1 Mem:2442.91M (Peak 2483.22M) | Time:00:00.75 | Mem:0.00M, Peak:0.00M | Scene, ViewLayer | Synchronizing object | yihongyuan_furniture
Fra:1 Mem:2443.00M (Peak 2483.22M) | Time:00:00.75 | Mem:0.00M, Peak:0.00M | Scene, ViewLayer | Synchronizing object | yihongyuan_paper.001
Fra:1 Mem:2443.00M (Peak 2483.22M) | Time:00:00.75 | Mem:0.00M, Peak:0.00M | Scene, ViewLayer | Synchronizing object | yihongyuan_bookcloth.001
Fra:1 Mem:2443.01M (Peak 2483.22M) | Time:00:00.75 | Mem:0.00M, Peak:0.00M | Scene, ViewLayer | Synchronizing object | yihongyuan_ivory.001
Fra:1 Mem:2443.05M (Peak 2483.22M) | Time:00:00.75 | Mem:0.00M, Peak:0.00M | Scene, ViewLayer | Synchronizing object | yihongyuan_ink.001
Fra:1 Mem:2443.06M (Peak 2483.22M) | Time:00:00.75 | Mem:0.00M, Peak:0.00M | Scene, ViewLayer | Synchronizing object | yihongyuan_ceramic.001
Fra:1 Mem:2443.10M (Peak 2483.22M) | Time:00:00.75 | Mem:0.00M, Peak:0.00M | Scene, ViewLayer | Synchronizing object | yihongyuan_silk.001
Fra:1 Mem:2443.75M (Peak 2483.22M) | Time:00:00.75 | Mem:0.00M, Peak:0.00M | Scene, ViewLayer | Synchronizing object | yihongyuan_screen.001
Fra:1 Mem:2447.15M (Peak 2483.22M) | Time:00:00.75 | Mem:0.00M, Peak:0.00M | Scene, ViewLayer | Synchronizing object | yihongyuan_focal_bark
Fra:1 Mem:2447.15M (Peak 2483.22M) | Time:00:00.75 | Mem:0.00M, Peak:0.00M | Scene, ViewLayer | Synchronizing object | yihongyuan_focal_botanical_petal
Fra:1 Mem:2447.31M (Peak 2483.22M) | Time:00:00.75 | Mem:0.00M, Peak:0.00M | Scene, ViewLayer | Synchronizing object | yihongyuan_focal_botanical_bamboo
Fra:1 Mem:2447.88M (Peak 2483.22M) | Time:00:00.75 | Mem:0.00M, Peak:0.00M | Scene, ViewLayer | Synchronizing object | yihongyuan_focal_botanical_stem
Fra:1 Mem:2455.76M (Peak 2483.22M) | Time:00:00.75 | Mem:0.00M, Peak:0.00M | Scene, ViewLayer | Synchronizing object | yihongyuan_focal_botanical_banana
Fra:1 Mem:2455.77M (Peak 2483.22M) | Time:00:00.75 | Mem:0.00M, Peak:0.00M | Scene, ViewLayer | Synchronizing object | yihongyuan_focal_bamboo
Fra:1 Mem:2456.43M (Peak 2483.22M) | Time:00:00.75 | Mem:0.00M, Peak:0.00M | Scene, ViewLayer | Synchronizing object | yihongyuan_focal_moss
Fra:1 Mem:2462.70M (Peak 2483.22M) | Time:00:00.75 | Mem:0.00M, Peak:0.00M | Scene, ViewLayer | Synchronizing object | Reviewed_Lake_Surface
Fra:1 Mem:2462.71M (Peak 2483.22M) | Time:00:00.75 | Mem:0.00M, Peak:0.00M | Scene, ViewLayer | Synchronizing object | yihongyuan_focal_leafdark
Fra:1 Mem:2470.50M (Peak 2483.22M) | Time:00:00.75 | Mem:0.00M, Peak:0.00M | Scene, ViewLayer | Synchronizing object | yihongyuan_focal_leaf
Fra:1 Mem:2467.08M (Peak 2483.22M) | Time:00:00.75 | Mem:0.00M, Peak:0.00M | Scene, ViewLayer | Synchronizing object | yihongyuan_focal_botanical_litter
Fra:1 Mem:2467.67M (Peak 2483.22M) | Time:00:00.75 | Mem:0.00M, Peak:0.00M | Scene, ViewLayer | Synchronizing object | r15_yihongyuan_enclosure_paper
Fra:1 Mem:2468.03M (Peak 2483.22M) | Time:00:00.75 | Mem:0.00M, Peak:0.00M | Scene, ViewLayer | Synchronizing object | r15_yihongyuan_enclosure_wall
Fra:1 Mem:2468.75M (Peak 2483.22M) | Time:00:00.75 | Mem:0.00M, Peak:0.00M | Scene, ViewLayer | Synchronizing object | r15_yihongyuan_enclosure_lacquer
Fra:1 Mem:2468.48M (Peak 2483.22M) | Time:00:00.75 | Mem:0.00M, Peak:0.00M | Scene, ViewLayer | Synchronizing object | hengwuyuan_plaster.001
Fra:1 Mem:2468.69M (Peak 2483.22M) | Time:00:00.75 | Mem:0.00M, Peak:0.00M | Scene, ViewLayer | Synchronizing object | hengwuyuan_roof.001
Fra:1 Mem:2469.24M (Peak 2483.22M) | Time:00:00.75 | Mem:0.00M, Peak:0.00M | Scene, ViewLayer | Synchronizing object | hengwuyuan_stone.001
Fra:1 Mem:2469.25M (Peak 2483.22M) | Time:00:00.75 | Mem:0.00M, Peak:0.00M | Scene, ViewLayer | Synchronizing object | hengwuyuan_tile.001
Fra:1 Mem:2469.35M (Peak 2483.22M) | Time:00:00.75 | Mem:0.00M, Peak:0.00M | Scene, ViewLayer | Synchronizing object | hengwuyuan_cutstone
Fra:1 Mem:2470.64M (Peak 2483.22M) | Time:00:00.75 | Mem:0.00M, Peak:0.00M | Scene, ViewLayer | Synchronizing object | hengwuyuan_floorwood
Fra:1 Mem:2470.80M (Peak 2483.22M) | Time:00:00.75 | Mem:0.00M, Peak:0.00M | Scene, ViewLayer | Synchronizing object | hengwuyuan_wood.001
Fra:1 Mem:2479.80M (Peak 2483.22M) | Time:00:00.75 | Mem:0.00M, Peak:0.00M | Scene, ViewLayer | Synchronizing object | hengwuyuan_latticewood.001
Fra:1 Mem:2481.86M (Peak 2483.22M) | Time:00:00.75 | Mem:0.00M, Peak:0.00M | Scene, ViewLayer | Synchronizing object | hengwuyuan_tilelight.001
Fra:1 Mem:2482.25M (Peak 2483.22M) | Time:00:00.75 | Mem:0.00M, Peak:0.00M | Scene, ViewLayer | Synchronizing object | hengwuyuan_tiledark.001
Fra:1 Mem:2478.80M (Peak 2483.22M) | Time:00:00.75 | Mem:0.00M, Peak:0.00M | Scene, ViewLayer | Synchronizing object | hengwuyuan_paving.001
Fra:1 Mem:2478.81M (Peak 2483.22M) | Time:00:00.75 | Mem:0.00M, Peak:0.00M | Scene, ViewLayer | Synchronizing object | hengwuyuan_gardenstone
Fra:1 Mem:2478.98M (Peak 2483.22M) | Time:00:00.75 | Mem:0.00M, Peak:0.00M | Scene, ViewLayer | Synchronizing object | hengwuyuan_limestone.001
Fra:1 Mem:2480.83M (Peak 2483.22M) | Time:00:00.75 | Mem:0.00M, Peak:0.00M | Scene, ViewLayer | Synchronizing object | hengwuyuan_courtbase
Fra:1 Mem:2481.13M (Peak 2483.22M) | Time:00:00.75 | Mem:0.00M, Peak:0.00M | Scene, ViewLayer | Synchronizing object | hengwuyuan_furniture
Fra:1 Mem:2481.21M (Peak 2483.22M) | Time:00:00.75 | Mem:0.00M, Peak:0.00M | Scene, ViewLayer | Synchronizing object | hengwuyuan_paper.001
Fra:1 Mem:2481.40M (Peak 2483.22M) | Time:00:00.75 | Mem:0.00M, Peak:0.00M | Scene, ViewLayer | Synchronizing object | hengwuyuan_bookcloth.001
Fra:1 Mem:2481.49M (Peak 2483.22M) | Time:00:00.75 | Mem:0.00M, Peak:0.00M | Scene, ViewLayer | Synchronizing object | hengwuyuan_ivory.001
Fra:1 Mem:2481.62M (Peak 2483.22M) | Time:00:00.75 | Mem:0.00M, Peak:0.00M | Scene, ViewLayer | Synchronizing object | hengwuyuan_ink.001
Fra:1 Mem:2481.63M (Peak 2483.22M) | Time:00:00.75 | Mem:0.00M, Peak:0.00M | Scene, ViewLayer | Synchronizing object | hengwuyuan_bookcover.001
Fra:1 Mem:2481.66M (Peak 2483.22M) | Time:00:00.75 | Mem:0.00M, Peak:0.00M | Scene, ViewLayer | Synchronizing object | hengwuyuan_ceramic.001
Fra:1 Mem:2481.99M (Peak 2483.22M) | Time:00:00.75 | Mem:0.00M, Peak:0.00M | Scene, ViewLayer | Synchronizing object | hengwuyuan_gold
Fra:1 Mem:2482.72M (Peak 2483.22M) | Time:00:00.75 | Mem:0.00M, Peak:0.00M | Scene, ViewLayer | Synchronizing object | hengwuyuan_clay.001
Fra:1 Mem:2482.89M (Peak 2483.22M) | Time:00:00.75 | Mem:0.00M, Peak:0.00M | Scene, ViewLayer | Synchronizing object | hengwuyuan_screen.001
Fra:1 Mem:2482.90M (Peak 2483.22M) | Time:00:00.75 | Mem:0.00M, Peak:0.00M | Scene, ViewLayer | Synchronizing object | hengwuyuan_lantern
Fra:1 Mem:2483.19M (Peak 2483.22M) | Time:00:00.75 | Mem:0.00M, Peak:0.00M | Scene, ViewLayer | Synchronizing object | hengwuyuan_focal_leaf
Fra:1 Mem:2484.41M (Peak 2484.41M) | Time:00:00.75 | Mem:0.00M, Peak:0.00M | Scene, ViewLayer | Synchronizing object | hengwuyuan_focal_leafdark
Fra:1 Mem:2484.93M (Peak 2484.93M) | Time:00:00.75 | Mem:0.00M, Peak:0.00M | Scene, ViewLayer | Synchronizing object | hengwuyuan_focal_creamflower
Fra:1 Mem:2484.95M (Peak 2484.95M) | Time:00:00.75 | Mem:0.00M, Peak:0.00M | Scene, ViewLayer | Synchronizing object | hengwuyuan_focal_bark
Fra:1 Mem:2485.07M (Peak 2485.07M) | Time:00:00.75 | Mem:0.00M, Peak:0.00M | Scene, ViewLayer | Synchronizing object | hengwuyuan_focal_moss
Fra:1 Mem:2486.31M (Peak 2486.31M) | Time:00:00.75 | Mem:0.00M, Peak:0.00M | Scene, ViewLayer | Synchronizing object | hengwuyuan_focal_botanical_stem.001
Fra:1 Mem:2487.35M (Peak 2487.35M) | Time:00:00.75 | Mem:0.00M, Peak:0.00M | Scene, ViewLayer | Synchronizing object | hengwuyuan_focal_botanical_bamboo
Fra:1 Mem:2489.20M (Peak 2489.20M) | Time:00:00.75 | Mem:0.00M, Peak:0.00M | Scene, ViewLayer | Synchronizing object | r15_hengwuyuan_enclosure_wall
Fra:1 Mem:2489.65M (Peak 2489.65M) | Time:00:00.75 | Mem:0.00M, Peak:0.00M | Scene, ViewLayer | Synchronizing object | r15_hengwuyuan_enclosure_paper
Fra:1 Mem:2490.19M (Peak 2490.19M) | Time:00:00.75 | Mem:0.00M, Peak:0.00M | Scene, ViewLayer | Synchronizing object | r15_hengwuyuan_enclosure_lacquer
Fra:1 Mem:2491.40M (Peak 2491.40M) | Time:00:00.75 | Mem:0.00M, Peak:0.00M | Scene, ViewLayer | Synchronizing object | r15_hengwuyuan_enclosure_ceiling
Fra:1 Mem:2491.75M (Peak 2491.75M) | Time:00:00.75 | Mem:0.00M, Peak:0.00M | Scene, ViewLayer | Synchronizing object | qiushuangzhai_plaster.001
Fra:1 Mem:2491.87M (Peak 2491.87M) | Time:00:00.75 | Mem:0.00M, Peak:0.00M | Scene, ViewLayer | Synchronizing object | qiushuangzhai_roof.001
Fra:1 Mem:2492.50M (Peak 2492.50M) | Time:00:00.75 | Mem:0.00M, Peak:0.00M | Scene, ViewLayer | Synchronizing object | qiushuangzhai_stone.001
Fra:1 Mem:2492.62M (Peak 2492.62M) | Time:00:00.75 | Mem:0.00M, Peak:0.00M | Scene, ViewLayer | Synchronizing object | qiushuangzhai_tile.001
Fra:1 Mem:2493.33M (Peak 2493.33M) | Time:00:00.75 | Mem:0.00M, Peak:0.00M | Scene, ViewLayer | Synchronizing object | qiushuangzhai_cutstone
Fra:1 Mem:2493.60M (Peak 2493.60M) | Time:00:00.75 | Mem:0.00M, Peak:0.00M | Scene, ViewLayer | Synchronizing object | qiushuangzhai_wood.001
Fra:1 Mem:2501.21M (Peak 2501.53M) | Time:00:00.76 | Mem:0.00M, Peak:0.00M | Scene, ViewLayer | Synchronizing object | qiushuangzhai_furniture
Fra:1 Mem:2501.79M (Peak 2501.79M) | Time:00:00.76 | Mem:0.00M, Peak:0.00M | Scene, ViewLayer | Synchronizing object | qiushuangzhai_latticewood.001
Fra:1 Mem:2502.90M (Peak 2502.90M) | Time:00:00.76 | Mem:0.00M, Peak:0.00M | Scene, ViewLayer | Synchronizing object | qiushuangzhai_screen
Fra:1 Mem:2503.12M (Peak 2503.12M) | Time:00:00.76 | Mem:0.00M, Peak:0.00M | Scene, ViewLayer | Synchronizing object | qiushuangzhai_tilelight.001
Fra:1 Mem:2503.39M (Peak 2503.39M) | Time:00:00.76 | Mem:0.00M, Peak:0.00M | Scene, ViewLayer | Synchronizing object | qiushuangzhai_tiledark.001
Fra:1 Mem:2505.28M (Peak 2505.28M) | Time:00:00.76 | Mem:0.00M, Peak:0.00M | Scene, ViewLayer | Synchronizing object | qiushuangzhai_courtbase
Fra:1 Mem:2505.29M (Peak 2505.29M) | Time:00:00.76 | Mem:0.00M, Peak:0.00M | Scene, ViewLayer | Synchronizing object | qiushuangzhai_paving.001
Fra:1 Mem:2505.60M (Peak 2505.60M) | Time:00:00.76 | Mem:0.00M, Peak:0.00M | Scene, ViewLayer | Synchronizing object | qiushuangzhai_marble.001
Fra:1 Mem:2506.04M (Peak 2506.04M) | Time:00:00.76 | Mem:0.00M, Peak:0.00M | Scene, ViewLayer | Synchronizing object | qiushuangzhai_paper.001
Fra:1 Mem:2507.37M (Peak 2507.37M) | Time:00:00.76 | Mem:0.00M, Peak:0.00M | Scene, ViewLayer | Synchronizing object | qiushuangzhai_bookcloth.001
Fra:1 Mem:2507.65M (Peak 2507.65M) | Time:00:00.76 | Mem:0.00M, Peak:0.00M | Scene, ViewLayer | Synchronizing object | qiushuangzhai_ivory.001
Fra:1 Mem:2508.18M (Peak 2508.18M) | Time:00:00.76 | Mem:0.00M, Peak:0.00M | Scene, ViewLayer | Synchronizing object | qiushuangzhai_ink.001
Fra:1 Mem:2508.27M (Peak 2508.27M) | Time:00:00.76 | Mem:0.00M, Peak:0.00M | Scene, ViewLayer | Synchronizing object | qiushuangzhai_ceramic.001
Fra:1 Mem:2506.90M (Peak 2508.27M) | Time:00:00.76 | Mem:0.00M, Peak:0.00M | Scene, ViewLayer | Synchronizing object | qiushuangzhai_gold
Fra:1 Mem:2506.92M (Peak 2508.27M) | Time:00:00.76 | Mem:0.00M, Peak:0.00M | Scene, ViewLayer | Synchronizing object | qiushuangzhai_silk.001
Fra:1 Mem:2507.08M (Peak 2508.27M) | Time:00:00.76 | Mem:0.00M, Peak:0.00M | Scene, ViewLayer | Synchronizing object | qiushuangzhai_lantern
Fra:1 Mem:2507.31M (Peak 2508.27M) | Time:00:00.76 | Mem:0.00M, Peak:0.00M | Scene, ViewLayer | Synchronizing object | qiushuangzhai_focal_bamboo
Fra:1 Mem:2507.40M (Peak 2508.27M) | Time:00:00.76 | Mem:0.00M, Peak:0.00M | Scene, ViewLayer | Synchronizing object | qiushuangzhai_focal_leafdark
Fra:1 Mem:2508.42M (Peak 2508.42M) | Time:00:00.76 | Mem:0.00M, Peak:0.00M | Scene, ViewLayer | Synchronizing object | qiushuangzhai_focal_bark
Fra:1 Mem:2508.46M (Peak 2508.46M) | Time:00:00.76 | Mem:0.00M, Peak:0.00M | Scene, ViewLayer | Synchronizing object | qiushuangzhai_focal_leaf
Fra:1 Mem:2508.81M (Peak 2508.81M) | Time:00:00.76 | Mem:0.00M, Peak:0.00M | Scene, ViewLayer | Synchronizing object | qiushuangzhai_focal_botanical_stem.001
Fra:1 Mem:2510.52M (Peak 2510.52M) | Time:00:00.76 | Mem:0.00M, Peak:0.00M | Scene, ViewLayer | Synchronizing object | qiushuangzhai_focal_botanical_bamboo
Fra:1 Mem:2511.54M (Peak 2511.54M) | Time:00:00.76 | Mem:0.00M, Peak:0.00M | Scene, ViewLayer | Synchronizing object | qiushuangzhai_focal_botanical_litter
Fra:1 Mem:2513.65M (Peak 2513.65M) | Time:00:00.76 | Mem:0.00M, Peak:0.00M | Scene, ViewLayer | Synchronizing object | r15_qiushuangzhai_enclosure_wall
Fra:1 Mem:2514.12M (Peak 2514.12M) | Time:00:00.76 | Mem:0.00M, Peak:0.00M | Scene, ViewLayer | Synchronizing object | r15_qiushuangzhai_enclosure_paper
Fra:1 Mem:2514.28M (Peak 2514.28M) | Time:00:00.76 | Mem:0.00M, Peak:0.00M | Scene, ViewLayer | Synchronizing object | r15_qiushuangzhai_enclosure_lacquer
Fra:1 Mem:2514.69M (Peak 2514.69M) | Time:00:00.76 | Mem:0.00M, Peak:0.00M | Scene, ViewLayer | Synchronizing object | r15_qiushuangzhai_enclosure_ceiling
Fra:1 Mem:2514.87M (Peak 2514.87M) | Time:00:00.76 | Mem:0.00M, Peak:0.00M | Scene, ViewLayer | Synchronizing object | daoxiangcun_stone.001
Fra:1 Mem:2515.58M (Peak 2515.58M) | Time:00:00.76 | Mem:0.00M, Peak:0.00M | Scene, ViewLayer | Synchronizing object | daoxiangcun_paving.001
Fra:1 Mem:2516.03M (Peak 2516.03M) | Time:00:00.76 | Mem:0.00M, Peak:0.00M | Scene, ViewLayer | Synchronizing object | daoxiangcun_clay.001
Fra:1 Mem:2516.44M (Peak 2516.44M) | Time:00:00.76 | Mem:0.00M, Peak:0.00M | Scene, ViewLayer | Synchronizing object | daoxiangcun_wood.001
Fra:1 Mem:2516.48M (Peak 2516.48M) | Time:00:00.76 | Mem:0.00M, Peak:0.00M | Scene, ViewLayer | Synchronizing object | daoxiangcun_screen.001
Fra:1 Mem:2516.60M (Peak 2516.60M) | Time:00:00.76 | Mem:0.00M, Peak:0.00M | Scene, ViewLayer | Synchronizing object | daoxiangcun_thatch.001
Fra:1 Mem:2517.00M (Peak 2517.00M) | Time:00:00.76 | Mem:0.00M, Peak:0.00M | Scene, ViewLayer | Synchronizing object | daoxiangcun_lightleaf.001
Fra:1 Mem:2517.13M (Peak 2517.13M) | Time:00:00.76 | Mem:0.00M, Peak:0.00M | Scene, ViewLayer | Synchronizing object | daoxiangcun_bark
Fra:1 Mem:2517.63M (Peak 2517.63M) | Time:00:00.76 | Mem:0.00M, Peak:0.00M | Scene, ViewLayer | Synchronizing object | daoxiangcun_flower.001
Fra:1 Mem:2517.92M (Peak 2517.92M) | Time:00:00.76 | Mem:0.00M, Peak:0.00M | Scene, ViewLayer | Synchronizing object | daoxiangcun_creamflower.001
Fra:1 Mem:2519.63M (Peak 2519.63M) | Time:00:00.76 | Mem:0.00M, Peak:0.00M | Scene, ViewLayer | Synchronizing object | r15_daoxiangcun_enclosure_clay
Fra:1 Mem:2521.57M (Peak 2521.57M) | Time:00:00.76 | Mem:0.00M, Peak:0.00M | Scene, ViewLayer | Synchronizing object | r15_daoxiangcun_enclosure_paper
Fra:1 Mem:2523.60M (Peak 2523.60M) | Time:00:00.76 | Mem:0.00M, Peak:0.00M | Scene, ViewLayer | Synchronizing object | r15_daoxiangcun_enclosure_ochre
Fra:1 Mem:2525.79M (Peak 2525.83M) | Time:00:00.76 | Mem:0.00M, Peak:0.00M | Scene, ViewLayer | Synchronizing object | r15_daoxiangcun_enclosure_ceiling
Fra:1 Mem:2526.09M (Peak 2526.09M) | Time:00:00.76 | Mem:0.00M, Peak:0.00M | Scene, ViewLayer | Synchronizing object | ouxiangxie_wood.001
Fra:1 Mem:2527.28M (Peak 2527.28M) | Time:00:00.76 | Mem:0.00M, Peak:0.00M | Scene, ViewLayer | Synchronizing object | ouxiangxie_stone.001
Fra:1 Mem:2528.70M (Peak 2528.70M) | Time:00:00.76 | Mem:0.00M, Peak:0.00M | Scene, ViewLayer | Synchronizing object | ouxiangxie_latticewood.001
Fra:1 Mem:2530.20M (Peak 2530.20M) | Time:00:00.76 | Mem:0.00M, Peak:0.00M | Scene, ViewLayer | Synchronizing object | ouxiangxie_roof.001
Fra:1 Mem:2530.22M (Peak 2530.22M) | Time:00:00.76 | Mem:0.00M, Peak:0.00M | Scene, ViewLayer | Synchronizing object | ouxiangxie_tilelight.001
Fra:1 Mem:2530.24M (Peak 2530.24M) | Time:00:00.76 | Mem:0.00M, Peak:0.00M | Scene, ViewLayer | Synchronizing object | ouxiangxie_tile.001
Fra:1 Mem:2531.26M (Peak 2531.26M) | Time:00:00.76 | Mem:0.00M, Peak:0.00M | Scene, ViewLayer | Synchronizing object | ouxiangxie_tiledark.001
Fra:1 Mem:2532.65M (Peak 2532.65M) | Time:00:00.76 | Mem:0.00M, Peak:0.00M | Scene, ViewLayer | Synchronizing object | ouxiangxie_darkwood.001
Fra:1 Mem:2534.15M (Peak 2534.15M) | Time:00:00.76 | Mem:0.00M, Peak:0.00M | Scene, ViewLayer | Synchronizing object | ouxiangxie_furniture
Fra:1 Mem:2534.71M (Peak 2534.71M) | Time:00:00.76 | Mem:0.00M, Peak:0.00M | Scene, ViewLayer | Synchronizing object | ouxiangxie_paper
Fra:1 Mem:2534.75M (Peak 2534.75M) | Time:00:00.76 | Mem:0.00M, Peak:0.00M | Scene, ViewLayer | Synchronizing object | ouxiangxie_bookcloth.001
Fra:1 Mem:2534.89M (Peak 2534.89M) | Time:00:00.76 | Mem:0.00M, Peak:0.00M | Scene, ViewLayer | Synchronizing object | ouxiangxie_ivory.001
Fra:1 Mem:2535.06M (Peak 2535.06M) | Time:00:00.76 | Mem:0.00M, Peak:0.00M | Scene, ViewLayer | Synchronizing object | ouxiangxie_ink.001
Fra:1 Mem:2535.60M (Peak 2535.60M) | Time:00:00.76 | Mem:0.00M, Peak:0.00M | Scene, ViewLayer | Synchronizing object | ouxiangxie_bookcover.001
Fra:1 Mem:2537.27M (Peak 2537.27M) | Time:00:00.76 | Mem:0.00M, Peak:0.00M | Scene, ViewLayer | Synchronizing object | ouxiangxie_ceramic.001
Fra:1 Mem:2537.29M (Peak 2537.29M) | Time:00:00.76 | Mem:0.00M, Peak:0.00M | Scene, ViewLayer | Synchronizing object | ouxiangxie_bamboo.001
Fra:1 Mem:2537.31M (Peak 2537.31M) | Time:00:00.76 | Mem:0.00M, Peak:0.00M | Scene, ViewLayer | Synchronizing object | ouxiangxie_gold.001
Fra:1 Mem:2536.90M (Peak 2537.31M) | Time:00:00.76 | Mem:0.00M, Peak:0.00M | Scene, ViewLayer | Synchronizing object | dicuiting_stone.001
Fra:1 Mem:2537.32M (Peak 2537.32M) | Time:00:00.76 | Mem:0.00M, Peak:0.00M | Scene, ViewLayer | Synchronizing object | dicuiting_wood.001
Fra:1 Mem:2536.94M (Peak 2537.32M) | Time:00:00.76 | Mem:0.00M, Peak:0.00M | Scene, ViewLayer | Synchronizing object | dicuiting_darkwood
Fra:1 Mem:2538.02M (Peak 2538.02M) | Time:00:00.76 | Mem:0.00M, Peak:0.00M | Scene, ViewLayer | Synchronizing object | dicuiting_gold
Fra:1 Mem:2538.10M (Peak 2538.10M) | Time:00:00.76 | Mem:0.00M, Peak:0.00M | Scene, ViewLayer | Synchronizing object | dicuiting_tilelight
Fra:1 Mem:2538.24M (Peak 2538.24M) | Time:00:00.76 | Mem:0.00M, Peak:0.00M | Scene, ViewLayer | Synchronizing object | dicuiting_tile.001
Fra:1 Mem:2538.55M (Peak 2538.55M) | Time:00:00.76 | Mem:0.00M, Peak:0.00M | Scene, ViewLayer | Synchronizing object | dicuiting_tiledark
Fra:1 Mem:2539.10M (Peak 2539.10M) | Time:00:00.76 | Mem:0.00M, Peak:0.00M | Scene, ViewLayer | Synchronizing object | luxuean_stone.001
Fra:1 Mem:2539.13M (Peak 2539.13M) | Time:00:00.76 | Mem:0.00M, Peak:0.00M | Scene, ViewLayer | Synchronizing object | luxuean_paving.001
Fra:1 Mem:2539.53M (Peak 2539.53M) | Time:00:00.76 | Mem:0.00M, Peak:0.00M | Scene, ViewLayer | Synchronizing object | luxuean_clay.001
Fra:1 Mem:2539.88M (Peak 2539.88M) | Time:00:00.76 | Mem:0.00M, Peak:0.00M | Scene, ViewLayer | Synchronizing object | luxuean_wood.001
Fra:1 Mem:2540.00M (Peak 2540.00M) | Time:00:00.76 | Mem:0.00M, Peak:0.00M | Scene, ViewLayer | Synchronizing object | luxuean_thatch.001
Fra:1 Mem:2540.35M (Peak 2540.35M) | Time:00:00.76 | Mem:0.00M, Peak:0.00M | Scene, ViewLayer | Synchronizing object | luxuean_bamboo.001
Fra:1 Mem:2540.92M (Peak 2540.92M) | Time:00:00.76 | Mem:0.00M, Peak:0.00M | Scene, ViewLayer | Synchronizing object | luxuean_lightleaf.001
Fra:1 Mem:2541.36M (Peak 2541.36M) | Time:00:00.76 | Mem:0.00M, Peak:0.00M | Scene, ViewLayer | Synchronizing object | r15_luxuean_enclosure_clay
Fra:1 Mem:2541.41M (Peak 2541.41M) | Time:00:00.76 | Mem:0.00M, Peak:0.00M | Scene, ViewLayer | Synchronizing object | r15_luxuean_enclosure_ochre
Fra:1 Mem:2541.68M (Peak 2541.68M) | Time:00:00.76 | Mem:0.00M, Peak:0.00M | Scene, ViewLayer | Synchronizing object | r15_luxuean_enclosure_ceiling
Fra:1 Mem:2541.84M (Peak 2541.84M) | Time:00:00.76 | Mem:0.00M, Peak:0.00M | Scene, ViewLayer | Synchronizing object | tubishanzhuang_stone.001
Fra:1 Mem:2541.85M (Peak 2543.25M) | Time:00:00.76 | Mem:0.00M, Peak:0.00M | Scene, ViewLayer | Synchronizing object | tubishanzhuang_floorwood
Fra:1 Mem:2543.31M (Peak 2543.31M) | Time:00:00.76 | Mem:0.00M, Peak:0.00M | Scene, ViewLayer | Synchronizing object | tubishanzhuang_wood.001
Fra:1 Mem:2544.35M (Peak 2544.35M) | Time:00:00.76 | Mem:0.00M, Peak:0.00M | Scene, ViewLayer | Synchronizing object | tubishanzhuang_furniture
Fra:1 Mem:2544.39M (Peak 2544.39M) | Time:00:00.76 | Mem:0.00M, Peak:0.00M | Scene, ViewLayer | Synchronizing object | tubishanzhuang_latticewood.001
Fra:1 Mem:2545.14M (Peak 2545.14M) | Time:00:00.76 | Mem:0.00M, Peak:0.00M | Scene, ViewLayer | Synchronizing object | tubishanzhuang_screen
Fra:1 Mem:2545.20M (Peak 2545.20M) | Time:00:00.76 | Mem:0.00M, Peak:0.00M | Scene, ViewLayer | Synchronizing object | tubishanzhuang_roof.001
Fra:1 Mem:2545.23M (Peak 2545.23M) | Time:00:00.76 | Mem:0.00M, Peak:0.00M | Scene, ViewLayer | Synchronizing object | tubishanzhuang_tilelight.001
Fra:1 Mem:2545.36M (Peak 2545.36M) | Time:00:00.76 | Mem:0.00M, Peak:0.00M | Scene, ViewLayer | Synchronizing object | tubishanzhuang_tile.001
Fra:1 Mem:2545.66M (Peak 2545.66M) | Time:00:00.76 | Mem:0.00M, Peak:0.00M | Scene, ViewLayer | Synchronizing object | tubishanzhuang_tiledark.001
Fra:1 Mem:2545.62M (Peak 2545.66M) | Time:00:00.76 | Mem:0.00M, Peak:0.00M | Scene, ViewLayer | Synchronizing object | tubishanzhuang_canopy_shadow
Fra:1 Mem:2547.93M (Peak 2547.93M) | Time:00:00.76 | Mem:0.00M, Peak:0.00M | Scene, ViewLayer | Synchronizing object | tubishanzhuang_canopy
Fra:1 Mem:2548.19M (Peak 2548.19M) | Time:00:00.76 | Mem:0.00M, Peak:0.00M | Scene, ViewLayer | Synchronizing object | tubishanzhuang_canopy_light
Fra:1 Mem:2549.21M (Peak 2549.21M) | Time:00:00.76 | Mem:0.00M, Peak:0.00M | Scene, ViewLayer | Synchronizing object | tubishanzhuang_paving.001
Fra:1 Mem:2549.22M (Peak 2549.22M) | Time:00:00.76 | Mem:0.00M, Peak:0.00M | Scene, ViewLayer | Synchronizing object | r15_tubishanzhuang_enclosure_paper
Fra:1 Mem:2549.83M (Peak 2549.83M) | Time:00:00.76 | Mem:0.00M, Peak:0.00M | Scene, ViewLayer | Synchronizing object | r15_tubishanzhuang_enclosure_lacquer
Fra:1 Mem:2550.14M (Peak 2550.14M) | Time:00:00.76 | Mem:0.00M, Peak:0.00M | Scene, ViewLayer | Synchronizing object | r15_tubishanzhuang_enclosure_ceiling
Fra:1 Mem:2551.03M (Peak 2551.03M) | Time:00:00.76 | Mem:0.00M, Peak:0.00M | Scene, ViewLayer | Synchronizing object | aojingxiguan_stone.001
Fra:1 Mem:2552.48M (Peak 2552.48M) | Time:00:00.76 | Mem:0.00M, Peak:0.00M | Scene, ViewLayer | Synchronizing object | aojingxiguan_cutstone
Fra:1 Mem:2552.48M (Peak 2552.48M) | Time:00:00.76 | Mem:0.00M, Peak:0.00M | Scene, ViewLayer | Synchronizing object | aojingxiguan_darkwood.001
Fra:1 Mem:2552.15M (Peak 2552.48M) | Time:00:00.76 | Mem:0.00M, Peak:0.00M | Scene, ViewLayer | Synchronizing object | aojingxiguan_floorwood
Fra:1 Mem:2552.31M (Peak 2552.48M) | Time:00:00.76 | Mem:0.00M, Peak:0.00M | Scene, ViewLayer | Synchronizing object | aojingxiguan_wood.001
Fra:1 Mem:2553.06M (Peak 2553.06M) | Time:00:00.76 | Mem:0.00M, Peak:0.00M | Scene, ViewLayer | Synchronizing object | aojingxiguan_furniture
Fra:1 Mem:2553.22M (Peak 2553.22M) | Time:00:00.76 | Mem:0.00M, Peak:0.00M | Scene, ViewLayer | Synchronizing object | aojingxiguan_latticewood.001
Fra:1 Mem:2553.49M (Peak 2553.49M) | Time:00:00.76 | Mem:0.00M, Peak:0.00M | Scene, ViewLayer | Synchronizing object | aojingxiguan_screen
Fra:1 Mem:2554.24M (Peak 2554.24M) | Time:00:00.76 | Mem:0.00M, Peak:0.00M | Scene, ViewLayer | Synchronizing object | aojingxiguan_roof.001
Fra:1 Mem:2554.53M (Peak 2554.53M) | Time:00:00.76 | Mem:0.00M, Peak:0.00M | Scene, ViewLayer | Synchronizing object | aojingxiguan_tilelight.001
Fra:1 Mem:2554.88M (Peak 2554.88M) | Time:00:00.76 | Mem:0.00M, Peak:0.00M | Scene, ViewLayer | Synchronizing object | aojingxiguan_tile.001
Fra:1 Mem:2554.93M (Peak 2554.93M) | Time:00:00.76 | Mem:0.00M, Peak:0.00M | Scene, ViewLayer | Synchronizing object | aojingxiguan_tiledark.001
Fra:1 Mem:2557.66M (Peak 2557.66M) | Time:00:00.76 | Mem:0.00M, Peak:0.00M | Scene, ViewLayer | Synchronizing object | aojingxiguan_bark
Fra:1 Mem:2557.74M (Peak 2557.74M) | Time:00:00.76 | Mem:0.00M, Peak:0.00M | Scene, ViewLayer | Synchronizing object | aojingxiguan_canopy_shadow
Fra:1 Mem:2557.91M (Peak 2557.91M) | Time:00:00.76 | Mem:0.00M, Peak:0.00M | Scene, ViewLayer | Synchronizing object | aojingxiguan_canopy
Fra:1 Mem:2558.87M (Peak 2558.87M) | Time:00:00.76 | Mem:0.00M, Peak:0.00M | Scene, ViewLayer | Synchronizing object | r15_aojingxiguan_enclosure_wall
Fra:1 Mem:2560.64M (Peak 2560.64M) | Time:00:00.76 | Mem:0.00M, Peak:0.00M | Scene, ViewLayer | Synchronizing object | r15_aojingxiguan_enclosure_paper
Fra:1 Mem:2561.61M (Peak 2561.61M) | Time:00:00.76 | Mem:0.00M, Peak:0.00M | Scene, ViewLayer | Synchronizing object | r15_aojingxiguan_enclosure_lacquer
Fra:1 Mem:2560.89M (Peak 2561.61M) | Time:00:00.76 | Mem:0.00M, Peak:0.00M | Scene, ViewLayer | Synchronizing object | r15_aojingxiguan_enclosure_ceiling
Fra:1 Mem:2561.05M (Peak 2561.61M) | Time:00:00.76 | Mem:0.00M, Peak:0.00M | Scene, ViewLayer | Synchronizing object | daguanlou_stone
Fra:1 Mem:2562.28M (Peak 2562.28M) | Time:00:00.76 | Mem:0.00M, Peak:0.00M | Scene, ViewLayer | Synchronizing object | daguanlou_cutstone
Fra:1 Mem:2563.47M (Peak 2563.47M) | Time:00:00.76 | Mem:0.00M, Peak:0.00M | Scene, ViewLayer | Synchronizing object | daguanlou_darkwood
Fra:1 Mem:2563.46M (Peak 2563.47M) | Time:00:00.76 | Mem:0.00M, Peak:0.00M | Scene, ViewLayer | Synchronizing object | daguanlou_floorwood
Fra:1 Mem:2566.64M (Peak 2566.64M) | Time:00:00.76 | Mem:0.00M, Peak:0.00M | Scene, ViewLayer | Synchronizing object | daguanlou_wood
Fra:1 Mem:2570.53M (Peak 2570.53M) | Time:00:00.76 | Mem:0.00M, Peak:0.00M | Scene, ViewLayer | Synchronizing object | daguanlou_furniture
Fra:1 Mem:2577.95M (Peak 2577.95M) | Time:00:00.76 | Mem:0.00M, Peak:0.00M | Scene, ViewLayer | Synchronizing object | daguanlou_latticewood.001
Fra:1 Mem:2578.20M (Peak 2578.20M) | Time:00:00.76 | Mem:0.00M, Peak:0.00M | Scene, ViewLayer | Synchronizing object | daguanlou_screen
Fra:1 Mem:2586.10M (Peak 2586.10M) | Time:00:00.76 | Mem:0.00M, Peak:0.00M | Scene, ViewLayer | Synchronizing object | daguanlou_roof
Fra:1 Mem:2586.19M (Peak 2586.19M) | Time:00:00.76 | Mem:0.00M, Peak:0.00M | Scene, ViewLayer | Synchronizing object | daguanlou_tilelight
Fra:1 Mem:2588.85M (Peak 2588.85M) | Time:00:00.76 | Mem:0.00M, Peak:0.00M | Scene, ViewLayer | Synchronizing object | daguanlou_tile
Fra:1 Mem:2594.76M (Peak 2594.76M) | Time:00:00.76 | Mem:0.00M, Peak:0.00M | Scene, ViewLayer | Synchronizing object | daguanlou_tiledark
Fra:1 Mem:2619.09M (Peak 2619.09M) | Time:00:00.77 | Mem:0.00M, Peak:0.00M | Scene, ViewLayer | Synchronizing object | daguanlou_lantern
Fra:1 Mem:2622.89M (Peak 2622.89M) | Time:00:00.77 | Mem:0.00M, Peak:0.00M | Scene, ViewLayer | Synchronizing object | daguanlou_gold
Fra:1 Mem:2622.04M (Peak 2622.89M) | Time:00:00.77 | Mem:0.00M, Peak:0.00M | Scene, ViewLayer | Synchronizing object | daguanlou_paving
Fra:1 Mem:2630.43M (Peak 2630.43M) | Time:00:00.77 | Mem:0.00M, Peak:0.00M | Scene, ViewLayer | Synchronizing object | daguanlou_courtbase
Fra:1 Mem:2630.44M (Peak 2630.44M) | Time:00:00.77 | Mem:0.00M, Peak:0.00M | Scene, ViewLayer | Synchronizing object | daguanlou_paper
Fra:1 Mem:2630.54M (Peak 2630.54M) | Time:00:00.77 | Mem:0.00M, Peak:0.00M | Scene, ViewLayer | Synchronizing object | daguanlou_bookcloth.001
Fra:1 Mem:2630.54M (Peak 2630.54M) | Time:00:00.77 | Mem:0.00M, Peak:0.00M | Scene, ViewLayer | Synchronizing object | daguanlou_ivory.001
Fra:1 Mem:2631.50M (Peak 2631.50M) | Time:00:00.77 | Mem:0.00M, Peak:0.00M | Scene, ViewLayer | Synchronizing object | daguanlou_ink.001
Fra:1 Mem:2640.36M (Peak 2640.36M) | Time:00:00.77 | Mem:0.00M, Peak:0.00M | Scene, ViewLayer | Synchronizing object | daguanlou_bookcover.001
Fra:1 Mem:2640.38M (Peak 2640.38M) | Time:00:00.77 | Mem:0.00M, Peak:0.00M | Scene, ViewLayer | Synchronizing object | daguanlou_ceramic
Fra:1 Mem:2640.40M (Peak 2640.40M) | Time:00:00.77 | Mem:0.00M, Peak:0.00M | Scene, ViewLayer | Synchronizing object | daguanlou_bamboo.001
Fra:1 Mem:2640.43M (Peak 2640.43M) | Time:00:00.78 | Mem:0.00M, Peak:0.00M | Scene, ViewLayer | Synchronizing object | daguanlou_plaster
Fra:1 Mem:2640.67M (Peak 2640.67M) | Time:00:00.78 | Mem:0.00M, Peak:0.00M | Scene, ViewLayer | Synchronizing object | daguanlou_bark
Fra:1 Mem:2640.67M (Peak 2640.67M) | Time:00:00.78 | Mem:0.00M, Peak:0.00M | Scene, ViewLayer | Synchronizing object | daguanlou_canopy_shadow
Fra:1 Mem:2641.12M (Peak 2641.12M) | Time:00:00.78 | Mem:0.00M, Peak:0.00M | Scene, ViewLayer | Synchronizing object | daguanlou_canopy
Fra:1 Mem:2642.03M (Peak 2642.65M) | Time:00:00.78 | Mem:0.00M, Peak:0.00M | Scene, ViewLayer | Synchronizing object | daguanlou_canopy_light
Fra:1 Mem:2642.03M (Peak 2642.65M) | Time:00:00.78 | Mem:0.00M, Peak:0.00M | Scene, ViewLayer | Synchronizing object | daguanlou_limestone.001
Fra:1 Mem:2642.38M (Peak 2642.65M) | Time:00:00.78 | Mem:0.00M, Peak:0.00M | Scene, ViewLayer | Synchronizing object | daguanlou_ground_botanical_stem.001
Fra:1 Mem:2649.10M (Peak 2649.10M) | Time:00:00.78 | Mem:0.00M, Peak:0.00M | Scene, ViewLayer | Synchronizing object | daguanlou_ground_botanical_bamboo
Fra:1 Mem:2653.54M (Peak 2653.54M) | Time:00:00.78 | Mem:0.00M, Peak:0.00M | Scene, ViewLayer | Synchronizing object | daguanlou_ground_botanical_litter
Fra:1 Mem:2658.82M (Peak 2658.91M) | Time:00:00.78 | Mem:0.00M, Peak:0.00M | Scene, ViewLayer | Synchronizing object | r15_daguanlou_enclosure_wall
Fra:1 Mem:2660.63M (Peak 2661.04M) | Time:00:00.78 | Mem:0.00M, Peak:0.00M | Scene, ViewLayer | Synchronizing object | r15_daguanlou_enclosure_paper
Fra:1 Mem:2660.75M (Peak 2661.04M) | Time:00:00.78 | Mem:0.00M, Peak:0.00M | Scene, ViewLayer | Synchronizing object | r15_daguanlou_enclosure_lacquer
Fra:1 Mem:2665.83M (Peak 2666.26M) | Time:00:00.78 | Mem:0.00M, Peak:0.00M | Scene, ViewLayer | Synchronizing object | r15_daguanlou_enclosure_ceiling
Fra:1 Mem:2666.28M (Peak 2666.28M) | Time:00:00.78 | Mem:0.00M, Peak:0.00M | Scene, ViewLayer | Synchronizing object | longcuian_stone
Fra:1 Mem:2668.88M (Peak 2668.88M) | Time:00:00.78 | Mem:0.00M, Peak:0.00M | Scene, ViewLayer | Synchronizing object | longcuian_cutstone
Fra:1 Mem:2671.13M (Peak 2671.13M) | Time:00:00.78 | Mem:0.00M, Peak:0.00M | Scene, ViewLayer | Synchronizing object | longcuian_darkwood
Fra:1 Mem:2674.87M (Peak 2674.87M) | Time:00:00.78 | Mem:0.00M, Peak:0.00M | Scene, ViewLayer | Synchronizing object | longcuian_floorwood
Fra:1 Mem:2676.31M (Peak 2676.31M) | Time:00:00.78 | Mem:0.00M, Peak:0.00M | Scene, ViewLayer | Synchronizing object | longcuian_wood
Fra:1 Mem:2682.15M (Peak 2684.03M) | Time:00:00.79 | Mem:0.00M, Peak:0.00M | Scene, ViewLayer | Synchronizing object | longcuian_plaster
Fra:1 Mem:2682.31M (Peak 2684.03M) | Time:00:00.79 | Mem:0.00M, Peak:0.00M | Scene, ViewLayer | Synchronizing object | longcuian_latticewood.001
Fra:1 Mem:2690.00M (Peak 2690.08M) | Time:00:00.79 | Mem:0.00M, Peak:0.00M | Scene, ViewLayer | Synchronizing object | longcuian_roof
Fra:1 Mem:2690.44M (Peak 2690.44M) | Time:00:00.79 | Mem:0.00M, Peak:0.00M | Scene, ViewLayer | Synchronizing object | longcuian_tilelight
Fra:1 Mem:2691.20M (Peak 2691.20M) | Time:00:00.79 | Mem:0.00M, Peak:0.00M | Scene, ViewLayer | Synchronizing object | longcuian_tile
Fra:1 Mem:2692.02M (Peak 2692.02M) | Time:00:00.79 | Mem:0.00M, Peak:0.00M | Scene, ViewLayer | Synchronizing object | longcuian_tiledark
Fra:1 Mem:2709.37M (Peak 2709.56M) | Time:00:00.79 | Mem:0.00M, Peak:0.00M | Scene, ViewLayer | Synchronizing object | longcuian_paving
Fra:1 Mem:2710.01M (Peak 2710.01M) | Time:00:00.79 | Mem:0.00M, Peak:0.00M | Scene, ViewLayer | Synchronizing object | longcuian_furniture
Fra:1 Mem:2708.44M (Peak 2710.01M) | Time:00:00.79 | Mem:0.00M, Peak:0.00M | Scene, ViewLayer | Synchronizing object | longcuian_screen
Fra:1 Mem:2709.17M (Peak 2710.01M) | Time:00:00.79 | Mem:0.00M, Peak:0.00M | Scene, ViewLayer | Synchronizing object | longcuian_paper
Fra:1 Mem:2709.20M (Peak 2710.01M) | Time:00:00.79 | Mem:0.00M, Peak:0.00M | Scene, ViewLayer | Synchronizing object | longcuian_bookcloth.001
Fra:1 Mem:2709.22M (Peak 2710.01M) | Time:00:00.79 | Mem:0.00M, Peak:0.00M | Scene, ViewLayer | Synchronizing object | longcuian_ivory.001
Fra:1 Mem:2709.24M (Peak 2710.01M) | Time:00:00.79 | Mem:0.00M, Peak:0.00M | Scene, ViewLayer | Synchronizing object | longcuian_ink.001
Fra:1 Mem:2709.28M (Peak 2710.01M) | Time:00:00.79 | Mem:0.00M, Peak:0.00M | Scene, ViewLayer | Synchronizing object | longcuian_bookcover.001
Fra:1 Mem:2709.45M (Peak 2710.01M) | Time:00:00.79 | Mem:0.00M, Peak:0.00M | Scene, ViewLayer | Synchronizing object | longcuian_ceramic
Fra:1 Mem:2710.49M (Peak 2710.49M) | Time:00:00.79 | Mem:0.00M, Peak:0.00M | Scene, ViewLayer | Synchronizing object | longcuian_bamboo.001
Fra:1 Mem:2710.51M (Peak 2710.51M) | Time:00:00.79 | Mem:0.00M, Peak:0.00M | Scene, ViewLayer | Synchronizing object | longcuian_gold.001
Fra:1 Mem:2710.53M (Peak 2710.53M) | Time:00:00.79 | Mem:0.00M, Peak:0.00M | Scene, ViewLayer | Synchronizing object | longcuian_courtbase
Fra:1 Mem:2710.53M (Peak 2710.53M) | Time:00:00.79 | Mem:0.00M, Peak:0.00M | Scene, ViewLayer | Synchronizing object | longcuian_bark
Fra:1 Mem:2710.55M (Peak 2710.55M) | Time:00:00.79 | Mem:0.00M, Peak:0.00M | Scene, ViewLayer | Synchronizing object | longcuian_flower
Fra:1 Mem:2713.12M (Peak 2713.91M) | Time:00:00.79 | Mem:0.00M, Peak:0.00M | Scene, ViewLayer | Synchronizing object | longcuian_leafdark
Fra:1 Mem:2713.80M (Peak 2713.91M) | Time:00:00.79 | Mem:0.00M, Peak:0.00M | Scene, ViewLayer | Synchronizing object | longcuian_canopy_shadow
Fra:1 Mem:2720.71M (Peak 2720.71M) | Time:00:00.79 | Mem:0.00M, Peak:0.00M | Scene, ViewLayer | Synchronizing object | longcuian_canopy
Fra:1 Mem:2718.72M (Peak 2720.71M) | Time:00:00.79 | Mem:0.00M, Peak:0.00M | Scene, ViewLayer | Synchronizing object | longcuian_canopy_light
Fra:1 Mem:2725.14M (Peak 2725.14M) | Time:00:00.79 | Mem:0.00M, Peak:0.00M | Scene, ViewLayer | Synchronizing object | r15_longcuian_enclosure_wall
Fra:1 Mem:2726.31M (Peak 2726.31M) | Time:00:00.79 | Mem:0.00M, Peak:0.00M | Scene, ViewLayer | Synchronizing object | r15_longcuian_enclosure_paper
Fra:1 Mem:2726.34M (Peak 2726.34M) | Time:00:00.79 | Mem:0.00M, Peak:0.00M | Scene, ViewLayer | Synchronizing object | r15_longcuian_enclosure_lacquer
Fra:1 Mem:2728.23M (Peak 2728.23M) | Time:00:00.79 | Mem:0.00M, Peak:0.00M | Scene, ViewLayer | Synchronizing object | r15_longcuian_enclosure_ceiling
Fra:1 Mem:2728.24M (Peak 2728.24M) | Time:00:00.79 | Mem:0.00M, Peak:0.00M | Scene, ViewLayer | Synchronizing object | nuanxiangwu_stone
Fra:1 Mem:2728.30M (Peak 2728.30M) | Time:00:00.79 | Mem:0.00M, Peak:0.00M | Scene, ViewLayer | Synchronizing object | nuanxiangwu_cutstone
Fra:1 Mem:2728.02M (Peak 2728.30M) | Time:00:00.80 | Mem:0.00M, Peak:0.00M | Scene, ViewLayer | Synchronizing object | nuanxiangwu_darkwood
Fra:1 Mem:2727.54M (Peak 2728.30M) | Time:00:00.80 | Mem:0.00M, Peak:0.00M | Scene, ViewLayer | Synchronizing object | nuanxiangwu_floorwood
Fra:1 Mem:2727.62M (Peak 2728.30M) | Time:00:00.80 | Mem:0.00M, Peak:0.00M | Scene, ViewLayer | Synchronizing object | nuanxiangwu_wood
Fra:1 Mem:2728.13M (Peak 2728.30M) | Time:00:00.80 | Mem:0.00M, Peak:0.00M | Scene, ViewLayer | Synchronizing object | nuanxiangwu_furniture
Fra:1 Mem:2728.92M (Peak 2728.92M) | Time:00:00.80 | Mem:0.00M, Peak:0.00M | Scene, ViewLayer | Synchronizing object | nuanxiangwu_latticewood.001
Fra:1 Mem:2730.92M (Peak 2730.92M) | Time:00:00.80 | Mem:0.00M, Peak:0.00M | Scene, ViewLayer | Synchronizing object | nuanxiangwu_screen
Fra:1 Mem:2731.65M (Peak 2731.65M) | Time:00:00.80 | Mem:0.00M, Peak:0.00M | Scene, ViewLayer | Synchronizing object | nuanxiangwu_roof
Fra:1 Mem:2732.28M (Peak 2732.28M) | Time:00:00.80 | Mem:0.00M, Peak:0.00M | Scene, ViewLayer | Synchronizing object | nuanxiangwu_tilelight
Fra:1 Mem:2731.73M (Peak 2732.28M) | Time:00:00.80 | Mem:0.00M, Peak:0.00M | Scene, ViewLayer | Synchronizing object | nuanxiangwu_paving
Fra:1 Mem:2725.51M (Peak 2732.28M) | Time:00:00.80 | Mem:0.00M, Peak:0.00M | Scene, ViewLayer | Synchronizing object | nuanxiangwu_paper
Fra:1 Mem:2726.26M (Peak 2732.28M) | Time:00:00.80 | Mem:0.00M, Peak:0.00M | Scene, ViewLayer | Synchronizing object | nuanxiangwu_bookcloth.001
Fra:1 Mem:2726.34M (Peak 2732.28M) | Time:00:00.80 | Mem:0.00M, Peak:0.00M | Scene, ViewLayer | Synchronizing object | nuanxiangwu_ivory.001
Fra:1 Mem:2726.80M (Peak 2732.28M) | Time:00:00.80 | Mem:0.00M, Peak:0.00M | Scene, ViewLayer | Synchronizing object | nuanxiangwu_ink.001
Fra:1 Mem:2735.76M (Peak 2735.76M) | Time:00:00.80 | Mem:0.00M, Peak:0.00M | Scene, ViewLayer | Synchronizing object | nuanxiangwu_bookcover.001
Fra:1 Mem:2735.79M (Peak 2735.79M) | Time:00:00.80 | Mem:0.00M, Peak:0.00M | Scene, ViewLayer | Synchronizing object | nuanxiangwu_ceramic
Fra:1 Mem:2735.81M (Peak 2735.81M) | Time:00:00.80 | Mem:0.00M, Peak:0.00M | Scene, ViewLayer | Synchronizing object | nuanxiangwu_bamboo.001
Fra:1 Mem:2735.84M (Peak 2735.84M) | Time:00:00.80 | Mem:0.00M, Peak:0.00M | Scene, ViewLayer | Synchronizing object | nuanxiangwu_gold.001
Fra:1 Mem:2735.84M (Peak 2735.84M) | Time:00:00.80 | Mem:0.00M, Peak:0.00M | Scene, ViewLayer | Synchronizing object | nuanxiangwu_silk
Fra:1 Mem:2736.53M (Peak 2736.53M) | Time:00:00.80 | Mem:0.00M, Peak:0.00M | Scene, ViewLayer | Synchronizing object | nuanxiangwu_bark
Fra:1 Mem:2737.24M (Peak 2737.24M) | Time:00:00.80 | Mem:0.00M, Peak:0.00M | Scene, ViewLayer | Synchronizing object | nuanxiangwu_leafdark
Fra:1 Mem:2737.31M (Peak 2737.31M) | Time:00:00.80 | Mem:0.00M, Peak:0.00M | Scene, ViewLayer | Synchronizing object | nuanxiangwu_courtbase
Fra:1 Mem:2737.63M (Peak 2737.63M) | Time:00:00.80 | Mem:0.00M, Peak:0.00M | Scene, ViewLayer | Synchronizing object | r15_nuanxiangwu_enclosure_wall
Fra:1 Mem:2740.41M (Peak 2740.41M) | Time:00:00.80 | Mem:0.00M, Peak:0.00M | Scene, ViewLayer | Synchronizing object | r15_nuanxiangwu_enclosure_paper
Fra:1 Mem:2740.65M (Peak 2740.65M) | Time:00:00.80 | Mem:0.00M, Peak:0.00M | Scene, ViewLayer | Synchronizing object | r15_nuanxiangwu_enclosure_lacquer
Fra:1 Mem:2740.70M (Peak 2740.70M) | Time:00:00.80 | Mem:0.00M, Peak:0.00M | Scene, ViewLayer | Synchronizing object | r15_nuanxiangwu_enclosure_ceiling
Fra:1 Mem:2741.14M (Peak 2741.14M) | Time:00:00.80 | Mem:0.00M, Peak:0.00M | Scene, ViewLayer | Synchronizing object | landscape_bankstone
Fra:1 Mem:2742.05M (Peak 2742.05M) | Time:00:00.80 | Mem:0.00M, Peak:0.00M | Scene, ViewLayer | Synchronizing object | landscape_limestone.001
Fra:1 Mem:2742.05M (Peak 2742.05M) | Time:00:00.80 | Mem:0.00M, Peak:0.00M | Scene, ViewLayer | Synchronizing object | landscape_bark
Fra:1 Mem:2742.05M (Peak 2742.05M) | Time:00:00.80 | Mem:0.00M, Peak:0.00M | Scene, ViewLayer | Synchronizing object | landscape_leaf
Fra:1 Mem:2743.13M (Peak 2743.13M) | Time:00:00.80 | Mem:0.00M, Peak:0.00M | Scene, ViewLayer | Synchronizing object | landscape_bamboo.001
Fra:1 Mem:2749.49M (Peak 2749.55M) | Time:00:00.80 | Mem:0.00M, Peak:0.00M | Scene, ViewLayer | Synchronizing object | landscape_canopy_light
Fra:1 Mem:2758.72M (Peak 2758.72M) | Time:00:00.81 | Mem:0.00M, Peak:0.00M | Scene, ViewLayer | Synchronizing object | landscape_creamflower.001
Fra:1 Mem:2768.30M (Peak 2768.70M) | Time:00:00.81 | Mem:0.00M, Peak:0.00M | Scene, ViewLayer | Synchronizing object | landscape_leafdark
Fra:1 Mem:2776.68M (Peak 2777.83M) | Time:00:00.81 | Mem:0.00M, Peak:0.00M | Scene, ViewLayer | Synchronizing object | landscape_flower.001
Fra:1 Mem:2782.80M (Peak 2782.80M) | Time:00:00.81 | Mem:0.00M, Peak:0.00M | Scene, ViewLayer | Synchronizing object | landscape_plaster
Fra:1 Mem:2784.87M (Peak 2784.87M) | Time:00:00.81 | Mem:0.00M, Peak:0.00M | Scene, ViewLayer | Synchronizing object | landscape_roof
Fra:1 Mem:2794.23M (Peak 2794.23M) | Time:00:00.81 | Mem:0.00M, Peak:0.00M | Scene, ViewLayer | Synchronizing object | landscape_stone.001
Fra:1 Mem:2806.46M (Peak 2806.46M) | Time:00:00.81 | Mem:0.00M, Peak:0.00M | Scene, ViewLayer | Synchronizing object | landscape_tile
Fra:1 Mem:2806.46M (Peak 2806.46M) | Time:00:00.81 | Mem:0.00M, Peak:0.00M | Scene, ViewLayer | Synchronizing object | landscape_paving
Fra:1 Mem:2851.81M (Peak 2851.81M) | Time:00:00.82 | Mem:0.00M, Peak:0.00M | Scene, ViewLayer | Synchronizing object | landscape_wood.001
Fra:1 Mem:2867.31M (Peak 2867.31M) | Time:00:00.82 | Mem:0.00M, Peak:0.00M | Scene, ViewLayer | Synchronizing object | landscape_tilelight
Fra:1 Mem:2882.14M (Peak 2885.47M) | Time:00:00.83 | Mem:0.00M, Peak:0.00M | Scene, ViewLayer | Synchronizing object | landscape_tiledark
Fra:1 Mem:2877.62M (Peak 2889.83M) | Time:00:00.83 | Mem:0.00M, Peak:0.00M | Scene, ViewLayer | Synchronizing object | landscape_darkwood
Fra:1 Mem:2877.75M (Peak 2889.83M) | Time:00:00.83 | Mem:0.00M, Peak:0.00M | Scene, ViewLayer | Synchronizing object | landscape_lantern
Fra:1 Mem:2878.77M (Peak 2889.83M) | Time:00:00.83 | Mem:0.00M, Peak:0.00M | Scene, ViewLayer | Synchronizing object | landscape_gold
Fra:1 Mem:2880.33M (Peak 2889.83M) | Time:00:00.83 | Mem:0.00M, Peak:0.00M | Scene, ViewLayer | Synchronizing object | shore_ground_botanical_stem.001
Fra:1 Mem:2879.44M (Peak 2889.83M) | Time:00:00.83 | Mem:0.00M, Peak:0.00M | Scene, ViewLayer | Synchronizing object | shore_ground_botanical_bamboo
Fra:1 Mem:2886.31M (Peak 2889.83M) | Time:00:00.83 | Mem:0.00M, Peak:0.00M | Scene, ViewLayer | Synchronizing object | LivingTree_SW_0000_willow
Fra:1 Mem:2889.41M (Peak 2889.83M) | Time:00:00.83 | Mem:0.00M, Peak:0.00M | Scene, ViewLayer | Synchronizing object | LivingTree_SW_0005_shrub
Fra:1 Mem:2907.46M (Peak 2907.46M) | Time:00:00.84 | Mem:0.00M, Peak:0.00M | Scene, ViewLayer | Synchronizing object | LivingTree_SW_0006_scholar-tree
Fra:1 Mem:2908.78M (Peak 2908.78M) | Time:00:00.84 | Mem:0.00M, Peak:0.00M | Scene, ViewLayer | Synchronizing object | LivingTree_SW_0010_white-blossom
Fra:1 Mem:2911.64M (Peak 2911.64M) | Time:00:00.84 | Mem:0.00M, Peak:0.00M | Scene, ViewLayer | Synchronizing object | LivingTree_SW_0025_crabapple
Fra:1 Mem:2928.00M (Peak 2928.59M) | Time:00:00.84 | Mem:0.00M, Peak:0.00M | Scene, ViewLayer | Synchronizing object | LivingTree_SW_0036_chinese-pine
Fra:1 Mem:2928.42M (Peak 2930.41M) | Time:00:00.84 | Mem:0.00M, Peak:0.00M | Scene, ViewLayer | Synchronizing object | LivingTree_SW_0061_ginkgo
Fra:1 Mem:2932.58M (Peak 2932.58M) | Time:00:00.84 | Mem:0.00M, Peak:0.00M | Scene, ViewLayer | Synchronizing object | LivingTree_SW_0079_red-maple
Fra:1 Mem:2933.86M (Peak 2934.43M) | Time:00:00.85 | Mem:0.00M, Peak:0.00M | Scene, ViewLayer | Synchronizing object | Sunwen_groundCover_0000
Fra:1 Mem:2936.93M (Peak 2936.93M) | Time:00:00.85 | Mem:0.00M, Peak:0.00M | Scene, ViewLayer | Synchronizing object | Sunwen_understory_0000
Fra:1 Mem:2940.57M (Peak 2941.34M) | Time:00:00.85 | Mem:0.00M, Peak:0.00M | Scene, ViewLayer | Synchronizing object | Sunwen_understory_0001
Fra:1 Mem:2940.89M (Peak 2941.34M) | Time:00:00.85 | Mem:0.00M, Peak:0.00M | Scene, ViewLayer | Synchronizing object | SunwenPlant_0000_orchid
Fra:1 Mem:2940.94M (Peak 2941.34M) | Time:00:00.85 | Mem:0.00M, Peak:0.00M | Scene, ViewLayer | Synchronizing object | SunwenPlant_0028_iris
Fra:1 Mem:2940.95M (Peak 2941.34M) | Time:00:00.85 | Mem:0.00M, Peak:0.00M | Scene, ViewLayer | Synchronizing object | SunwenPlant_0052_chrysanthemum
Fra:1 Mem:2968.05M (Peak 2968.05M) | Time:00:00.85 | Mem:0.00M, Peak:0.00M | Scene, ViewLayer | Synchronizing object | SunwenPlant_0068_peony
Fra:1 Mem:2968.06M (Peak 2968.06M) | Time:00:00.85 | Mem:0.00M, Peak:0.00M | Scene, ViewLayer | Synchronizing object | SunwenPlant_0678_lotus
Fra:1 Mem:2968.06M (Peak 2968.06M) | Time:00:00.85 | Mem:0.00M, Peak:0.00M | Scene, ViewLayer | Synchronizing object | Sunwen18_daguanyuan_gate_blue.001
Fra:1 Mem:2968.07M (Peak 2968.07M) | Time:00:00.85 | Mem:0.00M, Peak:0.00M | Scene, ViewLayer | Synchronizing object | Sunwen18_daguanyuan_gate_gold.001
Fra:1 Mem:2968.37M (Peak 2968.37M) | Time:00:00.85 | Mem:0.00M, Peak:0.00M | Scene, ViewLayer | Synchronizing object | Sunwen18_daguanyuan_gate_paper.001
Fra:1 Mem:2968.38M (Peak 2968.38M) | Time:00:00.85 | Mem:0.00M, Peak:0.00M | Scene, ViewLayer | Synchronizing object | Sunwen18_daguanyuan_gate_wood.001
Fra:1 Mem:2968.39M (Peak 2968.39M) | Time:00:00.85 | Mem:0.00M, Peak:0.00M | Scene, ViewLayer | Synchronizing object | Sunwen18_daguanyuan_gate_jade.001
Fra:1 Mem:2968.39M (Peak 2968.39M) | Time:00:00.85 | Mem:0.00M, Peak:0.00M | Scene, ViewLayer | Synchronizing object | Sunwen18_xiaoxiangguan_jade.001
Fra:1 Mem:2981.07M (Peak 2981.07M) | Time:00:00.85 | Mem:0.00M, Peak:0.00M | Scene, ViewLayer | Synchronizing object | Sunwen18_xiaoxiangguan_gold.001
Fra:1 Mem:2993.91M (Peak 2993.91M) | Time:00:00.85 | Mem:0.00M, Peak:0.00M | Scene, ViewLayer | Synchronizing object | Sunwen18_xiaoxiangguan_wood.001
Fra:1 Mem:2994.01M (Peak 2994.01M) | Time:00:00.85 | Mem:0.00M, Peak:0.00M | Scene, ViewLayer | Synchronizing object | Sunwen18_xiaoxiangguan_stone.001
Fra:1 Mem:2994.19M (Peak 2994.19M) | Time:00:00.85 | Mem:0.00M, Peak:0.00M | Scene, ViewLayer | Synchronizing object | Sunwen18_xiaoxiangguan_roof.001
Fra:1 Mem:2994.32M (Peak 2994.32M) | Time:00:00.85 | Mem:0.00M, Peak:0.00M | Scene, ViewLayer | Synchronizing object | Sunwen18_xiaoxiangguan_tile.001
Fra:1 Mem:2994.32M (Peak 2994.32M) | Time:00:00.85 | Mem:0.00M, Peak:0.00M | Scene, ViewLayer | Synchronizing object | Sunwen18_yihongyuan_blue.001
Fra:1 Mem:2994.43M (Peak 2994.43M) | Time:00:00.85 | Mem:0.00M, Peak:0.00M | Scene, ViewLayer | Synchronizing object | Sunwen18_yihongyuan_gold.001
Fra:1 Mem:2994.59M (Peak 2994.59M) | Time:00:00.85 | Mem:0.00M, Peak:0.00M | Scene, ViewLayer | Synchronizing object | Sunwen18_yihongyuan_paper.001
Fra:1 Mem:2994.84M (Peak 2994.84M) | Time:00:00.85 | Mem:0.00M, Peak:0.00M | Scene, ViewLayer | Synchronizing object | Sunwen18_yihongyuan_wood.001
Fra:1 Mem:2995.19M (Peak 2995.19M) | Time:00:00.85 | Mem:0.00M, Peak:0.00M | Scene, ViewLayer | Synchronizing object | Sunwen18_yihongyuan_jade.001
Fra:1 Mem:2996.42M (Peak 2996.42M) | Time:00:00.85 | Mem:0.00M, Peak:0.00M | Scene, ViewLayer | Synchronizing object | Sunwen18_yihongyuan_dark.001
Fra:1 Mem:3002.76M (Peak 3002.76M) | Time:00:00.85 | Mem:0.00M, Peak:0.00M | Scene, ViewLayer | Synchronizing object | Sunwen18_yihongyuan_stone.001
Fra:1 Mem:3002.79M (Peak 3002.79M) | Time:00:00.85 | Mem:0.00M, Peak:0.00M | Scene, ViewLayer | Synchronizing object | Sunwen18_yihongyuan_roof.001
Fra:1 Mem:3002.96M (Peak 3002.96M) | Time:00:00.85 | Mem:0.00M, Peak:0.00M | Scene, ViewLayer | Synchronizing object | Sunwen18_yihongyuan_tile.001
Fra:1 Mem:3003.02M (Peak 3003.02M) | Time:00:00.85 | Mem:0.00M, Peak:0.00M | Scene, ViewLayer | Synchronizing object | Sunwen18_yihongyuan_ridge.001
Fra:1 Mem:3003.10M (Peak 3003.10M) | Time:00:00.85 | Mem:0.00M, Peak:0.00M | Scene, ViewLayer | Synchronizing object | Sunwen18_hengwuyuan_jade.001
Fra:1 Mem:3003.25M (Peak 3003.25M) | Time:00:00.86 | Mem:0.00M, Peak:0.00M | Scene, ViewLayer | Synchronizing object | Sunwen18_hengwuyuan_paper.001
Fra:1 Mem:3003.19M (Peak 3003.25M) | Time:00:00.86 | Mem:0.00M, Peak:0.00M | Scene, ViewLayer | Synchronizing object | Sunwen18_hengwuyuan_stone.001
Fra:1 Mem:3003.21M (Peak 3003.25M) | Time:00:00.86 | Mem:0.00M, Peak:0.00M | Scene, ViewLayer | Synchronizing object | Sunwen18_hengwuyuan_roof.001
Fra:1 Mem:3003.35M (Peak 3003.35M) | Time:00:00.86 | Mem:0.00M, Peak:0.00M | Scene, ViewLayer | Synchronizing object | Sunwen18_hengwuyuan_ridge.001
Fra:1 Mem:3003.59M (Peak 3003.59M) | Time:00:00.86 | Mem:0.00M, Peak:0.00M | Scene, ViewLayer | Synchronizing object | Sunwen18_qiushuangzhai_jade.001
Fra:1 Mem:3014.32M (Peak 3014.32M) | Time:00:00.86 | Mem:0.00M, Peak:0.00M | Scene, ViewLayer | Synchronizing object | Sunwen18_qiushuangzhai_gold.001
Fra:1 Mem:3014.61M (Peak 3014.61M) | Time:00:00.86 | Mem:0.00M, Peak:0.00M | Scene, ViewLayer | Synchronizing object | Sunwen18_qiushuangzhai_paper.001
Fra:1 Mem:3014.61M (Peak 3014.61M) | Time:00:00.86 | Mem:0.00M, Peak:0.00M | Scene, ViewLayer | Synchronizing object | Sunwen18_qiushuangzhai_wood.001
Fra:1 Mem:3014.62M (Peak 3014.62M) | Time:00:00.86 | Mem:0.00M, Peak:0.00M | Scene, ViewLayer | Synchronizing object | Sunwen18_qiushuangzhai_stone.001
Fra:1 Mem:3014.62M (Peak 3014.62M) | Time:00:00.86 | Mem:0.00M, Peak:0.00M | Scene, ViewLayer | Synchronizing object | Sunwen18_qiushuangzhai_roof.001
Fra:1 Mem:3014.64M (Peak 3014.64M) | Time:00:00.86 | Mem:0.00M, Peak:0.00M | Scene, ViewLayer | Synchronizing object | Sunwen18_qiushuangzhai_tile.001
Fra:1 Mem:3014.64M (Peak 3014.64M) | Time:00:00.86 | Mem:0.00M, Peak:0.00M | Scene, ViewLayer | Synchronizing object | Sunwen18_qiushuangzhai_ridge.001
Fra:1 Mem:3014.66M (Peak 3014.66M) | Time:00:00.86 | Mem:0.00M, Peak:0.00M | Scene, ViewLayer | Synchronizing object | Sunwen18_daoxiangcun_jade.001
Fra:1 Mem:3014.73M (Peak 3014.73M) | Time:00:00.86 | Mem:0.00M, Peak:0.00M | Scene, ViewLayer | Synchronizing object | Sunwen18_daoxiangcun_wood.001
Fra:1 Mem:3014.78M (Peak 3014.78M) | Time:00:00.86 | Mem:0.00M, Peak:0.00M | Scene, ViewLayer | Synchronizing object | Sunwen18_daoxiangcun_paper.001
Fra:1 Mem:3017.64M (Peak 3017.64M) | Time:00:00.86 | Mem:0.00M, Peak:0.00M | Scene, ViewLayer | Synchronizing object | Sunwen18_daoxiangcun_stone.001
Fra:1 Mem:3017.64M (Peak 3017.64M) | Time:00:00.86 | Mem:0.00M, Peak:0.00M | Scene, ViewLayer | Synchronizing object | Sunwen18_daoxiangcun_dark.001
Fra:1 Mem:3017.64M (Peak 3017.64M) | Time:00:00.86 | Mem:0.00M, Peak:0.00M | Scene, ViewLayer | Synchronizing object | Sunwen18_ouxiangxie_jade.001
Fra:1 Mem:3019.59M (Peak 3019.59M) | Time:00:00.86 | Mem:0.00M, Peak:0.00M | Scene, ViewLayer | Synchronizing object | Sunwen18_ouxiangxie_pink.001
Fra:1 Mem:3019.59M (Peak 3019.59M) | Time:00:00.86 | Mem:0.00M, Peak:0.00M | Scene, ViewLayer | Synchronizing object | Sunwen18_dicuiting_wood.001
Fra:1 Mem:3019.60M (Peak 3019.60M) | Time:00:00.86 | Mem:0.00M, Peak:0.00M | Scene, ViewLayer | Synchronizing object | Sunwen18_dicuiting_jade.001
Fra:1 Mem:3032.08M (Peak 3032.08M) | Time:00:00.86 | Mem:0.00M, Peak:0.00M | Scene, ViewLayer | Synchronizing object | Sunwen18_luxuean_jade.001
Fra:1 Mem:3032.23M (Peak 3032.23M) | Time:00:00.86 | Mem:0.00M, Peak:0.00M | Scene, ViewLayer | Synchronizing object | Garden_Sun_Shadow
Fra:1 Mem:3032.26M (Peak 3032.26M) | Time:00:00.86 | Mem:0.00M, Peak:0.00M | Scene, ViewLayer | Synchronizing object | Root_Garden_Underplanting_gold
Fra:1 Mem:3032.80M (Peak 3032.80M) | Time:00:00.86 | Mem:0.00M, Peak:0.00M | Scene, ViewLayer | Synchronizing object | Sunwen18_luxuean_wood.001
Fra:1 Mem:3033.25M (Peak 3033.25M) | Time:00:00.86 | Mem:0.00M, Peak:0.00M | Scene, ViewLayer | Synchronizing object | Root_Garden_Underplanting_pink
Fra:1 Mem:3033.42M (Peak 3033.42M) | Time:00:00.86 | Mem:0.00M, Peak:0.00M | Scene, ViewLayer | Synchronizing object | Sunwen18_luxuean_paper.001
Fra:1 Mem:3033.42M (Peak 3033.42M) | Time:00:00.86 | Mem:0.00M, Peak:0.00M | Scene, ViewLayer | Synchronizing object | Sunwen18_tubishanzhuang_paper.001
Fra:1 Mem:3033.62M (Peak 3033.62M) | Time:00:00.86 | Mem:0.00M, Peak:0.00M | Scene, ViewLayer | Synchronizing object | Sunwen18_tubishanzhuang_wood.001
Fra:1 Mem:3033.70M (Peak 3033.70M) | Time:00:00.86 | Mem:0.00M, Peak:0.00M | Scene, ViewLayer | Synchronizing object | Root_Garden_Underplanting_moss
Fra:1 Mem:3036.34M (Peak 3036.34M) | Time:00:00.86 | Mem:0.00M, Peak:0.00M | Scene, ViewLayer | Synchronizing object | Sunwen18_aojingxiguan_jade.001
Fra:1 Mem:3036.59M (Peak 3036.59M) | Time:00:00.86 | Mem:0.00M, Peak:0.00M | Scene, ViewLayer | Synchronizing object | Sunwen18_aojingxiguan_gold.001
Fra:1 Mem:3036.60M (Peak 3036.60M) | Time:00:00.86 | Mem:0.00M, Peak:0.00M | Scene, ViewLayer | Synchronizing object | Sunwen18_aojingxiguan_paper.001
Fra:1 Mem:3036.63M (Peak 3036.63M) | Time:00:00.86 | Mem:0.00M, Peak:0.00M | Scene, ViewLayer | Synchronizing object | Sunwen18_aojingxiguan_wood.001
Fra:1 Mem:3036.68M (Peak 3036.68M) | Time:00:00.86 | Mem:0.00M, Peak:0.00M | Scene, ViewLayer | Synchronizing object | Sunwen18_daguanlou_blue.001
Fra:1 Mem:3036.69M (Peak 3036.69M) | Time:00:00.86 | Mem:0.00M, Peak:0.00M | Scene, ViewLayer | Synchronizing object | Sunwen18_daguanlou_gold.001
Fra:1 Mem:3036.69M (Peak 3036.69M) | Time:00:00.86 | Mem:0.00M, Peak:0.00M | Scene, ViewLayer | Synchronizing object | Sunwen18_daguanlou_paper.001
Fra:1 Mem:3036.70M (Peak 3036.70M) | Time:00:00.86 | Mem:0.00M, Peak:0.00M | Scene, ViewLayer | Synchronizing object | Sunwen18_daguanlou_pink.001
Fra:1 Mem:3037.27M (Peak 3037.27M) | Time:00:00.86 | Mem:0.00M, Peak:0.00M | Scene, ViewLayer | Synchronizing object | Sunwen18_daguanlou_wood.001
Fra:1 Mem:3038.31M (Peak 3038.31M) | Time:00:00.86 | Mem:0.00M, Peak:0.00M | Scene, ViewLayer | Synchronizing object | Sunwen18_daguanlou_jade.001
Fra:1 Mem:3039.43M (Peak 3039.43M) | Time:00:00.86 | Mem:0.00M, Peak:0.00M | Scene, ViewLayer | Synchronizing object | Root_Garden_Underplanting_sunwen_gold
Fra:1 Mem:3052.83M (Peak 3052.83M) | Time:00:00.86 | Mem:0.00M, Peak:0.00M | Scene, ViewLayer | Synchronizing object | Root_Garden_Underplanting_white
Fra:1 Mem:3052.94M (Peak 3052.94M) | Time:00:00.86 | Mem:0.00M, Peak:0.00M | Scene, ViewLayer | Synchronizing object | Sunwen18_daguanlou_dark.001
Fra:1 Mem:3053.45M (Peak 3053.45M) | Time:00:00.86 | Mem:0.00M, Peak:0.00M | Scene, ViewLayer | Synchronizing object | Sunwen18_longcuian_jade.001
Fra:1 Mem:3055.01M (Peak 3055.01M) | Time:00:00.86 | Mem:0.00M, Peak:0.00M | Scene, ViewLayer | Synchronizing object | Sunwen18_longcuian_wood.001
Fra:1 Mem:3055.19M (Peak 3055.19M) | Time:00:00.86 | Mem:0.00M, Peak:0.00M | Scene, ViewLayer | Synchronizing object | Sunwen18_longcuian_paper.001
Fra:1 Mem:3055.50M (Peak 3055.50M) | Time:00:00.87 | Mem:0.00M, Peak:0.00M | Scene, ViewLayer | Synchronizing object | Sunwen18_longcuian_stone.001
Fra:1 Mem:3055.50M (Peak 3055.50M) | Time:00:00.87 | Mem:0.00M, Peak:0.00M | Scene, ViewLayer | Synchronizing object | Sunwen18_longcuian_tile.001
Fra:1 Mem:3055.53M (Peak 3055.53M) | Time:00:00.87 | Mem:0.00M, Peak:0.00M | Scene, ViewLayer | Synchronizing object | Sunwen18_longcuian_ridge.001
Fra:1 Mem:3055.71M (Peak 3055.71M) | Time:00:00.87 | Mem:0.00M, Peak:0.00M | Scene, ViewLayer | Synchronizing object | Sunwen18_nuanxiangwu_jade.001
Fra:1 Mem:3056.41M (Peak 3056.41M) | Time:00:00.87 | Mem:0.00M, Peak:0.00M | Scene, ViewLayer | Synchronizing object | Sunwen18_nuanxiangwu_gold.001
Fra:1 Mem:3056.48M (Peak 3056.48M) | Time:00:00.87 | Mem:0.00M, Peak:0.00M | Scene, ViewLayer | Synchronizing object | Sunwen18_nuanxiangwu_paper.001
Fra:1 Mem:3057.34M (Peak 3057.34M) | Time:00:00.87 | Mem:0.00M, Peak:0.00M | Scene, ViewLayer | Synchronizing object | Sunwen18_nuanxiangwu_wood.001
Fra:1 Mem:3057.81M (Peak 3057.81M) | Time:00:00.87 | Mem:0.00M, Peak:0.00M | Scene, ViewLayer | Synchronizing object | Sunwen18_nuanxiangwu_stone.001
Fra:1 Mem:3058.39M (Peak 3058.39M) | Time:00:00.87 | Mem:0.00M, Peak:0.00M | Scene, ViewLayer | Synchronizing object | Sunwen18_nuanxiangwu_roof.001
Fra:1 Mem:3058.75M (Peak 3058.75M) | Time:00:00.87 | Mem:0.00M, Peak:0.00M | Scene, ViewLayer | Synchronizing object | Sunwen18_nuanxiangwu_tile.001
Fra:1 Mem:3058.69M (Peak 3058.75M) | Time:00:00.87 | Mem:0.00M, Peak:0.00M | Scene, ViewLayer | Synchronizing object | Sunwen18_nuanxiangwu_ridge.001
Fra:1 Mem:3059.24M (Peak 3059.24M) | Time:00:00.87 | Mem:0.00M, Peak:0.00M | Scene, ViewLayer | Synchronizing object | Sunwen18_zilingzhou_stone.001
Fra:1 Mem:3059.27M (Peak 3059.27M) | Time:00:00.87 | Mem:0.00M, Peak:0.00M | Scene, ViewLayer | Synchronizing object | Sunwen18_zilingzhou_wood.001
Fra:1 Mem:3059.66M (Peak 3059.66M) | Time:00:00.87 | Mem:0.00M, Peak:0.00M | Scene, ViewLayer | Synchronizing object | Sunwen18_zilingzhou_jade.001
Fra:1 Mem:3059.71M (Peak 3059.71M) | Time:00:00.87 | Mem:0.00M, Peak:0.00M | Scene, ViewLayer | Synchronizing object | Sunwen18_zilingzhou_gold.001
Fra:1 Mem:3059.71M (Peak 3059.71M) | Time:00:00.87 | Mem:0.00M, Peak:0.00M | Scene, ViewLayer | Synchronizing object | Sunwen18_zilingzhou_roof.001
Fra:1 Mem:3059.75M (Peak 3059.75M) | Time:00:00.87 | Mem:0.00M, Peak:0.00M | Scene, ViewLayer | Synchronizing object | Sunwen18_zilingzhou_tile.001
Fra:1 Mem:3060.38M (Peak 3060.38M) | Time:00:00.87 | Mem:0.00M, Peak:0.00M | Scene, ViewLayer | Synchronizing object | Sunwen18_zilingzhou_ridge.001
Fra:1 Mem:3060.60M (Peak 3060.60M) | Time:00:00.87 | Mem:0.00M, Peak:0.00M | Scene, ViewLayer | Synchronizing object | Sunwen18_zhuijinlou_stone.001
Fra:1 Mem:3060.64M (Peak 3060.64M) | Time:00:00.87 | Mem:0.00M, Peak:0.00M | Scene, ViewLayer | Synchronizing object | Sunwen18_zhuijinlou_wood.001
Fra:1 Mem:3060.70M (Peak 3060.70M) | Time:00:00.87 | Mem:0.00M, Peak:0.00M | Scene, ViewLayer | Synchronizing object | Sunwen18_zhuijinlou_blue.001
Fra:1 Mem:3060.71M (Peak 3060.71M) | Time:00:00.87 | Mem:0.00M, Peak:0.00M | Scene, ViewLayer | Synchronizing object | Sunwen18_zhuijinlou_gold.001
Fra:1 Mem:3061.35M (Peak 3061.35M) | Time:00:00.87 | Mem:0.00M, Peak:0.00M | Scene, ViewLayer | Synchronizing object | Sunwen18_zhuijinlou_paper.001
Fra:1 Mem:3061.45M (Peak 3061.45M) | Time:00:00.87 | Mem:0.00M, Peak:0.00M | Scene, ViewLayer | Synchronizing object | Sunwen18_zhuijinlou_pink.001
Fra:1 Mem:3061.81M (Peak 3061.81M) | Time:00:00.87 | Mem:0.00M, Peak:0.00M | Scene, ViewLayer | Synchronizing object | Sunwen18_zhuijinlou_wall.001
Fra:1 Mem:3062.01M (Peak 3062.01M) | Time:00:00.87 | Mem:0.00M, Peak:0.00M | Scene, ViewLayer | Synchronizing object | Sunwen18_zhuijinlou_jade.001
Fra:1 Mem:3063.34M (Peak 3063.34M) | Time:00:00.87 | Mem:0.00M, Peak:0.00M | Scene, ViewLayer | Synchronizing object | Sunwen18_zhuijinlou_roof.001
Fra:1 Mem:3063.36M (Peak 3063.36M) | Time:00:00.87 | Mem:0.00M, Peak:0.00M | Scene, ViewLayer | Synchronizing object | Sunwen18_zhuijinlou_tile.001
Fra:1 Mem:3063.60M (Peak 3063.60M) | Time:00:00.87 | Mem:0.00M, Peak:0.00M | Scene, ViewLayer | Synchronizing object | Sunwen18_zhuijinlou_ridge.001
Fra:1 Mem:3063.76M (Peak 3063.76M) | Time:00:00.87 | Mem:0.00M, Peak:0.00M | Scene, ViewLayer | Synchronizing object | Sunwen18_zhuijinlou_dark.001
Fra:1 Mem:3063.43M (Peak 3063.76M) | Time:00:00.87 | Mem:0.00M, Peak:0.00M | Scene, ViewLayer | Synchronizing object | Sunwen18_jiayintang_stone.001
Fra:1 Mem:3065.67M (Peak 3065.67M) | Time:00:00.87 | Mem:0.00M, Peak:0.00M | Scene, ViewLayer | Synchronizing object | Sunwen18_jiayintang_wood.001
Fra:1 Mem:3065.92M (Peak 3065.92M) | Time:00:00.87 | Mem:0.00M, Peak:0.00M | Scene, ViewLayer | Synchronizing object | Sunwen18_jiayintang_jade.001
Fra:1 Mem:3065.97M (Peak 3065.97M) | Time:00:00.87 | Mem:0.00M, Peak:0.00M | Scene, ViewLayer | Synchronizing object | Sunwen18_jiayintang_gold.001
Fra:1 Mem:3066.04M (Peak 3066.04M) | Time:00:00.87 | Mem:0.00M, Peak:0.00M | Scene, ViewLayer | Synchronizing object | Sunwen18_jiayintang_roof.001
Fra:1 Mem:3066.05M (Peak 3066.05M) | Time:00:00.87 | Mem:0.00M, Peak:0.00M | Scene, ViewLayer | Synchronizing object | Sunwen18_jiayintang_tile.001
Fra:1 Mem:3066.23M (Peak 3066.23M) | Time:00:00.87 | Mem:0.00M, Peak:0.00M | Scene, ViewLayer | Synchronizing object | Sunwen18_jiayintang_ridge.001
Fra:1 Mem:3068.19M (Peak 3068.19M) | Time:00:00.87 | Mem:0.00M, Peak:0.00M | Scene, ViewLayer | Synchronizing object | Sunwen18_jiayintang_dark.001
Fra:1 Mem:3068.20M (Peak 3068.20M) | Time:00:00.87 | Mem:0.00M, Peak:0.00M | Scene, ViewLayer | Synchronizing object | Sunwen18_Gallery_roof.001
Fra:1 Mem:3068.61M (Peak 3068.61M) | Time:00:00.87 | Mem:0.00M, Peak:0.00M | Scene, ViewLayer | Synchronizing object | Sunwen18_Gallery_tile.001
Fra:1 Mem:3069.78M (Peak 3069.78M) | Time:00:00.87 | Mem:0.00M, Peak:0.00M | Scene, ViewLayer | Synchronizing object | Sunwen18_Gallery_ridge.001
Fra:1 Mem:3074.36M (Peak 3074.52M) | Time:00:00.87 | Mem:0.00M, Peak:0.00M | Scene, ViewLayer | Synchronizing object | Sunwen18_Gallery_wood.001
Fra:1 Mem:3074.38M (Peak 3074.52M) | Time:00:00.87 | Mem:0.00M, Peak:0.00M | Scene, ViewLayer | Synchronizing object | SunwenBed_grove-00_garden_moss.001
Fra:1 Mem:3075.29M (Peak 3075.29M) | Time:00:00.87 | Mem:0.00M, Peak:0.00M | Scene, ViewLayer | Synchronizing object | SunwenBed_grove-00_garden_bean.001
Fra:1 Mem:3076.30M (Peak 3076.30M) | Time:00:00.87 | Mem:0.00M, Peak:0.00M | Scene, ViewLayer | Synchronizing object | SunwenBed_grove-00_garden_jade.001
Fra:1 Mem:3076.56M (Peak 3076.56M) | Time:00:00.87 | Mem:0.00M, Peak:0.00M | Scene, ViewLayer | Synchronizing object | SunwenBed_grove-00_sunwen_white.001
Fra:1 Mem:3078.30M (Peak 3078.31M) | Time:00:00.87 | Mem:0.00M, Peak:0.00M | Scene, ViewLayer | Synchronizing object | SunwenBed_grove-00_sunwen_gold.001
Fra:1 Mem:3077.53M (Peak 3078.31M) | Time:00:00.87 | Mem:0.00M, Peak:0.00M | Scene, ViewLayer | Synchronizing object | SunwenBed_grove-01_garden_moss.001
Fra:1 Mem:3077.53M (Peak 3078.31M) | Time:00:00.87 | Mem:0.00M, Peak:0.00M | Scene, ViewLayer | Synchronizing object | Root_Garden_Underplanting_leaf.001
Fra:1 Mem:3077.61M (Peak 3078.31M) | Time:00:00.87 | Mem:0.00M, Peak:0.00M | Scene, ViewLayer | Synchronizing object | SunwenBed_grove-01_garden_bean.001
Fra:1 Mem:3077.78M (Peak 3078.31M) | Time:00:00.87 | Mem:0.00M, Peak:0.00M | Scene, ViewLayer | Synchronizing object | SunwenBed_grove-01_garden_jade.001
Fra:1 Mem:3077.84M (Peak 3078.31M) | Time:00:00.87 | Mem:0.00M, Peak:0.00M | Scene, ViewLayer | Synchronizing object | SunwenBed_grove-01_sunwen_white.001
Fra:1 Mem:3078.11M (Peak 3078.31M) | Time:00:00.87 | Mem:0.00M, Peak:0.00M | Scene, ViewLayer | Synchronizing object | SunwenBed_grove-01_sunwen_gold.001
Fra:1 Mem:3079.59M (Peak 3079.59M) | Time:00:00.87 | Mem:0.00M, Peak:0.00M | Scene, ViewLayer | Synchronizing object | SunwenBed_grove-02_garden_moss.001
Fra:1 Mem:3079.68M (Peak 3079.68M) | Time:00:00.87 | Mem:0.00M, Peak:0.00M | Scene, ViewLayer | Synchronizing object | SunwenBed_grove-02_garden_bean.001
Fra:1 Mem:3079.84M (Peak 3079.84M) | Time:00:00.87 | Mem:0.00M, Peak:0.00M | Scene, ViewLayer | Synchronizing object | SunwenBed_grove-02_garden_jade.001
Fra:1 Mem:3080.13M (Peak 3080.13M) | Time:00:00.87 | Mem:0.00M, Peak:0.00M | Scene, ViewLayer | Synchronizing object | SunwenBed_grove-02_sunwen_white.001
Fra:1 Mem:3080.26M (Peak 3080.26M) | Time:00:00.87 | Mem:0.00M, Peak:0.00M | Scene, ViewLayer | Synchronizing object | SunwenBed_grove-02_sunwen_gold.001
Fra:1 Mem:3081.05M (Peak 3081.05M) | Time:00:00.87 | Mem:0.00M, Peak:0.00M | Scene, ViewLayer | Synchronizing object | SunwenBed_grove-03_garden_moss.001
Fra:1 Mem:3081.25M (Peak 3081.25M) | Time:00:00.88 | Mem:0.00M, Peak:0.00M | Scene, ViewLayer | Synchronizing object | SunwenBed_grove-03_garden_bean.001
Fra:1 Mem:3081.44M (Peak 3081.44M) | Time:00:00.88 | Mem:0.00M, Peak:0.00M | Scene, ViewLayer | Synchronizing object | SunwenBed_grove-03_garden_jade.001
Fra:1 Mem:3081.45M (Peak 3081.45M) | Time:00:00.88 | Mem:0.00M, Peak:0.00M | Scene, ViewLayer | Synchronizing object | SunwenBed_grove-03_sunwen_gold.001
Fra:1 Mem:3081.75M (Peak 3081.75M) | Time:00:00.88 | Mem:0.00M, Peak:0.00M | Scene, ViewLayer | Synchronizing object | SunwenBed_grove-04_garden_jade.001
Fra:1 Mem:3081.73M (Peak 3081.75M) | Time:00:00.88 | Mem:0.00M, Peak:0.00M | Scene, ViewLayer | Synchronizing object | SunwenBed_grove-04_garden_moss.001
Fra:1 Mem:3081.74M (Peak 3081.75M) | Time:00:00.88 | Mem:0.00M, Peak:0.00M | Scene, ViewLayer | Synchronizing object | SunwenBed_grove-04_garden_bean.001
Fra:1 Mem:3083.88M (Peak 3083.88M) | Time:00:00.88 | Mem:0.00M, Peak:0.00M | Scene, ViewLayer | Synchronizing object | SunwenBed_grove-04_sunwen_iris.001
Fra:1 Mem:3083.90M (Peak 3083.90M) | Time:00:00.88 | Mem:0.00M, Peak:0.00M | Scene, ViewLayer | Synchronizing object | SunwenBed_grove-04_sunwen_gold.001
Fra:1 Mem:3083.98M (Peak 3083.98M) | Time:00:00.88 | Mem:0.00M, Peak:0.00M | Scene, ViewLayer | Synchronizing object | SunwenBed_grove-05_garden_moss.001
Fra:1 Mem:3084.50M (Peak 3084.50M) | Time:00:00.88 | Mem:0.00M, Peak:0.00M | Scene, ViewLayer | Synchronizing object | SunwenBed_grove-05_garden_bean.001
Fra:1 Mem:3084.83M (Peak 3084.83M) | Time:00:00.88 | Mem:0.00M, Peak:0.00M | Scene, ViewLayer | Synchronizing object | SunwenBed_grove-05_garden_jade.001
Fra:1 Mem:3086.83M (Peak 3086.83M) | Time:00:00.88 | Mem:0.00M, Peak:0.00M | Scene, ViewLayer | Synchronizing object | SunwenBed_grove-05_sunwen_white.001
Fra:1 Mem:3090.25M (Peak 3090.25M) | Time:00:00.88 | Mem:0.00M, Peak:0.00M | Scene, ViewLayer | Synchronizing object | SunwenBed_grove-05_sunwen_gold.001
Fra:1 Mem:3090.27M (Peak 3090.27M) | Time:00:00.88 | Mem:0.00M, Peak:0.00M | Scene, ViewLayer | Synchronizing object | SunwenBed_grove-06_garden_moss.001
Fra:1 Mem:3091.11M (Peak 3091.11M) | Time:00:00.88 | Mem:0.00M, Peak:0.00M | Scene, ViewLayer | Synchronizing object | SunwenBed_grove-06_garden_bean.001
Fra:1 Mem:3091.13M (Peak 3091.13M) | Time:00:00.88 | Mem:0.00M, Peak:0.00M | Scene, ViewLayer | Synchronizing object | SunwenBed_grove-06_sunwen_gold.001
Fra:1 Mem:3091.28M (Peak 3091.28M) | Time:00:00.88 | Mem:0.00M, Peak:0.00M | Scene, ViewLayer | Synchronizing object | SunwenBed_grove-06_garden_jade.001
Fra:1 Mem:3091.31M (Peak 3091.31M) | Time:00:00.88 | Mem:0.00M, Peak:0.00M | Scene, ViewLayer | Synchronizing object | SunwenBed_grove-07_garden_moss.001
Fra:1 Mem:3091.37M (Peak 3091.37M) | Time:00:00.88 | Mem:0.00M, Peak:0.00M | Scene, ViewLayer | Synchronizing object | SunwenBed_grove-07_garden_bean.001
Fra:1 Mem:3091.49M (Peak 3091.49M) | Time:00:00.88 | Mem:0.00M, Peak:0.00M | Scene, ViewLayer | Synchronizing object | Root_Garden_Underplanting_jadeLeaf.001
Fra:1 Mem:3091.75M (Peak 3091.75M) | Time:00:00.88 | Mem:0.00M, Peak:0.00M | Scene, ViewLayer | Synchronizing object | SunwenBed_grove-07_garden_jade.001
Fra:1 Mem:3092.10M (Peak 3092.10M) | Time:00:00.88 | Mem:0.00M, Peak:0.00M | Scene, ViewLayer | Synchronizing object | SunwenBed_grove-07_sunwen_gold.001
Fra:1 Mem:3112.56M (Peak 3112.56M) | Time:00:00.88 | Mem:0.00M, Peak:0.00M | Scene, ViewLayer | Synchronizing object | SunwenBed_grove-08_garden_moss.001
Fra:1 Mem:3112.69M (Peak 3112.69M) | Time:00:00.88 | Mem:0.00M, Peak:0.00M | Scene, ViewLayer | Synchronizing object | SunwenBed_grove-08_garden_bean.001
Fra:1 Mem:3112.89M (Peak 3112.89M) | Time:00:00.88 | Mem:0.00M, Peak:0.00M | Scene, ViewLayer | Synchronizing object | SunwenBed_grove-08_garden_jade.001
Fra:1 Mem:3112.88M (Peak 3112.89M) | Time:00:00.88 | Mem:0.00M, Peak:0.00M | Scene, ViewLayer | Synchronizing object | SunwenBed_grove-08_sunwen_gold.001
Fra:1 Mem:3113.01M (Peak 3113.01M) | Time:00:00.88 | Mem:0.00M, Peak:0.00M | Scene, ViewLayer | Synchronizing object | SunwenBed_grove-09_garden_moss.001
Fra:1 Mem:3113.06M (Peak 3113.06M) | Time:00:00.88 | Mem:0.00M, Peak:0.00M | Scene, ViewLayer | Synchronizing object | SunwenBed_grove-09_garden_bean.001
Fra:1 Mem:3113.19M (Peak 3113.19M) | Time:00:00.88 | Mem:0.00M, Peak:0.00M | Scene, ViewLayer | Synchronizing object | SunwenBed_grove-09_garden_jade.001
Fra:1 Mem:3113.27M (Peak 3113.27M) | Time:00:00.88 | Mem:0.00M, Peak:0.00M | Scene, ViewLayer | Synchronizing object | SunwenBed_grove-09_sunwen_pink.001
Fra:1 Mem:3113.27M (Peak 3113.27M) | Time:00:00.88 | Mem:0.00M, Peak:0.00M | Scene, ViewLayer | Synchronizing object | SunwenBed_grove-09_sunwen_gold.001
Fra:1 Mem:3113.56M (Peak 3113.56M) | Time:00:00.88 | Mem:0.00M, Peak:0.00M | Scene, ViewLayer | Synchronizing object | SunwenBed_grove-10_garden_moss.001
Fra:1 Mem:3113.69M (Peak 3113.69M) | Time:00:00.88 | Mem:0.00M, Peak:0.00M | Scene, ViewLayer | Synchronizing object | SunwenBed_grove-10_garden_bean.001
Fra:1 Mem:3113.79M (Peak 3113.79M) | Time:00:00.88 | Mem:0.00M, Peak:0.00M | Scene, ViewLayer | Synchronizing object | SunwenBed_grove-10_sunwen_iris.001
Fra:1 Mem:3113.83M (Peak 3113.83M) | Time:00:00.88 | Mem:0.00M, Peak:0.00M | Scene, ViewLayer | Synchronizing object | SunwenBed_grove-10_garden_jade.001
Fra:1 Mem:3114.11M (Peak 3114.11M) | Time:00:00.88 | Mem:0.00M, Peak:0.00M | Scene, ViewLayer | Synchronizing object | SunwenBed_grove-10_sunwen_gold.001
Fra:1 Mem:3114.16M (Peak 3114.16M) | Time:00:00.88 | Mem:0.00M, Peak:0.00M | Scene, ViewLayer | Synchronizing object | SunwenBed_grove-11_garden_moss.001
Fra:1 Mem:3114.44M (Peak 3114.44M) | Time:00:00.88 | Mem:0.00M, Peak:0.00M | Scene, ViewLayer | Synchronizing object | SunwenBed_grove-11_garden_bean.001
Fra:1 Mem:3114.45M (Peak 3114.45M) | Time:00:00.88 | Mem:0.00M, Peak:0.00M | Scene, ViewLayer | Synchronizing object | SunwenBed_grove-11_garden_jade.001
Fra:1 Mem:3114.46M (Peak 3114.46M) | Time:00:00.88 | Mem:0.00M, Peak:0.00M | Scene, ViewLayer | Synchronizing object | SunwenBed_grove-11_sunwen_pink.001
Fra:1 Mem:3114.49M (Peak 3114.49M) | Time:00:00.88 | Mem:0.00M, Peak:0.00M | Scene, ViewLayer | Synchronizing object | SunwenBed_grove-11_sunwen_gold.001
Fra:1 Mem:3114.81M (Peak 3114.81M) | Time:00:00.88 | Mem:0.00M, Peak:0.00M | Scene, ViewLayer | Synchronizing object | SunwenBed_grove-12_garden_moss.001
Fra:1 Mem:3114.96M (Peak 3114.96M) | Time:00:00.88 | Mem:0.00M, Peak:0.00M | Scene, ViewLayer | Synchronizing object | SunwenBed_grove-12_garden_bean.001
Fra:1 Mem:3115.76M (Peak 3115.76M) | Time:00:00.88 | Mem:0.00M, Peak:0.00M | Scene, ViewLayer | Synchronizing object | SunwenBed_grove-12_garden_jade.001
Fra:1 Mem:3115.77M (Peak 3115.77M) | Time:00:00.88 | Mem:0.00M, Peak:0.00M | Scene, ViewLayer | Synchronizing object | SunwenBed_grove-12_sunwen_white.001
Fra:1 Mem:3115.95M (Peak 3115.95M) | Time:00:00.88 | Mem:0.00M, Peak:0.00M | Scene, ViewLayer | Synchronizing object | SunwenBed_grove-12_sunwen_gold.001
Fra:1 Mem:3116.05M (Peak 3116.05M) | Time:00:00.88 | Mem:0.00M, Peak:0.00M | Scene, ViewLayer | Synchronizing object | SunwenBed_grove-13_garden_moss.001
Fra:1 Mem:3117.63M (Peak 3117.63M) | Time:00:00.88 | Mem:0.00M, Peak:0.00M | Scene, ViewLayer | Synchronizing object | SunwenBed_grove-13_garden_bean.001
Fra:1 Mem:3117.65M (Peak 3117.65M) | Time:00:00.88 | Mem:0.00M, Peak:0.00M | Scene, ViewLayer | Synchronizing object | SunwenBed_grove-13_garden_jade.001
Fra:1 Mem:3117.69M (Peak 3117.69M) | Time:00:00.88 | Mem:0.00M, Peak:0.00M | Scene, ViewLayer | Synchronizing object | SunwenBed_grove-13_sunwen_pink.001
Fra:1 Mem:3117.71M (Peak 3117.71M) | Time:00:00.88 | Mem:0.00M, Peak:0.00M | Scene, ViewLayer | Synchronizing object | SunwenBed_grove-13_sunwen_gold.001
Fra:1 Mem:3119.51M (Peak 3119.51M) | Time:00:00.88 | Mem:0.00M, Peak:0.00M | Scene, ViewLayer | Synchronizing object | SunwenBed_grove-14_garden_moss.001
Fra:1 Mem:3119.71M (Peak 3119.71M) | Time:00:00.88 | Mem:0.00M, Peak:0.00M | Scene, ViewLayer | Synchronizing object | SunwenBed_grove-14_garden_bean.001
Fra:1 Mem:3118.16M (Peak 3119.71M) | Time:00:00.88 | Mem:0.00M, Peak:0.00M | Scene, ViewLayer | Synchronizing object | SunwenBed_grove-14_garden_jade.001
Fra:1 Mem:3118.21M (Peak 3119.71M) | Time:00:00.88 | Mem:0.00M, Peak:0.00M | Scene, ViewLayer | Synchronizing object | SunwenBed_grove-14_sunwen_white.001
Fra:1 Mem:3118.50M (Peak 3119.71M) | Time:00:00.88 | Mem:0.00M, Peak:0.00M | Scene, ViewLayer | Synchronizing object | SunwenBed_grove-14_sunwen_gold.001
Fra:1 Mem:3118.48M (Peak 3119.71M) | Time:00:00.88 | Mem:0.00M, Peak:0.00M | Scene, ViewLayer | Synchronizing object | SunwenBed_grove-15_garden_moss.001
Fra:1 Mem:3118.50M (Peak 3119.71M) | Time:00:00.88 | Mem:0.00M, Peak:0.00M | Scene, ViewLayer | Synchronizing object | SunwenBed_grove-15_garden_bean.001
Fra:1 Mem:3118.59M (Peak 3119.71M) | Time:00:00.88 | Mem:0.00M, Peak:0.00M | Scene, ViewLayer | Synchronizing object | SunwenBed_grove-15_garden_jade.001
Fra:1 Mem:3118.71M (Peak 3119.71M) | Time:00:00.88 | Mem:0.00M, Peak:0.00M | Scene, ViewLayer | Synchronizing object | SunwenBed_grove-15_sunwen_iris.001
Fra:1 Mem:3118.71M (Peak 3119.71M) | Time:00:00.88 | Mem:0.00M, Peak:0.00M | Scene, ViewLayer | Synchronizing object | SunwenBed_grove-15_sunwen_gold.001
Fra:1 Mem:3119.20M (Peak 3119.71M) | Time:00:00.88 | Mem:0.00M, Peak:0.00M | Scene, ViewLayer | Synchronizing object | SunwenBed_grove-16_garden_moss.001
Fra:1 Mem:3119.39M (Peak 3119.71M) | Time:00:00.88 | Mem:0.00M, Peak:0.00M | Scene, ViewLayer | Synchronizing object | SunwenBed_grove-16_garden_bean.001
Fra:1 Mem:3119.39M (Peak 3119.71M) | Time:00:00.88 | Mem:0.00M, Peak:0.00M | Scene, ViewLayer | Synchronizing object | Root_Garden_Surfaces
Fra:1 Mem:3119.54M (Peak 3119.71M) | Time:00:00.88 | Mem:0.00M, Peak:0.00M | Scene, ViewLayer | Synchronizing object | SunwenBed_grove-16_garden_jade.001
Fra:1 Mem:3119.84M (Peak 3119.84M) | Time:00:00.88 | Mem:0.00M, Peak:0.00M | Scene, ViewLayer | Synchronizing object | SunwenBed_grove-16_sunwen_white.001
Fra:1 Mem:3120.00M (Peak 3120.00M) | Time:00:00.88 | Mem:0.00M, Peak:0.00M | Scene, ViewLayer | Synchronizing object | SunwenBed_grove-16_sunwen_gold.001
Fra:1 Mem:3120.12M (Peak 3120.12M) | Time:00:00.88 | Mem:0.00M, Peak:0.00M | Scene, ViewLayer | Synchronizing object | SunwenBed_grove-17_garden_moss.001
Fra:1 Mem:3120.14M (Peak 3120.14M) | Time:00:00.88 | Mem:0.00M, Peak:0.00M | Scene, ViewLayer | Synchronizing object | SunwenBed_grove-17_sunwen_iris.001
Fra:1 Mem:3120.21M (Peak 3120.21M) | Time:00:00.88 | Mem:0.00M, Peak:0.00M | Scene, ViewLayer | Synchronizing object | SunwenBed_grove-17_sunwen_gold.001
Fra:1 Mem:3120.28M (Peak 3120.28M) | Time:00:00.88 | Mem:0.00M, Peak:0.00M | Scene, ViewLayer | Synchronizing object | Urban_Clipped_Garden_Earth
Fra:1 Mem:3120.37M (Peak 3120.37M) | Time:00:00.88 | Mem:0.00M, Peak:0.00M | Scene, ViewLayer | Synchronizing object | SunwenBed_grove-19_garden_moss.001
Fra:1 Mem:3120.44M (Peak 3120.44M) | Time:00:00.88 | Mem:0.00M, Peak:0.00M | Scene, ViewLayer | Synchronizing object | SunwenBed_grove-19_sunwen_iris.001
Fra:1 Mem:3120.67M (Peak 3120.67M) | Time:00:00.88 | Mem:0.00M, Peak:0.00M | Scene, ViewLayer | Synchronizing object | SunwenBed_grove-19_sunwen_gold.001
Fra:1 Mem:3120.80M (Peak 3120.80M) | Time:00:00.88 | Mem:0.00M, Peak:0.00M | Scene, ViewLayer | Synchronizing object | SunwenBed_grove-20_garden_bean.001
Fra:1 Mem:3120.90M (Peak 3120.90M) | Time:00:00.88 | Mem:0.00M, Peak:0.00M | Scene, ViewLayer | Synchronizing object | SunwenBed_grove-20_garden_moss.001
Fra:1 Mem:3121.04M (Peak 3121.04M) | Time:00:00.88 | Mem:0.00M, Peak:0.00M | Scene, ViewLayer | Synchronizing object | SunwenBed_grove-20_sunwen_white.001
Fra:1 Mem:3121.43M (Peak 3121.43M) | Time:00:00.88 | Mem:0.00M, Peak:0.00M | Scene, ViewLayer | Synchronizing object | SunwenBed_grove-20_sunwen_gold.001
Fra:1 Mem:3121.98M (Peak 3121.98M) | Time:00:00.88 | Mem:0.00M, Peak:0.00M | Scene, ViewLayer | Synchronizing object | SunwenBed_grove-21_garden_moss.001
Fra:1 Mem:3122.02M (Peak 3122.02M) | Time:00:00.88 | Mem:0.00M, Peak:0.00M | Scene, ViewLayer | Synchronizing object | SunwenBed_grove-21_garden_bean.001
Fra:1 Mem:3122.02M (Peak 3122.02M) | Time:00:00.88 | Mem:0.00M, Peak:0.00M | Scene, ViewLayer | Synchronizing object | SunwenBed_grove-21_garden_jade.001
Fra:1 Mem:3122.62M (Peak 3122.62M) | Time:00:00.88 | Mem:0.00M, Peak:0.00M | Scene, ViewLayer | Synchronizing object | SunwenBed_grove-21_sunwen_iris.001
Fra:1 Mem:3122.71M (Peak 3122.71M) | Time:00:00.88 | Mem:0.00M, Peak:0.00M | Scene, ViewLayer | Synchronizing object | SunwenBed_grove-21_sunwen_gold.001
Fra:1 Mem:3122.79M (Peak 3122.79M) | Time:00:00.88 | Mem:0.00M, Peak:0.00M | Scene, ViewLayer | Synchronizing object | SunwenBed_grove-22_garden_moss.001
Fra:1 Mem:3122.79M (Peak 3122.79M) | Time:00:00.88 | Mem:0.00M, Peak:0.00M | Scene, ViewLayer | Synchronizing object | SunwenBed_grove-22_garden_bean.001
Fra:1 Mem:3122.97M (Peak 3122.97M) | Time:00:00.88 | Mem:0.00M, Peak:0.00M | Scene, ViewLayer | Synchronizing object | SunwenBed_grove-22_garden_jade.001
Fra:1 Mem:3123.20M (Peak 3123.20M) | Time:00:00.88 | Mem:0.00M, Peak:0.00M | Scene, ViewLayer | Synchronizing object | Urban_5408_paving_paving
Fra:1 Mem:3123.25M (Peak 3123.25M) | Time:00:00.88 | Mem:0.00M, Peak:0.00M | Scene, ViewLayer | Synchronizing object | Urban_5297_screen-rock_moss
Fra:1 Mem:3123.25M (Peak 3123.25M) | Time:00:00.88 | Mem:0.00M, Peak:0.00M | Scene, ViewLayer | Synchronizing object | SunwenBed_grove-22_sunwen_iris.001
Fra:1 Mem:3123.27M (Peak 3123.27M) | Time:00:00.88 | Mem:0.00M, Peak:0.00M | Scene, ViewLayer | Synchronizing object | SunwenBed_grove-22_sunwen_gold.001
Fra:1 Mem:3123.30M (Peak 3123.30M) | Time:00:00.88 | Mem:0.00M, Peak:0.00M | Scene, ViewLayer | Synchronizing object | Urban_5297_screen-rock_mossstone
Fra:1 Mem:3123.45M (Peak 3123.45M) | Time:00:00.88 | Mem:0.00M, Peak:0.00M | Scene, ViewLayer | Synchronizing object | Urban_5291_bamboo-screen_leaf
Fra:1 Mem:3123.45M (Peak 3123.45M) | Time:00:00.88 | Mem:0.00M, Peak:0.00M | Scene, ViewLayer | Synchronizing object | SunwenBed_grove-23_garden_moss.001
Fra:1 Mem:3123.52M (Peak 3123.52M) | Time:00:00.88 | Mem:0.00M, Peak:0.00M | Scene, ViewLayer | Synchronizing object | Urban_5291_bamboo-screen_lightleaf
Fra:1 Mem:3123.57M (Peak 3123.57M) | Time:00:00.88 | Mem:0.00M, Peak:0.00M | Scene, ViewLayer | Synchronizing object | SunwenBed_grove-23_garden_jade.001
Fra:1 Mem:3123.58M (Peak 3123.58M) | Time:00:00.88 | Mem:0.00M, Peak:0.00M | Scene, ViewLayer | Synchronizing object | SunwenBed_grove-23_garden_bean.001
Fra:1 Mem:3124.14M (Peak 3124.14M) | Time:00:00.88 | Mem:0.00M, Peak:0.00M | Scene, ViewLayer | Synchronizing object | SunwenBed_grove-23_sunwen_iris.001
Fra:1 Mem:3124.15M (Peak 3124.15M) | Time:00:00.88 | Mem:0.00M, Peak:0.00M | Scene, ViewLayer | Synchronizing object | SunwenBed_grove-23_sunwen_gold.001
Fra:1 Mem:3124.24M (Peak 3124.24M) | Time:00:00.88 | Mem:0.00M, Peak:0.00M | Scene, ViewLayer | Synchronizing object | SunwenBed_grove-24_garden_moss.001
Fra:1 Mem:3124.26M (Peak 3124.26M) | Time:00:00.88 | Mem:0.00M, Peak:0.00M | Scene, ViewLayer | Synchronizing object | SunwenBed_grove-24_garden_jade.001
Fra:1 Mem:3124.44M (Peak 3124.44M) | Time:00:00.88 | Mem:0.00M, Peak:0.00M | Scene, ViewLayer | Synchronizing object | SunwenBed_grove-24_sunwen_iris.001
Fra:1 Mem:3124.65M (Peak 3124.65M) | Time:00:00.88 | Mem:0.00M, Peak:0.00M | Scene, ViewLayer | Synchronizing object | SunwenBed_grove-24_sunwen_gold.001
Fra:1 Mem:3124.81M (Peak 3124.81M) | Time:00:00.88 | Mem:0.00M, Peak:0.00M | Scene, ViewLayer | Synchronizing object | SunwenBed_grove-25_garden_moss.001
Fra:1 Mem:3124.82M (Peak 3124.82M) | Time:00:00.88 | Mem:0.00M, Peak:0.00M | Scene, ViewLayer | Synchronizing object | SunwenBed_grove-25_garden_bean.001
Fra:1 Mem:3124.85M (Peak 3124.85M) | Time:00:00.88 | Mem:0.00M, Peak:0.00M | Scene, ViewLayer | Synchronizing object | Urban_5291_bamboo-screen_bamboo
Fra:1 Mem:3125.10M (Peak 3125.10M) | Time:00:00.88 | Mem:0.00M, Peak:0.00M | Scene, ViewLayer | Synchronizing object | SunwenBed_grove-25_sunwen_pink.001
Fra:1 Mem:3125.13M (Peak 3125.13M) | Time:00:00.88 | Mem:0.00M, Peak:0.00M | Scene, ViewLayer | Synchronizing object | SunwenBed_grove-25_sunwen_gold.001
Fra:1 Mem:3125.40M (Peak 3125.40M) | Time:00:00.88 | Mem:0.00M, Peak:0.00M | Scene, ViewLayer | Synchronizing object | SunwenBed_grove-26_garden_moss.001
Fra:1 Mem:3125.44M (Peak 3125.44M) | Time:00:00.88 | Mem:0.00M, Peak:0.00M | Scene, ViewLayer | Synchronizing object | Urban_5290_screen-bed_mossstone
Fra:1 Mem:3125.47M (Peak 3125.47M) | Time:00:00.88 | Mem:0.00M, Peak:0.00M | Scene, ViewLayer | Synchronizing object | SunwenBed_grove-26_garden_bean.001
Fra:1 Mem:3125.52M (Peak 3125.52M) | Time:00:00.88 | Mem:0.00M, Peak:0.00M | Scene, ViewLayer | Synchronizing object | SunwenBed_grove-26_garden_jade.001
Fra:1 Mem:3125.66M (Peak 3125.66M) | Time:00:00.88 | Mem:0.00M, Peak:0.00M | Scene, ViewLayer | Synchronizing object | SunwenBed_grove-27_garden_moss.001
Fra:1 Mem:3125.66M (Peak 3125.66M) | Time:00:00.88 | Mem:0.00M, Peak:0.00M | Scene, ViewLayer | Synchronizing object | SunwenBed_grove-26_sunwen_gold.001
Fra:1 Mem:3125.70M (Peak 3125.70M) | Time:00:00.88 | Mem:0.00M, Peak:0.00M | Scene, ViewLayer | Synchronizing object | SunwenBed_grove-27_garden_bean.001
Fra:1 Mem:3125.72M (Peak 3125.72M) | Time:00:00.88 | Mem:0.00M, Peak:0.00M | Scene, ViewLayer | Synchronizing object | Urban_5290_screen-bed_lightleaf
Fra:1 Mem:3125.79M (Peak 3125.79M) | Time:00:00.88 | Mem:0.00M, Peak:0.00M | Scene, ViewLayer | Synchronizing object | SunwenBed_grove-27_garden_jade.001
Fra:1 Mem:3126.02M (Peak 3126.02M) | Time:00:00.88 | Mem:0.00M, Peak:0.00M | Scene, ViewLayer | Synchronizing object | Urban_5290_screen-bed_leaf
Fra:1 Mem:3126.06M (Peak 3126.06M) | Time:00:00.88 | Mem:0.00M, Peak:0.00M | Scene, ViewLayer | Synchronizing object | SunwenBed_grove-27_sunwen_white.001
Fra:1 Mem:3126.10M (Peak 3126.10M) | Time:00:00.88 | Mem:0.00M, Peak:0.00M | Scene, ViewLayer | Synchronizing object | SunwenBed_grove-27_sunwen_gold.001
Fra:1 Mem:3126.13M (Peak 3126.13M) | Time:00:00.88 | Mem:0.00M, Peak:0.00M | Scene, ViewLayer | Synchronizing object | SunwenBed_grove-28_garden_moss.001
Fra:1 Mem:3126.14M (Peak 3126.14M) | Time:00:00.88 | Mem:0.00M, Peak:0.00M | Scene, ViewLayer | Synchronizing object | SunwenBed_grove-28_garden_jade.001
Fra:1 Mem:3126.18M (Peak 3126.18M) | Time:00:00.88 | Mem:0.00M, Peak:0.00M | Scene, ViewLayer | Synchronizing object | SunwenBed_grove-28_sunwen_gold.001
Fra:1 Mem:3126.19M (Peak 3126.19M) | Time:00:00.88 | Mem:0.00M, Peak:0.00M | Scene, ViewLayer | Synchronizing object | Urban_5229_slab-bridge_stone
Fra:1 Mem:3126.24M (Peak 3126.24M) | Time:00:00.88 | Mem:0.00M, Peak:0.00M | Scene, ViewLayer | Synchronizing object | Urban_5227_drain_water
Fra:1 Mem:3126.24M (Peak 3126.24M) | Time:00:00.88 | Mem:0.00M, Peak:0.00M | Scene, ViewLayer | Synchronizing object | Urban_5227_drain_stone
Fra:1 Mem:3126.44M (Peak 3126.44M) | Time:00:00.88 | Mem:0.00M, Peak:0.00M | Scene, ViewLayer | Synchronizing object | SunwenBed_grove-29_garden_moss.001
Fra:1 Mem:3126.46M (Peak 3126.46M) | Time:00:00.88 | Mem:0.00M, Peak:0.00M | Scene, ViewLayer | Synchronizing object | SunwenBed_grove-29_garden_bean.001
Fra:1 Mem:3126.47M (Peak 3126.47M) | Time:00:00.88 | Mem:0.00M, Peak:0.00M | Scene, ViewLayer | Synchronizing object | Urban_5215_lane-gate_gold
Fra:1 Mem:3126.60M (Peak 3126.60M) | Time:00:00.88 | Mem:0.00M, Peak:0.00M | Scene, ViewLayer | Synchronizing object | SunwenBed_grove-29_garden_jade.001
Fra:1 Mem:3126.80M (Peak 3126.80M) | Time:00:00.89 | Mem:0.00M, Peak:0.00M | Scene, ViewLayer | Synchronizing object | SunwenBed_grove-29_sunwen_gold.001
Fra:1 Mem:3126.83M (Peak 3126.83M) | Time:00:00.89 | Mem:0.00M, Peak:0.00M | Scene, ViewLayer | Synchronizing object | Urban_5215_lane-gate_tile
Fra:1 Mem:3126.91M (Peak 3126.91M) | Time:00:00.89 | Mem:0.00M, Peak:0.00M | Scene, ViewLayer | Synchronizing object | SunwenBed_grove-30_garden_moss.001
Fra:1 Mem:3126.94M (Peak 3126.94M) | Time:00:00.89 | Mem:0.00M, Peak:0.00M | Scene, ViewLayer | Synchronizing object | Urban_5215_lane-gate_roof
Fra:1 Mem:3127.03M (Peak 3127.03M) | Time:00:00.89 | Mem:0.00M, Peak:0.00M | Scene, ViewLayer | Synchronizing object | Urban_5215_lane-gate_mineral
Fra:1 Mem:3127.25M (Peak 3127.25M) | Time:00:00.89 | Mem:0.00M, Peak:0.00M | Scene, ViewLayer | Synchronizing object | SunwenBed_grove-30_garden_bean.001
Fra:1 Mem:3127.34M (Peak 3127.34M) | Time:00:00.89 | Mem:0.00M, Peak:0.00M | Scene, ViewLayer | Synchronizing object | SunwenBed_grove-30_garden_jade.001
Fra:1 Mem:3127.43M (Peak 3127.43M) | Time:00:00.89 | Mem:0.00M, Peak:0.00M | Scene, ViewLayer | Synchronizing object | SunwenBed_grove-30_sunwen_iris.001
Fra:1 Mem:3127.44M (Peak 3127.44M) | Time:00:00.89 | Mem:0.00M, Peak:0.00M | Scene, ViewLayer | Synchronizing object | Urban_5215_lane-gate_redwood
Fra:1 Mem:3127.60M (Peak 3127.60M) | Time:00:00.89 | Mem:0.00M, Peak:0.00M | Scene, ViewLayer | Synchronizing object | SunwenBed_grove-30_sunwen_gold.001
Fra:1 Mem:3127.70M (Peak 3127.70M) | Time:00:00.89 | Mem:0.00M, Peak:0.00M | Scene, ViewLayer | Synchronizing object | SunwenBed_grove-31_garden_moss.001
Fra:1 Mem:3127.76M (Peak 3127.76M) | Time:00:00.89 | Mem:0.00M, Peak:0.00M | Scene, ViewLayer | Synchronizing object | SunwenBed_grove-31_garden_bean.001
Fra:1 Mem:3127.89M (Peak 3127.89M) | Time:00:00.89 | Mem:0.00M, Peak:0.00M | Scene, ViewLayer | Synchronizing object | SunwenBed_grove-31_garden_jade.001
Fra:1 Mem:3128.13M (Peak 3128.13M) | Time:00:00.89 | Mem:0.00M, Peak:0.00M | Scene, ViewLayer | Synchronizing object | SunwenBed_grove-31_sunwen_gold.001
Fra:1 Mem:3128.11M (Peak 3128.13M) | Time:00:00.89 | Mem:0.00M, Peak:0.00M | Scene, ViewLayer | Synchronizing object | Urban_1233_warehouse_tile
Fra:1 Mem:3128.15M (Peak 3128.15M) | Time:00:00.89 | Mem:0.00M, Peak:0.00M | Scene, ViewLayer | Synchronizing object | SunwenBed_grove-32_garden_moss.001
Fra:1 Mem:3128.43M (Peak 3128.43M) | Time:00:00.89 | Mem:0.00M, Peak:0.00M | Scene, ViewLayer | Synchronizing object | SunwenBed_grove-32_garden_bean.001
Fra:1 Mem:3128.50M (Peak 3128.50M) | Time:00:00.89 | Mem:0.00M, Peak:0.00M | Scene, ViewLayer | Synchronizing object | SunwenBed_grove-32_sunwen_white.001
Fra:1 Mem:3128.57M (Peak 3128.57M) | Time:00:00.89 | Mem:0.00M, Peak:0.00M | Scene, ViewLayer | Synchronizing object | SunwenBed_grove-32_sunwen_gold.001
Fra:1 Mem:3128.65M (Peak 3128.65M) | Time:00:00.89 | Mem:0.00M, Peak:0.00M | Scene, ViewLayer | Synchronizing object | SunwenBed_grove-33_garden_moss.001
Fra:1 Mem:3128.70M (Peak 3128.70M) | Time:00:00.89 | Mem:0.00M, Peak:0.00M | Scene, ViewLayer | Synchronizing object | SunwenBed_grove-33_garden_bean.001
Fra:1 Mem:3128.74M (Peak 3128.74M) | Time:00:00.89 | Mem:0.00M, Peak:0.00M | Scene, ViewLayer | Synchronizing object | SunwenBed_grove-33_garden_jade.001
Fra:1 Mem:3128.87M (Peak 3128.87M) | Time:00:00.89 | Mem:0.00M, Peak:0.00M | Scene, ViewLayer | Synchronizing object | Urban_1233_warehouse_slateroof
Fra:1 Mem:3128.95M (Peak 3128.95M) | Time:00:00.89 | Mem:0.00M, Peak:0.00M | Scene, ViewLayer | Synchronizing object | Urban_1233_warehouse_paper
Fra:1 Mem:3128.99M (Peak 3128.99M) | Time:00:00.89 | Mem:0.00M, Peak:0.00M | Scene, ViewLayer | Synchronizing object | SunwenBed_grove-33_sunwen_white.001
Fra:1 Mem:3129.08M (Peak 3129.08M) | Time:00:00.89 | Mem:0.00M, Peak:0.00M | Scene, ViewLayer | Synchronizing object | SunwenBed_grove-33_sunwen_gold.001
Fra:1 Mem:3129.12M (Peak 3129.12M) | Time:00:00.89 | Mem:0.00M, Peak:0.00M | Scene, ViewLayer | Synchronizing object | SunwenBed_grove-34_garden_jade.001
Fra:1 Mem:3129.12M (Peak 3129.12M) | Time:00:00.89 | Mem:0.00M, Peak:0.00M | Scene, ViewLayer | Synchronizing object | SunwenBed_grove-34_sunwen_white.001
Fra:1 Mem:3129.15M (Peak 3129.15M) | Time:00:00.89 | Mem:0.00M, Peak:0.00M | Scene, ViewLayer | Synchronizing object | Urban_1233_warehouse_wood
Fra:1 Mem:3129.29M (Peak 3129.29M) | Time:00:00.89 | Mem:0.00M, Peak:0.00M | Scene, ViewLayer | Synchronizing object | SunwenBed_grove-34_sunwen_gold.001
Fra:1 Mem:3129.32M (Peak 3129.32M) | Time:00:00.89 | Mem:0.00M, Peak:0.00M | Scene, ViewLayer | Synchronizing object | SunwenBed_grove-34_garden_moss.001
Fra:1 Mem:3129.35M (Peak 3129.35M) | Time:00:00.89 | Mem:0.00M, Peak:0.00M | Scene, ViewLayer | Synchronizing object | SunwenBed_grove-35_garden_moss.001
Fra:1 Mem:3129.36M (Peak 3129.36M) | Time:00:00.89 | Mem:0.00M, Peak:0.00M | Scene, ViewLayer | Synchronizing object | SunwenBed_grove-35_garden_bean.001
Fra:1 Mem:3129.64M (Peak 3129.64M) | Time:00:00.89 | Mem:0.00M, Peak:0.00M | Scene, ViewLayer | Synchronizing object | SunwenBed_grove-35_garden_jade.001
Fra:1 Mem:3129.71M (Peak 3129.71M) | Time:00:00.89 | Mem:0.00M, Peak:0.00M | Scene, ViewLayer | Synchronizing object | SunwenBed_grove-35_sunwen_white.001
Fra:1 Mem:3129.71M (Peak 3129.71M) | Time:00:00.89 | Mem:0.00M, Peak:0.00M | Scene, ViewLayer | Synchronizing object | SunwenBed_grove-35_sunwen_gold.001
Fra:1 Mem:3129.74M (Peak 3129.74M) | Time:00:00.89 | Mem:0.00M, Peak:0.00M | Scene, ViewLayer | Synchronizing object | Urban_1233_warehouse_brick
Fra:1 Mem:3129.78M (Peak 3129.78M) | Time:00:00.89 | Mem:0.00M, Peak:0.00M | Scene, ViewLayer | Synchronizing object | Urban_1233_warehouse_stone
Fra:1 Mem:3129.79M (Peak 3129.79M) | Time:00:00.89 | Mem:0.00M, Peak:0.00M | Scene, ViewLayer | Synchronizing object | Urban_0652_cart_awning
Fra:1 Mem:3129.79M (Peak 3129.79M) | Time:00:00.89 | Mem:0.00M, Peak:0.00M | Scene, ViewLayer | Synchronizing object | Urban_0652_cart_stone
Fra:1 Mem:3129.86M (Peak 3129.86M) | Time:00:00.89 | Mem:0.00M, Peak:0.00M | Scene, ViewLayer | Synchronizing object | SunwenBed_grove-36_garden_jade.001
Fra:1 Mem:3129.87M (Peak 3129.87M) | Time:00:00.89 | Mem:0.00M, Peak:0.00M | Scene, ViewLayer | Synchronizing object | SunwenBed_grove-36_garden_moss.001
Fra:1 Mem:3129.89M (Peak 3129.89M) | Time:00:00.89 | Mem:0.00M, Peak:0.00M | Scene, ViewLayer | Synchronizing object | Urban_0652_cart_wood
Fra:1 Mem:3129.88M (Peak 3129.89M) | Time:00:00.89 | Mem:0.00M, Peak:0.00M | Scene, ViewLayer | Synchronizing object | SunwenBed_grove-36_sunwen_pink.001
Fra:1 Mem:3129.90M (Peak 3129.90M) | Time:00:00.89 | Mem:0.00M, Peak:0.00M | Scene, ViewLayer | Synchronizing object | Urban_0592_well_tile
Fra:1 Mem:3129.90M (Peak 3129.90M) | Time:00:00.89 | Mem:0.00M, Peak:0.00M | Scene, ViewLayer | Synchronizing object | SunwenBed_grove-37_garden_bean.001
Fra:1 Mem:3129.90M (Peak 3129.90M) | Time:00:00.89 | Mem:0.00M, Peak:0.00M | Scene, ViewLayer | Synchronizing object | SunwenBed_grove-37_garden_jade.001
Fra:1 Mem:3130.24M (Peak 3130.24M) | Time:00:00.89 | Mem:0.00M, Peak:0.00M | Scene, ViewLayer | Synchronizing object | SunwenBed_grove-37_garden_moss.001
Fra:1 Mem:3130.29M (Peak 3130.29M) | Time:00:00.89 | Mem:0.00M, Peak:0.00M | Scene, ViewLayer | Synchronizing object | Urban_0592_well_roof
Fra:1 Mem:3130.29M (Peak 3130.29M) | Time:00:00.89 | Mem:0.00M, Peak:0.00M | Scene, ViewLayer | Synchronizing object | SunwenBed_grove-37_sunwen_gold.001
Fra:1 Mem:3130.48M (Peak 3130.48M) | Time:00:00.89 | Mem:0.00M, Peak:0.00M | Scene, ViewLayer | Synchronizing object | SunwenBed_grove-38_garden_bean.001
Fra:1 Mem:3130.51M (Peak 3130.51M) | Time:00:00.89 | Mem:0.00M, Peak:0.00M | Scene, ViewLayer | Synchronizing object | SunwenBed_grove-38_garden_jade.001
Fra:1 Mem:3130.55M (Peak 3130.55M) | Time:00:00.89 | Mem:0.00M, Peak:0.00M | Scene, ViewLayer | Synchronizing object | Urban_0592_well_wood
Fra:1 Mem:3130.70M (Peak 3130.70M) | Time:00:00.89 | Mem:0.00M, Peak:0.00M | Scene, ViewLayer | Synchronizing object | SunwenBed_grove-38_sunwen_white.001
Fra:1 Mem:3130.98M (Peak 3130.98M) | Time:00:00.89 | Mem:0.00M, Peak:0.00M | Scene, ViewLayer | Synchronizing object | SunwenBed_grove-38_sunwen_gold.001
Fra:1 Mem:3131.03M (Peak 3131.03M) | Time:00:00.89 | Mem:0.00M, Peak:0.00M | Scene, ViewLayer | Synchronizing object | Urban_0592_well_water
Fra:1 Mem:3131.15M (Peak 3131.15M) | Time:00:00.89 | Mem:0.00M, Peak:0.00M | Scene, ViewLayer | Synchronizing object | SunwenBed_grove-39_garden_moss.001
Fra:1 Mem:3131.21M (Peak 3131.21M) | Time:00:00.89 | Mem:0.00M, Peak:0.00M | Scene, ViewLayer | Synchronizing object | SunwenBed_grove-39_garden_bean.001
Fra:1 Mem:3131.39M (Peak 3131.39M) | Time:00:00.89 | Mem:0.00M, Peak:0.00M | Scene, ViewLayer | Synchronizing object | SunwenBed_grove-39_garden_jade.001
Fra:1 Mem:3131.47M (Peak 3131.47M) | Time:00:00.89 | Mem:0.00M, Peak:0.00M | Scene, ViewLayer | Synchronizing object | SunwenBed_grove-39_sunwen_white.001
Fra:1 Mem:3131.49M (Peak 3131.49M) | Time:00:00.89 | Mem:0.00M, Peak:0.00M | Scene, ViewLayer | Synchronizing object | Urban_0592_well_stone
Fra:1 Mem:3131.66M (Peak 3131.66M) | Time:00:00.89 | Mem:0.00M, Peak:0.00M | Scene, ViewLayer | Synchronizing object | SunwenBed_grove-39_sunwen_gold.001
Fra:1 Mem:3131.83M (Peak 3131.83M) | Time:00:00.89 | Mem:0.00M, Peak:0.00M | Scene, ViewLayer | Synchronizing object | Urban_0568_stall_gold
Fra:1 Mem:3131.95M (Peak 3131.95M) | Time:00:00.89 | Mem:0.00M, Peak:0.00M | Scene, ViewLayer | Synchronizing object | SunwenBed_grove-40_garden_jade.001
Fra:1 Mem:3131.94M (Peak 3131.95M) | Time:00:00.89 | Mem:0.00M, Peak:0.00M | Scene, ViewLayer | Synchronizing object | Urban_0568_stall_awning
Fra:1 Mem:3131.95M (Peak 3131.95M) | Time:00:00.89 | Mem:0.00M, Peak:0.00M | Scene, ViewLayer | Synchronizing object | Urban_0568_stall_wood
Fra:1 Mem:3131.99M (Peak 3131.99M) | Time:00:00.89 | Mem:0.00M, Peak:0.00M | Scene, ViewLayer | Synchronizing object | Urban_0567_shop_gold
Fra:1 Mem:3132.00M (Peak 3132.00M) | Time:00:00.89 | Mem:0.00M, Peak:0.00M | Scene, ViewLayer | Synchronizing object | SunwenBed_grove-40_sunwen_iris.001
Fra:1 Mem:3132.00M (Peak 3132.00M) | Time:00:00.89 | Mem:0.00M, Peak:0.00M | Scene, ViewLayer | Synchronizing object | Urban_0567_shop_awning
Fra:1 Mem:3132.04M (Peak 3132.04M) | Time:00:00.89 | Mem:0.00M, Peak:0.00M | Scene, ViewLayer | Synchronizing object | Urban_0567_shop_tile
Fra:1 Mem:3132.12M (Peak 3132.12M) | Time:00:00.89 | Mem:0.00M, Peak:0.00M | Scene, ViewLayer | Synchronizing object | SunwenBed_grove-40_sunwen_gold.001
Fra:1 Mem:3132.15M (Peak 3132.15M) | Time:00:00.89 | Mem:0.00M, Peak:0.00M | Scene, ViewLayer | Synchronizing object | SunwenBed_grove-41_garden_moss.001
Fra:1 Mem:3132.16M (Peak 3132.16M) | Time:00:00.89 | Mem:0.00M, Peak:0.00M | Scene, ViewLayer | Synchronizing object | SunwenBed_grove-41_sunwen_iris.001
Fra:1 Mem:3132.17M (Peak 3132.17M) | Time:00:00.89 | Mem:0.00M, Peak:0.00M | Scene, ViewLayer | Synchronizing object | SunwenBed_grove-41_sunwen_gold.001
Fra:1 Mem:3132.17M (Peak 3132.17M) | Time:00:00.89 | Mem:0.00M, Peak:0.00M | Scene, ViewLayer | Synchronizing object | Urban_0567_shop_warmroof
Fra:1 Mem:3132.29M (Peak 3132.29M) | Time:00:00.89 | Mem:0.00M, Peak:0.00M | Scene, ViewLayer | Synchronizing object | SunwenBed_grove-42_garden_moss.001
Fra:1 Mem:3132.35M (Peak 3132.35M) | Time:00:00.89 | Mem:0.00M, Peak:0.00M | Scene, ViewLayer | Synchronizing object | SunwenBed_grove-42_garden_bean.001
Fra:1 Mem:3132.41M (Peak 3132.41M) | Time:00:00.89 | Mem:0.00M, Peak:0.00M | Scene, ViewLayer | Synchronizing object | SunwenBed_grove-42_garden_jade.001
Fra:1 Mem:3132.44M (Peak 3132.44M) | Time:00:00.89 | Mem:0.00M, Peak:0.00M | Scene, ViewLayer | Synchronizing object | SunwenBed_grove-42_sunwen_pink.001
Fra:1 Mem:3132.71M (Peak 3132.71M) | Time:00:00.89 | Mem:0.00M, Peak:0.00M | Scene, ViewLayer | Synchronizing object | Urban_0567_shop_paper
Fra:1 Mem:3132.72M (Peak 3132.72M) | Time:00:00.89 | Mem:0.00M, Peak:0.00M | Scene, ViewLayer | Synchronizing object | SunwenBed_grove-42_sunwen_gold.001
Fra:1 Mem:3132.86M (Peak 3132.86M) | Time:00:00.89 | Mem:0.00M, Peak:0.00M | Scene, ViewLayer | Synchronizing object | SunwenBed_grove-43_garden_moss.001
Fra:1 Mem:3132.91M (Peak 3132.91M) | Time:00:00.89 | Mem:0.00M, Peak:0.00M | Scene, ViewLayer | Synchronizing object | Urban_0567_shop_wood
Fra:1 Mem:3133.15M (Peak 3133.15M) | Time:00:00.89 | Mem:0.00M, Peak:0.00M | Scene, ViewLayer | Synchronizing object | SunwenBed_grove-43_garden_bean.001
Fra:1 Mem:3133.19M (Peak 3133.19M) | Time:00:00.89 | Mem:0.00M, Peak:0.00M | Scene, ViewLayer | Synchronizing object | SunwenBed_grove-43_garden_jade.001
Fra:1 Mem:3133.29M (Peak 3133.29M) | Time:00:00.89 | Mem:0.00M, Peak:0.00M | Scene, ViewLayer | Synchronizing object | SunwenBed_grove-43_sunwen_pink.001
Fra:1 Mem:3133.36M (Peak 3133.36M) | Time:00:00.89 | Mem:0.00M, Peak:0.00M | Scene, ViewLayer | Synchronizing object | SunwenBed_grove-43_sunwen_gold.001
Fra:1 Mem:3133.43M (Peak 3133.43M) | Time:00:00.89 | Mem:0.00M, Peak:0.00M | Scene, ViewLayer | Synchronizing object | Urban_0567_shop_plaster
Fra:1 Mem:3133.44M (Peak 3133.44M) | Time:00:00.89 | Mem:0.00M, Peak:0.00M | Scene, ViewLayer | Synchronizing object | SunwenBed_grove-44_garden_bean.001
Fra:1 Mem:3133.45M (Peak 3133.45M) | Time:00:00.89 | Mem:0.00M, Peak:0.00M | Scene, ViewLayer | Synchronizing object | Urban_0567_shop_stone
Fra:1 Mem:3133.50M (Peak 3133.50M) | Time:00:00.89 | Mem:0.00M, Peak:0.00M | Scene, ViewLayer | Synchronizing object | SunwenBed_grove-44_sunwen_iris.001
Fra:1 Mem:3133.63M (Peak 3133.63M) | Time:00:00.89 | Mem:0.00M, Peak:0.00M | Scene, ViewLayer | Synchronizing object | SunwenBed_grove-44_sunwen_gold.001
Fra:1 Mem:3133.64M (Peak 3133.64M) | Time:00:00.89 | Mem:0.00M, Peak:0.00M | Scene, ViewLayer | Synchronizing object | SunwenBed_grove-45_garden_jade.001
Fra:1 Mem:3133.78M (Peak 3133.78M) | Time:00:00.89 | Mem:0.00M, Peak:0.00M | Scene, ViewLayer | Synchronizing object | Urban_0551_bell-pavilion_bronze
Fra:1 Mem:3133.96M (Peak 3133.96M) | Time:00:00.89 | Mem:0.00M, Peak:0.00M | Scene, ViewLayer | Synchronizing object | Urban_0551_bell-pavilion_wood
Fra:1 Mem:3133.97M (Peak 3133.97M) | Time:00:00.89 | Mem:0.00M, Peak:0.00M | Scene, ViewLayer | Synchronizing object | SunwenBed_grove-45_garden_moss.001
Fra:1 Mem:3133.98M (Peak 3133.98M) | Time:00:00.89 | Mem:0.00M, Peak:0.00M | Scene, ViewLayer | Synchronizing object | Urban_0551_bell-pavilion_mineral
Fra:1 Mem:3134.07M (Peak 3134.07M) | Time:00:00.89 | Mem:0.00M, Peak:0.00M | Scene, ViewLayer | Synchronizing object | SunwenBed_grove-45_garden_bean.001
Fra:1 Mem:3134.08M (Peak 3134.08M) | Time:00:00.89 | Mem:0.00M, Peak:0.00M | Scene, ViewLayer | Synchronizing object | SunwenBed_grove-45_sunwen_pink.001
Fra:1 Mem:3134.14M (Peak 3134.14M) | Time:00:00.89 | Mem:0.00M, Peak:0.00M | Scene, ViewLayer | Synchronizing object | SunwenBed_grove-45_sunwen_gold.001
Fra:1 Mem:3134.15M (Peak 3134.15M) | Time:00:00.89 | Mem:0.00M, Peak:0.00M | Scene, ViewLayer | Synchronizing object | SunwenBed_grove-47_garden_bean.001
Fra:1 Mem:3134.18M (Peak 3134.18M) | Time:00:00.89 | Mem:0.00M, Peak:0.00M | Scene, ViewLayer | Synchronizing object | Urban_0551_bell-pavilion_tile
Fra:1 Mem:3134.19M (Peak 3134.19M) | Time:00:00.89 | Mem:0.00M, Peak:0.00M | Scene, ViewLayer | Synchronizing object | SunwenBed_grove-47_garden_jade.001
Fra:1 Mem:3134.29M (Peak 3134.29M) | Time:00:00.89 | Mem:0.00M, Peak:0.00M | Scene, ViewLayer | Synchronizing object | Urban_0551_bell-pavilion_roof
Fra:1 Mem:3134.51M (Peak 3134.51M) | Time:00:00.89 | Mem:0.00M, Peak:0.00M | Scene, ViewLayer | Synchronizing object | SunwenBed_grove-47_sunwen_pink.001
Fra:1 Mem:3134.55M (Peak 3134.55M) | Time:00:00.89 | Mem:0.00M, Peak:0.00M | Scene, ViewLayer | Synchronizing object | Urban_0551_bell-pavilion_brick
Fra:1 Mem:3134.55M (Peak 3134.55M) | Time:00:00.89 | Mem:0.00M, Peak:0.00M | Scene, ViewLayer | Synchronizing object | SunwenBed_grove-47_sunwen_gold.001
Fra:1 Mem:3134.55M (Peak 3134.55M) | Time:00:00.89 | Mem:0.00M, Peak:0.00M | Scene, ViewLayer | Synchronizing object | SunwenBed_grove-48_garden_moss.001
Fra:1 Mem:3134.62M (Peak 3134.62M) | Time:00:00.89 | Mem:0.00M, Peak:0.00M | Scene, ViewLayer | Synchronizing object | Urban_0551_bell-pavilion_stone
Fra:1 Mem:3134.63M (Peak 3134.63M) | Time:00:00.89 | Mem:0.00M, Peak:0.00M | Scene, ViewLayer | Synchronizing object | SunwenBed_grove-48_garden_jade.001
Fra:1 Mem:3134.92M (Peak 3134.92M) | Time:00:00.89 | Mem:0.00M, Peak:0.00M | Scene, ViewLayer | Synchronizing object | Urban_0549_temple_gold
Fra:1 Mem:3134.96M (Peak 3134.96M) | Time:00:00.89 | Mem:0.00M, Peak:0.00M | Scene, ViewLayer | Synchronizing object | SunwenBed_grove-48_sunwen_gold.001
Fra:1 Mem:3135.08M (Peak 3135.08M) | Time:00:00.89 | Mem:0.00M, Peak:0.00M | Scene, ViewLayer | Synchronizing object | SunwenBed_grove-49_garden_jade.001
Fra:1 Mem:3135.17M (Peak 3135.17M) | Time:00:00.89 | Mem:0.00M, Peak:0.00M | Scene, ViewLayer | Synchronizing object | SunwenBed_grove-49_garden_moss.001
Fra:1 Mem:3135.25M (Peak 3135.25M) | Time:00:00.89 | Mem:0.00M, Peak:0.00M | Scene, ViewLayer | Synchronizing object | SunwenBed_grove-49_sunwen_iris.001
Fra:1 Mem:3135.28M (Peak 3135.28M) | Time:00:00.89 | Mem:0.00M, Peak:0.00M | Scene, ViewLayer | Synchronizing object | SunwenBed_grove-49_sunwen_gold.001
Fra:1 Mem:3135.50M (Peak 3135.50M) | Time:00:00.89 | Mem:0.00M, Peak:0.00M | Scene, ViewLayer | Synchronizing object | SunwenBed_grove-50_garden_bean.001
Fra:1 Mem:3135.52M (Peak 3135.52M) | Time:00:00.89 | Mem:0.00M, Peak:0.00M | Scene, ViewLayer | Synchronizing object | Urban_0549_temple_roof
Fra:1 Mem:3135.54M (Peak 3135.54M) | Time:00:00.89 | Mem:0.00M, Peak:0.00M | Scene, ViewLayer | Synchronizing object | SunwenBed_grove-50_garden_jade.001
Fra:1 Mem:3135.59M (Peak 3135.59M) | Time:00:00.89 | Mem:0.00M, Peak:0.00M | Scene, ViewLayer | Synchronizing object | SunwenBed_grove-50_garden_moss.001
Fra:1 Mem:3135.64M (Peak 3135.64M) | Time:00:00.89 | Mem:0.00M, Peak:0.00M | Scene, ViewLayer | Synchronizing object | SunwenBed_grove-50_sunwen_iris.001
Fra:1 Mem:3135.65M (Peak 3135.65M) | Time:00:00.89 | Mem:0.00M, Peak:0.00M | Scene, ViewLayer | Synchronizing object | Urban_0549_temple_mineral
Fra:1 Mem:3135.65M (Peak 3135.65M) | Time:00:00.89 | Mem:0.00M, Peak:0.00M | Scene, ViewLayer | Synchronizing object | SunwenBed_grove-51_garden_jade.001
Fra:1 Mem:3135.69M (Peak 3135.69M) | Time:00:00.89 | Mem:0.00M, Peak:0.00M | Scene, ViewLayer | Synchronizing object | SunwenBed_grove-51_garden_moss.001
Fra:1 Mem:3135.83M (Peak 3135.83M) | Time:00:00.89 | Mem:0.00M, Peak:0.00M | Scene, ViewLayer | Synchronizing object | SunwenBed_grove-51_sunwen_white.001
Fra:1 Mem:3135.86M (Peak 3135.86M) | Time:00:00.89 | Mem:0.00M, Peak:0.00M | Scene, ViewLayer | Synchronizing object | SunwenBed_grove-52_garden_moss.001
Fra:1 Mem:3136.20M (Peak 3136.20M) | Time:00:00.89 | Mem:0.00M, Peak:0.00M | Scene, ViewLayer | Synchronizing object | SunwenBed_grove-52_garden_bean.001
Fra:1 Mem:3136.23M (Peak 3136.23M) | Time:00:00.89 | Mem:0.00M, Peak:0.00M | Scene, ViewLayer | Synchronizing object | SunwenBed_grove-52_garden_jade.001
Fra:1 Mem:3136.26M (Peak 3136.26M) | Time:00:00.89 | Mem:0.00M, Peak:0.00M | Scene, ViewLayer | Synchronizing object | Urban_0549_temple_plaster
Fra:1 Mem:3136.27M (Peak 3136.27M) | Time:00:00.89 | Mem:0.00M, Peak:0.00M | Scene, ViewLayer | Synchronizing object | SunwenBed_grove-52_sunwen_gold.001
Fra:1 Mem:3136.43M (Peak 3136.43M) | Time:00:00.89 | Mem:0.00M, Peak:0.00M | Scene, ViewLayer | Synchronizing object | Urban_0549_temple_stone
Fra:1 Mem:3136.47M (Peak 3136.47M) | Time:00:00.89 | Mem:0.00M, Peak:0.00M | Scene, ViewLayer | Synchronizing object | Urban_0541_hitching_wood
Fra:1 Mem:3136.49M (Peak 3136.49M) | Time:00:00.89 | Mem:0.00M, Peak:0.00M | Scene, ViewLayer | Synchronizing object | SunwenBed_grove-53_garden_moss.001
Fra:1 Mem:3136.54M (Peak 3136.54M) | Time:00:00.89 | Mem:0.00M, Peak:0.00M | Scene, ViewLayer | Synchronizing object | SunwenBed_grove-53_garden_bean.001
Fra:1 Mem:3136.56M (Peak 3136.56M) | Time:00:00.89 | Mem:0.00M, Peak:0.00M | Scene, ViewLayer | Synchronizing object | SunwenBed_grove-53_garden_jade.001
Fra:1 Mem:3136.57M (Peak 3136.57M) | Time:00:00.89 | Mem:0.00M, Peak:0.00M | Scene, ViewLayer | Synchronizing object | SunwenBed_grove-53_sunwen_iris.001
Fra:1 Mem:3136.57M (Peak 3136.57M) | Time:00:00.89 | Mem:0.00M, Peak:0.00M | Scene, ViewLayer | Synchronizing object | Urban_0541_hitching_stone
Fra:1 Mem:3136.68M (Peak 3136.68M) | Time:00:00.89 | Mem:0.00M, Peak:0.00M | Scene, ViewLayer | Synchronizing object | Urban_0540_paifang_gold
Fra:1 Mem:3136.75M (Peak 3136.75M) | Time:00:00.89 | Mem:0.00M, Peak:0.00M | Scene, ViewLayer | Synchronizing object | SunwenBed_grove-53_sunwen_gold.001
Fra:1 Mem:3136.77M (Peak 3136.77M) | Time:00:00.89 | Mem:0.00M, Peak:0.00M | Scene, ViewLayer | Synchronizing object | SunwenBed_grove-54_garden_moss.001
Fra:1 Mem:3137.04M (Peak 3137.04M) | Time:00:00.89 | Mem:0.00M, Peak:0.00M | Scene, ViewLayer | Synchronizing object | Urban_0540_paifang_roof
Fra:1 Mem:3137.23M (Peak 3137.23M) | Time:00:00.89 | Mem:0.00M, Peak:0.00M | Scene, ViewLayer | Synchronizing object | SunwenBed_grove-54_garden_bean.001
Fra:1 Mem:3137.29M (Peak 3137.29M) | Time:00:00.89 | Mem:0.00M, Peak:0.00M | Scene, ViewLayer | Synchronizing object | Urban_0540_paifang_mineral
Fra:1 Mem:3137.42M (Peak 3137.42M) | Time:00:00.89 | Mem:0.00M, Peak:0.00M | Scene, ViewLayer | Synchronizing object | SunwenBed_grove-54_garden_jade.001
Fra:1 Mem:3137.51M (Peak 3137.51M) | Time:00:00.89 | Mem:0.00M, Peak:0.00M | Scene, ViewLayer | Synchronizing object | SunwenBed_grove-54_sunwen_white.001
Fra:1 Mem:3137.60M (Peak 3137.60M) | Time:00:00.89 | Mem:0.00M, Peak:0.00M | Scene, ViewLayer | Synchronizing object | SunwenBed_grove-54_sunwen_gold.001
Fra:1 Mem:3137.67M (Peak 3137.67M) | Time:00:00.89 | Mem:0.00M, Peak:0.00M | Scene, ViewLayer | Synchronizing object | Urban_0540_paifang_stone
Fra:1 Mem:3137.68M (Peak 3137.68M) | Time:00:00.89 | Mem:0.00M, Peak:0.00M | Scene, ViewLayer | Synchronizing object | SunwenBed_grove-55_garden_bean.001
Fra:1 Mem:3137.76M (Peak 3137.76M) | Time:00:00.89 | Mem:0.00M, Peak:0.00M | Scene, ViewLayer | Synchronizing object | Urban_0534_shop-upper_gold
Fra:1 Mem:3137.97M (Peak 3137.97M) | Time:00:00.89 | Mem:0.00M, Peak:0.00M | Scene, ViewLayer | Synchronizing object | SunwenBed_grove-55_garden_jade.001
Fra:1 Mem:3138.09M (Peak 3138.09M) | Time:00:00.89 | Mem:0.00M, Peak:0.00M | Scene, ViewLayer | Synchronizing object | SunwenBed_grove-55_sunwen_white.001
Fra:1 Mem:3138.09M (Peak 3138.09M) | Time:00:00.89 | Mem:0.00M, Peak:0.00M | Scene, ViewLayer | Synchronizing object | SunwenBed_grove-55_sunwen_gold.001
Fra:1 Mem:3138.20M (Peak 3138.20M) | Time:00:00.89 | Mem:0.00M, Peak:0.00M | Scene, ViewLayer | Synchronizing object | SunwenBed_grove-56_garden_moss.001
Fra:1 Mem:3138.23M (Peak 3138.23M) | Time:00:00.89 | Mem:0.00M, Peak:0.00M | Scene, ViewLayer | Synchronizing object | Urban_0534_shop-upper_tile
Fra:1 Mem:3138.23M (Peak 3138.23M) | Time:00:00.89 | Mem:0.00M, Peak:0.00M | Scene, ViewLayer | Synchronizing object | SunwenBed_grove-56_garden_jade.001
Fra:1 Mem:3138.26M (Peak 3138.26M) | Time:00:00.89 | Mem:0.00M, Peak:0.00M | Scene, ViewLayer | Synchronizing object | Urban_0534_shop-upper_brick
Fra:1 Mem:3138.26M (Peak 3138.26M) | Time:00:00.89 | Mem:0.00M, Peak:0.00M | Scene, ViewLayer | Synchronizing object | SunwenBed_grove-56_sunwen_iris.001
Fra:1 Mem:3138.27M (Peak 3138.27M) | Time:00:00.89 | Mem:0.00M, Peak:0.00M | Scene, ViewLayer | Synchronizing object | Urban_0534_shop-upper_slateroof
Fra:1 Mem:3138.27M (Peak 3138.27M) | Time:00:00.89 | Mem:0.00M, Peak:0.00M | Scene, ViewLayer | Synchronizing object | SunwenBed_grove-56_sunwen_gold.001
Fra:1 Mem:3138.28M (Peak 3138.28M) | Time:00:00.89 | Mem:0.00M, Peak:0.00M | Scene, ViewLayer | Synchronizing object | Urban_0534_shop-upper_paper
Fra:1 Mem:3138.30M (Peak 3138.30M) | Time:00:00.89 | Mem:0.00M, Peak:0.00M | Scene, ViewLayer | Synchronizing object | SunwenBed_grove-57_garden_moss.001
Fra:1 Mem:3138.31M (Peak 3138.31M) | Time:00:00.89 | Mem:0.00M, Peak:0.00M | Scene, ViewLayer | Synchronizing object | SunwenBed_grove-57_garden_bean.001
Fra:1 Mem:3138.34M (Peak 3138.34M) | Time:00:00.89 | Mem:0.00M, Peak:0.00M | Scene, ViewLayer | Synchronizing object | Urban_0534_shop-upper_wood
Fra:1 Mem:3138.36M (Peak 3138.36M) | Time:00:00.89 | Mem:0.00M, Peak:0.00M | Scene, ViewLayer | Synchronizing object | SunwenBed_grove-57_garden_jade.001
Fra:1 Mem:3138.51M (Peak 3138.51M) | Time:00:00.89 | Mem:0.00M, Peak:0.00M | Scene, ViewLayer | Synchronizing object | SunwenBed_grove-57_sunwen_iris.001
Fra:1 Mem:3138.79M (Peak 3138.79M) | Time:00:00.89 | Mem:0.00M, Peak:0.00M | Scene, ViewLayer | Synchronizing object | Urban_0534_shop-upper_plaster
Fra:1 Mem:3138.82M (Peak 3138.82M) | Time:00:00.89 | Mem:0.00M, Peak:0.00M | Scene, ViewLayer | Synchronizing object | SunwenBed_grove-57_sunwen_gold.001
Fra:1 Mem:3138.82M (Peak 3138.82M) | Time:00:00.89 | Mem:0.00M, Peak:0.00M | Scene, ViewLayer | Synchronizing object | Urban_0534_shop-upper_stone
Fra:1 Mem:3138.83M (Peak 3138.83M) | Time:00:00.89 | Mem:0.00M, Peak:0.00M | Scene, ViewLayer | Synchronizing object | Urban_0532_range_tile
Fra:1 Mem:3138.87M (Peak 3138.87M) | Time:00:00.89 | Mem:0.00M, Peak:0.00M | Scene, ViewLayer | Synchronizing object | SunwenBed_grove-58_garden_moss.001
Fra:1 Mem:3139.09M (Peak 3139.09M) | Time:00:00.89 | Mem:0.00M, Peak:0.00M | Scene, ViewLayer | Synchronizing object | Urban_0532_range_brick
Fra:1 Mem:3139.13M (Peak 3139.13M) | Time:00:00.89 | Mem:0.00M, Peak:0.00M | Scene, ViewLayer | Synchronizing object | SunwenBed_grove-58_garden_bean.001
Fra:1 Mem:3139.20M (Peak 3139.20M) | Time:00:00.89 | Mem:0.00M, Peak:0.00M | Scene, ViewLayer | Synchronizing object | Urban_0532_range_slateroof
Fra:1 Mem:3139.24M (Peak 3139.24M) | Time:00:00.89 | Mem:0.00M, Peak:0.00M | Scene, ViewLayer | Synchronizing object | SunwenBed_grove-58_sunwen_iris.001
Fra:1 Mem:3139.28M (Peak 3139.28M) | Time:00:00.89 | Mem:0.00M, Peak:0.00M | Scene, ViewLayer | Synchronizing object | SunwenBed_grove-58_sunwen_gold.001
Fra:1 Mem:3139.40M (Peak 3139.40M) | Time:00:00.89 | Mem:0.00M, Peak:0.00M | Scene, ViewLayer | Synchronizing object | SunwenBed_grove-59_garden_jade.001
Fra:1 Mem:3139.41M (Peak 3139.41M) | Time:00:00.89 | Mem:0.00M, Peak:0.00M | Scene, ViewLayer | Synchronizing object | SunwenBed_grove-59_garden_moss.001
Fra:1 Mem:3139.44M (Peak 3139.44M) | Time:00:00.89 | Mem:0.00M, Peak:0.00M | Scene, ViewLayer | Synchronizing object | SunwenBed_grove-60_garden_jade.001
Fra:1 Mem:3139.44M (Peak 3139.44M) | Time:00:00.89 | Mem:0.00M, Peak:0.00M | Scene, ViewLayer | Synchronizing object | SunwenBed_grove-60_garden_moss.001
Fra:1 Mem:3139.44M (Peak 3139.44M) | Time:00:00.89 | Mem:0.00M, Peak:0.00M | Scene, ViewLayer | Synchronizing object | SunwenBed_grove-60_garden_bean.001
Fra:1 Mem:3139.51M (Peak 3139.51M) | Time:00:00.89 | Mem:0.00M, Peak:0.00M | Scene, ViewLayer | Synchronizing object | SunwenBed_grove-60_sunwen_gold.001
Fra:1 Mem:3139.51M (Peak 3139.51M) | Time:00:00.89 | Mem:0.00M, Peak:0.00M | Scene, ViewLayer | Synchronizing object | SunwenBed_grove-61_garden_bean.001
Fra:1 Mem:3139.64M (Peak 3139.64M) | Time:00:00.89 | Mem:0.00M, Peak:0.00M | Scene, ViewLayer | Synchronizing object | SunwenBed_grove-61_garden_jade.001
Fra:1 Mem:3139.77M (Peak 3139.77M) | Time:00:00.89 | Mem:0.00M, Peak:0.00M | Scene, ViewLayer | Synchronizing object | SunwenBed_grove-61_garden_moss.001
Fra:1 Mem:3139.82M (Peak 3139.82M) | Time:00:00.89 | Mem:0.00M, Peak:0.00M | Scene, ViewLayer | Synchronizing object | Urban_0532_range_wood
Fra:1 Mem:3139.91M (Peak 3139.91M) | Time:00:00.89 | Mem:0.00M, Peak:0.00M | Scene, ViewLayer | Synchronizing object | SunwenBed_xiaoxiangguan-bed-0_garden_moss.001
Fra:1 Mem:3139.99M (Peak 3139.99M) | Time:00:00.89 | Mem:0.00M, Peak:0.00M | Scene, ViewLayer | Synchronizing object | SunwenBed_xiaoxiangguan-bed-0_garden_bean.001
Fra:1 Mem:3146.29M (Peak 3146.29M) | Time:00:00.89 | Mem:0.00M, Peak:0.00M | Scene, ViewLayer | Synchronizing object | SunwenBed_xiaoxiangguan-bed-0_garden_jade.001
Fra:1 Mem:3146.43M (Peak 3146.43M) | Time:00:00.89 | Mem:0.00M, Peak:0.00M | Scene, ViewLayer | Synchronizing object | SunwenBed_xiaoxiangguan-bed-0_sunwen_white.001
Fra:1 Mem:3146.50M (Peak 3146.50M) | Time:00:00.89 | Mem:0.00M, Peak:0.00M | Scene, ViewLayer | Synchronizing object | SunwenBed_xiaoxiangguan-bed-0_sunwen_gold.001
Fra:1 Mem:3146.50M (Peak 3146.50M) | Time:00:00.89 | Mem:0.00M, Peak:0.00M | Scene, ViewLayer | Synchronizing object | SunwenBed_xiaoxiangguan-bed-1_garden_edge.001
Fra:1 Mem:3146.53M (Peak 3146.53M) | Time:00:00.89 | Mem:0.00M, Peak:0.00M | Scene, ViewLayer | Synchronizing object | SunwenBed_xiaoxiangguan-bed-1_garden_moss.001
Fra:1 Mem:3146.63M (Peak 3146.63M) | Time:00:00.89 | Mem:0.00M, Peak:0.00M | Scene, ViewLayer | Synchronizing object | SunwenBed_xiaoxiangguan-bed-1_garden_bean.001
Fra:1 Mem:3146.66M (Peak 3146.66M) | Time:00:00.89 | Mem:0.00M, Peak:0.00M | Scene, ViewLayer | Synchronizing object | SunwenBed_xiaoxiangguan-bed-1_garden_jade.001
Fra:1 Mem:3146.67M (Peak 3146.67M) | Time:00:00.89 | Mem:0.00M, Peak:0.00M | Scene, ViewLayer | Synchronizing object | SunwenBed_xiaoxiangguan-bed-1_sunwen_white.001
Fra:1 Mem:3146.68M (Peak 3146.68M) | Time:00:00.89 | Mem:0.00M, Peak:0.00M | Scene, ViewLayer | Synchronizing object | SunwenBed_xiaoxiangguan-bed-1_sunwen_gold.001
Fra:1 Mem:3146.69M (Peak 3146.69M) | Time:00:00.89 | Mem:0.00M, Peak:0.00M | Scene, ViewLayer | Synchronizing object | SunwenBed_xiaoxiangguan-bed-2_garden_edge.001
Fra:1 Mem:3146.80M (Peak 3146.80M) | Time:00:00.89 | Mem:0.00M, Peak:0.00M | Scene, ViewLayer | Synchronizing object | SunwenBed_xiaoxiangguan-bed-2_garden_moss.001
Fra:1 Mem:3146.79M (Peak 3146.80M) | Time:00:00.89 | Mem:0.00M, Peak:0.00M | Scene, ViewLayer | Synchronizing object | SunwenBed_xiaoxiangguan-bed-2_garden_bean.001
Fra:1 Mem:3147.00M (Peak 3147.00M) | Time:00:00.89 | Mem:0.00M, Peak:0.00M | Scene, ViewLayer | Synchronizing object | SunwenBed_xiaoxiangguan-bed-2_garden_jade.001
Fra:1 Mem:3147.01M (Peak 3147.01M) | Time:00:00.89 | Mem:0.00M, Peak:0.00M | Scene, ViewLayer | Synchronizing object | SunwenBed_xiaoxiangguan-bed-3_garden_edge.001
Fra:1 Mem:3147.22M (Peak 3147.22M) | Time:00:00.89 | Mem:0.00M, Peak:0.00M | Scene, ViewLayer | Synchronizing object | SunwenBed_xiaoxiangguan-bed-3_garden_moss.001
Fra:1 Mem:3147.32M (Peak 3147.32M) | Time:00:00.89 | Mem:0.00M, Peak:0.00M | Scene, ViewLayer | Synchronizing object | SunwenBed_xiaoxiangguan-bed-3_garden_jade.001
Fra:1 Mem:3147.32M (Peak 3147.32M) | Time:00:00.89 | Mem:0.00M, Peak:0.00M | Scene, ViewLayer | Synchronizing object | Urban_0532_range_plaster
Fra:1 Mem:3147.35M (Peak 3147.35M) | Time:00:00.89 | Mem:0.00M, Peak:0.00M | Scene, ViewLayer | Synchronizing object | SunwenBed_xiaoxiangguan-bed-3_sunwen_white.001
Fra:1 Mem:3147.38M (Peak 3147.38M) | Time:00:00.89 | Mem:0.00M, Peak:0.00M | Scene, ViewLayer | Synchronizing object | SunwenBed_xiaoxiangguan-bed-4_garden_edge.001
Fra:1 Mem:3147.38M (Peak 3147.38M) | Time:00:00.89 | Mem:0.00M, Peak:0.00M | Scene, ViewLayer | Synchronizing object | SunwenBed_xiaoxiangguan-bed-4_garden_bean.001
Fra:1 Mem:3147.38M (Peak 3147.38M) | Time:00:00.89 | Mem:0.00M, Peak:0.00M | Scene, ViewLayer | Synchronizing object | SunwenBed_xiaoxiangguan-bed-4_garden_jade.001
Fra:1 Mem:3147.41M (Peak 3147.41M) | Time:00:00.89 | Mem:0.00M, Peak:0.00M | Scene, ViewLayer | Synchronizing object | SunwenBed_xiaoxiangguan-bed-4_sunwen_white.001
Fra:1 Mem:3147.42M (Peak 3147.42M) | Time:00:00.89 | Mem:0.00M, Peak:0.00M | Scene, ViewLayer | Synchronizing object | SunwenBed_xiaoxiangguan-bed-4_sunwen_gold.001
Fra:1 Mem:3153.62M (Peak 3153.62M) | Time:00:00.89 | Mem:0.00M, Peak:0.00M | Scene, ViewLayer | Synchronizing object | SunwenBed_yihongyuan-bed-0_garden_edge.001
Fra:1 Mem:3153.63M (Peak 3153.63M) | Time:00:00.89 | Mem:0.00M, Peak:0.00M | Scene, ViewLayer | Synchronizing object | Urban_0018_screen_tile
Fra:1 Mem:3153.65M (Peak 3153.65M) | Time:00:00.89 | Mem:0.00M, Peak:0.00M | Scene, ViewLayer | Synchronizing object | SunwenBed_yihongyuan-bed-0_garden_bean.001
Fra:1 Mem:3153.66M (Peak 3153.66M) | Time:00:00.89 | Mem:0.00M, Peak:0.00M | Scene, ViewLayer | Synchronizing object | SunwenBed_yihongyuan-bed-0_garden_jade.001
Fra:1 Mem:3153.78M (Peak 3153.78M) | Time:00:00.89 | Mem:0.00M, Peak:0.00M | Scene, ViewLayer | Synchronizing object | SunwenBed_yihongyuan-bed-0_sunwen_pink.001
Fra:1 Mem:3153.83M (Peak 3153.83M) | Time:00:00.89 | Mem:0.00M, Peak:0.00M | Scene, ViewLayer | Synchronizing object | SunwenBed_yihongyuan-bed-0_sunwen_gold.001
Fra:1 Mem:3153.86M (Peak 3153.86M) | Time:00:00.89 | Mem:0.00M, Peak:0.00M | Scene, ViewLayer | Synchronizing object | SunwenBed_yihongyuan-bed-1_garden_edge.001
Fra:1 Mem:3153.95M (Peak 3153.95M) | Time:00:00.89 | Mem:0.00M, Peak:0.00M | Scene, ViewLayer | Synchronizing object | SunwenBed_yihongyuan-bed-1_garden_moss.001
Fra:1 Mem:3153.97M (Peak 3153.97M) | Time:00:00.89 | Mem:0.00M, Peak:0.00M | Scene, ViewLayer | Synchronizing object | Urban_0018_screen_roof
Fra:1 Mem:3153.97M (Peak 3153.97M) | Time:00:00.89 | Mem:0.00M, Peak:0.00M | Scene, ViewLayer | Synchronizing object | SunwenBed_yihongyuan-bed-1_garden_bean.001
Fra:1 Mem:3153.98M (Peak 3153.98M) | Time:00:00.89 | Mem:0.00M, Peak:0.00M | Scene, ViewLayer | Synchronizing object | SunwenBed_yihongyuan-bed-1_garden_jade.001
Fra:1 Mem:3154.00M (Peak 3154.00M) | Time:00:00.89 | Mem:0.00M, Peak:0.00M | Scene, ViewLayer | Synchronizing object | SunwenBed_yihongyuan-bed-1_sunwen_pink.001
Fra:1 Mem:3154.13M (Peak 3154.13M) | Time:00:00.89 | Mem:0.00M, Peak:0.00M | Scene, ViewLayer | Synchronizing object | SunwenBed_yihongyuan-bed-1_sunwen_gold.001
Fra:1 Mem:3154.14M (Peak 3154.14M) | Time:00:00.89 | Mem:0.00M, Peak:0.00M | Scene, ViewLayer | Synchronizing object | SunwenBed_yihongyuan-bed-2_garden_edge.001
Fra:1 Mem:3154.19M (Peak 3154.19M) | Time:00:00.89 | Mem:0.00M, Peak:0.00M | Scene, ViewLayer | Synchronizing object | SunwenBed_yihongyuan-bed-2_garden_moss.001
Fra:1 Mem:3154.28M (Peak 3154.28M) | Time:00:00.89 | Mem:0.00M, Peak:0.00M | Scene, ViewLayer | Synchronizing object | SunwenBed_yihongyuan-bed-2_garden_bean.001
Fra:1 Mem:3154.29M (Peak 3154.29M) | Time:00:00.89 | Mem:0.00M, Peak:0.00M | Scene, ViewLayer | Synchronizing object | SunwenBed_yihongyuan-bed-2_garden_jade.001
Fra:1 Mem:3154.32M (Peak 3154.32M) | Time:00:00.89 | Mem:0.00M, Peak:0.00M | Scene, ViewLayer | Synchronizing object | SunwenBed_yihongyuan-bed-3_garden_edge.001
Fra:1 Mem:3154.38M (Peak 3154.38M) | Time:00:00.89 | Mem:0.00M, Peak:0.00M | Scene, ViewLayer | Synchronizing object | SunwenBed_yihongyuan-bed-3_garden_moss.001
Fra:1 Mem:3154.40M (Peak 3154.40M) | Time:00:00.89 | Mem:0.00M, Peak:0.00M | Scene, ViewLayer | Synchronizing object | SunwenBed_yihongyuan-bed-2_sunwen_pink.001
Fra:1 Mem:3154.47M (Peak 3154.47M) | Time:00:00.89 | Mem:0.00M, Peak:0.00M | Scene, ViewLayer | Synchronizing object | SunwenBed_yihongyuan-bed-3_garden_jade.001
Fra:1 Mem:3154.47M (Peak 3154.47M) | Time:00:00.89 | Mem:0.00M, Peak:0.00M | Scene, ViewLayer | Synchronizing object | SunwenBed_yihongyuan-bed-3_sunwen_gold.001
Fra:1 Mem:3154.50M (Peak 3154.50M) | Time:00:00.89 | Mem:0.00M, Peak:0.00M | Scene, ViewLayer | Synchronizing object | Urban_0018_screen_plaster
Fra:1 Mem:3154.51M (Peak 3154.51M) | Time:00:00.89 | Mem:0.00M, Peak:0.00M | Scene, ViewLayer | Synchronizing object | SunwenBed_hengwuyuan-bed-0_garden_edge.001
Fra:1 Mem:3154.51M (Peak 3154.51M) | Time:00:00.89 | Mem:0.00M, Peak:0.00M | Scene, ViewLayer | Synchronizing object | SunwenBed_hengwuyuan-bed-0_garden_bean.001
Fra:1 Mem:3154.56M (Peak 3154.56M) | Time:00:00.89 | Mem:0.00M, Peak:0.00M | Scene, ViewLayer | Synchronizing object | Urban_0018_screen_stone
Fra:1 Mem:3154.59M (Peak 3154.59M) | Time:00:00.89 | Mem:0.00M, Peak:0.00M | Scene, ViewLayer | Synchronizing object | SunwenBed_hengwuyuan-bed-0_garden_jade.001
Fra:1 Mem:3154.59M (Peak 3154.59M) | Time:00:00.89 | Mem:0.00M, Peak:0.00M | Scene, ViewLayer | Synchronizing object | SunwenBed_hengwuyuan-bed-0_garden_moss.001
Fra:1 Mem:3154.67M (Peak 3154.67M) | Time:00:00.89 | Mem:0.00M, Peak:0.00M | Scene, ViewLayer | Synchronizing object | SunwenBed_hengwuyuan-bed-0_sunwen_white.001
Fra:1 Mem:3154.67M (Peak 3154.67M) | Time:00:00.89 | Mem:0.00M, Peak:0.00M | Scene, ViewLayer | Synchronizing object | SunwenBed_hengwuyuan-bed-1_garden_bean.001
Fra:1 Mem:3154.71M (Peak 3154.71M) | Time:00:00.89 | Mem:0.00M, Peak:0.00M | Scene, ViewLayer | Synchronizing object | Urban_0017_tree_leaf
Fra:1 Mem:3154.72M (Peak 3154.72M) | Time:00:00.89 | Mem:0.00M, Peak:0.00M | Scene, ViewLayer | Synchronizing object | SunwenBed_hengwuyuan-bed-1_garden_moss.001
Fra:1 Mem:3154.73M (Peak 3154.73M) | Time:00:00.89 | Mem:0.00M, Peak:0.00M | Scene, ViewLayer | Synchronizing object | Urban_0017_tree_lightleaf
Fra:1 Mem:3154.75M (Peak 3154.75M) | Time:00:00.89 | Mem:0.00M, Peak:0.00M | Scene, ViewLayer | Synchronizing object | SunwenBed_hengwuyuan-bed-1_sunwen_white.001
Fra:1 Mem:3154.76M (Peak 3154.76M) | Time:00:00.89 | Mem:0.00M, Peak:0.00M | Scene, ViewLayer | Synchronizing object | Urban_0017_tree_wood
Fra:1 Mem:3154.87M (Peak 3154.87M) | Time:00:00.89 | Mem:0.00M, Peak:0.00M | Scene, ViewLayer | Synchronizing object | SunwenBed_hengwuyuan-bed-1_sunwen_gold.001
Fra:1 Mem:3154.90M (Peak 3154.90M) | Time:00:00.89 | Mem:0.00M, Peak:0.00M | Scene, ViewLayer | Synchronizing object | SunwenBed_hengwuyuan-bed-2_garden_edge.001
Fra:1 Mem:3154.96M (Peak 3154.96M) | Time:00:00.89 | Mem:0.00M, Peak:0.00M | Scene, ViewLayer | Synchronizing object | SunwenBed_hengwuyuan-bed-2_garden_moss.001
Fra:1 Mem:3155.02M (Peak 3155.02M) | Time:00:00.89 | Mem:0.00M, Peak:0.00M | Scene, ViewLayer | Synchronizing object | SunwenBed_hengwuyuan-bed-2_garden_bean.001
Fra:1 Mem:3155.03M (Peak 3155.03M) | Time:00:00.89 | Mem:0.00M, Peak:0.00M | Scene, ViewLayer | Synchronizing object | SunwenBed_hengwuyuan-bed-2_garden_jade.001
Fra:1 Mem:3155.10M (Peak 3155.10M) | Time:00:00.89 | Mem:0.00M, Peak:0.00M | Scene, ViewLayer | Synchronizing object | SunwenBed_hengwuyuan-bed-2_sunwen_white.001
Fra:1 Mem:3155.15M (Peak 3155.15M) | Time:00:00.89 | Mem:0.00M, Peak:0.00M | Scene, ViewLayer | Synchronizing object | SunwenBed_hengwuyuan-bed-2_sunwen_gold.001
Fra:1 Mem:3155.19M (Peak 3155.19M) | Time:00:00.89 | Mem:0.00M, Peak:0.00M | Scene, ViewLayer | Synchronizing object | SunwenBed_hengwuyuan-bed-3_garden_edge.001
Fra:1 Mem:3155.23M (Peak 3155.23M) | Time:00:00.89 | Mem:0.00M, Peak:0.00M | Scene, ViewLayer | Synchronizing object | SunwenBed_hengwuyuan-bed-3_garden_moss.001
Fra:1 Mem:3142.88M (Peak 3155.23M) | Time:00:00.89 | Mem:0.00M, Peak:0.00M | Scene, ViewLayer | Synchronizing object | SunwenBed_hengwuyuan-bed-3_garden_bean.001
Fra:1 Mem:3142.95M (Peak 3155.23M) | Time:00:00.89 | Mem:0.00M, Peak:0.00M | Scene, ViewLayer | Synchronizing object | Urban_0014_gallery_redwood
Fra:1 Mem:3143.05M (Peak 3155.23M) | Time:00:00.89 | Mem:0.00M, Peak:0.00M | Scene, ViewLayer | Synchronizing object | SunwenBed_qiushuangzhai-bed-0_garden_edge.001
Fra:1 Mem:3143.05M (Peak 3155.23M) | Time:00:00.89 | Mem:0.00M, Peak:0.00M | Scene, ViewLayer | Synchronizing object | SunwenBed_qiushuangzhai-bed-0_garden_moss.001
Fra:1 Mem:3143.08M (Peak 3155.23M) | Time:00:00.89 | Mem:0.00M, Peak:0.00M | Scene, ViewLayer | Synchronizing object | SunwenBed_qiushuangzhai-bed-0_garden_bean.001
Fra:1 Mem:3143.09M (Peak 3155.23M) | Time:00:00.89 | Mem:0.00M, Peak:0.00M | Scene, ViewLayer | Synchronizing object | SunwenBed_qiushuangzhai-bed-0_garden_jade.001
Fra:1 Mem:3143.10M (Peak 3155.23M) | Time:00:00.89 | Mem:0.00M, Peak:0.00M | Scene, ViewLayer | Synchronizing object | SunwenBed_qiushuangzhai-bed-0_sunwen_iris.001
Fra:1 Mem:3143.24M (Peak 3155.23M) | Time:00:00.89 | Mem:0.00M, Peak:0.00M | Scene, ViewLayer | Synchronizing object | Urban_0014_gallery_stone
Fra:1 Mem:3143.41M (Peak 3155.23M) | Time:00:00.89 | Mem:0.00M, Peak:0.00M | Scene, ViewLayer | Synchronizing object | SunwenBed_qiushuangzhai-bed-1_garden_edge.001
Fra:1 Mem:3143.45M (Peak 3155.23M) | Time:00:00.89 | Mem:0.00M, Peak:0.00M | Scene, ViewLayer | Synchronizing object | SunwenBed_qiushuangzhai-bed-1_garden_moss.001
Fra:1 Mem:3143.47M (Peak 3155.23M) | Time:00:00.89 | Mem:0.00M, Peak:0.00M | Scene, ViewLayer | Synchronizing object | SunwenBed_qiushuangzhai-bed-1_sunwen_iris.001
Fra:1 Mem:3143.48M (Peak 3155.23M) | Time:00:00.89 | Mem:0.00M, Peak:0.00M | Scene, ViewLayer | Synchronizing object | SunwenBed_qiushuangzhai-bed-1_sunwen_gold.001
Fra:1 Mem:3143.58M (Peak 3155.23M) | Time:00:00.89 | Mem:0.00M, Peak:0.00M | Scene, ViewLayer | Synchronizing object | SunwenBed_qiushuangzhai-bed-2_garden_edge.001
Fra:1 Mem:3143.66M (Peak 3155.23M) | Time:00:00.89 | Mem:0.00M, Peak:0.00M | Scene, ViewLayer | Synchronizing object | SunwenBed_qiushuangzhai-bed-2_garden_moss.001
Fra:1 Mem:3143.74M (Peak 3155.23M) | Time:00:00.89 | Mem:0.00M, Peak:0.00M | Scene, ViewLayer | Synchronizing object | SunwenBed_qiushuangzhai-bed-2_garden_bean.001
Fra:1 Mem:3143.78M (Peak 3155.23M) | Time:00:00.89 | Mem:0.00M, Peak:0.00M | Scene, ViewLayer | Synchronizing object | Urban_0011_house_brick
Fra:1 Mem:3143.93M (Peak 3155.23M) | Time:00:00.89 | Mem:0.00M, Peak:0.00M | Scene, ViewLayer | Synchronizing object | SunwenBed_qiushuangzhai-bed-2_sunwen_iris.001
Fra:1 Mem:3143.97M (Peak 3155.23M) | Time:00:00.89 | Mem:0.00M, Peak:0.00M | Scene, ViewLayer | Synchronizing object | SunwenBed_qiushuangzhai-bed-2_sunwen_gold.001
Fra:1 Mem:3143.96M (Peak 3155.23M) | Time:00:00.89 | Mem:0.00M, Peak:0.00M | Scene, ViewLayer | Synchronizing object | SunwenBed_qiushuangzhai-bed-3_garden_edge.001
Fra:1 Mem:3143.98M (Peak 3155.23M) | Time:00:00.89 | Mem:0.00M, Peak:0.00M | Scene, ViewLayer | Synchronizing object | SunwenBed_qiushuangzhai-bed-3_garden_bean.001
Fra:1 Mem:3144.01M (Peak 3155.23M) | Time:00:00.89 | Mem:0.00M, Peak:0.00M | Scene, ViewLayer | Synchronizing object | SunwenBed_qiushuangzhai-bed-3_garden_jade.001
Fra:1 Mem:3144.02M (Peak 3155.23M) | Time:00:00.89 | Mem:0.00M, Peak:0.00M | Scene, ViewLayer | Synchronizing object | SunwenBed_daguanlou-bed-0_garden_edge.001
Fra:1 Mem:3144.04M (Peak 3155.23M) | Time:00:00.89 | Mem:0.00M, Peak:0.00M | Scene, ViewLayer | Synchronizing object | SunwenBed_daguanlou-bed-0_garden_bean.001
Fra:1 Mem:3144.14M (Peak 3155.23M) | Time:00:00.89 | Mem:0.00M, Peak:0.00M | Scene, ViewLayer | Synchronizing object | SunwenBed_daguanlou-bed-0_garden_jade.001
Fra:1 Mem:3144.27M (Peak 3155.23M) | Time:00:00.89 | Mem:0.00M, Peak:0.00M | Scene, ViewLayer | Synchronizing object | Urban_0011_house_wood
Fra:1 Mem:3144.31M (Peak 3155.23M) | Time:00:00.89 | Mem:0.00M, Peak:0.00M | Scene, ViewLayer | Synchronizing object | SunwenBed_daguanlou-bed-0_garden_moss.001
Fra:1 Mem:3144.32M (Peak 3155.23M) | Time:00:00.89 | Mem:0.00M, Peak:0.00M | Scene, ViewLayer | Synchronizing object | SunwenBed_daguanlou-bed-0_sunwen_pink.001
Fra:1 Mem:3144.50M (Peak 3155.23M) | Time:00:00.89 | Mem:0.00M, Peak:0.00M | Scene, ViewLayer | Synchronizing object | SunwenBed_daguanlou-bed-1_garden_edge.001
Fra:1 Mem:3144.58M (Peak 3155.23M) | Time:00:00.89 | Mem:0.00M, Peak:0.00M | Scene, ViewLayer | Synchronizing object | SunwenBed_daguanlou-bed-1_garden_moss.001
Fra:1 Mem:3144.64M (Peak 3155.23M) | Time:00:00.89 | Mem:0.00M, Peak:0.00M | Scene, ViewLayer | Synchronizing object | Urban_0011_house_plaster
Fra:1 Mem:3144.73M (Peak 3155.23M) | Time:00:00.89 | Mem:0.00M, Peak:0.00M | Scene, ViewLayer | Synchronizing object | SunwenBed_daguanlou-bed-1_garden_bean.001
Fra:1 Mem:3144.76M (Peak 3155.23M) | Time:00:00.89 | Mem:0.00M, Peak:0.00M | Scene, ViewLayer | Synchronizing object | Urban_0011_house_stone
Fra:1 Mem:3144.87M (Peak 3155.23M) | Time:00:00.89 | Mem:0.00M, Peak:0.00M | Scene, ViewLayer | Synchronizing object | SunwenBed_daguanlou-bed-1_garden_jade.001
Fra:1 Mem:3145.02M (Peak 3155.23M) | Time:00:00.89 | Mem:0.00M, Peak:0.00M | Scene, ViewLayer | Synchronizing object | Urban_0008_annex_tile
Fra:1 Mem:3145.16M (Peak 3155.23M) | Time:00:00.89 | Mem:0.00M, Peak:0.00M | Scene, ViewLayer | Synchronizing object | SunwenBed_daguanlou-bed-1_sunwen_gold.001
Fra:1 Mem:3145.24M (Peak 3155.23M) | Time:00:00.89 | Mem:0.00M, Peak:0.00M | Scene, ViewLayer | Synchronizing object | Urban_0008_annex_warmroof
Fra:1 Mem:3145.28M (Peak 3155.23M) | Time:00:00.89 | Mem:0.00M, Peak:0.00M | Scene, ViewLayer | Synchronizing object | SunwenBed_daguanlou-bed-2_garden_edge.001
Fra:1 Mem:3145.28M (Peak 3155.23M) | Time:00:00.89 | Mem:0.00M, Peak:0.00M | Scene, ViewLayer | Synchronizing object | Urban_0008_annex_paper
Fra:1 Mem:3145.34M (Peak 3155.23M) | Time:00:00.89 | Mem:0.00M, Peak:0.00M | Scene, ViewLayer | Synchronizing object | Urban_0008_annex_wood
Fra:1 Mem:3145.38M (Peak 3155.23M) | Time:00:00.89 | Mem:0.00M, Peak:0.00M | Scene, ViewLayer | Synchronizing object | SunwenBed_daguanlou-bed-2_garden_moss.001
Fra:1 Mem:3145.38M (Peak 3155.23M) | Time:00:00.89 | Mem:0.00M, Peak:0.00M | Scene, ViewLayer | Synchronizing object | SunwenBed_daguanlou-bed-2_sunwen_pink.001
Fra:1 Mem:3145.38M (Peak 3155.23M) | Time:00:00.89 | Mem:0.00M, Peak:0.00M | Scene, ViewLayer | Synchronizing object | Urban_0008_annex_brick
Fra:1 Mem:3145.39M (Peak 3155.23M) | Time:00:00.89 | Mem:0.00M, Peak:0.00M | Scene, ViewLayer | Synchronizing object | Urban_0008_annex_stone
Fra:1 Mem:3145.42M (Peak 3155.23M) | Time:00:00.89 | Mem:0.00M, Peak:0.00M | Scene, ViewLayer | Synchronizing object | Urban_0007_hall_tile
Fra:1 Mem:3145.49M (Peak 3155.23M) | Time:00:00.89 | Mem:0.00M, Peak:0.00M | Scene, ViewLayer | Synchronizing object | Urban_0007_hall_roof
Fra:1 Mem:3145.51M (Peak 3155.23M) | Time:00:00.89 | Mem:0.00M, Peak:0.00M | Scene, ViewLayer | Synchronizing object | Urban_0007_hall_mineral
Fra:1 Mem:3145.52M (Peak 3155.23M) | Time:00:00.89 | Mem:0.00M, Peak:0.00M | Scene, ViewLayer | Synchronizing object | SunwenBed_daguanlou-bed-2_sunwen_gold.001
Fra:1 Mem:3145.78M (Peak 3155.23M) | Time:00:00.89 | Mem:0.00M, Peak:0.00M | Scene, ViewLayer | Synchronizing object | Urban_0007_hall_paper
Fra:1 Mem:3145.90M (Peak 3155.23M) | Time:00:00.89 | Mem:0.00M, Peak:0.00M | Scene, ViewLayer | Synchronizing object | Urban_0007_hall_redwood
Fra:1 Mem:3146.06M (Peak 3155.23M) | Time:00:00.89 | Mem:0.00M, Peak:0.00M | Scene, ViewLayer | Synchronizing object | SunwenBed_daguanlou-bed-3_garden_edge.001
Fra:1 Mem:3146.07M (Peak 3155.23M) | Time:00:00.89 | Mem:0.00M, Peak:0.00M | Scene, ViewLayer | Synchronizing object | SunwenBed_daguanlou-bed-3_garden_moss.001
Fra:1 Mem:3146.14M (Peak 3155.23M) | Time:00:00.89 | Mem:0.00M, Peak:0.00M | Scene, ViewLayer | Synchronizing object | Urban_0007_hall_plaster
Fra:1 Mem:3146.19M (Peak 3155.23M) | Time:00:00.89 | Mem:0.00M, Peak:0.00M | Scene, ViewLayer | Synchronizing object | Urban_0007_hall_stone
Fra:1 Mem:3146.21M (Peak 3155.23M) | Time:00:00.89 | Mem:0.00M, Peak:0.00M | Scene, ViewLayer | Synchronizing object | Urban_0006_gate_tile
Fra:1 Mem:3146.25M (Peak 3155.23M) | Time:00:00.89 | Mem:0.00M, Peak:0.00M | Scene, ViewLayer | Synchronizing object | Urban_0006_gate_roof
Fra:1 Mem:3146.25M (Peak 3155.23M) | Time:00:00.89 | Mem:0.00M, Peak:0.00M | Scene, ViewLayer | Synchronizing object | Urban_0006_gate_mineral
Fra:1 Mem:3146.25M (Peak 3155.23M) | Time:00:00.89 | Mem:0.00M, Peak:0.00M | Scene, ViewLayer | Synchronizing object | SunwenBed_daguanlou-bed-3_garden_bean.001
Fra:1 Mem:3146.41M (Peak 3155.23M) | Time:00:00.89 | Mem:0.00M, Peak:0.00M | Scene, ViewLayer | Synchronizing object | Urban_0006_gate_redwood
Fra:1 Mem:3146.49M (Peak 3155.23M) | Time:00:00.89 | Mem:0.00M, Peak:0.00M | Scene, ViewLayer | Synchronizing object | SunwenBed_daguanlou-bed-3_garden_jade.001
Fra:1 Mem:3146.59M (Peak 3155.23M) | Time:00:00.89 | Mem:0.00M, Peak:0.00M | Scene, ViewLayer | Synchronizing object | SunwenBed_daguanlou-bed-3_sunwen_pink.001
Fra:1 Mem:3146.64M (Peak 3155.23M) | Time:00:00.89 | Mem:0.00M, Peak:0.00M | Scene, ViewLayer | Synchronizing object | SunwenBed_daguanlou-bed-3_sunwen_gold.001
Fra:1 Mem:3146.67M (Peak 3155.23M) | Time:00:00.89 | Mem:0.00M, Peak:0.00M | Scene, ViewLayer | Synchronizing object | SunwenBed_daguanlou-bed-4_garden_moss.001
Fra:1 Mem:3146.95M (Peak 3155.23M) | Time:00:00.89 | Mem:0.00M, Peak:0.00M | Scene, ViewLayer | Synchronizing object | Urban_0006_gate_stone
Fra:1 Mem:3146.97M (Peak 3155.23M) | Time:00:00.89 | Mem:0.00M, Peak:0.00M | Scene, ViewLayer | Synchronizing object | Urban_0001_wall_roof
Fra:1 Mem:3146.97M (Peak 3155.23M) | Time:00:00.89 | Mem:0.00M, Peak:0.00M | Scene, ViewLayer | Synchronizing object | Urban_0001_wall_stone
Fra:1 Mem:3147.00M (Peak 3155.23M) | Time:00:00.89 | Mem:0.00M, Peak:0.00M | Scene, ViewLayer | Synchronizing object | Urban_0001_wall_plaster
Fra:1 Mem:3147.03M (Peak 3155.23M) | Time:00:00.90 | Mem:0.00M, Peak:0.00M | Scene, ViewLayer | Synchronizing object | Urban_0000_court-paving_courtstone
Fra:1 Mem:3147.03M (Peak 3155.23M) | Time:00:00.90 | Mem:0.00M, Peak:0.00M | Scene, ViewLayer | Synchronizing object | SunwenBed_farm-plot-2_sunwen_gold.001
Fra:1 Mem:3147.03M (Peak 3155.23M) | Time:00:00.90 | Mem:0.00M, Peak:0.00M | Scene, ViewLayer | Synchronizing object | SunwenBed_daguanlou-bed-4_garden_jade.001
Fra:1 Mem:3147.07M (Peak 3155.23M) | Time:00:00.90 | Mem:0.00M, Peak:0.00M | Scene, ViewLayer | Synchronizing object | SunwenBed_farm-plot-2_garden_jade.001
Fra:1 Mem:3147.45M (Peak 3155.23M) | Time:00:00.90 | Mem:0.00M, Peak:0.00M | Scene, ViewLayer | Synchronizing object | SunwenBed_daguanlou-bed-4_sunwen_pink.001
Fra:1 Mem:3147.50M (Peak 3155.23M) | Time:00:00.90 | Mem:0.00M, Peak:0.00M | Scene, ViewLayer | Synchronizing object | SunwenBed_daguanlou-bed-4_sunwen_gold.001
Fra:1 Mem:3147.65M (Peak 3155.23M) | Time:00:00.90 | Mem:0.00M, Peak:0.00M | Scene, ViewLayer | Synchronizing object | SunwenBed_farm-plot-2_garden_bean.001
Fra:1 Mem:3147.77M (Peak 3155.23M) | Time:00:00.90 | Mem:0.00M, Peak:0.00M | Scene, ViewLayer | Synchronizing object | SunwenBed_farm-plot-2_garden_moss.001
Fra:1 Mem:3147.76M (Peak 3155.23M) | Time:00:00.90 | Mem:0.00M, Peak:0.00M | Scene, ViewLayer | Synchronizing object | SunwenBed_daguanlou-bed-5_garden_edge.001
Fra:1 Mem:3147.82M (Peak 3155.23M) | Time:00:00.90 | Mem:0.00M, Peak:0.00M | Scene, ViewLayer | Synchronizing object | SunwenBed_farm-plot-2_garden_edge.001
Fra:1 Mem:3147.91M (Peak 3155.23M) | Time:00:00.90 | Mem:0.00M, Peak:0.00M | Scene, ViewLayer | Synchronizing object | SunwenBed_daguanlou-bed-5_garden_bean.001
Fra:1 Mem:3147.92M (Peak 3155.23M) | Time:00:00.90 | Mem:0.00M, Peak:0.00M | Scene, ViewLayer | Synchronizing object | SunwenBed_daguanlou-bed-5_sunwen_pink.001
Fra:1 Mem:3148.07M (Peak 3155.23M) | Time:00:00.90 | Mem:0.00M, Peak:0.00M | Scene, ViewLayer | Synchronizing object | SunwenBed_daguanlou-bed-5_sunwen_gold.001
Fra:1 Mem:3148.45M (Peak 3155.23M) | Time:00:00.90 | Mem:0.00M, Peak:0.00M | Scene, ViewLayer | Synchronizing object | SunwenBed_farm-plot-1_sunwen_gold.001
Fra:1 Mem:3148.59M (Peak 3155.23M) | Time:00:00.90 | Mem:0.00M, Peak:0.00M | Scene, ViewLayer | Synchronizing object | SunwenBed_farm-plot-0_garden_edge.001
Fra:1 Mem:3148.65M (Peak 3155.23M) | Time:00:00.90 | Mem:0.00M, Peak:0.00M | Scene, ViewLayer | Synchronizing object | SunwenBed_farm-plot-0_garden_bean.001
Fra:1 Mem:3148.69M (Peak 3155.23M) | Time:00:00.90 | Mem:0.00M, Peak:0.00M | Scene, ViewLayer | Synchronizing object | SunwenBed_farm-plot-0_garden_jade.001
Fra:1 Mem:3148.73M (Peak 3155.23M) | Time:00:00.90 | Mem:0.00M, Peak:0.00M | Scene, ViewLayer | Synchronizing object | SunwenBed_farm-plot-0_garden_moss.001
Fra:1 Mem:3148.74M (Peak 3155.23M) | Time:00:00.90 | Mem:0.00M, Peak:0.00M | Scene, ViewLayer | Synchronizing object | SunwenBed_farm-plot-0_sunwen_gold.001
Fra:1 Mem:3148.74M (Peak 3155.23M) | Time:00:00.90 | Mem:0.00M, Peak:0.00M | Scene, ViewLayer | Synchronizing object | SunwenBed_farm-plot-1_garden_bean.001
Fra:1 Mem:3148.80M (Peak 3155.23M) | Time:00:00.90 | Mem:0.00M, Peak:0.00M | Scene, ViewLayer | Synchronizing object | SunwenBed_farm-plot-1_garden_jade.001
Fra:1 Mem:3149.02M (Peak 3169.24M) | Time:00:00.91 | Mem:0.00M, Peak:0.00M | Scene, ViewLayer | Initializing
Fra:1 Mem:2977.44M (Peak 3169.24M) | Time:00:00.95 | Mem:0.00M, Peak:0.00M | Scene, ViewLayer | Updating Images | Loading forest_grove.hdr
Fra:1 Mem:2977.44M (Peak 3169.24M) | Time:00:00.95 | Mem:0.00M, Peak:0.00M | Scene, ViewLayer | Updating Images | Loading ceremonial-stone.png.001
Fra:1 Mem:2977.44M (Peak 3169.24M) | Time:00:00.95 | Mem:0.00M, Peak:0.00M | Scene, ViewLayer | Updating Images | Loading gathering-tiledark.png
Fra:1 Mem:2989.87M (Peak 3169.24M) | Time:00:00.96 | Mem:0.25M, Peak:0.25M | Scene, ViewLayer | Updating Images | Loading gathering-tile.png
Fra:1 Mem:2989.86M (Peak 3169.24M) | Time:00:00.96 | Mem:0.50M, Peak:0.50M | Scene, ViewLayer | Updating Images | Loading ceremonial-stone.png.003
Fra:1 Mem:2990.11M (Peak 3169.24M) | Time:00:00.96 | Mem:0.75M, Peak:0.75M | Scene, ViewLayer | Updating Images | Loading ceremonial-stone.png.004
Fra:1 Mem:2990.36M (Peak 3169.24M) | Time:00:00.96 | Mem:1.00M, Peak:1.00M | Scene, ViewLayer | Updating Images | Loading ceremonial-stone.png.005
Fra:1 Mem:2990.61M (Peak 3169.24M) | Time:00:00.96 | Mem:1.25M, Peak:1.25M | Scene, ViewLayer | Updating Images | Loading gathering-roof.png
Fra:1 Mem:2990.86M (Peak 3169.24M) | Time:00:00.96 | Mem:1.50M, Peak:1.50M | Scene, ViewLayer | Updating Images | Loading ceremonial-stone.png.006
Fra:1 Mem:2991.11M (Peak 3169.24M) | Time:00:00.96 | Mem:1.75M, Peak:1.75M | Scene, ViewLayer | Updating Images | Loading r15_cutstone_diff
Fra:1 Mem:2993.12M (Peak 3169.24M) | Time:00:00.96 | Mem:2.00M, Peak:2.00M | Scene, ViewLayer | Updating Images | Loading brocade-tiledark.png
Fra:1 Mem:2993.63M (Peak 3169.24M) | Time:00:00.96 | Mem:2.25M, Peak:2.25M | Scene, ViewLayer | Updating Images | Loading r15_cutstone_nor_gl
Fra:1 Mem:2994.37M (Peak 3169.24M) | Time:00:00.96 | Mem:2.50M, Peak:2.50M | Scene, ViewLayer | Updating Images | Loading r15_cutstone_rough
Fra:1 Mem:2993.36M (Peak 3169.24M) | Time:00:00.96 | Mem:3.50M, Peak:3.50M | Scene, ViewLayer | Updating Images | Loading ceremonial-cutstone.png
Fra:1 Mem:2994.61M (Peak 3169.24M) | Time:00:00.96 | Mem:3.75M, Peak:3.75M | Scene, ViewLayer | Updating Images | Loading brocade-tile.png
Fra:1 Mem:2994.86M (Peak 3169.24M) | Time:00:00.96 | Mem:4.75M, Peak:4.75M | Scene, ViewLayer | Updating Images | Loading ceremonial-cutstone.png.001
Fra:1 Mem:2995.11M (Peak 3169.24M) | Time:00:00.96 | Mem:5.25M, Peak:5.25M | Scene, ViewLayer | Updating Images | Loading brocade-roof.png
Fra:1 Mem:2995.36M (Peak 3169.24M) | Time:00:00.96 | Mem:5.25M, Peak:5.25M | Scene, ViewLayer | Updating Images | Loading ceremonial-cutstone.png.002
Fra:1 Mem:2995.61M (Peak 3169.24M) | Time:00:00.96 | Mem:6.25M, Peak:6.25M | Scene, ViewLayer | Updating Images | Loading ceremonial-cutstone.png.003
Fra:1 Mem:2995.86M (Peak 3169.24M) | Time:00:00.96 | Mem:6.50M, Peak:6.50M | Scene, ViewLayer | Updating Images | Loading purple-tiledark.png
Fra:1 Mem:2996.11M (Peak 3169.24M) | Time:00:00.96 | Mem:6.75M, Peak:6.75M | Scene, ViewLayer | Updating Images | Loading ceremonial-cutstone.png.004
Fra:1 Mem:2996.62M (Peak 3169.24M) | Time:00:00.96 | Mem:7.00M, Peak:7.00M | Scene, ViewLayer | Updating Images | Loading purple-tile.png
Fra:1 Mem:2996.87M (Peak 3169.24M) | Time:00:00.96 | Mem:8.00M, Peak:8.00M | Scene, ViewLayer | Updating Images | Loading ceremonial-cutstone.png.005
Fra:1 Mem:2997.12M (Peak 3169.24M) | Time:00:00.96 | Mem:8.25M, Peak:8.25M | Scene, ViewLayer | Updating Images | Loading ceremonial-cutstone.png.006
Fra:1 Mem:3007.11M (Peak 3169.24M) | Time:00:00.96 | Mem:8.50M, Peak:8.50M | Scene, ViewLayer | Updating Images | Loading r15_darkwood_diff
Fra:1 Mem:3007.11M (Peak 3169.24M) | Time:00:00.96 | Mem:9.50M, Peak:9.50M | Scene, ViewLayer | Updating Images | Loading r15_darkwood_nor_gl
Fra:1 Mem:3010.38M (Peak 3169.24M) | Time:00:00.96 | Mem:9.75M, Peak:9.75M | Scene, ViewLayer | Updating Images | Loading r15_darkwood_rough
Fra:1 Mem:3011.12M (Peak 3169.24M) | Time:00:00.96 | Mem:10.00M, Peak:10.00M | Scene, ViewLayer | Updating Images | Loading purple-roof.png
Fra:1 Mem:3011.37M (Peak 3169.24M) | Time:00:00.97 | Mem:10.50M, Peak:10.50M | Scene, ViewLayer | Updating Images | Loading ceremonial-darkwood.png
Fra:1 Mem:3010.61M (Peak 3169.24M) | Time:00:00.97 | Mem:11.50M, Peak:11.50M | Scene, ViewLayer | Updating Images | Loading ceremonial-darkwood.png.001
Fra:1 Mem:3010.86M (Peak 3169.24M) | Time:00:00.97 | Mem:11.75M, Peak:11.75M | Scene, ViewLayer | Updating Images | Loading ceremonial-darkwood.png.002
Fra:1 Mem:3011.11M (Peak 3169.24M) | Time:00:00.97 | Mem:12.00M, Peak:12.00M | Scene, ViewLayer | Updating Images | Loading fern_02_rgba.png.003
Fra:1 Mem:3011.11M (Peak 3169.24M) | Time:00:00.97 | Mem:12.00M, Peak:12.00M | Scene, ViewLayer | Updating Images | Loading ceremonial-darkwood.png.003
Fra:1 Mem:3012.62M (Peak 3169.24M) | Time:00:00.97 | Mem:12.00M, Peak:12.00M | Scene, ViewLayer | Updating Images | Loading ceremonial-darkwood.png.004
Fra:1 Mem:3012.87M (Peak 3169.24M) | Time:00:00.97 | Mem:12.25M, Peak:12.25M | Scene, ViewLayer | Updating Images | Loading ceremonial-darkwood.png.005
Fra:1 Mem:3012.86M (Peak 3169.24M) | Time:00:00.97 | Mem:12.50M, Peak:12.50M | Scene, ViewLayer | Updating Images | Loading ceremonial-darkwood.png.006
Fra:1 Mem:3013.11M (Peak 3169.24M) | Time:00:00.97 | Mem:13.00M, Peak:13.00M | Scene, ViewLayer | Updating Images | Loading r15_floorwood_diff
Fra:1 Mem:3014.11M (Peak 3169.24M) | Time:00:00.97 | Mem:13.25M, Peak:13.25M | Scene, ViewLayer | Updating Images | Loading r15_floorwood_nor_gl
Fra:1 Mem:3015.11M (Peak 3169.24M) | Time:00:00.97 | Mem:13.50M, Peak:13.50M | Scene, ViewLayer | Updating Images | Loading r15_floorwood_rough
Fra:1 Mem:3017.12M (Peak 3169.24M) | Time:00:00.97 | Mem:14.50M, Peak:14.50M | Scene, ViewLayer | Updating Images | Loading r15_wood_diff
Fra:1 Mem:3017.11M (Peak 3169.24M) | Time:00:00.97 | Mem:15.50M, Peak:15.50M | Scene, ViewLayer | Updating Images | Loading r15_wood_nor_gl
Fra:1 Mem:3010.11M (Peak 3169.24M) | Time:00:00.97 | Mem:16.50M, Peak:16.50M | Scene, ViewLayer | Updating Images | Loading r15_wood_rough
Fra:1 Mem:3011.11M (Peak 3169.24M) | Time:00:00.97 | Mem:17.50M, Peak:17.50M | Scene, ViewLayer | Updating Images | Loading grass_medium_01_nor_gl
Fra:1 Mem:3011.11M (Peak 3169.24M) | Time:00:00.97 | Mem:18.50M, Peak:18.50M | Scene, ViewLayer | Updating Images | Loading ceremonial-wood.png
Fra:1 Mem:3009.36M (Peak 3169.24M) | Time:00:00.97 | Mem:26.50M, Peak:26.50M | Scene, ViewLayer | Updating Images | Loading ceremonial-wood.png.001
Fra:1 Mem:3013.61M (Peak 3169.24M) | Time:00:00.97 | Mem:26.75M, Peak:26.75M | Scene, ViewLayer | Updating Images | Loading ceremonial-wood.png.002
Fra:1 Mem:3013.87M (Peak 3169.24M) | Time:00:00.97 | Mem:27.75M, Peak:27.75M | Scene, ViewLayer | Updating Images | Loading ceremonial-wood.png.003
Fra:1 Mem:3014.11M (Peak 3169.24M) | Time:00:00.97 | Mem:28.75M, Peak:28.75M | Scene, ViewLayer | Updating Images | Loading ceremonial-wood.png.004
Fra:1 Mem:3015.37M (Peak 3169.24M) | Time:00:00.97 | Mem:29.00M, Peak:29.00M | Scene, ViewLayer | Updating Images | Loading ceremonial-wood.png.005
Fra:1 Mem:3016.89M (Peak 3169.24M) | Time:00:00.97 | Mem:29.25M, Peak:29.25M | Scene, ViewLayer | Updating Images | Loading ceremonial-wood.png.006
Fra:1 Mem:3015.87M (Peak 3169.24M) | Time:00:00.97 | Mem:30.50M, Peak:30.50M | Scene, ViewLayer | Updating Images | Loading r15_furniture_diff
Fra:1 Mem:3016.12M (Peak 3169.24M) | Time:00:00.97 | Mem:31.50M, Peak:31.50M | Scene, ViewLayer | Updating Images | Loading r15_furniture_rough
Fra:1 Mem:3017.86M (Peak 3169.24M) | Time:00:00.97 | Mem:31.75M, Peak:31.75M | Scene, ViewLayer | Updating Images | Loading r15_latticewood_diff
Fra:1 Mem:3018.86M (Peak 3169.24M) | Time:00:00.97 | Mem:32.00M, Peak:32.00M | Scene, ViewLayer | Updating Images | Loading r15_latticewood_nor_gl
Fra:1 Mem:3020.12M (Peak 3169.24M) | Time:00:00.97 | Mem:33.00M, Peak:33.00M | Scene, ViewLayer | Updating Images | Loading r15_latticewood_rough
Fra:1 Mem:3020.86M (Peak 3169.24M) | Time:00:00.97 | Mem:33.25M, Peak:33.25M | Scene, ViewLayer | Updating Images | Loading ceremonial-latticewood.png
Fra:1 Mem:3021.11M (Peak 3169.24M) | Time:00:00.97 | Mem:33.50M, Peak:33.50M | Scene, ViewLayer | Updating Images | Loading ceremonial-latticewood.png.001
Fra:1 Mem:3021.36M (Peak 3169.24M) | Time:00:00.97 | Mem:33.75M, Peak:33.75M | Scene, ViewLayer | Updating Images | Loading ceremonial-latticewood.png.002
Fra:1 Mem:3021.61M (Peak 3169.24M) | Time:00:00.98 | Mem:34.00M, Peak:34.00M | Scene, ViewLayer | Updating Images | Loading ceremonial-latticewood.png.003
Fra:1 Mem:3022.87M (Peak 3169.24M) | Time:00:00.98 | Mem:35.00M, Peak:35.00M | Scene, ViewLayer | Updating Images | Loading ceremonial-latticewood.png.004
Fra:1 Mem:3022.37M (Peak 3169.24M) | Time:00:00.98 | Mem:36.00M, Peak:36.00M | Scene, ViewLayer | Updating Images | Loading ceremonial-latticewood.png.005
Fra:1 Mem:3022.11M (Peak 3169.24M) | Time:00:00.98 | Mem:36.25M, Peak:36.25M | Scene, ViewLayer | Updating Images | Loading ceremonial-latticewood.png.006
Fra:1 Mem:3022.61M (Peak 3169.24M) | Time:00:00.98 | Mem:37.25M, Peak:37.25M | Scene, ViewLayer | Updating Images | Loading ceremonial-screen.png
Fra:1 Mem:3022.86M (Peak 3169.24M) | Time:00:00.98 | Mem:37.50M, Peak:37.50M | Scene, ViewLayer | Updating Images | Loading ceremonial-screen.png.001
Fra:1 Mem:3024.12M (Peak 3169.24M) | Time:00:00.98 | Mem:37.75M, Peak:37.75M | Scene, ViewLayer | Updating Images | Loading ceremonial-screen.png.002
Fra:1 Mem:3024.37M (Peak 3169.24M) | Time:00:00.98 | Mem:41.75M, Peak:41.75M | Scene, ViewLayer | Updating Images | Loading grass_medium_01_rough
Fra:1 Mem:3027.62M (Peak 3169.24M) | Time:00:00.98 | Mem:42.75M, Peak:42.75M | Scene, ViewLayer | Updating Images | Loading ceremonial-screen.png.003
Fra:1 Mem:3029.14M (Peak 3169.24M) | Time:00:00.98 | Mem:44.00M, Peak:44.00M | Scene, ViewLayer | Updating Images | Loading ceremonial-screen.png.004
Fra:1 Mem:3029.14M (Peak 3169.24M) | Time:00:00.98 | Mem:44.00M, Peak:44.00M | Scene, ViewLayer | Updating Images | Loading ceremonial-screen.png.005
Fra:1 Mem:3029.64M (Peak 3169.24M) | Time:00:00.98 | Mem:44.25M, Peak:44.25M | Scene, ViewLayer | Updating Images | Loading ceremonial-screen.png.006
Fra:1 Mem:3029.63M (Peak 3169.24M) | Time:00:00.98 | Mem:44.50M, Peak:44.50M | Scene, ViewLayer | Updating Images | Loading r15_roof_diff
Fra:1 Mem:3030.37M (Peak 3169.24M) | Time:00:00.98 | Mem:44.75M, Peak:44.75M | Scene, ViewLayer | Updating Images | Loading r15_roof_nor_gl
Fra:1 Mem:3030.36M (Peak 3169.24M) | Time:00:00.98 | Mem:45.75M, Peak:45.75M | Scene, ViewLayer | Updating Images | Loading r15_roof_rough
Fra:1 Mem:3031.88M (Peak 3169.24M) | Time:00:00.98 | Mem:46.00M, Peak:46.00M | Scene, ViewLayer | Updating Images | Loading ceremonial-roof.png
Fra:1 Mem:3031.87M (Peak 3169.24M) | Time:00:00.98 | Mem:46.25M, Peak:46.25M | Scene, ViewLayer | Updating Images | Loading ceremonial-roof.png.001
Fra:1 Mem:3031.61M (Peak 3169.24M) | Time:00:00.98 | Mem:46.50M, Peak:46.50M | Scene, ViewLayer | Updating Images | Loading ceremonial-roof.png.002
Fra:1 Mem:3032.11M (Peak 3169.24M) | Time:00:00.98 | Mem:46.75M, Peak:46.75M | Scene, ViewLayer | Updating Images | Loading ceremonial-roof.png.003
Fra:1 Mem:3032.88M (Peak 3169.24M) | Time:00:00.98 | Mem:47.00M, Peak:47.00M | Scene, ViewLayer | Updating Images | Loading ceremonial-roof.png.004
Fra:1 Mem:3032.62M (Peak 3169.24M) | Time:00:00.98 | Mem:47.25M, Peak:47.25M | Scene, ViewLayer | Updating Images | Loading ceremonial-roof.png.005
Fra:1 Mem:3032.86M (Peak 3169.24M) | Time:00:00.98 | Mem:47.50M, Peak:47.50M | Scene, ViewLayer | Updating Images | Loading ceremonial-roof.png.006
Fra:1 Mem:3033.37M (Peak 3169.24M) | Time:00:00.98 | Mem:47.75M, Peak:47.75M | Scene, ViewLayer | Updating Images | Loading r15_tilelight_diff
Fra:1 Mem:3033.11M (Peak 3169.24M) | Time:00:00.98 | Mem:48.00M, Peak:48.00M | Scene, ViewLayer | Updating Images | Loading r15_tilelight_nor_gl
Fra:1 Mem:3035.37M (Peak 3169.24M) | Time:00:00.98 | Mem:48.25M, Peak:48.25M | Scene, ViewLayer | Updating Images | Loading r15_tilelight_rough
Fra:1 Mem:3035.11M (Peak 3169.24M) | Time:00:00.98 | Mem:48.50M, Peak:48.50M | Scene, ViewLayer | Updating Images | Loading ceremonial-tilelight.png
Fra:1 Mem:3036.36M (Peak 3169.24M) | Time:00:00.98 | Mem:49.50M, Peak:49.50M | Scene, ViewLayer | Updating Images | Loading ceremonial-tilelight.png.001
Fra:1 Mem:3037.62M (Peak 3169.24M) | Time:00:00.98 | Mem:49.75M, Peak:49.75M | Scene, ViewLayer | Updating Images | Loading ceremonial-tilelight.png.002
Fra:1 Mem:3036.61M (Peak 3169.24M) | Time:00:00.98 | Mem:50.75M, Peak:50.75M | Scene, ViewLayer | Updating Images | Loading ceremonial-tilelight.png.003
Fra:1 Mem:3038.12M (Peak 3169.24M) | Time:00:00.98 | Mem:54.75M, Peak:54.75M | Scene, ViewLayer | Updating Images | Loading grass_medium_01_diff-grass_medium_01_alpha
Fra:1 Mem:3041.37M (Peak 3169.24M) | Time:00:00.98 | Mem:55.75M, Peak:55.75M | Scene, ViewLayer | Updating Images | Loading ceremonial-tilelight.png.004
Fra:1 Mem:3041.62M (Peak 3169.24M) | Time:00:00.98 | Mem:56.00M, Peak:56.00M | Scene, ViewLayer | Updating Images | Loading ceremonial-tilelight.png.005
Fra:1 Mem:3041.87M (Peak 3169.24M) | Time:00:00.98 | Mem:56.25M, Peak:56.25M | Scene, ViewLayer | Updating Images | Loading ceremonial-tilelight.png.006
Fra:1 Mem:3041.86M (Peak 3169.24M) | Time:00:00.98 | Mem:56.50M, Peak:56.50M | Scene, ViewLayer | Updating Images | Loading r15_tile_diff
Fra:1 Mem:3043.87M (Peak 3169.24M) | Time:00:00.98 | Mem:56.75M, Peak:56.75M | Scene, ViewLayer | Updating Images | Loading r15_tile_nor_gl
Fra:1 Mem:3044.87M (Peak 3169.24M) | Time:00:00.98 | Mem:57.75M, Peak:57.75M | Scene, ViewLayer | Updating Images | Loading r15_tile_rough
Fra:1 Mem:3045.87M (Peak 3169.24M) | Time:00:00.98 | Mem:58.75M, Peak:58.75M | Scene, ViewLayer | Updating Images | Loading ceremonial-tile.png
Fra:1 Mem:3045.37M (Peak 3169.24M) | Time:00:00.98 | Mem:59.75M, Peak:59.75M | Scene, ViewLayer | Updating Images | Loading ceremonial-tile.png.001
Fra:1 Mem:3045.36M (Peak 3169.24M) | Time:00:00.98 | Mem:60.00M, Peak:60.00M | Scene, ViewLayer | Updating Images | Loading ceremonial-tile.png.002
Fra:1 Mem:3045.61M (Peak 3169.24M) | Time:00:00.98 | Mem:60.25M, Peak:60.25M | Scene, ViewLayer | Updating Images | Loading ceremonial-tile.png.003
Fra:1 Mem:3045.86M (Peak 3169.24M) | Time:00:00.98 | Mem:60.50M, Peak:60.50M | Scene, ViewLayer | Updating Images | Loading ceremonial-tile.png.004
Fra:1 Mem:3046.11M (Peak 3169.24M) | Time:00:00.98 | Mem:61.50M, Peak:61.50M | Scene, ViewLayer | Updating Images | Loading ceremonial-tile.png.005
Fra:1 Mem:3050.63M (Peak 3169.24M) | Time:00:00.98 | Mem:61.75M, Peak:61.75M | Scene, ViewLayer | Updating Images | Loading ceremonial-tile.png.006
Fra:1 Mem:3050.88M (Peak 3169.24M) | Time:00:00.98 | Mem:62.00M, Peak:62.00M | Scene, ViewLayer | Updating Images | Loading r15_tiledark_diff
Fra:1 Mem:3051.62M (Peak 3169.24M) | Time:00:00.98 | Mem:62.25M, Peak:62.25M | Scene, ViewLayer | Updating Images | Loading r15_tiledark_nor_gl
Fra:1 Mem:3048.61M (Peak 3169.24M) | Time:00:00.99 | Mem:66.25M, Peak:66.25M | Scene, ViewLayer | Updating Images | Loading landscape-botanical_bamboo.png
Fra:1 Mem:3048.86M (Peak 3169.24M) | Time:00:00.99 | Mem:66.50M, Peak:66.50M | Scene, ViewLayer | Updating Images | Loading r15_tiledark_rough
Fra:1 Mem:3049.86M (Peak 3169.24M) | Time:00:00.99 | Mem:66.75M, Peak:66.75M | Scene, ViewLayer | Updating Images | Loading ceremonial-tiledark.png
Fra:1 Mem:3050.11M (Peak 3169.24M) | Time:00:00.99 | Mem:67.00M, Peak:67.00M | Scene, ViewLayer | Updating Images | Loading ceremonial-tiledark.png.001
Fra:1 Mem:3051.37M (Peak 3169.24M) | Time:00:00.99 | Mem:67.25M, Peak:67.25M | Scene, ViewLayer | Updating Images | Loading ceremonial-tiledark.png.002
Fra:1 Mem:3050.61M (Peak 3169.24M) | Time:00:00.99 | Mem:68.25M, Peak:68.25M | Scene, ViewLayer | Updating Images | Loading ceremonial-tiledark.png.003
Fra:1 Mem:3051.12M (Peak 3169.24M) | Time:00:00.99 | Mem:69.25M, Peak:69.25M | Scene, ViewLayer | Updating Images | Loading ceremonial-tiledark.png.004
Fra:1 Mem:3051.63M (Peak 3169.24M) | Time:00:00.99 | Mem:69.50M, Peak:69.50M | Scene, ViewLayer | Updating Images | Loading ceremonial-tiledark.png.005
Fra:1 Mem:3051.62M (Peak 3169.24M) | Time:00:00.99 | Mem:69.75M, Peak:69.75M | Scene, ViewLayer | Updating Images | Loading landscape-botanical_stem.png
Fra:1 Mem:3051.61M (Peak 3169.24M) | Time:00:00.99 | Mem:70.00M, Peak:70.00M | Scene, ViewLayer | Updating Images | Loading ceremonial-tiledark.png.006
Fra:1 Mem:3051.86M (Peak 3169.24M) | Time:00:00.99 | Mem:71.00M, Peak:71.00M | Scene, ViewLayer | Updating Images | Loading rock_moss_set_01_diff
Fra:1 Mem:3055.86M (Peak 3169.24M) | Time:00:00.99 | Mem:71.25M, Peak:71.25M | Scene, ViewLayer | Updating Images | Loading rock_moss_set_01_nor_gl
Fra:1 Mem:3060.12M (Peak 3169.24M) | Time:00:00.99 | Mem:71.50M, Peak:71.50M | Scene, ViewLayer | Updating Images | Loading ceremonial-limestone.png
Fra:1 Mem:3060.11M (Peak 3169.24M) | Time:00:00.99 | Mem:71.75M, Peak:71.75M | Scene, ViewLayer | Updating Images | Loading ceremonial-limestone.png.001
Fra:1 Mem:3061.63M (Peak 3169.24M) | Time:00:00.99 | Mem:72.75M, Peak:72.75M | Scene, ViewLayer | Updating Images | Loading ceremonial-limestone.png.002
Fra:1 Mem:3061.62M (Peak 3169.24M) | Time:00:00.99 | Mem:73.00M, Peak:73.00M | Scene, ViewLayer | Updating Images | Loading ceremonial-limestone.png.003
Fra:1 Mem:3061.12M (Peak 3169.24M) | Time:00:00.99 | Mem:74.00M, Peak:74.00M | Scene, ViewLayer | Updating Images | Loading ceremonial-limestone.png.004
Fra:1 Mem:3061.11M (Peak 3169.24M) | Time:00:00.99 | Mem:74.25M, Peak:74.25M | Scene, ViewLayer | Updating Images | Loading landscape-gold.png
Fra:1 Mem:3061.62M (Peak 3169.24M) | Time:00:00.99 | Mem:74.50M, Peak:74.50M | Scene, ViewLayer | Updating Images | Loading ceremonial-limestone.png.005
Fra:1 Mem:3061.36M (Peak 3169.24M) | Time:00:00.99 | Mem:74.75M, Peak:74.75M | Scene, ViewLayer | Updating Images | Loading ceremonial-limestone.png.006
Fra:1 Mem:3061.86M (Peak 3169.24M) | Time:00:00.99 | Mem:75.00M, Peak:75.00M | Scene, ViewLayer | Updating Images | Loading r15_paving_diff
Fra:1 Mem:3062.86M (Peak 3169.24M) | Time:00:00.99 | Mem:75.25M, Peak:75.25M | Scene, ViewLayer | Updating Images | Loading r15_paving_nor_gl
Fra:1 Mem:3063.86M (Peak 3169.24M) | Time:00:00.99 | Mem:75.50M, Peak:75.50M | Scene, ViewLayer | Updating Images | Loading r15_paving_rough
Fra:1 Mem:3064.86M (Peak 3169.24M) | Time:00:00.99 | Mem:75.75M, Peak:75.75M | Scene, ViewLayer | Updating Images | Loading ceremonial-paving.png
Fra:1 Mem:3069.12M (Peak 3169.24M) | Time:00:00.99 | Mem:76.00M, Peak:76.00M | Scene, ViewLayer | Updating Images | Loading landscape-darkwood.png
Fra:1 Mem:3069.37M (Peak 3169.24M) | Time:00:00.99 | Mem:76.25M, Peak:76.25M | Scene, ViewLayer | Updating Images | Loading ceremonial-paving.png.001
Fra:1 Mem:3065.61M (Peak 3169.24M) | Time:00:00.99 | Mem:80.25M, Peak:80.25M | Scene, ViewLayer | Updating Images | Loading ceremonial-paving.png.002
Fra:1 Mem:3065.86M (Peak 3169.24M) | Time:00:00.99 | Mem:80.50M, Peak:80.50M | Scene, ViewLayer | Updating Images | Loading ceremonial-paving.png.003
Fra:1 Mem:3066.63M (Peak 3169.24M) | Time:00:00.99 | Mem:80.75M, Peak:80.75M | Scene, ViewLayer | Updating Images | Loading ceremonial-paving.png.004
Fra:1 Mem:3066.88M (Peak 3169.24M) | Time:00:00.99 | Mem:81.00M, Peak:81.00M | Scene, ViewLayer | Updating Images | Loading ceremonial-paving.png.005
Fra:1 Mem:3066.62M (Peak 3169.24M) | Time:00:00.99 | Mem:81.25M, Peak:81.25M | Scene, ViewLayer | Updating Images | Loading landscape-tiledark.png
Fra:1 Mem:3066.86M (Peak 3169.24M) | Time:00:00.99 | Mem:81.50M, Peak:81.50M | Scene, ViewLayer | Updating Images | Loading ceremonial-paving.png.006
Fra:1 Mem:3067.11M (Peak 3169.24M) | Time:00:00.99 | Mem:82.50M, Peak:82.50M | Scene, ViewLayer | Updating Images | Loading r15_plaster_diff
Fra:1 Mem:3068.37M (Peak 3169.24M) | Time:00:00.99 | Mem:86.50M, Peak:86.50M | Scene, ViewLayer | Updating Images | Loading vermillion-wall-plaster.png
Fra:1 Mem:3068.62M (Peak 3169.24M) | Time:00:00.99 | Mem:86.75M, Peak:86.75M | Scene, ViewLayer | Updating Images | Loading vermillion-wall-plaster.png.001
Fra:1 Mem:3069.13M (Peak 3169.24M) | Time:00:00.99 | Mem:87.75M, Peak:87.75M | Scene, ViewLayer | Updating Images | Loading vermillion-wall-plaster.png.002
Fra:1 Mem:3069.13M (Peak 3169.24M) | Time:00:00.99 | Mem:88.00M, Peak:88.00M | Scene, ViewLayer | Updating Images | Loading vermillion-wall-plaster.png.003
Fra:1 Mem:3070.38M (Peak 3169.24M) | Time:00:00.99 | Mem:88.25M, Peak:88.25M | Scene, ViewLayer | Updating Images | Loading vermillion-wall-plaster.png.004
Fra:1 Mem:3070.37M (Peak 3169.24M) | Time:00:00.99 | Mem:88.50M, Peak:88.50M | Scene, ViewLayer | Updating Images | Loading landscape-tilelight.png
Fra:1 Mem:3070.62M (Peak 3169.24M) | Time:00:00.99 | Mem:88.75M, Peak:88.75M | Scene, ViewLayer | Updating Images | Loading vermillion-wall-plaster.png.005
Fra:1 Mem:3070.12M (Peak 3169.24M) | Time:00:00.99 | Mem:89.75M, Peak:89.75M | Scene, ViewLayer | Updating Images | Loading vermillion-wall-plaster.png.006
Fra:1 Mem:3070.63M (Peak 3169.24M) | Time:00:00.99 | Mem:90.00M, Peak:90.00M | Scene, ViewLayer | Updating Images | Loading ceremonial-plaster.png
Fra:1 Mem:3070.37M (Peak 3169.24M) | Time:00:00.99 | Mem:90.25M, Peak:90.25M | Scene, ViewLayer | Updating Images | Loading ceremonial-plaster.png.001
Fra:1 Mem:3070.61M (Peak 3169.24M) | Time:00:00.99 | Mem:90.50M, Peak:90.50M | Scene, ViewLayer | Updating Images | Loading ceremonial-plaster.png.002
Fra:1 Mem:3071.12M (Peak 3169.24M) | Time:00:00.99 | Mem:90.75M, Peak:90.75M | Scene, ViewLayer | Updating Images | Loading ceremonial-plaster.png.003
Fra:1 Mem:3071.37M (Peak 3169.24M) | Time:00:00.99 | Mem:91.00M, Peak:91.00M | Scene, ViewLayer | Updating Images | Loading ceremonial-plaster.png.004
Fra:1 Mem:3071.36M (Peak 3169.24M) | Time:00:00.99 | Mem:91.25M, Peak:91.25M | Scene, ViewLayer | Updating Images | Loading landscape-wood.png
Fra:1 Mem:3071.87M (Peak 3169.24M) | Time:00:00.99 | Mem:91.50M, Peak:91.50M | Scene, ViewLayer | Updating Images | Loading ceremonial-plaster.png.005
Fra:1 Mem:3071.61M (Peak 3169.24M) | Time:00:00.99 | Mem:91.75M, Peak:91.75M | Scene, ViewLayer | Updating Images | Loading ceremonial-plaster.png.006
Fra:1 Mem:3072.37M (Peak 3169.24M) | Time:00:00.99 | Mem:92.00M, Peak:92.00M | Scene, ViewLayer | Updating Images | Loading r15_gardenstone_diff
Fra:1 Mem:3073.37M (Peak 3169.24M) | Time:00:00.99 | Mem:92.25M, Peak:92.25M | Scene, ViewLayer | Updating Images | Loading r15_gardenstone_nor_gl
Fra:1 Mem:3074.11M (Peak 3169.24M) | Time:00:00.99 | Mem:92.50M, Peak:92.50M | Scene, ViewLayer | Updating Images | Loading r15_gardenstone_rough
Fra:1 Mem:3075.37M (Peak 3169.24M) | Time:00:00.99 | Mem:92.75M, Peak:92.75M | Scene, ViewLayer | Updating Images | Loading herbal-gardenstone.png
Fra:1 Mem:3075.36M (Peak 3169.24M) | Time:00:00.99 | Mem:93.00M, Peak:93.00M | Scene, ViewLayer | Updating Images | Loading herbal-gardenstone.png.001
Fra:1 Mem:3076.88M (Peak 3169.24M) | Time:00:00.99 | Mem:93.25M, Peak:93.25M | Scene, ViewLayer | Updating Images | Loading landscape-paving.png
Fra:1 Mem:3076.87M (Peak 3169.24M) | Time:00:00.99 | Mem:93.50M, Peak:93.50M | Scene, ViewLayer | Updating Images | Loading herbal-gardenstone.png.002
Fra:1 Mem:3076.11M (Peak 3169.24M) | Time:00:00.99 | Mem:94.50M, Peak:94.50M | Scene, ViewLayer | Updating Images | Loading herbal-gardenstone.png.003
Fra:1 Mem:3076.62M (Peak 3169.24M) | Time:00:01.00 | Mem:94.75M, Peak:94.75M | Scene, ViewLayer | Updating Images | Loading herbal-gardenstone.png.004
Fra:1 Mem:3076.62M (Peak 3169.24M) | Time:00:01.00 | Mem:95.00M, Peak:95.00M | Scene, ViewLayer | Updating Images | Loading herbal-gardenstone.png.005
Fra:1 Mem:3077.12M (Peak 3169.24M) | Time:00:01.00 | Mem:96.00M, Peak:96.00M | Scene, ViewLayer | Updating Images | Loading herbal-gardenstone.png.006
Fra:1 Mem:3077.12M (Peak 3169.24M) | Time:00:01.00 | Mem:96.25M, Peak:96.25M | Scene, ViewLayer | Updating Images | Loading landscape-tile.png
Fra:1 Mem:3077.88M (Peak 3169.24M) | Time:00:01.00 | Mem:96.50M, Peak:96.50M | Scene, ViewLayer | Updating Images | Loading herbal-limestone.png
Fra:1 Mem:3077.36M (Peak 3169.24M) | Time:00:01.00 | Mem:97.00M, Peak:97.00M | Scene, ViewLayer | Updating Images | Loading herbal-limestone.png.001
Fra:1 Mem:3077.61M (Peak 3169.24M) | Time:00:01.00 | Mem:97.00M, Peak:97.00M | Scene, ViewLayer | Updating Images | Loading herbal-limestone.png.002
Fra:1 Mem:3078.37M (Peak 3169.24M) | Time:00:01.00 | Mem:97.25M, Peak:97.25M | Scene, ViewLayer | Updating Images | Loading herbal-limestone.png.003
Fra:1 Mem:3078.11M (Peak 3169.24M) | Time:00:01.00 | Mem:97.50M, Peak:97.50M | Scene, ViewLayer | Updating Images | Loading herbal-limestone.png.004
Fra:1 Mem:3078.62M (Peak 3169.24M) | Time:00:01.00 | Mem:97.75M, Peak:97.75M | Scene, ViewLayer | Updating Images | Loading herbal-limestone.png.005
Fra:1 Mem:3079.12M (Peak 3169.24M) | Time:00:01.00 | Mem:98.25M, Peak:98.25M | Scene, ViewLayer | Updating Images | Loading landscape-stone.png
Fra:1 Mem:3079.11M (Peak 3169.24M) | Time:00:01.00 | Mem:98.50M, Peak:98.50M | Scene, ViewLayer | Updating Images | Loading herbal-limestone.png.006
Fra:1 Mem:3079.62M (Peak 3169.24M) | Time:00:01.00 | Mem:98.50M, Peak:98.50M | Scene, ViewLayer | Updating Images | Loading herbal-bark.png
Fra:1 Mem:3080.62M (Peak 3169.24M) | Time:00:01.00 | Mem:98.75M, Peak:98.75M | Scene, ViewLayer | Updating Images | Loading herbal-bark.png.001
Fra:1 Mem:3080.87M (Peak 3169.24M) | Time:00:01.00 | Mem:99.00M, Peak:99.00M | Scene, ViewLayer | Updating Images | Loading herbal-bark.png.002
Fra:1 Mem:3080.12M (Peak 3169.24M) | Time:00:01.00 | Mem:100.00M, Peak:100.00M | Scene, ViewLayer | Updating Images | Loading herbal-bark.png.003
Fra:1 Mem:3080.62M (Peak 3169.24M) | Time:00:01.00 | Mem:100.25M, Peak:100.25M | Scene, ViewLayer | Updating Images | Loading herbal-bark.png.004
Fra:1 Mem:3080.62M (Peak 3169.24M) | Time:00:01.00 | Mem:100.50M, Peak:100.50M | Scene, ViewLayer | Updating Images | Loading herbal-bark.png.005
Fra:1 Mem:3080.87M (Peak 3169.24M) | Time:00:01.00 | Mem:100.75M, Peak:100.75M | Scene, ViewLayer | Updating Images | Loading herbal-bark.png.006
Fra:1 Mem:3081.12M (Peak 3169.24M) | Time:00:01.00 | Mem:101.00M, Peak:101.00M | Scene, ViewLayer | Updating Images | Loading bamboo-plaster.png
Fra:1 Mem:3081.37M (Peak 3169.24M) | Time:00:01.00 | Mem:101.25M, Peak:101.25M | Scene, ViewLayer | Updating Images | Loading bamboo-plaster.png.001
Fra:1 Mem:3082.13M (Peak 3169.24M) | Time:00:01.00 | Mem:101.50M, Peak:101.50M | Scene, ViewLayer | Updating Images | Loading bamboo-plaster.png.002
Fra:1 Mem:3081.87M (Peak 3169.24M) | Time:00:01.00 | Mem:101.75M, Peak:101.75M | Scene, ViewLayer | Updating Images | Loading bamboo-plaster.png.003
Fra:1 Mem:3082.37M (Peak 3169.24M) | Time:00:01.00 | Mem:102.00M, Peak:102.00M | Scene, ViewLayer | Updating Images | Loading landscape-roof.png
Fra:1 Mem:3082.37M (Peak 3169.24M) | Time:00:01.00 | Mem:102.25M, Peak:102.25M | Scene, ViewLayer | Updating Images | Loading bamboo-plaster.png.004
Fra:1 Mem:3082.87M (Peak 3169.24M) | Time:00:01.00 | Mem:102.50M, Peak:102.50M | Scene, ViewLayer | Updating Images | Loading bamboo-plaster.png.005
Fra:1 Mem:3082.87M (Peak 3169.24M) | Time:00:01.00 | Mem:102.75M, Peak:102.75M | Scene, ViewLayer | Updating Images | Loading bamboo-plaster.png.006
Fra:1 Mem:3083.63M (Peak 3169.24M) | Time:00:01.00 | Mem:103.00M, Peak:103.00M | Scene, ViewLayer | Updating Images | Loading bamboo-roof.png
Fra:1 Mem:3083.62M (Peak 3169.24M) | Time:00:01.00 | Mem:103.25M, Peak:103.25M | Scene, ViewLayer | Updating Images | Loading landscape-plaster.png
Fra:1 Mem:3083.87M (Peak 3169.24M) | Time:00:01.00 | Mem:103.50M, Peak:103.50M | Scene, ViewLayer | Updating Images | Loading bamboo-roof.png.001
Fra:1 Mem:3083.87M (Peak 3169.24M) | Time:00:01.00 | Mem:103.75M, Peak:103.75M | Scene, ViewLayer | Updating Images | Loading bamboo-roof.png.002
Fra:1 Mem:3084.37M (Peak 3169.24M) | Time:00:01.00 | Mem:104.00M, Peak:104.00M | Scene, ViewLayer | Updating Images | Loading bamboo-roof.png.003
Fra:1 Mem:3084.37M (Peak 3169.24M) | Time:00:01.00 | Mem:104.25M, Peak:104.25M | Scene, ViewLayer | Updating Images | Loading bamboo-roof.png.004
Fra:1 Mem:3084.87M (Peak 3169.24M) | Time:00:01.00 | Mem:104.50M, Peak:104.50M | Scene, ViewLayer | Updating Images | Loading landscape-leafdark.png
Fra:1 Mem:3084.61M (Peak 3169.24M) | Time:00:01.00 | Mem:104.75M, Peak:104.75M | Scene, ViewLayer | Updating Images | Loading bamboo-roof.png.005
Fra:1 Mem:3086.64M (Peak 3169.24M) | Time:00:01.00 | Mem:105.00M, Peak:105.00M | Scene, ViewLayer | Updating Images | Loading bamboo-roof.png.006
Fra:1 Mem:3086.89M (Peak 3169.24M) | Time:00:01.00 | Mem:105.25M, Peak:105.25M | Scene, ViewLayer | Updating Images | Loading bamboo-stone.png
Fra:1 Mem:3086.13M (Peak 3169.24M) | Time:00:01.00 | Mem:105.50M, Peak:105.50M | Scene, ViewLayer | Updating Images | Loading bamboo-stone.png.001
Fra:1 Mem:3086.13M (Peak 3169.24M) | Time:00:01.00 | Mem:106.50M, Peak:106.50M | Scene, ViewLayer | Updating Images | Loading bamboo-stone.png.002
Fra:1 Mem:3086.37M (Peak 3169.24M) | Time:00:01.00 | Mem:106.75M, Peak:106.75M | Scene, ViewLayer | Updating Images | Loading bamboo-stone.png.003
Fra:1 Mem:3086.11M (Peak 3169.24M) | Time:00:01.00 | Mem:107.00M, Peak:107.00M | Scene, ViewLayer | Updating Images | Loading bamboo-stone.png.004
Fra:1 Mem:3086.62M (Peak 3169.24M) | Time:00:01.00 | Mem:107.25M, Peak:107.25M | Scene, ViewLayer | Updating Images | Loading landscape-bamboo.png
Fra:1 Mem:3086.87M (Peak 3169.24M) | Time:00:01.00 | Mem:107.50M, Peak:107.50M | Scene, ViewLayer | Updating Images | Loading bamboo-stone.png.005
Fra:1 Mem:3087.12M (Peak 3169.24M) | Time:00:01.00 | Mem:107.75M, Peak:107.75M | Scene, ViewLayer | Updating Images | Loading bamboo-stone.png.006
Fra:1 Mem:3087.62M (Peak 3169.24M) | Time:00:01.00 | Mem:108.00M, Peak:108.00M | Scene, ViewLayer | Updating Images | Loading bamboo-tile.png
Fra:1 Mem:3087.62M (Peak 3169.24M) | Time:00:01.00 | Mem:108.25M, Peak:108.25M | Scene, ViewLayer | Updating Images | Loading landscape-leaf.png
Fra:1 Mem:3087.87M (Peak 3169.24M) | Time:00:01.00 | Mem:108.50M, Peak:108.50M | Scene, ViewLayer | Updating Images | Loading bamboo-tile.png.001
Fra:1 Mem:3088.89M (Peak 3169.24M) | Time:00:01.00 | Mem:109.00M, Peak:109.00M | Scene, ViewLayer | Updating Images | Loading bamboo-tile.png.002
Fra:1 Mem:3088.63M (Peak 3169.24M) | Time:00:01.00 | Mem:109.00M, Peak:109.00M | Scene, ViewLayer | Updating Images | Loading bamboo-tile.png.003
Fra:1 Mem:3088.88M (Peak 3169.24M) | Time:00:01.00 | Mem:109.25M, Peak:109.25M | Scene, ViewLayer | Updating Images | Loading bamboo-tile.png.004
Fra:1 Mem:3089.64M (Peak 3169.24M) | Time:00:01.00 | Mem:109.50M, Peak:109.50M | Scene, ViewLayer | Updating Images | Loading landscape-bark.png
Fra:1 Mem:3089.13M (Peak 3169.24M) | Time:00:01.00 | Mem:109.75M, Peak:109.75M | Scene, ViewLayer | Updating Images | Loading bamboo-tile.png.005
Fra:1 Mem:3089.62M (Peak 3169.24M) | Time:00:01.00 | Mem:110.00M, Peak:110.00M | Scene, ViewLayer | Updating Images | Loading bamboo-tile.png.006
Fra:1 Mem:3089.36M (Peak 3169.24M) | Time:00:01.00 | Mem:110.25M, Peak:110.25M | Scene, ViewLayer | Updating Images | Loading bamboo-cutstone.png
Fra:1 Mem:3089.87M (Peak 3169.24M) | Time:00:01.00 | Mem:110.50M, Peak:110.50M | Scene, ViewLayer | Updating Images | Loading bamboo-cutstone.png.001
Fra:1 Mem:3090.12M (Peak 3169.24M) | Time:00:01.00 | Mem:111.00M, Peak:111.00M | Scene, ViewLayer | Updating Images | Loading landscape-limestone.png
Fra:1 Mem:3090.37M (Peak 3169.24M) | Time:00:01.00 | Mem:111.00M, Peak:111.00M | Scene, ViewLayer | Updating Images | Loading bamboo-cutstone.png.002
Fra:1 Mem:3090.62M (Peak 3169.24M) | Time:00:01.00 | Mem:111.25M, Peak:111.25M | Scene, ViewLayer | Updating Images | Loading bamboo-cutstone.png.003
Fra:1 Mem:3091.64M (Peak 3169.24M) | Time:00:01.00 | Mem:111.50M, Peak:111.50M | Scene, ViewLayer | Updating Images | Loading bamboo-cutstone.png.004
Fra:1 Mem:3091.63M (Peak 3169.24M) | Time:00:01.00 | Mem:111.75M, Peak:111.75M | Scene, ViewLayer | Updating Images | Loading bamboo-cutstone.png.005
Fra:1 Mem:3091.88M (Peak 3169.24M) | Time:00:01.00 | Mem:112.00M, Peak:112.00M | Scene, ViewLayer | Updating Images | Loading landscape-bankstone.png
Fra:1 Mem:3091.63M (Peak 3169.24M) | Time:00:01.00 | Mem:112.25M, Peak:112.25M | Scene, ViewLayer | Updating Images | Loading bamboo-cutstone.png.006
Fra:1 Mem:3091.62M (Peak 3169.24M) | Time:00:01.00 | Mem:112.50M, Peak:112.50M | Scene, ViewLayer | Updating Images | Loading bamboo-darkwood.png
Fra:1 Mem:3092.63M (Peak 3169.24M) | Time:00:01.00 | Mem:112.75M, Peak:112.75M | Scene, ViewLayer | Updating Images | Loading bamboo-darkwood.png.001
Fra:1 Mem:3092.11M (Peak 3169.24M) | Time:00:01.00 | Mem:113.25M, Peak:113.25M | Scene, ViewLayer | Updating Images | Loading bamboo-darkwood.png.002
Fra:1 Mem:3092.37M (Peak 3169.24M) | Time:00:01.00 | Mem:113.25M, Peak:113.25M | Scene, ViewLayer | Updating Images | Loading bamboo-darkwood.png.003
Fra:1 Mem:3092.87M (Peak 3169.24M) | Time:00:01.00 | Mem:113.50M, Peak:113.50M | Scene, ViewLayer | Updating Images | Loading bamboo-darkwood.png.004
Fra:1 Mem:3093.63M (Peak 3169.24M) | Time:00:01.00 | Mem:113.75M, Peak:113.75M | Scene, ViewLayer | Updating Images | Loading bamboo-darkwood.png.005
Fra:1 Mem:3093.63M (Peak 3169.24M) | Time:00:01.00 | Mem:114.00M, Peak:114.00M | Scene, ViewLayer | Updating Images | Loading bamboo-darkwood.png.006
Fra:1 Mem:3093.62M (Peak 3169.24M) | Time:00:01.00 | Mem:114.25M, Peak:114.25M | Scene, ViewLayer | Updating Images | Loading bamboo-wood.png
Fra:1 Mem:3094.13M (Peak 3169.24M) | Time:00:01.00 | Mem:114.50M, Peak:114.50M | Scene, ViewLayer | Updating Images | Loading bamboo-wood.png.001
Fra:1 Mem:3094.64M (Peak 3169.24M) | Time:00:01.00 | Mem:114.75M, Peak:114.75M | Scene, ViewLayer | Updating Images | Loading bamboo-wood.png.002
Fra:1 Mem:3094.88M (Peak 3169.24M) | Time:00:01.00 | Mem:115.00M, Peak:115.00M | Scene, ViewLayer | Updating Images | Loading bamboo-wood.png.003
Fra:1 Mem:3095.13M (Peak 3169.24M) | Time:00:01.00 | Mem:115.25M, Peak:115.25M | Scene, ViewLayer | Updating Images | Loading warm-plaster.png.005
Fra:1 Mem:3094.87M (Peak 3169.24M) | Time:00:01.00 | Mem:115.50M, Peak:115.50M | Scene, ViewLayer | Updating Images | Loading bamboo-wood.png.004
Fra:1 Mem:3095.12M (Peak 3169.24M) | Time:00:01.00 | Mem:115.75M, Peak:115.75M | Scene, ViewLayer | Updating Images | Loading bamboo-wood.png.005
Fra:1 Mem:3095.37M (Peak 3169.24M) | Time:00:01.00 | Mem:116.00M, Peak:116.00M | Scene, ViewLayer | Updating Images | Loading bamboo-wood.png.006
Fra:1 Mem:3095.62M (Peak 3169.24M) | Time:00:01.00 | Mem:116.25M, Peak:116.25M | Scene, ViewLayer | Updating Images | Loading bamboo-latticewood.png
Fra:1 Mem:3095.87M (Peak 3169.24M) | Time:00:01.01 | Mem:116.50M, Peak:116.50M | Scene, ViewLayer | Updating Images | Loading bamboo-latticewood.png.001
Fra:1 Mem:3096.12M (Peak 3169.24M) | Time:00:01.01 | Mem:116.75M, Peak:116.75M | Scene, ViewLayer | Updating Images | Loading bamboo-latticewood.png.002
Fra:1 Mem:3096.37M (Peak 3169.24M) | Time:00:01.01 | Mem:117.00M, Peak:117.00M | Scene, ViewLayer | Updating Images | Loading bamboo-latticewood.png.003
Fra:1 Mem:3096.88M (Peak 3169.24M) | Time:00:01.01 | Mem:117.25M, Peak:117.25M | Scene, ViewLayer | Updating Images | Loading bamboo-latticewood.png.004
Fra:1 Mem:3097.13M (Peak 3169.24M) | Time:00:01.01 | Mem:117.50M, Peak:117.50M | Scene, ViewLayer | Updating Images | Loading bamboo-latticewood.png.005
Fra:1 Mem:3097.38M (Peak 3169.24M) | Time:00:01.01 | Mem:117.75M, Peak:117.75M | Scene, ViewLayer | Updating Images | Loading bamboo-latticewood.png.006
Fra:1 Mem:3097.88M (Peak 3169.24M) | Time:00:01.01 | Mem:118.00M, Peak:118.00M | Scene, ViewLayer | Updating Images | Loading bamboo-tilelight.png
Fra:1 Mem:3097.88M (Peak 3169.24M) | Time:00:01.01 | Mem:118.25M, Peak:118.25M | Scene, ViewLayer | Updating Images | Loading bamboo-tilelight.png.001
Fra:1 Mem:3097.87M (Peak 3169.24M) | Time:00:01.01 | Mem:118.50M, Peak:118.50M | Scene, ViewLayer | Updating Images | Loading warm-plaster.png.004
Fra:1 Mem:3098.12M (Peak 3169.24M) | Time:00:01.01 | Mem:118.75M, Peak:118.75M | Scene, ViewLayer | Updating Images | Loading bamboo-tilelight.png.002
Fra:1 Mem:3098.38M (Peak 3169.24M) | Time:00:01.01 | Mem:119.00M, Peak:119.00M | Scene, ViewLayer | Updating Images | Loading bamboo-tilelight.png.003
Fra:1 Mem:3098.88M (Peak 3169.24M) | Time:00:01.01 | Mem:119.25M, Peak:119.25M | Scene, ViewLayer | Updating Images | Loading bamboo-tilelight.png.004
Fra:1 Mem:3099.13M (Peak 3169.24M) | Time:00:01.01 | Mem:119.50M, Peak:119.50M | Scene, ViewLayer | Updating Images | Loading bamboo-tilelight.png.005
Fra:1 Mem:3098.87M (Peak 3169.24M) | Time:00:01.01 | Mem:119.75M, Peak:119.75M | Scene, ViewLayer | Updating Images | Loading bamboo-tilelight.png.006
Fra:1 Mem:3099.63M (Peak 3169.24M) | Time:00:01.01 | Mem:120.00M, Peak:120.00M | Scene, ViewLayer | Updating Images | Loading bamboo-tiledark.png
Fra:1 Mem:3099.62M (Peak 3169.24M) | Time:00:01.01 | Mem:120.25M, Peak:120.25M | Scene, ViewLayer | Updating Images | Loading bamboo-tiledark.png.001
Fra:1 Mem:3099.87M (Peak 3169.24M) | Time:00:01.01 | Mem:120.50M, Peak:120.50M | Scene, ViewLayer | Updating Images | Loading warm-plaster.png.003
Fra:1 Mem:3100.38M (Peak 3169.24M) | Time:00:01.01 | Mem:120.75M, Peak:120.75M | Scene, ViewLayer | Updating Images | Loading bamboo-tiledark.png.002
Fra:1 Mem:3100.63M (Peak 3169.24M) | Time:00:01.01 | Mem:121.00M, Peak:121.00M | Scene, ViewLayer | Updating Images | Loading bamboo-tiledark.png.003
Fra:1 Mem:3100.62M (Peak 3169.24M) | Time:00:01.01 | Mem:121.25M, Peak:121.25M | Scene, ViewLayer | Updating Images | Loading bamboo-tiledark.png.004
Fra:1 Mem:3101.13M (Peak 3169.24M) | Time:00:01.01 | Mem:121.50M, Peak:121.50M | Scene, ViewLayer | Updating Images | Loading bamboo-tiledark.png.005
Fra:1 Mem:3101.38M (Peak 3169.24M) | Time:00:01.01 | Mem:121.75M, Peak:121.75M | Scene, ViewLayer | Updating Images | Loading bamboo-tiledark.png.006
Fra:1 Mem:3101.63M (Peak 3169.24M) | Time:00:01.01 | Mem:122.00M, Peak:122.00M | Scene, ViewLayer | Updating Images | Loading bamboo-paving.png
Fra:1 Mem:3102.13M (Peak 3169.24M) | Time:00:01.01 | Mem:122.25M, Peak:122.25M | Scene, ViewLayer | Updating Images | Loading bamboo-paving.png.001
Fra:1 Mem:3101.87M (Peak 3169.24M) | Time:00:01.01 | Mem:122.50M, Peak:122.50M | Scene, ViewLayer | Updating Images | Loading bamboo-paving.png.002
Fra:1 Mem:3102.12M (Peak 3169.24M) | Time:00:01.01 | Mem:122.75M, Peak:122.75M | Scene, ViewLayer | Updating Images | Loading warm-plaster.png.002
Fra:1 Mem:3102.37M (Peak 3169.24M) | Time:00:01.01 | Mem:123.00M, Peak:123.00M | Scene, ViewLayer | Updating Images | Loading bamboo-paving.png.003
Fra:1 Mem:3102.88M (Peak 3169.24M) | Time:00:01.01 | Mem:123.25M, Peak:123.25M | Scene, ViewLayer | Updating Images | Loading bamboo-paving.png.004
Fra:1 Mem:3103.13M (Peak 3169.24M) | Time:00:01.01 | Mem:123.50M, Peak:123.50M | Scene, ViewLayer | Updating Images | Loading bamboo-paving.png.005
Fra:1 Mem:3103.12M (Peak 3169.24M) | Time:00:01.01 | Mem:123.75M, Peak:123.75M | Scene, ViewLayer | Updating Images | Loading bamboo-paving.png.006
Fra:1 Mem:3103.63M (Peak 3169.24M) | Time:00:01.01 | Mem:124.00M, Peak:124.00M | Scene, ViewLayer | Updating Images | Loading bamboo-water.png
Fra:1 Mem:3103.62M (Peak 3169.24M) | Time:00:01.01 | Mem:124.25M, Peak:124.25M | Scene, ViewLayer | Updating Images | Loading warm-plaster.png.001
Fra:1 Mem:3103.87M (Peak 3169.24M) | Time:00:01.01 | Mem:124.50M, Peak:124.50M | Scene, ViewLayer | Updating Images | Loading bamboo-water.png.001
Fra:1 Mem:3104.64M (Peak 3169.24M) | Time:00:01.01 | Mem:124.75M, Peak:124.75M | Scene, ViewLayer | Updating Images | Loading bamboo-water.png.002
Fra:1 Mem:3104.63M (Peak 3169.24M) | Time:00:01.01 | Mem:125.00M, Peak:125.00M | Scene, ViewLayer | Updating Images | Loading bamboo-water.png.003
Fra:1 Mem:3104.62M (Peak 3169.24M) | Time:00:01.01 | Mem:125.25M, Peak:125.25M | Scene, ViewLayer | Updating Images | Loading bamboo-water.png.004
Fra:1 Mem:3105.13M (Peak 3169.24M) | Time:00:01.01 | Mem:125.50M, Peak:125.50M | Scene, ViewLayer | Updating Images | Loading bamboo-water.png.005
Fra:1 Mem:3105.38M (Peak 3169.24M) | Time:00:01.01 | Mem:125.75M, Peak:125.75M | Scene, ViewLayer | Updating Images | Loading bamboo-water.png.006
Fra:1 Mem:3105.37M (Peak 3169.24M) | Time:00:01.01 | Mem:126.00M, Peak:126.00M | Scene, ViewLayer | Updating Images | Loading r15_bankstone_diff
Fra:1 Mem:3106.37M (Peak 3169.24M) | Time:00:01.01 | Mem:126.25M, Peak:126.25M | Scene, ViewLayer | Updating Images | Loading r15_bankstone_nor_gl
Fra:1 Mem:3107.37M (Peak 3169.24M) | Time:00:01.01 | Mem:126.50M, Peak:126.50M | Scene, ViewLayer | Updating Images | Loading r15_bankstone_rough
Fra:1 Mem:3108.63M (Peak 3169.24M) | Time:00:01.01 | Mem:126.75M, Peak:126.75M | Scene, ViewLayer | Updating Images | Loading bamboo-bankstone.png
Fra:1 Mem:3108.37M (Peak 3169.24M) | Time:00:01.01 | Mem:127.00M, Peak:127.00M | Scene, ViewLayer | Updating Images | Loading bamboo-bankstone.png.001
Fra:1 Mem:3108.87M (Peak 3169.24M) | Time:00:01.01 | Mem:127.25M, Peak:127.25M | Scene, ViewLayer | Updating Images | Loading warm-plaster.png
Fra:1 Mem:3109.38M (Peak 3169.24M) | Time:00:01.01 | Mem:127.50M, Peak:127.50M | Scene, ViewLayer | Updating Images | Loading bamboo-bankstone.png.002
Fra:1 Mem:3109.12M (Peak 3169.24M) | Time:00:01.01 | Mem:127.75M, Peak:127.75M | Scene, ViewLayer | Updating Images | Loading bamboo-bankstone.png.003
Fra:1 Mem:3109.88M (Peak 3169.24M) | Time:00:01.01 | Mem:128.00M, Peak:128.00M | Scene, ViewLayer | Updating Images | Loading bamboo-bankstone.png.004
Fra:1 Mem:3109.87M (Peak 3169.24M) | Time:00:01.01 | Mem:128.25M, Peak:128.25M | Scene, ViewLayer | Updating Images | Loading bamboo-bankstone.png.005
Fra:1 Mem:3110.38M (Peak 3169.24M) | Time:00:01.01 | Mem:129.25M, Peak:129.25M | Scene, ViewLayer | Updating Images | Loading bamboo-bankstone.png.006
Fra:1 Mem:3110.37M (Peak 3169.24M) | Time:00:01.01 | Mem:129.50M, Peak:129.50M | Scene, ViewLayer | Updating Images | Loading warm-courtbase.png.005
Fra:1 Mem:3110.62M (Peak 3169.24M) | Time:00:01.01 | Mem:129.75M, Peak:129.75M | Scene, ViewLayer | Updating Images | Loading bamboo-paper.png
Fra:1 Mem:3111.39M (Peak 3169.24M) | Time:00:01.01 | Mem:130.00M, Peak:130.00M | Scene, ViewLayer | Updating Images | Loading bamboo-paper.png.001
Fra:1 Mem:3111.13M (Peak 3169.24M) | Time:00:01.01 | Mem:130.25M, Peak:130.25M | Scene, ViewLayer | Updating Images | Loading warm-courtbase.png.004
Fra:1 Mem:3110.87M (Peak 3169.24M) | Time:00:01.01 | Mem:130.50M, Peak:130.50M | Scene, ViewLayer | Updating Images | Loading bamboo-paper.png.002
Fra:1 Mem:3111.62M (Peak 3169.24M) | Time:00:01.01 | Mem:130.75M, Peak:130.75M | Scene, ViewLayer | Updating Images | Loading bamboo-paper.png.003
Fra:1 Mem:3111.87M (Peak 3169.24M) | Time:00:01.01 | Mem:131.00M, Peak:131.00M | Scene, ViewLayer | Updating Images | Loading bamboo-paper.png.004
Fra:1 Mem:3112.12M (Peak 3169.24M) | Time:00:01.01 | Mem:131.25M, Peak:131.25M | Scene, ViewLayer | Updating Images | Loading warm-courtbase.png.003
Fra:1 Mem:3112.37M (Peak 3169.24M) | Time:00:01.01 | Mem:131.50M, Peak:131.50M | Scene, ViewLayer | Updating Images | Loading bamboo-paper.png.005
Fra:1 Mem:3113.14M (Peak 3169.24M) | Time:00:01.01 | Mem:131.75M, Peak:131.75M | Scene, ViewLayer | Updating Images | Loading bamboo-paper.png.006
Fra:1 Mem:3113.13M (Peak 3169.24M) | Time:00:01.01 | Mem:132.00M, Peak:132.00M | Scene, ViewLayer | Updating Images | Loading bamboo-ivory.png
Fra:1 Mem:3112.87M (Peak 3169.24M) | Time:00:01.01 | Mem:132.25M, Peak:132.25M | Scene, ViewLayer | Updating Images | Loading bamboo-ivory.png.001
Fra:1 Mem:3113.37M (Peak 3169.24M) | Time:00:01.01 | Mem:132.50M, Peak:132.50M | Scene, ViewLayer | Updating Images | Loading warm-courtbase.png.002
Fra:1 Mem:3115.64M (Peak 3169.24M) | Time:00:01.01 | Mem:132.75M, Peak:132.75M | Scene, ViewLayer | Updating Images | Loading bamboo-ivory.png.002
Fra:1 Mem:3114.63M (Peak 3169.24M) | Time:00:01.01 | Mem:133.75M, Peak:133.75M | Scene, ViewLayer | Updating Images | Loading bamboo-ivory.png.003
Fra:1 Mem:3115.13M (Peak 3169.24M) | Time:00:01.01 | Mem:134.00M, Peak:134.00M | Scene, ViewLayer | Updating Images | Loading bamboo-ivory.png.004
Fra:1 Mem:3115.38M (Peak 3169.24M) | Time:00:01.01 | Mem:134.25M, Peak:134.25M | Scene, ViewLayer | Updating Images | Loading bamboo-ivory.png.005
Fra:1 Mem:3115.63M (Peak 3169.24M) | Time:00:01.01 | Mem:134.50M, Peak:134.50M | Scene, ViewLayer | Updating Images | Loading warm-courtbase.png.001
Fra:1 Mem:3115.39M (Peak 3169.24M) | Time:00:01.01 | Mem:135.50M, Peak:135.50M | Scene, ViewLayer | Updating Images | Loading bamboo-ivory.png.006
Fra:1 Mem:3115.89M (Peak 3169.24M) | Time:00:01.01 | Mem:135.75M, Peak:135.75M | Scene, ViewLayer | Updating Images | Loading bamboo-gold.png
Fra:1 Mem:3115.89M (Peak 3169.24M) | Time:00:01.01 | Mem:136.00M, Peak:136.00M | Scene, ViewLayer | Updating Images | Loading bamboo-gold.png.001
Fra:1 Mem:3115.63M (Peak 3169.24M) | Time:00:01.01 | Mem:136.25M, Peak:136.25M | Scene, ViewLayer | Updating Images | Loading bamboo-gold.png.002
Fra:1 Mem:3115.87M (Peak 3169.24M) | Time:00:01.01 | Mem:136.75M, Peak:136.75M | Scene, ViewLayer | Updating Images | Loading bamboo-gold.png.003
Fra:1 Mem:3115.87M (Peak 3169.24M) | Time:00:01.01 | Mem:136.75M, Peak:136.75M | Scene, ViewLayer | Updating Images | Loading bamboo-gold.png.004
Fra:1 Mem:3116.37M (Peak 3169.24M) | Time:00:01.01 | Mem:137.00M, Peak:137.00M | Scene, ViewLayer | Updating Images | Loading warm-courtbase.png
Fra:1 Mem:3116.62M (Peak 3169.24M) | Time:00:01.01 | Mem:137.25M, Peak:137.25M | Scene, ViewLayer | Updating Images | Loading bamboo-gold.png.005
Fra:1 Mem:3117.13M (Peak 3169.24M) | Time:00:01.02 | Mem:137.50M, Peak:137.50M | Scene, ViewLayer | Updating Images | Loading bamboo-gold.png.006
Fra:1 Mem:3117.38M (Peak 3169.24M) | Time:00:01.02 | Mem:137.75M, Peak:137.75M | Scene, ViewLayer | Updating Images | Loading bamboo-silk.png
Fra:1 Mem:3117.37M (Peak 3169.24M) | Time:00:01.02 | Mem:138.00M, Peak:138.00M | Scene, ViewLayer | Updating Images | Loading bamboo-silk.png.001
Fra:1 Mem:3117.62M (Peak 3169.24M) | Time:00:01.02 | Mem:138.25M, Peak:138.25M | Scene, ViewLayer | Updating Images | Loading warm-leafdark.png.005
Fra:1 Mem:3118.64M (Peak 3169.24M) | Time:00:01.02 | Mem:138.50M, Peak:138.50M | Scene, ViewLayer | Updating Images | Loading bamboo-silk.png.002
Fra:1 Mem:3118.37M (Peak 3169.24M) | Time:00:01.02 | Mem:139.00M, Peak:139.00M | Scene, ViewLayer | Updating Images | Loading bamboo-silk.png.004
Fra:1 Mem:3118.37M (Peak 3169.24M) | Time:00:01.02 | Mem:139.25M, Peak:139.25M | Scene, ViewLayer | Updating Images | Loading bamboo-silk.png.005
Fra:1 Mem:3118.62M (Peak 3169.24M) | Time:00:01.02 | Mem:139.50M, Peak:139.50M | Scene, ViewLayer | Updating Images | Loading bamboo-silk.png.006
Fra:1 Mem:3119.64M (Peak 3169.24M) | Time:00:01.02 | Mem:139.75M, Peak:139.75M | Scene, ViewLayer | Updating Images | Loading bamboo-bark.png
Fra:1 Mem:3119.38M (Peak 3169.24M) | Time:00:01.02 | Mem:140.00M, Peak:140.00M | Scene, ViewLayer | Updating Images | Loading warm-leafdark.png.004
Fra:1 Mem:3119.62M (Peak 3169.24M) | Time:00:01.02 | Mem:140.25M, Peak:140.25M | Scene, ViewLayer | Updating Images | Loading bamboo-bark.png.001
Fra:1 Mem:3120.14M (Peak 3169.24M) | Time:00:01.02 | Mem:140.50M, Peak:140.50M | Scene, ViewLayer | Updating Images | Loading bamboo-bark.png.002
Fra:1 Mem:3120.64M (Peak 3169.24M) | Time:00:01.02 | Mem:140.75M, Peak:140.75M | Scene, ViewLayer | Updating Images | Loading bamboo-bark.png.003
Fra:1 Mem:3120.38M (Peak 3169.24M) | Time:00:01.02 | Mem:141.00M, Peak:141.00M | Scene, ViewLayer | Updating Images | Loading warm-leafdark.png.003
Fra:1 Mem:3120.62M (Peak 3169.24M) | Time:00:01.02 | Mem:141.25M, Peak:141.25M | Scene, ViewLayer | Updating Images | Loading bamboo-bark.png.004
Fra:1 Mem:3121.39M (Peak 3169.24M) | Time:00:01.02 | Mem:141.50M, Peak:141.50M | Scene, ViewLayer | Updating Images | Loading bamboo-bark.png.005
Fra:1 Mem:3121.12M (Peak 3169.24M) | Time:00:01.02 | Mem:142.00M, Peak:142.00M | Scene, ViewLayer | Updating Images | Loading bamboo-bark.png.006
Fra:1 Mem:3121.12M (Peak 3169.24M) | Time:00:01.02 | Mem:142.00M, Peak:142.00M | Scene, ViewLayer | Updating Images | Loading petal.png
Fra:1 Mem:3122.21M (Peak 3169.24M) | Time:00:01.02 | Mem:142.50M, Peak:142.50M | Scene, ViewLayer | Updating Images | Loading warm-leafdark.png.002
Fra:1 Mem:3121.69M (Peak 3169.24M) | Time:00:01.02 | Mem:143.00M, Peak:143.00M | Scene, ViewLayer | Updating Images | Loading bamboo-botanical_petal.png.001
Fra:1 Mem:3121.68M (Peak 3169.24M) | Time:00:01.02 | Mem:143.25M, Peak:143.25M | Scene, ViewLayer | Updating Images | Loading bamboo-botanical_petal.png.003
Fra:1 Mem:3122.68M (Peak 3169.24M) | Time:00:01.02 | Mem:143.31M, Peak:143.31M | Scene, ViewLayer | Updating Images | Loading bamboo-botanical_petal.png.004
Fra:1 Mem:3122.93M (Peak 3169.24M) | Time:00:01.02 | Mem:143.56M, Peak:143.56M | Scene, ViewLayer | Updating Images | Loading warm-leafdark.png.001
Fra:1 Mem:3123.70M (Peak 3169.24M) | Time:00:01.02 | Mem:143.81M, Peak:143.81M | Scene, ViewLayer | Updating Images | Loading bamboo-botanical_petal.png.005
Fra:1 Mem:3123.69M (Peak 3169.24M) | Time:00:01.02 | Mem:144.06M, Peak:144.06M | Scene, ViewLayer | Updating Images | Loading bamboo-botanical_petal.png.006
Fra:1 Mem:3124.20M (Peak 3169.24M) | Time:00:01.02 | Mem:144.31M, Peak:144.31M | Scene, ViewLayer | Updating Images | Loading bamboo.png
Fra:1 Mem:3123.94M (Peak 3169.24M) | Time:00:01.02 | Mem:144.56M, Peak:144.56M | Scene, ViewLayer | Updating Images | Loading bamboo-botanical_bamboo.png
Fra:1 Mem:3124.06M (Peak 3169.24M) | Time:00:01.02 | Mem:144.81M, Peak:144.81M | Scene, ViewLayer | Updating Images | Loading bamboo-botanical_bamboo.png.001
Fra:1 Mem:3124.32M (Peak 3169.24M) | Time:00:01.02 | Mem:145.06M, Peak:145.06M | Scene, ViewLayer | Updating Images | Loading warm-leafdark.png
Fra:1 Mem:3124.82M (Peak 3169.24M) | Time:00:01.02 | Mem:145.31M, Peak:145.31M | Scene, ViewLayer | Updating Images | Loading bamboo-botanical_bamboo.png.002
Fra:1 Mem:3125.07M (Peak 3169.24M) | Time:00:01.02 | Mem:145.56M, Peak:145.56M | Scene, ViewLayer | Updating Images | Loading bamboo-botanical_bamboo.png.003
Fra:1 Mem:3125.32M (Peak 3169.24M) | Time:00:01.02 | Mem:145.81M, Peak:145.81M | Scene, ViewLayer | Updating Images | Loading bamboo-botanical_bamboo.png.004
Fra:1 Mem:3125.31M (Peak 3169.24M) | Time:00:01.02 | Mem:146.06M, Peak:146.06M | Scene, ViewLayer | Updating Images | Loading bamboo-botanical_bamboo.png.005
Fra:1 Mem:3125.82M (Peak 3169.24M) | Time:00:01.02 | Mem:146.31M, Peak:146.31M | Scene, ViewLayer | Updating Images | Loading warm-bark.png.005
Fra:1 Mem:3125.81M (Peak 3169.24M) | Time:00:01.02 | Mem:146.56M, Peak:146.56M | Scene, ViewLayer | Updating Images | Loading bamboo-botanical_bamboo.png.006
Fra:1 Mem:3126.06M (Peak 3169.24M) | Time:00:01.02 | Mem:146.69M, Peak:146.69M | Scene, ViewLayer | Updating Images | Loading stem.png
Fra:1 Mem:3126.18M (Peak 3169.24M) | Time:00:01.02 | Mem:146.94M, Peak:146.94M | Scene, ViewLayer | Updating Images | Loading bamboo-botanical_stem.png
Fra:1 Mem:3126.95M (Peak 3169.24M) | Time:00:01.02 | Mem:147.19M, Peak:147.19M | Scene, ViewLayer | Updating Images | Loading warm-bark.png.004
Fra:1 Mem:3126.94M (Peak 3169.24M) | Time:00:01.02 | Mem:147.44M, Peak:147.44M | Scene, ViewLayer | Updating Images | Loading bamboo-botanical_stem.png.001
Fra:1 Mem:3126.93M (Peak 3169.24M) | Time:00:01.02 | Mem:147.69M, Peak:147.69M | Scene, ViewLayer | Updating Images | Loading bamboo-botanical_stem.png.002
Fra:1 Mem:3127.32M (Peak 3169.24M) | Time:00:01.02 | Mem:147.94M, Peak:147.94M | Scene, ViewLayer | Updating Images | Loading bamboo-botanical_stem.png.003
Fra:1 Mem:3127.69M (Peak 3169.24M) | Time:00:01.02 | Mem:148.06M, Peak:148.06M | Scene, ViewLayer | Updating Images | Loading bamboo-botanical_stem.png.004
Fra:1 Mem:3127.94M (Peak 3169.24M) | Time:00:01.02 | Mem:148.31M, Peak:148.31M | Scene, ViewLayer | Updating Images | Loading bamboo-botanical_stem.png.005
Fra:1 Mem:3127.94M (Peak 3169.24M) | Time:00:01.02 | Mem:148.56M, Peak:148.56M | Scene, ViewLayer | Updating Images | Loading bamboo-botanical_stem.png.006
Fra:1 Mem:3128.18M (Peak 3169.24M) | Time:00:01.02 | Mem:148.81M, Peak:148.81M | Scene, ViewLayer | Updating Images | Loading warm-bark.png.003
Fra:1 Mem:3128.43M (Peak 3169.24M) | Time:00:01.02 | Mem:149.06M, Peak:149.06M | Scene, ViewLayer | Updating Images | Loading banana.png
Fra:1 Mem:3128.93M (Peak 3169.24M) | Time:00:01.02 | Mem:149.31M, Peak:149.31M | Scene, ViewLayer | Updating Images | Loading bamboo-botanical_banana.png
Fra:1 Mem:3129.18M (Peak 3169.24M) | Time:00:01.02 | Mem:149.56M, Peak:149.56M | Scene, ViewLayer | Updating Images | Loading bamboo-botanical_banana.png.001
Fra:1 Mem:3129.43M (Peak 3169.24M) | Time:00:01.02 | Mem:149.81M, Peak:149.81M | Scene, ViewLayer | Updating Images | Loading warm-bark.png.002
Fra:1 Mem:3129.94M (Peak 3169.24M) | Time:00:01.02 | Mem:150.06M, Peak:150.06M | Scene, ViewLayer | Updating Images | Loading bamboo-botanical_banana.png.002
Fra:1 Mem:3129.93M (Peak 3169.24M) | Time:00:01.02 | Mem:150.56M, Peak:150.56M | Scene, ViewLayer | Updating Images | Loading bamboo-botanical_banana.png.003
Fra:1 Mem:3129.93M (Peak 3169.24M) | Time:00:01.02 | Mem:150.56M, Peak:150.56M | Scene, ViewLayer | Updating Images | Loading bamboo-botanical_banana.png.004
Fra:1 Mem:3130.43M (Peak 3169.24M) | Time:00:01.02 | Mem:150.81M, Peak:150.81M | Scene, ViewLayer | Updating Images | Loading bamboo-botanical_banana.png.005
Fra:1 Mem:3130.94M (Peak 3169.24M) | Time:00:01.02 | Mem:151.06M, Peak:151.06M | Scene, ViewLayer | Updating Images | Loading bamboo-botanical_banana.png.006
Fra:1 Mem:3130.94M (Peak 3169.24M) | Time:00:01.02 | Mem:151.31M, Peak:151.31M | Scene, ViewLayer | Updating Images | Loading warm-bark.png.001
Fra:1 Mem:3130.93M (Peak 3169.24M) | Time:00:01.02 | Mem:151.56M, Peak:151.56M | Scene, ViewLayer | Updating Images | Loading bamboo-bamboo.png
Fra:1 Mem:3131.43M (Peak 3169.24M) | Time:00:01.02 | Mem:151.81M, Peak:151.81M | Scene, ViewLayer | Updating Images | Loading bamboo-bamboo.png.001
Fra:1 Mem:3132.45M (Peak 3169.24M) | Time:00:01.02 | Mem:152.06M, Peak:152.06M | Scene, ViewLayer | Updating Images | Loading bamboo-bamboo.png.002
Fra:1 Mem:3132.44M (Peak 3169.24M) | Time:00:01.02 | Mem:152.31M, Peak:152.31M | Scene, ViewLayer | Updating Images | Loading bamboo-bamboo.png.003
Fra:1 Mem:3132.95M (Peak 3169.24M) | Time:00:01.02 | Mem:152.56M, Peak:152.56M | Scene, ViewLayer | Updating Images | Loading bamboo-bamboo.png.004
Fra:1 Mem:3132.69M (Peak 3169.24M) | Time:00:01.02 | Mem:153.06M, Peak:153.06M | Scene, ViewLayer | Updating Images | Loading bamboo-bamboo.png.005
Fra:1 Mem:3132.94M (Peak 3169.24M) | Time:00:01.02 | Mem:153.31M, Peak:153.31M | Scene, ViewLayer | Updating Images | Loading bamboo-bamboo.png.006
Fra:1 Mem:3132.93M (Peak 3169.24M) | Time:00:01.02 | Mem:153.56M, Peak:153.56M | Scene, ViewLayer | Updating Images | Loading bamboo-leaf.png
Fra:1 Mem:3133.44M (Peak 3169.24M) | Time:00:01.02 | Mem:153.81M, Peak:153.81M | Scene, ViewLayer | Updating Images | Loading bamboo-leaf.png.001
Fra:1 Mem:3133.18M (Peak 3169.24M) | Time:00:01.02 | Mem:154.06M, Peak:154.06M | Scene, ViewLayer | Updating Images | Loading bamboo-leaf.png.002
Fra:1 Mem:3133.68M (Peak 3169.24M) | Time:00:01.02 | Mem:154.31M, Peak:154.31M | Scene, ViewLayer | Updating Images | Loading warm-bark.png
Fra:1 Mem:3133.93M (Peak 3169.24M) | Time:00:01.02 | Mem:154.56M, Peak:154.56M | Scene, ViewLayer | Updating Images | Loading bamboo-leaf.png.003
Fra:1 Mem:3134.44M (Peak 3169.24M) | Time:00:01.02 | Mem:154.81M, Peak:154.81M | Scene, ViewLayer | Updating Images | Loading bamboo-leaf.png.004
Fra:1 Mem:3134.95M (Peak 3169.24M) | Time:00:01.02 | Mem:155.06M, Peak:155.06M | Scene, ViewLayer | Updating Images | Loading bamboo-leaf.png.005
Fra:1 Mem:3134.43M (Peak 3169.24M) | Time:00:01.02 | Mem:155.56M, Peak:155.56M | Scene, ViewLayer | Updating Images | Loading bamboo-leaf.png.006
Fra:1 Mem:3134.43M (Peak 3169.24M) | Time:00:01.02 | Mem:155.56M, Peak:155.56M | Scene, ViewLayer | Updating Images | Loading bamboo-leafdark.png
Fra:1 Mem:3135.96M (Peak 3169.24M) | Time:00:01.02 | Mem:155.81M, Peak:155.81M | Scene, ViewLayer | Updating Images | Loading bamboo-leafdark.png.001
Fra:1 Mem:3135.70M (Peak 3169.24M) | Time:00:01.02 | Mem:156.06M, Peak:156.06M | Scene, ViewLayer | Updating Images | Loading bamboo-leafdark.png.002
Fra:1 Mem:3135.68M (Peak 3169.24M) | Time:00:01.02 | Mem:156.56M, Peak:156.56M | Scene, ViewLayer | Updating Images | Loading warm-silk.png.005
Fra:1 Mem:3135.68M (Peak 3169.24M) | Time:00:01.02 | Mem:156.56M, Peak:156.56M | Scene, ViewLayer | Updating Images | Loading bamboo-leafdark.png.003
Fra:1 Mem:3136.18M (Peak 3169.24M) | Time:00:01.02 | Mem:156.81M, Peak:156.81M | Scene, ViewLayer | Updating Images | Loading bamboo-leafdark.png.004
Fra:1 Mem:3136.43M (Peak 3169.24M) | Time:00:01.02 | Mem:157.06M, Peak:157.06M | Scene, ViewLayer | Updating Images | Loading bamboo-leafdark.png.005
Fra:1 Mem:3137.46M (Peak 3169.24M) | Time:00:01.02 | Mem:157.56M, Peak:157.56M | Scene, ViewLayer | Updating Images | Loading warm-silk.png.004
Fra:1 Mem:3137.71M (Peak 3169.24M) | Time:00:01.02 | Mem:157.56M, Peak:157.56M | Scene, ViewLayer | Updating Images | Loading bamboo-leafdark.png.006
Fra:1 Mem:3137.45M (Peak 3169.24M) | Time:00:01.02 | Mem:157.81M, Peak:157.81M | Scene, ViewLayer | Updating Images | Loading litter.png
Fra:1 Mem:3137.50M (Peak 3169.24M) | Time:00:01.02 | Mem:158.06M, Peak:158.06M | Scene, ViewLayer | Updating Images | Loading bamboo-botanical_litter.png
Fra:1 Mem:3137.24M (Peak 3169.24M) | Time:00:01.02 | Mem:158.31M, Peak:158.31M | Scene, ViewLayer | Updating Images | Loading bamboo-botanical_litter.png.001
Fra:1 Mem:3137.75M (Peak 3169.24M) | Time:00:01.02 | Mem:158.56M, Peak:158.56M | Scene, ViewLayer | Updating Images | Loading bamboo-botanical_litter.png.002
Fra:1 Mem:3138.26M (Peak 3169.24M) | Time:00:01.02 | Mem:158.62M, Peak:158.62M | Scene, ViewLayer | Updating Images | Loading bamboo-botanical_litter.png.003
Fra:1 Mem:3138.25M (Peak 3169.24M) | Time:00:01.03 | Mem:158.88M, Peak:158.88M | Scene, ViewLayer | Updating Images | Loading bamboo-botanical_litter.png.004
Fra:1 Mem:3139.01M (Peak 3169.24M) | Time:00:01.03 | Mem:159.12M, Peak:159.12M | Scene, ViewLayer | Updating Images | Loading bamboo-botanical_litter.png.005
Fra:1 Mem:3139.00M (Peak 3169.24M) | Time:00:01.03 | Mem:159.38M, Peak:159.38M | Scene, ViewLayer | Updating Images | Loading warm-silk.png.003
Fra:1 Mem:3139.00M (Peak 3169.24M) | Time:00:01.03 | Mem:159.62M, Peak:159.62M | Scene, ViewLayer | Updating Images | Loading bamboo-botanical_litter.png.006
Fra:1 Mem:3139.25M (Peak 3169.24M) | Time:00:01.03 | Mem:159.88M, Peak:159.88M | Scene, ViewLayer | Updating Images | Loading bamboo-screen.png
Fra:1 Mem:3139.50M (Peak 3169.24M) | Time:00:01.03 | Mem:160.12M, Peak:160.12M | Scene, ViewLayer | Updating Images | Loading bamboo-screen.png.001
Fra:1 Mem:3140.26M (Peak 3169.24M) | Time:00:01.03 | Mem:160.38M, Peak:160.38M | Scene, ViewLayer | Updating Images | Loading warm-silk.png.002
Fra:1 Mem:3140.51M (Peak 3169.24M) | Time:00:01.03 | Mem:160.62M, Peak:160.62M | Scene, ViewLayer | Updating Images | Loading bamboo-screen.png.002
Fra:1 Mem:3139.99M (Peak 3169.24M) | Time:00:01.03 | Mem:161.12M, Peak:161.12M | Scene, ViewLayer | Updating Images | Loading bamboo-screen.png.004
Fra:1 Mem:3141.00M (Peak 3169.24M) | Time:00:01.03 | Mem:161.38M, Peak:161.38M | Scene, ViewLayer | Updating Images | Loading bamboo-screen.png.005
Fra:1 Mem:3141.25M (Peak 3169.24M) | Time:00:01.03 | Mem:161.62M, Peak:161.62M | Scene, ViewLayer | Updating Images | Loading bamboo-screen.png.006
Fra:1 Mem:3141.25M (Peak 3169.24M) | Time:00:01.03 | Mem:161.88M, Peak:161.88M | Scene, ViewLayer | Updating Images | Loading crimson-plaster.png
Fra:1 Mem:3141.75M (Peak 3169.24M) | Time:00:01.03 | Mem:162.12M, Peak:162.12M | Scene, ViewLayer | Updating Images | Loading warm-silk.png.001
Fra:1 Mem:3142.00M (Peak 3169.24M) | Time:00:01.03 | Mem:162.38M, Peak:162.38M | Scene, ViewLayer | Updating Images | Loading crimson-plaster.png.001
Fra:1 Mem:3142.00M (Peak 3169.24M) | Time:00:01.03 | Mem:162.62M, Peak:162.62M | Scene, ViewLayer | Updating Images | Loading crimson-plaster.png.002
Fra:1 Mem:3142.25M (Peak 3169.24M) | Time:00:01.03 | Mem:162.88M, Peak:162.88M | Scene, ViewLayer | Updating Images | Loading crimson-plaster.png.003
Fra:1 Mem:3143.01M (Peak 3169.24M) | Time:00:01.03 | Mem:163.12M, Peak:163.12M | Scene, ViewLayer | Updating Images | Loading warm-silk.png
Fra:1 Mem:3143.00M (Peak 3169.24M) | Time:00:01.03 | Mem:163.38M, Peak:163.38M | Scene, ViewLayer | Updating Images | Loading crimson-plaster.png.004
Fra:1 Mem:3143.00M (Peak 3169.24M) | Time:00:01.03 | Mem:163.62M, Peak:163.62M | Scene, ViewLayer | Updating Images | Loading crimson-plaster.png.005
Fra:1 Mem:3143.76M (Peak 3169.24M) | Time:00:01.03 | Mem:163.88M, Peak:163.88M | Scene, ViewLayer | Updating Images | Loading crimson-plaster.png.006
Fra:1 Mem:3143.75M (Peak 3169.24M) | Time:00:01.03 | Mem:164.12M, Peak:164.12M | Scene, ViewLayer | Updating Images | Loading crimson-roof.png
Fra:1 Mem:3143.49M (Peak 3169.24M) | Time:00:01.03 | Mem:164.38M, Peak:164.38M | Scene, ViewLayer | Updating Images | Loading crimson-roof.png.001
Fra:1 Mem:3143.75M (Peak 3169.24M) | Time:00:01.03 | Mem:164.62M, Peak:164.62M | Scene, ViewLayer | Updating Images | Loading crimson-roof.png.002
Fra:1 Mem:3143.99M (Peak 3169.24M) | Time:00:01.03 | Mem:164.88M, Peak:164.88M | Scene, ViewLayer | Updating Images | Loading warm-gold.png.005
Fra:1 Mem:3144.50M (Peak 3169.24M) | Time:00:01.03 | Mem:165.12M, Peak:165.12M | Scene, ViewLayer | Updating Images | Loading crimson-roof.png.003
Fra:1 Mem:3144.75M (Peak 3169.24M) | Time:00:01.03 | Mem:165.38M, Peak:165.38M | Scene, ViewLayer | Updating Images | Loading crimson-roof.png.004
Fra:1 Mem:3146.03M (Peak 3169.24M) | Time:00:01.03 | Mem:165.62M, Peak:165.62M | Scene, ViewLayer | Updating Images | Loading crimson-roof.png.005
Fra:1 Mem:3146.03M (Peak 3169.24M) | Time:00:01.03 | Mem:165.88M, Peak:165.88M | Scene, ViewLayer | Updating Images | Loading crimson-roof.png.006
Fra:1 Mem:3145.76M (Peak 3169.24M) | Time:00:01.03 | Mem:166.38M, Peak:166.38M | Scene, ViewLayer | Updating Images | Loading warm-gold.png.004
Fra:1 Mem:3146.25M (Peak 3169.24M) | Time:00:01.03 | Mem:166.62M, Peak:166.62M | Scene, ViewLayer | Updating Images | Loading crimson-stone.png.001
Fra:1 Mem:3146.25M (Peak 3169.24M) | Time:00:01.03 | Mem:166.88M, Peak:166.88M | Scene, ViewLayer | Updating Images | Loading crimson-stone.png.002
Fra:1 Mem:3146.76M (Peak 3169.24M) | Time:00:01.03 | Mem:167.12M, Peak:167.12M | Scene, ViewLayer | Updating Images | Loading crimson-stone.png.003
Fra:1 Mem:3147.01M (Peak 3169.24M) | Time:00:01.03 | Mem:167.38M, Peak:167.38M | Scene, ViewLayer | Updating Images | Loading warm-gold.png.003
Fra:1 Mem:3147.26M (Peak 3169.24M) | Time:00:01.03 | Mem:167.62M, Peak:167.62M | Scene, ViewLayer | Updating Images | Loading crimson-stone.png.004
Fra:1 Mem:3147.51M (Peak 3169.24M) | Time:00:01.03 | Mem:167.88M, Peak:167.88M | Scene, ViewLayer | Updating Images | Loading crimson-stone.png.005
Fra:1 Mem:3147.76M (Peak 3169.24M) | Time:00:01.03 | Mem:168.12M, Peak:168.12M | Scene, ViewLayer | Updating Images | Loading crimson-stone.png.006
Fra:1 Mem:3147.75M (Peak 3169.24M) | Time:00:01.03 | Mem:168.38M, Peak:168.38M | Scene, ViewLayer | Updating Images | Loading crimson-tile.png
Fra:1 Mem:3148.00M (Peak 3169.24M) | Time:00:01.03 | Mem:168.62M, Peak:168.62M | Scene, ViewLayer | Updating Images | Loading crimson-tile.png.001
Fra:1 Mem:3148.51M (Peak 3169.24M) | Time:00:01.03 | Mem:168.88M, Peak:168.88M | Scene, ViewLayer | Updating Images | Loading warm-gold.png.002
Fra:1 Mem:3148.76M (Peak 3169.24M) | Time:00:01.03 | Mem:169.12M, Peak:169.12M | Scene, ViewLayer | Updating Images | Loading crimson-tile.png.002
Fra:1 Mem:3148.75M (Peak 3169.24M) | Time:00:01.03 | Mem:169.38M, Peak:169.38M | Scene, ViewLayer | Updating Images | Loading crimson-tile.png.003
Fra:1 Mem:3149.26M (Peak 3169.24M) | Time:00:01.03 | Mem:169.62M, Peak:169.62M | Scene, ViewLayer | Updating Images | Loading crimson-tile.png.004
Fra:1 Mem:3149.00M (Peak 3169.24M) | Time:00:01.03 | Mem:169.88M, Peak:169.88M | Scene, ViewLayer | Updating Images | Loading crimson-tile.png.005
Fra:1 Mem:3149.76M (Peak 3169.24M) | Time:00:01.03 | Mem:170.12M, Peak:170.12M | Scene, ViewLayer | Updating Images | Loading crimson-tile.png.006
Fra:1 Mem:3151.04M (Peak 3169.24M) | Time:00:01.03 | Mem:170.38M, Peak:170.38M | Scene, ViewLayer | Updating Images | Loading crimson-cutstone.png
Fra:1 Mem:3151.03M (Peak 3169.24M) | Time:00:01.03 | Mem:170.62M, Peak:170.62M | Scene, ViewLayer | Updating Images | Loading crimson-cutstone.png.001
Fra:1 Mem:3150.51M (Peak 3169.24M) | Time:00:01.03 | Mem:170.88M, Peak:170.88M | Scene, ViewLayer | Updating Images | Loading crimson-cutstone.png.002
Fra:1 Mem:3150.76M (Peak 3169.24M) | Time:00:01.03 | Mem:171.12M, Peak:171.12M | Scene, ViewLayer | Updating Images | Loading crimson-cutstone.png.003
Fra:1 Mem:3151.26M (Peak 3169.24M) | Time:00:01.03 | Mem:171.38M, Peak:171.38M | Scene, ViewLayer | Updating Images | Loading warm-gold.png.001
Fra:1 Mem:3151.26M (Peak 3169.24M) | Time:00:01.03 | Mem:171.62M, Peak:171.62M | Scene, ViewLayer | Updating Images | Loading crimson-cutstone.png.004
Fra:1 Mem:3151.25M (Peak 3169.24M) | Time:00:01.03 | Mem:171.88M, Peak:171.88M | Scene, ViewLayer | Updating Images | Loading crimson-cutstone.png.005
Fra:1 Mem:3152.02M (Peak 3169.24M) | Time:00:01.03 | Mem:172.12M, Peak:172.12M | Scene, ViewLayer | Updating Images | Loading crimson-cutstone.png.006
Fra:1 Mem:3152.26M (Peak 3169.24M) | Time:00:01.03 | Mem:172.38M, Peak:172.38M | Scene, ViewLayer | Updating Images | Loading crimson-darkwood.png
Fra:1 Mem:3152.26M (Peak 3169.24M) | Time:00:01.03 | Mem:172.62M, Peak:172.62M | Scene, ViewLayer | Updating Images | Loading crimson-darkwood.png.001
Fra:1 Mem:3152.00M (Peak 3169.24M) | Time:00:01.03 | Mem:172.88M, Peak:172.88M | Scene, ViewLayer | Updating Images | Loading crimson-darkwood.png.002
Fra:1 Mem:3152.50M (Peak 3169.24M) | Time:00:01.03 | Mem:173.12M, Peak:173.12M | Scene, ViewLayer | Updating Images | Loading crimson-darkwood.png.003
Fra:1 Mem:3153.27M (Peak 3169.24M) | Time:00:01.03 | Mem:173.38M, Peak:173.38M | Scene, ViewLayer | Updating Images | Loading crimson-darkwood.png.004
Fra:1 Mem:3153.26M (Peak 3169.24M) | Time:00:01.03 | Mem:173.62M, Peak:173.62M | Scene, ViewLayer | Updating Images | Loading crimson-darkwood.png.005
Fra:1 Mem:3153.51M (Peak 3169.24M) | Time:00:01.03 | Mem:173.88M, Peak:173.88M | Scene, ViewLayer | Updating Images | Loading crimson-darkwood.png.006
Fra:1 Mem:3154.01M (Peak 3169.24M) | Time:00:01.03 | Mem:174.12M, Peak:174.12M | Scene, ViewLayer | Updating Images | Loading warm-gold.png
Fra:1 Mem:3154.01M (Peak 3169.24M) | Time:00:01.03 | Mem:174.38M, Peak:174.38M | Scene, ViewLayer | Updating Images | Loading crimson-wood.png
Fra:1 Mem:3154.26M (Peak 3169.24M) | Time:00:01.03 | Mem:174.62M, Peak:174.62M | Scene, ViewLayer | Updating Images | Loading crimson-wood.png.001
Fra:1 Mem:3154.25M (Peak 3169.24M) | Time:00:01.03 | Mem:174.88M, Peak:174.88M | Scene, ViewLayer | Updating Images | Loading crimson-wood.png.002
Fra:1 Mem:3155.01M (Peak 3169.24M) | Time:00:01.03 | Mem:175.12M, Peak:175.12M | Scene, ViewLayer | Updating Images | Loading crimson-wood.png.003
Fra:1 Mem:3155.01M (Peak 3169.24M) | Time:00:01.03 | Mem:175.38M, Peak:175.38M | Scene, ViewLayer | Updating Images | Loading crimson-wood.png.004
Fra:1 Mem:3155.26M (Peak 3169.24M) | Time:00:01.03 | Mem:175.62M, Peak:175.62M | Scene, ViewLayer | Updating Images | Loading crimson-wood.png.005
Fra:1 Mem:3155.51M (Peak 3169.24M) | Time:00:01.03 | Mem:175.88M, Peak:175.88M | Scene, ViewLayer | Updating Images | Loading crimson-wood.png.006
Fra:1 Mem:3155.25M (Peak 3169.24M) | Time:00:01.03 | Mem:176.12M, Peak:176.12M | Scene, ViewLayer | Updating Images | Loading crimson-latticewood.png
Fra:1 Mem:3156.78M (Peak 3169.24M) | Time:00:01.03 | Mem:176.38M, Peak:176.38M | Scene, ViewLayer | Updating Images | Loading crimson-latticewood.png.001
Fra:1 Mem:3156.77M (Peak 3169.24M) | Time:00:01.03 | Mem:176.62M, Peak:176.62M | Scene, ViewLayer | Updating Images | Loading crimson-latticewood.png.002
Fra:1 Mem:3156.76M (Peak 3169.24M) | Time:00:01.03 | Mem:177.12M, Peak:177.12M | Scene, ViewLayer | Updating Images | Loading crimson-latticewood.png.003
Fra:1 Mem:3156.76M (Peak 3169.24M) | Time:00:01.03 | Mem:177.12M, Peak:177.12M | Scene, ViewLayer | Updating Images | Loading crimson-latticewood.png.004
Fra:1 Mem:3157.01M (Peak 3169.24M) | Time:00:01.03 | Mem:177.38M, Peak:177.38M | Scene, ViewLayer | Updating Images | Loading warm-bamboo.png.005
Fra:1 Mem:3157.00M (Peak 3169.24M) | Time:00:01.03 | Mem:177.62M, Peak:177.62M | Scene, ViewLayer | Updating Images | Loading crimson-latticewood.png.005
Fra:1 Mem:3158.28M (Peak 3169.24M) | Time:00:01.03 | Mem:177.88M, Peak:177.88M | Scene, ViewLayer | Updating Images | Loading crimson-latticewood.png.006
Fra:1 Mem:3158.02M (Peak 3169.24M) | Time:00:01.03 | Mem:178.12M, Peak:178.12M | Scene, ViewLayer | Updating Images | Loading crimson-tilelight.png
Fra:1 Mem:3158.27M (Peak 3169.24M) | Time:00:01.03 | Mem:178.38M, Peak:178.38M | Scene, ViewLayer | Updating Images | Loading crimson-tilelight.png.001
Fra:1 Mem:3158.26M (Peak 3169.24M) | Time:00:01.03 | Mem:178.62M, Peak:178.62M | Scene, ViewLayer | Updating Images | Loading crimson-tilelight.png.002
Fra:1 Mem:3158.26M (Peak 3169.24M) | Time:00:01.03 | Mem:178.88M, Peak:178.88M | Scene, ViewLayer | Updating Images | Loading crimson-tilelight.png.003
Fra:1 Mem:3158.50M (Peak 3169.24M) | Time:00:01.03 | Mem:179.12M, Peak:179.12M | Scene, ViewLayer | Updating Images | Loading crimson-tilelight.png.004
Fra:1 Mem:3159.26M (Peak 3169.24M) | Time:00:01.03 | Mem:179.38M, Peak:179.38M | Scene, ViewLayer | Updating Images | Loading warm-bamboo.png.004
Fra:1 Mem:3159.26M (Peak 3169.24M) | Time:00:01.03 | Mem:179.62M, Peak:179.62M | Scene, ViewLayer | Updating Images | Loading crimson-tilelight.png.005
Fra:1 Mem:3159.25M (Peak 3169.24M) | Time:00:01.03 | Mem:179.88M, Peak:179.88M | Scene, ViewLayer | Updating Images | Loading crimson-tilelight.png.006
Fra:1 Mem:3160.01M (Peak 3169.24M) | Time:00:01.03 | Mem:180.12M, Peak:180.12M | Scene, ViewLayer | Updating Images | Loading crimson-tiledark.png
Fra:1 Mem:3159.75M (Peak 3169.24M) | Time:00:01.04 | Mem:180.62M, Peak:180.62M | Scene, ViewLayer | Updating Images | Loading crimson-tiledark.png.001
Fra:1 Mem:3159.75M (Peak 3169.24M) | Time:00:01.04 | Mem:180.62M, Peak:180.62M | Scene, ViewLayer | Updating Images | Loading crimson-tiledark.png.002
Fra:1 Mem:3160.25M (Peak 3169.24M) | Time:00:01.04 | Mem:180.88M, Peak:180.88M | Scene, ViewLayer | Updating Images | Loading crimson-tiledark.png.003
Fra:1 Mem:3161.01M (Peak 3169.24M) | Time:00:01.04 | Mem:181.12M, Peak:181.12M | Scene, ViewLayer | Updating Images | Loading crimson-tiledark.png.004
Fra:1 Mem:3161.52M (Peak 3169.24M) | Time:00:01.04 | Mem:181.38M, Peak:181.38M | Scene, ViewLayer | Updating Images | Loading crimson-tiledark.png.005
Fra:1 Mem:3161.26M (Peak 3169.24M) | Time:00:01.04 | Mem:181.88M, Peak:181.88M | Scene, ViewLayer | Updating Images | Loading crimson-tiledark.png.006
Fra:1 Mem:3161.00M (Peak 3169.24M) | Time:00:01.04 | Mem:182.12M, Peak:182.12M | Scene, ViewLayer | Updating Images | Loading crimson-paving.png
Fra:1 Mem:3161.25M (Peak 3169.24M) | Time:00:01.04 | Mem:182.12M, Peak:182.12M | Scene, ViewLayer | Updating Images | Loading crimson-paving.png.001
Fra:1 Mem:3161.75M (Peak 3169.24M) | Time:00:01.04 | Mem:182.38M, Peak:182.38M | Scene, ViewLayer | Updating Images | Loading warm-bamboo.png.003
Fra:1 Mem:3162.00M (Peak 3169.24M) | Time:00:01.04 | Mem:182.62M, Peak:182.62M | Scene, ViewLayer | Updating Images | Loading crimson-paving.png.002
Fra:1 Mem:3162.52M (Peak 3169.24M) | Time:00:01.04 | Mem:182.88M, Peak:182.88M | Scene, ViewLayer | Updating Images | Loading crimson-paving.png.003
Fra:1 Mem:3162.76M (Peak 3169.24M) | Time:00:01.04 | Mem:183.12M, Peak:183.12M | Scene, ViewLayer | Updating Images | Loading crimson-paving.png.004
Fra:1 Mem:3162.75M (Peak 3169.24M) | Time:00:01.04 | Mem:183.38M, Peak:183.38M | Scene, ViewLayer | Updating Images | Loading crimson-paving.png.005
Fra:1 Mem:3163.00M (Peak 3169.24M) | Time:00:01.04 | Mem:183.62M, Peak:183.62M | Scene, ViewLayer | Updating Images | Loading warm-bamboo.png.002
Fra:1 Mem:3163.25M (Peak 3169.24M) | Time:00:01.04 | Mem:183.88M, Peak:183.88M | Scene, ViewLayer | Updating Images | Loading crimson-paving.png.006
Fra:1 Mem:3163.76M (Peak 3169.24M) | Time:00:01.04 | Mem:184.12M, Peak:184.12M | Scene, ViewLayer | Updating Images | Loading r15_courtbase_diff
Fra:1 Mem:3163.50M (Peak 3169.24M) | Time:00:01.04 | Mem:184.38M, Peak:184.38M | Scene, ViewLayer | Updating Images | Loading r15_courtbase_nor_gl
Fra:1 Mem:3166.27M (Peak 3169.24M) | Time:00:01.04 | Mem:184.62M, Peak:184.62M | Scene, ViewLayer | Updating Images | Loading r15_courtbase_rough
Fra:1 Mem:3167.27M (Peak 3169.24M) | Time:00:01.04 | Mem:184.88M, Peak:184.88M | Scene, ViewLayer | Updating Images | Loading warm-bamboo.png.001
Fra:1 Mem:3167.27M (Peak 3169.24M) | Time:00:01.04 | Mem:185.12M, Peak:185.12M | Scene, ViewLayer | Updating Images | Loading crimson-courtbase.png
Fra:1 Mem:3167.01M (Peak 3169.24M) | Time:00:01.04 | Mem:185.38M, Peak:185.38M | Scene, ViewLayer | Updating Images | Loading crimson-courtbase.png.001
Fra:1 Mem:3167.25M (Peak 3169.24M) | Time:00:01.04 | Mem:185.62M, Peak:185.62M | Scene, ViewLayer | Updating Images | Loading crimson-courtbase.png.002
Fra:1 Mem:3167.50M (Peak 3169.24M) | Time:00:01.04 | Mem:185.88M, Peak:185.88M | Scene, ViewLayer | Updating Images | Loading crimson-courtbase.png.003
Fra:1 Mem:3168.01M (Peak 3169.24M) | Time:00:01.04 | Mem:186.12M, Peak:186.12M | Scene, ViewLayer | Updating Images | Loading crimson-courtbase.png.004
Fra:1 Mem:3168.00M (Peak 3169.24M) | Time:00:01.04 | Mem:186.38M, Peak:186.38M | Scene, ViewLayer | Updating Images | Loading warm-bamboo.png
Fra:1 Mem:3168.77M (Peak 3169.26M) | Time:00:01.04 | Mem:187.38M, Peak:187.38M | Scene, ViewLayer | Updating Images | Loading crimson-courtbase.png.005
Fra:1 Mem:3168.76M (Peak 3169.26M) | Time:00:01.04 | Mem:187.62M, Peak:187.62M | Scene, ViewLayer | Updating Images | Loading crimson-courtbase.png.006
Fra:1 Mem:3168.75M (Peak 3169.26M) | Time:00:01.04 | Mem:187.88M, Peak:187.88M | Scene, ViewLayer | Updating Images | Loading crimson-gardenstone.png
Fra:1 Mem:3169.26M (Peak 3169.26M) | Time:00:01.04 | Mem:188.12M, Peak:188.12M | Scene, ViewLayer | Updating Images | Loading crimson-gardenstone.png.001
Fra:1 Mem:3169.25M (Peak 3169.26M) | Time:00:01.04 | Mem:188.38M, Peak:188.38M | Scene, ViewLayer | Updating Images | Loading warm-ivory.png.005
Fra:1 Mem:3169.50M (Peak 3169.50M) | Time:00:01.04 | Mem:188.62M, Peak:188.62M | Scene, ViewLayer | Updating Images | Loading crimson-gardenstone.png.002
Fra:1 Mem:3170.01M (Peak 3170.01M) | Time:00:01.04 | Mem:188.88M, Peak:188.88M | Scene, ViewLayer | Updating Images | Loading crimson-gardenstone.png.003
Fra:1 Mem:3170.00M (Peak 3170.01M) | Time:00:01.04 | Mem:189.12M, Peak:189.12M | Scene, ViewLayer | Updating Images | Loading crimson-gardenstone.png.004
Fra:1 Mem:3170.25M (Peak 3170.25M) | Time:00:01.04 | Mem:189.38M, Peak:189.38M | Scene, ViewLayer | Updating Images | Loading warm-ivory.png.004
Fra:1 Mem:3170.50M (Peak 3171.51M) | Time:00:01.04 | Mem:190.38M, Peak:190.38M | Scene, ViewLayer | Updating Images | Loading crimson-gardenstone.png.005
Fra:1 Mem:3170.75M (Peak 3171.51M) | Time:00:01.04 | Mem:190.62M, Peak:190.62M | Scene, ViewLayer | Updating Images | Loading crimson-gardenstone.png.006
Fra:1 Mem:3171.52M (Peak 3171.52M) | Time:00:01.04 | Mem:190.88M, Peak:190.88M | Scene, ViewLayer | Updating Images | Loading warm-ivory.png.003
Fra:1 Mem:3171.77M (Peak 3171.77M) | Time:00:01.04 | Mem:191.12M, Peak:191.12M | Scene, ViewLayer | Updating Images | Loading crimson-limestone.png
Fra:1 Mem:3171.76M (Peak 3171.77M) | Time:00:01.04 | Mem:191.38M, Peak:191.38M | Scene, ViewLayer | Updating Images | Loading crimson-limestone.png.001
Fra:1 Mem:3171.75M (Peak 3171.77M) | Time:00:01.04 | Mem:191.62M, Peak:191.62M | Scene, ViewLayer | Updating Images | Loading crimson-limestone.png.002
Fra:1 Mem:3172.26M (Peak 3172.26M) | Time:00:01.04 | Mem:191.88M, Peak:191.88M | Scene, ViewLayer | Updating Images | Loading crimson-limestone.png.003
Fra:1 Mem:3172.25M (Peak 3172.26M) | Time:00:01.04 | Mem:192.12M, Peak:192.12M | Scene, ViewLayer | Updating Images | Loading crimson-limestone.png.004
Fra:1 Mem:3173.02M (Peak 3173.02M) | Time:00:01.04 | Mem:192.38M, Peak:192.38M | Scene, ViewLayer | Updating Images | Loading crimson-limestone.png.005
Fra:1 Mem:3172.76M (Peak 3173.02M) | Time:00:01.04 | Mem:192.62M, Peak:192.62M | Scene, ViewLayer | Updating Images | Loading warm-ivory.png.002
Fra:1 Mem:3173.00M (Peak 3173.02M) | Time:00:01.04 | Mem:192.88M, Peak:192.88M | Scene, ViewLayer | Updating Images | Loading crimson-limestone.png.006
Fra:1 Mem:3174.52M (Peak 3174.52M) | Time:00:01.04 | Mem:193.12M, Peak:193.12M | Scene, ViewLayer | Updating Images | Loading crimson-paper.png
Fra:1 Mem:3174.77M (Peak 3174.77M) | Time:00:01.04 | Mem:193.38M, Peak:193.38M | Scene, ViewLayer | Updating Images | Loading crimson-paper.png.001
Fra:1 Mem:3175.02M (Peak 3175.02M) | Time:00:01.04 | Mem:193.62M, Peak:193.62M | Scene, ViewLayer | Updating Images | Loading crimson-paper.png.002
Fra:1 Mem:3175.02M (Peak 3175.02M) | Time:00:01.04 | Mem:193.88M, Peak:193.88M | Scene, ViewLayer | Updating Images | Loading crimson-paper.png.003
Fra:1 Mem:3175.52M (Peak 3175.52M) | Time:00:01.04 | Mem:194.12M, Peak:194.12M | Scene, ViewLayer | Updating Images | Loading crimson-paper.png.004
Fra:1 Mem:3175.77M (Peak 3175.77M) | Time:00:01.04 | Mem:194.38M, Peak:194.38M | Scene, ViewLayer | Updating Images | Loading warm-ivory.png.001
Fra:1 Mem:3175.76M (Peak 3175.77M) | Time:00:01.04 | Mem:194.62M, Peak:194.62M | Scene, ViewLayer | Updating Images | Loading crimson-paper.png.005
Fra:1 Mem:3175.00M (Peak 3175.77M) | Time:00:01.04 | Mem:195.62M, Peak:195.62M | Scene, ViewLayer | Updating Images | Loading crimson-paper.png.006
Fra:1 Mem:3175.51M (Peak 3175.77M) | Time:00:01.04 | Mem:195.88M, Peak:195.88M | Scene, ViewLayer | Updating Images | Loading crimson-ivory.png
Fra:1 Mem:3175.76M (Peak 3175.77M) | Time:00:01.04 | Mem:196.12M, Peak:196.12M | Scene, ViewLayer | Updating Images | Loading crimson-ivory.png.001
Fra:1 Mem:3175.75M (Peak 3175.77M) | Time:00:01.04 | Mem:196.38M, Peak:196.38M | Scene, ViewLayer | Updating Images | Loading crimson-ivory.png.002
Fra:1 Mem:3176.26M (Peak 3176.26M) | Time:00:01.04 | Mem:196.62M, Peak:196.62M | Scene, ViewLayer | Updating Images | Loading crimson-ivory.png.003
Fra:1 Mem:3176.00M (Peak 3176.26M) | Time:00:01.04 | Mem:196.88M, Peak:196.88M | Scene, ViewLayer | Updating Images | Loading warm-ivory.png
Fra:1 Mem:3177.02M (Peak 3177.02M) | Time:00:01.04 | Mem:197.12M, Peak:197.12M | Scene, ViewLayer | Updating Images | Loading crimson-ivory.png.004
Fra:1 Mem:3177.27M (Peak 3177.27M) | Time:00:01.04 | Mem:197.38M, Peak:197.38M | Scene, ViewLayer | Updating Images | Loading crimson-ivory.png.005
Fra:1 Mem:3177.52M (Peak 3177.52M) | Time:00:01.04 | Mem:197.62M, Peak:197.62M | Scene, ViewLayer | Updating Images | Loading crimson-ivory.png.006
Fra:1 Mem:3177.51M (Peak 3177.52M) | Time:00:01.04 | Mem:197.88M, Peak:197.88M | Scene, ViewLayer | Updating Images | Loading crimson-gold.png
Fra:1 Mem:3178.02M (Peak 3178.02M) | Time:00:01.04 | Mem:198.12M, Peak:198.12M | Scene, ViewLayer | Updating Images | Loading crimson-gold.png.001
Fra:1 Mem:3177.76M (Peak 3178.02M) | Time:00:01.04 | Mem:198.38M, Peak:198.38M | Scene, ViewLayer | Updating Images | Loading warm-paper.png.005
Fra:1 Mem:3178.00M (Peak 3178.02M) | Time:00:01.04 | Mem:198.62M, Peak:198.62M | Scene, ViewLayer | Updating Images | Loading crimson-gold.png.002
Fra:1 Mem:3178.51M (Peak 3178.51M) | Time:00:01.04 | Mem:198.88M, Peak:198.88M | Scene, ViewLayer | Updating Images | Loading crimson-gold.png.003
Fra:1 Mem:3178.77M (Peak 3178.77M) | Time:00:01.04 | Mem:199.12M, Peak:199.12M | Scene, ViewLayer | Updating Images | Loading crimson-gold.png.004
Fra:1 Mem:3179.01M (Peak 3179.01M) | Time:00:01.04 | Mem:199.38M, Peak:199.38M | Scene, ViewLayer | Updating Images | Loading crimson-gold.png.005
Fra:1 Mem:3179.00M (Peak 3179.01M) | Time:00:01.04 | Mem:199.62M, Peak:199.62M | Scene, ViewLayer | Updating Images | Loading crimson-gold.png.006
Fra:1 Mem:3179.25M (Peak 3179.25M) | Time:00:01.04 | Mem:199.88M, Peak:199.88M | Scene, ViewLayer | Updating Images | Loading warm-paper.png.004
Fra:1 Mem:3180.02M (Peak 3180.02M) | Time:00:01.04 | Mem:200.12M, Peak:200.12M | Scene, ViewLayer | Updating Images | Loading crimson-silk.png
Fra:1 Mem:3180.27M (Peak 3180.27M) | Time:00:01.04 | Mem:200.38M, Peak:200.38M | Scene, ViewLayer | Updating Images | Loading crimson-silk.png.001
Fra:1 Mem:3180.27M (Peak 3180.27M) | Time:00:01.04 | Mem:200.62M, Peak:200.62M | Scene, ViewLayer | Updating Images | Loading crimson-silk.png.002
Fra:1 Mem:3180.27M (Peak 3180.27M) | Time:00:01.04 | Mem:200.88M, Peak:200.88M | Scene, ViewLayer | Updating Images | Loading crimson-silk.png.003
Fra:1 Mem:3180.51M (Peak 3180.51M) | Time:00:01.04 | Mem:201.12M, Peak:201.12M | Scene, ViewLayer | Updating Images | Loading crimson-silk.png.004
Fra:1 Mem:3180.75M (Peak 3180.75M) | Time:00:01.04 | Mem:201.38M, Peak:201.38M | Scene, ViewLayer | Updating Images | Loading crimson-silk.png.005
Fra:1 Mem:3181.00M (Peak 3181.00M) | Time:00:01.04 | Mem:201.62M, Peak:201.62M | Scene, ViewLayer | Updating Images | Loading warm-paper.png.003
Fra:1 Mem:3181.51M (Peak 3181.51M) | Time:00:01.05 | Mem:201.88M, Peak:201.88M | Scene, ViewLayer | Updating Images | Loading crimson-silk.png.006
Fra:1 Mem:3181.50M (Peak 3181.51M) | Time:00:01.05 | Mem:202.38M, Peak:202.38M | Scene, ViewLayer | Updating Images | Loading crimson-screen.png
Fra:1 Mem:3181.76M (Peak 3181.76M) | Time:00:01.05 | Mem:202.38M, Peak:202.38M | Scene, ViewLayer | Updating Images | Loading crimson-screen.png.001
Fra:1 Mem:3182.26M (Peak 3182.26M) | Time:00:01.05 | Mem:202.62M, Peak:202.62M | Scene, ViewLayer | Updating Images | Loading crimson-screen.png.002
Fra:1 Mem:3182.25M (Peak 3182.26M) | Time:00:01.05 | Mem:202.88M, Peak:202.88M | Scene, ViewLayer | Updating Images | Loading warm-paper.png.002
Fra:1 Mem:3182.50M (Peak 3182.50M) | Time:00:01.05 | Mem:203.12M, Peak:203.12M | Scene, ViewLayer | Updating Images | Loading crimson-screen.png.003
Fra:1 Mem:3183.01M (Peak 3183.01M) | Time:00:01.05 | Mem:203.38M, Peak:203.38M | Scene, ViewLayer | Updating Images | Loading crimson-screen.png.004
Fra:1 Mem:3183.26M (Peak 3183.26M) | Time:00:01.05 | Mem:203.62M, Peak:203.62M | Scene, ViewLayer | Updating Images | Loading crimson-screen.png.005
Fra:1 Mem:3183.00M (Peak 3183.26M) | Time:00:01.05 | Mem:203.88M, Peak:203.88M | Scene, ViewLayer | Updating Images | Loading crimson-screen.png.006
Fra:1 Mem:3183.50M (Peak 3183.50M) | Time:00:01.05 | Mem:204.12M, Peak:204.12M | Scene, ViewLayer | Updating Images | Loading crimson-bark.png
Fra:1 Mem:3183.75M (Peak 3183.75M) | Time:00:01.05 | Mem:204.38M, Peak:204.38M | Scene, ViewLayer | Updating Images | Loading crimson-bark.png.001
Fra:1 Mem:3184.00M (Peak 3184.00M) | Time:00:01.05 | Mem:204.62M, Peak:204.62M | Scene, ViewLayer | Updating Images | Loading crimson-bark.png.002
Fra:1 Mem:3184.51M (Peak 3184.51M) | Time:00:01.05 | Mem:204.88M, Peak:204.88M | Scene, ViewLayer | Updating Images | Loading warm-paper.png.001
Fra:1 Mem:3184.76M (Peak 3184.76M) | Time:00:01.05 | Mem:205.12M, Peak:205.12M | Scene, ViewLayer | Updating Images | Loading crimson-bark.png.003
Fra:1 Mem:3185.01M (Peak 3185.01M) | Time:00:01.05 | Mem:205.38M, Peak:205.38M | Scene, ViewLayer | Updating Images | Loading crimson-bark.png.004
Fra:1 Mem:3185.00M (Peak 3185.01M) | Time:00:01.05 | Mem:205.62M, Peak:205.62M | Scene, ViewLayer | Updating Images | Loading crimson-bark.png.005
Fra:1 Mem:3185.51M (Peak 3185.51M) | Time:00:01.05 | Mem:205.88M, Peak:205.88M | Scene, ViewLayer | Updating Images | Loading crimson-bark.png.006
Fra:1 Mem:3186.02M (Peak 3186.02M) | Time:00:01.05 | Mem:206.12M, Peak:206.12M | Scene, ViewLayer | Updating Images | Loading crimson-botanical_petal.png
Fra:1 Mem:3186.01M (Peak 3186.02M) | Time:00:01.05 | Mem:206.38M, Peak:206.38M | Scene, ViewLayer | Updating Images | Loading crimson-botanical_petal.png.001
Fra:1 Mem:3186.00M (Peak 3186.02M) | Time:00:01.05 | Mem:206.62M, Peak:206.62M | Scene, ViewLayer | Updating Images | Loading crimson-botanical_petal.png.002
Fra:1 Mem:3186.51M (Peak 3186.51M) | Time:00:01.05 | Mem:206.88M, Peak:206.88M | Scene, ViewLayer | Updating Images | Loading crimson-botanical_petal.png.003
Fra:1 Mem:3186.50M (Peak 3186.51M) | Time:00:01.05 | Mem:207.12M, Peak:207.12M | Scene, ViewLayer | Updating Images | Loading crimson-botanical_petal.png.004
Fra:1 Mem:3186.75M (Peak 3186.75M) | Time:00:01.05 | Mem:207.38M, Peak:207.38M | Scene, ViewLayer | Updating Images | Loading crimson-botanical_petal.png.005
Fra:1 Mem:3187.52M (Peak 3187.52M) | Time:00:01.05 | Mem:207.62M, Peak:207.62M | Scene, ViewLayer | Updating Images | Loading crimson-botanical_petal.png.006
Fra:1 Mem:3187.25M (Peak 3187.52M) | Time:00:01.05 | Mem:208.12M, Peak:208.12M | Scene, ViewLayer | Updating Images | Loading warm-paper.png
Fra:1 Mem:3187.25M (Peak 3187.52M) | Time:00:01.05 | Mem:208.12M, Peak:208.12M | Scene, ViewLayer | Updating Images | Loading crimson-botanical_bamboo.png
Fra:1 Mem:3188.01M (Peak 3188.01M) | Time:00:01.05 | Mem:208.38M, Peak:208.38M | Scene, ViewLayer | Updating Images | Loading crimson-botanical_bamboo.png.001
Fra:1 Mem:3188.00M (Peak 3188.01M) | Time:00:01.05 | Mem:208.62M, Peak:208.62M | Scene, ViewLayer | Updating Images | Loading crimson-botanical_bamboo.png.002
Fra:1 Mem:3188.51M (Peak 3188.51M) | Time:00:01.05 | Mem:208.88M, Peak:208.88M | Scene, ViewLayer | Updating Images | Loading crimson-botanical_bamboo.png.003
Fra:1 Mem:3188.76M (Peak 3188.76M) | Time:00:01.05 | Mem:209.12M, Peak:209.12M | Scene, ViewLayer | Updating Images | Loading crimson-botanical_bamboo.png.004
Fra:1 Mem:3188.76M (Peak 3188.76M) | Time:00:01.05 | Mem:209.38M, Peak:209.38M | Scene, ViewLayer | Updating Images | Loading crimson-botanical_bamboo.png.005
Fra:1 Mem:3189.00M (Peak 3189.00M) | Time:00:01.05 | Mem:209.62M, Peak:209.62M | Scene, ViewLayer | Updating Images | Loading crimson-botanical_bamboo.png.006
Fra:1 Mem:3189.51M (Peak 3189.51M) | Time:00:01.05 | Mem:209.88M, Peak:209.88M | Scene, ViewLayer | Updating Images | Loading crimson-botanical_stem.png
Fra:1 Mem:3190.02M (Peak 3190.02M) | Time:00:01.05 | Mem:210.12M, Peak:210.12M | Scene, ViewLayer | Updating Images | Loading crimson-botanical_stem.png.001
Fra:1 Mem:3190.01M (Peak 3190.02M) | Time:00:01.05 | Mem:210.38M, Peak:210.38M | Scene, ViewLayer | Updating Images | Loading crimson-botanical_stem.png.002
Fra:1 Mem:3190.26M (Peak 3190.26M) | Time:00:01.05 | Mem:210.62M, Peak:210.62M | Scene, ViewLayer | Updating Images | Loading warm-paving.png.005
Fra:1 Mem:3190.25M (Peak 3190.26M) | Time:00:01.05 | Mem:210.88M, Peak:210.88M | Scene, ViewLayer | Updating Images | Loading crimson-botanical_stem.png.003
Fra:1 Mem:3190.50M (Peak 3190.50M) | Time:00:01.05 | Mem:211.12M, Peak:211.12M | Scene, ViewLayer | Updating Images | Loading crimson-botanical_stem.png.004
Fra:1 Mem:3191.01M (Peak 3191.01M) | Time:00:01.05 | Mem:211.38M, Peak:211.38M | Scene, ViewLayer | Updating Images | Loading crimson-botanical_stem.png.005
Fra:1 Mem:3191.26M (Peak 3191.26M) | Time:00:01.05 | Mem:211.62M, Peak:211.62M | Scene, ViewLayer | Updating Images | Loading crimson-botanical_stem.png.006
Fra:1 Mem:3191.00M (Peak 3191.26M) | Time:00:01.05 | Mem:211.88M, Peak:211.88M | Scene, ViewLayer | Updating Images | Loading crimson-botanical_banana.png
Fra:1 Mem:3191.50M (Peak 3191.50M) | Time:00:01.05 | Mem:212.12M, Peak:212.12M | Scene, ViewLayer | Updating Images | Loading crimson-botanical_banana.png.001
Fra:1 Mem:3192.27M (Peak 3192.27M) | Time:00:01.05 | Mem:212.38M, Peak:212.38M | Scene, ViewLayer | Updating Images | Loading warm-paving.png.004
Fra:1 Mem:3192.52M (Peak 3192.52M) | Time:00:01.05 | Mem:212.62M, Peak:212.62M | Scene, ViewLayer | Updating Images | Loading crimson-botanical_banana.png.002
Fra:1 Mem:3192.26M (Peak 3192.52M) | Time:00:01.05 | Mem:212.88M, Peak:212.88M | Scene, ViewLayer | Updating Images | Loading crimson-botanical_banana.png.003
Fra:1 Mem:3192.50M (Peak 3192.52M) | Time:00:01.05 | Mem:213.12M, Peak:213.12M | Scene, ViewLayer | Updating Images | Loading crimson-botanical_banana.png.004
Fra:1 Mem:3192.75M (Peak 3192.75M) | Time:00:01.05 | Mem:213.38M, Peak:213.38M | Scene, ViewLayer | Updating Images | Loading crimson-botanical_banana.png.005
Fra:1 Mem:3193.00M (Peak 3193.00M) | Time:00:01.05 | Mem:213.62M, Peak:213.62M | Scene, ViewLayer | Updating Images | Loading crimson-botanical_banana.png.006
Fra:1 Mem:3193.25M (Peak 3193.25M) | Time:00:01.05 | Mem:213.88M, Peak:213.88M | Scene, ViewLayer | Updating Images | Loading crimson-bamboo.png
Fra:1 Mem:3193.76M (Peak 3193.76M) | Time:00:01.05 | Mem:214.12M, Peak:214.12M | Scene, ViewLayer | Updating Images | Loading crimson-bamboo.png.001
Fra:1 Mem:3194.27M (Peak 3194.27M) | Time:00:01.05 | Mem:214.38M, Peak:214.38M | Scene, ViewLayer | Updating Images | Loading crimson-bamboo.png.002
Fra:1 Mem:3194.01M (Peak 3194.27M) | Time:00:01.05 | Mem:214.62M, Peak:214.62M | Scene, ViewLayer | Updating Images | Loading crimson-bamboo.png.003
Fra:1 Mem:3194.51M (Peak 3194.51M) | Time:00:01.05 | Mem:214.88M, Peak:214.88M | Scene, ViewLayer | Updating Images | Loading warm-paving.png.003
Fra:1 Mem:3194.51M (Peak 3194.51M) | Time:00:01.05 | Mem:215.12M, Peak:215.12M | Scene, ViewLayer | Updating Images | Loading crimson-bamboo.png.004
Fra:1 Mem:3194.75M (Peak 3194.75M) | Time:00:01.05 | Mem:215.38M, Peak:215.38M | Scene, ViewLayer | Updating Images | Loading crimson-bamboo.png.005
Fra:1 Mem:3195.26M (Peak 3195.26M) | Time:00:01.05 | Mem:215.62M, Peak:215.62M | Scene, ViewLayer | Updating Images | Loading crimson-bamboo.png.006
Fra:1 Mem:3195.51M (Peak 3195.51M) | Time:00:01.05 | Mem:215.88M, Peak:215.88M | Scene, ViewLayer | Updating Images | Loading crimson-moss.png
Fra:1 Mem:3195.50M (Peak 3195.51M) | Time:00:01.05 | Mem:216.12M, Peak:216.12M | Scene, ViewLayer | Updating Images | Loading crimson-moss.png.001
Fra:1 Mem:3196.01M (Peak 3196.01M) | Time:00:01.05 | Mem:216.38M, Peak:216.38M | Scene, ViewLayer | Updating Images | Loading crimson-moss.png.002
Fra:1 Mem:3196.00M (Peak 3196.01M) | Time:00:01.05 | Mem:216.62M, Peak:216.62M | Scene, ViewLayer | Updating Images | Loading crimson-moss.png.003
Fra:1 Mem:3196.77M (Peak 3196.77M) | Time:00:01.05 | Mem:216.88M, Peak:216.88M | Scene, ViewLayer | Updating Images | Loading crimson-moss.png.004
Fra:1 Mem:3196.51M (Peak 3196.77M) | Time:00:01.05 | Mem:217.12M, Peak:217.12M | Scene, ViewLayer | Updating Images | Loading crimson-moss.png.005
Fra:1 Mem:3197.01M (Peak 3197.01M) | Time:00:01.05 | Mem:217.38M, Peak:217.38M | Scene, ViewLayer | Updating Images | Loading crimson-moss.png.006
Fra:1 Mem:3196.75M (Peak 3197.01M) | Time:00:01.05 | Mem:217.62M, Peak:217.62M | Scene, ViewLayer | Updating Images | Loading crimson-leafdark.png
Fra:1 Mem:3197.77M (Peak 3197.77M) | Time:00:01.05 | Mem:217.88M, Peak:217.88M | Scene, ViewLayer | Updating Images | Loading warm-paving.png.002
Fra:1 Mem:3197.76M (Peak 3197.77M) | Time:00:01.05 | Mem:218.12M, Peak:218.12M | Scene, ViewLayer | Updating Images | Loading crimson-leafdark.png.001
Fra:1 Mem:3197.75M (Peak 3197.77M) | Time:00:01.05 | Mem:218.38M, Peak:218.38M | Scene, ViewLayer | Updating Images | Loading crimson-leafdark.png.002
Fra:1 Mem:3198.26M (Peak 3198.26M) | Time:00:01.05 | Mem:218.62M, Peak:218.62M | Scene, ViewLayer | Updating Images | Loading crimson-leafdark.png.003
Fra:1 Mem:3198.51M (Peak 3198.51M) | Time:00:01.05 | Mem:218.88M, Peak:218.88M | Scene, ViewLayer | Updating Images | Loading crimson-leafdark.png.004
Fra:1 Mem:3198.50M (Peak 3198.51M) | Time:00:01.05 | Mem:219.12M, Peak:219.12M | Scene, ViewLayer | Updating Images | Loading crimson-leafdark.png.005
Fra:1 Mem:3198.75M (Peak 3198.75M) | Time:00:01.05 | Mem:219.62M, Peak:219.62M | Scene, ViewLayer | Updating Images | Loading crimson-leafdark.png.006
Fra:1 Mem:3199.00M (Peak 3199.00M) | Time:00:01.05 | Mem:219.62M, Peak:219.62M | Scene, ViewLayer | Updating Images | Loading crimson-leaf.png
Fra:1 Mem:3199.51M (Peak 3199.51M) | Time:00:01.05 | Mem:219.88M, Peak:219.88M | Scene, ViewLayer | Updating Images | Loading crimson-leaf.png.001
Fra:1 Mem:3199.76M (Peak 3199.76M) | Time:00:01.05 | Mem:220.12M, Peak:220.12M | Scene, ViewLayer | Updating Images | Loading crimson-leaf.png.002
Fra:1 Mem:3199.75M (Peak 3199.76M) | Time:00:01.05 | Mem:220.38M, Peak:220.38M | Scene, ViewLayer | Updating Images | Loading crimson-leaf.png.003
Fra:1 Mem:3200.00M (Peak 3200.00M) | Time:00:01.05 | Mem:220.62M, Peak:220.62M | Scene, ViewLayer | Updating Images | Loading crimson-leaf.png.004
Fra:1 Mem:3200.51M (Peak 3200.51M) | Time:00:01.05 | Mem:220.88M, Peak:220.88M | Scene, ViewLayer | Updating Images | Loading warm-paving.png.001
Fra:1 Mem:3200.50M (Peak 3200.51M) | Time:00:01.05 | Mem:221.12M, Peak:221.12M | Scene, ViewLayer | Updating Images | Loading crimson-leaf.png.005
Fra:1 Mem:3201.53M (Peak 3201.53M) | Time:00:01.05 | Mem:221.38M, Peak:221.38M | Scene, ViewLayer | Updating Images | Loading crimson-leaf.png.006
Fra:1 Mem:3201.52M (Peak 3201.53M) | Time:00:01.05 | Mem:221.62M, Peak:221.62M | Scene, ViewLayer | Updating Images | Loading crimson-botanical_litter.png
Fra:1 Mem:3201.26M (Peak 3201.53M) | Time:00:01.05 | Mem:221.88M, Peak:221.88M | Scene, ViewLayer | Updating Images | Loading crimson-botanical_litter.png.001
Fra:1 Mem:3201.76M (Peak 3201.76M) | Time:00:01.05 | Mem:222.12M, Peak:222.12M | Scene, ViewLayer | Updating Images | Loading crimson-botanical_litter.png.002
Fra:1 Mem:3201.75M (Peak 3201.76M) | Time:00:01.05 | Mem:222.38M, Peak:222.38M | Scene, ViewLayer | Updating Images | Loading crimson-botanical_litter.png.003
Fra:1 Mem:3202.26M (Peak 3202.26M) | Time:00:01.05 | Mem:222.62M, Peak:222.62M | Scene, ViewLayer | Updating Images | Loading crimson-botanical_litter.png.004
Fra:1 Mem:3202.25M (Peak 3202.26M) | Time:00:01.05 | Mem:222.88M, Peak:222.88M | Scene, ViewLayer | Updating Images | Loading crimson-botanical_litter.png.005
Fra:1 Mem:3202.50M (Peak 3202.50M) | Time:00:01.05 | Mem:223.12M, Peak:223.12M | Scene, ViewLayer | Updating Images | Loading crimson-botanical_litter.png.006
Fra:1 Mem:3202.75M (Peak 3202.75M) | Time:00:01.06 | Mem:223.38M, Peak:223.38M | Scene, ViewLayer | Updating Images | Loading herbal-plaster.png
Fra:1 Mem:3203.26M (Peak 3203.26M) | Time:00:01.06 | Mem:223.62M, Peak:223.62M | Scene, ViewLayer | Updating Images | Loading herbal-plaster.png.001
Fra:1 Mem:3203.25M (Peak 3203.26M) | Time:00:01.06 | Mem:223.88M, Peak:223.88M | Scene, ViewLayer | Updating Images | Loading warm-paving.png
Fra:1 Mem:3203.50M (Peak 3203.50M) | Time:00:01.06 | Mem:224.12M, Peak:224.12M | Scene, ViewLayer | Updating Images | Loading herbal-plaster.png.002
Fra:1 Mem:3204.01M (Peak 3204.01M) | Time:00:01.06 | Mem:224.38M, Peak:224.38M | Scene, ViewLayer | Updating Images | Loading herbal-plaster.png.003
Fra:1 Mem:3204.26M (Peak 3204.26M) | Time:00:01.06 | Mem:224.62M, Peak:224.62M | Scene, ViewLayer | Updating Images | Loading herbal-plaster.png.004
Fra:1 Mem:3204.25M (Peak 3204.26M) | Time:00:01.06 | Mem:224.88M, Peak:224.88M | Scene, ViewLayer | Updating Images | Loading herbal-plaster.png.005
Fra:1 Mem:3204.77M (Peak 3204.77M) | Time:00:01.06 | Mem:225.12M, Peak:225.12M | Scene, ViewLayer | Updating Images | Loading herbal-plaster.png.006
Fra:1 Mem:3205.01M (Peak 3205.01M) | Time:00:01.06 | Mem:225.38M, Peak:225.38M | Scene, ViewLayer | Updating Images | Loading warm-tiledark.png.005
Fra:1 Mem:3205.26M (Peak 3205.26M) | Time:00:01.06 | Mem:225.62M, Peak:225.62M | Scene, ViewLayer | Updating Images | Loading herbal-roof.png
Fra:1 Mem:3205.00M (Peak 3205.26M) | Time:00:01.06 | Mem:225.88M, Peak:225.88M | Scene, ViewLayer | Updating Images | Loading herbal-roof.png.001
Fra:1 Mem:3205.76M (Peak 3205.76M) | Time:00:01.06 | Mem:226.12M, Peak:226.12M | Scene, ViewLayer | Updating Images | Loading herbal-roof.png.002
Fra:1 Mem:3205.50M (Peak 3205.76M) | Time:00:01.06 | Mem:226.38M, Peak:226.38M | Scene, ViewLayer | Updating Images | Loading herbal-roof.png.003
Fra:1 Mem:3206.00M (Peak 3206.00M) | Time:00:01.06 | Mem:226.62M, Peak:226.62M | Scene, ViewLayer | Updating Images | Loading warm-tiledark.png.004
Fra:1 Mem:3206.25M (Peak 3206.25M) | Time:00:01.06 | Mem:226.88M, Peak:226.88M | Scene, ViewLayer | Updating Images | Loading herbal-roof.png.004
Fra:1 Mem:3206.76M (Peak 3206.76M) | Time:00:01.06 | Mem:227.12M, Peak:227.12M | Scene, ViewLayer | Updating Images | Loading herbal-roof.png.005
Fra:1 Mem:3207.01M (Peak 3207.01M) | Time:00:01.06 | Mem:227.38M, Peak:227.38M | Scene, ViewLayer | Updating Images | Loading herbal-roof.png.006
Fra:1 Mem:3207.26M (Peak 3207.26M) | Time:00:01.06 | Mem:227.62M, Peak:227.62M | Scene, ViewLayer | Updating Images | Loading herbal-stone.png
Fra:1 Mem:3207.25M (Peak 3207.26M) | Time:00:01.06 | Mem:227.88M, Peak:227.88M | Scene, ViewLayer | Updating Images | Loading herbal-stone.png.001
Fra:1 Mem:3207.76M (Peak 3207.76M) | Time:00:01.06 | Mem:228.12M, Peak:228.12M | Scene, ViewLayer | Updating Images | Loading warm-tiledark.png.003
Fra:1 Mem:3208.01M (Peak 3208.01M) | Time:00:01.06 | Mem:228.38M, Peak:228.38M | Scene, ViewLayer | Updating Images | Loading herbal-stone.png.002
Fra:1 Mem:3207.75M (Peak 3208.01M) | Time:00:01.06 | Mem:228.62M, Peak:228.62M | Scene, ViewLayer | Updating Images | Loading herbal-stone.png.003
Fra:1 Mem:3208.51M (Peak 3208.51M) | Time:00:01.06 | Mem:228.88M, Peak:228.88M | Scene, ViewLayer | Updating Images | Loading herbal-stone.png.004
Fra:1 Mem:3208.50M (Peak 3208.51M) | Time:00:01.06 | Mem:229.12M, Peak:229.12M | Scene, ViewLayer | Updating Images | Loading herbal-stone.png.005
Fra:1 Mem:3208.75M (Peak 3208.75M) | Time:00:01.06 | Mem:229.38M, Peak:229.38M | Scene, ViewLayer | Updating Images | Loading warm-tiledark.png.002
Fra:1 Mem:3209.00M (Peak 3209.00M) | Time:00:01.06 | Mem:229.62M, Peak:229.62M | Scene, ViewLayer | Updating Images | Loading herbal-stone.png.006
Fra:1 Mem:3209.51M (Peak 3209.51M) | Time:00:01.06 | Mem:229.88M, Peak:229.88M | Scene, ViewLayer | Updating Images | Loading herbal-tile.png
Fra:1 Mem:3209.25M (Peak 3209.51M) | Time:00:01.06 | Mem:230.12M, Peak:230.12M | Scene, ViewLayer | Updating Images | Loading herbal-tile.png.001
Fra:1 Mem:3209.76M (Peak 3209.76M) | Time:00:01.06 | Mem:230.38M, Peak:230.38M | Scene, ViewLayer | Updating Images | Loading herbal-tile.png.002
Fra:1 Mem:3210.00M (Peak 3210.00M) | Time:00:01.06 | Mem:230.88M, Peak:230.88M | Scene, ViewLayer | Updating Images | Loading warm-tiledark.png.001
Fra:1 Mem:3210.00M (Peak 3210.00M) | Time:00:01.06 | Mem:230.88M, Peak:230.88M | Scene, ViewLayer | Updating Images | Loading herbal-tile.png.003
Fra:1 Mem:3210.76M (Peak 3210.76M) | Time:00:01.06 | Mem:231.12M, Peak:231.12M | Scene, ViewLayer | Updating Images | Loading herbal-tile.png.004
Fra:1 Mem:3210.75M (Peak 3210.76M) | Time:00:01.06 | Mem:231.38M, Peak:231.38M | Scene, ViewLayer | Updating Images | Loading herbal-tile.png.005
Fra:1 Mem:3211.26M (Peak 3211.26M) | Time:00:01.06 | Mem:231.62M, Peak:231.62M | Scene, ViewLayer | Updating Images | Loading herbal-tile.png.006
Fra:1 Mem:3211.25M (Peak 3211.26M) | Time:00:01.06 | Mem:231.88M, Peak:231.88M | Scene, ViewLayer | Updating Images | Loading herbal-cutstone.png
Fra:1 Mem:3211.76M (Peak 3211.76M) | Time:00:01.06 | Mem:232.12M, Peak:232.12M | Scene, ViewLayer | Updating Images | Loading herbal-cutstone.png.001
Fra:1 Mem:3211.75M (Peak 3211.76M) | Time:00:01.06 | Mem:232.38M, Peak:232.38M | Scene, ViewLayer | Updating Images | Loading warm-tiledark.png
Fra:1 Mem:3212.01M (Peak 3212.01M) | Time:00:01.06 | Mem:232.62M, Peak:232.62M | Scene, ViewLayer | Updating Images | Loading herbal-cutstone.png.002
Fra:1 Mem:3212.25M (Peak 3212.25M) | Time:00:01.06 | Mem:232.88M, Peak:232.88M | Scene, ViewLayer | Updating Images | Loading herbal-cutstone.png.003
Fra:1 Mem:3212.50M (Peak 3212.50M) | Time:00:01.06 | Mem:233.12M, Peak:233.12M | Scene, ViewLayer | Updating Images | Loading herbal-cutstone.png.004
Fra:1 Mem:3213.01M (Peak 3213.01M) | Time:00:01.06 | Mem:233.38M, Peak:233.38M | Scene, ViewLayer | Updating Images | Loading warm-tile.png.005
Fra:1 Mem:3213.00M (Peak 3213.01M) | Time:00:01.06 | Mem:233.62M, Peak:233.62M | Scene, ViewLayer | Updating Images | Loading herbal-cutstone.png.005
Fra:1 Mem:3213.51M (Peak 3213.51M) | Time:00:01.06 | Mem:233.88M, Peak:233.88M | Scene, ViewLayer | Updating Images | Loading herbal-cutstone.png.006
Fra:1 Mem:3213.50M (Peak 3213.51M) | Time:00:01.06 | Mem:234.12M, Peak:234.12M | Scene, ViewLayer | Updating Images | Loading herbal-darkwood.png
Fra:1 Mem:3214.27M (Peak 3214.27M) | Time:00:01.06 | Mem:234.38M, Peak:234.38M | Scene, ViewLayer | Updating Images | Loading warm-tile.png.004
Fra:1 Mem:3214.52M (Peak 3214.52M) | Time:00:01.06 | Mem:234.62M, Peak:234.62M | Scene, ViewLayer | Updating Images | Loading herbal-darkwood.png.001
Fra:1 Mem:3214.51M (Peak 3214.52M) | Time:00:01.06 | Mem:234.88M, Peak:234.88M | Scene, ViewLayer | Updating Images | Loading herbal-darkwood.png.002
Fra:1 Mem:3214.50M (Peak 3214.52M) | Time:00:01.06 | Mem:235.12M, Peak:235.12M | Scene, ViewLayer | Updating Images | Loading herbal-darkwood.png.003
Fra:1 Mem:3215.01M (Peak 3215.01M) | Time:00:01.06 | Mem:235.38M, Peak:235.38M | Scene, ViewLayer | Updating Images | Loading herbal-darkwood.png.004
Fra:1 Mem:3215.52M (Peak 3215.52M) | Time:00:01.06 | Mem:235.62M, Peak:235.62M | Scene, ViewLayer | Updating Images | Loading herbal-darkwood.png.005
Fra:1 Mem:3215.26M (Peak 3215.52M) | Time:00:01.06 | Mem:235.88M, Peak:235.88M | Scene, ViewLayer | Updating Images | Loading herbal-darkwood.png.006
Fra:1 Mem:3216.02M (Peak 3216.02M) | Time:00:01.06 | Mem:236.12M, Peak:236.12M | Scene, ViewLayer | Updating Images | Loading herbal-wood.png
Fra:1 Mem:3215.75M (Peak 3216.02M) | Time:00:01.06 | Mem:236.62M, Peak:236.62M | Scene, ViewLayer | Updating Images | Loading warm-tile.png.003
Fra:1 Mem:3215.75M (Peak 3216.02M) | Time:00:01.06 | Mem:236.62M, Peak:236.62M | Scene, ViewLayer | Updating Images | Loading herbal-wood.png.001
Fra:1 Mem:3216.77M (Peak 3216.77M) | Time:00:01.06 | Mem:236.88M, Peak:236.88M | Scene, ViewLayer | Updating Images | Loading herbal-wood.png.002
Fra:1 Mem:3216.51M (Peak 3216.77M) | Time:00:01.06 | Mem:237.12M, Peak:237.12M | Scene, ViewLayer | Updating Images | Loading herbal-wood.png.003
Fra:1 Mem:3216.75M (Peak 3216.77M) | Time:00:01.06 | Mem:237.38M, Peak:237.38M | Scene, ViewLayer | Updating Images | Loading herbal-wood.png.004
Fra:1 Mem:3217.26M (Peak 3217.26M) | Time:00:01.06 | Mem:237.62M, Peak:237.62M | Scene, ViewLayer | Updating Images | Loading herbal-wood.png.005
Fra:1 Mem:3217.77M (Peak 3217.77M) | Time:00:01.06 | Mem:237.88M, Peak:237.88M | Scene, ViewLayer | Updating Images | Loading warm-tile.png.002
Fra:1 Mem:3218.02M (Peak 3218.02M) | Time:00:01.06 | Mem:238.12M, Peak:238.12M | Scene, ViewLayer | Updating Images | Loading herbal-wood.png.006
Fra:1 Mem:3218.01M (Peak 3218.02M) | Time:00:01.06 | Mem:238.38M, Peak:238.38M | Scene, ViewLayer | Updating Images | Loading herbal-latticewood.png
Fra:1 Mem:3218.00M (Peak 3218.02M) | Time:00:01.06 | Mem:238.62M, Peak:238.62M | Scene, ViewLayer | Updating Images | Loading herbal-latticewood.png.001
Fra:1 Mem:3218.25M (Peak 3218.25M) | Time:00:01.06 | Mem:238.88M, Peak:238.88M | Scene, ViewLayer | Updating Images | Loading herbal-latticewood.png.002
Fra:1 Mem:3218.76M (Peak 3218.76M) | Time:00:01.06 | Mem:239.12M, Peak:239.12M | Scene, ViewLayer | Updating Images | Loading warm-tile.png.001
Fra:1 Mem:3219.01M (Peak 3219.01M) | Time:00:01.06 | Mem:239.38M, Peak:239.38M | Scene, ViewLayer | Updating Images | Loading herbal-latticewood.png.003
Fra:1 Mem:3219.00M (Peak 3219.01M) | Time:00:01.06 | Mem:239.62M, Peak:239.62M | Scene, ViewLayer | Updating Images | Loading herbal-latticewood.png.004
Fra:1 Mem:3219.77M (Peak 3219.77M) | Time:00:01.06 | Mem:239.88M, Peak:239.88M | Scene, ViewLayer | Updating Images | Loading herbal-latticewood.png.005
Fra:1 Mem:3219.76M (Peak 3219.77M) | Time:00:01.06 | Mem:240.38M, Peak:240.38M | Scene, ViewLayer | Updating Images | Loading herbal-latticewood.png.006
Fra:1 Mem:3219.75M (Peak 3219.77M) | Time:00:01.06 | Mem:240.62M, Peak:240.62M | Scene, ViewLayer | Updating Images | Loading herbal-tilelight.png
Fra:1 Mem:3219.75M (Peak 3219.77M) | Time:00:01.06 | Mem:240.62M, Peak:240.62M | Scene, ViewLayer | Updating Images | Loading herbal-tilelight.png.001
Fra:1 Mem:3220.25M (Peak 3220.25M) | Time:00:01.06 | Mem:240.88M, Peak:240.88M | Scene, ViewLayer | Updating Images | Loading herbal-tilelight.png.002
Fra:1 Mem:3220.50M (Peak 3220.50M) | Time:00:01.06 | Mem:241.12M, Peak:241.12M | Scene, ViewLayer | Updating Images | Loading herbal-tilelight.png.003
Fra:1 Mem:3221.27M (Peak 3221.27M) | Time:00:01.06 | Mem:241.38M, Peak:241.38M | Scene, ViewLayer | Updating Images | Loading herbal-tilelight.png.004
Fra:1 Mem:3221.26M (Peak 3221.27M) | Time:00:01.06 | Mem:241.62M, Peak:241.62M | Scene, ViewLayer | Updating Images | Loading warm-tile.png
Fra:1 Mem:3221.26M (Peak 3221.27M) | Time:00:01.06 | Mem:241.88M, Peak:241.88M | Scene, ViewLayer | Updating Images | Loading herbal-tilelight.png.005
Fra:1 Mem:3221.76M (Peak 3221.76M) | Time:00:01.06 | Mem:242.12M, Peak:242.12M | Scene, ViewLayer | Updating Images | Loading herbal-tilelight.png.006
Fra:1 Mem:3222.01M (Peak 3222.01M) | Time:00:01.06 | Mem:242.38M, Peak:242.38M | Scene, ViewLayer | Updating Images | Loading herbal-tiledark.png
Fra:1 Mem:3221.75M (Peak 3222.01M) | Time:00:01.06 | Mem:242.62M, Peak:242.62M | Scene, ViewLayer | Updating Images | Loading herbal-tiledark.png.001
Fra:1 Mem:3222.25M (Peak 3222.25M) | Time:00:01.06 | Mem:242.88M, Peak:242.88M | Scene, ViewLayer | Updating Images | Loading herbal-tiledark.png.002
Fra:1 Mem:3222.77M (Peak 3222.77M) | Time:00:01.06 | Mem:243.12M, Peak:243.12M | Scene, ViewLayer | Updating Images | Loading herbal-tiledark.png.003
Fra:1 Mem:3222.76M (Peak 3222.77M) | Time:00:01.06 | Mem:243.38M, Peak:243.38M | Scene, ViewLayer | Updating Images | Loading warm-tilelight.png.005
Fra:1 Mem:3223.00M (Peak 3223.00M) | Time:00:01.06 | Mem:243.88M, Peak:243.88M | Scene, ViewLayer | Updating Images | Loading herbal-tiledark.png.004
Fra:1 Mem:3223.00M (Peak 3223.00M) | Time:00:01.06 | Mem:243.88M, Peak:243.88M | Scene, ViewLayer | Updating Images | Loading herbal-tiledark.png.005
Fra:1 Mem:3223.50M (Peak 3223.50M) | Time:00:01.06 | Mem:244.12M, Peak:244.12M | Scene, ViewLayer | Updating Images | Loading herbal-tiledark.png.006
Fra:1 Mem:3223.75M (Peak 3223.75M) | Time:00:01.06 | Mem:244.38M, Peak:244.38M | Scene, ViewLayer | Updating Images | Loading herbal-paving.png
Fra:1 Mem:3224.00M (Peak 3224.00M) | Time:00:01.06 | Mem:244.88M, Peak:244.88M | Scene, ViewLayer | Updating Images | Loading herbal-paving.png.001
Fra:1 Mem:3224.25M (Peak 3224.25M) | Time:00:01.06 | Mem:244.88M, Peak:244.88M | Scene, ViewLayer | Updating Images | Loading herbal-paving.png.002
Fra:1 Mem:3225.02M (Peak 3225.02M) | Time:00:01.06 | Mem:245.12M, Peak:245.12M | Scene, ViewLayer | Updating Images | Loading herbal-paving.png.003
Fra:1 Mem:3224.76M (Peak 3225.02M) | Time:00:01.06 | Mem:245.38M, Peak:245.38M | Scene, ViewLayer | Updating Images | Loading warm-tilelight.png.004
Fra:1 Mem:3225.00M (Peak 3225.02M) | Time:00:01.06 | Mem:245.62M, Peak:245.62M | Scene, ViewLayer | Updating Images | Loading herbal-paving.png.004
Fra:1 Mem:3225.25M (Peak 3225.25M) | Time:00:01.07 | Mem:245.88M, Peak:245.88M | Scene, ViewLayer | Updating Images | Loading herbal-paving.png.005
Fra:1 Mem:3225.76M (Peak 3225.76M) | Time:00:01.07 | Mem:246.12M, Peak:246.12M | Scene, ViewLayer | Updating Images | Loading herbal-paving.png.006
Fra:1 Mem:3225.75M (Peak 3225.76M) | Time:00:01.07 | Mem:246.38M, Peak:246.38M | Scene, ViewLayer | Updating Images | Loading herbal-courtbase.png
Fra:1 Mem:3226.00M (Peak 3226.00M) | Time:00:01.07 | Mem:246.62M, Peak:246.62M | Scene, ViewLayer | Updating Images | Loading herbal-courtbase.png.001
Fra:1 Mem:3226.25M (Peak 3226.25M) | Time:00:01.07 | Mem:246.88M, Peak:246.88M | Scene, ViewLayer | Updating Images | Loading warm-tilelight.png.003
Fra:1 Mem:3226.50M (Peak 3226.50M) | Time:00:01.07 | Mem:247.12M, Peak:247.12M | Scene, ViewLayer | Updating Images | Loading herbal-courtbase.png.002
Fra:1 Mem:3227.01M (Peak 3227.01M) | Time:00:01.07 | Mem:247.38M, Peak:247.38M | Scene, ViewLayer | Updating Images | Loading herbal-courtbase.png.003
Fra:1 Mem:3227.00M (Peak 3227.01M) | Time:00:01.07 | Mem:247.62M, Peak:247.62M | Scene, ViewLayer | Updating Images | Loading herbal-courtbase.png.004
Fra:1 Mem:3227.77M (Peak 3227.77M) | Time:00:01.07 | Mem:247.88M, Peak:247.88M | Scene, ViewLayer | Updating Images | Loading warm-tilelight.png.002
Fra:1 Mem:3227.76M (Peak 3227.77M) | Time:00:01.07 | Mem:248.12M, Peak:248.12M | Scene, ViewLayer | Updating Images | Loading herbal-courtbase.png.005
Fra:1 Mem:3227.50M (Peak 3227.77M) | Time:00:01.07 | Mem:248.38M, Peak:248.38M | Scene, ViewLayer | Updating Images | Loading herbal-courtbase.png.006
Fra:1 Mem:3228.00M (Peak 3228.00M) | Time:00:01.07 | Mem:248.62M, Peak:248.62M | Scene, ViewLayer | Updating Images | Loading herbal-paper.png
Fra:1 Mem:3228.51M (Peak 3228.51M) | Time:00:01.07 | Mem:248.88M, Peak:248.88M | Scene, ViewLayer | Updating Images | Loading herbal-paper.png.001
Fra:1 Mem:3228.50M (Peak 3228.51M) | Time:00:01.07 | Mem:249.12M, Peak:249.12M | Scene, ViewLayer | Updating Images | Loading herbal-paper.png.002
Fra:1 Mem:3229.01M (Peak 3229.01M) | Time:00:01.07 | Mem:249.38M, Peak:249.38M | Scene, ViewLayer | Updating Images | Loading herbal-paper.png.003
Fra:1 Mem:3229.00M (Peak 3229.01M) | Time:00:01.07 | Mem:249.62M, Peak:249.62M | Scene, ViewLayer | Updating Images | Loading warm-tilelight.png.001
Fra:1 Mem:3229.25M (Peak 3229.25M) | Time:00:01.07 | Mem:249.88M, Peak:249.88M | Scene, ViewLayer | Updating Images | Loading herbal-paper.png.004
Fra:1 Mem:3229.50M (Peak 3229.50M) | Time:00:01.07 | Mem:250.12M, Peak:250.12M | Scene, ViewLayer | Updating Images | Loading herbal-paper.png.005
Fra:1 Mem:3229.75M (Peak 3229.75M) | Time:00:01.07 | Mem:250.38M, Peak:250.38M | Scene, ViewLayer | Updating Images | Loading herbal-paper.png.006
Fra:1 Mem:3230.52M (Peak 3230.52M) | Time:00:01.07 | Mem:250.62M, Peak:250.62M | Scene, ViewLayer | Updating Images | Loading herbal-ivory.png
Fra:1 Mem:3230.26M (Peak 3230.52M) | Time:00:01.07 | Mem:250.88M, Peak:250.88M | Scene, ViewLayer | Updating Images | Loading warm-tilelight.png
Fra:1 Mem:3230.50M (Peak 3230.52M) | Time:00:01.07 | Mem:251.12M, Peak:251.12M | Scene, ViewLayer | Updating Images | Loading herbal-ivory.png.001
Fra:1 Mem:3231.27M (Peak 3231.27M) | Time:00:01.07 | Mem:251.38M, Peak:251.38M | Scene, ViewLayer | Updating Images | Loading herbal-ivory.png.002
Fra:1 Mem:3231.26M (Peak 3231.27M) | Time:00:01.07 | Mem:251.62M, Peak:251.62M | Scene, ViewLayer | Updating Images | Loading herbal-ivory.png.003
Fra:1 Mem:3231.51M (Peak 3231.51M) | Time:00:01.07 | Mem:251.88M, Peak:251.88M | Scene, ViewLayer | Updating Images | Loading herbal-ivory.png.004
Fra:1 Mem:3231.50M (Peak 3231.51M) | Time:00:01.07 | Mem:252.12M, Peak:252.12M | Scene, ViewLayer | Updating Images | Loading herbal-ivory.png.005
Fra:1 Mem:3232.01M (Peak 3232.01M) | Time:00:01.07 | Mem:252.38M, Peak:252.38M | Scene, ViewLayer | Updating Images | Loading warm-roof.png.005
Fra:1 Mem:3232.00M (Peak 3232.01M) | Time:00:01.07 | Mem:252.62M, Peak:252.62M | Scene, ViewLayer | Updating Images | Loading herbal-ivory.png.006
Fra:1 Mem:3232.51M (Peak 3232.51M) | Time:00:01.07 | Mem:252.88M, Peak:252.88M | Scene, ViewLayer | Updating Images | Loading herbal-gold.png
Fra:1 Mem:3232.50M (Peak 3232.51M) | Time:00:01.07 | Mem:253.12M, Peak:253.12M | Scene, ViewLayer | Updating Images | Loading herbal-gold.png.001
Fra:1 Mem:3232.75M (Peak 3232.75M) | Time:00:01.07 | Mem:253.38M, Peak:253.38M | Scene, ViewLayer | Updating Images | Loading herbal-gold.png.002
Fra:1 Mem:3233.01M (Peak 3233.01M) | Time:00:01.07 | Mem:253.62M, Peak:253.62M | Scene, ViewLayer | Updating Images | Loading herbal-gold.png.003
Fra:1 Mem:3233.51M (Peak 3233.51M) | Time:00:01.07 | Mem:253.88M, Peak:253.88M | Scene, ViewLayer | Updating Images | Loading warm-roof.png.004
Fra:1 Mem:3233.50M (Peak 3233.51M) | Time:00:01.07 | Mem:254.12M, Peak:254.12M | Scene, ViewLayer | Updating Images | Loading herbal-gold.png.004
Fra:1 Mem:3234.53M (Peak 3234.53M) | Time:00:01.07 | Mem:254.38M, Peak:254.38M | Scene, ViewLayer | Updating Images | Loading herbal-gold.png.005
Fra:1 Mem:3234.52M (Peak 3234.53M) | Time:00:01.07 | Mem:254.62M, Peak:254.62M | Scene, ViewLayer | Updating Images | Loading herbal-gold.png.006
Fra:1 Mem:3234.51M (Peak 3234.53M) | Time:00:01.07 | Mem:254.88M, Peak:254.88M | Scene, ViewLayer | Updating Images | Loading herbal-screen.png
Fra:1 Mem:3234.50M (Peak 3234.53M) | Time:00:01.07 | Mem:255.12M, Peak:255.12M | Scene, ViewLayer | Updating Images | Loading herbal-screen.png.001
Fra:1 Mem:3235.27M (Peak 3235.27M) | Time:00:01.07 | Mem:255.38M, Peak:255.38M | Scene, ViewLayer | Updating Images | Loading warm-roof.png.003
Fra:1 Mem:3235.02M (Peak 3235.27M) | Time:00:01.07 | Mem:255.62M, Peak:255.62M | Scene, ViewLayer | Updating Images | Loading herbal-screen.png.002
Fra:1 Mem:3235.51M (Peak 3235.51M) | Time:00:01.07 | Mem:255.88M, Peak:255.88M | Scene, ViewLayer | Updating Images | Loading herbal-screen.png.003
Fra:1 Mem:3235.76M (Peak 3235.76M) | Time:00:01.07 | Mem:256.12M, Peak:256.12M | Scene, ViewLayer | Updating Images | Loading herbal-screen.png.004
Fra:1 Mem:3235.75M (Peak 3235.76M) | Time:00:01.07 | Mem:256.38M, Peak:256.38M | Scene, ViewLayer | Updating Images | Loading herbal-screen.png.005
Fra:1 Mem:3236.00M (Peak 3236.00M) | Time:00:01.07 | Mem:256.62M, Peak:256.62M | Scene, ViewLayer | Updating Images | Loading herbal-screen.png.006
Fra:1 Mem:3236.51M (Peak 3236.51M) | Time:00:01.07 | Mem:256.88M, Peak:256.88M | Scene, ViewLayer | Updating Images | Loading warm-roof.png.002
Fra:1 Mem:3237.02M (Peak 3237.02M) | Time:00:01.07 | Mem:257.12M, Peak:257.12M | Scene, ViewLayer | Updating Images | Loading herbal-leaf.png
Fra:1 Mem:3237.27M (Peak 3237.27M) | Time:00:01.07 | Mem:257.38M, Peak:257.38M | Scene, ViewLayer | Updating Images | Loading herbal-leaf.png.001
Fra:1 Mem:3237.27M (Peak 3237.27M) | Time:00:01.07 | Mem:257.62M, Peak:257.62M | Scene, ViewLayer | Updating Images | Loading herbal-leaf.png.002
Fra:1 Mem:3237.51M (Peak 3237.51M) | Time:00:01.07 | Mem:257.88M, Peak:257.88M | Scene, ViewLayer | Updating Images | Loading herbal-leaf.png.003
Fra:1 Mem:3237.50M (Peak 3237.51M) | Time:00:01.07 | Mem:258.12M, Peak:258.12M | Scene, ViewLayer | Updating Images | Loading herbal-leaf.png.004
Fra:1 Mem:3238.01M (Peak 3238.01M) | Time:00:01.07 | Mem:258.38M, Peak:258.38M | Scene, ViewLayer | Updating Images | Loading herbal-leaf.png.005
Fra:1 Mem:3238.26M (Peak 3238.26M) | Time:00:01.07 | Mem:258.62M, Peak:258.62M | Scene, ViewLayer | Updating Images | Loading warm-roof.png.001
Fra:1 Mem:3238.26M (Peak 3238.26M) | Time:00:01.07 | Mem:258.88M, Peak:258.88M | Scene, ViewLayer | Updating Images | Loading herbal-leaf.png.006
Fra:1 Mem:3238.50M (Peak 3238.50M) | Time:00:01.07 | Mem:259.12M, Peak:259.12M | Scene, ViewLayer | Updating Images | Loading herbal-bamboo.png
Fra:1 Mem:3239.01M (Peak 3239.01M) | Time:00:01.07 | Mem:259.38M, Peak:259.38M | Scene, ViewLayer | Updating Images | Loading herbal-bamboo.png.001
Fra:1 Mem:3239.00M (Peak 3239.01M) | Time:00:01.07 | Mem:259.62M, Peak:259.62M | Scene, ViewLayer | Updating Images | Loading herbal-bamboo.png.002
Fra:1 Mem:3239.51M (Peak 3239.51M) | Time:00:01.07 | Mem:259.88M, Peak:259.88M | Scene, ViewLayer | Updating Images | Loading herbal-bamboo.png.003
Fra:1 Mem:3239.76M (Peak 3239.76M) | Time:00:01.07 | Mem:260.12M, Peak:260.12M | Scene, ViewLayer | Updating Images | Loading herbal-bamboo.png.004
Fra:1 Mem:3239.50M (Peak 3239.76M) | Time:00:01.07 | Mem:260.38M, Peak:260.38M | Scene, ViewLayer | Updating Images | Loading herbal-bamboo.png.005
Fra:1 Mem:3240.52M (Peak 3240.52M) | Time:00:01.07 | Mem:260.62M, Peak:260.62M | Scene, ViewLayer | Updating Images | Loading herbal-bamboo.png.006
Fra:1 Mem:3240.51M (Peak 3240.52M) | Time:00:01.07 | Mem:260.88M, Peak:260.88M | Scene, ViewLayer | Updating Images | Loading herbal-leafdark.png
Fra:1 Mem:3240.50M (Peak 3240.52M) | Time:00:01.07 | Mem:261.12M, Peak:261.12M | Scene, ViewLayer | Updating Images | Loading herbal-leafdark.png.001
Fra:1 Mem:3241.01M (Peak 3241.01M) | Time:00:01.07 | Mem:261.38M, Peak:261.38M | Scene, ViewLayer | Updating Images | Loading warm-roof.png
Fra:1 Mem:3240.75M (Peak 3241.01M) | Time:00:01.07 | Mem:261.62M, Peak:261.62M | Scene, ViewLayer | Updating Images | Loading herbal-leafdark.png.002
Fra:1 Mem:3241.25M (Peak 3241.25M) | Time:00:01.07 | Mem:261.88M, Peak:261.88M | Scene, ViewLayer | Updating Images | Loading herbal-leafdark.png.003
Fra:1 Mem:3242.28M (Peak 3242.28M) | Time:00:01.07 | Mem:262.12M, Peak:262.12M | Scene, ViewLayer | Updating Images | Loading herbal-leafdark.png.004
Fra:1 Mem:3242.01M (Peak 3242.28M) | Time:00:01.07 | Mem:262.62M, Peak:262.62M | Scene, ViewLayer | Updating Images | Loading herbal-leafdark.png.005
Fra:1 Mem:3241.75M (Peak 3242.28M) | Time:00:01.07 | Mem:262.88M, Peak:262.88M | Scene, ViewLayer | Updating Images | Loading herbal-leafdark.png.006
Fra:1 Mem:3242.25M (Peak 3242.28M) | Time:00:01.07 | Mem:263.12M, Peak:263.12M | Scene, ViewLayer | Updating Images | Loading herbal-moss.png.001
Fra:1 Mem:3242.50M (Peak 3242.50M) | Time:00:01.07 | Mem:263.38M, Peak:263.38M | Scene, ViewLayer | Updating Images | Loading herbal-moss.png.002
Fra:1 Mem:3243.27M (Peak 3243.27M) | Time:00:01.07 | Mem:263.62M, Peak:263.62M | Scene, ViewLayer | Updating Images | Loading herbal-moss.png.003
Fra:1 Mem:3243.26M (Peak 3243.27M) | Time:00:01.07 | Mem:263.88M, Peak:263.88M | Scene, ViewLayer | Updating Images | Loading herbal-moss.png.004
Fra:1 Mem:3243.00M (Peak 3243.27M) | Time:00:01.07 | Mem:264.12M, Peak:264.12M | Scene, ViewLayer | Updating Images | Loading herbal-moss.png.005
Fra:1 Mem:3243.76M (Peak 3243.76M) | Time:00:01.07 | Mem:264.38M, Peak:264.38M | Scene, ViewLayer | Updating Images | Loading herbal-moss.png.006
Fra:1 Mem:3243.75M (Peak 3243.76M) | Time:00:01.07 | Mem:264.62M, Peak:264.62M | Scene, ViewLayer | Updating Images | Loading warm-screen.png.005
Fra:1 Mem:3244.51M (Peak 3244.51M) | Time:00:01.07 | Mem:264.88M, Peak:264.88M | Scene, ViewLayer | Updating Images | Loading herbal-botanical_stem.png
Fra:1 Mem:3245.28M (Peak 3245.28M) | Time:00:01.07 | Mem:265.12M, Peak:265.12M | Scene, ViewLayer | Updating Images | Loading herbal-botanical_stem.png.001
Fra:1 Mem:3245.27M (Peak 3245.28M) | Time:00:01.07 | Mem:265.38M, Peak:265.38M | Scene, ViewLayer | Updating Images | Loading herbal-botanical_stem.png.002
Fra:1 Mem:3245.01M (Peak 3245.28M) | Time:00:01.07 | Mem:265.62M, Peak:265.62M | Scene, ViewLayer | Updating Images | Loading herbal-botanical_stem.png.003
Fra:1 Mem:3245.26M (Peak 3245.28M) | Time:00:01.07 | Mem:265.88M, Peak:265.88M | Scene, ViewLayer | Updating Images | Loading herbal-botanical_stem.png.004
Fra:1 Mem:3245.51M (Peak 3245.51M) | Time:00:01.07 | Mem:266.12M, Peak:266.12M | Scene, ViewLayer | Updating Images | Loading herbal-botanical_stem.png.005
Fra:1 Mem:3245.76M (Peak 3245.76M) | Time:00:01.07 | Mem:266.38M, Peak:266.38M | Scene, ViewLayer | Updating Images | Loading herbal-botanical_stem.png.006
Fra:1 Mem:3246.52M (Peak 3246.52M) | Time:00:01.07 | Mem:266.62M, Peak:266.62M | Scene, ViewLayer | Updating Images | Loading warm-screen.png.004
Fra:1 Mem:3246.77M (Peak 3246.77M) | Time:00:01.07 | Mem:266.88M, Peak:266.88M | Scene, ViewLayer | Updating Images | Loading herbal-botanical_bamboo.png
Fra:1 Mem:3246.76M (Peak 3246.77M) | Time:00:01.07 | Mem:267.12M, Peak:267.12M | Scene, ViewLayer | Updating Images | Loading herbal-botanical_bamboo.png.001
Fra:1 Mem:3246.76M (Peak 3246.77M) | Time:00:01.07 | Mem:267.38M, Peak:267.38M | Scene, ViewLayer | Updating Images | Loading herbal-botanical_bamboo.png.002
Fra:1 Mem:3247.01M (Peak 3247.01M) | Time:00:01.08 | Mem:267.62M, Peak:267.62M | Scene, ViewLayer | Updating Images | Loading herbal-botanical_bamboo.png.003
Fra:1 Mem:3247.51M (Peak 3247.51M) | Time:00:01.08 | Mem:267.88M, Peak:267.88M | Scene, ViewLayer | Updating Images | Loading herbal-botanical_bamboo.png.004
Fra:1 Mem:3247.51M (Peak 3247.51M) | Time:00:01.08 | Mem:268.12M, Peak:268.12M | Scene, ViewLayer | Updating Images | Loading herbal-botanical_bamboo.png.005
Fra:1 Mem:3248.27M (Peak 3248.27M) | Time:00:01.08 | Mem:268.38M, Peak:268.38M | Scene, ViewLayer | Updating Images | Loading herbal-botanical_bamboo.png.006
Fra:1 Mem:3248.52M (Peak 3248.52M) | Time:00:01.08 | Mem:268.62M, Peak:268.62M | Scene, ViewLayer | Updating Images | Loading herbal-botanical_litter.png
Fra:1 Mem:3248.51M (Peak 3248.52M) | Time:00:01.08 | Mem:268.88M, Peak:268.88M | Scene, ViewLayer | Updating Images | Loading herbal-botanical_litter.png.001
Fra:1 Mem:3248.51M (Peak 3248.52M) | Time:00:01.08 | Mem:269.12M, Peak:269.12M | Scene, ViewLayer | Updating Images | Loading herbal-botanical_litter.png.002
Fra:1 Mem:3248.76M (Peak 3248.76M) | Time:00:01.08 | Mem:269.38M, Peak:269.38M | Scene, ViewLayer | Updating Images | Loading warm-screen.png.003
Fra:1 Mem:3249.52M (Peak 3249.52M) | Time:00:01.08 | Mem:269.62M, Peak:269.62M | Scene, ViewLayer | Updating Images | Loading herbal-botanical_litter.png.003
Fra:1 Mem:3249.51M (Peak 3249.52M) | Time:00:01.08 | Mem:269.88M, Peak:269.88M | Scene, ViewLayer | Updating Images | Loading herbal-botanical_litter.png.004
Fra:1 Mem:3249.51M (Peak 3249.52M) | Time:00:01.08 | Mem:270.12M, Peak:270.12M | Scene, ViewLayer | Updating Images | Loading herbal-botanical_litter.png.005
Fra:1 Mem:3249.76M (Peak 3249.76M) | Time:00:01.08 | Mem:270.38M, Peak:270.38M | Scene, ViewLayer | Updating Images | Loading herbal-botanical_litter.png.006
Fra:1 Mem:3250.26M (Peak 3250.26M) | Time:00:01.08 | Mem:270.62M, Peak:270.62M | Scene, ViewLayer | Updating Images | Loading study-plaster.png
Fra:1 Mem:3250.77M (Peak 3250.77M) | Time:00:01.08 | Mem:270.88M, Peak:270.88M | Scene, ViewLayer | Updating Images | Loading study-plaster.png.001
Fra:1 Mem:3250.76M (Peak 3250.77M) | Time:00:01.08 | Mem:271.12M, Peak:271.12M | Scene, ViewLayer | Updating Images | Loading study-plaster.png.002
Fra:1 Mem:3251.27M (Peak 3251.27M) | Time:00:01.08 | Mem:271.38M, Peak:271.38M | Scene, ViewLayer | Updating Images | Loading warm-screen.png.002
Fra:1 Mem:3251.01M (Peak 3251.27M) | Time:00:01.08 | Mem:271.62M, Peak:271.62M | Scene, ViewLayer | Updating Images | Loading study-plaster.png.003
Fra:1 Mem:3251.51M (Peak 3251.51M) | Time:00:01.08 | Mem:271.88M, Peak:271.88M | Scene, ViewLayer | Updating Images | Loading study-plaster.png.004
Fra:1 Mem:3251.76M (Peak 3251.76M) | Time:00:01.08 | Mem:272.12M, Peak:272.12M | Scene, ViewLayer | Updating Images | Loading study-plaster.png.005
Fra:1 Mem:3251.76M (Peak 3251.76M) | Time:00:01.08 | Mem:272.38M, Peak:272.38M | Scene, ViewLayer | Updating Images | Loading study-plaster.png.006
Fra:1 Mem:3252.26M (Peak 3252.26M) | Time:00:01.08 | Mem:272.62M, Peak:272.62M | Scene, ViewLayer | Updating Images | Loading study-roof.png
Fra:1 Mem:3252.51M (Peak 3252.51M) | Time:00:01.08 | Mem:272.88M, Peak:272.88M | Scene, ViewLayer | Updating Images | Loading study-roof.png.001
Fra:1 Mem:3252.76M (Peak 3252.76M) | Time:00:01.08 | Mem:273.12M, Peak:273.12M | Scene, ViewLayer | Updating Images | Loading study-roof.png.002
Fra:1 Mem:3252.76M (Peak 3252.76M) | Time:00:01.08 | Mem:273.38M, Peak:273.38M | Scene, ViewLayer | Updating Images | Loading study-roof.png.003
Fra:1 Mem:3253.78M (Peak 3253.78M) | Time:00:01.08 | Mem:273.62M, Peak:273.62M | Scene, ViewLayer | Updating Images | Loading study-roof.png.004
Fra:1 Mem:3253.51M (Peak 3253.78M) | Time:00:01.08 | Mem:274.12M, Peak:274.12M | Scene, ViewLayer | Updating Images | Loading warm-screen.png.001
Fra:1 Mem:3253.51M (Peak 3253.78M) | Time:00:01.08 | Mem:274.12M, Peak:274.12M | Scene, ViewLayer | Updating Images | Loading study-roof.png.005
Fra:1 Mem:3253.50M (Peak 3253.78M) | Time:00:01.08 | Mem:274.38M, Peak:274.38M | Scene, ViewLayer | Updating Images | Loading study-roof.png.006
Fra:1 Mem:3254.26M (Peak 3254.26M) | Time:00:01.08 | Mem:274.62M, Peak:274.62M | Scene, ViewLayer | Updating Images | Loading study-stone.png
Fra:1 Mem:3254.52M (Peak 3254.52M) | Time:00:01.08 | Mem:274.88M, Peak:274.88M | Scene, ViewLayer | Updating Images | Loading study-stone.png.001
Fra:1 Mem:3254.76M (Peak 3254.76M) | Time:00:01.08 | Mem:275.12M, Peak:275.12M | Scene, ViewLayer | Updating Images | Loading study-stone.png.002
Fra:1 Mem:3254.50M (Peak 3254.76M) | Time:00:01.08 | Mem:275.38M, Peak:275.38M | Scene, ViewLayer | Updating Images | Loading study-stone.png.003
Fra:1 Mem:3255.01M (Peak 3255.01M) | Time:00:01.08 | Mem:275.62M, Peak:275.62M | Scene, ViewLayer | Updating Images | Loading study-stone.png.004
Fra:1 Mem:3256.55M (Peak 3256.55M) | Time:00:01.08 | Mem:275.88M, Peak:275.88M | Scene, ViewLayer | Updating Images | Loading study-stone.png.005
Fra:1 Mem:3256.29M (Peak 3256.55M) | Time:00:01.08 | Mem:276.12M, Peak:276.12M | Scene, ViewLayer | Updating Images | Loading study-stone.png.006
Fra:1 Mem:3256.28M (Peak 3256.55M) | Time:00:01.08 | Mem:276.38M, Peak:276.38M | Scene, ViewLayer | Updating Images | Loading study-tile.png
Fra:1 Mem:3256.02M (Peak 3256.55M) | Time:00:01.08 | Mem:276.62M, Peak:276.62M | Scene, ViewLayer | Updating Images | Loading study-tile.png.001
Fra:1 Mem:3256.51M (Peak 3256.55M) | Time:00:01.08 | Mem:276.88M, Peak:276.88M | Scene, ViewLayer | Updating Images | Loading warm-screen.png
Fra:1 Mem:3256.51M (Peak 3256.55M) | Time:00:01.08 | Mem:277.12M, Peak:277.12M | Scene, ViewLayer | Updating Images | Loading study-tile.png.002
Fra:1 Mem:3256.76M (Peak 3256.76M) | Time:00:01.08 | Mem:277.38M, Peak:277.38M | Scene, ViewLayer | Updating Images | Loading study-tile.png.003
Fra:1 Mem:3257.01M (Peak 3257.01M) | Time:00:01.08 | Mem:277.62M, Peak:277.62M | Scene, ViewLayer | Updating Images | Loading study-tile.png.004
Fra:1 Mem:3257.26M (Peak 3257.26M) | Time:00:01.08 | Mem:277.88M, Peak:277.88M | Scene, ViewLayer | Updating Images | Loading study-tile.png.005
Fra:1 Mem:3257.51M (Peak 3257.51M) | Time:00:01.08 | Mem:278.12M, Peak:278.12M | Scene, ViewLayer | Updating Images | Loading study-tile.png.006
Fra:1 Mem:3257.76M (Peak 3257.76M) | Time:00:01.08 | Mem:278.38M, Peak:278.38M | Scene, ViewLayer | Updating Images | Loading study-cutstone.png
Fra:1 Mem:3258.52M (Peak 3258.52M) | Time:00:01.08 | Mem:278.62M, Peak:278.62M | Scene, ViewLayer | Updating Images | Loading study-cutstone.png.001
Fra:1 Mem:3259.04M (Peak 3259.04M) | Time:00:01.08 | Mem:278.88M, Peak:278.88M | Scene, ViewLayer | Updating Images | Loading study-cutstone.png.002
Fra:1 Mem:3259.03M (Peak 3259.04M) | Time:00:01.08 | Mem:279.12M, Peak:279.12M | Scene, ViewLayer | Updating Images | Loading warm-latticewood.png.005
Fra:1 Mem:3258.77M (Peak 3259.04M) | Time:00:01.08 | Mem:279.38M, Peak:279.38M | Scene, ViewLayer | Updating Images | Loading study-cutstone.png.003
Fra:1 Mem:3259.01M (Peak 3259.04M) | Time:00:01.08 | Mem:279.88M, Peak:279.88M | Scene, ViewLayer | Updating Images | Loading study-cutstone.png.004
Fra:1 Mem:3259.01M (Peak 3259.04M) | Time:00:01.08 | Mem:279.88M, Peak:279.88M | Scene, ViewLayer | Updating Images | Loading study-cutstone.png.005
Fra:1 Mem:3259.51M (Peak 3259.51M) | Time:00:01.08 | Mem:280.12M, Peak:280.12M | Scene, ViewLayer | Updating Images | Loading study-cutstone.png.006
Fra:1 Mem:3259.76M (Peak 3259.76M) | Time:00:01.08 | Mem:280.38M, Peak:280.38M | Scene, ViewLayer | Updating Images | Loading study-darkwood.png
Fra:1 Mem:3260.01M (Peak 3260.01M) | Time:00:01.08 | Mem:280.62M, Peak:280.62M | Scene, ViewLayer | Updating Images | Loading study-darkwood.png.001
Fra:1 Mem:3260.26M (Peak 3260.26M) | Time:00:01.08 | Mem:280.88M, Peak:280.88M | Scene, ViewLayer | Updating Images | Loading study-darkwood.png.002
Fra:1 Mem:3261.02M (Peak 3261.02M) | Time:00:01.08 | Mem:281.12M, Peak:281.12M | Scene, ViewLayer | Updating Images | Loading study-darkwood.png.003
Fra:1 Mem:3261.02M (Peak 3261.02M) | Time:00:01.08 | Mem:281.38M, Peak:281.38M | Scene, ViewLayer | Updating Images | Loading study-darkwood.png.004
Fra:1 Mem:3261.01M (Peak 3261.02M) | Time:00:01.08 | Mem:281.62M, Peak:281.62M | Scene, ViewLayer | Updating Images | Loading warm-latticewood.png.004
Fra:1 Mem:3261.26M (Peak 3261.26M) | Time:00:01.08 | Mem:281.88M, Peak:281.88M | Scene, ViewLayer | Updating Images | Loading study-darkwood.png.005
Fra:1 Mem:3262.28M (Peak 3262.28M) | Time:00:01.08 | Mem:282.12M, Peak:282.12M | Scene, ViewLayer | Updating Images | Loading study-darkwood.png.006
Fra:1 Mem:3262.27M (Peak 3262.28M) | Time:00:01.08 | Mem:282.38M, Peak:282.38M | Scene, ViewLayer | Updating Images | Loading study-wood.png
Fra:1 Mem:3262.02M (Peak 3262.28M) | Time:00:01.08 | Mem:282.62M, Peak:282.62M | Scene, ViewLayer | Updating Images | Loading study-wood.png.001
Fra:1 Mem:3262.52M (Peak 3262.52M) | Time:00:01.08 | Mem:282.88M, Peak:282.88M | Scene, ViewLayer | Updating Images | Loading study-wood.png.002
Fra:1 Mem:3262.77M (Peak 3262.77M) | Time:00:01.08 | Mem:283.12M, Peak:283.12M | Scene, ViewLayer | Updating Images | Loading study-wood.png.003
Fra:1 Mem:3262.76M (Peak 3262.77M) | Time:00:01.08 | Mem:283.38M, Peak:283.38M | Scene, ViewLayer | Updating Images | Loading study-wood.png.004
Fra:1 Mem:3263.01M (Peak 3263.01M) | Time:00:01.08 | Mem:283.62M, Peak:283.62M | Scene, ViewLayer | Updating Images | Loading study-wood.png.005
Fra:1 Mem:3263.26M (Peak 3263.26M) | Time:00:01.08 | Mem:283.88M, Peak:283.88M | Scene, ViewLayer | Updating Images | Loading study-wood.png.006
Fra:1 Mem:3263.77M (Peak 3263.77M) | Time:00:01.08 | Mem:284.12M, Peak:284.12M | Scene, ViewLayer | Updating Images | Loading warm-latticewood.png.003
Fra:1 Mem:3264.02M (Peak 3264.02M) | Time:00:01.08 | Mem:284.38M, Peak:284.38M | Scene, ViewLayer | Updating Images | Loading study-latticewood.png
Fra:1 Mem:3264.01M (Peak 3264.02M) | Time:00:01.08 | Mem:284.62M, Peak:284.62M | Scene, ViewLayer | Updating Images | Loading study-latticewood.png.001
Fra:1 Mem:3264.26M (Peak 3264.26M) | Time:00:01.08 | Mem:284.88M, Peak:284.88M | Scene, ViewLayer | Updating Images | Loading study-latticewood.png.002
Fra:1 Mem:3265.02M (Peak 3265.02M) | Time:00:01.08 | Mem:285.12M, Peak:285.12M | Scene, ViewLayer | Updating Images | Loading study-latticewood.png.003
Fra:1 Mem:3265.27M (Peak 3265.27M) | Time:00:01.08 | Mem:285.38M, Peak:285.38M | Scene, ViewLayer | Updating Images | Loading study-latticewood.png.004
Fra:1 Mem:3265.01M (Peak 3265.27M) | Time:00:01.08 | Mem:285.62M, Peak:285.62M | Scene, ViewLayer | Updating Images | Loading study-latticewood.png.005
Fra:1 Mem:3265.26M (Peak 3265.27M) | Time:00:01.08 | Mem:285.88M, Peak:285.88M | Scene, ViewLayer | Updating Images | Loading study-latticewood.png.006
Fra:1 Mem:3265.77M (Peak 3265.77M) | Time:00:01.08 | Mem:286.12M, Peak:286.12M | Scene, ViewLayer | Updating Images | Loading study-screen.png
Fra:1 Mem:3266.02M (Peak 3266.02M) | Time:00:01.08 | Mem:286.38M, Peak:286.38M | Scene, ViewLayer | Updating Images | Loading study-screen.png.001
Fra:1 Mem:3266.01M (Peak 3266.02M) | Time:00:01.08 | Mem:286.62M, Peak:286.62M | Scene, ViewLayer | Updating Images | Loading study-screen.png.002
Fra:1 Mem:3266.26M (Peak 3266.26M) | Time:00:01.08 | Mem:286.88M, Peak:286.88M | Scene, ViewLayer | Updating Images | Loading warm-latticewood.png.002
Fra:1 Mem:3266.77M (Peak 3266.77M) | Time:00:01.08 | Mem:287.12M, Peak:287.12M | Scene, ViewLayer | Updating Images | Loading study-screen.png.003
Fra:1 Mem:3267.02M (Peak 3267.02M) | Time:00:01.08 | Mem:287.38M, Peak:287.38M | Scene, ViewLayer | Updating Images | Loading study-screen.png.004
Fra:1 Mem:3267.27M (Peak 3267.27M) | Time:00:01.08 | Mem:287.62M, Peak:287.62M | Scene, ViewLayer | Updating Images | Loading study-screen.png.005
Fra:1 Mem:3267.52M (Peak 3267.52M) | Time:00:01.08 | Mem:287.88M, Peak:287.88M | Scene, ViewLayer | Updating Images | Loading study-screen.png.006
Fra:1 Mem:3267.77M (Peak 3267.77M) | Time:00:01.08 | Mem:288.12M, Peak:288.12M | Scene, ViewLayer | Updating Images | Loading study-tilelight.png
Fra:1 Mem:3268.02M (Peak 3268.02M) | Time:00:01.08 | Mem:288.38M, Peak:288.38M | Scene, ViewLayer | Updating Images | Loading study-tilelight.png.001
Fra:1 Mem:3268.01M (Peak 3268.02M) | Time:00:01.08 | Mem:288.62M, Peak:288.62M | Scene, ViewLayer | Updating Images | Loading study-tilelight.png.002
Fra:1 Mem:3268.26M (Peak 3268.26M) | Time:00:01.08 | Mem:288.88M, Peak:288.88M | Scene, ViewLayer | Updating Images | Loading study-tilelight.png.003
Fra:1 Mem:3269.02M (Peak 3269.02M) | Time:00:01.08 | Mem:289.12M, Peak:289.12M | Scene, ViewLayer | Updating Images | Loading study-tilelight.png.004
Fra:1 Mem:3269.27M (Peak 3269.27M) | Time:00:01.08 | Mem:289.38M, Peak:289.38M | Scene, ViewLayer | Updating Images | Loading study-tilelight.png.005
Fra:1 Mem:3269.27M (Peak 3269.27M) | Time:00:01.09 | Mem:289.62M, Peak:289.62M | Scene, ViewLayer | Updating Images | Loading study-tilelight.png.006
Fra:1 Mem:3269.01M (Peak 3269.27M) | Time:00:01.09 | Mem:289.88M, Peak:289.88M | Scene, ViewLayer | Updating Images | Loading warm-latticewood.png.001
Fra:1 Mem:3269.51M (Peak 3269.51M) | Time:00:01.09 | Mem:290.12M, Peak:290.12M | Scene, ViewLayer | Updating Images | Loading study-tiledark.png
Fra:1 Mem:3269.76M (Peak 3269.76M) | Time:00:01.09 | Mem:290.38M, Peak:290.38M | Scene, ViewLayer | Updating Images | Loading study-tiledark.png.001
Fra:1 Mem:3270.27M (Peak 3270.27M) | Time:00:01.09 | Mem:290.62M, Peak:290.62M | Scene, ViewLayer | Updating Images | Loading study-tiledark.png.002
Fra:1 Mem:3270.77M (Peak 3270.77M) | Time:00:01.09 | Mem:290.88M, Peak:290.88M | Scene, ViewLayer | Updating Images | Loading study-tiledark.png.003
Fra:1 Mem:3271.02M (Peak 3271.02M) | Time:00:01.09 | Mem:291.12M, Peak:291.12M | Scene, ViewLayer | Updating Images | Loading study-tiledark.png.004
Fra:1 Mem:3271.27M (Peak 3271.27M) | Time:00:01.09 | Mem:291.38M, Peak:291.38M | Scene, ViewLayer | Updating Images | Loading study-tiledark.png.005
Fra:1 Mem:3271.01M (Peak 3271.27M) | Time:00:01.09 | Mem:291.62M, Peak:291.62M | Scene, ViewLayer | Updating Images | Loading study-tiledark.png.006
Fra:1 Mem:3271.01M (Peak 3271.27M) | Time:00:01.09 | Mem:291.88M, Peak:291.88M | Scene, ViewLayer | Updating Images | Loading warm-latticewood.png
Fra:1 Mem:3271.51M (Peak 3271.51M) | Time:00:01.09 | Mem:292.12M, Peak:292.12M | Scene, ViewLayer | Updating Images | Loading study-courtbase.png
Fra:1 Mem:3272.79M (Peak 3272.79M) | Time:00:01.09 | Mem:292.38M, Peak:292.38M | Scene, ViewLayer | Updating Images | Loading study-courtbase.png.001
Fra:1 Mem:3272.52M (Peak 3272.79M) | Time:00:01.09 | Mem:292.88M, Peak:292.88M | Scene, ViewLayer | Updating Images | Loading study-courtbase.png.002
Fra:1 Mem:3272.26M (Peak 3272.79M) | Time:00:01.09 | Mem:293.12M, Peak:293.12M | Scene, ViewLayer | Updating Images | Loading warm-wood.png.005
Fra:1 Mem:3272.51M (Peak 3272.79M) | Time:00:01.09 | Mem:293.38M, Peak:293.38M | Scene, ViewLayer | Updating Images | Loading study-courtbase.png.004
Fra:1 Mem:3273.27M (Peak 3273.27M) | Time:00:01.09 | Mem:293.62M, Peak:293.62M | Scene, ViewLayer | Updating Images | Loading study-courtbase.png.005
Fra:1 Mem:3273.26M (Peak 3273.27M) | Time:00:01.09 | Mem:293.88M, Peak:293.88M | Scene, ViewLayer | Updating Images | Loading study-courtbase.png.006
Fra:1 Mem:3273.51M (Peak 3273.51M) | Time:00:01.09 | Mem:294.12M, Peak:294.12M | Scene, ViewLayer | Updating Images | Loading study-paving.png
Fra:1 Mem:3274.02M (Peak 3274.02M) | Time:00:01.09 | Mem:294.38M, Peak:294.38M | Scene, ViewLayer | Updating Images | Loading study-paving.png.001
Fra:1 Mem:3274.01M (Peak 3274.02M) | Time:00:01.09 | Mem:294.62M, Peak:294.62M | Scene, ViewLayer | Updating Images | Loading study-paving.png.002
Fra:1 Mem:3274.52M (Peak 3274.52M) | Time:00:01.09 | Mem:294.88M, Peak:294.88M | Scene, ViewLayer | Updating Images | Loading study-paving.png.003
Fra:1 Mem:3274.51M (Peak 3274.52M) | Time:00:01.09 | Mem:295.12M, Peak:295.12M | Scene, ViewLayer | Updating Images | Loading warm-wood.png.004
Fra:1 Mem:3275.02M (Peak 3275.02M) | Time:00:01.09 | Mem:295.38M, Peak:295.38M | Scene, ViewLayer | Updating Images | Loading study-paving.png.004
Fra:1 Mem:3275.01M (Peak 3275.02M) | Time:00:01.09 | Mem:295.62M, Peak:295.62M | Scene, ViewLayer | Updating Images | Loading study-paving.png.005
Fra:1 Mem:3276.03M (Peak 3276.03M) | Time:00:01.09 | Mem:295.88M, Peak:295.88M | Scene, ViewLayer | Updating Images | Loading study-paving.png.006
Fra:1 Mem:3275.77M (Peak 3276.03M) | Time:00:01.09 | Mem:296.38M, Peak:296.38M | Scene, ViewLayer | Updating Images | Loading study-marble.png
Fra:1 Mem:3275.51M (Peak 3276.03M) | Time:00:01.09 | Mem:296.62M, Peak:296.62M | Scene, ViewLayer | Updating Images | Loading study-marble.png.002
Fra:1 Mem:3276.52M (Peak 3276.52M) | Time:00:01.09 | Mem:296.88M, Peak:296.88M | Scene, ViewLayer | Updating Images | Loading study-marble.png.003
Fra:1 Mem:3276.51M (Peak 3276.52M) | Time:00:01.09 | Mem:297.12M, Peak:297.12M | Scene, ViewLayer | Updating Images | Loading study-marble.png.004
Fra:1 Mem:3277.02M (Peak 3277.02M) | Time:00:01.09 | Mem:297.62M, Peak:297.62M | Scene, ViewLayer | Updating Images | Loading study-marble.png.005
Fra:1 Mem:3277.02M (Peak 3277.02M) | Time:00:01.09 | Mem:297.62M, Peak:297.62M | Scene, ViewLayer | Updating Images | Loading study-marble.png.006
Fra:1 Mem:3277.01M (Peak 3277.02M) | Time:00:01.09 | Mem:297.88M, Peak:297.88M | Scene, ViewLayer | Updating Images | Loading warm-wood.png.003
Fra:1 Mem:3277.77M (Peak 3277.77M) | Time:00:01.09 | Mem:298.12M, Peak:298.12M | Scene, ViewLayer | Updating Images | Loading study-paper.png
Fra:1 Mem:3277.76M (Peak 3277.77M) | Time:00:01.09 | Mem:298.38M, Peak:298.38M | Scene, ViewLayer | Updating Images | Loading study-paper.png.001
Fra:1 Mem:3278.01M (Peak 3278.01M) | Time:00:01.09 | Mem:298.62M, Peak:298.62M | Scene, ViewLayer | Updating Images | Loading study-paper.png.002
Fra:1 Mem:3278.26M (Peak 3278.26M) | Time:00:01.09 | Mem:298.88M, Peak:298.88M | Scene, ViewLayer | Updating Images | Loading study-paper.png.003
Fra:1 Mem:3279.03M (Peak 3279.03M) | Time:00:01.09 | Mem:299.12M, Peak:299.12M | Scene, ViewLayer | Updating Images | Loading study-paper.png.004
Fra:1 Mem:3279.02M (Peak 3279.03M) | Time:00:01.09 | Mem:299.38M, Peak:299.38M | Scene, ViewLayer | Updating Images | Loading study-paper.png.005
Fra:1 Mem:3278.76M (Peak 3279.03M) | Time:00:01.09 | Mem:299.62M, Peak:299.62M | Scene, ViewLayer | Updating Images | Loading study-paper.png.006
Fra:1 Mem:3279.26M (Peak 3279.26M) | Time:00:01.09 | Mem:299.88M, Peak:299.88M | Scene, ViewLayer | Updating Images | Loading study-ivory.png
Fra:1 Mem:3279.51M (Peak 3279.51M) | Time:00:01.09 | Mem:300.12M, Peak:300.12M | Scene, ViewLayer | Updating Images | Loading study-ivory.png.001
Fra:1 Mem:3279.76M (Peak 3279.76M) | Time:00:01.09 | Mem:300.38M, Peak:300.38M | Scene, ViewLayer | Updating Images | Loading warm-wood.png.002
Fra:1 Mem:3280.53M (Peak 3280.53M) | Time:00:01.09 | Mem:300.62M, Peak:300.62M | Scene, ViewLayer | Updating Images | Loading study-ivory.png.002
Fra:1 Mem:3280.52M (Peak 3280.53M) | Time:00:01.09 | Mem:300.88M, Peak:300.88M | Scene, ViewLayer | Updating Images | Loading study-ivory.png.003
Fra:1 Mem:3280.77M (Peak 3280.77M) | Time:00:01.09 | Mem:301.12M, Peak:301.12M | Scene, ViewLayer | Updating Images | Loading study-ivory.png.004
Fra:1 Mem:3280.76M (Peak 3280.77M) | Time:00:01.09 | Mem:301.38M, Peak:301.38M | Scene, ViewLayer | Updating Images | Loading study-ivory.png.005
Fra:1 Mem:3281.27M (Peak 3281.27M) | Time:00:01.09 | Mem:301.62M, Peak:301.62M | Scene, ViewLayer | Updating Images | Loading study-ivory.png.006
Fra:1 Mem:3281.52M (Peak 3281.52M) | Time:00:01.09 | Mem:301.88M, Peak:301.88M | Scene, ViewLayer | Updating Images | Loading study-gold.png
Fra:1 Mem:3281.51M (Peak 3281.52M) | Time:00:01.09 | Mem:302.12M, Peak:302.12M | Scene, ViewLayer | Updating Images | Loading study-gold.png.001
Fra:1 Mem:3281.76M (Peak 3281.76M) | Time:00:01.09 | Mem:302.38M, Peak:302.38M | Scene, ViewLayer | Updating Images | Loading study-gold.png.002
Fra:1 Mem:3282.01M (Peak 3282.01M) | Time:00:01.09 | Mem:302.62M, Peak:302.62M | Scene, ViewLayer | Updating Images | Loading study-gold.png.003
Fra:1 Mem:3282.52M (Peak 3282.52M) | Time:00:01.09 | Mem:302.88M, Peak:302.88M | Scene, ViewLayer | Updating Images | Loading study-gold.png.004
Fra:1 Mem:3282.77M (Peak 3282.77M) | Time:00:01.09 | Mem:303.12M, Peak:303.12M | Scene, ViewLayer | Updating Images | Loading study-gold.png.005
Fra:1 Mem:3282.76M (Peak 3282.77M) | Time:00:01.09 | Mem:303.38M, Peak:303.38M | Scene, ViewLayer | Updating Images | Loading warm-wood.png.001
Fra:1 Mem:3283.27M (Peak 3283.27M) | Time:00:01.09 | Mem:303.62M, Peak:303.62M | Scene, ViewLayer | Updating Images | Loading study-gold.png.006
Fra:1 Mem:3283.52M (Peak 3283.52M) | Time:00:01.09 | Mem:303.88M, Peak:303.88M | Scene, ViewLayer | Updating Images | Loading study-silk.png
Fra:1 Mem:3283.51M (Peak 3283.52M) | Time:00:01.09 | Mem:304.12M, Peak:304.12M | Scene, ViewLayer | Updating Images | Loading study-silk.png.001
Fra:1 Mem:3284.53M (Peak 3284.53M) | Time:00:01.09 | Mem:304.38M, Peak:304.38M | Scene, ViewLayer | Updating Images | Loading study-silk.png.002
Fra:1 Mem:3284.27M (Peak 3284.53M) | Time:00:01.09 | Mem:304.88M, Peak:304.88M | Scene, ViewLayer | Updating Images | Loading study-silk.png.003
Fra:1 Mem:3284.27M (Peak 3284.53M) | Time:00:01.09 | Mem:304.88M, Peak:304.88M | Scene, ViewLayer | Updating Images | Loading study-silk.png.004
Fra:1 Mem:3284.51M (Peak 3284.53M) | Time:00:01.09 | Mem:305.12M, Peak:305.12M | Scene, ViewLayer | Updating Images | Loading study-silk.png.005
Fra:1 Mem:3285.02M (Peak 3285.02M) | Time:00:01.09 | Mem:305.38M, Peak:305.38M | Scene, ViewLayer | Updating Images | Loading study-silk.png.006
Fra:1 Mem:3285.27M (Peak 3285.27M) | Time:00:01.09 | Mem:305.62M, Peak:305.62M | Scene, ViewLayer | Updating Images | Loading warm-wood.png
Fra:1 Mem:3285.78M (Peak 3285.78M) | Time:00:01.09 | Mem:305.88M, Peak:305.88M | Scene, ViewLayer | Updating Images | Loading study-bamboo.png
Fra:1 Mem:3285.77M (Peak 3285.78M) | Time:00:01.09 | Mem:306.38M, Peak:306.38M | Scene, ViewLayer | Updating Images | Loading study-bamboo.png.001
Fra:1 Mem:3285.51M (Peak 3285.78M) | Time:00:01.09 | Mem:306.38M, Peak:306.38M | Scene, ViewLayer | Updating Images | Loading study-bamboo.png.002
Fra:1 Mem:3286.01M (Peak 3286.01M) | Time:00:01.09 | Mem:306.62M, Peak:306.62M | Scene, ViewLayer | Updating Images | Loading study-bamboo.png.003
Fra:1 Mem:3286.26M (Peak 3286.26M) | Time:00:01.09 | Mem:306.88M, Peak:306.88M | Scene, ViewLayer | Updating Images | Loading study-bamboo.png.004
Fra:1 Mem:3286.51M (Peak 3286.51M) | Time:00:01.09 | Mem:307.12M, Peak:307.12M | Scene, ViewLayer | Updating Images | Loading study-bamboo.png.005
Fra:1 Mem:3287.27M (Peak 3287.27M) | Time:00:01.09 | Mem:307.62M, Peak:307.62M | Scene, ViewLayer | Updating Images | Loading study-bamboo.png.006
Fra:1 Mem:3286.75M (Peak 3287.27M) | Time:00:01.09 | Mem:307.88M, Peak:307.88M | Scene, ViewLayer | Updating Images | Loading study-leafdark.png
Fra:1 Mem:3287.01M (Peak 3287.27M) | Time:00:01.09 | Mem:308.12M, Peak:308.12M | Scene, ViewLayer | Updating Images | Loading study-leafdark.png.001
Fra:1 Mem:3287.26M (Peak 3287.27M) | Time:00:01.09 | Mem:308.12M, Peak:308.12M | Scene, ViewLayer | Updating Images | Loading study-leafdark.png.002
Fra:1 Mem:3288.03M (Peak 3288.03M) | Time:00:01.09 | Mem:308.38M, Peak:308.38M | Scene, ViewLayer | Updating Images | Loading warm-darkwood.png.005
Fra:1 Mem:3288.27M (Peak 3288.27M) | Time:00:01.09 | Mem:308.62M, Peak:308.62M | Scene, ViewLayer | Updating Images | Loading study-leafdark.png.003
Fra:1 Mem:3288.26M (Peak 3288.27M) | Time:00:01.09 | Mem:308.88M, Peak:308.88M | Scene, ViewLayer | Updating Images | Loading study-leafdark.png.004
Fra:1 Mem:3288.77M (Peak 3288.77M) | Time:00:01.09 | Mem:309.38M, Peak:309.38M | Scene, ViewLayer | Updating Images | Loading study-leafdark.png.005
Fra:1 Mem:3289.28M (Peak 3289.28M) | Time:00:01.09 | Mem:309.38M, Peak:309.38M | Scene, ViewLayer | Updating Images | Loading study-leafdark.png.006
Fra:1 Mem:3289.27M (Peak 3289.28M) | Time:00:01.09 | Mem:309.62M, Peak:309.62M | Scene, ViewLayer | Updating Images | Loading study-moss.png
Fra:1 Mem:3289.26M (Peak 3289.28M) | Time:00:01.09 | Mem:309.88M, Peak:309.88M | Scene, ViewLayer | Updating Images | Loading study-moss.png.001
Fra:1 Mem:3289.77M (Peak 3289.77M) | Time:00:01.09 | Mem:310.12M, Peak:310.12M | Scene, ViewLayer | Updating Images | Loading study-moss.png.002
Fra:1 Mem:3290.28M (Peak 3290.28M) | Time:00:01.09 | Mem:310.38M, Peak:310.38M | Scene, ViewLayer | Updating Images | Loading study-moss.png.003
Fra:1 Mem:3290.27M (Peak 3290.28M) | Time:00:01.09 | Mem:310.88M, Peak:310.88M | Scene, ViewLayer | Updating Images | Loading study-moss.png.004
Fra:1 Mem:3290.27M (Peak 3290.28M) | Time:00:01.09 | Mem:310.88M, Peak:310.88M | Scene, ViewLayer | Updating Images | Loading study-moss.png.005
Fra:1 Mem:3290.26M (Peak 3290.28M) | Time:00:01.09 | Mem:311.12M, Peak:311.12M | Scene, ViewLayer | Updating Images | Loading study-moss.png.006
Fra:1 Mem:3291.02M (Peak 3291.02M) | Time:00:01.09 | Mem:311.38M, Peak:311.38M | Scene, ViewLayer | Updating Images | Loading warm-darkwood.png.004
Fra:1 Mem:3291.27M (Peak 3291.27M) | Time:00:01.09 | Mem:311.62M, Peak:311.62M | Scene, ViewLayer | Updating Images | Loading study-bark.png
Fra:1 Mem:3291.26M (Peak 3291.27M) | Time:00:01.09 | Mem:311.88M, Peak:311.88M | Scene, ViewLayer | Updating Images | Loading study-bark.png.001
Fra:1 Mem:3292.03M (Peak 3292.03M) | Time:00:01.10 | Mem:312.12M, Peak:312.12M | Scene, ViewLayer | Updating Images | Loading study-bark.png.002
Fra:1 Mem:3292.03M (Peak 3292.03M) | Time:00:01.10 | Mem:312.38M, Peak:312.38M | Scene, ViewLayer | Updating Images | Loading study-bark.png.003
Fra:1 Mem:3292.27M (Peak 3292.27M) | Time:00:01.10 | Mem:312.62M, Peak:312.62M | Scene, ViewLayer | Updating Images | Loading study-bark.png.004
Fra:1 Mem:3292.26M (Peak 3292.27M) | Time:00:01.10 | Mem:312.88M, Peak:312.88M | Scene, ViewLayer | Updating Images | Loading study-bark.png.005
Fra:1 Mem:3292.77M (Peak 3292.77M) | Time:00:01.10 | Mem:313.12M, Peak:313.12M | Scene, ViewLayer | Updating Images | Loading study-bark.png.006
Fra:1 Mem:3293.02M (Peak 3293.02M) | Time:00:01.10 | Mem:313.38M, Peak:313.38M | Scene, ViewLayer | Updating Images | Loading study-leaf.png
Fra:1 Mem:3293.79M (Peak 3293.79M) | Time:00:01.10 | Mem:313.62M, Peak:313.62M | Scene, ViewLayer | Updating Images | Loading study-leaf.png.001
Fra:1 Mem:3293.53M (Peak 3293.79M) | Time:00:01.10 | Mem:313.88M, Peak:313.88M | Scene, ViewLayer | Updating Images | Loading study-leaf.png.002
Fra:1 Mem:3293.52M (Peak 3293.79M) | Time:00:01.10 | Mem:314.12M, Peak:314.12M | Scene, ViewLayer | Updating Images | Loading warm-darkwood.png.003
Fra:1 Mem:3293.51M (Peak 3293.79M) | Time:00:01.10 | Mem:314.38M, Peak:314.38M | Scene, ViewLayer | Updating Images | Loading study-leaf.png.003
Fra:1 Mem:3294.01M (Peak 3294.01M) | Time:00:01.10 | Mem:314.62M, Peak:314.62M | Scene, ViewLayer | Updating Images | Loading study-leaf.png.004
Fra:1 Mem:3294.26M (Peak 3294.26M) | Time:00:01.10 | Mem:314.88M, Peak:314.88M | Scene, ViewLayer | Updating Images | Loading study-leaf.png.005
Fra:1 Mem:3295.29M (Peak 3295.29M) | Time:00:01.10 | Mem:315.12M, Peak:315.12M | Scene, ViewLayer | Updating Images | Loading study-leaf.png.006
Fra:1 Mem:3294.77M (Peak 3295.29M) | Time:00:01.10 | Mem:315.62M, Peak:315.62M | Scene, ViewLayer | Updating Images | Loading study-botanical_stem.png
Fra:1 Mem:3294.51M (Peak 3295.29M) | Time:00:01.10 | Mem:315.88M, Peak:315.88M | Scene, ViewLayer | Updating Images | Loading study-botanical_stem.png.002
Fra:1 Mem:3295.51M (Peak 3295.51M) | Time:00:01.10 | Mem:316.12M, Peak:316.12M | Scene, ViewLayer | Updating Images | Loading warm-darkwood.png.002
Fra:1 Mem:3296.02M (Peak 3296.02M) | Time:00:01.10 | Mem:316.38M, Peak:316.38M | Scene, ViewLayer | Updating Images | Loading study-botanical_stem.png.003
Fra:1 Mem:3296.01M (Peak 3296.02M) | Time:00:01.10 | Mem:316.62M, Peak:316.62M | Scene, ViewLayer | Updating Images | Loading study-botanical_stem.png.004
Fra:1 Mem:3296.52M (Peak 3296.52M) | Time:00:01.10 | Mem:316.88M, Peak:316.88M | Scene, ViewLayer | Updating Images | Loading warm-darkwood.png.001
Fra:1 Mem:3296.51M (Peak 3296.52M) | Time:00:01.10 | Mem:317.12M, Peak:317.12M | Scene, ViewLayer | Updating Images | Loading study-botanical_stem.png.005
Fra:1 Mem:3297.02M (Peak 3297.02M) | Time:00:01.10 | Mem:317.38M, Peak:317.38M | Scene, ViewLayer | Updating Images | Loading study-botanical_stem.png.006
Fra:1 Mem:3297.01M (Peak 3297.02M) | Time:00:01.10 | Mem:317.62M, Peak:317.62M | Scene, ViewLayer | Updating Images | Loading study-botanical_bamboo.png
Fra:1 Mem:3297.26M (Peak 3297.26M) | Time:00:01.10 | Mem:317.88M, Peak:317.88M | Scene, ViewLayer | Updating Images | Loading study-botanical_bamboo.png.001
Fra:1 Mem:3297.51M (Peak 3297.51M) | Time:00:01.10 | Mem:318.12M, Peak:318.12M | Scene, ViewLayer | Updating Images | Loading warm-darkwood.png
Fra:1 Mem:3297.76M (Peak 3297.76M) | Time:00:01.10 | Mem:318.38M, Peak:318.38M | Scene, ViewLayer | Updating Images | Loading study-botanical_bamboo.png.002
Fra:1 Mem:3298.01M (Peak 3298.01M) | Time:00:01.10 | Mem:318.62M, Peak:318.62M | Scene, ViewLayer | Updating Images | Loading study-botanical_bamboo.png.003
Fra:1 Mem:3298.26M (Peak 3298.26M) | Time:00:01.10 | Mem:318.88M, Peak:318.88M | Scene, ViewLayer | Updating Images | Loading warm-cutstone.png.005
Fra:1 Mem:3298.77M (Peak 3298.77M) | Time:00:01.10 | Mem:319.12M, Peak:319.12M | Scene, ViewLayer | Updating Images | Loading study-botanical_bamboo.png.004
Fra:1 Mem:3298.77M (Peak 3298.77M) | Time:00:01.10 | Mem:319.38M, Peak:319.38M | Scene, ViewLayer | Updating Images | Loading study-botanical_bamboo.png.005
Fra:1 Mem:3299.01M (Peak 3299.01M) | Time:00:01.10 | Mem:319.62M, Peak:319.62M | Scene, ViewLayer | Updating Images | Loading study-botanical_bamboo.png.006
Fra:1 Mem:3299.52M (Peak 3299.52M) | Time:00:01.10 | Mem:319.88M, Peak:319.88M | Scene, ViewLayer | Updating Images | Loading study-botanical_litter.png
Fra:1 Mem:3299.51M (Peak 3299.52M) | Time:00:01.10 | Mem:320.12M, Peak:320.12M | Scene, ViewLayer | Updating Images | Loading study-botanical_litter.png.001
Fra:1 Mem:3300.02M (Peak 3300.02M) | Time:00:01.10 | Mem:320.38M, Peak:320.38M | Scene, ViewLayer | Updating Images | Loading study-botanical_litter.png.002
Fra:1 Mem:3300.53M (Peak 3300.53M) | Time:00:01.10 | Mem:320.62M, Peak:320.62M | Scene, ViewLayer | Updating Images | Loading warm-cutstone.png.004
Fra:1 Mem:3300.26M (Peak 3300.53M) | Time:00:01.10 | Mem:321.12M, Peak:321.12M | Scene, ViewLayer | Updating Images | Loading study-botanical_litter.png.003
Fra:1 Mem:3300.26M (Peak 3300.53M) | Time:00:01.10 | Mem:321.12M, Peak:321.12M | Scene, ViewLayer | Updating Images | Loading study-botanical_litter.png.004
Fra:1 Mem:3300.76M (Peak 3300.76M) | Time:00:01.10 | Mem:321.38M, Peak:321.38M | Scene, ViewLayer | Updating Images | Loading study-botanical_litter.png.005
Fra:1 Mem:3301.01M (Peak 3301.01M) | Time:00:01.10 | Mem:321.62M, Peak:321.62M | Scene, ViewLayer | Updating Images | Loading study-botanical_litter.png.006
Fra:1 Mem:3301.52M (Peak 3301.52M) | Time:00:01.10 | Mem:321.88M, Peak:321.88M | Scene, ViewLayer | Updating Images | Loading rustic-stone.png
Fra:1 Mem:3301.77M (Peak 3301.77M) | Time:00:01.10 | Mem:322.38M, Peak:322.38M | Scene, ViewLayer | Updating Images | Loading rustic-stone.png.001
Fra:1 Mem:3301.77M (Peak 3301.77M) | Time:00:01.10 | Mem:322.38M, Peak:322.38M | Scene, ViewLayer | Updating Images | Loading rustic-stone.png.002
Fra:1 Mem:3302.02M (Peak 3302.02M) | Time:00:01.10 | Mem:322.62M, Peak:322.62M | Scene, ViewLayer | Updating Images | Loading warm-cutstone.png.003
Fra:1 Mem:3302.52M (Peak 3302.52M) | Time:00:01.10 | Mem:322.88M, Peak:322.88M | Scene, ViewLayer | Updating Images | Loading rustic-stone.png.003
Fra:1 Mem:3302.26M (Peak 3302.52M) | Time:00:01.10 | Mem:323.12M, Peak:323.12M | Scene, ViewLayer | Updating Images | Loading rustic-stone.png.004
Fra:1 Mem:3302.76M (Peak 3302.76M) | Time:00:01.10 | Mem:323.38M, Peak:323.38M | Scene, ViewLayer | Updating Images | Loading rustic-stone.png.005
Fra:1 Mem:3303.01M (Peak 3303.01M) | Time:00:01.10 | Mem:323.62M, Peak:323.62M | Scene, ViewLayer | Updating Images | Loading rustic-stone.png.006
Fra:1 Mem:3303.52M (Peak 3303.52M) | Time:00:01.10 | Mem:323.88M, Peak:323.88M | Scene, ViewLayer | Updating Images | Loading rustic-paving.png
Fra:1 Mem:3303.77M (Peak 3303.77M) | Time:00:01.10 | Mem:324.12M, Peak:324.12M | Scene, ViewLayer | Updating Images | Loading warm-cutstone.png.002
Fra:1 Mem:3303.76M (Peak 3303.77M) | Time:00:01.10 | Mem:324.38M, Peak:324.38M | Scene, ViewLayer | Updating Images | Loading rustic-paving.png.001
Fra:1 Mem:3304.01M (Peak 3304.01M) | Time:00:01.10 | Mem:324.62M, Peak:324.62M | Scene, ViewLayer | Updating Images | Loading rustic-paving.png.002
Fra:1 Mem:3304.78M (Peak 3304.78M) | Time:00:01.10 | Mem:324.88M, Peak:324.88M | Scene, ViewLayer | Updating Images | Loading rustic-paving.png.003
Fra:1 Mem:3304.52M (Peak 3304.78M) | Time:00:01.10 | Mem:325.12M, Peak:325.12M | Scene, ViewLayer | Updating Images | Loading rustic-paving.png.004
Fra:1 Mem:3304.76M (Peak 3304.78M) | Time:00:01.10 | Mem:325.38M, Peak:325.38M | Scene, ViewLayer | Updating Images | Loading rustic-paving.png.005
Fra:1 Mem:3305.53M (Peak 3305.53M) | Time:00:01.10 | Mem:325.62M, Peak:325.62M | Scene, ViewLayer | Updating Images | Loading rustic-paving.png.006
Fra:1 Mem:3305.52M (Peak 3305.53M) | Time:00:01.10 | Mem:325.88M, Peak:325.88M | Scene, ViewLayer | Updating Images | Loading warm-cutstone.png.001
Fra:1 Mem:3305.52M (Peak 3305.53M) | Time:00:01.10 | Mem:326.12M, Peak:326.12M | Scene, ViewLayer | Updating Images | Loading r15_rusticwood_diff
Fra:1 Mem:3306.51M (Peak 3306.77M) | Time:00:01.10 | Mem:326.38M, Peak:326.38M | Scene, ViewLayer | Updating Images | Loading r15_rusticwood_nor_gl
Fra:1 Mem:3307.51M (Peak 3307.51M) | Time:00:01.10 | Mem:326.62M, Peak:326.62M | Scene, ViewLayer | Updating Images | Loading r15_rusticwood_rough
Fra:1 Mem:3308.51M (Peak 3308.51M) | Time:00:01.10 | Mem:326.88M, Peak:326.88M | Scene, ViewLayer | Updating Images | Loading rustic-rusticwood.png
Fra:1 Mem:3308.76M (Peak 3308.76M) | Time:00:01.10 | Mem:327.12M, Peak:327.12M | Scene, ViewLayer | Updating Images | Loading warm-cutstone.png
Fra:1 Mem:3309.53M (Peak 3309.53M) | Time:00:01.10 | Mem:327.38M, Peak:327.38M | Scene, ViewLayer | Updating Images | Loading rustic-rusticwood.png.001
Fra:1 Mem:3309.26M (Peak 3309.53M) | Time:00:01.10 | Mem:327.62M, Peak:327.62M | Scene, ViewLayer | Updating Images | Loading rustic-rusticwood.png.002
Fra:1 Mem:3309.26M (Peak 3309.53M) | Time:00:01.10 | Mem:327.88M, Peak:327.88M | Scene, ViewLayer | Updating Images | Loading rustic-rusticwood.png.003
Fra:1 Mem:3309.76M (Peak 3309.76M) | Time:00:01.10 | Mem:328.12M, Peak:328.12M | Scene, ViewLayer | Updating Images | Loading rustic-rusticwood.png.004
Fra:1 Mem:3310.53M (Peak 3310.53M) | Time:00:01.10 | Mem:328.38M, Peak:328.38M | Scene, ViewLayer | Updating Images | Loading rustic-rusticwood.png.005
Fra:1 Mem:3310.27M (Peak 3310.53M) | Time:00:01.10 | Mem:328.88M, Peak:328.88M | Scene, ViewLayer | Updating Images | Loading warm-stone.png.005
Fra:1 Mem:3310.52M (Peak 3310.53M) | Time:00:01.10 | Mem:328.88M, Peak:328.88M | Scene, ViewLayer | Updating Images | Loading rustic-rusticwood.png.006
Fra:1 Mem:3311.02M (Peak 3311.02M) | Time:00:01.10 | Mem:329.12M, Peak:329.12M | Scene, ViewLayer | Updating Images | Loading rustic-screen.png
Fra:1 Mem:3311.01M (Peak 3311.02M) | Time:00:01.10 | Mem:329.38M, Peak:329.38M | Scene, ViewLayer | Updating Images | Loading rustic-screen.png.001
Fra:1 Mem:3311.27M (Peak 3311.27M) | Time:00:01.10 | Mem:329.62M, Peak:329.62M | Scene, ViewLayer | Updating Images | Loading warm-stone.png.004
Fra:1 Mem:3311.51M (Peak 3311.51M) | Time:00:01.10 | Mem:329.88M, Peak:329.88M | Scene, ViewLayer | Updating Images | Loading rustic-screen.png.002
Fra:1 Mem:3311.76M (Peak 3311.76M) | Time:00:01.10 | Mem:330.12M, Peak:330.12M | Scene, ViewLayer | Updating Images | Loading rustic-screen.png.003
Fra:1 Mem:3312.01M (Peak 3312.01M) | Time:00:01.11 | Mem:330.38M, Peak:330.38M | Scene, ViewLayer | Updating Images | Loading rustic-screen.png.004
Fra:1 Mem:3312.26M (Peak 3312.26M) | Time:00:01.11 | Mem:330.62M, Peak:330.62M | Scene, ViewLayer | Updating Images | Loading rustic-screen.png.005
Fra:1 Mem:3312.51M (Peak 3313.52M) | Time:00:01.11 | Mem:331.62M, Peak:331.62M | Scene, ViewLayer | Updating Images | Loading rustic-screen.png.006
Fra:1 Mem:3312.76M (Peak 3313.52M) | Time:00:01.11 | Mem:331.88M, Peak:331.88M | Scene, ViewLayer | Updating Images | Loading rustic-thatch.png
Fra:1 Mem:3314.02M (Peak 3314.02M) | Time:00:01.11 | Mem:332.12M, Peak:332.12M | Scene, ViewLayer | Updating Images | Loading rustic-thatch.png.001
Fra:1 Mem:3313.26M (Peak 3314.02M) | Time:00:01.11 | Mem:333.12M, Peak:333.12M | Scene, ViewLayer | Updating Images | Loading rustic-thatch.png.002
Fra:1 Mem:3314.78M (Peak 3314.78M) | Time:00:01.11 | Mem:333.38M, Peak:333.38M | Scene, ViewLayer | Updating Images | Loading warm-stone.png.003
Fra:1 Mem:3315.03M (Peak 3315.03M) | Time:00:01.11 | Mem:333.62M, Peak:333.62M | Scene, ViewLayer | Updating Images | Loading rustic-thatch.png.003
Fra:1 Mem:3315.28M (Peak 3315.28M) | Time:00:01.11 | Mem:333.88M, Peak:333.88M | Scene, ViewLayer | Updating Images | Loading rustic-thatch.png.004
Fra:1 Mem:3315.27M (Peak 3315.28M) | Time:00:01.11 | Mem:334.12M, Peak:334.12M | Scene, ViewLayer | Updating Images | Loading rustic-thatch.png.005
Fra:1 Mem:3315.78M (Peak 3315.78M) | Time:00:01.11 | Mem:334.38M, Peak:334.38M | Scene, ViewLayer | Updating Images | Loading rustic-thatch.png.006
Fra:1 Mem:3315.02M (Peak 3315.78M) | Time:00:01.11 | Mem:335.38M, Peak:335.38M | Scene, ViewLayer | Updating Images | Loading rustic-lightleaf.png
Fra:1 Mem:3315.01M (Peak 3315.78M) | Time:00:01.11 | Mem:335.62M, Peak:335.62M | Scene, ViewLayer | Updating Images | Loading rustic-lightleaf.png.001
Fra:1 Mem:3316.04M (Peak 3316.04M) | Time:00:01.11 | Mem:335.88M, Peak:335.88M | Scene, ViewLayer | Updating Images | Loading warm-stone.png.002
Fra:1 Mem:3316.03M (Peak 3316.04M) | Time:00:01.11 | Mem:336.12M, Peak:336.12M | Scene, ViewLayer | Updating Images | Loading rustic-lightleaf.png.002
Fra:1 Mem:3315.77M (Peak 3316.04M) | Time:00:01.11 | Mem:336.38M, Peak:336.38M | Scene, ViewLayer | Updating Images | Loading rustic-lightleaf.png.003
Fra:1 Mem:3316.27M (Peak 3316.27M) | Time:00:01.11 | Mem:336.62M, Peak:336.62M | Scene, ViewLayer | Updating Images | Loading rustic-lightleaf.png.004
Fra:1 Mem:3316.26M (Peak 3316.27M) | Time:00:01.11 | Mem:336.88M, Peak:336.88M | Scene, ViewLayer | Updating Images | Loading rustic-lightleaf.png.005
Fra:1 Mem:3316.51M (Peak 3316.51M) | Time:00:01.11 | Mem:337.12M, Peak:337.12M | Scene, ViewLayer | Updating Images | Loading rustic-lightleaf.png.006
Fra:1 Mem:3317.54M (Peak 3317.54M) | Time:00:01.11 | Mem:337.38M, Peak:337.38M | Scene, ViewLayer | Updating Images | Loading rustic-bark.png
Fra:1 Mem:3317.53M (Peak 3317.54M) | Time:00:01.11 | Mem:337.62M, Peak:337.62M | Scene, ViewLayer | Updating Images | Loading rustic-bark.png.001
Fra:1 Mem:3317.53M (Peak 3317.54M) | Time:00:01.11 | Mem:338.12M, Peak:338.12M | Scene, ViewLayer | Updating Images | Loading rustic-bark.png.002
Fra:1 Mem:3317.76M (Peak 3317.76M) | Time:00:01.11 | Mem:338.62M, Peak:338.62M | Scene, ViewLayer | Updating Images | Loading rustic-bark.png.003
Fra:1 Mem:3317.76M (Peak 3317.76M) | Time:00:01.11 | Mem:338.62M, Peak:338.62M | Scene, ViewLayer | Updating Images | Loading rustic-bark.png.004
Fra:1 Mem:3318.26M (Peak 3318.26M) | Time:00:01.11 | Mem:338.88M, Peak:338.88M | Scene, ViewLayer | Updating Images | Loading rustic-bark.png.005
Fra:1 Mem:3319.03M (Peak 3319.03M) | Time:00:01.11 | Mem:339.12M, Peak:339.12M | Scene, ViewLayer | Updating Images | Loading rustic-bark.png.006
Fra:1 Mem:3318.77M (Peak 3319.03M) | Time:00:01.11 | Mem:339.38M, Peak:339.38M | Scene, ViewLayer | Updating Images | Loading rustic-leafdark.png
Fra:1 Mem:3319.01M (Peak 3319.03M) | Time:00:01.11 | Mem:339.62M, Peak:339.62M | Scene, ViewLayer | Updating Images | Loading rustic-leafdark.png.001
Fra:1 Mem:3319.52M (Peak 3319.52M) | Time:00:01.11 | Mem:339.88M, Peak:339.88M | Scene, ViewLayer | Updating Images | Loading rustic-leafdark.png.002
Fra:1 Mem:3319.51M (Peak 3319.52M) | Time:00:01.11 | Mem:340.12M, Peak:340.12M | Scene, ViewLayer | Updating Images | Loading rustic-leafdark.png.003
Fra:1 Mem:3320.02M (Peak 3320.02M) | Time:00:01.11 | Mem:340.38M, Peak:340.38M | Scene, ViewLayer | Updating Images | Loading rustic-leafdark.png.004
Fra:1 Mem:3320.27M (Peak 3320.27M) | Time:00:01.11 | Mem:340.62M, Peak:340.62M | Scene, ViewLayer | Updating Images | Loading rustic-leafdark.png.005
Fra:1 Mem:3321.04M (Peak 3321.04M) | Time:00:01.11 | Mem:340.88M, Peak:340.88M | Scene, ViewLayer | Updating Images | Loading rustic-leafdark.png.006
Fra:1 Mem:3321.03M (Peak 3321.04M) | Time:00:01.11 | Mem:341.12M, Peak:341.12M | Scene, ViewLayer | Updating Images | Loading rustic-qing_clay.png
Fra:1 Mem:3320.77M (Peak 3321.04M) | Time:00:01.11 | Mem:341.38M, Peak:341.38M | Scene, ViewLayer | Updating Images | Loading rustic-qing_clay.png.001
Fra:1 Mem:3321.27M (Peak 3321.27M) | Time:00:01.11 | Mem:341.62M, Peak:341.62M | Scene, ViewLayer | Updating Images | Loading warm-stone.png
Fra:1 Mem:3321.26M (Peak 3321.27M) | Time:00:01.11 | Mem:341.88M, Peak:341.88M | Scene, ViewLayer | Updating Images | Loading rustic-qing_clay.png.002
Fra:1 Mem:3322.03M (Peak 3322.03M) | Time:00:01.11 | Mem:342.12M, Peak:342.12M | Scene, ViewLayer | Updating Images | Loading rustic-qing_clay.png.003
Fra:1 Mem:3322.02M (Peak 3322.03M) | Time:00:01.11 | Mem:342.38M, Peak:342.38M | Scene, ViewLayer | Updating Images | Loading rustic-qing_clay.png.004
Fra:1 Mem:3322.27M (Peak 3322.27M) | Time:00:01.11 | Mem:342.62M, Peak:342.62M | Scene, ViewLayer | Updating Images | Loading rustic-qing_clay.png.005
Fra:1 Mem:3322.78M (Peak 3322.78M) | Time:00:01.11 | Mem:342.88M, Peak:342.88M | Scene, ViewLayer | Updating Images | Loading rustic-qing_clay.png.006
Fra:1 Mem:3322.52M (Peak 3322.78M) | Time:00:01.11 | Mem:343.12M, Peak:343.12M | Scene, ViewLayer | Updating Images | Loading rustic-plaster.png
Fra:1 Mem:3322.76M (Peak 3322.78M) | Time:00:01.11 | Mem:343.38M, Peak:343.38M | Scene, ViewLayer | Updating Images | Loading rustic-plaster.png.001
Fra:1 Mem:3323.01M (Peak 3323.01M) | Time:00:01.11 | Mem:343.62M, Peak:343.62M | Scene, ViewLayer | Updating Images | Loading temple-leafdark.png.006
Fra:1 Mem:3323.26M (Peak 3323.26M) | Time:00:01.11 | Mem:343.88M, Peak:343.88M | Scene, ViewLayer | Updating Images | Loading rustic-plaster.png.002
Fra:1 Mem:3323.51M (Peak 3323.51M) | Time:00:01.11 | Mem:344.12M, Peak:344.12M | Scene, ViewLayer | Updating Images | Loading rustic-plaster.png.003
Fra:1 Mem:3324.02M (Peak 3324.02M) | Time:00:01.11 | Mem:344.38M, Peak:344.38M | Scene, ViewLayer | Updating Images | Loading rustic-plaster.png.004
Fra:1 Mem:3324.27M (Peak 3324.27M) | Time:00:01.11 | Mem:344.62M, Peak:344.62M | Scene, ViewLayer | Updating Images | Loading rustic-plaster.png.005
Fra:1 Mem:3324.52M (Peak 3324.52M) | Time:00:01.11 | Mem:344.88M, Peak:344.88M | Scene, ViewLayer | Updating Images | Loading rustic-plaster.png.006
Fra:1 Mem:3324.26M (Peak 3324.52M) | Time:00:01.11 | Mem:345.12M, Peak:345.12M | Scene, ViewLayer | Updating Images | Loading temple-leafdark.png.005
Fra:1 Mem:3324.76M (Peak 3324.76M) | Time:00:01.11 | Mem:345.38M, Peak:345.38M | Scene, ViewLayer | Updating Images | Loading waterside-wood.png
Fra:1 Mem:3325.27M (Peak 3325.27M) | Time:00:01.11 | Mem:345.62M, Peak:345.62M | Scene, ViewLayer | Updating Images | Loading waterside-wood.png.001
Fra:1 Mem:3325.52M (Peak 3325.52M) | Time:00:01.11 | Mem:345.88M, Peak:345.88M | Scene, ViewLayer | Updating Images | Loading temple-leafdark.png.004
Fra:1 Mem:3325.77M (Peak 3325.77M) | Time:00:01.11 | Mem:346.12M, Peak:346.12M | Scene, ViewLayer | Updating Images | Loading waterside-wood.png.002
Fra:1 Mem:3325.51M (Peak 3325.77M) | Time:00:01.11 | Mem:346.38M, Peak:346.38M | Scene, ViewLayer | Updating Images | Loading waterside-wood.png.003
Fra:1 Mem:3326.01M (Peak 3326.01M) | Time:00:01.11 | Mem:346.62M, Peak:346.62M | Scene, ViewLayer | Updating Images | Loading waterside-wood.png.004
Fra:1 Mem:3326.26M (Peak 3326.26M) | Time:00:01.11 | Mem:346.88M, Peak:346.88M | Scene, ViewLayer | Updating Images | Loading waterside-wood.png.005
Fra:1 Mem:3326.51M (Peak 3326.51M) | Time:00:01.11 | Mem:347.12M, Peak:347.12M | Scene, ViewLayer | Updating Images | Loading waterside-wood.png.006
Fra:1 Mem:3327.28M (Peak 3327.28M) | Time:00:01.11 | Mem:347.38M, Peak:347.38M | Scene, ViewLayer | Updating Images | Loading temple-leafdark.png.003
Fra:1 Mem:3327.79M (Peak 3327.79M) | Time:00:01.11 | Mem:347.62M, Peak:347.62M | Scene, ViewLayer | Updating Images | Loading waterside-stone.png
Fra:1 Mem:3327.53M (Peak 3327.79M) | Time:00:01.11 | Mem:347.88M, Peak:347.88M | Scene, ViewLayer | Updating Images | Loading waterside-stone.png.001
Fra:1 Mem:3327.52M (Peak 3327.79M) | Time:00:01.11 | Mem:348.12M, Peak:348.12M | Scene, ViewLayer | Updating Images | Loading waterside-stone.png.002
Fra:1 Mem:3327.76M (Peak 3327.79M) | Time:00:01.11 | Mem:348.38M, Peak:348.38M | Scene, ViewLayer | Updating Images | Loading waterside-stone.png.003
Fra:1 Mem:3328.01M (Peak 3328.01M) | Time:00:01.11 | Mem:348.88M, Peak:348.88M | Scene, ViewLayer | Updating Images | Loading waterside-stone.png.004
Fra:1 Mem:3328.01M (Peak 3328.01M) | Time:00:01.11 | Mem:348.88M, Peak:348.88M | Scene, ViewLayer | Updating Images | Loading waterside-stone.png.005
Fra:1 Mem:3328.77M (Peak 3328.77M) | Time:00:01.11 | Mem:349.12M, Peak:349.12M | Scene, ViewLayer | Updating Images | Loading temple-leafdark.png.002
Fra:1 Mem:3328.77M (Peak 3328.77M) | Time:00:01.11 | Mem:349.38M, Peak:349.38M | Scene, ViewLayer | Updating Images | Loading waterside-stone.png.006
Fra:1 Mem:3328.76M (Peak 3328.77M) | Time:00:01.11 | Mem:349.62M, Peak:349.62M | Scene, ViewLayer | Updating Images | Loading waterside-latticewood.png
Fra:1 Mem:3329.26M (Peak 3329.26M) | Time:00:01.11 | Mem:350.12M, Peak:350.12M | Scene, ViewLayer | Updating Images | Loading waterside-latticewood.png.001
Fra:1 Mem:3329.26M (Peak 3329.26M) | Time:00:01.11 | Mem:350.12M, Peak:350.12M | Scene, ViewLayer | Updating Images | Loading waterside-latticewood.png.002
Fra:1 Mem:3329.76M (Peak 3329.76M) | Time:00:01.11 | Mem:350.38M, Peak:350.38M | Scene, ViewLayer | Updating Images | Loading waterside-latticewood.png.003
Fra:1 Mem:3330.01M (Peak 3330.01M) | Time:00:01.11 | Mem:350.62M, Peak:350.62M | Scene, ViewLayer | Updating Images | Loading waterside-latticewood.png.004
Fra:1 Mem:3330.26M (Peak 3330.26M) | Time:00:01.11 | Mem:350.88M, Peak:350.88M | Scene, ViewLayer | Updating Images | Loading waterside-latticewood.png.005
Fra:1 Mem:3330.77M (Peak 3330.77M) | Time:00:01.11 | Mem:351.12M, Peak:351.12M | Scene, ViewLayer | Updating Images | Loading waterside-latticewood.png.006
Fra:1 Mem:3330.76M (Peak 3330.77M) | Time:00:01.11 | Mem:351.38M, Peak:351.38M | Scene, ViewLayer | Updating Images | Loading waterside-roof.png
Fra:1 Mem:3331.27M (Peak 3331.27M) | Time:00:01.11 | Mem:351.62M, Peak:351.62M | Scene, ViewLayer | Updating Images | Loading temple-leafdark.png.001
Fra:1 Mem:3331.26M (Peak 3331.27M) | Time:00:01.11 | Mem:351.88M, Peak:351.88M | Scene, ViewLayer | Updating Images | Loading waterside-roof.png.001
Fra:1 Mem:3331.51M (Peak 3331.51M) | Time:00:01.11 | Mem:352.12M, Peak:352.12M | Scene, ViewLayer | Updating Images | Loading waterside-roof.png.002
Fra:1 Mem:3332.02M (Peak 3332.02M) | Time:00:01.11 | Mem:352.38M, Peak:352.38M | Scene, ViewLayer | Updating Images | Loading waterside-roof.png.003
Fra:1 Mem:3332.53M (Peak 3332.53M) | Time:00:01.11 | Mem:352.62M, Peak:352.62M | Scene, ViewLayer | Updating Images | Loading waterside-roof.png.004
Fra:1 Mem:3332.52M (Peak 3332.53M) | Time:00:01.11 | Mem:352.88M, Peak:352.88M | Scene, ViewLayer | Updating Images | Loading waterside-roof.png.005
Fra:1 Mem:3332.77M (Peak 3332.77M) | Time:00:01.11 | Mem:353.12M, Peak:353.12M | Scene, ViewLayer | Updating Images | Loading waterside-roof.png.006
Fra:1 Mem:3332.76M (Peak 3332.77M) | Time:00:01.11 | Mem:353.38M, Peak:353.38M | Scene, ViewLayer | Updating Images | Loading waterside-tilelight.png
Fra:1 Mem:3333.01M (Peak 3333.01M) | Time:00:01.11 | Mem:353.62M, Peak:353.62M | Scene, ViewLayer | Updating Images | Loading waterside-tilelight.png.001
Fra:1 Mem:3333.26M (Peak 3333.26M) | Time:00:01.11 | Mem:353.88M, Peak:353.88M | Scene, ViewLayer | Updating Images | Loading waterside-tilelight.png.002
Fra:1 Mem:3333.77M (Peak 3333.77M) | Time:00:01.11 | Mem:354.12M, Peak:354.12M | Scene, ViewLayer | Updating Images | Loading waterside-tilelight.png.003
Fra:1 Mem:3334.28M (Peak 3334.28M) | Time:00:01.11 | Mem:354.38M, Peak:354.38M | Scene, ViewLayer | Updating Images | Loading temple-leafdark.png
Fra:1 Mem:3334.27M (Peak 3334.28M) | Time:00:01.11 | Mem:354.62M, Peak:354.62M | Scene, ViewLayer | Updating Images | Loading waterside-tilelight.png.004
Fra:1 Mem:3334.26M (Peak 3334.28M) | Time:00:01.11 | Mem:354.88M, Peak:354.88M | Scene, ViewLayer | Updating Images | Loading waterside-tilelight.png.005
Fra:1 Mem:3334.77M (Peak 3334.77M) | Time:00:01.12 | Mem:355.12M, Peak:355.12M | Scene, ViewLayer | Updating Images | Loading waterside-tilelight.png.006
Fra:1 Mem:3335.28M (Peak 3335.28M) | Time:00:01.12 | Mem:355.38M, Peak:355.38M | Scene, ViewLayer | Updating Images | Loading waterside-tile.png
Fra:1 Mem:3335.27M (Peak 3335.28M) | Time:00:01.12 | Mem:355.62M, Peak:355.62M | Scene, ViewLayer | Updating Images | Loading waterside-tile.png.001
Fra:1 Mem:3335.78M (Peak 3335.78M) | Time:00:01.12 | Mem:355.88M, Peak:355.88M | Scene, ViewLayer | Updating Images | Loading waterside-tile.png.002
Fra:1 Mem:3335.52M (Peak 3335.78M) | Time:00:01.12 | Mem:356.12M, Peak:356.12M | Scene, ViewLayer | Updating Images | Loading waterside-tile.png.003
Fra:1 Mem:3335.76M (Peak 3335.78M) | Time:00:01.12 | Mem:356.38M, Peak:356.38M | Scene, ViewLayer | Updating Images | Loading temple-bark.png.006
Fra:1 Mem:3336.01M (Peak 3336.01M) | Time:00:01.12 | Mem:356.62M, Peak:356.62M | Scene, ViewLayer | Updating Images | Loading waterside-tile.png.004
Fra:1 Mem:3336.52M (Peak 3336.52M) | Time:00:01.12 | Mem:356.88M, Peak:356.88M | Scene, ViewLayer | Updating Images | Loading waterside-tile.png.005
Fra:1 Mem:3337.03M (Peak 3337.03M) | Time:00:01.12 | Mem:357.12M, Peak:357.12M | Scene, ViewLayer | Updating Images | Loading temple-bark.png.005
Fra:1 Mem:3336.77M (Peak 3337.03M) | Time:00:01.12 | Mem:357.62M, Peak:357.62M | Scene, ViewLayer | Updating Images | Loading waterside-tile.png.006
Fra:1 Mem:3337.02M (Peak 3337.03M) | Time:00:01.12 | Mem:357.62M, Peak:357.62M | Scene, ViewLayer | Updating Images | Loading waterside-tiledark.png
Fra:1 Mem:3337.26M (Peak 3337.26M) | Time:00:01.12 | Mem:357.88M, Peak:357.88M | Scene, ViewLayer | Updating Images | Loading waterside-tiledark.png.001
Fra:1 Mem:3338.03M (Peak 3338.03M) | Time:00:01.12 | Mem:358.12M, Peak:358.12M | Scene, ViewLayer | Updating Images | Loading waterside-tiledark.png.002
Fra:1 Mem:3338.02M (Peak 3338.03M) | Time:00:01.12 | Mem:358.38M, Peak:358.38M | Scene, ViewLayer | Updating Images | Loading waterside-tiledark.png.003
Fra:1 Mem:3338.27M (Peak 3338.27M) | Time:00:01.12 | Mem:358.62M, Peak:358.62M | Scene, ViewLayer | Updating Images | Loading waterside-tiledark.png.004
Fra:1 Mem:3338.52M (Peak 3338.52M) | Time:00:01.12 | Mem:358.88M, Peak:358.88M | Scene, ViewLayer | Updating Images | Loading waterside-tiledark.png.005
Fra:1 Mem:3338.26M (Peak 3338.52M) | Time:00:01.12 | Mem:359.12M, Peak:359.12M | Scene, ViewLayer | Updating Images | Loading temple-bark.png.004
Fra:1 Mem:3338.76M (Peak 3338.76M) | Time:00:01.12 | Mem:359.38M, Peak:359.38M | Scene, ViewLayer | Updating Images | Loading waterside-tiledark.png.006
Fra:1 Mem:3339.80M (Peak 3339.80M) | Time:00:01.12 | Mem:359.62M, Peak:359.62M | Scene, ViewLayer | Updating Images | Loading waterside-darkwood.png
Fra:1 Mem:3340.04M (Peak 3340.04M) | Time:00:01.12 | Mem:359.88M, Peak:359.88M | Scene, ViewLayer | Updating Images | Loading waterside-darkwood.png.001
Fra:1 Mem:3340.03M (Peak 3340.04M) | Time:00:01.12 | Mem:360.12M, Peak:360.12M | Scene, ViewLayer | Updating Images | Loading waterside-darkwood.png.002
Fra:1 Mem:3340.03M (Peak 3340.04M) | Time:00:01.12 | Mem:360.38M, Peak:360.38M | Scene, ViewLayer | Updating Images | Loading temple-bark.png.003
Fra:1 Mem:3340.01M (Peak 3340.04M) | Time:00:01.12 | Mem:360.88M, Peak:360.88M | Scene, ViewLayer | Updating Images | Loading waterside-darkwood.png.003
Fra:1 Mem:3340.01M (Peak 3340.04M) | Time:00:01.12 | Mem:360.88M, Peak:360.88M | Scene, ViewLayer | Updating Images | Loading waterside-darkwood.png.004
Fra:1 Mem:3340.51M (Peak 3340.51M) | Time:00:01.12 | Mem:361.12M, Peak:361.12M | Scene, ViewLayer | Updating Images | Loading waterside-darkwood.png.005
Fra:1 Mem:3341.28M (Peak 3341.28M) | Time:00:01.12 | Mem:361.38M, Peak:361.38M | Scene, ViewLayer | Updating Images | Loading waterside-darkwood.png.006
Fra:1 Mem:3341.54M (Peak 3341.54M) | Time:00:01.12 | Mem:361.62M, Peak:361.62M | Scene, ViewLayer | Updating Images | Loading waterside-paper.png
Fra:1 Mem:3341.53M (Peak 3341.54M) | Time:00:01.12 | Mem:361.88M, Peak:361.88M | Scene, ViewLayer | Updating Images | Loading waterside-paper.png.001
Fra:1 Mem:3341.77M (Peak 3341.77M) | Time:00:01.12 | Mem:362.12M, Peak:362.12M | Scene, ViewLayer | Updating Images | Loading temple-bark.png.002
Fra:1 Mem:3341.51M (Peak 3341.77M) | Time:00:01.12 | Mem:362.38M, Peak:362.38M | Scene, ViewLayer | Updating Images | Loading waterside-paper.png.002
Fra:1 Mem:3342.01M (Peak 3342.01M) | Time:00:01.12 | Mem:362.62M, Peak:362.62M | Scene, ViewLayer | Updating Images | Loading waterside-paper.png.003
Fra:1 Mem:3342.26M (Peak 3342.26M) | Time:00:01.12 | Mem:362.88M, Peak:362.88M | Scene, ViewLayer | Updating Images | Loading waterside-paper.png.004
Fra:1 Mem:3342.26M (Peak 3342.26M) | Time:00:01.12 | Mem:363.12M, Peak:363.12M | Scene, ViewLayer | Updating Images | Loading waterside-paper.png.005
Fra:1 Mem:3343.02M (Peak 3343.02M) | Time:00:01.12 | Mem:363.38M, Peak:363.38M | Scene, ViewLayer | Updating Images | Loading temple-bark.png.001
Fra:1 Mem:3343.27M (Peak 3343.27M) | Time:00:01.12 | Mem:363.62M, Peak:363.62M | Scene, ViewLayer | Updating Images | Loading waterside-paper.png.006
Fra:1 Mem:3343.26M (Peak 3343.27M) | Time:00:01.12 | Mem:363.88M, Peak:363.88M | Scene, ViewLayer | Updating Images | Loading waterside-ivory.png
Fra:1 Mem:3343.51M (Peak 3343.51M) | Time:00:01.12 | Mem:364.12M, Peak:364.12M | Scene, ViewLayer | Updating Images | Loading waterside-ivory.png.001
Fra:1 Mem:3344.02M (Peak 3344.02M) | Time:00:01.12 | Mem:364.38M, Peak:364.38M | Scene, ViewLayer | Updating Images | Loading temple-bark.png
Fra:1 Mem:3344.02M (Peak 3344.02M) | Time:00:01.12 | Mem:364.62M, Peak:364.62M | Scene, ViewLayer | Updating Images | Loading waterside-ivory.png.002
Fra:1 Mem:3344.26M (Peak 3344.26M) | Time:00:01.12 | Mem:364.88M, Peak:364.88M | Scene, ViewLayer | Updating Images | Loading waterside-ivory.png.003
Fra:1 Mem:3345.03M (Peak 3345.03M) | Time:00:01.12 | Mem:365.12M, Peak:365.12M | Scene, ViewLayer | Updating Images | Loading waterside-ivory.png.004
Fra:1 Mem:3344.77M (Peak 3345.03M) | Time:00:01.12 | Mem:365.38M, Peak:365.38M | Scene, ViewLayer | Updating Images | Loading waterside-ivory.png.005
Fra:1 Mem:3344.76M (Peak 3345.03M) | Time:00:01.12 | Mem:365.62M, Peak:365.62M | Scene, ViewLayer | Updating Images | Loading waterside-ivory.png.006
Fra:1 Mem:3345.26M (Peak 3345.26M) | Time:00:01.12 | Mem:365.88M, Peak:365.88M | Scene, ViewLayer | Updating Images | Loading waterside-bamboo.png
Fra:1 Mem:3345.51M (Peak 3345.51M) | Time:00:01.12 | Mem:366.12M, Peak:366.12M | Scene, ViewLayer | Updating Images | Loading temple-courtbase.png.006
Fra:1 Mem:3345.76M (Peak 3345.76M) | Time:00:01.12 | Mem:366.38M, Peak:366.38M | Scene, ViewLayer | Updating Images | Loading waterside-bamboo.png.001
Fra:1 Mem:3346.53M (Peak 3346.53M) | Time:00:01.12 | Mem:366.62M, Peak:366.62M | Scene, ViewLayer | Updating Images | Loading waterside-bamboo.png.002
Fra:1 Mem:3346.27M (Peak 3346.53M) | Time:00:01.12 | Mem:366.88M, Peak:366.88M | Scene, ViewLayer | Updating Images | Loading waterside-bamboo.png.003
Fra:1 Mem:3346.51M (Peak 3346.53M) | Time:00:01.12 | Mem:367.12M, Peak:367.12M | Scene, ViewLayer | Updating Images | Loading waterside-bamboo.png.004
Fra:1 Mem:3347.02M (Peak 3347.02M) | Time:00:01.12 | Mem:367.38M, Peak:367.38M | Scene, ViewLayer | Updating Images | Loading waterside-bamboo.png.005
Fra:1 Mem:3347.53M (Peak 3347.53M) | Time:00:01.12 | Mem:367.62M, Peak:367.62M | Scene, ViewLayer | Updating Images | Loading waterside-bamboo.png.006
Fra:1 Mem:3347.27M (Peak 3347.53M) | Time:00:01.12 | Mem:367.88M, Peak:367.88M | Scene, ViewLayer | Updating Images | Loading temple-courtbase.png.005
Fra:1 Mem:3347.51M (Peak 3347.53M) | Time:00:01.12 | Mem:368.12M, Peak:368.12M | Scene, ViewLayer | Updating Images | Loading waterside-gold.png
Fra:1 Mem:3347.76M (Peak 3347.76M) | Time:00:01.12 | Mem:368.38M, Peak:368.38M | Scene, ViewLayer | Updating Images | Loading waterside-gold.png.001
Fra:1 Mem:3348.53M (Peak 3348.53M) | Time:00:01.12 | Mem:368.62M, Peak:368.62M | Scene, ViewLayer | Updating Images | Loading waterside-gold.png.002
Fra:1 Mem:3348.52M (Peak 3348.53M) | Time:00:01.12 | Mem:368.88M, Peak:368.88M | Scene, ViewLayer | Updating Images | Loading waterside-gold.png.003
Fra:1 Mem:3348.26M (Peak 3348.53M) | Time:00:01.12 | Mem:369.12M, Peak:369.12M | Scene, ViewLayer | Updating Images | Loading waterside-gold.png.004
Fra:1 Mem:3349.02M (Peak 3349.02M) | Time:00:01.12 | Mem:369.38M, Peak:369.38M | Scene, ViewLayer | Updating Images | Loading temple-courtbase.png.004
Fra:1 Mem:3349.54M (Peak 3349.54M) | Time:00:01.12 | Mem:369.62M, Peak:369.62M | Scene, ViewLayer | Updating Images | Loading waterside-gold.png.005
Fra:1 Mem:3349.52M (Peak 3349.54M) | Time:00:01.12 | Mem:370.12M, Peak:370.12M | Scene, ViewLayer | Updating Images | Loading waterside-gold.png.006
Fra:1 Mem:3349.52M (Peak 3349.54M) | Time:00:01.12 | Mem:370.12M, Peak:370.12M | Scene, ViewLayer | Updating Images | Loading waterside-plaster.png
Fra:1 Mem:3349.76M (Peak 3349.76M) | Time:00:01.12 | Mem:370.38M, Peak:370.38M | Scene, ViewLayer | Updating Images | Loading waterside-plaster.png.001
Fra:1 Mem:3350.01M (Peak 3350.01M) | Time:00:01.12 | Mem:370.62M, Peak:370.62M | Scene, ViewLayer | Updating Images | Loading waterside-plaster.png.002
Fra:1 Mem:3350.26M (Peak 3350.26M) | Time:00:01.12 | Mem:370.88M, Peak:370.88M | Scene, ViewLayer | Updating Images | Loading temple-courtbase.png.003
Fra:1 Mem:3350.51M (Peak 3350.51M) | Time:00:01.12 | Mem:371.12M, Peak:371.12M | Scene, ViewLayer | Updating Images | Loading waterside-plaster.png.003
Fra:1 Mem:3351.02M (Peak 3351.02M) | Time:00:01.12 | Mem:371.38M, Peak:371.38M | Scene, ViewLayer | Updating Images | Loading waterside-plaster.png.004
Fra:1 Mem:3351.27M (Peak 3351.27M) | Time:00:01.12 | Mem:371.62M, Peak:371.62M | Scene, ViewLayer | Updating Images | Loading waterside-plaster.png.005
Fra:1 Mem:3351.52M (Peak 3351.52M) | Time:00:01.12 | Mem:371.88M, Peak:371.88M | Scene, ViewLayer | Updating Images | Loading waterside-plaster.png.006
Fra:1 Mem:3351.51M (Peak 3351.52M) | Time:00:01.12 | Mem:372.12M, Peak:372.12M | Scene, ViewLayer | Updating Images | Loading pavilion-stone.png
Fra:1 Mem:3352.28M (Peak 3352.28M) | Time:00:01.12 | Mem:372.38M, Peak:372.38M | Scene, ViewLayer | Updating Images | Loading temple-courtbase.png.002
Fra:1 Mem:3352.28M (Peak 3352.28M) | Time:00:01.12 | Mem:372.62M, Peak:372.62M | Scene, ViewLayer | Updating Images | Loading pavilion-stone.png.001
Fra:1 Mem:3352.52M (Peak 3352.52M) | Time:00:01.12 | Mem:372.88M, Peak:372.88M | Scene, ViewLayer | Updating Images | Loading pavilion-stone.png.002
Fra:1 Mem:3352.77M (Peak 3352.77M) | Time:00:01.12 | Mem:373.12M, Peak:373.12M | Scene, ViewLayer | Updating Images | Loading pavilion-stone.png.003
Fra:1 Mem:3352.76M (Peak 3352.77M) | Time:00:01.12 | Mem:373.38M, Peak:373.38M | Scene, ViewLayer | Updating Images | Loading pavilion-stone.png.004
Fra:1 Mem:3353.01M (Peak 3353.01M) | Time:00:01.12 | Mem:373.62M, Peak:373.62M | Scene, ViewLayer | Updating Images | Loading pavilion-stone.png.005
Fra:1 Mem:3353.26M (Peak 3353.26M) | Time:00:01.12 | Mem:373.88M, Peak:373.88M | Scene, ViewLayer | Updating Images | Loading temple-courtbase.png.001
Fra:1 Mem:3354.03M (Peak 3354.03M) | Time:00:01.12 | Mem:374.12M, Peak:374.12M | Scene, ViewLayer | Updating Images | Loading pavilion-wood.png
Fra:1 Mem:3353.77M (Peak 3354.03M) | Time:00:01.12 | Mem:374.38M, Peak:374.38M | Scene, ViewLayer | Updating Images | Loading pavilion-wood.png.001
Fra:1 Mem:3354.27M (Peak 3354.27M) | Time:00:01.12 | Mem:374.62M, Peak:374.62M | Scene, ViewLayer | Updating Images | Loading pavilion-wood.png.002
Fra:1 Mem:3354.26M (Peak 3354.27M) | Time:00:01.12 | Mem:374.88M, Peak:374.88M | Scene, ViewLayer | Updating Images | Loading pavilion-wood.png.003
Fra:1 Mem:3355.03M (Peak 3355.03M) | Time:00:01.12 | Mem:375.12M, Peak:375.12M | Scene, ViewLayer | Updating Images | Loading temple-courtbase.png
Fra:1 Mem:3355.28M (Peak 3355.28M) | Time:00:01.12 | Mem:375.38M, Peak:375.38M | Scene, ViewLayer | Updating Images | Loading pavilion-wood.png.004
Fra:1 Mem:3355.53M (Peak 3355.53M) | Time:00:01.12 | Mem:375.62M, Peak:375.62M | Scene, ViewLayer | Updating Images | Loading pavilion-wood.png.005
Fra:1 Mem:3355.27M (Peak 3355.53M) | Time:00:01.12 | Mem:375.88M, Peak:375.88M | Scene, ViewLayer | Updating Images | Loading pavilion-darkwood.png
Fra:1 Mem:3355.52M (Peak 3355.53M) | Time:00:01.12 | Mem:376.12M, Peak:376.12M | Scene, ViewLayer | Updating Images | Loading pavilion-darkwood.png.001
Fra:1 Mem:3355.51M (Peak 3355.53M) | Time:00:01.12 | Mem:376.62M, Peak:376.62M | Scene, ViewLayer | Updating Images | Loading pavilion-darkwood.png.003
Fra:1 Mem:3356.27M (Peak 3356.27M) | Time:00:01.12 | Mem:376.88M, Peak:376.88M | Scene, ViewLayer | Updating Images | Loading pavilion-darkwood.png.004
Fra:1 Mem:3356.77M (Peak 3356.77M) | Time:00:01.12 | Mem:377.12M, Peak:377.12M | Scene, ViewLayer | Updating Images | Loading temple-gold.png.006
Fra:1 Mem:3357.02M (Peak 3357.02M) | Time:00:01.12 | Mem:377.38M, Peak:377.38M | Scene, ViewLayer | Updating Images | Loading pavilion-darkwood.png.005
Fra:1 Mem:3356.77M (Peak 3357.02M) | Time:00:01.12 | Mem:377.62M, Peak:377.62M | Scene, ViewLayer | Updating Images | Loading pavilion-gold.png
Fra:1 Mem:3357.27M (Peak 3357.27M) | Time:00:01.12 | Mem:377.88M, Peak:377.88M | Scene, ViewLayer | Updating Images | Loading pavilion-gold.png.001
Fra:1 Mem:3358.29M (Peak 3358.29M) | Time:00:01.13 | Mem:378.12M, Peak:378.12M | Scene, ViewLayer | Updating Images | Loading pavilion-gold.png.002
Fra:1 Mem:3358.03M (Peak 3358.29M) | Time:00:01.13 | Mem:378.38M, Peak:378.38M | Scene, ViewLayer | Updating Images | Loading pavilion-gold.png.003
Fra:1 Mem:3358.53M (Peak 3358.53M) | Time:00:01.13 | Mem:378.62M, Peak:378.62M | Scene, ViewLayer | Updating Images | Loading temple-gold.png.005
Fra:1 Mem:3358.78M (Peak 3358.78M) | Time:00:01.13 | Mem:378.88M, Peak:378.88M | Scene, ViewLayer | Updating Images | Loading pavilion-gold.png.004
Fra:1 Mem:3358.26M (Peak 3358.78M) | Time:00:01.13 | Mem:379.38M, Peak:379.38M | Scene, ViewLayer | Updating Images | Loading pavilion-gold.png.005
Fra:1 Mem:3358.77M (Peak 3358.78M) | Time:00:01.13 | Mem:379.38M, Peak:379.38M | Scene, ViewLayer | Updating Images | Loading pavilion-roof.png
Fra:1 Mem:3359.27M (Peak 3359.27M) | Time:00:01.13 | Mem:379.62M, Peak:379.62M | Scene, ViewLayer | Updating Images | Loading pavilion-roof.png.001
Fra:1 Mem:3359.27M (Peak 3359.27M) | Time:00:01.13 | Mem:379.88M, Peak:379.88M | Scene, ViewLayer | Updating Images | Loading pavilion-roof.png.002
Fra:1 Mem:3359.77M (Peak 3359.77M) | Time:00:01.13 | Mem:380.12M, Peak:380.12M | Scene, ViewLayer | Updating Images | Loading temple-gold.png.004
Fra:1 Mem:3359.77M (Peak 3359.77M) | Time:00:01.13 | Mem:380.38M, Peak:380.38M | Scene, ViewLayer | Updating Images | Loading pavilion-roof.png.003
Fra:1 Mem:3360.02M (Peak 3360.02M) | Time:00:01.13 | Mem:380.62M, Peak:380.62M | Scene, ViewLayer | Updating Images | Loading pavilion-roof.png.004
Fra:1 Mem:3360.27M (Peak 3360.27M) | Time:00:01.13 | Mem:380.88M, Peak:380.88M | Scene, ViewLayer | Updating Images | Loading pavilion-roof.png.005
Fra:1 Mem:3360.77M (Peak 3360.77M) | Time:00:01.13 | Mem:381.12M, Peak:381.12M | Scene, ViewLayer | Updating Images | Loading pavilion-tilelight.png
Fra:1 Mem:3361.28M (Peak 3361.28M) | Time:00:01.13 | Mem:381.38M, Peak:381.38M | Scene, ViewLayer | Updating Images | Loading temple-gold.png.003
Fra:1 Mem:3361.02M (Peak 3361.28M) | Time:00:01.13 | Mem:381.62M, Peak:381.62M | Scene, ViewLayer | Updating Images | Loading pavilion-tilelight.png.001
Fra:1 Mem:3361.52M (Peak 3361.52M) | Time:00:01.13 | Mem:381.88M, Peak:381.88M | Scene, ViewLayer | Updating Images | Loading pavilion-tilelight.png.002
Fra:1 Mem:3361.52M (Peak 3361.52M) | Time:00:01.13 | Mem:382.12M, Peak:382.12M | Scene, ViewLayer | Updating Images | Loading pavilion-tilelight.png.003
Fra:1 Mem:3362.02M (Peak 3362.02M) | Time:00:01.13 | Mem:382.38M, Peak:382.38M | Scene, ViewLayer | Updating Images | Loading pavilion-tilelight.png.004
Fra:1 Mem:3362.27M (Peak 3362.27M) | Time:00:01.13 | Mem:382.62M, Peak:382.62M | Scene, ViewLayer | Updating Images | Loading pavilion-tilelight.png.005
Fra:1 Mem:3362.27M (Peak 3362.27M) | Time:00:01.13 | Mem:382.88M, Peak:382.88M | Scene, ViewLayer | Updating Images | Loading pavilion-tile.png
Fra:1 Mem:3362.51M (Peak 3362.51M) | Time:00:01.13 | Mem:383.38M, Peak:383.38M | Scene, ViewLayer | Updating Images | Loading pavilion-tile.png.001
Fra:1 Mem:3362.77M (Peak 3362.77M) | Time:00:01.13 | Mem:383.38M, Peak:383.38M | Scene, ViewLayer | Updating Images | Loading pavilion-tile.png.002
Fra:1 Mem:3363.02M (Peak 3363.02M) | Time:00:01.13 | Mem:383.62M, Peak:383.62M | Scene, ViewLayer | Updating Images | Loading pavilion-tile.png.003
Fra:1 Mem:3363.78M (Peak 3363.78M) | Time:00:01.13 | Mem:383.88M, Peak:383.88M | Scene, ViewLayer | Updating Images | Loading pavilion-tile.png.004
Fra:1 Mem:3364.03M (Peak 3364.03M) | Time:00:01.13 | Mem:384.12M, Peak:384.12M | Scene, ViewLayer | Updating Images | Loading temple-gold.png.002
Fra:1 Mem:3363.77M (Peak 3364.03M) | Time:00:01.13 | Mem:384.38M, Peak:384.38M | Scene, ViewLayer | Updating Images | Loading pavilion-tile.png.005
Fra:1 Mem:3364.02M (Peak 3364.03M) | Time:00:01.13 | Mem:384.62M, Peak:384.62M | Scene, ViewLayer | Updating Images | Loading pavilion-tiledark.png
Fra:1 Mem:3364.27M (Peak 3364.27M) | Time:00:01.13 | Mem:384.88M, Peak:384.88M | Scene, ViewLayer | Updating Images | Loading pavilion-tiledark.png.001
Fra:1 Mem:3364.77M (Peak 3364.77M) | Time:00:01.13 | Mem:385.12M, Peak:385.12M | Scene, ViewLayer | Updating Images | Loading pavilion-tiledark.png.002
Fra:1 Mem:3364.51M (Peak 3364.77M) | Time:00:01.13 | Mem:385.38M, Peak:385.38M | Scene, ViewLayer | Updating Images | Loading pavilion-tiledark.png.003
Fra:1 Mem:3365.02M (Peak 3365.02M) | Time:00:01.13 | Mem:385.62M, Peak:385.62M | Scene, ViewLayer | Updating Images | Loading pavilion-tiledark.png.004
Fra:1 Mem:3365.52M (Peak 3365.52M) | Time:00:01.13 | Mem:385.88M, Peak:385.88M | Scene, ViewLayer | Updating Images | Loading pavilion-tiledark.png.005
Fra:1 Mem:3365.52M (Peak 3365.52M) | Time:00:01.13 | Mem:386.12M, Peak:386.12M | Scene, ViewLayer | Updating Images | Loading rustic-bamboo.png
Fra:1 Mem:3366.28M (Peak 3366.28M) | Time:00:01.13 | Mem:386.38M, Peak:386.38M | Scene, ViewLayer | Updating Images | Loading rustic-bamboo.png.001
Fra:1 Mem:3366.27M (Peak 3366.28M) | Time:00:01.13 | Mem:386.62M, Peak:386.62M | Scene, ViewLayer | Updating Images | Loading rustic-bamboo.png.002
Fra:1 Mem:3367.04M (Peak 3367.04M) | Time:00:01.13 | Mem:386.88M, Peak:386.88M | Scene, ViewLayer | Updating Images | Loading temple-gold.png.001
Fra:1 Mem:3367.03M (Peak 3367.04M) | Time:00:01.13 | Mem:387.12M, Peak:387.12M | Scene, ViewLayer | Updating Images | Loading rustic-bamboo.png.003
Fra:1 Mem:3367.02M (Peak 3367.04M) | Time:00:01.13 | Mem:387.38M, Peak:387.38M | Scene, ViewLayer | Updating Images | Loading rustic-bamboo.png.004
Fra:1 Mem:3367.02M (Peak 3367.04M) | Time:00:01.13 | Mem:387.62M, Peak:387.62M | Scene, ViewLayer | Updating Images | Loading rustic-bamboo.png.005
Fra:1 Mem:3367.27M (Peak 3367.27M) | Time:00:01.13 | Mem:387.88M, Peak:387.88M | Scene, ViewLayer | Updating Images | Loading rustic-bamboo.png.006
Fra:1 Mem:3367.77M (Peak 3367.77M) | Time:00:01.13 | Mem:388.12M, Peak:388.12M | Scene, ViewLayer | Updating Images | Loading hill-stone.png
Fra:1 Mem:3367.77M (Peak 3367.77M) | Time:00:01.13 | Mem:388.38M, Peak:388.38M | Scene, ViewLayer | Updating Images | Loading hill-stone.png.001
Fra:1 Mem:3368.02M (Peak 3368.02M) | Time:00:01.13 | Mem:388.62M, Peak:388.62M | Scene, ViewLayer | Updating Images | Loading hill-stone.png.002
Fra:1 Mem:3368.27M (Peak 3368.27M) | Time:00:01.13 | Mem:388.88M, Peak:388.88M | Scene, ViewLayer | Updating Images | Loading hill-stone.png.003
Fra:1 Mem:3368.77M (Peak 3368.77M) | Time:00:01.13 | Mem:389.12M, Peak:389.12M | Scene, ViewLayer | Updating Images | Loading hill-stone.png.004
Fra:1 Mem:3368.77M (Peak 3368.77M) | Time:00:01.13 | Mem:389.38M, Peak:389.38M | Scene, ViewLayer | Updating Images | Loading temple-gold.png
Fra:1 Mem:3369.27M (Peak 3369.27M) | Time:00:01.13 | Mem:389.62M, Peak:389.62M | Scene, ViewLayer | Updating Images | Loading hill-stone.png.005
Fra:1 Mem:3369.26M (Peak 3369.27M) | Time:00:01.13 | Mem:390.38M, Peak:390.38M | Scene, ViewLayer | Updating Images | Loading hill-cutstone.png.002
Fra:1 Mem:3370.02M (Peak 3370.02M) | Time:00:01.13 | Mem:390.62M, Peak:390.62M | Scene, ViewLayer | Updating Images | Loading hill-cutstone.png.003
Fra:1 Mem:3370.53M (Peak 3370.53M) | Time:00:01.13 | Mem:390.88M, Peak:390.88M | Scene, ViewLayer | Updating Images | Loading hill-cutstone.png.004
Fra:1 Mem:3370.52M (Peak 3370.53M) | Time:00:01.13 | Mem:391.12M, Peak:391.12M | Scene, ViewLayer | Updating Images | Loading hill-cutstone.png.005
Fra:1 Mem:3370.77M (Peak 3370.77M) | Time:00:01.13 | Mem:391.38M, Peak:391.38M | Scene, ViewLayer | Updating Images | Loading hill-darkwood.png
Fra:1 Mem:3371.28M (Peak 3371.28M) | Time:00:01.13 | Mem:391.62M, Peak:391.62M | Scene, ViewLayer | Updating Images | Loading hill-darkwood.png.001
Fra:1 Mem:3371.27M (Peak 3371.28M) | Time:00:01.13 | Mem:391.88M, Peak:391.88M | Scene, ViewLayer | Updating Images | Loading temple-bamboo.png.006
Fra:1 Mem:3371.52M (Peak 3371.52M) | Time:00:01.13 | Mem:392.12M, Peak:392.12M | Scene, ViewLayer | Updating Images | Loading hill-darkwood.png.002
Fra:1 Mem:3372.02M (Peak 3372.02M) | Time:00:01.13 | Mem:392.38M, Peak:392.38M | Scene, ViewLayer | Updating Images | Loading hill-darkwood.png.003
Fra:1 Mem:3372.02M (Peak 3372.02M) | Time:00:01.13 | Mem:392.62M, Peak:392.62M | Scene, ViewLayer | Updating Images | Loading hill-darkwood.png.004
Fra:1 Mem:3372.78M (Peak 3372.78M) | Time:00:01.13 | Mem:392.88M, Peak:392.88M | Scene, ViewLayer | Updating Images | Loading hill-darkwood.png.005
Fra:1 Mem:3372.77M (Peak 3372.78M) | Time:00:01.13 | Mem:393.38M, Peak:393.38M | Scene, ViewLayer | Updating Images | Loading hill-wood.png
Fra:1 Mem:3372.77M (Peak 3372.78M) | Time:00:01.13 | Mem:393.38M, Peak:393.38M | Scene, ViewLayer | Updating Images | Loading hill-wood.png.001
Fra:1 Mem:3373.02M (Peak 3373.02M) | Time:00:01.13 | Mem:393.62M, Peak:393.62M | Scene, ViewLayer | Updating Images | Loading hill-wood.png.002
Fra:1 Mem:3373.53M (Peak 3373.53M) | Time:00:01.13 | Mem:393.88M, Peak:393.88M | Scene, ViewLayer | Updating Images | Loading hill-wood.png.003
Fra:1 Mem:3373.52M (Peak 3373.53M) | Time:00:01.13 | Mem:394.12M, Peak:394.12M | Scene, ViewLayer | Updating Images | Loading temple-bamboo.png.005
Fra:1 Mem:3374.03M (Peak 3374.03M) | Time:00:01.13 | Mem:394.38M, Peak:394.38M | Scene, ViewLayer | Updating Images | Loading hill-wood.png.004
Fra:1 Mem:3374.02M (Peak 3374.03M) | Time:00:01.13 | Mem:394.62M, Peak:394.62M | Scene, ViewLayer | Updating Images | Loading hill-wood.png.005
Fra:1 Mem:3375.30M (Peak 3375.30M) | Time:00:01.13 | Mem:394.88M, Peak:394.88M | Scene, ViewLayer | Updating Images | Loading hill-latticewood.png
Fra:1 Mem:3375.29M (Peak 3375.30M) | Time:00:01.13 | Mem:395.12M, Peak:395.12M | Scene, ViewLayer | Updating Images | Loading hill-latticewood.png.001
Fra:1 Mem:3375.03M (Peak 3375.30M) | Time:00:01.13 | Mem:395.38M, Peak:395.38M | Scene, ViewLayer | Updating Images | Loading hill-latticewood.png.002
Fra:1 Mem:3375.02M (Peak 3375.30M) | Time:00:01.13 | Mem:395.62M, Peak:395.62M | Scene, ViewLayer | Updating Images | Loading hill-latticewood.png.003
Fra:1 Mem:3375.27M (Peak 3375.30M) | Time:00:01.13 | Mem:395.88M, Peak:395.88M | Scene, ViewLayer | Updating Images | Loading hill-latticewood.png.004
Fra:1 Mem:3375.52M (Peak 3375.52M) | Time:00:01.13 | Mem:396.12M, Peak:396.12M | Scene, ViewLayer | Updating Images | Loading temple-bamboo.png.004
Fra:1 Mem:3376.03M (Peak 3376.03M) | Time:00:01.13 | Mem:396.38M, Peak:396.38M | Scene, ViewLayer | Updating Images | Loading hill-latticewood.png.005
Fra:1 Mem:3376.02M (Peak 3376.03M) | Time:00:01.13 | Mem:396.62M, Peak:396.62M | Scene, ViewLayer | Updating Images | Loading hill-screen.png
Fra:1 Mem:3377.04M (Peak 3377.04M) | Time:00:01.13 | Mem:396.88M, Peak:396.88M | Scene, ViewLayer | Updating Images | Loading hill-screen.png.001
Fra:1 Mem:3377.03M (Peak 3377.04M) | Time:00:01.13 | Mem:397.12M, Peak:397.12M | Scene, ViewLayer | Updating Images | Loading hill-screen.png.002
Fra:1 Mem:3376.77M (Peak 3377.04M) | Time:00:01.13 | Mem:397.62M, Peak:397.62M | Scene, ViewLayer | Updating Images | Loading hill-screen.png.003
Fra:1 Mem:3376.77M (Peak 3377.04M) | Time:00:01.13 | Mem:397.62M, Peak:397.62M | Scene, ViewLayer | Updating Images | Loading hill-screen.png.004
Fra:1 Mem:3377.53M (Peak 3377.53M) | Time:00:01.13 | Mem:397.88M, Peak:397.88M | Scene, ViewLayer | Updating Images | Loading hill-screen.png.005
Fra:1 Mem:3378.29M (Peak 3378.29M) | Time:00:01.13 | Mem:398.12M, Peak:398.12M | Scene, ViewLayer | Updating Images | Loading hill-roof.png
Fra:1 Mem:3378.54M (Peak 3378.54M) | Time:00:01.13 | Mem:398.38M, Peak:398.38M | Scene, ViewLayer | Updating Images | Loading hill-roof.png.001
Fra:1 Mem:3378.28M (Peak 3378.54M) | Time:00:01.13 | Mem:398.62M, Peak:398.62M | Scene, ViewLayer | Updating Images | Loading temple-bamboo.png.003
Fra:1 Mem:3378.01M (Peak 3378.54M) | Time:00:01.13 | Mem:399.12M, Peak:399.12M | Scene, ViewLayer | Updating Images | Loading hill-roof.png.002
Fra:1 Mem:3378.52M (Peak 3378.54M) | Time:00:01.13 | Mem:399.12M, Peak:399.12M | Scene, ViewLayer | Updating Images | Loading hill-roof.png.003
Fra:1 Mem:3378.77M (Peak 3378.77M) | Time:00:01.13 | Mem:399.38M, Peak:399.38M | Scene, ViewLayer | Updating Images | Loading hill-roof.png.004
Fra:1 Mem:3379.02M (Peak 3379.02M) | Time:00:01.13 | Mem:399.62M, Peak:399.62M | Scene, ViewLayer | Updating Images | Loading hill-roof.png.005
Fra:1 Mem:3379.53M (Peak 3379.53M) | Time:00:01.13 | Mem:399.88M, Peak:399.88M | Scene, ViewLayer | Updating Images | Loading hill-tilelight.png
Fra:1 Mem:3379.78M (Peak 3379.78M) | Time:00:01.13 | Mem:400.12M, Peak:400.12M | Scene, ViewLayer | Updating Images | Loading hill-tilelight.png.001
Fra:1 Mem:3379.77M (Peak 3379.78M) | Time:00:01.13 | Mem:400.38M, Peak:400.38M | Scene, ViewLayer | Updating Images | Loading hill-tilelight.png.002
Fra:1 Mem:3380.02M (Peak 3380.02M) | Time:00:01.13 | Mem:400.62M, Peak:400.62M | Scene, ViewLayer | Updating Images | Loading hill-tilelight.png.003
Fra:1 Mem:3380.53M (Peak 3380.53M) | Time:00:01.14 | Mem:400.88M, Peak:400.88M | Scene, ViewLayer | Updating Images | Loading hill-tilelight.png.004
Fra:1 Mem:3380.78M (Peak 3380.78M) | Time:00:01.14 | Mem:401.12M, Peak:401.12M | Scene, ViewLayer | Updating Images | Loading temple-bamboo.png.002
Fra:1 Mem:3380.77M (Peak 3380.78M) | Time:00:01.14 | Mem:401.38M, Peak:401.38M | Scene, ViewLayer | Updating Images | Loading hill-tilelight.png.005
Fra:1 Mem:3381.53M (Peak 3381.53M) | Time:00:01.14 | Mem:401.62M, Peak:401.62M | Scene, ViewLayer | Updating Images | Loading hill-tile.png
Fra:1 Mem:3381.27M (Peak 3381.53M) | Time:00:01.14 | Mem:401.88M, Peak:401.88M | Scene, ViewLayer | Updating Images | Loading hill-tile.png.001
Fra:1 Mem:3381.27M (Peak 3381.53M) | Time:00:01.14 | Mem:402.12M, Peak:402.12M | Scene, ViewLayer | Updating Images | Loading hill-tile.png.002
Fra:1 Mem:3382.03M (Peak 3382.03M) | Time:00:01.14 | Mem:402.38M, Peak:402.38M | Scene, ViewLayer | Updating Images | Loading hill-tile.png.003
Fra:1 Mem:3382.02M (Peak 3382.03M) | Time:00:01.14 | Mem:402.62M, Peak:402.62M | Scene, ViewLayer | Updating Images | Loading hill-tile.png.004
Fra:1 Mem:3382.53M (Peak 3382.53M) | Time:00:01.14 | Mem:402.88M, Peak:402.88M | Scene, ViewLayer | Updating Images | Loading hill-tile.png.005
Fra:1 Mem:3382.78M (Peak 3382.78M) | Time:00:01.14 | Mem:403.12M, Peak:403.12M | Scene, ViewLayer | Updating Images | Loading hill-tiledark.png
Fra:1 Mem:3383.03M (Peak 3383.03M) | Time:00:01.14 | Mem:403.38M, Peak:403.38M | Scene, ViewLayer | Updating Images | Loading hill-tiledark.png.001
Fra:1 Mem:3383.53M (Peak 3383.53M) | Time:00:01.14 | Mem:403.62M, Peak:403.62M | Scene, ViewLayer | Updating Images | Loading hill-tiledark.png.002
Fra:1 Mem:3383.27M (Peak 3383.53M) | Time:00:01.14 | Mem:403.88M, Peak:403.88M | Scene, ViewLayer | Updating Images | Loading temple-bamboo.png.001
Fra:1 Mem:3383.52M (Peak 3383.53M) | Time:00:01.14 | Mem:404.12M, Peak:404.12M | Scene, ViewLayer | Updating Images | Loading hill-tiledark.png.003
Fra:1 Mem:3384.03M (Peak 3384.03M) | Time:00:01.14 | Mem:404.38M, Peak:404.38M | Scene, ViewLayer | Updating Images | Loading hill-tiledark.png.004
Fra:1 Mem:3384.28M (Peak 3384.28M) | Time:00:01.14 | Mem:404.62M, Peak:404.62M | Scene, ViewLayer | Updating Images | Loading hill-tiledark.png.005
Fra:1 Mem:3384.79M (Peak 3384.79M) | Time:00:01.14 | Mem:404.88M, Peak:404.88M | Scene, ViewLayer | Updating Images | Loading hill-bark.png
Fra:1 Mem:3384.78M (Peak 3384.79M) | Time:00:01.14 | Mem:405.12M, Peak:405.12M | Scene, ViewLayer | Updating Images | Loading hill-bark.png.001
Fra:1 Mem:3385.03M (Peak 3385.03M) | Time:00:01.14 | Mem:405.38M, Peak:405.38M | Scene, ViewLayer | Updating Images | Loading hill-bark.png.002
Fra:1 Mem:3385.02M (Peak 3385.03M) | Time:00:01.14 | Mem:405.62M, Peak:405.62M | Scene, ViewLayer | Updating Images | Loading hill-bark.png.003
Fra:1 Mem:3385.79M (Peak 3385.79M) | Time:00:01.14 | Mem:405.88M, Peak:405.88M | Scene, ViewLayer | Updating Images | Loading temple-bamboo.png
Fra:1 Mem:3385.78M (Peak 3385.79M) | Time:00:01.14 | Mem:406.12M, Peak:406.12M | Scene, ViewLayer | Updating Images | Loading hill-bark.png.004
Fra:1 Mem:3386.03M (Peak 3386.03M) | Time:00:01.14 | Mem:406.38M, Peak:406.38M | Scene, ViewLayer | Updating Images | Loading hill-bark.png.005
Fra:1 Mem:3386.02M (Peak 3386.03M) | Time:00:01.14 | Mem:406.62M, Peak:406.62M | Scene, ViewLayer | Updating Images | Loading hill-paving.png
Fra:1 Mem:3386.27M (Peak 3386.27M) | Time:00:01.14 | Mem:406.88M, Peak:406.88M | Scene, ViewLayer | Updating Images | Loading hill-paving.png.001
Fra:1 Mem:3386.52M (Peak 3386.52M) | Time:00:01.14 | Mem:407.12M, Peak:407.12M | Scene, ViewLayer | Updating Images | Loading hill-paving.png.002
Fra:1 Mem:3387.03M (Peak 3387.03M) | Time:00:01.14 | Mem:407.38M, Peak:407.38M | Scene, ViewLayer | Updating Images | Loading hill-paving.png.003
Fra:1 Mem:3387.02M (Peak 3387.03M) | Time:00:01.14 | Mem:407.62M, Peak:407.62M | Scene, ViewLayer | Updating Images | Loading hill-paving.png.004
Fra:1 Mem:3387.27M (Peak 3387.27M) | Time:00:01.14 | Mem:407.88M, Peak:407.88M | Scene, ViewLayer | Updating Images | Loading hill-paving.png.005
Fra:1 Mem:3387.52M (Peak 3387.52M) | Time:00:01.14 | Mem:408.12M, Peak:408.12M | Scene, ViewLayer | Updating Images | Loading hill-plaster.png
Fra:1 Mem:3387.77M (Peak 3387.77M) | Time:00:01.14 | Mem:408.38M, Peak:408.38M | Scene, ViewLayer | Updating Images | Loading temple-ivory.png.006
Fra:1 Mem:3388.02M (Peak 3388.02M) | Time:00:01.14 | Mem:408.62M, Peak:408.62M | Scene, ViewLayer | Updating Images | Loading hill-plaster.png.001
Fra:1 Mem:3388.79M (Peak 3388.79M) | Time:00:01.14 | Mem:408.88M, Peak:408.88M | Scene, ViewLayer | Updating Images | Loading hill-plaster.png.002
Fra:1 Mem:3388.78M (Peak 3388.79M) | Time:00:01.14 | Mem:409.12M, Peak:409.12M | Scene, ViewLayer | Updating Images | Loading hill-plaster.png.003
Fra:1 Mem:3388.77M (Peak 3388.79M) | Time:00:01.14 | Mem:409.38M, Peak:409.38M | Scene, ViewLayer | Updating Images | Loading hill-plaster.png.004
Fra:1 Mem:3389.28M (Peak 3389.28M) | Time:00:01.14 | Mem:409.62M, Peak:409.62M | Scene, ViewLayer | Updating Images | Loading hill-plaster.png.005
Fra:1 Mem:3389.27M (Peak 3389.28M) | Time:00:01.14 | Mem:409.88M, Peak:409.88M | Scene, ViewLayer | Updating Images | Loading temple-ivory.png.005
Fra:1 Mem:3389.78M (Peak 3389.78M) | Time:00:01.14 | Mem:410.12M, Peak:410.12M | Scene, ViewLayer | Updating Images | Loading moon-stone.png
Fra:1 Mem:3390.03M (Peak 3390.03M) | Time:00:01.14 | Mem:410.38M, Peak:410.38M | Scene, ViewLayer | Updating Images | Loading moon-stone.png.001
Fra:1 Mem:3390.02M (Peak 3390.03M) | Time:00:01.14 | Mem:410.62M, Peak:410.62M | Scene, ViewLayer | Updating Images | Loading moon-stone.png.002
Fra:1 Mem:3390.27M (Peak 3390.27M) | Time:00:01.14 | Mem:410.88M, Peak:410.88M | Scene, ViewLayer | Updating Images | Loading moon-stone.png.003
Fra:1 Mem:3390.78M (Peak 3390.78M) | Time:00:01.14 | Mem:411.12M, Peak:411.12M | Scene, ViewLayer | Updating Images | Loading temple-ivory.png.004
Fra:1 Mem:3390.52M (Peak 3390.78M) | Time:00:01.14 | Mem:411.38M, Peak:411.38M | Scene, ViewLayer | Updating Images | Loading moon-stone.png.004
Fra:1 Mem:3391.02M (Peak 3391.02M) | Time:00:01.14 | Mem:411.62M, Peak:411.62M | Scene, ViewLayer | Updating Images | Loading moon-stone.png.005
Fra:1 Mem:3391.53M (Peak 3391.53M) | Time:00:01.14 | Mem:411.88M, Peak:411.88M | Scene, ViewLayer | Updating Images | Loading waterside-cutstone.png
Fra:1 Mem:3391.52M (Peak 3391.53M) | Time:00:01.14 | Mem:412.12M, Peak:412.12M | Scene, ViewLayer | Updating Images | Loading moon-cutstone.png
Fra:1 Mem:3392.03M (Peak 3392.03M) | Time:00:01.14 | Mem:412.38M, Peak:412.38M | Scene, ViewLayer | Updating Images | Loading moon-cutstone.png.001
Fra:1 Mem:3391.77M (Peak 3392.03M) | Time:00:01.14 | Mem:412.62M, Peak:412.62M | Scene, ViewLayer | Updating Images | Loading temple-ivory.png.003
Fra:1 Mem:3392.53M (Peak 3392.53M) | Time:00:01.14 | Mem:412.88M, Peak:412.88M | Scene, ViewLayer | Updating Images | Loading moon-cutstone.png.002
Fra:1 Mem:3392.78M (Peak 3392.78M) | Time:00:01.14 | Mem:413.38M, Peak:413.38M | Scene, ViewLayer | Updating Images | Loading moon-cutstone.png.003
Fra:1 Mem:3392.78M (Peak 3392.78M) | Time:00:01.14 | Mem:413.38M, Peak:413.38M | Scene, ViewLayer | Updating Images | Loading moon-cutstone.png.004
Fra:1 Mem:3393.02M (Peak 3393.02M) | Time:00:01.14 | Mem:413.62M, Peak:413.62M | Scene, ViewLayer | Updating Images | Loading moon-cutstone.png.005
Fra:1 Mem:3393.53M (Peak 3393.53M) | Time:00:01.14 | Mem:413.88M, Peak:413.88M | Scene, ViewLayer | Updating Images | Loading temple-ivory.png.002
Fra:1 Mem:3393.78M (Peak 3393.78M) | Time:00:01.14 | Mem:414.12M, Peak:414.12M | Scene, ViewLayer | Updating Images | Loading moon-darkwood.png
Fra:1 Mem:3394.03M (Peak 3394.03M) | Time:00:01.14 | Mem:414.38M, Peak:414.38M | Scene, ViewLayer | Updating Images | Loading moon-darkwood.png.001
Fra:1 Mem:3394.02M (Peak 3394.03M) | Time:00:01.14 | Mem:414.62M, Peak:414.62M | Scene, ViewLayer | Updating Images | Loading moon-darkwood.png.002
Fra:1 Mem:3394.27M (Peak 3394.27M) | Time:00:01.14 | Mem:414.88M, Peak:414.88M | Scene, ViewLayer | Updating Images | Loading moon-darkwood.png.003
Fra:1 Mem:3395.29M (Peak 3395.29M) | Time:00:01.14 | Mem:415.12M, Peak:415.12M | Scene, ViewLayer | Updating Images | Loading moon-darkwood.png.004
Fra:1 Mem:3395.29M (Peak 3395.29M) | Time:00:01.14 | Mem:415.38M, Peak:415.38M | Scene, ViewLayer | Updating Images | Loading temple-ivory.png.001
Fra:1 Mem:3395.03M (Peak 3395.29M) | Time:00:01.14 | Mem:415.62M, Peak:415.62M | Scene, ViewLayer | Updating Images | Loading moon-darkwood.png.005
Fra:1 Mem:3395.03M (Peak 3395.29M) | Time:00:01.14 | Mem:415.88M, Peak:415.88M | Scene, ViewLayer | Updating Images | Loading moon-wood.png
Fra:1 Mem:3396.04M (Peak 3396.04M) | Time:00:01.14 | Mem:416.12M, Peak:416.12M | Scene, ViewLayer | Updating Images | Loading moon-wood.png.001
Fra:1 Mem:3396.03M (Peak 3396.04M) | Time:00:01.14 | Mem:416.38M, Peak:416.38M | Scene, ViewLayer | Updating Images | Loading moon-wood.png.002
Fra:1 Mem:3396.02M (Peak 3396.04M) | Time:00:01.14 | Mem:416.62M, Peak:416.62M | Scene, ViewLayer | Updating Images | Loading moon-wood.png.003
Fra:1 Mem:3396.79M (Peak 3396.79M) | Time:00:01.14 | Mem:416.88M, Peak:416.88M | Scene, ViewLayer | Updating Images | Loading moon-wood.png.004
Fra:1 Mem:3397.29M (Peak 3397.29M) | Time:00:01.14 | Mem:417.12M, Peak:417.12M | Scene, ViewLayer | Updating Images | Loading moon-wood.png.005
Fra:1 Mem:3397.29M (Peak 3397.29M) | Time:00:01.14 | Mem:417.38M, Peak:417.38M | Scene, ViewLayer | Updating Images | Loading moon-latticewood.png
Fra:1 Mem:3396.77M (Peak 3397.29M) | Time:00:01.14 | Mem:417.88M, Peak:417.88M | Scene, ViewLayer | Updating Images | Loading temple-ivory.png
Fra:1 Mem:3397.52M (Peak 3397.52M) | Time:00:01.14 | Mem:418.12M, Peak:418.12M | Scene, ViewLayer | Updating Images | Loading moon-latticewood.png.002
Fra:1 Mem:3398.03M (Peak 3398.03M) | Time:00:01.14 | Mem:418.38M, Peak:418.38M | Scene, ViewLayer | Updating Images | Loading moon-latticewood.png.003
Fra:1 Mem:3398.54M (Peak 3398.54M) | Time:00:01.14 | Mem:418.62M, Peak:418.62M | Scene, ViewLayer | Updating Images | Loading moon-latticewood.png.004
Fra:1 Mem:3398.79M (Peak 3398.79M) | Time:00:01.14 | Mem:418.88M, Peak:418.88M | Scene, ViewLayer | Updating Images | Loading moon-latticewood.png.005
Fra:1 Mem:3398.78M (Peak 3398.79M) | Time:00:01.14 | Mem:419.12M, Peak:419.12M | Scene, ViewLayer | Updating Images | Loading temple-paper.png.006
Fra:1 Mem:3398.77M (Peak 3398.79M) | Time:00:01.14 | Mem:419.38M, Peak:419.38M | Scene, ViewLayer | Updating Images | Loading waterside-screen.png
Fra:1 Mem:3399.28M (Peak 3399.28M) | Time:00:01.14 | Mem:419.62M, Peak:419.62M | Scene, ViewLayer | Updating Images | Loading moon-screen.png
Fra:1 Mem:3399.27M (Peak 3399.28M) | Time:00:01.14 | Mem:419.88M, Peak:419.88M | Scene, ViewLayer | Updating Images | Loading moon-screen.png.001
Fra:1 Mem:3399.52M (Peak 3399.52M) | Time:00:01.14 | Mem:420.12M, Peak:420.12M | Scene, ViewLayer | Updating Images | Loading moon-screen.png.002
Fra:1 Mem:3399.77M (Peak 3399.77M) | Time:00:01.14 | Mem:420.62M, Peak:420.62M | Scene, ViewLayer | Updating Images | Loading moon-screen.png.003
Fra:1 Mem:3400.02M (Peak 3400.02M) | Time:00:01.14 | Mem:420.62M, Peak:420.62M | Scene, ViewLayer | Updating Images | Loading moon-screen.png.004
Fra:1 Mem:3400.27M (Peak 3400.27M) | Time:00:01.14 | Mem:420.88M, Peak:420.88M | Scene, ViewLayer | Updating Images | Loading temple-paper.png.005
Fra:1 Mem:3400.78M (Peak 3400.78M) | Time:00:01.14 | Mem:421.12M, Peak:421.12M | Scene, ViewLayer | Updating Images | Loading moon-screen.png.005
Fra:1 Mem:3401.03M (Peak 3401.03M) | Time:00:01.14 | Mem:421.38M, Peak:421.38M | Scene, ViewLayer | Updating Images | Loading moon-roof.png
Fra:1 Mem:3401.02M (Peak 3401.03M) | Time:00:01.14 | Mem:421.62M, Peak:421.62M | Scene, ViewLayer | Updating Images | Loading moon-roof.png.001
Fra:1 Mem:3401.53M (Peak 3401.53M) | Time:00:01.14 | Mem:421.88M, Peak:421.88M | Scene, ViewLayer | Updating Images | Loading moon-roof.png.002
Fra:1 Mem:3402.04M (Peak 3402.04M) | Time:00:01.14 | Mem:422.12M, Peak:422.12M | Scene, ViewLayer | Updating Images | Loading temple-paper.png.004
Fra:1 Mem:3402.03M (Peak 3402.04M) | Time:00:01.14 | Mem:422.38M, Peak:422.38M | Scene, ViewLayer | Updating Images | Loading moon-roof.png.003
Fra:1 Mem:3402.02M (Peak 3402.04M) | Time:00:01.15 | Mem:422.62M, Peak:422.62M | Scene, ViewLayer | Updating Images | Loading moon-roof.png.004
Fra:1 Mem:3402.27M (Peak 3402.27M) | Time:00:01.15 | Mem:422.88M, Peak:422.88M | Scene, ViewLayer | Updating Images | Loading moon-roof.png.005
Fra:1 Mem:3402.53M (Peak 3402.53M) | Time:00:01.15 | Mem:423.12M, Peak:423.12M | Scene, ViewLayer | Updating Images | Loading moon-tilelight.png
Fra:1 Mem:3402.77M (Peak 3402.77M) | Time:00:01.15 | Mem:423.38M, Peak:423.38M | Scene, ViewLayer | Updating Images | Loading moon-tilelight.png.001
Fra:1 Mem:3403.28M (Peak 3403.28M) | Time:00:01.15 | Mem:423.62M, Peak:423.62M | Scene, ViewLayer | Updating Images | Loading moon-tilelight.png.002
Fra:1 Mem:3403.53M (Peak 3403.53M) | Time:00:01.15 | Mem:423.88M, Peak:423.88M | Scene, ViewLayer | Updating Images | Loading temple-paper.png.003
Fra:1 Mem:3403.52M (Peak 3403.53M) | Time:00:01.15 | Mem:424.12M, Peak:424.12M | Scene, ViewLayer | Updating Images | Loading moon-tilelight.png.003
Fra:1 Mem:3403.77M (Peak 3403.77M) | Time:00:01.15 | Mem:424.38M, Peak:424.38M | Scene, ViewLayer | Updating Images | Loading moon-tilelight.png.004
Fra:1 Mem:3404.54M (Peak 3404.54M) | Time:00:01.15 | Mem:424.62M, Peak:424.62M | Scene, ViewLayer | Updating Images | Loading moon-tilelight.png.005
Fra:1 Mem:3404.53M (Peak 3404.54M) | Time:00:01.15 | Mem:424.88M, Peak:424.88M | Scene, ViewLayer | Updating Images | Loading moon-tile.png
Fra:1 Mem:3405.04M (Peak 3405.04M) | Time:00:01.15 | Mem:425.12M, Peak:425.12M | Scene, ViewLayer | Updating Images | Loading moon-tile.png.001
Fra:1 Mem:3405.03M (Peak 3405.04M) | Time:00:01.15 | Mem:425.38M, Peak:425.38M | Scene, ViewLayer | Updating Images | Loading moon-tile.png.002
Fra:1 Mem:3404.77M (Peak 3405.04M) | Time:00:01.15 | Mem:425.62M, Peak:425.62M | Scene, ViewLayer | Updating Images | Loading temple-paper.png.002
Fra:1 Mem:3405.27M (Peak 3405.27M) | Time:00:01.15 | Mem:425.88M, Peak:425.88M | Scene, ViewLayer | Updating Images | Loading moon-tile.png.003
Fra:1 Mem:3405.53M (Peak 3405.53M) | Time:00:01.15 | Mem:426.12M, Peak:426.12M | Scene, ViewLayer | Updating Images | Loading moon-tile.png.004
Fra:1 Mem:3405.77M (Peak 3405.77M) | Time:00:01.15 | Mem:426.38M, Peak:426.38M | Scene, ViewLayer | Updating Images | Loading moon-tile.png.005
Fra:1 Mem:3406.28M (Peak 3406.28M) | Time:00:01.15 | Mem:426.62M, Peak:426.62M | Scene, ViewLayer | Updating Images | Loading moon-tiledark.png
Fra:1 Mem:3406.53M (Peak 3406.53M) | Time:00:01.15 | Mem:426.88M, Peak:426.88M | Scene, ViewLayer | Updating Images | Loading moon-tiledark.png.001
Fra:1 Mem:3406.52M (Peak 3406.53M) | Time:00:01.15 | Mem:427.12M, Peak:427.12M | Scene, ViewLayer | Updating Images | Loading moon-tiledark.png.002
Fra:1 Mem:3406.77M (Peak 3406.77M) | Time:00:01.15 | Mem:427.38M, Peak:427.38M | Scene, ViewLayer | Updating Images | Loading moon-tiledark.png.003
Fra:1 Mem:3407.28M (Peak 3407.28M) | Time:00:01.15 | Mem:427.88M, Peak:427.88M | Scene, ViewLayer | Updating Images | Loading moon-tiledark.png.004
Fra:1 Mem:3407.28M (Peak 3407.28M) | Time:00:01.15 | Mem:427.88M, Peak:427.88M | Scene, ViewLayer | Updating Images | Loading moon-tiledark.png.005
Fra:1 Mem:3407.27M (Peak 3407.28M) | Time:00:01.15 | Mem:428.12M, Peak:428.12M | Scene, ViewLayer | Updating Images | Loading temple-paper.png.001
Fra:1 Mem:3408.03M (Peak 3408.03M) | Time:00:01.15 | Mem:428.38M, Peak:428.38M | Scene, ViewLayer | Updating Images | Loading waterside-bark.png
Fra:1 Mem:3408.02M (Peak 3408.03M) | Time:00:01.15 | Mem:428.62M, Peak:428.62M | Scene, ViewLayer | Updating Images | Loading moon-bark.png
Fra:1 Mem:3408.53M (Peak 3408.53M) | Time:00:01.15 | Mem:428.88M, Peak:428.88M | Scene, ViewLayer | Updating Images | Loading moon-bark.png.001
Fra:1 Mem:3408.78M (Peak 3408.78M) | Time:00:01.15 | Mem:429.12M, Peak:429.12M | Scene, ViewLayer | Updating Images | Loading moon-bark.png.002
Fra:1 Mem:3409.03M (Peak 3409.03M) | Time:00:01.15 | Mem:429.38M, Peak:429.38M | Scene, ViewLayer | Updating Images | Loading moon-bark.png.003
Fra:1 Mem:3409.28M (Peak 3409.28M) | Time:00:01.15 | Mem:429.62M, Peak:429.62M | Scene, ViewLayer | Updating Images | Loading temple-paper.png
Fra:1 Mem:3409.53M (Peak 3409.53M) | Time:00:01.15 | Mem:429.88M, Peak:429.88M | Scene, ViewLayer | Updating Images | Loading moon-bark.png.004
Fra:1 Mem:3409.52M (Peak 3409.53M) | Time:00:01.15 | Mem:430.12M, Peak:430.12M | Scene, ViewLayer | Updating Images | Loading moon-bark.png.005
Fra:1 Mem:3410.29M (Peak 3410.29M) | Time:00:01.15 | Mem:430.38M, Peak:430.38M | Scene, ViewLayer | Updating Images | Loading waterside-paving.png
Fra:1 Mem:3410.28M (Peak 3410.29M) | Time:00:01.15 | Mem:430.62M, Peak:430.62M | Scene, ViewLayer | Updating Images | Loading moon-paving.png
Fra:1 Mem:3410.02M (Peak 3410.29M) | Time:00:01.15 | Mem:430.88M, Peak:430.88M | Scene, ViewLayer | Updating Images | Loading moon-paving.png.001
Fra:1 Mem:3410.78M (Peak 3410.78M) | Time:00:01.15 | Mem:431.12M, Peak:431.12M | Scene, ViewLayer | Updating Images | Loading moon-paving.png.002
Fra:1 Mem:3410.77M (Peak 3410.78M) | Time:00:01.15 | Mem:431.38M, Peak:431.38M | Scene, ViewLayer | Updating Images | Loading moon-paving.png.003
Fra:1 Mem:3411.02M (Peak 3411.02M) | Time:00:01.15 | Mem:431.62M, Peak:431.62M | Scene, ViewLayer | Updating Images | Loading temple-screen.png.006
Fra:1 Mem:3411.27M (Peak 3411.27M) | Time:00:01.15 | Mem:431.88M, Peak:431.88M | Scene, ViewLayer | Updating Images | Loading moon-paving.png.004
Fra:1 Mem:3411.52M (Peak 3411.52M) | Time:00:01.15 | Mem:432.12M, Peak:432.12M | Scene, ViewLayer | Updating Images | Loading moon-paving.png.005
Fra:1 Mem:3412.03M (Peak 3412.03M) | Time:00:01.15 | Mem:432.38M, Peak:432.38M | Scene, ViewLayer | Updating Images | Loading moon-plaster.png
Fra:1 Mem:3412.54M (Peak 3412.54M) | Time:00:01.15 | Mem:432.62M, Peak:432.62M | Scene, ViewLayer | Updating Images | Loading moon-plaster.png.001
Fra:1 Mem:3412.53M (Peak 3412.54M) | Time:00:01.15 | Mem:432.88M, Peak:432.88M | Scene, ViewLayer | Updating Images | Loading temple-screen.png.005
Fra:1 Mem:3412.52M (Peak 3412.54M) | Time:00:01.15 | Mem:433.12M, Peak:433.12M | Scene, ViewLayer | Updating Images | Loading moon-plaster.png.002
Fra:1 Mem:3413.03M (Peak 3413.03M) | Time:00:01.15 | Mem:433.38M, Peak:433.38M | Scene, ViewLayer | Updating Images | Loading moon-plaster.png.003
Fra:1 Mem:3412.77M (Peak 3413.03M) | Time:00:01.15 | Mem:433.62M, Peak:433.62M | Scene, ViewLayer | Updating Images | Loading moon-plaster.png.004
Fra:1 Mem:3413.27M (Peak 3413.27M) | Time:00:01.15 | Mem:433.88M, Peak:433.88M | Scene, ViewLayer | Updating Images | Loading moon-plaster.png.005
Fra:1 Mem:3413.78M (Peak 3413.78M) | Time:00:01.15 | Mem:434.12M, Peak:434.12M | Scene, ViewLayer | Updating Images | Loading temple-screen.png.004
Fra:1 Mem:3413.78M (Peak 3413.78M) | Time:00:01.15 | Mem:434.38M, Peak:434.38M | Scene, ViewLayer | Updating Images | Loading r15_goldroof_diff
Fra:1 Mem:3415.03M (Peak 3415.29M) | Time:00:01.15 | Mem:434.62M, Peak:434.62M | Scene, ViewLayer | Updating Images | Loading r15_goldroof_nor_gl
Fra:1 Mem:3415.77M (Peak 3416.03M) | Time:00:01.15 | Mem:434.88M, Peak:434.88M | Scene, ViewLayer | Updating Images | Loading r15_goldroof_rough
Fra:1 Mem:3417.03M (Peak 3417.03M) | Time:00:01.15 | Mem:435.12M, Peak:435.12M | Scene, ViewLayer | Updating Images | Loading ceremonial-goldroof.png
Fra:1 Mem:3417.02M (Peak 3417.03M) | Time:00:01.15 | Mem:435.38M, Peak:435.38M | Scene, ViewLayer | Updating Images | Loading ceremonial-goldroof.png.001
Fra:1 Mem:3417.27M (Peak 3417.27M) | Time:00:01.15 | Mem:435.62M, Peak:435.62M | Scene, ViewLayer | Updating Images | Loading temple-screen.png.003
Fra:1 Mem:3417.78M (Peak 3417.78M) | Time:00:01.15 | Mem:435.88M, Peak:435.88M | Scene, ViewLayer | Updating Images | Loading ceremonial-goldroof.png.002
Fra:1 Mem:3417.52M (Peak 3417.78M) | Time:00:01.15 | Mem:436.12M, Peak:436.12M | Scene, ViewLayer | Updating Images | Loading ceremonial-goldroof.png.003
Fra:1 Mem:3418.28M (Peak 3418.28M) | Time:00:01.15 | Mem:436.38M, Peak:436.38M | Scene, ViewLayer | Updating Images | Loading temple-screen.png.002
Fra:1 Mem:3418.27M (Peak 3418.28M) | Time:00:01.15 | Mem:436.62M, Peak:436.62M | Scene, ViewLayer | Updating Images | Loading ceremonial-goldroof.png.004
Fra:1 Mem:3418.52M (Peak 3418.52M) | Time:00:01.15 | Mem:436.88M, Peak:436.88M | Scene, ViewLayer | Updating Images | Loading ceremonial-goldroof.png.005
Fra:1 Mem:3418.77M (Peak 3418.77M) | Time:00:01.15 | Mem:437.38M, Peak:437.38M | Scene, ViewLayer | Updating Images | Loading temple-screen.png.001
Fra:1 Mem:3418.77M (Peak 3418.77M) | Time:00:01.15 | Mem:437.38M, Peak:437.38M | Scene, ViewLayer | Updating Images | Loading ceremonial-goldroof.png.006
Fra:1 Mem:3419.53M (Peak 3419.53M) | Time:00:01.15 | Mem:437.62M, Peak:437.62M | Scene, ViewLayer | Updating Images | Loading r15_goldtilelight_diff
Fra:1 Mem:3420.27M (Peak 3420.53M) | Time:00:01.15 | Mem:437.88M, Peak:437.88M | Scene, ViewLayer | Updating Images | Loading r15_goldtilelight_nor_gl
Fra:1 Mem:3421.27M (Peak 3422.28M) | Time:00:01.15 | Mem:438.88M, Peak:438.88M | Scene, ViewLayer | Updating Images | Loading r15_goldtilelight_rough
Fra:1 Mem:3422.27M (Peak 3422.28M) | Time:00:01.15 | Mem:439.12M, Peak:439.12M | Scene, ViewLayer | Updating Images | Loading ceremonial-goldtilelight.png
Fra:1 Mem:3422.78M (Peak 3422.78M) | Time:00:01.15 | Mem:439.38M, Peak:439.38M | Scene, ViewLayer | Updating Images | Loading ceremonial-goldtilelight.png.001
Fra:1 Mem:3422.77M (Peak 3422.78M) | Time:00:01.15 | Mem:439.62M, Peak:439.62M | Scene, ViewLayer | Updating Images | Loading temple-screen.png
Fra:1 Mem:3423.28M (Peak 3424.03M) | Time:00:01.15 | Mem:440.62M, Peak:440.62M | Scene, ViewLayer | Updating Images | Loading ceremonial-goldtilelight.png.002
Fra:1 Mem:3423.27M (Peak 3424.03M) | Time:00:01.15 | Mem:440.88M, Peak:440.88M | Scene, ViewLayer | Updating Images | Loading ceremonial-goldtilelight.png.003
Fra:1 Mem:3423.52M (Peak 3424.03M) | Time:00:01.15 | Mem:441.12M, Peak:441.12M | Scene, ViewLayer | Updating Images | Loading ceremonial-goldtilelight.png.004
Fra:1 Mem:3423.77M (Peak 3424.78M) | Time:00:01.15 | Mem:442.12M, Peak:442.12M | Scene, ViewLayer | Updating Images | Loading ceremonial-goldtilelight.png.005
Fra:1 Mem:3424.02M (Peak 3425.03M) | Time:00:01.15 | Mem:443.12M, Peak:443.12M | Scene, ViewLayer | Updating Images | Loading ceremonial-goldtilelight.png.006
Fra:1 Mem:3424.27M (Peak 3425.03M) | Time:00:01.15 | Mem:443.38M, Peak:443.38M | Scene, ViewLayer | Updating Images | Loading temple-paving.png.006
Fra:1 Mem:3425.04M (Peak 3425.04M) | Time:00:01.16 | Mem:443.62M, Peak:443.62M | Scene, ViewLayer | Updating Images | Loading r15_goldtile_diff
Fra:1 Mem:3424.78M (Peak 3425.04M) | Time:00:01.16 | Mem:443.88M, Peak:443.88M | Scene, ViewLayer | Updating Images | Loading r15_goldtile_nor_gl
Fra:1 Mem:3426.78M (Peak 3426.78M) | Time:00:01.16 | Mem:444.12M, Peak:444.12M | Scene, ViewLayer | Updating Images | Loading r15_goldtile_rough
Fra:1 Mem:3426.52M (Peak 3426.78M) | Time:00:01.16 | Mem:444.38M, Peak:444.38M | Scene, ViewLayer | Updating Images | Loading temple-paving.png.005
Fra:1 Mem:3427.77M (Peak 3427.77M) | Time:00:01.16 | Mem:444.62M, Peak:444.62M | Scene, ViewLayer | Updating Images | Loading ceremonial-goldtile.png
Fra:1 Mem:3428.02M (Peak 3428.02M) | Time:00:01.16 | Mem:444.88M, Peak:444.88M | Scene, ViewLayer | Updating Images | Loading ceremonial-goldtile.png.001
Fra:1 Mem:3428.27M (Peak 3428.27M) | Time:00:01.16 | Mem:445.12M, Peak:445.12M | Scene, ViewLayer | Updating Images | Loading temple-paving.png.004
Fra:1 Mem:3429.53M (Peak 3430.54M) | Time:00:01.16 | Mem:446.12M, Peak:446.12M | Scene, ViewLayer | Updating Images | Loading ceremonial-goldtile.png.002
Fra:1 Mem:3429.78M (Peak 3430.54M) | Time:00:01.16 | Mem:446.38M, Peak:446.38M | Scene, ViewLayer | Updating Images | Loading ceremonial-goldtile.png.003
Fra:1 Mem:3430.03M (Peak 3430.54M) | Time:00:01.16 | Mem:446.62M, Peak:446.62M | Scene, ViewLayer | Updating Images | Loading temple-paving.png.003
Fra:1 Mem:3429.27M (Peak 3430.54M) | Time:00:01.16 | Mem:447.62M, Peak:447.62M | Scene, ViewLayer | Updating Images | Loading ceremonial-goldtile.png.004
Fra:1 Mem:3429.52M (Peak 3430.54M) | Time:00:01.16 | Mem:447.88M, Peak:447.88M | Scene, ViewLayer | Updating Images | Loading ceremonial-goldtile.png.005
Fra:1 Mem:3429.77M (Peak 3430.78M) | Time:00:01.16 | Mem:448.88M, Peak:448.88M | Scene, ViewLayer | Updating Images | Loading ceremonial-goldtile.png.006
Fra:1 Mem:3430.28M (Peak 3430.78M) | Time:00:01.16 | Mem:449.12M, Peak:449.12M | Scene, ViewLayer | Updating Images | Loading temple-paving.png.002
Fra:1 Mem:3430.53M (Peak 3430.78M) | Time:00:01.16 | Mem:449.38M, Peak:449.38M | Scene, ViewLayer | Updating Images | Loading r15_goldtiledark_diff
Fra:1 Mem:3431.53M (Peak 3431.79M) | Time:00:01.16 | Mem:449.62M, Peak:449.62M | Scene, ViewLayer | Updating Images | Loading r15_goldtiledark_nor_gl
Fra:1 Mem:3432.27M (Peak 3432.53M) | Time:00:01.16 | Mem:449.88M, Peak:449.88M | Scene, ViewLayer | Updating Images | Loading r15_goldtiledark_rough
Fra:1 Mem:3433.27M (Peak 3433.27M) | Time:00:01.16 | Mem:450.12M, Peak:450.12M | Scene, ViewLayer | Updating Images | Loading ceremonial-goldtiledark.png
Fra:1 Mem:3433.52M (Peak 3433.52M) | Time:00:01.16 | Mem:450.38M, Peak:450.38M | Scene, ViewLayer | Updating Images | Loading temple-paving.png.001
Fra:1 Mem:3434.03M (Peak 3434.78M) | Time:00:01.16 | Mem:451.62M, Peak:451.62M | Scene, ViewLayer | Updating Images | Loading ceremonial-goldtiledark.png.001
Fra:1 Mem:3434.28M (Peak 3434.78M) | Time:00:01.16 | Mem:451.62M, Peak:451.62M | Scene, ViewLayer | Updating Images | Loading ceremonial-goldtiledark.png.002
Fra:1 Mem:3434.27M (Peak 3434.78M) | Time:00:01.16 | Mem:451.88M, Peak:451.88M | Scene, ViewLayer | Updating Images | Loading ceremonial-goldtiledark.png.003
Fra:1 Mem:3434.52M (Peak 3434.78M) | Time:00:01.16 | Mem:452.12M, Peak:452.12M | Scene, ViewLayer | Updating Images | Loading temple-paving.png
Fra:1 Mem:3434.77M (Peak 3434.78M) | Time:00:01.16 | Mem:452.38M, Peak:452.38M | Scene, ViewLayer | Updating Images | Loading ceremonial-goldtiledark.png.004
Fra:1 Mem:3435.02M (Peak 3435.02M) | Time:00:01.16 | Mem:452.88M, Peak:452.88M | Scene, ViewLayer | Updating Images | Loading temple-tiledark.png.006
Fra:1 Mem:3435.02M (Peak 3435.02M) | Time:00:01.16 | Mem:452.88M, Peak:452.88M | Scene, ViewLayer | Updating Images | Loading ceremonial-goldtiledark.png.005
Fra:1 Mem:3435.52M (Peak 3435.52M) | Time:00:01.16 | Mem:453.12M, Peak:453.12M | Scene, ViewLayer | Updating Images | Loading ceremonial-goldtiledark.png.006
Fra:1 Mem:3435.78M (Peak 3435.78M) | Time:00:01.16 | Mem:453.38M, Peak:453.38M | Scene, ViewLayer | Updating Images | Loading ceremonial-gold.png
Fra:1 Mem:3436.02M (Peak 3436.02M) | Time:00:01.16 | Mem:454.38M, Peak:454.38M | Scene, ViewLayer | Updating Images | Loading ceremonial-gold.png.001
Fra:1 Mem:3436.27M (Peak 3436.27M) | Time:00:01.16 | Mem:454.62M, Peak:454.62M | Scene, ViewLayer | Updating Images | Loading temple-tiledark.png.005
Fra:1 Mem:3436.52M (Peak 3436.52M) | Time:00:01.16 | Mem:454.88M, Peak:454.88M | Scene, ViewLayer | Updating Images | Loading ceremonial-gold.png.002
Fra:1 Mem:3436.77M (Peak 3437.78M) | Time:00:01.16 | Mem:455.88M, Peak:455.88M | Scene, ViewLayer | Updating Images | Loading ceremonial-gold.png.003
Fra:1 Mem:3437.02M (Peak 3437.78M) | Time:00:01.16 | Mem:456.12M, Peak:456.12M | Scene, ViewLayer | Updating Images | Loading ceremonial-gold.png.004
Fra:1 Mem:3438.28M (Peak 3438.80M) | Time:00:01.16 | Mem:456.62M, Peak:456.62M | Scene, ViewLayer | Updating Images | Loading temple-tiledark.png.004
Fra:1 Mem:3438.28M (Peak 3438.80M) | Time:00:01.16 | Mem:456.62M, Peak:456.62M | Scene, ViewLayer | Updating Images | Loading ceremonial-gold.png.005
Fra:1 Mem:3438.78M (Peak 3438.80M) | Time:00:01.16 | Mem:456.88M, Peak:456.88M | Scene, ViewLayer | Updating Images | Loading ceremonial-gold.png.006
Fra:1 Mem:3438.28M (Peak 3438.80M) | Time:00:01.16 | Mem:457.88M, Peak:457.88M | Scene, ViewLayer | Updating Images | Loading ceremonial-courtbase.png
Fra:1 Mem:3439.05M (Peak 3439.54M) | Time:00:01.16 | Mem:458.88M, Peak:458.88M | Scene, ViewLayer | Updating Images | Loading ceremonial-courtbase.png.001
Fra:1 Mem:3439.04M (Peak 3439.54M) | Time:00:01.16 | Mem:459.12M, Peak:459.12M | Scene, ViewLayer | Updating Images | Loading ceremonial-courtbase.png.002
Fra:1 Mem:3438.52M (Peak 3439.54M) | Time:00:01.16 | Mem:459.62M, Peak:459.62M | Scene, ViewLayer | Updating Images | Loading temple-tiledark.png.003
Fra:1 Mem:3438.77M (Peak 3439.54M) | Time:00:01.16 | Mem:459.62M, Peak:459.62M | Scene, ViewLayer | Updating Images | Loading ceremonial-courtbase.png.003
Fra:1 Mem:3439.53M (Peak 3439.54M) | Time:00:01.16 | Mem:459.88M, Peak:459.88M | Scene, ViewLayer | Updating Images | Loading ceremonial-courtbase.png.004
Fra:1 Mem:3439.52M (Peak 3439.54M) | Time:00:01.16 | Mem:460.12M, Peak:460.12M | Scene, ViewLayer | Updating Images | Loading ceremonial-courtbase.png.005
Fra:1 Mem:3440.03M (Peak 3440.03M) | Time:00:01.16 | Mem:460.38M, Peak:460.38M | Scene, ViewLayer | Updating Images | Loading temple-tiledark.png.002
Fra:1 Mem:3440.28M (Peak 3440.28M) | Time:00:01.16 | Mem:460.62M, Peak:460.62M | Scene, ViewLayer | Updating Images | Loading ceremonial-courtbase.png.006
Fra:1 Mem:3440.28M (Peak 3440.28M) | Time:00:01.16 | Mem:460.88M, Peak:460.88M | Scene, ViewLayer | Updating Images | Loading ceremonial-paper.png
Fra:1 Mem:3440.52M (Peak 3440.52M) | Time:00:01.16 | Mem:461.12M, Peak:461.12M | Scene, ViewLayer | Updating Images | Loading ceremonial-paper.png.001
Fra:1 Mem:3440.77M (Peak 3440.77M) | Time:00:01.16 | Mem:461.38M, Peak:461.38M | Scene, ViewLayer | Updating Images | Loading ceremonial-paper.png.002
Fra:1 Mem:3441.28M (Peak 3441.28M) | Time:00:01.16 | Mem:461.62M, Peak:461.62M | Scene, ViewLayer | Updating Images | Loading temple-tiledark.png.001
Fra:1 Mem:3441.53M (Peak 3441.53M) | Time:00:01.16 | Mem:461.88M, Peak:461.88M | Scene, ViewLayer | Updating Images | Loading ceremonial-paper.png.003
Fra:1 Mem:3441.27M (Peak 3441.53M) | Time:00:01.16 | Mem:462.12M, Peak:462.12M | Scene, ViewLayer | Updating Images | Loading ceremonial-paper.png.004
Fra:1 Mem:3442.29M (Peak 3442.29M) | Time:00:01.16 | Mem:462.38M, Peak:462.38M | Scene, ViewLayer | Updating Images | Loading ceremonial-paper.png.005
Fra:1 Mem:3442.03M (Peak 3442.29M) | Time:00:01.16 | Mem:462.62M, Peak:462.62M | Scene, ViewLayer | Updating Images | Loading ceremonial-paper.png.006
Fra:1 Mem:3442.27M (Peak 3442.29M) | Time:00:01.16 | Mem:462.88M, Peak:462.88M | Scene, ViewLayer | Updating Images | Loading ceremonial-ivory.png
Fra:1 Mem:3442.78M (Peak 3442.78M) | Time:00:01.16 | Mem:463.12M, Peak:463.12M | Scene, ViewLayer | Updating Images | Loading temple-tiledark.png
Fra:1 Mem:3442.77M (Peak 3442.78M) | Time:00:01.16 | Mem:463.38M, Peak:463.38M | Scene, ViewLayer | Updating Images | Loading ceremonial-ivory.png.001
Fra:1 Mem:3443.02M (Peak 3443.02M) | Time:00:01.16 | Mem:463.62M, Peak:463.62M | Scene, ViewLayer | Updating Images | Loading ceremonial-ivory.png.002
Fra:1 Mem:3443.53M (Peak 3443.53M) | Time:00:01.16 | Mem:463.88M, Peak:463.88M | Scene, ViewLayer | Updating Images | Loading ceremonial-ivory.png.003
Fra:1 Mem:3443.27M (Peak 3443.53M) | Time:00:01.16 | Mem:464.12M, Peak:464.12M | Scene, ViewLayer | Updating Images | Loading ceremonial-ivory.png.004
Fra:1 Mem:3443.52M (Peak 3443.53M) | Time:00:01.16 | Mem:464.38M, Peak:464.38M | Scene, ViewLayer | Updating Images | Loading temple-tile.png.006
Fra:1 Mem:3444.54M (Peak 3444.54M) | Time:00:01.16 | Mem:464.88M, Peak:464.88M | Scene, ViewLayer | Updating Images | Loading ceremonial-ivory.png.005
Fra:1 Mem:3444.54M (Peak 3444.54M) | Time:00:01.16 | Mem:464.88M, Peak:464.88M | Scene, ViewLayer | Updating Images | Loading ceremonial-ivory.png.006
Fra:1 Mem:3444.78M (Peak 3444.78M) | Time:00:01.16 | Mem:465.12M, Peak:465.12M | Scene, ViewLayer | Updating Images | Loading ceremonial-bamboo.png
Fra:1 Mem:3444.77M (Peak 3444.78M) | Time:00:01.16 | Mem:465.38M, Peak:465.38M | Scene, ViewLayer | Updating Images | Loading ceremonial-bamboo.png.001
Fra:1 Mem:3445.02M (Peak 3445.02M) | Time:00:01.16 | Mem:465.62M, Peak:465.62M | Scene, ViewLayer | Updating Images | Loading ceremonial-bamboo.png.002
Fra:1 Mem:3445.27M (Peak 3445.27M) | Time:00:01.16 | Mem:465.88M, Peak:465.88M | Scene, ViewLayer | Updating Images | Loading ceremonial-bamboo.png.003
Fra:1 Mem:3446.04M (Peak 3446.04M) | Time:00:01.16 | Mem:466.12M, Peak:466.12M | Scene, ViewLayer | Updating Images | Loading ceremonial-bamboo.png.004
Fra:1 Mem:3446.03M (Peak 3446.04M) | Time:00:01.16 | Mem:466.38M, Peak:466.38M | Scene, ViewLayer | Updating Images | Loading ceremonial-bamboo.png.005
Fra:1 Mem:3445.77M (Peak 3446.04M) | Time:00:01.16 | Mem:466.62M, Peak:466.62M | Scene, ViewLayer | Updating Images | Loading ceremonial-bamboo.png.006
Fra:1 Mem:3446.27M (Peak 3446.27M) | Time:00:01.16 | Mem:466.88M, Peak:466.88M | Scene, ViewLayer | Updating Images | Loading ceremonial-bark.png
Fra:1 Mem:3446.78M (Peak 3446.78M) | Time:00:01.16 | Mem:467.12M, Peak:467.12M | Scene, ViewLayer | Updating Images | Loading ceremonial-bark.png.001
Fra:1 Mem:3447.29M (Peak 3447.29M) | Time:00:01.17 | Mem:467.38M, Peak:467.38M | Scene, ViewLayer | Updating Images | Loading temple-tile.png.005
Fra:1 Mem:3447.03M (Peak 3447.29M) | Time:00:01.17 | Mem:467.62M, Peak:467.62M | Scene, ViewLayer | Updating Images | Loading ceremonial-bark.png.002
Fra:1 Mem:3447.27M (Peak 3447.29M) | Time:00:01.17 | Mem:467.88M, Peak:467.88M | Scene, ViewLayer | Updating Images | Loading ceremonial-bark.png.003
Fra:1 Mem:3447.52M (Peak 3447.52M) | Time:00:01.17 | Mem:468.12M, Peak:468.12M | Scene, ViewLayer | Updating Images | Loading ceremonial-bark.png.004
Fra:1 Mem:3447.77M (Peak 3447.77M) | Time:00:01.17 | Mem:468.38M, Peak:468.38M | Scene, ViewLayer | Updating Images | Loading ceremonial-bark.png.005
Fra:1 Mem:3448.02M (Peak 3448.02M) | Time:00:01.17 | Mem:468.62M, Peak:468.62M | Scene, ViewLayer | Updating Images | Loading ceremonial-bark.png.006
Fra:1 Mem:3448.79M (Peak 3448.79M) | Time:00:01.17 | Mem:468.88M, Peak:468.88M | Scene, ViewLayer | Updating Images | Loading ceremonial-botanical_stem.png
Fra:1 Mem:3448.78M (Peak 3448.79M) | Time:00:01.17 | Mem:469.38M, Peak:469.38M | Scene, ViewLayer | Updating Images | Loading ceremonial-botanical_stem.png.001
Fra:1 Mem:3448.78M (Peak 3448.79M) | Time:00:01.17 | Mem:469.38M, Peak:469.38M | Scene, ViewLayer | Updating Images | Loading ceremonial-botanical_stem.png.002
Fra:1 Mem:3449.02M (Peak 3449.02M) | Time:00:01.17 | Mem:469.62M, Peak:469.62M | Scene, ViewLayer | Updating Images | Loading ceremonial-botanical_stem.png.003
Fra:1 Mem:3449.79M (Peak 3449.79M) | Time:00:01.17 | Mem:469.88M, Peak:469.88M | Scene, ViewLayer | Updating Images | Loading ceremonial-botanical_stem.png.004
Fra:1 Mem:3450.04M (Peak 3450.04M) | Time:00:01.17 | Mem:470.12M, Peak:470.12M | Scene, ViewLayer | Updating Images | Loading ceremonial-botanical_stem.png.005
Fra:1 Mem:3450.03M (Peak 3450.04M) | Time:00:01.17 | Mem:470.38M, Peak:470.38M | Scene, ViewLayer | Updating Images | Loading temple-tile.png.004
Fra:1 Mem:3450.02M (Peak 3450.04M) | Time:00:01.17 | Mem:470.62M, Peak:470.62M | Scene, ViewLayer | Updating Images | Loading ceremonial-botanical_stem.png.006
Fra:1 Mem:3450.27M (Peak 3450.27M) | Time:00:01.17 | Mem:470.88M, Peak:470.88M | Scene, ViewLayer | Updating Images | Loading ceremonial-botanical_bamboo.png
Fra:1 Mem:3450.52M (Peak 3450.52M) | Time:00:01.17 | Mem:471.12M, Peak:471.12M | Scene, ViewLayer | Updating Images | Loading ceremonial-botanical_bamboo.png.001
Fra:1 Mem:3451.03M (Peak 3451.03M) | Time:00:01.17 | Mem:471.38M, Peak:471.38M | Scene, ViewLayer | Updating Images | Loading ceremonial-botanical_bamboo.png.002
Fra:1 Mem:3451.02M (Peak 3451.03M) | Time:00:01.17 | Mem:471.62M, Peak:471.62M | Scene, ViewLayer | Updating Images | Loading ceremonial-botanical_bamboo.png.003
Fra:1 Mem:3452.05M (Peak 3452.05M) | Time:00:01.17 | Mem:471.88M, Peak:471.88M | Scene, ViewLayer | Updating Images | Loading ceremonial-botanical_bamboo.png.004
Fra:1 Mem:3452.04M (Peak 3452.05M) | Time:00:01.17 | Mem:472.12M, Peak:472.12M | Scene, ViewLayer | Updating Images | Loading ceremonial-botanical_bamboo.png.005
Fra:1 Mem:3451.78M (Peak 3452.05M) | Time:00:01.17 | Mem:472.38M, Peak:472.38M | Scene, ViewLayer | Updating Images | Loading temple-tile.png.003
Fra:1 Mem:3451.52M (Peak 3452.05M) | Time:00:01.17 | Mem:472.62M, Peak:472.62M | Scene, ViewLayer | Updating Images | Loading ceremonial-botanical_bamboo.png.006
Fra:1 Mem:3452.53M (Peak 3452.53M) | Time:00:01.17 | Mem:472.88M, Peak:472.88M | Scene, ViewLayer | Updating Images | Loading ceremonial-botanical_litter.png
Fra:1 Mem:3452.53M (Peak 3452.53M) | Time:00:01.17 | Mem:473.12M, Peak:473.12M | Scene, ViewLayer | Updating Images | Loading ceremonial-botanical_litter.png.001
Fra:1 Mem:3452.77M (Peak 3452.77M) | Time:00:01.17 | Mem:473.38M, Peak:473.38M | Scene, ViewLayer | Updating Images | Loading ceremonial-botanical_litter.png.002
Fra:1 Mem:3453.02M (Peak 3453.02M) | Time:00:01.17 | Mem:473.62M, Peak:473.62M | Scene, ViewLayer | Updating Images | Loading ceremonial-botanical_litter.png.003
Fra:1 Mem:3453.27M (Peak 3453.27M) | Time:00:01.17 | Mem:473.88M, Peak:473.88M | Scene, ViewLayer | Updating Images | Loading ceremonial-botanical_litter.png.004
Fra:1 Mem:3453.52M (Peak 3453.52M) | Time:00:01.17 | Mem:474.12M, Peak:474.12M | Scene, ViewLayer | Updating Images | Loading ceremonial-botanical_litter.png.005
Fra:1 Mem:3454.03M (Peak 3454.03M) | Time:00:01.17 | Mem:474.38M, Peak:474.38M | Scene, ViewLayer | Updating Images | Loading temple-tile.png.002
Fra:1 Mem:3454.03M (Peak 3454.03M) | Time:00:01.17 | Mem:474.62M, Peak:474.62M | Scene, ViewLayer | Updating Images | Loading ceremonial-botanical_litter.png.006
Fra:1 Mem:3454.27M (Peak 3454.27M) | Time:00:01.17 | Mem:474.88M, Peak:474.88M | Scene, ViewLayer | Updating Images | Loading temple-stone.png
Fra:1 Mem:3454.78M (Peak 3454.78M) | Time:00:01.17 | Mem:475.12M, Peak:475.12M | Scene, ViewLayer | Updating Images | Loading temple-stone.png.001
Fra:1 Mem:3454.52M (Peak 3454.78M) | Time:00:01.17 | Mem:475.38M, Peak:475.38M | Scene, ViewLayer | Updating Images | Loading temple-stone.png.002
Fra:1 Mem:3455.28M (Peak 3455.28M) | Time:00:01.17 | Mem:475.62M, Peak:475.62M | Scene, ViewLayer | Updating Images | Loading temple-stone.png.003
Fra:1 Mem:3455.53M (Peak 3455.53M) | Time:00:01.17 | Mem:475.88M, Peak:475.88M | Scene, ViewLayer | Updating Images | Loading temple-stone.png.004
Fra:1 Mem:3455.52M (Peak 3455.53M) | Time:00:01.17 | Mem:476.12M, Peak:476.12M | Scene, ViewLayer | Updating Images | Loading temple-stone.png.005
Fra:1 Mem:3455.77M (Peak 3455.77M) | Time:00:01.17 | Mem:476.38M, Peak:476.38M | Scene, ViewLayer | Updating Images | Loading temple-stone.png.006
Fra:1 Mem:3456.02M (Peak 3456.02M) | Time:00:01.17 | Mem:476.62M, Peak:476.62M | Scene, ViewLayer | Updating Images | Loading temple-cutstone.png
Fra:1 Mem:3456.53M (Peak 3456.53M) | Time:00:01.17 | Mem:476.88M, Peak:476.88M | Scene, ViewLayer | Updating Images | Loading temple-tile.png.001
Fra:1 Mem:3456.78M (Peak 3456.78M) | Time:00:01.17 | Mem:477.12M, Peak:477.12M | Scene, ViewLayer | Updating Images | Loading temple-cutstone.png.001
Fra:1 Mem:3456.77M (Peak 3456.78M) | Time:00:01.17 | Mem:477.38M, Peak:477.38M | Scene, ViewLayer | Updating Images | Loading temple-cutstone.png.002
Fra:1 Mem:3457.28M (Peak 3457.28M) | Time:00:01.17 | Mem:477.62M, Peak:477.62M | Scene, ViewLayer | Updating Images | Loading temple-cutstone.png.003
Fra:1 Mem:3457.53M (Peak 3457.53M) | Time:00:01.17 | Mem:477.88M, Peak:477.88M | Scene, ViewLayer | Updating Images | Loading temple-cutstone.png.004
Fra:1 Mem:3457.53M (Peak 3457.53M) | Time:00:01.17 | Mem:478.12M, Peak:478.12M | Scene, ViewLayer | Updating Images | Loading temple-cutstone.png.005
Fra:1 Mem:3457.77M (Peak 3457.77M) | Time:00:01.17 | Mem:478.62M, Peak:478.62M | Scene, ViewLayer | Updating Images | Loading temple-cutstone.png.006
Fra:1 Mem:3458.02M (Peak 3458.02M) | Time:00:01.17 | Mem:478.62M, Peak:478.62M | Scene, ViewLayer | Updating Images | Loading temple-darkwood.png
Fra:1 Mem:3458.53M (Peak 3458.53M) | Time:00:01.17 | Mem:478.88M, Peak:478.88M | Scene, ViewLayer | Updating Images | Loading temple-darkwood.png.001
Fra:1 Mem:3458.52M (Peak 3458.53M) | Time:00:01.17 | Mem:479.12M, Peak:479.12M | Scene, ViewLayer | Updating Images | Loading temple-tile.png
Fra:1 Mem:3459.03M (Peak 3459.03M) | Time:00:01.17 | Mem:479.38M, Peak:479.38M | Scene, ViewLayer | Updating Images | Loading temple-darkwood.png.002
Fra:1 Mem:3459.28M (Peak 3459.28M) | Time:00:01.17 | Mem:479.62M, Peak:479.62M | Scene, ViewLayer | Updating Images | Loading temple-darkwood.png.003
Fra:1 Mem:3459.27M (Peak 3459.28M) | Time:00:01.17 | Mem:479.88M, Peak:479.88M | Scene, ViewLayer | Updating Images | Loading temple-darkwood.png.004
Fra:1 Mem:3460.30M (Peak 3460.30M) | Time:00:01.17 | Mem:480.12M, Peak:480.12M | Scene, ViewLayer | Updating Images | Loading temple-darkwood.png.005
Fra:1 Mem:3459.77M (Peak 3460.30M) | Time:00:01.17 | Mem:480.62M, Peak:480.62M | Scene, ViewLayer | Updating Images | Loading temple-darkwood.png.006
Fra:1 Mem:3459.77M (Peak 3460.30M) | Time:00:01.17 | Mem:480.88M, Peak:480.88M | Scene, ViewLayer | Updating Images | Loading temple-wood.png.001
Fra:1 Mem:3460.78M (Peak 3460.78M) | Time:00:01.17 | Mem:481.12M, Peak:481.12M | Scene, ViewLayer | Updating Images | Loading temple-wood.png.002
Fra:1 Mem:3460.77M (Peak 3460.78M) | Time:00:01.17 | Mem:481.38M, Peak:481.38M | Scene, ViewLayer | Updating Images | Loading temple-wood.png.003
Fra:1 Mem:3461.02M (Peak 3461.02M) | Time:00:01.17 | Mem:481.62M, Peak:481.62M | Scene, ViewLayer | Updating Images | Loading temple-tilelight.png.006
Fra:1 Mem:3461.53M (Peak 3461.53M) | Time:00:01.17 | Mem:481.88M, Peak:481.88M | Scene, ViewLayer | Updating Images | Loading temple-wood.png.004
Fra:1 Mem:3461.52M (Peak 3461.53M) | Time:00:01.17 | Mem:482.12M, Peak:482.12M | Scene, ViewLayer | Updating Images | Loading temple-wood.png.005
Fra:1 Mem:3462.04M (Peak 3462.04M) | Time:00:01.17 | Mem:482.38M, Peak:482.38M | Scene, ViewLayer | Updating Images | Loading temple-wood.png.006
Fra:1 Mem:3462.28M (Peak 3462.28M) | Time:00:01.17 | Mem:482.62M, Peak:482.62M | Scene, ViewLayer | Updating Images | Loading temple-plaster.png
Fra:1 Mem:3462.27M (Peak 3462.28M) | Time:00:01.17 | Mem:482.88M, Peak:482.88M | Scene, ViewLayer | Updating Images | Loading temple-plaster.png.001
Fra:1 Mem:3462.52M (Peak 3462.52M) | Time:00:01.17 | Mem:483.12M, Peak:483.12M | Scene, ViewLayer | Updating Images | Loading temple-tilelight.png.005
Fra:1 Mem:3463.03M (Peak 3463.03M) | Time:00:01.17 | Mem:483.38M, Peak:483.38M | Scene, ViewLayer | Updating Images | Loading temple-plaster.png.002
Fra:1 Mem:3463.28M (Peak 3463.28M) | Time:00:01.17 | Mem:483.62M, Peak:483.62M | Scene, ViewLayer | Updating Images | Loading temple-plaster.png.003
Fra:1 Mem:3463.53M (Peak 3463.53M) | Time:00:01.17 | Mem:483.88M, Peak:483.88M | Scene, ViewLayer | Updating Images | Loading temple-plaster.png.004
Fra:1 Mem:3463.52M (Peak 3463.53M) | Time:00:01.17 | Mem:484.12M, Peak:484.12M | Scene, ViewLayer | Updating Images | Loading temple-plaster.png.005
Fra:1 Mem:3463.77M (Peak 3463.77M) | Time:00:01.17 | Mem:484.38M, Peak:484.38M | Scene, ViewLayer | Updating Images | Loading temple-plaster.png.006
Fra:1 Mem:3464.28M (Peak 3464.28M) | Time:00:01.17 | Mem:484.62M, Peak:484.62M | Scene, ViewLayer | Updating Images | Loading temple-tilelight.png.004
Fra:1 Mem:3464.27M (Peak 3464.28M) | Time:00:01.17 | Mem:484.88M, Peak:484.88M | Scene, ViewLayer | Updating Images | Loading temple-latticewood.png
Fra:1 Mem:3464.78M (Peak 3464.78M) | Time:00:01.17 | Mem:485.12M, Peak:485.12M | Scene, ViewLayer | Updating Images | Loading temple-latticewood.png.001
Fra:1 Mem:3465.03M (Peak 3465.03M) | Time:00:01.17 | Mem:485.38M, Peak:485.38M | Scene, ViewLayer | Updating Images | Loading temple-latticewood.png.002
Fra:1 Mem:3464.77M (Peak 3465.03M) | Time:00:01.17 | Mem:485.62M, Peak:485.62M | Scene, ViewLayer | Updating Images | Loading temple-latticewood.png.003
Fra:1 Mem:3465.27M (Peak 3465.27M) | Time:00:01.17 | Mem:485.88M, Peak:485.88M | Scene, ViewLayer | Updating Images | Loading temple-latticewood.png.004
Fra:1 Mem:3465.52M (Peak 3465.52M) | Time:00:01.17 | Mem:486.12M, Peak:486.12M | Scene, ViewLayer | Updating Images | Loading temple-tilelight.png.003
Fra:1 Mem:3466.03M (Peak 3466.03M) | Time:00:01.17 | Mem:486.38M, Peak:486.38M | Scene, ViewLayer | Updating Images | Loading temple-latticewood.png.005
Fra:1 Mem:3466.03M (Peak 3466.03M) | Time:00:01.17 | Mem:486.62M, Peak:486.62M | Scene, ViewLayer | Updating Images | Loading temple-latticewood.png.006
Fra:1 Mem:3466.79M (Peak 3466.79M) | Time:00:01.17 | Mem:486.88M, Peak:486.88M | Scene, ViewLayer | Updating Images | Loading temple-roof.png
Fra:1 Mem:3466.53M (Peak 3466.79M) | Time:00:01.17 | Mem:487.12M, Peak:487.12M | Scene, ViewLayer | Updating Images | Loading temple-roof.png.001
Fra:1 Mem:3467.03M (Peak 3467.03M) | Time:00:01.17 | Mem:487.62M, Peak:487.62M | Scene, ViewLayer | Updating Images | Loading temple-roof.png.002
Fra:1 Mem:3466.77M (Peak 3467.03M) | Time:00:01.17 | Mem:487.88M, Peak:487.88M | Scene, ViewLayer | Updating Images | Loading temple-roof.png.003
Fra:1 Mem:3467.02M (Peak 3467.03M) | Time:00:01.17 | Mem:487.88M, Peak:487.88M | Scene, ViewLayer | Updating Images | Loading temple-roof.png.004
Fra:1 Mem:3467.52M (Peak 3467.52M) | Time:00:01.17 | Mem:488.12M, Peak:488.12M | Scene, ViewLayer | Updating Images | Loading temple-roof.png.005
Fra:1 Mem:3468.03M (Peak 3468.03M) | Time:00:01.18 | Mem:488.38M, Peak:488.38M | Scene, ViewLayer | Updating Images | Loading temple-roof.png.006
Fra:1 Mem:3468.02M (Peak 3468.03M) | Time:00:01.18 | Mem:488.62M, Peak:488.62M | Scene, ViewLayer | Updating Images | Loading temple-tilelight.png.002
Fra:1 Mem:3468.79M (Peak 3468.79M) | Time:00:01.18 | Mem:488.88M, Peak:488.88M | Scene, ViewLayer | Updating Images | Loading temple-tilelight.png
Fra:1 Mem:3468.78M (Peak 3468.79M) | Time:00:01.18 | Mem:489.12M, Peak:489.12M | Scene, ViewLayer | Updating Images | Loading temple-tilelight.png.001
Fra:1 Mem:3017.13M (Peak 3468.79M) | Time:00:01.24 | Mem:491.12M, Peak:491.12M | Scene, ViewLayer | Waiting for render to start
Fra:1 Mem:3017.13M (Peak 3468.79M) | Time:00:01.24 | Mem:491.12M, Peak:491.12M | Scene, ViewLayer | Updating Scene
Fra:1 Mem:3017.13M (Peak 3468.79M) | Time:00:01.24 | Mem:491.12M, Peak:491.12M | Scene, ViewLayer | Updating Shaders
Fra:1 Mem:3017.13M (Peak 3468.79M) | Time:00:01.24 | Mem:491.12M, Peak:491.12M | Scene, ViewLayer | Loading render kernels (may take a few minutes the first time)
Fra:1 Mem:3017.51M (Peak 3468.79M) | Time:00:01.25 | Mem:491.43M, Peak:491.43M | Scene, ViewLayer | Updating Procedurals
Fra:1 Mem:3017.51M (Peak 3468.79M) | Time:00:01.25 | Mem:491.43M, Peak:491.43M | Scene, ViewLayer | Updating Background
Fra:1 Mem:3017.51M (Peak 3468.79M) | Time:00:01.25 | Mem:491.43M, Peak:491.43M | Scene, ViewLayer | Updating Camera
Fra:1 Mem:3017.51M (Peak 3468.79M) | Time:00:01.25 | Mem:491.43M, Peak:491.43M | Scene, ViewLayer | Updating Meshes Flags
Fra:1 Mem:3017.51M (Peak 3468.79M) | Time:00:01.25 | Mem:491.43M, Peak:491.43M | Scene, ViewLayer | Updating Objects
Fra:1 Mem:3017.51M (Peak 3468.79M) | Time:00:01.25 | Mem:491.43M, Peak:491.43M | Scene, ViewLayer | Updating Objects | Copying Transformations to device
Fra:1 Mem:3024.17M (Peak 3468.79M) | Time:00:01.25 | Mem:497.87M, Peak:497.87M | Scene, ViewLayer | Updating Particle Systems
Fra:1 Mem:3024.17M (Peak 3468.79M) | Time:00:01.25 | Mem:497.87M, Peak:497.87M | Scene, ViewLayer | Updating Particle Systems | Copying Particles to device
Fra:1 Mem:3024.17M (Peak 3468.79M) | Time:00:01.25 | Mem:497.87M, Peak:497.87M | Scene, ViewLayer | Updating Meshes
Fra:1 Mem:3210.27M (Peak 3468.79M) | Time:00:02.09 | Mem:497.87M, Peak:497.87M | Scene, ViewLayer | Updating Objects | Applying Static Transformations
Fra:1 Mem:3210.27M (Peak 3468.79M) | Time:00:02.10 | Mem:497.87M, Peak:497.87M | Scene, ViewLayer | Updating Mesh | Computing attributes
Fra:1 Mem:3549.73M (Peak 3549.73M) | Time:00:02.20 | Mem:497.96M, Peak:497.96M | Scene, ViewLayer | Updating Mesh | Copying Attributes to device
Fra:1 Mem:3547.72M (Peak 3549.73M) | Time:00:02.20 | Mem:835.32M, Peak:835.32M | Scene, ViewLayer | Updating Geometry BVH Sunwen_shrub_sunwen_bark 3/133 | Building BVH
Fra:1 Mem:3547.72M (Peak 3549.73M) | Time:00:02.20 | Mem:835.32M, Peak:835.32M | Scene, ViewLayer | Updating Geometry BVH Sunwen_scholar-tree_sunwen_bark 4/133 | Building BVH
Fra:1 Mem:3547.72M (Peak 3549.73M) | Time:00:02.20 | Mem:835.32M, Peak:835.32M | Scene, ViewLayer | Updating Geometry BVH Sunwen_willow_sunwen_bark 2/133 | Building BVH
Fra:1 Mem:3547.72M (Peak 3549.73M) | Time:00:02.20 | Mem:835.32M, Peak:835.32M | Scene, ViewLayer | Updating Geometry BVH Sunwen_crabapple_sunwen_bark 6/133 | Building BVH
Fra:1 Mem:3547.72M (Peak 3549.73M) | Time:00:02.20 | Mem:835.32M, Peak:835.32M | Scene, ViewLayer | Updating Geometry BVH Urban_paving_paving.001 134/133 | Building BVH
Fra:1 Mem:3547.72M (Peak 3549.73M) | Time:00:02.20 | Mem:835.32M, Peak:835.32M | Scene, ViewLayer | Updating Geometry BVH Sunwen_white-blossom_sunwen_bark 5/133 | Building BVH
Fra:1 Mem:3547.72M (Peak 3549.73M) | Time:00:02.20 | Mem:835.32M, Peak:835.32M | Scene, ViewLayer | Updating Geometry BVH Sunwen_chinese-pine_sunwen_bark 7/133 | Building BVH
Fra:1 Mem:3547.72M (Peak 3549.73M) | Time:00:02.20 | Mem:835.32M, Peak:835.32M | Scene, ViewLayer | Updating Geometry BVH Sunwen_ginkgo_sunwen_bark 8/133 | Building BVH
Fra:1 Mem:3547.72M (Peak 3549.73M) | Time:00:02.21 | Mem:841.41M, Peak:841.41M | Scene, ViewLayer | Updating Geometry BVH Sunwen_ginkgo_sunwen_bark 8/133 | Building BVH 0%
Fra:1 Mem:3547.72M (Peak 3549.73M) | Time:00:02.21 | Mem:841.41M, Peak:841.41M | Scene, ViewLayer | Updating Geometry BVH Urban_screen-rock_moss 133/133 | Building BVH
Fra:1 Mem:3547.72M (Peak 3549.73M) | Time:00:02.21 | Mem:841.43M, Peak:841.43M | Scene, ViewLayer | Updating Geometry BVH Urban_screen-rock_mossstone 132/133 | Building BVH
Fra:1 Mem:3547.72M (Peak 3549.73M) | Time:00:02.21 | Mem:841.45M, Peak:841.46M | Scene, ViewLayer | Updating Geometry BVH Urban_bamboo-screen_leaf 131/133 | Building BVH
Fra:1 Mem:3547.72M (Peak 3549.73M) | Time:00:02.21 | Mem:841.47M, Peak:841.48M | Scene, ViewLayer | Updating Geometry BVH Urban_bamboo-screen_lightleaf 130/133 | Building BVH
Fra:1 Mem:3547.72M (Peak 3549.73M) | Time:00:02.21 | Mem:841.64M, Peak:841.65M | Scene, ViewLayer | Updating Geometry BVH Urban_bamboo-screen_bamboo 129/133 | Building BVH
Fra:1 Mem:3547.72M (Peak 3549.73M) | Time:00:02.21 | Mem:841.85M, Peak:841.89M | Scene, ViewLayer | Updating Geometry BVH Urban_screen-bed_mossstone 128/133 | Building BVH
Fra:1 Mem:3547.72M (Peak 3549.73M) | Time:00:02.21 | Mem:841.86M, Peak:841.89M | Scene, ViewLayer | Updating Geometry BVH Urban_screen-bed_lightleaf 127/133 | Building BVH
Fra:1 Mem:3547.72M (Peak 3549.73M) | Time:00:02.21 | Mem:842.01M, Peak:842.01M | Scene, ViewLayer | Updating Geometry BVH Urban_screen-bed_leaf 126/133 | Building BVH
Fra:1 Mem:3547.72M (Peak 3549.73M) | Time:00:02.21 | Mem:842.01M, Peak:842.02M | Scene, ViewLayer | Updating Geometry BVH Urban_slab-bridge_stone 125/133 | Building BVH
Fra:1 Mem:3547.72M (Peak 3549.73M) | Time:00:02.21 | Mem:842.02M, Peak:842.02M | Scene, ViewLayer | Updating Geometry BVH Urban_drain_water 124/133 | Building BVH
Fra:1 Mem:3547.72M (Peak 3549.73M) | Time:00:02.21 | Mem:842.02M, Peak:842.02M | Scene, ViewLayer | Updating Geometry BVH Urban_drain_stone 123/133 | Building BVH
Fra:1 Mem:3547.72M (Peak 3549.73M) | Time:00:02.21 | Mem:842.02M, Peak:842.02M | Scene, ViewLayer | Updating Geometry BVH Urban_lane-gate_gold 122/133 | Building BVH
Fra:1 Mem:3547.72M (Peak 3549.73M) | Time:00:02.21 | Mem:842.02M, Peak:842.02M | Scene, ViewLayer | Updating Geometry BVH Urban_lane-gate_tile 121/133 | Building BVH
Fra:1 Mem:3547.72M (Peak 3549.73M) | Time:00:02.21 | Mem:842.07M, Peak:842.08M | Scene, ViewLayer | Updating Geometry BVH Urban_lane-gate_roof 120/133 | Building BVH
Fra:1 Mem:3547.72M (Peak 3549.73M) | Time:00:02.21 | Mem:842.12M, Peak:842.12M | Scene, ViewLayer | Updating Geometry BVH Urban_lane-gate_mineral 119/133 | Building BVH
Fra:1 Mem:3547.72M (Peak 3549.73M) | Time:00:02.21 | Mem:842.12M, Peak:842.12M | Scene, ViewLayer | Updating Geometry BVH Urban_lane-gate_redwood 118/133 | Building BVH
Fra:1 Mem:3547.72M (Peak 3549.73M) | Time:00:02.21 | Mem:842.17M, Peak:842.17M | Scene, ViewLayer | Updating Geometry BVH Urban_lane-gate_stone 117/133 | Building BVH
Fra:1 Mem:3547.72M (Peak 3549.73M) | Time:00:02.21 | Mem:842.18M, Peak:842.18M | Scene, ViewLayer | Updating Geometry BVH Urban_warehouse_tile 116/133 | Building BVH
Fra:1 Mem:3547.72M (Peak 3549.73M) | Time:00:02.21 | Mem:842.19M, Peak:842.20M | Scene, ViewLayer | Updating Geometry BVH Urban_warehouse_slateroof 115/133 | Building BVH
Fra:1 Mem:3547.72M (Peak 3549.73M) | Time:00:02.21 | Mem:842.19M, Peak:842.20M | Scene, ViewLayer | Updating Geometry BVH Urban_warehouse_paper 114/133 | Building BVH
Fra:1 Mem:3547.72M (Peak 3549.73M) | Time:00:02.21 | Mem:842.30M, Peak:842.30M | Scene, ViewLayer | Updating Geometry BVH Urban_warehouse_wood 113/133 | Building BVH
Fra:1 Mem:3547.72M (Peak 3549.73M) | Time:00:02.21 | Mem:842.38M, Peak:842.40M | Scene, ViewLayer | Updating Geometry BVH Urban_warehouse_brick 112/133 | Building BVH
Fra:1 Mem:3547.72M (Peak 3549.73M) | Time:00:02.21 | Mem:842.38M, Peak:842.40M | Scene, ViewLayer | Updating Geometry BVH Urban_warehouse_stone 111/133 | Building BVH
Fra:1 Mem:3547.72M (Peak 3549.73M) | Time:00:02.21 | Mem:842.38M, Peak:842.40M | Scene, ViewLayer | Updating Geometry BVH Urban_cart_awning 110/133 | Building BVH
Fra:1 Mem:3547.72M (Peak 3549.73M) | Time:00:02.21 | Mem:842.39M, Peak:842.40M | Scene, ViewLayer | Updating Geometry BVH Urban_cart_stone 109/133 | Building BVH
Fra:1 Mem:3547.72M (Peak 3549.73M) | Time:00:02.21 | Mem:842.43M, Peak:842.44M | Scene, ViewLayer | Updating Geometry BVH Urban_cart_wood 108/133 | Building BVH
Fra:1 Mem:3547.72M (Peak 3549.73M) | Time:00:02.21 | Mem:842.49M, Peak:842.50M | Scene, ViewLayer | Updating Geometry BVH Urban_well_tile 107/133 | Building BVH
Fra:1 Mem:3547.72M (Peak 3549.73M) | Time:00:02.21 | Mem:842.50M, Peak:842.50M | Scene, ViewLayer | Updating Geometry BVH Urban_well_roof 106/133 | Building BVH
Fra:1 Mem:3547.72M (Peak 3549.73M) | Time:00:02.21 | Mem:842.55M, Peak:842.55M | Scene, ViewLayer | Updating Geometry BVH Urban_well_wood 105/133 | Building BVH
Fra:1 Mem:3547.72M (Peak 3549.73M) | Time:00:02.21 | Mem:842.55M, Peak:842.56M | Scene, ViewLayer | Updating Geometry BVH Urban_well_water 104/133 | Building BVH
Fra:1 Mem:3547.72M (Peak 3549.73M) | Time:00:02.21 | Mem:842.56M, Peak:842.56M | Scene, ViewLayer | Updating Geometry BVH Urban_well_stone 103/133 | Building BVH
Fra:1 Mem:3547.72M (Peak 3549.73M) | Time:00:02.21 | Mem:842.57M, Peak:842.57M | Scene, ViewLayer | Updating Geometry BVH Urban_stall_gold 102/133 | Building BVH
Fra:1 Mem:3547.72M (Peak 3549.73M) | Time:00:02.21 | Mem:842.58M, Peak:842.58M | Scene, ViewLayer | Updating Geometry BVH Urban_stall_awning 101/133 | Building BVH
Fra:1 Mem:3547.72M (Peak 3549.73M) | Time:00:02.21 | Mem:842.58M, Peak:842.58M | Scene, ViewLayer | Updating Geometry BVH Urban_stall_wood 100/133 | Building BVH
Fra:1 Mem:3547.72M (Peak 3549.73M) | Time:00:02.21 | Mem:842.67M, Peak:842.68M | Scene, ViewLayer | Updating Geometry BVH Urban_shop_gold 99/133 | Building BVH
Fra:1 Mem:3547.72M (Peak 3549.73M) | Time:00:02.21 | Mem:842.68M, Peak:842.68M | Scene, ViewLayer | Updating Geometry BVH Urban_shop_awning 98/133 | Building BVH
Fra:1 Mem:3547.72M (Peak 3549.73M) | Time:00:02.21 | Mem:842.68M, Peak:842.68M | Scene, ViewLayer | Updating Geometry BVH Urban_shop_tile 97/133 | Building BVH
Fra:1 Mem:3547.72M (Peak 3549.73M) | Time:00:02.21 | Mem:842.73M, Peak:842.73M | Scene, ViewLayer | Updating Geometry BVH Urban_shop_brick 96/133 | Building BVH
Fra:1 Mem:3547.72M (Peak 3549.73M) | Time:00:02.21 | Mem:842.73M, Peak:842.73M | Scene, ViewLayer | Updating Geometry BVH Urban_shop_warmroof 95/133 | Building BVH
Fra:1 Mem:3547.72M (Peak 3549.73M) | Time:00:02.21 | Mem:842.73M, Peak:842.73M | Scene, ViewLayer | Updating Geometry BVH Urban_shop_paper 94/133 | Building BVH
Fra:1 Mem:3547.72M (Peak 3549.73M) | Time:00:02.21 | Mem:842.74M, Peak:842.74M | Scene, ViewLayer | Updating Geometry BVH Urban_shop_wood 93/133 | Building BVH
Fra:1 Mem:3547.72M (Peak 3549.73M) | Time:00:02.21 | Mem:842.85M, Peak:842.85M | Scene, ViewLayer | Updating Geometry BVH Urban_shop_plaster 92/133 | Building BVH
Fra:1 Mem:3547.72M (Peak 3549.73M) | Time:00:02.21 | Mem:842.89M, Peak:842.89M | Scene, ViewLayer | Updating Geometry BVH Urban_shop_stone 91/133 | Building BVH
Fra:1 Mem:3547.72M (Peak 3549.73M) | Time:00:02.21 | Mem:842.89M, Peak:842.89M | Scene, ViewLayer | Updating Geometry BVH Urban_bell-pavilion_bronze 90/133 | Building BVH
Fra:1 Mem:3547.72M (Peak 3549.73M) | Time:00:02.21 | Mem:842.90M, Peak:842.91M | Scene, ViewLayer | Updating Geometry BVH Urban_bell-pavilion_wood 89/133 | Building BVH
Fra:1 Mem:3547.72M (Peak 3549.73M) | Time:00:02.21 | Mem:842.91M, Peak:842.91M | Scene, ViewLayer | Updating Geometry BVH Urban_bell-pavilion_mineral 88/133 | Building BVH
Fra:1 Mem:3547.72M (Peak 3549.73M) | Time:00:02.21 | Mem:842.91M, Peak:842.91M | Scene, ViewLayer | Updating Geometry BVH Urban_bell-pavilion_redwood 87/133 | Building BVH
Fra:1 Mem:3547.72M (Peak 3549.73M) | Time:00:02.21 | Mem:842.92M, Peak:842.92M | Scene, ViewLayer | Updating Geometry BVH Urban_bell-pavilion_tile 86/133 | Building BVH
Fra:1 Mem:3547.72M (Peak 3549.73M) | Time:00:02.21 | Mem:842.93M, Peak:842.93M | Scene, ViewLayer | Updating Geometry BVH Urban_bell-pavilion_roof 85/133 | Building BVH
Fra:1 Mem:3547.72M (Peak 3549.73M) | Time:00:02.21 | Mem:842.93M, Peak:842.94M | Scene, ViewLayer | Updating Geometry BVH Urban_bell-pavilion_brick 84/133 | Building BVH
Fra:1 Mem:3547.72M (Peak 3549.73M) | Time:00:02.21 | Mem:842.93M, Peak:842.94M | Scene, ViewLayer | Updating Geometry BVH Urban_bell-pavilion_stone 83/133 | Building BVH
Fra:1 Mem:3547.72M (Peak 3549.73M) | Time:00:02.21 | Mem:842.98M, Peak:842.98M | Scene, ViewLayer | Updating Geometry BVH Urban_hitching_wood 82/133 | Building BVH
Fra:1 Mem:3547.72M (Peak 3549.73M) | Time:00:02.21 | Mem:842.98M, Peak:842.98M | Scene, ViewLayer | Updating Geometry BVH Urban_hitching_stone 81/133 | Building BVH
Fra:1 Mem:3547.72M (Peak 3549.73M) | Time:00:02.21 | Mem:843.22M, Peak:843.22M | Scene, ViewLayer | Updating Geometry BVH Urban_paifang_gold 80/133 | Building BVH
Fra:1 Mem:3547.72M (Peak 3549.73M) | Time:00:02.21 | Mem:843.31M, Peak:843.31M | Scene, ViewLayer | Updating Geometry BVH Urban_paifang_tile 79/133 | Building BVH
Fra:1 Mem:3547.72M (Peak 3549.73M) | Time:00:02.21 | Mem:843.33M, Peak:843.33M | Scene, ViewLayer | Updating Geometry BVH Urban_paifang_roof 78/133 | Building BVH
Fra:1 Mem:3547.72M (Peak 3549.73M) | Time:00:02.21 | Mem:843.33M, Peak:843.34M | Scene, ViewLayer | Updating Geometry BVH Urban_paifang_mineral 77/133 | Building BVH
Fra:1 Mem:3547.72M (Peak 3549.73M) | Time:00:02.21 | Mem:843.34M, Peak:843.34M | Scene, ViewLayer | Updating Geometry BVH Urban_paifang_redwood 76/133 | Building BVH
Fra:1 Mem:3547.72M (Peak 3549.73M) | Time:00:02.21 | Mem:843.34M, Peak:843.35M | Scene, ViewLayer | Updating Geometry BVH Urban_paifang_stone 75/133 | Building BVH
Fra:1 Mem:3547.72M (Peak 3549.73M) | Time:00:02.21 | Mem:843.40M, Peak:843.40M | Scene, ViewLayer | Updating Geometry BVH Urban_shop-upper_gold 74/133 | Building BVH
Fra:1 Mem:3547.72M (Peak 3549.73M) | Time:00:02.21 | Mem:843.44M, Peak:843.44M | Scene, ViewLayer | Updating Geometry BVH Urban_shop-upper_sagecloth 73/133 | Building BVH
Fra:1 Mem:3547.72M (Peak 3549.73M) | Time:00:02.21 | Mem:843.44M, Peak:843.44M | Scene, ViewLayer | Updating Geometry BVH Urban_shop-upper_tile 72/133 | Building BVH
Fra:1 Mem:3547.72M (Peak 3549.73M) | Time:00:02.21 | Mem:843.50M, Peak:843.50M | Scene, ViewLayer | Updating Geometry BVH Urban_shop-upper_brick 71/133 | Building BVH
Fra:1 Mem:3547.72M (Peak 3549.73M) | Time:00:02.21 | Mem:843.50M, Peak:843.50M | Scene, ViewLayer | Updating Geometry BVH Urban_shop-upper_slateroof 70/133 | Building BVH
Fra:1 Mem:3547.72M (Peak 3549.73M) | Time:00:02.21 | Mem:843.63M, Peak:843.63M | Scene, ViewLayer | Updating Geometry BVH Urban_shop-upper_paper 69/133 | Building BVH
Fra:1 Mem:3547.72M (Peak 3549.73M) | Time:00:02.21 | Mem:843.65M, Peak:843.65M | Scene, ViewLayer | Updating Geometry BVH Urban_shop-upper_wood 68/133 | Building BVH
Fra:1 Mem:3547.72M (Peak 3549.73M) | Time:00:02.21 | Mem:843.82M, Peak:843.83M | Scene, ViewLayer | Updating Geometry BVH Urban_shop-upper_plaster 67/133 | Building BVH
Fra:1 Mem:3547.72M (Peak 3549.73M) | Time:00:02.21 | Mem:843.96M, Peak:843.96M | Scene, ViewLayer | Updating Geometry BVH Urban_shop-upper_stone 66/133 | Building BVH
Fra:1 Mem:3547.72M (Peak 3549.73M) | Time:00:02.21 | Mem:843.96M, Peak:843.96M | Scene, ViewLayer | Updating Geometry BVH Urban_range_tile 65/133 | Building BVH
Fra:1 Mem:3547.72M (Peak 3549.73M) | Time:00:02.21 | Mem:844.02M, Peak:844.03M | Scene, ViewLayer | Updating Geometry BVH Urban_range_brick 64/133 | Building BVH
Fra:1 Mem:3547.72M (Peak 3549.73M) | Time:00:02.21 | Mem:844.07M, Peak:844.07M | Scene, ViewLayer | Updating Geometry BVH Urban_range_slateroof 63/133 | Building BVH
Fra:1 Mem:3547.72M (Peak 3549.73M) | Time:00:02.21 | Mem:844.07M, Peak:844.07M | Scene, ViewLayer | Updating Geometry BVH Urban_range_paper 62/133 | Building BVH
Fra:1 Mem:3547.72M (Peak 3549.73M) | Time:00:02.21 | Mem:844.13M, Peak:844.14M | Scene, ViewLayer | Updating Geometry BVH Urban_range_wood 61/133 | Building BVH
Fra:1 Mem:3547.72M (Peak 3549.73M) | Time:00:02.21 | Mem:844.17M, Peak:844.19M | Scene, ViewLayer | Updating Geometry BVH Urban_range_plaster 60/133 | Building BVH
Fra:1 Mem:3547.72M (Peak 3549.73M) | Time:00:02.21 | Mem:844.17M, Peak:844.19M | Scene, ViewLayer | Updating Geometry BVH Urban_range_stone 59/133 | Building BVH
Fra:1 Mem:3547.72M (Peak 3549.73M) | Time:00:02.21 | Mem:844.22M, Peak:844.22M | Scene, ViewLayer | Updating Geometry BVH Urban_screen_tile 58/133 | Building BVH
Fra:1 Mem:3547.72M (Peak 3549.73M) | Time:00:02.21 | Mem:844.31M, Peak:844.31M | Scene, ViewLayer | Updating Geometry BVH Urban_screen_roof 57/133 | Building BVH
Fra:1 Mem:3547.72M (Peak 3549.73M) | Time:00:02.21 | Mem:844.31M, Peak:844.31M | Scene, ViewLayer | Updating Geometry BVH Urban_screen_brick 56/133 | Building BVH
Fra:1 Mem:3547.72M (Peak 3549.73M) | Time:00:02.21 | Mem:844.32M, Peak:844.32M | Scene, ViewLayer | Updating Geometry BVH Urban_screen_plaster 55/133 | Building BVH
Fra:1 Mem:3547.72M (Peak 3549.73M) | Time:00:02.21 | Mem:844.32M, Peak:844.32M | Scene, ViewLayer | Updating Geometry BVH Urban_screen_stone 54/133 | Building BVH
Fra:1 Mem:3547.72M (Peak 3549.73M) | Time:00:02.21 | Mem:844.32M, Peak:844.32M | Scene, ViewLayer | Updating Geometry BVH Urban_tree_leaf.001 53/133 | Building BVH
Fra:1 Mem:3547.72M (Peak 3549.73M) | Time:00:02.21 | Mem:844.33M, Peak:844.34M | Scene, ViewLayer | Updating Geometry BVH Urban_tree_lightleaf.001 52/133 | Building BVH
Fra:1 Mem:3547.72M (Peak 3549.73M) | Time:00:02.21 | Mem:844.44M, Peak:844.44M | Scene, ViewLayer | Updating Geometry BVH Urban_tree_wood.001 51/133 | Building BVH
Fra:1 Mem:3547.72M (Peak 3549.73M) | Time:00:02.21 | Mem:844.49M, Peak:844.49M | Scene, ViewLayer | Updating Geometry BVH Urban_gallery_tile.001 50/133 | Building BVH
Fra:1 Mem:3547.72M (Peak 3549.73M) | Time:00:02.21 | Mem:844.50M, Peak:844.51M | Scene, ViewLayer | Updating Geometry BVH Urban_gallery_roof.001 49/133 | Building BVH
Fra:1 Mem:3547.72M (Peak 3549.73M) | Time:00:02.21 | Mem:844.50M, Peak:844.51M | Scene, ViewLayer | Updating Geometry BVH Urban_gallery_redwood 48/133 | Building BVH
Fra:1 Mem:3547.72M (Peak 3549.73M) | Time:00:02.21 | Mem:844.51M, Peak:844.52M | Scene, ViewLayer | Updating Geometry BVH Urban_gallery_stone.001 47/133 | Building BVH
Fra:1 Mem:3547.72M (Peak 3549.73M) | Time:00:02.21 | Mem:844.52M, Peak:844.52M | Scene, ViewLayer | Updating Geometry BVH Urban_house_tile 46/133 | Building BVH
Fra:1 Mem:3547.72M (Peak 3549.73M) | Time:00:02.21 | Mem:844.57M, Peak:844.58M | Scene, ViewLayer | Updating Geometry BVH Urban_house_brick 45/133 | Building BVH
Fra:1 Mem:3547.72M (Peak 3549.73M) | Time:00:02.21 | Mem:844.62M, Peak:844.62M | Scene, ViewLayer | Updating Geometry BVH Urban_house_roof 44/133 | Building BVH
Fra:1 Mem:3547.72M (Peak 3549.73M) | Time:00:02.21 | Mem:844.73M, Peak:844.73M | Scene, ViewLayer | Updating Geometry BVH Urban_house_paper 43/133 | Building BVH
Fra:1 Mem:3547.72M (Peak 3549.73M) | Time:00:02.21 | Mem:844.78M, Peak:844.78M | Scene, ViewLayer | Updating Geometry BVH Urban_house_wood 42/133 | Building BVH
Fra:1 Mem:3547.72M (Peak 3549.73M) | Time:00:02.21 | Mem:844.81M, Peak:844.82M | Scene, ViewLayer | Updating Geometry BVH Urban_house_plaster 41/133 | Building BVH
Fra:1 Mem:3547.72M (Peak 3549.73M) | Time:00:02.21 | Mem:844.81M, Peak:844.82M | Scene, ViewLayer | Updating Geometry BVH Urban_house_stone 40/133 | Building BVH
Fra:1 Mem:3547.72M (Peak 3549.73M) | Time:00:02.21 | Mem:844.81M, Peak:844.82M | Scene, ViewLayer | Updating Geometry BVH Urban_annex_tile 39/133 | Building BVH
Fra:1 Mem:3547.72M (Peak 3549.73M) | Time:00:02.21 | Mem:844.91M, Peak:844.91M | Scene, ViewLayer | Updating Geometry BVH Urban_annex_warmroof 38/133 | Building BVH
Fra:1 Mem:3547.72M (Peak 3549.73M) | Time:00:02.21 | Mem:844.91M, Peak:844.91M | Scene, ViewLayer | Updating Geometry BVH Urban_annex_paper 37/133 | Building BVH
Fra:1 Mem:3547.72M (Peak 3549.73M) | Time:00:02.21 | Mem:844.92M, Peak:844.92M | Scene, ViewLayer | Updating Geometry BVH Urban_annex_wood 36/133 | Building BVH
Fra:1 Mem:3547.72M (Peak 3549.73M) | Time:00:02.21 | Mem:844.98M, Peak:844.99M | Scene, ViewLayer | Updating Geometry BVH Urban_annex_brick 35/133 | Building BVH
Fra:1 Mem:3547.72M (Peak 3549.73M) | Time:00:02.21 | Mem:844.98M, Peak:844.99M | Scene, ViewLayer | Updating Geometry BVH Urban_annex_stone 34/133 | Building BVH
Fra:1 Mem:3547.72M (Peak 3549.73M) | Time:00:02.21 | Mem:844.98M, Peak:844.99M | Scene, ViewLayer | Updating Geometry BVH Urban_hall_tile.001 33/133 | Building BVH
Fra:1 Mem:3547.72M (Peak 3549.73M) | Time:00:02.21 | Mem:845.08M, Peak:845.09M | Scene, ViewLayer | Updating Geometry BVH Urban_hall_roof.001 32/133 | Building BVH
Fra:1 Mem:3547.72M (Peak 3549.73M) | Time:00:02.21 | Mem:845.13M, Peak:845.13M | Scene, ViewLayer | Updating Geometry BVH Urban_hall_mineral 31/133 | Building BVH
Fra:1 Mem:3547.72M (Peak 3549.73M) | Time:00:02.21 | Mem:845.13M, Peak:845.13M | Scene, ViewLayer | Updating Geometry BVH Urban_hall_paper.001 30/133 | Building BVH
Fra:1 Mem:3547.72M (Peak 3549.73M) | Time:00:02.21 | Mem:845.15M, Peak:845.15M | Scene, ViewLayer | Updating Geometry BVH Urban_hall_redwood 29/133 | Building BVH
Fra:1 Mem:3547.72M (Peak 3549.73M) | Time:00:02.21 | Mem:845.23M, Peak:845.24M | Scene, ViewLayer | Updating Geometry BVH Urban_hall_plaster.001 28/133 | Building BVH
Fra:1 Mem:3547.72M (Peak 3549.73M) | Time:00:02.21 | Mem:845.23M, Peak:845.24M | Scene, ViewLayer | Updating Geometry BVH Urban_hall_stone.001 27/133 | Building BVH
Fra:1 Mem:3547.72M (Peak 3549.73M) | Time:00:02.21 | Mem:845.23M, Peak:845.24M | Scene, ViewLayer | Updating Geometry BVH Urban_gate_tile.001 26/133 | Building BVH
Fra:1 Mem:3547.72M (Peak 3549.73M) | Time:00:02.21 | Mem:845.28M, Peak:845.28M | Scene, ViewLayer | Updating Geometry BVH Urban_gate_roof.001 25/133 | Building BVH
Fra:1 Mem:3547.72M (Peak 3549.73M) | Time:00:02.21 | Mem:845.32M, Peak:845.32M | Scene, ViewLayer | Updating Geometry BVH Urban_gate_mineral 24/133 | Building BVH
Fra:1 Mem:3547.72M (Peak 3549.73M) | Time:00:02.21 | Mem:845.33M, Peak:845.33M | Scene, ViewLayer | Updating Geometry BVH Urban_gate_redwood 23/133 | Building BVH
Fra:1 Mem:3547.72M (Peak 3549.73M) | Time:00:02.21 | Mem:845.34M, Peak:845.34M | Scene, ViewLayer | Updating Geometry BVH Urban_gate_stone.001 22/133 | Building BVH
Fra:1 Mem:3547.72M (Peak 3549.73M) | Time:00:02.21 | Mem:845.34M, Peak:845.34M | Scene, ViewLayer | Updating Geometry BVH Urban_wall_roof.001 21/133 | Building BVH
Fra:1 Mem:3547.72M (Peak 3549.73M) | Time:00:02.21 | Mem:845.34M, Peak:845.34M | Scene, ViewLayer | Updating Geometry BVH Urban_wall_stone.001 20/133 | Building BVH
Fra:1 Mem:3547.72M (Peak 3549.73M) | Time:00:02.21 | Mem:845.34M, Peak:845.34M | Scene, ViewLayer | Updating Geometry BVH Urban_wall_plaster.001 19/133 | Building BVH
Fra:1 Mem:3547.72M (Peak 3549.73M) | Time:00:02.21 | Mem:845.34M, Peak:845.34M | Scene, ViewLayer | Updating Geometry BVH Urban_court-paving_courtstone 18/133 | Building BVH
Fra:1 Mem:3547.72M (Peak 3549.73M) | Time:00:02.21 | Mem:846.58M, Peak:846.58M | Scene, ViewLayer | Updating Geometry BVH Sunwen_lotus_sunwen_leaf 17/133 | Building BVH
Fra:1 Mem:3547.72M (Peak 3549.73M) | Time:00:02.21 | Mem:846.99M, Peak:847.00M | Scene, ViewLayer | Updating Geometry BVH Sunwen_peony_sunwen_leaf_light 16/133 | Building BVH
Fra:1 Mem:3547.72M (Peak 3549.73M) | Time:00:02.21 | Mem:847.18M, Peak:847.20M | Scene, ViewLayer | Updating Geometry BVH Sunwen_chrysanthemum_sunwen_leaf_light 15/133 | Building BVH
Fra:1 Mem:3547.72M (Peak 3549.73M) | Time:00:02.21 | Mem:847.37M, Peak:847.39M | Scene, ViewLayer | Updating Geometry BVH Sunwen_iris_sunwen_leaf_light 14/133 | Building BVH
Fra:1 Mem:3547.72M (Peak 3549.73M) | Time:00:02.21 | Mem:847.41M, Peak:847.42M | Scene, ViewLayer | Updating Geometry BVH Sunwen_orchid_sunwen_leaf_light 13/133 | Building BVH
Fra:1 Mem:3547.72M (Peak 3549.73M) | Time:00:02.21 | Mem:847.57M, Peak:847.58M | Scene, ViewLayer | Updating Geometry BVH Plane.016 12/133 | Building BVH
Fra:1 Mem:3547.72M (Peak 3549.73M) | Time:00:02.21 | Mem:847.90M, Peak:847.92M | Scene, ViewLayer | Updating Geometry BVH Plane.015 11/133 | Building BVH
Fra:1 Mem:3547.72M (Peak 3549.73M) | Time:00:02.21 | Mem:848.08M, Peak:848.11M | Scene, ViewLayer | Updating Geometry BVH Plane.043 10/133 | Building BVH
Fra:1 Mem:3547.72M (Peak 3549.73M) | Time:00:02.21 | Mem:848.62M, Peak:848.62M | Scene, ViewLayer | Updating Geometry BVH Sunwen_red-maple_sunwen_bark 9/133 | Building BVH
Fra:1 Mem:3547.72M (Peak 3549.73M) | Time:00:02.22 | Mem:852.91M, Peak:856.22M | Scene, ViewLayer | Updating Scene BVH | Building
Fra:1 Mem:3547.94M (Peak 3549.73M) | Time:00:02.22 | Mem:852.91M, Peak:856.22M | Scene, ViewLayer | Updating Scene BVH | Building BVH
Fra:1 Mem:3547.94M (Peak 3549.73M) | Time:00:02.46 | Mem:1389.21M, Peak:1389.21M | Scene, ViewLayer | Updating Scene BVH | Building BVH 77%
Fra:1 Mem:3547.94M (Peak 3549.73M) | Time:00:02.51 | Mem:1285.29M, Peak:1485.21M | Scene, ViewLayer | Updating Scene BVH | Copying BVH to device
Fra:1 Mem:3547.94M (Peak 3549.73M) | Time:00:02.51 | Mem:1285.29M, Peak:1485.21M | Scene, ViewLayer | Updating Mesh | Computing normals
Fra:1 Mem:3781.19M (Peak 3781.19M) | Time:00:02.56 | Mem:1285.29M, Peak:1485.21M | Scene, ViewLayer | Updating Mesh | Copying Mesh to device
Fra:1 Mem:3781.19M (Peak 3781.19M) | Time:00:02.56 | Mem:1518.54M, Peak:1518.54M | Scene, ViewLayer | Updating Objects Flags
Fra:1 Mem:3781.19M (Peak 3781.19M) | Time:00:02.56 | Mem:1518.76M, Peak:1518.76M | Scene, ViewLayer | Updating Primitive Offsets
Fra:1 Mem:3781.30M (Peak 3781.30M) | Time:00:02.56 | Mem:1518.86M, Peak:1518.86M | Scene, ViewLayer | Updating Images
Fra:1 Mem:3409.80M (Peak 3781.30M) | Time:00:02.57 | Mem:1147.36M, Peak:1518.86M | Scene, ViewLayer | Updating Camera Volume
Fra:1 Mem:3409.80M (Peak 3781.30M) | Time:00:02.57 | Mem:1147.36M, Peak:1518.86M | Scene, ViewLayer | Updating Lookup Tables
Fra:1 Mem:3409.80M (Peak 3781.30M) | Time:00:02.57 | Mem:1147.45M, Peak:1518.86M | Scene, ViewLayer | Updating Lights
Fra:1 Mem:3409.80M (Peak 3781.30M) | Time:00:02.57 | Mem:1147.45M, Peak:1518.86M | Scene, ViewLayer | Updating Lights | Importance map
Fra:1 Mem:3473.83M (Peak 3781.30M) | Time:00:02.71 | Mem:1211.64M, Peak:1518.86M | Scene, ViewLayer | Updating Lights | Computing tree
Fra:1 Mem:3474.04M (Peak 3781.30M) | Time:00:02.72 | Mem:1211.86M, Peak:1518.86M | Scene, ViewLayer | Updating Integrator
Fra:1 Mem:3474.04M (Peak 3781.30M) | Time:00:02.72 | Mem:1211.86M, Peak:1518.86M | Scene, ViewLayer | Updating Film
Fra:1 Mem:3474.05M (Peak 3781.30M) | Time:00:02.72 | Mem:1211.78M, Peak:1518.86M | Scene, ViewLayer | Updating Lookup Tables
Fra:1 Mem:3474.05M (Peak 3781.30M) | Time:00:02.72 | Mem:1211.86M, Peak:1518.86M | Scene, ViewLayer | Updating Baking
Fra:1 Mem:3474.05M (Peak 3781.30M) | Time:00:02.72 | Mem:1211.86M, Peak:1518.86M | Scene, ViewLayer | Updating Device | Writing constant memory
Fra:1 Mem:3474.49M (Peak 3781.30M) | Time:00:02.72 | Mem:1211.86M, Peak:1518.86M | Scene, ViewLayer | Loading denoising kernels (may take a few minutes the first time)
Fra:1 Mem:3474.49M (Peak 3781.30M) | Time:00:02.72 | Mem:1211.86M, Peak:1518.86M | Scene, ViewLayer | Sample 0/16
Fra:1 Mem:3778.57M (Peak 3781.30M) | Time:00:03.28 | Remaining:00:08.41 | Mem:1515.86M, Peak:1518.86M | Scene, ViewLayer | Sample 1/16
Fra:1 Mem:3906.57M (Peak 4098.57M) | Time:00:20.38 | Mem:1515.86M, Peak:1518.86M | Scene, ViewLayer | Sample 16/16
Fra:1 Mem:3906.57M (Peak 4098.57M) | Time:00:20.38 | Mem:1515.86M, Peak:1518.86M | Scene, ViewLayer | Finished
Saved: '/Users/ustinian/code/daguanyuan/assets/processed/landscape-r22/light.next.png'
Time: 00:20.58 (Saving: 00:00.12)

LANDSCAPE SHADOW RENDER COMPLETE

Blender quit
Landscape shadow atlas: 121848 bytes
Mobile landscape shadow atlas: 44922 bytes
Validated public/models/overview.glb
Validated public/models/overview-low.glb
Validated public/models/urban-context.glb
Optimized and re-read 57 GLBs; IDs, anchors, materials and bounds preserved.
