# Blender Human Base Meshes v1.4.1, CC0; reference only, not runtime geometry
v -0.034429 -0.106284 0.330282
v -0.032412 -0.0967321 0.330801
v -0.029769 -0.0817801 0.32034
v -0.0334036 -0.1196739 0.3209245
v -0.0311307 -0.1157504 0.3248368
v -0.029507 -0.111935 0.3274779
v -0.028078 -0.107564 0.3292239
v -0.026909 -0.102846 0.3299889
v -0.026062 -0.0980111 0.3297299
v -0.025582 -0.0933011 0.328461
v -0.025491 -0.0889481 0.326243
v -0.025796 -0.0851671 0.32319
v -0.026622 -0.082413 0.319709
v -0.0293324 -0.120229 0.3191509
v -0.0265445 -0.1165343 0.3224398
v -0.0242018 -0.1128734 0.3247036
v -0.022338 -0.1085901 0.3262129
v -0.021026 -0.103905 0.326892
v -0.020328 -0.0990501 0.326708
v -0.020282 -0.094263 0.325664
v -0.020893 -0.089785 0.323813
v -0.022131 -0.0858371 0.321252
v -0.023727 -0.0829441 0.318177
v -0.0259941 -0.1202271 0.3161945
v -0.022947 -0.11697 0.318691
v -0.0200289 -0.113439 0.3203813
v -0.0177863 -0.1092648 0.3215366
v -0.016353 -0.104614 0.322094
v -0.015773 -0.09975 0.322026
v -0.016075 -0.094917 0.3213379
v -0.017243 -0.090355 0.320059
v -0.01922 -0.0862931 0.318257
v -0.021398 -0.083316 0.3159081
v -0.0239768 -0.1198414 0.312492
v -0.0207152 -0.1170347 0.3139751
v -0.0173912 -0.1136047 0.3149462
v -0.0148927 -0.10951 0.3156582
v -0.0133551 -0.104913 0.316065
v -0.012849 -0.100049 0.316148
v -0.013372 -0.0951961 0.315905
v -0.014897 -0.0906 0.3153459
v -0.017349 -0.08649 0.314498
v -0.0197763 -0.0837659 0.3136752
v -0.0236248 -0.1193183 0.3084692
v -0.0201298 -0.1167484 0.3087822
v -0.0165164 -0.1134113 0.3089386
v -0.013917 -0.109345 0.3091609
v -0.0123304 -0.1047727 0.3094028
v -0.011843 -0.0999201 0.309654
v -0.01244 -0.09508 0.309904
v -0.014087 -0.0904991 0.310138
v -0.016702 -0.086409 0.310345
v -0.01979 -0.0833921 0.310876
v -0.036346 -0.0792871 0.308417
v -0.0243658 -0.1189657 0.304438
v -0.0209744 -0.1163217 0.3035728
v -0.0174562 -0.1129252 0.3029523
v -0.0149276 -0.1088123 0.3026862
v -0.0133634 -0.1042177 0.3027628
v -0.012849 -0.0993761 0.30318
v -0.013366 -0.0945761 0.303921
v -0.014889 -0.09006 0.304946
v -0.017341 -0.0860581 0.306205
v -0.020358 -0.0831041 0.307668
v -0.035378 -0.079675 0.3118
v -0.0260433 -0.119033 0.300999
v -0.0231173 -0.1157982 0.2988792
v -0.020111 -0.1121807 0.2975741
v -0.0178225 -0.107953 0.2968677
v -0.016355 -0.103297 0.296794
v -0.015764 -0.098469 0.297359
v -0.016059 -0.0937311 0.298541
v -0.017226 -0.089324 0.300277
v -0.019204 -0.0854691 0.302481
v -0.021815 -0.0826411 0.30475
v -0.033761 -0.0801961 0.31504
v -0.0290272 -0.1187863 0.2982526
v -0.0266464 -0.1150175 0.2951814
v -0.0242556 -0.1111841 0.2933242
v -0.022342 -0.1068061 0.2922679
v -0.021012 -0.102085 0.2920749
v -0.020305 -0.097276 0.2927589
v -0.020255 -0.092624 0.294288
v -0.020867 -0.088361 0.296587
v -0.022108 -0.084699 0.2995379
v -0.024023 -0.0820491 0.3024101
v -0.031654 -0.080795 0.317818
v -0.0328953 -0.1181892 0.2965119
v -0.0311733 -0.1140187 0.2928322
v -0.0295157 -0.1099834 0.290611
v -0.028063 -0.1054601 0.289333
v -0.026878 -0.1006911 0.289066
v -0.026025 -0.0959121 0.2898269
v -0.025543 -0.091359 0.291579
v -0.025456 -0.08726 0.294236
v -0.025767 -0.0838211 0.297664
v -0.0262551 -0.0817078 0.3007139
v -0.033521 -0.0797771 0.306276
v -0.0371293 -0.1173281 0.2959943
v -0.0362244 -0.1129018 0.2920643
v -0.0353754 -0.1086918 0.2897032
v -0.034403 -0.104062 0.288349
v -0.033383 -0.0992511 0.288058
v -0.032367 -0.094504 0.288847
v -0.031406 -0.090057 0.290677
v -0.030542 -0.08613 0.2934551
v -0.029824 -0.0829201 0.297042
v -0.028935 -0.0809171 0.300826
v -0.032025 -0.0802851 0.309802
v -0.0412744 -0.1162692 0.2967615
v -0.0412788 -0.1118064 0.2929647
v -0.0412315 -0.1074643 0.2906994
v -0.04075 -0.102747 0.289416
v -0.039891 -0.0979061 0.2891559
v -0.038712 -0.093196 0.2899189
v -0.037268 -0.088849 0.291672
v -0.035631 -0.0850821 0.294321
v -0.033881 -0.082086 0.297736
v -0.03208 -0.0802771 0.301458
v -0.030232 -0.080859 0.313392
v -0.0447836 -0.1151258 0.2987163
v -0.0457691 -0.1108695 0.2954501
v -0.046502 -0.1064301 0.2935084
v -0.046481 -0.101652 0.2924359
v -0.045765 -0.09679 0.292256
v -0.044438 -0.092115 0.292946
v -0.042559 -0.087854 0.29447
v -0.040221 -0.084224 0.29675
v -0.037542 -0.081402 0.299673
v -0.034972 -0.0797381 0.30299
v -0.028317 -0.0814441 0.316696
v -0.0474763 -0.1142633 0.3016021
v -0.0492117 -0.1101886 0.2992809
v -0.0506354 -0.1056942 0.2978606
v -0.0510253 -0.100891 0.2971178
v -0.050429 -0.096024 0.2970579
v -0.048982 -0.091375 0.29763
v -0.046757 -0.0871771 0.2988
v -0.043864 -0.0836391 0.300508
v -0.040447 -0.0809391 0.302669
v -0.037299 -0.0793601 0.3052589
v -0.0302 -0.0803921 0.304517
v -0.0493913 -0.1137936 0.3050993
v -0.0514229 -0.1098742 0.3040358
v -0.0532245 -0.1053497 0.3033202
v -0.0539256 -0.1005494 0.3030057
v -0.053423 -0.09569 0.3030909
v -0.051901 -0.0910571 0.30351
v -0.049454 -0.086887 0.3042331
v -0.046205 -0.0833901 0.305223
v -0.042314 -0.0807411 0.306428
v -0.0390089 -0.0793391 0.3074706
v -0.028283 -0.080977 0.30782
v -0.0501913 -0.113722 0.3089373
v -0.052234 -0.1099784 0.3092113
v -0.0541228 -0.1054666 0.309313
v -0.0549208 -0.1006778 0.3095028
v -0.054452 -0.095829 0.309754
v -0.052906 -0.091195 0.310007
v -0.050384 -0.0870151 0.310235
v -0.047014 -0.0835001 0.310431
v -0.04296 -0.0808291 0.310582
v -0.038902 -0.07929 0.3102929
v -0.026489 -0.0815501 0.31141
v -0.0496121 -0.1139671 0.3126755
v -0.0515147 -0.1104755 0.3142965
v -0.0532689 -0.1060262 0.315248
v -0.0539233 -0.101266 0.315963
v -0.053418 -0.096422 0.316392
v -0.051904 -0.0917701 0.316478
v -0.04946 -0.0875441 0.3162159
v -0.046212 -0.0839581 0.3156221
v -0.042322 -0.081192 0.314721
v -0.038337 -0.0795861 0.3135009
v -0.024994 -0.082054 0.314939
v -0.0479782 -0.1146249 0.3159863
v -0.0493642 -0.111313 0.3188508
v -0.0506816 -0.1069563 0.3205731
v -0.051014 -0.1022341 0.3217669
v -0.05043 -0.0974051 0.322353
v -0.048993 -0.0927231 0.3222941
v -0.046774 -0.0884191 0.321593
v -0.043882 -0.084714 0.320288
v -0.040464 -0.0817931 0.318444
v -0.036881 -0.080055 0.316417
v -0.026864 -0.081046 0.303395
v -0.0454628 -0.1156964 0.3187318
v -0.0458797 -0.1123741 0.3224798
v -0.0465213 -0.1081295 0.3248021
v -0.046479 -0.103481 0.326357
v -0.045782 -0.098673 0.327066
v -0.044462 -0.093952 0.32689
v -0.042588 -0.0895511 0.325843
v -0.040248 -0.0856941 0.323976
v -0.037565 -0.082572 0.321384
v -0.034677 -0.0806521 0.318755
v -0.024754 -0.0816411 0.306174
v -0.0420186 -0.1171168 0.32062
v -0.0413253 -0.1135364 0.324836
v -0.041243 -0.109436 0.327516
v -0.040768 -0.1048781 0.329292
v -0.039924 -0.100097 0.330073
v -0.038751 -0.0953341 0.329821
v -0.037307 -0.090825 0.3285509
v -0.035667 -0.0867981 0.326325
v -0.033911 -0.0834521 0.323259
v -0.0325414 -0.0814223 0.3204282
v -0.023135 -0.082156 0.309413
v -0.0378033 -0.1185704 0.3213986
v -0.036236 -0.1147041 0.325655
v -0.035382 -0.110747 0.3284419
v -0.033422 -0.101535 0.3310829
v -0.031448 -0.092116 0.329454
v -0.030582 -0.0879181 0.327107
v -0.029855 -0.0843461 0.323881
v -0.022166 -0.0825401 0.312796
v -0.003698 -0.1409071 0.232914
v -0.00714 -0.140056 0.233035
v -0.010263 -0.1386631 0.233094
v -0.013044 -0.136692 0.233099
v -0.015725 -0.134156 0.233143
v -0.017874 -0.1317751 0.233394
v -0.022096 -0.126554 0.232678
v -0.023268 -0.124763 0.231592
v -0.023902 -0.123547 0.230449
v -0.024236 -0.123157 0.229482
v -0.023762 -0.123107 0.228641
v -0.022709 -0.123411 0.227549
v -0.02116 -0.124774 0.2261459
v -0.019082 -0.126821 0.225031
v -0.016421 -0.129187 0.224295
v -0.013453 -0.1315001 0.224038
v -0.010407 -0.133448 0.224015
v -0.007356 -0.1349511 0.22374
v -0.003922 -0.135893 0.223123
v -0.010598 -0.136801 0.229476
v -0.00377 -0.139129 0.2288829
v -0.017114 -0.131909 0.229013
v -0.011353 -0.141912 0.230313
v -0.014334 -0.139854 0.2300729
v -0.017058 -0.13699 0.229762
v -0.019172 -0.1340621 0.229691
v -0.024509 -0.127387 0.228648
v -0.023464 -0.1282981 0.228817
v -0.018723 -0.135062 0.2300359
v -0.01202 -0.140978 0.230268
v -0.004139 -0.143321 0.229641
v -0.00428 -0.1440281 0.229901
v -0.007252 -0.138299 0.229284
v -0.008123 -0.142627 0.229999
v -0.008001 -0.143239 0.230199
v -0.024271 -0.125077 0.22898
v -0.023754 -0.125212 0.228743
v -0.0228621 -0.1249921 0.2284649
v -0.023774 -0.126999 0.229149
v -0.023942 -0.1250147 0.2293755
v -0.021924 -0.12662 0.228415
v -0.013899 -0.1346531 0.229325
v -0.015567 -0.1383631 0.230217
v -0.022555 -0.128782 0.229414
v -0.02137 -0.1315671 0.229548
v -0.019915 -0.129093 0.228607
v -0.0264689 -0.1238432 0.3045358
v -0.0245931 -0.1215743 0.3053836
v -0.0206668 -0.12376 0.3047398
v -0.0207206 -0.123785 0.3061569
v -0.0215326 -0.1239642 0.3042091
v -0.0268133 -0.1255928 0.3037703
v -0.0345023 -0.1270479 0.3029404
v -0.0386767 -0.1266293 0.302921
v -0.0459153 -0.1230923 0.3043694
v -0.0284226 -0.1269211 0.311835
v -0.0440306 -0.1262035 0.3126799
v -0.0478369 -0.1227057 0.3112847
v -0.0503237 -0.1194228 0.3098992
v -0.0203481 -0.1245225 0.3044892
v -0.0389277 -0.1286459 0.3133792
v -0.0249158 -0.1249636 0.3097535
v -0.0509754 -0.1170388 0.3082107
v -0.0216847 -0.1246814 0.3039453
v -0.0346624 -0.1258565 0.3033719
v -0.0388169 -0.1254308 0.3033933
v -0.0453023 -0.1213554 0.3049179
v -0.0481889 -0.1174854 0.3066988
v -0.0283857 -0.1253784 0.3116827
v -0.0428194 -0.1248108 0.3134803
v -0.046532 -0.1214164 0.3123196
v -0.048826 -0.1183045 0.3109211
v -0.0380248 -0.1269796 0.313839
v -0.0494826 -0.1160789 0.3088917
v -0.064837 -0.096747 0.246155
v -0.0247762 -0.123186 0.3092186
v -0.0216261 -0.1256128 0.3029533
v -0.0198706 -0.1254575 0.3040611
v -0.0245154 -0.1261055 0.3106144
v -0.028017 -0.127968 0.3128529
v -0.0396854 -0.1297477 0.3146553
v -0.0453746 -0.1269577 0.3137147
v -0.0493682 -0.1233044 0.3120028
v -0.0517013 -0.1197604 0.3101452
v -0.0523789 -0.1165511 0.3078754
v -0.0465519 -0.1234884 0.302638
v -0.0384462 -0.1271809 0.3010584
v -0.0341484 -0.1277138 0.3012786
v -0.0270325 -0.1264832 0.3022033
v -0.0493589 -0.1196134 0.3064167
v -0.0505719 -0.1199247 0.3051644
v -0.0208142 -0.1244401 0.3062282
v -0.0202937 -0.1253399 0.3068852
v -0.0080851 -0.1531661 0.2650319
v -0.010067 -0.1514881 0.265442
v -0.012394 -0.1485471 0.2651189
v -0.011893 -0.141787 0.262901
v -0.005427 -0.154212 0.2632929
v -0.013407 -0.145348 0.2635269
v -0.005388 -0.152951 0.265489
v -0.012734 -0.1524851 0.264638
v -0.009056 -0.1551461 0.26469
v -0.009079 -0.14361 0.2606129
v -0.009185 -0.143731 0.256822
v -0.012381 -0.142703 0.2596579
v -0.014903 -0.144115 0.259831
v -0.015836 -0.146533 0.26129
v -0.076352 -0.04559 0.261405
v -0.080615 -0.0480471 0.301306
v -0.082898 -0.044855 0.317009
v -0.078695 -0.049657 0.280083
v -0.0278447 -0.1279879 0.315254
v -0.0219157 -0.1219358 0.1874976
v -0.0300344 -0.113527 0.1907295
v -0.020371 -0.138654 0.262964
v -0.020803 -0.142402 0.266051
v -0.05593 -0.0871811 0.391652
v -0.084726 -0.0407671 0.361399
v -0.0419396 -0.114103 0.2129809
v -0.01644 -0.137958 0.214958
v -0.006254 -0.141523 0.215287
v -0.020145 -0.136524 0.2658215
v -0.0490425 -0.1203831 0.2950506
v -0.0431456 -0.1237608 0.2954425
v -0.015988 -0.141071 0.217676
v -0.006281 -0.144341 0.21681
v -0.024503 -0.139111 0.239731
v -0.015965 -0.142545 0.23092
v -0.012739 -0.144692 0.2314979
v -0.005858 -0.1506371 0.240245
v -0.022769 -0.141216 0.235435
v -0.022826 -0.138404 0.2474729
v -0.041932 -0.1037251 0.392134
v -0.067113 -0.101445 0.300661
v -0.031163 -0.1301921 0.2730759
v -0.025092 -0.12991 0.228748
v -0.0274127 -0.1196951 0.1924749
v -0.0237049 -0.1148369 0.1854877
v -0.044189 -0.126392 0.270829
v -0.0586369 -0.1133987 0.3120369
v -0.070697 -0.100044 0.288495
v -0.0245513 -0.1267091 0.2956253
v -0.0538051 -0.1150006 0.3062274
v -0.0595004 -0.109106 0.3025105
v -0.019238 -0.1359091 0.26017
v -0.020065 -0.1391101 0.2688499
v -0.004997 -0.1463991 0.251583
v -0.066928 -0.1052761 0.291348
v -0.018911 -0.1396151 0.230055
v -0.0472762 -0.1223345 0.2995957
v -0.034538 -0.128126 0.277714
v -0.025774 -0.131052 0.277048
v -0.0527236 -0.1242183 0.3216534
v -0.0433012 -0.1311294 0.3290189
v -0.055761 -0.122636 0.3259619
v -0.016684 -0.1353511 0.286463
v -0.008035 -0.141493 0.297262
v -0.007116 -0.1610141 0.268759
v -0.025354 -0.1298081 0.228797
v -0.031277 -0.131532 0.229465
v -0.048341 -0.114922 0.228941
v -0.021114 -0.136685 0.229387
v -0.040579 -0.123788 0.226673
v -0.038653 -0.122765 0.220576
v -0.020407 -0.129001 0.199577
v -0.0145888 -0.1284961 0.3011645
v -0.0179881 -0.1264451 0.3029961
v -0.036084 -0.1295251 0.269705
v -0.044703 -0.124432 0.2828259
v -0.0393717 -0.125558 0.2858355
v -0.033902 -0.126416 0.2887291
v -0.0612335 -0.1085671 0.3096154
v -0.064481 -0.104649 0.3110889
v -0.067349 -0.1000871 0.312863
v -0.060355 -0.1144379 0.3175283
v -0.062879 -0.111676 0.3209879
v -0.074278 -0.082037 0.330212
v -0.086738 -0.0294341 0.3443511
v -0.040838 -0.1256781 0.357256
v -0.055019 -0.1143481 0.354211
v -0.064778 -0.1029901 0.346695
v -0.021938 -0.135353 0.256011
v -0.0107202 -0.1321182 0.3138109
v -0.004104 -0.155688 0.261233
v -0.036329 -0.1341751 0.330098
v -0.0384258 -0.131133 0.3237734
v -0.0149692 -0.1285277 0.3129584
v -0.048211 -0.1201891 0.356243
v -0.049185 -0.0960601 0.392208
v -0.07366 -0.09379 0.285552
v -0.019287 -0.14409 0.2374609
v -0.028661 -0.131887 0.229113
v -0.028182 -0.131189 0.228174
v -0.027018 -0.132276 0.227073
v -0.015286 -0.143533 0.22047
v -0.006067 -0.146886 0.218996
v -0.031861 -0.126701 0.217118
v -0.062178 -0.1082021 0.341904
v -0.052357 -0.1186821 0.348689
v -0.045646 -0.1239481 0.350208
v -0.038595 -0.1287901 0.350711
v -0.067058 -0.0972231 0.352194
v -0.05699 -0.1096741 0.360399
v -0.050254 -0.1160761 0.362506
v -0.042714 -0.1223051 0.3637889
v -0.0187672 -0.1302761 0.317093
v -0.0325564 -0.1306745 0.3192263
v -0.0498575 -0.1253116 0.3185793
v -0.0546305 -0.1209207 0.3171297
v -0.0575362 -0.1166509 0.3150192
v -0.055462 -0.1169591 0.2907049
v -0.0561066 -0.1123793 0.3042275
v -0.0582521 -0.1117346 0.3090129
v -0.0215706 -0.1281284 0.293157
v -0.0614804 -0.1105101 0.3138129
v -0.064362 -0.106968 0.316565
v -0.005578 -0.137247 0.210498
v -0.016786 -0.132695 0.207258
v -0.028934 -0.1289071 0.2813349
v -0.03964 -0.127447 0.274409
v -0.033617 -0.1320601 0.245025
v -0.024071 -0.127172 0.204872
v -0.015421 -0.132598 0.203195
v -0.050032 -0.12302 0.2793889
v -0.040452 -0.128488 0.266168
v -0.030784 -0.1318201 0.25669
v -0.02649 -0.134626 0.252162
v -0.0313 -0.132553 0.231333
v -0.034495 -0.1311561 0.232945
v -0.037853 -0.1287191 0.234818
v -0.045914 -0.1142891 0.220835
v -0.007085 -0.156834 0.280605
v -0.0310035 -0.1334222 0.3251059
v -0.0137301 -0.1335931 0.3184916
v -0.007566 -0.1603121 0.2750569
v -0.020874 -0.1327561 0.281537
v -0.023667 -0.129867 0.2855209
v -0.017236 -0.13933 0.274807
v -0.0182892 -0.1258424 0.3084924
v -0.0095324 -0.131869 0.3088306
v -0.005573 -0.1362141 0.309052
v -0.0263047 -0.1277235 0.2889946
v -0.018314 -0.1430871 0.272345
v -0.019167 -0.146597 0.269166
v -0.009919 -0.144469 0.251571
v -0.010682 -0.1489221 0.24017
v -0.015203 -0.1527111 0.267429
v -0.019462 -0.1452071 0.2624669
v -0.018421 -0.142052 0.259637
v -0.016631 -0.1403081 0.251388
v -0.030242 -0.1347791 0.241224
v -0.073113 -0.0408821 0.249623
v -0.005744 -0.158712 0.2639359
v -0.023191 -0.1363701 0.349689
v -0.025152 -0.1340651 0.356786
v -0.026595 -0.1317641 0.363925
v -0.054632 -0.1206261 0.2754579
v -0.061036 -0.114048 0.286846
v -0.040364 -0.1101724 0.2051129
v -0.0372017 -0.1151179 0.2056403
v -0.030448 -0.123751 0.209457
v -0.025462 -0.132597 0.217467
v -0.023723 -0.135876 0.2210859
v -0.022241 -0.137789 0.224141
v -0.066663 -0.102651 0.319643
v -0.064683 -0.10765 0.3251359
v -0.057968 -0.1188641 0.3316639
v -0.046825 -0.1283141 0.3357499
v -0.040075 -0.1321601 0.336763
v -0.033441 -0.1352651 0.337156
v -0.021542 -0.13851 0.329537
v -0.008437 -0.137821 0.3218479
v -0.005241 -0.147196 0.231157
v -0.012184 -0.15546 0.273631
v -0.011517 -0.156661 0.268562
v -0.028192 -0.1131971 0.3923159
v -0.026273 -0.132364 0.260608
v -0.021192 -0.133172 0.26514
v -0.019213 -0.135436 0.270611
v -0.006774 -0.1526001 0.285704
v -0.011734 -0.152093 0.278244
v -0.011221 -0.148092 0.28255
v -0.012687 -0.1382561 0.2915869
v -0.0148904 -0.1326759 0.2949812
v -0.0175065 -0.1281872 0.2974688
v -0.02521 -0.138533 0.233615
v -0.027349 -0.137007 0.237364
v -0.020488 -0.1415601 0.242358
v -0.01545 -0.144012 0.244516
v -0.005465 -0.147929 0.245545
v -0.072008 -0.0882561 0.326832
v -0.061719 -0.113495 0.3288609
v -0.059949 -0.117376 0.323786
v -0.0573474 -0.1194113 0.3199057
v -0.0288856 -0.1267998 0.2919606
v -0.0541047 -0.1156361 0.2998041
v -0.0517748 -0.1182959 0.3029282
v -0.073576 -0.085456 0.317199
v -0.075669 -0.0788761 0.3198059
v -0.015133 -0.146688 0.239153
v -0.010972 -0.145543 0.219551
v -0.011304 -0.143073 0.2169769
v -0.011374 -0.140201 0.214884
v -0.010977 -0.135749 0.209263
v -0.01593 -0.123128 0.1841459
v -0.0169129 -0.115513 0.182253
v -0.010296 -0.146619 0.245552
v -0.009217 -0.14626 0.231584
v -0.027167 -0.136532 0.244144
v -0.030584 -0.1333831 0.248489
v -0.034744 -0.13081 0.252848
v -0.05828 -0.117413 0.270905
v -0.065376 -0.110273 0.282914
v -0.062809 -0.1092231 0.293904
v -0.063348 -0.1055021 0.3013829
v -0.0580484 -0.1125334 0.2966477
v -0.019033 -0.140896 0.2221059
v -0.020071 -0.138569 0.219095
v -0.021187 -0.135123 0.215629
v -0.0323317 -0.1171681 0.1986677
v -0.035427 -0.1117642 0.1974523
v -0.0124559 -0.133895 0.1975441
v -0.009421 -0.135145 0.197988
v -0.005038 -0.136226 0.198283
v -0.010378 -0.123654 0.182806
v -0.005284 -0.123824 0.18234
v -0.027991 -0.1242961 0.378529
v -0.044462 -0.1136331 0.377573
v -0.052134 -0.1064481 0.376147
v -0.059022 -0.0987991 0.374015
v -0.070533 -0.0845121 0.3653781
v -0.080456 -0.061694 0.328455
v -0.006194 -0.135837 0.3148629
v -0.007811 -0.1393391 0.346857
v -0.00835 -0.1378081 0.354443
v -0.008813 -0.1360651 0.361846
v -0.0093 -0.1297061 0.377889
v -0.009827 -0.1183701 0.3940198
v -0.06718 -0.1002701 0.306391
v -0.063762 -0.1045001 0.305969
v -0.0602545 -0.1082273 0.305845
v -0.0571913 -0.1115366 0.3064976
v -0.0116053 -0.133588 0.2995012
v -0.079482 -0.0668711 0.3413849
v -0.0211261 -0.1262634 0.3001039
v -0.0335655 -0.1291313 0.3167524
v -0.0461446 -0.1255115 0.3160518
v -0.0547409 -0.115776 0.3093049
v -0.031522 -0.1271351 0.2852451
v -0.03709 -0.126484 0.2819469
v -0.042305 -0.125755 0.278768
v -0.047074 -0.1245741 0.275157
v -0.0381516 -0.1265941 0.2983404
v -0.026069 -0.1381352 0.332142
v -0.031125 -0.1330311 0.350556
v -0.033237 -0.1304091 0.357278
v -0.034916 -0.127675 0.364221
v -0.036462 -0.1196981 0.37819
v -0.035335 -0.1094941 0.391726
v -0.0337979 -0.1272805 0.2990325
v -0.0378166 -0.1257391 0.2961014
v -0.0238804 -0.1290531 0.315756
v -0.0304515 -0.1272052 0.2998001
v -0.0309705 -0.1268842 0.298315
v -0.0335741 -0.126654 0.2973018
v -0.059772 -0.113248 0.3371529
v -0.049512 -0.123092 0.3426789
v -0.042911 -0.1279141 0.343825
v -0.03598 -0.1321931 0.3441939
v -0.028899 -0.1359421 0.3436579
v -0.021624 -0.1386051 0.342311
v -0.007397 -0.140677 0.338526
v -0.0189532 -0.1313039 0.2901658
v -0.014274 -0.143494 0.278643
v -0.024537 -0.131072 0.228826
v -0.0202 -0.1374471 0.228879
v -0.017082 -0.1410351 0.228122
v -0.013479 -0.14406 0.227642
v -0.009278 -0.145909 0.227148
v -0.004669 -0.14674 0.226756
v -0.035181 -0.1225801 0.214717
v -0.013779 -0.133459 0.199858
v -0.009677 -0.135206 0.201915
v -0.005017 -0.136406 0.202975
v -0.017143 -0.130891 0.196234
v -0.0138 -0.132395 0.194086
v -0.009911 -0.133818 0.193167
v -0.00524 -0.134817 0.1928429
v -0.010344 -0.134885 0.205718
v -0.00517 -0.1363781 0.207033
v -0.01467 -0.140145 0.257352
v -0.078156 -0.076319 0.299046
v -0.076051 -0.084128 0.299015
v -0.072328 -0.091174 0.265953
v -0.045244 -0.1091988 0.2131791
v -0.072607 -0.080943 0.256652
v -0.075696 -0.055345 0.257583
v -0.052069 -0.109823 0.230105
v -0.059117 -0.099778 0.233268
v -0.070627 -0.077268 0.240432
v -0.073183 -0.052795 0.243195
v -0.0561887 -0.09846 0.2232733
v -0.0669942 -0.074901 0.2257087
v -0.0669009 -0.0517599 0.223957
v -0.046699 -0.0983749 0.2048147
v -0.0339702 -0.1005448 0.1902554
v -0.0268366 -0.1012689 0.1853258
v -0.0196667 -0.1018175 0.1819378
v -0.075945 -0.0861441 0.2825229
v -0.077221 -0.077059 0.279909
v -0.0406725 -0.0994293 0.1968651
v -0.0519623 -0.0978563 0.2137879
v -0.0607517 -0.0745415 0.2137656
v -0.0534981 -0.0756704 0.205045
v -0.0456294 -0.0774784 0.1978195
v -0.0376448 -0.079768 0.1915929
v -0.0301118 -0.0821642 0.1863416
v -0.0225242 -0.0842155 0.182251
v -0.080454 -0.057395 0.299902
v -0.080856 -0.0579811 0.313265
v -0.077202 -0.076927 0.308794
v -0.074999 -0.0842011 0.307629
v -0.078346 -0.057775 0.278866
v -0.028515 -0.133048 0.230073
v -0.024262 -0.1310731 0.228812
v -0.062164 -0.105289 0.251758
v -0.085072 -0.0312191 0.324999
v -0.038248 -0.1001111 0.3988699
v -0.012093 -0.1002591 0.411025
v -0.016526 -0.0705001 0.426208
v -0.042001 -0.0770901 0.411454
v -0.039559 -0.0440931 0.4241021
v -0.073198 0.0324289 0.355418
v -0.053321 -0.0525061 0.412378
v -0.050355 -0.0818711 0.4019141
v -0.021442 -0.0360041 0.4326771
v -0.029138 0.0721559 0.338018
v -0.057216 0.0499269 0.367578
v -0.032903 0.0625279 0.377248
v -0.033938 0.0373849 0.410805
v -0.060569 0.0251509 0.400104
v -0.077932 0.0085489 0.384108
v -0.069289 -0.028784 0.251197
v -0.084791 -0.0022931 0.330866
v -0.030761 -0.0732931 0.419985
v -0.065904 0.0421899 0.323265
v -0.050584 0.059168 0.330366
v -0.062939 -0.0611711 0.399447
v -0.031867 -0.0987641 0.4039499
v -0.014117 -0.0866561 0.419378
v -0.026686 -0.0870061 0.414828
v -0.044212 -0.0915051 0.4009289
v -0.085787 -0.0101221 0.365417
v -0.081941 0.0138329 0.342865
v -0.051083 0.034318 0.270749
v -0.074542 0.008124 0.287401
v -0.036672 -0.0882881 0.408562
v -0.061997 0.02007 0.270939
v -0.075718 0.024221 0.317358
v -0.082961 -0.0240441 0.378361
v -0.074761 -0.0073181 0.396449
v -0.057458 0.0079409 0.412128
v -0.031664 0.0194869 0.4227171
v -0.079997 0.0078739 0.311843
v -0.068096 0.0232089 0.287612
v -0.084157 -0.0117681 0.320409
v -0.08055 -0.003622 0.3067731
v -0.076645 -0.003053 0.286645
v -0.07363 -0.006551 0.274643
v -0.057277 0.039124 0.2885569
v -0.042746 0.053677 0.2911889
v -0.024039 0.064964 0.295587
v -0.0591594 -0.0544727 0.2109214
v -0.0520039 -0.0582294 0.2020041
v -0.0447797 -0.0620534 0.1946992
v -0.0371954 -0.0662381 0.188453
v -0.0295644 -0.0704235 0.1834445
v -0.0220956 -0.0739796 0.1796434
v -0.06855 -0.0692461 0.3865301
v -0.0224618 -0.0789565 0.1815551
v -0.0300827 -0.0762178 0.1855457
v -0.0377253 -0.0729726 0.1907379
v -0.0455629 -0.0698049 0.1969613
v -0.0532746 -0.0670949 0.2041188
v -0.0609018 -0.0648194 0.2127622
v -0.0681639 -0.0639698 0.2250782
v -0.072659 -0.065434 0.241246
v -0.074528 -0.0673811 0.255974
v -0.07787 -0.067231 0.278784
v -0.079762 -0.0673911 0.299262
v -0.07916 -0.0682851 0.310599
v -0.077889 -0.071054 0.323442
v -0.076744 -0.075027 0.334954
v -0.069003 -0.091129 0.358339
v -0.058289 -0.1044831 0.366964
v -0.051539 -0.1114131 0.369266
v -0.04405 -0.1182381 0.370528
v -0.036024 -0.1241151 0.371246
v -0.027556 -0.1286531 0.371208
v -0.009134 -0.1336781 0.3697039
v -0.0430171 -0.1247921 0.2983857
v -0.01826 -0.149043 0.2652549
v -0.01498 -0.147286 0.275247
v -0.004587 -0.1468441 0.2578049
v -0.015659 -0.1506431 0.2716569
v -0.025057 -0.1362761 0.326564
v -0.030135 -0.136694 0.3311989
v -0.08345 -0.04921 0.3351789
v -0.082477 -0.0559331 0.349846
v -0.070811 -0.0769941 0.374631
v -0.058655 -0.092777 0.382107
v -0.051614 -0.1011931 0.383653
v -0.043924 -0.108617 0.384749
v -0.036242 -0.1146071 0.385139
v -0.028121 -0.1190141 0.385659
v -0.009461 -0.1246001 0.385895
v -0.007454 -0.140417 0.330214
v -0.020785 -0.1395331 0.335033
v -0.027208 -0.1378011 0.3367029
v -0.048184 -0.1245571 0.266816
v -0.04409 -0.126859 0.262172
v -0.051509 -0.122584 0.271208
v -0.054977 -0.1197361 0.266774
v -0.055584 -0.104857 0.231566
v -0.0526265 -0.1041055 0.2224007
v -0.0485431 -0.1038315 0.2134934
v -0.0434299 -0.1046206 0.2048099
v -0.0381001 -0.1058463 0.1968387
v -0.0320183 -0.1070678 0.1901034
v -0.0252191 -0.1078483 0.18507
v -0.0182581 -0.1082586 0.1819139
v -0.051294 -0.122081 0.262443
v -0.046942 -0.124682 0.257779
v -0.037756 -0.129445 0.24902
v -0.058623 -0.109139 0.248611
v -0.054714 -0.113282 0.245577
v -0.050225 -0.1177791 0.242684
v -0.041462 -0.125487 0.237018
v -0.061132 -0.101929 0.243029
v -0.057565 -0.106509 0.240417
v -0.037731 -0.127982 0.23085
v -0.041325 -0.124638 0.23217
v -0.049633 -0.116029 0.23625
v -0.053836 -0.111117 0.2382809
v -0.034358 -0.130276 0.230037
v -0.036824 -0.127068 0.22644
v -0.033437 -0.129405 0.226942
v -0.030503 -0.1307 0.227598
v -0.034874 -0.126282 0.221728
v -0.031618 -0.129295 0.223581
v -0.029038 -0.13131 0.225473
v -0.028966 -0.130528 0.22024
v -0.02679 -0.133273 0.22328
v -0.024981 -0.134592 0.22579
v -0.0227 -0.133728 0.229185
v -0.015099 -0.149557 0.263159
v -0.005866 -0.1471941 0.262715
v -0.018666 -0.0533631 0.430661
v -0.03473 -0.0590781 0.42304
v -0.047373 -0.0653901 0.4128061
v -0.056348 -0.0717831 0.4015781
v -0.062262 -0.078141 0.390001
v -0.064997 -0.0846491 0.379188
v -0.065179 -0.0914571 0.370401
v -0.064102 -0.0976211 0.363302
v -0.062564 -0.1033011 0.356895
v -0.060555 -0.1085141 0.350968
v -0.057971 -0.1133031 0.345856
v -0.055291 -0.1181411 0.340417
v -0.053007 -0.123852 0.334001
v -0.050147 -0.127296 0.327707
v -0.046326 -0.128355 0.3229032
v -0.0430259 -0.1290791 0.31936
v -0.040456 -0.1283441 0.3171356
v -0.0458383 -0.126279 0.3151102
v -0.0401144 -0.1291582 0.3162417
v -0.0334522 -0.1295876 0.3158349
v -0.0279671 -0.1281153 0.314301
v -0.0539089 -0.116102 0.3086245
v -0.0549705 -0.1142785 0.3075876
v -0.0558985 -0.1141728 0.309105
v -0.0531666 -0.1187536 0.3123694
v -0.0525834 -0.1194663 0.3111544
v -0.0503332 -0.1219611 0.3144552
v -0.0499163 -0.1226513 0.3133705
v -0.022934 -0.0991051 0.408144
v -0.019586 -0.1160691 0.39343
v -0.018955 -0.1223271 0.386067
v -0.018659 -0.1276151 0.3784409
v -0.018367 -0.1317021 0.3708049
v -0.017701 -0.1345321 0.363162
v -0.016574 -0.1365151 0.355664
v -0.015338 -0.1383881 0.34835
v -0.014407 -0.140121 0.340474
v -0.014161 -0.140191 0.332598
v -0.015484 -0.1383151 0.3261709
v -0.019138 -0.135141 0.3226099
v -0.0248022 -0.1320046 0.3209704
v -0.0196637 -0.1272677 0.3121924
v -0.0133485 -0.1277336 0.3086578
v -0.034156 -0.1055591 0.396451
v -0.028882 -0.1068831 0.398372
v -0.020688 -0.1087981 0.400606
v -0.010668 -0.1107721 0.402328
v -0.013305 -0.1439243 0.2618679
v -0.0076 -0.1439001 0.266137
v -0.009824 -0.147466 0.268832
v -0.0065111 -0.1467727 0.2684501
v -0.003456 -0.151541 0.264941
v -0.004075 -0.1514421 0.262414
v -0.003378 -0.151646 0.259733
v -0.006052 -0.1390551 0.213264
v -0.011289 -0.137692 0.212354
v -0.016818 -0.134965 0.211478
v -0.022451 -0.131225 0.211128
v -0.027627 -0.128417 0.213329
v -0.039433 -0.129014 0.257348
v -0.045602 -0.1218181 0.239667
v -0.04527 -0.120571 0.23406
v -0.044397 -0.119711 0.22773
v -0.042415 -0.118838 0.220434
v -0.038647 -0.1184901 0.21339
v -0.0338635 -0.1194236 0.2068381
v -0.0288665 -0.1219227 0.2007958
v -0.024257 -0.124802 0.195592
v -0.01972 -0.127336 0.191633
v -0.015069 -0.129094 0.188944
v -0.010383 -0.130207 0.187287
v -0.005426 -0.130794 0.18657
v -0.00696 -0.147811 0.2911569
v -0.011332 -0.14347 0.2870889
v -0.014999 -0.139506 0.282492
v -0.018145 -0.135759 0.277853
v -0.021784 -0.1328501 0.273423
v -0.026438 -0.131753 0.268967
v -0.031392 -0.131245 0.2650929
v -0.035768 -0.1303921 0.261302
v -0.0243057 -0.1266356 0.3120865
v -0.0246367 -0.1269361 0.3134334
v -0.070131 -0.013383 0.263412
v -0.070053 0.005419 0.271948
v -0.037891 0.046998 0.272026
v -0.021304 0.056651 0.2748
v -0.0333353 -0.1297483 0.3143408
v -0.030254 -0.1272461 0.3018005
v -0.0429554 -0.1256541 0.3014402
v -0.0333684 -0.1286761 0.3131956
v -0.0329909 -0.1270235 0.3133468
v -0.0303692 -0.1264931 0.3034061
v -0.0304806 -0.1252479 0.3039379
v -0.0428006 -0.1251971 0.3033872
v -0.0426551 -0.1238611 0.3039455
v -0.004098 -0.1493301 0.266802
v -0.0090447 -0.1420318 0.2634678
v -0.011884 -0.143107 0.266724
v -0.006819 -0.1512961 0.2679319
v -0.028138 -0.117865 0.238676
v -0.027706 -0.122517 0.245506
v -0.017584 -0.1336931 0.24607
v -0.028084 -0.114449 0.232105
v -0.011491 -0.126033 0.208105
v -0.023252 -0.1183171 0.215583
v -0.006702 -0.1385141 0.246646
v -0.012643 -0.1361 0.2463711
v -0.026117 -0.1159281 0.224242
v -0.032213 -0.108743 0.247052
v -0.03198 -0.104836 0.235446
v -0.036795 -0.089324 0.23929
v -0.036956 -0.09351 0.2539909
v -0.0363231 -0.0872632 0.224591
v -0.0311036 -0.1041081 0.2230429
v -0.0182379 -0.121735 0.209765
v -0.016797 -0.126326 0.216866
v -0.00457 -0.132282 0.214033
v -0.019488 -0.12414 0.21912
v -0.014248 -0.128197 0.216143
v -0.011084 -0.130262 0.216027
v -0.004118 -0.1394131 0.239824
v -0.007209 -0.1385271 0.239669
v -0.010466 -0.136944 0.239715
v -0.013094 -0.135308 0.239801
v -0.015998 -0.133375 0.239682
v -0.018095 -0.1318841 0.239736
v -0.024478 -0.124966 0.238097
v -0.024997 -0.121629 0.232124
v -0.024777 -0.121175 0.230028
v -0.024204 -0.120947 0.228232
v -0.021622 -0.1225021 0.221691
v -0.025277 -0.122571 0.235055
v -0.02352 -0.121055 0.225372
v -0.026325 -0.119525 0.233426
v -0.02592 -0.1187181 0.230686
v -0.025156 -0.11877 0.2280138
v -0.0103942 -0.1111576 0.2037632
v -0.0219075 -0.1066848 0.2055584
v -0.0292218 -0.1048202 0.2124119
v -0.0339393 -0.0871831 0.21331
v -0.0370434 -0.0684503 0.2157506
v -0.0397001 -0.0680305 0.2262995
v -0.040893 -0.069379 0.241321
v -0.040598 -0.073032 0.257204
v -0.034432 -0.0768491 0.266851
v -0.032946 -0.0987781 0.263771
v -0.013864 -0.1371172 0.2529196
v -0.017323 -0.135211 0.2544339
v -0.02971 -0.117208 0.2569221
v -0.008318 -0.131677 0.215502
v -0.019746 -0.07781 0.267835
v -0.01738 -0.1185701 0.262787
v -0.0304837 -0.0449547 0.2127283
v -0.0199839 -0.037171 0.2105922
v -0.019251 -0.051572 0.262816
v -0.0319169 -0.0580848 0.264636
v -0.0346822 -0.0461889 0.217724
v -0.035647 -0.0450928 0.2268864
v -0.036314 -0.046111 0.241006
v -0.034811 -0.050339 0.256064
v -0.011449 -0.133755 0.2586469
v -0.0289363 -0.0671181 0.2093215
v -0.0157709 -0.0634258 0.2069768
v -0.0250771 -0.087628 0.2066807
v -0.0124401 -0.0870716 0.2053298
v -0.006348 -0.126102 0.205447
v -0.01935 -0.1008361 0.265839
v -0.005614 -0.149579 0.2349
v -0.010103 -0.148262 0.235173
v -0.013988 -0.146413 0.2346449
v -0.017574 -0.144066 0.2335339
v -0.02076 -0.141113 0.232109
v -0.023053 -0.138273 0.230869
v -0.026184 -0.132524 0.229249
v -0.026565 -0.1312771 0.2291049
v -0.02645 -0.130997 0.228758
v -0.025606 -0.132225 0.22831
v -0.023642 -0.134676 0.227719
v -0.021017 -0.138175 0.226633
v -0.017957 -0.141627 0.224984
v -0.014364 -0.144497 0.223794
v -0.010204 -0.14658 0.223054
v -0.005329 -0.147678 0.2225569
v -0.042292 -0.127152 0.2532229
v -0.0492669 -0.1092724 0.2215454
v -0.0249437 -0.126179 0.3001028
v -0.024159 -0.1257962 0.3025001
v -0.0238529 -0.1249126 0.3037897
v -0.0217683 -0.1258239 0.3102235
v -0.0221001 -0.1252529 0.308537
v -0.0223297 -0.1242687 0.307679
v -0.068669 -0.09039 0.250265
v -0.062941 -0.093863 0.23547
v -0.0277233 -0.1267058 0.3000922
v -0.0560592 -0.1154359 0.3111449
v -0.055006 -0.1183153 0.3133029
v -0.0521533 -0.1219618 0.3151706
v -0.0475601 -0.1257549 0.3166167
v -0.0412892 -0.1287631 0.3175169
v -0.0333889 -0.1295324 0.3172094
v -0.0267333 -0.1282879 0.3153716
v -0.0228604 -0.1267556 0.3126946
v -0.008885 -0.1377041 0.254519
v -0.023267 -0.1236495 0.3042309
v -0.0222832 -0.1233036 0.3052532
v -0.0220545 -0.1232453 0.307198
v -0.066995 -0.086655 0.238116
v -0.0554841 -0.0911297 0.2141919
v -0.0586634 -0.0833023 0.2142018
v -0.0217583 -0.0685579 0.175161
v -0.0289302 -0.0641232 0.1787114
v -0.036326 -0.0590108 0.183446
v -0.0436349 -0.0540372 0.1894931
v -0.0504442 -0.0493553 0.1966907
v -0.0568407 -0.044137 0.2057296
v -0.0640459 -0.0379161 0.2208939
v -0.0665009 -0.0192744 0.2325589
v -0.0635837 0.0020832 0.2512729
v -0.0539776 0.017749 0.251178
v -0.043998 0.02982 0.251431
v -0.032475 0.039942 0.252538
v -0.018348 0.047384 0.254743
v -0.046451 -0.064597 0.047335
v -0.0638585 -0.0584983 0.0517635
v -0.0795807 -0.0516904 0.0580323
v -0.093504 -0.0439899 0.0666424
v -0.1064848 -0.0345165 0.0765655
v -0.118331 -0.0217229 0.0861241
v -0.1290366 -0.0062444 0.0918455
v -0.133514 0.021587 0.112456
v -0.124733 0.059487 0.120563
v -0.111887 0.079537 0.116097
v -0.091535 0.094803 0.109359
v -0.06118 0.101161 0.103949
v -0.030427 0.09954 0.101353
v -0.074162 0.078628 0.130608
v -0.091108 0.066827 0.133449
v -0.102636 0.051332 0.134562
v -0.1047125 -0.0009994 0.1024276
v -0.0984361 -0.0134918 0.0950644
v -0.068071 -0.046818 0.077508
v -0.054624 -0.052606 0.071481
v -0.040374 -0.057078 0.067139
v -0.1109126 0.0205941 0.1231377
v -0.05144 0.084701 0.128748
v -0.080034 -0.038883 0.084686
v -0.026116 0.084982 0.129147
v -0.042393 0.068649 0.148124
v -0.073446 0.054127 0.148334
v -0.083314 0.042098 0.146766
v -0.09053 0.018221 0.134404
v -0.085514 0.0002436 0.115882
v -0.0800606 -0.0088807 0.1076948
v -0.0652656 -0.0279192 0.0961192
v -0.0558238 -0.0364292 0.091838
v -0.0453704 -0.0434598 0.0876818
v -0.0343551 -0.0484551 0.0840555
v -0.059732 0.063426 0.148134
v -0.022196 0.070716 0.149945
v -0.0731339 -0.01825 0.1010465
v -0.0901067 -0.0272975 0.0907026
v -0.0674438 0.0323622 0.1602473
v -0.0308236 0.0465041 0.1870369
v -0.0289602 -0.0560298 0.1674809
v -0.0370121 -0.0342655 0.1035394
v -0.0422518 -0.0351811 0.1296496
v -0.0743481 0.0132001 0.1484435
v -0.0645016 0.0056427 0.1671284
v -0.0566503 0.0228258 0.178013
v -0.050161 0.0317334 0.181827
v -0.0417181 0.0399784 0.1846507
v -0.0169976 0.050552 0.1893611
v -0.05943 0.0419931 0.1633324
v -0.0486989 0.0499938 0.1651312
v -0.018931 0.058638 0.168981
v -0.0626352 -0.0185861 0.1187568
v -0.0568421 -0.0246361 0.1401688
v -0.0502294 -0.0404624 0.1837455
v -0.0528249 -0.0322928 0.1629831
v -0.0527995 0.0148378 0.2000832
v -0.0464289 0.0243026 0.2036879
v -0.0389185 0.0336177 0.2064705
v -0.0165027 0.0464357 0.2110365
v -0.0286204 -0.0391003 0.1003273
v -0.025643 -0.0427959 0.1222825
v -0.0233839 -0.051054 0.1446784
v -0.0219434 -0.0608291 0.1642271
v -0.0310014 -0.0471291 0.1478768
v -0.058137 -0.0261147 0.1696051
v -0.0616463 -0.0025499 0.1893203
v -0.061769 -0.0189271 0.1764373
v -0.0463646 -0.0294227 0.1079494
v -0.0388394 -0.0426829 0.1519358
v -0.0362526 -0.0507053 0.1717862
v -0.035173 0.055515 0.16678
v -0.0292372 0.0413785 0.2087948
v -0.0718082 -0.0032127 0.1326139
v -0.065001 -0.0105233 0.1533256
v -0.0608907 -0.0277369 0.1990442
v -0.0630662 -0.0105352 0.2114892
v -0.01664 0.044318 0.233132
v -0.0293613 0.0381828 0.2309651
v -0.0392083 0.0294423 0.2292084
v -0.0474843 0.019046 0.2274601
v -0.0549619 0.0084418 0.2242321
v -0.0338894 -0.0395026 0.1255107
v -0.0681984 -0.0112718 0.1252099
v -0.0619476 -0.0180093 0.1464621
v -0.0561052 -0.0347373 0.1911335
v -0.0553622 -0.0248676 0.1131606
v -0.0501906 -0.0303986 0.1345616
v -0.0462774 -0.03773 0.1570156
v -0.0435266 -0.0455346 0.177267
v 8.79e-05 -0.06061 0.0274425
v -0.0479547 -0.0627931 0.0266172
v -0.0711635 -0.0507601 0.0347411
v -0.0907994 -0.0468898 0.0394107
v -0.1016041 -0.0397368 0.0466022
v -0.1107369 -0.0314427 0.0545007
v -0.1190827 -0.0230613 0.0618144
v -0.1253529 -0.0171197 0.0668402
v -0.1427888 0.00737 0.087602
v -0.1306452 -0.0043329 0.0755352
v -0.1471003 0.0238342 0.0988784
v -0.1393499 0.0561191 0.0981239
v -0.1192379 0.0717298 0.0876294
v -0.0982055 0.0966018 0.0786659
v -0.0705716 0.1005633 0.0698302
v -0.0399273 0.0986394 0.0635165
v -0.0106786 -0.1157699 0.1808229
v -0.0053159 -0.1157292 0.1804076
v -0.0127623 -0.1020113 0.1799591
v -0.006302 -0.1019578 0.1790997
v -0.0072353 -0.0864822 0.1782828
v -0.0147986 -0.0856956 0.1795957
v -0.0072711 -0.0780914 0.1756268
v -0.0146432 -0.0765279 0.1770842
v -0.0147954 -0.0809283 0.1788903
v -0.0072566 -0.0820998 0.1774978
v -0.0116407 -0.1083655 0.1802807
v -0.0057488 -0.1081327 0.1796186
v -0.0073344 -0.0737112 0.1712501
v -0.0145757 -0.0717541 0.1727354
v -0.013677 -0.069676 0.043398
v -0.028619 -0.068733 0.044634
v -0.026181 -0.059137 0.064036
v -0.012933 -0.059232 0.062104
v -0.0118437 -0.0487702 0.0776861
v -0.023071 -0.0495779 0.0805381
v -0.0201176 -0.0409285 0.0974259
v -0.0108235 -0.0395564 0.0946482
v -0.014898 -0.0644884 0.1618597
v -0.0075944 -0.0667854 0.1603044
v -0.0159742 -0.0542381 0.142099
v -0.00823 -0.0562623 0.1402642
v -0.0091342 -0.0449448 0.1177628
v -0.0175259 -0.0443506 0.1197733
v -0.0186402 -0.066596 0.0241629
v -0.0326573 -0.0658685 0.0250597
v -0.020497 -0.1320041 0.229633
v -0.021483 -0.130409 0.229567
v -0.032426 -0.1333261 0.238424
v -0.033843 -0.13211 0.2356649
v -0.026807 -0.136257 0.232238
v -0.027877 -0.13447 0.231128
v -0.029332 -0.135218 0.235268
v -0.030635 -0.1337741 0.233264
v -0.024535 -0.135935 0.230032
v -0.025507 -0.134123 0.229548
v -0.057287 -0.116329 0.261697
v -0.058498 -0.1125701 0.255691
v -0.07349 -0.090986 0.299449
v -0.070484 -0.096669 0.30008
v -0.024704 -0.1274791 0.247675
v -0.021333 -0.131126 0.247677
v -0.072557 -0.090404 0.307153
v -0.070061 -0.0956301 0.306776
v -0.020332 -0.130031 0.240114
v -0.022564 -0.1277061 0.239735
v -0.022485 -0.134433 0.229043
v -0.023418 -0.132689 0.228874
v -0.035778 -0.1308351 0.241659
v -0.037172 -0.1297271 0.238403
v -0.070054 -0.0935321 0.324077
v -0.068328 -0.0982461 0.321909
v -0.024278 -0.1270271 0.256565
v -0.020632 -0.131898 0.255735
v -0.061997 -0.109353 0.2592659
v -0.060781 -0.1135861 0.265601
v -0.019436 -0.129956 0.233517
v -0.020772 -0.1283311 0.233348
v -0.013369 -0.129768 0.260247
v -0.015217 -0.125696 0.261319
v -0.071526 -0.09092 0.315414
v -0.069507 -0.095681 0.314132
v -0.053428 -0.1191441 0.257526
v -0.054629 -0.115967 0.252
v -0.071097 -0.098973 0.2726499
v -0.06874 -0.1050631 0.2780669
v -0.045259 -0.12345 0.244607
v -0.044286 -0.1251701 0.248982
v -0.039677 -0.127966 0.245119
v -0.040879 -0.1267 0.2412889
v -0.049028 -0.122217 0.253169
v -0.050114 -0.119885 0.248301
v -0.060401 -0.0387551 0.409958
v -0.067835 -0.0235151 0.405035
v -0.080305 -0.0507361 0.373205
v -0.07466 -0.0601041 0.381243
v -0.024672 -0.0184521 0.4326791
v -0.028313 4.39e-05 0.429863
v -0.067949 -0.0977021 0.341391
v -0.070333 -0.092442 0.334683
v -0.079895 -0.062557 0.360687
v -0.075874 -0.0696521 0.368621
v -0.075215 -0.0799681 0.34468
v -0.072752 -0.0851271 0.3522131
v -0.0704 -0.0917611 0.346439
v -0.072654 -0.0865621 0.339107
v -0.07777 -0.072248 0.351506
v -0.074783 -0.077925 0.35912
v -0.045288 -0.0281501 0.423077
v -0.051715 -0.0105001 0.419671
v -0.07665 -0.0372981 0.388703
v -0.069712 -0.0496621 0.39529
v -0.066199 -0.102994 0.328368
v -0.063268 -0.1083281 0.333288
v -0.068158 -0.097895 0.331192
v -0.065541 -0.1030521 0.33713
v -0.0543655 -0.1166618 0.3105477
v -0.0494694 -0.116572 0.3097177
v -0.052305 -0.1174848 0.3090029
v -0.0509597 -0.117403 0.3089638
v -0.0535708 -0.1174445 0.3095821
v -0.0326938 -0.1262164 0.2959576
v -0.0311016 -0.1263906 0.2942453
v -0.0371204 -0.1254299 0.2940678
v -0.0358313 -0.1259376 0.2916455
v -0.0522361 -0.08379 0.2053048
v -0.0497947 -0.0914174 0.2051576
v -0.042607 -0.123937 0.2924038
v -0.0412656 -0.124773 0.2892742
v -0.059478 -0.116557 0.2832149
v -0.057473 -0.1187401 0.279343
v -0.0295048 -0.0884578 0.1862985
v -0.0283452 -0.0948755 0.1858181
v -0.063694 -0.112836 0.27884
v -0.061277 -0.1151231 0.274714
v -0.054228 -0.1191731 0.2870619
v -0.05254 -0.121346 0.283239
v -0.0448155 -0.0850847 0.1977706
v -0.0430709 -0.0924892 0.1972811
v -0.0294893 -0.1265786 0.2978521
v -0.0273478 -0.1263685 0.2970471
v -0.0369481 -0.0867573 0.1914732
v -0.0357023 -0.0937689 0.1908236
v -0.0220398 -0.0898923 0.1823275
v -0.0210303 -0.0957538 0.1821247
v -0.0484038 -0.121585 0.2904028
v -0.0469343 -0.123049 0.2866726
v -0.0639124 -0.0842766 0.2254043
v -0.0600122 -0.0920385 0.2244149
v -0.069219 -0.096468 0.259913
v -0.065669 -0.101246 0.255391
v -0.0070956 -0.0913182 0.1786107
v -0.0067684 -0.0964653 0.1788134
v -0.0138001 -0.0962457 0.1798776
v -0.0144923 -0.0908257 0.1798404
v -0.066701 -0.1079561 0.2735539
v -0.063918 -0.110805 0.269407
v -0.068502 -0.102558 0.2673929
v -0.065414 -0.106042 0.263081
v -0.0629667 -0.0108695 0.1830061
v -0.0615648 0.0140579 0.1731421
v -0.070726 -0.03412 0.248888
v -0.0656579 -0.0025011 0.1603628
v -0.077711 -0.048498 0.270677
v -0.07955 -0.0495021 0.290033
v -0.081423 -0.037698 0.277127
v -0.083715 -0.0339 0.272488
v -0.084786 -0.033196 0.267988
v -0.083852 -0.027527 0.256821
v -0.068664 -0.022171 0.25614
v -0.061855 0.041901 0.306234
v -0.0633074 -0.0192317 0.2053964
v -0.085353 -0.0195601 0.32463
v -0.087025 -0.031139 0.255984
v -0.081571 -0.028557 0.299924
v -0.082518 -0.036692 0.290451
v -0.081681 -0.035078 0.29806
v -0.087208 -0.030161 0.274681
v -0.088912 -0.010499 0.302878
v -0.093124 -0.0054511 0.30532
v -0.083516 -0.024894 0.261143
v -0.086953 -0.02357 0.2589539
v -0.09092 -0.025803 0.259909
v -0.088232 -0.0287951 0.270106
v -0.086139 -0.012689 0.274005
v -0.084484 -0.019405 0.266975
v -0.090981 -0.010638 0.271847
v -0.095504 -0.012739 0.272309
v -0.08892 -0.017548 0.264037
v -0.093148 -0.019307 0.264681
v -0.082305 -0.032685 0.297298
v -0.083134 -0.0344511 0.290168
v -0.084395 -0.035279 0.283938
v -0.083899 -0.037519 0.283512
v -0.0889732 0.0089544 0.124944
v -0.08554 -0.033802 0.305206
v -0.086889 -0.0297301 0.306302
v -0.086895 -0.031873 0.304688
v -0.083774 -0.023687 0.308552
v -0.098331 -0.0050761 0.305715
v -0.088879 -0.0131491 0.3103181
v -0.090156 -0.0250561 0.317138
v -0.092923 -0.017774 0.277977
v -0.093584 -0.009628 0.301122
v -0.089715 -0.02257 0.272967
v -0.078781 -0.002174 0.297487
v -0.089138 -0.00903 0.29378
v -0.093087 -0.003406 0.294675
v -0.098774 -0.003787 0.295245
v -0.094522 -0.010546 0.293386
v -0.080777 -0.016317 0.282631
v -0.080809 -0.0276971 0.293079
v -0.088908 0.029415 0.142163
v -0.086881 -0.032784 0.261676
v -0.090028 -0.027374 0.264849
v -0.091842 -0.021132 0.268805
v -0.094143 -0.015309 0.275347
v -0.097171 -0.007687 0.294173
v -0.096894 -0.0084 0.303104
v -0.08955 -0.0313601 0.312206
v -0.046693 0.057778 0.310778
v -0.091469 -0.029857 0.311154
v -0.094305 -0.009988 0.313336
v -0.094272 -0.0247691 0.3166
v -0.084814 -0.0288361 0.309125
v -0.091194 -0.027839 0.310839
v -0.09587 -0.023641 0.313636
v -0.100215 -0.0108391 0.311724
v -0.08916 -0.0260721 0.312037
v -0.098094 -0.0124881 0.308643
v -0.093305 -0.0218311 0.312957
v -0.09359 -0.011089 0.308166
v -0.0906989 -0.0200341 0.3125869
v -0.088063 -0.022191 0.310889
v -0.091687 -0.015631 0.304308
v -0.094696 -0.013763 0.285423
v -0.095475 -0.010411 0.284465
v -0.097254 -0.007154 0.283417
v -0.092507 -0.0055 0.282912
v -0.088124 -0.009359 0.283724
v -0.093314 -0.014481 0.298818
v -0.082488 -0.0067221 0.314417
v -0.082979 -0.013306 0.309496
v -0.084851 -0.02282 0.317129
v -0.084409 -0.0307321 0.315758
v -0.082885 -0.0380221 0.30981
v -0.080392 -0.041395 0.300339
v -0.07983 -0.0432 0.290329
v -0.079677 -0.044008 0.281499
v -0.078615 -0.043111 0.272918
v -0.077834 -0.041097 0.265166
v -0.07744 -0.039779 0.259084
v -0.075342 -0.0370361 0.2570449
v -0.073567 -0.034475 0.25923
v -0.072168 -0.0309541 0.265246
v -0.07272 -0.0214751 0.270183
v -0.076154 -0.01324 0.27684
v -0.078595 -0.00951 0.286019
v -0.080215 -0.0094311 0.295317
v -0.081453 -0.0110811 0.3031101
v -0.0809351 -0.0277411 0.2976471
v -0.081687 -0.028866 0.294515
v -0.089144 -0.023722 0.276431
v -0.091432 -0.018218 0.2792629
v -0.094255 -0.014294 0.292515
v -0.093497 -0.015354 0.28562
v -0.08744 -0.01373 0.285456
v -0.08918 -0.016791 0.279667
v -0.09094 -0.014866 0.285341
v -0.083909 -0.035381 0.306744
v -0.08631 -0.021967 0.277365
v -0.083817 -0.02785 0.275356
v -0.081592 -0.031977 0.273788
v -0.080835 -0.0361591 0.277813
v -0.085077 -0.0212291 0.298445
v -0.088403 -0.0191211 0.301215
v -0.08626 -0.017806 0.294723
v -0.09037 -0.0175001 0.296487
v -0.087405 -0.014849 0.290546
v -0.091598 -0.015705 0.2912779
v -0.081743 -0.032658 0.287638
v -0.081951 -0.033305 0.283806
v -0.080514 -0.031322 0.290873
v -0.081547 -0.034253 0.280766
v -0.083303 -0.0337741 0.284458
v -0.082871 -0.032882 0.289122
v -0.080942 -0.031754 0.293543
v -0.084453 -0.0299981 0.3007471
v -0.081776 -0.030085 0.304285
v -0.080529 -0.026241 0.305044
v -0.083528 -0.019027 0.276413
v -0.085465 -0.0153661 0.308325
v -0.078208 -0.018954 0.2835491
v -0.075237 -0.021703 0.282387
v -0.078396 -0.018573 0.290636
v -0.078976 -0.02149 0.288138
v -0.076625 -0.023377 0.286332
v -0.079446 -0.026438 0.2968119
v -0.079191 -0.030558 0.290864
v -0.0795872 -0.0319171 0.2882352
v -0.07765 -0.029218 0.290252
v -0.078675 -0.0340711 0.2858349
v -0.075553 -0.031987 0.28843
v -0.077996 -0.035156 0.281982
v -0.074137 -0.025092 0.2841559
v -0.080886 -0.023973 0.274094
v -0.077383 -0.036417 0.278504
v -0.077113 -0.032259 0.273227
v -0.079917 -0.017189 0.287959
v -0.078651 -0.019908 0.286109
v -0.076654 -0.0214401 0.2850902
v -0.082127 -0.015833 0.294333
v -0.083349 -0.013745 0.290089
v -0.080379 -0.020257 0.297277
v -0.079092 -0.027352 0.300915
v -0.083658 -0.013488 0.285876
v -0.077762 -0.021464 0.27539
v -0.080513 -0.017603 0.277889
v -0.075686 -0.020962 0.278705
v -0.078585 -0.018031 0.280677
v -0.077344 -0.024865 0.295278
v -0.078105 -0.031653 0.2892649
v -0.0751 -0.036073 0.2862269
v -0.072965 -0.027282 0.2814831
v -0.074036 -0.0245331 0.280376
v -0.074549 -0.025077 0.277625
v -0.073358 -0.029438 0.278012
v -0.075959 -0.026083 0.274254
v -0.074678 -0.030715 0.274599
v -0.078622 -0.028287 0.27258
v -0.084956 -0.013926 0.301735
v -0.084906 -0.011845 0.29379
v -0.08325 -0.010159 0.284577
v -0.081027 -0.013612 0.275745
v -0.079306 -0.021902 0.269805
v -0.079422 -0.029331 0.264328
v -0.078865 -0.031684 0.257498
v -0.080901 -0.035404 0.255102
v -0.082687 -0.037789 0.260064
v -0.080579 -0.037197 0.267847
v -0.080751 -0.036349 0.272724
v -0.079806 -0.034839 0.273802
v -0.076522 -0.035593 0.275048
v -0.080931 -0.0374881 0.298975
v -0.070996 -0.031079 0.283477
v -0.073607 -0.034913 0.275464
v -0.07126 -0.034028 0.2788
v -0.079657 -0.0245001 0.299441
v -0.077246 -0.0217401 0.293099
v -0.079298 -0.02369 0.290013
v -0.074908 -0.037238 0.281517
v -0.0749032 -0.0369071 0.278141
v -0.087106 -0.0243611 0.315946
v -0.026564 0.0703649 0.316929
v -0.084291 -0.0169121 0.314328
v -0.089581 -0.0181211 0.315657
v -0.09583 -0.0171121 0.3173261
v -0.099146 -0.01744 0.314046
v -0.0967 -0.016958 0.311768
v -0.092242 -0.015877 0.311307
v -0.089602 -0.018561 0.308059
v -0.085779 -0.020581 0.305328
v -0.082569 -0.023018 0.302481
v -0.077007 -0.026219 0.2879601
v -0.072911 -0.028306 0.286577
v -0.080361 -0.016329 0.285104
v -0.079891 -0.026112 0.29172
v -0.086218 -0.015174 0.280169
v -0.082944 -0.015236 0.281579
v -0.080639 -0.039801 0.275015
v -0.081287 -0.039384 0.290418
v -0.08645 -0.0187341 0.3131221
v -0.081778 -0.0401961 0.282643
v -0.086869 -0.0313981 0.313277
v -0.082738 -0.0294641 0.296973
v -0.07462 -0.087927 0.274214
v -0.07526 -0.0784421 0.269862
v -0.0478391 -0.121251 0.3054596
v -0.066447 -0.107641 0.287093
v -0.0569665 -0.1145962 0.2937831
v -0.062168 -0.111588 0.290332
v -0.0522837 -0.117648 0.2976591
v -0.0469755 -0.1191771 0.3058721
v -0.1315163 0.0084167 0.1020051
v -0.076111 -0.067439 0.268114
v -0.0499802 -0.1202115 0.3012602
v -0.0488669 -0.1216125 0.3039277
v -0.077084 -0.056927 0.26871
v -0.070085 -0.102319 0.283189
v -0.072813 -0.095965 0.278975
v -0.0738677 0.0049398 0.1405506
v -0.0552645 -0.1138826 0.3019484
v -0.0490315 -0.116483 0.3078083
v -0.063047 -0.1072101 0.297498
v -0.067047 -0.103171 0.2958549
v -0.078248 -0.076392 0.289647
v -0.0517336 -0.1180836 0.3065467
v -0.079612 -0.057829 0.288984
v -0.0503818 -0.1180334 0.3073465
v -0.076461 -0.08475 0.290801
v -0.053006 -0.1165862 0.3045928
v -0.0588665 -0.1107187 0.2995141
v -0.079358 -0.067236 0.288926
v -0.073891 -0.092113 0.2924179
v -0.070738 -0.0981091 0.294185
v -0.086608 -0.0122401 0.338082
v -0.084749 0.0035109 0.354192
v -0.034011 0.0521849 0.394906
v -0.059878 0.0396169 0.384638
v -0.076662 0.0222199 0.3702091
v -0.08248 0.0041089 0.3221639
v -0.072434 0.025015 0.302845
v -0.069368 0.0389119 0.339728
v -0.078848 0.0206049 0.330695
v -0.031203 0.0689999 0.358283
v -0.054017 0.0563819 0.349432
v -0.0659423 -0.0274207 0.2272336
v -0.1463437 0.0140153 0.093412
v -0.0723685 0.0224462 0.1551731
v -0.1087282 0.0094095 0.1122878
v -0.109307 0.03496 0.131312
v -0.0581031 0.0059368 0.1951717
v -0.0602251 -0.0014388 0.2180389
v -0.0656869 -0.0100153 0.2396761
v -0.132014 0.038741 0.119861
v -0.1451091 0.0375038 0.1014006
v -0.077554 0.0091589 0.300419
v -0.0218291 -0.1229548 0.3064567
v -0.0201719 -0.1245236 0.3052858
v -0.020438 -0.1237428 0.3055067
v -0.0132193 -0.1281476 0.3047282
v -0.0240883 -0.1217324 0.307265
v -0.0098785 -0.1329079 0.3040169
v -0.019495 -0.1254887 0.3053942
v -0.0171647 -0.1261259 0.3054611
v -0.006187 -0.1385181 0.3036629
v -0.0267109 -0.1224452 0.3039182
v -0.0248074 -0.1207779 0.3053431
v -0.0342717 -0.123949 0.3020596
v -0.0384766 -0.1234118 0.3019797
v -0.0450839 -0.1195041 0.3037684
v -0.0483442 -0.1160186 0.3063061
v -0.0277647 -0.123929 0.3126792
v -0.0417809 -0.123332 0.3153954
v -0.0455644 -0.1201661 0.3142906
v -0.0479171 -0.1172879 0.3127382
v -0.0370381 -0.1252979 0.315677
v -0.0492705 -0.1150734 0.309803
v -0.0247903 -0.1221546 0.3101146
v -0.0321229 -0.1253643 0.3147862
v -0.0301704 -0.1235652 0.3028617
v -0.0422939 -0.1218812 0.3026287
v -0.0489145 -0.1156619 0.3111623
v -0.0469745 -0.1175197 0.3050229
v -0.0490905 -0.1153072 0.30808
v -0.0242189 -0.1210186 0.3076685
v 0.03446 -0.1063101 0.3303369
v 0.032429 -0.09676 0.330868
v 0.029762 -0.0817971 0.3204249
v 0.0334348 -0.1196611 0.3209651
v 0.0311675 -0.1157716 0.3248878
v 0.029543 -0.1119631 0.327533
v 0.028108 -0.107595 0.3292829
v 0.026934 -0.1028791 0.330053
v 0.026081 -0.0980451 0.329798
v 0.025595 -0.0933341 0.328535
v 0.025498 -0.088977 0.326321
v 0.025796 -0.0851941 0.3232729
v 0.026616 -0.0824341 0.319796
v 0.0293636 -0.1202331 0.3191901
v 0.0265768 -0.116557 0.3224919
v 0.0242326 -0.1129026 0.3247587
v 0.022366 -0.1086251 0.326272
v 0.021048 -0.1039421 0.326958
v 0.020345 -0.099087 0.326779
v 0.020293 -0.0943001 0.32574
v 0.020899 -0.0898181 0.323895
v 0.02213 -0.0858651 0.3213361
v 0.023721 -0.0829671 0.318265
v 0.0260211 -0.1202393 0.3162257
v 0.0229754 -0.1169926 0.318737
v 0.0200565 -0.1134694 0.3204354
v 0.0178113 -0.1092989 0.3215957
v 0.016373 -0.104652 0.322159
v 0.015789 -0.099788 0.322098
v 0.016085 -0.0949511 0.3214139
v 0.017247 -0.0903861 0.320141
v 0.019218 -0.086321 0.318343
v 0.02139 -0.0833381 0.315998
v 0.0240012 -0.1198564 0.3125207
v 0.0207394 -0.1170552 0.314016
v 0.0174162 -0.1136308 0.3149952
v 0.0149157 -0.1095399 0.3157142
v 0.0133731 -0.104944 0.316129
v 0.012862 -0.100081 0.31622
v 0.01338 -0.095228 0.315982
v 0.014899 -0.0906301 0.3154279
v 0.017345 -0.0865151 0.3145859
v 0.0197677 -0.0837872 0.3137637
v 0.0235803 -0.1193485 0.308515
v 0.0201357 -0.1167663 0.3088253
v 0.0165389 -0.1134289 0.3089856
v 0.0139364 -0.1093647 0.3092169
v 0.0123435 -0.1047966 0.3094658
v 0.011852 -0.099945 0.309725
v 0.012444 -0.0951051 0.3099819
v 0.014085 -0.090523 0.310222
v 0.016696 -0.0864301 0.3104331
v 0.01978 -0.0834081 0.310966
v 0.036329 -0.079278 0.308503
v 0.0243323 -0.1189855 0.3044835
v 0.0209802 -0.1163316 0.3036151
v 0.0174771 -0.1129324 0.3029974
v 0.0149461 -0.1088228 0.3027402
v 0.0133755 -0.1042316 0.3028258
v 0.012855 -0.0993921 0.3032509
v 0.013367 -0.094592 0.303997
v 0.014884 -0.0900751 0.3050291
v 0.017331 -0.086072 0.3062931
v 0.020345 -0.0831151 0.307757
v 0.035362 -0.0796741 0.311885
v 0.0261002 -0.1190273 0.3010139
v 0.0231436 -0.1157924 0.2989143
v 0.0201326 -0.1121761 0.297617
v 0.0178369 -0.1079496 0.2969207
v 0.016363 -0.1032991 0.296855
v 0.015767 -0.0984711 0.297429
v 0.016056 -0.0937361 0.298618
v 0.017217 -0.089329 0.30036
v 0.019191 -0.085476 0.302568
v 0.0218 -0.082646 0.30484
v 0.033748 -0.0802021 0.3151249
v 0.0290676 -0.1187754 0.2982707
v 0.0266725 -0.1150032 0.2952105
v 0.0242738 -0.1111678 0.2933652
v 0.022353 -0.106791 0.2923199
v 0.021015 -0.102072 0.292135
v 0.020302 -0.097267 0.292827
v 0.020247 -0.092617 0.294364
v 0.020854 -0.088356 0.2966689
v 0.022091 -0.0846971 0.299624
v 0.024005 -0.082048 0.3024991
v 0.031644 -0.0808071 0.317904
v 0.0329287 -0.1181712 0.2965282
v 0.0311952 -0.1139965 0.2928593
v 0.0295297 -0.1099584 0.2906489
v 0.028069 -0.1054331 0.289382
v 0.026879 -0.1006671 0.289123
v 0.026018 -0.0958891 0.2898909
v 0.02553 -0.09134 0.291652
v 0.02544 -0.087246 0.2943171
v 0.025748 -0.0838111 0.2977491
v 0.0262352 -0.0817019 0.3008019
v 0.033502 -0.0797691 0.3063621
v 0.0371594 -0.117308 0.2960078
v 0.0362472 -0.1128727 0.2920894
v 0.0353894 -0.1086578 0.2897382
v 0.034409 -0.104025 0.288394
v 0.033381 -0.099217 0.288112
v 0.032358 -0.094471 0.2889089
v 0.03139 -0.0900281 0.290747
v 0.030525 -0.086107 0.293533
v 0.029804 -0.082903 0.297127
v 0.028914 -0.0809071 0.3009149
v 0.032009 -0.0802841 0.3098881
v 0.041305 -0.1162469 0.2967739
v 0.0413007 -0.1117745 0.2929827
v 0.0412465 -0.1074264 0.2907294
v 0.040756 -0.102704 0.289456
v 0.039888 -0.097862 0.289207
v 0.038702 -0.093154 0.28998
v 0.037253 -0.0888131 0.291739
v 0.035612 -0.085054 0.294397
v 0.03386 -0.0820661 0.297817
v 0.032058 -0.080263 0.301544
v 0.030219 -0.0808661 0.31348
v 0.0448204 -0.1151008 0.2987235
v 0.0457944 -0.1108329 0.2954638
v 0.0465175 -0.1063854 0.293532
v 0.046487 -0.1016041 0.292471
v 0.045765 -0.096742 0.292304
v 0.044429 -0.092069 0.2930039
v 0.042545 -0.087816 0.294536
v 0.040203 -0.084192 0.296825
v 0.03752 -0.081379 0.299754
v 0.03495 -0.079724 0.3030761
v 0.028308 -0.081458 0.316784
v 0.0475214 -0.1142338 0.3016008
v 0.0492457 -0.1101485 0.29929
v 0.0506569 -0.1056488 0.2978839
v 0.0510365 -0.1008421 0.2971527
v 0.050431 -0.0959761 0.297105
v 0.048976 -0.091331 0.297687
v 0.046747 -0.087139 0.298865
v 0.043848 -0.0836081 0.300581
v 0.040428 -0.0809161 0.302748
v 0.037278 -0.0793461 0.305344
v 0.030181 -0.0803861 0.304604
v 0.0494384 -0.1137536 0.3050963
v 0.0514609 -0.1098326 0.3040473
v 0.0532505 -0.1053077 0.3033451
v 0.0539393 -0.1005045 0.3030414
v 0.053428 -0.0956471 0.3031369
v 0.051898 -0.091017 0.303567
v 0.049445 -0.0868541 0.304298
v 0.046191 -0.083363 0.3052951
v 0.042297 -0.080721 0.306507
v 0.0389879 -0.0793251 0.3075536
v 0.028267 -0.080979 0.3079079
v 0.0502294 -0.1136801 0.3089491
v 0.0522684 -0.1099436 0.30923
v 0.0541495 -0.1054314 0.309342
v 0.0549365 -0.1006449 0.3095397
v 0.054459 -0.0957961 0.309802
v 0.052906 -0.091165 0.310064
v 0.050379 -0.0869901 0.310302
v 0.047003 -0.08348 0.310504
v 0.042944 -0.0808151 0.3106599
v 0.038885 -0.07928 0.3103771
v 0.026476 -0.0815591 0.311499
v 0.0496517 -0.1139397 0.3126959
v 0.0515501 -0.1104514 0.3143216
v 0.0532974 -0.1060046 0.3152794
v 0.0539428 -0.1012431 0.3160029
v 0.053431 -0.0964011 0.3164389
v 0.051906 -0.0917521 0.3165349
v 0.049459 -0.087529 0.316282
v 0.046207 -0.083946 0.315693
v 0.042309 -0.081184 0.3148009
v 0.038322 -0.0795821 0.313583
v 0.024985 -0.0820711 0.315026
v 0.04802 -0.1146121 0.3160129
v 0.049402 -0.1113035 0.3188815
v 0.0507104 -0.1069455 0.3206078
v 0.051037 -0.102226 0.32181
v 0.050447 -0.097397 0.322403
v 0.049002 -0.0927171 0.322353
v 0.046777 -0.0884161 0.32166
v 0.043879 -0.0847131 0.320361
v 0.040455 -0.0817941 0.318522
v 0.036869 -0.0800571 0.3165
v 0.026845 -0.081043 0.303482
v 0.0455063 -0.1156952 0.3187662
v 0.0459191 -0.1123752 0.3225158
v 0.0465544 -0.1081325 0.3248431
v 0.046505 -0.1034851 0.3264049
v 0.045802 -0.0986791 0.3271189
v 0.044476 -0.0939581 0.326951
v 0.042593 -0.0895581 0.32591
v 0.040248 -0.085702 0.32405
v 0.037559 -0.0825811 0.321465
v 0.034667 -0.0806611 0.31884
v 0.024738 -0.0816441 0.3062619
v 0.0420616 -0.1171192 0.3206574
v 0.0413663 -0.1135475 0.32488
v 0.041278 -0.1094481 0.3275629
v 0.040797 -0.104894 0.329343
v 0.039947 -0.1001151 0.33013
v 0.038768 -0.0953531 0.3298839
v 0.037317 -0.090844 0.32862
v 0.035669 -0.086816 0.326402
v 0.033907 -0.0834691 0.3233399
v 0.0325321 -0.081436 0.320512
v 0.023122 -0.0821671 0.3095019
v 0.0378399 -0.1185659 0.3214399
v 0.036276 -0.11472 0.3257039
v 0.03542 -0.110769 0.328495
v 0.033447 -0.1015621 0.3311429
v 0.03146 -0.092144 0.329526
v 0.030587 -0.0879431 0.327185
v 0.029854 -0.084367 0.323963
v 0.022155 -0.0825571 0.312885
v 0.003599 -0.141033 0.232895
v 0.007043 -0.140263 0.2330099
v 0.010163 -0.138893 0.233081
v 0.01293 -0.136899 0.2331
v 0.015579 -0.134312 0.2331479
v 0.017718 -0.131888 0.233388
v 0.02198 -0.126626 0.232681
v 0.023169 -0.124828 0.231606
v 0.023813 -0.1236041 0.230475
v 0.024152 -0.123207 0.229516
v 0.023683 -0.123149 0.228675
v 0.022636 -0.123442 0.227579
v 0.021097 -0.124792 0.226176
v 0.019029 -0.126823 0.225062
v 0.016379 -0.1291681 0.224327
v 0.013422 -0.131464 0.22407
v 0.01038 -0.133404 0.224046
v 0.007333 -0.1349131 0.223764
v 0.003907 -0.135871 0.223136
v 0.010578 -0.1367041 0.229517
v 0.003756 -0.13909 0.2289
v 0.017084 -0.1318641 0.229064
v 0.011259 -0.1422271 0.230283
v 0.014233 -0.1401171 0.230097
v 0.016893 -0.137172 0.229803
v 0.018963 -0.134169 0.229679
v 0.024402 -0.127431 0.228645
v 0.023379 -0.128331 0.228833
v 0.01871 -0.1350031 0.23011
v 0.012051 -0.140812 0.230325
v 0.004159 -0.143262 0.22965
v 0.004131 -0.144251 0.2298319
v 0.007231 -0.138221 0.229312
v 0.008147 -0.142506 0.230028
v 0.007879 -0.143556 0.230121
v 0.02418 -0.1251181 0.229002
v 0.023665 -0.125247 0.228769
v 0.0227821 -0.1250207 0.2284949
v 0.0236731 -0.127053 0.229147
v 0.0238513 -0.1250624 0.2293956
v 0.021851 -0.126641 0.228446
v 0.013879 -0.134567 0.229375
v 0.015586 -0.138238 0.230286
v 0.02242 -0.1288381 0.229391
v 0.021321 -0.131554 0.2296129
v 0.01986 -0.12909 0.22865
v 0.0266762 -0.1238286 0.3044855
v 0.0243602 -0.1222462 0.3056511
v 0.0204939 -0.1237149 0.3047416
v 0.0205619 -0.1237813 0.3062424
v 0.0213965 -0.1239952 0.3042422
v 0.0268974 -0.125612 0.3037408
v 0.0345528 -0.1270448 0.3029423
v 0.03872 -0.1266315 0.3029036
v 0.0459713 -0.1230813 0.3043836
v 0.028464 -0.1269449 0.311808
v 0.0440339 -0.12612 0.3126771
v 0.0478537 -0.1226887 0.3112867
v 0.0503369 -0.1194217 0.30992
v 0.0203043 -0.1245604 0.3045578
v 0.0389228 -0.128507 0.3133405
v 0.0249676 -0.1249894 0.309745
v 0.0509605 -0.1170119 0.3081941
v 0.0216026 -0.1247065 0.3039818
v 0.0347141 -0.1258572 0.3033752
v 0.0388613 -0.1254358 0.3033754
v 0.0453653 -0.1213526 0.3049287
v 0.048265 -0.1174434 0.3066588
v 0.0284175 -0.1253954 0.3116822
v 0.0428427 -0.1247432 0.3135133
v 0.0465692 -0.1213985 0.312341
v 0.0488647 -0.1182831 0.3109582
v 0.0380221 -0.1268657 0.3138218
v 0.0495177 -0.1160081 0.3089065
v 0.064932 -0.096799 0.246127
v 0.0247897 -0.1232039 0.3092407
v 0.0216079 -0.1256133 0.3029874
v 0.019852 -0.1254617 0.3041613
v 0.0245714 -0.1261076 0.3106072
v 0.0280658 -0.1279859 0.312828
v 0.0396971 -0.1296781 0.3145869
v 0.045386 -0.1269181 0.3136827
v 0.0493662 -0.123292 0.3119856
v 0.0517122 -0.1197716 0.3101741
v 0.0524034 -0.1165282 0.3078705
v 0.0465941 -0.1234756 0.3026428
v 0.0384857 -0.1271598 0.301041
v 0.0341929 -0.1276983 0.3012626
v 0.0270943 -0.1264737 0.302184
v 0.0493986 -0.1195933 0.3064417
v 0.0506159 -0.1199133 0.3051805
v 0.0207387 -0.1244998 0.306316
v 0.0202884 -0.1253731 0.3069437
v 0.00828 -0.1530422 0.265085
v 0.010229 -0.1514161 0.265392
v 0.012489 -0.1484621 0.264873
v 0.012199 -0.142061 0.262648
v 0.005561 -0.154128 0.263364
v 0.013601 -0.1454481 0.263296
v 0.005557 -0.152883 0.265614
v 0.012984 -0.15247 0.264639
v 0.009218 -0.1550931 0.264729
v 0.009298 -0.1435301 0.26052
v 0.009346 -0.143684 0.256778
v 0.012619 -0.142732 0.25948
v 0.015219 -0.144095 0.25971
v 0.016144 -0.1465201 0.261247
v 0.076412 -0.045611 0.261385
v 0.080591 -0.0480931 0.301186
v 0.082846 -0.0448701 0.316924
v 0.078805 -0.049699 0.2799931
v 0.0278891 -0.1279642 0.3152511
v 0.0218918 -0.1219548 0.1874846
v 0.0298522 -0.113612 0.1905501
v 0.020417 -0.138495 0.2629461
v 0.020888 -0.142237 0.2660379
v 0.055951 -0.0870071 0.391821
v 0.084703 -0.0406911 0.3613769
v 0.0419197 -0.11416 0.2129159
v 0.016464 -0.137863 0.21503
v 0.00627 -0.141472 0.215297
v 0.020169 -0.1364369 0.2658125
v 0.0490814 -0.1203901 0.2950465
v 0.0431864 -0.1237438 0.2954345
v 0.016091 -0.140859 0.217831
v 0.006337 -0.144307 0.216774
v 0.02459 -0.139218 0.23969
v 0.015891 -0.142838 0.230956
v 0.012627 -0.145077 0.2314409
v 0.005766 -0.150745 0.240239
v 0.0228 -0.1414261 0.235453
v 0.022923 -0.138424 0.247433
v 0.041998 -0.1036831 0.3921909
v 0.067092 -0.1015501 0.300666
v 0.031231 -0.1302021 0.273077
v 0.024988 -0.1299791 0.228659
v 0.0273438 -0.1197079 0.192419
v 0.0235825 -0.1148772 0.18545
v 0.044248 -0.1264141 0.2708269
v 0.0586697 -0.1134338 0.3120487
v 0.070727 -0.100089 0.288497
v 0.0245982 -0.1267282 0.2956312
v 0.0538178 -0.1149837 0.3062173
v 0.0594328 -0.1091825 0.3025622
v 0.019268 -0.135526 0.2601099
v 0.020116 -0.1390121 0.2688389
v 0.005143 -0.146373 0.251571
v 0.066952 -0.105357 0.291356
v 0.018772 -0.1398001 0.230135
v 0.0473338 -0.1223555 0.2995959
v 0.034593 -0.1281301 0.277714
v 0.025837 -0.131048 0.277049
v 0.0527012 -0.1242314 0.3217032
v 0.0432971 -0.1310881 0.3290856
v 0.055789 -0.1226481 0.32602
v 0.016739 -0.1353291 0.286469
v 0.008069 -0.141469 0.297265
v 0.007238 -0.160945 0.268787
v 0.025251 -0.129861 0.228715
v 0.031188 -0.1315531 0.229312
v 0.048401 -0.11495 0.228894
v 0.02085 -0.136791 0.229367
v 0.040613 -0.123818 0.226579
v 0.038636 -0.122762 0.220511
v 0.020443 -0.128978 0.19959
v 0.0146337 -0.1284932 0.3011975
v 0.0180074 -0.1264263 0.3030637
v 0.036143 -0.129523 0.2697
v 0.044759 -0.124459 0.282827
v 0.0394147 -0.125541 0.2858255
v 0.033949 -0.126421 0.2887111
v 0.0612606 -0.1085972 0.3096294
v 0.064499 -0.1046611 0.311101
v 0.0674 -0.1001121 0.312871
v 0.0603636 -0.114453 0.3175581
v 0.062898 -0.1116861 0.3210139
v 0.074295 -0.0820351 0.330238
v 0.08668 -0.0294291 0.344271
v 0.040925 -0.1256021 0.3574129
v 0.055163 -0.1140451 0.354871
v 0.064844 -0.1028981 0.346978
v 0.022071 -0.135331 0.2560009
v 0.0107686 -0.1321178 0.3138109
v 0.004267 -0.155635 0.2612479
v 0.036367 -0.1341651 0.330147
v 0.0384637 -0.1311468 0.3237753
v 0.0150136 -0.1285313 0.3129693
v 0.0483 -0.1200061 0.356602
v 0.049232 -0.095924 0.3923381
v 0.073736 -0.0938361 0.285547
v 0.019234 -0.144419 0.237507
v 0.028505 -0.131903 0.228964
v 0.028028 -0.1312 0.228085
v 0.026872 -0.1322801 0.227014
v 0.015501 -0.143194 0.2206789
v 0.006263 -0.146788 0.219008
v 0.031803 -0.126799 0.21704
v 0.062246 -0.108131 0.342269
v 0.052446 -0.1185471 0.349084
v 0.045736 -0.1238371 0.3505
v 0.038673 -0.1287481 0.350835
v 0.067131 -0.0970751 0.35239
v 0.057074 -0.109386 0.36085
v 0.050367 -0.1158081 0.362991
v 0.042783 -0.1221821 0.363963
v 0.0188092 -0.1302791 0.317106
v 0.0326015 -0.1306929 0.3192144
v 0.049852 -0.1253233 0.3186069
v 0.0546018 -0.120975 0.3171832
v 0.0575687 -0.1167031 0.3150379
v 0.055494 -0.11697 0.290697
v 0.0561258 -0.1124231 0.3042417
v 0.058279 -0.1117826 0.3090329
v 0.0216198 -0.1281402 0.2931701
v 0.0615201 -0.1105352 0.3138228
v 0.064401 -0.1069831 0.3165799
v 0.005728 -0.137164 0.210367
v 0.016797 -0.132642 0.207271
v 0.02899 -0.1289101 0.281336
v 0.039696 -0.1274581 0.274409
v 0.03369 -0.132099 0.244958
v 0.024082 -0.127139 0.204875
v 0.015447 -0.132553 0.203205
v 0.050085 -0.123039 0.279389
v 0.040506 -0.1284861 0.26616
v 0.030875 -0.1318441 0.256669
v 0.026588 -0.134625 0.2521289
v 0.031207 -0.132564 0.23118
v 0.034491 -0.1311911 0.232796
v 0.037869 -0.128736 0.234707
v 0.045952 -0.114317 0.22078
v 0.007215 -0.1567701 0.280596
v 0.0310576 -0.1334406 0.3251023
v 0.0137802 -0.1336019 0.3184856
v 0.007696 -0.1602511 0.275063
v 0.020934 -0.1327491 0.281542
v 0.023716 -0.129859 0.285522
v 0.017314 -0.1392371 0.2748019
v 0.0183069 -0.1258385 0.3085503
v 0.009594 -0.1318696 0.3088396
v 0.005627 -0.136197 0.30905
v 0.0263506 -0.1277255 0.2889946
v 0.018398 -0.1429251 0.272313
v 0.01935 -0.146314 0.269147
v 0.010048 -0.1444591 0.251531
v 0.010446 -0.149266 0.240186
v 0.015408 -0.152587 0.2674609
v 0.019603 -0.145072 0.2625119
v 0.018572 -0.141934 0.259642
v 0.016772 -0.140339 0.251369
v 0.030292 -0.134803 0.241134
v 0.073247 -0.040938 0.249622
v 0.005891 -0.1586621 0.263964
v 0.023254 -0.1363681 0.34969
v 0.025221 -0.1340501 0.3567849
v 0.026678 -0.131754 0.363923
v 0.054701 -0.1206691 0.2754529
v 0.061083 -0.114088 0.286847
v 0.0403018 -0.1102277 0.2050475
v 0.0371549 -0.1151529 0.2055757
v 0.030462 -0.123769 0.209414
v 0.02543 -0.132557 0.217459
v 0.023672 -0.135783 0.221119
v 0.022215 -0.1376691 0.2241999
v 0.066712 -0.1026691 0.319665
v 0.064703 -0.107654 0.325182
v 0.058014 -0.118851 0.331761
v 0.046848 -0.1282711 0.335844
v 0.040129 -0.13214 0.336847
v 0.033512 -0.1352711 0.337197
v 0.02159 -0.138499 0.329531
v 0.008487 -0.1378021 0.3218469
v 0.004926 -0.1475661 0.231079
v 0.01235 -0.155331 0.27362
v 0.011693 -0.1565661 0.268575
v 0.028264 -0.1132021 0.392337
v 0.02638 -0.132353 0.260599
v 0.021298 -0.133115 0.2651429
v 0.01928 -0.1353921 0.2706119
v 0.006898 -0.1524721 0.285638
v 0.011842 -0.151963 0.278198
v 0.01131 -0.148002 0.282516
v 0.012747 -0.138241 0.291597
v 0.0149437 -0.1326676 0.2949972
v 0.0175382 -0.1281636 0.2974818
v 0.025191 -0.138694 0.233549
v 0.027387 -0.13708 0.237268
v 0.020529 -0.1416961 0.242324
v 0.015473 -0.1441851 0.2444769
v 0.005543 -0.14793 0.245518
v 0.072021 -0.0882811 0.32689
v 0.061771 -0.113501 0.328938
v 0.060009 -0.1174181 0.323821
v 0.0573567 -0.1194645 0.3199464
v 0.0289352 -0.1268402 0.2919556
v 0.0541359 -0.1156581 0.2998091
v 0.0518139 -0.1182949 0.3029342
v 0.073575 -0.085455 0.317218
v 0.075685 -0.078875 0.319817
v 0.014985 -0.147074 0.239168
v 0.011082 -0.145379 0.21962
v 0.011369 -0.142966 0.2170449
v 0.011394 -0.140115 0.214954
v 0.010996 -0.135674 0.2092369
v 0.015926 -0.123122 0.184182
v 0.0168133 -0.1155419 0.1822862
v 0.010332 -0.146706 0.2455089
v 0.009045 -0.146673 0.2314649
v 0.027245 -0.1365481 0.244087
v 0.030667 -0.133399 0.248438
v 0.034824 -0.130843 0.252815
v 0.058309 -0.117414 0.270904
v 0.06542 -0.1102981 0.282907
v 0.062796 -0.10931 0.293913
v 0.063304 -0.105617 0.301418
v 0.0580519 -0.1125833 0.2966559
v 0.019078 -0.1406791 0.222209
v 0.020089 -0.138391 0.219193
v 0.021204 -0.135074 0.215644
v 0.0322798 -0.1171869 0.1985849
v 0.0353339 -0.1118058 0.1973445
v 0.012501 -0.1338599 0.1975521
v 0.009462 -0.135117 0.197987
v 0.005073 -0.136219 0.1982689
v 0.0104 -0.123645 0.18283
v 0.005314 -0.123813 0.182341
v 0.028094 -0.1242861 0.378539
v 0.04452 -0.1135691 0.377661
v 0.052189 -0.1063381 0.3762819
v 0.059073 -0.0986501 0.374171
v 0.070631 -0.0841231 0.365777
v 0.080476 -0.0616621 0.328426
v 0.006235 -0.13582 0.314864
v 0.007868 -0.1393441 0.34685
v 0.008412 -0.1378071 0.354433
v 0.00888 -0.1360611 0.361833
v 0.009406 -0.1297061 0.3778799
v 0.009886 -0.1183911 0.39404
v 0.067212 -0.1003231 0.306392
v 0.063777 -0.104553 0.3059819
v 0.0602574 -0.1082782 0.3058733
v 0.057178 -0.1115903 0.3065441
v 0.0116597 -0.1335736 0.2995122
v 0.07945 -0.0668061 0.34137
v 0.0211483 -0.1262422 0.3001223
v 0.0336019 -0.1291138 0.3167583
v 0.0461608 -0.1255063 0.3160678
v 0.0547161 -0.1157557 0.3093193
v 0.031576 -0.127154 0.2852449
v 0.037142 -0.1264931 0.281945
v 0.042363 -0.125782 0.278768
v 0.04713 -0.124597 0.2751589
v 0.0381951 -0.1265742 0.2983152
v 0.026105 -0.1380702 0.3321481
v 0.031199 -0.1330141 0.350587
v 0.033304 -0.130363 0.357311
v 0.034978 -0.127611 0.364257
v 0.03654 -0.1196781 0.3782328
v 0.035405 -0.1094861 0.391754
v 0.0338402 -0.1272801 0.2990064
v 0.0378563 -0.1256954 0.2960744
v 0.0239222 -0.1290652 0.3157755
v 0.0304998 -0.1272307 0.2997759
v 0.0310147 -0.1268909 0.2982927
v 0.0336154 -0.1266527 0.2972717
v 0.059822 -0.1131621 0.337395
v 0.049562 -0.123017 0.342886
v 0.042983 -0.1278331 0.344019
v 0.036054 -0.1321631 0.344271
v 0.028967 -0.135939 0.3436789
v 0.021678 -0.1385931 0.342309
v 0.007451 -0.140651 0.338518
v 0.0189883 -0.1312778 0.2901648
v 0.014346 -0.1433881 0.2786169
v 0.024444 -0.131144 0.228819
v 0.020206 -0.1373861 0.228951
v 0.017151 -0.140873 0.22821
v 0.013665 -0.143712 0.227718
v 0.009344 -0.1457421 0.227182
v 0.004723 -0.146669 0.226762
v 0.035169 -0.1226 0.214664
v 0.013817 -0.133421 0.199866
v 0.009717 -0.135192 0.201894
v 0.005063 -0.136426 0.202856
v 0.0172 -0.130883 0.196246
v 0.013862 -0.132384 0.194096
v 0.009956 -0.1337781 0.193185
v 0.00528 -0.13478 0.192858
v 0.010373 -0.134838 0.20568
v 0.005246 -0.136371 0.206819
v 0.014823 -0.1400791 0.2573299
v 0.078174 -0.076329 0.299035
v 0.076081 -0.0841481 0.299009
v 0.072383 -0.0912161 0.265936
v 0.0452341 -0.1092507 0.2131227
v 0.072688 -0.080993 0.256625
v 0.075772 -0.055391 0.257558
v 0.052131 -0.109855 0.23007
v 0.059195 -0.099819 0.233239
v 0.07072 -0.077324 0.240415
v 0.073286 -0.052854 0.243182
v 0.0562377 -0.0984859 0.2232502
v 0.0670772 -0.0749392 0.2256919
v 0.0670197 -0.0518007 0.2239566
v 0.0466869 -0.0983971 0.2048075
v 0.0338757 -0.100578 0.1901971
v 0.0267227 -0.1013232 0.1852585
v 0.0195211 -0.1018968 0.1818971
v 0.076007 -0.086181 0.282512
v 0.077302 -0.0771001 0.279887
v 0.0406347 -0.0994475 0.1968459
v 0.0519962 -0.0978855 0.2137621
v 0.060815 -0.0745616 0.213755
v 0.0535544 -0.0756761 0.2050363
v 0.0456629 -0.0774825 0.1978057
v 0.0376311 -0.07978 0.1915763
v 0.0300504 -0.0822104 0.1863022
v 0.0224344 -0.0842753 0.1822295
v 0.080467 -0.057419 0.2998441
v 0.080899 -0.0579911 0.313214
v 0.077215 -0.0769271 0.30879
v 0.075039 -0.0842131 0.3076321
v 0.078411 -0.057821 0.2788139
v 0.028342 -0.133122 0.229907
v 0.024093 -0.131139 0.228739
v 0.062207 -0.105315 0.251748
v 0.085011 -0.0312971 0.3248659
v 0.038294 -0.1000551 0.3988969
v 0.012114 -0.1002151 0.411002
v 0.016554 -0.0704741 0.426209
v 0.042 -0.0770121 0.411527
v 0.039586 -0.0440621 0.4240991
v 0.073058 0.0323169 0.355346
v 0.053337 -0.0524471 0.4124181
v 0.050331 -0.0816831 0.402062
v 0.0215 -0.0359871 0.4326801
v 0.028783 0.0718659 0.337969
v 0.056956 0.0497499 0.367472
v 0.032582 0.0623429 0.377146
v 0.033849 0.0373829 0.410745
v 0.060524 0.0251309 0.4000419
v 0.077916 0.0085409 0.3840551
v 0.069445 -0.028886 0.251215
v 0.084779 -0.0023541 0.330799
v 0.030784 -0.0732631 0.420009
v 0.065725 0.041962 0.323227
v 0.050278 0.0588299 0.330326
v 0.062946 -0.0610641 0.399534
v 0.031909 -0.0987281 0.403955
v 0.014149 -0.0866441 0.419404
v 0.02673 -0.0869941 0.414862
v 0.044222 -0.0913581 0.401042
v 0.085781 -0.0101261 0.365358
v 0.081891 0.0137629 0.342811
v 0.05092 0.0339479 0.270847
v 0.074453 0.0079 0.287389
v 0.0367 -0.0882381 0.40862
v 0.061883 0.019805 0.271045
v 0.075634 0.0240559 0.317321
v 0.082989 -0.0240031 0.3783419
v 0.074795 -0.0072861 0.396432
v 0.057469 0.0079399 0.412079
v 0.031643 0.0194909 0.422675
v 0.079932 0.007752 0.311809
v 0.067963 0.022959 0.287648
v 0.084149 -0.0118401 0.320323
v 0.080498 -0.0037321 0.306741
v 0.076627 -0.003278 0.286721
v 0.073684 -0.006719 0.274806
v 0.057076 0.038761 0.28862
v 0.042586 0.053223 0.29126
v 0.0241 0.064632 0.295608
v 0.0592924 -0.0544764 0.2109075
v 0.0521154 -0.0582208 0.2019822
v 0.044845 -0.0620509 0.1946815
v 0.0372087 -0.0662488 0.1884376
v 0.0295508 -0.0704633 0.1834095
v 0.0220417 -0.0740502 0.1796113
v 0.068573 -0.0691251 0.386609
v 0.0223811 -0.0790219 0.1815306
v 0.0300491 -0.076262 0.1855067
v 0.0377293 -0.0729862 0.1907191
v 0.0456118 -0.0698059 0.1969486
v 0.0533535 -0.0670988 0.2041002
v 0.0609935 -0.0648364 0.2127453
v 0.0682525 -0.0640088 0.2250701
v 0.072751 -0.065485 0.241229
v 0.074603 -0.067432 0.255948
v 0.077926 -0.067276 0.2787519
v 0.079818 -0.067412 0.299241
v 0.079181 -0.0682841 0.31058
v 0.0779 -0.0710391 0.323435
v 0.076764 -0.0749981 0.334953
v 0.069052 -0.0909161 0.358521
v 0.058373 -0.1042861 0.367217
v 0.051629 -0.1112561 0.369531
v 0.044136 -0.1181681 0.3706889
v 0.036096 -0.1240701 0.371289
v 0.027655 -0.1286201 0.3712
v 0.009228 -0.1336571 0.369686
v 0.0430636 -0.1247909 0.2983775
v 0.018463 -0.148876 0.265386
v 0.015116 -0.147128 0.275222
v 0.004764 -0.1468 0.2578139
v 0.015929 -0.1504241 0.2716639
v 0.025116 -0.136309 0.3265309
v 0.030185 -0.1366941 0.3312169
v 0.083414 -0.0491811 0.335128
v 0.082439 -0.055857 0.349815
v 0.070852 -0.0768151 0.374772
v 0.0587 -0.0926561 0.382247
v 0.051661 -0.1010961 0.383756
v 0.043979 -0.1085611 0.384805
v 0.036317 -0.1145961 0.385175
v 0.028201 -0.1190101 0.3856739
v 0.009535 -0.1245971 0.3858819
v 0.007506 -0.1404281 0.3302
v 0.020836 -0.1395291 0.3350249
v 0.027257 -0.1377581 0.3367119
v 0.048252 -0.1245961 0.2668089
v 0.04415 -0.126884 0.262164
v 0.051559 -0.122595 0.271203
v 0.055042 -0.119772 0.266767
v 0.055659 -0.104896 0.231535
v 0.0526595 -0.1041274 0.2223737
v 0.0485482 -0.1038652 0.213459
v 0.0434033 -0.1046555 0.2047722
v 0.0380297 -0.1058702 0.1967849
v 0.0319062 -0.1071145 0.1899963
v 0.025079 -0.1079053 0.184999
v 0.0180421 -0.1083662 0.1818511
v 0.051361 -0.12212 0.262431
v 0.047006 -0.124717 0.257762
v 0.037804 -0.129442 0.248984
v 0.058679 -0.109172 0.248595
v 0.054781 -0.113318 0.245553
v 0.050269 -0.117796 0.242657
v 0.041492 -0.1255 0.236941
v 0.061193 -0.101962 0.243011
v 0.057614 -0.106533 0.2404
v 0.037732 -0.127993 0.230728
v 0.041356 -0.124655 0.232081
v 0.049691 -0.116053 0.236214
v 0.053918 -0.111161 0.238248
v 0.034329 -0.130307 0.229885
v 0.036811 -0.127094 0.226321
v 0.033368 -0.1294611 0.226808
v 0.030416 -0.130757 0.227443
v 0.034845 -0.126304 0.221627
v 0.031574 -0.12933 0.223467
v 0.028948 -0.131358 0.22537
v 0.028938 -0.130567 0.220176
v 0.026699 -0.133239 0.223248
v 0.024915 -0.1345571 0.225809
v 0.022656 -0.1337221 0.229288
v 0.01536 -0.149544 0.2631
v 0.006037 -0.147025 0.262807
v 0.018703 -0.0533381 0.430642
v 0.034748 -0.0590431 0.423046
v 0.047379 -0.0653191 0.412879
v 0.056314 -0.0716331 0.401707
v 0.062271 -0.0780011 0.39012
v 0.065033 -0.0844801 0.379353
v 0.065217 -0.0911951 0.370635
v 0.064191 -0.0974031 0.3635341
v 0.062661 -0.1030571 0.357246
v 0.060653 -0.108219 0.351606
v 0.058041 -0.1131721 0.3463
v 0.055345 -0.1180701 0.3406419
v 0.05304 -0.123822 0.334098
v 0.050158 -0.1273001 0.327759
v 0.0463347 -0.1283674 0.3229167
v 0.0430449 -0.129085 0.3193549
v 0.040465 -0.1283253 0.3171103
v 0.0458651 -0.1262747 0.3151075
v 0.0401376 -0.1291647 0.3162018
v 0.0334814 -0.1295799 0.3158426
v 0.0280146 -0.1280957 0.3142923
v 0.0539272 -0.116116 0.3085925
v 0.0549816 -0.1142945 0.3075905
v 0.0559237 -0.1142218 0.309118
v 0.0531481 -0.1188283 0.3124142
v 0.052585 -0.1195069 0.3111724
v 0.0503625 -0.1220062 0.3144598
v 0.0499324 -0.1226752 0.3133494
v 0.022991 -0.0990981 0.4081529
v 0.019643 -0.1160521 0.3934219
v 0.019034 -0.1223241 0.386065
v 0.018814 -0.1276041 0.378435
v 0.018517 -0.131662 0.370779
v 0.017779 -0.1345241 0.363149
v 0.016633 -0.136485 0.355649
v 0.015396 -0.13839 0.348344
v 0.014459 -0.140115 0.340463
v 0.014213 -0.1402131 0.3325889
v 0.015529 -0.1382991 0.32617
v 0.01919 -0.135161 0.322592
v 0.0248533 -0.1320362 0.3209568
v 0.0196973 -0.127278 0.3122163
v 0.0133852 -0.1277189 0.3086838
v 0.034225 -0.1055551 0.3964809
v 0.028948 -0.1068791 0.398387
v 0.020745 -0.1087831 0.400604
v 0.010709 -0.1107751 0.402348
v 0.0135409 -0.1440361 0.2616441
v 0.008036 -0.143567 0.266135
v 0.010146 -0.1473441 0.2686349
v 0.0068725 -0.1464802 0.2686074
v 0.003559 -0.1514431 0.265093
v 0.004038 -0.151259 0.2625999
v 0.003585 -0.151545 0.259854
v 0.006083 -0.139014 0.213239
v 0.011306 -0.137642 0.212359
v 0.016831 -0.1349321 0.211491
v 0.022445 -0.131179 0.211136
v 0.027609 -0.128411 0.2133
v 0.039494 -0.129032 0.25733
v 0.045649 -0.121842 0.239618
v 0.045331 -0.120603 0.233999
v 0.044445 -0.119737 0.227667
v 0.042424 -0.118846 0.220383
v 0.038636 -0.1185181 0.21334
v 0.0338425 -0.1194296 0.2067972
v 0.0288535 -0.1219047 0.2007689
v 0.024265 -0.124786 0.195587
v 0.019749 -0.127321 0.1916459
v 0.01513 -0.129116 0.188943
v 0.01044 -0.130197 0.187289
v 0.005474 -0.130774 0.186573
v 0.007047 -0.1477901 0.291162
v 0.011396 -0.1434201 0.2870819
v 0.015059 -0.1394501 0.28249
v 0.018198 -0.135711 0.2778589
v 0.021859 -0.1328431 0.273431
v 0.026522 -0.1317591 0.26897
v 0.031469 -0.1312431 0.2650869
v 0.035845 -0.130427 0.26129
v 0.0243663 -0.1266285 0.3120794
v 0.0246992 -0.1270121 0.3133862
v 0.070158 -0.013513 0.263571
v 0.070014 0.005208 0.272107
v 0.037788 0.0465399 0.27213
v 0.021443 0.056226 0.274902
v 0.0333515 -0.1297402 0.3143503
v 0.0303111 -0.1272316 0.3017724
v 0.0429974 -0.1256488 0.3014443
v 0.0333852 -0.1286397 0.3131932
v 0.0330025 -0.1269772 0.3133348
v 0.0304306 -0.1264781 0.3033768
v 0.0305511 -0.1252392 0.3039174
v 0.0428365 -0.1251868 0.3034098
v 0.0426817 -0.1238508 0.3039879
v 0.004216 -0.1491441 0.266968
v 0.0095174 -0.1419331 0.2632664
v 0.012261 -0.1430651 0.266303
v 0.00702 -0.151154 0.267987
v 0.028058 -0.117949 0.238703
v 0.027599 -0.122612 0.245521
v 0.01746 -0.133789 0.246075
v 0.028028 -0.1145181 0.2321369
v 0.011481 -0.126042 0.208122
v 0.023232 -0.118354 0.215611
v 0.006576 -0.1385751 0.246652
v 0.012523 -0.136197 0.246376
v 0.026078 -0.115978 0.224272
v 0.032154 -0.108835 0.247084
v 0.031952 -0.104919 0.235484
v 0.036811 -0.0894181 0.239335
v 0.036938 -0.0936141 0.254034
v 0.0363718 -0.0873419 0.2246328
v 0.0311009 -0.1041768 0.2230822
v 0.018226 -0.121758 0.209788
v 0.016766 -0.12633 0.216892
v 0.004556 -0.132278 0.214043
v 0.019449 -0.124156 0.219146
v 0.014222 -0.1281951 0.216168
v 0.011061 -0.130253 0.21605
v 0.004005 -0.139488 0.239824
v 0.007101 -0.1386461 0.239667
v 0.010358 -0.1370861 0.239712
v 0.012981 -0.135447 0.239799
v 0.015875 -0.133496 0.23968
v 0.017967 -0.1319911 0.239734
v 0.024365 -0.125054 0.238107
v 0.024912 -0.121695 0.23215
v 0.0247 -0.1212321 0.230059
v 0.024134 -0.1209951 0.228263
v 0.021577 -0.122527 0.221719
v 0.025181 -0.1226471 0.235076
v 0.023461 -0.12109 0.225402
v 0.026246 -0.119597 0.233453
v 0.025852 -0.118779 0.230715
v 0.0250949 -0.1188221 0.228044
v 0.0104131 -0.1111742 0.2037761
v 0.0219328 -0.1067224 0.2055831
v 0.0292382 -0.1048753 0.212448
v 0.0340035 -0.0872426 0.213347
v 0.0371858 -0.0684991 0.2157916
v 0.0398341 -0.0680984 0.2263435
v 0.040994 -0.06947 0.241369
v 0.040639 -0.073133 0.2572529
v 0.03444 -0.0769461 0.266891
v 0.0329 -0.098877 0.263806
v 0.0137305 -0.1371866 0.2529315
v 0.01719 -0.1352861 0.254446
v 0.029616 -0.117304 0.256942
v 0.008297 -0.131669 0.21552
v 0.019739 -0.077867 0.267858
v 0.017282 -0.1186281 0.262796
v 0.0306849 -0.0450453 0.2127392
v 0.019603 -0.0374727 0.210559
v 0.019174 -0.05161 0.262841
v 0.031948 -0.058168 0.264667
v 0.0349272 -0.0462303 0.2177686
v 0.0359073 -0.0451419 0.2269263
v 0.03658 -0.046146 0.241027
v 0.034946 -0.050363 0.256156
v 0.011316 -0.1337991 0.258656
v 0.0290474 -0.0671609 0.2093562
v 0.0157126 -0.0636151 0.206976
v 0.0251413 -0.0876663 0.2067124
v 0.0124993 -0.0870908 0.2053455
v 0.006343 -0.1261081 0.205456
v 0.019296 -0.100895 0.265855
v 0.005384 -0.1498511 0.2349209
v 0.009706 -0.148656 0.235173
v 0.013809 -0.146842 0.234628
v 0.017476 -0.14439 0.233611
v 0.020688 -0.1413441 0.232172
v 0.022856 -0.138458 0.230846
v 0.026052 -0.1326081 0.229104
v 0.026463 -0.1313641 0.2290969
v 0.026333 -0.131071 0.228754
v 0.02546 -0.132278 0.228331
v 0.023615 -0.1346871 0.2277929
v 0.021044 -0.138103 0.226703
v 0.018026 -0.141397 0.2250869
v 0.014618 -0.144114 0.223963
v 0.010341 -0.146398 0.2231189
v 0.005625 -0.147624 0.22259
v 0.042367 -0.127195 0.253197
v 0.0493049 -0.1093014 0.2215014
v 0.0249902 -0.1261557 0.3001059
v 0.0241763 -0.1258156 0.30251
v 0.0238239 -0.1249391 0.3037946
v 0.0218021 -0.1258437 0.3102464
v 0.0221008 -0.1253025 0.3085643
v 0.0222478 -0.1243387 0.3077418
v 0.068765 -0.0904431 0.250236
v 0.06303 -0.093912 0.23544
v 0.0277733 -0.1267101 0.3000758
v 0.0560931 -0.1154871 0.3111496
v 0.0550077 -0.1183565 0.3133417
v 0.0521588 -0.1220013 0.3152121
v 0.0475649 -0.1257522 0.316633
v 0.041295 -0.1287251 0.3175034
v 0.0334303 -0.129519 0.3172046
v 0.0267785 -0.1282792 0.3153706
v 0.0229122 -0.1268181 0.312679
v 0.008746 -0.137748 0.254529
v 0.0231231 -0.1237345 0.3042907
v 0.0216032 -0.1224241 0.3050672
v 0.0218015 -0.1232648 0.3072863
v 0.067073 -0.0867 0.238091
v 0.0555493 -0.091161 0.2141627
v 0.0587321 -0.0833283 0.2141793
v 0.021726 -0.0686193 0.1751494
v 0.0289195 -0.0641632 0.1787081
v 0.036335 -0.0590224 0.1834573
v 0.0436934 -0.0540333 0.1894976
v 0.0505456 -0.0493396 0.196691
v 0.0569769 -0.0441276 0.2057336
v 0.0642209 -0.0379488 0.2209093
v 0.066551 -0.019361 0.232657
v 0.0635878 0.0019302 0.251413
v 0.0539186 0.017504 0.251279
v 0.043919 0.029499 0.251527
v 0.032416 0.03957 0.252627
v 0.018454 0.04713 0.254796
v 0.046268 -0.064454 0.047901
v 0.0633217 -0.0583162 0.0525863
v 0.0788052 -0.0514151 0.0588551
v 0.0927461 -0.0436245 0.0671567
v 0.1059937 -0.0343237 0.0768924
v 0.1181469 -0.0216313 0.0863051
v 0.1290353 -0.0062271 0.0919961
v 0.133604 0.021738 0.112486
v 0.124713 0.059675 0.120502
v 0.111899 0.079649 0.116008
v 0.091562 0.094842 0.109406
v 0.061279 0.101115 0.104087
v 0.030455 0.099529 0.101436
v 0.074123 0.078618 0.130651
v 0.091019 0.066989 0.133423
v 0.102567 0.05156 0.134559
v 0.1046145 -0.0008987 0.1025597
v 0.098208 -0.0133788 0.0952546
v 0.067489 -0.046618 0.078053
v 0.054148 -0.052448 0.071995
v 0.040091 -0.056934 0.067522
v 0.1109293 0.0207213 0.1232214
v 0.051419 0.084647 0.128808
v 0.079532 -0.038764 0.085195
v 0.026109 0.084968 0.12919
v 0.042365 0.068629 0.148173
v 0.073398 0.054174 0.148369
v 0.083276 0.042184 0.14681
v 0.090521 0.018396 0.134551
v 0.0854552 0.0003199 0.116044
v 0.0799216 -0.0087977 0.1078807
v 0.0649723 -0.0278174 0.0963667
v 0.0555037 -0.0363294 0.092137
v 0.0450662 -0.0433836 0.0879924
v 0.0340965 -0.0483233 0.0842581
v 0.059695 0.063428 0.14819
v 0.022188 0.0707 0.149969
v 0.0729029 -0.0181553 0.1012722
v 0.0897337 -0.0271916 0.0910817
v 0.0673896 0.0323731 0.1602934
v 0.0307839 0.0465104 0.1871199
v 0.0289407 -0.0560812 0.1675464
v 0.0367914 -0.0341706 0.1037391
v 0.0421884 -0.0352214 0.1298201
v 0.0742936 0.0132216 0.1485905
v 0.0644758 0.0056312 0.167271
v 0.0566531 0.0228122 0.1781108
v 0.0501319 0.0317194 0.1819198
v 0.0416717 0.0399719 0.1847488
v 0.0169286 0.050574 0.1894052
v 0.0593899 0.041991 0.1633804
v 0.0486579 0.0499878 0.1651932
v 0.018921 0.058639 0.169011
v 0.0625086 -0.0185374 0.1189557
v 0.0568329 -0.0246589 0.1403439
v 0.0502988 -0.0404653 0.18381
v 0.0528549 -0.0323127 0.1631193
v 0.0528378 0.0147795 0.2001818
v 0.0464319 0.024257 0.2037909
v 0.0388922 0.0336028 0.2065929
v 0.0163047 0.0464295 0.2110895
v 0.0284382 -0.0390274 0.1004939
v 0.025565 -0.0428529 0.1224148
v 0.0233392 -0.0511245 0.1447864
v 0.0219145 -0.0608938 0.1642807
v 0.0309641 -0.047194 0.1480037
v 0.0581732 -0.0261231 0.1697432
v 0.0616874 -0.0025931 0.1894618
v 0.0618087 -0.0189401 0.1765845
v 0.0461867 -0.0293694 0.1081909
v 0.0388248 -0.0427339 0.1520662
v 0.0362526 -0.0507327 0.1718585
v 0.035133 0.055508 0.166838
v 0.0291606 0.0413702 0.2088958
v 0.0717743 -0.0031744 0.1327784
v 0.0649716 -0.0105055 0.1534913
v 0.0609785 -0.0277548 0.1991382
v 0.0631446 -0.0106062 0.2116321
v 0.016558 0.0441949 0.233197
v 0.0292866 0.0380056 0.2310579
v 0.039167 0.0292555 0.2292997
v 0.0474959 0.0189055 0.2275385
v 0.054999 0.0083343 0.2243224
v 0.0338298 -0.0395879 0.1256601
v 0.0681411 -0.0112391 0.1253936
v 0.061933 -0.0180025 0.1466303
v 0.0561948 -0.0347421 0.1912039
v 0.0552317 -0.0248689 0.1133923
v 0.0501385 -0.030414 0.1347439
v 0.0462948 -0.0377699 0.1571443
v 0.0435636 -0.0455453 0.1773348
v 0.0481129 -0.0625008 0.0272324
v 0.0708501 -0.0505312 0.0354394
v 0.0909523 -0.0465996 0.0403137
v 0.1013216 -0.0396399 0.0471039
v 0.1105133 -0.0315148 0.0548564
v 0.118982 -0.0233884 0.0620694
v 0.1254748 -0.0176614 0.0667861
v 0.1426859 0.0073663 0.0875503
v 0.1306352 -0.0045781 0.0754154
v 0.1470452 0.0240798 0.0987227
v 0.1389102 0.0572739 0.097679
v 0.1186038 0.0720805 0.0872484
v 0.0977969 0.0968015 0.0784259
v 0.0705997 0.1004129 0.0699245
v 0.0406732 0.0986131 0.063724
v 0.010631 -0.1157859 0.1808471
v 0.0053005 -0.1157383 0.1804417
v 0.0126306 -0.1021521 0.1799357
v 0.00619 -0.1020169 0.1791252
v 0.0072329 -0.0865175 0.1782937
v 0.014742 -0.0857345 0.1796093
v 0.0072738 -0.0781382 0.1756273
v 0.0146071 -0.0766093 0.1770696
v 0.0147466 -0.0809922 0.1788989
v 0.0072614 -0.082141 0.1775056
v 0.0115054 -0.1084462 0.1802663
v 0.005636 -0.108162 0.1796373
v 0.0073309 -0.0737473 0.1712552
v 0.0145492 -0.0718234 0.1727238
v 0.013905 -0.06964 0.043537
v 0.028806 -0.068643 0.044921
v 0.02606 -0.05906 0.064252
v 0.012885 -0.059227 0.062225
v 0.0116779 -0.0487739 0.0777707
v 0.0228784 -0.0495175 0.0806857
v 0.0199699 -0.0409833 0.0975748
v 0.0107143 -0.0394592 0.0946969
v 0.0148693 -0.0645462 0.161901
v 0.0075771 -0.0668125 0.1603363
v 0.0159291 -0.0543019 0.142174
v 0.0081835 -0.0562963 0.1403021
v 0.0090518 -0.0450017 0.1177836
v 0.0174406 -0.0443704 0.1198692
v 0.0181396 -0.066342 0.0244121
v 0.0320343 -0.0657402 0.0253877
v 0.020302 -0.132078 0.229607
v 0.021319 -0.130465 0.229538
v 0.032449 -0.133371 0.238299
v 0.03385 -0.1321591 0.23552
v 0.026688 -0.136377 0.232089
v 0.027679 -0.13457 0.230936
v 0.029318 -0.135302 0.235103
v 0.030571 -0.133822 0.2331
v 0.024256 -0.136087 0.229969
v 0.025262 -0.1342081 0.229377
v 0.057353 -0.116367 0.261686
v 0.058581 -0.1126211 0.255669
v 0.073533 -0.0910241 0.299448
v 0.070481 -0.0967201 0.300075
v 0.024584 -0.127571 0.2476839
v 0.021209 -0.131215 0.247684
v 0.072591 -0.0904231 0.307155
v 0.070077 -0.0956541 0.306771
v 0.020202 -0.130125 0.240113
v 0.02244 -0.1277961 0.239738
v 0.022206 -0.1345001 0.228981
v 0.023188 -0.1327391 0.228823
v 0.035824 -0.1308661 0.241573
v 0.037198 -0.1297491 0.238301
v 0.070087 -0.0935651 0.3241409
v 0.06835 -0.0982641 0.321953
v 0.02416 -0.1271111 0.256578
v 0.020504 -0.131974 0.255745
v 0.062104 -0.109423 0.2592389
v 0.060871 -0.11364 0.2655829
v 0.019286 -0.130044 0.233509
v 0.020635 -0.1284081 0.233342
v 0.013244 -0.129817 0.260254
v 0.0151 -0.1257491 0.2613259
v 0.071553 -0.0909311 0.315436
v 0.069562 -0.0957061 0.314147
v 0.053487 -0.11917 0.2575119
v 0.054708 -0.116013 0.251978
v 0.07118 -0.09902 0.272633
v 0.068805 -0.1051031 0.2780569
v 0.045317 -0.123485 0.244565
v 0.044357 -0.125213 0.248945
v 0.039726 -0.1279811 0.245068
v 0.04092 -0.1267201 0.241227
v 0.049092 -0.1222521 0.253146
v 0.050174 -0.119918 0.248273
v 0.060426 -0.0386991 0.409956
v 0.067886 -0.0234671 0.405039
v 0.080308 -0.0506521 0.373202
v 0.074698 -0.0600061 0.381282
v 0.024726 -0.0184361 0.432686
v 0.028339 5.99e-05 0.4298421
v 0.067957 -0.0976551 0.341526
v 0.070332 -0.0924481 0.334771
v 0.079897 -0.0624581 0.360686
v 0.075918 -0.0695161 0.368684
v 0.075233 -0.0799071 0.344706
v 0.0728 -0.0850091 0.352309
v 0.070445 -0.0916901 0.346539
v 0.072665 -0.0865301 0.3391539
v 0.077741 -0.0721491 0.351514
v 0.074816 -0.0777801 0.3592059
v 0.045339 -0.0281161 0.423077
v 0.05176 -0.0104711 0.419674
v 0.076693 -0.0372421 0.38871
v 0.06975 -0.0495881 0.395327
v 0.066202 -0.102998 0.328433
v 0.063302 -0.1083081 0.333422
v 0.068173 -0.097922 0.3312849
v 0.065578 -0.1030361 0.33729
v 0.0543658 -0.1166809 0.3105627
v 0.0495055 -0.1165144 0.30975
v 0.0523152 -0.1174859 0.3090099
v 0.0509598 -0.1174036 0.3089578
v 0.053581 -0.1174555 0.3095661
v 0.0327338 -0.1262183 0.2959118
v 0.0311421 -0.1263752 0.2942174
v 0.0371688 -0.1254313 0.2940198
v 0.0358831 -0.1259429 0.2916065
v 0.0522763 -0.0838041 0.2052919
v 0.0498292 -0.0914421 0.2051359
v 0.042654 -0.123945 0.2923917
v 0.0413165 -0.124791 0.2892621
v 0.059515 -0.116554 0.283201
v 0.057533 -0.1187671 0.279338
v 0.0294173 -0.0885048 0.1862568
v 0.0282413 -0.094921 0.1857624
v 0.063746 -0.1128611 0.278833
v 0.061314 -0.115133 0.274709
v 0.054286 -0.119197 0.287063
v 0.052586 -0.121341 0.283237
v 0.0448235 -0.0850957 0.1977569
v 0.0430407 -0.092503 0.1972807
v 0.0295363 -0.1265855 0.297834
v 0.0273939 -0.1263812 0.297039
v 0.0369184 -0.0867735 0.1914454
v 0.0356353 -0.0937945 0.1907861
v 0.0219545 -0.0899451 0.1823099
v 0.020931 -0.0958157 0.182096
v 0.0484488 -0.121594 0.2903948
v 0.0469822 -0.1230581 0.2866685
v 0.0639843 -0.0843091 0.2253829
v 0.0600663 -0.0920654 0.2243958
v 0.069292 -0.096514 0.259893
v 0.065728 -0.101284 0.255376
v 0.0070788 -0.091365 0.178624
v 0.0067254 -0.0965276 0.1788327
v 0.0137133 -0.0963465 0.1798544
v 0.0144305 -0.0908776 0.1798351
v 0.06677 -0.107994 0.273541
v 0.063992 -0.1108481 0.269393
v 0.068573 -0.1026001 0.2673779
v 0.065498 -0.106093 0.263061
v 0.0630055 -0.0108962 0.18316
v 0.061554 0.0140373 0.1732519
v 0.070875 -0.034212 0.248892
v 0.0656684 -0.0025018 0.1605314
v 0.077813 -0.048537 0.270619
v 0.079581 -0.049522 0.289913
v 0.08149 -0.037725 0.277001
v 0.083758 -0.033969 0.27248
v 0.084909 -0.033307 0.267959
v 0.084087 -0.027521 0.256911
v 0.068773 -0.022295 0.25619
v 0.061655 0.0415919 0.3062409
v 0.063402 -0.0192821 0.20553
v 0.085332 -0.0196831 0.3245081
v 0.087245 -0.031023 0.256079
v 0.081767 -0.028598 0.299254
v 0.082649 -0.03682 0.290224
v 0.081572 -0.0352231 0.297778
v 0.087252 -0.030262 0.274658
v 0.088807 -0.010637 0.3027369
v 0.092702 -0.0055811 0.305084
v 0.083696 -0.024977 0.261227
v 0.087117 -0.023605 0.259031
v 0.091076 -0.025823 0.2599569
v 0.088275 -0.028875 0.2700909
v 0.086189 -0.012819 0.274125
v 0.084498 -0.019445 0.267007
v 0.091091 -0.010776 0.271904
v 0.095518 -0.01276 0.272317
v 0.088986 -0.017592 0.264079
v 0.093256 -0.019362 0.264723
v 0.082182 -0.032823 0.296996
v 0.083299 -0.034603 0.289942
v 0.084357 -0.03535 0.2837611
v 0.08386 -0.037577 0.283325
v 0.0889672 0.0090955 0.1251319
v 0.085481 -0.0338901 0.305044
v 0.086744 -0.029783 0.306107
v 0.086763 -0.031933 0.3045491
v 0.083442 -0.023781 0.308128
v 0.097681 -0.00489 0.305737
v 0.088696 -0.013267 0.310119
v 0.089774 -0.0249721 0.317059
v 0.093053 -0.017796 0.277971
v 0.09349 -0.00956 0.300882
v 0.089738 -0.022609 0.272953
v 0.078692 -0.002348 0.297493
v 0.089238 -0.009113 0.293765
v 0.092942 -0.003483 0.294598
v 0.098722 -0.00387 0.29524
v 0.094704 -0.010664 0.293143
v 0.080787 -0.016496 0.2824221
v 0.080862 -0.0278251 0.293076
v 0.088891 0.02951 0.142251
v 0.087024 -0.032779 0.261682
v 0.090152 -0.027448 0.264892
v 0.091854 -0.021146 0.268794
v 0.094278 -0.015343 0.275346
v 0.097357 -0.007823 0.2941521
v 0.096612 -0.0073251 0.303354
v 0.089472 -0.0314091 0.3121291
v 0.046453 0.0573639 0.310794
v 0.09141 -0.0299341 0.311088
v 0.093598 -0.010024 0.313041
v 0.094045 -0.02478 0.316616
v 0.084527 -0.028825 0.308805
v 0.091056 -0.027983 0.310831
v 0.095707 -0.0236681 0.313642
v 0.09866 -0.0099091 0.312213
v 0.088934 -0.026212 0.311935
v 0.096815 -0.011477 0.309055
v 0.093008 -0.0219211 0.312904
v 0.093105 -0.0112241 0.30762
v 0.0903613 -0.0201585 0.3122295
v 0.087676 -0.0221671 0.310679
v 0.091612 -0.015669 0.304042
v 0.094719 -0.013762 0.2853699
v 0.095842 -0.010484 0.284472
v 0.097267 -0.007149 0.283448
v 0.092542 -0.005594 0.282927
v 0.088189 -0.009387 0.283761
v 0.093258 -0.014352 0.298632
v 0.082454 -0.0067921 0.314348
v 0.083068 -0.0134141 0.309352
v 0.084881 -0.0228691 0.316948
v 0.084353 -0.0307901 0.315617
v 0.082782 -0.0380581 0.3096911
v 0.080504 -0.041509 0.300111
v 0.079838 -0.043217 0.290132
v 0.079718 -0.044034 0.281366
v 0.078662 -0.043137 0.2728461
v 0.077925 -0.0410891 0.265122
v 0.077702 -0.039622 0.259019
v 0.075907 -0.037078 0.256817
v 0.073925 -0.034481 0.2591231
v 0.0723471 -0.0310951 0.265259
v 0.072767 -0.021635 0.270336
v 0.07629 -0.013456 0.277068
v 0.078673 -0.009776 0.2861329
v 0.08022 -0.0095821 0.295337
v 0.081444 -0.011179 0.3030619
v 0.081446 -0.0279681 0.2970517
v 0.081493 -0.029148 0.294227
v 0.089193 -0.023808 0.276393
v 0.091544 -0.018276 0.279277
v 0.094269 -0.014296 0.292369
v 0.093597 -0.015455 0.285597
v 0.087557 -0.013888 0.285139
v 0.089287 -0.016948 0.279665
v 0.091043 -0.014978 0.285253
v 0.083873 -0.035466 0.306584
v 0.086399 -0.022112 0.277396
v 0.083836 -0.028008 0.275443
v 0.081645 -0.032096 0.2738
v 0.080799 -0.036237 0.2777141
v 0.085095 -0.021123 0.298323
v 0.088386 -0.019123 0.301038
v 0.086441 -0.017756 0.294532
v 0.090427 -0.017469 0.296333
v 0.08756 -0.014881 0.290272
v 0.091663 -0.01571 0.291147
v 0.081833 -0.032873 0.287408
v 0.081941 -0.033376 0.283628
v 0.080464 -0.031504 0.290742
v 0.081399 -0.034433 0.280619
v 0.083297 -0.033847 0.284289
v 0.083051 -0.0331021 0.288903
v 0.080929 -0.0319471 0.2933549
v 0.084401 -0.030156 0.300088
v 0.082264 -0.029379 0.30341
v 0.080299 -0.026383 0.304429
v 0.083756 -0.019375 0.276361
v 0.085441 -0.015534 0.30814
v 0.078153 -0.019078 0.283525
v 0.075222 -0.02195 0.28248
v 0.07843 -0.018426 0.2907569
v 0.078973 -0.021643 0.28824
v 0.076543 -0.023715 0.286471
v 0.080309 -0.026168 0.2966471
v 0.079199 -0.030797 0.290857
v 0.0795833 -0.032134 0.2880417
v 0.077624 -0.029666 0.290378
v 0.078482 -0.034199 0.285561
v 0.075744 -0.032444 0.288491
v 0.077693 -0.035621 0.281923
v 0.07407 -0.025499 0.28421
v 0.081048 -0.024157 0.274002
v 0.077041 -0.036429 0.278301
v 0.077165 -0.032354 0.273211
v 0.079962 -0.017044 0.287789
v 0.078682 -0.020055 0.286135
v 0.07666 -0.0217011 0.2852213
v 0.082503 -0.015764 0.294037
v 0.083564 -0.013791 0.289673
v 0.080718 -0.020038 0.297302
v 0.079191 -0.027172 0.300508
v 0.083801 -0.013626 0.2854
v 0.077913 -0.021678 0.275259
v 0.080657 -0.017856 0.277734
v 0.075705 -0.021143 0.278672
v 0.078539 -0.01812 0.28058
v 0.077776 -0.024667 0.295369
v 0.078119 -0.0320251 0.289212
v 0.074774 -0.036071 0.286188
v 0.072925 -0.027524 0.281429
v 0.074044 -0.0247571 0.280375
v 0.074613 -0.025255 0.277595
v 0.073369 -0.029553 0.277926
v 0.076106 -0.026252 0.274185
v 0.074617 -0.030779 0.274426
v 0.078762 -0.028436 0.272587
v 0.084946 -0.014034 0.301622
v 0.084995 -0.011843 0.2938199
v 0.083326 -0.010299 0.284664
v 0.081053 -0.013666 0.275878
v 0.079289 -0.021947 0.269889
v 0.079605 -0.029378 0.264379
v 0.079159 -0.031613 0.257462
v 0.081375 -0.035204 0.254891
v 0.082893 -0.037742 0.2599801
v 0.080663 -0.037245 0.267798
v 0.080821 -0.036421 0.272676
v 0.079852 -0.0349611 0.27373
v 0.076528 -0.0356661 0.274906
v 0.080992 -0.037655 0.298701
v 0.070947 -0.031317 0.283431
v 0.073677 -0.034947 0.275429
v 0.071434 -0.034113 0.2788061
v 0.079941 -0.024359 0.299419
v 0.077328 -0.0215451 0.293375
v 0.079383 -0.023844 0.290156
v 0.073965 -0.037448 0.281407
v 0.0745869 -0.037054 0.2779481
v 0.086992 -0.024353 0.315719
v 0.026418 0.06994 0.3169389
v 0.084407 -0.0170341 0.314118
v 0.089581 -0.0179781 0.315681
v 0.095303 -0.0169411 0.317284
v 0.098598 -0.0168291 0.31456
v 0.095554 -0.0164561 0.312035
v 0.091752 -0.0159661 0.310898
v 0.089385 -0.0186391 0.3077711
v 0.085624 -0.020649 0.3050521
v 0.082492 -0.0229831 0.30221
v 0.076895 -0.02684 0.288346
v 0.072836 -0.028842 0.286736
v 0.08067 -0.016758 0.284739
v 0.080016 -0.0262271 0.291805
v 0.086325 -0.015413 0.279991
v 0.083025 -0.015458 0.281288
v 0.080705 -0.03985 0.274914
v 0.081321 -0.0394451 0.290187
v 0.086519 -0.0188531 0.313101
v 0.081809 -0.040255 0.282468
v 0.086792 -0.031448 0.3131699
v 0.082727 -0.029677 0.296451
v 0.074687 -0.08797 0.274199
v 0.075357 -0.0784921 0.2698339
v 0.0478863 -0.1212299 0.3054609
v 0.066485 -0.107684 0.287088
v 0.0569956 -0.1146292 0.2937822
v 0.062193 -0.111632 0.2903289
v 0.0523169 -0.117663 0.2976581
v 0.0470413 -0.1191536 0.3058564
v 0.1315097 0.0085369 0.1020504
v 0.076159 -0.067488 0.268085
v 0.0500126 -0.1202034 0.3012654
v 0.0489315 -0.1216156 0.3039322
v 0.077153 -0.056977 0.26867
v 0.070126 -0.102352 0.283184
v 0.072902 -0.0960151 0.278965
v 0.073833 0.0049732 0.1407168
v 0.0552892 -0.1139126 0.3019595
v 0.0490868 -0.1164329 0.3077867
v 0.062967 -0.1073481 0.29752
v 0.067001 -0.103314 0.295863
v 0.07828 -0.076418 0.289633
v 0.0517665 -0.1180506 0.3065477
v 0.079627 -0.05786 0.288928
v 0.050409 -0.1179951 0.3073606
v 0.076482 -0.0847741 0.290794
v 0.0530305 -0.1165723 0.3045887
v 0.0588427 -0.1107844 0.2995386
v 0.079368 -0.067265 0.288902
v 0.073928 -0.0921511 0.292416
v 0.070748 -0.0981691 0.29419
v 0.086563 -0.0122901 0.338
v 0.084721 0.0034769 0.354133
v 0.033769 0.0521099 0.394795
v 0.059724 0.0395379 0.384549
v 0.07659 0.0221689 0.3701431
v 0.082429 0.0040249 0.322119
v 0.072292 0.024788 0.302838
v 0.069185 0.0387389 0.3396649
v 0.078786 0.0205009 0.33065
v 0.030829 0.068761 0.3582009
v 0.053723 0.0561519 0.349347
v 0.0660876 -0.027487 0.2273032
v 0.1463127 0.0140209 0.0933379
v 0.0723093 0.0224599 0.1552696
v 0.1087067 0.0095148 0.1123946
v 0.109305 0.035111 0.131347
v 0.0581908 0.0058935 0.1952914
v 0.0602951 -0.0015174 0.2181491
v 0.0657161 -0.0101173 0.2397783
v 0.132039 0.038987 0.119889
v 0.1448502 0.0388236 0.1013791
v 0.077467 0.0089859 0.3003459
v 0.0212574 -0.1223974 0.3064176
v 0.0201394 -0.1245592 0.3054074
v 0.0202692 -0.1236907 0.3055544
v 0.0132602 -0.1281378 0.3047582
v 0.023837 -0.1217883 0.3073439
v 0.0099411 -0.1328983 0.3040289
v 0.0194869 -0.1254861 0.3055382
v 0.0171867 -0.1261402 0.3055402
v 0.006256 -0.138499 0.3036679
v -4.2e-06 -0.0965422 0.1785788
v -4.26e-05 -0.1018801 0.1789497
v -4.74e-05 -0.1079181 0.1794957
v 1.64e-05 -0.0867228 0.1779211
v 1.51e-05 -0.0824696 0.177111
v 1.2e-05 -0.0786187 0.175182
v -2.2e-06 -0.1155743 0.1803406
v 4.2e-05 -0.1237041 0.182206
v 2.7e-05 -0.130854 0.186283
v 2e-05 -0.1351001 0.192761
v 1.1e-05 -0.136664 0.198518
v 1.8e-05 -0.136864 0.20338
v 3.4e-05 -0.136876 0.207424
v 1.8e-05 -0.137658 0.210946
v 5e-06 -0.13941 0.213703
v -1e-06 -0.141727 0.215645
v 1.5e-05 -0.144512 0.216951
v 5e-05 -0.147177 0.218861
v 5e-05 -0.1478501 0.222309
v 1.3e-05 -0.1468681 0.226557
v 4e-06 -0.143466 0.229495
v -5e-06 -0.139469 0.228699
v -6e-06 -0.1363331 0.222794
v -5e-06 -0.132335 0.213618
v -1e-06 -0.125164 0.205289
v 1.3e-05 -0.1081224 0.2040544
v 2.93e-05 -0.0857671 0.2053868
v 3.7e-06 -0.0617613 0.2060859
v -0.0001421 -0.0342175 0.2084596
v -2.8e-05 -0.052647 0.2633391
v -7e-06 -0.0780911 0.267103
v -2.6e-05 -0.10081 0.265429
v -4.7e-05 -0.118245 0.263021
v -6.5e-05 -0.13266 0.2589049
v -6.8e-05 -0.1370611 0.2546719
v -6.4e-05 -0.138803 0.247929
v -5.8e-05 -0.139664 0.240251
v -5e-05 -0.141212 0.2328809
v -6.9e-05 -0.14437 0.229621
v -8.5e-05 -0.147687 0.230472
v -7.5e-05 -0.15046 0.234137
v -1e-05 -0.1510791 0.239759
v 5.2e-05 -0.147461 0.245002
v 7.7e-05 -0.146241 0.251378
v 9e-05 -0.147471 0.2566569
v 9.1e-05 -0.151744 0.258883
v 8.4e-05 -0.156294 0.2606489
v 7.2e-05 -0.160296 0.263429
v 6.3e-05 -0.1634501 0.268522
v 5.8e-05 -0.1628411 0.2756449
v 6.3e-05 -0.1592531 0.281675
v 6.7e-05 -0.1550281 0.287169
v 4.5e-05 -0.1507261 0.293011
v 1.1e-05 -0.146153 0.298728
v 3.1e-05 -0.1384 0.309126
v 2.4e-05 -0.137554 0.3151569
v 2.6e-05 -0.1391401 0.3217199
v 2.7e-05 -0.140688 0.329329
v 2.7e-05 -0.140806 0.337653
v 2.7e-05 -0.139673 0.346018
v 3.3e-05 -0.1383041 0.353567
v 3.2e-05 -0.1366381 0.361108
v 4e-05 -0.1343581 0.368914
v 4.4e-05 -0.1305461 0.377291
v 3.6e-05 -0.1255011 0.385506
v 3e-05 -0.1193991 0.3939399
v 1.8e-05 -0.1116701 0.402847
v 8e-06 -0.1008531 0.4121259
v 1.5e-05 -0.0866901 0.421113
v 2e-05 -0.06956 0.428688
v 2.2e-05 -0.0496291 0.433729
v 3.3e-05 -0.0307611 0.435922
v -1.2e-05 0.0248079 0.426434
v -5.1e-05 0.041912 0.4145989
v -0.000153 0.0667009 0.381511
v -0.000195 0.0772769 0.343216
v -2.1e-05 0.070022 0.299284
v 2.4e-05 0.060899 0.277433
v 6.1e-06 -0.0743661 0.1707501
v 2.9e-05 0.0504 0.256848
v 4e-05 -0.069567 0.04284
v 9e-06 0.097291 0.100476
v -4e-06 -0.0675443 0.1597687
v -2.29e-05 -0.0569178 0.1396042
v -4.48e-05 -0.0451655 0.116865
v -7.13e-05 -0.038379 0.0932335
v -8.58e-05 -0.0484069 0.0763811
v -2.8e-05 -0.059073 0.061247
v -3.6e-05 0.046262 0.23472
v -6.6e-05 0.047913 0.212419
v -4.8e-05 0.051968 0.190927
v -5e-06 0.05986 0.170894
v 1e-06 0.071418 0.152125
v 3e-06 0.084252 0.129743
v 7.6e-06 0.0879269 0.0619312
v -6e-05 -0.1285681 0.26054
v -5.7e-05 -0.124735 0.261644
v 1.2e-05 0.0057159 0.433739
v 2.7e-05 -0.0130561 0.436273
v 1.41e-05 -0.0914937 0.1782859
v -0.000144 0.076048 0.322012
v -9.9e-05 0.0558929 0.39927
v -0.000188 0.0736959 0.362736
v 3.4e-05 -0.141695 0.303822
v 0.026997 -0.1224028 0.3038463
v 0.0246493 -0.1209913 0.3054491
v 0.0343204 -0.1239426 0.3020562
v 0.0385161 -0.1234045 0.3019744
v 0.0451392 -0.1194892 0.3037694
v 0.0484026 -0.11598 0.3062919
v 0.0277968 -0.1239427 0.3126799
v 0.0418018 -0.1232669 0.3154178
v 0.0456008 -0.1201501 0.3143171
v 0.0479576 -0.1172763 0.3127698
v 0.0370369 -0.1251959 0.3156655
v 0.0493165 -0.1150233 0.3098209
v 0.0248201 -0.1221696 0.3101267
v 0.0321401 -0.1253313 0.3147802
v 0.0302561 -0.1235543 0.3028465
v 0.0423308 -0.1218684 0.3026473
v 0.0489549 -0.1156365 0.3111868
v 0.0470355 -0.117497 0.3050098
v 0.0491399 -0.1152575 0.3080776
v 0.0240711 -0.1210724 0.3077336
v -0.0194854 -0.0304023 0.2182423
v -0.019615 -0.0310971 0.2282761
v -0.019745 -0.033231 0.241204
v -0.019223 -0.038161 0.254195
v -6.5e-05 -0.027474 0.217629
v 1.1e-05 -0.028616 0.228359
v 2.8e-05 -0.031226 0.241124
v -4e-06 -0.036688 0.253904
v 0.0193892 -0.0305434 0.2182465
v 0.0196701 -0.0311811 0.2282861
v 0.019834 -0.033291 0.241215
v 0.019235 -0.038203 0.254228
v -0.0876198 -0.0549819 0.0407133
v -0.0710452 -0.0632164 0.0339487
v 0.124398 -0.0230114 0.0703745
v 0.1124375 -0.0346426 0.0606536
v 0.0699324 0.1104771 0.0777575
v 0.1081327 0.1041478 0.0862464
v -0.1292462 0.0872688 0.0969121
v -0.1425109 0.0635643 0.1056705
v 0.1334625 -0.0135304 0.0773093
v -0.1009615 -0.0453852 0.0500865
v 0.0339096 0.1080733 0.0725779
v -0.1065083 0.1044692 0.0865328
v -0.0306937 -0.073903 0.0276226
v -0.0144619 -0.0746992 0.0267864
v -0.1127384 -0.0345621 0.0603848
v 0.1397387 -0.0068869 0.0811249
v 0.1444051 4.97e-05 0.0894501
v 0.1504053 0.0100478 0.0976088
v -0.1244516 -0.0229087 0.0700618
v -0.0693275 0.1105424 0.0770037
v 0.0509678 -0.0697342 0.0300675
v 0.0307298 -0.0737678 0.027476
v 0.1521679 0.0225359 0.1040588
v 0.1505887 0.0400978 0.1078266
v 8.18e-05 0.1057257 0.0708597
v -0.1333618 -0.0133834 0.0771882
v -0.0335628 0.1080783 0.072153
v 0.0706844 -0.0629512 0.034829
v 7.95e-05 -0.074545 0.026399
v 0.086843 -0.0549147 0.0415132
v 0.1427216 0.0637638 0.1053799
v -0.1503627 0.0099431 0.0976132
v -0.151904 0.0224201 0.1044507
v -0.0513056 -0.0698837 0.0295318
v -0.1443826 7.6e-05 0.089407
v -0.150128 0.0399404 0.10836
v 0.1298422 0.0869111 0.0968345
v 0.0146586 -0.07465 0.0267761
v -0.139604 -0.0067635 0.0811232
v 0.100338 -0.0454035 0.0505252
v 0.0003917 0.0061545 0.0600797
v -0.094041 0.0033702 0.0668365
v 0.0938759 0.0034261 0.066921
v -0.018921 -0.1226455 0.1855434
v 0.014631 -0.146292 0.2619249
v 0.0427886 -0.1096069 0.2090406
v -0.03764 -0.105588 0.3300399
v -0.0247434 -0.1209155 0.1898063
v -0.037322 -0.1304681 0.347482
v -0.0259743 -0.1224802 0.1937823
v 0.019914 0.051299 0.26491
v 0.087865 -0.032437 0.258405
v 0.08319 -0.0364931 0.307837
v 0.053182 -0.1250861 0.326943
v 0.080145 -0.0576881 0.2942199
v -0.0652896 0.0015522 0.1638094
v 0.085614 -0.0338251 0.310191
v 0.019497 -0.132615 0.247158
v -0.026616 -0.120833 0.236945
v -0.0236308 -0.1243258 0.3040749
v -0.086967 -0.0127951 0.302035
v -0.0458776 -0.123773 0.2847688
v -0.083902 -0.022104 0.300575
v -0.078774 -0.067176 0.283945
v 0.018026 -0.132621 0.242797
v -0.011912 -0.1424951 0.261189
v -0.0379936 -0.1261415 0.2971482
v -0.034072 -0.0937611 0.406425
v -0.042354 -0.127799 0.264219
v -0.0874739 0.0046213 0.1203327
v -0.083623 -0.0149431 0.312065
v 0.079582 -0.002812 0.3022881
v 0.089136 -0.0311501 0.308005
v 0.009671 -0.134641 0.19568
v -0.0303927 -0.0874341 0.2093414
v 0.004175 -0.162113 0.2755219
v 0.0396015 -0.0562881 0.2267129
v -0.05612 -0.11968 0.277413
v 0.05709 -0.1211541 0.3288071
v -0.041797 -0.1279981 0.2597129
v 0.0509982 -0.1188602 0.2964741
v -0.017528 -0.141522 0.226558
v -0.0672073 -0.0174721 0.109333
v -0.074805 -0.087704 0.2991731
v -0.065993 -0.108926 0.285004
v 0.0467097 -0.1255709 0.3163021
v -0.0301746 -0.0791469 0.1860682
v 0.071458 -0.032497 0.256545
v 0.0453043 -0.0659384 0.1960396
v -0.079885 -0.0309251 0.290994
v 0.063041 -0.09949 0.2444919
v 0.0524529 -0.1184868 0.2927652
v -0.05129 -0.120661 0.25534
v -0.0121909 -0.1050848 0.1800912
v 0.020101 -0.1125451 0.397086
v 0.0465644 -0.1166398 0.3156024
v -0.0338104 -0.1339439 0.3274363
v 0.009863 -0.14633 0.225128
v 0.069094 -0.099552 0.263737
v 0.060836 -0.0167821 0.412735
v 0.0719714 -0.0332477 0.0911161
v 0.0592454 -0.0247042 0.1039548
v 0.0501039 -0.0448593 0.1914015
v 0.077223 0.0226779 0.324142
v -0.083027 -0.0042916 0.111644
v 0.032307 -0.1316331 0.353928
v -0.0174999 -0.049176 0.0789555
v -0.069243 -0.094999 0.338223
v 0.0387471 -0.1127933 0.2052285
v -0.09857 0.0094363 0.1184355
v -0.08297 -0.013253 0.302106
v 0.0494975 -0.0683983 0.2004077
v 0.073077 -0.033132 0.261857
v 0.0454515 -0.1142356 0.3210057
v -0.038479 0.035148 0.251832
v -0.0537386 -0.1029763 0.303107
v -0.0501389 -0.1091936 0.3197719
v -0.079658 -0.067283 0.294033
v 0.0189767 -0.1154362 0.314535
v 0.0462928 -0.1201717 0.3053936
v -0.080765 -0.010264 0.299367
v 0.016988 -0.1070191 0.321954
v 0.012986 -0.101823 0.302996
v 0.027435 -0.103066 0.289124
v 0.0465984 -0.1040238 0.2928873
v -0.0267485 -0.0395001 0.1111293
v 0.039871 -0.123295 0.223605
v 0.080762 -0.0573871 0.306192
v 0.00772 -0.134367 0.192982
v -0.0303851 -0.124718 0.3038159
v 0.0215452 -0.1140745 0.2981916
v 0.03716 -0.1281011 0.357441
v 0.075313 -0.02137 0.280495
v 0.07745 -0.02099 0.285602
v -0.1101002 0.0147206 0.1177547
v 0.024242 -0.126223 0.228774
v 0.034501 0.0338998 0.2301454
v 0.007404 -0.135738 0.198131
v 0.044624 -0.1228901 0.357127
v -0.008903 -0.1342661 0.22393
v -0.0447892 -0.1267843 0.3130011
v -0.028798 -0.1166864 0.1914245
v -0.012022 -0.153936 0.27603
v -0.024433 -0.119131 0.224309
v -0.085139 -0.0144551 0.305243
v 0.080038 -0.0633981 0.31171
v 0.084268 -0.032324 0.3008721
v 0.074983 -0.023112 0.277968
v 0.0471441 -0.1160666 0.3034142
v 0.063479 -0.1049651 0.303614
v 0.065332 -0.0878851 0.374724
v -0.031025 -0.1102844 0.1903196
v -0.007191 -0.13652 0.227038
v -0.0328044 -0.1126353 0.1939471
v 0.08576 -0.0068021 0.3345111
v -0.082253 -0.0120361 0.3064861
v -0.083997 -0.0150431 0.308427
v -0.02298 -0.1335281 0.228938
v -0.0767089 -0.0135168 0.1041696
v 0.024641 -0.136557 0.249816
v 0.0543406 -0.1153249 0.3081045
v 0.079147 -0.0665431 0.325742
v -0.0533164 -0.1215365 0.3160259
v -0.0798913 -0.0593561 0.0367689
v -0.062241 -0.107321 0.2557069
v -0.0428095 -0.128562 0.3143232
v -0.0563427 -0.1187127 0.3161764
v -0.0164731 -0.1195178 0.1827971
v -0.032467 -0.1341551 0.3440589
v -0.021977 -0.126147 0.193469
v -0.040066 -0.1213401 0.370956
v -0.0286928 -0.1074804 0.1873349
v -0.059686 -0.0749911 0.395799
v -0.014816 -0.139393 0.344458
v -0.018542 -0.12934 0.193918
v -0.020837 -0.12484 0.189379
v -0.028258 -0.11996 0.24277
v -0.025774 -0.0956261 0.329219
v -0.016014 -0.08847 0.3149559
v -0.018119 -0.087314 0.3013261
v -0.030959 -0.088015 0.291955
v -0.047961 -0.089206 0.298143
v -0.052782 -0.094056 0.3164791
v -0.04039 -0.1025001 0.329811
v 5.8e-05 -0.1612131 0.278814
v 0.042086 -0.12704 0.272652
v -0.013935 -0.152955 0.2727039
v -0.067826 0.03344 0.304347
v -0.004899 -0.119112 0.393997
v 0.040637 -0.057092 0.241493
v 0.008026 -0.147171 0.222809
v 0.02322 -0.1232 0.228177
v 0.0363511 -0.0902938 0.1911448
v 0.042517 -0.121873 0.227079
v 0.0441749 -0.1226463 0.3044564
v -0.0188082 -0.0875812 0.2055217
v -0.0345518 -0.1321724 0.3244109
v 0.0220746 -0.1238018 0.3075173
v 2e-05 -0.0038361 0.435547
v 0.0427337 -0.1245299 0.3038336
v 2.4e-05 -0.1157441 0.3984451
v -0.082512 -0.011127 0.294421
v 0.0366485 -0.1148635 0.2936893
v 0.015964 -0.147987 0.262207
v 0.080073 -0.0307541 0.384056
v -0.078941 -0.0720151 0.289261
v -0.076447 -0.0749701 0.355515
v 0.023773 -0.1208001 0.385895
v -0.083569 -0.0149211 0.316641
v -0.069206 -0.095215 0.3327929
v 0.089384 -0.0244661 0.258816
v 0.0146249 -0.0687178 0.1685854
v 0.074155 -0.027364 0.277652
v 5.9e-05 -0.147878 0.220384
v -0.094629 -0.008291 0.302214
v 0.081391 -0.03229 0.294785
v -0.0134113 -0.0447088 0.1186913
v 0.0184112 -0.0628846 0.1629884
v 0.002918 -0.147808 0.222409
v -0.013807 -0.143232 0.259555
v -0.02282 -0.1184832 0.1862172
v -0.0420329 -0.125002 0.2843858
v -0.065837 -0.1049461 0.322613
v -0.055652 -0.1026241 0.375205
v -0.053104 -0.121636 0.273379
v -0.025866 -0.134101 0.224596
v -0.027697 -0.0987771 0.406181
v -0.047885 -0.119852 0.241154
v -0.0562007 -0.1176384 0.3140553
v -0.036155 -0.0803671 0.301318
v -0.045059 -0.0820501 0.3105121
v -0.041468 -0.087542 0.3250071
v -0.024137 -0.123273 0.22994
v -0.0270366 -0.1143078 0.1878583
v -0.016575 -0.1433771 0.2592929
v -0.029199 -0.097394 0.330521
v -0.014587 -0.134333 0.239841
v -0.0304586 -0.125851 0.3037853
v -0.065327 0.0217 0.279516
v -0.06658 0.01262 0.271268
v -0.0244751 -0.1113052 0.1851565
v -0.085537 -0.013185 0.285723
v -0.0202813 -0.1152379 0.1836163
v -0.034159 -0.0796081 0.304624
v -0.0635096 -0.0149079 0.2084067
v 0.096168 -0.013817 0.310789
v 0.0224813 -0.0559717 0.1552057
v 0.0603789 -0.0322491 0.0942455
v 0.071021 -0.0910261 0.3254371
v 0.0477104 -0.1182235 0.3062482
v 0.078539 -0.0694731 0.31696
v -0.023839 -0.131874 0.228838
v 0.0586682 0.0021494 0.2067473
v 0.097696 -0.0167761 0.313089
v -0.0298867 -0.0852736 0.1864057
v 0.08072 -0.059496 0.320794
v -0.077447 -0.05238 0.269575
v -0.0215729 -0.0437476 0.120964
v 0.014296 -0.1235861 0.386065
v 0.094463 -0.0192291 0.313077
v 0.053843 -0.1125881 0.362107
v 0.024174 -0.1147031 0.392881
v -0.007597 -0.140424 0.230219
v 0.06553 -0.1024921 0.306172
v -0.0031681 -0.1018996 0.1789735
v 0.081497 -0.030855 0.2950121
v 2.3e-05 -0.1492521 0.242227
v 0.1184356 -0.0288117 0.0656988
v -0.085207 -0.0181771 0.313259
v -0.090847 -0.007806 0.304116
v -0.066769 -0.100393 0.339228
v -0.079163 -0.039317 0.266454
v 0.011569 -0.137984 0.233094
v -0.083342 0.073329 0.132068
v 0.022253 -0.1248716 0.3080683
v 0.010219 -0.132264 0.190252
v 0.031822 -0.130233 0.227143
v 0.0446996 -0.127437 0.3171612
v 0.077767 -0.002496 0.292284
v -0.080281 -0.028881 0.291936
v 0.02822 -0.1161111 0.389133
v 0.020357 -0.1442771 0.267674
v -0.0372453 -0.0572693 0.2167285
v -0.084681 -0.0195131 0.316122
v 0.025597 -0.087001 0.324894
v 0.029465 -0.081663 0.299115
v 0.042194 -0.0821481 0.301615
v 0.041118 -0.09591 0.4000639
v 0.018998 -0.144651 0.2708419
v -0.022068 -0.1396331 0.2314
v -0.0226461 -0.1229501 0.3045173
v -0.054178 -0.1175621 0.2548879
v -0.0094781 -0.1020077 0.179411
v 0.087937 -0.02325 0.277284
v 0.0325373 0.0503228 0.176664
v 2.25e-05 -0.0967658 0.2047565
v 0.0510764 -0.1197121 0.3099168
v 0.113333 0.055809 0.127786
v 0.029809 -0.110515 0.233605
v -0.0062645 -0.0861912 0.2053625
v 0.079852 -0.017433 0.272348
v -0.073763 -0.0914811 0.295867
v 0.095372 -0.005697 0.283013
v -0.090233 -0.0176921 0.30264
v 0.008475 -0.145218 0.230388
v -0.003078 -0.1510291 0.239985
v -0.022088 -0.137643 0.229971
v -0.0351 0.043171 0.2624661
v -0.063422 -0.112312 0.284906
v 0.081832 -0.032406 0.291402
v -0.026092 -0.133272 0.226462
v -0.027693 -0.131479 0.227638
v -0.015526 -0.131685 0.194999
v -0.0263475 -0.0832482 0.1841282
v -0.0338822 -0.0746276 0.1880076
v -0.0305248 -0.1289486 0.3151686
v -0.003619 -0.151447 0.263896
v -0.0214151 -0.1152933 0.3195997
v -0.0160793 -0.1109403 0.3027759
v -0.0303252 -0.1120774 0.2916077
v -0.0451929 -0.1129464 0.2967822
v -0.005452 -0.140551 0.232972
v -0.0367018 -0.1258293 0.3033195
v -0.029208 -0.12055 0.250638
v -0.004406 -0.152998 0.262783
v -0.066968 -0.1004031 0.33432
v -0.086761 -0.020406 0.299822
v -0.081772 -0.0374 0.2636069
v 0.012833 -0.129771 0.187996
v 0.0507672 -0.1214175 0.3110172
v 0.034294 -0.097752 0.23751
v -0.027402 -0.135314 0.231665
v 0.053295 -0.120933 0.264645
v 0.038072 -0.0930521 0.329376
v 0.0363189 -0.0452237 0.2334678
v 0.081879 -0.0560191 0.331589
v -0.07042 0.0243799 0.295364
v -0.0375406 -0.125466 0.2951071
v 0.056767 -0.105601 0.236094
v 0.018759 -0.133969 0.283954
v 0.049426 -0.1179471 0.359741
v -0.087696 -0.032853 0.308872
v -0.0398527 -0.1211298 0.3181789
v -0.050248 -0.1187931 0.245589
v 0.075336 -0.043738 0.256533
v 0.002628 -0.136559 0.198431
v 0.06803 -0.0875281 0.368446
v 0.056186 -0.1117371 0.357827
v 0.073017 -0.0303251 0.396905
v -0.085138 -0.0129801 0.2978659
v 0.036128 -0.081385 0.320009
v -0.080085 -0.0315981 0.289108
v -0.1231832 -0.0145609 0.0893251
v -0.0812128 -0.0220453 0.0947625
v 0.0307444 -0.1270586 0.2989024
v -0.061585 -0.111592 0.262656
v 0.076776 -0.0751581 0.3214529
v -0.094302 -0.015663 0.2816021
v -6.6e-05 -0.135032 0.257164
v 0.044968 -0.120147 0.230918
v -0.0538 -0.1200717 0.3142975
v 0.005371 -0.111435 0.40275
v 0.019286 -0.1192491 0.3898489
v -0.005699 -0.149434 0.242871
v -0.013056 -0.133358 0.196128
v -5.62e-05 -0.1047827 0.1791933
v -0.002823 -0.147968 0.24532
v 0.014641 -0.1394361 0.329076
v 0.026141 -0.119161 0.232314
v 0.026312 -0.1319161 0.22911
v 0.081494 -0.039996 0.305177
v 0.088721 -0.030141 0.263184
v -0.0357631 -0.0781469 0.2145236
v 0.065466 -0.098882 0.250906
v 0.062644 -0.113984 0.276734
v 0.015899 -0.109829 0.401588
v 0.0353307 -0.1225619 0.3181131
v 0.039337 -0.080187 0.240648
v 0.0461829 0.036016 0.1834478
v -0.079485 -0.035597 0.2793979
v -0.080257 -0.039413 0.259762
v 0.081698 -0.029561 0.295298
v 0.076067 -0.02175 0.284259
v 0.079091 -0.0440061 0.380709
v 0.086189 -0.0052401 0.3459311
v 0.067508 -0.099032 0.257517
v 0.0544173 -0.1159477 0.3089859
v 0.020236 -0.0966701 0.326364
v 0.092196 -0.022692 0.262149
v -0.021887 -0.135464 0.229192
v 0.082866 -0.02898 0.2979
v 0.052175 -0.1184213 0.3094831
v -0.0029142 -0.107981 0.1795138
v 0.003267 -0.147066 0.218915
v 0.0365613 0.0434974 0.1859822
v 0.0213282 -0.124402 0.3069673
v -0.063401 0.082468 0.129413
v -0.0596163 -0.0214323 0.1432263
v 0.020844 -0.140329 0.264385
v 0.014759 -0.136788 0.289039
v -0.0593629 -0.0212217 0.1291551
v 0.015277 -0.088402 0.3103309
v 0.020469 -0.090423 0.295427
v 0.05085 -0.09981 0.3221859
v 0.0459384 -0.1223741 0.2952632
v 0.019706 -0.090022 0.267242
v -0.0400257 -0.0564605 0.1863175
v -0.0086217 -0.1082895 0.1798609
v 0.013803 -0.135424 0.293448
v 0.0482433 -0.1279507 0.325153
v -0.072051 -0.093929 0.299778
v -0.049701 -0.121001 0.2508049
v 0.007044 -0.146354 0.226955
v 0.059408 -0.104287 0.241641
v -0.077939 -0.040595 0.261763
v 0.0405042 -0.0683544 0.23336
v 0.02904 -0.1315091 0.2669849
v 0.0410616 -0.0640977 0.1914131
v 0.089479 -0.028567 0.2578351
v -0.016228 -0.143144 0.224327
v -0.0409724 -0.1312703 0.3262201
v -0.081481 -0.024353 0.300777
v -0.03188 -0.11229 0.252253
v -0.075605 0.016618 0.301601
v 0.065766 -0.1035871 0.2592749
v -0.093731 -0.0113 0.271666
v 0.0469678 -0.118379 0.3057395
v 2.6e-05 -0.029811 0.234539
v -0.043458 -0.123697 0.23828
v -0.0325478 -0.12566 0.3035799
v -0.011456 -0.1501381 0.280397
v -0.015365 -0.142655 0.2278619
v 0.030965 -0.1331661 0.23213
v -0.070438 0.0172749 0.392616
v -0.0555687 -0.0563481 0.2061688
v -0.0278071 -0.1348302 0.3257571
v -0.054099 -0.120965 0.337245
v -0.032034 -0.106069 0.3972899
v -0.019832 -0.134107 0.275655
v -0.030154 -0.11389 0.242957
v -0.079353 -0.0260521 0.300346
v 0.038006 -0.090923 0.290741
v 0.0901035 0.108992 0.0814606
v 0.04732 -0.086582 0.40174
v -0.040095 -0.1117851 0.38502
v -0.0220213 -0.1232235 0.3059001
v 0.0533101 -0.1077284 0.3092788
v -0.0060393 -0.1049319 0.1793248
v -0.052458 -0.117881 0.250116
v 0.051852 -0.117046 0.3558629
v 0.047924 -0.0856461 0.3160281
v -0.0212165 -0.1234913 0.3049664
v -0.005726 -0.137208 0.306335
v 0.026746 -0.1170961 0.231234
v -0.085922 -0.0168061 0.311014
v -0.087797 -0.0187271 0.313875
v -0.07767 -0.072238 0.27927
v 0.079627 -0.025039 0.291011
v -0.077864 -0.076589 0.2847439
v -0.033531 -0.1292975 0.3164081
v -0.013928 -0.144493 0.225682
v -0.076655 -0.081784 0.281103
v 0.005132 -0.147379 0.224662
v 0.052783 -0.0932881 0.303312
v 0.002718 -0.135045 0.192767
v 0.003783 -0.140751 0.3379
v 0.091294 -0.026867 0.262183
v 0.067092 -0.1043651 0.265148
v 0.060003 -0.1162381 0.330422
v 0.006043 -0.14752 0.220625
v 2.6e-05 -0.1409341 0.333432
v 1.7e-05 -0.136121 0.195643
v -5.9e-05 0.049593 0.2015731
v 0.0512581 -0.0362751 0.1741203
v 0.0511769 -0.087683 0.20526
v 0.0537894 -0.0468487 0.2008699
v 0.0522785 -0.0270062 0.1238163
v -0.021608 -0.1062831 0.32666
v -0.012008 -0.0974811 0.3097799
v -0.020577 -0.0996761 0.292308
v -0.040364 -0.100326 0.289157
v -0.0367175 -0.1165025 0.3238617
v -0.018214 -0.135457 0.229707
v -0.0460894 -0.1244813 0.3121158
v -0.020222 -0.1375261 0.267105
v -0.020121 -0.1354441 0.22921
v -0.039773 -0.1327415 0.329562
v -0.015905 -0.142428 0.247726
v -0.030016 -0.1030281 0.401323
v 0.024145 -0.1278 0.228676
v 0.005174 -0.135719 0.195602
v 0.0232531 -0.1230705 0.3081166
v 0.018415 -0.110842 0.264221
v 0.017888 -0.0994851 0.3246199
v 2.6e-05 -0.1403241 0.34189
v -2.6e-05 0.055327 0.180648
v -0.06835 -0.1051381 0.285178
v -0.110729 0.027375 0.127756
v 0.009642 -0.131156 0.216101
v 0.048239 -0.0341488 0.1459356
v 0.0210821 -0.1252683 0.3077231
v 0.091208 -0.0164 0.293848
v 0.083528 -0.0299871 0.297988
v 0.085592 -0.0031021 0.359548
v 0.028178 -0.0821251 0.32023
v 0.0503807 -0.0400374 0.0900383
v 0.078237 -0.072794 0.309598
v 0.044928 -0.124297 0.24681
v 0.076975 -0.019419 0.279547
v -0.008694 -0.144544 0.228858
v -0.020595 -0.1014841 0.326908
v -0.02308 -0.0985671 0.3284479
v -0.014292 -0.0905931 0.3127729
v 0.07648 -0.0777721 0.314196
v -0.034916 -0.108565 0.329488
v -0.054273 -0.123557 0.323626
v -0.033086 -0.1355271 0.3306759
v 0.024031 -0.1252131 0.228874
v 0.049827 -0.095024 0.32246
v 0.054946 -0.061554 0.050026
v 0.037399 -0.066833 0.046222
v 0.071851 -0.026702 0.268022
v -0.0244407 -0.0404731 0.0988737
v -0.06165 -0.1128171 0.288592
v 0.073978 -0.09218 0.276613
v 0.038504 0.061765 0.157419
v 0.037039 -0.091261 0.246982
v -0.084799 -0.0152381 0.322746
v 0.018909 -0.1252071 0.382217
v 0.04057 -0.120887 0.220366
v -0.026968 -0.118935 0.235048
v -0.019484 -0.141035 0.270645
v -0.012084 -0.1564201 0.271064
v -0.035621 -0.0960391 0.330566
v -0.025486 -0.0910651 0.327464
v -0.020498 -0.083477 0.314629
v -0.0210841 -0.1238507 0.304395
v -0.012805 -0.145316 0.245151
v -0.015492 -0.12638 0.186364
v 0.00381 -0.06737 0.1599135
v 0.073217 -0.0435071 0.3923831
v -0.014483 -0.130942 0.191527
v -0.0486743 -0.1231664 0.3114312
v -0.05332 -0.0768771 0.401922
v -0.0497674 -0.1230825 0.3126993
v -0.017981 -0.1394851 0.341457
v -0.004132 -0.134209 0.218841
v -0.016487 -0.133536 0.24276
v -0.01815 -0.132519 0.242796
v -0.017864 -0.13474 0.250707
v 0.0327826 -0.1266861 0.2870577
v -0.018785 -0.08477 0.314012
v -0.020458 -0.0838471 0.303688
v -0.030164 -0.084425 0.295159
v -0.045386 -0.0853131 0.299592
v -0.050791 -0.08959 0.316391
v -0.039375 -0.097699 0.330077
v -0.005705 -0.135481 0.223443
v -0.064062 -0.0812951 0.3843881
v -0.014147 -0.1403981 0.336471
v -0.017408 -0.128282 0.190137
v -0.00791 -0.147456 0.245629
v -0.025275 -0.1374361 0.3430469
v -0.031872 -0.1265681 0.371298
v -0.0217205 -0.1081294 0.1832722
v -0.0175206 -0.1117532 0.1819948
v 0.02569 -0.1333731 0.229175
v -0.078942 -0.0676481 0.355712
v 0.068715 -0.098042 0.30659
v 0.0557126 -0.1131182 0.3030965
v 0.002417 -0.1468201 0.2266089
v 0.092415 -0.013307 0.309568
v 0.0378669 -0.1205057 0.2991725
v -0.094769 -0.012119 0.285002
v 0.04365 -0.119307 0.224084
v -0.0372192 -0.0464778 0.1625257
v 0.0320368 -0.1268547 0.2978522
v 0.079829 -0.0155091 0.387485
v 0.0320951 -0.1175033 0.3232011
v 0.076126 -0.049908 0.259325
v 0.008705 -0.1462371 0.219241
v 0.054329 -0.104381 0.226913
v -0.077304 -0.02777 0.289032
v -0.1366564 0.0758614 0.1017151
v -0.0284983 -0.1264157 0.2974972
v 0.022413 -0.129981 0.229216
v 0.062907 -0.1067395 0.3102798
v 0.031941 -0.1334821 0.243048
v 0.022325 -0.131266 0.283549
v 0.04351 -0.1303001 0.336437
v 0.0160553 -0.1116599 0.3153924
v 0.0188894 -0.1101286 0.297191
v 0.035835 -0.1108313 0.2907954
v 0.0483049 -0.112247 0.3002508
v 0.077334 -0.0729741 0.329513
v 0.021928 -0.123991 0.226877
v 0.0602909 -0.0411281 0.2118543
v 0.011366 -0.1059041 0.406629
v 0.068917 -0.102877 0.2899329
v -0.050055 -0.1238775 0.3159705
v 0.071343 -0.0931391 0.306935
v -0.005363 -0.129884 0.209184
v 1.1e-05 -0.1368411 0.201103
v 0.082151 -0.0366801 0.302582
v 0.043315 0.0633099 0.353975
v -0.08425 -0.010314 0.289224
v 0.074287 -0.037296 0.279269
v 0.0497146 -0.035117 0.1600338
v 0.064208 -0.1044071 0.308502
v 0.023576 -0.126533 0.228751
v 0.039756 -0.060872 0.257496
v 0.013378 -0.144345 0.220098
v 0.026344 -0.1293501 0.283327
v -0.080921 -0.036675 0.270948
v 0.010303 -0.145451 0.248532
v 0.078764 -0.0207291 0.287231
v -0.0290918 -0.1264256 0.2956008
v -6.8e-05 -0.1382231 0.251511
v -0.091331 -0.019951 0.275199
v 0.089174 -0.009015 0.288829
v 0.08048 -0.0443941 0.300907
v 0.080571 -0.052554 0.300629
v -0.0360476 -0.0550084 0.1787968
v 0.036452 -0.086848 0.292964
v -0.0702943 0.0273574 0.1579864
v 0.023213 -0.081993 0.3056071
v 0.041903 -0.1239481 0.360679
v 0.074159 -0.0824511 0.34874
v 0.0325564 -0.0534245 0.1695567
v -0.009625 -0.1346741 0.19567
v 0.076067 -0.0773961 0.340059
v -0.0221312 -0.12383 0.304177
v 0.077564 -0.0553581 0.377586
v 0.0492938 -0.1150797 0.3090001
v 0.1293264 -0.01781 0.0743318
v 0.0112639 -0.0658625 0.1610121
v 0.069188 -0.0959761 0.322998
v 1.2e-05 -0.106708 0.4074489
v 0.0628211 -0.0054291 0.2293218
v 3.2e-05 -0.147535 0.224388
v 0.090063 -0.020486 0.277305
v 0.0161365 -0.1094728 0.318771
v 0.079028 -0.020257 0.2893199
v -0.0148703 -0.1083431 0.1809287
v -0.053144 -0.125053 0.326892
v -1.28e-05 -0.0624637 0.1503554
v 0.083543 -0.031336 0.298678
v 0.010447 -0.1272931 0.184882
v 0.0035308 -0.0914668 0.1783732
v 0.079353 -0.017797 0.279066
v 0.020701 -0.1293011 0.231039
v 0.081234 -0.0340111 0.293375
v 0.0289665 0.0393498 0.2199705
v -0.074156 0.0249539 0.310221
v -0.014647 -0.13651 0.230271
v -0.015558 -0.145238 0.260438
v -0.0365733 -0.1260441 0.2872562
v -0.0216356 -0.1170511 0.3164218
v -0.019835 -0.140306 0.26105
v -0.074929 -0.0803831 0.325245
v -0.016413 -0.139933 0.2294189
v -0.05565 -0.121406 0.332893
v -0.0225648 -0.1184819 0.3133729
v -0.0247792 -0.1173763 0.2997766
v -0.040798 -0.079873 0.31059
v -0.038942 -0.0840301 0.322763
v -0.024098 -0.123109 0.229067
v -0.014745 -0.1173131 0.3938499
v -0.045499 -0.121129 0.236929
v -0.017097 -0.1325831 0.239521
v -0.07462 -0.0823051 0.318399
v -0.079584 -0.067681 0.304659
v -0.053491 -0.121216 0.2689199
v -0.042509 -0.127414 0.26851
v -0.010178 -0.1579801 0.274409
v 0.075901 -0.022546 0.270747
v -0.004064 -0.162169 0.2755119
v 0.090324 -0.007481 0.2833201
v -0.07282 -0.081152 0.362406
v -0.085471 -0.0249651 0.325595
v -0.068925 -0.100771 0.295011
v 0.06103 -0.1157191 0.32634
v 0.0523488 -0.116891 0.3085567
v 0.071523 -0.0154211 0.401276
v 0.0254077 -0.0586019 0.1657953
v -0.1452059 0.0215856 0.1082028
v 0.0494398 -0.0980082 0.2092521
v -0.02591 0.044088 0.2535141
v 0.054872 -0.118114 0.2889379
v 1.64e-05 -0.0890582 0.1781293
v 0.0655893 -0.0453371 0.2230841
v 0.0430222 -0.123689 0.2939281
v -0.0612613 0.0274854 0.168523
v 0.0693303 -0.0396318 0.23556
v 0.078026 -0.034715 0.283691
v 0.022023 -0.132725 0.22955
v 0.01269 -0.129174 0.21599
v 0.0551461 -0.1151457 0.3092248
v -0.07462 -0.027218 0.287553
v 0.0206592 -0.1249566 0.3065442
v -0.089247 -0.014389 0.285324
v 0.0572018 -0.0658967 0.2081429
v 0.008615 -0.138399 0.2127859
v -0.073654 -0.025628 0.280824
v -0.092627 -0.0173801 0.317266
v 0.036707 -0.124583 0.220931
v -0.0946207 -0.0503246 0.0452146
v -0.0218986 -0.1255984 0.3092486
v -0.0244827 -0.0466689 0.133585
v 0.040398 -0.1016091 0.395662
v 0.084941 -0.0170881 0.37187
v -0.0289814 -0.0916702 0.1860825
v 0.032802 -0.132 0.231898
v 0.015972 -0.1022311 0.322208
v 0.012983 -0.09697 0.3035859
v 0.026404 -0.098264 0.2893789
v 0.046205 -0.0991651 0.292279
v 0.0547074 -0.1030617 0.3094297
v 0.0463234 -0.1103187 0.3237683
v 0.014288 -0.1356401 0.233105
v 0.0555309 -0.1141674 0.3082974
v -0.017258 0.044875 0.244157
v -0.0186597 -0.0410611 0.1084029
v 0.038913 -0.1250161 0.364235
v 0.014374 -0.151044 0.26398
v 0.076125 -0.031121 0.265628
v 2.4e-05 -0.074422 0.2057948
v -0.081726 -0.0398431 0.2866211
v 0.079297 -0.01578 0.2930969
v 0.0241342 -0.1215261 0.3075401
v 0.028872 -0.1356421 0.242583
v 0.014142 -0.127845 0.260798
v 0.0372812 -0.1295482 0.3174592
v 0.0532294 -0.1162031 0.3082646
v 0.093309 -0.020481 0.266602
v -0.0497775 -0.1207405 0.3045399
v -0.0800593 0.0261082 0.1482278
v 0.009437 -0.12966 0.211506
v -0.0282953 -0.1231252 0.3033786
v 0.034186 -0.1290511 0.360746
v 0.093426 -0.0157641 0.311976
v 0.0434194 0.024179 0.2284544
v 0.03615 -0.047893 0.248897
v 0.003776 -0.13741 0.226584
v 0.007538 -0.145759 0.251615
v 0.070659 -0.08641 0.252914
v -0.028042 -0.135843 0.233682
v -0.0216108 -0.0442713 0.0881185
v 0.083238 -0.033729 0.289481
v 0.008828 -0.126489 0.20645
v 0.01489 0.0758029 0.341611
v 0.079464 -0.0261141 0.267391
v 0.090682 -0.006019 0.294104
v 6.6e-05 -0.1466811 0.248177
v 0.0364255 -0.1237989 0.3019194
v -0.0419204 -0.0960141 0.1970382
v -0.085721 -0.019635 0.296522
v 0.058037 -0.1200911 0.324961
v 0.075721 -0.036784 0.281812
v 0.092968 -0.003977 0.288718
v 0.080737 -0.0393291 0.299334
v 0.0437584 -0.0989538 0.2006986
v 0.020821 -0.1312511 0.229578
v 0.008726 0.051626 0.190469
v 0.0513194 0.1094395 0.0745637
v 0.119081 0.06996 0.118764
v -0.082805 -0.033927 0.282431
v 0.045611 -0.0999821 0.392339
v 0.033471 -0.124658 0.215729
v 0.075137 -0.025627 0.275716
v 0.032984 -0.122997 0.211969
v -0.062539 -0.110358 0.292103
v 0.075699 -0.0649581 0.374543
v 0.0202413 -0.1169426 0.3114527
v 0.002629 -0.146326 0.251474
v 0.010784 -0.146121 0.22124
v 0.079218 -0.022726 0.289218
v 0.021098 -0.06947 0.044077
v 0.0271033 -0.0492322 0.1463088
v -0.0379164 -0.110941 0.2012048
v -0.029952 -0.134535 0.3471739
v -0.08022 -0.0624471 0.299444
v -0.038673 -0.125542 0.226427
v -0.024708 -0.0933271 0.411689
v -0.014868 -0.144246 0.222038
v -0.019778 0.051643 0.264829
v -0.0140156 -0.1065638 0.3026819
v -0.028759 -0.107767 0.289849
v -0.0462281 -0.1087049 0.294378
v -0.0511214 -0.1120581 0.3091483
v -0.008749 -0.139425 0.233074
v -0.007471 -0.141537 0.231023
v -0.004132 -0.151527 0.2609409
v -0.030173 0.052253 0.273189
v -0.006613 -0.1320451 0.2147
v -0.011238 -0.134463 0.197787
v -0.01196 -0.133119 0.19351
v -0.020662 -0.0867181 0.417414
v -0.0416372 -0.0713388 0.1937246
v -0.032274 -0.1169711 0.385364
v -0.035075 -0.128357 0.22664
v -0.007684 -0.133372 0.219752
v 0.1016361 -0.0067767 0.0984682
v -0.071246 -0.090072 0.330854
v -0.0428568 -0.1094994 0.2091292
v -0.028559 -0.1330021 0.254426
v -0.0188144 -0.1114231 0.3210298
v -0.014314 -0.146219 0.262073
v -0.01988 -0.108978 0.324057
v -0.07311 -0.085286 0.328409
v -0.0349508 -0.1261895 0.2902484
v -0.034927 -0.1309941 0.350697
v 0.0265581 -0.124281 0.3105587
v -0.033997 -0.1298101 0.228522
v -0.018207 -0.12515 0.217794
v 0.003831 -0.1405731 0.329529
v -0.07846 -0.029946 0.290568
v 0.016154 -0.123182 0.2618989
v 0.0145558 -0.0743471 0.175352
v 0.066838 -0.093822 0.248005
v 0.025675 -0.12056 0.232959
v 0.029872 0.0708949 0.34822
v 0.007385 -0.1407811 0.334336
v 0.0240715 -0.1203453 0.3081124
v -0.1219998 0.0212392 0.1176081
v 0.043468 -0.126196 0.251095
v 0.027382 -0.081793 0.318265
v 0.0537553 -0.0946644 0.2139866
v -0.0656187 -0.0798054 0.2257098
v 0.053507 -0.0842881 0.397016
v -0.072823 -0.0866311 0.3221691
v 0.0483212 -0.0950035 0.2049701
v 0.0297675 0.0437215 0.1979087
v -0.085872 -0.0307701 0.332824
v 0.0161781 -0.1301928 0.2963102
v 0.039296 -0.084092 0.256136
v 0.033725 -0.1308751 0.2632009
v 0.083126 -0.0523081 0.3429811
v 0.041224 -0.071151 0.249669
v -0.071278 0.0360479 0.347671
v 0.0445618 -0.1287784 0.3209726
v -0.0511921 -0.0538013 0.2000048
v -0.076438 -0.038437 0.2576
v -0.059607 -0.113117 0.29202
v -0.012415 -0.145612 0.223403
v -0.0471135 -0.0517101 0.1929401
v 0.047041 -0.0934771 0.396757
v -0.065388 -0.109387 0.2714479
v 0.0333541 -0.0684033 0.1857742
v -0.043824 -0.1218037 0.3149205
v 0.020516 -0.0920071 0.324913
v 0.018279 -0.0846791 0.310569
v 0.034426 -0.0915001 0.329309
v -0.085267 -0.0334838 0.0880068
v -0.0500204 -0.0448698 0.1913745
v -0.0532735 -0.0377281 0.1873278
v -0.053561 -0.0333591 0.4168569
v 0.021397 -0.086438 0.298074
v 0.020088 -0.133255 0.229918
v 0.069134 -0.09336 0.255388
v 0.085744 -0.032915 0.264863
v 0.093058 -0.027936 0.314285
v 0.05078 -0.088865 0.303897
v -0.027669 -0.1375901 0.331687
v 0.0611643 -0.0698021 0.213324
v -0.056756 -0.0457841 0.411482
v -0.0723531 -0.0333456 0.0907483
v -0.0594479 -0.0247422 0.1037117
v -0.054778 0.0500909 0.308344
v 0.024796 -0.1350921 0.229646
v -0.0592008 -0.0218929 0.1158912
v 0.033485 -0.12636 0.21927
v 0.068064 -0.088278 0.2443559
v -0.089982 -0.013959 0.267489
v -0.064341 -0.109847 0.2888169
v 0.052662 -0.0915071 0.392223
v 0.0868 -0.031305 0.268911
v 0.006123 -0.1006841 0.4118439
v 0.030344 -0.127915 0.283338
v 0.015812 -0.14215 0.219221
v 0.088768 -0.027963 0.267509
v 0.037121 -0.122502 0.217578
v 0.028737 -0.0802101 0.417654
v 0.079843 -0.042586 0.2949999
v 0.0556945 0.0102634 0.1978915
v 0.0109286 -0.0775018 0.1762139
v 0.091194 -0.024466 0.26668
v 0.0516318 -0.1174439 0.3089371
v 0.089654 -0.015412 0.290637
v 0.023106 -0.0894281 0.325293
v 0.019796 -0.083529 0.312549
v 0.084505 -0.033954 0.270619
v -0.020249 -0.137275 0.264675
v -0.01964 -0.1370911 0.2616609
v -0.039764 -0.1272341 0.353993
v -0.0524337 -0.1184978 0.2927783
v -0.058366 -0.115589 0.288755
v -0.005272 -0.1470231 0.248498
v -0.080535 -0.007935 0.304666
v -0.056237 -0.115763 0.292299
v -0.021798 -0.141421 0.233595
v -0.035271 -0.0456645 0.2216254
v 6.6e-05 -0.157194 0.2844299
v -0.002453 -0.146321 0.2514859
v -0.026403 -0.125108 0.247023
v 0.017341 -0.142011 0.22136
v -0.051049 -0.0273269 0.1104987
v -0.0365494 -0.1256549 0.2929195
v 0.013645 -0.1445311 0.26234
v 0.0508093 -0.1181831 0.3093625
v 0.0420104 -0.1290378 0.3181721
v 0.050136 -0.117061 0.3092947
v 0.0242791 0.0488684 0.1882179
v 0.010674 -0.1397451 0.294194
v 0.011652 -0.128525 0.212086
v -0.062373 -0.112197 0.2674619
v -0.032 -0.0874491 0.411804
v -0.106575 0.043112 0.133608
v -0.061835 -0.10344 0.247529
v -0.0511364 -0.1193221 0.3041667
v -0.0393929 -0.0562384 0.2266716
v -0.009757 -0.146506 0.225078
v -0.0466983 -0.125576 0.316285
v -0.0442066 -0.0581093 0.1926611
v -0.013136 -0.0927411 0.310023
v -0.020197 -0.094916 0.293422
v -0.039338 -0.095518 0.2894109
v -0.0538118 -0.0981068 0.3030024
v -0.050967 -0.1046253 0.3212413
v -0.027792 -0.136608 0.3287599
v -0.035825 -0.1128011 0.32716
v -0.02506 -0.1078091 0.399529
v -0.02402 -0.132113 0.271146
v -0.03219 -0.1062921 0.241426
v -0.051754 -0.1260281 0.330749
v -0.011499 -0.145122 0.227412
v -0.0484288 -0.0601189 0.198217
v -0.021624 -0.1043081 0.4043929
v -0.084749 -0.0215461 0.3200379
v -0.0468081 -0.1292884 0.3284153
v -0.0512409 -0.1190588 0.3058705
v -0.0452466 -0.065939 0.1960557
v -0.0387568 -0.0682698 0.2204503
v 0.0241006 -0.1207624 0.306543
v -0.062967 -0.0994511 0.244516
v -0.020041 -0.1125481 0.397078
v -0.084548 -0.031033 0.319358
v 0.023666 -0.124159 0.228763
v -0.056998 -0.121111 0.328731
v 0.0641355 -0.0744784 0.2191553
v 0.0303605 -0.1272923 0.3007667
v -0.0693879 -0.0231372 0.0983685
v -0.049309 -0.1209472 0.3105681
v 0.010918 -0.1403461 0.331338
v -0.0500141 -0.1200495 0.3058957
v 0.026479 -0.1310401 0.228954
v -0.090203 -0.015503 0.282354
v 0.0299349 -0.0730949 0.0352267
v 0.052813 -0.0911512 0.2094641
v 0.094814 -0.010868 0.308656
v 0.021844 -0.129669 0.22947
v 0.017204 -0.1366861 0.23021
v 0.024106 -0.122331 0.3081705
v 0.0297016 -0.0514668 0.1584622
v 0.083085 -0.035647 0.2901631
v 0.072824 -0.0548311 0.388179
v 0.028838 -0.1317151 0.262841
v 0.085133 -0.025325 0.276687
v -0.033339 -0.1262355 0.2929266
v 0.1327749 0.0148392 0.1072365
v 0.017083 -0.1368571 0.324017
v 0.008005 -0.1305341 0.186844
v -0.08489 -0.0266261 0.316785
v -0.0234907 0.0416576 0.2320179
v 0.0431506 -0.1241576 0.2969035
v -0.0620169 -0.0883624 0.224961
v 0.004635 -0.148027 0.2651819
v 0.025273 -0.137488 0.245708
v -0.070633 -0.097325 0.2970979
v -0.072405 -0.0952491 0.2933259
v -0.097545 0.059354 0.1344141
v -0.0304987 0.0382351 0.2419339
v 0.0168965 -0.1319947 0.2926105
v -0.0536097 0.0272935 0.1800266
v 0.0607757 -0.1082611 0.3076888
v 0.044696 -0.1259751 0.255445
v -0.098804 0.032401 0.136703
v 0.021264 -0.1305441 0.28777
v 0.0597028 -0.1102893 0.3092265
v 0.075331 -0.004652 0.280894
v 0.026107 -0.08361 0.321513
v 0.0221191 -0.1181402 0.3087372
v 0.038651 -0.0799481 0.3039791
v 0.044328 -0.082453 0.315282
v 0.036514 -0.088757 0.327624
v -0.0035897 -0.0866582 0.1780065
v 0.0493724 -0.114688 0.3111843
v -0.0218451 -0.1228869 0.3068928
v 1.6e-05 -0.033183 0.247736
v -0.071922 -0.095291 0.269461
v 0.046651 -0.1190581 0.363535
v -0.0265861 -0.120873 0.3025687
v 0.01782 -0.133265 0.2883869
v -0.0475153 -0.1251074 0.31297
v 0.05861 -0.1124059 0.31049
v 0.064809 -0.0943271 0.367
v 0.049228 -0.123392 0.260178
v 0.005392 -0.133147 0.189697
v 0.025428 -0.118701 0.229159
v 0.0620076 -0.1064776 0.305873
v -0.025193 -0.131925 0.228988
v -0.0211539 -0.1235652 0.3065192
v -0.0580544 -0.0953758 0.2238065
v 0.05699 -0.1131119 0.3090378
v 0.073833 -0.0874891 0.307373
v -0.0099101 -0.0403854 0.1062256
v 0.080473 -0.0332411 0.286128
v -0.05045 -0.0311532 0.0985424
v 0.006319 -0.14557 0.217812
v -0.080859 -0.03005 0.293039
v -0.080422 -0.035777 0.273576
v 0.014285 -0.0903401 0.30759
v 0.022783 -0.09199 0.292796
v 0.054198 -0.0956631 0.306432
v 0.048949 -0.102829 0.32429
v 0.0679676 -0.0242859 0.2428311
v 0.003989 -0.1395831 0.346236
v 0.0497446 0.0194691 0.2021286
v 0.065204 -0.1036601 0.30101
v 0.08344 0.0091219 0.348593
v 0.0071 -0.153077 0.265392
v -0.0207671 -0.1240485 0.3061288
v 0.073431 -0.094842 0.282258
v 0.073479 -0.0731271 0.371917
v -0.022826 -0.0938161 0.3272731
v 0.074684 -0.010909 0.2762699
v -0.0497299 -0.1264203 0.3223557
v -0.018903 -0.088865 0.298284
v -0.034373 -0.089433 0.290938
v -0.014704 -0.1368081 0.28903
v -0.050667 -0.09116 0.300455
v -0.052154 -0.096871 0.319495
v -0.033929 -0.103932 0.330815
v -0.0204327 -0.1241236 0.3046151
v 0.054795 -0.0012501 0.416436
v -0.0113141 -0.0435267 0.0852387
v 0.0452833 -0.1206357 0.3048027
v -0.074933 -0.0400311 0.25672
v -0.0575526 -0.1135315 0.2952258
v -0.0201172 -0.124503 0.3048676
v -0.002379 -0.146865 0.226611
v -0.005334 -0.1114181 0.402719
v 0.082787 -0.030299 0.274377
v 0.024215 -0.1335051 0.2582919
v 0.0194675 -0.1281759 0.2953978
v -0.059347 -0.104253 0.241662
v -0.0482484 -0.1279511 0.3251173
v -0.028961 -0.131517 0.266988
v -0.034303 -0.097663 0.237469
v -0.0403814 -0.068275 0.2333138
v -0.020223 -0.0966331 0.326291
v -0.01528 -0.088379 0.310246
v -0.0203862 -0.1244956 0.3057144
v -0.02048 -0.0904301 0.295348
v -0.038019 -0.090963 0.290677
v -0.052783 -0.093331 0.303261
v -0.050831 -0.099817 0.3221409
v -0.036715 -0.1008241 0.3308379
v -0.006985 -0.1464611 0.226934
v -0.0410263 -0.0640959 0.191428
v -0.0542273 -0.0980747 0.2185404
v -0.08512 -0.0408231 0.3391729
v -0.016866 -0.086484 0.3124459
v -0.032913 -0.0991251 0.3310779
v -0.0424855 -0.1299351 0.3233219
v -0.010156 -0.114734 0.398217
v -0.060457 -0.1109131 0.2952219
v -0.0404313 -0.124903 0.2956819
v -0.084703 -0.0077641 0.3252889
v -0.0375286 -0.0696288 0.1898163
v 0.0531957 0.0113809 0.2120239
v -0.022592 -0.1274671 0.228776
v 0.010697 -0.1561441 0.266406
v -0.013755 -0.135441 0.293438
v 0.09826 -0.005216 0.289457
v -0.0544265 -0.1159557 0.3089917
v 0.013721 -0.1283779 0.3029524
v -0.024248 -0.12776 0.228674
v -0.0458876 -0.1223612 0.2952683
v -0.044525 -0.1230011 0.356876
v -0.042028 -0.127024 0.272653
v 0.032574 -0.129217 0.225173
v 0.017835 -0.133434 0.229973
v -0.073129 -0.04651 0.245561
v 0.018547 -0.130455 0.228852
v -0.080134 -0.0576591 0.294277
v 0.030335 -0.1139491 0.326317
v 0.070961 -0.0806041 0.36986
v -0.113375 0.05563 0.127825
v 0.009682 -0.1587611 0.268799
v 0.022387 -0.1375321 0.346057
v 0.068029 -0.0805961 0.3772611
v 0.032071 -0.1362881 0.3339829
v 0.056367 -0.118292 0.264362
v 0.019055 -0.131134 0.239986
v 0.020024 -0.0446791 0.431927
v 3.1e-05 -0.1390201 0.3497619
v -1e-06 0.065297 0.161638
v 0.073706 -0.043128 0.081579
v -0.033183 -0.0876179 0.1887649
v 0.050268 -0.1009427 0.213578
v 0.0201786 -0.1249829 0.3043959
v -0.0204534 -0.1237292 0.3051212
v 0.0169901 -0.1056651 0.2968077
v -0.0446737 -0.12744 0.3171327
v -0.0208691 -0.1233597 0.3058997
v -0.1196627 0.0968636 0.0916351
v 0.0365572 -0.1270088 0.3028445
v 0.0530918 -0.0797936 0.2052338
v -0.096386 -0.009647 0.277755
v 0.013837 -0.1327941 0.370323
v -0.084717 -0.0345721 0.305859
v -0.079209 -0.0330671 0.287323
v 0.04168 -0.092575 0.291262
v 0.067205 0.0006589 0.404913
v 0.066742 -0.0941011 0.361184
v 0.025192 -0.1200981 0.230355
v 0.007633 -0.140112 0.3427209
v 0.081848 -0.052092 0.315149
v 0.024046 -0.0716431 0.423507
v 0.083411 -0.046816 0.326508
v 0.011264 -0.144287 0.218222
v 0.018741 -0.129812 0.3745679
v 0.036906 -0.120564 0.213863
v 0.040707 -0.118582 0.216803
v 0.024817 -0.121435 0.231009
v 0.0140164 -0.1072928 0.3159614
v -0.0221351 -0.0744489 0.0272056
v 0.03491 -0.1063791 0.2889359
v 0.0500635 -0.1079452 0.2985085
v 0.020137 -0.125749 0.225569
v 0.020561 -0.130313 0.229376
v 0.0205877 -0.1255623 0.3035128
v 0.081688 -0.04698 0.308077
v 0.013798 -0.141984 0.21737
v 0.066032 -0.1024161 0.312007
v 0.036779 -0.133789 0.337095
v -0.020113 -0.1291471 0.233483
v -0.048495 -0.0195081 0.421789
v -0.079577 -0.053434 0.2895239
v -0.096928 -0.00881 0.283931
v 0.0539 -0.107344 0.230785
v 0.018181 -0.1396511 0.218433
v -0.1359659 0.062629 0.1130888
v -0.080181 -0.016692 0.286536
v 0.082007 -0.029058 0.301004
v 0.0713445 -0.0549381 0.0554978
v 0.075362 -0.028531 0.2742301
v 0.0396471 -0.0462795 0.0860986
v 0.081866 -0.016422 0.279403
v 0.031198 -0.1047271 0.288633
v 8e-06 -0.145409 0.2283249
v 0.0373205 -0.1000329 0.1933165
v 0.093177 -0.015212 0.291782
v 0.071626 -0.0884401 0.349182
v 0.0637501 0.0373179 0.1620271
v 0.090924 -0.0184521 0.311735
v 0.020722 -0.126506 0.2596519
v 0.0487277 -0.1168363 0.3071874
v 0.053507 -0.120261 0.285149
v -0.002678 -0.13507 0.192757
v 0.034363 -0.126825 0.28354
v 0.0541026 0.0364766 0.1721521
v 0.079793 -0.024789 0.293511
v 0.0429096 -0.1255504 0.3026327
v 0.017738 -0.1316721 0.236442
v 0.014776 -0.0833052 0.1793419
v 0.0679498 -0.069641 0.2254234
v 0.021136 -0.1393061 0.338532
v 0.0234942 -0.124465 0.3087053
v 0.093988 -0.014096 0.2956059
v -0.003145 -0.147112 0.218898
v 0.0654009 -0.0318914 0.224474
v 0.0556227 -0.0834328 0.2095261
v 0.0469261 -0.1230539 0.3012495
v -0.08215 -0.011402 0.280033
v -0.071525 -0.09943 0.2811629
v -0.087191 -0.030706 0.305234
v 0.004982 -0.1088 0.2038685
v 0.0507258 -0.1038526 0.2178008
v -0.067018 -0.1041791 0.293592
v -0.078448 0.002959 0.298984
v 0.1016502 0.1026995 0.0970509
v 0.084198 -0.037855 0.322194
v 0.007572 -0.12012 0.203811
v 0.071098 -0.0878921 0.35557
v -0.0333678 -0.1297834 0.3151093
v -0.009372 -0.1273161 0.381854
v -0.029257 -0.130998 0.227897
v -0.005846 -0.138023 0.211998
v -0.0364816 -0.1302442 0.3146267
v -0.015478 -0.127395 0.216514
v 0.0614867 -0.04232 0.0858615
v -0.079578 -0.062508 0.288803
v 0.129049 0.049211 0.121017
v -0.012096 -0.0996971 0.3063749
v -0.023827 -0.1014021 0.290334
v -0.043729 -0.102164 0.290696
v -0.0538889 -0.1053511 0.3062885
v -0.0477796 -0.1118251 0.3208033
v -0.052443 -0.120728 0.260062
v -0.015843 -0.1098211 0.401564
v 0.065036 -0.090537 0.236749
v -0.0205361 -0.1237652 0.3058596
v -0.039289 -0.08009 0.240601
v 0.01898 -0.125647 0.222184
v -0.0252557 -0.1251773 0.3037863
v 0.076527 -0.033637 0.258765
v 0.092257 -0.016327 0.297477
v -0.007366 -0.135761 0.19814
v -0.032234 -0.1316621 0.3538939
v -0.007681 -0.13441 0.192966
v -0.080737 -0.0573711 0.306246
v -0.047329 -0.0867851 0.401571
v -0.0494369 -0.0683967 0.2004204
v -0.0527359 -0.0626795 0.2032723
v -0.009604 -0.1216901 0.389931
v -0.077102 -0.035523 0.286199
v -0.006173 -0.1402 0.2144
v -0.018506 -0.104309 0.324679
v -0.004986 -0.147429 0.224638
v -0.024214 -0.1240911 0.229226
v -0.024551 -0.136573 0.2498589
v -0.020085 -0.1393201 0.249282
v 0.083822 -0.0486661 0.354907
v -0.080695 -0.0162931 0.2837459
v -0.012949 -0.135742 0.236255
v 0.076599 -0.022523 0.285729
v -0.040763 -0.0896971 0.404932
v -0.079995 -0.0633941 0.311742
v -0.0486415 -0.1185993 0.306692
v -0.024336 -0.126186 0.228764
v -0.039852 -0.123274 0.223693
v -0.0388054 -0.1127363 0.2053035
v -0.059976 -0.116256 0.330337
v -0.037091 -0.1281671 0.357363
v 0.0496669 -0.1172466 0.3076132
v -0.005136 -0.1357431 0.195601
v -0.004074 -0.152338 0.265309
v -0.005417 -0.1535271 0.2643339
v -0.063285 -0.110571 0.327176
v 0.01235 -0.131741 0.259635
v 0.014642 -0.104851 0.319263
v 0.0165978 -0.1293529 0.31508
v 0.06992 -0.0875711 0.362002
v -0.07122 -0.032364 0.256591
v 0.083615 -0.013257 0.274985
v 0.031479 -0.134062 0.239721
v -0.031045 -0.1331401 0.232291
v 0.032447 -0.11139 0.32825
v -0.066746 -0.1064351 0.289179
v -0.031898 -0.130185 0.227289
v -0.0543098 -0.1153038 0.3081366
v 0.07992 -0.043796 0.285827
v -0.016965 -0.106983 0.3218929
v -0.012978 -0.1018091 0.30293
v -0.027433 -0.103093 0.28907
v -0.0465872 -0.1040697 0.2928574
v -0.0532787 -0.1077642 0.3092551
v -0.0454089 -0.1142345 0.3209719
v -0.011674 -0.137759 0.2331
v 0.0438988 -0.1163799 0.319837
v 0.023177 -0.1303011 0.3710609
v 0.0153224 -0.0595178 0.1526957
v 0.022659 -0.12434 0.228212
v -0.065295 -0.110517 0.27634
v 0.006036 -0.132988 0.258995
v 0.0408546 -0.1260185 0.3030689
v 0.024746 -0.1154322 0.2969117
v 0.0392831 -0.1168029 0.2962321
v 0.010428 -0.148143 0.242766
v 0.03872 -0.0794071 0.311997
v -0.074176 -0.024741 0.27925
v 0.07084 -0.0920461 0.319849
v 0.072973 0.0009286 0.1366937
v 0.063555 -0.1055861 0.344616
v 0.076184 -0.0806781 0.308122
v 0.060014 -0.1061981 0.3592159
v -0.0222752 -0.1248084 0.3080351
v 0.0587438 -0.1185973 0.3216891
v -0.1068926 -0.0401067 0.055189
v 0.007826 -0.135727 0.206335
v 0.0647819 -0.0640767 0.2182461
v 0.083924 0.0050669 0.336764
v -0.086296 -0.0329181 0.3047459
v -0.100183 -0.01213 0.309828
v -0.081251 -0.0283171 0.293704
v -0.0222316 -0.1237257 0.3074289
v 0.037898 -0.128357 0.232748
v 0.005397 -0.127769 0.184238
v 0.061002 -0.110589 0.339913
v 0.0159219 -0.1283889 0.2994205
v 0.012631 -0.0146951 0.435328
v 0.008717 -0.1536781 0.264674
v 0.0445948 -0.0414873 0.1678874
v 0.023192 -0.125142 0.228651
v -0.0156129 -0.0404815 0.0959852
v 0.019339 -0.127937 0.227238
v -0.007192 -0.0867051 0.4206551
v 0.014034 -0.136475 0.211967
v 0.036143 -0.13006 0.233716
v -0.080558 -0.037315 0.274399
v -0.07551 -0.0739141 0.3634849
v -0.064599 -0.111605 0.280872
v 0.074605 -0.023764 0.283342
v -0.074458 -0.023439 0.281102
v 0.072137 -0.0904461 0.311082
v -0.081979 -0.018026 0.276875
v 0.083162 -0.014541 0.291857
v -0.076659 -0.020018 0.2828901
v -0.099872 -0.0139451 0.313431
v 0.011345 -0.1538101 0.26495
v 0.018024 -0.0946701 0.3237429
v 0.025726 -0.093572 0.290653
v 0.0509618 -0.1067507 0.2219208
v 0.0663205 -0.0149313 0.2358689
v 1.1e-05 -0.0941631 0.416746
v 0.091258 -0.0209101 0.312902
v 0.019194 -0.147805 0.267231
v -0.079449 -0.017919 0.284336
v -6.1e-05 -0.139225 0.244167
v -0.000182 0.0773409 0.332914
v 0.0579512 0.0032937 0.2214429
v 0.082385 -0.0298291 0.306282
v 0.02305 -0.0272461 0.432941
v -0.077817 -0.002296 0.292251
v 0.090842 -0.0114751 0.31185
v 0.0146385 -0.1038065 0.2997179
v 0.08058 -0.033617 0.273428
v 0.008835 -0.142309 0.2644899
v 0.083872 -0.029575 0.3018199
v 0.0487608 -0.105974 0.2955389
v 0.027532 -0.063557 0.054925
v 0.074593 -0.017119 0.2735
v 2.6e-05 -0.136769 0.205481
v 0.084205 -0.034988 0.2866751
v -0.036052 -0.0451762 0.2334396
v -0.078913 -0.006481 0.2963189
v 0.035807 -0.083018 0.322549
v 0.0468861 -0.1066327 0.213319
v 0.0504618 -0.1124479 0.3137031
v 0.002092 -0.139636 0.2401289
v -0.049334 -0.1181951 0.359303
v -0.0441309 -0.1226539 0.3044173
v -0.050031 -0.1261431 0.334959
v -0.014221 -0.123594 0.386075
v -0.035802 -0.1033821 0.397507
v -0.01946 -0.1342381 0.279637
v -0.023298 -0.123163 0.228145
v -0.053751 -0.1128681 0.36164
v -0.076762 -0.075165 0.321451
v -0.023692 -0.1208021 0.385888
v -0.04491 -0.120117 0.23098
v 0.0520953 -0.11015 0.3118176
v -0.041095 -0.0960131 0.400019
v 0.0478742 -0.1214068 0.2976676
v 0.024293 -0.135111 0.2540159
v -0.065719 -0.085296 0.231634
v -0.0303422 -0.1267392 0.2981336
v -0.077104 -0.047214 0.266075
v 0.020721 -0.122018 0.216661
v -0.083276 -0.033356 0.286597
v -0.036766 -0.0627215 0.1864535
v 0.0347868 -0.0972204 0.1904659
v 0.023944 -0.132227 0.267064
v 1.58e-05 -0.0845236 0.1776054
v -0.028188 -0.0363509 0.2184121
v -0.045247 -0.1301321 0.3322659
v -0.079117 -0.019461 0.276559
v -0.015278 -0.145524 0.241681
v -0.0185796 -0.1125855 0.3001516
v -0.0336638 -0.1134678 0.2922425
v -0.0462285 -0.1146492 0.3000645
v -0.027359 -0.0812691 0.309602
v -0.035861 -0.0803411 0.317674
v -0.078528 -0.0694821 0.316972
v -0.019224 -0.119263 0.389858
v -0.042483 -0.121855 0.227154
v -0.0427044 -0.1245398 0.3038022
v -0.0189529 -0.115414 0.3144879
v -0.0215204 -0.1140802 0.2981525
v -0.036623 -0.1148896 0.2936691
v -0.036136 -0.0813781 0.319927
v -0.0306994 -0.1270456 0.2989243
v -0.072456 -0.086689 0.26198
v 0.065954 0.047927 0.155593
v -0.0185012 -0.1135712 0.3177718
v -0.0408502 -0.1247976 0.3036089
v -0.026074 -0.1239321 0.241423
v -0.058304 -0.1148511 0.3136002
v -0.018705 -0.133987 0.283947
v -0.075249 -0.043686 0.256543
v -0.035592 -0.1191838 0.3213241
v -0.01092 -0.1404921 0.3394358
v -0.0425886 -0.1232358 0.3038024
v -0.0470909 -0.1160924 0.3034213
v -0.0233999 -0.1230134 0.3080348
v -0.025048 -0.123626 0.23667
v -0.022959 -0.1223891 0.226552
v -0.080699 -0.059528 0.320844
v -0.023359 -0.129996 0.228864
v -0.035413 -0.0991591 0.401593
v -0.079125 -0.066563 0.3257599
v -0.081894 -0.05605 0.33163
v -0.056711 -0.105574 0.236115
v 0.007728 -0.1570181 0.2644869
v 0.033125 -0.127907 0.222506
v 0.0430347 -0.125369 0.2999386
v 0.015827 -0.0973511 0.3218319
v 0.014004 -0.0922831 0.3044799
v 0.04517 -0.094368 0.292547
v 0.0548437 -0.0982105 0.3096669
v 0.007842 -0.123787 0.182496
v 0.016728 -0.1330361 0.23326
v -0.0606839 -0.0323391 0.0939608
v -0.0225154 -0.0559033 0.1551226
v 0.0679376 -0.0580441 0.2245827
v -0.036546 -0.1302651 0.240048
v -0.07804 -0.0660531 0.364969
v -0.081405 -0.027957 0.2964821
v -0.098127 -0.0172261 0.315862
v -0.072073 -0.097363 0.275721
v -0.046364 -0.117379 0.22835
v -0.0214211 -0.1243276 0.3068967
v -0.083723 0.0012769 0.326774
v -0.014689 -0.088223 0.1797572
v 0.0115309 -0.1302342 0.3043777
v -0.01569 -0.1479921 0.26226
v 0.0366328 -0.0880799 0.2317265
v 0.082742 -0.040536 0.312466
v -0.06774 -0.105451 0.270736
v 0.011207 -0.138745 0.230481
v 0.023889 -0.085553 0.322452
v 0.0572665 -0.0749547 0.2091645
v 0.022133 -0.127956 0.2018469
v -0.007845 -0.147284 0.222768
v -0.0523444 -0.0269696 0.1236088
v -0.0536698 -0.0468669 0.200871
v -0.0465204 -0.1166456 0.3155685
v -0.0512043 -0.036259 0.1740184
v -0.094381 -0.015942 0.268034
v -0.089253 -0.0311161 0.308073
v -0.09071 -0.0307521 0.311651
v -0.0537028 -0.027642 0.1372784
v -0.0543693 -0.1161551 0.2956872
v -0.038947 0.085365 0.128759
v -0.0547608 -0.0284361 0.1515332
v 0.0183079 -0.0754646 0.1781937
v 0.067386 -0.1000251 0.3096289
v -0.0485397 -0.1163197 0.3119237
v 0.053619 -0.0714368 0.2046745
v 0.039519 -0.12644 0.231328
v 0.038547 -0.075263 0.263203
v 0.0556887 -0.0293285 0.1663696
v 0.0257839 -0.0723663 0.1813522
v 0.02144 -0.087762 0.322699
v 0.022941 -0.083179 0.301228
v 0.047908 -0.085013 0.304767
v 0.047981 -0.0905051 0.322085
v 0.031008 -0.0899771 0.328474
v 0.019588 -0.1396991 0.220727
v 0.072265 -0.097208 0.2870469
v -0.0109688 -0.0728866 0.1718788
v -0.023004 -0.1294691 0.247857
v -0.064074 -0.0313071 0.4078191
v -0.069886 -0.100748 0.2698689
v -0.091406 -0.018086 0.263753
v -0.07479 0.0296409 0.3351721
v -0.00466 -0.0451103 0.1170973
v 0.033161 -0.0873841 0.326997
v -0.05096 -0.1188471 0.2964782
v 0.058826 -0.116004 0.33463
v -0.078412 -0.0249591 0.288912
v -0.0561241 -0.0393187 0.1995706
v 0.027602 -0.125047 0.207033
v -0.0579183 -0.0492313 0.2091448
v -0.079044 -0.0225601 0.291324
v 0.0572469 -0.0873535 0.2142328
v 0.0069271 -0.0939178 0.1787274
v 0.0146801 -0.0787827 0.1781863
v 0.075693 -0.073069 0.268507
v 0.079212 -0.030671 0.260766
v 0.078559 -0.014159 0.2768129
v -0.087917 -0.020837 0.261214
v 0.075108 -0.024558 0.2854329
v 0.0537394 -0.1167722 0.3090335
v 0.08327 -0.026511 0.3092269
v -0.074352 -0.0357661 0.25765
v 0.0461714 -0.118424 0.3043924
v 0.006754 -0.144973 0.2647469
v -0.081826 -0.014789 0.285634
v 0.006604 -0.15999 0.266114
v 0.036627 -0.079179 0.3068659
v -0.060778 -0.0168161 0.412725
v 0.046613 -0.105844 0.325726
v 0.081838 -0.034154 0.297419
v -0.0469339 -0.1186134 0.3135448
v -0.0946711 8.82e-05 0.1087055
v 0.008856 -0.143743 0.216834
v -0.0325733 0.0503238 0.176593
v 0.0731795 -0.0491084 0.0688205
v 0.085858 -0.025725 0.257611
v 0.0489145 -0.1157688 0.3078976
v 0.074199 -0.0795451 0.264027
v 0.042015 -0.126608 0.246955
v 0.092952 -0.018051 0.271681
v 0.047828 0.0465409 0.3904229
v 0.064064 -0.095222 0.240966
v 0.0599596 -0.0790748 0.21403
v 0.075099 -0.083488 0.27186
v 0.087184 -0.01069 0.278761
v 0.026012 -0.131504 0.228543
v 0.082745 -0.0457461 0.36788
v 0.085645 -0.029098 0.255609
v 7.8e-05 -0.1464541 0.2542999
v -0.097758 -0.0207181 0.3141579
v 0.0196401 -0.0528336 0.1434079
v -0.06781 -0.106525 0.2757258
v 0.0463103 0.0212367 0.2154497
v -8.2e-05 0.07344 0.310715
v 0.133473 0.029734 0.116934
v 0.073907 -0.030239 0.276056
v 0.028031 -0.077684 0.2680961
v 0.0242349 -0.1215491 0.3089085
v 0.003892 -0.1499181 0.2925719
v 0.020763 -0.130595 0.243774
v 5.7e-05 -0.152844 0.290053
v -3.38e-05 -0.0511643 0.128287
v 0.0407888 -0.1283939 0.3172594
v 0.037503 -0.07914 0.3095829
v 0.0530209 -0.117531 0.3091925
v -0.002605 -0.136563 0.19844
v 0.022821 -0.08236 0.303581
v 0.031857 -0.08247 0.297309
v 0.045199 -0.083441 0.302846
v 0.048325 -0.0879341 0.3190809
v 0.02801 -0.0884781 0.326957
v 0.013871 -0.1396241 0.23034
v 0.00766 -0.1611161 0.271907
v 0.07148 0.032921 0.32015
v -0.027388 -0.114519 0.228275
v -0.002781 -0.147841 0.222396
v -0.012772 -0.129759 0.187997
v -0.053224 -0.1208881 0.264654
v -0.065301 -0.0880941 0.3745279
v -0.014594 -0.1394491 0.329078
v -0.0507675 -0.1214092 0.3110071
v -0.010176 -0.132316 0.190221
v -0.026213 -0.119095 0.232285
v -0.025594 -0.086973 0.3248119
v -0.065507 -0.1024381 0.3061659
v -0.029485 -0.0816761 0.29903
v -0.04221 -0.082175 0.301539
v -0.047928 -0.0856581 0.315961
v -0.038059 -0.0930341 0.329311
v -0.008619 -0.1448501 0.230489
v -0.063505 -0.104897 0.303594
v -0.019734 -0.089963 0.267221
v -0.0236003 -0.1195997 0.310506
v -0.06219 -0.0950621 0.372403
v -0.02025 -0.1444731 0.267668
v -0.081254 0.0117609 0.326248
v -0.03531 -0.0799561 0.31569
v -0.027999 -0.080796 0.302199
v -0.008933 -0.1376361 0.229423
v -0.029854 -0.1104391 0.23357
v 0.0470333 -0.0430385 0.1804574
v -0.064868 -0.1074291 0.292692
v -0.0628589 -0.0527286 0.2166152
v -0.017524 -0.148592 0.2705239
v -0.028144 -0.1161071 0.389115
v -0.012253 -0.13581 0.229432
v -0.0268929 -0.1261265 0.303093
v -0.020587 -0.1407641 0.267608
v -0.051744 -0.1172881 0.35536
v -0.056076 -0.112063 0.357232
v -0.028381 -0.1154471 0.235664
v -0.067959 -0.087929 0.368046
v -0.02411 -0.1147101 0.392876
v -0.028358 -0.11008 0.395495
v -0.051065 -0.119712 0.3098889
v -0.020803 -0.140464 0.2643949
v -0.018897 -0.144881 0.270882
v -0.0202498 -0.1241136 0.3053375
v 0.0664372 -0.0234623 0.229911
v -0.088341 -0.0179831 0.295468
v -0.01099 -0.145569 0.231601
v 0.034745 -0.0834531 0.296021
v 0.024113 -0.1400401 0.234476
v 0.041057 -0.124278 0.22941
v 0.077811 -0.022728 0.287414
v 0.0435968 -0.1271498 0.3166776
v -0.019622 -0.1325241 0.247153
v 0.0514235 0.0135897 0.2262775
v -0.0410397 0.0289824 0.2404869
v -0.00373 -0.1407691 0.337893
v 0.085629 -0.014265 0.2900249
v -0.079662 -0.002675 0.302303
v 0.031333 -0.1200176 0.3202367
v -0.0284958 -0.1260369 0.303634
v -0.007306 -0.1468021 0.231468
v -0.070607 -0.052047 0.233518
v -0.009217 -0.1318551 0.373777
v -0.034642 -0.079922 0.313459
v -0.027404 -0.081281 0.300809
v -0.039107 -0.08114 0.301056
v -0.046812 -0.083689 0.313061
v -0.040053 -0.090177 0.32741
v -0.01036 -0.1350271 0.227249
v 0.01773 -0.1410881 0.2735629
v 0.035605 -0.13072 0.246899
v 0.05596 -0.113021 0.307036
v 0.010087 -0.149157 0.237595
v -0.010968 -0.0861724 0.1787902
v 0.0217751 -0.1334451 0.3217045
v 0.007421 -0.145031 0.2940639
v 0.028889 -0.134986 0.246288
v -0.0255853 -0.1215017 0.304518
v 0.0182184 -0.1151975 0.3088967
v 0.0279595 -0.1167487 0.2964718
v 0.040226 -0.0801811 0.314245
v 0.034797 -0.0850451 0.324967
v 0.0586308 -0.1100152 0.306108
v 0.032299 -0.13275 0.246695
v -0.0345548 0.0340788 0.2300487
v -0.030062 -0.1344571 0.234258
v -0.069998 -0.102275 0.275556
v 0.023936 -0.1325311 0.262731
v -0.083698 -0.034675 0.313443
v 0.011865 -0.1195771 0.205009
v -0.0462239 0.036029 0.1833503
v -0.086108 -0.016831 0.330795
v 0.08269 -0.032739 0.2882699
v -0.0546219 -0.1161076 0.3097961
v 0.090672 -0.017173 0.309277
v -0.026809 -0.117032 0.231203
v -0.089523 -0.0184241 0.298895
v 0.0249674 -0.1241831 0.3095333
v -0.067166 -0.107809 0.28058
v -0.077297 0.0228059 0.3241819
v 0.067125 -0.1008231 0.303407
v -0.09736 -0.009986 0.306396
v 0.0231117 -0.1272338 0.2944885
v -0.085661 -0.0337581 0.3102911
v 0.017529 -0.1399971 0.333819
v -0.078354 -0.019309 0.284909
v 0.0473934 -0.1091617 0.2171844
v -0.069025 -0.099508 0.263754
v 0.0449075 -0.1246044 0.3019868
v 0.096275 -0.002949 0.295086
v 0.017112 -0.149509 0.2638359
v -0.08543 -0.0309881 0.31403
v -0.069504 -0.103643 0.2805759
v -0.1069763 0.0042983 0.1071242
v 0.0566136 -0.1118943 0.305388
v 0.084531 -0.0324401 0.369376
v -0.079334 -0.0188 0.286899
v -0.0495285 -0.1162245 0.3092865
v -0.070847 -0.0936691 0.262644
v 0.0167513 -0.1135711 0.3120269
v -0.085162 -0.023663 0.259886
v 0.037631 -0.129193 0.236549
v -0.076791 -0.0428941 0.263451
v 0.063486 -0.1003401 0.3602699
v 0.0577778 -0.1115426 0.3077287
v -0.026437 -0.131815 0.229165
v 0.0216502 -0.1311908 0.3190553
v -0.087685 -0.032521 0.258367
v -0.083251 -0.036435 0.307976
v 0.040047 -0.128296 0.25105
v -0.0366004 0.0434931 0.1858878
v -0.0491981 -0.1160494 0.3101103
v -0.078576 -0.033517 0.273627
v -0.08825 -0.031565 0.31273
v -0.087032 -0.0193131 0.34121
v -0.116372 -0.0034512 0.0969833
v -0.0186615 -0.0850398 0.1807414
v -0.029218 -0.1342291 0.232159
v 0.055361 0.0533219 0.35854
v 0.058442 0.0451869 0.37611
v 0.038878 -0.12869 0.247038
v 0.0127 -0.148202 0.239778
v 0.0202348 -0.1295477 0.2917567
v 0.015874 -0.1412441 0.276746
v 0.0453493 -0.1235599 0.2988702
v 0.002762 -0.136719 0.207282
v 0.028736 -0.1340201 0.2502539
v 0.027235 -0.1348211 0.350233
v 0.009374 -0.1478161 0.2332
v 0.0399458 -0.0480947 0.1744587
v 0.067403 -0.100467 0.325395
v 0.103013 0.088178 0.112681
v -9.31e-05 -0.0462075 0.2067239
v 0.007666 -0.149291 0.2351729
v 0.050903 -0.109546 0.225892
v 0.0407181 -0.0377315 0.0948627
v 0.097906 -0.003586 0.300925
v 0.084614 -0.015156 0.280511
v 0.0420828 -0.124349 0.2908415
v 0.081734 -0.029528 0.256682
v 0.081265 -0.036334 0.2982
v 0.0104632 -0.1196953 0.1815132
v 0.080325 0.0175099 0.336823
v 0.0215097 -0.092852 0.1822256
v 0.0298447 -0.1289872 0.3164945
v 0.053939 -0.1153272 0.3033098
v 0.081157 -0.0361221 0.293907
v -0.085783 -0.0067421 0.334586
v 0.0385045 -0.0782319 0.2255903
v 0.04328 -0.122698 0.2329829
v -0.085024 -0.035558 0.26055
v 0.0476299 0.0277143 0.1925484
v 0.017601 -0.0619771 0.42874
v 0.0249961 -0.1227752 0.3095737
v 0.082794 -0.03334 0.273468
v 0.0590039 0.0098308 0.183985
v -0.040455 -0.057025 0.241454
v 0.086957 -0.0280941 0.3149291
v -0.005732 -0.147617 0.220595
v -0.0619747 -0.0060583 0.2147054
v 0.011164 0.0595249 0.2766329
v -0.03479 -0.131436 0.243334
v -0.081396 -0.0592751 0.3556579
v -0.006913 -0.139961 0.300863
v -0.036016 -0.129269 0.23039
v 0.002096 -0.1434131 0.229536
v -0.017201 -0.136775 0.230143
v -0.0384296 -0.1277155 0.3134688
v -0.0393674 -0.1294276 0.3138447
v -0.015663 -0.142459 0.219007
v -0.031874 -0.133449 0.243125
v -0.01063 -0.139764 0.2941859
v -0.028704 -0.0802301 0.417621
v -0.047009 -0.0936611 0.396597
v -0.0191612 -0.1269458 0.298708
v -0.0298646 -0.0733362 0.1847098
v -0.037393 -0.127582 0.228695
v -0.0210847 -0.1252321 0.3076866
v -0.0420008 -0.1290672 0.3181778
v 0.028182 -0.1217291 0.3821959
v 0.042217 0.053088 0.165998
v 0.081495 -0.0249781 0.306385
v -0.0683829 -0.0619604 0.0417901
v 0.0194024 -0.03186 0.2141676
v -0.0416636 -0.1276824 0.3132425
v -0.012798 -0.1430111 0.26232
v -0.037686 -0.129772 0.259357
v -0.038166 -0.1295021 0.2637
v 0.088226 -0.0247401 0.31635
v 0.080292 -0.030262 0.273229
v 0.069789 -0.027611 0.261859
v 0.1437761 0.0401358 0.1141552
v -2e-06 -0.141389 0.2297039
v 0.0679006 -0.0161128 0.2488237
v 0.079413 -0.025269 0.296145
v 0.091923 -0.0250291 0.317272
v 0.038989 -0.1282781 0.239724
v 0.05142 0.066554 0.14804
v 0.1370884 -0.0100904 0.0793197
v 0.0078456 -0.061753 0.1509797
v 0.087656 -0.01981 0.306386
v 0.1419409 -0.0037201 0.0850025
v 0.0181387 -0.0703874 0.1738062
v 0.0858992 -0.0476889 0.0627759
v 0.022209 -0.1298161 0.256229
v 0.057715 -0.0898051 0.386825
v 0.001901 -0.139357 0.228756
v 0.0041164 -0.0567745 0.1397829
v 0.030534 -0.0811661 0.3190939
v 0.02961 -0.082897 0.3221211
v 0.0315529 -0.1042704 0.2292352
v -0.063735 -0.107716 0.261111
v 0.023174 -0.134383 0.2286749
v 0.0121242 -0.0554685 0.1411212
v 0.082067 -0.020781 0.2685951
v -0.0243295 0.0488602 0.1881539
v 0.0462567 -0.123488 0.3037017
v 0.0215098 -0.12694 0.3123181
v 0.0086485 -0.1340955 0.3143609
v 0.035917 -0.127213 0.279885
v 0.036437 -0.130165 0.250939
v 0.058271 -0.1078081 0.24468
v 0.0403069 -0.1163993 0.2130387
v 0.0407944 -0.1265027 0.3011474
v 0.004757 -0.139089 0.243244
v -0.0072937 -0.0760266 0.1738963
v 0.01681 0.0656449 0.380136
v -0.008813 0.051606 0.190447
v -0.04768 -0.1217051 0.246464
v -0.0579427 -0.09141 0.2191477
v -0.092089 -0.022647 0.262083
v 0.0395484 -0.1145398 0.2092201
v 0.01846 -0.1372621 0.272801
v 0.033062 -0.0821631 0.321652
v -0.089285 -0.028596 0.2577621
v 0.029003 -0.131085 0.270973
v 0.01458 -0.1453061 0.276865
v -0.086221 -0.0052051 0.346
v 0.049435 -0.0687018 0.0378826
v -0.0434511 0.024358 0.2283718
v 0.04603 0.0569259 0.3729689
v 0.0303209 -0.1009575 0.1875269
v -0.067441 -0.0989891 0.257535
v -0.0886205 -0.0102533 0.1002318
v -0.0945603 -0.020484 0.0927325
v 0.023048 -0.127972 0.229307
v 0.0437412 -0.1129541 0.3238766
v -0.072246 -0.0316811 0.278305
v 0.017083 -0.1507281 0.266564
v -5.3e-05 -0.1402541 0.236282
v 0.033253 0.0577549 0.386086
v 2e-05 -0.0784761 0.42512
v 0.010221 -0.137 0.2984889
v -0.045512 -0.122601 0.242203
v 0.0600566 -0.112061 0.312813
v -0.063921 -0.103334 0.253476
v 0.0131493 -0.133257 0.2972832
v 0.0220375 -0.1117016 0.2953217
v 0.0485841 -0.1139385 0.3032858
v 0.03342 -0.0810181 0.319753
v 0.0488498 -0.1155362 0.3071432
v 0.002044 -0.1517021 0.259069
v -0.076609 -0.034161 0.273782
v -0.05947 -0.11705 0.277244
v 0.0601947 0.0016155 0.1924562
v -0.094983 -0.02284 0.312827
v -0.023876 -0.137019 0.230409
v -0.080564 0.0074995 0.1322509
v 0.048306 -0.098011 0.324949
v -0.0688918 0.0014749 0.149914
v 0.0385998 -0.1270622 0.302161
v 0.0130633 -0.1306907 0.300398
v 0.0412166 -0.1138344 0.2945229
v -0.026581 -0.130956 0.228962
v -0.0537049 -0.0946355 0.2140143
v -0.000127 0.0617799 0.390612
v 0.071619 -0.0891611 0.3429929
v 0.061712 -0.1056861 0.3543269
v 0.009368 -0.1455501 0.289236
v 0.0165622 -0.1082634 0.204303
v 0.047506 -0.118396 0.235092
v -0.065387 -0.098838 0.250928
v -0.087004 -0.016285 0.292686
v 0.062875 -0.1055341 0.3493919
v 0.0287765 -0.1162038 0.3238762
v 0.0141785 -0.1095014 0.3125035
v 0.014382 -0.1527981 0.265668
v 0.027898 -0.1181966 0.3210551
v 0.023922 -0.12996 0.22883
v 0.0151218 -0.1114721 0.3090986
v 0.017337 0.0550779 0.398001
v -0.0521857 -0.1184302 0.309437
v -0.0345915 -0.1253038 0.3031993
v 0.058089 -0.1110721 0.3534509
v 0.027949 -0.126653 0.374872
v -0.027271 -0.131173 0.228466
v -0.089216 -0.024459 0.258764
v -0.069173 -0.09557 0.327824
v 0.0216962 -0.0652184 0.1709451
v 0.00845 -0.0697791 0.428029
v 0.077125 -0.032574 0.288943
v -0.081512 -0.0399271 0.3053569
v 0.024244 -0.127221 0.228759
v -0.070768 -0.0990431 0.2913051
v -0.077459 -0.020785 0.285512
v 3.1e-05 -0.137526 0.35737
v 0.020294 -0.133999 0.268196
v 0.070084 -0.031621 0.249776
v -0.072498 -0.036653 0.280302
v 0.007765 -0.144965 0.261454
v 0.0278 -0.0847951 0.32378
v -0.0327325 -0.126678 0.2870647
v -0.0445511 -0.128793 0.3209641
v -0.033648 -0.1308641 0.26321
v -0.041154 -0.071053 0.24962
v -0.037143 -0.122498 0.217634
v -0.0333529 -0.0683812 0.1857974
v -0.083155 -0.0523601 0.343021
v -0.0206902 -0.1249017 0.306482
v -0.020507 -0.091972 0.324834
v -0.018288 -0.084661 0.310481
v -0.021412 -0.086442 0.297989
v -0.036468 -0.08688 0.292892
v -0.050786 -0.0889011 0.303837
v -0.049816 -0.0950311 0.322405
v -0.034414 -0.091476 0.329237
v -0.020541 -0.085102 0.300893
v -0.028479 -0.0927291 0.329192
v -0.033119 -0.085589 0.293684
v -0.048313 -0.086981 0.301409
v -0.050673 -0.092204 0.319505
v -0.031921 -0.094386 0.330259
v -0.013814 -0.144173 0.26088
v -0.033285 -0.1311051 0.2589639
v -0.034506 -0.1018561 0.250865
v -0.076466 -0.076323 0.347824
v -0.028805 -0.127429 0.287041
v -0.03704 -0.091161 0.246938
v 0.003268 -0.138825 0.2476779
v -0.017212 -0.142261 0.221209
v -0.030291 -0.12791 0.283339
v -0.0640629 -0.0744495 0.2191684
v -0.013441 -0.144384 0.262576
v 3e-06 0.077832 0.141729
v -0.023101 -0.0893951 0.325212
v -0.019806 -0.08351 0.312459
v 0.084348 -0.0219081 0.306705
v -0.076858 -0.036264 0.276761
v 0.019391 -0.059295 0.063108
v -0.0555201 -0.1141365 0.3082803
v -0.008594 -0.1384491 0.2128039
v -0.012715 -0.129179 0.215968
v -0.034124 -0.1291091 0.360711
v -0.0570988 -0.0658868 0.2081673
v 0.09426 -0.01464 0.288988
v -0.007334 -0.1407961 0.334345
v -0.023664 -0.126499 0.228728
v -0.036715 -0.124554 0.221025
v -0.0551562 -0.1151527 0.3092047
v -0.032845 -0.1319721 0.232056
v -0.015953 -0.1021951 0.322139
v -0.012979 -0.0969551 0.303512
v -0.026407 -0.0982881 0.289318
v -0.046202 -0.099213 0.292236
v -0.0546862 -0.1030972 0.3093953
v -0.0462872 -0.1103176 0.3237293
v -0.014418 -0.135456 0.2331
v -0.024121 -0.125174 0.228849
v -0.012673 -0.094875 0.306872
v -0.02305 -0.0966081 0.291062
v -0.042946 -0.0973101 0.2904709
v -0.0546701 -0.1005548 0.3062186
v -0.0487716 -0.1075189 0.3228527
v -0.086919 -0.0194761 0.35554
v -0.035981 -0.12661 0.224113
v -0.082976 -0.0006391 0.374982
v -0.076454 -0.0777721 0.314192
v -0.045566 -0.1000711 0.392263
v 0.035501 -0.1310071 0.236833
v -0.032981 -0.12297 0.212019
v -0.0303097 -0.1272766 0.3007919
v -0.0610797 -0.0697805 0.2133448
v -0.017871 -0.0994471 0.3245489
v -0.033508 -0.124613 0.215791
v -0.03594 -0.047854 0.248854
v 0.029342 -0.1323601 0.357132
v -0.013078 -0.123439 0.183327
v -0.0602539 -0.0597151 0.2119903
v -0.0285632 -0.1268545 0.3020089
v 0.0247924 -0.1256375 0.3100924
v -0.01063 -0.131878 0.220137
v 0.0525391 -0.1082792 0.3148292
v 0.088337 -0.020286 0.309297
v -0.0297622 -0.1213111 0.3006988
v -0.021449 -0.133276 0.229025
v -0.066468 -0.1003571 0.344192
v -0.08493 -0.020479 0.276764
v -0.075088 -0.034414 0.287964
v -0.091141 -0.026817 0.262137
v -0.07336 -0.030518 0.288017
v 0.084481 -0.033429 0.254863
v 0.082058 -0.033065 0.2854
v 0.0197449 -0.1254859 0.3062265
v 0.032137 -0.133118 0.234246
v 0.077128 -0.007356 0.286551
v 0.0531256 -0.1159098 0.3071235
v -0.033529 -0.126304 0.219358
v -0.038866 -0.125124 0.364154
v 0.02349 -0.126454 0.239117
v 0.0591287 -0.1169389 0.3189003
v 0.080387 -0.02858 0.304501
v 0.0428562 0.0290231 0.2052718
v 0.078798 0.048371 0.147932
v 0.1477384 0.0046212 0.0937161
v 0.021336 -0.129017 0.240051
v -0.06797 -0.088224 0.244386
v 0.0441049 -0.1141317 0.2167488
v 0.081436 -0.036931 0.27753
v 0.056982 -0.117998 0.285213
v 0.058629 -0.055274 0.06254
v 0.0264227 -0.1263713 0.3000996
v 0.071825 -0.036956 0.248549
v 0.0343642 0.0377676 0.2077814
v 0.0583782 0.0054572 0.2372457
v -7.4e-05 0.0492429 0.40731
v 2.9e-05 -0.137117 0.209275
v 0.0684139 -0.0312606 0.2389353
v 0.0647793 -0.0047765 0.2446397
v 0.0488552 -0.1212196 0.3004202
v 0.079613 -0.036165 0.274954
v 0.044216 -0.116636 0.220522
v 0.089242 -0.021079 0.311731
v 0.0289445 -0.0364997 0.2277516
v 0.026528 -0.0093831 0.431699
v 0.026614 -0.0817751 0.315969
v 0.077323 -0.027108 0.273045
v -0.1092411 -0.0180711 0.0915605
v 0.021944 -0.137116 0.220097
v -0.087585 -0.013979 0.28806
v 0.014423 0.0039169 0.432762
v 0.054376 0.0462505 0.1643755
v -0.002911 -0.137552 0.210842
v 0.0218619 -0.0714649 0.1778375
v 0.0388113 -0.1123115 0.2923295
v 0.057804 -0.1069281 0.3639549
v 0.084339 -0.036418 0.283572
v 0.017813 -0.131087 0.258631
v 0.058742 -0.110899 0.252302
v 0.0470317 -0.1221003 0.3049288
v -0.0377616 -0.1264319 0.3143428
v 0.060316 -0.100703 0.238153
v 0.0291082 -0.1270219 0.2999797
v 0.073934 -0.0833191 0.341792
v -0.0036202 -0.0784841 0.1752901
v -0.048083 -0.123482 0.2555099
v -0.079753 -0.028497 0.300785
v 0.0254225 -0.1131626 0.2941929
v 0.0338183 -0.0961523 0.2236652
v 3e-06 0.090815 0.115886
v 0.085722 -0.0229941 0.309473
v -0.010649 -0.146305 0.2211679
v 0.011864 -0.1343751 0.201042
v 0.039801 -0.126125 0.280375
v -0.0569754 -0.1130629 0.3090057
v 0.013117 -0.1442071 0.2649289
v 0.071658 -0.0645751 0.38424
v -0.093515 -0.00741 0.3096939
v -0.040951 -0.128143 0.2553229
v 0.052071 0.0580649 0.339932
v 0.032408 -0.1221371 0.378468
v 0.040415 0.0659779 0.334085
v 0.0418634 -0.1075207 0.2048854
v -0.0394938 -0.1245478 0.3156653
v 0.0238414 -0.1190987 0.3064626
v 0.032745 -0.0804981 0.31659
v 0.030496 -0.0805771 0.301109
v 0.041506 -0.0807831 0.304554
v 0.045223 -0.0842961 0.318123
v 0.0455753 -0.1222265 0.3048056
v -0.0426478 -0.0402668 0.1543541
v 0.041056 -0.126504 0.276628
v -0.046748 0.076389 0.1387921
v -0.0538553 0.0185892 0.1886707
v -0.019816 -0.1404971 0.2309619
v -0.0601399 -0.041123 0.2118475
v 0.009092 -0.152446 0.265276
v 0.031906 -0.083922 0.323814
v 0.024257 -0.1351611 0.353242
v 0.022936 -0.0841921 0.319838
v 0.020589 -0.1368001 0.217526
v 0.034023 -0.088444 0.265872
v 0.025116 -0.0827171 0.319134
v -0.064809 -0.1085981 0.266499
v 0.018049 -0.130898 0.201504
v -0.076523 -0.021015 0.276921
v -0.0462273 -0.1201887 0.3054025
v -0.0152382 -0.1267282 0.305174
v -0.0691765 -0.039569 0.2355486
v -0.0349221 -0.0449662 0.1497837
v 0.025683 -0.0818271 0.3132921
v 0.03589 -0.096402 0.259849
v 0.003907 -0.141112 0.229867
v -0.0476386 -0.1182568 0.3062782
v 0.025715 -0.1306801 0.228843
v 0.023972 -0.1268699 0.3130702
v 0.061142 -0.1122632 0.3158318
v -0.0527503 -0.0911182 0.2094965
v 0.0515776 -0.1169263 0.3080279
v 0.011599 -0.151881 0.26459
v 0.0244847 -0.1268066 0.312828
v 0.01715 -0.1458481 0.23842
v 0.025792 -0.137923 0.241886
v 0.012872 -0.1339 0.204594
v -0.013144 0.084476 0.129564
v 0.01467 -0.132998 0.201422
v 0.010054 -0.134994 0.203795
v 0.07015 -0.0729761 0.38036
v -0.084467 -0.032276 0.301167
v 0.026109 -0.138116 0.238458
v -0.0141338 -0.0739002 0.0341161
v 0.0247464 -0.1200422 0.3049915
v -0.080532 -0.0569811 0.3664949
v -0.065704 -0.1035471 0.259288
v -0.097853 -0.0098501 0.313153
v 0.063135 -0.1064481 0.2993949
v -0.095334 -0.013277 0.316041
v -0.08163 -0.030637 0.29533
v -0.0556246 0.0103155 0.1977841
v 0.03113 -0.0801571 0.303116
v 0.02437 -0.082347 0.316671
v 0.033187 -0.080551 0.318244
v 0.044312 -0.0819271 0.3058781
v 0.0496919 -0.0765093 0.2012945
v 0.0302 -0.086065 0.325675
v 0.009493 -0.1352751 0.19998
v -0.075313 -0.0211641 0.280477
v 0.026225 -0.1380331 0.235301
v -0.0482492 -0.0341143 0.1457819
v 0.05861 0.050663 0.32666
v 0.024958 -0.130331 0.228754
v 0.023399 -0.133763 0.2163979
v -0.0511393 -0.0876647 0.2052764
v -0.067014 -0.104318 0.265165
v -0.0654427 -0.0453001 0.2230792
v 0.0488168 -0.1209658 0.2924495
v 0.069009 -0.02583 0.253354
v 0.045403 -0.086477 0.321083
v 0.0195691 -0.1256118 0.3075476
v -0.0302798 -0.1270048 0.3027248
v 0.0527976 -0.1191643 0.3118109
v -0.003777 -0.1405661 0.329534
v 0.077519 -0.011089 0.281463
v 0.031306 -0.0815081 0.320438
v -0.085604 -0.0030841 0.3596091
v -0.009664 -0.131165 0.216081
v -0.016233 -0.135434 0.230932
v -0.0264987 -0.1242655 0.3105659
v -0.060982 -0.115701 0.3262909
v -0.018761 -0.129978 0.197746
v -0.040337 -0.1016551 0.395613
v -0.084936 -0.0171101 0.371911
v -0.078238 -0.0727981 0.309607
v -0.035563 -0.1260291 0.367754
v -0.043149 -0.1061201 0.388449
v -0.0496887 -0.0350864 0.1599
v -0.034519 -0.130712 0.231504
v -0.014055 -0.1510591 0.2639869
v -0.010866 -0.140351 0.3313469
v -0.022436 -0.126938 0.19765
v -0.0104 -0.127292 0.184883
v -0.0157 -0.1335021 0.236276
v -0.02375 -0.12412 0.22873
v 0.0615293 -0.1093348 0.3117014
v -0.057996 -0.120066 0.3249109
v 0.085571 -0.029512 0.275519
v 0.081265 -0.0387 0.2760331
v -0.075506 -0.07861 0.332388
v -0.013964 -0.1287951 0.378239
v -0.003456 -0.150663 0.265645
v -0.024321 -0.122641 0.231258
v 0.0435512 -0.1117594 0.2129594
v 0.027622 0.071523 0.32754
v -0.039679 -0.060784 0.257452
v 0.0232381 -0.1255375 0.3095624
v 0.016902 -0.144991 0.2738239
v 0.0054823 -0.0386533 0.0936395
v 0.09259 -0.016502 0.282286
v -0.041837 -0.1240691 0.3605149
v -0.026291 -0.1293471 0.283326
v 0.037247 -0.1278461 0.276051
v -0.023525 -0.135327 0.229418
v 0.078455 -0.036117 0.275875
v -0.018806 -0.125204 0.382214
v -0.040578 -0.120893 0.220418
v -0.008577 -0.146339 0.219227
v -0.0319944 -0.126859 0.2978742
v -0.07608 -0.0498801 0.259345
v -0.079804 -0.0155411 0.387506
v -0.054279 -0.104353 0.226943
v -0.022476 -0.129965 0.229179
v 0.011487 -0.145027 0.267831
v -0.0628799 -0.1067154 0.3102688
v -0.021996 -0.123965 0.226848
v -0.046552 -0.1192321 0.363217
v -0.02227 -0.1312831 0.2835539
v -0.043462 -0.1303151 0.336339
v -0.0320596 -0.1174899 0.3231511
v -0.0160314 -0.1116319 0.3153374
v -0.0188729 -0.1101312 0.2971421
v -0.04363 -0.1193011 0.224139
v -0.0358181 -0.1108643 0.2907664
v -0.0482676 -0.1122813 0.3002485
v -0.077309 -0.0729931 0.329516
v -0.0161515 -0.1084192 0.2996579
v -0.0324102 -0.1093385 0.2899205
v -0.0476376 -0.1104896 0.297222
v -0.0500559 -0.1137958 0.3108444
v -0.02576 -0.0813501 0.304708
v -0.0331 -0.05382 0.261499
v -0.0321771 -0.1238539 0.3023911
v -0.076951 0.0007889 0.3906
v -0.0543821 -0.1013492 0.2228388
v 0.013151 0.084461 0.129584
v 0.013704 0.0742599 0.320309
v -0.02452 -0.1180641 0.2611889
v -0.0194839 -0.030459 0.2228903
v -0.0287711 -0.0364289 0.2277262
v -0.009874 -0.028949 0.228411
v -0.013244 -0.144595 0.219958
v -2.4e-05 -0.042816 0.259162
v -0.0161106 -0.1094417 0.318712
v -0.089091 -0.009505 0.29847
v -0.023227 -0.081988 0.305518
v 0.0865736 -0.0419489 0.0768465
v 0.054267 0.036563 0.27976
v -0.072887 -0.033022 0.2619
v -0.006109 -0.1007111 0.411828
v -0.071481 -0.0154751 0.401267
v -0.076069 -0.0774461 0.34005
v -0.079824 -0.048876 0.295307
v -0.080426 -0.044315 0.301078
v 0.024639 -0.133334 0.228084
v -0.07644 -0.056293 0.263359
v -0.033652 -0.1152501 0.3254489
v -0.021424 -0.125718 0.227574
v -0.068884 -0.102814 0.2899269
v -0.0249963 -0.1286788 0.2873389
v -0.06419 -0.104377 0.308491
v -0.0214161 -0.1259549 0.3019232
v -0.074717 -0.053997 0.251108
v -0.080581 -0.052523 0.300711
v -0.013057 -0.0938161 0.415314
v -0.043478 -0.1203481 0.367118
v -0.022071 -0.1327371 0.229457
v -0.017729 -0.0996611 0.409772
v -0.011336 -0.1059181 0.406631
v -0.004472 -0.1494991 0.262411
v -0.025187 -0.121961 0.233501
v -0.025756 -0.120491 0.232931
v -0.001833 -0.151732 0.25905
v -0.011077 0.059754 0.276577
v -0.020117 -0.133286 0.22984
v 0.079226 -0.043777 0.277045
v -0.081455 -0.0321101 0.295045
v 0.024772 -0.128675 0.228652
v -0.018493 -0.110784 0.264208
v -0.080703 -0.0322951 0.291573
v 0.046488 -0.0792681 0.40687
v 0.053669 0.056409 0.156619
v 0.043027 -0.1251341 0.242827
v 0.049607 -0.0486822 0.0804992
v -0.082009 -0.0292441 0.2957021
v 0.040384 -0.1273341 0.243162
v 0.073987 -0.0329461 0.274711
v 0.0036235 -0.082398 0.1772072
v 1.4e-05 -0.080529 0.1763465
v 0.0481858 -0.1166427 0.3065568
v -0.09176 -0.007897 0.277297
v 0.0626432 -0.0067593 0.1863541
v -0.0393873 -0.0931324 0.1938618
v -0.0161445 -0.1302184 0.2963012
v 0.0325017 -0.0434099 0.1368836
v 0.0332719 -0.1263808 0.2965902
v -0.07495 -0.022929 0.277987
v 9.6e-05 -0.1494391 0.258026
v 0.091529 -0.028924 0.31079
v 1.1e-05 0.0659189 0.28809
v 0.023826 -0.122116 0.228488
v 0.079601 -0.041283 0.273892
v 0.060968 -0.049677 0.074849
v 0.0477887 -0.1166535 0.3056045
v 0.034897 -0.0358164 0.1146276
v 0.099108 -0.005835 0.294851
v 0.05813 -0.114557 0.2588509
v 0.0101801 -0.0964692 0.1792159
v 0.0109692 -0.0816755 0.1780516
v 0.0173003 -0.0961382 0.180797
v 0.069227 0.0312619 0.377833
v 0.083969 -0.037313 0.286588
v 0.0661874 0.1083523 0.089648
v 0.1430957 0.0088145 0.0997964
v -0.018514 -0.141491 0.223516
v 0.031986 -0.1115271 0.3919029
v 0.03181 -0.128501 0.2794519
v 0.01656 -0.092621 0.320848
v -0.089613 -0.023449 0.274897
v 0.029779 -0.130831 0.226425
v 0.0522367 -0.119716 0.3106019
v 0.0333815 -0.1293704 0.3136413
v -0.004471 -0.1482 0.265045
v 0.085647 -0.032519 0.273429
v 0.0099521 -0.0350275 0.2090838
v 0.0361443 -0.1288705 0.3133003
v 0.010599 -0.140478 0.2311029
v -0.079172 -0.0176861 0.28933
v 0.014422 -0.1472461 0.236769
v 0.078576 -0.053482 0.279285
v 0.009618 -0.142978 0.230234
v -0.1185937 -0.0287069 0.065399
v -0.098618 -0.0174601 0.312521
v 0.047643 -0.11185 0.221115
v 0.0313871 -0.1267169 0.2903167
v 0.021897 -0.1276491 0.230707
v 0.033071 -0.1291811 0.2753869
v 0.022908 -0.125836 0.235185
v -0.072998 -0.02845 0.279835
v 0.023569 -0.1261191 0.378516
v -0.1018015 -0.0069025 0.0983376
v 0.009285 -0.1426431 0.262107
v -0.06906 -0.093316 0.2554099
v -0.062713 -0.1131271 0.2723239
v 0.02493 -0.13188 0.228762
v -0.081961 -0.0351831 0.272188
v 0.031721 0.0658879 0.367845
v -0.095214 -0.0195521 0.3125699
v 0.088489 -0.027242 0.275658
v 0.04355 -0.0898761 0.29367
v 0.05381 -0.0934371 0.3099349
v 0.046234 -0.101087 0.326871
v -0.0468995 -0.1184032 0.3057565
v 0.019661 -0.133086 0.211111
v -0.074117 -0.027216 0.277705
v -0.0585926 0.0022163 0.206635
v -0.0507013 -0.0401303 0.0897261
v -0.0184413 -0.0628234 0.1629456
v -0.062603 -0.11397 0.276741
v 0.013598 -0.1545201 0.268127
v -0.0146501 -0.068657 0.1685762
v 0.013397 -0.06431 0.053323
v 0.039906 0.036566 0.1955764
v -0.066747 -0.09377 0.248033
v 0.05389 -0.1163241 0.351957
v -0.0495467 -0.1147291 0.3084994
v 0.016854 -0.086283 0.3083351
v 0.023054 -0.0878101 0.295308
v 0.040004 -0.0882801 0.292927
v 0.05265 -0.091033 0.306777
v 0.021823 -0.13321 0.21352
v -0.0056148 -0.0387104 0.0936243
v 0.00557 -0.139176 0.239542
v 0.0309107 -0.12295 0.3168402
v 0.0532324 -0.1183246 0.3102773
v 0.0266975 -0.1268162 0.2937709
v 0.024083 -0.138761 0.3360059
v 0.030357 -0.1365731 0.337099
v 0.0174013 -0.1276522 0.3125
v -0.097905 -0.0146311 0.310336
v 0.0448679 -0.1231281 0.3130352
v 0.0163772 -0.1271367 0.302191
v 0.011903 -0.140909 0.2894119
v 0.024453 -0.134292 0.219371
v 0.015999 -0.0879961 0.305635
v 0.025436 -0.089222 0.292879
v 0.0191861 -0.1259534 0.303751
v -0.070561 -0.086356 0.252945
v -0.055314 -0.061714 0.049327
v 0.071013 -0.064531 0.233066
v 0.030171 -0.130461 0.224442
v -0.035317 -0.1226256 0.3180993
v -0.0271467 -0.0491649 0.1461902
v -0.070994 -0.0909861 0.325364
v 0.038625 -0.1068361 0.391962
v 0.018931 -0.09014 0.322164
v 0.0486693 -0.0843462 0.2014101
v -0.001888 -0.141121 0.2328879
v -0.070464 -0.101118 0.2858229
v -0.075345 -0.004407 0.280724
v 0.051001 -0.1207131 0.346119
v 0.0305874 -0.0549767 0.2108965
v 0.0462627 -0.0328888 0.1321995
v 0.009892 -0.029005 0.228414
v 0.023649 -0.132273 0.229062
v 0.0408378 -0.085921 0.1944355
v 0.0445491 -0.1241708 0.3038754
v 0.0128 -0.130138 0.3133968
v 0.023206 -0.129126 0.208389
v 0.081489 -0.0050541 0.310769
v -0.026455 -0.081319 0.3069371
v 0.0106154 -0.1334179 0.3017471
v -0.038426 -0.1335831 0.333263
v -0.00573 -0.1357231 0.3118829
v -0.0355418 -0.1262734 0.2966861
v 0.092523 0.046959 0.140815
v 0.06179 -0.1148391 0.2810119
v -0.073058 -0.0905731 0.303219
v 0.0459306 -0.1257867 0.3156658
v 0.021381 -0.1318691 0.2518749
v 0.021306 -0.1275401 0.233078
v 0.02361 -0.140466 0.237494
v 0.0457411 -0.0736523 0.1975159
v 0.032967 -0.080942 0.299724
v 0.007185 -0.1384401 0.243053
v -0.001911 -0.139376 0.2287479
v -0.0523295 -0.116902 0.3085527
v -0.0483107 -0.09498 0.2049849
v -0.030249 0.071161 0.3482871
v -0.0520208 -0.117127 0.3071292
v -0.027391 -0.081777 0.318178
v -0.030166 -0.080628 0.308789
v 0.0194835 -0.0305632 0.2229009
v -0.0168443 -0.1320019 0.2925985
v -0.00554 -0.138781 0.229084
v -0.0532028 -0.116202 0.3082897
v -0.0346084 -0.126436 0.303281
v 0.07485 0.037311 0.153121
v -0.0323962 -0.126862 0.3030989
v -0.020129 -0.138074 0.229679
v -0.065976 -0.1001531 0.3493289
v -0.012809 -0.14274 0.2514559
v -0.052628 -0.0916991 0.3920351
v -0.0437746 -0.098932 0.2007182
v -0.0494213 -0.0979794 0.209276
v -0.053523 -0.0845291 0.3968259
v -0.059137 -0.0826711 0.391015
v -0.028751 -0.1317271 0.26285
v -0.072305 -0.001061 0.273141
v -0.07606 -0.021462 0.284118
v -0.009453 -0.129658 0.211489
v -0.044649 -0.125969 0.255462
v -0.00379 -0.137441 0.22657
v -0.0074 -0.1457711 0.251637
v -0.064754 -0.0945601 0.366791
v -0.017033 -0.136853 0.324029
v -0.005354 -0.133208 0.189658
v -0.088585 -0.0301 0.263168
v -0.0585805 -0.1123699 0.3104731
v -0.025492 -0.118646 0.229128
v -0.025168 -0.1374431 0.245748
v -0.061995 -0.1064227 0.3058549
v -0.0607691 -0.1082342 0.3076688
v -0.017775 -0.133286 0.288383
v -0.0596718 -0.1102463 0.3092105
v -0.026112 -0.0835871 0.321427
v -0.022142 -0.1181168 0.3086923
v -0.038671 -0.0799661 0.3038971
v -0.044336 -0.0824631 0.315206
v -0.00795 -0.130549 0.186845
v -0.036506 -0.0887381 0.327551
v -0.0431059 -0.1241646 0.2969125
v -0.0273988 -0.1189625 0.2995197
v -0.032821 -0.0800181 0.308008
v -0.022165 -0.1357461 0.3245739
v -0.036224 -0.079526 0.304046
v -0.0428 -0.080977 0.312679
v -0.03805 -0.0862361 0.325336
v -0.0162187 -0.1343934 0.3206057
v 0.004246 -0.1381771 0.353833
v -0.015276 0.07602 0.341645
v 0.0363509 -0.1188157 0.210043
v -0.028818 -0.1356391 0.242659
v -0.021225 -0.130568 0.2877699
v -0.028185 -0.082106 0.320143
v -0.0202238 -0.1169243 0.3114129
v -0.049182 -0.123382 0.260186
v 2.6e-05 -0.148467 0.2959709
v -5.81e-05 -0.0397462 0.1052733
v -0.025623 -0.136282 0.2310269
v 0.03261 -0.1319671 0.250563
v 0.079969 -0.0340851 0.282578
v 0.083287 -0.035698 0.2806281
v -0.004206 -0.144946 0.298389
v -0.077729 -0.019991 0.291906
v 0.0052629 -0.1195877 0.1811417
v 0.085246 -0.015814 0.270154
v 0.0345575 -0.1254891 0.3153897
v 0.082405 -0.026066 0.274655
v -0.011671 -0.128522 0.2120669
v 0.0584858 -0.1116612 0.2980898
v -0.008834 -0.126481 0.206436
v 0.062444 -0.1109601 0.331309
v 0.067066 0.059264 0.148369
v 0.077108 0.09921 0.106536
v 0.0676638 -0.0065858 0.1426973
v 0.033237 -0.132742 0.236903
v 0.011802 -0.147839 0.234981
v 0.069034 -0.0967121 0.318081
v 0.061648 -0.1107571 0.335494
v 0.064844 -0.1056681 0.331077
v 0.0195094 -0.1254558 0.3048437
v 0.0608763 -0.1091185 0.2984618
v 0.068541 -0.0979021 0.313559
v 0.0455426 -0.122839 0.2915076
v 0.0513172 -0.120343 0.2888938
v -0.1235427 -0.0230107 0.0773125
v 0.088306 -0.029966 0.272692
v 0.0569598 -0.1124105 0.3006706
v 0.0380261 -0.0374852 0.1276237
v 0.0952 -0.008763 0.2935401
v 0.094737 -0.012703 0.292786
v 0.079895 -0.026368 0.2730739
v 0.034261 -0.131639 0.234176
v 0.0268839 -0.041163 0.2118068
v 0.070557 -0.093396 0.314752
v 0.0244641 -0.1276013 0.3140259
v -0.091296 -0.024106 0.3130171
v 0.0079018 -0.115781 0.1805707
v 0.0488135 -0.1150876 0.3057524
v -0.039286 -0.083987 0.256089
v 0.048214 -0.1256771 0.339393
v 0.0507692 -0.1173458 0.3077429
v 0.014086 -0.098973 0.3002209
v 0.030089 -0.099939 0.288357
v 0.004241 -0.144935 0.2983999
v -0.080371 -0.0269991 0.292441
v -0.0499214 -0.1188286 0.30689
v -0.019913 -0.132928 0.229663
v -0.005757 -0.150396 0.2374849
v -0.0335268 -0.1292001 0.3169333
v 0.011391 -0.141499 0.216046
v -0.072961 -0.0303701 0.396893
v 0.028797 -0.1098361 0.328527
v -0.0298416 0.0437006 0.1978022
v 0.01299 -0.1025271 0.3162149
v -0.1231349 0.0852937 0.1061495
v 0.015954 -0.100887 0.297063
v 0.033898 -0.1016281 0.2881179
v -0.03727 -0.1295769 0.3174472
v -0.0281861 -0.1248073 0.3118806
v 0.027203 -0.100332 0.265561
v 0.027168 -0.0560141 0.427277
v 0.01821 -0.1332161 0.366943
v 0.024436 -0.121098 0.229211
v -0.032005 -0.0943367 0.1881748
v -0.079385 -0.027475 0.290655
v -0.0510848 -0.1182733 0.3070174
v 0.045362 0.0142589 0.418169
v 0.032711 -0.0662191 0.421736
v 0.0449904 -0.10162 0.2047456
v 0.032138 -0.1215501 0.2079001
v 0.0141 -0.0999881 0.3192739
v 0.069817 -0.0955171 0.310407
v 0.061079 -0.096984 0.234262
v -0.095434 -0.005637 0.282984
v 0.016613 -0.130456 0.227169
v 0.010206 -0.14273 0.266803
v 0.0534461 -0.1157341 0.3054276
v -0.0290298 0.0394276 0.2198717
v 0.026866 -0.1248774 0.304171
v 0.0331472 -0.1300313 0.3178283
v 0.0548484 -0.1138328 0.3051849
v 0.036734 -0.0750081 0.415916
v 0.020924 -0.1392411 0.331954
v 0.0574 -0.102433 0.232342
v 0.061404 -0.1008081 0.3655549
v 0.018683 -0.1384671 0.327893
v 0.0284014 -0.1311327 0.3201811
v 0.0187062 -0.1264856 0.3104548
v 0.011375 -0.138835 0.21372
v 0.024607 -0.119788 0.2280849
v -0.0254327 -0.0585433 0.1657383
v -0.0325686 -0.0533867 0.1694887
v -0.019746 -0.130787 0.231143
v -0.082773 -0.028686 0.298516
v 0.079198 -0.046598 0.28071
v -0.08105 -0.02813 0.298624
v 0.0244091 -0.1264431 0.3112956
v 0.0509791 -0.1032715 0.2974298
v 0.0413834 -0.1153718 0.3231387
v 0.017764 -0.127977 0.22464
v -0.079852 -0.01734 0.2721771
v -0.079469 -0.0249141 0.290904
v -0.089404 0.1092078 0.081332
v -0.0363975 -0.0902727 0.1911765
v -0.101147 0.073309 0.125126
v -0.076347 -0.030358 0.289277
v 0.021157 -0.142921 0.2364899
v 0.048942 -0.101174 0.2946289
v 0.0384249 -0.1302729 0.3194063
v -0.087762 -0.019049 0.278069
v 0.083144 -0.037668 0.27987
v 0.061925 -0.0884811 0.38102
v -0.03854 0.061768 0.15736
v 0.0385723 0.0309778 0.2178425
v -0.0297309 -0.051411 0.1583616
v 0.030078 0.0098609 0.426875
v 0.0453488 -0.0812939 0.1978745
v 0.081596 -0.0176081 0.296032
v -0.080741 -0.0314251 0.292218
v -0.087209 -0.011175 0.293602
v -0.119084 0.069805 0.118841
v -0.075044 -0.0368701 0.283773
v 0.0355161 -0.117327 0.2060904
v -0.080046 -0.0308041 0.384063
v 0.0508754 -0.1190497 0.2995162
v -0.005526 -0.148578 0.2326919
v 0.0539425 -0.1056658 0.3123527
v 0.008141 -0.1385851 0.350747
v 0.0460593 -0.1040784 0.2090883
v 0.0543584 -0.1145237 0.3069165
v -0.087881 -0.023138 0.277273
v 0.028732 -0.136016 0.239187
v -0.033788 -0.079963 0.310819
v -0.017977 -0.13843 0.22955
v 0.004433 -0.14522 0.228514
v -0.0405726 -0.1258372 0.2982216
v -0.045611 -0.125879 0.2600409
v -0.025456 -0.117884 0.226866
v 0.047347 -0.1202117 0.3058014
v -0.010197 -0.1454101 0.248565
v 0.040774 -0.0047721 0.425425
v -0.028616 -0.1321521 0.258614
v 0.040603 -0.0720982 0.0284238
v 0.0072648 -0.0801224 0.1767636
v 0.079016 -0.0579 0.283823
v -0.0465652 -0.0919081 0.2010633
v 0.0036392 -0.0785088 0.1752908
v 0.030004 -0.081131 0.317437
v 0.074042 -0.0363981 0.276774
v 0.0510023 -0.1170315 0.3085828
v 0.021325 -0.127965 0.236308
v 0.081819 0.0128119 0.362204
v 0.074966 -0.03528 0.274746
v 0.0445823 0.0443799 0.174583
v 0.079995 -0.0332401 0.255206
v 0.050271 0.04629 0.289723
v -0.079074 -0.0440741 0.3807061
v 0.0202436 -0.0988349 0.1819761
v -5.5e-05 -0.1426641 0.23065
v 0.08121 0.0116729 0.326203
v -0.090389 -0.021739 0.270933
v -0.080604 -0.0391751 0.299596
v -0.000197 0.0759849 0.3530929
v 0.080895 -0.0618151 0.345315
v 0.009542 -0.0507791 0.432932
v -0.000174 0.0706309 0.372202
v -0.016303 0.0724859 0.3614351
v -0.09138 -0.014946 0.2883479
v -0.08428 -0.016892 0.294547
v -0.071532 -0.026597 0.268016
v 0.0110059 -0.1119015 0.1805163
v 0.071952 -0.0716271 0.240913
v 0.02678 -0.112473 0.32636
v 0.0126016 -0.1049254 0.3128359
v 0.080054 -0.0642121 0.335349
v 0.0146309 -0.0882648 0.1797623
v 0.025621 -0.13085 0.228973
v -0.02624 -0.132385 0.227741
v 0.082354 -0.021812 0.275189
v -0.073599 -0.089333 0.269934
v 0.013448 -0.138419 0.23103
v 0.020569 -0.1437321 0.2641959
v -0.0387725 -0.1248544 0.3032089
v -0.0314046 -0.0428055 0.0913625
v 0.024714 -0.0818801 0.3104829
v 0.029828 -0.1212997 0.3006994
v 0.0181878 -0.0904711 0.180894
v -0.0598994 -0.0790531 0.2140419
v 0.0373454 -0.0832589 0.1916112
v -0.0637903 0.0373109 0.161979
v 0.008655 -0.1369791 0.358119
v 0.0638783 -0.0066768 0.1716951
v 0.013208 -0.146818 0.264178
v 0.0493406 -0.1171935 0.3103131
v -0.075416 -0.086864 0.278434
v 0.0547748 -0.1147619 0.300865
v 0.075483 -0.036931 0.277936
v -0.0258729 -0.1272911 0.313242
v -0.0382634 -0.125952 0.2839299
v -0.012999 -0.133737 0.198528
v -0.070909 -0.0808361 0.369665
v -0.041024 -0.124255 0.229505
v -0.022838 -0.0823581 0.303493
v -0.031878 -0.0824891 0.297227
v -0.045213 -0.0834711 0.302773
v -0.048324 -0.0879441 0.3190159
v -0.028006 -0.08845 0.3268781
v -0.006468 -0.160041 0.2660849
v -0.013844 -0.139777 0.230271
v -0.024932 -0.1241605 0.3095251
v -0.006867 -0.153235 0.265319
v -0.006221 -0.145621 0.217845
v -0.007526 -0.1611731 0.27189
v -0.027601 -0.125074 0.207049
v -0.00953 -0.1588371 0.268777
v -0.035951 -0.079463 0.310106
v -0.025288 -0.08177 0.301494
v -0.035023 -0.07951 0.3073161
v -0.07334 -0.094791 0.282264
v -0.067645 0.0410229 0.331582
v -0.07384 -0.092902 0.288958
v 0.080756 -0.031631 0.2920741
v -0.0530418 -0.079782 0.2052469
v -0.0183584 -0.0753856 0.1782153
v -0.071609 0.033109 0.320184
v -0.0535538 -0.0714309 0.204688
v -0.019218 -0.1375321 0.34906
v -0.035785 -0.0817211 0.298558
v -0.036646 -0.07919 0.306781
v -0.046809 -0.0834011 0.307796
v -0.037519 -0.0791501 0.309498
v -0.025344 -0.081407 0.303048
v -0.010097 -0.141933 0.2301679
v -0.043246 -0.1226841 0.233054
v -0.0356702 -0.0870554 0.2183972
v -0.0384225 -0.0781553 0.2255465
v -0.033806 -0.0650301 0.266651
v -0.024132 -0.138605 0.232086
v -0.0229936 -0.1260968 0.3111298
v -0.0407818 -0.1284249 0.3172797
v -0.073433 -0.0732901 0.371811
v 0.0265949 -0.1258742 0.3107768
v 0.0199148 -0.1074035 0.2944375
v -0.0435636 -0.1271324 0.3166519
v -0.079592 -0.0460371 0.290255
v -0.014262 -0.127795 0.260791
v -0.029702 -0.0732116 0.0349276
v -0.02411 -0.1398501 0.234485
v 1.7e-05 -0.0598361 0.4316429
v 0.015188 -0.135083 0.246717
v -0.023891 -0.0855251 0.322368
v -0.011208 -0.138872 0.230431
v -0.0235268 -0.1244222 0.3086562
v -0.041477 -0.125032 0.234636
v -0.0552437 -0.1218587 0.3208403
v 0.0805158 0.0075701 0.132403
v -0.043738 -0.10417 0.328054
v 0.020969 -0.0829001 0.306244
v 0.010095 -0.137782 0.236166
v 0.02775 -0.083354 0.297275
v 0.042169 -0.0838611 0.298558
v 0.0186008 -0.1258719 0.3056048
v 0.019519 -0.136358 0.229696
v 0.0525 -0.120754 0.260052
v 0.077314 -0.036245 0.280115
v 0.082072 -0.038071 0.290225
v 0.094748 -0.022881 0.312797
v 0.005854 -0.1471611 0.260181
v 0.038193 -0.0792591 0.306619
v 0.049769 -0.1221871 0.285038
v 0.055472 -0.117741 0.2596339
v 0.021218 -0.1333471 0.228981
v 0.067156 -0.1005341 0.329841
v 0.0441405 -0.123968 0.2880358
v -0.0598483 -0.0219753 0.1579321
v -0.074339 -0.084603 0.312284
v 0.046392 -0.125631 0.268838
v 0.026041 -0.1374611 0.232751
v -0.016934 -0.133596 0.209417
v -0.07919 -0.022563 0.289099
v -0.032634 -0.129179 0.225297
v -0.0158962 -0.1284066 0.2993976
v -0.014287 -0.0903201 0.307507
v -0.022793 -0.0920041 0.292721
v -0.041689 -0.092619 0.291204
v -0.054194 -0.095701 0.306384
v -0.048923 -0.1028311 0.324245
v -0.0678768 -0.0696009 0.2254304
v 0.051083 -0.1135701 0.366247
v -0.0559822 -0.120186 0.3184118
v -0.00534 -0.136688 0.20884
v -0.075538 -0.0840521 0.303323
v -0.078548 0.0230479 0.349271
v 0.010978 -0.1366331 0.243056
v -0.0433179 -0.1254483 0.3129632
v 0.002071 -0.144376 0.229682
v -0.006959 -0.154827 0.263753
v -0.092536 -0.0130851 0.306267
v -0.074268 -0.043307 0.081059
v -0.0619275 -0.0424425 0.0854319
v 0.003706 -0.15429 0.2867599
v -0.0145864 -0.0742703 0.1753714
v -0.0035172 -0.0914427 0.1783593
v -0.024466 -0.133528 0.229119
v 0.00747 -0.1586651 0.277927
v 0.023286 -0.131762 0.2792559
v 0.005117 -0.157231 0.262326
v -0.0404846 -0.1227834 0.3022217
v 0.016658 -0.136399 0.213359
v 0.006896 -0.150174 0.288343
v 0.0322018 -0.1275287 0.3014908
v 0.0307686 -0.1279093 0.3126689
v 0.013949 -0.139089 0.2149459
v 0.032992 0.0287319 0.4173481
v 0.078091 -0.071111 0.337944
v 0.019261 -0.146947 0.263969
v 0.025234 0.067543 0.3062629
v 0.03406 0.0452909 0.403117
v 0.0263023 -0.1122147 0.2134778
v 0.02855 -0.1305641 0.274971
v -0.082098 -0.0365311 0.3028199
v 0.033968 0.059375 0.293237
v -0.0501291 -0.1170877 0.3092781
v -0.0513951 0.0137111 0.2261949
v -0.025061 -0.134987 0.229768
v -0.043391 -0.1261471 0.251128
v -0.0516389 -0.1174478 0.308932
v 0.0157302 -0.1264539 0.3086098
v -0.079745 -0.042495 0.295219
v 0.056784 -0.11117 0.247049
v 0.0263087 -0.1056362 0.2083801
v -0.03638 -0.1238065 0.301925
v -0.0109462 -0.0774329 0.1762211
v 0.0253545 -0.1148179 0.3237139
v -0.044865 -0.124259 0.246848
v 0.0232449 -0.1090374 0.2927374
v 0.009794 -0.1375501 0.247042
v 0.0413289 -0.1096607 0.2917401
v -0.0531419 0.0114567 0.2119313
v 0.0503706 -0.1119386 0.3045213
v -0.091133 -0.024415 0.266657
v 0.059405 -0.110718 0.348949
v -0.078807 -0.016187 0.2926401
v 0.036227 -0.1275252 0.3010642
v 0.0629928 -0.1088627 0.3150934
v 0.017221 0.0407689 0.413644
v 0.013296 -0.141404 0.2848109
v 0.030591 -0.1043918 0.2174124
v -0.057176 -0.0873227 0.214261
v 0.055427 -0.115839 0.3478649
v -0.026149 -0.131439 0.228532
v 0.0130056 -0.1071329 0.3093398
v 0.030885 -0.131091 0.228385
v 0.0231146 -0.1016462 0.1833845
v -0.0378308 -0.1205209 0.2991677
v 0.012523 0.0684009 0.2981091
v 0.0383548 -0.1080262 0.2899977
v 0.0505159 -0.1099379 0.3015828
v 0.0489498 -0.1142224 0.3144156
v 0.023857 -0.0819191 0.307844
v 0.0343852 -0.127522 0.3022591
v -0.0541372 0.0364852 0.1720826
v -0.025868 -0.13329 0.229374
v -0.0508078 -0.1181668 0.3093652
v -0.026664 -0.1344721 0.230238
v -0.0071877 -0.0888504 0.1784801
v 0.083103 -0.0210041 0.297508
v 0.010053 -0.136026 0.257012
v 0.080479 -0.041079 0.290152
v 0.075109 -0.034636 0.2879341
v 0.0076 -0.138405 0.2511159
v 0.0174081 -0.1258925 0.3068731
v 0.045671 0.100975 0.102387
v 0.082395 -0.0106921 0.311384
v 0.082518 -0.0369471 0.256673
v 0.01565 -0.145704 0.234188
v 0.0494707 -0.1188985 0.3103734
v 0.0688537 0.0014959 0.1500765
v -0.071323 -0.0931201 0.306937
v 0.085093 -0.020714 0.276715
v 0.0321177 -0.1273214 0.2994461
v 0.0498222 -0.1207268 0.3045466
v 0.0478313 -0.122307 0.2885102
v -0.0473773 -0.1091237 0.2172365
v 0.037999 -0.084592 0.295427
v 0.088759 -0.011988 0.306599
v 0.0323486 0.1054436 0.0855826
v 0.079864 -0.017182 0.281648
v 0.0816736 0.0161966 0.1410167
v 0.1521246 0.0304353 0.1066657
v 0.004589 -0.1373601 0.254696
v 0.015295 0.097958 0.100747
v 0.059833 -0.116266 0.272792
v 0.080804 -0.03025 0.292907
v -0.0555675 -0.0834132 0.2095428
v -0.089134 -0.025905 0.271423
v -0.088743 -0.027902 0.267496
v -0.073895 -0.092133 0.276625
v -0.0578887 0.0033808 0.2213452
v -0.037386 -0.066958 0.045808
v 0.0222256 -0.0765348 0.1807792
v 0.0275724 -0.1202996 0.3178375
v 0.0465723 -0.0919258 0.2010507
v 0.079632 -0.009247 0.290717
v -0.093211 -0.020418 0.266568
v -0.079901 -0.01708 0.281788
v -0.1303251 0.0019069 0.097564
v -0.081904 0.060463 0.141058
v -0.0432946 -0.049811 0.1845463
v -0.070292 -0.0960841 0.303294
v 2.6e-05 0.1026384 0.0843078
v 0.024069 0.077586 0.14016
v 0.0208181 -0.1246147 0.304212
v -0.0492318 -0.1155038 0.309169
v 0.032048 -0.0805231 0.314363
v -0.0476436 0.0277303 0.1924303
v -0.0469784 -0.0430335 0.1803941
v -0.078293 -0.018568 0.282144
v -0.0678476 -0.0241938 0.2427749
v 0.0617522 -0.032458 0.2097046
v 0.002342 -0.1473801 0.2568939
v 0.034715 -0.1160644 0.2020064
v -0.1196204 0.0089747 0.1063193
v 0.017421 -0.1413941 0.230553
v 0.002634 -0.136743 0.20324
v -0.065997 0.047917 0.155556
v -0.0462968 0.0213249 0.2153629
v 0.0337154 -0.1211926 0.2994582
v -0.075664 -0.0650731 0.374499
v 0.071102 -0.018626 0.267768
v -0.0628443 -0.0150728 0.194392
v 0.0216666 -0.1251347 0.3036183
v 0.031288 -0.1320281 0.230246
v 0.015621 -0.125865 0.212519
v -0.0491544 -0.1152371 0.3104923
v -0.0492471 -0.1151335 0.3089895
v 0.0185507 -0.0801076 0.1800543
v 0.028337 -0.081216 0.3125111
v 0.013328 -0.136857 0.2504709
v 0.022549 -0.082381 0.311197
v 0.022323 -0.1333011 0.363636
v 0.01155 -0.1479291 0.266951
v 0.066323 -0.0554221 0.397685
v 0.005489 -0.147555 0.2681839
v 0.0202758 -0.1148943 0.2068859
v 0.011933 -0.137649 0.253884
v 0.030897 -0.1298681 0.364103
v -0.083577 -0.029823 0.2984859
v 0.066258 -0.065126 0.39297
v 0.013765 -0.1490971 0.263504
v 0.051418 -0.122212 0.281348
v 0.053118 -0.110405 0.234309
v -0.093337 -0.0278801 0.31413
v 0.055799 -0.108797 0.239274
v 0.021563 -0.1401371 0.244916
v -0.093459 -0.009905 0.304987
v 0.0111617 -0.0435354 0.0853297
v -0.0478663 -0.1224923 0.3033076
v 0.0168051 0.1061444 0.0712836
v -0.0327492 -0.0369298 0.101834
v 0.050715 -0.0984611 0.3879909
v 0.0203921 -0.1165564 0.3061905
v 0.031141 -0.08057 0.3116979
v 0.041525 -0.0814621 0.316737
v 0.050149 -0.0872111 0.313332
v 0.021003 -0.0827991 0.311799
v -0.039928 -0.0480781 0.17439
v -0.068694 -0.098003 0.306594
v 0.071755 -0.00965 0.268831
v 0.068093 -0.006662 0.258622
v -0.062587 0.0480479 0.344758
v 0.0813 -0.032301 0.28907
v 0.079586 -0.0625401 0.288765
v 0.040273 -0.1286307 0.3167661
v 0.007407 -0.1453141 0.267633
v 0.021329 -0.119217 0.211824
v 0.004572 -0.0451473 0.1171056
v -0.078301 -0.034661 0.283976
v -0.00455 -0.134197 0.36915
v 0.092489 -0.0148041 0.301515
v -0.091153 -0.016421 0.293999
v -0.0587193 -0.1185582 0.3216512
v -0.007818 -0.123796 0.182484
v -0.00778 -0.135746 0.206436
v -0.076151 -0.0806711 0.308121
v -0.0646888 -0.0640481 0.2182598
v -0.033161 -0.127878 0.22261
v -0.014022 -0.13652 0.2119499
v -0.0429894 -0.1253693 0.2999408
v -0.017478 -0.13998 0.333826
v -0.015813 -0.0973141 0.3217581
v -0.014006 -0.092268 0.304399
v -0.025735 -0.093592 0.290583
v -0.045175 -0.094414 0.292494
v -0.0548325 -0.0982445 0.3096249
v -0.046583 -0.1058411 0.325682
v -0.016882 -0.132906 0.233258
v -0.023278 -0.1251091 0.228623
v 0.017973 -0.146071 0.261478
v -0.011141 -0.1538361 0.264969
v -0.063521 -0.1056511 0.3442789
v -0.036148 -0.1300481 0.233848
v -0.008543 -0.1537661 0.2646099
v 0.089085 -0.009601 0.298398
v 0.090525 -0.0170221 0.306084
v -0.02803 -0.077604 0.268063
v 0.02049 -0.123407 0.220463
v -0.018015 -0.094634 0.323668
v -0.022738 -0.12431 0.228182
v -0.083952 0.0051249 0.336821
v -0.0678219 -0.0580035 0.2245946
v -0.0107585 -0.0911183 0.1790862
v -0.079325 -0.017633 0.2791999
v 0.051855 -0.113623 0.23727
v -0.085559 -0.0298571 0.303357
v 0.004631 -0.134176 0.369142
v -0.020773 -0.069519 0.043864
v -0.077546 -0.0554511 0.3775721
v 0.019789 -0.143206 0.239796
v 0.005046 -0.136463 0.200633
v -0.083688 -0.031224 0.299109
v -0.07697 -0.019259 0.279604
v -0.043674 0.0635789 0.354068
v -0.0493339 -0.1147166 0.3111685
v -0.0497278 0.0195248 0.2020319
v 0.040296 -0.0797971 0.307137
v 0.042222 -0.0831461 0.319504
v 0.011461 -0.150068 0.2652899
v -0.0445673 -0.0414619 0.1677858
v 0.026004 -0.132939 0.360336
v 0.022736 -0.140438 0.2410039
v 0.007483 -0.135856 0.202447
v 0.0415913 -0.0785812 0.1945682
v -0.063915 0.042378 0.3148501
v -1e-06 -0.0647921 0.266383
v 3.5e-05 -0.135646 0.3649819
v 0.044783 -0.1252431 0.27704
v -0.0509288 -0.1067277 0.2219548
v -0.0425559 -0.124311 0.3140038
v -0.022532 -0.125635 0.2284399
v -0.0405431 -0.1262168 0.3138472
v -0.007584 -0.1570811 0.264438
v -0.015879 -0.089726 0.3025149
v -0.028437 -0.0907041 0.290892
v -0.083486 0.0091739 0.348653
v -0.080377 0.0175939 0.336874
v -0.0136882 -0.1283916 0.3029234
v -0.002699 -0.136733 0.20736
v -0.002206 -0.139595 0.240128
v -0.068843 -0.0991771 0.300356
v -0.073794 -0.087474 0.307369
v -0.037613 -0.129175 0.236655
v -0.018708 -0.130809 0.233484
v -0.063943 -0.105659 0.3396489
v -0.053916 -0.117551 0.3114319
v -0.06712 -0.100751 0.3034059
v -0.01052 -0.156204 0.266394
v -0.0428687 -0.1255604 0.3026202
v -0.036332 -0.121998 0.3747229
v -0.036421 -0.1171821 0.381672
v -0.039613 -0.127181 0.235862
v -0.037885 -0.1283421 0.232866
v -0.046888 -0.091696 0.295107
v -0.054191 -0.0960721 0.313116
v -0.018352 -0.1327121 0.231088
v -0.005375 -0.1277791 0.184253
v -0.017876 -0.1315611 0.236446
v -0.065272 -0.10353 0.300986
v 0.067011 -0.104291 0.293601
v -0.0369176 -0.1291756 0.3170581
v -0.077881 -0.0008036 0.1236262
v 0.047152 -0.054917 0.069566
v 0.06925 -0.075923 0.232895
v 0.00199 -0.136195 0.22289
v 0.010707 -0.135093 0.207495
v -0.077807 -0.0362681 0.2801911
v -0.082402 0.086639 0.120585
v 0.015007 -0.123201 0.208298
v 0.0301029 -0.1265973 0.2931774
v 0.070778 -0.032957 0.281145
v -0.095595 -0.0242811 0.315134
v 0.080435 0.0014279 0.30923
v 0.082702 -0.0020571 0.3180709
v 0.0026846 -0.115645 0.180368
v -0.006303 -0.143016 0.215929
v 0.0253059 -0.0665238 0.1767835
v 0.078986 -0.0269271 0.2986891
v 0.0141258 -0.0935761 0.1798519
v 0.088623 -0.011746 0.272999
v 0.041737 -0.0946451 0.328647
v 0.033005 -0.058323 0.065744
v 0.03103 -0.0399161 0.42893
v 0.0287425 -0.0604492 0.1743205
v -0.027165 -0.1348221 0.3502199
v -0.022327 -0.1375351 0.346056
v -0.012812 -0.142787 0.229239
v -0.015529 -0.132296 0.198258
v -0.074943 -0.090091 0.284003
v -0.0182597 -0.0904207 0.1809054
v 0.078492 0.015367 0.314352
v 0.044022 -0.1087811 0.3264139
v -0.018086 -0.139853 0.218302
v -0.034313 -0.126822 0.2835429
v -0.0572168 -0.0749427 0.2091685
v -0.033157 -0.087363 0.32692
v -0.0258184 -0.0723103 0.1813915
v -0.039486 -0.126412 0.231438
v -0.019563 -0.139913 0.220616
v -0.006542 -0.145362 0.2646819
v -0.084925 -0.016777 0.27798
v -0.067991 -0.0807801 0.377098
v -0.038524 -0.07516 0.2631559
v -0.081978 -0.0379661 0.29045
v -0.021438 -0.087731 0.322616
v -0.022959 -0.0831811 0.3011411
v -0.034764 -0.083479 0.295942
v -0.04792 -0.085044 0.304697
v -0.047976 -0.090509 0.322022
v -0.030999 -0.089952 0.328399
v -0.072224 -0.09717 0.287048
v -0.022101 -0.127973 0.20184
v 0.0701916 -0.0072708 0.1289965
v -0.017539 0.0551489 0.398043
v 0.05136 -0.120701 0.255322
v 0.06678 -0.106494 0.289179
v 0.085056 -0.017026 0.277905
v 0.0393465 -0.1027265 0.1967546
v 0.060287 -0.110631 0.34443
v 0.010184 -0.0780151 0.267353
v 0.020679 -0.137953 0.227912
v 0.029771 -0.1318761 0.229096
v 0.080817 -0.016594 0.283481
v 0.005135 -0.136402 0.204894
v -0.095239 -0.021086 0.317573
v -0.003763 -0.1399671 0.2361519
v 0.081702 -0.015992 0.282008
v -0.075871 -0.022381 0.270561
v 0.0433496 -0.1279951 0.3156941
v 0.06905 -0.082312 0.239379
v 0.048731 -0.12386 0.2772539
v 0.055123 -0.120152 0.281422
v 0.0484125 -0.1237653 0.3153196
v 0.008198 -0.1467671 0.2691619
v 0.02348 -0.082335 0.313986
v 0.0309215 -0.1185096 0.2972583
v 0.072394 -0.034687 0.276779
v -0.1327358 0.0147172 0.1071826
v 0.085196 -0.035533 0.260519
v 0.054431 -0.1121901 0.242024
v -0.0398079 -0.124742 0.2932352
v 0.081147 0.0062099 0.317122
v 0.087717 -0.014066 0.287777
v 0.087088 -0.014403 0.282548
v 0.0120454 -0.105203 0.1800686
v -0.020095 -0.1303801 0.2059579
v 0.0370608 -0.053015 0.0762518
v 0.0160249 -0.1020757 0.1807493
v 0.096724 -0.007765 0.298972
v 0.092391 -0.0132011 0.3058821
v 0.010713 -0.0911732 0.1790912
v 0.046737 -0.12376 0.251005
v 0.097973 -0.0061751 0.304712
v -0.044844 -0.0889591 0.323888
v 0.017716 0.053922 0.178925
v 0.063823 -0.1077731 0.261089
v 0.079677 -0.0272121 0.3023
v 0.07688 -0.042893 0.2634191
v 0.017659 -0.049423 0.2081543
v 0.083699 0.0012109 0.326718
v -0.0365996 -0.0879943 0.2316807
v 0.022395 -0.1363291 0.227321
v 0.048153 -0.123522 0.25549
v 0.0292241 -0.0674297 0.1815333
v -0.041593 -0.0316671 0.1055866
v 0.00973 0.059525 0.170289
v -0.059707 0.040833 0.297417
v -0.09572 -0.0111911 0.308866
v 0.046917 -0.0933101 0.324834
v 0.033926 -0.130475 0.267367
v -0.075031 -0.025461 0.275788
v -0.0557102 -0.1130993 0.3030864
v -0.039933 -0.0463787 0.0858337
v -0.006167 -0.132965 0.258989
v -0.06916 -0.095949 0.322943
v -0.012479 -0.131695 0.259627
v -0.074123 -0.082531 0.348686
v 0.008773 -0.1379051 0.239769
v -0.084457 -0.0338831 0.270645
v 0.047044 -0.1219661 0.35356
v 0.0479265 -0.1197351 0.3116525
v -0.094297 -0.0159111 0.312155
v -0.0627869 -0.0053298 0.229211
v 0.018836 -0.0843681 0.306996
v 0.025546 -0.085434 0.295948
v 0.041424 -0.085912 0.295593
v 0.051758 -0.0890061 0.310185
v 0.045212 -0.0962941 0.3271461
v 0.022628 -0.125695 0.232176
v 0.023763 -0.1257471 0.229308
v 0.009329 -0.1437871 0.2587719
v 0.02429 -0.128678 0.22873
v 0.033741 -0.129859 0.271357
v 0.049164 -0.1212311 0.3499439
v 0.022945 -0.136912 0.2227139
v -0.1293383 -0.0177217 0.0740705
v -0.019743 -0.032006 0.234486
v 0.1452523 0.0218129 0.108222
v -0.009892 -0.031426 0.2411691
v 0.025125 -0.12961 0.211921
v -0.078963 -0.020242 0.289177
v 0.030295 -0.128807 0.218561
v 0.028923 -0.126088 0.211255
v -0.0662812 -0.0148398 0.2357708
v 0.019945 -0.0832861 0.309344
v 0.023847 -0.0842621 0.298539
v 0.050142 -0.0868691 0.307265
v -0.0074176 -0.0708148 0.1670811
v -0.054832 -0.118105 0.288944
v 0.016665 -0.143748 0.232156
v 0.0146941 -0.1084457 0.1808902
v 0.026488 -0.130596 0.215408
v 0.0305869 -0.1263583 0.3126642
v 0.021559 -0.1380381 0.2255059
v -0.09043 -0.017629 0.279496
v -0.0241526 -0.1203062 0.3080585
v 0.030354 -0.129814 0.221777
v -0.082713 -0.035069 0.267486
v 0.014557 -0.1414391 0.2805149
v -0.0243648 -0.1206861 0.3064399
v 0.02056 -0.086124 0.319955
v 0.0610979 -0.0233175 0.1881422
v 0.029729 -0.13302 0.230496
v 0.018391 -0.1447181 0.235398
v 0.025095 -0.1061281 0.290621
v 0.0439921 -0.1068752 0.2919169
v 0.0520544 -0.1098355 0.3066192
v 0.0468747 -0.1151027 0.3174751
v 0.0038 -0.149233 0.259186
v 0.02287 0.060874 0.285097
v 0.0486014 -0.117769 0.3114595
v -0.076694 -0.023697 0.274555
v -0.080474 -0.04105 0.290379
v -0.064956 -0.090491 0.236775
v 0.018793 -0.1050538 0.1818425
v 0.019649 -0.064279 0.2670269
v 0.027295 -0.1314941 0.218733
v 0.025455 -0.136429 0.230884
v -0.089953 -0.020395 0.277304
v 0.004927 -0.146249 0.254638
v -0.0720063 -0.0551683 0.0546223
v -0.085633 -0.032865 0.264888
v -0.099048 -0.0074821 0.309345
v -0.07873 -0.020566 0.287163
v -0.0739167 -0.0494176 0.0681325
v 0.075367 -0.0676331 0.262266
v -0.0568268 -0.0303641 0.1809413
v 0.003877 -0.158523 0.281385
v -0.0286888 -0.0494848 0.0822852
v -0.0038203 -0.0673603 0.1599011
v -0.067535 -0.1004581 0.320868
v -0.073851 -0.0816071 0.355477
v -0.061647 -0.092878 0.229937
v 0.023112 -0.1258601 0.230235
v 0.025238 -0.129738 0.22868
v 0.03809 -0.128482 0.272077
v 0.009622 -0.143828 0.254311
v 0.021722 -0.0824721 0.3085921
v 0.050057 -0.123453 0.26462
v 0.0559383 -0.1141184 0.2982203
v 0.020713 -0.139232 0.223179
v 0.0339937 -0.127549 0.3001249
v 0.033764 -0.1269785 0.298057
v 0.011602 -0.141685 0.256691
v 0.075903 0.001823 0.287082
v 0.007182 -0.145273 0.257201
v -0.0846343 -0.0542493 0.0482238
v 0.076752 -0.036366 0.276527
v 0.078365 0.002793 0.298946
v -0.002936 -0.137813 0.309116
v -0.083076 -0.033549 0.289706
v 0.056709 -0.118581 0.268874
v 0.095437 -0.0243081 0.315167
v -0.086988 -0.01422 0.28275
v 0.019828 -0.032077 0.234494
v -0.05025 -0.1123841 0.229483
v -0.059451 0.0168019 0.4065951
v -0.010242 -0.14134 0.263351
v 0.0393451 -0.0931449 0.1938518
v -0.02104 -0.127795 0.228471
v 0.017985 -0.093203 0.296322
v 0.035569 -0.0937921 0.289191
v 0.05216 -0.095754 0.300002
v 0.0527159 -0.1016933 0.319024
v 0.038387 -0.1101171 0.328263
v 0.0613818 -0.1074497 0.3019179
v 0.028498 -0.132499 0.229408
v 0.073839 -0.073737 0.255978
v 0.073812 -0.066615 0.248917
v -0.096124 -0.004474 0.306004
v 0.003715 -0.1536931 0.260469
v 0.077791 -0.0765051 0.303848
v -0.1329775 -0.0109739 0.0837885
v 0.0332295 -0.1277393 0.3131488
v 0.02406 -0.125069 0.229185
v 0.018137 -0.0882791 0.319303
v 0.0098018 -0.0403616 0.1062771
v -0.063964 -0.095168 0.240998
v -0.0167737 0.1063577 0.0711964
v 0.029837 -0.127481 0.21505
v -0.037617 -0.103385 0.2886289
v 0.080561 -0.0386751 0.294355
v 0.032766 -0.1264013 0.313694
v 0.078854 -0.006659 0.296338
v -0.080456 -0.038518 0.294624
v 0.009465 -0.052279 0.263319
v -0.0559531 -0.1129761 0.3070057
v -0.023851 -0.13224 0.26706
v -0.04487 -0.1246188 0.3019757
v -0.0408119 -0.1260252 0.3030886
v -0.025189 -0.116436 0.219547
v -0.020752 -0.121994 0.216634
v -0.0113446 -0.0983038 0.2044377
v -0.007567 -0.120108 0.203803
v -0.010439 -0.14879 0.237578
v -0.039982 -0.1282721 0.25108
v -0.01289 -0.1478511 0.239778
v -0.010511 -0.147973 0.2428
v -0.0373774 -0.1000098 0.1933613
v 0.058601 -0.11769 0.281299
v 0.0659913 0.0183329 0.1635646
v -0.003101 -0.139299 0.213608
v 1.1e-05 -0.138446 0.212421
v 0.06921 -0.094752 0.343931
v 0.071179 -0.034684 0.285611
v -0.023814 -0.132551 0.262731
v -0.028803 -0.134968 0.246344
v 0.0743098 0.0090127 0.1447494
v 0.0232017 0.0443073 0.2100157
v -0.0586314 -0.1099664 0.3060747
v 0.003118 -0.139301 0.213581
v -0.035525 -0.130675 0.246948
v -0.06338 -0.1005601 0.3599989
v 0.083784 -0.0150291 0.31191
v -0.0217241 -0.1334271 0.3217136
v -0.007378 -0.1450561 0.2940629
v -0.021088 -0.1393311 0.338539
v 0.008418 0.047587 0.212014
v -0.011864 -0.119561 0.204995
v -0.066127 0.0415189 0.3618491
v 0.0627445 -0.0149837 0.1799092
v -0.026105 -0.137328 0.232865
v -0.032221 -0.132717 0.246753
v -0.0181999 -0.1151809 0.3088516
v -0.0279286 -0.116762 0.2964467
v -0.0577661 -0.1114828 0.3076965
v -0.040239 -0.0801881 0.314163
v -0.034798 -0.0850281 0.324889
v -0.0365128 -0.1270134 0.3028648
v -0.0468813 -0.1230563 0.3012415
v 0.004464 -0.136484 0.361328
v -0.0478214 -0.1213888 0.2976716
v 0.079918 -0.0282621 0.300198
v 0.0320256 -0.1262233 0.2951224
v -0.0313029 -0.1200239 0.3201989
v -0.0167251 -0.1135493 0.3119779
v 0.016498 0.0482333 0.2001484
v 0.0131635 -0.1278507 0.306667
v -0.046683 -0.123736 0.25103
v 0.027489 -0.129978 0.27917
v -0.020037 -0.135342 0.258124
v 0.0270718 -0.1222646 0.3143564
v 0.0679627 -0.0617041 0.0427368
v 0.015799 -0.137411 0.284491
v -0.0112883 -0.0658204 0.1609776
v 0.0502353 0.0176258 0.2397014
v -0.015535 -0.133329 0.229186
v 0.069176 -0.095649 0.327958
v -0.0387638 -0.1260171 0.3032952
v -0.086034 -0.0354661 0.353805
v -0.024183 -0.13513 0.254042
v -0.023871 -0.1279405 0.2910555
v -0.019603 -0.1375301 0.253796
v -0.024096 -0.1335331 0.258305
v -0.0194201 -0.1281703 0.2953778
v -0.0167658 -0.1131994 0.3059045
v -0.0288151 -0.1145394 0.2938206
v -0.0202016 -0.1295669 0.2917556
v -0.055648 0.053532 0.358639
v -0.028505 -0.0807211 0.303862
v -0.003804 -0.149923 0.292563
v 0.066516 -0.1002981 0.344386
v -0.082741 -0.0458211 0.367891
v -0.0348729 -0.0971846 0.190518
v 0.0228212 -0.1256227 0.302658
v -0.0417178 -0.119238 0.2998659
v -0.084547 -0.0324931 0.369396
v -0.0453092 -0.1235681 0.2988681
v -0.083867 -0.0487431 0.354939
v 0.0494161 -0.1210836 0.3027339
v -0.0330029 -0.1038196 0.1901146
v 0.0484254 -0.1216895 0.3048447
v 0.0611266 -0.0664844 0.0321393
v 0.0123129 -0.0540614 0.0702975
v 0.093487 -0.0261851 0.312581
v 0.0655686 -0.006525 0.1570152
v 0.0587179 0.0106985 0.25124
v -0.0431281 -0.1156842 0.2976043
v -0.029238 -0.0806831 0.306111
v -0.037713 -0.079801 0.315014
v -0.017859 -0.13349 0.229907
v -0.0169 -0.149598 0.2638009
v 0.0486474 -0.1256754 0.3174252
v -0.015224 -0.1347191 0.257141
v 0.027234 -0.1303391 0.367537
v 0.0126049 -0.1045642 0.3061017
v 0.0322343 -0.1238485 0.3023876
v 0.0285101 -0.1261414 0.3116676
v 0.0736586 0.0177193 0.1521027
v -0.074848 -0.037176 0.27942
v 0.069036 -0.018027 0.259513
v 0.075241 -0.06132 0.256423
v 0.1105844 -0.0350034 0.0677792
v -0.0556554 -0.0293169 0.1662358
v 0.04188 -0.096027 0.1970384
v 0.0152752 -0.126724 0.3052272
v -0.0565933 -0.1118246 0.3053567
v -0.018995 -0.148029 0.267182
v -0.008377 -0.149839 0.240309
v 0.0479258 -0.1224943 0.3033091
v -0.031893 -0.080074 0.305331
v -0.064946 -0.1002141 0.354684
v -0.012855 -0.145765 0.280681
v -0.059913 -0.106468 0.358798
v -0.0247195 -0.1154436 0.2968786
v -0.0392512 -0.1168251 0.2962197
v -0.038736 -0.079413 0.311913
v -0.035811 -0.0830051 0.32247
v -0.010195 -0.077985 0.267341
v 0.063838 -0.109097 0.319003
v 0.028339 0.092497 0.116278
v -0.028655 -0.1340261 0.250299
v 0.017385 -0.1263474 0.3043039
v -0.089562 -0.015404 0.290817
v 0.0139715 -0.1279636 0.3108108
v 0.091833 -0.007981 0.27733
v 0.007026 -0.154681 0.28312
v -0.0539358 -0.1185844 0.3128155
v 0.021534 -0.135529 0.2292169
v -7.97e-05 -0.0427426 0.083689
v 0.0244435 -0.1260311 0.301443
v -0.004959 -0.1087922 0.2038634
v 0.059529 -0.117081 0.2772349
v 0.0444 -0.1257431 0.347351
v -0.07655 -0.036615 0.2818991
v 0.014504 -0.094202 0.3011979
v 0.005867 -0.048481 0.0767734
v 0.078071 -0.042048 0.268875
v 0.01592 0.0723439 0.361385
v -0.079446 -0.026131 0.267375
v -0.0095 -0.0508111 0.432957
v 0.076473 -0.076247 0.347842
v 0.012787 -0.141282 0.230228
v 0.082223 -0.01836 0.276764
v 0.008497 -0.149381 0.268586
v -0.0255975 -0.1286415 0.3154512
v 0.009947 -0.031465 0.241173
v 0.0900909 0.0135937 0.1299232
v -0.082932 -0.035512 0.290392
v 0.076057 0.008703 0.294071
v 0.01627 -0.139348 0.216509
v 0.01127 0.071214 0.151406
v -0.076443 -0.084315 0.29477
v 0.032866 -0.096821 0.288377
v -0.072794 -0.0549161 0.388142
v 2e-06 -0.0715299 0.1665655
v 0.0260585 -0.1230099 0.3113998
v 0.0298427 -0.1247815 0.31385
v -0.076297 -0.085436 0.286672
v 0.005978 -0.1522591 0.2668989
v 0.012287 -0.1380941 0.324281
v 0.0113873 -0.1295829 0.3087593
v 0.011184 -0.1365341 0.2108689
v 0.0258493 -0.1273983 0.3142121
v 0.002453 -0.1561631 0.260687
v 0.013582 -0.129953 0.2202139
v 0.0274934 -0.1280425 0.3153677
v 0.018874 -0.1364551 0.215233
v 0.007027 -0.136531 0.3179529
v 0.0598165 -0.1086096 0.3041751
v 0.0095859 -0.1322976 0.3064007
v 0.009077 -0.135008 0.365704
v 0.007873 -0.139527 0.326132
v -0.07581 -0.036682 0.2781749
v 0.0591318 -0.1099411 0.3010234
v -0.0242083 -0.1222837 0.308121
v 0.0468082 -0.127362 0.3190645
v -0.088903 -0.0089131 0.288798
v -0.021992 -0.129614 0.229498
v -0.0409527 -0.0377752 0.09459
v 0.04635 -0.1254601 0.343592
v 0.040769 -0.1052856 0.2007078
v -0.073173 -0.0435701 0.3923621
v -0.090722 -0.005945 0.294154
v 0.021152 -0.12379 0.224131
v 0.020931 -0.1353951 0.3562329
v -0.085076 -0.025174 0.276668
v 0.0533385 -0.1166094 0.2987586
v 0.0261059 -0.1270031 0.311714
v 0.027484 -0.1052671 0.3297939
v 0.012992 -0.0976391 0.316141
v 0.015801 -0.096076 0.29795
v 0.050843 -0.098396 0.297049
v 0.0537753 -0.1036512 0.3156719
v 0.014924 -0.130346 0.224147
v 0.0253718 -0.1226925 0.3049154
v 0.0616989 -0.1132004 0.3191479
v 0.012503 -0.1372541 0.355045
v 0.0099769 -0.1317886 0.3113287
v 0.01724 -0.1355501 0.359351
v -0.0510107 0.1097483 0.074255
v 0.055104 -0.1078041 0.368506
v 0.0313142 -0.1205355 0.2036908
v 0.008753 -0.1513351 0.266813
v 0.044622 -0.0712401 0.412396
v -0.0638436 -0.0066632 0.1715298
v 0.00606 -0.143978 0.2299869
v -0.00795 -0.14896 0.2351859
v -0.0298121 -0.1289647 0.3164818
v -0.092998 -0.003874 0.288735
v 0.097478 -0.0204471 0.314606
v 9.2e-06 -0.0766193 0.17342
v -0.0242977 -0.1214595 0.3074801
v -0.075939 -0.031017 0.2655969
v 0.0702297 0.0273695 0.1580479
v 0.096799 -0.009093 0.306745
v 0.015074 -0.1416231 0.23017
v 0.023187 -0.1354241 0.22933
v -0.092274 -0.018296 0.278776
v 0.040561 -0.1168321 0.377965
v 0.041373 -0.1115681 0.326327
v 0.041465 -0.0621841 0.418144
v 0.0229122 -0.1177437 0.3040265
v -0.020288 -0.134216 0.262342
v -0.063193 0.031201 0.287907
v -0.0279911 -0.1327216 0.3229853
v -0.036799 -0.079477 0.312706
v -0.02002 -0.135098 0.2655719
v 0.032607 0.069892 0.148804
v 0.028217 -0.1248231 0.3118802
v -0.050247 -0.1009141 0.2136056
v -0.0202071 -0.1249537 0.3043131
v -0.068049 -0.094287 0.355105
v -0.011573 -0.1389631 0.347589
v 0.02282 -0.0654126 0.2077974
v 0.0132051 -0.099208 0.1798686
v -0.024426 -0.122199 0.229753
v 0.027419 -0.131735 0.229001
v 0.0602449 -0.0226634 0.1731748
v -0.069878 -0.0878471 0.361764
v -0.0468901 -0.1065937 0.2133614
v -0.023058 -0.1303461 0.371088
v -0.002001 -0.136206 0.222884
v -0.0146285 -0.1037996 0.299657
v -0.031193 -0.104758 0.2885869
v -0.0487421 -0.1060176 0.2955153
v -0.0646709 -0.0147085 0.2221223
v -0.0520603 -0.1101789 0.3117948
v -0.0615594 -0.08355 0.2194476
v 0.0561348 -0.1146323 0.3100828
v -0.0438555 -0.1163783 0.3197996
v -0.081264 -0.0338561 0.293558
v 0.055259 -0.0969441 0.383089
v -0.058829 -0.1160771 0.334493
v -0.067344 -0.0999911 0.3096249
v -0.0437441 -0.1188177 0.3172575
v -0.0429842 -0.123703 0.293937
v -0.019395 -0.127939 0.227201
v -0.008413 -0.0698131 0.428015
v 0.09237 -0.018308 0.278778
v -0.01859 -0.130477 0.228802
v 0.029294 -0.038167 0.241154
v -0.0230617 -0.1272059 0.2944755
v -0.0161432 -0.1317105 0.317737
v -0.017646 -0.141212 0.2735829
v -0.067138 -0.101027 0.316303
v -0.018501 -0.102721 0.294247
v -0.08287 -0.0405141 0.312565
v 0.0218928 -0.1160857 0.3011698
v -0.003938 -0.139585 0.3462319
v -0.071049 -0.088059 0.35543
v -0.054763 -0.0012711 0.416455
v 0.0573492 -0.1146264 0.3115112
v -0.0260053 -0.12647 0.2964596
v -0.084246 -0.037824 0.322297
v -0.024016 -0.0716651 0.42349
v -0.01535 -0.0787771 0.423045
v -0.031999 -0.136253 0.3339569
v -0.083436 -0.046821 0.326575
v -0.053838 -0.107313 0.230816
v -0.015767 -0.141364 0.276756
v 0.020454 0.064318 0.159457
v 0.061654 -0.1145501 0.322583
v 0.045693 -0.12547 0.273093
v 0.027393 0.057288 0.167817
v 0.0085795 -0.0507017 0.1290838
v 0.060355 -0.1110311 0.257452
v 0.067018 -0.102403 0.298171
v 0.083869 -0.021844 0.303667
v 0.064979 -0.105472 0.2966699
v 0.081226 -0.024476 0.303602
v 0.059503 0.04049 0.297453
v 0.0440701 -0.0888653 0.1975145
v -5e-06 -0.137877 0.2263179
v 0.0080785 -0.0623309 0.2063829
v -0.019971 -0.0446971 0.431918
v -0.013727 -0.1328311 0.370347
v 0.093481 -0.016654 0.276823
v -0.0165536 -0.129343 0.31507
v 0.0305985 -0.1195939 0.1995257
v 0.072283 -0.031787 0.278219
v 0.0519959 -0.1203146 0.3134091
v -0.014622 -0.104818 0.319198
v 0.074373 -0.036821 0.283692
v -0.0083 -0.1425771 0.264629
v -0.019028 -0.125639 0.222155
v -0.0036711 -0.074203 0.1708737
v 0.029148 -0.0951781 0.289146
v 0.04828 -0.096309 0.294518
v 0.0546869 -0.1008906 0.3128157
v -0.065611 -0.0441401 0.402632
v -0.0329385 -0.0454351 0.2149179
v -0.081731 -0.026958 0.2627
v -0.009706 -0.147387 0.233259
v -0.093104 -0.003861 0.300227
v 0.02683 -0.124213 0.20247
v 0.022338 -0.1208171 0.219118
v 0.07873 -0.0694861 0.34681
v -0.0223538 -0.0870205 0.1823387
v 0.071731 -0.0788331 0.247958
v 0.07675 -0.035661 0.286092
v -0.021001 -0.1311881 0.229607
v 0.014524 -0.095139 0.318804
v 0.043113 -0.060456 0.057937
v -2.57e-05 -0.1115412 0.179895
v -0.087777 -0.01589 0.279823
v -0.077433 -0.0807571 0.2901599
v -0.0230813 -0.122238 0.3069646
v -0.016261 -0.123127 0.26189
v -0.0258055 -0.0892296 0.1841316
v -0.093247 -0.0132671 0.310084
v -0.090254 -0.007404 0.2833
v -0.102993 0.088102 0.112729
v 0.0248393 -0.121969 0.3057136
v -0.085672 -0.010009 0.284075
v -0.0730043 0.0008917 0.1365279
v -0.075256 -0.0885751 0.29156
v 0.0237974 -0.121543 0.3064493
v -0.1015924 0.1026505 0.097054
v -0.020847 -0.129235 0.231054
v 0.0282666 -0.1275883 0.3122036
v 0.0577099 -0.1109016 0.3032814
v 0.078712 0.0086489 0.306235
v 0.0305266 -0.1289597 0.3137059
v 8.3e-05 -0.1540951 0.2596979
v -0.022387 -0.131604 0.228939
v 0.030152 -0.102244 0.330859
v 0.037036 -0.0516421 0.423813
v 0.079852 -0.031131 0.290868
v -0.0521332 -0.105468 0.3004864
v -0.0506117 -0.1108585 0.3166656
v -0.0399751 -0.1178641 0.32116
v -0.032411 -0.111364 0.3281959
v 0.1516741 0.0159394 0.1011347
v -0.066684 -0.0943331 0.360973
v -0.057695 -0.115678 0.3388901
v 0.078549 -0.031389 0.289921
v -0.0216032 -0.1311807 0.3190503
v -0.017336 -0.1374641 0.276219
v -0.025264 -0.12004 0.230326
v 0.0993927 -0.0392658 0.0718819
v -0.008801 -0.143801 0.216842
v -0.0227465 -0.126501 0.2977168
v -0.0214731 -0.1294785 0.3163606
v -0.060887 -0.1106691 0.339563
v -0.034717 -0.1338731 0.340686
v -0.007578 -0.1401191 0.342729
v -0.081851 -0.052085 0.315216
v -0.01371 -0.142137 0.217251
v 0.073105 -0.0906061 0.30322
v -0.017574 -0.0620101 0.428771
v 0.013282 -0.1354131 0.362468
v -0.036714 -0.1337971 0.3370349
v -0.011173 -0.144412 0.218163
v -0.050849 -0.109516 0.225933
v -0.040704 -0.118563 0.216854
v -0.067211 0.0006419 0.40491
v -0.0507037 -0.1038267 0.2178339
v -0.018518 -0.1298551 0.3745919
v 0.063721 0.042105 0.314833
v -0.036911 -0.120541 0.213913
v -0.024897 -0.121375 0.23098
v -0.029108 -0.038116 0.241132
v -0.030298 -0.113925 0.3262619
v -0.0139964 -0.1072618 0.3158995
v -0.098542 -0.0068821 0.3044641
v -0.0169789 -0.1056653 0.2967507
v -0.034901 -0.106414 0.288896
v -0.0500333 -0.1079893 0.2984945
v -0.0504251 -0.1124711 0.3136789
v -0.020194 -0.125739 0.22554
v -0.020613 -0.1303191 0.229323
v -0.0206078 -0.1255518 0.3034476
v -0.081757 -0.0469601 0.308182
v -0.066002 -0.1023991 0.311998
v 0.072171 -0.0367301 0.280198
v 0.0350252 -0.1177672 0.2961075
v 0.029267 -0.081165 0.315188
v 0.038884 -0.0792311 0.30879
v -0.0060334 -0.0484857 0.0767394
v 0.039121 -0.08217 0.320111
v 0.086941 -0.0129361 0.30191
v -0.086688 -0.031186 0.268928
v 0.0630701 -0.0146425 0.1648852
v 0.064584 -0.1055441 0.313837
v 0.0214769 -0.1243033 0.3041362
v 0.02713 -0.132978 0.22943
v 0.083938 -0.022088 0.300373
v -0.067072 -0.102262 0.298161
v 0.04154 -0.1300851 0.3404769
v 0.005283 -0.1503891 0.2680379
v 0.0269593 -0.1261389 0.3030675
v 0.0082982 -0.1357129 0.303767
v -0.08925 -0.0151591 0.313425
v 0.0394955 -0.124445 0.3156737
v 0.0239981 -0.1254421 0.3032849
v -0.053779 -0.1165471 0.351417
v -0.024038 -0.1387961 0.336008
v -0.073275 -0.026077 0.282962
v 0.0247748 -0.1236201 0.3043761
v 0.0620286 -0.0065964 0.2006918
v 0.056708 -0.1142611 0.253859
v 0.019396 -0.1434141 0.260998
v 0.011962 -0.1023861 0.309594
v 0.021609 -0.104458 0.292118
v 0.0410542 -0.1050971 0.2899639
v -0.031912 -0.1115221 0.391874
v 0.0524611 -0.1076113 0.3036528
v 0.0485208 -0.1132191 0.3177584
v 0.0526 -0.11561 0.244127
v 0.016678 -0.1375801 0.2801799
v 0.0317944 -0.0962593 0.2124885
v 0.009833 -0.154478 0.27951
v 0.074958 0.0277749 0.362867
v -0.075026 -0.083444 0.27188
v -0.048002 0.0466399 0.390516
v -0.061523 -0.049858 0.074298
v 0.0448559 -0.1174739 0.3013969
v -0.0147223 -0.0787049 0.1781896
v -0.044821 0.040967 0.27124
v -0.041954 -0.1265791 0.246998
v -0.0069542 -0.0938627 0.1787115
v 0.015616 -0.1387201 0.22994
v -0.053456 -0.120251 0.285149
v -0.0438176 -0.1207204 0.3031653
v -0.0461129 -0.118443 0.3043997
v 0.02383 -0.101383 0.290393
v 0.043736 -0.102118 0.290734
v 0.0478187 -0.1118213 0.3208371
v 0.0416257 -0.1274961 0.3132134
v 0.04333 -0.1253706 0.3129841
v 0.006333 -0.1429771 0.215911
v 0.012835 -0.1359111 0.236253
v 0.0511899 -0.1248223 0.3200263
v 0.03847 -0.1335661 0.3333249
v -0.0500141 -0.0488013 0.0801017
v 0.002949 -0.137526 0.210796
v -0.0217241 -0.0651589 0.1709307
v -0.0181704 -0.0703197 0.1738192
v -0.024731 -0.133298 0.228032
v -0.0349804 -0.0357183 0.1144547
v -0.032542 -0.0433267 0.1367484
v -0.092812 -0.018002 0.271682
v -0.0529933 -0.1175079 0.3092097
v -0.0515007 -0.120974 0.3122061
v -0.021434 -0.127465 0.233079
v 0.025123 -0.108149 0.3280079
v -0.023166 -0.127913 0.229322
v 0.012109 -0.1000671 0.313011
v 0.017804 -0.1483371 0.2705349
v -0.079005 -0.057861 0.283872
v 0.040016 -0.1178655 0.3211995
v -0.021965 -0.137245 0.220037
v -0.019167 -0.1264625 0.3017025
v -0.032319 -0.1221481 0.3784409
v -0.07409 -0.079493 0.264059
v -0.056844 0.02734 0.270707
v -0.05445 0.03693 0.279679
v -0.078146 -0.062407 0.278684
v -0.027848 -0.1266841 0.3748739
v -0.035875 -0.1119661 0.388543
v -0.0446205 0.0443859 0.1745031
v -0.0148301 -0.0832581 0.1793263
v -0.025337 -0.13452 0.222177
v -0.023449 -0.1261161 0.378507
v -0.034641 -0.1071781 0.39452
v -0.044192 -0.116617 0.2205749
v -0.023214 -0.134385 0.228592
v -0.028929 -0.1310711 0.27097
v -0.008987 -0.1427571 0.2622549
v -0.023022 -0.125755 0.235178
v 0.0417529 -0.1192214 0.2998779
v -0.047602 -0.111819 0.221166
v 0.082034 -0.0150511 0.2852309
v -0.015889 -0.0905201 0.317794
v 0.048176 0.0320329 0.4060961
v -0.018128 -0.0857901 0.3042659
v -0.027968 -0.0866921 0.293641
v -0.044823 -0.0874711 0.296468
v -0.052654 -0.09143 0.313286
v -0.042971 -0.0993751 0.328804
v -0.077666 -0.057421 0.27385
v -0.022019 -0.12759 0.230715
v 0.015869 -0.151741 0.2695679
v 0.025161 -0.116481 0.219577
v 0.034715 -0.1071801 0.394554
v -0.056296 -0.11825 0.264372
v -0.037633 -0.129421 0.243335
v -0.053964 -0.1171339 0.3100767
v 0.074036 0.0247599 0.3102021
v -0.053717 -0.1167542 0.3090646
v -0.002758 -0.147493 0.230768
v 0.018506 -0.102715 0.294306
v 0.0191952 -0.1269246 0.2987293
v 0.027343 -0.11458 0.228306
v -0.045217 -0.1206388 0.3047979
v 0.016076 -0.1356041 0.230954
v 0.075009 -0.0901321 0.283998
v 0.005788 -0.1371871 0.306337
v 0.0234603 -0.0973528 0.20576
v 0.0685611 0.0096437 0.157326
v 0.037621 -0.1033441 0.2886709
v -0.092501 -0.014852 0.301729
v -0.071787 -0.028989 0.2822741
v -0.0219033 -0.0713993 0.1778649
v 0.0497176 -0.126424 0.3223864
v -0.0313403 -0.1267027 0.2903326
v -0.0380819 -0.0374109 0.1274661
v 0.0497699 -0.1230844 0.3126783
v 0.009464 -0.1273231 0.3818469
v -0.0522265 -0.1196916 0.310581
v -0.033365 -0.1293956 0.3136367
v -0.027998 -0.1370511 0.3400729
v -0.049087 -0.115381 0.232667
v -0.02809 -0.1217351 0.382184
v 0.0511668 -0.119305 0.3041787
v 0.0437432 -0.0314363 0.1188798
v -0.007081 -0.139064 0.236126
v 0.0225876 -0.1248083 0.3038649
v 0.077188 -0.047245 0.266034
v -0.015111 -0.13958 0.2546839
v -0.026523 -0.1381571 0.3339139
v -0.027972 -0.131907 0.226311
v 0.019706 -0.1407081 0.231024
v 0.067815 -0.105494 0.270722
v 0.095546 -0.004579 0.305797
v 0.0647476 -0.0147935 0.2222707
v -0.090689 -0.0169381 0.306382
v 0.080215 -0.029089 0.29195
v 0.073884 -0.0929411 0.288955
v 0.082826 -0.035156 0.267448
v 0.06399 -0.105615 0.3398839
v 0.028424 -0.0906801 0.290965
v -0.017648 -0.137879 0.258251
v -0.0470483 -0.1220441 0.3117193
v 0.094438 -0.016008 0.268062
v -0.0276093 -0.1271081 0.2905457
v 0.0616303 -0.0835787 0.2194272
v -0.076726 -0.0247221 0.287116
v 0.07481 -0.054047 0.251089
v 0.041014 -0.128164 0.2553009
v 0.09669 -0.009553 0.313125
v -0.04731 -0.1145751 0.224969
v 0.122032 0.0213801 0.1176762
v -0.016951 -0.140889 0.2584849
v -0.073057 -0.059148 0.241856
v 0.075282 -0.0886041 0.291554
v -0.019545 -0.035031 0.247974
v 0.027232 -0.135421 0.2314889
v 0.015516 -0.126372 0.186392
v 0.086776 -0.0214191 0.3146019
v 0.079248 -0.039322 0.266403
v 0.090543 -0.007912 0.303928
v 0.085252 -0.0184111 0.313005
v 0.019189 -0.1429 0.232914
v 0.090178 -0.017701 0.302433
v 0.05485 -0.1146141 0.248879
v 0.067002 -0.1004171 0.334437
v -0.019185 -0.1310331 0.239988
v 0.085759 -0.023751 0.3156681
v 0.047356 -0.1145971 0.22492
v 0.010861 -0.145963 0.231511
v -0.0344047 0.0377734 0.2076662
v -0.0386061 0.0310683 0.2177432
v -0.0583568 0.0055923 0.2371452
v -0.0072076 -0.0744554 0.0265641
v 0.0338099 -0.0810132 0.1888155
v 0.047855 -0.1049911 0.384392
v 0.0093548 -0.1021122 0.179423
v 0.0367211 -0.1298521 0.3162444
v 0.084764 -0.019599 0.315961
v 0.005893 -0.1049749 0.1793505
v -0.086044 -0.0293991 0.307687
v 0.0425838 -0.1242447 0.3140339
v -0.0652277 -0.0318381 0.2244266
v 0.0246267 -0.1168206 0.3207642
v 0.0431617 -0.115661 0.2976135
v -0.0399668 0.0365233 0.1953728
v -0.020889 -0.130501 0.243771
v -0.022995 -0.0272641 0.432948
v -0.0269838 -0.0778393 0.2079066
v -0.078841 0.048303 0.147894
v 0.004196 -0.152277 0.2654589
v 0.016356 -0.127866 0.220719
v -0.04356 -0.089918 0.293608
v -0.046211 -0.101082 0.32682
v -0.0528106 -0.1191115 0.3117818
v -0.023219 -0.129187 0.208375
v -0.005679 -0.1390751 0.2395429
v -0.0191951 -0.125974 0.3036554
v -0.070921 -0.064482 0.233079
v -0.030296 -0.1365901 0.337078
v -0.030247 -0.130437 0.224553
v -0.04631 -0.1209089 0.3128584
v -0.05442 0.0462585 0.1643244
v -0.065393 -0.1053601 0.3268739
v -0.02803 -0.1321891 0.224383
v 0.005192 -0.1488511 0.23277
v -0.01966 -0.133128 0.211096
v -0.087118 -0.010647 0.2787199
v -0.059166 -0.055477 0.061874
v 0.078211 -0.062452 0.27864
v -0.0448378 -0.1231774 0.3129871
v -0.0163476 -0.1271532 0.3021446
v -0.024477 -0.134339 0.2193689
v -0.0266527 -0.126813 0.293776
v 7.7e-05 -0.158354 0.26188
v -0.016553 -0.0925871 0.320769
v -0.016006 -0.0879821 0.305549
v -0.025449 -0.089239 0.292802
v -0.018925 -0.0901081 0.322082
v -0.053806 -0.0934691 0.309882
v 0.0133324 -0.0447623 0.1187425
v -0.038562 -0.1068621 0.3919301
v -0.0361478 -0.1289479 0.3133351
v 0.06659 0.070815 0.139647
v 0.026416 -0.134537 0.230077
v 0.081846 -0.037348 0.263545
v -0.0247994 -0.1235987 0.3043714
v -0.013234 -0.142043 0.2583649
v 0.063309 0.0097893 0.1704004
v 0.1069274 0.0043838 0.1072568
v 0.080784 -0.026523 0.294897
v 0.075771 -0.031429 0.27346
v 0.077835 -0.030433 0.272756
v 0.087066 -0.0197831 0.303139
v 0.080016 -0.038743 0.271462
v 0.0945863 0.0001826 0.1088593
v 0.011666 -0.1362981 0.239613
v -0.049722 -0.122184 0.285042
v 0.0623695 0.0014824 0.1781751
v -0.091559 -0.020773 0.313188
v 0.0543945 -0.1161711 0.295684
v 0.080542 -0.008033 0.304625
v -0.029857 -0.130756 0.226559
v 0.039847 -0.127181 0.3541359
v 0.028058 -0.1338021 0.230419
v 0.00323 -0.159846 0.263541
v -0.016863 -0.086266 0.308248
v -0.023069 -0.087821 0.295227
v -0.04002 -0.0883171 0.29286
v -0.052652 -0.09107 0.306722
v -0.048287 -0.0980121 0.3248969
v 0.0652615 0.0015475 0.1639641
v -0.066632 0.070823 0.139604
v -0.0623515 0.0015102 0.1780297
v -0.024349 -0.1271731 0.228761
v 0.009641 0.049461 0.256165
v 0.0360522 -0.0550243 0.1788328
v 0.011632 -0.1389661 0.347581
v -0.076999 -0.067303 0.273583
v 0.0064757 -0.099223 0.1789547
v 0.001789 -0.1411881 0.232877
v 0.075549 -0.0737701 0.363557
v -0.013028 -0.14408 0.2653159
v 0.035007 -0.1309731 0.350762
v -0.086975 -0.027668 0.311026
v 0.09065 -0.0308111 0.311576
v 0.087328 -0.011217 0.293618
v 0.003543 -0.1505541 0.265792
v -0.0284979 -0.1106353 0.2231962
v -0.092564 0.046832 0.140792
v 0.043206 -0.1060691 0.3885009
v -0.0385062 -0.125437 0.2904828
v 0.035995 -0.129275 0.2302561
v 0.034504 -0.130742 0.231352
v 0.07231 -0.00125 0.273301
v 0.005525 -0.138722 0.229105
v 0.030149 -0.0806281 0.308875
v 0.0298429 -0.0733787 0.1846703
v 0.0410486 0.0286456 0.2405865
v 0.035857 -0.1033531 0.397526
v 0.054245 -0.117598 0.2548699
v -0.0173868 -0.1258553 0.3067993
v 0.015575 -0.13227 0.1982699
v 0.02049 -0.083499 0.314718
v -0.0249633 -0.1227609 0.3095645
v 0.0167877 -0.1132127 0.3059526
v 0.0288401 -0.1145202 0.2938496
v 0.072979 -0.028604 0.279763
v -0.061963 -0.0065387 0.2005525
v 3.6e-05 0.055402 0.267172
v -0.055068 -0.1201381 0.281425
v -0.085794 -0.023729 0.315878
v -0.0643034 -0.0233558 0.216195
v 0.035456 -0.0991121 0.401609
v -0.0428692 0.0290552 0.2051562
v 0.071252 -0.0901431 0.3309861
v 0.018806 -0.129959 0.197759
v -0.0403714 -0.125189 0.2876239
v -0.0593035 0.0183981 0.1757221
v 0.008914 -0.137545 0.229458
v 0.03204 -0.0874261 0.411851
v 0.067877 -0.1065621 0.275715
v 0.035296 -0.0799601 0.315774
v 0.052432 -0.121958 0.277425
v 0.0338658 -0.1146025 0.1978685
v 0.0262165 -0.077732 0.1833488
v 0.0191144 -0.1147305 0.3032643
v -0.069174 -0.094803 0.343813
v 0.032719 -0.131056 0.229583
v 0.072513 0.006662 0.280114
v 0.01767 -0.124384 0.213359
v 0.015351 -0.136507 0.25373
v 0.0367323 -0.1088957 0.196964
v 0.076449 -0.0748561 0.355553
v -0.0259139 -0.1262948 0.2985915
v -0.074464 -0.016971 0.273256
v -0.083668 -0.029739 0.302577
v -0.0663345 -0.0233861 0.229824
v 0.025097 -0.122032 0.233524
v -0.0420318 -0.124329 0.2908534
v 0.014262 -0.144068 0.231261
v -0.027568 -0.063637 0.054675
v 0.028348 -0.131379 0.228562
v 0.038402 -0.1290841 0.267984
v 0.00366 -0.1400641 0.236144
v -0.088456 -0.011428 0.272807
v -0.003084 -0.159872 0.263525
v 0.026438 -0.081323 0.307025
v 0.0462691 -0.1146225 0.3000664
v 0.03585 -0.0803471 0.317758
v 0.003778 -0.142508 0.230759
v -0.022475 -0.0831531 0.317122
v -0.0250176 -0.1190039 0.3026471
v -0.033578 -0.079991 0.302119
v -0.030014 -0.081118 0.317351
v -0.03115 -0.080167 0.30303
v -0.042796 -0.080749 0.308481
v -0.042208 -0.0851831 0.32228
v -0.033197 -0.080542 0.318159
v -0.006148 -0.1430721 0.229807
v -0.0515766 -0.1169613 0.3080399
v 0.066778 -0.1003571 0.339381
v -0.050003 -0.1168291 0.239551
v 0.0191826 -0.1264255 0.3017451
v 0.080459 -0.039307 0.259713
v 0.0084998 -0.1083399 0.1798728
v 0.078615 -0.03365 0.273531
v 0.0030746 -0.1019259 0.1789838
v -0.016206 -0.1324351 0.205153
v 0.082264 -0.012158 0.306384
v 0.05032 -0.112419 0.229441
v -0.043513 -0.125038 0.28084
v 0.018054 -0.142946 0.243539
v -0.002668 -0.123766 0.182237
v -0.025715 -0.137879 0.24194
v 0.1090294 -0.0180044 0.091851
v 0.088167 -0.0316111 0.312639
v 0.056691 -0.119188 0.2733609
v 0.027344 -0.0812741 0.309689
v 0.046414 -0.117401 0.228297
v 0.0406162 -0.1258202 0.2982063
v 0.049154 -0.115414 0.232625
v 0.029151 -0.1310201 0.227787
v -0.012577 -0.0147021 0.435328
v 0.0346407 -0.1253041 0.3031998
v 0.02922 -0.08068 0.3061991
v -0.035616 -0.0231281 0.4283759
v -0.0589659 0.0098665 0.1838668
v -0.083932 -0.034401 0.284201
v -0.077455 -0.024386 0.29799
v -0.077119 -0.023451 0.2942601
v -0.076591 -0.062018 0.268205
v 0.03339 -0.1297744 0.3151169
v -0.021812 -0.133236 0.21352
v -0.071449 -0.034569 0.285673
v -0.084229 -0.0348711 0.286876
v -0.087171 -0.0280451 0.315199
v -0.07489 0.037273 0.153071
v 0.013013 -0.143194 0.262084
v 0.038236 -0.129527 0.263691
v 0.010742 -0.1415071 0.2630859
v 0.012358 -0.142023 0.2644819
v -0.0246662 -0.0546155 0.0727039
v 0.015449 -0.127395 0.216539
v 0.013215 -0.146073 0.232893
v 0.027097 -0.131257 0.228423
v 0.017821 -0.1386101 0.229626
v -0.078496 -0.013961 0.276581
v 0.054268 -0.123566 0.323676
v 0.059566 -0.0664531 0.40089
v -0.079398 -0.024932 0.293418
v 0.086798 -0.020416 0.299656
v -0.09334 -0.016628 0.276834
v -0.086679 0.035719 0.144867
v 0.025402 -0.117935 0.226897
v 0.083828 -0.0135 0.287512
v 0.037699 -0.0798 0.3150979
v -0.0233304 -0.1260072 0.3000807
v 0.016463 -0.139794 0.229505
v -0.066857 0.003887 0.262936
v -0.063318 0.0098061 0.1702708
v -0.081659 -0.015789 0.282253
v -0.031908 -0.0839021 0.3237319
v -0.020573 -0.136907 0.217476
v -0.008917 -0.152537 0.2652649
v -0.024186 -0.135161 0.353238
v -0.026198 -0.137913 0.235392
v 0.081526 -0.024292 0.300596
v -0.022941 -0.0841671 0.319751
v 0.1004108 0.0197627 0.1287752
v 0.0655487 -0.0149817 0.1220329
v 0.07029 -0.0961171 0.303287
v 0.0398529 -0.1247349 0.2932053
v 0.09546 -0.014142 0.273684
v -0.025123 -0.0826951 0.319046
v 0.083609 -0.014364 0.283342
v -0.003906 -0.141161 0.229855
v -6.78e-05 -0.0538302 0.0691487
v 0.018569 -0.141261 0.223624
v -0.018005 -0.130916 0.201492
v -0.009725 -0.03673 0.25394
v -0.040755 0.0663199 0.334131
v -0.057666 -0.0899291 0.386671
v -0.035922 -0.096297 0.259808
v 0.0219767 -0.1238768 0.3042312
v 0.053285 -0.0767121 0.402055
v 0.0325974 -0.0616285 0.1809252
v 0.0284889 -0.1266711 0.2989457
v 0.049766 -0.121036 0.25078
v 2.6e-05 -0.137587 0.3120359
v 1.94e-05 -0.1194143 0.1810529
v -0.061306 -0.1010101 0.365315
v 0.067655 0.0331739 0.3043541
v 0.0575695 -0.1135705 0.2952278
v 0.085673 -0.013347 0.285256
v 0.094442 -0.015594 0.281562
v 0.078089 -0.040538 0.261743
v 0.079152 -0.0356421 0.2793089
v 0.098035 -0.0070571 0.3095039
v 0.093771 -0.011301 0.271648
v 0.07208 -0.0939751 0.2997779
v 0.07512 -0.040074 0.256656
v 0.087875 -0.019189 0.278033
v 0.075508 0.016425 0.301567
v 0.023099 -0.0986041 0.3285179
v 0.002737 -0.123759 0.182232
v 0.077892 -0.0240951 0.298172
v 0.056672 -0.1155601 0.3436131
v -0.0459085 -0.125791 0.3156578
v 0.027392 -0.054721 0.263904
v 0.081017 -0.035546 0.279342
v -0.041008 -0.1265121 0.276634
v 0.0598689 -0.0219838 0.1580889
v 0.063758 -0.0143555 0.1500095
v -0.01139 -0.151909 0.264615
v 0.0054207 -0.1117235 0.1800136
v -0.023546 -0.140312 0.237509
v 0.0347849 -0.1259041 0.2949249
v 0.089906 -0.0287761 0.315334
v -0.026037 -0.138029 0.238521
v 0.08163 -0.033756 0.282007
v -0.08892 -0.0118161 0.306794
v 0.0645557 -0.0143313 0.1356607
v -0.071629 -0.0646861 0.384182
v -0.0510144 -0.1170385 0.3085969
v 0.033162 -0.053886 0.261541
v -0.012846 -0.133944 0.204597
v 0.068834 -0.0992571 0.3003549
v -0.0507575 -0.1173962 0.3077581
v -0.052378 0.0583419 0.3399981
v -0.017321 -0.145433 0.238357
v -0.028443 -0.1360831 0.236288
v -0.029275 -0.132389 0.3571209
v -0.004399 -0.145291 0.228507
v -0.014639 -0.133039 0.201412
v -0.010019 -0.135021 0.203825
v -0.048649 0.058907 0.320587
v -0.0457014 -0.073652 0.1975267
v 0.019605 -0.035081 0.247997
v -0.070099 -0.0731051 0.3802619
v 0.064649 -0.111633 0.280865
v -0.065413 -0.0737201 0.388494
v -0.06189 -0.0886271 0.380866
v -0.0480121 -0.1244584 0.3143028
v -0.04743 -0.118353 0.235142
v -0.0647781 -0.0046505 0.2445231
v 0.081257 -0.028519 0.293571
v -0.031439 -0.108288 0.260771
v -0.027253 -0.1002501 0.265536
v -0.025792 -0.130667 0.2289199
v 0.0405213 -0.1227715 0.3022273
v 0.056195 -0.1197311 0.2774089
v 0.075489 -0.0869071 0.27842
v 0.060557 0.0328369 0.39269
v 0.017093 -0.1407901 0.2584779
v 0.05943 0.0167829 0.406525
v 0.0603577 -0.0597251 0.2119805
v -0.010698 -0.142736 0.260018
v -0.059087 -0.114964 0.263687
v 0.050296 -0.118813 0.245564
v -0.095168 -0.012875 0.279852
v -0.082516 -0.032509 0.288475
v -0.080488 -0.0330541 0.286358
v -0.083659 -0.013399 0.288028
v 0.05005 -0.116847 0.239521
v -0.080587 -0.041918 0.282107
v -0.07562 -0.073019 0.268537
v -0.0438576 -0.0314299 0.1186712
v 0.005937 -0.137968 0.211936
v 0.0286235 -0.1268535 0.3019867
v 0.0284759 -0.1106953 0.2232311
v -0.071669 -0.029488 0.285262
v 0.017593 -0.141308 0.226643
v 0.0256172 -0.1261066 0.3023567
v 0.0273288 -0.1266401 0.3011698
v 0.0552141 -0.1219079 0.320899
v 0.026024 -0.08246 0.299583
v -0.0239424 -0.1190586 0.3064001
v -0.032757 -0.080489 0.316505
v -0.030519 -0.0805891 0.301023
v -0.041525 -0.080805 0.3044761
v -0.045227 -0.0843031 0.31805
v -0.027802 -0.084771 0.323697
v -0.024896 -0.1286051 0.228653
v -0.021134 -0.1426571 0.23646
v 0.072879 -0.0809161 0.362604
v -0.028691 -0.1359811 0.239284
v 0.019907 -0.1401521 0.261047
v 0.0367781 -0.0627318 0.186447
v -0.034043 -0.0883471 0.2658329
v 0.08956 -0.0184081 0.298731
v 0.044392 -0.1110921 0.3811789
v -0.078908 -0.030647 0.260729
v -0.009453 -0.135299 0.199991
v 0.026892 -0.119009 0.235075
v 0.0438659 -0.1207098 0.3031777
v -0.0315669 -0.1041935 0.2291963
v 0.015625 -0.148833 0.2735149
v -0.030544 -0.0811511 0.319007
v -0.029615 -0.0828771 0.322037
v -0.0457025 -0.1267353 0.3144557
v 0.067219 -0.107841 0.2805709
v -0.067148 -0.100519 0.329762
v -0.05904 -0.0957931 0.3778709
v -0.086832 -0.0212651 0.315121
v 0.038897 -0.082675 0.298218
v -0.032988 -0.0809591 0.299641
v -0.044328 -0.0819511 0.305802
v -0.045403 -0.08648 0.321013
v -0.030199 -0.0860421 0.325594
v -0.0244255 -0.1267933 0.312844
v -0.033797 -0.0960771 0.223624
v 0.01967 -0.13681 0.2616239
v -0.023409 -0.133811 0.216394
v -0.039747 -0.1261121 0.280377
v -0.011829 -0.134413 0.2010439
v -0.0496517 -0.0765059 0.2013038
v -0.058871 0.050963 0.326694
v -0.0248179 -0.1200089 0.3049417
v 0.004724 -0.1303171 0.377488
v -0.0173611 -0.1276373 0.3124849
v -0.002084 -0.1434431 0.229531
v -0.082897 -0.014539 0.292199
v 0.057741 -0.1155971 0.33912
v 0.017403 -0.137396 0.276223
v 0.0357299 -0.0871236 0.218437
v -0.095402 -0.014121 0.273677
v 0.008276 -0.136542 0.209839
v -0.076328 -0.077602 0.275073
v -0.0297453 -0.0413557 0.1237839
v 0.062983 -0.0527487 0.2166084
v 0.1234193 -0.0229996 0.077536
v -0.024204 -0.134749 0.226797
v 0.0173215 -0.0491717 0.0790896
v 0.0359134 -0.1270598 0.2986284
v 0.0214221 -0.1259603 0.3019484
v 0.052592 -0.120551 0.341902
v -0.0065465 -0.0991577 0.1789322
v 0.0356253 -0.1191736 0.3213646
v -0.003228 -0.1371 0.315103
v 0.092945 -0.0075431 0.309401
v -0.058657 0.0453189 0.376217
v -0.042261 0.053096 0.165936
v 0.076343 -0.0854691 0.286664
v 0.073119 -0.085295 0.328451
v 0.00642 -0.059102 0.061538
v -0.0448119 -0.1174921 0.3013915
v -0.038836 -0.128696 0.247081
v -0.007581 -0.145145 0.261469
v 0.019516 -0.134218 0.279645
v 0.012104 -0.0997181 0.3064449
v 0.0209299 -0.1238473 0.304409
v 0.018754 -0.139201 0.228567
v 0.029096 -0.134318 0.231955
v -0.06064 0.0328709 0.392754
v -0.0655585 -0.0065298 0.1568428
v 0.006966 -0.139938 0.300863
v 0.003277 -0.137096 0.315096
v -0.0086065 -0.1341096 0.314358
v -0.083624 -0.013282 0.274921
v 0.074943 -0.080382 0.325263
v 0.1359707 0.0628341 0.1130206
v 0.0227869 -0.1265097 0.2977288
v -0.0234155 -0.0973158 0.2057304
v -0.085419 -0.01422 0.290397
v -0.024381 -0.0823281 0.3165829
v 0.085104 -0.0146331 0.305079
v -0.0130909 -0.1332634 0.2972652
v -0.061504 -0.1093138 0.3116854
v -0.0600167 -0.1120259 0.3128032
v -0.022018 -0.1117121 0.2952797
v -0.0387885 -0.1123426 0.2923065
v -0.0485371 -0.1139728 0.3032884
v -0.025695 -0.081813 0.313204
v -0.033429 -0.0810051 0.319669
v -0.010696 -0.140202 0.231125
v 0.047733 -0.121731 0.246432
v 0.03384 -0.065119 0.266691
v 0.080172 -0.022339 0.298527
v 0.052004 -0.1088521 0.372848
v 0.0691164 -0.0230281 0.0985925
v -0.077844 -0.02247 0.287295
v -0.057949 -0.1114091 0.3527409
v -0.0501625 -0.1166959 0.3085399
v -0.033012 -0.1291791 0.275387
v -0.0440889 -0.1140927 0.2168098
v -0.019732 -0.1297651 0.23661
v 0.003217 -0.141596 0.215608
v -0.0460783 -0.1040435 0.2091203
v 0.0285734 -0.1260421 0.3036015
v -0.016753 -0.1451721 0.2738421
v 0.023202 -0.1300571 0.22881
v -0.011832 -0.14093 0.2894049
v -0.0272724 -0.126657 0.3011871
v -0.026623 -0.08176 0.315882
v -0.031314 -0.081493 0.320353
v 0.0202845 -0.1236801 0.305141
v 0.0459276 -0.1237861 0.2847669
v -0.0213573 -0.1281449 0.3139477
v -0.011164 -0.145877 0.284775
v 3.2e-05 -0.0219111 0.43635
v -0.032832 -0.1313431 0.25476
v 0.0298103 -0.0853235 0.1863641
v -0.007303 -0.1383491 0.2430499
v 0.079139 -0.0332501 0.287113
v -0.0268783 -0.0409273 0.2118306
v -0.060422 -0.107201 0.250166
v 0.045672 -0.12591 0.260027
v 0.01509 -0.1347791 0.257152
v 0.074844 -0.087733 0.299171
v 0.014291 -0.0906201 0.312855
v 0.0384246 -0.1275811 0.313448
v 0.0559651 -0.1202393 0.3184634
v 0.0539279 -0.1186448 0.3128622
v -0.0103062 -0.0348548 0.2090679
v 0.0426182 -0.1232243 0.3038424
v 0.0985534 0.0095451 0.1185701
v 0.0793223 -0.0590886 0.037861
v 0.046797 -0.0833761 0.307869
v 0.0257079 -0.0892844 0.1841026
v 0.023234 -0.11083 0.3256149
v 0.0311975 -0.042745 0.0915689
v 0.094329 -0.014922 0.2855859
v -0.0127466 -0.1301235 0.3133989
v -0.031754 -0.1284961 0.279451
v -0.037191 -0.127837 0.2760499
v -0.0119369 -0.1327884 0.3162113
v -0.0396272 -0.1144472 0.2093043
v -0.0134 -0.154618 0.268115
v -0.009303 -0.1455901 0.289243
v 0.01653 -0.091476 0.299425
v -0.02401 -0.129902 0.228824
v -0.01416 -0.15287 0.265653
v 0.077744 -0.057472 0.273801
v 0.07828 -0.049207 0.275288
v 0.04732 0.031445 0.261514
v 0.083089 -0.034523 0.301257
v -0.027618 -0.0980766 0.1855465
v -0.044723 0.055986 0.300977
v -0.03354 0.0578989 0.386195
v -0.032082 0.0661129 0.3679419
v -0.0105689 -0.1334403 0.3017431
v -0.035864 -0.127207 0.279886
v -0.0383063 -0.1269664 0.2997077
v -0.0435662 -0.1116956 0.2130276
v -0.016876 -0.150869 0.266512
v -0.015432 -0.149036 0.2735419
v -0.0260567 -0.104523 0.1851417
v -0.036367 -0.130139 0.250973
v -0.058221 -0.107782 0.244696
v -0.02373 -0.1322401 0.228983
v -0.037084 -0.129918 0.255068
v -0.0403239 -0.1163613 0.2130927
v -0.020063 -0.133896 0.2718589
v -0.040461 0.050607 0.281564
v -0.0407532 -0.1265171 0.3011608
v -0.0445123 -0.1241799 0.3038332
v -0.004878 -0.139026 0.24324
v -0.025057 -0.131827 0.228739
v -0.0245964 -0.1167979 0.3207141
v -0.0141766 -0.1091205 0.3058809
v -0.0267749 -0.1106053 0.2917554
v -0.015661 -0.151935 0.2695549
v -0.043629 -0.1113122 0.2940202
v -0.0499707 -0.1137217 0.3070014
v -0.009722 -0.142656 0.230294
v -0.0455161 -0.122232 0.3047905
v -0.0462189 -0.12351 0.303695
v -0.033068 -0.082148 0.321569
v -0.061612 -0.1059641 0.353845
v 0.079525 -0.025893 0.300138
v -0.016538 -0.1082353 0.2042832
v -0.032532 -0.1319501 0.250605
v -0.0130236 -0.1307044 0.3003801
v -0.0304497 -0.1009011 0.1876034
v -0.046326 0.0571219 0.373072
v -0.050463 0.046694 0.28966
v -0.014481 -0.1454371 0.2768929
v -0.017124 0.0657429 0.380171
v -0.007157 -0.1288771 0.2606269
v -0.080933 -0.014565 0.289148
v 0.0874406 0.0047145 0.1204941
v -0.003397 -0.138795 0.247674
v 0.087844 -0.018589 0.314094
v -0.020213 -0.134036 0.2681959
v 0.078131 -0.04547 0.271729
v 0.019621 -0.139824 0.225851
v 0.0778402 -0.0007499 0.1237938
v 0.080487 -0.027102 0.292491
v -0.081002 -0.031995 0.289225
v 0.069211 -0.0952441 0.332897
v -0.070587 -0.032797 0.281151
v -0.010036 -0.100883 0.26561
v 0.0235468 -0.1243553 0.3040838
v 0.0509017 -0.0273207 0.1107448
v 0.040766 -0.0895971 0.404998
v 0.08761 -0.0328981 0.30878
v -0.0385584 -0.1270701 0.3021754
v -0.018403 -0.1373441 0.272801
v -0.0278669 -0.1181807 0.3210071
v -0.028022 -0.042608 0.254781
v -0.0150994 -0.1114524 0.3090456
v -0.0253992 -0.1131778 0.2941568
v -0.041189 -0.1138625 0.2945077
v -0.02874 -0.1161823 0.3238241
v -0.0141563 -0.1094756 0.3124464
v -0.079934 -0.043818 0.286021
v -0.010166 -0.1370121 0.2984779
v 0.0253031 -0.1251919 0.3037599
v -0.06282 -0.1057001 0.348948
v 0.1101068 0.014832 0.1178533
v -0.003218 -0.141718 0.215566
v 0.085907 -0.016956 0.310806
v -0.013362 -0.145656 0.232937
v 0.0304561 -0.0874839 0.2093769
v 0.0580676 -0.0492249 0.2091314
v 0.0399526 -0.1295987 0.3154491
v 0.002994 -0.137804 0.309114
v 0.041086 -0.107214 0.328573
v -6.3e-05 -0.1305171 0.2599209
v 0.0205455 -0.1230843 0.3058771
v -0.019455 -0.137292 0.269742
v 0.034359 -0.0894011 0.291009
v -0.01206 -0.1434441 0.230527
v 0.078432 -0.025328 0.289096
v 0.022199 -0.131662 0.228892
v -0.01333 -0.14958 0.276763
v 0.1196083 0.0090767 0.1064089
v -0.0245874 -0.1211367 0.3112469
v -0.010967 -0.0323181 0.43509
v 0.086918 -0.0146801 0.3088339
v 0.073203 -0.026416 0.282943
v 0.089046 -0.015214 0.313231
v 0.076647 -0.0620681 0.268169
v 0.0284681 -0.0493735 0.0824524
v 0.071491 -0.0895251 0.336872
v 0.078944 -0.031813 0.288543
v 0.039881 -0.1210917 0.3182092
v 0.065775 -0.085332 0.231613
v 0.0325552 -0.0368666 0.1020271
v 0.007035 -0.128903 0.260631
v -0.055413 -0.117711 0.259643
v 0.009983 -0.1009131 0.265618
v 0.024193 -0.1336031 0.228984
v 0.0620471 -0.0061332 0.2148315
v 0.064367 -0.1056751 0.33532
v 0.076509 -0.056341 0.263326
v 0.0214891 -0.1227658 0.3069687
v 0.019906 -0.109012 0.324116
v -1e-06 -0.140531 0.214755
v 0.009323 -0.131837 0.37376
v -0.025057 -0.130281 0.228803
v 0.080766 -0.010323 0.299378
v 0.084019 -0.0151941 0.308253
v 0.0490428 0.023749 0.2513573
v 0.022726 -0.13358 0.228882
v -0.03408 -0.1321631 0.240011
v -0.010469 -0.1196993 0.1814863
v -0.070812 -0.092023 0.319802
v 0.082392 0.086646 0.120642
v -0.0114671 -0.130231 0.3043557
v 0.046881 -0.0916521 0.295164
v -1.5e-05 -0.0900821 0.266577
v 4.3e-05 -0.132628 0.3730569
v -0.076214 -0.033659 0.2588769
v 0.0203489 -0.1241545 0.3046553
v -0.081812 -0.016263 0.279614
v 0.0524406 -0.1231645 0.3179796
v -0.072109 -0.0904351 0.311074
v -0.0239125 -0.1268112 0.3130983
v 0.0657026 -0.0798448 0.2256882
v 0.019278 -0.137533 0.3490579
v 0.076649 -0.034249 0.273731
v 0.0245851 -0.1185334 0.3176655
v 0.015892 -0.090551 0.317877
v -0.074494 -0.010743 0.276108
v 0.094641 -0.0080251 0.302122
v -0.092198 -0.016375 0.297625
v 0.0542 -0.0960461 0.3131649
v -0.0242721 -0.1215185 0.3088727
v -0.00463 -0.1303091 0.3774919
v 0.010603 -0.131854 0.220162
v 0.070276 0.0241349 0.295374
v 0.020448 -0.134123 0.2623219
v 0.018908 -0.1226515 0.1855594
v 0.007089 -0.1471981 0.231361
v 0.013088 -0.12343 0.183364
v 0.005781 -0.135712 0.3118829
v 0.052228 -0.0685221 0.407334
v 0.06593 0.0413779 0.361763
v 0.078474 0.0229669 0.349212
v 0.073146 -0.059202 0.241841
v -0.030814 -0.1343861 0.236816
v -0.08197 -0.034016 0.297697
v -0.083187 -0.03441 0.301534
v -0.098309 -0.005166 0.289415
v -0.075333 -0.024184 0.285264
v -0.080528 -0.033508 0.273463
v -0.081307 -0.036178 0.2984761
v 0.017741 -0.137754 0.2582349
v 0.021774 -0.141677 0.233642
v 0.070715 -0.052104 0.233513
v 0.07356 -0.0840771 0.334891
v -0.073575 -0.026652 0.285162
v 0.008785 -0.1408491 0.215092
v 0.0524904 -0.1174238 0.3037546
v 0.014092 -0.1288021 0.378234
v 0.0364863 -0.1302033 0.3145747
v 0.093393 -0.011886 0.299722
v 0.028316 -0.115524 0.2356929
v 0.063016 0.030893 0.287963
v 0.026525 -0.120913 0.236967
v 0.078971 -0.072043 0.2892409
v 0.07174 -0.029242 0.282237
v -0.082735 -0.030174 0.274377
v 0.043767 -0.1041791 0.328102
v -0.0244086 -0.1274465 0.3140959
v -0.082612 -0.0299581 0.306843
v 0.069258 -0.0949891 0.33833
v -0.0523949 -0.1175675 0.3057407
v 0.0539166 -0.1053101 0.3063143
v -0.0214759 -0.1269243 0.3122943
v -0.0524571 -0.1174288 0.3037527
v 0.0635916 -0.0149722 0.2085542
v 0.08468 -0.0346661 0.305693
v -0.0509633 -0.1033191 0.2974002
v 0.093277 -0.0100321 0.304599
v -0.0525058 -0.1083014 0.3148001
v -0.0413423 -0.1153639 0.3230978
v -0.017812 -0.127985 0.2246069
v -0.0363669 -0.1187877 0.210093
v -0.009649 -0.1430281 0.266982
v -0.02451 -0.121045 0.2291799
v 0.077455 -0.080779 0.290147
v -0.011354 -0.141604 0.215962
v -0.00808 -0.138585 0.3507549
v -0.04537 0.0142479 0.418206
v 0.0303864 -0.126747 0.2981116
v -0.004178 -0.1381641 0.353832
v 0.092841 -0.003926 0.300081
v -0.031439 -0.1340241 0.239829
v -0.0247024 -0.09535 0.1837918
v 0.0670267 -0.0173887 0.1095297
v 0.03478 -0.1338431 0.3407379
v -0.0247352 -0.1256128 0.3101077
v 0.022458 -0.1269131 0.197658
v -0.028765 -0.1098061 0.328469
v -0.012975 -0.1024941 0.316149
v -0.01595 -0.100887 0.296998
v -0.033896 -0.101663 0.288069
v 0.039534 -0.130083 0.344232
v -0.014085 -0.099952 0.3192029
v 0.0320708 -0.1158711 0.2943646
v 0.0393704 -0.1293094 0.3137902
v 0.0328998 -0.1038534 0.1900461
v -0.0531263 -0.1159517 0.3071336
v -0.0195647 -0.1256125 0.3074908
v 0.01587 -0.0897361 0.302598
v -0.01462 -0.146845 0.236752
v -0.0450027 -0.1015876 0.2047698
v -0.03214 -0.1215451 0.207938
v -0.093669 -0.012078 0.2999881
v -0.083498 -0.014174 0.2836941
v -0.0136851 -0.1157076 0.1813434
v -0.0357402 -0.1310053 0.3215437
v 0.073229 -0.046568 0.245559
v -0.05092 -0.1208 0.345829
v -0.0785 -0.053439 0.279352
v 0.0331263 -0.0876472 0.188724
v -0.0220306 -0.1261835 0.3113948
v 0.075534 -0.0786 0.3324001
v -0.0637892 -0.0143751 0.1498421
v -0.082746 -0.033242 0.273449
v 0.04356 -0.120257 0.3672969
v -0.072543 -0.0882891 0.3162279
v 0.034951 -0.108589 0.329542
v 0.004554 -0.14598 0.230021
v 0.026465 -0.100463 0.3300539
v 0.014017 -0.0928821 0.315744
v 0.031865 -0.092199 0.289702
v 0.049806 -0.093611 0.297319
v 0.053819 -0.0988151 0.316261
v 0.011898 -0.1324831 0.224059
v 0.0259433 -0.1224702 0.1937623
v 0.016003 -0.1374181 0.352054
v 0.0265218 -0.1233482 0.1980523
v 0.023953 -0.123844 0.23325
v 0.007746 -0.1341571 0.3089629
v -0.0676376 -0.0065877 0.1425198
v -0.096448 -0.002873 0.295141
v 0.0301275 -0.079191 0.1860301
v -0.084515 -0.014919 0.280813
v -0.0539187 -0.1153252 0.3033079
v -0.098164 -0.003567 0.3009381
v -0.0196366 -0.0316651 0.214177
v -0.067371 -0.1004451 0.325343
v -0.0215965 -0.0927993 0.1822482
v 0.071872 0.015071 0.28753
v -0.0082321 -0.135726 0.303758
v 0.018892 -0.088865 0.298367
v -0.00955 0.049622 0.256112
v 0.050661 -0.0911181 0.300511
v 0.052168 -0.096858 0.319544
v 0.010332 -0.134959 0.227285
v 0.020171 -0.135223 0.258105
v -0.056306 0.093058 0.11724
v -0.040715 -0.0391476 0.140791
v -0.046323 -0.0328635 0.132018
v -0.0659498 0.1083927 0.089462
v 0.048003 -0.1147421 0.370258
v 0.0350653 -0.1065285 0.1932025
v 0.044428 -0.1159271 0.3741529
v -0.012048 -0.1474141 0.235016
v -0.077057 0.099221 0.106408
v 0.073801 -0.091519 0.295866
v -0.031216 -0.1069481 0.330007
v 0.0346565 -0.1264337 0.303285
v 0.076726 -0.02515 0.287265
v 0.0336856 -0.1134427 0.2922686
v 0.0166419 -0.0491984 0.1310881
v 0.059165 -0.115009 0.2636729
v 0.018879 -0.1337711 0.255126
v 0.0270668 -0.0778805 0.2079403
v -0.008767 -0.140916 0.215056
v -0.0111015 -0.1118599 0.1805123
v -0.079112 -0.046564 0.28082
v -0.011989 -0.141827 0.264902
v 0.066885 0.003725 0.263175
v -0.0611063 -0.1122391 0.315816
v -0.002334 -0.132345 0.213697
v 0.0506494 -0.1108411 0.3166939
v 0.086199 -0.03299 0.304599
v -0.06711 0.059236 0.148321
v 0.005444 -0.136571 0.208645
v 0.0502254 -0.0311138 0.0988275
v 0.090533 -0.017732 0.279516
v 0.07389 -0.0814741 0.355568
v -0.074622 -0.023434 0.283267
v 0.089555 -0.0214551 0.316679
v -0.0186768 -0.1264703 0.3104189
v 0.0028131 -0.1079974 0.179523
v -0.003384 -0.140802 0.303775
v 0.0226058 -0.1218994 0.3070495
v 0.042563 -0.127419 0.268506
v 0.076459 -0.084336 0.294764
v 0.078385 -0.076337 0.294226
v -0.048181 -0.125742 0.339251
v -0.014082 -0.0989641 0.300151
v -0.03009 -0.099969 0.2883009
v -0.048934 -0.101223 0.2945939
v -0.0539143 -0.105695 0.3123235
v -0.0437021 -0.1129481 0.3238366
v -0.027141 -0.0560431 0.42729
v 0.048478 -0.1100201 0.377076
v 0.011034 -0.0323091 0.435102
v -0.0300565 -0.1265757 0.2931914
v 0.065348 -0.110542 0.276332
v 0.082969 -0.0133371 0.3020191
v -0.0260135 -0.1229972 0.3114021
v -0.018113 -0.1332411 0.366962
v -0.091234 -0.011398 0.312097
v -0.0355491 -0.117309 0.2061432
v 0.009714 -0.036757 0.253954
v 0.028108 -0.042647 0.254838
v 0.018866 -0.0435771 0.259348
v 0.0521596 -0.1054228 0.3005094
v 0.0590776 -0.0218787 0.1161091
v -0.057713 -0.1071601 0.3636129
v -0.0419141 -0.1074815 0.2049327
v -0.032693 -0.0662531 0.421725
v -0.023902 -0.12207 0.228455
v 0.087888 -0.016085 0.279756
v -0.053713 0.056424 0.156574
v 0.012183 -0.142604 0.260996
v 0.021356 -0.125736 0.227604
v 0.038621 -0.0807071 0.317462
v 0.006186 -0.140143 0.214412
v -0.058761 -0.1016871 0.370445
v -0.011228 -0.1451301 0.2681359
v 0.098905 -0.0132211 0.3139299
v 0.067172 -0.1010391 0.316319
v 0.035934 -0.079457 0.310191
v 0.003469 -0.140782 0.303774
v 0.017737 -0.1348251 0.250717
v 2.4e-05 -0.14384 0.3013059
v 0.034111 -0.0937231 0.40646
v -0.075758 -0.031354 0.273533
v -0.0493228 -0.1161984 0.3083931
v -0.1388186 -0.0027002 0.090441
v -0.0338851 -0.0681634 0.2120301
v -0.0304276 -0.0549281 0.2108666
v 0.0216601 -0.1170727 0.3164668
v -0.0290618 -0.1269931 0.3000021
v 0.0324494 -0.1268527 0.3031014
v -0.026621 -0.123396 0.256792
v -0.068888 -0.0943711 0.349433
v 0.0405396 -0.1260758 0.3138915
v 0.022514 -0.127491 0.228804
v 0.013447 -0.149435 0.2767209
v -0.053232 -0.1183065 0.3102684
v 0.0383477 -0.1269504 0.2996863
v 0.0839388 -0.05403 0.0491251
v -0.0285043 -0.1247073 0.3042735
v 0.0625324 -0.023569 0.2024667
v -0.0660309 0.0183357 0.1634617
v 0.09638 -0.009581 0.277734
v -6e-06 -0.13451 0.218443
v -0.0267449 -0.1233238 0.3045357
v -0.083609 -0.026512 0.309739
v 0.0557698 -0.1167952 0.312252
v 0.1124137 -0.0284283 0.0818505
v 0.061691 -0.111662 0.262631
v 0.082581 -0.011182 0.294444
v -0.0589565 -0.1155785 0.3161693
v -0.0548252 -0.1138147 0.3051779
v 0.080176 -0.031824 0.288917
v 0.025034 -0.1319911 0.228915
v -0.0591319 -0.1169108 0.3188615
v 0.085261 -0.013023 0.297844
v 0.0413739 -0.0315571 0.1058064
v 0.066035 -0.108959 0.284998
v 0.0629257 -0.0151116 0.1945339
v 0.0644179 -0.0234172 0.2163171
v 0.1472991 0.0515115 0.1075898
v 0.059731 -0.1156581 0.2684419
v 0.094017 -0.00965 0.297021
v 0.033148 -0.1355571 0.33071
v -0.078168 -0.049161 0.275361
v -0.079171 -0.049769 0.284997
v -0.0534344 -0.115757 0.3054388
v -0.02416 -0.138414 0.331034
v -0.0274595 -0.1299588 0.3174598
v -0.057786 -0.099011 0.228256
v -0.046507 -0.0793951 0.406763
v -0.036726 -0.07506 0.415881
v -0.03935 -0.0827661 0.410161
v -0.022945 -0.1375421 0.327778
v -0.020871 -0.139223 0.331964
v -0.057324 -0.1023931 0.232373
v -0.060231 -0.100656 0.238182
v -0.0440925 -0.123957 0.2880409
v -0.052541 -0.120625 0.341685
v -0.0383914 -0.1302631 0.3194148
v -0.0543368 -0.1145176 0.3069246
v -0.018638 -0.1384941 0.327895
v -0.0283574 -0.1311316 0.3201753
v -0.01136 -0.138892 0.213688
v -0.0243495 -0.1264544 0.3112997
v -0.0173631 -0.126365 0.3042295
v -0.016394 -0.127873 0.220691
v -0.023951 -0.120881 0.226988
v -0.024672 -0.119738 0.228054
v 0.012838 -0.145461 0.2451099
v -0.0203434 -0.1257459 0.3094013
v -0.0232118 -0.1255083 0.3095505
v -0.060991 -0.096936 0.234294
v -0.0331039 -0.1300297 0.3178391
v -0.025094 -0.1081161 0.3279479
v -0.012097 -0.1000371 0.312939
v -0.017856 -0.097902 0.294876
v -0.036678 -0.098559 0.288345
v -0.0527021 -0.1006628 0.2999467
v -0.0521859 -0.1064522 0.3180164
v -0.038814 -0.1141271 0.325448
v -0.016652 -0.1304871 0.227129
v -0.0267425 -0.1248652 0.3042043
v 0.0309525 -0.1264341 0.2968257
v 0.094898 -0.012184 0.28927
v 0.011964 -0.1437921 0.230477
v 0.056271 -0.115788 0.292295
v 0.033957 -0.1039581 0.330873
v -0.087002 -0.01452 0.309016
v -0.0263688 -0.1264092 0.3001067
v 0.077057 -0.067351 0.273549
v 0.0509826 -0.1192137 0.3021061
v 0.029839 -0.1184152 0.1953702
v 0.043575 -0.125081 0.280842
v 0.0380312 -0.1260976 0.297127
v 0.0355888 -0.1263013 0.29664
v -0.091362 -0.0183681 0.312105
v 0.075583 -0.0840721 0.3033229
v 0.0377571 -0.1263273 0.3143245
v 0.042409 -0.1278031 0.2642099
v -0.020839 -0.1264361 0.2596409
v -0.0284396 -0.126662 0.298961
v -0.083307 -0.026446 0.258878
v -0.085652 -0.025711 0.257526
v -0.076616 -0.0222191 0.285599
v 0.013448 -0.141998 0.2582659
v -0.09314 -0.015214 0.291904
v -0.0496214 -0.1172984 0.3076355
v -0.0601254 0.001659 0.1923247
v 0.052131 -0.103764 0.379882
v 0.023645 -0.1319261 0.2287669
v 0.067561 -0.1004701 0.320899
v 0.078797 -0.067213 0.283916
v 0.0375851 -0.1254495 0.295068
v -0.081131 -0.035937 0.294168
v 0.018173 -0.1251611 0.21782
v 0.0280452 -0.1327524 0.3229689
v 0.0354813 -0.1271471 0.3137248
v 0.024233 -0.122704 0.231284
v 0.065659 -0.1048661 0.318181
v 0.020414 -0.0845871 0.31726
v 0.048788 -0.08514 0.310406
v 0.043599 -0.0917041 0.3265359
v 0.02354 -0.124114 0.231029
v 0.027697 -0.132032 0.221755
v -0.047439 0.0318 0.261415
v 0.013057 -0.13546 0.24306
v 0.07752 -0.0524241 0.269528
v -0.075266 -0.02842 0.274283
v 0.033948 -0.129852 0.228376
v -0.090931 -0.0170621 0.309645
v 0.00258 -0.1476981 0.23068
v 0.0186003 -0.1125868 0.3001966
v -0.071574 -0.0885301 0.349091
v 0.041845 -0.1280021 0.2596999
v 0.052723 -0.1170571 0.3014675
v 0.042236 -0.1263501 0.3507849
v 0.024551 -0.130479 0.228707
v 0.037758 -0.1298091 0.2593409
v -0.0488579 -0.1158154 0.3079078
v 0.031247 -0.1069771 0.330065
v -0.0626072 -0.0067228 0.1862039
v 0.034627 -0.0799241 0.313543
v 0.027384 -0.0812741 0.300897
v 0.033771 -0.0799611 0.3109051
v 0.039088 -0.081117 0.301136
v 0.046804 -0.0836721 0.313133
v 0.036783 -0.079476 0.3127901
v 0.037671 -0.10561 0.330093
v 0.040062 -0.090192 0.327477
v 0.021879 -0.0827601 0.314516
v 0.023746 -0.1244391 0.229807
v 0.020975 -0.127805 0.228506
v 0.09857 -0.0108571 0.310553
v 0.0244877 -0.0545136 0.0728669
v -0.085403 -0.029165 0.255484
v 0.047477 -0.12382 0.281112
v 0.0338504 -0.1339357 0.3274653
v -0.0872538 -0.0422692 0.0763469
v -0.0983583 -0.0453384 0.057288
v -0.0167 -0.0491377 0.1310138
v 0.046307 -0.1257121 0.2645389
v 0.0500298 -0.1222446 0.3139704
v -0.0867045 -0.0480201 0.0620908
v 0.077177 -0.080396 0.298972
v -0.0153583 -0.0594595 0.152633
v 0.0404702 -0.1248781 0.2956609
v -0.081813 -0.029296 0.301849
v -0.073938 -0.030156 0.276188
v 0.037404 -0.130435 0.34758
v 0.015196 -0.145806 0.241663
v 0.022467 -0.083175 0.317211
v 0.035763 -0.0816991 0.298639
v 0.04485 -0.0889631 0.323954
v -0.093956 -0.014159 0.295761
v -0.081489 -0.029569 0.256652
v -0.0486479 -0.1168824 0.3072297
v -0.129057 0.048993 0.121029
v -0.051458 0.066577 0.147996
v 0.027927 -0.132183 0.224313
v 0.024945 -0.12371 0.236686
v 0.0378576 -0.1109763 0.2011268
v 0.052546 -0.1179341 0.250088
v 0.010928 -0.142725 0.259885
v 0.0514928 -0.1209897 0.3122193
v 0.022455 -0.125661 0.2284689
v 0.039369 -0.0827091 0.410242
v 0.025273 -0.134467 0.222179
v 0.048028 -0.1244629 0.3142658
v 0.037151 -0.129937 0.255045
v -8.1e-05 -0.1460611 0.229649
v 3e-05 -0.0399541 0.435067
v 3.6e-05 -0.1398581 0.306405
v -0.0196847 -0.0527648 0.1433165
v -0.02525 -0.127338 0.252299
v -0.133401 0.029525 0.116909
v -0.120364 0.037119 0.125665
v 0.0246944 -0.1209305 0.1897763
v 0.025269 -0.081766 0.301581
v 0.0303389 -0.1269762 0.3026936
v 0.0233573 -0.1260578 0.3000965
v 0.025326 -0.0814071 0.303136
v -0.0054805 -0.1117062 0.1799938
v 0.036497 -0.1171671 0.38171
v 0.080951 -0.0367131 0.270891
v -0.0508435 -0.1190477 0.2995143
v -0.0487961 -0.1155774 0.3071519
v -0.049485 -0.0689186 0.0372687
v -0.023608 -0.126365 0.23911
v -0.071691 -0.036874 0.248547
v -0.0166653 0.0481955 0.2000955
v 0.081573 -0.028195 0.297981
v 0.003696 -0.151321 0.264056
v 0.044665 0.040549 0.271343
v 0.0036105 -0.0866805 0.1780154
v -0.077052 -0.0321491 0.28893
v 0.040323 0.050136 0.281659
v 0.031369 -0.108385 0.2607989
v -0.0345496 -0.1255646 0.3153994
v 0.0141961 -0.109138 0.3059348
v 0.084113 -0.022623 0.264024
v 0.0538749 0.0185542 0.1887726
v -0.0079318 -0.1157711 0.1805468
v 0.065034 -0.1000191 0.3549549
v -0.030386 -0.129769 0.221867
v -0.027317 -0.131487 0.218772
v 0.032534 -0.1341321 0.344098
v 0.081733 -0.0282381 0.295984
v -0.026508 -0.130611 0.215431
v -8.5e-05 -0.149221 0.231895
v 0.024021 -0.138806 0.2320549
v 0.00478 -0.1252651 0.385627
v -0.1513404 0.0158416 0.1013432
v 0.008916 -0.118476 0.2631109
v 0.0416612 -0.0713437 0.1937098
v -0.020562 -0.0860941 0.31987
v 0.032355 -0.116976 0.385395
v -0.0491047 0.024026 0.2512644
v 0.084532 -0.031082 0.319205
v 0.018527 -0.104346 0.324746
v 0.0377617 -0.0763545 0.1912947
v 0.0544241 -0.1013732 0.2228128
v 0.028026 -0.1280071 0.3148739
v 0.0214416 -0.1153209 0.3196497
v 0.016099 -0.1109487 0.3028259
v 0.0452228 -0.1129156 0.2967901
v 0.005355 -0.140725 0.232948
v 0.027548 -0.1315251 0.22756
v -0.01617 0.0234279 0.425626
v -0.083853 -0.037283 0.286938
v -0.0488199 -0.1212227 0.3004172
v -0.1430519 0.0087388 0.099785
v 0.0620759 -0.0883901 0.2249437
v -0.046255 -0.125699 0.264546
v -0.0509409 -0.1192148 0.3020991
v -0.0308861 -0.1229634 0.316825
v 0.005352 -0.129885 0.209193
v 0.0219744 -0.1132371 0.3227668
v 0.081869 -0.026985 0.26274
v 0.0072551 -0.0842659 0.1779857
v 0.081852 0.060536 0.141083
v 0.006169 -0.142982 0.2298259
v 0.0539538 -0.1171339 0.3100818
v 0.0071787 -0.0888905 0.1784915
v 0.083519 -0.026486 0.258951
v 0.0375395 -0.0696406 0.1897977
v 0.080488 -0.0358721 0.273528
v 0.082782 -0.034033 0.282303
v 0.035949 -0.1119601 0.388576
v 0.015383 -0.0787661 0.423073
v 0.138856 -0.0027099 0.0905239
v 0.084755 -0.0266321 0.316479
v -0.0228323 -0.1256272 0.3026398
v 0.072436 -0.095297 0.293327
v 0.080525 -0.0568861 0.3664909
v 0.038051 -0.0862501 0.32541
v 0.010126 -0.141782 0.2302099
v 0.0388088 -0.1260224 0.3032768
v 0.015877 -0.1452451 0.2603369
v 0.037381 -0.1275881 0.228575
v 0.006921 -0.069607 0.043078
v -0.030072 0.0098499 0.426901
v 0.019902 -0.138228 0.22972
v 0.0267911 -0.1105832 0.2917953
v -0.023706 -0.127589 0.243484
v -0.069925 -0.031523 0.249769
v 0.0282855 -0.0364629 0.2184389
v 0.088053 -0.020904 0.261306
v -0.03738 0.0645649 0.31367
v 2.7e-05 -0.1400241 0.325403
v -5.7e-05 0.046721 0.223654
v -0.060319 -0.115323 0.285052
v 0.0583229 -0.1148822 0.3136221
v 0.027979 -0.0807911 0.302287
v 0.090115 0.023675 0.138726
v 0.029218 -0.0974261 0.330587
v 0.002824 -0.150252 0.234456
v 0.0036796 -0.0742205 0.1708775
v -0.077412 -0.010857 0.2812881
v -0.058057 0.01867 0.261601
v 0.062363 0.0478599 0.344686
v 0.02288 -0.1295591 0.247864
v 0.064121 -0.0312561 0.407815
v 0.0109514 -0.0729431 0.171875
v -0.077999 -0.0420261 0.268928
v -0.083162 -0.037577 0.279996
v -0.027888 0.0718549 0.327569
v 0.028462 -0.1231035 0.3033385
v 0.091089 -0.0242501 0.312682
v -0.014516 -0.0951051 0.3187279
v 0.0471956 -0.0516992 0.1929406
v 0.071102 0.0358969 0.347601
v -0.094862 -0.012243 0.289373
v 0.083397 -0.033454 0.286329
v 2.4e-05 -0.133395 0.189465
v 0.061884 -0.103467 0.2475149
v -0.008674 0.045846 0.234208
v 0.037177 0.064126 0.31368
v 0.0492794 -0.1154392 0.3091838
v -0.081208 0.0063099 0.317158
v -0.041482 -0.130128 0.3403599
v 0.01464 -0.136404 0.230333
v 0.016835 -0.143298 0.259282
v -0.005112 -0.1505551 0.267911
v -0.021206 -0.123769 0.224103
v -0.026487 -0.0093991 0.4317099
v 0.024207 -0.1383871 0.33103
v 0.0185809 -0.085087 0.1807417
v -0.014506 -0.094193 0.301121
v -0.029156 -0.095205 0.289082
v -0.048281 -0.096356 0.2944709
v -0.0546693 -0.1009184 0.312777
v -0.043988 -0.1087731 0.3263699
v 0.021666 -0.1042681 0.404361
v 0.028486 -0.080715 0.30395
v 0.032915 -0.131365 0.254733
v 0.063467 -0.112341 0.2848989
v 0.013041 -0.133699 0.1985359
v 0.022464 -0.0815875 0.1819874
v -0.0393992 -0.1027066 0.1967898
v 0.02656 -0.1380871 0.333922
v -0.020532 -0.123387 0.2204359
v -0.080435 -0.0286861 0.30532
v 0.005552 -0.1534721 0.264445
v 0.007107 -0.154774 0.26385
v 0.042943 -0.097265 0.290519
v 0.018527 -0.1136004 0.3178238
v 0.016168 -0.1084247 0.2997108
v 0.0324242 -0.1093085 0.2899565
v 0.026512 -0.1234851 0.256807
v 0.0476676 -0.1104522 0.2972324
v 0.050094 -0.1137625 0.3108608
v 0.025743 -0.081351 0.304796
v -0.090133 0.023553 0.138623
v -0.080863 -0.010259 0.2853001
v -0.073075 -0.036149 0.254637
v -0.068262 -0.0311826 0.2388965
v 0.002321 -0.132343 0.213703
v -0.0233413 0.044312 0.2099358
v -0.0164282 0.0450772 0.2221408
v -0.0502563 0.0178474 0.2396118
v 0.003045 -0.151108 0.239987
v 0.00292 -0.14795 0.245313
v -0.090315 -0.027054 0.311311
v 0.004595 -0.1493321 0.26254
v 0.007225 -0.0866881 0.420682
v -0.008581 0.047603 0.211987
v -0.0407018 -0.0723309 0.0282117
v -0.014394 0.0039079 0.432758
v -0.013931 0.0744069 0.320336
v 0.0388153 -0.1248582 0.3031923
v -0.021452 -0.1278791 0.236309
v -0.040737 -0.0047971 0.425432
v -0.061734 -0.114813 0.2810209
v -0.056922 -0.117966 0.285211
v -0.078565 0.0155039 0.314382
v -0.078043 -0.045438 0.271796
v -0.021464 -0.128924 0.24005
v -0.085554 -0.029386 0.2754831
v -0.084399 -0.036357 0.283755
v 0.015589 -0.131678 0.195008
v 0.089345 -0.01452 0.285156
v -0.1477715 0.0045786 0.0936905
v 0.004163 -0.1513581 0.261151
v -0.078701 -0.027123 0.2989371
v 0.0305618 -0.1289582 0.3151566
v -0.05022 -0.0590831 0.412792
v 0.024766 -0.093329 0.411725
v -0.0244088 -0.1260239 0.301437
v -0.0587419 0.0109044 0.2511199
v -0.013819 -0.134439 0.208367
v 0.0338678 -0.0746543 0.1879802
v 0.0829306 -0.0042122 0.1118137
v -0.0255635 -0.1261097 0.3023658
v 7.7e-06 -0.0939953 0.1784279
v -0.008034 -0.125025 0.261721
v 0.0438541 -0.1217638 0.3149501
v -0.026816 -0.124228 0.202482
v 6.8e-05 -0.162138 0.26561
v 0.079165 -0.022514 0.291473
v 0.091504 -0.018127 0.263794
v -0.022374 -0.120786 0.219091
v 0.077057 -0.0234111 0.294438
v 0.067473 0.040832 0.331532
v 1.4e-05 -0.064233 0.052559
v 0.0568885 -0.0303722 0.1810468
v 0.016365 -0.1336461 0.242761
v 0.0546839 -0.100515 0.3062553
v 0.070922 -0.093715 0.2626221
v -0.0033623 -0.0965175 0.1786252
v -0.071646 -0.078792 0.247986
v -0.050971 -0.1137841 0.365858
v 0.046723 0.076353 0.138843
v 0.074665 0.0294999 0.335123
v -0.091621 -0.0288151 0.310828
v -0.077074 -0.007118 0.286455
v -0.005784 -0.1523761 0.26681
v 0.021601 -0.1355501 0.229127
v 0.060362 -0.115345 0.2850469
v 0.022266 -0.0870801 0.1823186
v 0.0533541 -0.0377289 0.1873922
v 0.035958 -0.126618 0.224003
v 0.02786 -0.131949 0.2262229
v 0.0495903 -0.1146872 0.3085042
v 0.0259354 -0.1273108 0.3132074
v 0.0408846 -0.124791 0.3036001
v -0.082942 -0.0387461 0.283126
v 0.006982 -0.139223 0.236118
v 0.024423 -0.118143 0.261204
v 0.005605 -0.1506281 0.237475
v 0.026098 -0.1324351 0.227733
v 0.028713 -0.132163 0.258597
v 0.0257326 -0.1214918 0.3044938
v 0.064364 -0.109884 0.288809
v 0.090019 -0.01402 0.267528
v 0.054557 0.0497349 0.308354
v -0.0512062 -0.1248103 0.3199906
v -0.008238 -0.136619 0.209896
v -0.00277 -0.130878 0.186359
v 0.079634 -0.0676951 0.304639
v 0.053551 -0.121246 0.268916
v 0.029106 -0.120645 0.250656
v -0.051931 -0.1089751 0.3726589
v -0.0368165 -0.1088625 0.1970429
v -0.022367 -0.136337 0.227239
v 0.0587784 -0.0314347 0.1951973
v -0.0557587 -0.116764 0.3122223
v 0.086678 -0.018192 0.265341
v -0.0086437 -0.0506627 0.1290528
v -0.1127591 -0.0285681 0.0816056
v 0.079489 -0.022668 0.274249
v 0.077885 -0.0196491 0.296736
v 0.072809 -0.0866391 0.322212
v 0.016971 -0.132697 0.239521
v 0.08024 -0.062467 0.299407
v 0.070789 -0.099097 0.2913089
v 0.045565 -0.121167 0.236872
v -0.065124 -0.105263 0.296672
v -0.078777 0.0087929 0.3062799
v -0.092383 -0.015237 0.285473
v 0.002822 -0.130861 0.186364
v -0.0440798 -0.0888496 0.197527
v 0.074622 -0.082302 0.318415
v 0.0366193 -0.126037 0.2872403
v 0.0225863 -0.1184977 0.3134097
v -0.084016 -0.021802 0.3039809
v 0.0248131 -0.1173716 0.2998046
v 0.040781 -0.079861 0.310671
v 0.038939 -0.084039 0.32284
v 0.024015 -0.123157 0.229101
v -0.00698 -0.136542 0.317957
v -0.059836 -0.108527 0.3041335
v -0.0305001 -0.1286392 0.3161136
v -0.039464 -0.1301401 0.344113
v -0.010683 -0.135154 0.207534
v -0.069167 -0.075875 0.232911
v -0.047042 -0.0483101 0.418593
v -0.030987 -0.0399421 0.428935
v -0.080479 0.0015389 0.309265
v -0.071849 -0.071579 0.240933
v -0.047915 -0.1148591 0.3700289
v -0.009 -0.1350231 0.365721
v -0.007819 -0.139512 0.326145
v -0.0351561 -0.106492 0.1932922
v -0.013212 -0.13543 0.362485
v 0.063977 -0.103368 0.2534629
v -0.013527 -0.1330061 0.22719
v 0.016352 -0.1428411 0.2244579
v 0.062463 -0.1122491 0.2674429
v -0.0279796 -0.1280297 0.3148797
v -0.0524796 -0.1231084 0.3179266
v -0.0577232 -0.1108489 0.3032498
v -0.0076878 -0.1341632 0.3089619
v -0.0242048 -0.1215022 0.3063214
v -0.0095182 -0.1322992 0.3063888
v -0.042312 -0.0363021 0.4238669
v 0.059641 -0.11317 0.292021
v 0.0593274 -0.0212422 0.1293488
v -0.037015 -0.0516761 0.423815
v -0.0467985 -0.1273586 0.3190579
v -0.0279467 -0.1281268 0.3135869
v -0.015947 -0.137448 0.352067
v -0.012232 -0.1380841 0.3242909
v -0.011166 -0.136601 0.21088
v -0.0265309 -0.1233732 0.1980632
v -0.0257901 -0.1273404 0.3142606
v -0.013614 -0.129972 0.220186
v -0.022693 -0.1216421 0.223442
v 0.035639 -0.096062 0.330631
v -0.0616666 -0.1131764 0.319126
v -0.008561 -0.151426 0.266807
v -0.0099295 -0.131793 0.3113217
v 0.068944 -0.0942651 0.34957
v 0.05961 -0.0214427 0.1434002
v -0.0248341 -0.1212718 0.3055041
v 0.0400567 -0.0564621 0.1863266
v 0.023585 -0.127681 0.24349
v 0.025132 -0.127429 0.2523099
v 0.094551 -0.0131551 0.3158211
v -0.020868 -0.1354161 0.356243
v -0.004708 -0.125259 0.3856419
v -0.0313182 -0.1205305 0.2037328
v -0.044625 -0.0713211 0.412327
v -0.008267 -0.1495451 0.268634
v -0.004401 -0.1365061 0.3613389
v -0.027456 -0.105234 0.329733
v -0.012983 -0.0976061 0.316067
v -0.015801 -0.0960741 0.297877
v -0.032871 -0.096855 0.288318
v -0.050838 -0.098446 0.297008
v -0.0537509 -0.1036719 0.3156363
v -0.041333 -0.111557 0.3262829
v -0.014959 -0.130375 0.224113
v -0.0252827 -0.1224483 0.3048563
v -0.026053 -0.1269935 0.3117349
v -0.012446 -0.137285 0.355062
v -0.017171 -0.1355551 0.3593619
v -0.008594 -0.1369791 0.358131
v -0.046287 -0.1255471 0.343368
v 0.016157 0.0234569 0.425657
v -0.055005 -0.1079691 0.3682349
v -0.040819 -0.1052618 0.2007507
v 0.073218 -0.036276 0.254655
v -0.041452 -0.0622311 0.4181079
v 3.5e-05 -0.127761 0.18397
v -0.011389 -0.135644 0.3197489
v -0.017392 -0.0960556 0.1808258
v -0.085178 -0.015757 0.2701059
v -0.098985 -0.005697 0.294806
v 0.082964 -0.0006411 0.374932
v -0.082007 -0.032961 0.285616
v 0.015449 -0.142413 0.227947
v -0.074066 -0.03289 0.274878
v -0.0469736 -0.1221169 0.3049291
v -0.069335 0.0313249 0.377907
v 0.013089 -0.0938061 0.4153331
v 0.005198 -0.1548791 0.2622859
v 0.023886 -0.120922 0.227018
v 0.054145 -0.1209191 0.3373969
v 0.1231881 0.0853915 0.1060137
v -0.0102542 -0.0963761 0.1792137
v 0.042207 -0.0851851 0.322353
v -0.025328 -0.0664739 0.1767945
v -0.009528 -0.052257 0.263294
v 0.082831 -0.033407 0.284285
v 0.011551 -0.1500281 0.280353
v 0.070396 0.0172599 0.392553
v 0.0357632 -0.1310245 0.3215428
v -0.021485 -0.1400721 0.244954
v -0.032061 -0.0805171 0.314278
v 0.017766 -0.0996341 0.409756
v -0.0347737 -0.1160542 0.2020711
v -0.005014 -0.136479 0.20068
v 0.079244 -0.01758 0.289329
v 0.079847 -0.0489171 0.29518
v 0.07861 -0.0367291 0.25594
v -0.055735 -0.108764 0.239297
v 0.050232 -0.0590171 0.41285
v -0.1110225 -0.0350879 0.0674674
v 0.0385602 -0.125458 0.2904577
v 0.0433411 -0.04981 0.1845766
v 0.0074094 -0.070843 0.1670959
v -0.0178929 -0.0490458 0.2081891
v -0.1471485 0.0512846 0.107732
v 0.0486985 -0.1204016 0.3059619
v 0.040364 -0.100282 0.289202
v 0.077736 0.0157219 0.3772281
v 0.077905 -0.07662 0.284728
v 0.041297 -0.1260691 0.239154
v 0.080665 -0.037387 0.274314
v 0.036673 -0.0985201 0.288398
v 0.041504 -0.125045 0.234555
v 0.0425043 -0.1299325 0.3233315
v 0.0369267 -0.1291406 0.317077
v -0.056632 -0.114216 0.253878
v 0.016946 -0.133558 0.209426
v 0.011245 -0.145809 0.2847559
v 0.048372 0.0585289 0.320574
v 0.0335673 -0.1291837 0.3169365
v 0.020072 -0.135015 0.265567
v 0.015986 -0.142494 0.2476809
v 0.013832 -0.134386 0.208367
v 0.02181 -0.137763 0.229944
v 0.0513075 -0.0537868 0.199986
v 0.0537595 -0.1029328 0.3031384
v 0.031804 -0.112388 0.252282
v 0.0528304 -0.0626767 0.2032519
v 0.017232 0.044645 0.244219
v 0.032105 -0.1060731 0.397319
v 0.019884 -0.1340711 0.27566
v 0.0358567 -0.0782049 0.2145613
v 0.0470677 -0.1220228 0.3117385
v 0.019883 -0.135555 0.22919
v 0.0397809 -0.1327012 0.3296158
v 0.0409902 -0.1312848 0.3262386
v 0.020104 -0.13033 0.205975
v 0.016223 -0.132384 0.205166
v -0.0477271 -0.1166847 0.3056218
v 0.0345929 -0.1321865 0.324416
v 0.012675 -0.094895 0.30695
v 0.0488039 -0.107516 0.3228906
v -0.077775 0.0157489 0.3772869
v -0.086638 -0.018135 0.26528
v 0.076969 0.0007989 0.39056
v -0.096403 -0.00871 0.289363
v 0.023045 -0.0965921 0.2911289
v -0.082809 -0.033353 0.284468
v 0.0437863 -0.1188092 0.3172931
v -0.07672 -0.0202121 0.295616
v -0.074162 -0.036279 0.2769801
v -0.079562 -0.041254 0.273973
v 0.062548 -0.11042 0.2921019
v -0.0373613 -0.0532206 0.0760111
v -0.0036004 -0.082374 0.177203
v -0.0287556 -0.0604055 0.1742959
v -0.027418 0.057295 0.167772
v -0.033199 -0.05844 0.065456
v -0.009739 0.059531 0.170278
v -0.0347388 -0.1258932 0.2949739
v -0.0309102 -0.1264364 0.2968476
v 0.060442 -0.110978 0.2952289
v -0.058665 -0.110853 0.252324
v 0.076724 -0.081822 0.281086
v 0.014285 -0.0738649 0.0342548
v -0.078527 -0.031024 0.289969
v 5.8e-05 -0.163725 0.2720449
v 0.0547761 -0.0284622 0.1516913
v 0.0469729 -0.118603 0.3135747
v 0.094914 -0.012124 0.284956
v -0.08011 -0.0338761 0.282743
v 0.0536718 -0.0276626 0.1374601
v 0.072156 -0.09741 0.275708
v 0.061228 0.02748 0.1685942
v 0.0256435 -0.1286599 0.3154502
v 0.0485805 -0.116304 0.3119531
v 0.0500137 -0.1136799 0.307005
v 0.049491 -0.12369 0.273156
v -0.0141965 -0.093503 0.1798682
v 0.014119 -0.152782 0.2726899
v -0.081693 -0.033685 0.2821581
v 0.056693 0.027021 0.270806
v -0.044337 -0.1111531 0.381112
v 0.030181 0.0517899 0.273293
v 0.025339 -0.1374341 0.343055
v -0.05806 -0.114518 0.2588659
v -0.0630558 -0.0146397 0.1647239
v 0.03369 -0.1152691 0.325501
v -0.013352 -0.064374 0.053196
v 0.012935 -0.1427361 0.251417
v -0.0072525 -0.0842304 0.1779756
v 0.085741 -0.010051 0.284132
v -0.084063 -0.022611 0.263997
v 0.077723 -0.0722781 0.279245
v -0.081831 -0.024823 0.307022
v -0.041261 -0.126051 0.239223
v 0.035628 -0.125972 0.367793
v -0.009013 -0.118446 0.2631059
v 0.0486888 -0.1185589 0.3066788
v -0.015748 -0.137447 0.284487
v 0.020197 -0.139347 0.249252
v 0.0511211 -0.1182399 0.3070254
v 0.069963 -0.100792 0.269852
v -0.017721 -0.146154 0.261447
v 0.072526 -0.086736 0.261958
v 0.044793 -0.1267184 0.3129739
v 0.0242806 -0.0404546 0.0990296
v 0.064864 -0.107522 0.2926929
v -0.081394 -0.040231 0.2787549
v -0.00477 -0.1462751 0.254639
v -0.0139339 -0.1279691 0.3107919
v -0.01531 -0.134987 0.246711
v -0.011092 -0.136518 0.243055
v -0.0486503 -0.1204145 0.3059409
v -0.0734495 -0.0093254 0.1158004
v -0.082766 -0.0019791 0.318118
v 0.062335 -0.107385 0.25568
v -0.009951 -0.027937 0.217863
v -0.0109877 -0.0816199 0.1780421
v 0.0305339 -0.1286628 0.3161145
v 0.025496 -0.0910981 0.32754
v 0.017448 -0.128279 0.190149
v 0.0109416 -0.0862109 0.1788038
v 0.045291 -0.13015 0.332343
v -0.075061 0.0278519 0.3629369
v -0.07918 -0.043743 0.277142
v 0.064081 -0.0811511 0.384516
v -0.0263051 -0.1121664 0.2134463
v 0.023916 -0.132037 0.2751531
v -0.019523 -0.136418 0.229624
v -0.0477884 -0.122303 0.2885182
v 0.062892 -0.10829 0.2957149
v 0.022995 -0.1375411 0.32776
v -0.074936 -0.035216 0.274835
v 0.020151 -0.133877 0.2718659
v 0.050059 -0.1261081 0.335056
v 0.097429 0.059621 0.134373
v -0.0199025 -0.1074117 0.2943855
v -0.040337 -0.127314 0.243217
v 0.070073 -0.102318 0.2755439
v 0.005686 -0.1354501 0.223461
v -0.0383408 -0.1080621 0.2899657
v -2.21e-05 -0.0991603 0.1787468
v -0.068601 0.0096398 0.1571809
v -0.0504768 -0.1099798 0.301573
v -0.0489106 -0.114241 0.3143919
v 0.019563 -0.1409111 0.270636
v -0.0186141 -0.1258639 0.305496
v -0.023872 -0.081913 0.307756
v 0.018779 -0.0847931 0.314101
v 0.020443 -0.0838521 0.3037771
v 0.030144 -0.084405 0.29524
v -0.0343387 -0.1275331 0.3022637
v 0.050791 -0.0895721 0.316451
v 0.039395 -0.0977161 0.330137
v -0.082255 -0.0106361 0.3114899
v 0.079388 -0.018859 0.286863
v 0.047046 -0.0482831 0.418608
v -0.064554 -0.1055311 0.3138269
v -0.0292345 -0.0673916 0.1815565
v -0.0487587 -0.1151269 0.3057611
v 0.039631 -0.127189 0.235771
v -0.043371 -0.060607 0.057477
v 0.0250483 -0.1286868 0.2873429
v -0.038963 -0.128269 0.239803
v -0.0072603 -0.0800761 0.1767597
v 0.018173 -0.1328221 0.231082
v 0.012936 -0.145672 0.280654
v -0.0332298 -0.1263769 0.2966292
v -0.081866 0.0128539 0.362264
v 0.017856 -0.0978971 0.294946
v 0.0527135 -0.1006169 0.2999806
v -0.020478 -0.1438871 0.264181
v 0.038855 -0.1141411 0.325495
v -0.0304874 -0.1289624 0.3137258
v -0.042986 -0.125118 0.242876
v -0.024726 -0.08187 0.310393
v -0.013558 -0.138179 0.231017
v 0.012902 -0.142547 0.2292989
v 0.085837 -0.030813 0.332727
v 0.019737 -0.1375161 0.25378
v -0.080072 -0.064261 0.335371
v -6e-06 0.047252 0.246014
v -0.025321 -0.1147914 0.3236589
v -0.0129884 -0.1071101 0.3092798
v -0.05535 -0.115989 0.347427
v -0.0232306 -0.1090516 0.2926913
v -0.0413108 -0.1096956 0.2917151
v 0.013107 -0.133329 0.19614
v -0.0503284 -0.1119773 0.3045156
v 0.079245 -0.019637 0.276386
v -0.012879 -0.1409891 0.230229
v -0.0361846 -0.1275439 0.3010803
v -0.078769 -0.0695681 0.346816
v 0.082177 -0.039892 0.286227
v 0.068922 -0.1008661 0.29502
v 0.0163172 0.0450152 0.2222028
v -0.0232456 -0.1015881 0.1834349
v 0.07339 -0.031167 0.288267
v -0.034036 0.059837 0.2931671
v -0.005055 -0.154959 0.2622449
v -0.056731 -0.111141 0.247066
v -0.059345 -0.1109261 0.34836
v 0.0539351 -0.1176012 0.3114457
v 0.0033452 -0.0965448 0.1786388
v -0.059693 -0.115651 0.268447
v -0.0262868 -0.1055893 0.2083492
v 0.014096 -0.1442381 0.2606679
v 0.08141 -0.0402681 0.278624
v 0.082948 -0.038813 0.282943
v 0.08665 0.035813 0.144926
v 0.0512985 -0.1190556 0.3058944
v -0.06023 -0.1107201 0.343984
v -0.014481 -0.141512 0.2805239
v 2.4e-05 -0.1381731 0.3183369
v 0.003956 -0.162758 0.268601
v 0.024108 -0.132137 0.271153
v -0.082162 -0.037074 0.256839
v -0.0481154 -0.1166807 0.3065847
v 0.012257 -0.1563041 0.271069
v 0.065195 0.02144 0.279592
v -0.081141 -0.0177731 0.29614
v 0.030021 -0.1345321 0.234088
v 0.021634 -0.10632 0.3267219
v 0.012014 -0.097508 0.309854
v 0.0557028 -0.0563407 0.2061467
v 0.020577 -0.099664 0.292372
v 0.0501734 -0.1091829 0.3198046
v 0.0367575 -0.1165133 0.3239087
v 0.018019 -0.1355961 0.229722
v 0.0460875 -0.1244307 0.3121028
v 0.030082 -0.113979 0.242987
v 0.0278692 -0.1348682 0.3257321
v 0.030065 -0.1030001 0.401321
v -0.047537 -0.055073 0.069113
v 0.028428 -0.1100841 0.395512
v -0.026747 -0.112444 0.326305
v -0.0125856 -0.1048965 0.3127728
v -0.019235 -0.142615 0.2328519
v 0.085337 -0.023742 0.259981
v 0.0234087 0.0414946 0.2321009
v 0.031957 -0.1265391 0.371313
v -0.0702276 -0.0073026 0.1288225
v 0.085357 -0.0310461 0.313903
v -0.0161661 -0.1019568 0.1807865
v -0.027392 -0.054638 0.2639
v 0.0500689 -0.120049 0.3059266
v 0.0173569 -0.1118214 0.1819757
v -0.017751 0.053934 0.178898
v 0.023874 -0.1034491 0.3287399
v 0.015264 -0.139558 0.254658
v -0.002985 -0.1500391 0.234486
v 0.027016 -0.1232913 0.3044665
v 0.0208568 -0.1231426 0.3048748
v 0.021843 -0.139881 0.231487
v 0.0546025 -0.1160986 0.3098122
v -0.082191 -0.021623 0.275313
v -0.019215 -0.14353 0.2609929
v -0.004955 -0.1572791 0.26231
v -0.065608 -0.1048471 0.3181641
v -0.009239 -0.150385 0.284201
v 0.014032 -0.1065734 0.3027389
v -0.023205 -0.110797 0.325557
v -0.0219458 -0.1132057 0.3227117
v -0.011951 -0.102361 0.309528
v -0.0282221 -0.1275594 0.3122355
v -0.0125928 -0.1045443 0.3060388
v -0.021602 -0.104471 0.292063
v -0.025088 -0.106148 0.2905709
v -0.0410452 -0.105139 0.2899299
v -0.0439779 -0.106917 0.291889
v -0.0524294 -0.1076531 0.3036331
v -0.0520178 -0.1098751 0.3066038
v 0.014199 -0.1404241 0.336462
v -0.0484813 -0.1132296 0.3177298
v -0.0468322 -0.1151108 0.3174456
v -0.015742 -0.138493 0.229898
v 0.0580101 -0.0914419 0.219122
v 0.085804 -0.019535 0.296397
v 0.0593022 0.0183794 0.1758232
v -0.013923 -0.1391791 0.214871
v -0.018855 -0.136535 0.215187
v -0.018731 -0.139324 0.22856
v -0.048244 0.0320519 0.4061561
v -0.033038 0.0287259 0.4173941
v -0.078103 -0.0711631 0.337953
v -0.019071 -0.1470791 0.263921
v -0.080931 -0.0618851 0.345338
v -0.056658 -0.1185591 0.268879
v -0.052531 -0.115573 0.244156
v 0.030021 -0.1345231 0.3471999
v -0.026538 -0.125861 0.3107909
v -0.028475 -0.1261226 0.3116809
v 0.0148 -0.1173051 0.393848
v -0.016206 -0.139483 0.21641
v -0.063794 -0.1090791 0.318985
v -0.027434 -0.129987 0.279171
v -0.023229 -0.1317691 0.2792539
v -0.03422 0.0453239 0.4032011
v -0.0131167 -0.1278555 0.306636
v -0.002156 -0.1473731 0.2569159
v -0.00229 -0.156192 0.260676
v -0.003568 -0.1543451 0.286768
v -0.01733 0.0408039 0.413708
v -0.012524 0.0686399 0.298104
v 0.022226 -0.1357891 0.324539
v -0.054769 -0.114564 0.248905
v -0.059809 -0.1162711 0.272794
v -0.0203631 -0.0987638 0.1820079
v -0.021534 -0.1355451 0.229121
v -0.005669 -0.147251 0.260134
v -0.056603 -0.1156561 0.343289
v -0.0113386 -0.1295916 0.3087434
v -0.00361 -0.149287 0.259147
v -0.016647 -0.136457 0.21332
v -0.006791 -0.150247 0.288381
v -0.016618 -0.137633 0.280176
v -0.023844 -0.1320311 0.275145
v -0.022732 0.061243 0.2850409
v -0.0321517 -0.1275357 0.3015117
v -0.0307325 -0.127909 0.312688
v -0.013174 -0.135343 0.243061
v -0.0317532 -0.0962007 0.2124511
v -0.028484 -0.1305611 0.27497
v -0.0629596 -0.1088457 0.3150805
v 0.094939 -0.0209971 0.317531
v 0.0535945 0.0272785 0.1801173
v -0.018976 -0.1049586 0.1819025
v -0.0482816 -0.1153163 0.3134477
v -0.003554 -0.153747 0.2604159
v 0.027986 -0.135972 0.2334939
v 0.055064 -0.1161443 0.3108903
v -0.0157049 -0.1264827 0.3085656
v 0.019577 -0.1308681 0.231128
v -0.013236 -0.141455 0.284816
v -0.009918 -0.1374671 0.247035
v -0.0305825 -0.1043285 0.2173747
v 0.012567 -0.1453591 0.223508
v 0.1162654 -0.0033408 0.0970784
v 0.080614 -0.041951 0.28195
v 0.0475145 -0.1250969 0.3128912
v 0.004471 -0.1529191 0.262904
v 0.056312 0.093003 0.117332
v 0.008205 -0.150069 0.240309
v 0.034853 -0.131474 0.243259
v 0.028452 -0.1361561 0.236159
v -0.073719 0.0177021 0.1519788
v -0.003927 -0.138815 0.321756
v 0.0212248 -0.1222418 0.305704
v 0.018034 -0.1394811 0.3414499
v 0.095526 -0.012718 0.279774
v 0.007662 -0.13335 0.219772
v -0.0591918 -0.1098755 0.3009837
v 0.083287 0.073375 0.13208
v 0.0215481 -0.1082095 0.1831997
v 0.061722 -0.092918 0.229911
v 0.027996 -0.1281224 0.3135701
v 0.0483227 -0.1152981 0.3134731
v -0.078965 -0.0315861 0.288686
v 0.0224118 -0.1230328 0.3046218
v -0.0197538 -0.1254531 0.306122
v 0.02579 -0.0956611 0.32929
v 0.058411 -0.115622 0.288752
v 0.025962 -0.1262608 0.2985864
v 0.081367 -0.0591831 0.35564
v -0.0991817 -0.0321306 0.0849435
v 0.087165 -0.01626 0.292468
v 0.0884188 -0.010139 0.1004187
v 0.0335633 -0.1292858 0.3164148
v 0.010318 -0.157884 0.2744029
v 0.006322 -0.0862019 0.20537
v -0.003835 -0.162795 0.2685869
v 0.076886 -0.023922 0.274448
v 0.0214351 -0.0442432 0.0882593
v 4e-06 -0.143047 0.216353
v -0.056626 -0.1191451 0.273367
v 0.045372 -0.0852791 0.299661
v 0.085427 -0.0251381 0.325448
v 0.068392 -0.105175 0.285174
v -0.007734 -0.138354 0.251108
v -0.04562 0.10101 0.102276
v -0.081307 -0.035049 0.279354
v 0.0492499 -0.1160009 0.3101373
v 0.085848 -0.029417 0.3074529
v 0.010973 -0.14049 0.339426
v 0.088728 -0.029338 0.309063
v 0.022893 -0.122421 0.226582
v 0.037214 -0.0465186 0.16263
v 0.0589695 -0.1156056 0.3161981
v 0.019971 -0.1292301 0.233476
v 0.1203997 0.0967273 0.0916021
v -0.083327 -0.035539 0.280742
v 0.048546 -0.0194761 0.421793
v 0.0203719 -0.1237352 0.3059353
v 0.01021 -0.114762 0.398252
v 0.09715 -0.008825 0.28396
v 0.083374 -0.0090251 0.317549
v 0.0221869 -0.0744103 0.0271181
v 0.0230498 -0.1261044 0.3111293
v 0.085064 -0.0408061 0.339116
v 0.0355261 -0.0457058 0.2216723
v 0.0201788 -0.124138 0.3054329
v 4e-06 -0.118013 0.203902
v 0.034106 -0.132186 0.239904
v 0.050064 -0.1239002 0.3159919
v 0.082253 -0.011501 0.280128
v 0.076424 -0.077649 0.275046
v 0.035863 -0.1128201 0.327211
v -0.096742 -0.007647 0.2989651
v 0.059158 -0.0825231 0.39116
v -0.090162 -0.0287311 0.315368
v 0.086988 -0.0193441 0.341125
v 0.0136113 -0.1157278 0.1813774
v 0.026288 -0.125202 0.247035
v 0.025965 -0.124024 0.241438
v 0.0562203 -0.1176867 0.314082
v 0.019492 -0.137219 0.269733
v 0.012157 -0.153798 0.275995
v 0.027658 -0.1271364 0.2905427
v 0.0326488 -0.1127161 0.1937633
v 0.0308692 -0.1103557 0.190161
v 0.0542704 -0.0981004 0.2185142
v -0.064819 -0.105666 0.330986
v 0.058674 -0.0567991 0.4061589
v -0.000136 -0.029122 0.212671
v 0.009807 -0.028031 0.217861
v -0.090074 -0.0213451 0.317157
v 0.009668 -0.1216901 0.3899259
v 0.0164322 -0.1195277 0.1828261
v 0.020851 -0.124843 0.18938
v 0.0206439 -0.1240795 0.3062224
v 0.036738 -0.100845 0.330896
v 0.0286806 -0.1167485 0.191295
v 0.022839 -0.093852 0.327348
v 0.016861 -0.0865071 0.312532
v 0.020527 -0.085104 0.300979
v 0.0581105 -0.0954036 0.2237843
v 0.0331 -0.085563 0.2937619
v 0.048303 -0.086945 0.301476
v 0.050678 -0.0921931 0.319563
v 0.028491 -0.0927591 0.329265
v -0.088208 -0.029859 0.272724
v -0.088421 -0.027137 0.275685
v -0.094661 -0.012646 0.292996
v 0.063373 0.082431 0.129478
v -0.079592 -0.036039 0.275056
v 0.02806 -0.1370391 0.340088
v -0.079289 -0.022468 0.274402
v -0.078478 -0.036053 0.276017
v -0.077728 -0.030311 0.272731
v 0.004117 -0.134196 0.218853
v -0.02834 0.092508 0.116218
v 0.0285694 -0.1075278 0.1872464
v -0.0817401 0.0161236 0.1408965
v 0.028852 -0.1274291 0.287035
v -0.004725 -0.1373361 0.2546899
v -0.0586864 -0.0314258 0.1951191
v -0.0322734 0.1054622 0.0854929
v 0.004957 -0.1191121 0.393988
v -0.015274 0.097964 0.100704
v -0.032198 -0.1330861 0.234416
v 0.0209382 -0.1235586 0.3066073
v -0.035501 -0.130996 0.236956
v 2e-06 0.0153819 0.430647
v -0.064329 -0.10569 0.335168
v -0.0624369 -0.023536 0.2023556
v -0.033227 -0.1326941 0.237042
v 0.024384 -0.119173 0.224339
v -0.070515 -0.093379 0.314733
v -0.015883 -0.14531 0.234114
v 0.089651 -0.023516 0.274868
v 0.058823 -0.1015151 0.370634
v -0.079605 -0.033391 0.2553581
v 0.005697 -0.1494281 0.242824
v 0.059666 -0.0748361 0.39592
v -0.0133136 -0.099078 0.1798947
v -0.0052517 -0.119594 0.181117
v -0.068482 -0.097874 0.3135479
v -0.061614 -0.110817 0.335297
v -0.0512823 -0.12035 0.2889028
v 0.018137 -0.0864521 0.316538
v -0.0610376 -0.0233023 0.1880192
v -0.047421 -0.123796 0.281109
v -0.069763 -0.095487 0.310404
v 0.022641 -0.121673 0.223472
v -0.069024 -0.0967061 0.318052
v -0.0299059 -0.1183974 0.1954539
v 0.079406 -0.027747 0.290758
v 0.042352 -0.0362701 0.423866
v 0.096521 -0.008825 0.289369
v 0.0808978 -0.0219342 0.0950253
v -0.052088 -0.1038661 0.379774
v -0.0399319 -0.1296118 0.3155059
v -0.019536 -0.139953 0.225903
v -0.032599 -0.0616045 0.1809196
v 0.025935 -0.1045766 0.1850716
v 0.0485181 -0.0601128 0.1981968
v 0.056767 -0.0457171 0.41149
v 0.051777 -0.126019 0.330817
v 0.0468331 -0.1293183 0.3284681
v 0.025122 -0.1078021 0.3995349
v -0.01019 -0.135983 0.2570019
v -0.021889 -0.0827421 0.314427
v 0.032148 -0.106381 0.241461
v -0.003894 -0.142342 0.230797
v -0.081391 -0.036917 0.27766
v -0.08119 -0.038643 0.2761439
v 0.0388985 -0.0683273 0.2204923
v -0.0584919 -0.1115994 0.2980726
v 0.019706 -0.133017 0.2296409
v -0.0646056 -0.0143609 0.1354818
v -0.072292 -0.034627 0.27676
v -0.0208887 -0.1245884 0.3041735
v -0.0616393 -0.0324403 0.2096443
v -0.062406 -0.110969 0.331204
v -0.0319854 -0.1262425 0.2951634
v -5e-05 -0.1513821 0.236901
v -2.9e-05 0.0337389 0.421046
v -0.034258 -0.131598 0.234321
v 0.057853 -0.099046 0.228228
v 0.018117 -0.085801 0.304354
v 0.0493149 -0.1209395 0.3105738
v 0.027951 -0.086673 0.293721
v 0.04481 -0.087431 0.296534
v 0.052655 -0.0914061 0.313343
v 0.011586 -0.144869 0.227456
v -0.0270428 -0.1222501 0.314344
v 0.003347 -0.125471 0.205221
v 0.020616 -0.1015211 0.326977
v 0.013137 -0.092766 0.310104
v 0.0499488 -0.1187993 0.3069125
v 0.02019 -0.094907 0.293493
v 0.055693 -0.121387 0.332991
v 0.0538209 -0.0980638 0.3030434
v 0.007167 -0.136463 0.227064
v -0.017492 -0.141133 0.230523
v -0.029908 -0.13185 0.2292479
v -0.028503 -0.131387 0.228668
v -0.031381 -0.1320231 0.230393
v -0.0487728 -0.1209538 0.2924556
v 0.084825 -0.0333779 0.0884658
v -0.081543 -0.0049611 0.310815
v 0.047952 -0.0891651 0.298204
v -0.002595 -0.1367511 0.203299
v -0.0199633 -0.1250074 0.3053042
v -0.002214 -0.144255 0.229723
v -0.0186263 -0.080042 0.1800575
v 0.020254 -0.137442 0.2670999
v -0.066299 -0.0555091 0.397625
v -0.051369 -0.122202 0.281349
v -0.0373665 -0.0832481 0.1916306
v -0.068995 -0.017907 0.259419
v -0.013513 -0.149111 0.263603
v -0.059578 -0.0665811 0.400777
v -0.0367097 -0.1298686 0.3162401
v -0.022242 -0.1333151 0.363647
v -0.011361 -0.1479741 0.267146
v -0.0306345 -0.1195999 0.1995786
v 0.020276 -0.137165 0.264663
v -0.005271 -0.1478021 0.2679829
v -0.017693 -0.124369 0.213335
v -0.0202706 -0.1148619 0.206862
v -0.013457 -0.136778 0.250461
v -0.015485 -0.136436 0.253718
v -0.011324 -0.150145 0.2654139
v -0.078197 -0.036764 0.256278
v -0.025933 -0.1329581 0.360338
v 0.086087 -0.0169031 0.330693
v -0.01981 -0.142968 0.239793
v 0.027845 -0.136606 0.3287529
v 0.092496 -0.015352 0.285434
v -0.0336736 -0.1212034 0.2994507
v -0.015642 -0.125855 0.212496
v 0.040416 -0.102517 0.329863
v -0.043314 -0.1279712 0.3157564
v -0.007797 -0.1470001 0.269171
v 0.086873 -0.0194551 0.355469
v -0.0229381 -0.1177277 0.30398
v 0.007594 -0.1403261 0.23025
v 0.014169 -0.144103 0.225803
v -0.040314 -0.079813 0.307055
v -0.042227 -0.0831451 0.319429
v -0.023491 -0.082318 0.313897
v -0.02266 -0.1403171 0.241032
v -0.0215905 -0.1242745 0.3041079
v -0.044725 -0.1252121 0.277037
v 0.043653 -0.1112784 0.2940371
v -0.007441 -0.135865 0.202503
v -0.0415872 -0.0785728 0.1945827
v -0.055214 -0.0970531 0.382965
v -0.051784 -0.113589 0.237304
v 0.065423 -0.0735871 0.388591
v -0.083372 -0.0089621 0.317632
v -0.0455046 -0.122851 0.2915167
v 0.018588 -0.129326 0.19393
v 0.01487 -0.139384 0.34445
v 0.016012 -0.0884991 0.3150409
v 0.021997 -0.126133 0.193473
v 0.018107 -0.08732 0.301412
v 0.030943 -0.0879891 0.292029
v 0.05279 -0.0940381 0.316532
v 0.008876 -0.134223 0.223957
v -0.094029 -0.009789 0.297213
v 0.040146 -0.1212931 0.3710499
v 0.028163 -0.120053 0.242793
v 0.0427908 -0.1284582 0.3141817
v -0.082338 -0.025891 0.2746161
v -0.0569549 -0.1123657 0.3006533
v -0.094176 -0.014608 0.289081
v -0.0195243 -0.125472 0.3047153
v -0.079968 -0.038722 0.271532
v 0.0522157 -0.1064366 0.318052
v 0.080941 -0.010506 0.285415
v 0.09031 -0.015628 0.282301
v -3.7e-05 -0.110642 0.264145
v 0.065642 -0.0440801 0.402652
v 0.080296 -0.016711 0.286178
v 0.0073015 -0.074497 0.0265665
v 0.1330017 -0.0110088 0.0839297
v 0.053602 -0.0333211 0.416858
v -0.080202 -0.030123 0.273248
v -0.006807 -0.069633 0.043013
v 0.076488 -0.030915 0.289272
v -0.0656602 -0.0150416 0.1218431
v 0.0533172 -0.1215971 0.3160635
v 0.0942661 -0.0203912 0.0930353
v 0.090377 -0.021746 0.270914
v 0.074916 -0.035746 0.257532
v -0.052377 -0.121939 0.2774259
v -0.004768 -0.1456731 0.23014
v -0.018053 -0.142792 0.243581
v -0.049444 -0.123684 0.273158
v -0.0245589 -0.1185177 0.3176244
v -0.0247864 -0.1200608 0.3144039
v -0.0190968 -0.1147235 0.303222
v -0.0218739 -0.1160848 0.3011315
v -0.0320441 -0.1158913 0.2943424
v -0.034993 -0.1177853 0.2960931
v -0.029278 -0.081154 0.315102
v -0.038902 -0.0792421 0.308706
v -0.028349 -0.0812081 0.3124241
v -0.038634 -0.080706 0.31738
v -0.039129 -0.0821661 0.320033
v 0.036409 -0.1219651 0.374765
v -0.022562 -0.0823671 0.311107
v -0.006198 -0.143692 0.230067
v 0.085988 -0.0354161 0.353758
v 0.023916 -0.1279405 0.2910584
v 0.042992 -0.0993871 0.328859
v -0.016757 -0.14344 0.2320949
v -0.027572 -0.131649 0.229088
v -0.0226607 -0.1247818 0.3038301
v -0.012069 -0.137588 0.253872
v -0.071019 -0.018506 0.267621
v -0.068066 -0.006529 0.258464
v -0.0339454 -0.1145686 0.1979769
v -0.030829 -0.1299151 0.364096
v -0.005059 -0.136273 0.205098
v -0.0338449 -0.0809885 0.1888433
v -0.066242 -0.0652371 0.392886
v -0.0262756 -0.0776739 0.183389
v -0.0377668 -0.0763403 0.1913123
v -0.02714 -0.130356 0.3675409
v -0.0478 -0.1050651 0.384308
v -0.054364 -0.1121561 0.242048
v -0.032774 -0.131031 0.229737
v -0.030982 -0.131056 0.228541
v -0.021713 -0.1251186 0.3035744
v -0.01307 -0.146804 0.2644309
v -0.015156 -0.141341 0.230144
v -0.014437 -0.143692 0.231228
v -0.040262 -0.1286384 0.3167953
v -0.00705 -0.1456031 0.267521
v 4.2e-05 -0.1281651 0.381347
v -5.9e-05 -0.126651 0.261092
v -0.021342 -0.119186 0.2117979
v 0.0509943 -0.1046164 0.3212802
v 0.083736 -0.0149651 0.316529
v 0.0139767 -0.0759896 0.2061407
v 0.083661 -0.0347381 0.313337
v -0.0275421 -0.1202895 0.3178022
v -0.085606 -0.03244 0.2734509
v 0.026051 -0.1264692 0.2964585
v -0.083089 -0.021341 0.297521
v 0.055715 -0.1025051 0.375357
v -0.050667 -0.0985651 0.387881
v -0.060255 -0.110967 0.257478
v 0.0200982 -0.1245494 0.3049653
v 0.0199589 -0.1250239 0.3054563
v -0.071676 -0.009515 0.268628
v -0.015017 -0.123184 0.208278
v 0.0154827 -0.040495 0.0960993
v 0.076767 -0.028648 0.290102
v 0.1303037 0.0019926 0.0976391
v 0.052407 -0.1175305 0.3057337
v -0.0203974 -0.1165408 0.3061453
v 0.042648 -0.0403091 0.1544803
v -0.0308841 -0.1185246 0.297242
v -0.031156 -0.0805671 0.311611
v 0.0463504 -0.1208905 0.3128801
v -0.038213 -0.0792721 0.306535
v -0.041535 -0.0814661 0.316659
v 0.090109 -0.0272221 0.311316
v -0.021016 -0.0827831 0.31171
v -0.020668 -0.138021 0.227844
v 0.023644 -0.1371861 0.23034
v 0.0203403 -0.124535 0.3058368
v -0.0483736 -0.121705 0.3048474
v 0.018554 -0.1309081 0.233477
v 0.074636 -0.027777 0.287721
v 0.012681 -0.0952171 0.313017
v 0.084779 -0.0153251 0.322656
v -0.045637 -0.125453 0.2730939
v 0.1230755 -0.0145322 0.0895283
v -0.058655 -0.0568801 0.406084
v -0.0225521 -0.0815277 0.1820091
v 0.035664 -0.0231051 0.428372
v -0.088896 -0.029231 0.30907
v 0.088442 -0.017951 0.295298
v -0.079587 -0.027244 0.303022
v 0.0457271 -0.1267184 0.3144332
v 0.039332 -0.0954761 0.2894659
v 0.07968 -0.067307 0.294012
v 0.082025 -0.0352581 0.272173
v -0.0222936 -0.0764637 0.1808088
v -0.053042 -0.110365 0.234343
v 0.098796 0.032529 0.136769
v 0.0285452 -0.1264306 0.297484
v 0.019594 -0.12986 0.236605
v -0.019462 -0.059314 0.062932
v 0.0303442 -0.1120523 0.2916408
v 0.04452 0.055545 0.301024
v -0.080271 -0.026578 0.294987
v 0.008597 0.045792 0.234246
v -0.062954 -0.1081861 0.2957049
v 0.078068 -0.0659401 0.364993
v 0.0231023 -0.1221091 0.3053355
v 0.079602 -0.053461 0.289442
v 0.05204 -0.1170871 0.3071182
v 0.040682 -0.0391978 0.1409385
v -0.00335 -0.125468 0.205217
v -0.082137 -0.0207991 0.268611
v 0.10112 0.073422 0.125089
v 0.089089 -0.025937 0.271397
v 0.091447 -0.015012 0.288233
v -0.1517181 0.0302899 0.106935
v -0.063882 -0.109798 0.32309
v -0.061627 -0.1145311 0.322553
v 0.0319013 -0.0943771 0.1881121
v -0.026443 -0.1004271 0.3299889
v -0.02385 -0.103414 0.328676
v -0.014013 -0.092852 0.315663
v -0.012674 -0.0951881 0.312939
v -0.016537 -0.0914721 0.299345
v -0.017992 -0.093204 0.296245
v -0.031877 -0.092229 0.289635
v -0.035578 -0.093829 0.289129
v -0.049809 -0.0936571 0.297267
v 0.045556 -0.122624 0.242159
v -0.052158 -0.095798 0.299957
v -0.084186 -0.033561 0.254857
v -0.053805 -0.0988371 0.316217
v -0.0526957 -0.1017082 0.318983
v -0.041052 -0.107199 0.328524
v -0.03835 -0.1100991 0.328213
v -0.030126 -0.1022141 0.3307969
v -0.011927 -0.132527 0.224028
v 0.073482 -0.027125 0.285234
v 0.0538043 -0.1201152 0.3143322
v -0.0486442 -0.1256649 0.3174058
v -0.02745 -0.1280633 0.3153686
v -0.0236031 -0.1222088 0.3051721
v -0.068965 -0.082261 0.239403
v -0.0614331 -0.1073639 0.3018816
v -0.086119 -0.023032 0.30971
v -0.084589 -0.0218061 0.307054
v 0.087045 -0.030764 0.30508
v 0.033556 -0.0799771 0.302206
v 0.041472 -0.0875501 0.325077
v 0.04278 -0.0807321 0.308559
v -0.0486472 -0.0843354 0.2014182
v 0.0799913 0.0261683 0.1482958
v -0.063198 -0.1062961 0.299355
v 0.106552 0.04328 0.133629
v 0.015511 -0.1332621 0.229237
v 0.035005 -0.0795021 0.307402
v 0.01557 -0.133641 0.236275
v 0.066047 -0.1000311 0.349565
v 0.0262648 -0.0833098 0.1840896
v 0.0113865 -0.0983216 0.2044509
v 0.0348954 -0.0450259 0.1499124
v 0.0188714 -0.0876088 0.2055461
v 0.0511257 -0.1220297 0.3147762
v 0.078487 -0.030253 0.29052
v -0.068865 -0.025714 0.253326
v -0.078134 -0.025861 0.296092
v 0.030783 -0.134425 0.236661
v -0.087141 -0.01974 0.303359
v -0.071484 -0.089538 0.336804
v 0.012233 -0.135714 0.229479
v 0.0350017 -0.1262006 0.2902194
v 0.043496 -0.1237141 0.23822
v 0.0366 -0.1256543 0.2928717
v -0.094271 -0.014869 0.285622
v 0.0291353 -0.1264312 0.2955878
v 0.1368882 0.075904 0.1016648
v 0.084629 -0.010435 0.289315
v -4e-06 -0.129582 0.208841
v -0.020464 0.064343 0.159444
v 0.091457 -0.020005 0.275195
v 0.0304652 -0.1247078 0.3037961
v -0.0601969 -0.0226504 0.1730334
v 0.0987353 -0.0319766 0.0853171
v 0.08477 -0.021624 0.319882
v -0.025132 -0.129638 0.211931
v 0.025783 -0.13406 0.224585
v -0.0332158 -0.1277852 0.3131566
v 0.036133 -0.0803501 0.3014
v 0.045047 -0.0820331 0.310588
v -0.008882 -0.137772 0.2397719
v 0.02405 -0.123327 0.229968
v 0.030524 -0.12584 0.3037645
v 0.014085 -0.143284 0.2593229
v 0.0420779 -0.124989 0.2843798
v 0.065852 -0.104949 0.322647
v -0.018135 -0.0882481 0.3192189
v -0.0080987 -0.0621821 0.2063808
v -0.018849 -0.084355 0.306907
v -0.141931 -0.0036604 0.0849913
v -0.025562 -0.085446 0.295865
v 0.074203 -0.024942 0.279237
v -0.048681 -0.123848 0.2772529
v -0.041441 -0.0859481 0.295523
v -0.051761 -0.0890351 0.310125
v 0.0244287 -0.0467423 0.1337013
v 0.034139 -0.0795961 0.30471
v -0.045197 -0.096288 0.327088
v 0.025921 0.043736 0.253592
v -0.022733 -0.125626 0.232167
v -0.023856 -0.125699 0.229296
v 0.1064487 -0.0401559 0.0555349
v -0.0479011 -0.1197501 0.3116315
v -0.1370073 -0.0099518 0.0792866
v -0.0078761 -0.0617239 0.1509422
v 0.013498 -0.132944 0.22723
v 0.063906 -0.1098051 0.3231239
v 0.0248128 -0.1200739 0.3144318
v 0.0201718 -0.1152731 0.1836119
v -0.073726 -0.066567 0.2489379
v 0.0562368 -0.0393145 0.1996037
v -0.088135 -0.0242651 0.312151
v 0.023639 -0.136072 0.225067
v 0.0243328 -0.1113568 0.1850953
v 0.0227383 -0.118508 0.1862011
v -0.018903 -0.043537 0.259318
v 0.0501616 -0.116637 0.3085457
v 0.0119881 -0.1327942 0.3162073
v 0.024126 -0.124136 0.229256
v 0.071483 -0.029923 0.285297
v 0.0269185 -0.114383 0.1877305
v 0.0274932 -0.1299498 0.3174894
v 0.036582 -0.1302911 0.239952
v 0.0219146 -0.1256284 0.3092722
v 0.0286303 -0.124699 0.3042294
v 0.097681 -0.016845 0.3161661
v -0.079747 -0.026192 0.273115
v 0.034466 -0.101956 0.2509029
v 0.065398 -0.105361 0.326929
v -0.0609181 -0.1090176 0.2984296
v 0.076625 -0.020215 0.282939
v -1.6e-05 -0.02764 0.222814
v 3e-05 -0.145944 0.217762
v 0.068115 -0.0941211 0.355278
v -0.0560942 -0.1145702 0.310085
v 0.065458 -0.1094241 0.271434
v -0.0453249 -0.0812842 0.1978909
v 0.021515 -0.1294768 0.3163826
v -0.024073 0.07759 0.14012
v 3.2e-05 -0.1226771 0.389601
v -0.021509 -0.1317861 0.251867
v 0.033366 -0.1311231 0.258947
v -0.092475 -0.016417 0.282287
v -0.032624 0.069902 0.148759
v -0.0519994 -0.120296 0.3133831
v -0.073921 -0.083367 0.341758
v 0.072553 -0.0882931 0.3162501
v 0.071989 -0.0953341 0.269445
v 0.0404184 -0.12519 0.2876109
v 0.060468 -0.107228 0.2501549
v 0.026002 -0.133282 0.226446
v 0.062235 -0.0948791 0.372576
v 0.0162668 -0.1344004 0.3205988
v 0.0213918 -0.1281484 0.3139718
v 0.066501 0.012392 0.271401
v 0.024172 -0.1347491 0.226853
v 0.0495661 -0.1161427 0.3093131
v 0.027757 -0.098767 0.4061989
v 0.0383114 -0.125947 0.2839239
v -0.006897 -0.154779 0.283154
v -0.009715 -0.154576 0.279539
v -0.020418 -0.0845621 0.317173
v 0.074359 -0.084607 0.312294
v -0.01814 -0.0864261 0.316452
v 0.024345 -0.122252 0.229784
v -0.020982 -0.0828921 0.3061541
v -0.026044 -0.082466 0.299496
v -0.027771 -0.0833681 0.297191
v 0.059081 -0.095659 0.378011
v -0.038917 -0.0827021 0.29814
v -0.042185 -0.083893 0.298484
v -0.048797 -0.085163 0.3103379
v -0.050153 -0.087232 0.313266
v -0.043589 -0.091697 0.3264729
v -0.1000405 -0.0395684 0.0714852
v -0.041721 -0.094632 0.328586
v -0.021736 -0.082461 0.308502
v -0.023633 -0.1240521 0.231009
v -0.023214 -0.125803 0.230225
v 0.04793 -0.119871 0.241117
v 0.0326017 -0.1256586 0.30359
v 0.014468 -0.1344641 0.23984
v 0.074459 -0.023675 0.281124
v -0.0121703 -0.0554171 0.1410646
v -0.027281 -0.1329071 0.229589
v -0.021538 -0.138121 0.225433
v 0.031936 -0.094414 0.330326
v -0.0511138 -0.1220016 0.3147398
v 0.011446 -0.1356561 0.319734
v -0.0526826 -0.1170411 0.3014636
v -0.0559194 -0.1140875 0.2982164
v -0.020694 -0.139402 0.223154
v -0.048413 -0.110099 0.3769549
v 0.0274478 -0.1189539 0.2995357
v 0.032803 -0.0800141 0.308094
v 0.036202 -0.079512 0.304131
v -0.040489 -0.1168641 0.3779
v -0.0339504 -0.1275554 0.300147
v -0.0320715 -0.1273115 0.2994681
v -0.0337217 -0.1269859 0.2980821
v -0.044306 -0.1258441 0.347065
v -0.01143 -0.141731 0.256755
v -0.077158 -0.080381 0.298979
v -0.0408498 -0.085911 0.194452
v 0.032935 -0.0991531 0.33114
v -0.077772 -0.076501 0.303856
v -0.028655 -0.1324461 0.2295769
v -0.024672 -0.130413 0.228785
v -0.069631 -0.027457 0.261853
v -0.07197 0.015286 0.287523
v -0.075978 0.002054 0.2870339
v -0.088475 -0.0247931 0.316549
v 0.005392 -0.14701 0.248481
v -0.079039 -0.071962 0.299174
v -0.007029 -0.145348 0.257212
v -0.044356 -0.1159901 0.374029
v -0.0678696 -0.0159967 0.2487426
v -0.049916 -0.123527 0.2690549
v -0.049983 -0.1234061 0.2646299
v 0.063335 -0.1105821 0.327237
v -0.0041624 -0.0567581 0.1397667
v -0.01127 0.071217 0.15139
v 0.0267391 -0.1208506 0.3025473
v -0.01794 -0.131022 0.258622
v -0.0550393 -0.1161002 0.3108815
v 0.024612 -0.1211517 0.3112658
v -0.0627137 -0.0149672 0.179757
v 0.061694 -0.112861 0.288591
v -0.025338 -0.1296781 0.228775
v -0.022334 -0.129737 0.2562179
v -0.07158 -0.0892041 0.342924
v -0.04216 -0.1264451 0.350562
v -0.038038 -0.128488 0.2720799
v -0.038344 -0.129086 0.2679899
v -0.08028 -0.027266 0.297447
v -0.087843 -0.0197381 0.3066509
v -0.007351 -0.15874 0.277937
v -0.00947 -0.1438551 0.2543489
v -0.011775 -0.136156 0.239615
v -0.1437831 0.0396359 0.1141288
v -0.025676 -0.1308291 0.229034
v -0.0533063 -0.1165934 0.2987567
v -0.075301 -0.0675821 0.2622951
v -0.0547438 -0.1147329 0.3008569
v -0.07836 -0.0763181 0.294237
v -5.3e-05 -0.122487 0.26223
v 0.027702 -0.1375221 0.331698
v -0.003748 -0.158569 0.281375
v 0.0340221 -0.0682057 0.2120712
v -0.006473 -0.059124 0.061496
v -0.028252 -0.1337211 0.230592
v 0.007921 -0.125053 0.261725
v -0.076181 0.008911 0.294171
v -0.0492912 -0.1172267 0.3102757
v -0.027771 -0.132046 0.221804
v -0.02367 -0.136138 0.225018
v 0.008745 -0.144392 0.228889
v -0.0499952 -0.1221987 0.3139887
v -0.033857 -0.1304761 0.267372
v -0.072582 0.006883 0.280028
v -0.0139258 -0.0759531 0.2061242
v -0.024051 -0.123771 0.233231
v -0.009145 -0.143849 0.2588269
v -0.024417 -0.128608 0.228746
v -0.033677 -0.129853 0.271357
v -0.049071 -0.121348 0.349622
v -0.022998 -0.137041 0.222661
v -0.089577 -0.0210041 0.31203
v 0.053156 -0.12165 0.2733759
v 0.079096 -0.0719801 0.2991619
v 0.00936 -0.150291 0.2841648
v 0.049974 -0.12355 0.269051
v -0.0485564 -0.1177897 0.3114232
v -0.0327535 -0.1264436 0.3137079
v -0.0227767 -0.0653337 0.207779
v 0.0331618 -0.0454835 0.2149528
v -0.023836 -0.124387 0.229782
v 0.014552 -0.130959 0.191524
v 0.083898 -0.034474 0.2840311
v -0.048395 -0.1237643 0.3153104
v 0.0333863 -0.1262471 0.2928907
v -0.0573234 -0.1145873 0.3114973
v 0.078339 -0.019442 0.284907
v 0.0072934 -0.0760692 0.1738956
v -0.07716 -0.026952 0.27308
v -0.018474 -0.144371 0.235334
v 0.07364 -0.0893711 0.269921
v -0.079872 -0.022504 0.298455
v 0.038933 0.085323 0.128807
v 0.076921 -0.0384361 0.257311
v 0.069561 -0.1036801 0.2805679
v 0.084584 -0.01683 0.294284
v 0.07158 -0.099468 0.2811559
v 0.003983 -0.138818 0.321741
v -0.088652 -0.0202571 0.309565
v -0.0354838 -0.1272265 0.3137366
v 0.0250644 -0.1190028 0.3026681
v 0.031874 -0.080068 0.305418
v -0.092268 -0.0250731 0.317274
v 0.0493659 -0.1161383 0.3083877
v 0.057966 0.018405 0.261717
v 7.55e-05 -0.0735883 0.0336362
v 0.023606 -0.1196174 0.3105367
v 0.0374603 -0.0572986 0.2167748
v 0.0161894 -0.1317143 0.317741
v -0.029819 -0.1247785 0.3138514
v 0.070499 -0.101158 0.285822
v 0.015108 -0.143863 0.22224
v -0.019636 -0.0642221 0.267003
v 0.0275026 -0.0981344 0.185479
v -0.1004018 0.0196459 0.1286626
v 0.0296758 -0.0414325 0.1239288
v 0.079451 -0.018061 0.284214
v -0.01901 -0.133696 0.2551149
v -0.0743428 0.0089904 0.1445828
v -0.073551 -0.084093 0.334858
v 0.0442727 -0.0581058 0.1926473
v -0.052243 -0.0686391 0.407227
v -0.035872 -0.1270745 0.2986557
v 0.035027 0.042755 0.262561
v 0.0304417 0.0379492 0.242013
v 0.040162 -0.1117561 0.385065
v 0.081098 -0.014634 0.288864
v -0.029861 -0.1329231 0.230686
v 0.084673 -0.0078321 0.3252179
v -0.07377 -0.0736881 0.256003
v 0.073637 -0.025859 0.2808
v 0.120377 0.037299 0.125708
v -0.046954 -0.1220991 0.353254
v 0.0203543 -0.1257609 0.3094508
v 0.110742 0.027516 0.127818
v 0.092308 -0.0173361 0.317113
v 0.070633 -0.0973851 0.297098
v 0.038389 0.034793 0.251926
v 0.0938775 -0.0502877 0.0458868
v 0.086708 -0.0277581 0.310904
v -0.0494558 -0.1189167 0.3103417
v 0.078925 -0.0675471 0.3557149
v 0.087907 -0.024331 0.311828
v 0.085466 -0.0299541 0.302961
v 0.080739 -0.0274191 0.296999
v 0.078238 -0.018675 0.2820899
v 0.0367484 -0.1258291 0.3032992
v 0.0266537 -0.0395801 0.1112801
v 0.0288876 -0.0917126 0.1860372
v 0.038685 -0.125562 0.226318
v -0.046327 -0.125597 0.268841
v -0.025291 0.0679269 0.306242
v -0.0472933 -0.120234 0.3058026
v -0.010198 -0.1376011 0.236172
v 0.064897 -0.108651 0.2664789
v 0.076583 -0.021194 0.276823
v -0.003227 -0.14452 0.216929
v -0.081377 -0.024415 0.304037
v 0.00797 -0.14751 0.245602
v 0.0185478 -0.0410147 0.1085359
v 0.042787 -0.080966 0.312758
v 0.01128 -0.1344291 0.197792
v -0.095026 -0.008683 0.293731
v 0.035034 -0.128386 0.2265119
v -0.0240032 -0.1254125 0.3032762
v 0.006596 -0.132038 0.214714
v -0.0493751 -0.1210939 0.3027279
v -0.0615212 -0.0667557 0.0315631
v -0.075162 -0.06127 0.256452
v -0.0124389 -0.0540634 0.0701995
v -0.030341 -0.128751 0.218629
v 0.020698 -0.0867031 0.417433
v -0.058563 -0.117694 0.2813109
v -0.028921 -0.126078 0.211292
v 0.003275 -0.144408 0.216938
v -0.030564 -0.1263574 0.3126767
v 0.0491972 -0.1152028 0.3105133
v 0.0976373 -0.0451488 0.0578014
v 0.079234 -0.049794 0.2848921
v -0.019957 -0.083272 0.3092549
v -0.023864 -0.0842681 0.298454
v 0.007365 -0.1417971 0.230977
v -0.038018 -0.084623 0.295352
v 0.012016 -0.1330981 0.193521
v -0.05015 -0.086898 0.3072
v 0.028645 -0.132991 0.254393
v -0.046906 -0.0933101 0.324776
v 0.0188401 -0.1114553 0.3210867
v 0.028769 -0.10774 0.289893
v 0.0462507 -0.1086643 0.2943956
v 0.0511585 -0.1120194 0.3091639
v 0.008653 -0.139652 0.233055
v -0.0900747 0.0134088 0.1297143
v -0.093606 -0.0260321 0.312525
v -0.079565 -0.009022 0.290652
v 0.020648 -0.1406401 0.2675979
v 0.0220763 -0.1262285 0.3113978
v 0.062759 -0.113144 0.272316
v 0.0563314 -0.118757 0.3162231
v -0.029883 -0.127448 0.215096
v 0.0765249 -0.0134307 0.1043793
v 0.037685 -0.129445 0.243269
v 0.0245974 -0.0953992 0.183754
v 0.079608 -0.04605 0.290097
v 0.0214826 -0.0437628 0.1210907
v 0.0486808 -0.1231493 0.3114198
v 0.0733529 -0.0092735 0.1159841
v 0.077757 -0.0198201 0.2921341
v -0.0026882 -0.1156263 0.1803399
v -0.02415 -0.125024 0.229163
v -0.0865932 -0.0458218 0.0394314
v 0.1134084 -0.0272852 0.0580925
v 0.0820071 0.0956928 0.0737579
v -0.1328357 0.0593404 0.0936795
v 0.1198041 -0.0213821 0.0631946
v -0.0980311 -0.0408527 0.0447254
v 0.0559977 0.0961477 0.0676511
v -0.103551 0.086638 0.0815476
v -0.0265048 -0.0642189 0.0259175
v -0.1062755 -0.0342706 0.0512165
v 0.1240049 -0.0162217 0.0668956
v 0.1376837 0.0070543 0.0841196
v 0.1432536 0.0130419 0.0904369
v -0.113519 -0.0270816 0.0577205
v -0.0835176 0.0960047 0.0738826
v 0.0394993 -0.062175 0.0274096
v 0.144565 0.0300137 0.0989781
v 0.028489 0.0918765 0.0630411
v -0.1197529 -0.0209886 0.0629898
v -0.0283782 0.0916666 0.0631654
v 0.0545072 -0.0571219 0.0304672
v -0.0554908 0.0962342 0.0662794
v 0.1451429 0.0194709 0.0951568
v -0.0146272 -0.0629525 0.0265266
v 0.0869777 -0.0453732 0.0404372
v 0.1409588 0.0449621 0.0985836
v -0.1451261 0.0197185 0.0954836
v -0.0392729 -0.0625797 0.0269016
v -0.143414 0.0129249 0.0904759
v -0.1416286 0.044023 0.0990893
v 0.103485 0.0867733 0.0812632
v 0.0257237 -0.0637458 0.0262631
v 0.0142054 -0.0626825 0.0263616
v -0.1451379 0.0296881 0.0994274
v 0.1326109 0.0604973 0.0933878
v -0.1379569 0.0071036 0.0843113
v 0.1060598 -0.0342553 0.0516511
v -0.1239667 -0.0157853 0.0669495
v 0.0978763 -0.040721 0.0453629
v -0.0545967 -0.0575344 0.0297221
v -0.0882041 -0.0524459 0.0372924
v -0.0708998 -0.0602347 0.0304725
v 0.1119217 -0.0331756 0.0564008
v 0.1224227 -0.0228772 0.065321
v 0.1056384 0.1019939 0.0815027
v 0.0713919 0.1070437 0.0722827
v -0.1278376 0.0846955 0.0923744
v -0.1416111 0.0622999 0.101315
v 0.1306438 -0.0154239 0.0715096
v -0.1013084 -0.0432937 0.046381
v 0.0358626 0.1055077 0.0653823
v -0.1053797 0.1018017 0.0818183
v -0.0314048 -0.0709748 0.0243648
v -0.0153067 -0.0717944 0.0235301
v -0.1121584 -0.0330872 0.0561062
v 0.1369383 -0.0062698 0.0785716
v 0.1449374 0.0031949 0.0882271
v 0.1500607 0.011362 0.0952353
v -0.1225144 -0.0226563 0.0650762
v -0.0714239 0.1077189 0.0712925
v 0.031541 -0.0708675 0.0246416
v 0.0506174 -0.0670972 0.0267749
v 0.1513448 0.0233412 0.1014466
v 0.1489464 0.0402407 0.1048272
v 5.38e-05 0.1025586 0.0628353
v -0.1305619 -0.0150694 0.0715096
v -0.0357414 0.1058428 0.0648821
v 0.0705372 -0.0599743 0.0313263
v 9.97e-05 -0.071134 0.0233276
v 0.0877069 -0.0522981 0.0380889
v 0.1417348 0.0625178 0.1012081
v -0.1510428 0.0229856 0.1018197
v -0.1500723 0.0112613 0.095244
v -0.0507212 -0.0673528 0.0260349
v -0.1450573 0.0032162 0.0882125
v -0.1490304 0.0399716 0.1047529
v 0.1280659 0.0848461 0.0920835
v 0.0155035 -0.0718091 0.0234949
v -0.1369168 -0.0060824 0.0786597
v 0.1008289 -0.0432711 0.0468483
v 0.1206895 -0.0011781 0.0728265
v 5.2e-06 -0.0387294 0.0424177
v 0.0024966 0.0564951 0.0668861
v -0.0502732 0.0072765 0.0597592
v -0.0823286 -0.0317093 0.0492572
v -0.1031064 0.0421929 0.0802852
v -0.1208119 -0.0010678 0.0728239
v 0.0821949 -0.0315907 0.0496287
v 0.1024383 0.0423116 0.0800438
v 0.0501603 0.0073461 0.0597889
v -0.02881 -0.0950271 0.3299839
v -0.02821 -0.090528 0.328153
v -0.027869 -0.086524 0.325388
v -0.0343598 -0.1170263 0.3236913
v -0.027842 -0.0832441 0.321872
v -0.033029 -0.113386 0.326931
v -0.031804 -0.109209 0.329224
v -0.030655 -0.1046071 0.330534
v -0.029639 -0.0998001 0.330792
v -0.022898 -0.0915501 0.326348
v -0.023433 -0.0873791 0.32388
v -0.0298766 -0.1178782 0.3222485
v -0.024464 -0.0838961 0.320714
v -0.0277052 -0.1144009 0.3251617
v -0.025874 -0.1103391 0.327237
v -0.024417 -0.105797 0.3284319
v -0.023403 -0.100994 0.328683
v -0.022888 -0.096165 0.327976
v -0.019657 -0.088024 0.321048
v -0.0260771 -0.1183931 0.3194518
v -0.021581 -0.0843901 0.31856
v -0.0232076 -0.1150903 0.3217894
v -0.0208305 -0.1111617 0.3234716
v -0.019104 -0.106683 0.324462
v -0.018092 -0.101887 0.324709
v -0.017845 -0.0970201 0.3241999
v -0.018375 -0.0923201 0.322959
v -0.016912 -0.0883981 0.317171
v -0.023364 -0.1185483 0.3155742
v -0.019478 -0.084687 0.315633
v -0.0199867 -0.1153994 0.3171438
v -0.0172018 -0.111579 0.3182966
v -0.0152485 -0.1071776 0.3190148
v -0.014235 -0.102398 0.319261
v -0.014181 -0.0975121 0.319024
v -0.015087 -0.0927661 0.318316
v -0.0221614 -0.1183307 0.3110667
v -0.018412 -0.0847371 0.312285
v -0.0183554 -0.1153354 0.311702
v -0.0153265 -0.1115871 0.3122283
v -0.0132391 -0.1072373 0.312629
v -0.012207 -0.1024821 0.312876
v -0.012253 -0.097596 0.312961
v -0.013358 -0.0928441 0.312877
v -0.015467 -0.0884641 0.312628
v -0.018431 -0.084536 0.308671
v -0.0184567 -0.1149729 0.3060025
v -0.0153525 -0.1112354 0.3058685
v -0.0132503 -0.1068821 0.3059357
v -0.012211 -0.1021361 0.3061849
v -0.012252 -0.097267 0.3066039
v -0.013355 -0.092548 0.307175
v -0.015463 -0.088216 0.307867
v -0.0224395 -0.1178986 0.3062989
v -0.0172607 -0.1105707 0.2998439
v -0.037666 -0.0790871 0.307927
v -0.0152696 -0.1061557 0.2995953
v -0.014235 -0.10139 0.299843
v -0.014173 -0.0965541 0.30058
v -0.015076 -0.0919061 0.301768
v -0.016899 -0.0876791 0.303351
v -0.0236916 -0.1175724 0.3017974
v -0.01953 -0.084124 0.305232
v -0.0201161 -0.1144323 0.3005823
v -0.0208773 -0.1096233 0.2947403
v -0.032697 -0.0798731 0.303743
v -0.0191072 -0.1051008 0.2942199
v -0.018082 -0.100311 0.294466
v -0.017827 -0.095522 0.295472
v -0.018353 -0.0909771 0.2971869
v -0.019636 -0.0869 0.299525
v -0.0261985 -0.1171095 0.2979762
v -0.02161 -0.0835291 0.302314
v -0.0233037 -0.113658 0.295996
v -0.03549 -0.0793761 0.305647
v -0.026516 -0.081157 0.302019
v -0.024401 -0.103796 0.290332
v -0.023375 -0.098996 0.290579
v -0.022855 -0.094266 0.2917799
v -0.022864 -0.0898461 0.293875
v -0.023404 -0.085954 0.296759
v -0.029902 -0.1163498 0.2952269
v -0.024459 -0.0828191 0.300193
v -0.02776 -0.112649 0.2926826
v -0.029569 -0.0804771 0.30251
v -0.0258791 -0.1084299 0.2910479
v -0.030624 -0.102376 0.288311
v -0.029599 -0.097568 0.288559
v -0.028767 -0.092908 0.289863
v -0.028169 -0.0886231 0.292157
v -0.027834 -0.084933 0.295326
v -0.0343022 -0.1153999 0.2938191
v -0.027725 -0.0820661 0.299137
v -0.033034 -0.1114748 0.2909629
v -0.037262 -0.0792931 0.31111
v -0.03179 -0.107089 0.289127
v -0.034475 -0.0797201 0.309051
v -0.036144 -0.096167 0.2886049
v -0.034985 -0.091575 0.28991
v -0.033747 -0.08743 0.292203
v -0.032493 -0.0839361 0.295366
v -0.0389401 -0.1143706 0.2939021
v -0.031258 -0.081306 0.299196
v -0.0386003 -0.1102657 0.2910178
v -0.031051 -0.0803431 0.307016
v -0.0380104 -0.1057587 0.2891663
v -0.027451 -0.0810221 0.305331
v -0.03717 -0.100975 0.288354
v -0.040901 -0.090405 0.291922
v -0.039054 -0.0863821 0.294007
v -0.036923 -0.0830631 0.296875
v -0.0432934 -0.1133819 0.2954749
v -0.034634 -0.080643 0.300354
v -0.0438748 -0.1091713 0.2928458
v -0.02422 -0.0817081 0.304202
v -0.043927 -0.1045698 0.291171
v -0.036144 -0.0797011 0.314244
v -0.043399 -0.0997331 0.290463
v -0.042373 -0.09493 0.2907189
v -0.045934 -0.0895151 0.2957
v -0.043568 -0.0855891 0.2974
v -0.040692 -0.082403 0.299708
v -0.0468536 -0.1125736 0.2983888
v -0.037512 -0.0801411 0.302509
v -0.0482973 -0.1083065 0.2962775
v -0.032974 -0.08023 0.312575
v -0.0489514 -0.1036483 0.2949516
v -0.029258 -0.080917 0.310607
v -0.048702 -0.0987801 0.294436
v -0.047674 -0.093986 0.2946959
v -0.046847 -0.0851311 0.302045
v -0.043432 -0.0820231 0.303587
v -0.0494296 -0.1120793 0.3023071
v -0.039613 -0.079853 0.305436
v -0.0514155 -0.1077675 0.3009688
v -0.02554 -0.081604 0.308637
v -0.0525727 -0.1030925 0.3001438
v -0.022394 -0.0822411 0.306963
v -0.052556 -0.098219 0.2998869
v -0.051525 -0.093436 0.300147
v -0.049591 -0.0889991 0.300879
v -0.048575 -0.0850551 0.307485
v -0.044875 -0.0819591 0.30813
v -0.0509142 -0.1119779 0.3068167
v -0.040677 -0.0798071 0.308785
v -0.0530539 -0.1076519 0.3064195
v -0.034321 -0.0802401 0.317005
v -0.0544457 -0.1029771 0.3062183
v -0.031065 -0.0808161 0.315882
v -0.0545763 -0.0981164 0.306275
v -0.053549 -0.0933411 0.306534
v -0.051515 -0.088912 0.306944
v -0.044878 -0.082219 0.312891
v -0.0509444 -0.1122205 0.3114529
v -0.040655 -0.0800021 0.312399
v -0.0530949 -0.1079835 0.3120694
v -0.027465 -0.08149 0.314198
v -0.0544529 -0.1033314 0.3125609
v -0.024039 -0.0821101 0.312162
v -0.054572 -0.0984868 0.3129663
v -0.053548 -0.09371 0.313225
v -0.051517 -0.0892621 0.313299
v -0.048578 -0.085366 0.313186
v -0.0495978 -0.1128111 0.3157852
v -0.039559 -0.0804241 0.315837
v -0.0515156 -0.1087105 0.3173854
v -0.021274 -0.082643 0.310097
v -0.0525823 -0.1041093 0.3185517
v -0.032049 -0.080896 0.319181
v -0.052546 -0.099285 0.319299
v -0.051526 -0.0945011 0.319564
v -0.0496 -0.0900091 0.319322
v -0.04686 -0.086034 0.318589
v -0.043444 -0.082775 0.317404
v -0.037482 -0.0810261 0.318754
v -0.0483842 -0.109735 0.3219028
v -0.028974 -0.0814681 0.318697
v -0.0489503 -0.1052078 0.3236371
v -0.025842 -0.0820661 0.317465
v -0.048703 -0.1004231 0.3246659
v -0.047687 -0.0956311 0.324934
v -0.045955 -0.0910761 0.324425
v -0.043591 -0.0869871 0.323169
v -0.040714 -0.0835671 0.321228
v -0.0470817 -0.11371 0.3194706
v -0.043914 -0.1109304 0.3252011
v -0.023048 -0.0825561 0.315561
v -0.043928 -0.1065101 0.327324
v -0.020891 -0.0829461 0.313275
v -0.043417 -0.1017811 0.328549
v -0.042403 -0.0969821 0.328817
v -0.040935 -0.0923551 0.328115
v -0.039088 -0.08813 0.326479
v -0.036953 -0.0845211 0.323994
v -0.0434807 -0.1147912 0.3221897
v -0.034642 -0.0817541 0.320873
v -0.038024 -0.1078901 0.3292509
v -0.0372 -0.103224 0.3305709
v -0.036186 -0.0984181 0.330836
v -0.035029 -0.0937171 0.33003
v -0.033788 -0.0893501 0.328197
v -0.032528 -0.0855391 0.325426
v -0.0390681 -0.1159421 0.3236593
v -0.031379 -0.082505 0.321929
v -0.038614 -0.1121871 0.326941
v -0.018693 -0.082483 0.1804927
v -0.0261582 -0.0862005 0.1841965
v -0.0210013 -0.1116191 0.1833042
v -0.0340169 -0.1095971 0.1935141
v -0.0278477 -0.1108571 0.1875087
v -0.0027739 -0.1115944 0.179905
v -0.002732 -0.133391 0.189498
v -0.0259082 -0.1176779 0.1886266
v -0.0185 -0.0776979 0.1793433
v -0.0037217 -0.0713552 0.1666943
v -0.026379 -0.0804094 0.1838741
v -0.0362858 -0.1032971 0.1932506
v -0.0295885 -0.1041666 0.1874093
v -0.0070406 -0.073717 0.033782
v -0.007904 -0.127611 0.18449
v -0.0036413 -0.0764698 0.1735372
v -0.0036067 -0.0804125 0.1764455
v -0.018164 -0.125681 0.18768
v -0.0260734 -0.0749981 0.1826023
v -0.0339448 -0.077769 0.1885616
v -0.0573592 -0.0704811 0.2087623
v -0.007608 -0.135777 0.204525
v -0.0323665 -0.0577327 0.17639
v -0.0384235 -0.096614 0.1935758
v -0.007853 -0.13286 0.189871
v -0.002653 -0.136065 0.195616
v -0.018201 -0.0670782 0.1696388
v -0.0422855 -0.102188 0.2006927
v -0.0314708 -0.115614 0.1945352
v -0.0393783 -0.1081731 0.2009324
v -0.0397095 -0.0523467 0.1815263
v -0.0265407 -0.0439631 0.0897337
v -0.0477214 -0.1010905 0.2092134
v -0.002636 -0.136619 0.205429
v -0.0189556 -0.0578257 0.1537911
v -0.0416996 -0.0749442 0.194301
v -0.003 -0.147834 0.220435
v -0.0452401 -0.0954992 0.2008545
v -0.007996 -0.13602 0.208225
v -0.020461 -0.128211 0.195652
v -0.007514 -0.135297 0.195612
v -0.0336731 -0.0715272 0.1871205
v -0.0282938 -0.1210195 0.1965853
v -0.012931 -0.126894 0.18549
v -0.0363929 -0.1135952 0.2015612
v -0.026193 -0.127371 0.209448
v -0.002587 -0.136765 0.200986
v -0.012388 -0.131666 0.190769
v -0.025557 -0.0695155 0.179564
v -0.0329715 -0.0651034 0.1838464
v -0.008438 -0.137425 0.211432
v -0.003015 -0.138324 0.212327
v -0.0414077 -0.0677346 0.1927993
v -0.0511324 -0.0946787 0.2093229
v -0.056074 -0.0949032 0.2188538
v -0.013393 -0.133975 0.206488
v -0.019231 -0.130349 0.203545
v -0.0524372 -0.1010265 0.2181864
v -0.076831 -0.051311 0.264585
v -0.007359 -0.13595 0.200361
v -0.012308 -0.134129 0.20277
v -0.014344 -0.132857 0.196973
v -0.0496719 -0.0724812 0.2009841
v -0.0444754 -0.1068449 0.2090793
v -0.0412448 -0.1120405 0.2091847
v -0.0467451 -0.0473618 0.1878259
v -0.011396 -0.13455 0.199442
v -0.016754 -0.131635 0.199769
v -0.011518 -0.133993 0.195799
v -0.054902 -0.107941 0.235225
v -0.028548 -0.129599 0.216908
v -0.038958 -0.120575 0.217134
v -0.0252257 -0.0629137 0.1724839
v -0.0405329 -0.0603592 0.1894032
v -0.0477579 -0.0559552 0.1961845
v -0.00317 -0.140413 0.214728
v -0.003241 -0.1431681 0.216156
v -0.05847 -0.103158 0.237053
v -0.056014 -0.1017131 0.227547
v -0.0380093 -0.1166859 0.2095998
v -0.0330616 -0.1183198 0.2027673
v -0.0564794 -0.0611576 0.207353
v -0.024515 -0.125603 0.199941
v -0.03466 -0.120844 0.210873
v -0.0545629 -0.0515725 0.2042446
v -0.042409 -0.116389 0.216762
v -0.02945 -0.122748 0.205148
v -0.049027 -0.1065037 0.2175234
v -0.049009 -0.0642677 0.1995409
v -0.003199 -0.14584 0.217849
v -0.062058 -0.098029 0.239515
v -0.0646822 -0.0694077 0.218807
v -0.072912 -0.072847 0.248607
v -0.05256 -0.106972 0.226427
v -0.014003 -0.137825 0.213475
v -0.041776 -0.121373 0.223854
v -0.0457387 -0.1116772 0.2169797
v -0.031378 -0.125198 0.213468
v -0.049105 -0.11205 0.225435
v -0.024256 -0.131815 0.214254
v -0.019267 -0.134862 0.213278
v -0.008804 -0.142326 0.215974
v -0.0561566 -0.0459063 0.0826676
v -0.0531391 -0.0422247 0.1952558
v -0.070285 -0.0703541 0.233085
v -0.063611 -0.101197 0.249126
v -0.008729 -0.14518 0.2179039
v -0.013821 -0.140619 0.2161179
v -0.013498 -0.143481 0.218531
v -0.056334 -0.109926 0.243343
v -0.035301 -0.124402 0.2183549
v -0.020056 -0.131468 0.208606
v -0.051107 -0.112878 0.233496
v -0.0614301 -0.0469136 0.2151341
v -0.060045 -0.105639 0.246086
v -0.075905 -0.061765 0.262567
v -0.045475 -0.117014 0.224523
v -0.06046 -0.109104 0.2540209
v -0.016743 -0.142925 0.222704
v -0.052585 -0.116676 0.247238
v -0.052237 -0.114507 0.240825
v -0.054433 -0.119468 0.262252
v -0.0611984 -0.1081402 0.3000972
v -0.026212 -0.133132 0.22054
v -0.071008 -0.058396 0.2331449
v -0.020039 -0.139824 0.224553
v -0.0589911 -0.0360745 0.2044203
v -0.074671 -0.073591 0.262647
v -0.068943 -0.1017391 0.292451
v -0.002217 -0.145402 0.228382
v -0.008277 -0.147097 0.220839
v -0.075986 -0.082464 0.276643
v -0.074291 -0.060236 0.249638
v -0.078355 -0.072024 0.284249
v -0.064038 -0.1054611 0.25741
v -0.055087 -0.120145 0.271133
v -0.012886 -0.145337 0.221561
v -0.007411 -0.147113 0.224836
v -0.011977 -0.14561 0.225383
v -0.018444 -0.138204 0.216853
v -0.017671 -0.141234 0.219731
v -0.046986 -0.117807 0.231826
v -0.015813 -0.143107 0.226078
v -0.047727 -0.119033 0.238225
v -0.039181 -0.126036 0.228999
v -0.022596 -0.135615 0.218327
v -0.031868 -0.128153 0.220564
v -0.0699292 -0.0455576 0.2343313
v -0.021351 -0.138522 0.2216199
v -0.051852 -0.122277 0.266833
v -0.037872 -0.12503 0.223765
v -0.0679917 -0.0277299 0.2406954
v -0.042934 -0.122286 0.230189
v -0.058124 -0.11812 0.275362
v -0.072384 -0.08715 0.33276
v -0.011849 0.0646559 0.287121
v -0.006563 -0.145032 0.228673
v -0.043421 -0.123139 0.235717
v -0.038637 -0.129144 0.253097
v -0.039637 -0.126777 0.233688
v -0.031171 -0.130093 0.225959
v -0.03852 -0.12688 0.2782639
v -0.068592 -0.0977671 0.310075
v -0.075008 -0.048142 0.253462
v -0.0678442 -0.0203357 0.2454016
v -0.047965 -0.12459 0.271065
v -0.024518 -0.135531 0.22366
v -0.047858 -0.120736 0.243881
v -0.0632979 -0.0277717 0.2131926
v -0.005771 -0.1408761 0.230029
v -0.073034 -0.09356 0.272926
v -0.039386 -0.127682 0.237892
v -0.079978 -0.062465 0.294055
v -0.077157 -0.081189 0.285625
v -0.0788 -0.072255 0.3042
v -0.008787 -0.1358461 0.227188
v -0.050945 -0.1227771 0.275329
v -0.079073 -0.053579 0.284314
v -0.06521 -0.1043391 0.2987349
v -0.076681 -0.0803901 0.303567
v -0.060091 -0.111963 0.293625
v -0.001972 -0.141335 0.229742
v -0.040048 -0.128839 0.261761
v -0.04605 -0.124441 0.279081
v -0.010812 -0.143809 0.229074
v -0.032218 0.0564 0.283061
v -0.035569 -0.128828 0.273713
v -0.069836 -0.003343 0.265603
v -0.04452 -0.1266911 0.266547
v -0.036178 -0.129659 0.232147
v -0.043439 -0.126054 0.274886
v -0.028692 -0.131191 0.227112
v -0.034226 -0.127986 0.224659
v -0.019212 -0.139887 0.227313
v -0.035659 -0.128831 0.228553
v -0.074381 0.000733 0.280345
v -0.008993 0.046709 0.245388
v -0.010287 0.05438 0.266388
v -0.0754 -0.0813291 0.313142
v -0.063944 -0.11108 0.2868939
v -0.012951 -0.137788 0.230389
v -0.079601 -0.064773 0.318699
v -0.00193 -0.137752 0.226387
v -0.080208 -0.062685 0.3052731
v -0.0518054 -0.119446 0.2908836
v -0.077499 -0.0738221 0.315456
v -0.001912 -0.149372 0.258296
v -0.002757 -0.129717 0.208857
v -0.007674 -0.129814 0.210109
v -0.0552233 -0.1150779 0.2969773
v -0.005537 -0.137038 0.226811
v -0.009415 -0.139755 0.230368
v -0.027028 -0.132883 0.225478
v -0.032431 -0.130558 0.228535
v -0.025321 -0.133407 0.227302
v -0.018027 -0.138232 0.229524
v -0.069571 0.014003 0.279728
v -0.024343 0.04193 0.24296
v -0.0850397 -0.0160182 0.096995
v -0.0640218 -0.0101601 0.2254678
v -0.077403 -0.073708 0.343203
v -0.081297 -0.051997 0.307546
v -0.068781 -0.098502 0.30335
v -0.065345 -0.1028911 0.303473
v -0.006004 -0.133862 0.219295
v -0.073869 -0.0836461 0.323597
v -0.002109 -0.134432 0.218543
v -0.047804 0.0440389 0.280494
v -0.052715 0.0487059 0.298991
v -0.0533678 -0.1161554 0.3023843
v -0.0503128 -0.1201753 0.3034445
v -0.040943 -0.1255161 0.282423
v -0.014687 -0.141476 0.229344
v -0.01194 -0.134086 0.227235
v -0.040386 -0.128065 0.27035
v -0.03607 -0.130043 0.265585
v -0.035274 -0.130557 0.257035
v -0.043311 -0.1270721 0.257637
v -0.032904 -0.1314841 0.230902
v -0.035919 -0.1304731 0.235431
v -0.02967 -0.131339 0.228575
v -0.020869 -0.134543 0.229623
v -0.033113 -0.127547 0.281545
v -0.016295 -0.1350571 0.23011
v -0.024253 -0.1329481 0.228667
v -0.013217 0.0718559 0.30923
v -0.015113 -0.131784 0.227151
v -0.030629 -0.132504 0.25251
v -0.041508 0.037703 0.2617799
v -0.05295 0.025478 0.261406
v -0.079445 0.002502 0.304309
v -0.054531 0.0117949 0.2388616
v -0.071794 -0.089414 0.320909
v -0.0301001 -0.1269585 0.2887625
v -0.081989 -0.053629 0.323482
v -0.076091 -0.0768571 0.327184
v -0.074797 -0.0808681 0.33729
v -0.065847 -0.0973791 0.357694
v -0.0624946 -0.1063981 0.3080133
v -0.0616536 -0.1067587 0.303803
v -0.0430883 -0.124509 0.2862484
v -0.065839 -0.1022121 0.309061
v -0.015016 -0.128966 0.220353
v -0.0564918 -0.1131927 0.2994344
v -0.0354551 -0.1263461 0.2854558
v -0.0352062 -0.1259808 0.2958452
v -0.0375946 -0.125757 0.2889395
v -0.0442645 -0.1234219 0.3042583
v -0.00918 -0.132708 0.2200469
v -0.060801 0.0500499 0.335822
v -0.0174711 -0.0979644 0.2045932
v -0.03109 -0.1314541 0.260886
v -0.03571 0.0624739 0.303396
v -0.030459 -0.134185 0.244729
v -0.017403 0.0610219 0.389204
v -0.004091 -0.118542 0.203746
v -0.0071241 -0.0748717 0.205904
v -0.0056074 -0.0973121 0.2046225
v -0.010212 -0.0413881 0.434267
v -0.0346065 -0.0567017 0.213358
v -0.030248 -0.129561 0.277186
v -0.024784 -0.130512 0.281307
v -0.026869 -0.13159 0.228115
v -0.027501 -0.131236 0.228805
v -0.0180661 -0.1299336 0.2940908
v -0.024193 -0.126011 0.228921
v -0.027592 -0.128296 0.285238
v -0.016742 0.0694869 0.370945
v -0.025529 -0.131099 0.228821
v -0.007326 -0.145479 0.259443
v -0.042283 0.0655219 0.344148
v -0.00452 -0.1493671 0.260603
v -0.012154 0.077741 0.141189
v -0.0360382 0.0339197 0.2410865
v -0.073937 0.0162169 0.294794
v -0.041076 -0.12739 0.249069
v -0.061597 -0.1082511 0.34642
v -0.081553 -0.0588931 0.338992
v -0.065958 -0.1033251 0.315098
v -0.063931 -0.103011 0.351716
v -0.022312 -0.129145 0.243796
v -0.0495446 -0.1201303 0.2985361
v -0.052839 -0.1151301 0.358416
v -0.064921 -0.107084 0.3208579
v -0.002991 -0.137094 0.312022
v -0.0315713 -0.1266158 0.2973553
v -0.0456052 -0.1228126 0.2971399
v -0.058128 -0.1102733 0.3046373
v -0.0450737 -0.1242442 0.3005123
v -0.0252828 -0.1271995 0.2925022
v -0.0229082 -0.1258566 0.3015572
v -0.01866 -0.135564 0.274093
v -0.002355 -0.1464831 0.2544419
v -0.008183 -0.148822 0.242924
v -0.012096 -0.141832 0.2542709
v -0.012129 -0.130948 0.220143
v -0.002721 -0.147125 0.248373
v -0.009775 -0.1428251 0.29184
v -0.004094 -0.147462 0.295521
v -0.007781 -0.1348311 0.3063499
v -0.032304 -0.0781486 0.2106297
v -0.0206006 -0.077095 0.2065616
v -0.025061 -0.0518397 0.2093103
v -0.0225156 -0.1291226 0.2894885
v -0.033892 -0.105129 0.256492
v -0.010089 -0.15885 0.2715549
v -0.012943 -0.143962 0.248322
v -0.018848 -0.1392 0.271742
v -0.026827 -0.1357901 0.248045
v -0.029835 -0.135148 0.238036
v -0.02725 -0.13686 0.234476
v -0.02997 -0.1323631 0.2299609
v -0.023133 -0.13118 0.229107
v -0.027487 -0.132236 0.229328
v -0.019308 -0.1318821 0.229636
v -0.024627 -0.129089 0.228686
v -0.047156 0.0234199 0.412789
v -0.048388 0.0398349 0.398632
v -0.016857 -0.1324861 0.2363259
v -0.060285 0.029374 0.279447
v -0.016864 0.0324819 0.420198
v -0.0457373 0.0235848 0.2400755
v -0.079916 0.0139649 0.320429
v -0.084772 -0.0390241 0.330209
v -0.084824 -0.0444361 0.347582
v -0.025037 -0.125817 0.242755
v -0.062253 -0.0918831 0.376406
v -0.056623 -0.1185261 0.33594
v -0.058903 -0.1131351 0.3415499
v -0.0407725 -0.1264189 0.3023219
v -0.0357423 -0.1266743 0.2976005
v -0.0591844 -0.1099459 0.3075825
v -0.0599948 -0.1109323 0.310966
v -0.0405035 -0.1252953 0.2969002
v -0.007713 -0.14643 0.248578
v -0.007089 -0.145359 0.254559
v -0.0527521 -0.1166553 0.3064459
v -0.0474351 -0.122551 0.304292
v -0.0446607 -0.124572 0.3030972
v -0.015319 0.0137859 0.429808
v -0.0363422 -0.1274514 0.302128
v -0.007702 -0.148036 0.233123
v -0.003066 -0.1391221 0.306393
v -0.002961 -0.149591 0.242587
v -0.003061 -0.150976 0.237154
v -0.002932 -0.148918 0.232247
v -0.001963 -0.1540291 0.259808
v -0.009178 -0.148088 0.286658
v -0.003603 -0.1377581 0.318285
v -0.0375602 -0.0780597 0.2194623
v -0.0138 -0.126914 0.211887
v -0.0092967 -0.0471186 0.2072522
v -0.021538 -0.132956 0.2773719
v -0.021808 -0.141628 0.238656
v -0.026298 -0.1319681 0.264871
v -0.019426 -0.122863 0.214562
v -0.026377 -0.133361 0.256322
v -0.021801 -0.132814 0.269475
v -0.02479 -0.128429 0.228674
v -0.023785 -0.138949 0.24341
v -0.021732 -0.128848 0.229011
v -0.027314 -0.136895 0.240583
v -0.008659 -0.158124 0.26637
v -0.020507 -0.126764 0.227347
v -0.024965 -0.137366 0.231494
v -0.022657 -0.126699 0.230478
v -0.024088 -0.1241041 0.228973
v -0.004489 -0.1355111 0.365209
v -0.022327 -0.0793381 0.420695
v -0.070352 0.0247699 0.385548
v -0.068197 -0.0844121 0.372265
v -0.047336 -0.1170981 0.366564
v -0.086325 -0.0231851 0.332637
v -0.08614 -0.0262581 0.362368
v -0.058999 -0.1090011 0.355696
v -0.067438 -0.0911471 0.364439
v -0.043378 -0.1247361 0.353747
v -0.080118 -0.0648301 0.350886
v -0.060669 -0.1038321 0.361971
v -0.082449 -0.0528641 0.361202
v -0.061852 -0.0980661 0.368804
v -0.0577293 -0.1178221 0.3174245
v -0.007592 -0.126958 0.261175
v -0.050457 -0.1193581 0.3524909
v -0.04694 -0.1024971 0.388314
v -0.066339 -0.107027 0.26857
v -0.063041 -0.1075226 0.3126606
v -0.0572793 -0.1136244 0.3102037
v -0.062592 -0.1127641 0.3248539
v -0.056517 -0.1128798 0.3079498
v -0.0566674 -0.1211178 0.3226833
v -0.0553568 -0.1132826 0.3060994
v -0.062513 -0.1107826 0.3172756
v -0.040682 -0.1262886 0.2997128
v -0.0536672 -0.1154949 0.3076687
v -0.0506214 -0.1191879 0.3064523
v -0.049157 -0.1179222 0.3071691
v -0.032085 -0.1274667 0.3004813
v -0.0210273 -0.1270856 0.2966423
v -0.002677 -0.1580991 0.261907
v -0.020825 -0.1250215 0.303874
v -0.073185 0.0317509 0.327774
v -0.0320901 -0.1271142 0.2985727
v -0.012838 -0.146762 0.24235
v -0.008193 -0.149611 0.237657
v -0.018812 -0.141193 0.24649
v -0.01514 -0.142445 0.258584
v -0.010461 -0.1421151 0.261631
v -0.050183 -0.0410031 0.418031
v -0.017873 -0.137355 0.256097
v -0.011045 -0.142445 0.258493
v -0.003628 -0.1564961 0.284071
v -0.006352 -0.1487991 0.26893
v -0.003925 -0.1398261 0.3255429
v -0.011858 -0.136444 0.295924
v -0.0112213 -0.1298309 0.3064946
v -0.0102641 -0.129833 0.213004
v -0.0152955 -0.1264574 0.306802
v -0.0141553 -0.1308436 0.3156264
v -0.019935 -0.1322221 0.28589
v -0.0212248 -0.1220201 0.2184478
v -0.034506 -0.0993651 0.244406
v -0.0333031 -0.0959635 0.2175597
v -0.023842 -0.1132778 0.2095521
v -0.0389274 -0.0787758 0.2326977
v -0.029258 -0.110209 0.228438
v -0.019888 -0.135813 0.26764
v -0.0230219 -0.1258207 0.3102731
v -0.024089 -0.1241431 0.229505
v -0.009968 -0.156451 0.277065
v -0.022027 -0.1372291 0.251748
v -0.017755 -0.126733 0.221321
v -0.024952 -0.139077 0.236432
v -0.020026 -0.1364761 0.3526689
v -0.020869 -0.134256 0.229102
v -0.023281 -0.124131 0.228474
v -0.023906 -0.129208 0.228809
v -0.02546 -0.131275 0.229014
v -0.024139 -0.126404 0.228723
v -0.022169 -0.122968 0.225316
v -0.020161 -0.124668 0.223077
v -0.022147 -0.124863 0.227871
v -0.023077 -0.126198 0.22868
v -0.008937 -0.0605031 0.43089
v -0.012532 -0.147894 0.237269
v -0.04321 0.0047989 0.422447
v -0.056618 -0.0798041 0.396504
v -0.004592 -0.1324081 0.3732829
v -0.004297 -0.1373881 0.357601
v -0.081989 -0.0080361 0.381425
v -0.082858 0.0064429 0.368604
v -0.022714 -0.131953 0.3673309
v -0.069521 -0.0601111 0.3907711
v -0.062907 -0.0701821 0.394594
v -0.054209 -0.0943401 0.387366
v -0.056739 -0.1137051 0.350041
v -0.008496 -0.122739 0.262303
v -0.054451 -0.1104761 0.364907
v -0.053929 -0.1182381 0.3447139
v -0.033698 -0.1325841 0.347434
v -0.039493 -0.1092401 0.388527
v -0.059113 -0.118461 0.327564
v -0.002493 -0.145923 0.229843
v -0.0499418 -0.1177612 0.3097574
v -0.056981 -0.115969 0.3128163
v -0.0596816 -0.1135902 0.3145987
v -0.0548495 -0.1151896 0.3086207
v -0.0175458 -0.1270505 0.3005283
v -0.0464938 -0.1211706 0.3053131
v -0.0366366 -0.1264014 0.3032282
v -0.0527759 -0.1184407 0.3097695
v -0.03601 -0.1273728 0.2998657
v -0.068959 -0.103865 0.273033
v -0.0259085 -0.1272182 0.3124759
v -0.020131 -0.1260533 0.3027457
v -0.012849 -0.1364041 0.3587289
v -0.017654 -0.1442761 0.24082
v -0.012929 -0.143668 0.2827089
v -0.016634 -0.132912 0.257993
v -0.006919 -0.153907 0.26448
v -0.007687 -0.1438861 0.263279
v -0.01423 -0.145104 0.261342
v -0.00348 -0.161554 0.265716
v -0.02791 -0.089499 0.267259
v -0.003762 -0.149894 0.264181
v -0.009902 -0.141595 0.265243
v -0.00405 -0.163063 0.272036
v -0.009478 -0.152551 0.28188
v -0.003919 -0.160539 0.278589
v -0.01572 -0.13438 0.290915
v -0.006317 -0.156073 0.263061
v -0.015972 -0.139472 0.278403
v -0.0144165 -0.1305395 0.2983831
v -0.017574 -0.135813 0.282035
v -0.004664 -0.1279361 0.3815309
v -0.0118306 -0.1296956 0.3110725
v -0.009674 -0.134805 0.317092
v -0.0199466 -0.1249784 0.3047933
v -0.0213186 -0.1238749 0.3066969
v -0.003711 -0.1408741 0.333665
v -0.004049 -0.1388941 0.350037
v -0.023615 -0.119659 0.221439
v -0.0277087 -0.1112559 0.2180866
v -0.014007 -0.136318 0.322021
v -0.0340682 -0.096596 0.2303923
v -0.011319 -0.139448 0.327537
v -0.018343 -0.142008 0.231563
v -0.019897 -0.135646 0.26361
v -0.021084 -0.1389891 0.230416
v -0.024844 -0.132707 0.229037
v -0.024236 -0.123095 0.232204
v -0.02357 -0.12497 0.230011
v -0.024419 -0.122361 0.230446
v -0.024232 -0.122103 0.22913
v -0.023508 -0.122123 0.227608
v -0.016299 -0.125834 0.2136917
v -0.012012 -0.1381061 0.351426
v -0.005078 -0.1154441 0.398395
v -0.060934 -0.0855241 0.385759
v -0.055425 -0.1053661 0.371643
v -0.044099 -0.0553841 0.418557
v -0.013516 -0.134267 0.3663779
v -0.014424 -0.1205691 0.390026
v -0.045609 -0.1211961 0.360021
v -0.067119 -0.0771771 0.382537
v -0.032346 -0.1195931 0.381968
v -0.040381 -0.119181 0.374398
v -0.055642 -0.0998191 0.378958
v -0.0604351 -0.1158542 0.3205512
v -0.039546 -0.1233241 0.367555
v -0.047688 -0.123353 0.346608
v -0.0478689 -0.1248893 0.3136611
v -0.051267 -0.1233741 0.338357
v -0.0535303 -0.1179761 0.310863
v -0.0515323 -0.1183548 0.3093128
v -0.0546804 -0.1172025 0.3118366
v -0.0431356 -0.1284014 0.3150807
v -0.0512408 -0.1212867 0.3115699
v -0.0408344 -0.1254135 0.3034877
v -0.0227791 -0.1252285 0.3033772
v -0.0284771 -0.1265362 0.3029128
v -0.006769 -0.145333 0.230354
v -0.0287498 -0.1269912 0.3010202
v -0.014087 -0.147578 0.262875
v -0.001993 -0.142561 0.230698
v -0.004195 -0.152697 0.2640799
v -0.01665 -0.1456731 0.236076
v -0.008998 -0.144991 0.268409
v -0.017509 -0.147833 0.2626649
v -0.0174 -0.144658 0.2602769
v -0.017386 -0.1340061 0.230999
v -0.009584 -0.110782 0.2642719
v -0.028276 -0.1335381 0.353672
v -0.01298 -0.147711 0.278711
v -0.020092 -0.13723 0.325942
v -0.020226 -0.142921 0.234486
v -0.016316 -0.1269297 0.3104946
v -0.029167 -0.1373251 0.334103
v -0.0187443 -0.1325812 0.3197587
v -0.0187162 -0.1259336 0.3045639
v -0.0206802 -0.125549 0.3083654
v -0.0386403 -0.0569024 0.2210938
v -0.025546 -0.1376561 0.329665
v -0.039584 -0.081873 0.248682
v -0.02622 -0.117086 0.228711
v -0.030117 -0.111655 0.238395
v -0.020608 -0.1389651 0.265992
v -0.021607 -0.1344141 0.359919
v -0.017585 -0.1399731 0.337551
v -0.010777 -0.140685 0.335364
v -0.023783 -0.138796 0.333158
v -0.019118 -0.131659 0.231135
v -0.022274 -0.126838 0.235862
v -0.026601 -0.122119 0.239375
v -0.003828 -0.1402711 0.3421269
v -0.007829 -0.0785511 0.4245581
v -0.019047 -0.1285285 0.314445
v -0.013845 -0.1309951 0.374267
v -0.006642 -0.0941021 0.416365
v -0.034366 -0.0812951 0.414066
v -0.050356 -0.0892171 0.396849
v -0.06207 -0.0506421 0.4046
v -0.055306 -0.0628751 0.406864
v -0.023301 -0.1284431 0.3747819
v -0.038052 -0.126735 0.360766
v -0.040395 -0.1143471 0.3814389
v -0.0512114 -0.1236142 0.3167858
v -0.048297 -0.1076391 0.380513
v -0.048256 -0.1125161 0.3734759
v -0.015168 -0.1137171 0.397772
v -0.041839 -0.1319761 0.332816
v -0.048598 -0.1281541 0.3315779
v -0.029686 -0.0934001 0.409174
v -0.054584 -0.123679 0.329801
v -0.0446993 -0.1297425 0.3256886
v -0.051479 -0.1258672 0.3244191
v -0.0538415 -0.1225175 0.3192603
v -0.0501068 -0.1213048 0.3106091
v -0.0527561 -0.1202225 0.3137965
v -0.0410126 -0.1268862 0.3134298
v -0.0516496 -0.1205725 0.3128332
v -0.0325103 -0.1262411 0.3034627
v -0.0322633 -0.127353 0.3024278
v -0.024186 -0.1225924 0.3046157
v -0.001947 -0.1401761 0.236238
v -0.0224581 -0.124297 0.3040389
v -0.002705 -0.1391731 0.243944
v -0.011539 -0.146617 0.233164
v -0.0233882 -0.1250281 0.30903
v -0.020901 -0.1242068 0.304302
v -0.010212 -0.0900791 0.266808
v -0.015772 -0.135832 0.25049
v -0.00547 -0.13535 0.257237
v -0.010045 -0.153048 0.264745
v -0.004048 -0.138355 0.2514019
v -0.009281 -0.137464 0.24338
v -0.020409 -0.14202 0.262541
v -0.009958 -0.149905 0.267184
v -0.014357 -0.134629 0.236271
v -0.027834 -0.0648791 0.267495
v -0.012992 -0.143071 0.263842
v -0.026081 -0.11007 0.263266
v -0.010066 -0.064506 0.266556
v -0.013715 -0.15137 0.274812
v -0.017815 -0.1394701 0.330524
v -0.0246906 -0.1303821 0.3182472
v -0.0209343 -0.1234012 0.3054507
v -0.0368052 -0.1294258 0.3167904
v -0.0370654 -0.129226 0.3171602
v -0.0213609 -0.1248201 0.3072112
v -0.005456 -0.139596 0.236102
v -0.0306147 -0.1285687 0.313082
v -0.056101 -0.119114 0.283316
v -0.011199 -0.1398611 0.343541
v -0.024627 -0.1193631 0.226525
v -0.018529 -0.138568 0.3453209
v -0.020006 -0.142768 0.269302
v -0.026134 -0.1361991 0.346686
v -0.010869 -0.13774 0.250795
v -0.0149 -0.1344601 0.243242
v -0.017302 -0.146949 0.2722819
v -0.01662 -0.139954 0.22985
v -0.013896 -0.154098 0.270404
v -0.023636 -0.124693 0.234263
v -0.026204 -0.120513 0.234699
v -0.024931 -0.119903 0.229225
v -0.0255 -0.120284 0.231535
v -0.027117 -0.117689 0.233591
v -0.030098 -0.1311941 0.360577
v -0.019124 -0.0934861 0.413741
v -0.014081 -0.1264061 0.3820979
v -0.032178 -0.1244891 0.3749179
v -0.039035 -0.0687531 0.4172109
v -0.031438 -0.1284031 0.3676799
v -0.040849 -0.1282271 0.347355
v -0.036034 -0.1295331 0.35399
v -0.0550018 -0.1195287 0.3151225
v -0.044873 -0.127999 0.3399079
v -0.03809 -0.1320841 0.34062
v -0.0453527 -0.1238072 0.312449
v -0.0490718 -0.1238346 0.315578
v -0.0484713 -0.1203664 0.3110306
v -0.0363545 -0.129818 0.3137986
v -0.0468764 -0.1249627 0.3123426
v -0.0365982 -0.1302099 0.3154931
v -0.0231821 -0.1223774 0.3075532
v -0.0253862 -0.1257197 0.3031996
v -0.0178867 -0.0932061 0.1808802
v -0.0185166 -0.0876972 0.1808659
v -0.005722 -0.142001 0.230915
v -0.010366 -0.14423 0.230559
v -0.027383 -0.124216 0.251999
v -0.0173001 -0.132871 0.241863
v -0.0094704 -0.1222683 0.2046142
v -0.012587 -0.150583 0.264194
v -0.015678 -0.151242 0.264872
v -0.01253 -0.145865 0.266513
v -0.020003 -0.1459311 0.265747
v -0.01745 -0.149956 0.268542
v -0.0290117 -0.1294281 0.3168497
v -0.025274 -0.1273229 0.3142843
v -0.0259007 -0.1272994 0.3138889
v -0.030621 -0.135359 0.3280829
v -0.023122 -0.1277406 0.3139029
v -0.03173 -0.1087881 0.3948029
v -0.0302713 -0.1286997 0.3162991
v -0.0304706 -0.1290591 0.3144626
v -0.0202394 -0.1241068 0.3049667
v -0.037675 -0.086336 0.262016
v -0.03004 -0.116939 0.24733
v -0.023867 -0.1177861 0.389533
v -0.012033 -0.135935 0.2421731
v -0.024453 -0.1113261 0.396292
v -0.032114 -0.1142011 0.3887529
v -0.037578 -0.1299923 0.3181709
v -0.016682 -0.1051171 0.4056319
v -0.049321 -0.0740831 0.407161
v -0.023586 -0.1236391 0.3822019
v -0.043665 -0.0846221 0.406019
v -0.043614 -0.0978451 0.396208
v -0.035114 -0.135005 0.33365
v -0.0439829 -0.1271875 0.3168228
v -0.0235144 -0.1237175 0.3083765
v -0.0402403 -0.1301648 0.3212257
v -0.0481645 -0.126928 0.3205661
v -0.0481018 -0.1240101 0.3148731
v -0.0433826 -0.1274506 0.3163093
v -0.0423021 -0.1283179 0.3135985
v -0.0216383 -0.1235105 0.3044901
v -0.009133 -0.140944 0.2310989
v -0.008683 -0.1383881 0.236154
v -0.011586 -0.1367301 0.236199
v -0.005979 -0.1388401 0.2421499
v -0.0315933 -0.1317224 0.322243
v -0.035358 -0.06241 0.055888
v -0.0305631 -0.1287476 0.3157402
v -0.066323 -0.109193 0.2784059
v -0.0307038 -0.1270921 0.3125939
v -0.0456159 -0.1275439 0.3178843
v -0.026106 -0.1035901 0.402956
v -0.033322 -0.1028841 0.39955
v -0.03739 -0.1047981 0.394925
v -0.031366 -0.1355381 0.340513
v -0.0372837 -0.1325886 0.3267989
v -0.0550395 -0.0279015 0.100985
v -0.035815 -0.1279787 0.3134139
v -0.0592221 -0.0655436 0.0392986
v -0.0251126 -0.1244773 0.3041334
v -0.0263174 -0.1265246 0.3111565
v -0.037899 -0.0946241 0.40341
v -0.0108952 -0.0886003 0.1789754
v -0.018097 -0.129191 0.227135
v -0.022902 -0.136349 0.226175
v -0.022017 -0.136147 0.228296
v -0.029101 -0.131112 0.22315
v -0.023115 -0.1399761 0.232768
v -0.043315 -0.124366 0.240648
v -0.013015 -0.143288 0.2608959
v -0.064067 -0.111821 0.274303
v -0.040492 -0.058673 0.24981
v -0.014934 -0.1368641 0.23095
v -0.0399943 -0.0561037 0.2334718
v -0.05965 -0.096095 0.229074
v -0.057666 -0.116771 0.287034
v -0.0258476 -0.1263193 0.3013138
v -0.0105458 -0.0937153 0.1791542
v -0.0232288 -0.1263516 0.3121025
v -0.019452 -0.1316691 0.243449
v -0.012409 -0.154484 0.26617
v -0.013622 -0.136447 0.255881
v -0.0030542 -0.104821 0.1792132
v -0.0234619 -0.1237763 0.1913863
v -0.0225071 -0.104816 0.1833089
v -0.002731 -0.127794 0.184052
v -0.0196294 -0.1190891 0.1842489
v -0.0312746 -0.0976352 0.1878685
v -0.0260911 -0.0537453 0.1566433
v -0.002788 -0.137002 0.209187
v -0.016548 -0.130189 0.192577
v -0.0640596 -0.0584719 0.2175301
v -0.014001 -0.135352 0.210212
v -0.047845 -0.124658 0.262468
v -0.028008 0.047896 0.263442
v -0.077038 -0.027963 0.092935
v -0.062791 0.011433 0.261909
v -0.031458 -0.130774 0.269132
v -0.034129 -0.131323 0.248783
v -0.0283928 -0.0966939 0.2084233
v -0.0159469 -0.11687 0.2055545
v -0.021879 -0.133617 0.260415
v -0.085175 0.0004629 0.34152
v -0.013834 -0.1391681 0.286957
v -0.003609 -0.152163 0.289637
v -0.026364 -0.1314521 0.272976
v -0.025834 -0.1305831 0.2289879
v -0.065671 0.032618 0.296196
v -0.004305 -0.1533681 0.261508
v -0.0079567 -0.1338814 0.3116259
v -0.069371 0.0091579 0.399164
v -0.005644 -0.146722 0.266364
v -0.018757 -0.138937 0.259714
v -0.028957 -0.0480511 0.428362
v -0.025549 -0.0638981 0.425652
v -0.00744 -0.152478 0.266123
v -0.004298 -0.1516981 0.266557
v -0.019154 -0.136867 0.22935
v -0.0205852 -0.1262442 0.3107723
v -0.005689 -0.1065041 0.4072491
v -0.006711 -0.13082 0.2600089
v -0.01611 -0.1432941 0.275288
v -0.0248042 -0.1341058 0.323695
v -0.037565 -0.063206 0.263306
v -0.004784 -0.1224191 0.389717
v -0.015155 -0.1446021 0.232555
v -0.024576 -0.1383781 0.339381
v -0.0393672 -0.0715912 0.0358489
v -0.01366 -0.142489 0.23037
v -0.0309588 -0.0543554 0.0743081
v -0.012158 -0.1392891 0.231088
v -0.006631 -0.064311 0.052738
v -0.003268 -0.099157 0.1787795
v -0.0236858 0.0463055 0.1989206
v -0.0807313 -0.046111 0.0720512
v -0.0426103 0.0262985 0.2166367
v -0.1384375 -0.0069664 0.0847265
v -0.0255718 0.052408 0.1776502
v -0.1283813 -0.0168259 0.0811233
v -0.1405331 0.0509148 0.1144207
v -0.1045863 -0.0254992 0.0886118
v -0.08457 0.1072488 0.0930147
v -0.08777 0.053894 0.141292
v -0.1131638 -0.0106305 0.0940915
v -0.0486688 0.1073151 0.0869157
v -0.0160739 0.1035017 0.0845942
v -0.1409404 0.0029576 0.0954586
v -0.1181845 0.0031015 0.1011793
v -0.042357 0.09344 0.116501
v -0.1302392 0.0742862 0.1101855
v -0.1141737 0.0950517 0.101529
v -0.121852 0.028691 0.122209
v -0.108022 0.064745 0.126931
v -0.051335 -0.058246 0.05946
v -0.004388 -0.0510457 0.1284757
v -0.0227415 -0.0406236 0.1097063
v -0.0334512 -0.0489701 0.1603128
v -0.0050935 -0.0399305 0.1055222
v -0.008702 -0.139617 0.214011
v -0.0284659 -0.0451017 0.1350743
v -0.0446062 -0.0367359 0.1431772
v -0.0591555 -0.0269973 0.1845192
v -0.06761 -0.080838 0.232375
v -0.0393647 -0.033523 0.1164538
v -0.0409512 -0.0439738 0.1650228
v -0.0307962 -0.0378132 0.1126902
v -0.0635163 -0.0212843 0.1064913
v -0.0480014 -0.0389138 0.170798
v -0.0516569 -0.0313612 0.1485687
v -0.0366484 -0.0413295 0.1386506
v -0.0361975 -0.0406774 0.092954
v -0.0672877 -0.0382069 0.0881963
v -0.048242 -0.0293164 0.1210622
v -0.006279 -0.0538787 0.0694299
v -0.0917332 -0.0499462 0.0525213
v -0.0667558 -0.0525249 0.0647619
v -0.0437245 -0.0513103 0.0779042
v -0.0560645 -0.0242649 0.1262969
v -0.057513 -0.0253167 0.1546621
v -0.0457253 -0.0344981 0.0964218
v -0.0541568 -0.0334339 0.1774178
v -0.07052 -0.0134408 0.1123782
v -0.002568 -0.147565 0.224486
v -0.008555 0.046378 0.223181
v -0.1046968 -0.0404276 0.062294
v -0.1174291 -0.0292153 0.0725776
v -0.0622287 -0.0179118 0.1322079
v -0.0663948 -0.010557 0.1389336
v -0.0538 -0.121119 0.279501
v -0.0389094 0.0476356 0.1755751
v -0.0616951 -0.0184009 0.1613022
v -0.0622885 -0.0192715 0.1912858
v -0.0637861 -0.010702 0.1681437
v -0.078648 -0.0688131 0.3322511
v -0.0933914 -0.0377202 0.0806914
v -0.0918699 -0.0048753 0.1042308
v -0.0605685 -0.0022038 0.2036221
v -0.0232229 0.0426948 0.2209935
v -0.0676402 0.013916 0.1604811
v -0.00864 0.049275 0.201124
v -0.081626 5.19e-05 0.313872
v -0.0759199 -0.0051156 0.1196046
v -0.010461 0.065026 0.160907
v -0.00917 0.054942 0.1801
v -0.0498216 0.0163306 0.2138592
v -0.0968739 0.0047832 0.1134547
v -0.014262 0.091363 0.115991
v -0.0609019 0.0056549 0.1810573
v -0.1001 0.0257 0.133103
v -0.079395 0.0034061 0.1278383
v -0.0579903 0.0320649 0.1704552
v -0.0684622 -0.0025645 0.1461966
v -0.0508777 0.023131 0.1906577
v -0.057188 0.074249 0.138981
v -0.0440564 0.0322542 0.1940044
v -0.046489 0.059537 0.156914
v -0.029848 0.063277 0.158196
v -0.0813363 0.0209125 0.1447979
v -0.035675 0.077331 0.139219
v -0.060249 0.052531 0.156183
v -0.070886 0.042754 0.154527
v -0.0497003 0.0406395 0.1734005
v -0.069998 0.09081 0.118683
v -0.074871 0.066175 0.140377
v -0.092698 0.080717 0.12285
v -0.0026549 -0.1194832 0.1810544
v -0.0167998 -0.0989713 0.1807864
v -0.0341153 0.0354906 0.218789
v -0.0155234 -0.1050537 0.1808307
v -0.0352626 0.0403997 0.1966456
v -0.0058153 -0.0429658 0.0841267
v -0.0039727 -0.0622848 0.1504986
v -0.0205864 -0.048025 0.1322339
v -0.076915 -0.0582331 0.044637
v -0.0182392 -0.0729844 0.1764784
v -0.0133901 -0.1197303 0.1819045
v -0.0035976 -0.0844473 0.1776932
v -0.0110606 -0.0699064 0.167721
v -0.0109934 -0.0838428 0.1784976
v -0.0144162 -0.0408605 0.107225
v -0.0109418 -0.075286 0.1745107
v -0.0214123 -0.0738363 0.0344322
v -0.0116741 -0.0607727 0.1516739
v -0.0185399 -0.0543633 0.0712994
v -0.0165563 -0.044054 0.086613
v -0.0078052 -0.11965 0.1812491
v -0.0127422 -0.0500171 0.1299334
v -0.0082228 -0.1118084 0.1801756
v -0.009049 -0.1050408 0.1796053
v -0.0109663 -0.0795031 0.1773296
v -0.020271 -0.064218 0.05382
v -0.0098914 -0.0991374 0.1792842
v -0.0141903 -0.1118349 0.1810907
v -0.042529 -0.125821 0.244962
v -0.019745 -0.1334111 0.251283
v -0.023299 -0.129813 0.2522179
v -0.018826 -0.130663 0.23656
v -0.020604 -0.128847 0.236542
v -0.021412 -0.1284371 0.230913
v -0.020305 -0.1300021 0.231125
v -0.022892 -0.136393 0.229668
v -0.024035 -0.1344 0.22923
v -0.022633 -0.123225 0.2601589
v -0.019301 -0.128913 0.259159
v -0.022853 -0.130805 0.228903
v -0.021937 -0.132414 0.228976
v -0.027011 -0.133657 0.229899
v -0.026199 -0.135332 0.230617
v -0.029613 -0.133562 0.231416
v -0.028686 -0.134961 0.232917
v -0.032592 -0.1325011 0.233228
v -0.031625 -0.133725 0.235621
v -0.068126 -0.098849 0.317256
v -0.069891 -0.094432 0.3188719
v -0.033068 -0.132781 0.241565
v -0.034879 -0.1315641 0.238486
v -0.074333 -0.0874791 0.30322
v -0.071706 -0.0934331 0.303249
v -0.036676 -0.130037 0.245139
v -0.038369 -0.128825 0.241586
v -0.067847 -0.106437 0.282857
v -0.070857 -0.100774 0.278301
v -0.045763 -0.124859 0.253279
v -0.047292 -0.122671 0.248814
v -0.073257 -0.087618 0.311628
v -0.070949 -0.0930731 0.31067
v -0.061255 -0.114378 0.2704089
v -0.063224 -0.110132 0.2645399
v -0.075173 -0.089283 0.287778
v -0.072388 -0.096166 0.290156
v -0.056776 -0.11265 0.250621
v -0.056178 -0.116003 0.256909
v -0.050324 -0.122092 0.257806
v -0.052015 -0.11923 0.252821
v -0.058052 -0.116983 0.2664479
v -0.059863 -0.1130621 0.26078
v -0.076593 -0.0230581 0.392714
v -0.069246 -0.0373671 0.4001321
v -0.082043 -0.0384011 0.375618
v -0.075987 -0.0495601 0.384814
v -0.033202 -0.0316791 0.428901
v -0.03817 -0.0141341 0.4273189
v -0.064178 -0.0081091 0.409356
v -0.057185 -0.0252841 0.415195
v -0.072962 -0.0690841 0.377606
v -0.078172 -0.0610331 0.37084
v -0.073309 -0.0773151 0.366731
v -0.077413 -0.0706621 0.359867
v -0.01174 -0.0235071 0.435466
v -0.013477 -0.0056161 0.434527
v -0.069975 -0.0913241 0.352233
v -0.072839 -0.0859571 0.3456709
v -0.072052 -0.0846491 0.358806
v -0.075342 -0.078901 0.351775
v -0.06773 -0.0974131 0.346686
v -0.070412 -0.09214 0.340486
v -0.066597 -0.102712 0.324083
v -0.068236 -0.098094 0.326565
v -0.070159 -0.0928871 0.329182
v -0.063981 -0.1081821 0.3292189
v -0.065844 -0.1030701 0.3325979
v -0.068112 -0.097715 0.3362049
v -0.060717 -0.1135821 0.332928
v -0.062686 -0.10821 0.337448
v -0.065224 -0.103048 0.341916
v -0.0552166 -0.1154427 0.3099693
v -0.0541989 -0.1165358 0.3094589
v -0.0501946 -0.116751 0.3088963
v -0.0530562 -0.1168174 0.3087545
v -0.0516465 -0.1170096 0.3085109
v -0.028528 -0.1253687 0.3040685
v -0.026595 -0.1250402 0.310602
v -0.06371 -0.089296 0.230793
v -0.0035652 -0.089 0.1782112
v -0.0034475 -0.0939552 0.1784888
v -0.033586 -0.0842769 0.1888991
v -0.0326498 -0.0909857 0.1884955
v -0.0279365 -0.1265635 0.2947927
v -0.0300805 -0.1263672 0.2962781
v -0.0402079 -0.1246998 0.2944826
v -0.0392528 -0.125064 0.291906
v -0.032403 -0.1264482 0.2917127
v -0.0341249 -0.1260266 0.2940046
v -0.0458245 -0.1224609 0.293345
v -0.044932 -0.123372 0.2897783
v -0.048681 -0.123104 0.283078
v -0.0505974 -0.1212481 0.2869759
v -0.062664 -0.1135811 0.2829359
v -0.060673 -0.115941 0.279127
v -0.070567 -0.097334 0.266412
v -0.067365 -0.101582 0.261402
v -0.070821 -0.089908 0.2583
v -0.067207 -0.09625 0.252986
v -0.06991 -0.083906 0.246337
v -0.065953 -0.091944 0.242609
v -0.0629691 -0.0791625 0.2193882
v -0.0598216 -0.0876223 0.2193777
v -0.0565933 -0.0792672 0.2094093
v -0.0542639 -0.0873448 0.2096061
v -0.0493112 -0.080446 0.2014423
v -0.0477251 -0.0881664 0.2012734
v -0.0413011 -0.0822328 0.194616
v -0.0402099 -0.0895594 0.1941742
v -0.0239894 -0.098453 0.183592
v -0.0253131 -0.0922816 0.1839859
v -0.0295466 -0.1268996 0.2990209
v -0.0272487 -0.1264445 0.2988096
v -0.0244073 -0.1262769 0.2982969
v -0.071962 -0.0982451 0.284062
v -0.068691 -0.103948 0.2875109
v -0.0480231 -0.1193718 0.3062492
v -0.0492467 -0.120866 0.3053709
v -0.0518581 -0.1180155 0.3005073
v -0.0483075 -0.1220189 0.3020021
v -0.0533782 -0.1173317 0.2943234
v -0.064639 -0.108606 0.290725
v -0.059019 -0.114352 0.2904
v -0.074527 -0.090982 0.280348
v -0.073865 -0.084727 0.266814
v -0.076625 -0.072478 0.274045
v -0.077315 -0.062226 0.273512
v -0.077926 -0.053004 0.274555
v -0.072278 -0.094508 0.296518
v -0.075161 -0.088061 0.2952749
v -0.0499697 -0.1169007 0.3081118
v -0.0513754 -0.1174229 0.3075035
v -0.0518419 -0.1184645 0.3049549
v -0.0573532 -0.1115774 0.3019172
v -0.054377 -0.1145293 0.3042414
v -0.065017 -0.1063081 0.294681
v -0.080012 -0.05303 0.294778
v -0.077425 -0.0805 0.294437
v -0.078998 -0.062494 0.283785
v -0.079128 -0.071946 0.29411
v -0.068876 -0.099928 0.297604
v -0.0606926 -0.109948 0.296819
v -0.086922 -0.0120361 0.350391
v -0.080325 0.0184019 0.355869
v -0.085462 -0.0117831 0.328229
v -0.067835 0.0369369 0.369991
v -0.047335 0.0524329 0.381972
v -0.017531 0.0483329 0.406302
v -0.083828 -0.0045731 0.321956
v -0.076637 0.0267819 0.342343
v -0.08263 0.0088559 0.331735
v -0.045036 0.0607709 0.363777
v -0.015824 0.0747899 0.351683
v -0.064362 0.0451419 0.353415
v -0.0689589 0.0055205 0.1536091
v -0.081406 0.0116865 0.136681
v -0.0998057 0.0143079 0.1235794
v -0.0633434 -0.00259 0.1748411
v -0.0627295 -0.0108219 0.197473
v -0.1210486 0.0147848 0.1121019
v -0.1443745 0.0147772 0.1040294
v -0.0647627 -0.0190592 0.2190891
v -0.0686269 -0.0349094 0.2371539
v -0.0779291 0.0316429 0.1510089
v -0.096306 0.039584 0.139313
v -0.056573 0.014166 0.1864096
v -0.063911 0.0228706 0.1661688
v -0.0561006 0.0067615 0.2094701
v -0.117501 0.046322 0.127539
v -0.1452234 0.0297564 0.1118855
v -0.0609589 -0.000124 0.2333097
v -0.067741 -0.0111471 0.2529468
v -0.069806 0.033622 0.312382
v -0.077134 0.0163849 0.30812
v -0.039092 0.0659359 0.323963
v -0.077315 0.002806 0.293234
v -0.014636 0.075869 0.331212
v -0.05683 0.0508939 0.317546
v -0.0204084 -0.1241077 0.3057103
v -0.0232696 -0.1224019 0.3061298
v -0.0209398 -0.1233786 0.3062729
v -0.0188687 -0.1256952 0.3064883
v -0.0202152 -0.1249885 0.305852
v -0.0155826 -0.1270236 0.3036532
v -0.0120684 -0.1305846 0.302348
v -0.003824 -0.14273 0.3011339
v -0.008992 -0.136613 0.301148
v -0.0492637 -0.1156457 0.3096319
v -0.0324599 -0.1251225 0.3034323
v -0.0490927 -0.1155897 0.3085848
v -0.0407963 -0.124201 0.3034407
v -0.0440457 -0.1219798 0.3042923
v -0.0263184 -0.1237264 0.3107292
v -0.0476599 -0.1192354 0.3121532
v -0.0303479 -0.1257736 0.312937
v -0.0244085 -0.1220172 0.3084667
v -0.0352398 -0.1266904 0.3141886
v -0.0366543 -0.1252577 0.303134
v -0.0244079 -0.1211381 0.3064426
v -0.0485348 -0.1161506 0.3072042
v -0.0490124 -0.1167281 0.3107251
v -0.040262 -0.125677 0.3143358
v -0.0255832 -0.1221453 0.3048924
v -0.047565 -0.1174558 0.3061424
v -0.0461473 -0.1194444 0.3052961
v -0.028428 -0.1241605 0.3041928
v -0.0445909 -0.1226715 0.3135042
v -0.0288405 -0.1227122 0.3157075
v -0.0255857 -0.1216808 0.3128252
v -0.0241494 -0.1206981 0.3096609
v -0.0243961 -0.1199966 0.3064297
v -0.0255044 -0.1203978 0.3036756
v -0.0280426 -0.1211743 0.3015757
v -0.0316523 -0.1213258 0.2999704
v -0.035752 -0.1209357 0.2991821
v -0.0398473 -0.1199615 0.2993991
v -0.0433755 -0.1183674 0.3005467
v -0.0460347 -0.116735 0.302363
v -0.0480068 -0.115541 0.3045392
v -0.0492831 -0.1148729 0.3071054
v -0.049562 -0.114678 0.3098775
v -0.0488996 -0.1149331 0.3123413
v -0.0475029 -0.1158728 0.3145373
v -0.0452754 -0.117655 0.3164895
v -0.0419186 -0.1200184 0.3178285
v -0.0376141 -0.1220193 0.3182821
v -0.0330573 -0.1229357 0.3176162
v 0.028826 -0.0950591 0.330055
v 0.028219 -0.0905571 0.328228
v 0.027871 -0.08655 0.325468
v 0.0343975 -0.1170384 0.3237402
v 0.027839 -0.083266 0.321956
v 0.033067 -0.1134091 0.326985
v 0.031838 -0.1092361 0.329281
v 0.030682 -0.1046381 0.3305929
v 0.029661 -0.0998311 0.3308569
v 0.022907 -0.091584 0.326425
v 0.023436 -0.087409 0.323962
v 0.0299118 -0.1178909 0.3222975
v 0.024459 -0.0839211 0.320801
v 0.02774 -0.1144262 0.3252167
v 0.025905 -0.1103711 0.3272949
v 0.024442 -0.105831 0.328492
v 0.023425 -0.1010291 0.32875
v 0.022903 -0.0962001 0.328049
v 0.019659 -0.088054 0.321132
v 0.0261062 -0.11841 0.3194969
v 0.021577 -0.084415 0.318647
v 0.023238 -0.1151178 0.3218405
v 0.0208573 -0.1111949 0.3235286
v 0.019128 -0.1067181 0.3245239
v 0.018112 -0.1019241 0.324777
v 0.017859 -0.0970571 0.324273
v 0.018383 -0.0923551 0.323037
v 0.016911 -0.088428 0.317255
v 0.0233896 -0.1185642 0.315614
v 0.019473 -0.0847101 0.315721
v 0.0200113 -0.1154248 0.3171918
v 0.0172266 -0.1116092 0.3183516
v 0.0152694 -0.1072127 0.3190759
v 0.01425 -0.1024331 0.319329
v 0.014193 -0.0975461 0.319099
v 0.015094 -0.092798 0.318396
v 0.0221702 -0.1183483 0.3111035
v 0.018405 -0.084758 0.312374
v 0.0183784 -0.1153553 0.3117459
v 0.0153497 -0.1116109 0.3122823
v 0.0132582 -0.1072642 0.312688
v 0.012222 -0.1025111 0.312944
v 0.012261 -0.0976251 0.313035
v 0.01336 -0.0928721 0.312957
v 0.015464 -0.0884891 0.312713
v 0.018421 -0.084551 0.308759
v 0.0184739 -0.1149841 0.3060467
v 0.015375 -0.1112488 0.3059205
v 0.0132677 -0.1068998 0.3059967
v 0.012221 -0.1021551 0.306251
v 0.012256 -0.0972871 0.306678
v 0.013354 -0.0925691 0.307255
v 0.015457 -0.088236 0.307952
v 0.022383 -0.1179264 0.306354
v 0.0172813 -0.1105741 0.2998949
v 0.037647 -0.0790761 0.308011
v 0.0152838 -0.1061604 0.2996522
v 0.014242 -0.1013971 0.299909
v 0.014174 -0.0965631 0.300653
v 0.015072 -0.0919161 0.301848
v 0.016891 -0.087689 0.303437
v 0.0237103 -0.1175754 0.3018306
v 0.019517 -0.0841331 0.3053211
v 0.0201386 -0.1144323 0.3006235
v 0.0208947 -0.1096129 0.2947873
v 0.032676 -0.0798631 0.303829
v 0.0191163 -0.1050928 0.294276
v 0.018084 -0.100305 0.294531
v 0.017823 -0.09552 0.295545
v 0.018344 -0.0909761 0.297266
v 0.019623 -0.0869 0.299611
v 0.0262328 -0.1171001 0.2980033
v 0.021595 -0.0835311 0.302402
v 0.0233272 -0.1136465 0.2960339
v 0.03547 -0.0793661 0.305732
v 0.026495 -0.081154 0.302107
v 0.024406 -0.103776 0.290386
v 0.023375 -0.098978 0.290642
v 0.022847 -0.094253 0.29185
v 0.022853 -0.089835 0.293953
v 0.023387 -0.0859461 0.296843
v 0.0299308 -0.1163327 0.2952511
v 0.02444 -0.0828151 0.30028
v 0.0277802 -0.1126278 0.2927167
v 0.029548 -0.08047 0.302597
v 0.0258922 -0.1084079 0.2910929
v 0.030625 -0.1023451 0.288362
v 0.029595 -0.0975391 0.2886199
v 0.028758 -0.0928811 0.289931
v 0.028155 -0.088602 0.292233
v 0.027815 -0.084916 0.295409
v 0.0343298 -0.1153768 0.2938393
v 0.027704 -0.0820571 0.299224
v 0.0330529 -0.1114467 0.290996
v 0.037246 -0.0792871 0.311195
v 0.0318 -0.107058 0.2891679
v 0.034458 -0.079716 0.309137
v 0.036137 -0.096128 0.288663
v 0.034974 -0.0915401 0.289975
v 0.033731 -0.087401 0.292276
v 0.032473 -0.083914 0.295446
v 0.0389657 -0.1143424 0.2939193
v 0.031237 -0.081291 0.299281
v 0.0386183 -0.1102297 0.2910448
v 0.031032 -0.0803411 0.307103
v 0.0380195 -0.1057197 0.2892023
v 0.027434 -0.081022 0.305419
v 0.037171 -0.100935 0.288401
v 0.040888 -0.090365 0.291983
v 0.039036 -0.086348 0.29408
v 0.036903 -0.0830361 0.296953
v 0.0433228 -0.1133519 0.2954879
v 0.034613 -0.080625 0.300437
v 0.043893 -0.1091335 0.2928656
v 0.024202 -0.0817101 0.30429
v 0.0439361 -0.1045269 0.291205
v 0.036129 -0.0797011 0.314329
v 0.043402 -0.099687 0.290507
v 0.042367 -0.094884 0.290772
v 0.045924 -0.089473 0.295762
v 0.043552 -0.0855531 0.29747
v 0.040673 -0.0823761 0.299785
v 0.0468879 -0.1125421 0.2983944
v 0.03749 -0.0801221 0.302592
v 0.0483224 -0.1082651 0.2962939
v 0.032961 -0.0802331 0.312662
v 0.0489659 -0.1036015 0.2949804
v 0.029243 -0.0809231 0.310693
v 0.048707 -0.0987311 0.294478
v 0.04767 -0.093939 0.294748
v 0.046835 -0.085097 0.302114
v 0.043415 -0.0819971 0.303663
v 0.049471 -0.1120404 0.3023101
v 0.039593 -0.079836 0.305519
v 0.0514475 -0.1077246 0.3009857
v 0.025525 -0.0816111 0.308726
v 0.052591 -0.1030459 0.3001714
v 0.022379 -0.0822491 0.307053
v 0.052562 -0.0981731 0.299928
v 0.051524 -0.093393 0.3001979
v 0.049584 -0.088961 0.300939
v 0.048565 -0.0850271 0.307553
v 0.04486 -0.081939 0.308205
v 0.0509533 -0.1119353 0.3068281
v 0.04066 -0.0797931 0.308866
v 0.0530862 -0.1076132 0.3064421
v 0.034308 -0.0802471 0.31709
v 0.0544669 -0.1029376 0.3062496
v 0.031055 -0.0808251 0.315968
v 0.0545855 -0.0980775 0.306318
v 0.053551 -0.0933041 0.306586
v 0.05151 -0.088879 0.307005
v 0.044867 -0.0822051 0.312966
v 0.0509809 -0.1121875 0.3114718
v 0.040641 -0.0799931 0.312481
v 0.053127 -0.1079535 0.3120961
v 0.027454 -0.0815031 0.314285
v 0.0544739 -0.1033028 0.3125944
v 0.024026 -0.082123 0.31225
v 0.0545842 -0.0984589 0.3130083
v 0.053553 -0.0936851 0.313277
v 0.051516 -0.0892391 0.313361
v 0.048572 -0.0853491 0.313255
v 0.049636 -0.1127928 0.3158116
v 0.039547 -0.080422 0.315919
v 0.0515511 -0.1086951 0.3174178
v 0.02126 -0.082657 0.310187
v 0.052607 -0.1040935 0.3185896
v 0.032039 -0.0809091 0.319267
v 0.052563 -0.0992701 0.319345
v 0.051537 -0.0944881 0.319617
v 0.049604 -0.0899991 0.319384
v 0.046859 -0.0860251 0.31866
v 0.043437 -0.08277 0.31748
v 0.037472 -0.0810321 0.318837
v 0.0484199 -0.1097301 0.3219387
v 0.028965 -0.0814841 0.318784
v 0.0489784 -0.1052049 0.3236791
v 0.025834 -0.0820841 0.317552
v 0.048724 -0.1004201 0.324714
v 0.047701 -0.095631 0.324988
v 0.045963 -0.0910771 0.324489
v 0.043591 -0.0869891 0.32324
v 0.04071 -0.0835721 0.321304
v 0.0471238 -0.1137053 0.3195024
v 0.0439511 -0.1109364 0.3252431
v 0.023039 -0.0825741 0.315649
v 0.04396 -0.1065191 0.32737
v 0.02088 -0.0829651 0.3133639
v 0.043442 -0.1017911 0.3286
v 0.042421 -0.096994 0.328874
v 0.040947 -0.092369 0.328179
v 0.039093 -0.0881441 0.32655
v 0.036951 -0.0845341 0.32407
v 0.043523 -0.1147963 0.3222286
v 0.034635 -0.0817661 0.3209559
v 0.038057 -0.10791 0.329302
v 0.037229 -0.103245 0.3306279
v 0.036206 -0.0984421 0.330897
v 0.035043 -0.093739 0.3300979
v 0.033796 -0.089372 0.32827
v 0.032529 -0.0855601 0.325506
v 0.039108 -0.115952 0.3237052
v 0.031373 -0.0825221 0.322013
v 0.038654 -0.1122021 0.326988
v 0.0186108 -0.0825359 0.1804946
v 0.0260655 -0.0862642 0.1841611
v 0.0208508 -0.1116775 0.1832611
v 0.0338932 -0.1096602 0.1933704
v 0.0277202 -0.1109228 0.187381
v 0.0027235 -0.1116039 0.17992
v 0.002777 -0.133351 0.189525
v 0.0258165 -0.1177223 0.1885585
v 0.0184363 -0.0777749 0.1793303
v 0.0037229 -0.0713662 0.1667001
v 0.0263076 -0.080467 0.1838355
v 0.0362142 -0.1033242 0.1931876
v 0.0294697 -0.1042096 0.187343
v 0.0071941 -0.0737035 0.0338498
v 0.007939 -0.127612 0.184472
v 0.0036553 -0.0764916 0.1735379
v 0.0036287 -0.0804377 0.1764476
v 0.018176 -0.125673 0.187703
v 0.0260272 -0.0750569 0.1825603
v 0.0339193 -0.0777953 0.1885352
v 0.057439 -0.0704974 0.2087425
v 0.007653 -0.135778 0.204432
v 0.0323607 -0.0577624 0.176422
v 0.0383718 -0.096631 0.1935533
v 0.007887 -0.132786 0.189915
v 0.002686 -0.136054 0.195616
v 0.0181728 -0.0671411 0.1696495
v 0.0422584 -0.1022129 0.2006608
v 0.0313536 -0.1156713 0.194388
v 0.0393257 -0.1082041 0.2008651
v 0.0397333 -0.0523524 0.181561
v 0.0263496 -0.0438839 0.0898883
v 0.0477195 -0.1011199 0.2091885
v 0.002691 -0.136621 0.205349
v 0.0189197 -0.0578904 0.153863
v 0.0417141 -0.0749507 0.1942867
v 0.003147 -0.147791 0.220449
v 0.0452273 -0.0955144 0.200847
v 0.008042 -0.135968 0.208136
v 0.020495 -0.128189 0.195665
v 0.007555 -0.135266 0.195617
v 0.0336689 -0.0715515 0.187093
v 0.0282458 -0.1209996 0.1965504
v 0.012968 -0.12689 0.185508
v 0.0363215 -0.1136163 0.2014871
v 0.026187 -0.127339 0.209439
v 0.002615 -0.136758 0.200954
v 0.012452 -0.131667 0.190773
v 0.0255309 -0.0695674 0.1795347
v 0.0329726 -0.0651253 0.183834
v 0.008465 -0.137346 0.211407
v 0.003039 -0.138333 0.212274
v 0.0414388 -0.067738 0.1927836
v 0.0511773 -0.0947111 0.2092918
v 0.0561259 -0.0949307 0.2188285
v 0.013413 -0.133919 0.206487
v 0.019265 -0.130326 0.203558
v 0.0524722 -0.1010533 0.2181573
v 0.076889 -0.051349 0.264552
v 0.007398 -0.135937 0.200334
v 0.012341 -0.134093 0.202767
v 0.014394 -0.132831 0.196984
v 0.0497182 -0.072482 0.2009761
v 0.0444343 -0.1068965 0.2090327
v 0.0411548 -0.1121833 0.209068
v 0.0468118 -0.0473546 0.1878524
v 0.011434 -0.1345131 0.199443
v 0.016799 -0.131612 0.199781
v 0.011565 -0.13396 0.19581
v 0.054978 -0.107981 0.235195
v 0.028514 -0.129612 0.216867
v 0.038948 -0.120582 0.217082
v 0.0252042 -0.0629658 0.1725017
v 0.0405682 -0.0603606 0.1893947
v 0.0478503 -0.0559455 0.1961667
v 0.003179 -0.140408 0.214683
v 0.003249 -0.142925 0.21633
v 0.058533 -0.10319 0.237032
v 0.056074 -0.101745 0.227518
v 0.0379663 -0.1167239 0.2095458
v 0.0330346 -0.1183299 0.2027095
v 0.0565977 -0.0611571 0.2073319
v 0.024536 -0.125586 0.19994
v 0.034657 -0.120867 0.210824
v 0.0547 -0.0515567 0.2042262
v 0.042418 -0.11642 0.216707
v 0.029461 -0.122744 0.205118
v 0.0490421 -0.1065356 0.2174842
v 0.0490846 -0.0642655 0.1995239
v 0.003288 -0.145838 0.217785
v 0.062147 -0.098078 0.239486
v 0.0647699 -0.0694378 0.2187889
v 0.072989 -0.072887 0.248587
v 0.05261 -0.106999 0.226393
v 0.014017 -0.137764 0.213517
v 0.041797 -0.121386 0.223785
v 0.0457567 -0.1117182 0.2169217
v 0.031365 -0.125223 0.213418
v 0.049162 -0.112081 0.225389
v 0.024243 -0.131781 0.214248
v 0.019273 -0.134812 0.213302
v 0.008833 -0.142254 0.216003
v 0.0557124 -0.0457729 0.0831011
v 0.0532379 -0.0422132 0.1952831
v 0.070366 -0.0704 0.233071
v 0.063677 -0.101233 0.249107
v 0.008816 -0.145115 0.21789
v 0.013876 -0.140502 0.216215
v 0.01362 -0.14328 0.218665
v 0.056385 -0.109951 0.243324
v 0.035278 -0.124434 0.218275
v 0.020051 -0.131411 0.208626
v 0.051177 -0.112912 0.233459
v 0.0615911 -0.0469242 0.2151242
v 0.060096 -0.105667 0.24607
v 0.075971 -0.061817 0.262535
v 0.045504 -0.117026 0.224473
v 0.060546 -0.1091591 0.253998
v 0.016882 -0.142646 0.222855
v 0.052665 -0.116722 0.247209
v 0.052307 -0.114544 0.240795
v 0.054505 -0.1195151 0.262241
v 0.0611452 -0.1082371 0.3001345
v 0.026171 -0.133112 0.220517
v 0.071105 -0.058448 0.233136
v 0.020163 -0.13973 0.224533
v 0.0591085 -0.036079 0.204462
v 0.074756 -0.0736441 0.262617
v 0.068958 -0.101818 0.2924609
v 0.002237 -0.145364 0.228383
v 0.008452 -0.146972 0.220873
v 0.076068 -0.0825061 0.276623
v 0.074386 -0.060288 0.249615
v 0.078387 -0.072058 0.284228
v 0.064101 -0.1055041 0.257395
v 0.055138 -0.120165 0.271129
v 0.01303 -0.145057 0.221695
v 0.007529 -0.147008 0.2248699
v 0.012103 -0.145356 0.225456
v 0.018497 -0.138068 0.216938
v 0.017775 -0.1409891 0.219882
v 0.047046 -0.117837 0.231775
v 0.015906 -0.142817 0.226173
v 0.047794 -0.11907 0.238182
v 0.039198 -0.126056 0.228887
v 0.022588 -0.135538 0.218354
v 0.031837 -0.128203 0.220472
v 0.0700632 -0.0456185 0.2343311
v 0.021329 -0.138349 0.221691
v 0.051918 -0.122316 0.2668269
v 0.03787 -0.125045 0.223664
v 0.0681307 -0.0278149 0.2407442
v 0.042973 -0.122305 0.230115
v 0.058187 -0.118157 0.275357
v 0.072391 -0.087156 0.332819
v 0.011905 0.064482 0.287134
v 0.006601 -0.144927 0.228687
v 0.043456 -0.123154 0.235653
v 0.038701 -0.129162 0.25307
v 0.039669 -0.126802 0.233587
v 0.031099 -0.130136 0.225821
v 0.038567 -0.126869 0.2782579
v 0.068647 -0.0978021 0.310077
v 0.075085 -0.048177 0.2534491
v 0.0679242 -0.0204388 0.2454658
v 0.048019 -0.124607 0.271062
v 0.024445 -0.135446 0.223685
v 0.047904 -0.120757 0.243848
v 0.0634174 -0.0278113 0.2132806
v 0.005772 -0.140801 0.230051
v 0.073104 -0.0936041 0.272911
v 0.039402 -0.127686 0.237807
v 0.079996 -0.062492 0.294017
v 0.077196 -0.081219 0.285612
v 0.078845 -0.0722651 0.304189
v 0.00876 -0.13578 0.227219
v 0.050997 -0.1227851 0.2753289
v 0.0791 -0.053613 0.284239
v 0.06508 -0.1045431 0.298761
v 0.07671 -0.0803991 0.303565
v 0.060108 -0.112023 0.293629
v 0.001972 -0.141311 0.229749
v 0.040114 -0.128865 0.261753
v 0.046109 -0.124474 0.279086
v 0.010872 -0.143604 0.229112
v 0.032196 0.055921 0.283155
v 0.035627 -0.12883 0.273712
v 0.069873 -0.003501 0.265806
v 0.044577 -0.126697 0.266542
v 0.036168 -0.129668 0.232013
v 0.043492 -0.126065 0.274884
v 0.028596 -0.131263 0.227013
v 0.034186 -0.128005 0.224546
v 0.0192 -0.139688 0.227233
v 0.035625 -0.128841 0.228418
v 0.074337 0.00051 0.280461
v 0.008979 0.046567 0.245443
v 0.010397 0.054157 0.266457
v 0.075431 -0.081332 0.313151
v 0.06398 -0.111112 0.2868879
v 0.01295 -0.1376661 0.230445
v 0.079616 -0.064759 0.318676
v 0.001919 -0.137736 0.226396
v 0.080231 -0.0627 0.305237
v 0.0518343 -0.119441 0.2908726
v 0.077508 -0.073817 0.315453
v 0.002101 -0.149359 0.258288
v 0.002748 -0.129717 0.208861
v 0.007659 -0.129816 0.210124
v 0.0552484 -0.1151049 0.2969793
v 0.005519 -0.1369931 0.226831
v 0.009414 -0.1396391 0.230407
v 0.026924 -0.132876 0.225427
v 0.032361 -0.130589 0.228388
v 0.025229 -0.133438 0.227319
v 0.018062 -0.138151 0.229611
v 0.06948 0.013787 0.279803
v 0.024294 0.041669 0.243029
v 0.0847797 -0.0159086 0.0972141
v 0.0640763 -0.0102484 0.2255946
v 0.077392 -0.073643 0.343203
v 0.081281 -0.052015 0.30747
v 0.068773 -0.0985501 0.303343
v 0.065321 -0.102955 0.303482
v 0.005984 -0.133844 0.219311
v 0.073853 -0.083645 0.323628
v 0.002095 -0.134425 0.218549
v 0.047622 0.043617 0.280582
v 0.052512 0.0483249 0.299027
v 0.0533992 -0.1161625 0.3023862
v 0.0503429 -0.1201552 0.3034517
v 0.040998 -0.125542 0.282423
v 0.014747 -0.14128 0.2294189
v 0.011912 -0.134017 0.227275
v 0.040439 -0.128065 0.270346
v 0.036135 -0.1300441 0.265577
v 0.035349 -0.130583 0.257015
v 0.04335 -0.127071 0.257621
v 0.032859 -0.131511 0.230743
v 0.035914 -0.1304841 0.235304
v 0.029538 -0.131342 0.228447
v 0.020859 -0.1345211 0.229725
v 0.033169 -0.127561 0.281545
v 0.01628 -0.1349751 0.230173
v 0.024163 -0.132981 0.228744
v 0.013102 0.0716169 0.309237
v 0.015081 -0.131736 0.227193
v 0.030713 -0.132511 0.252473
v 0.041393 0.037312 0.261878
v 0.052837 0.025169 0.261509
v 0.079397 0.00237 0.30427
v 0.0545296 0.0116217 0.2389557
v 0.071807 -0.0894331 0.320955
v 0.030149 -0.1269686 0.2887536
v 0.081987 -0.0536051 0.323416
v 0.076119 -0.07685 0.327189
v 0.0748 -0.080834 0.33731
v 0.065931 -0.0971801 0.357913
v 0.0625165 -0.1064361 0.3080254
v 0.0616336 -0.1068305 0.3038312
v 0.0431323 -0.1245 0.2862424
v 0.065867 -0.102244 0.309069
v 0.014982 -0.128951 0.220381
v 0.0565002 -0.1132276 0.2994425
v 0.0354991 -0.126332 0.2854468
v 0.0352552 -0.1260098 0.2957953
v 0.0376476 -0.125767 0.2889175
v 0.0443062 -0.1234139 0.3043044
v 0.009156 -0.1326851 0.220072
v 0.060567 0.0498209 0.335764
v 0.0175178 -0.097991 0.2046139
v 0.031173 -0.131453 0.260873
v 0.035565 0.062029 0.303435
v 0.03054 -0.134217 0.244664
v 0.017145 0.0609309 0.389166
v 0.004097 -0.118548 0.20375
v 0.0071703 -0.0748961 0.205912
v 0.0056507 -0.0973212 0.2046286
v 0.010269 -0.0413611 0.434256
v 0.0348152 -0.0567274 0.2134024
v 0.030306 -0.1295561 0.277184
v 0.024845 -0.1305261 0.2813149
v 0.026701 -0.131672 0.228086
v 0.027338 -0.1313191 0.228748
v 0.0180945 -0.1299083 0.2940928
v 0.024099 -0.1260521 0.228929
v 0.027637 -0.128292 0.285235
v 0.016382 0.0693619 0.370902
v 0.025434 -0.131128 0.228786
v 0.00749 -0.145377 0.259435
v 0.041926 0.0652249 0.344076
v 0.004704 -0.149261 0.260687
v 0.012158 0.077745 0.141216
v 0.0360085 0.0335943 0.2411835
v 0.073821 0.016004 0.294753
v 0.041141 -0.127419 0.249032
v 0.0616 -0.1081381 0.3469139
v 0.081531 -0.0588421 0.338961
v 0.065991 -0.1033361 0.315112
v 0.064014 -0.1028211 0.352054
v 0.022187 -0.1292381 0.2438
v 0.0495844 -0.1201363 0.2985351
v 0.052939 -0.1148411 0.358955
v 0.064941 -0.10709 0.320881
v 0.003043 -0.1370851 0.312015
v 0.0316116 -0.1266155 0.2973313
v 0.0456547 -0.1228186 0.2971379
v 0.0581238 -0.110334 0.3046738
v 0.0451073 -0.1242249 0.3005193
v 0.0253277 -0.1272086 0.2925032
v 0.02292 -0.1258787 0.3015722
v 0.018701 -0.135493 0.274096
v 0.002522 -0.1464661 0.25444
v 0.00814 -0.1489261 0.242895
v 0.012255 -0.141811 0.254232
v 0.012101 -0.130926 0.220171
v 0.002851 -0.1471081 0.248375
v 0.009834 -0.142802 0.2918449
v 0.004136 -0.14745 0.295528
v 0.0078381 -0.1348119 0.3063519
v 0.0323944 -0.0781979 0.2106669
v 0.0206708 -0.0771314 0.2065872
v 0.0250446 -0.0520622 0.2093015
v 0.0225607 -0.1291175 0.2894905
v 0.033834 -0.10523 0.2565249
v 0.010252 -0.158778 0.271565
v 0.013027 -0.144007 0.248274
v 0.018915 -0.139101 0.271734
v 0.02691 -0.135781 0.247993
v 0.029854 -0.135195 0.237914
v 0.027224 -0.136961 0.234346
v 0.029839 -0.13243 0.229785
v 0.023067 -0.131202 0.229152
v 0.027342 -0.132315 0.229203
v 0.01927 -0.131852 0.229698
v 0.024512 -0.129153 0.22868
v 0.047114 0.0234119 0.412726
v 0.048277 0.0397919 0.398562
v 0.016721 -0.13261 0.236324
v 0.060121 0.029061 0.279527
v 0.016805 0.0324809 0.420172
v 0.0457316 0.0232979 0.2401691
v 0.079864 0.0138569 0.320393
v 0.084734 -0.0390371 0.330131
v 0.084776 -0.0443851 0.347538
v 0.02492 -0.125909 0.242765
v 0.062279 -0.0917131 0.376563
v 0.056642 -0.1184631 0.336086
v 0.058997 -0.1130501 0.341902
v 0.0408122 -0.1264001 0.3023002
v 0.0357903 -0.1266889 0.2975594
v 0.0591957 -0.1099858 0.3076067
v 0.0600222 -0.1109644 0.310982
v 0.0405453 -0.1252744 0.2968812
v 0.007829 -0.1464501 0.248554
v 0.007235 -0.145308 0.25454
v 0.0527565 -0.1166163 0.3064288
v 0.0474847 -0.1225344 0.3042873
v 0.0446984 -0.1245634 0.3031301
v 0.015326 0.0137979 0.429815
v 0.0363866 -0.1274407 0.3021088
v 0.007411 -0.148384 0.233111
v 0.003143 -0.1391151 0.306394
v 0.002998 -0.149563 0.2425539
v 0.002963 -0.151145 0.237139
v 0.002738 -0.149148 0.2321929
v 0.00214 -0.154 0.2598159
v 0.009239 -0.148007 0.286623
v 0.003651 -0.137748 0.318276
v 0.037652 -0.0781273 0.2195015
v 0.013781 -0.126922 0.211908
v 0.0090791 -0.0473903 0.2072356
v 0.021607 -0.132949 0.277377
v 0.021857 -0.1418241 0.238657
v 0.026391 -0.1319551 0.2648709
v 0.0194 -0.122884 0.214588
v 0.026474 -0.133338 0.2562979
v 0.02189 -0.1327921 0.26948
v 0.024667 -0.128501 0.228672
v 0.023866 -0.139006 0.243369
v 0.021667 -0.128861 0.22905
v 0.027376 -0.13693 0.240509
v 0.008803 -0.1580561 0.2664039
v 0.020444 -0.126773 0.22738
v 0.024829 -0.1375341 0.231398
v 0.022545 -0.126757 0.230476
v 0.024002 -0.124146 0.229005
v 0.004556 -0.1354761 0.365193
v 0.022361 -0.0793241 0.420721
v 0.070284 0.0247379 0.38548
v 0.068223 -0.0841601 0.372483
v 0.047432 -0.1169441 0.366865
v 0.086301 -0.023263 0.332525
v 0.086098 -0.0262151 0.36232
v 0.059103 -0.1086711 0.356268
v 0.067502 -0.0908731 0.364692
v 0.043467 -0.1246411 0.353977
v 0.080073 -0.0647381 0.350875
v 0.060782 -0.1036111 0.3622849
v 0.082419 -0.0527761 0.361183
v 0.061921 -0.0978771 0.369001
v 0.0577306 -0.1178682 0.3174623
v 0.007475 -0.1269841 0.26118
v 0.050555 -0.1191861 0.352892
v 0.046985 -0.1024121 0.388386
v 0.066418 -0.1070721 0.268553
v 0.0630811 -0.1075486 0.3126686
v 0.0573007 -0.1136605 0.3102246
v 0.062619 -0.1127741 0.3248959
v 0.0565329 -0.1129486 0.3079841
v 0.0566747 -0.1211459 0.3227293
v 0.0553665 -0.1133025 0.3061144
v 0.0625262 -0.1107876 0.3172986
v 0.0407264 -0.1262753 0.2996974
v 0.0536829 -0.115482 0.3076445
v 0.0506715 -0.1191785 0.3064782
v 0.0492005 -0.1178767 0.3071548
v 0.032133 -0.1274808 0.3004594
v 0.0210699 -0.1270941 0.2966594
v 0.002832 -0.1580681 0.2619279
v 0.02078 -0.125044 0.3039258
v 0.073063 0.0315909 0.327731
v 0.0321335 -0.1271129 0.2985537
v 0.012763 -0.146989 0.242312
v 0.007947 -0.1499051 0.23765
v 0.018898 -0.141281 0.246451
v 0.015373 -0.142398 0.258499
v 0.010765 -0.1422031 0.261459
v 0.050201 -0.0409691 0.418034
v 0.018018 -0.137322 0.256088
v 0.011239 -0.1424031 0.258395
v 0.003762 -0.156441 0.284069
v 0.006593 -0.1485561 0.2690539
v 0.003983 -0.1398491 0.32553
v 0.011899 -0.136426 0.2959299
v 0.0112892 -0.129838 0.3065155
v 0.0102451 -0.1298309 0.2130228
v 0.0153212 -0.1264344 0.3068502
v 0.0142127 -0.1308642 0.3156193
v 0.019977 -0.132197 0.285891
v 0.02119 -0.122047 0.2184736
v 0.034482 -0.09946 0.244446
v 0.033336 -0.0960302 0.217598
v 0.0238442 -0.1133182 0.2095808
v 0.0389962 -0.0788652 0.2327448
v 0.029226 -0.1102761 0.228473
v 0.019926 -0.135753 0.267635
v 0.0230679 -0.1258192 0.3102835
v 0.024002 -0.124192 0.229532
v 0.010102 -0.156351 0.277049
v 0.02214 -0.137216 0.251719
v 0.017712 -0.126733 0.221348
v 0.025009 -0.139208 0.236385
v 0.020085 -0.1364521 0.35266
v 0.020626 -0.134343 0.229063
v 0.023198 -0.124166 0.228504
v 0.023768 -0.1292761 0.228777
v 0.025351 -0.131323 0.2289999
v 0.024045 -0.12644 0.228739
v 0.022108 -0.122994 0.225345
v 0.020111 -0.124683 0.223105
v 0.022074 -0.124886 0.2279
v 0.022993 -0.126228 0.228704
v 0.008972 -0.0604641 0.430863
v 0.012274 -0.1482681 0.237273
v 0.043233 0.0048219 0.422439
v 0.056599 -0.0796231 0.396643
v 0.004684 -0.1324231 0.3732869
v 0.004357 -0.1373811 0.3575989
v 0.081993 -0.0080191 0.381387
v 0.082829 0.0064209 0.368547
v 0.022811 -0.1319321 0.367316
v 0.069545 -0.0600121 0.390829
v 0.062903 -0.0700501 0.394696
v 0.054253 -0.0942161 0.387506
v 0.056851 -0.1134681 0.3506449
v 0.008388 -0.1227691 0.262308
v 0.054549 -0.1102561 0.3652659
v 0.053995 -0.1181361 0.345027
v 0.033776 -0.1325671 0.3474889
v 0.039563 -0.1092201 0.388572
v 0.05917 -0.11848 0.327626
v 0.002324 -0.1460821 0.229785
v 0.0499581 -0.1177554 0.3097758
v 0.0570041 -0.1160101 0.3128341
v 0.0597135 -0.1136213 0.3146156
v 0.0548455 -0.1151856 0.3086227
v 0.0175741 -0.1270361 0.3005627
v 0.0465473 -0.1211491 0.3053121
v 0.0366835 -0.1264003 0.3032077
v 0.0527796 -0.1184629 0.3097894
v 0.0360515 -0.127345 0.2998465
v 0.069032 -0.103907 0.273018
v 0.0259678 -0.1272278 0.3124492
v 0.0201274 -0.126042 0.3028022
v 0.012911 -0.1363841 0.358713
v 0.017532 -0.14456 0.2408269
v 0.013012 -0.143602 0.2826989
v 0.016503 -0.132974 0.258003
v 0.007103 -0.1538031 0.264582
v 0.007981 -0.143574 0.2632189
v 0.014532 -0.145193 0.2611319
v 0.003619 -0.161542 0.265717
v 0.027884 -0.089581 0.267288
v 0.003864 -0.149737 0.264341
v 0.010596 -0.141525 0.264912
v 0.00416 -0.163012 0.2720499
v 0.009581 -0.152448 0.281835
v 0.004036 -0.160484 0.278596
v 0.01577 -0.134365 0.2909229
v 0.006474 -0.15601 0.263103
v 0.016042 -0.139395 0.278402
v 0.0144542 -0.1305218 0.2983971
v 0.017628 -0.135781 0.282041
v 0.004749 -0.1279401 0.381515
v 0.0118672 -0.129681 0.3110845
v 0.009718 -0.134794 0.3170909
v 0.0199384 -0.1249989 0.3049174
v 0.0211623 -0.123932 0.3067873
v 0.003765 -0.1408761 0.333667
v 0.004119 -0.1389061 0.3500449
v 0.023574 -0.119696 0.221468
v 0.0276968 -0.1113114 0.2181213
v 0.014059 -0.136326 0.32201
v 0.0340754 -0.0966778 0.2304347
v 0.011371 -0.1394451 0.32753
v 0.018286 -0.142283 0.231609
v 0.01997 -0.135528 0.2635929
v 0.020831 -0.139194 0.230446
v 0.024641 -0.1327731 0.2289
v 0.024143 -0.12316 0.232226
v 0.023477 -0.1250241 0.230028
v 0.024335 -0.122419 0.230476
v 0.024154 -0.122153 0.229162
v 0.023436 -0.122162 0.227639
v 0.0162752 -0.125844 0.2137149
v 0.012069 -0.1380881 0.351411
v 0.005127 -0.1154651 0.3984189
v 0.060968 -0.0853891 0.385904
v 0.055517 -0.1052371 0.3718491
v 0.04411 -0.0553441 0.4185791
v 0.013603 -0.1342431 0.366358
v 0.014485 -0.1205541 0.3900119
v 0.045699 -0.1210391 0.360301
v 0.067156 -0.0770391 0.3826579
v 0.032432 -0.1195921 0.381997
v 0.040458 -0.1191451 0.3744809
v 0.055687 -0.0997041 0.379083
v 0.0604575 -0.1158822 0.3205822
v 0.039614 -0.1232521 0.367648
v 0.047772 -0.1232601 0.34689
v 0.0478804 -0.1248909 0.3135973
v 0.051312 -0.1233241 0.338503
v 0.0535348 -0.1180062 0.3108709
v 0.0515267 -0.1183591 0.3093358
v 0.0546956 -0.1172427 0.3118603
v 0.0431499 -0.1283789 0.3149626
v 0.051236 -0.1213023 0.3115841
v 0.0408735 -0.1254075 0.303472
v 0.0227415 -0.1252363 0.3034082
v 0.0285437 -0.1265386 0.3028876
v 0.006593 -0.145685 0.230244
v 0.028801 -0.1270111 0.3009988
v 0.014363 -0.147619 0.262755
v 0.001879 -0.1426501 0.230677
v 0.004303 -0.1526191 0.264214
v 0.016425 -0.1460801 0.236155
v 0.009412 -0.144763 0.268314
v 0.017743 -0.147761 0.262688
v 0.017718 -0.144604 0.2602539
v 0.017212 -0.13414 0.231007
v 0.009508 -0.1108131 0.264278
v 0.028348 -0.1335291 0.353686
v 0.013082 -0.147596 0.278677
v 0.020147 -0.1372451 0.325919
v 0.020213 -0.143223 0.234533
v 0.0163487 -0.1269252 0.3105237
v 0.029215 -0.1372841 0.334118
v 0.0187914 -0.1325911 0.3197597
v 0.0187047 -0.1259012 0.3046713
v 0.0206813 -0.1255414 0.3084112
v 0.0388534 -0.0569399 0.221138
v 0.02559 -0.1376221 0.329661
v 0.039613 -0.081977 0.248729
v 0.026164 -0.117143 0.228742
v 0.030061 -0.111737 0.238427
v 0.020636 -0.1388561 0.265984
v 0.021679 -0.1343981 0.359908
v 0.017639 -0.1399801 0.337542
v 0.010828 -0.140682 0.3353539
v 0.023832 -0.1387781 0.333154
v 0.018943 -0.131753 0.231121
v 0.022152 -0.1269211 0.235863
v 0.026501 -0.122207 0.239393
v 0.003877 -0.140251 0.342133
v 0.007869 -0.0785451 0.4246
v 0.01909 -0.1285555 0.3144479
v 0.01399 -0.1309631 0.374244
v 0.006666 -0.0940881 0.416386
v 0.034389 -0.0812581 0.414115
v 0.050366 -0.0889391 0.397099
v 0.062099 -0.0505721 0.404649
v 0.0553 -0.0627721 0.406952
v 0.023439 -0.1283991 0.374763
v 0.038099 -0.1266281 0.360842
v 0.040458 -0.1143121 0.3814889
v 0.0512063 -0.1236527 0.3168126
v 0.048355 -0.1075651 0.380608
v 0.048337 -0.1124301 0.373645
v 0.015223 -0.1137211 0.3977859
v 0.041873 -0.1319601 0.332895
v 0.048628 -0.1281601 0.331647
v 0.029739 -0.0933871 0.40921
v 0.054629 -0.1236891 0.3298709
v 0.0447191 -0.1297788 0.325711
v 0.051469 -0.1258652 0.3244651
v 0.053779 -0.1225829 0.3193318
v 0.050109 -0.1213048 0.3106171
v 0.0527541 -0.1202521 0.3138323
v 0.0409959 -0.1267183 0.3134593
v 0.0516419 -0.1205892 0.3128504
v 0.0325646 -0.1262379 0.3034716
v 0.0323156 -0.127331 0.302416
v 0.0241057 -0.1232369 0.3049097
v 0.001842 -0.140227 0.236235
v 0.0223429 -0.1243381 0.3040855
v 0.002583 -0.1392061 0.243946
v 0.011339 -0.1470341 0.233098
v 0.0233882 -0.1250678 0.3090595
v 0.0208062 -0.1242377 0.3043352
v 0.010182 -0.090109 0.266817
v 0.015644 -0.135913 0.2505
v 0.005335 -0.135373 0.257242
v 0.010225 -0.1529991 0.264737
v 0.003914 -0.138382 0.251406
v 0.009166 -0.1375671 0.243382
v 0.020496 -0.141876 0.262525
v 0.010163 -0.149845 0.267116
v 0.014236 -0.134782 0.2362709
v 0.027859 -0.064959 0.267531
v 0.013107 -0.1433131 0.263535
v 0.026004 -0.1101511 0.2632869
v 0.010065 -0.064537 0.266571
v 0.013861 -0.151198 0.274771
v 0.017859 -0.1394551 0.330524
v 0.0247336 -0.1303789 0.3182628
v 0.0205676 -0.12303 0.305369
v 0.0368128 -0.1293963 0.3167898
v 0.0370704 -0.1291979 0.3171761
v 0.0213236 -0.1248763 0.3072563
v 0.005354 -0.1397281 0.236094
v 0.0306528 -0.1285711 0.313063
v 0.056152 -0.1191211 0.2833119
v 0.011256 -0.1398561 0.343534
v 0.024568 -0.1194091 0.226555
v 0.018588 -0.1385781 0.345319
v 0.020092 -0.142608 0.2693
v 0.0262 -0.1361951 0.3466949
v 0.010738 -0.137806 0.250805
v 0.014781 -0.134572 0.243244
v 0.017487 -0.146723 0.272263
v 0.016514 -0.140196 0.229895
v 0.014071 -0.153944 0.2704049
v 0.023531 -0.124769 0.234276
v 0.026119 -0.120586 0.234725
v 0.024862 -0.119958 0.229256
v 0.025423 -0.120348 0.231563
v 0.027047 -0.11776 0.233621
v 0.030162 -0.1311531 0.360584
v 0.019171 -0.0934831 0.413769
v 0.01418 -0.1264201 0.3820999
v 0.032267 -0.124471 0.374938
v 0.039041 -0.0686991 0.417242
v 0.031513 -0.12836 0.367688
v 0.040929 -0.1281491 0.347539
v 0.036114 -0.1295011 0.354066
v 0.0549958 -0.119575 0.3151632
v 0.044923 -0.1279471 0.3400509
v 0.038149 -0.1320421 0.340703
v 0.0453644 -0.1237556 0.3124803
v 0.0490849 -0.1238398 0.3155973
v 0.0484822 -0.1203517 0.3110482
v 0.0363533 -0.1297544 0.3137513
v 0.0468681 -0.1249308 0.3122884
v 0.0366039 -0.1301926 0.3154768
v 0.0229417 -0.1224401 0.3076383
v 0.0254329 -0.125732 0.3031812
v 0.0178098 -0.0932687 0.180859
v 0.0184417 -0.0877453 0.1808606
v 0.005611 -0.1422261 0.230867
v 0.010252 -0.144596 0.230477
v 0.027272 -0.124308 0.252014
v 0.017177 -0.1329801 0.241864
v 0.0094703 -0.1222826 0.2046265
v 0.012852 -0.150561 0.264157
v 0.015935 -0.151172 0.264871
v 0.012584 -0.145862 0.266154
v 0.02013 -0.1457551 0.265768
v 0.017669 -0.149747 0.268566
v 0.0290422 -0.1294363 0.3168733
v 0.0253336 -0.1274363 0.3142168
v 0.025963 -0.1273403 0.3138463
v 0.03068 -0.1353731 0.328092
v 0.0231644 -0.1278145 0.3138951
v 0.031808 -0.1088011 0.394837
v 0.030305 -0.1287243 0.316306
v 0.0305098 -0.1290576 0.3144468
v 0.0201663 -0.1241343 0.305036
v 0.037669 -0.086441 0.262062
v 0.029953 -0.117034 0.247356
v 0.023934 -0.1177801 0.3895339
v 0.0119199 -0.13606 0.242171
v 0.024517 -0.1113261 0.3963009
v 0.032189 -0.1142051 0.38878
v 0.0375946 -0.1299943 0.3181545
v 0.01673 -0.1051091 0.405635
v 0.049302 -0.0739571 0.407274
v 0.02369 -0.1236531 0.382219
v 0.043654 -0.0844981 0.406113
v 0.043652 -0.0977421 0.3962779
v 0.035184 -0.1350361 0.333694
v 0.0440148 -0.1271943 0.3168552
v 0.0234258 -0.1237594 0.3084583
v 0.0402635 -0.1301367 0.3212336
v 0.0481543 -0.1269176 0.3205867
v 0.048119 -0.1240124 0.3148627
v 0.0434194 -0.1274751 0.3163027
v 0.0422635 -0.1281574 0.3135042
v 0.0214042 -0.123439 0.3045011
v 0.009033 -0.1412211 0.231062
v 0.008582 -0.1385621 0.236147
v 0.011479 -0.136908 0.236194
v 0.0058621 -0.1389239 0.242154
v 0.0316374 -0.1317331 0.3222427
v 0.035228 -0.062307 0.056241
v 0.0305969 -0.1287692 0.3157381
v 0.066379 -0.1092241 0.278396
v 0.0307309 -0.1270911 0.3125775
v 0.0456412 -0.1275556 0.3178932
v 0.026161 -0.1035711 0.402954
v 0.033372 -0.1028521 0.3995569
v 0.03745 -0.1047691 0.3949509
v 0.03143 -0.1355191 0.340543
v 0.0373215 -0.1326222 0.3268116
v 0.0548253 -0.0278683 0.1012555
v 0.035811 -0.1278996 0.3133925
v 0.0589334 -0.0653382 0.0400822
v 0.0251546 -0.1244845 0.304109
v 0.0263698 -0.1265394 0.3111374
v 0.037923 -0.0945471 0.403445
v 0.0108604 -0.0886442 0.1789847
v 0.018049 -0.1291751 0.227175
v 0.022926 -0.136329 0.22625
v 0.02202 -0.136127 0.228374
v 0.029022 -0.13112 0.223071
v 0.023 -0.140228 0.232824
v 0.043352 -0.124382 0.240593
v 0.013271 -0.143385 0.260656
v 0.064109 -0.1118381 0.274295
v 0.040622 -0.058754 0.249849
v 0.014802 -0.1370721 0.23097
v 0.0401957 -0.0561648 0.2335116
v 0.059725 -0.096136 0.229046
v 0.057722 -0.1168101 0.287036
v 0.0259036 -0.1262843 0.3013056
v 0.0104872 -0.0937882 0.1791559
v 0.0232882 -0.126404 0.3120812
v 0.019327 -0.131767 0.24345
v 0.012616 -0.154438 0.266164
v 0.013486 -0.136506 0.255892
v 0.0029293 -0.1048432 0.1792227
v 0.0234599 -0.1237813 0.1913733
v 0.0223595 -0.1048879 0.1832377
v 0.002786 -0.127792 0.184042
v 0.0195695 -0.119106 0.1842608
v 0.0311382 -0.0976994 0.1877852
v 0.0260589 -0.0538092 0.1567349
v 0.002843 -0.136965 0.209123
v 0.016605 -0.130188 0.192585
v 0.0641502 -0.0584969 0.2175278
v 0.014014 -0.13531 0.210214
v 0.047892 -0.1246691 0.262457
v 0.02803 0.047493 0.263532
v 0.076688 -0.027864 0.093261
v 0.062758 0.011224 0.262085
v 0.031532 -0.130791 0.269133
v 0.034205 -0.1313521 0.248737
v 0.0284353 -0.096742 0.208458
v 0.0159509 -0.1168939 0.2055734
v 0.02203 -0.133564 0.260405
v 0.085136 0.0004119 0.341456
v 0.013896 -0.139139 0.286962
v 0.003727 -0.152137 0.289632
v 0.026441 -0.13147 0.27298
v 0.025772 -0.1306001 0.228899
v 0.065489 0.032324 0.296226
v 0.004384 -0.1533 0.2616169
v 0.0080138 -0.1338822 0.3116269
v 0.069348 0.0091579 0.399112
v 0.005907 -0.14648 0.266504
v 0.018817 -0.1387511 0.2597089
v 0.028989 -0.0480231 0.428347
v 0.025572 -0.0638691 0.425642
v 0.007661 -0.152348 0.266176
v 0.004414 -0.15162 0.2667079
v 0.018946 -0.1370111 0.229384
v 0.0206169 -0.1262608 0.3108061
v 0.00571 -0.1064901 0.4072529
v 0.006583 -0.130845 0.260014
v 0.016273 -0.14312 0.275272
v 0.0248642 -0.1341498 0.323663
v 0.037612 -0.063296 0.263349
v 0.004848 -0.1224181 0.389705
v 0.014941 -0.14502 0.232596
v 0.024627 -0.1383501 0.339384
v 0.0395781 -0.0713576 0.036285
v 0.013548 -0.1428151 0.230379
v 0.0307278 -0.0541552 0.0744826
v 0.012057 -0.139553 0.231085
v 0.006664 -0.06426 0.052793
v 0.0032175 -0.099185 0.1787913
v 0.0235776 0.0463551 0.1990016
v 0.0799915 -0.0457599 0.0726444
v 0.0425908 0.0261996 0.2167277
v 0.1384765 -0.0070209 0.0847977
v 0.0255398 0.052396 0.1777002
v 0.128316 -0.0168163 0.0813218
v 0.1405136 0.0512596 0.1143734
v 0.104253 -0.0253828 0.0889178
v 0.0846706 0.1072638 0.0931537
v 0.087711 0.054006 0.1413
v 0.1130161 -0.0105614 0.0943023
v 0.0488071 0.1072809 0.0870591
v 0.0161301 0.1035061 0.0846413
v 0.1409764 0.0029997 0.0955153
v 0.1181322 0.0031999 0.101269
v 0.042361 0.093403 0.116579
v 0.1302681 0.0744328 0.1100742
v 0.1142327 0.0951077 0.1014014
v 0.121881 0.028854 0.122271
v 0.107981 0.064908 0.126887
v 0.050937 -0.058069 0.060025
v 0.0043206 -0.0510611 0.1284939
v 0.0226408 -0.0406829 0.109846
v 0.0334306 -0.0490169 0.1604166
v 0.0049773 -0.0399515 0.1055362
v 0.008721 -0.139569 0.214016
v 0.0284188 -0.045185 0.1352017
v 0.0445821 -0.0367745 0.1433275
v 0.0592176 -0.0270061 0.1846306
v 0.067688 -0.0808901 0.232353
v 0.0392607 -0.0335731 0.1166448
v 0.0409623 -0.0440054 0.1651239
v 0.0307042 -0.0378982 0.1128566
v 0.0633218 -0.0212203 0.1067047
v 0.0480435 -0.0389339 0.1708991
v 0.0516563 -0.0313884 0.1487271
v 0.0366148 -0.041403 0.1387914
v 0.0359794 -0.0406417 0.0932093
v 0.0668694 -0.0380914 0.0885856
v 0.04815 -0.0293379 0.1212754
v 0.0061473 -0.0538937 0.0694868
v 0.0909616 -0.0497496 0.0532438
v 0.0660959 -0.052272 0.0654739
v 0.0433684 -0.0511776 0.0782405
v 0.0560187 -0.0243011 0.1264992
v 0.0575347 -0.0253351 0.1548185
v 0.0454897 -0.0344528 0.0967084
v 0.0542167 -0.0334447 0.1775196
v 0.0703806 -0.0133715 0.1125695
v 0.002656 -0.147533 0.2244909
v 0.008442 0.046335 0.223212
v 0.1041091 -0.0402797 0.0626785
v 0.1171698 -0.0291914 0.0728486
v 0.062181 -0.0179001 0.132396
v 0.066396 -0.0105476 0.1391121
v 0.053857 -0.121137 0.279498
v 0.0388705 0.0476337 0.175656
v 0.061724 -0.0184092 0.161461
v 0.0623552 -0.0192971 0.1914185
v 0.0637948 -0.0107064 0.1683083
v 0.078653 -0.0687771 0.332236
v 0.0928115 -0.0374948 0.081134
v 0.0917298 -0.0047651 0.1043944
v 0.0606431 -0.0022651 0.2037486
v 0.0231326 0.042621 0.2210774
v 0.0675962 0.0139159 0.1606043
v 0.0085 0.049277 0.201145
v 0.081565 -4.21e-05 0.313834
v 0.0758532 -0.0050607 0.119777
v 0.01046 0.06502 0.160918
v 0.009125 0.054944 0.180112
v 0.0498691 0.0162572 0.2139479
v 0.0968331 0.0048716 0.1136012
v 0.014264 0.091338 0.116011
v 0.0609289 0.0056219 0.181189
v 0.100105 0.025825 0.133192
v 0.0793587 0.0034654 0.1279988
v 0.0579517 0.032055 0.1705179
v 0.0684439 -0.0025449 0.1463655
v 0.0508956 0.0231104 0.1907662
v 0.057153 0.074219 0.13903
v 0.0440077 0.0322563 0.194159
v 0.046442 0.059515 0.156958
v 0.029827 0.063262 0.158235
v 0.0812535 0.0209886 0.1448808
v 0.035658 0.077303 0.13926
v 0.060203 0.052528 0.156221
v 0.070847 0.042782 0.154572
v 0.0496663 0.0406345 0.1734794
v 0.069996 0.090774 0.118773
v 0.074828 0.066211 0.140419
v 0.092679 0.080779 0.122856
v 0.0026893 -0.119475 0.1810741
v 0.0166858 -0.099076 0.1807529
v 0.0340699 0.03541 0.218891
v 0.0153574 -0.1051688 0.1807882
v 0.0351901 0.0404325 0.1968159
v 0.0056632 -0.042941 0.0841527
v 0.0039458 -0.0622981 0.1505159
v 0.0205266 -0.0480838 0.1323352
v 0.0763999 -0.0579657 0.045641
v 0.0181998 -0.0730585 0.1764551
v 0.0133661 -0.1197302 0.1819424
v 0.0036199 -0.0844696 0.1776996
v 0.0110418 -0.0699534 0.1677327
v 0.0109726 -0.0838857 0.1785121
v 0.0143101 -0.040785 0.1073297
v 0.0109245 -0.0753504 0.1745001
v 0.0216043 -0.0737879 0.0346414
v 0.0116401 -0.0608176 0.1517246
v 0.0183922 -0.0543304 0.0714402
v 0.0163888 -0.0440916 0.0867544
v 0.0078074 -0.119646 0.181269
v 0.0126826 -0.0500742 0.129982
v 0.0081436 -0.1118329 0.1801926
v 0.0089013 -0.1051202 0.1796172
v 0.0109485 -0.0795695 0.1773305
v 0.020302 -0.064154 0.054001
v 0.009796 -0.0992452 0.1792907
v 0.0140631 -0.1118901 0.1810898
v 0.042576 -0.12584 0.244916
v 0.019615 -0.1334961 0.2512919
v 0.023176 -0.129899 0.252227
v 0.018688 -0.1307651 0.236556
v 0.020471 -0.128938 0.23654
v 0.021278 -0.128498 0.2309
v 0.020147 -0.1300731 0.231108
v 0.022576 -0.136504 0.229571
v 0.023725 -0.134469 0.229129
v 0.022524 -0.123302 0.260171
v 0.019177 -0.12898 0.259168
v 0.022685 -0.130862 0.228846
v 0.021725 -0.132474 0.228929
v 0.02681 -0.133719 0.229729
v 0.025973 -0.135425 0.230456
v 0.029474 -0.133639 0.231228
v 0.02861 -0.1351091 0.232689
v 0.032554 -0.132536 0.233068
v 0.031535 -0.133738 0.235448
v 0.068141 -0.098854 0.317278
v 0.069915 -0.09445 0.318912
v 0.033117 -0.132811 0.241473
v 0.03489 -0.1315821 0.238369
v 0.07438 -0.0875051 0.303221
v 0.07174 -0.0934691 0.303247
v 0.036747 -0.13008 0.245081
v 0.038407 -0.128841 0.241513
v 0.067897 -0.106471 0.282851
v 0.070926 -0.100814 0.278291
v 0.045813 -0.124873 0.253258
v 0.047347 -0.122698 0.248787
v 0.073279 -0.087625 0.311638
v 0.070977 -0.0930871 0.310675
v 0.061294 -0.114388 0.2704
v 0.063328 -0.1101991 0.264515
v 0.075222 -0.0893181 0.287773
v 0.072419 -0.096208 0.290156
v 0.056848 -0.112692 0.2506
v 0.05624 -0.116034 0.256895
v 0.050375 -0.1221111 0.257794
v 0.052093 -0.119277 0.252797
v 0.058113 -0.117013 0.266438
v 0.059951 -0.113116 0.26076
v 0.076639 -0.0230131 0.392714
v 0.069293 -0.0373131 0.400146
v 0.082048 -0.0383451 0.375617
v 0.076022 -0.0494841 0.384835
v 0.033251 -0.0316541 0.428899
v 0.038214 -0.0141111 0.427309
v 0.064216 -0.0080771 0.409355
v 0.057242 -0.0252501 0.415197
v 0.073009 -0.0689591 0.37768
v 0.078184 -0.0609281 0.370855
v 0.073361 -0.0771211 0.366867
v 0.077435 -0.0705481 0.3599
v 0.011803 -0.0235001 0.435479
v 0.013521 -0.0056071 0.434533
v 0.070031 -0.0911951 0.35236
v 0.072877 -0.0858941 0.345731
v 0.072089 -0.0844511 0.358965
v 0.075365 -0.0788061 0.35182
v 0.067785 -0.0973321 0.346847
v 0.070444 -0.0921161 0.340575
v 0.06663 -0.1027281 0.324126
v 0.068251 -0.098124 0.3266369
v 0.070169 -0.093022 0.329385
v 0.064008 -0.1081821 0.3292959
v 0.065868 -0.1030781 0.332707
v 0.06813 -0.0977171 0.336321
v 0.060733 -0.1135351 0.333059
v 0.062735 -0.1081481 0.337691
v 0.065268 -0.103006 0.3421389
v 0.0552268 -0.1154667 0.3099793
v 0.0541855 -0.1165278 0.30946
v 0.0501905 -0.1167034 0.3089096
v 0.0530909 -0.1168375 0.3087264
v 0.0516364 -0.1170016 0.3085039
v 0.028626 -0.1253704 0.3040335
v 0.0266525 -0.1250526 0.3105958
v 0.063767 -0.089329 0.230775
v 0.0035836 -0.0890232 0.1782227
v 0.0034507 -0.0939809 0.1785033
v 0.0335415 -0.0843033 0.1888653
v 0.0325745 -0.0910161 0.1884481
v 0.0279821 -0.126573 0.2947847
v 0.030124 -0.1263598 0.2962602
v 0.0402478 -0.1246779 0.2944546
v 0.0393027 -0.125075 0.2918759
v 0.0324535 -0.1264797 0.2916896
v 0.0341702 -0.1260173 0.2939597
v 0.0458685 -0.1224619 0.293337
v 0.0449719 -0.123371 0.2897703
v 0.048732 -0.123118 0.283078
v 0.0506374 -0.1212391 0.2869689
v 0.062713 -0.113606 0.282929
v 0.060735 -0.1159691 0.279118
v 0.070631 -0.097377 0.266396
v 0.067442 -0.10163 0.261383
v 0.070906 -0.089957 0.258275
v 0.067282 -0.096295 0.252965
v 0.070006 -0.083958 0.246307
v 0.066056 -0.091999 0.242577
v 0.0630403 -0.0791928 0.219372
v 0.0598894 -0.0876515 0.2193538
v 0.0566405 -0.0792812 0.2094028
v 0.0543235 -0.0873711 0.2095806
v 0.0493459 -0.0804573 0.2014291
v 0.0477414 -0.0881825 0.2012612
v 0.0412962 -0.0822402 0.1946022
v 0.040184 -0.0895736 0.1941583
v 0.0238704 -0.0985095 0.1835479
v 0.0252156 -0.0923289 0.1839551
v 0.029594 -0.1269138 0.2990018
v 0.0272956 -0.1264381 0.2988004
v 0.024449 -0.1262485 0.298298
v 0.072009 -0.098281 0.284059
v 0.068728 -0.1039961 0.2875099
v 0.0480774 -0.1193453 0.3062461
v 0.049296 -0.1208581 0.3053866
v 0.0518952 -0.1180225 0.3005113
v 0.0483523 -0.1220156 0.3020102
v 0.0533995 -0.1173287 0.2943133
v 0.064656 -0.108665 0.290725
v 0.059057 -0.1143891 0.290396
v 0.074606 -0.091028 0.280338
v 0.073924 -0.08477 0.266796
v 0.076698 -0.0725261 0.274017
v 0.077381 -0.062275 0.273468
v 0.078024 -0.053054 0.274495
v 0.072305 -0.0945561 0.2965179
v 0.075187 -0.0880881 0.29527
v 0.0499943 -0.1168468 0.3080973
v 0.0513912 -0.1173668 0.3074884
v 0.0518797 -0.1184525 0.3049669
v 0.0573535 -0.1116301 0.3019426
v 0.0544004 -0.1145383 0.3042423
v 0.06494 -0.1064481 0.294672
v 0.080021 -0.05306 0.294691
v 0.077443 -0.080518 0.294427
v 0.079023 -0.062535 0.283747
v 0.079157 -0.071968 0.294093
v 0.068865 -0.100026 0.297608
v 0.0606584 -0.110032 0.2968372
v 0.086889 -0.0120481 0.350317
v 0.080261 0.0183419 0.355809
v 0.085446 -0.011851 0.328143
v 0.067685 0.0368389 0.369908
v 0.047104 0.0522669 0.381879
v 0.017379 0.0482779 0.406242
v 0.083778 -0.0046431 0.321898
v 0.076531 0.0266689 0.342288
v 0.082602 0.0087849 0.331685
v 0.044696 0.0605319 0.363669
v 0.015433 0.0746229 0.35164
v 0.064141 0.044972 0.353332
v 0.0689201 0.0055317 0.1537675
v 0.081356 0.0117564 0.136828
v 0.0998106 0.0144208 0.1237123
v 0.0633727 -0.0026105 0.1749993
v 0.0628067 -0.0108709 0.1976188
v 0.1210637 0.0149045 0.1121778
v 0.1444266 0.0149137 0.1040381
v 0.064856 -0.0191372 0.2192376
v 0.0687857 -0.0349774 0.2371813
v 0.0778791 0.0316889 0.1510709
v 0.096283 0.039713 0.139354
v 0.0566037 0.0141269 0.1865162
v 0.0638812 0.0228678 0.1662568
v 0.0561603 0.0066846 0.2095702
v 0.117481 0.046512 0.127534
v 0.1452652 0.0301332 0.1119559
v 0.0609861 -0.0002382 0.2334149
v 0.067744 -0.0112741 0.2530628
v 0.069653 0.0333929 0.312366
v 0.077047 0.0162179 0.30809
v 0.038816 0.0655359 0.323947
v 0.077212 0.002594 0.293206
v 0.014307 0.075722 0.331179
v 0.056578 0.0505549 0.317536
v 0.0203202 -0.1241317 0.3058144
v 0.0225593 -0.1216793 0.3061389
v 0.0206879 -0.1232695 0.3063262
v 0.0188652 -0.1257404 0.3065779
v 0.0201933 -0.1250193 0.3059796
v 0.0156238 -0.1270283 0.3037106
v 0.0121151 -0.1305759 0.302366
v 0.003894 -0.1427161 0.30114
v 0.009064 -0.136606 0.301162
v 0.0493143 -0.1155833 0.3096533
v 0.0325165 -0.1251213 0.3034414
v 0.0491442 -0.1155303 0.3085883
v 0.0408302 -0.1241934 0.3034386
v 0.0440958 -0.1219746 0.3043224
v 0.0263752 -0.1237405 0.3107199
v 0.0476948 -0.1192194 0.3121794
v 0.0303707 -0.1257755 0.3129285
v 0.0243575 -0.1220515 0.3085023
v 0.0352392 -0.126614 0.3141789
v 0.0367014 -0.1252574 0.303117
v 0.0241098 -0.1212462 0.3065586
v 0.0486013 -0.1161093 0.3071828
v 0.0490671 -0.1166973 0.3107566
v 0.0402612 -0.1255527 0.3143658
v 0.0257538 -0.122228 0.3048804
v 0.0476384 -0.1174245 0.3061146
v 0.0462141 -0.1194266 0.3052842
v 0.0285787 -0.1241453 0.3041463
v 0.0446264 -0.1226248 0.3135442
v 0.028867 -0.1227185 0.3157241
v 0.0256165 -0.1216941 0.3128385
v 0.0241452 -0.1207197 0.3096907
v 0.0242345 -0.120053 0.3065065
v 0.0256184 -0.1203848 0.3036687
v 0.0281452 -0.12116 0.3015677
v 0.0317006 -0.1213145 0.2999766
v 0.0357907 -0.1209228 0.2991877
v 0.0398825 -0.1199449 0.299406
v 0.0434141 -0.1183529 0.3005573
v 0.0460835 -0.1167131 0.3023601
v 0.0480637 -0.1155085 0.3045288
v 0.049332 -0.1148309 0.3071023
v 0.0496008 -0.1146407 0.3098887
v 0.0489409 -0.1149052 0.3123609
v 0.047546 -0.1158602 0.3145675
v 0.0453181 -0.1176498 0.3165242
v 0.0419574 -0.1199983 0.3178639
v 0.0376333 -0.1219621 0.3183045
v 0.0330767 -0.1228923 0.3176296
v -0.0276577 -0.0368429 0.2150048
v -0.0101407 -0.0295485 0.213128
v 0.0098425 -0.0296799 0.2131162
v 0.0276864 -0.0369978 0.2150171
v -0.0284857 -0.0362893 0.2225488
v -0.009863 -0.028057 0.222924
v 0.009825 -0.028126 0.222925
v 0.0286295 -0.0363741 0.2225801
v -0.0290552 -0.0370177 0.2340878
v -0.009903 -0.030069 0.234576
v 0.009952 -0.030116 0.234578
v 0.0292463 -0.0370788 0.2341059
v -0.028752 -0.039855 0.248282
v -0.009814 -0.0333261 0.24779
v 0.009844 -0.033359 0.247799
v 0.028899 -0.039898 0.248324
v -0.027054 -0.046946 0.259918
v -0.009687 -0.042687 0.259136
v 0.009635 -0.04271 0.259149
v 0.027078 -0.046993 0.259967
v -0.077375 -0.044218 0.267551
v -0.079416 -0.0312731 0.289758
v -0.086587 -0.032254 0.271567
v -0.08423 -0.031681 0.274343
v -0.0846483 -0.0252164 0.2585658
v -0.076932 -0.035072 0.256729
v -0.090741 -0.020442 0.276436
v -0.082732 -0.032997 0.286216
v -0.08265 -0.016659 0.271194
v -0.081443 -0.0091081 0.30828
v -0.073997 -0.038069 0.255055
v -0.085884 -0.021357 0.262418
v -0.070441 -0.030169 0.258871
v -0.081031 -0.031831 0.290388
v -0.09345 -0.016271 0.28206
v -0.092266 -0.023685 0.264145
v -0.0825908 -0.0335241 0.283046
v -0.087299 -0.030435 0.26607
v -0.080138 -0.041805 0.277992
v -0.072524 -0.027675 0.28387
v -0.081749 -0.042911 0.307071
v -0.07661 -0.019605 0.281279
v -0.082902 -0.0307421 0.296836
v -0.094731 -0.013679 0.289303
v -0.081393 -0.034611 0.273136
v -0.078277 -0.035083 0.274489
v -0.083728 -0.0334001 0.301157
v -0.081633 -0.037922 0.303893
v -0.072094 -0.034315 0.255192
v -0.091954 -0.028492 0.314932
v -0.090729 -0.006394 0.299294
v -0.086983 -0.02661 0.276778
v -0.089674 -0.029743 0.260162
v -0.081267 -0.028352 0.259529
v -0.091426 -0.016109 0.282351
v -0.096119 -0.002963 0.300898
v -0.097036 -0.020308 0.312904
v -0.089529 -0.014549 0.288126
v -0.093025 -0.014931 0.288704
v -0.079674 -0.011601 0.280814
v -0.075535 -0.027106 0.268422
v -0.097068 -0.0209231 0.315958
v -0.076035 -0.041565 0.259725
v -0.079466 -0.038382 0.257357
v -0.079156 -0.023845 0.292373
v -0.080926 -0.0330231 0.292674
v -0.089047 -0.026798 0.273779
v -0.096159 -0.011249 0.278727
v -0.087351 -0.01616 0.311923
v -0.08399 -0.0178861 0.318584
v -0.082689 -0.02295 0.305742
v -0.088615 -0.032092 0.308342
v -0.08681 -0.0211521 0.308253
v -0.079768 -0.034591 0.280984
v -0.087494 -0.014567 0.268644
v -0.082955 -0.038512 0.286838
v -0.085611 -0.0206491 0.314999
v -0.088559 -0.0285611 0.315328
v -0.079602 -0.017533 0.283038
v -0.087304 -0.01194 0.297959
v -0.080074 -0.014951 0.290973
v -0.093889 -0.0269871 0.313193
v -0.080621 -0.029477 0.292436
v -0.083742 -0.035205 0.264112
v -0.077494 -0.03084 0.28974
v -0.080796 -0.027344 0.295699
v -0.078156 -0.023702 0.288078
v -0.088697 -0.014759 0.282429
v -0.072796 -0.014156 0.271404
v -0.081977 -0.028382 0.297451
v -0.092629 -0.014581 0.267231
v -0.08064 -0.016615 0.28068
v -0.085667 -0.013491 0.288142
v -0.079712 -0.007035 0.300667
v -0.09201 -0.0140281 0.315203
v -0.078165 -0.025919 0.298561
v -0.08357 -0.023337 0.275778
v -0.081632 -0.027687 0.307747
v -0.079738 -0.045366 0.295418
v -0.077451 -0.0341381 0.288114
v -0.086709 -0.0333871 0.309497
v -0.093084 -0.01567 0.294925
v -0.092604 -0.025127 0.312501
v -0.085974 -0.0254141 0.311089
v -0.092608 -0.0212401 0.317969
v -0.089347 -0.0300471 0.308298
v -0.088033 -0.028741 0.310197
v -0.096811 -0.0068081 0.310078
v -0.084205 -0.036011 0.286935
v -0.094775 -0.014492 0.280859
v -0.079884 -0.0289041 0.302999
v -0.095521 -0.0134601 0.310681
v -0.078782 -0.026254 0.289796
v -0.073304 -0.036487 0.278233
v -0.098291 -0.005547 0.300136
v -0.081266 -0.028159 0.27365
v -0.078941 -0.021336 0.290279
v -0.081491 -0.014619 0.287349
v -0.086923 -0.0135311 0.305716
v -0.099742 -0.014535 0.31167
v -0.086649 -0.010167 0.288902
v -0.094107 -0.012045 0.296492
v -0.090882 -0.009389 0.308404
v -0.088949 -0.019919 0.277853
v -0.069291 -0.02343 0.264929
v -0.076055 -0.032701 0.262095
v -0.077005 -0.017859 0.273348
v -0.084437 -0.0298811 0.30511
v -0.083434 -0.036535 0.280367
v -0.082018 -0.024293 0.265673
v -0.082799 -0.012346 0.298361
v -0.095028 -0.010385 0.289328
v -0.082323 -0.035212 0.27025
v -0.080642 -0.0378821 0.273159
v -0.094726 -0.008125 0.298009
v -0.094627 -0.008088 0.277169
v -0.096224 -0.003781 0.28908
v -0.077667 -0.02149 0.28645
v -0.084612 -0.011111 0.279324
v -0.075621 -0.022774 0.284511
v -0.090687 -0.006224 0.288728
v -0.087663 -0.01938 0.297593
v -0.090053 -0.022685 0.313012
v -0.071921 -0.0360951 0.282879
v -0.085465 -0.0210591 0.301973
v -0.089016 -0.016582 0.293212
v -0.079975 -0.0393991 0.262926
v -0.083876 -0.033942 0.286761
v -0.091744 -0.018934 0.2735689
v -0.093041 -0.0122411 0.303354
v -0.08522 -0.013869 0.283221
v -0.085057 -0.015397 0.2925
v -0.082299 -0.022938 0.299229
v -0.080026 -0.0402521 0.294923
v -0.080418 -0.033461 0.284604
v -0.090361 -0.021427 0.261007
v -0.084555 -0.016494 0.310962
v -0.079411 -0.0465021 0.285576
v -0.078983 -0.036021 0.277797
v -0.091814 -0.0148431 0.308299
v -0.083596 -0.018975 0.296199
v -0.080656 -0.020311 0.27565
v -0.074791 -0.025537 0.286303
v -0.076978 -0.020311 0.28435
v -0.078152 -0.024703 0.273507
v -0.075142 -0.028989 0.288637
v -0.080832 -0.037122 0.294373
v -0.088212 -0.0214151 0.316063
v -0.076199 -0.036924 0.279913
v -0.079373 -0.018288 0.285656
v -0.071948 -0.032507 0.287334
v -0.07593 -0.008418 0.281196
v -0.077049 -0.022448 0.297008
v -0.077326 -0.0179901 0.294189
v -0.076275 -0.0291691 0.273049
v -0.075276 -0.036266 0.276512
v -0.079557 -0.0280231 0.299073
v -0.082656 -0.035411 0.302069
v -0.085861 -0.027345 0.315432
v -0.079811 -0.02579 0.294277
v -0.075184 -0.0334651 0.273888
v -0.074587 -0.022951 0.27968
v -0.084525 -0.0340491 0.311447
v -0.073834 -0.026535 0.279394
v -0.080439 -0.0323111 0.287947
v -0.074596 -0.027811 0.275919
v -0.075633 -0.023158 0.276161
v -0.093053 -0.0185531 0.31288
v -0.081152 -0.030403 0.294015
v -0.089446 -0.009378 0.278011
v -0.080244 -0.03674 0.275013
v -0.073045 -0.0324 0.276361
v -0.077827 -0.019129 0.27794
v -0.095078 -0.009306 0.30602
v -0.081875 -0.010008 0.289842
v -0.078941 -0.040181 0.270175
v -0.071424 -0.030362 0.280328
v -0.089041 -0.018566 0.304769
v -0.098245 -0.0134181 0.315039
v -0.081988 -0.015183 0.283936
v -0.086448 -0.017835 0.277892
v -0.083068 -0.034615 0.281528
v -0.07911 -0.019401 0.288038
v -0.09009 -0.0191611 0.31088
v -0.085497 -0.030933 0.301927
v -0.091306 -0.017001 0.300261
v -0.0833 -0.016244 0.27863
v -0.083471 -0.014 0.305457
v -0.078044 -0.006533 0.291481
v -0.0813 -0.034852 0.293968
v -0.079877 -0.028265 0.291345
v -0.08071 -0.041614 0.286351
v -0.076875 -0.036204 0.283952
v -0.082436 -0.038804 0.27944
v -0.087594 -0.02693 0.256809
v -0.07401 -0.024541 0.282068
v -0.083486 -0.0290881 0.300187
v -0.094317 -0.017182 0.269699
v -0.082959 -0.0125491 0.3142951
v -0.085128 -0.035137 0.256973
v -0.084927 -0.0259981 0.320256
v -0.08973 -0.025049 0.269062
v -0.082803 -0.031465 0.254756
v -0.098118 -0.006983 0.289473
v -0.083795 -0.0361351 0.316851
v -0.078623 -0.046147 0.276226
v -0.099132 -0.0089931 0.307746
v -0.080556 -0.025787 0.302074
v -0.079266 -0.03187 0.273321
v 0.077449 -0.044241 0.267506
v 0.079463 -0.031508 0.289619
v 0.086639 -0.032345 0.271544
v 0.084272 -0.03178 0.27434
v 0.0848568 -0.0252711 0.258656
v 0.077362 -0.035065 0.256512
v 0.090854 -0.020517 0.276436
v 0.08284 -0.033137 0.286096
v 0.082625 -0.01666 0.271235
v 0.08149 -0.0091921 0.308204
v 0.074145 -0.03818 0.255056
v 0.085992 -0.021401 0.262476
v 0.07061 -0.030338 0.258851
v 0.082016 -0.032069 0.29023
v 0.093563 -0.016297 0.282048
v 0.092377 -0.02373 0.264177
v 0.0825815 -0.033613 0.2829131
v 0.087426 -0.030531 0.266068
v 0.080161 -0.041834 0.277878
v 0.07223 -0.028027 0.2839
v 0.08165 -0.042949 0.306934
v 0.076581 -0.019773 0.281274
v 0.082885 -0.030885 0.296417
v 0.094823 -0.013658 0.289197
v 0.08146 -0.034705 0.273122
v 0.078303 -0.035218 0.274364
v 0.083567 -0.033479 0.300873
v 0.081708 -0.038044 0.303678
v 0.072294 -0.034437 0.255169
v 0.091652 -0.028517 0.315024
v 0.090565 -0.006468 0.299178
v 0.08702 -0.026727 0.276755
v 0.089836 -0.029735 0.260202
v 0.081463 -0.028345 0.259562
v 0.091538 -0.016223 0.282338
v 0.09581 -0.002999 0.300787
v 0.096477 -0.0199171 0.313582
v 0.089626 -0.014619 0.287948
v 0.093081 -0.015007 0.2886199
v 0.079794 -0.011775 0.280951
v 0.075707 -0.027207 0.268519
v 0.09687 -0.020788 0.316182
v 0.076217 -0.041551 0.259708
v 0.079759 -0.038291 0.25712
v 0.0794 -0.023726 0.292509
v 0.081187 -0.0331251 0.292525
v 0.089136 -0.026886 0.273756
v 0.096325 -0.011105 0.27867
v 0.087257 -0.016273 0.311737
v 0.084115 -0.0179451 0.318464
v 0.082484 -0.023151 0.305254
v 0.088514 -0.032123 0.308256
v 0.086519 -0.021182 0.307992
v 0.07954 -0.034856 0.280905
v 0.087559 -0.014641 0.268703
v 0.083419 -0.0385801 0.286415
v 0.085663 -0.0207481 0.314829
v 0.08833 -0.0286121 0.315173
v 0.079552 -0.017644 0.282907
v 0.087407 -0.012063 0.297905
v 0.080294 -0.014923 0.290876
v 0.093706 -0.0271081 0.31332
v 0.08055 -0.029681 0.292379
v 0.083817 -0.035192 0.264066
v 0.077555 -0.031308 0.289764
v 0.081259 -0.0274391 0.29543
v 0.078153 -0.023992 0.288234
v 0.088796 -0.014919 0.282311
v 0.073022 -0.014253 0.271621
v 0.082224 -0.0287391 0.296822
v 0.092676 -0.014666 0.26728
v 0.080633 -0.016725 0.280507
v 0.085835 -0.013585 0.287716
v 0.07964 -0.007169 0.300667
v 0.09154 -0.0140311 0.314991
v 0.078327 -0.025751 0.298555
v 0.083671 -0.023515 0.275754
v 0.08114 -0.027733 0.307062
v 0.079797 -0.045429 0.295243
v 0.0773591 -0.034397 0.2879911
v 0.086644 -0.033446 0.3094
v 0.093102 -0.015634 0.294779
v 0.092474 -0.0252841 0.312427
v 0.08572 -0.0254591 0.310738
v 0.092185 -0.021184 0.317886
v 0.089214 -0.030108 0.308258
v 0.087803 -0.02887 0.31018
v 0.095923 -0.0067721 0.309896
v 0.084147 -0.036077 0.286681
v 0.095048 -0.014345 0.280785
v 0.080159 -0.0285741 0.302079
v 0.09406 -0.013031 0.310605
v 0.07876 -0.0266681 0.290069
v 0.073123 -0.036565 0.278069
v 0.098173 -0.00562 0.300204
v 0.081345 -0.028315 0.273671
v 0.079027 -0.021318 0.290454
v 0.08163 -0.014729 0.286954
v 0.086862 -0.0137301 0.305537
v 0.098352 -0.013705 0.312241
v 0.087142 -0.010372 0.288974
v 0.094157 -0.011945 0.296322
v 0.090516 -0.009526 0.308159
v 0.08906 -0.020025 0.277838
v 0.069585 -0.023525 0.264905
v 0.076296 -0.032741 0.262063
v 0.077072 -0.018038 0.273587
v 0.084364 -0.029795 0.304663
v 0.083416 -0.03664 0.280239
v 0.082005 -0.024254 0.265654
v 0.082908 -0.012328 0.298364
v 0.095075 -0.01037 0.289255
v 0.082372 -0.035271 0.270218
v 0.080749 -0.037922 0.273083
v 0.094724 -0.008027 0.297881
v 0.09461 -0.008152 0.277197
v 0.096124 -0.003829 0.28908
v 0.077653 -0.021709 0.286549
v 0.084707 -0.011176 0.279384
v 0.075556 -0.023121 0.284645
v 0.090708 -0.006267 0.288723
v 0.087732 -0.019341 0.297445
v 0.089768 -0.0227901 0.312658
v 0.071596 -0.036152 0.28282
v 0.085413 -0.021052 0.301763
v 0.089126 -0.016558 0.293041
v 0.0801 -0.03936 0.262871
v 0.083926 -0.0340871 0.28654
v 0.091889 -0.01898 0.273568
v 0.092952 -0.0122561 0.303066
v 0.08532 -0.014044 0.282922
v 0.085284 -0.015389 0.292192
v 0.08242 -0.022839 0.29913
v 0.080146 -0.0403751 0.294673
v 0.080334 -0.033585 0.284364
v 0.090479 -0.021498 0.261114
v 0.084613 -0.0166271 0.310775
v 0.079455 -0.0465111 0.285434
v 0.078832 -0.0360341 0.277652
v 0.091548 -0.0149781 0.307862
v 0.083804 -0.0187951 0.296078
v 0.080836 -0.020483 0.275447
v 0.07471 -0.026034 0.286461
v 0.076954 -0.020517 0.284444
v 0.078358 -0.024909 0.273408
v 0.075089 -0.0297571 0.289006
v 0.080889 -0.037296 0.294098
v 0.087986 -0.02166 0.315141
v 0.075539 -0.03696 0.279765
v 0.079404 -0.0183801 0.285548
v 0.071797 -0.032904 0.28747
v 0.07598 -0.008679 0.281395
v 0.077632 -0.0221191 0.297516
v 0.078438 -0.0173441 0.295363
v 0.076402 -0.029282 0.273051
v 0.075175 -0.036399 0.276269
v 0.08021 -0.0276881 0.2986
v 0.082629 -0.0355531 0.301811
v 0.085673 -0.0273701 0.3151
v 0.080308 -0.025661 0.294291
v 0.075212 -0.0335111 0.273859
v 0.074614 -0.023162 0.279684
v 0.08449 -0.0341211 0.311342
v 0.073816 -0.026711 0.27935
v 0.080486 -0.032533 0.287724
v 0.074665 -0.02794 0.275858
v 0.075725 -0.023345 0.276066
v 0.092477 -0.0185321 0.312705
v 0.081092 -0.0306311 0.2938
v 0.089508 -0.009415 0.278044
v 0.080303 -0.036841 0.274922
v 0.07293 -0.032465 0.276167
v 0.077893 -0.019309 0.277832
v 0.094735 -0.0090831 0.305824
v 0.082046 -0.010148 0.28992
v 0.079003 -0.040206 0.270112
v 0.071489 -0.03053 0.28029
v 0.088941 -0.018631 0.304529
v 0.097411 -0.0129661 0.315261
v 0.082121 -0.015437 0.283605
v 0.086561 -0.018046 0.277872
v 0.083033 -0.0347501 0.281406
v 0.079177 -0.019448 0.288108
v 0.08974 -0.0192311 0.310541
v 0.085331 -0.0309801 0.301605
v 0.091319 -0.016968 0.300085
v 0.083418 -0.016457 0.278448
v 0.083457 -0.0141521 0.305317
v 0.078083 -0.006721 0.291527
v 0.081291 -0.035036 0.293743
v 0.079849 -0.028489 0.291407
v 0.080816 -0.041578 0.286063
v 0.076313 -0.036114 0.283761
v 0.082435 -0.0388641 0.279308
v 0.087791 -0.0269171 0.25691
v 0.074007 -0.024835 0.282082
v 0.083462 -0.029247 0.299488
v 0.094407 -0.017233 0.269706
v 0.083175 -0.0125821 0.314173
v 0.085365 -0.035026 0.256959
v 0.08489 -0.0260731 0.32006
v 0.089659 -0.025066 0.269055
v 0.083074 -0.031364 0.254791
v 0.098173 -0.007085 0.289527
v 0.083737 -0.0361771 0.316741
v 0.078711 -0.046188 0.276139
v 0.098247 -0.0082111 0.308164
v 0.08049 -0.025727 0.301724
v 0.079331 -0.0319991 0.273279
v -0.134862 0.0264246 0.090092
v -0.0806129 -0.0560795 0.0336614
v 0.1169963 -0.0278989 0.0609766
v 0.0898859 0.1053772 0.0766444
v -0.135307 0.0741592 0.0972848
v 0.1266084 -0.0187584 0.0686425
v -0.0953803 -0.047636 0.0419713
v 0.0538583 0.1060679 0.0687968
v -0.1174259 0.095184 0.0871219
v -0.0231414 -0.0716534 0.0242087
v -0.1068097 -0.0380635 0.0513586
v 0.1329899 -0.0124474 0.0737029
v 0.1411839 -0.000182 0.084025
v 0.1476784 0.0071494 0.0918578
v -0.1171251 -0.0277411 0.0606731
v -0.0893959 0.1058754 0.0759442
v 0.0406083 -0.0689978 0.0257204
v 0.1507262 0.0309032 0.1031894
v 0.0190123 0.1033469 0.0643173
v -0.1266037 -0.0185078 0.0684522
v -0.0187383 0.1035433 0.0636532
v 0.0599446 -0.0637268 0.0288197
v -0.0534188 0.1072309 0.0675805
v 0.1511041 0.016844 0.0982514
v -0.0081932 -0.0717532 0.0237394
v 0.0799943 -0.0560335 0.034585
v 0.1458669 0.0504932 0.1034567
v -0.1508866 0.0166276 0.0989861
v -0.0406895 -0.0694035 0.0249628
v -0.1479028 0.0071144 0.0917899
v -0.1458049 0.0504878 0.103801
v 0.1181469 0.0952418 0.0868224
v 0.0229803 -0.0715437 0.024241
v 0.0081943 -0.0714234 0.0236103
v -0.1505834 0.030483 0.103938
v 0.136072 0.0735562 0.0970791
v -0.1412781 -0.0001014 0.084094
v 0.1065244 -0.0381182 0.0516811
v -0.1329918 -0.0121391 0.0738111
v 0.0948236 -0.0476222 0.0425637
v -0.0607027 -0.0642934 0.0279054
v 0.0615225 0.0684455 0.0705611
v 0.1064659 -0.0273235 0.0556387
v -0.1064246 -0.0272552 0.0552166
v -0.0622363 0.0685438 0.0708076
v -0.0368998 -0.0464377 0.0374222
v 0.1340412 0.0265218 0.0895749
v 0.0367887 -0.0461356 0.037617
f 213 5097 9717 5101
f 5097 10 3377 9717
f 9717 3377 9 3435
f 5101 9717 3435 2
f 214 5855 9718 6267
f 5855 11 3734 9718
f 9718 3734 10 5097
f 6267 9718 5097 213
f 12 4759 9719 7402
f 4759 11 5855 9719
f 9719 5855 214 7429
f 7402 9719 7429 215
f 5 5376 9720 5413
f 5376 4 4602 9720
f 9720 4602 209 3681
f 5413 9720 3681 210
f 13 5622 9721 5641
f 5622 12 7402 9721
f 9721 7402 215 7419
f 5641 9721 7419 3
f 6 6851 9722 6820
f 6851 5 5413 9722
f 9722 5413 210 4130
f 6820 9722 4130 211
f 211 3714 9723 6820
f 3714 1 7835 9723
f 9723 7835 7 7766
f 6820 9723 7766 6
f 7 7835 9724 8428
f 7835 1 4242 9724
f 9724 4242 212 9247
f 8428 9724 9247 8
f 8 9247 9725 9231
f 9247 212 4273 9725
f 9725 4273 2 3435
f 9231 9725 3435 9
f 20 4234 9726 5089
f 4234 10 3734 9726
f 9726 3734 11 5114
f 5089 9726 5114 21
f 22 6262 9727 5899
f 6262 21 5114 9727
f 9727 5114 11 4759
f 5899 9727 4759 12
f 15 7619 9728 7624
f 7619 14 6512 9728
f 9728 6512 4 5376
f 7624 9728 5376 5
f 23 7288 9729 7294
f 7288 22 5899 9729
f 9729 5899 12 5622
f 7294 9729 5622 13
f 16 8665 9730 8718
f 8665 15 7624 9730
f 9730 7624 5 6851
f 8718 9730 6851 6
f 7 7977 9731 7766
f 7977 17 8744 9731
f 9731 8744 16 8718
f 7766 9731 8718 6
f 18 3677 9732 9232
f 3677 17 7977 9732
f 9732 7977 7 8428
f 9232 9732 8428 8
f 19 3710 9733 3711
f 3710 18 9232 9733
f 9733 9232 8 9231
f 3711 9733 9231 9
f 20 4260 9734 4234
f 4260 19 3711 9734
f 9734 3711 9 3377
f 4234 9734 3377 10
f 32 9307 9735 8138
f 9307 31 7098 9735
f 9735 7098 21 6262
f 8138 9735 6262 22
f 15 7579 9736 7619
f 7579 25 9114 9736
f 9736 9114 24 9162
f 7619 9736 9162 14
f 23 7211 9737 7288
f 7211 33 9382 9737
f 9737 9382 32 8138
f 7288 9737 8138 22
f 16 8745 9738 8665
f 8745 26 3517 9738
f 9738 3517 25 7579
f 8665 9738 7579 15
f 27 4006 9739 4008
f 4006 26 8745 9739
f 9739 8745 16 8744
f 4008 9739 8744 17
f 28 4464 9740 4429
f 4464 27 4008 9740
f 9740 4008 17 3677
f 4429 9740 3677 18
f 29 5130 9741 5152
f 5130 28 4429 9741
f 9741 4429 18 3710
f 5152 9741 3710 19
f 30 6139 9742 6156
f 6139 29 5152 9742
f 9742 5152 19 4260
f 6156 9742 4260 20
f 30 6156 9743 7095
f 6156 20 5089 9743
f 9743 5089 21 7098
f 7095 9743 7098 31
f 32 9384 9744 9307
f 9384 42 3378 9744
f 9744 3378 41 6962
f 9307 9744 6962 31
f 35 3862 9745 3857
f 3862 34 9115 9745
f 9745 9115 24 9114
f 3857 9745 9114 25
f 43 3751 9746 3735
f 3751 42 9384 9746
f 9746 9384 32 9382
f 3735 9746 9382 33
f 36 4589 9747 4596
f 4589 35 3857 9747
f 9747 3857 25 3517
f 4596 9747 3517 26
f 37 5377 9748 5400
f 5377 36 4596 9748
f 9748 4596 26 4006
f 5400 9748 4006 27
f 38 6852 9749 6770
f 6852 37 5400 9749
f 9749 5400 27 4464
f 6770 9749 4464 28
f 39 7767 9750 7771
f 7767 38 6770 9750
f 9750 6770 28 5130
f 7771 9750 5130 29
f 39 7771 9751 8429
f 7771 29 6139 9751
f 9751 6139 30 8212
f 8429 9751 8212 40
f 31 6962 9752 7095
f 6962 41 9233 9752
f 9752 9233 40 8212
f 7095 9752 8212 30
f 45 5623 9753 5642
f 5623 44 4768 9753
f 9753 4768 34 3862
f 5642 9753 3862 35
f 52 4272 9754 5090
f 4272 42 3751 9754
f 9754 3751 43 5115
f 5090 9754 5115 53
f 46 6501 9755 6513
f 6501 45 5642 9755
f 9755 5642 35 4589
f 6513 9755 4589 36
f 47 7621 9756 7625
f 7621 46 6513 9756
f 9756 6513 36 5377
f 7625 9756 5377 37
f 48 8666 9757 8719
f 8666 47 7625 9757
f 9757 7625 37 6852
f 8719 9757 6852 38
f 48 8719 9758 8746
f 8719 38 7767 9758
f 9758 7767 39 7978
f 8746 9758 7978 49
f 40 9234 9759 8429
f 9234 50 3678 9759
f 9759 3678 49 7978
f 8429 9759 7978 39
f 40 9233 9760 9234
f 9233 41 3712 9760
f 9760 3712 51 4124
f 9234 9760 4124 50
f 51 3712 9761 4261
f 3712 41 3378 9761
f 9761 3378 42 4272
f 4261 9761 4272 52
f 64 9309 9762 9596
f 9309 63 7126 9762
f 9762 7126 52 5090
f 9596 9762 5090 53
f 56 9177 9763 9116
f 9177 45 6501 9763
f 9763 6501 46 6533
f 9116 9763 6533 57
f 47 7580 9764 7621
f 7580 58 3518 9764
f 9764 3518 57 6533
f 7621 9764 6533 46
f 48 8748 9765 8666
f 8748 59 3986 9765
f 9765 3986 58 7580
f 8666 9765 7580 47
f 48 8746 9766 8748
f 8746 49 4405 9766
f 9766 4405 60 4465
f 8748 9766 4465 59
f 61 5131 9767 5138
f 5131 60 4405 9767
f 9767 4405 49 3678
f 5138 9767 3678 50
f 62 6140 9768 5931
f 6140 61 5138 9768
f 9768 5138 50 4124
f 5931 9768 4124 51
f 62 5931 9769 7096
f 5931 51 4261 9769
f 9769 4261 52 7126
f 7096 9769 7126 63
f 56 9059 9770 9177
f 9059 55 7397 9770
f 9770 7397 44 5623
f 9177 9770 5623 45
f 69 5378 9771 5383
f 5378 68 4580 9771
f 9771 4580 57 3518
f 5383 9771 3518 58
f 54 5879 9772 5877
f 5879 163 9121 9772
f 9772 9121 152 9182
f 5877 9772 9182 141
f 70 6854 9773 6711
f 6854 69 5383 9773
f 9773 5383 58 3986
f 6711 9773 3986 59
f 70 6711 9774 7768
f 6711 59 4465 9774
f 9774 4465 60 7867
f 7768 9774 7867 71
f 72 8430 9775 8231
f 8430 71 7867 9775
f 9775 7867 60 5131
f 8231 9775 5131 61
f 62 6191 9776 6140
f 6191 73 9235 9776
f 9776 9235 72 8231
f 6140 9776 8231 61
f 63 6964 9777 7096
f 6964 74 3379 9777
f 9777 3379 73 6191
f 7096 9777 6191 62
f 56 9117 9778 9059
f 9117 67 3863 9778
f 9778 3863 66 7212
f 9059 9778 7212 55
f 64 9386 9779 9309
f 9386 75 3752 9779
f 9779 3752 74 6964
f 9309 9779 6964 63
f 68 4590 9780 4580
f 4590 67 9117 9780
f 9780 9117 56 9116
f 4580 9780 9116 57
f 80 8668 9781 8619
f 8668 79 7490 9781
f 9781 7490 68 5378
f 8619 9781 5378 69
f 119 7215 9782 7213
f 7215 142 6578 9782
f 9782 6578 98 3443
f 7213 9782 3443 130
f 70 6734 9783 6854
f 6734 81 8749 9783
f 9783 8749 80 8619
f 6854 9783 8619 69
f 71 7979 9784 7768
f 7979 82 3679 9784
f 9784 3679 81 6734
f 7768 9784 6734 70
f 83 4125 9785 9236
f 4125 82 7979 9785
f 9785 7979 71 8430
f 9236 9785 8430 72
f 84 4263 9786 4237
f 4263 83 9236 9786
f 9786 9236 72 9235
f 4237 9786 9235 73
f 85 5091 9787 5096
f 5091 84 4237 9787
f 9787 4237 73 3379
f 5096 9787 3379 74
f 78 6502 9788 6582
f 6502 77 5629 9788
f 9788 5629 66 3863
f 6582 9788 3863 67
f 86 6263 9789 5851
f 6263 85 5096 9789
f 9789 5096 74 3752
f 5851 9789 3752 75
f 79 7622 9790 7490
f 7622 78 6582 9790
f 9790 6582 67 4590
f 7490 9790 4590 68
f 141 5632 9791 5877
f 5632 130 3443 9791
f 9791 3443 98 5866
f 5877 9791 5866 54
f 108 4814 9792 4773
f 4814 97 5865 9792
f 9792 5865 86 5880
f 4773 9792 5880 186
f 92 4466 9793 4406
f 4466 91 8750 9793
f 9793 8750 80 8749
f 4406 9793 8749 81
f 92 4406 9794 5132
f 4406 81 3679 9794
f 9794 3679 82 5139
f 5132 9794 5139 93
f 94 6141 9795 5932
f 6141 93 5139 9795
f 9795 5139 82 4125
f 5932 9795 4125 83
f 94 5932 9796 7097
f 5932 83 4263 9796
f 9796 4263 84 7127
f 7097 9796 7127 95
f 96 9311 9797 9597
f 9311 95 7127 9797
f 9797 7127 84 5091
f 9597 9797 5091 85
f 78 6534 9798 6502
f 6534 89 9118 9798
f 9798 9118 88 9179
f 6502 9798 9179 77
f 86 5865 9799 6263
f 5865 97 9387 9799
f 9799 9387 96 9597
f 6263 9799 9597 85
f 79 7581 9800 7622
f 7581 90 3519 9800
f 9800 3519 89 6534
f 7622 9800 6534 78
f 119 7399 9801 7215
f 7399 108 4773 9801
f 9801 4773 186 6537
f 7215 9801 6537 142
f 80 8750 9802 8668
f 8750 91 3987 9802
f 9802 3987 90 7581
f 8668 9802 7581 79
f 103 7769 9803 7868
f 7769 102 6712 9803
f 9803 6712 91 4466
f 7868 9803 4466 92
f 104 8431 9804 8232
f 8431 103 7868 9804
f 9804 7868 92 5132
f 8232 9804 5132 93
f 94 6192 9805 6141
f 6192 105 9237 9805
f 9805 9237 104 8232
f 6141 9805 8232 93
f 95 6965 9806 7097
f 6965 106 3380 9806
f 9806 3380 105 6192
f 7097 9806 6192 94
f 96 9388 9807 9311
f 9388 107 3753 9807
f 9807 3753 106 6965
f 9311 9807 6965 95
f 100 4591 9808 4581
f 4591 99 9119 9808
f 9808 9119 88 9118
f 4581 9808 9118 89
f 108 4761 9809 4814
f 4761 107 9388 9809
f 9809 9388 96 9387
f 4814 9809 9387 97
f 101 5380 9810 5384
f 5380 100 4581 9810
f 9810 4581 89 3519
f 5384 9810 3519 90
f 54 5864 9811 5879
f 5864 65 6694 9811
f 9811 6694 174 6584
f 5879 9811 6584 163
f 101 5384 9812 6855
f 5384 90 3987 9812
f 9812 3987 91 6712
f 6855 9812 6712 102
f 109 5781 9813 5630
f 5781 65 5864 9813
f 9813 5864 54 5866
f 5630 9813 5866 98
f 104 9238 9814 8431
f 9238 115 4126 9814
f 9814 4126 114 7980
f 8431 9814 7980 103
f 116 4264 9815 4238
f 4264 115 9238 9815
f 9815 9238 104 9237
f 4238 9815 9237 105
f 117 5092 9816 5098
f 5092 116 4238 9816
f 9816 4238 105 3380
f 5098 9816 3380 106
f 118 6264 9817 5852
f 6264 117 5098 9817
f 9817 5098 106 3753
f 5852 9817 3753 107
f 111 7623 9818 7491
f 7623 110 6583 9818
f 9818 6583 99 4591
f 7491 9818 4591 100
f 119 7426 9819 7399
f 7426 118 5852 9819
f 9819 5852 107 4761
f 7399 9819 4761 108
f 112 8669 9820 8623
f 8669 111 7491 9820
f 9820 7491 100 5380
f 8623 9820 5380 101
f 142 6556 9821 6578
f 6556 153 5588 9821
f 9821 5588 109 5630
f 6578 9821 5630 98
f 112 8623 9822 8751
f 8623 101 6855 9822
f 9822 6855 102 6458
f 8751 9822 6458 113
f 142 6537 9823 6556
f 6537 186 5387 9823
f 9823 5387 197 5567
f 6556 9823 5567 153
f 114 3680 9824 7980
f 3680 113 6458 9824
f 9824 6458 102 7769
f 7980 9824 7769 103
f 126 5933 9825 7072
f 5933 115 4264 9825
f 9825 4264 116 7128
f 7072 9825 7128 127
f 128 9314 9826 9599
f 9314 127 7128 9826
f 9826 7128 116 5092
f 9599 9826 5092 117
f 118 5876 9827 6264
f 5876 129 9390 9827
f 9827 9390 128 9599
f 6264 9827 9599 117
f 111 7583 9828 7623
f 7583 122 3520 9828
f 9828 3520 121 6555
f 7623 9828 6555 110
f 119 7213 9829 7426
f 7213 130 3429 9829
f 9829 3429 129 5876
f 7426 9829 5876 118
f 123 3988 9830 8752
f 3988 122 7583 9830
f 9830 7583 111 8669
f 8752 9830 8669 112
f 86 5851 9831 5880
f 5851 75 5402 9831
f 9831 5402 197 5387
f 5880 9831 5387 186
f 124 4467 9832 4407
f 4467 123 8752 9832
f 9832 8752 112 8751
f 4407 9832 8751 113
f 76 4772 9833 4813
f 4772 185 6557 9833
f 9833 6557 174 6694
f 4813 9833 6694 65
f 125 5133 9834 5140
f 5133 124 4407 9834
f 9834 4407 113 3680
f 5140 9834 3680 114
f 126 6142 9835 5933
f 6142 125 5140 9835
f 9835 5140 114 4126
f 5933 9835 4126 115
f 127 6966 9836 7072
f 6966 138 3381 9836
f 9836 3381 137 6211
f 7072 9836 6211 126
f 128 9391 9837 9314
f 9391 139 3754 9837
f 9837 3754 138 6966
f 9314 9837 6966 127
f 128 9390 9838 9391
f 9390 129 4815 9838
f 9838 4815 140 4762
f 9391 9838 4762 139
f 133 5381 9839 5385
f 5381 132 4582 9839
f 9839 4582 121 3520
f 5385 9839 3520 122
f 141 5624 9840 5632
f 5624 140 4815 9840
f 9840 4815 129 3429
f 5632 9840 3429 130
f 134 6856 9841 6713
f 6856 133 5385 9841
f 9841 5385 122 3988
f 6713 9841 3988 123
f 120 8472 9842 9180
f 8472 76 4813 9842
f 9842 4813 65 5781
f 9180 9842 5781 109
f 135 7745 9843 7869
f 7745 134 6713 9843
f 9843 6713 123 4467
f 7869 9843 4467 124
f 120 9180 9844 9122
f 9180 109 5588 9844
f 9844 5588 153 4583
f 9122 9844 4583 164
f 136 8432 9845 8233
f 8432 135 7869 9845
f 9845 7869 124 5133
f 8233 9845 5133 125
f 136 8233 9846 9239
f 8233 125 6142 9846
f 9846 6142 126 6211
f 9239 9846 6211 137
f 149 5099 9847 6265
f 5099 138 3754 9847
f 9847 3754 139 5853
f 6265 9847 5853 150
f 151 7427 9848 7400
f 7427 150 5853 9848
f 9848 5853 139 4762
f 7400 9848 4762 140
f 144 8671 9849 8626
f 8671 143 7492 9849
f 9849 7492 132 5381
f 8626 9849 5381 133
f 152 9062 9850 9182
f 9062 151 7400 9850
f 9850 7400 140 5624
f 9182 9850 5624 141
f 134 6817 9851 6856
f 6817 145 8753 9851
f 9851 8753 144 8626
f 6856 9851 8626 133
f 208 8658 9852 8630
f 8658 164 4583 9852
f 9852 4583 153 5567
f 8630 9852 5567 197
f 146 3315 9853 7981
f 3315 145 6817 9853
f 9853 6817 134 7745
f 7981 9853 7745 135
f 64 9397 9854 9386
f 9397 208 8630 9854
f 9854 8630 197 5402
f 9386 9854 5402 75
f 147 4127 9855 9241
f 4127 146 7981 9855
f 9855 7981 135 8432
f 9241 9855 8432 136
f 148 4265 9856 4240
f 4265 147 9241 9856
f 9856 9241 136 9239
f 4240 9856 9239 137
f 149 5093 9857 5099
f 5093 148 4240 9857
f 9857 4240 137 3381
f 5099 9857 3381 138
f 150 5878 9858 6265
f 5878 161 9392 9858
f 9858 9392 160 9601
f 6265 9858 9601 149
f 151 7216 9859 7427
f 7216 162 3430 9859
f 9859 3430 161 5878
f 7427 9859 5878 150
f 155 3989 9860 8754
f 3989 154 7584 9860
f 9860 7584 143 8671
f 8754 9860 8671 144
f 152 9121 9861 9062
f 9121 163 3864 9861
f 9861 3864 162 7216
f 9062 9861 7216 151
f 144 8753 9862 8754
f 8753 145 4408 9862
f 9862 4408 156 4468
f 8754 9862 4468 155
f 87 7218 9863 7398
f 7218 196 4584 9863
f 9863 4584 185 4772
f 7398 9863 4772 76
f 156 4408 9864 5134
f 4408 145 3315 9864
f 9864 3315 146 5141
f 5134 9864 5141 157
f 120 9120 9865 8472
f 9120 131 7214 9865
f 9865 7214 87 7398
f 8472 9865 7398 76
f 158 6143 9866 5934
f 6143 157 5141 9866
f 9866 5141 146 4127
f 5934 9866 4127 147
f 159 7099 9867 7129
f 7099 158 5934 9867
f 9867 5934 147 4265
f 7129 9867 4265 148
f 160 9315 9868 9601
f 9315 159 7129 9868
f 9868 7129 148 5093
f 9601 9868 5093 149
f 173 5625 9869 5633
f 5625 172 4816 9869
f 9869 4816 161 3430
f 5633 9869 3430 162
f 166 6857 9870 6715
f 6857 165 5386 9870
f 9870 5386 154 3989
f 6715 9870 3989 155
f 173 5633 9871 6504
f 5633 162 3864 9871
f 9871 3864 163 6584
f 6504 9871 6584 174
f 167 7747 9872 7870
f 7747 166 6715 9872
f 9872 6715 155 4468
f 7870 9872 4468 156
f 120 9122 9873 9120
f 9122 164 7493 9873
f 9873 7493 175 7514
f 9120 9873 7514 131
f 167 7870 9874 8433
f 7870 156 5134 9874
f 9874 5134 157 8234
f 8433 9874 8234 168
f 216 9064 9875 9126
f 9064 175 7493 9875
f 9875 7493 164 8658
f 9126 9875 8658 208
f 168 8234 9876 9243
f 8234 157 6143 9876
f 9876 6143 158 6212
f 9243 9876 6212 169
f 170 3382 9877 6967
f 3382 169 6212 9877
f 9877 6212 158 7099
f 6967 9877 7099 159
f 160 9393 9878 9315
f 9393 171 3755 9878
f 9878 3755 170 6967
f 9315 9878 6967 159
f 172 4763 9879 4816
f 4763 171 9393 9879
f 9879 9393 160 9392
f 4816 9879 9392 161
f 176 8627 9880 8756
f 8627 165 6857 9880
f 9880 6857 166 6818
f 8756 9880 6818 177
f 184 9183 9881 9123
f 9183 173 6504 9881
f 9881 6504 174 6557
f 9123 9881 6557 185
f 167 7982 9882 7747
f 7982 178 3316 9882
f 9882 3316 177 6818
f 7747 9882 6818 166
f 216 9126 9883 9185
f 9126 208 9397 9883
f 9883 9397 64 9596
f 9185 9883 9596 53
f 168 9244 9884 8433
f 9244 179 4128 9884
f 9884 4128 178 7982
f 8433 9884 7982 167
f 87 7418 9885 7218
f 7418 3 7515 9885
f 9885 7515 207 7494
f 7218 9885 7494 196
f 180 4266 9886 4241
f 4266 179 9244 9886
f 9886 9244 168 9243
f 4241 9886 9243 169
f 180 4241 9887 5094
f 4241 169 3382 9887
f 9887 3382 170 5100
f 5094 9887 5100 181
f 182 6266 9888 5854
f 6266 181 5100 9888
f 9888 5100 170 3755
f 5854 9888 3755 171
f 183 7428 9889 7401
f 7428 182 5854 9889
f 9889 5854 171 4763
f 7401 9889 4763 172
f 184 9063 9890 9183
f 9063 183 7401 9890
f 9890 7401 172 5625
f 9183 9890 5625 173
f 196 4592 9891 4584
f 4592 195 9124 9891
f 9891 9124 184 9123
f 4584 9891 9123 185
f 189 5135 9892 5142
f 5135 188 4409 9892
f 9892 4409 177 3316
f 5142 9892 3316 178
f 13 5641 9893 5587
f 5641 3 7418 9893
f 9893 7418 87 7214
f 5587 9893 7214 131
f 190 6144 9894 5935
f 6144 189 5142 9894
f 9894 5142 178 4128
f 5935 9894 4128 179
f 175 7485 9895 7514
f 7485 23 7294 9895
f 9895 7294 13 5587
f 7514 9895 5587 131
f 191 7073 9896 7130
f 7073 190 5935 9896
f 9896 5935 179 4266
f 7130 9896 4266 180
f 192 9318 9897 9603
f 9318 191 7130 9897
f 9897 7130 180 5094
f 9603 9897 5094 181
f 182 6311 9898 6266
f 6311 193 9394 9898
f 9898 9394 192 9603
f 6266 9898 9603 181
f 183 7217 9899 7428
f 7217 194 3431 9899
f 9899 3431 193 6311
f 7428 9899 6311 182
f 184 9124 9900 9063
f 9124 195 3865 9900
f 9900 3865 194 7217
f 9063 9900 7217 183
f 176 8756 9901 8757
f 8756 177 4409 9901
f 9901 4409 188 4469
f 8757 9901 4469 187
f 200 8434 9902 8235
f 8434 199 7871 9902
f 9902 7871 188 5135
f 8235 9902 5135 189
f 175 9064 9903 7485
f 9064 216 8984 9903
f 9903 8984 33 7211
f 7485 9903 7211 23
f 200 8235 9904 9245
f 8235 189 6144 9904
f 9904 6144 190 5905
f 9245 9904 5905 201
f 53 5115 9905 9185
f 5115 43 3735 9905
f 9905 3735 33 8984
f 9185 9905 8984 216
f 191 6968 9906 7073
f 6968 202 3383 9906
f 9906 3383 201 5905
f 7073 9906 5905 190
f 203 3756 9907 9396
f 3756 202 6968 9907
f 9907 6968 191 9318
f 9396 9907 9318 192
f 192 9394 9908 9396
f 9394 193 4817 9908
f 9908 4817 204 4764
f 9396 9908 4764 203
f 205 5627 9909 5634
f 5627 204 4817 9909
f 9909 4817 193 3431
f 5634 9909 3431 194
f 206 6505 9910 6585
f 6505 205 5634 9910
f 9910 5634 194 3865
f 6585 9910 3865 195
f 199 7748 9911 7871
f 7748 198 6718 9911
f 9911 6718 187 4469
f 7871 9911 4469 188
f 207 7588 9912 7494
f 7588 206 6585 9912
f 9912 6585 195 4592
f 7494 9912 4592 196
f 200 9245 9913 9246
f 9245 201 3246 9913
f 9913 3246 1 3714
f 9246 9913 3714 211
f 1 3246 9914 4242
f 3246 201 3383 9914
f 9914 3383 202 4267
f 4242 9914 4267 212
f 212 4267 9915 4273
f 4267 202 3756 9915
f 9915 3756 203 3733
f 4273 9915 3733 2
f 213 5101 9916 5095
f 5101 2 3733 9916
f 9916 3733 203 4764
f 5095 9916 4764 204
f 214 6267 9917 6253
f 6267 213 5095 9917
f 9917 5095 204 5627
f 6253 9917 5627 205
f 215 7429 9918 7282
f 7429 214 6253 9918
f 9918 6253 205 6505
f 7282 9918 6505 206
f 199 7983 9919 7748
f 7983 210 3681 9919
f 9919 3681 209 6819
f 7748 9919 6819 198
f 207 7515 9920 7588
f 7515 3 7419 9920
f 9920 7419 215 7282
f 7588 9920 7282 206
f 200 9246 9921 8434
f 9246 211 4130 9921
f 9921 4130 210 7983
f 8434 9921 7983 199
f 696 9028 9922 9197
f 9028 1111 6950 9922
f 9922 6950 1108 4886
f 9197 9922 4886 634
f 1218 3454 9923 6797
f 3454 633 3513 9923
f 9923 3513 634 6786
f 6797 9923 6786 1230
f 747 3765 9924 3764
f 3765 522 3442 9924
f 9924 3442 354 3440
f 3764 9924 3440 746
f 744 8386 9925 8346
f 8386 745 3351 9925
f 9925 3351 330 3353
f 8346 9925 3353 537
f 330 3351 9926 3433
f 3351 745 3371 9926
f 9926 3371 746 3440
f 3433 9926 3440 354
f 1114 3592 9927 8105
f 3592 3066 6792 9927
f 9927 6792 3070 9625
f 8105 9927 9625 1104
f 3072 8217 9928 8341
f 8217 3073 4370 9928
f 9928 4370 604 5613
f 8341 9928 5613 845
f 354 3420 9929 3433
f 3420 329 3247 9929
f 9929 3247 353 3341
f 3433 9929 3341 330
f 696 9206 9930 9028
f 9206 694 5872 9930
f 9930 5872 1110 6906
f 9028 9930 6906 1111
f 3142 6774 9931 6623
f 6774 1115 6365 9931
f 9931 6365 1126 6407
f 6623 9931 6407 3146
f 633 3286 9932 3513
f 3286 697 9142 9932
f 9932 9142 696 9197
f 3513 9932 9197 634
f 622 6548 9933 6476
f 6548 745 8386 9933
f 9933 8386 744 8242
f 6476 9933 8242 627
f 746 3371 9934 7567
f 3371 745 6548 9934
f 9934 6548 622 7594
f 7567 9934 7594 623
f 1117 5289 9935 9103
f 5289 3213 7053 9935
f 9935 7053 3228 9522
f 9103 9935 9522 3144
f 542 6214 9936 6131
f 6214 845 5626 9936
f 9936 5626 844 5339
f 6131 9936 5339 541
f 3142 6679 9937 6774
f 6679 3069 5223 9937
f 9937 5223 1109 4995
f 6774 9937 4995 1115
f 3069 5445 9938 5223
f 5445 3068 8536 9938
f 9938 8536 1112 8647
f 5223 9938 8647 1109
f 842 3375 9939 3760
f 3375 329 3243 9939
f 9939 3243 521 3738
f 3760 9939 3738 843
f 694 9206 9940 6254
f 9206 696 9142 9940
f 9940 9142 697 4945
f 6254 9940 4945 693
f 632 9143 9941 9140
f 9143 698 3514 9941
f 9941 3514 697 3286
f 9140 9941 3286 633
f 630 6252 9942 5874
f 6252 629 5151 9942
f 9942 5151 701 5123
f 5874 9942 5123 700
f 600 9139 9943 9069
f 9139 606 6132 9943
f 9943 6132 605 7355
f 9069 9943 7355 599
f 1037 8537 9944 5740
f 8537 984 8976 9944
f 9944 8976 985 3822
f 5740 9944 3822 1067
f 622 6476 9945 6541
f 6476 627 3955 9945
f 9945 3955 1225 5449
f 6541 9945 5449 1229
f 845 5613 9946 5626
f 5613 604 4421 9946
f 9946 4421 603 4757
f 5626 9946 4757 844
f 540 4447 9947 4741
f 4447 604 4370 9947
f 9947 4370 3073 3671
f 4741 9947 3671 3074
f 1125 5517 9948 5514
f 5517 1116 6926 9948
f 9948 6926 983 6925
f 5514 9948 6925 1060
f 743 7779 9949 8444
f 7779 621 5600 9949
f 9949 5600 627 8242
f 8444 9949 8242 744
f 536 9137 9950 8968
f 9137 537 3353 9950
f 9950 3353 330 3341
f 8968 9950 3341 353
f 744 8346 9951 8444
f 8346 537 3979 9951
f 9951 3979 475 7888
f 8444 9951 7888 743
f 1086 6115 9952 6057
f 6115 1067 3822 9952
f 9952 3822 985 3606
f 6057 9952 3606 986
f 1030 6406 9953 5832
f 6406 1122 3947 9953
f 9953 3947 1123 3722
f 5832 9953 3722 1057
f 743 7508 9954 7779
f 7508 742 6698 9954
f 9954 6698 628 5601
f 7779 9954 5601 621
f 600 9025 9955 9139
f 9025 3075 4544 9955
f 9955 4544 3076 6196
f 9139 9955 6196 606
f 1125 5514 9956 8068
f 5514 1060 4625 9956
f 9956 4625 1059 8096
f 8068 9956 8096 1127
f 632 9070 9957 9143
f 9070 631 7357 9957
f 9957 7357 699 3998
f 9143 9957 3998 698
f 956 4928 9958 4751
f 4928 412 4381 9958
f 9958 4381 3081 3413
f 4751 9958 3413 3082
f 621 5584 9959 5600
f 5584 1213 5794 9959
f 9959 5794 1225 3955
f 5600 9959 3955 627
f 520 8377 9960 8340
f 8377 605 6132 9960
f 9960 6132 606 5939
f 8340 9960 5939 433
f 381 5338 9961 5328
f 5338 841 3369 9961
f 9961 3369 842 3374
f 5328 9961 3374 601
f 540 4419 9962 4447
f 4419 539 3829 9962
f 9962 3829 603 4421
f 4447 9962 4421 604
f 692 5086 9963 4279
f 5086 693 4945 9963
f 9963 4945 697 3514
f 4279 9963 3514 698
f 536 8968 9964 9039
f 8968 353 3249 9964
f 9964 3249 841 8407
f 9039 9964 8407 840
f 541 5339 9965 5156
f 5339 844 4752 9965
f 9965 4752 843 3738
f 5156 9965 3738 521
f 475 3979 9966 4443
f 3979 537 9137 9966
f 9966 9137 536 8474
f 4443 9966 8474 476
f 832 9590 9967 9296
f 9590 477 5862 9967
f 9967 5862 438 7075
f 9296 9967 7075 831
f 600 8475 9968 9025
f 8475 540 4741 9968
f 9968 4741 3074 3802
f 9025 9968 3802 3075
f 844 4757 9969 4752
f 4757 603 3996 9969
f 9969 3996 602 3741
f 4752 9969 3741 843
f 983 6992 9970 8465
f 6992 694 6254 9970
f 9970 6254 693 8641
f 8465 9970 8641 984
f 984 8641 9971 8976
f 8641 693 5086 9971
f 9971 5086 692 4572
f 8976 9971 4572 985
f 829 8406 9972 5120
f 8406 520 8340 9972
f 9972 8340 433 4399
f 5120 9972 4399 828
f 3078 6479 9973 6480
f 6479 828 4399 9973
f 9973 4399 433 5211
f 6480 9973 5211 3077
f 692 4279 9974 4269
f 4279 698 3998 9974
f 9974 3998 699 4141
f 4269 9974 4141 691
f 1213 5584 9975 5276
f 5584 621 5601 9975
f 9975 5601 628 5044
f 5276 9975 5044 981
f 981 5044 9976 4999
f 5044 628 4270 9976
f 9976 4270 618 4212
f 4999 9976 4212 1235
f 439 7346 9977 7228
f 7346 605 8377 9977
f 9977 8377 520 8293
f 7228 9977 8293 434
f 439 7228 9978 7299
f 7228 434 6303 9978
f 9978 6303 438 6269
f 7299 9978 6269 381
f 742 6845 9979 6698
f 6845 741 5391 9979
f 9979 5391 618 4270
f 6698 9979 4270 628
f 1474 3456 9980 5412
f 3456 1250 4569 9980
f 9980 4569 324 5366
f 5412 9980 5366 613
f 600 9069 9981 8475
f 9069 599 7413 9981
f 9981 7413 539 4419
f 8475 9981 4419 540
f 599 7355 9982 7435
f 7355 605 7346 9982
f 9982 7346 439 7354
f 7435 9982 7354 598
f 602 3564 9983 3512
f 3564 538 5848 9983
f 9983 5848 598 6245
f 3512 9983 6245 601
f 630 5874 9984 7436
f 5874 700 4424 9984
f 9984 4424 699 7357
f 7436 9984 7357 631
f 743 7888 9985 7508
f 7888 475 4004 9985
f 9985 4004 611 6708
f 7508 9985 6708 742
f 335 7564 9986 7547
f 7564 611 4004 9986
f 9986 4004 475 4443
f 7547 9986 4443 476
f 1051 6065 9987 4054
f 6065 1086 6057 9987
f 9987 6057 986 4045
f 4054 9987 4045 987
f 599 7435 9988 7413
f 7435 598 5848 9988
f 9988 5848 538 3995
f 7413 9988 3995 539
f 439 7299 9989 7354
f 7299 381 5328 9989
f 9989 5328 601 6245
f 7354 9989 6245 598
f 539 3995 9990 3829
f 3995 538 3564 9990
f 9990 3564 602 3996
f 3829 9990 3996 603
f 614 9207 9991 6747
f 9207 760 8479 9991
f 9991 8479 756 4614
f 6747 9991 4614 740
f 832 8131 9992 9616
f 8131 478 8128 9992
f 9992 8128 768 9587
f 9616 9992 9587 413
f 838 6848 9993 6843
f 6848 597 5085 9993
f 9993 5085 380 5363
f 6843 9993 5363 837
f 984 8537 9994 8465
f 8537 1037 5739 9994
f 9994 5739 1060 6925
f 8465 9994 6925 983
f 692 4269 9995 4572
f 4269 691 4123 9995
f 9995 4123 986 3606
f 4572 9995 3606 985
f 987 4045 9996 4041
f 4045 986 4123 9996
f 9996 4123 691 4136
f 4041 9996 4136 690
f 3079 7631 9997 7669
f 7631 337 4428 9997
f 9997 4428 828 6479
f 7669 9997 6479 3078
f 3080 9573 9998 8856
f 9573 342 6233 9998
f 9998 6233 337 7631
f 8856 9998 7631 3079
f 615 7958 9999 7959
f 7958 740 4614 9999
f 9999 4614 756 4255
f 7959 9999 4255 755
f 615 7952 10000 7958
f 7952 618 5391 10000
f 10000 5391 741 5368
f 7958 10000 5368 740
f 839 7750 10001 7881
f 7750 838 7572 10001
f 10001 7572 335 7547
f 7881 10001 7547 476
f 839 7881 10002 8424
f 7881 476 8474 10002
f 10002 8474 536 9039
f 8424 10002 9039 840
f 701 5157 10003 5123
f 5157 689 3634 10003
f 10003 3634 690 4425
f 5123 10003 4425 700
f 840 8407 10004 8300
f 8407 841 5338 10004
f 10004 5338 381 6269
f 8300 10004 6269 438
f 477 5149 10005 7780
f 5149 597 6848 10005
f 10005 6848 838 7750
f 7780 10005 7750 839
f 988 4647 10006 4685
f 4647 987 4041 10006
f 10006 4041 690 3634
f 4685 10006 3634 689
f 838 6843 10007 7572
f 6843 837 6954 10007
f 10007 6954 447 7505
f 7572 10007 7505 335
f 840 8300 10008 8424
f 8300 438 5862 10008
f 10008 5862 477 7780
f 8424 10008 7780 839
f 958 6186 10009 6032
f 6186 741 6845 10009
f 10009 6845 742 6708
f 6032 10009 6708 611
f 700 4425 10010 4424
f 4425 690 4136 10010
f 10010 4136 691 4141
f 4424 10010 4141 699
f 3080 9353 10011 9573
f 9353 3081 4381 10011
f 10011 4381 412 5860
f 9573 10011 5860 342
f 615 7959 10012 7975
f 7959 755 4144 10012
f 10012 4144 291 6455
f 7975 10012 6455 966
f 702 6134 10013 5936
f 6134 701 5151 10013
f 10013 5151 629 5111
f 5936 10013 5111 619
f 616 8313 10014 8382
f 8313 612 9546 10014
f 10014 9546 704 9330
f 8382 10014 9330 703
f 614 6747 10015 6842
f 6747 740 5368 10015
f 10015 5368 741 6186
f 6842 10015 6186 958
f 830 6136 10016 8796
f 6136 829 7966 10016
f 10016 7966 519 8762
f 8796 10016 8762 336
f 837 5363 10017 5379
f 5363 380 4442 10017
f 10017 4442 379 4587
f 5379 10017 4587 836
f 447 6960 10018 7505
f 6960 958 6032 10018
f 10018 6032 611 7564
f 7505 10018 7564 335
f 832 9616 10019 9590
f 9616 413 5153 10019
f 10019 5153 597 5149
f 9590 10019 5149 477
f 614 6842 10020 6433
f 6842 958 6960 10020
f 10020 6960 447 7030
f 6433 10020 7030 377
f 832 9296 10021 8131
f 9296 831 7253 10021
f 10021 7253 535 7433
f 8131 10021 7433 478
f 336 8763 10022 8796
f 8763 535 7253 10022
f 10022 7253 831 7086
f 8796 10022 7086 830
f 519 7843 10023 7754
f 7843 337 6233 10023
f 10023 6233 342 6829
f 7754 10023 6829 518
f 1015 6923 10024 6904
f 6923 1029 5513 10024
f 10024 5513 1028 5948
f 6904 10024 5948 1014
f 988 4683 10025 4647
f 4683 1082 4055 10025
f 10025 4055 1051 4054
f 4647 10025 4054 987
f 702 5936 10026 7078
f 5936 619 8378 10026
f 10026 8378 616 8382
f 7078 10026 8382 703
f 1237 5051 10027 5025
f 5051 291 4144 10027
f 10027 4144 755 4118
f 5025 10027 4118 642
f 518 6829 10028 6841
f 6829 342 5860 10028
f 10028 5860 412 5364
f 6841 10028 5364 517
f 519 7754 10029 8762
f 7754 518 6836 10029
f 10029 6836 341 8776
f 8762 10029 8776 336
f 518 6841 10030 6836
f 6841 517 5398 10030
f 10030 5398 411 4939
f 6836 10030 4939 341
f 751 7569 10031 8683
f 7569 756 8479 10031
f 10031 8479 760 9146
f 8683 10031 9146 752
f 413 5176 10032 5153
f 5176 765 5127 10032
f 10032 5127 380 5085
f 5153 10032 5085 597
f 831 7075 10033 7086
f 7075 438 6303 10033
f 10033 6303 434 5927
f 7086 10033 5927 830
f 760 9207 10034 9072
f 9207 614 6433 10034
f 10034 6433 377 7001
f 9072 10034 7001 759
f 989 5254 10035 5313
f 5254 988 4685 10035
f 10035 4685 689 4778
f 5313 10035 4778 620
f 751 7526 10036 7569
f 7526 642 4118 10036
f 10036 4118 755 4255
f 7569 10036 4255 756
f 704 9463 10037 9585
f 9463 1471 7251 10037
f 10037 7251 1474 5412
f 9585 10037 5412 613
f 447 6954 10038 7030
f 6954 837 5379 10038
f 10038 5379 836 4632
f 7030 10038 4632 377
f 751 8544 10039 7526
f 8544 1144 9168 10039
f 10039 9168 1161 3364
f 7526 10039 3364 642
f 954 3619 10040 3984
f 3619 953 5471 10040
f 10040 5471 533 5109
f 3984 10040 5109 411
f 752 8771 10041 8788
f 8771 753 3543 10041
f 10041 3543 1178 3648
f 8788 10041 3648 1170
f 759 7222 10042 9072
f 7222 753 8771 10042
f 10042 8771 752 9146
f 9072 10042 9146 760
f 748 4753 10043 4410
f 4753 739 6974 10043
f 10043 6974 1143 7661
f 4410 10043 7661 1169
f 1480 9350 10044 9264
f 9350 1488 8834 10044
f 10044 8834 360 9255
f 9264 10044 9255 531
f 768 8128 10045 9475
f 8128 478 7092 10045
f 10045 7092 479 6951
f 9475 10045 6951 769
f 702 7078 10046 6159
f 7078 703 7033 10046
f 10046 7033 617 4811
f 6159 10046 4811 620
f 480 9412 10047 9406
f 9412 533 5471 10047
f 10047 5471 953 8975
f 9406 10047 8975 952
f 989 8995 10048 5254
f 8995 1072 8938 10048
f 10048 8938 1082 4683
f 5254 10048 4683 988
f 1463 7386 10049 6943
f 7386 1471 9463 10049
f 10049 9463 704 9546
f 6943 10049 9546 612
f 357 5415 10050 5073
f 5415 364 4390 10050
f 10050 4390 1481 3880
f 5073 10050 3880 1491
f 247 7353 10051 7441
f 7353 596 4250 10051
f 10051 4250 3083 4361
f 7441 10051 4361 3084
f 517 5364 10052 5230
f 5364 412 4928 10052
f 10052 4928 956 4645
f 5230 10052 4645 955
f 1463 6902 10053 7448
f 6902 1462 5843 10053
f 10053 5843 625 3661
f 7448 10053 3661 626
f 704 9585 10054 9330
f 9585 613 5419 10054
f 10054 5419 617 7033
f 9330 10054 7033 703
f 1489 3263 10055 3405
f 3263 705 3656 10055
f 10055 3656 626 3658
f 3405 10055 3658 1482
f 1237 5025 10056 5292
f 5025 642 3364 10056
f 10056 3364 1161 4981
f 5292 10056 4981 1245
f 528 8770 10057 8857
f 8770 739 3872 10057
f 10057 3872 738 3424
f 8857 10057 3424 473
f 517 5230 10058 5398
f 5230 955 4044 10058
f 10058 4044 954 3984
f 5398 10058 3984 411
f 595 4121 10059 4268
f 4121 955 4645 10059
f 10059 4645 956 4430
f 4268 10059 4430 596
f 595 4135 10060 4121
f 4135 594 3660 10060
f 10060 3660 954 4044
f 4121 10060 4044 955
f 535 8763 10061 7283
f 8763 336 8776 10061
f 10061 8776 341 6250
f 7283 10061 6250 534
f 534 6250 10062 6256
f 6250 341 4939 10062
f 10062 4939 411 5109
f 6256 10062 5109 533
f 759 7001 10063 7364
f 7001 377 4632 10063
f 10063 4632 836 4562
f 7364 10063 4562 835
f 594 3631 10064 3660
f 3631 593 3281 10064
f 10064 3281 953 3619
f 3660 10064 3619 954
f 834 3427 10065 3868
f 3427 753 7222 10065
f 10065 7222 759 7364
f 3868 10065 7364 835
f 758 5850 10066 6255
f 5850 379 3982 10066
f 10066 3982 762 4946
f 6255 10066 4946 757
f 535 7283 10067 7433
f 7283 534 6940 10067
f 10067 6940 479 7092
f 7433 10067 7092 478
f 766 6135 10068 8127
f 6135 765 5176 10068
f 10068 5176 413 9587
f 8127 10068 9587 768
f 989 5313 10069 5267
f 5313 620 4811 10069
f 10069 4811 617 4293
f 5267 10069 4293 468
f 480 9487 10070 9412
f 9487 479 6940 10070
f 10070 6940 534 6256
f 9412 10070 6256 533
f 748 9439 10071 4753
f 9439 736 9438 10071
f 10071 9438 738 3872
f 4753 10071 3872 739
f 765 5144 10072 5127
f 5144 762 3982 10072
f 10072 3982 379 4442
f 5127 10072 4442 380
f 1503 8259 10073 7197
f 8259 1248 8188 10073
f 10073 8188 659 6067
f 7197 10073 6067 990
f 836 4587 10074 4562
f 4587 379 5850 10074
f 10074 5850 758 5882
f 4562 10074 5882 835
f 473 3277 10075 8857
f 3277 1217 5033 10075
f 10075 5033 1221 8789
f 8857 10075 8789 528
f 1192 9536 10076 9280
f 9536 393 4009 10076
f 10076 4009 507 4003
f 9280 10076 4003 1186
f 688 8786 10077 8800
f 8786 3140 5456 10077
f 10077 5456 3141 5430
f 8800 10077 5430 859
f 596 7353 10078 4268
f 7353 247 7219 10078
f 10078 7219 250 3709
f 4268 10078 3709 595
f 758 5902 10079 5882
f 5902 754 3628 10079
f 10079 3628 834 3868
f 5882 10079 3868 835
f 750 7568 10080 6473
f 7568 527 7571 10080
f 10080 7571 833 5237
f 6473 10080 5237 957
f 446 6209 10081 6210
f 6209 754 5902 10081
f 10081 5902 758 6255
f 6210 10081 6255 757
f 767 7122 10082 7080
f 7122 764 4461 10082
f 10082 4461 763 5929
f 7080 10082 5929 766
f 367 7562 10083 7545
f 7562 566 7434 10083
f 10083 7434 567 7331
f 7545 10083 7331 436
f 1150 6116 10084 8965
f 6116 555 6722 10084
f 10084 6722 390 8959
f 8965 10084 8959 1168
f 613 5366 10085 5419
f 5366 324 4601 10085
f 10085 4601 468 4293
f 5419 10085 4293 617
f 1256 9437 10086 9276
f 9437 1510 6361 10086
f 10086 6361 990 6067
f 9276 10086 6067 659
f 568 9113 10087 9194
f 9113 738 9438 10087
f 10087 9438 736 9567
f 9194 10087 9567 355
f 480 9476 10088 9487
f 9476 770 3425 10088
f 10088 3425 769 6951
f 9487 10088 6951 479
f 1173 4998 10089 5023
f 4998 1178 3543 10089
f 10089 3543 753 3427
f 5023 10089 3427 834
f 1503 7172 10090 7062
f 7172 1258 8947 10090
f 10090 8947 1072 8995
f 7062 10090 8995 989
f 237 5591 10091 7296
f 5591 249 3462 10091
f 10091 3462 250 7219
f 7296 10091 7219 247
f 1476 6046 10092 4631
f 6046 1462 5828 10092
f 10092 5828 610 4199
f 4631 10092 4199 1171
f 1176 8577 10093 8646
f 8577 754 6209 10093
f 10093 6209 446 6200
f 8646 10093 6200 1156
f 635 4295 10094 3981
f 4295 1484 4403 10094
f 10094 4403 1489 3317
f 3981 10094 3317 706
f 626 3661 10095 3658
f 3661 625 6626 10095
f 10095 6626 1486 6794
f 3658 10095 6794 1482
f 707 3871 10096 5331
f 3871 706 9434 10096
f 10096 9434 608 9426
f 5331 10096 9426 637
f 234 3339 10097 3352
f 3339 233 4818 10097
f 10097 4818 236 4774
f 3352 10097 4774 249
f 440 9110 10098 9313
f 9110 473 3424 10098
f 10098 3424 738 9113
f 9313 10098 9113 568
f 639 6938 10099 7787
f 6938 1484 4349 10099
f 10099 4349 1251 7948
f 7787 10099 7948 327
f 1480 9264 10100 8360
f 9264 531 6216 10100
f 10100 6216 350 6876
f 8360 10100 6876 1481
f 638 6133 10101 5940
f 6133 637 9426 10101
f 10101 9426 608 9423
f 5940 10101 9423 609
f 1467 4043 10102 3971
f 4043 1466 4248 10102
f 10102 4248 532 4276
f 3971 10102 4276 530
f 3085 5582 10103 4962
f 5582 237 7296 10103
f 10103 7296 247 7441
f 4962 10103 7441 3084
f 853 4957 10104 4956
f 4957 441 3268 10104
f 10104 3268 737 3279
f 4956 10104 3279 833
f 568 9067 10105 9313
f 9067 567 7231 10105
f 10105 7231 385 8964
f 9313 10105 8964 440
f 595 3709 10106 4135
f 3709 250 5881 10106
f 10106 5881 246 6244
f 4135 10106 6244 594
f 688 8800 10107 8681
f 8800 859 3993 10107
f 10107 3993 858 7574
f 8681 10107 7574 687
f 384 9485 10108 9453
f 9485 351 7504 10108
f 10108 7504 367 7545
f 9453 10108 7545 436
f 856 9171 10109 9136
f 9171 685 5605 10109
f 10109 5605 857 7279
f 9136 10109 7279 991
f 736 8156 10110 9567
f 8156 737 3268 10110
f 10110 3268 441 3873
f 9567 10110 3873 355
f 446 6210 10111 6150
f 6210 757 4934 10111
f 10111 4934 761 5335
f 6150 10111 5335 445
f 568 9194 10112 9067
f 9194 355 4290 10112
f 10112 4290 436 7331
f 9067 10112 7331 567
f 767 7010 10113 7122
f 7010 410 3511 10113
f 10113 3511 409 4398
f 7122 10113 4398 764
f 766 5929 10114 6135
f 5929 763 4000 10114
f 10114 4000 762 5144
f 6135 10114 5144 765
f 953 3281 10115 8975
f 3281 593 8764 10115
f 10115 8764 592 9186
f 8975 10115 9186 952
f 763 4013 10116 4000
f 4013 761 4934 10116
f 10116 4934 757 4946
f 4000 10116 4946 762
f 672 9480 10117 9431
f 9480 857 5605 10117
f 10117 5605 685 5556
f 9431 10117 5556 684
f 3152 8219 10118 8664
f 8219 1074 3921 10118
f 10118 3921 995 7820
f 8664 10118 7820 3143
f 3143 7820 10119 7169
f 7820 995 3985 10119
f 10119 3985 859 5430
f 7169 10119 5430 3141
f 638 5924 10120 6133
f 5924 514 3870 10120
f 10120 3870 515 5146
f 6133 10120 5146 637
f 1467 4074 10121 3723
f 4074 1465 3284 10121
f 10121 3284 529 3508
f 3723 10121 3508 474
f 246 5900 10122 5857
f 5900 236 4781 10122
f 10122 4781 258 3854
f 5857 10122 3854 259
f 636 4439 10123 4609
f 4439 707 4585 10123
f 10123 4585 708 4612
f 4609 10123 4612 548
f 3085 6761 10124 5582
f 6761 3086 6710 10124
f 10124 6710 235 5609
f 5582 10124 5609 237
f 636 4422 10125 4439
f 4422 635 3981 10125
f 10125 3981 706 3871
f 4439 10125 3871 707
f 1232 9021 10126 8961
f 9021 339 4095 10126
f 10126 4095 427 6366
f 8961 10126 6366 1222
f 637 5146 10127 5331
f 5146 515 4560 10127
f 10127 4560 708 4585
f 5331 10127 4585 707
f 720 8782 10128 8795
f 8782 3108 5454 10128
f 10128 5454 3109 5429
f 8795 10128 5429 827
f 3088 9222 10129 9289
f 9222 939 3801 10129
f 10129 3801 890 7849
f 9289 10129 7849 3087
f 923 3994 10130 5607
f 3994 890 3801 10130
f 10130 3801 939 5658
f 5607 10130 5658 877
f 512 9411 10131 9462
f 9411 532 4248 10131
f 10131 4248 1466 4654
f 9462 10131 4654 1468
f 237 5609 10132 5591
f 5609 235 3757 10132
f 10132 3757 234 3352
f 5591 10132 3352 249
f 246 5881 10133 5900
f 5881 250 3462 10133
f 10133 3462 249 4774
f 5900 10133 4774 236
f 767 7084 10134 7010
f 7084 769 3425 10134
f 10134 3425 770 3510
f 7010 10134 3510 410
f 376 9147 10135 9148
f 9147 761 4013 10135
f 10135 4013 763 4461
f 9148 10135 4461 764
f 951 6927 10136 7452
f 6927 950 5826 10136
f 10136 5826 410 3510
f 7452 10136 3510 770
f 592 8764 10137 8611
f 8764 593 3860 10137
f 10137 3860 259 4936
f 8611 10137 4936 245
f 674 3439 10138 3438
f 3439 857 9480 10138
f 10138 9480 672 9430
f 3438 10138 9430 681
f 995 3921 10139 3887
f 3921 1074 4173 10139
f 10139 4173 1075 4181
f 3887 10139 4181 994
f 1013 5014 10140 5013
f 5014 1034 3553 10140
f 10140 3553 1033 3358
f 5013 10140 3358 1026
f 1510 6340 10141 6361
f 6340 1509 4929 10141
f 10141 4929 1073 6714
f 6361 10141 6714 990
f 709 5408 10142 8767
f 5408 1189 5105 10142
f 10142 5105 1193 8675
f 8767 10142 8675 560
f 326 6861 10143 6835
f 6861 325 5420 10143
f 10143 5420 635 4422
f 6835 10143 4422 636
f 1150 6058 10144 6116
f 6058 1146 6198 10144
f 10144 6198 350 6204
f 6116 10144 6204 555
f 350 6216 10145 6204
f 6216 531 4766 10145
f 10145 4766 556 4760
f 6204 10145 4760 555
f 235 3746 10146 3757
f 3746 890 3994 10146
f 10146 3994 923 4001
f 3757 10146 4001 234
f 515 3870 10147 3859
f 3870 514 4030 10147
f 10147 4030 507 4009
f 3859 10147 4009 393
f 3087 7849 10148 7926
f 7849 890 3746 10148
f 10148 3746 235 6710
f 7926 10148 6710 3086
f 687 7574 10149 7596
f 7574 858 6907 10149
f 10149 6907 671 6945
f 7596 10149 6945 686
f 687 7596 10150 7558
f 7596 686 6324 10150
f 10150 6324 1257 4068
f 7558 10150 4068 1307
f 1487 7812 10151 7742
f 7812 1478 9464 10151
f 10151 9464 512 9410
f 7742 10151 9410 513
f 1472 9583 10152 8157
f 9583 1473 3935 10152
f 10152 3935 307 4119
f 8157 10152 4119 513
f 567 7434 10153 7231
f 7434 566 5847 10153
f 10153 5847 386 3421
f 7231 10153 3421 385
f 246 5857 10154 6244
f 5857 259 3860 10154
f 10154 3860 593 3631
f 6244 10154 3631 594
f 236 4818 10155 4781
f 4818 233 9248 10155
f 10155 9248 232 8389
f 4781 10155 8389 258
f 384 9453 10156 9454
f 9453 436 4290 10156
f 10156 4290 355 3873
f 9454 10156 3873 441
f 853 5083 10157 4957
f 5083 852 9479 10157
f 10157 9479 384 9454
f 4957 10157 9454 441
f 527 7521 10158 7571
f 7521 442 5103 10158
f 10158 5103 853 4956
f 7571 10158 4956 833
f 749 5608 10159 5785
f 5608 957 5237 10159
f 10159 5237 833 3279
f 5785 10159 3279 737
f 376 9020 10160 9147
f 9020 444 5129 10160
f 10160 5129 445 5335
f 9147 10160 5335 761
f 1136 8944 10161 9000
f 8944 1156 6200 10161
f 10161 6200 446 6150
f 9000 10161 6150 445
f 408 9018 10162 9019
f 9018 376 9148 10162
f 10162 9148 764 4398
f 9019 10162 4398 409
f 245 5431 10163 8611
f 5431 261 5423 10163
f 10163 5423 771 8791
f 8611 10163 8791 592
f 367 7544 10164 7562
f 7544 435 5110 10164
f 10164 5110 565 6251
f 7562 10164 6251 566
f 238 6558 10165 6524
f 6558 245 4936 10165
f 10165 4936 259 3854
f 6524 10165 3854 258
f 951 6955 10166 6927
f 6955 771 7570 10166
f 10166 7570 591 7578
f 6927 10166 7578 950
f 1440 8272 10167 9568
f 8272 3164 4729 10167
f 10167 4729 3140 8786
f 9568 10167 8786 688
f 231 7984 10168 8435
f 7984 238 6524 10168
f 10168 6524 258 8389
f 8435 10168 8389 232
f 526 6589 10169 7592
f 6589 443 4005 10169
f 10169 4005 442 7521
f 7592 10169 7521 527
f 671 6907 10170 8028
f 6907 858 3507 10170
f 10170 3507 994 3314
f 8028 10170 3314 993
f 671 8028 10171 6944
f 8028 993 8140 10171
f 10171 8140 992 8202
f 6944 10171 8202 674
f 680 8361 10172 8381
f 8361 1513 4391 10172
f 10172 4391 1292 4807
f 8381 10172 4807 683
f 992 8263 10173 8292
f 8263 1077 5972 10173
f 10173 5972 1078 7052
f 8292 10173 7052 991
f 1167 7678 10174 7794
f 7678 1157 5550 10174
f 10174 5550 507 4030
f 7794 10174 4030 514
f 511 6994 10175 7024
f 6994 387 5081 10175
f 10175 5081 565 5106
f 7024 10175 5106 458
f 326 6835 10176 6746
f 6835 636 4609 10176
f 10176 4609 548 4613
f 6746 10176 4613 724
f 708 4560 10177 5382
f 4560 515 3859 10177
f 10177 3859 393 5346
f 5382 10177 5346 709
f 1192 9366 10178 9536
f 9366 1189 5408 10178
f 10178 5408 709 5346
f 9536 10178 5346 393
f 782 6490 10179 6579
f 6490 781 6822 10179
f 10179 6822 710 6700
f 6579 10179 6700 418
f 557 5619 10180 5618
f 5619 388 5371 10180
f 10180 5371 389 5417
f 5618 10180 5417 556
f 557 5618 10181 8374
f 5618 556 4766 10181
f 10181 4766 531 9255
f 8374 10181 9255 360
f 1215 7960 10182 7177
f 7960 1233 3261 10182
f 10182 3261 385 3421
f 7177 10182 3421 386
f 390 6722 10183 6862
f 6722 555 4760 10183
f 10183 4760 556 5417
f 6862 10183 5417 389
f 232 8409 10184 8435
f 8409 892 4401 10184
f 10184 4401 889 7969
f 8435 10184 7969 231
f 1488 8990 10185 9089
f 8990 532 9411 10185
f 10185 9411 512 9464
f 9089 10185 9464 1478
f 565 5081 10186 6251
f 5081 387 3856 10186
f 10186 3856 386 5847
f 6251 10186 5847 566
f 1208 8650 10187 8541
f 8650 581 5571 10187
f 10187 5571 577 3537
f 8541 10187 3537 1210
f 1211 7151 10188 4010
f 7151 1215 7177 10188
f 10188 7177 386 3856
f 4010 10188 3856 387
f 271 7576 10189 7586
f 7576 867 4588 10189
f 10189 4588 868 4553
f 7586 10189 4553 283
f 923 5324 10190 4001
f 5324 893 5160 10190
f 10190 5160 233 3339
f 4001 10190 3339 234
f 662 5868 10191 7437
f 5868 1499 6119 10191
f 10191 6119 1502 7349
f 7437 10191 7349 663
f 911 7591 10192 7483
f 7591 910 6470 10192
f 10192 6470 938 3395
f 7483 10192 3395 937
f 493 5604 10193 5790
f 5604 852 5083 10193
f 10193 5083 853 5103
f 5790 10193 5103 442
f 688 8681 10194 9568
f 8681 687 7558 10194
f 10194 7558 1307 8191
f 9568 10194 8191 1440
f 526 6500 10195 6484
f 6500 437 4940 10195
f 10195 4940 467 5639
f 6484 10195 5639 525
f 655 7559 10196 7598
f 7559 1494 6271 10196
f 10196 6271 3165 5045
f 7598 10196 5045 3138
f 3088 8884 10197 9222
f 8884 3089 6599 10197
f 10197 6599 910 6471
f 9222 10197 6471 939
f 3091 9308 10198 3926
f 9308 936 9481 10198
f 10198 9481 938 3499
f 3926 10198 3499 3090
f 3090 3499 10199 3495
f 3499 938 6470 10199
f 10199 6470 910 6599
f 3495 10199 6599 3089
f 3135 7649 10200 8094
f 7649 652 6763 10200
f 10200 6763 774 6608
f 8094 10200 6608 3134
f 935 7910 10201 7909
f 7910 926 6779 10201
f 10201 6779 930 3482
f 7909 10201 3482 914
f 367 7504 10202 7544
f 7504 351 8805 10202
f 10202 8805 368 8778
f 7544 10202 8778 435
f 453 5358 10203 5374
f 5358 435 8778 10203
f 10203 8778 368 8779
f 5374 10203 8779 452
f 950 5999 10204 5826
f 5999 949 5065 10204
f 10204 5065 409 3511
f 5826 10204 3511 410
f 408 9019 10205 9132
f 9019 409 5065 10205
f 10205 5065 949 5043
f 9132 10205 5043 948
f 430 6535 10206 6532
f 6535 589 5590 10206
f 10206 5590 500 5450
f 6532 10206 5450 501
f 256 9321 10207 9626
f 9321 255 7134 10207
f 10207 7134 243 4441
f 9626 10207 4441 252
f 453 5416 10208 5358
f 5416 458 5106 10208
f 10208 5106 565 5110
f 5358 10208 5110 435
f 655 7598 10209 7560
f 7598 3138 5814 10209
f 10209 5814 3166 5815
f 7560 10209 5815 1501
f 591 7671 10210 7578
f 7671 375 7369 10210
f 10210 7369 949 5999
f 7578 10210 5999 950
f 320 9435 10211 9483
f 9435 720 8792 10211
f 10211 8792 773 7468
f 9483 10211 7468 319
f 1502 6171 10212 7349
f 6171 1501 5585 10212
f 10212 5585 653 7301
f 7349 10212 7301 663
f 720 8795 10213 8792
f 8795 827 3992 10213
f 10213 3992 826 5426
f 8792 10213 5426 773
f 3157 5283 10214 5113
f 5283 1020 9359 10214
f 10214 9359 1032 9442
f 5113 10214 9442 3156
f 1076 4804 10215 4834
f 4804 993 3314 10215
f 10215 3314 994 4181
f 4834 10215 4181 1075
f 1498 3536 10216 3623
f 3536 681 9430 10216
f 10216 9430 672 9473
f 3623 10216 9473 1513
f 1175 7467 10217 6908
f 7467 750 6473 10217
f 10217 6473 957 5974
f 6908 10217 5974 1174
f 784 8684 10218 8694
f 8684 783 7629 10218
f 10218 7629 397 6149
f 8694 10218 6149 414
f 725 5087 10219 8769
f 5087 724 4613 10219
f 10219 4613 548 8663
f 8769 10219 8663 560
f 390 6862 10220 6733
f 6862 389 8640 10220
f 10220 8640 432 8741
f 6733 10220 8741 481
f 783 7589 10221 7629
f 7589 782 6579 10221
f 10221 6579 418 5597
f 7629 10221 5597 397
f 1151 8280 10222 7066
f 8280 1152 8187 10222
f 10222 8187 1147 4673
f 7066 10222 4673 1148
f 1472 8108 10223 8153
f 8108 1468 4680 10223
f 10223 4680 339 6509
f 8153 10223 6509 366
f 420 4559 10224 4552
f 4559 419 4785 10224
f 10224 4785 396 4784
f 4552 10224 4784 404
f 432 8777 10225 8741
f 8777 392 9228 10225
f 10225 9228 482 3422
f 8741 10225 3422 481
f 549 5570 10226 7459
f 5570 457 6427 10226
f 10226 6427 3118 7309
f 7459 10226 7309 3119
f 581 8650 10227 5365
f 8650 1208 8542 10227
f 10227 8542 1226 4568
f 5365 10227 4568 580
f 717 6545 10228 5628
f 6545 366 6509 10228
f 10228 6509 339 4288
f 5628 10228 4288 340
f 558 6487 10229 6574
f 6487 557 8374 10229
f 10229 8374 360 8394
f 6574 10229 8394 428
f 302 6507 10230 6466
f 6507 366 6545 10230
f 10230 6545 717 6137
f 6466 10230 6137 862
f 511 7024 10231 7093
f 7024 458 6529 10231
f 10231 6529 430 6730
f 7093 10231 6730 358
f 960 8291 10232 8175
f 8291 959 7277 10232
f 10232 7277 561 5418
f 8175 10232 5418 293
f 495 7618 10233 7573
f 7618 454 6826 10233
f 10233 6826 849 3638
f 7573 10233 3638 850
f 720 8591 10234 8782
f 8591 363 4103 10234
f 10234 4103 3107 4724
f 8782 10234 4724 3108
f 523 6475 10235 3761
f 6475 462 6576 10235
f 10235 6576 346 3563
f 3761 10235 3563 506
f 320 9422 10236 9458
f 9422 607 7008 10236
f 10236 7008 466 5598
f 9458 10236 5598 461
f 893 5121 10237 5160
f 5121 892 8409 10237
f 10237 8409 232 9248
f 5160 10237 9248 233
f 363 4097 10238 4103
f 4097 506 3566 10238
f 10238 3566 3106 3953
f 4103 10238 3953 3107
f 373 4941 10239 6493
f 4941 499 7512 10239
f 10239 7512 847 7549
f 6493 10239 7549 846
f 846 6538 10240 6493
f 6538 3116 5644 10240
f 10240 5644 3117 5650
f 6493 10240 5650 373
f 1519 7818 10241 8397
f 7818 1522 3652 10241
f 10241 3652 457 8395
f 8397 10241 8395 456
f 935 7909 10242 7068
f 7909 914 3572 10242
f 10242 3572 913 3274
f 7068 10242 3274 937
f 936 9495 10243 9481
f 9495 935 7068 10243
f 10243 7068 937 3395
f 9481 10243 3395 938
f 936 8485 10244 9495
f 8485 927 7525 10244
f 10244 7525 926 7910
f 9495 10244 7910 935
f 589 6535 10245 5640
f 6535 430 6529 10245
f 10245 6529 458 5416
f 5640 10245 5416 453
f 919 7367 10246 7303
f 7367 922 3622 10246
f 10246 3622 882 5104
f 7303 10246 5104 885
f 374 5861 10247 5863
f 5861 451 3874 10247
f 10247 3874 490 3732
f 5863 10247 3732 491
f 461 5598 10248 5788
f 5598 466 3687 10248
f 10248 3687 505 3737
f 5788 10248 3737 523
f 495 7641 10249 7618
f 7641 362 3731 10249
f 10249 3731 459 6732
f 7618 10249 6732 454
f 526 6484 10250 6589
f 6484 525 5617 10250
f 10250 5617 348 4432
f 6589 10250 4432 443
f 1135 7712 10251 7760
f 7712 1139 7351 10251
f 10251 7351 503 7406
f 7760 10251 7406 467
f 1139 3946 10252 7351
f 3946 1137 6499 10252
f 10252 6499 502 7286
f 7351 10252 7286 503
f 408 9427 10253 9018
f 9427 640 9544 10253
f 10253 9544 444 9020
f 9018 10253 9020 376
f 591 7570 10254 7551
f 7570 771 5423 10254
f 10254 5423 261 5369
f 7551 10254 5369 244
f 640 9427 10255 9405
f 9427 408 9132 10255
f 10255 9132 948 4875
f 9405 10255 4875 947
f 238 6728 10256 6558
f 6728 262 6859 10256
f 10256 6859 261 5431
f 6558 10256 5431 245
f 591 7551 10257 7671
f 7551 244 4287 10257
f 10257 4287 243 7403
f 7671 10257 7403 375
f 656 8765 10258 8766
f 8765 657 6434 10258
f 10258 6434 678 7756
f 8766 10258 7756 679
f 1495 7474 10259 6903
f 7474 657 8765 10259
f 10259 8765 656 8780
f 6903 10259 8780 1494
f 222 6215 10260 6145
f 6215 899 3869 10260
f 10260 3869 898 5340
f 6145 10260 5340 221
f 674 3438 10261 6944
f 3438 681 6692 10261
f 10261 6692 686 6945
f 6944 10261 6945 671
f 3136 8999 10262 8151
f 8999 3137 8785 10262
f 10262 8785 656 8766
f 8151 10262 8766 679
f 992 8140 10263 8263
f 8140 993 4804 10263
f 10263 4804 1076 5009
f 8263 10263 5009 1077
f 680 8222 10264 8278
f 8222 1497 4771 10264
f 10264 4771 1500 4849
f 8278 10264 4849 675
f 326 6746 10265 6742
f 6746 724 4271 10265
f 10265 4271 394 4033
f 6742 10265 4033 643
f 334 6527 10266 6546
f 6527 394 4271 10266
f 10266 4271 724 5087
f 6546 10266 5087 725
f 1152 8111 10267 8187
f 8111 900 4598 10267
f 10267 4598 874 4104
f 8187 10267 4104 1147
f 727 7362 10268 7423
f 7362 779 4754 10268
f 10268 4754 780 4769
f 7423 10268 4769 546
f 582 6721 10269 6823
f 6721 483 3861 10269
f 10269 3861 786 3636
f 6823 10269 3636 785
f 582 6823 10270 6832
f 6823 785 8793 10270
f 10270 8793 784 8694
f 6832 10270 8694 414
f 303 7617 10271 7575
f 7617 270 6467 10271
f 10271 6467 867 6206
f 7575 10271 6206 862
f 569 3266 10272 9539
f 3266 577 5571 10272
f 10272 5571 581 9420
f 9539 10272 9420 576
f 558 6503 10273 6487
f 6503 429 5621 10273
f 10273 5621 388 5619
f 6487 10273 5619 557
f 429 5615 10274 5621
f 5615 356 7489 10274
f 10274 7489 431 7488
f 5621 10274 7488 388
f 340 4277 10275 5628
f 4277 577 3266 10275
f 10275 3266 569 5784
f 5628 10275 5784 717
f 461 5788 10276 5610
f 5788 523 3761 10276
f 10276 3761 506 4097
f 5610 10276 4097 363
f 461 5610 10277 9458
f 5610 363 8591 10277
f 10277 8591 720 9435
f 9458 10277 9435 320
f 359 7949 10278 7775
f 7949 1487 7739 10278
f 10278 7739 1483 5586
f 7775 10278 5586 301
f 1464 9189 10279 8456
f 9189 1473 6106 10279
f 10279 6106 302 7587
f 8456 10279 7587 271
f 271 7587 10280 7576
f 7587 302 6466 10280
f 10280 6466 862 6206
f 7576 10280 6206 867
f 3136 8151 10281 8945
f 8151 679 8184 10281
f 10281 8184 1184 8271
f 8945 10281 8271 3161
f 304 8634 10282 8674
f 8634 269 6506 10282
f 10282 6506 270 7617
f 8674 10282 7617 303
f 942 6781 10283 6675
f 6781 524 4810 10283
f 10283 4810 489 5774
f 6675 10283 5774 941
f 3167 8095 10284 7861
f 8095 3118 6427 10284
f 10284 6427 457 3652
f 7861 10284 3652 1522
f 346 3505 10285 3563
f 3505 3105 3466 10285
f 10285 3466 3106 3566
f 3563 10285 3566 506
f 3104 8998 10286 8733
f 8998 3105 3505 10286
f 10286 3505 346 5696
f 8733 10286 5696 941
f 3104 8733 10287 8132
f 8733 941 5774 10287
f 10287 5774 489 6979
f 8132 10287 6979 3103
f 400 8811 10288 8783
f 8811 827 5429 10288
f 10288 5429 3109 6812
f 8783 10288 6812 3110
f 496 8797 10289 8742
f 8797 846 7549 10289
f 10289 7549 847 7519
f 8742 10289 7519 498
f 488 8373 10290 8829
f 8373 549 7459 10290
f 10290 7459 3119 8696
f 8829 10290 8696 3120
f 915 5884 10291 4142
f 5884 886 5883 10291
f 10291 5883 913 3572
f 4142 10291 3572 914
f 877 9172 10292 5656
f 9172 888 9054 10292
f 10292 9054 892 5121
f 5656 10292 5121 893
f 927 8485 10293 7534
f 8485 936 9308 10293
f 10293 9308 3091 4902
f 7534 10293 4902 3092
f 850 3638 10294 8799
f 3638 849 4557 10294
f 10294 4557 452 8779
f 8799 10294 8779 368
f 504 9065 10295 9050
f 9065 343 7336 10295
f 10295 7336 347 7404
f 9050 10295 7404 407
f 493 6483 10296 5604
f 6483 494 6465 10296
f 10296 6465 851 4257
f 5604 10296 4257 852
f 888 9157 10297 9042
f 9157 878 6469 10297
f 10297 6469 891 4014
f 9042 10297 4014 889
f 398 6531 10298 6528
f 6531 493 5790 10298
f 10298 5790 442 4005
f 6528 10298 4005 443
f 495 7573 10299 7604
f 7573 850 4132 10299
f 10299 4132 851 6465
f 7604 10299 6465 494
f 352 9449 10300 9484
f 9449 375 7403 10300
f 10300 7403 243 7134
f 9484 10300 7134 255
f 504 8471 10301 9065
f 8471 348 5617 10301
f 10301 5617 525 7234
f 9065 10301 7234 343
f 261 6859 10302 5369
f 6859 262 6437 10302
f 10302 6437 257 4281
f 5369 10302 4281 244
f 503 7339 10303 7406
f 7339 343 7234 10303
f 10303 7234 525 5639
f 7406 10303 5639 467
f 318 6190 10304 6205
f 6190 469 5856 10304
f 10304 5856 374 5863
f 6205 10304 5863 491
f 262 6725 10305 6437
f 6725 230 6858 10305
f 10305 6858 229 5414
f 6437 10305 5414 257
f 1141 5036 10306 5646
f 5036 946 5886 10306
f 10306 5886 502 6499
f 5646 10306 6499 1137
f 224 9320 10307 9399
f 9320 223 6970 10307
f 10307 6970 260 6935
f 9399 10307 6935 255
f 253 5341 10308 5137
f 5341 227 3866 10308
f 10308 3866 226 4431
f 5137 10308 4431 252
f 3126 6127 10309 6184
f 6127 716 8384 10309
f 10309 8384 552 8427
f 6184 10309 8427 3125
f 646 6743 10310 6744
f 6743 661 4942 10310
f 10310 4942 667 3997
f 6744 10310 3997 666
f 1496 8524 10311 8457
f 8524 658 3633 10311
f 10311 3633 657 7474
f 8457 10311 7474 1495
f 780 4754 10312 4787
f 4754 779 6259 10312
f 10312 6259 726 5849
f 4787 10312 5849 547
f 712 8314 10313 8383
f 8314 420 5373 10313
f 10313 5373 421 5422
f 8383 10313 5422 713
f 643 4033 10314 3879
f 4033 394 4884 10314
f 10314 4884 1492 4841
f 3879 10314 4841 1259
f 669 5143 10315 5330
f 5143 394 6527 10315
f 10315 6527 334 6544
f 5330 10315 6544 676
f 783 7502 10316 7589
f 7502 396 4785 10316
f 10316 4785 419 6581
f 7589 10316 6581 782
f 780 4787 10317 5611
f 4787 547 6707 10317
f 10317 6707 710 6822
f 5611 10317 6822 781
f 404 9549 10318 4289
f 9549 416 9452 10318
f 10318 9452 417 4094
f 4289 10318 4094 395
f 560 8675 10319 8769
f 8675 1193 3767 10319
f 10319 3767 1187 4932
f 8769 10319 4932 725
f 711 7311 10320 7887
f 7311 781 6490 10320
f 10320 6490 782 6581
f 7887 10320 6581 419
f 334 6546 10321 6540
f 6546 725 4932 10321
f 10321 4932 1187 5291
f 6540 10321 5291 1181
f 781 7311 10322 5611
f 7311 711 7897 10322
f 10322 7897 546 4769
f 5611 10322 4769 780
f 391 7933 10323 7937
f 7933 426 3366 10323
f 10323 3366 425 5938
f 7937 10323 5938 510
f 3160 9156 10324 8298
f 9156 3159 7599 10324
f 10324 7599 1165 5894
f 8298 10324 5894 1166
f 416 9549 10325 9486
f 9549 404 4784 10325
f 10325 4784 396 6884
f 9486 10325 6884 415
f 728 9145 10326 9167
f 9145 729 5333 10326
f 10326 5333 349 5147
f 9167 10326 5147 405
f 1245 5262 10327 5312
f 5262 1243 4047 10327
f 10327 4047 1242 4640
f 5312 10327 4640 1244
f 432 8640 10328 8806
f 8640 389 5371 10328
f 10328 5371 388 7488
f 8806 10328 7488 431
f 429 5233 10329 5615
f 5233 797 9355 10329
f 10329 9355 968 9502
f 5615 10329 9502 356
f 392 9229 10330 9228
f 9229 509 5327 10330
f 10330 5327 508 4450
f 9228 10330 4450 482
f 429 6503 10331 5233
f 6503 558 6464 10331
f 10331 6464 796 5119
f 5233 10331 5119 797
f 509 6130 10332 5343
f 6130 510 5903 10332
f 10332 5903 369 3715
f 5343 10332 3715 371
f 558 6574 10333 6464
f 6574 428 7934 10333
f 10333 7934 359 7963
f 6464 10333 7963 796
f 432 8806 10334 8777
f 8806 431 7848 10334
f 10334 7848 391 8412
f 8777 10334 8412 392
f 303 7575 10335 7563
f 7575 862 6137 10335
f 10335 6137 717 5784
f 7563 10335 5784 569
f 359 7775 10336 7963
f 7775 301 5592 10336
f 10336 5592 795 4462
f 7963 10336 4462 796
f 1485 5714 10337 5694
f 5714 1483 4140 10337
f 10337 4140 307 4154
f 5694 10337 4154 306
f 1479 8010 10338 8079
f 8010 1485 5694 10338
f 10338 5694 306 4440
f 8079 10338 4440 284
f 576 9419 10339 9418
f 9419 579 5150 10339
f 10339 5150 861 8801
f 9418 10339 8801 304
f 501 4944 10340 6532
f 4944 561 6830 10340
f 10340 6830 358 6730
f 6532 10340 6730 430
f 400 8783 10341 8740
f 8783 3110 7094 10341
f 10341 7094 3111 7206
f 8740 10341 7206 469
f 280 9149 10342 8994
f 9149 293 6860 10342
f 10342 6860 294 6699
f 8994 10342 6699 276
f 662 5873 10343 5868
f 5873 675 4849 10343
f 10343 4849 1500 4677
f 5868 10343 4677 1499
f 576 9420 10344 9419
f 9420 581 5365 10344
f 10344 5365 580 4593
f 9419 10344 4593 579
f 462 6475 10345 6474
f 6475 523 3737 10345
f 10345 3737 505 4579
f 6474 10345 4579 516
f 462 6472 10346 6576
f 6472 942 6675 10346
f 10346 6675 941 5696
f 6576 10346 5696 346
f 504 9112 10347 8471
f 9112 505 3687 10347
f 10347 3687 466 4433
f 8471 10347 4433 348
f 607 7107 10348 7032
f 7107 321 3419 10348
f 10348 3419 322 3434
f 7032 10348 3434 465
f 313 3265 10349 6435
f 3265 321 7377 10349
f 10349 7377 319 6957
f 6435 10349 6957 870
f 648 8398 10350 8379
f 8398 1195 4056 10350
f 10350 4056 1179 4065
f 8379 10350 4065 650
f 607 7021 10351 7008
f 7021 361 6518 10351
f 10351 6518 398 6530
f 7008 10351 6530 466
f 320 9483 10352 9422
f 9483 319 7377 10352
f 10352 7377 321 7107
f 9422 10352 7107 607
f 448 9468 10353 9380
f 9468 3114 4102 10353
f 10353 4102 3115 8784
f 9380 10353 8784 496
f 824 9041 10354 9057
f 9041 869 8226 10354
f 10354 8226 872 8426
f 9057 10354 8426 823
f 3120 8192 10355 8829
f 8192 3121 5320 10355
f 10355 5320 733 8385
f 8829 10355 8385 488
f 500 4283 10356 7487
f 4283 499 4941 10356
f 10356 4941 373 7627
f 7487 10356 7627 559
f 816 8781 10357 8794
f 8781 1517 7680 10357
f 10357 7680 1519 8397
f 8794 10357 8397 456
f 923 5607 10358 5324
f 877 5656 10358 5607
f 893 5324 10358 5656
f 455 7161 10359 8814
f 7161 1521 5266 10359
f 10359 5266 1517 8781
f 8814 10359 8781 816
f 422 6766 10360 6731
f 6766 403 7543 10360
f 10360 7543 399 7546
f 6731 10360 7546 450
f 453 5374 10361 5640
f 5374 452 4600 10361
f 10361 4600 372 5620
f 5640 10361 5620 589
f 904 8244 10362 8304
f 891 6469 10362 8244
f 878 8304 10362 6469
f 885 5104 10363 5107
f 5104 882 4133 10363
f 10363 4133 883 4258
f 5107 10363 4258 884
f 887 8818 10364 7431
f 8818 912 8804 10364
f 10364 8804 913 5883
f 7431 10364 5883 886
f 888 9043 10365 9157
f 9043 911 8688 10365
f 10365 8688 912 8609
f 9157 10365 8609 878
f 886 5884 10366 6318
f 5884 915 4259 10366
f 10366 4259 916 4414
f 6318 10366 4414 884
f 876 4750 10367 4775
f 4750 881 7148 10367
f 10367 7148 887 7416
f 4775 10367 7416 883
f 495 7604 10368 7641
f 7604 494 6695 10368
f 10368 6695 338 3684
f 7641 10368 3684 362
f 295 7974 10369 7967
f 7974 963 3907 10369
f 10369 3907 962 5887
f 7967 10369 5887 854
f 256 9626 10370 9497
f 9626 252 4431 10370
f 10370 4431 226 3432
f 9497 10370 3432 225
f 448 9381 10371 9457
f 9381 497 3342 10371
f 10371 3342 490 3874
f 9457 10371 3874 451
f 398 6528 10372 6530
f 6528 443 4432 10372
f 10372 4432 348 4433
f 6530 10372 4433 466
f 231 7969 10373 7749
f 7969 889 4014 10373
f 10373 4014 891 6773
f 7749 10373 6773 230
f 503 7286 10374 7339
f 7286 502 5896 10374
f 10374 5896 347 7336
f 7339 10374 7336 343
f 470 5875 10375 7285
f 5875 809 8404 10375
f 10375 8404 808 8422
f 7285 10375 8422 471
f 1133 5695 10376 5164
f 5695 242 3685 10376
f 10376 3685 378 3589
f 5164 10376 3589 1153
f 228 4558 10377 6157
f 4558 227 5341 10377
f 10377 5341 253 6146
f 6157 10377 6146 254
f 352 9484 10378 9428
f 9484 255 6935 10378
f 10378 6935 260 4610
f 9428 10378 4610 641
f 352 9428 10379 9461
f 9428 641 4210 10379
f 10379 4210 947 4875
f 9461 10379 4875 948
f 252 4441 10380 5137
f 4441 243 4287 10380
f 10380 4287 244 5126
f 5137 10380 5126 253
f 229 8227 10381 5372
f 8227 904 8410 10381
f 10381 8410 906 4608
f 5372 10381 4608 228
f 230 6773 10382 6858
f 6773 891 8244 10382
f 10382 8244 904 8227
f 6858 10382 8227 229
f 254 6188 10383 6157
f 6188 257 5414 10383
f 10383 5414 229 5372
f 6157 10383 5372 228
f 254 6146 10384 6188
f 6146 253 5126 10384
f 10384 5126 244 4281
f 6188 10384 4281 257
f 774 6838 10385 6608
f 6838 646 6726 10385
f 10385 6726 3133 5897
f 6608 10385 5897 3134
f 943 7832 10386 7778
f 7832 942 6472 10386
f 10386 6472 462 6474
f 7778 10386 6474 516
f 678 6739 10387 7756
f 6739 1196 8275 10387
f 10387 8275 1184 8184
f 7756 10387 8184 679
f 333 5602 10388 5603
f 5602 651 3743 10388
f 10388 3743 777 3372
f 5603 10388 3372 778
f 3126 7683 10389 6127
f 7683 3127 7700 10389
f 10389 7700 553 4812
f 6127 10389 4812 716
f 551 7758 10390 8440
f 7758 3124 5075 10390
f 10390 5075 3125 8427
f 8440 10390 8427 552
f 677 5390 10391 5367
f 5390 658 5145 10391
f 10391 5145 669 5330
f 5367 10391 5330 676
f 669 5145 10392 5323
f 5145 658 8524 10392
f 10392 8524 1496 8651
f 5323 10392 8651 1493
f 472 9037 10393 9144
f 9037 807 7879 10393
f 10393 7879 806 6709
f 9144 10393 6709 715
f 664 9030 10394 9141
f 9030 1198 6622 10394
f 10394 6622 1182 7343
f 9141 10394 7343 695
f 664 9141 10395 9035
f 9141 695 7361 10395
f 10395 7361 778 3372
f 9035 10395 3372 777
f 727 9071 10396 7302
f 9071 728 9167 10396
f 10396 9167 405 5599
f 7302 10396 5599 333
f 415 6884 10397 8667
f 6884 396 7502 10397
f 10397 7502 783 8684
f 8667 10397 8684 784
f 3096 9466 10398 8579
f 9466 3160 8298 10398
f 10398 8298 1166 6796
f 8579 10398 6796 925
f 712 8443 10399 8314
f 8443 711 7887 10399
f 10399 7887 419 4559
f 8314 10399 4559 420
f 583 7786 10400 7961
f 7786 415 8667 10400
f 10400 8667 784 8793
f 7961 10400 8793 785
f 571 4011 10401 3980
f 4011 417 3248 10401
f 10401 3248 585 3368
f 3980 10401 3368 586
f 575 7101 10402 6948
f 7101 349 5333 10402
f 10402 5333 729 3644
f 6948 10402 3644 730
f 371 4148 10403 5343
f 4148 483 4444 10403
f 10403 4444 508 5327
f 5343 10403 5327 509
f 3103 6979 10404 8093
f 6979 489 9111 10404
f 10404 9111 248 9027
f 8093 10404 9027 3102
f 288 9557 10405 9474
f 9557 275 6012 10405
f 10405 6012 1206 5971
f 9474 10405 5971 1204
f 356 9502 10406 4599
f 9502 968 8349 10406
f 10406 8349 969 3428
f 4599 10406 3428 426
f 431 7489 10407 7848
f 7489 356 4599 10407
f 10407 4599 426 7933
f 7848 10407 7933 391
f 797 5119 10408 5128
f 5119 796 4462 10408
f 10408 4462 795 4285
f 5128 10408 4285 564
f 383 6941 10409 7091
f 6941 561 4944 10409
f 10409 4944 501 5930
f 7091 10409 5930 382
f 1464 8456 10410 9569
f 8456 271 7586 10410
f 10410 7586 283 5265
f 9569 10410 5265 1469
f 270 6506 10411 6526
f 6506 269 5593 10411
f 10411 5593 281 3522
f 6526 10411 3522 282
f 1207 6931 10412 7919
f 6931 1205 5061 10412
f 10412 5061 300 6998
f 7919 10412 6998 799
f 576 9418 10413 9539
f 9418 304 8674 10413
f 10413 8674 303 7563
f 9539 10413 7563 569
f 1172 4836 10414 4727
f 4836 1171 4675 10414
f 10414 4675 1244 4640
f 4727 10414 4640 1242
f 295 7967 10415 8437
f 7967 854 5846 10415
f 10415 5846 794 8403
f 8437 10415 8403 296
f 383 7077 10416 6941
f 7077 294 6860 10416
f 10416 6860 293 5418
f 6941 10416 5418 561
f 552 8387 10417 8440
f 8387 807 8439 10417
f 10417 8439 808 8438
f 8440 10417 8438 551
f 504 9050 10418 9112
f 9050 407 7350 10418
f 10418 7350 516 4579
f 9112 10418 4579 505
f 590 6580 10419 8695
f 6580 498 7519 10419
f 10419 7519 847 8816
f 8695 10419 8816 848
f 1160 9444 10420 9534
f 9444 1165 6333 10420
f 10420 6333 934 6561
f 9534 10420 6561 921
f 310 5859 10421 6151
f 5859 316 4449 10421
f 10421 4449 314 5945
f 6151 10421 5945 318
f 870 6957 10422 6772
f 6957 319 7468 10422
f 10422 7468 773 6257
f 6772 10422 6257 822
f 821 5112 10423 5102
f 5112 315 4007 10423
f 10423 4007 323 3855
f 5102 10423 3855 322
f 374 5856 10424 8853
f 5856 469 7206 10424
f 10424 7206 3111 8301
f 8853 10424 8301 3112
f 919 7409 10425 7368
f 7409 918 6154 10425
f 10425 6154 924 4767
f 7368 10425 4767 940
f 773 5426 10426 5479
f 5426 826 3516 10426
f 10426 3516 825 5348
f 5479 10426 5348 869
f 871 7846 10427 7751
f 7846 313 6435 10427
f 10427 6435 870 6772
f 7751 10427 6772 822
f 3112 8548 10428 8853
f 8548 3113 3876 10428
f 10428 3876 451 5861
f 8853 10428 5861 374
f 498 3630 10429 8742
f 3630 497 9381 10429
f 10429 9381 448 9380
f 8742 10429 9380 496
f 448 9457 10430 9468
f 9457 451 3876 10430
f 10430 3876 3113 3384
f 9468 10430 3384 3114
f 589 5620 10431 5590
f 5620 372 4239 10431
f 10431 4239 499 4283
f 5590 10431 4283 500
f 400 8740 10432 8682
f 8740 469 6190 10432
f 10432 6190 318 5945
f 8682 10432 5945 314
f 848 8798 10433 8695
f 8798 849 6826 10433
f 10433 6826 454 6748
f 8695 10433 6748 590
f 382 5930 10434 7593
f 5930 501 5450 10434
f 10434 5450 500 7487
f 7593 10434 7487 559
f 452 4557 10435 4600
f 4557 849 8798 10435
f 10435 8798 848 8581
f 4600 10435 8581 372
f 732 4397 10436 8423
f 4397 553 7700 10436
f 10436 7700 3127 9155
f 8423 10436 9155 3128
f 399 7543 10437 8414
f 7543 403 8592 10437
f 10437 8592 816 8794
f 8414 10437 8794 456
f 488 8448 10438 8373
f 8448 450 7546 10438
f 10438 7546 399 7478
f 8373 10438 7478 549
f 1520 9026 10439 9091
f 9026 1515 4249 10439
f 10439 4249 276 6699
f 9091 10439 6699 294
f 964 4497 10440 4633
f 4497 979 4211 10440
f 10440 4211 266 4231
f 4633 10440 4231 308
f 588 5125 10441 4805
f 5125 733 5320 10441
f 10441 5320 3121 3670
f 4805 10441 3670 3122
f 551 7755 10442 7758
f 7755 550 6737 10442
f 10442 6737 3123 4306
f 7758 10442 4306 3124
f 904 8304 10443 8410
f 8304 878 6468 10443
f 10443 6468 881 3343
f 8410 10443 3343 906
f 912 8818 10444 8609
f 8818 887 7148 10444
f 10444 7148 881 6468
f 8609 10444 6468 878
f 813 5635 10445 5612
f 5635 450 8448 10445
f 10445 8448 488 8405
f 5612 10445 8405 812
f 887 7431 10446 7416
f 7431 886 6318 10446
f 10446 6318 884 4258
f 7416 10446 4258 883
f 488 8385 10447 8405
f 8385 733 5337 10447
f 10447 5337 811 4755
f 8405 10447 4755 812
f 344 9131 10448 9017
f 9131 944 8720 10448
f 10448 8720 945 5253
f 9017 10448 5253 365
f 331 4092 10449 4093
f 4092 338 6695 10449
f 10449 6695 494 6691
f 4093 10449 6691 361
f 365 5253 10450 5596
f 5253 945 3489 10450
f 10450 3489 946 3506
f 5596 10450 3506 378
f 1142 6011 10451 5952
f 6011 947 4210 10451
f 10451 4210 641 3451
f 5952 10451 3451 1154
f 901 5427 10452 5349
f 5427 905 9482 10452
f 10452 9482 224 9398
f 5349 10452 9398 225
f 256 9497 10453 9321
f 9497 225 9398 10453
f 10453 9398 224 9399
f 9321 10453 9399 255
f 901 5349 10454 6849
f 5349 225 3432 10454
f 10454 3432 226 6704
f 6849 10454 6704 902
f 903 7752 10455 7890
f 7752 902 6704 10455
f 10455 6704 226 3866
f 7890 10455 3866 227
f 903 7890 10456 7970
f 7890 227 4558 10456
f 10456 4558 228 4608
f 7970 10456 4608 906
f 892 9054 10457 4401
f 888 9042 10457 9054
f 889 4401 10457 9042
f 808 8404 10458 8438
f 8404 809 6701 10458
f 10458 6701 550 7755
f 8438 10458 7755 551
f 820 4275 10459 4251
f 4275 554 3388 10459
f 10459 3388 3129 3400
f 4251 10459 3400 3130
f 727 7302 10460 7362
f 7302 333 5603 10460
f 10460 5603 778 3758
f 7362 10460 3758 779
f 712 8345 10461 8443
f 8345 545 3423 10461
f 10461 3423 546 7897
f 8443 10461 7897 711
f 648 8379 10462 8401
f 8379 650 8289 10462
f 10462 8289 776 8446
f 8401 10462 8446 775
f 807 8387 10463 7879
f 8387 552 8384 10463
f 10463 8384 716 6764
f 7879 10463 6764 806
f 732 4426 10464 4555
f 4426 554 3867 10464
f 10464 3867 803 4586
f 4555 10464 4586 804
f 421 5373 10465 5357
f 5373 420 4552 10465
f 10465 4552 404 4289
f 5357 10465 4289 395
f 695 7359 10466 7361
f 7359 726 6259 10466
f 10466 6259 779 3758
f 7361 10466 3758 778
f 543 7002 10467 6942
f 7002 731 3999 10467
f 10467 3999 730 6208
f 6942 10467 6208 574
f 574 9417 10468 6207
f 9417 544 9436 10468
f 10468 9436 713 3370
f 6207 10468 3370 714
f 727 7423 10469 9071
f 7423 546 3423 10469
f 10469 3423 545 8973
f 9071 10469 8973 728
f 391 7937 10470 8412
f 7937 510 6130 10470
f 10470 6130 509 9229
f 8412 10470 9229 392
f 573 5332 10471 5177
f 5332 714 3370 10471
f 10471 3370 713 5422
f 5177 10471 5422 421
f 416 9486 10472 9421
f 9486 415 7786 10472
f 10472 7786 583 8441
f 9421 10472 8441 584
f 299 4203 10473 3744
f 4203 298 7420 10473
f 10473 7420 791 7363
f 3744 10473 7363 801
f 583 7961 10474 7866
f 7961 785 3636 10474
f 10474 3636 786 4554
f 7866 10474 4554 484
f 798 6203 10475 7074
f 6203 1203 6976 10475
f 10475 6976 1207 7919
f 7074 10475 7919 799
f 1205 5975 10476 5061
f 5975 1206 6012 10476
f 10476 6012 275 4790
f 5061 10476 4790 300
f 968 9445 10477 8349
f 9445 1203 6203 10477
f 10477 6203 798 6595
f 8349 10477 6595 969
f 792 9056 10478 8974
f 9056 791 7420 10478
f 10478 7420 298 3365
f 8974 10478 3365 297
f 299 3744 10479 4756
f 3744 801 6932 10479
f 10479 6932 799 6998
f 4756 10479 6998 300
f 270 6526 10480 6467
f 6526 282 4597 10480
f 10480 4597 868 4588
f 6467 10480 4588 867
f 960 8175 10481 9581
f 8175 293 9149 10481
f 10481 9149 280 9133
f 9581 10481 9133 961
f 861 5158 10482 5318
f 5158 305 4782 10482
f 10482 4782 268 4809
f 5318 10482 4809 865
f 524 4765 10483 4810
f 4765 251 9127 10483
f 10483 9127 248 9111
f 4810 10483 9111 489
f 861 5150 10484 5158
f 5150 579 7912 10484
f 10484 7912 967 7513
f 5158 10484 7513 305
f 772 4637 10485 9034
f 4637 323 4007 10485
f 10485 4007 315 9150
f 9034 10485 9150 312
f 248 8986 10486 9027
f 8986 217 5554 10486
f 10486 5554 3101 5807
f 9027 10486 5807 3102
f 314 4449 10487 3524
f 4449 316 4448 10487
f 10487 4448 825 3516
f 3524 10487 3516 826
f 944 8951 10488 9506
f 8951 943 7778 10488
f 10488 7778 516 7350
f 9506 10488 7350 407
f 824 9057 10489 9154
f 9057 823 7898 10489
f 10489 7898 871 7751
f 9154 10489 7751 822
f 464 8585 10490 8768
f 8585 323 4637 10490
f 10490 4637 772 6559
f 8768 10490 6559 718
f 464 8739 10491 8585
f 8739 465 3434 10491
f 10491 3434 322 3855
f 8585 10491 3855 323
f 222 6145 10492 6213
f 6145 221 5325 10492
f 10492 5325 241 3682
f 6213 10492 3682 242
f 3096 8579 10493 9096
f 8579 925 5435 10493
f 10493 5435 940 7612
f 9096 10493 7612 3095
f 471 7352 10494 7285
f 7352 572 4420 10494
f 10494 4420 571 6242
f 7285 10494 6242 470
f 590 7597 10495 6580
f 7597 719 7646 10495
f 10495 7646 497 3630
f 6580 10495 3630 498
f 487 7956 10496 7964
f 7956 722 5631 10496
f 10496 5631 813 5612
f 7964 10496 5612 812
f 944 9506 10497 8720
f 9506 407 7404 10497
f 10497 7404 347 4100
f 8720 10497 4100 945
f 455 8814 10498 7859
f 8814 816 8592 10498
f 10498 8592 403 7440
f 7859 10498 7440 815
f 735 7079 10499 7009
f 7079 486 6745 10499
f 10499 6745 723 4063
f 7009 10499 4063 570
f 422 6731 10500 6825
f 6731 450 5635 10500
f 10500 5635 813 6492
f 6825 10500 6492 814
f 1520 9091 10501 8629
f 9091 294 7077 10501
f 10501 7077 383 7968
f 8629 10501 7968 1521
f 455 7973 10502 7776
f 7973 962 3907 10502
f 10502 3907 963 4947
f 7776 10502 4947 309
f 915 4142 10503 4120
f 4142 914 3482 10503
f 10503 3482 930 4101
f 4120 10503 4101 931
f 487 7950 10504 7956
f 7950 570 4063 10504
f 10504 4063 723 4129
f 7956 10504 4129 722
f 884 4414 10505 5107
f 4414 916 5084 10505
f 10505 5084 917 5687
f 5107 10505 5687 885
f 876 4845 10506 4750
f 4845 908 5616 10506
f 10506 5616 909 5786
f 4750 10506 5786 881
f 883 4133 10507 4775
f 4133 882 3639 10507
f 10507 3639 873 4786
f 4775 10507 4786 876
f 332 4783 10508 4791
f 4783 362 3684 10508
f 10508 3684 338 4092
f 4791 10508 4092 331
f 808 8439 10509 8422
f 8439 807 9037 10509
f 10509 9037 472 9048
f 8422 10509 9048 471
f 734 6138 10510 6494
f 6138 811 3759 10510
f 10510 3759 810 3745
f 6494 10510 3745 587
f 733 5125 10511 5337
f 5125 588 4603 10511
f 10511 4603 810 3759
f 5337 10511 3759 811
f 487 7957 10512 7950
f 7957 734 6885 10512
f 10512 6885 735 7009
f 7950 10512 7009 570
f 222 6213 10513 6201
f 6213 242 5695 10513
f 10513 5695 1133 5741
f 6201 10513 5741 1163
f 223 6958 10514 6933
f 6958 900 8111 10514
f 10514 8111 1152 8274
f 6933 10514 8274 1164
f 874 4598 10515 3376
f 4598 900 4607 10515
f 10515 4607 905 3258
f 3376 10515 3258 873
f 550 6834 10516 6737
f 6834 588 4805 10516
f 10516 4805 3122 3694
f 6737 10516 3694 3123
f 3133 6726 10517 5021
f 6726 646 6744 10517
f 10517 6744 666 4508
f 5021 10517 4508 3132
f 815 7440 10518 7518
f 7440 403 6766 10518
f 10518 6766 422 6831
f 7518 10518 6831 578
f 806 6764 10519 6846
f 6764 716 4812 10519
f 10519 4812 553 5347
f 6846 10519 5347 805
f 645 5406 10520 5421
f 5406 3131 4526 10520
f 10520 4526 3132 4508
f 5421 10520 4508 666
f 647 7955 10521 7954
f 7955 673 4116 10521
f 10521 4116 667 4942
f 7954 10521 4942 661
f 405 4943 10522 5599
f 4943 668 4423 10522
f 10522 4423 651 5602
f 5599 10522 5602 333
f 1198 9030 10523 6778
f 9030 664 9196 10523
f 10523 9196 650 4065
f 6778 10523 4065 1179
f 664 9035 10524 9196
f 9035 777 9538 10524
f 10524 9538 776 8289
f 9196 10524 8289 650
f 543 6947 10525 6952
f 6947 715 6709 10525
f 10525 6709 806 6846
f 6952 10525 6846 805
f 421 5357 10526 5177
f 5357 395 4445 10526
f 10526 4445 572 5122
f 5177 10526 5122 573
f 574 6208 10527 9417
f 6208 730 3644 10527
f 10527 3644 729 8564
f 9417 10527 8564 544
f 424 8393 10528 9251
f 8393 425 3362 10528
f 10528 3362 970 3799
f 9251 10528 3799 971
f 728 8973 10529 9145
f 8973 545 9413 10529
f 10529 9413 544 8564
f 9145 10529 8564 729
f 544 9413 10530 9436
f 9413 545 8345 10530
f 10530 8345 712 8383
f 9436 10530 8383 713
f 820 4411 10531 4275
f 4411 819 4145 10531
f 10531 4145 803 3867
f 4275 10531 3867 554
f 485 5375 10532 5569
f 5375 484 4577 10532
f 10532 4577 370 3686
f 5569 10532 3686 401
f 787 4139 10533 4134
f 4139 370 4577 10533
f 10533 4577 484 4554
f 4134 10533 4554 786
f 667 4116 10534 3983
f 4116 673 3267 10534
f 10534 3267 665 3426
f 3983 10534 3426 802
f 787 4134 10535 3844
f 4134 786 3861 10535
f 10535 3861 483 4148
f 3844 10535 4148 371
f 788 4274 10536 4256
f 4274 402 3620 10536
f 10536 3620 370 4139
f 4256 10536 4139 787
f 788 4256 10537 4236
f 4256 787 3844 10537
f 10537 3844 371 3715
f 4236 10537 3715 369
f 424 8339 10538 8393
f 8339 369 5903 10538
f 10538 5903 510 5938
f 8393 10538 5938 425
f 300 4790 10539 4756
f 4790 275 4152 10539
f 10539 4152 274 3742
f 4756 10539 3742 299
f 800 9408 10540 9365
f 9408 970 3560 10540
f 10540 3560 969 6595
f 9365 10540 6595 798
f 286 6189 10541 5943
f 6189 289 4937 10541
f 10541 4937 277 4954
f 5943 10541 4954 273
f 799 6932 10542 7074
f 6932 801 9478 10542
f 10542 9478 800 9365
f 7074 10542 9365 798
f 866 3629 10543 3437
f 3629 281 5593 10543
f 10543 5593 269 5595
f 3437 10543 5595 865
f 304 8801 10544 8634
f 8801 861 5318 10544
f 10544 5318 865 5595
f 8634 10544 5595 269
f 264 8436 10545 9253
f 8436 263 7106 10545
f 10545 7106 977 3490
f 9253 10545 3490 978
f 894 6197 10546 6283
f 6197 3100 5019 10546
f 10546 5019 3101 5554
f 6283 10546 5554 217
f 280 9066 10547 9133
f 9066 267 3831 10547
f 10547 3831 977 3259
f 9133 10547 3259 961
f 879 7602 10548 7577
f 7602 3099 4530 10548
f 10548 4530 3100 6197
f 7577 10548 6197 894
f 943 7633 10549 7832
f 7633 345 4796 10549
f 10549 4796 524 6781
f 7832 10549 6781 942
f 278 5901 10550 7764
f 5901 964 4488 10550
f 10550 4488 963 7974
f 7764 10550 7974 295
f 276 4243 10551 8994
f 4243 265 3736 10551
f 10551 3736 267 9066
f 8994 10551 9066 280
f 3095 7612 10552 7682
f 7612 940 4767 10552
f 10552 4767 924 6586
f 7682 10552 6586 3094
f 880 8593 10553 9044
f 8593 875 3749 10553
f 10553 3749 921 9045
f 9044 10553 9045 920
f 934 6331 10554 8983
f 6331 3097 3558 10554
f 10554 3558 3098 8937
f 8983 10554 8937 976
f 318 6148 10555 6151
f 6148 317 7334 10555
f 10555 7334 311 7284
f 6151 10555 7284 310
f 976 8937 10556 8861
f 8937 3098 3817 10556
f 10556 3817 3099 7602
f 8861 10556 7602 879
f 880 8817 10557 8594
f 8817 879 7523 10557
f 10557 7523 895 9301
f 8594 10557 9301 896
f 464 8654 10558 8739
f 8654 332 4791 10558
f 10558 4791 331 3858
f 8739 10558 3858 465
f 872 8413 10559 8426
f 8413 311 9046 10559
f 10559 9046 312 9038
f 8426 10559 9038 823
f 221 5340 10560 5136
f 5340 898 3436 10560
f 10560 3436 897 4436
f 5136 10560 4436 220
f 918 5885 10561 6154
f 5885 929 8727 10561
f 10561 8727 928 9529
f 6154 10561 9529 924
f 871 7142 10562 7846
f 7142 315 5112 10562
f 10562 5112 821 4955
f 7846 10562 4955 313
f 919 7368 10563 7367
f 7368 940 5435 10563
f 10563 5435 925 5394
f 7367 10563 5394 922
f 928 8466 10564 9529
f 8466 3093 6183 10564
f 10564 6183 3094 6586
f 9529 10564 6586 924
f 490 3342 10565 3386
f 3342 497 7646 10565
f 10565 7646 719 7566
f 3386 10565 7566 721
f 487 7964 10566 7957
f 7964 812 4755 10566
f 10566 4755 811 6138
f 7957 10566 6138 734
f 422 6825 10567 6831
f 6825 814 7965 10567
f 10567 7965 423 7951
f 6831 10567 7951 578
f 978 3651 10568 3645
f 3651 265 4312 10568
f 10568 4312 1516 4315
f 3645 10568 4315 1514
f 792 9036 10569 9153
f 9036 793 3659 10569
f 10569 3659 562 6218
f 9153 10569 6218 790
f 790 6218 10570 5888
f 6218 562 5697 10570
f 10570 5697 973 5706
f 5888 10570 5706 972
f 309 4947 10571 5088
f 4947 963 4488 10571
f 10571 4488 964 4633
f 5088 10571 4633 308
f 895 7076 10572 7005
f 7076 894 6283 10572
f 10572 6283 217 3521
f 7005 10572 3521 218
f 272 8747 10573 8802
f 8747 296 8656 10573
f 10573 8656 860 6999
f 8802 10573 6999 863
f 1216 9589 10574 8277
f 9589 1217 7170 10574
f 10574 7170 1223 6911
f 8277 10574 6911 1222
f 588 6834 10575 4603
f 6834 550 6701 10575
f 10575 6701 809 3373
f 4603 10575 3373 810
f 906 3343 10576 7970
f 3343 881 5786 10576
f 10576 5786 909 7971
f 7970 10576 7971 903
f 470 6243 10577 5875
f 6243 587 3745 10577
f 10577 3745 810 3373
f 5875 10577 3373 809
f 332 4770 10578 4783
f 4770 460 4792 10578
f 10578 4792 459 3731
f 4783 10578 3731 362
f 571 3980 10579 6242
f 3980 586 3762 10579
f 10579 3762 587 6243
f 6242 10579 6243 470
f 920 9134 10580 9044
f 9134 976 8861 10580
f 10580 8861 879 8817
f 9044 10580 8817 880
f 875 8593 10581 3747
f 8593 880 8803 10581
f 10581 8803 897 3436
f 3747 10581 3436 898
f 719 7510 10582 7566
f 7510 459 4792 10582
f 10582 4792 460 4779
f 7566 10582 4779 721
f 344 9017 10583 9151
f 9017 365 5782 10583
f 10583 5782 241 8758
f 9151 10583 8758 240
f 463 7548 10584 7582
f 7548 491 3732 10584
f 10584 3732 490 3386
f 7582 10584 3386 721
f 223 9320 10585 6958
f 9320 224 9482 10585
f 10585 9482 905 4607
f 6958 10585 4607 900
f 901 5428 10586 5427
f 5428 907 3730 10586
f 10586 3730 873 3258
f 5427 10586 3258 905
f 909 5616 10587 7971
f 5616 908 6827 10587
f 10587 6827 902 7752
f 7971 10587 7752 903
f 902 6827 10588 6849
f 6827 908 4758 10588
f 10588 4758 907 5428
f 6849 10588 5428 901
f 876 4786 10589 4845
f 4786 873 3730 10589
f 10589 3730 907 4758
f 4845 10589 4758 908
f 472 9138 10590 9048
f 9138 573 5122 10590
f 10590 5122 572 7352
f 9048 10590 7352 471
f 645 5421 10591 5424
f 5421 666 3997 10591
f 10591 3997 667 3983
f 5424 10591 3983 802
f 805 5347 10592 5362
f 5347 553 4397 10592
f 10592 4397 732 4555
f 5362 10592 4555 804
f 574 6207 10593 6942
f 6207 714 3763 10593
f 10593 3763 715 6947
f 6942 10593 6947 543
f 776 8425 10594 8446
f 8425 647 7954 10594
f 10594 7954 661 7889
f 8446 10594 7889 775
f 472 9144 10595 9138
f 9144 715 3763 10595
f 10595 3763 714 5332
f 9138 10595 5332 573
f 416 9421 10596 9452
f 9421 584 8376 10596
f 10596 8376 585 3248
f 9452 10596 3248 417
f 572 4445 10597 4420
f 4445 395 4094 10597
f 10597 4094 417 4011
f 4420 10597 4011 571
f 426 3428 10598 3366
f 3428 969 3560 10598
f 10598 3560 970 3362
f 3366 10598 3362 425
f 584 8441 10599 8223
f 8441 583 7866 10599
f 10599 7866 484 5375
f 8223 10599 5375 485
f 486 6833 10600 6840
f 6833 585 8376 10600
f 10600 8376 584 8223
f 6840 10600 8223 485
f 286 5943 10601 7090
f 5943 273 3683 10601
f 10601 3683 274 7022
f 7090 10601 7022 287
f 800 9500 10602 9408
f 9500 563 4122 10602
f 10602 4122 971 3799
f 9408 10602 3799 970
f 288 9323 10603 9557
f 9323 287 7022 10603
f 10603 7022 274 4152
f 9557 10603 4152 275
f 863 6999 10604 7102
f 6999 860 4400 10604
f 10604 4400 297 4938
f 7102 10604 4938 277
f 299 3742 10605 4203
f 3742 274 3683 10605
f 10605 3683 273 3340
f 4203 10605 3340 298
f 860 4396 10606 4400
f 4396 793 9036 10606
f 10606 9036 792 8974
f 4400 10606 8974 297
f 1518 6795 10607 6643
f 6795 1514 4197 10607
f 10607 4197 979 4606
f 6643 10607 4606 292
f 268 4782 10608 4416
f 4782 305 8296 10608
f 10608 8296 960 9581
f 4416 10608 9581 961
f 1230 6247 10609 7816
f 6247 1241 8560 10609
f 10609 8560 1240 8449
f 7816 10609 8449 1231
f 1108 4635 10610 4886
f 4635 1241 6247 10610
f 10610 6247 1230 6786
f 4886 10610 6786 634
f 248 9127 10611 8986
f 9127 251 3991 10611
f 10611 3991 218 3521
f 8986 10611 3521 217
f 239 7585 10612 7643
f 7585 251 4765 10612
f 10612 4765 524 4796
f 7643 10612 4796 345
f 1159 8097 10613 7914
f 8097 1147 4104 10613
f 10613 4104 874 3523
f 7914 10613 3523 922
f 899 3748 10614 3869
f 875 3747 10614 3748
f 898 3869 10614 3747
f 910 6496 10615 6471
f 877 5658 10615 6496
f 939 6471 10615 5658
f 312 9046 10616 9034
f 9046 311 7334 10616
f 10616 7334 317 5336
f 9034 10616 5336 772
f 463 7565 10617 7552
f 7565 718 6559 10617
f 10617 6559 772 5336
f 7552 10617 5336 317
f 871 7898 10618 7142
f 7898 823 9038 10618
f 10618 9038 312 9150
f 7142 10618 9150 315
f 464 8768 10619 8654
f 8768 718 6575 10619
f 10619 6575 460 4770
f 8654 10619 4770 332
f 718 7565 10620 6575
f 7565 463 7582 10620
f 10620 7582 721 4779
f 6575 10620 4779 460
f 423 7976 10621 7951
f 7976 973 6676 10621
f 10621 6676 974 6613
f 7951 10621 6613 578
f 328 8408 10622 9252
f 8408 855 7689 10622
f 10622 7689 975 7736
f 9252 10622 7736 974
f 328 8392 10623 8408
f 8392 794 5846 10623
f 10623 5846 854 7430
f 8408 10623 7430 855
f 723 3716 10624 4129
f 3716 401 3296 10624
f 10624 3296 449 3635
f 4129 10624 3635 722
f 815 7518 10625 7741
f 7518 578 6613 10625
f 10625 6613 974 7736
f 7741 10625 7736 975
f 818 3637 10626 4789
f 3637 817 6953 10626
f 10626 6953 575 6894
f 4789 10626 6894 492
f 974 6676 10627 9252
f 6676 973 5697 10627
f 10627 5697 562 8375
f 9252 10627 8375 328
f 794 3515 10628 8403
f 3515 793 4396 10628
f 10628 4396 860 8656
f 8403 10628 8656 296
f 1516 4312 10629 4793
f 4312 265 4243 10629
f 10629 4243 276 4249
f 4793 10629 4249 1515
f 919 7303 10630 7409
f 7303 885 5687 10630
f 10630 5687 917 6260
f 7409 10630 6260 918
f 882 3622 10631 3639
f 3622 922 3523 10631
f 10631 3523 874 3376
f 3639 10631 3376 873
f 492 4780 10632 4788
f 4780 731 4561 10632
f 10632 4561 804 4586
f 4788 10632 4586 803
f 897 8803 10633 9459
f 880 8594 10633 8803
f 896 9459 10633 8594
f 819 4131 10634 4145
f 4131 818 4789 10634
f 10634 4789 492 4788
f 4145 10634 4788 803
f 575 6948 10635 6894
f 6948 730 3999 10635
f 10635 3999 731 4780
f 6894 10635 4780 492
f 423 7962 10636 7976
f 7962 789 4948 10636
f 10636 4948 972 5706
f 7976 10636 5706 973
f 820 5425 10637 4411
f 5425 645 5424 10637
f 10637 5424 802 4137
f 4411 10637 4137 819
f 776 9538 10638 8425
f 9538 777 3743 10638
f 10638 3743 651 7953
f 8425 10638 7953 647
f 804 4561 10639 5362
f 4561 731 7002 10639
f 10639 7002 543 6952
f 5362 10639 6952 805
f 668 4438 10640 4423
f 4438 673 7955 10640
f 10640 7955 647 7953
f 4423 10640 7953 651
f 349 5329 10641 5147
f 5329 644 4564 10641
f 10641 4564 668 4943
f 5147 10641 4943 405
f 486 6840 10642 6745
f 6840 485 5569 10642
f 10642 5569 401 3716
f 6745 10642 3716 723
f 790 5888 10643 5892
f 5888 972 4314 10643
f 10643 4314 971 4122
f 5892 10643 4122 563
f 292 4606 10644 5858
f 4606 979 4497 10644
f 10644 4497 964 5901
f 5858 10644 5901 278
f 789 7962 10645 5082
f 7962 423 7784 10645
f 10645 7784 402 4274
f 5082 10645 4274 788
f 789 5082 10646 8402
f 5082 788 4236 10646
f 10646 4236 369 8339
f 8402 10646 8339 424
f 791 7328 10647 7363
f 7328 563 9500 10647
f 10647 9500 800 9478
f 7363 10647 9478 801
f 790 5892 10648 9153
f 5892 563 7328 10648
f 10648 7328 791 9056
f 9153 10648 9056 792
f 277 4938 10649 4954
f 4938 297 3365 10649
f 10649 3365 298 3340
f 4954 10649 3340 273
f 267 3736 10650 3831
f 3736 265 3651 10650
f 10650 3651 978 3490
f 3831 10650 3490 977
f 239 7495 10651 7585
f 7495 219 3990 10651
f 10651 3990 218 3991
f 7585 10651 3991 251
f 895 7005 10652 9301
f 7005 218 3990 10652
f 10652 3990 219 9570
f 9301 10652 9570 896
f 220 4436 10653 4470
f 4436 897 9459 10653
f 10653 9459 896 9570
f 4470 10653 9570 219
f 894 7076 10654 7577
f 895 7523 10654 7076
f 879 7577 10654 7523
f 423 7965 10655 7784
f 7965 814 6693 10655
f 10655 6693 449 3396
f 7784 10655 3396 402
f 1016 8644 10656 8539
f 8644 996 6048 10656
f 10656 6048 1118 7201
f 8539 10656 7201 1119
f 328 8375 10657 8392
f 8375 562 3659 10657
f 10657 3659 793 3515
f 8392 10657 3515 794
f 1220 4513 10658 4475
f 4513 529 4848 10658
f 10658 4848 1172 4727
f 4475 10658 4727 1242
f 864 9592 10659 9298
f 9592 285 8774 10659
f 10659 8774 272 8802
f 9298 10659 8802 863
f 424 9251 10660 8402
f 9251 971 4314 10660
f 10660 4314 972 4948
f 8402 10660 4948 789
f 802 3426 10661 4137
f 3426 665 3688 10661
f 10661 3688 818 4131
f 4137 10661 4131 819
f 644 4556 10662 4611
f 4556 817 3637 10662
f 10662 3637 818 3688
f 4611 10662 3688 665
f 575 6953 10663 7101
f 6953 817 4556 10663
f 10663 4556 644 5329
f 7101 10663 5329 349
f 586 3368 10664 7000
f 3368 585 6833 10664
f 10664 6833 486 7079
f 7000 10664 7079 735
f 402 3396 10665 3620
f 3396 449 3296 10665
f 10665 3296 401 3686
f 3620 10665 3686 370
f 1028 4217 10666 4624
f 4217 1065 4106 10666
f 10666 4106 1083 4067
f 4624 10666 4067 1027
f 277 4937 10667 7102
f 4937 289 9516 10667
f 10667 9516 864 9298
f 7102 10667 9298 863
f 997 4952 10668 5545
f 4952 3201 9584 10668
f 10668 9584 3233 8110
f 5545 10668 8110 996
f 263 7985 10669 7106
f 7985 268 4416 10669
f 10669 4416 961 3259
f 7106 10669 3259 977
f 272 8773 10670 8747
f 8773 278 7764 10670
f 10670 7764 295 8437
f 8747 10670 8437 296
f 644 4611 10671 4564
f 4611 665 3267 10671
f 10671 3267 673 4438
f 4564 10671 4438 668
f 1108 4823 10672 4635
f 4823 1107 6014 10672
f 10672 6014 1238 6160
f 4635 10672 6160 1241
f 231 7749 10673 7984
f 7749 230 6725 10673
f 10673 6725 262 6728
f 7984 10673 6728 238
f 480 9406 10674 9476
f 9406 952 8347 10674
f 10674 8347 951 7452
f 9476 10674 7452 770
f 952 9186 10675 8347
f 9186 592 8791 10675
f 10675 8791 771 6955
f 8347 10675 6955 951
f 768 9475 10676 8127
f 9475 769 7084 10676
f 10676 7084 767 7080
f 8127 10676 7080 766
f 502 5886 10677 5896
f 5886 946 3489 10677
f 10677 3489 945 4100
f 5896 10677 4100 347
f 1176 8657 10678 8577
f 8657 1173 5023 10678
f 10678 5023 834 3628
f 8577 10678 3628 754
f 821 5102 10679 4955
f 5102 322 3419 10679
f 10679 3419 321 3265
f 4955 10679 3265 313
f 1220 4475 10680 5515
f 4475 1242 4047 10680
f 10680 4047 1243 5500
f 5515 10680 5500 1221
f 933 5352 10681 5154
f 5352 917 5084 10681
f 10681 5084 916 4926
f 5154 10681 4926 932
f 240 8758 10682 8659
f 8758 241 5325 10682
f 10682 5325 221 5136
f 8659 10682 5136 220
f 915 4120 10683 4259
f 4120 931 4546 10683
f 10683 4546 932 4926
f 4259 10683 4926 916
f 615 7975 10684 7952
f 7975 966 6410 10684
f 10684 6410 1235 4212
f 7952 10684 4212 618
f 1216 8277 10685 8194
f 8277 1222 6366 10685
f 10685 6366 427 4096
f 8194 10685 4096 474
f 960 8296 10686 8291
f 8296 305 7513 10686
f 10686 7513 967 7992
f 8291 10686 7992 959
f 1240 8560 10687 8463
f 8560 1241 6160 10687
f 10687 6160 1238 6909
f 8463 10687 6909 1239
f 854 5887 10688 7430
f 5887 962 7789 10688
f 10688 7789 975 7689
f 7430 10688 7689 855
f 1148 4802 10689 7066
f 4802 875 3748 10689
f 10689 3748 899 7046
f 7066 10689 7046 1151
f 463 7552 10690 7548
f 7552 317 6148 10690
f 10690 6148 318 6205
f 7548 10690 6205 491
f 976 9134 10691 8983
f 9134 920 9045 10691
f 10691 9045 921 6561
f 8983 10691 6561 934
f 1114 3647 10692 3592
f 3647 1106 3464 10692
f 10692 3464 3065 3565
f 3592 10692 3565 3066
f 842 3369 10693 3375
f 3369 841 3249 10693
f 10693 3249 353 3247
f 3375 10693 3247 329
f 747 3764 10694 8809
f 3764 746 7567 10694
f 10694 7567 623 8679
f 8809 10694 8679 624
f 3072 8341 10695 8447
f 8341 845 6214 10695
f 10695 6214 542 7233
f 8447 10695 7233 3071
f 521 3243 10696 3367
f 3243 329 3420 10696
f 10696 3420 354 3442
f 3367 10696 3442 522
f 623 7594 10697 7557
f 7594 622 6541 10697
f 10697 6541 1229 5712
f 7557 10697 5712 1219
f 1037 5763 10698 5739
f 5763 1061 5549 10698
f 10698 5549 1059 4625
f 5739 10698 4625 1060
f 3077 5211 10699 5195
f 5211 433 5939 10699
f 10699 5939 606 6196
f 5195 10699 6196 3076
f 843 3741 10700 3760
f 3741 602 3512 10700
f 10700 3512 601 3374
f 3760 10700 3374 842
f 702 6159 10701 6134
f 6159 620 4778 10701
f 10701 4778 689 5157
f 6134 10701 5157 701
f 520 8406 10702 8293
f 8406 829 6136 10702
f 10702 6136 830 5927
f 8293 10702 5927 434
f 749 5785 10703 5643
f 5785 737 8156 10703
f 10703 8156 736 9439
f 5643 10703 9439 748
f 859 3985 10704 3993
f 3985 995 3887 10704
f 10704 3887 994 3507
f 3993 10704 3507 858
f 1019 4066 10705 4053
f 4066 1027 4151 10705
f 10705 4151 1033 3553
f 4053 10705 3553 1034
f 991 7279 10706 8292
f 7279 857 3439 10706
f 10706 3439 674 8202
f 8292 10706 8202 992
f 384 9479 10707 9485
f 9479 852 4257 10707
f 10707 4257 851 6956
f 9485 10707 6956 351
f 527 7568 10708 7592
f 7568 750 6489 10708
f 10708 6489 437 6500
f 7592 10708 6500 526
f 912 8688 10709 8804
f 8688 911 7483 10709
f 10709 7483 937 3274
f 8804 10709 3274 913
f 888 9172 10710 9043
f 9172 877 6496 10710
f 10710 6496 910 7591
f 9043 10710 7591 911
f 398 6518 10711 6531
f 6518 361 6691 10711
f 10711 6691 494 6483
f 6531 10711 6483 493
f 670 6158 10712 6193
f 6158 660 4917 10712
f 10712 4917 1492 5007
f 6193 10712 5007 1493
f 848 8816 10713 8581
f 8816 847 7512 10713
f 10713 7512 499 4239
f 8581 10713 4239 372
f 846 8797 10714 6538
f 8797 496 8784 10714
f 10714 8784 3115 4736
f 6538 10714 4736 3116
f 351 6956 10715 8805
f 6956 851 4132 10715
f 10715 4132 850 8799
f 8805 10715 8799 368
f 352 9461 10716 9449
f 9461 948 5043 10716
f 10716 5043 949 7369
f 9449 10716 7369 375
f 686 6692 10717 6324
f 6692 681 3536 10717
f 10717 3536 1498 3387
f 6324 10717 3387 1257
f 400 8682 10718 8811
f 8682 314 3524 10718
f 10718 3524 826 3992
f 8811 10718 3992 827
f 456 8395 10719 8414
f 8395 457 5570 10719
f 10719 5570 549 7478
f 8414 10719 7478 399
f 678 6434 10720 6844
f 6434 657 3633 10720
f 10720 3633 658 5390
f 6844 10720 5390 677
f 824 9154 10721 9041
f 9154 822 6257 10721
f 10721 6257 773 5479
f 9041 10721 5479 869
f 331 4093 10722 3858
f 4093 361 7021 10722
f 10722 7021 607 7032
f 3858 10722 7032 465
f 648 8401 10723 8380
f 8401 775 7872 10723
f 10723 7872 774 6763
f 8380 10723 6763 652
f 775 7889 10724 7872
f 7889 661 6743 10724
f 10724 6743 646 6838
f 7872 10724 6838 774
f 872 8319 10725 8413
f 8319 316 5859 10725
f 10725 5859 310 7284
f 8413 10725 7284 311
f 872 8226 10726 8319
f 8226 869 5348 10726
f 10726 5348 825 4448
f 8319 10726 4448 316
f 365 5596 10727 5782
f 5596 378 3685 10727
f 10727 3685 242 3682
f 5782 10727 3682 241
f 975 7789 10728 7741
f 7789 962 7973 10728
f 10728 7973 455 7859
f 7741 10728 7859 815
f 645 5425 10729 5406
f 5425 820 4251 10729
f 10729 4251 3130 3837
f 5406 10729 3837 3131
f 3159 7639 10730 7599
f 7639 3097 6331 10730
f 10730 6331 934 6333
f 7599 10730 6333 1165
f 719 7597 10731 7510
f 7597 590 6748 10731
f 10731 6748 454 6732
f 7510 10731 6732 459
f 813 5631 10732 6492
f 5631 722 3635 10732
f 10732 3635 449 6693
f 6492 10732 6693 814
f 933 5388 10733 5352
f 5388 929 5885 10733
f 10733 5885 918 6260
f 5352 10733 6260 917
f 3128 9360 10734 8423
f 9360 3129 3388 10734
f 10734 3388 554 4426
f 8423 10734 4426 732
f 944 9131 10735 8951
f 9131 344 9152 10735
f 10735 9152 345 7633
f 8951 10735 7633 943
f 735 6885 10736 7000
f 6885 734 6494 10736
f 10736 6494 587 3762
f 7000 10736 3762 586
f 1118 6048 10737 5895
f 6048 996 8110 10737
f 10737 8110 3233 8270
f 5895 10737 8270 3212
f 240 8673 10738 9151
f 8673 239 7643 10738
f 10738 7643 345 9152
f 9151 10738 9152 344
f 1119 7262 10739 8539
f 7262 1122 6406 10739
f 10739 6406 1030 8535
f 8539 10739 8535 1016
f 220 4470 10740 8659
f 4470 219 7495 10740
f 10740 7495 239 8673
f 8659 10740 8673 240
f 3144 8307 10741 9103
f 8307 3151 9470 10741
f 10741 9470 1120 8570
f 9103 10741 8570 1117
f 1239 8312 10742 7457
f 8312 3064 8624 10742
f 10742 8624 3065 3464
f 7457 10742 3464 1106
f 1056 8113 10743 8261
f 8113 1045 4985 10743
f 10743 4985 1036 5701
f 8261 10743 5701 1069
f 999 8066 10744 8061
f 8066 998 6402 10744
f 10744 6402 1014 5947
f 8061 10744 5947 1019
f 1055 7174 10745 7051
f 7174 1054 6075 10745
f 10745 6075 1077 5009
f 7051 10745 5009 1076
f 3238 9324 10746 9310
f 9324 3225 6450 10746
f 10746 6450 1002 7908
f 9310 10746 7908 3234
f 1045 8730 10747 4985
f 8730 1048 8538 10747
f 10747 8538 1068 4709
f 4985 10747 4709 1036
f 3225 6353 10748 6450
f 6353 3218 5673 10748
f 10748 5673 1001 3552
f 6450 10748 3552 1002
f 3235 9460 10749 8486
f 9460 1511 8080 10749
f 10749 8080 1004 4353
f 8486 10749 4353 3207
f 1013 5206 10750 5014
f 5206 1001 8352 10750
f 10750 8352 1000 8847
f 5014 10750 8847 1034
f 1007 7828 10751 7833
f 7828 3219 5751 10751
f 10751 5751 3211 6806
f 7833 10751 6806 1006
f 1023 7069 10752 7149
f 7069 1022 6056 10752
f 10752 6056 1010 4180
f 7149 10752 4180 1011
f 1013 5497 10753 5206
f 5497 1012 4885 10753
f 10753 4885 1002 3552
f 5206 10753 3552 1001
f 3226 6668 10754 8939
f 6668 3219 7828 10754
f 10754 7828 1007 8862
f 8939 10754 8862 1008
f 1008 8941 10755 8939
f 8941 3145 6059 10755
f 10755 6059 3224 6456
f 8939 10755 6456 3226
f 3231 8285 10756 8154
f 8285 3234 7908 10756
f 10756 7908 1002 6055
f 8154 10756 6055 1470
f 1470 6055 10757 6071
f 6055 1002 4885 10757
f 10757 4885 1012 4863
f 6071 10757 4863 1506
f 1007 7825 10758 8862
f 7825 1018 4655 10758
f 10758 4655 1020 8933
f 8862 10758 8933 1008
f 1005 5703 10759 5769
f 5703 3206 3783 10759
f 10759 3783 3207 4353
f 5769 10759 4353 1004
f 1006 6806 10760 6800
f 6806 3211 4316 10760
f 10760 4316 3206 5703
f 6800 10760 5703 1005
f 1511 8098 10761 8099
f 8098 1003 4024 10761
f 10761 4024 1017 3697
f 8099 10761 3697 1507
f 1005 5769 10762 5753
f 5769 1004 4298 10762
f 10762 4298 1011 4180
f 5753 10762 4180 1010
f 1016 8716 10763 8644
f 8716 1015 7088 10763
f 10763 7088 997 5545
f 8644 10763 5545 996
f 1128 8351 10764 9441
f 8351 1129 4678 10764
f 10764 4678 3148 4737
f 9441 10764 4737 3147
f 1123 3922 10765 3722
f 3922 1130 3457 10765
f 10765 3457 1058 3325
f 3722 10765 3325 1057
f 1037 5740 10766 5763
f 5740 1067 3775 10766
f 10766 3775 1066 5268
f 5763 10766 5268 1061
f 3148 4678 10767 5645
f 4678 1129 4215 10767
f 10767 4215 1124 5528
f 5645 10767 5528 3149
f 829 5120 10768 7966
f 5120 828 4428 10768
f 10768 4428 337 7843
f 7966 10768 7843 519
f 1061 6929 10769 5549
f 6929 1079 7449 10769
f 10769 7449 1058 3908
f 5549 10769 3908 1059
f 1039 7826 10770 7827
f 7826 1066 5249 10770
f 10770 5249 1085 5307
f 7827 10770 5307 1084
f 1072 8963 10771 8938
f 8963 1064 9293 10771
f 10771 9293 1062 6404
f 8938 10771 6404 1082
f 616 8378 10772 9254
f 8378 619 4028 10772
f 10772 4028 1234 4567
f 9254 10772 4567 980
f 1079 6995 10773 6928
f 6995 1039 7387 10773
f 10773 7387 1065 6322
f 6928 10773 6322 1038
f 1085 5249 10774 6177
f 5249 1066 3775 10774
f 10774 3775 1067 6115
f 6177 10774 6115 1086
f 1079 6928 10775 7449
f 6928 1038 6108 10775
f 10775 6108 1057 3325
f 7449 10775 3325 1058
f 1083 4070 10776 4067
f 4070 1049 3282 10776
f 10776 3282 1033 4151
f 4067 10776 4151 1027
f 1085 6177 10777 5334
f 6177 1086 6065 10777
f 10777 6065 1051 4649
f 5334 10777 4649 1052
f 1052 4656 10778 5334
f 4656 1050 4653 10778
f 10778 4653 1084 5307
f 5334 10778 5307 1085
f 1039 6995 10779 7826
f 6995 1079 6929 10779
f 10779 6929 1061 5268
f 7826 10779 5268 1066
f 1030 5832 10780 6330
f 5832 1057 6108 10780
f 10780 6108 1038 6647
f 6330 10780 6647 1029
f 1014 5948 10781 5947
f 5948 1028 4624 10781
f 10781 4624 1027 4066
f 5947 10781 4066 1019
f 1083 4106 10782 4646
f 4106 1065 7387 10782
f 10782 7387 1039 7827
f 4646 10782 7827 1084
f 1120 9470 10783 9586
f 9470 3151 7297 10783
f 10783 7297 3150 6867
f 9586 10783 6867 1121
f 999 8062 10784 8066
f 8062 3209 3906 10784
f 10784 3906 3200 6424
f 8066 10784 6424 998
f 1015 6904 10785 7088
f 6904 1014 6402 10785
f 10785 6402 998 6398
f 7088 10785 6398 997
f 1016 8535 10786 8716
f 8535 1030 6330 10786
f 10786 6330 1029 6923
f 8716 10786 6923 1015
f 1084 4653 10787 4646
f 4653 1050 3600 10787
f 10787 3600 1049 4070
f 4646 10787 4070 1083
f 1052 6571 10788 4656
f 6571 1062 5923 10788
f 10788 5923 1081 3597
f 4656 10788 3597 1050
f 1029 6647 10789 5513
f 6647 1038 6322 10789
f 10789 6322 1065 4217
f 5513 10789 4217 1028
f 1051 4055 10790 4649
f 4055 1082 6404 10790
f 10790 6404 1062 6571
f 4649 10790 6571 1052
f 1080 8596 10791 9105
f 8596 1026 3358 10791
f 10791 3358 1033 3282
f 9105 10791 3282 1049
f 956 4751 10792 4430
f 4751 3082 3839 10792
f 10792 3839 3083 4250
f 4430 10792 4250 596
f 1056 8262 10793 8269
f 8262 1074 8219 10793
f 10793 8219 3152 8193
f 8269 10793 8193 3153
f 1000 8481 10794 9395
f 8481 3214 4490 10794
f 10794 4490 3209 8062
f 9395 10794 8062 999
f 1000 8352 10795 8481
f 8352 1001 5673 10795
f 10795 5673 3218 5488
f 8481 10795 5488 3214
f 1080 9105 10796 8992
f 9105 1049 3600 10796
f 10796 3600 1050 3597
f 8992 10796 3597 1081
f 1071 7808 10797 7791
f 7808 1070 8724 10797
f 10797 8724 1080 8992
f 7791 10797 8992 1081
f 440 9031 10798 9110
f 9031 1223 7170 10798
f 10798 7170 1217 3277
f 9110 10798 3277 473
f 1036 4709 10799 4880
f 4709 1068 7462 10799
f 10799 7462 1047 6949
f 4880 10799 6949 1044
f 1064 8568 10800 9293
f 8568 1071 7791 10800
f 10800 7791 1081 5923
f 9293 10800 5923 1062
f 1072 8947 10801 8963
f 8947 1258 6079 10801
f 10801 6079 1246 9447
f 8963 10801 9447 1064
f 1064 9447 10802 8568
f 9447 1246 6673 10802
f 10802 6673 1249 7475
f 8568 10802 7475 1071
f 709 8767 10803 5382
f 8767 560 8663 10803
f 10803 8663 548 4612
f 5382 10803 4612 708
f 999 8061 10804 9395
f 8061 1019 4053 10804
f 10804 4053 1034 8847
f 9395 10804 8847 1000
f 1013 5013 10805 5497
f 5013 1026 3304 10805
f 10805 3304 1025 4707
f 5497 10805 4707 1012
f 1063 7168 10806 8011
f 7168 1073 4929 10806
f 10806 4929 1509 5512
f 8011 10806 5512 1508
f 1069 5726 10807 8261
f 5726 1075 4173 10807
f 10807 4173 1074 8262
f 8261 10807 8262 1056
f 1247 7924 10808 7280
f 7924 1505 8828 10808
f 10808 8828 1040 8625
f 7280 10808 8625 1041
f 1045 8113 10809 4997
f 8113 1056 8269 10809
f 10809 8269 3153 3672
f 4997 10809 3672 3154
f 680 8381 10810 8222
f 8381 683 9023 10810
f 10810 9023 1328 8597
f 8222 10810 8597 1497
f 1080 8724 10811 8596
f 8724 1070 6219 10811
f 10811 6219 1025 3304
f 8596 10811 3304 1026
f 1032 9290 10812 9442
f 9290 1048 8540 10812
f 10812 8540 3155 4307
f 9442 10812 4307 3156
f 1048 8730 10813 8540
f 8730 1045 4997 10813
f 10813 4997 3154 3695
f 8540 10813 3695 3155
f 1078 5972 10814 5987
f 5972 1077 6075 10814
f 10814 6075 1054 6173
f 5987 10814 6173 1053
f 1012 4707 10815 4863
f 4707 1025 3269 10815
f 10815 3269 1281 3309
f 4863 10815 3309 1506
f 3157 5228 10816 5283
f 5228 3145 8941 10816
f 10816 8941 1008 8933
f 5283 10816 8933 1020
f 1063 8011 10817 7133
f 8011 1508 7247 10817
f 10817 7247 1247 7280
f 7133 10817 7280 1041
f 1024 8256 10818 9531
f 8256 1299 4186 10818
f 10818 4186 1507 3697
f 9531 10818 3697 1017
f 1070 6803 10819 6219
f 6803 1477 5037 10819
f 10819 5037 1281 3269
f 6219 10819 3269 1025
f 1046 5838 10820 6010
f 5838 1035 3892 10820
f 10820 3892 1042 4183
f 6010 10820 4183 1043
f 1071 7475 10821 7808
f 7475 1249 5039 10821
f 10821 5039 1477 6803
f 7808 10821 6803 1070
f 1054 6064 10822 6173
f 6064 1043 4183 10822
f 10822 4183 1042 5252
f 6173 10822 5252 1053
f 1031 8081 10823 7132
f 8081 1021 5251 10823
f 10823 5251 1018 3596
f 7132 10823 3596 1009
f 1055 7065 10824 7174
f 7065 1044 4840 10824
f 10824 4840 1043 6064
f 7174 10824 6064 1054
f 1031 7892 10825 8081
f 7892 1047 7462 10825
f 10825 7462 1068 5761
f 8081 10825 5761 1021
f 1032 9364 10826 9290
f 9364 1021 5761 10826
f 10826 5761 1068 8538
f 9290 10826 8538 1048
f 1040 8828 10827 8935
f 8828 1505 3936 10827
f 10827 3936 1299 8256
f 8935 10827 8256 1024
f 1020 4655 10828 9359
f 4655 1018 5251 10828
f 10828 5251 1021 9364
f 9359 10828 9364 1032
f 1031 7852 10829 7892
f 7852 1022 6074 10829
f 10829 6074 1046 7082
f 7892 10829 7082 1047
f 1022 7069 10830 6074
f 7069 1023 7257 10830
f 10830 7257 1035 5838
f 6074 10830 5838 1046
f 1047 7082 10831 6949
f 7082 1046 6010 10831
f 10831 6010 1043 4840
f 6949 10831 4840 1044
f 1006 6225 10832 7833
f 6225 1009 3596 10832
f 10832 3596 1018 7825
f 7833 10832 7825 1007
f 1031 7132 10833 7852
f 7132 1009 3473 10833
f 10833 3473 1010 6056
f 7852 10833 6056 1022
f 1006 6800 10834 6225
f 6800 1005 5753 10834
f 10834 5753 1010 3473
f 6225 10834 3473 1009
f 1104 9625 10835 8958
f 9625 3070 7310 10835
f 10835 7310 3071 7233
f 8958 10835 7233 542
f 1240 8957 10836 8449
f 8957 1105 8726 10836
f 10836 8726 624 8790
f 8449 10836 8790 1231
f 1055 7051 10837 7050
f 7051 1076 4834 10837
f 10837 4834 1075 5726
f 7050 10837 5726 1069
f 747 8809 10838 3843
f 8809 624 8726 10838
f 10838 8726 1105 3293
f 3843 10838 3293 1113
f 1069 5701 10839 7050
f 5701 1036 4880 10839
f 10839 4880 1044 7065
f 7050 10839 7065 1055
f 3150 6597 10840 6867
f 6597 3149 5528 10840
f 10840 5528 1124 4245
f 6867 10840 4245 1121
f 1128 9441 10841 9325
f 9441 3147 3845 10841
f 10841 3845 3146 6407
f 9325 10841 6407 1126
f 1127 8096 10842 8063
f 8096 1059 3908 10842
f 10842 3908 1058 3457
f 8063 10842 3457 1130
f 998 6424 10843 6398
f 6424 3200 3363 10843
f 10843 3363 3201 4952
f 6398 10843 4952 997
f 694 6992 10844 5872
f 6992 983 6926 10844
f 10844 6926 1116 5950
f 5872 10844 5950 1110
f 1103 7677 10845 7783
f 7677 541 5156 10845
f 10845 5156 521 3367
f 7783 10845 3367 522
f 1112 8536 10846 8572
f 8536 3068 4575 10846
f 10846 4575 3067 4195
f 8572 10846 4195 1107
f 1126 6365 10847 6522
f 6365 1115 4672 10847
f 10847 4672 1116 5517
f 6522 10847 5517 1125
f 1112 8572 10848 8600
f 8572 1107 4823 10848
f 10848 4823 1108 6950
f 8600 10848 6950 1111
f 1123 4506 10849 3922
f 4506 1124 4215 10849
f 10849 4215 1129 3416
f 3922 10849 3416 1130
f 1110 5950 10850 5981
f 5950 1116 4672 10850
f 10850 4672 1115 4995
f 5981 10850 4995 1109
f 1118 5895 10851 6165
f 5895 3212 4337 10851
f 10851 4337 3213 5289
f 6165 10851 5289 1117
f 1128 9325 10852 9404
f 9325 1126 6522 10852
f 10852 6522 1125 8068
f 9404 10852 8068 1127
f 1120 9586 10853 9211
f 9586 1121 3306 10853
f 10853 3306 1122 7262
f 9211 10853 7262 1119
f 1124 4506 10854 4245
f 4506 1123 3947 10854
f 10854 3947 1122 3306
f 4245 10854 3306 1121
f 542 6131 10855 8958
f 6131 541 7677 10855
f 10855 7677 1103 8125
f 8958 10855 8125 1104
f 1130 3416 10856 8063
f 3416 1129 8351 10856
f 10856 8351 1128 9404
f 8063 10856 9404 1127
f 1104 8125 10857 8105
f 8125 1103 7844 10857
f 10857 7844 1113 3607
f 8105 10857 3607 1114
f 1106 3647 10858 3492
f 3647 1114 3607 10858
f 10858 3607 1113 3293
f 3492 10858 3293 1105
f 1112 8600 10859 8647
f 8600 1111 6906 10859
f 10859 6906 1110 5981
f 8647 10859 5981 1109
f 1120 9211 10860 8570
f 9211 1119 7201 10860
f 10860 7201 1118 6165
f 8570 10860 6165 1117
f 1240 8463 10861 8957
f 8463 1239 7457 10861
f 10861 7457 1106 3492
f 8957 10861 3492 1105
f 1103 7783 10862 7844
f 7783 522 3765 10862
f 10862 3765 747 3843
f 7844 10862 3843 1113
f 1176 8620 10863 8657
f 8620 1175 6908 10863
f 10863 6908 1174 5983
f 8657 10863 5983 1173
f 1160 9534 10864 9361
f 9534 921 3749 10864
f 10864 3749 875 4802
f 9361 10864 4802 1148
f 1160 9361 10865 9450
f 9361 1148 4673 10865
f 10865 4673 1147 8097
f 9450 10865 8097 1159
f 222 6201 10866 6215
f 6201 1163 7506 10866
f 10866 7506 1151 7046
f 6215 10866 7046 899
f 1151 7506 10867 8280
f 7506 1163 4347 10867
f 10867 4347 1164 8274
f 8280 10867 8274 1152
f 223 6933 10868 6970
f 6933 1164 6807 10868
f 10868 6807 1134 6646
f 6970 10868 6646 260
f 1134 6807 10869 6789
f 6807 1164 4347 10869
f 10869 4347 1163 5741
f 6789 10869 5741 1133
f 378 3506 10870 3589
f 3506 946 5036 10870
f 10870 5036 1141 5360
f 3589 10870 5360 1153
f 1142 5952 10871 5973
f 5952 1154 3357 10871
f 10871 3357 1153 5360
f 5973 10871 5360 1141
f 1159 7914 10872 8003
f 7914 922 5394 10872
f 10872 5394 925 6796
f 8003 10872 6796 1166
f 1160 9450 10873 9444
f 9450 1159 8003 10873
f 10873 8003 1166 5894
f 9444 10873 5894 1165
f 1154 3451 10874 6813
f 3451 641 4610 10874
f 10874 4610 260 6646
f 6813 10874 6646 1134
f 1134 6789 10875 6813
f 6789 1133 5164 10875
f 10875 5164 1153 3357
f 6813 10875 3357 1154
f 1142 6013 10876 6011
f 6013 1138 9471 10876
f 10876 9471 640 9405
f 6011 10876 9405 947
f 1142 5973 10877 6013
f 5973 1141 5646 10877
f 10877 5646 1137 3531
f 6013 10877 3531 1138
f 640 9471 10878 9544
f 9471 1138 4887 10878
f 10878 4887 1140 4458
f 9544 10878 4458 444
f 1140 4887 10879 4835
f 4887 1138 3531 10879
f 10879 3531 1137 3946
f 4835 10879 3946 1139
f 445 5129 10880 9000
f 5129 444 4458 10880
f 10880 4458 1140 8942
f 9000 10880 8942 1136
f 1136 8942 10881 8948
f 8942 1140 4835 10881
f 10881 4835 1139 7712
f 8948 10881 7712 1135
f 1168 8959 10882 8967
f 8959 390 6733 10882
f 10882 6733 481 6408
f 8967 10882 6408 1158
f 1168 8967 10883 8950
f 8967 1158 6332 10883
f 10883 6332 1157 7678
f 8950 10883 7678 1167
f 437 4931 10884 4940
f 4931 1155 7676 10884
f 10884 7676 1135 7760
f 4940 10884 7760 467
f 1135 7676 10885 8948
f 7676 1155 4627 10885
f 10885 4627 1156 8944
f 8948 10885 8944 1136
f 638 5940 10886 6199
f 5940 609 3283 10886
f 10886 3283 1145 5574
f 6199 10886 5574 1149
f 1150 6027 10887 6058
f 6027 1149 5574 10887
f 10887 5574 1145 3610
f 6058 10887 3610 1146
f 1175 6975 10888 7467
f 6975 1155 4931 10888
f 10888 4931 437 6489
f 7467 10888 6489 750
f 1156 4627 10889 8646
f 4627 1155 6975 10889
f 10889 6975 1175 8620
f 8646 10889 8620 1176
f 1172 4848 10890 4862
f 4848 529 3284 10890
f 10890 3284 1465 3696
f 4862 10890 3696 1475
f 1172 4862 10891 4836
f 4862 1475 4386 10891
f 10891 4386 1476 4631
f 4836 10891 4631 1171
f 1174 5974 10892 6516
f 5974 957 5608 10892
f 10892 5608 749 5224
f 6516 10892 5224 1177
f 1173 5983 10893 4998
f 5983 1174 6516 10893
f 10893 6516 1177 3611
f 4998 10893 3611 1178
f 1167 7794 10894 7688
f 7794 514 5924 10894
f 10894 5924 638 6199
f 7688 10894 6199 1149
f 1167 7688 10895 8950
f 7688 1149 6027 10895
f 10895 6027 1150 8965
f 8950 10895 8965 1168
f 1221 5500 10896 8789
f 5500 1243 4115 10896
f 10896 4115 1162 8687
f 8789 10896 8687 528
f 1243 5262 10897 4115
f 5262 1245 4981 10897
f 10897 4981 1161 3555
f 4115 10897 3555 1162
f 1486 6626 10898 6804
f 6626 625 6246 10898
f 10898 6246 406 5869
f 6804 10898 5869 1490
f 357 5073 10899 6268
f 5073 1491 4179 10899
f 10899 4179 1490 5869
f 6268 10899 5869 406
f 752 8788 10900 8683
f 8788 1170 8497 10900
f 10900 8497 1144 8544
f 8683 10900 8544 751
f 1144 8497 10901 8567
f 8497 1170 3491 10901
f 10901 3491 1169 7661
f 8567 10901 7661 1143
f 749 5643 10902 5224
f 5643 748 4410 10902
f 10902 4410 1169 3292
f 5224 10902 3292 1177
f 1177 3292 10903 3611
f 3292 1169 3491 10903
f 10903 3491 1170 3648
f 3611 10903 3648 1178
f 528 8687 10904 8770
f 8687 1162 7378 10904
f 10904 7378 1143 6974
f 8770 10904 6974 739
f 1143 7378 10905 8567
f 7378 1162 3555 10905
f 10905 3555 1161 9168
f 8567 10905 9168 1144
f 677 5367 10906 5407
f 5367 676 5772 10906
f 10906 5772 1197 5699
f 5407 10906 5699 1180
f 1197 6650 10907 5699
f 6650 1198 6778 10907
f 10907 6778 1179 4674
f 5699 10907 4674 1180
f 334 6540 10908 6544
f 6540 1181 5805 10908
f 10908 5805 1197 5772
f 6544 10908 5772 676
f 1198 6650 10909 6622
f 6650 1197 5805 10909
f 10909 5805 1181 6166
f 6622 10909 6166 1182
f 648 8380 10910 8398
f 8380 652 7067 10910
f 10910 7067 1183 7246
f 8398 10910 7246 1195
f 1184 8275 10911 8228
f 8275 1196 4348 10911
f 10911 4348 1195 7246
f 8228 10911 7246 1183
f 677 5407 10912 6844
f 5407 1180 4703 10912
f 10912 4703 1196 6739
f 6844 10912 6739 678
f 1180 4674 10913 4703
f 4674 1179 4056 10913
f 10913 4056 1195 4348
f 4703 10913 4348 1196
f 695 7343 10914 7359
f 7343 1182 6077 10914
f 10914 6077 1188 5889
f 7359 10914 5889 726
f 1181 5291 10915 6166
f 5291 1187 4628 10915
f 10915 4628 1188 6077
f 6166 10915 6077 1182
f 1188 4512 10916 5889
f 4512 1194 3878 10916
f 10916 3878 547 5849
f 5889 10916 5849 726
f 1188 4628 10917 4512
f 4628 1187 3767 10917
f 10917 3767 1193 3406
f 4512 10917 3406 1194
f 1183 7067 10918 7243
f 7067 652 7649 10918
f 10918 7649 3135 7520
f 7243 10918 7520 3162
f 1184 8228 10919 8271
f 8228 1183 7243 10919
f 10919 7243 3162 3398
f 8271 10919 3398 3161
f 1190 8036 10920 6738
f 8036 1191 7915 10920
f 10920 7915 418 6700
f 6738 10920 6700 710
f 1192 9451 10921 9366
f 9451 1191 8036 10921
f 10921 8036 1190 6334
f 9366 10921 6334 1189
f 547 3878 10922 6707
f 3878 1194 6409 10922
f 10922 6409 1190 6738
f 6707 10922 6738 710
f 1190 6409 10923 6334
f 6409 1194 3406 10923
f 10923 3406 1193 5105
f 6334 10923 5105 1189
f 1191 7187 10924 7915
f 7187 1185 5165 10924
f 10924 5165 397 5597
f 7915 10924 5597 418
f 1192 9280 10925 9451
f 9280 1186 3307 10925
f 10925 3307 1185 7187
f 9451 10925 7187 1191
f 1199 7815 10926 7083
f 7815 1158 6408 10926
f 10926 6408 481 3422
f 7083 10926 3422 482
f 1199 7422 10927 7815
f 7422 1201 5067 10927
f 10927 5067 1157 6332
f 7815 10927 6332 1158
f 1157 5067 10928 5550
f 5067 1201 3409 10928
f 10928 3409 1186 4003
f 5550 10928 4003 507
f 1200 8904 10929 8996
f 8904 1199 7083 10929
f 10929 7083 482 4450
f 8996 10929 4450 508
f 1200 8946 10930 8904
f 8946 1202 3525 10930
f 10930 3525 1201 7422
f 8904 10930 7422 1199
f 1186 3409 10931 3307
f 3409 1201 3525 10931
f 10931 3525 1202 3470
f 3307 10931 3470 1185
f 1200 8996 10932 8960
f 8996 508 4444 10932
f 10932 4444 483 6721
f 8960 10932 6721 582
f 1200 8960 10933 8946
f 8960 582 6832 10933
f 10933 6832 414 6202
f 8946 10933 6202 1202
f 397 5165 10934 6149
f 5165 1185 3470 10934
f 10934 3470 1202 6202
f 6149 10934 6202 414
f 797 5128 10935 9355
f 5128 564 4843 10935
f 10935 4843 1203 9445
f 9355 10935 9445 968
f 564 4285 10936 4843
f 4285 795 6978 10936
f 10936 6978 1207 6976
f 4843 10936 6976 1203
f 279 7503 10937 7344
f 7503 290 4867 10937
f 10937 4867 1204 5971
f 7344 10937 5971 1206
f 301 5583 10938 5592
f 5583 1205 6931 10938
f 10938 6931 1207 6978
f 5592 10938 6978 795
f 1206 5975 10939 7344
f 5975 1205 5583 10939
f 10939 5583 301 7220
f 7344 10939 7220 279
f 263 7922 10940 7985
f 7922 866 3437 10940
f 10940 3437 865 4809
f 7985 10940 4809 268
f 272 8774 10941 8773
f 8774 285 5326 10941
f 10941 5326 292 5858
f 8773 10941 5858 278
f 966 6391 10942 6410
f 6391 980 4567 10942
f 10942 4567 1234 4175
f 6410 10942 4175 1235
f 1238 6014 10943 5951
f 6014 1107 4195 10943
f 10943 4195 3067 3889
f 5951 10943 3889 3163
f 1239 6909 10944 8312
f 6909 1238 5951 10944
f 10944 5951 3163 8297
f 8312 10944 8297 3064
f 632 9140 10945 9032
f 9140 633 3454 10945
f 10945 3454 1218 4309
f 9032 10945 4309 1228
f 1229 5752 10946 5712
f 5752 1228 4309 10946
f 10946 4309 1218 3911
f 5712 10946 3911 1219
f 358 6741 10947 7093
f 6741 1227 3816 10947
f 10947 3816 1209 7875
f 7093 10947 7875 511
f 1227 3784 10948 3816
f 3784 1226 8542 10948
f 10948 8542 1208 8997
f 3816 10948 8997 1209
f 1210 3537 10949 6298
f 3537 577 4277 10949
f 10949 4277 340 6724
f 6298 10949 6724 1214
f 1215 7151 10950 7199
f 7151 1211 4107 10950
f 10950 4107 1210 6298
f 7199 10950 6298 1214
f 511 7875 10951 6994
f 7875 1209 4168 10951
f 10951 4168 1211 4010
f 6994 10951 4010 387
f 1208 8541 10952 8997
f 8541 1210 4107 10952
f 10952 4107 1211 4168
f 8997 10952 4168 1209
f 340 4288 10953 6724
f 4288 339 9021 10953
f 10953 9021 1232 9075
f 6724 10953 9075 1214
f 1232 8612 10954 9075
f 8612 1233 7960 10954
f 10954 7960 1215 7199
f 9075 10954 7199 1214
f 440 8964 10955 9031
f 8964 385 3261 10955
f 10955 3261 1233 7117
f 9031 10955 7117 1223
f 1223 7117 10956 6911
f 7117 1233 8612 10956
f 10956 8612 1232 8961
f 6911 10956 8961 1222
f 1216 8194 10957 8276
f 8194 474 3508 10957
f 10957 3508 529 4513
f 8276 10957 4513 1220
f 1221 5033 10958 5515
f 5033 1217 9589 10958
f 10958 9589 1216 8276
f 5515 10958 8276 1220
f 1236 4857 10959 4868
f 4857 1244 4675 10959
f 10959 4675 1171 4199
f 4868 10959 4199 610
f 1245 5312 10960 5292
f 5312 1244 4857 10960
f 10960 4857 1236 5012
f 5292 10960 5012 1237
f 965 5499 10961 5544
f 5499 1236 4868 10961
f 10961 4868 610 4594
f 5544 10961 4594 612
f 965 5520 10962 5499
f 5520 291 5051 10962
f 10962 5051 1237 5012
f 5499 10962 5012 1236
f 616 9254 10963 8313
f 9254 980 5185 10963
f 10963 5185 965 5544
f 8313 10963 5544 612
f 966 6455 10964 6391
f 6455 291 5520 10964
f 10964 5520 965 5185
f 6391 10964 5185 980
f 982 6716 10965 5836
f 6716 1234 4028 10965
f 10965 4028 619 5111
f 5836 10965 5111 629
f 982 5997 10966 6716
f 5997 981 4999 10966
f 10966 4999 1235 4175
f 6716 10966 4175 1234
f 630 5871 10967 6252
f 5871 1212 6043 10967
f 10967 6043 982 5836
f 6252 10967 5836 629
f 982 6043 10968 5997
f 6043 1212 5311 10968
f 10968 5311 1213 5276
f 5997 10968 5276 981
f 1224 9262 10969 9357
f 9262 1212 5871 10969
f 10969 5871 630 7436
f 9357 10969 7436 631
f 1224 8364 10970 9262
f 8364 1225 5794 10970
f 10970 5794 1213 5311
f 9262 10970 5311 1212
f 1224 9357 10971 9424
f 9357 631 9070 10971
f 10971 9070 632 9032
f 9424 10971 9032 1228
f 1224 9424 10972 8364
f 9424 1228 5752 10972
f 10972 5752 1229 5449
f 8364 10972 5449 1225
f 624 8679 10973 8790
f 8679 623 7557 10973
f 10973 7557 1219 7761
f 8790 10973 7761 1231
f 1231 7761 10974 7816
f 7761 1219 3911 10974
f 10974 3911 1218 6797
f 7816 10974 6797 1230
f 580 4568 10975 4593
f 4568 1226 8004 10975
f 10975 8004 967 7912
f 4593 10975 7912 579
f 967 8004 10976 7992
f 8004 1226 3784 10976
f 10976 3784 1227 7194
f 7992 10976 7194 959
f 959 7194 10977 7277
f 7194 1227 6741 10977
f 10977 6741 358 6830
f 7277 10977 6830 561
f 406 5867 10978 6268
f 5867 1476 4386 10978
f 10978 4386 1475 5555
f 6268 10978 5555 357
f 357 5555 10979 5415
f 5555 1475 3696 10979
f 10979 3696 1465 4460
f 5415 10979 4460 364
f 1464 9569 10980 8595
f 9569 1469 5272 10980
f 10980 5272 284 4440
f 8595 10980 4440 306
f 307 3935 10981 4154
f 3935 1473 9189 10981
f 10981 9189 1464 8595
f 4154 10981 8595 306
f 512 9462 10982 9410
f 9462 1468 8108 10982
f 10982 8108 1472 8157
f 9410 10982 8157 513
f 1472 8153 10983 9583
f 8153 366 6507 10983
f 10983 6507 302 6106
f 9583 10983 6106 1473
f 1468 4654 10984 4680
f 4654 1466 4099 10984
f 10984 4099 427 4095
f 4680 10984 4095 339
f 364 4460 10985 4777
f 4460 1465 4074 10985
f 10985 4074 1467 3971
f 4777 10985 3971 530
f 427 4099 10986 4096
f 4099 1466 4043 10986
f 10986 4043 1467 3723
f 4096 10986 3723 474
f 406 6246 10987 5867
f 6246 625 5843 10987
f 10987 5843 1462 6046
f 5867 10987 6046 1476
f 1463 6943 10988 6902
f 6943 612 4594 10988
f 10988 4594 610 5828
f 6902 10988 5828 1462
f 626 3656 10989 7448
f 3656 705 7138 10989
f 10989 7138 1471 7386
f 7448 10989 7386 1463
f 639 6969 10990 6946
f 6969 1474 7251 10990
f 10990 7251 1471 7138
f 6946 10990 7138 705
f 327 7947 10991 7787
f 7947 1250 3456 10991
f 10991 3456 1474 6969
f 7787 10991 6969 639
f 1491 4178 10992 4179
f 4178 1146 3610 10992
f 10992 3610 1145 3501
f 4179 10992 3501 1490
f 1145 3283 10993 3501
f 3283 609 6620 10993
f 10993 6620 1486 6804
f 3501 10993 6804 1490
f 279 7348 10994 7503
f 7348 1485 8010 10994
f 10994 8010 1479 7907
f 7503 10994 7907 290
f 301 5586 10995 7220
f 5586 1483 5714 10995
f 10995 5714 1485 7348
f 7220 10995 7348 279
f 1487 7742 10996 7739
f 7742 513 4119 10996
f 10996 4119 307 4140
f 7739 10996 4140 1483
f 1488 9089 10997 8834
f 9089 1478 6329 10997
f 10997 6329 428 8394
f 8834 10997 8394 360
f 359 7934 10998 7949
f 7934 428 6329 10998
f 10998 6329 1478 7812
f 7949 10998 7812 1487
f 364 4777 10999 4390
f 4777 530 9216 10999
f 10999 9216 1480 8360
f 4390 10999 8360 1481
f 325 5409 11000 5420
f 5409 1251 4349 11000
f 11000 4349 1484 4295
f 5420 11000 4295 635
f 1486 6620 11001 6794
f 6620 609 9423 11001
f 11001 9423 608 9465
f 6794 11001 9465 1482
f 639 6946 11002 6938
f 6946 705 3263 11002
f 11002 3263 1489 4403
f 6938 11002 4403 1484
f 608 9434 11003 9465
f 9434 706 3317 11003
f 11003 3317 1489 3405
f 9465 11003 3405 1482
f 350 6198 11004 6876
f 6198 1146 4178 11004
f 11004 4178 1491 3880
f 6876 11004 3880 1481
f 1488 9350 11005 8990
f 9350 1480 9216 11005
f 11005 9216 530 4276
f 8990 11005 4276 532
f 669 5323 11006 5143
f 5323 1493 5007 11006
f 11006 5007 1492 4884
f 5143 11006 4884 394
f 1496 8606 11007 8651
f 8606 649 5941 11007
f 11007 5941 670 6193
f 8651 11007 6193 1493
f 1492 4917 11008 4841
f 4917 660 4278 11008
f 11008 4278 682 3727
f 4841 11008 3727 1259
f 1496 8457 11009 8606
f 8457 1495 7461 11009
f 11009 7461 654 6497
f 8606 11009 6497 649
f 1495 6903 11010 7461
f 6903 1494 7559 11010
f 11010 7559 655 7595
f 7461 11010 7595 654
f 1494 8780 11011 6271
f 8780 656 8785 11011
f 11011 8785 3137 5194
f 6271 11011 5194 3165
f 1328 9074 11012 8597
f 9074 682 4278 11012
f 11012 4278 660 4634
f 8597 11012 4634 1497
f 670 5941 11013 6194
f 5941 649 4039 11013
f 11013 4039 1499 4677
f 6194 11013 4677 1500
f 670 6194 11014 6158
f 6194 1500 4771 11014
f 11014 4771 1497 4634
f 6158 11014 4634 660
f 654 7595 11015 6536
f 7595 655 7560 11015
f 11015 7560 1501 6171
f 6536 11015 6171 1502
f 653 5585 11016 5637
f 5585 1501 5815 11016
f 11016 5815 3166 5811
f 5637 11016 5811 3139
f 1499 4039 11017 6119
f 4039 649 6497 11017
f 11017 6497 654 6536
f 6119 11017 6536 1502
f 1040 9535 11018 8625
f 9535 1477 5039 11018
f 11018 5039 1249 3255
f 8625 11018 3255 1041
f 1040 8935 11019 9535
f 8935 1024 9609 11019
f 11019 9609 1281 5037
f 9535 11019 5037 1477
f 1024 9531 11020 9609
f 9531 1017 3334 11020
f 11020 3334 1506 3309
f 9609 11020 3309 1281
f 1063 7133 11021 8044
f 7133 1041 3255 11021
f 11021 3255 1249 6673
f 8044 11021 6673 1246
f 1063 8044 11022 7168
f 8044 1246 6079 11022
f 11022 6079 1258 3444
f 7168 11022 3444 1073
f 1506 3334 11023 6071
f 3334 1017 4024 11023
f 11023 4024 1003 6295
f 6071 11023 6295 1470
f 1003 3885 11024 6295
f 3885 3232 8135 11024
f 11024 8135 3231 8154
f 6295 11024 8154 1470
f 1503 7197 11025 7172
f 7197 990 6714 11025
f 11025 6714 1073 3444
f 7172 11025 3444 1258
f 1503 7062 11026 8259
f 7062 989 5267 11026
f 11026 5267 468 8112
f 8259 11026 8112 1248
f 1023 7273 11027 7257
f 7273 1299 3936 11027
f 11027 3936 1505 3824
f 7257 11027 3824 1035
f 1011 4117 11028 7149
f 4117 1507 4186 11028
f 11028 4186 1299 7273
f 7149 11028 7273 1023
f 1247 7247 11029 7178
f 7247 1508 5297 11029
f 11029 5297 1053 5252
f 7178 11029 5252 1042
f 1247 7178 11030 7924
f 7178 1042 3892 11030
f 11030 3892 1035 3824
f 7924 11030 3824 1505
f 1078 5987 11031 6047
f 5987 1053 5297 11031
f 11031 5297 1508 5512
f 6047 11031 5512 1509
f 1511 8099 11032 8080
f 8099 1507 4117 11032
f 11032 4117 1011 4298
f 8080 11032 4298 1004
f 3235 9227 11033 9460
f 9227 3232 3885 11033
f 11033 3885 1003 8098
f 9460 11033 8098 1511
f 991 7052 11034 7365
f 7052 1078 6047 11034
f 11034 6047 1509 6340
f 7365 11034 6340 1510
f 991 7365 11035 9136
f 7365 1510 9437 11035
f 11035 9437 1256 9033
f 9136 11035 9033 856
f 675 5873 11036 3853
f 5873 662 6182 11036
f 11036 6182 1257 3387
f 3853 11036 3387 1498
f 675 3853 11037 8278
f 3853 1498 3623 11037
f 11037 3623 1513 8361
f 8278 11037 8361 680
f 663 7301 11038 7356
f 7301 653 8209 11038
f 11038 8209 1440 8191
f 7356 11038 8191 1307
f 672 9431 11039 9473
f 9431 684 4535 11039
f 11039 4535 1292 4391
f 9473 11039 4391 1513
f 653 5637 11040 8209
f 5637 3139 4531 11040
f 11040 4531 3164 8272
f 8209 11040 8272 1440
f 663 7356 11041 7437
f 7356 1307 4068 11041
f 11041 4068 1257 6182
f 7437 11041 6182 662
f 1516 4793 11042 4413
f 4793 1515 4262 11042
f 11042 4262 308 4231
f 4413 11042 4231 266
f 264 9253 11043 8396
f 9253 978 3645 11043
f 11043 3645 1514 6795
f 8396 11043 6795 1518
f 1516 4413 11044 4315
f 4413 266 4211 11044
f 11044 4211 979 4197
f 4315 11044 4197 1514
f 455 7776 11045 7161
f 7776 309 8842 11045
f 11045 8842 1520 8629
f 7161 11045 8629 1521
f 308 4262 11046 5088
f 4262 1515 9026 11046
f 11046 9026 1520 8842
f 5088 11046 8842 309
f 383 7091 11047 7968
f 7091 382 6195 11047
f 11047 6195 1517 5266
f 7968 11047 5266 1521
f 1519 7680 11048 7561
f 7680 1517 6195 11048
f 11048 6195 382 7593
f 7561 11048 7593 559
f 3167 7861 11049 7904
f 7861 1522 4933 11049
f 11049 4933 373 5650
f 7904 11049 5650 3117
f 373 4933 11050 7627
f 4933 1522 7818 11050
f 11050 7818 1519 7561
f 7627 11050 7561 559
f 1534 6083 11051 6062
f 6083 1539 4881 11051
f 11051 4881 1204 4867
f 6062 11051 4867 290
f 1525 5062 11052 5389
f 5062 281 3629 11052
f 11052 3629 866 3329
f 5389 11052 3329 1537
f 1534 6062 11053 6084
f 6062 290 7907 11053
f 11053 7907 1479 8042
f 6084 11053 8042 1541
f 1526 5956 11054 5831
f 5956 1538 4604 11054
f 11054 4604 868 4597
f 5831 11054 4597 282
f 1527 6983 11055 6912
f 6983 283 4553 11055
f 11055 4553 868 4604
f 6912 11055 4604 1538
f 1535 7164 11056 7878
f 7164 292 5326 11056
f 11056 5326 285 5707
f 7878 11056 5707 1529
f 288 9493 11057 9323
f 9493 1532 4706 11057
f 11057 4706 1531 7081
f 9323 11057 7081 287
f 864 9494 11058 9592
f 9494 1536 9526 11058
f 11058 9526 1529 5707
f 9592 11058 5707 285
f 1535 7699 11059 7164
f 7699 1542 6680 11059
f 11059 6680 1518 6643
f 7164 11059 6643 292
f 1536 9494 11060 8121
f 9494 864 9516 11060
f 11060 9516 289 5219
f 8121 11060 5219 1533
f 1526 5831 11061 5980
f 5831 282 3522 11061
f 11061 3522 281 5062
f 5980 11061 5062 1525
f 264 8396 11062 8417
f 8396 1518 6680 11062
f 11062 6680 1542 6377
f 8417 11062 6377 1524
f 1479 8079 11063 8042
f 8079 284 8700 11063
f 11063 8700 1528 8109
f 8042 11063 8109 1541
f 288 9474 11064 9493
f 9474 1204 4881 11064
f 11064 4881 1539 4659
f 9493 11064 4659 1532
f 286 6187 11065 6189
f 6187 1530 5242 11065
f 11065 5242 1533 5219
f 6189 11065 5219 289
f 1524 4827 11066 8417
f 4827 1523 7927 11066
f 11066 7927 263 8436
f 8417 11066 8436 264
f 1469 5509 11067 5272
f 5509 1540 8520 11067
f 11067 8520 1528 8700
f 5272 11067 8700 284
f 1527 6913 11068 6983
f 6913 1540 5509 11068
f 11068 5509 1469 5265
f 6983 11068 5265 283
f 263 7927 11069 7922
f 7927 1523 3938 11069
f 11069 3938 1537 3329
f 7922 11069 3329 866
f 287 7081 11070 7090
f 7081 1531 4049 11070
f 11070 4049 1530 6187
f 7090 11070 6187 286
f 1536 8158 11071 9526
f 8158 14 9162 11071
f 11071 9162 24 9008
f 9526 11071 9008 1529
f 24 9115 11072 9008
f 9115 34 7648 11072
f 11072 7648 1535 7878
f 9008 11072 7878 1529
f 1542 7699 11073 6373
f 7699 1535 7648 11073
f 11073 7648 34 4768
f 6373 11073 4768 44
f 55 7438 11074 7397
f 7438 1524 6377 11074
f 11074 6377 1542 6373
f 7397 11074 6373 44
f 55 7212 11075 7438
f 7212 66 4201 11075
f 11075 4201 1523 4827
f 7438 11075 4827 1524
f 1523 4201 11076 3938
f 4201 66 5629 11076
f 11076 5629 77 5163
f 3938 11076 5163 1537
f 88 9053 11077 9179
f 9053 1525 5389 11077
f 11077 5389 1537 5163
f 9179 11077 5163 77
f 1526 5980 11078 6003
f 5980 1525 9053 11078
f 11078 9053 88 9119
f 6003 11078 9119 99
f 110 6543 11079 6583
f 6543 1538 5956 11079
f 11079 5956 1526 6003
f 6583 11079 6003 99
f 110 6555 11080 6543
f 6555 121 7466 11080
f 11080 7466 1527 6912
f 6543 11080 6912 1538
f 1540 6913 11081 4605
f 6913 1527 7466 11081
f 11081 7466 121 4582
f 4605 11081 4582 132
f 1528 8520 11082 8642
f 8520 1540 4605 11082
f 11082 4605 132 7492
f 8642 11082 7492 143
f 1528 8642 11083 8109
f 8642 143 7584 11083
f 11083 7584 154 5522
f 8109 11083 5522 1541
f 1534 6084 11084 6172
f 6084 1541 5522 11084
f 11084 5522 154 5386
f 6172 11084 5386 165
f 1534 6172 11085 6083
f 6172 165 8627 11085
f 11085 8627 176 8810
f 6083 11085 8810 1539
f 176 8757 11086 8810
f 8757 187 4648 11086
f 11086 4648 1532 4659
f 8810 11086 4659 1539
f 198 6723 11087 6718
f 6723 1531 4706 11087
f 11087 4706 1532 4648
f 6718 11087 4648 187
f 198 6819 11088 6723
f 6819 209 3542 11088
f 11088 3542 1530 4049
f 6723 11088 4049 1531
f 1533 5242 11089 5548
f 5242 1530 3542 11089
f 11089 3542 209 4602
f 5548 11089 4602 4
f 1536 8121 11090 8158
f 8121 1533 5548 11090
f 11090 5548 4 6512
f 8158 11090 6512 14
f 1552 8922 11091 8843
f 8922 1755 9407 11091
f 11091 9407 1544 8198
f 8843 11091 8198 1551
f 1552 8602 11092 8922
f 8602 1553 4746 11092
f 11092 4746 1756 4669
f 8922 11092 4669 1755
f 1757 5303 11093 5080
f 5303 1756 4746 11093
f 11093 4746 1553 3484
f 5080 11093 3484 1554
f 1752 8710 11094 8569
f 8710 1751 7458 11094
f 11094 7458 1546 3778
f 8569 11094 3778 1547
f 1757 5080 11095 4979
f 5080 1554 4190 11095
f 11095 4190 1555 3704
f 4979 11095 3704 1545
f 1752 8569 11096 8889
f 8569 1547 4296 11096
f 11096 4296 1548 4459
f 8889 11096 4459 1753
f 1543 7795 11097 8043
f 7795 1753 4459 11097
f 11097 4459 1548 5700
f 8043 11097 5700 1549
f 1550 6814 11098 6657
f 6814 1754 7990 11098
f 11098 7990 1543 8043
f 6657 11098 8043 1549
f 1544 9425 11099 8198
f 9425 1754 6814 11099
f 11099 6814 1550 7797
f 8198 11099 7797 1551
f 1563 4089 11100 4050
f 4089 1553 8602 11100
f 11100 8602 1552 8915
f 4050 11100 8915 1562
f 1564 4642 11101 4665
f 4642 1554 3484 11101
f 11101 3484 1553 4089
f 4665 11101 4089 1563
f 1547 3778 11102 5054
f 3778 1546 4808 11102
f 11102 4808 1556 5057
f 5054 11102 5057 1557
f 1565 5261 11103 5258
f 5261 1555 4190 11103
f 11103 4190 1554 4642
f 5258 11103 4642 1564
f 1558 5821 11104 5982
f 5821 1548 4296 11104
f 11104 4296 1547 5054
f 5982 11104 5054 1557
f 1559 6934 11105 7540
f 6934 1549 5700 11105
f 11105 5700 1548 5821
f 7540 11105 5821 1558
f 1550 6657 11106 8731
f 6657 1549 6934 11106
f 11106 6934 1559 8705
f 8731 11106 8705 1560
f 1551 7797 11107 7324
f 7797 1550 8731 11107
f 11107 8731 1560 9010
f 7324 11107 9010 1561
f 1552 8843 11108 8915
f 8843 1551 7324 11108
f 11108 7324 1561 3587
f 8915 11108 3587 1562
f 1574 6378 11109 6453
f 6378 1564 4665 11109
f 11109 4665 1563 5552
f 6453 11109 5552 1573
f 1567 7063 11110 7693
f 7063 1557 5057 11110
f 11110 5057 1556 6050
f 7693 11110 6050 1566
f 1575 8074 11111 8023
f 8074 1565 5258 11111
f 11111 5258 1564 6378
f 8023 11111 6378 1574
f 1558 5982 11112 8160
f 5982 1557 7063 11112
f 11112 7063 1567 8146
f 8160 11112 8146 1568
f 1559 7540 11113 7668
f 7540 1558 8160 11113
f 11113 8160 1568 9604
f 7668 11113 9604 1569
f 1560 8705 11114 8142
f 8705 1559 7668 11114
f 11114 7668 1569 3321
f 8142 11114 3321 1570
f 1560 8142 11115 9010
f 8142 1570 3913 11115
f 11115 3913 1571 3693
f 9010 11115 3693 1561
f 1562 3587 11116 4522
f 3587 1561 3693 11116
f 11116 3693 1571 4618
f 4522 11116 4618 1572
f 1573 5552 11117 5474
f 5552 1563 4050 11117
f 11117 4050 1562 4522
f 5474 11117 4522 1572
f 1574 6453 11118 8962
f 6453 1573 7694 11118
f 11118 7694 1583 9078
f 8962 11118 9078 1584
f 1567 7693 11119 7911
f 7693 1566 9328 11119
f 11119 9328 1576 8367
f 7911 11119 8367 1577
f 1575 8023 11120 7163
f 8023 1574 8962 11120
f 11120 8962 1584 8631
f 7163 11120 8631 1585
f 1568 8146 11121 8249
f 8146 1567 7911 11121
f 11121 7911 1577 3318
f 8249 11121 3318 1578
f 1568 8249 11122 9604
f 8249 1578 3790 11122
f 11122 3790 1579 3841
f 9604 11122 3841 1569
f 1570 3321 11123 4452
f 3321 1569 3841 11123
f 11123 3841 1579 4336
f 4452 11123 4336 1580
f 1581 5719 11124 5702
f 5719 1571 3913 11124
f 11124 3913 1570 4452
f 5702 11124 4452 1580
f 1582 6790 11125 6658
f 6790 1572 4618 11125
f 11125 4618 1571 5719
f 6658 11125 5719 1581
f 1583 7694 11126 7798
f 7694 1573 5474 11126
f 11126 5474 1572 6790
f 7798 11126 6790 1582
f 1587 3973 11127 4191
f 3973 1577 8367 11127
f 11127 8367 1576 9523
f 4191 11127 9523 1586
f 1584 8916 11128 8631
f 8916 1594 4051 11128
f 11128 4051 1595 4090
f 8631 11128 4090 1585
f 1588 4869 11129 4828
f 4869 1578 3318 11129
f 11129 3318 1577 3973
f 4828 11129 3973 1587
f 1579 3790 11130 5055
f 3790 1578 4869 11130
f 11130 4869 1588 5059
f 5055 11130 5059 1589
f 1590 5822 11131 6000
f 5822 1580 4336 11131
f 11131 4336 1579 5055
f 6000 11131 5055 1589
f 1591 6936 11132 6891
f 6936 1581 5702 11132
f 11132 5702 1580 5822
f 6891 11132 5822 1590
f 1592 9192 11133 8706
f 9192 1582 6658 11133
f 11133 6658 1581 6936
f 8706 11133 6936 1591
f 1583 7798 11134 7530
f 7798 1582 9192 11134
f 11134 9192 1592 9011
f 7530 11134 9011 1593
f 1584 9078 11135 8916
f 9078 1583 7530 11135
f 11135 7530 1593 3601
f 8916 11135 3601 1594
f 1606 6362 11136 6341
f 6362 1595 4051 11136
f 11136 4051 1594 5523
f 6341 11136 5523 1605
f 1588 4828 11137 7165
f 4828 1587 6110 11137
f 11137 6110 1598 7186
f 7165 11137 7186 1599
f 1600 8122 11138 8147
f 8122 1589 5059 11138
f 11138 5059 1588 7165
f 8147 11138 7165 1599
f 1600 8743 11139 8122
f 8743 1601 6563 11139
f 11139 6563 1590 6000
f 8122 11139 6000 1589
f 1591 6891 11140 7470
f 6891 1590 6563 11140
f 11140 6563 1601 3322
f 7470 11140 3322 1602
f 1591 7470 11141 8706
f 7470 1602 3914 11141
f 11141 3914 1603 8522
f 8706 11141 8522 1592
f 1592 8522 11142 9011
f 8522 1603 4619 11142
f 11142 4619 1604 4221
f 9011 11142 4221 1593
f 1594 3601 11143 5523
f 3601 1593 4221 11143
f 11143 4221 1604 5541
f 5523 11143 5541 1605
f 1598 6110 11144 6690
f 6110 1587 4191 11144
f 11144 4191 1586 5243
f 6690 11144 5243 1597
f 1600 8147 11145 8250
f 8147 1599 8035 11145
f 11145 8035 1610 3791
f 8250 11145 3791 1611
f 1596 4702 11146 4739
f 4702 1683 5917 11146
f 11146 5917 1694 6866
f 4739 11146 6866 1705
f 1612 4537 11147 4313
f 4537 1601 8743 11147
f 11147 8743 1600 8250
f 4313 11147 8250 1611
f 1613 5690 11148 5704
f 5690 1602 3322 11148
f 11148 3322 1601 4537
f 5704 11148 4537 1612
f 1603 3914 11149 6603
f 3914 1602 5690 11149
f 11149 5690 1613 6659
f 6603 11149 6659 1614
f 1615 7777 11150 7550
f 7777 1604 4619 11150
f 11150 4619 1603 6603
f 7550 11150 6603 1614
f 1616 9002 11151 9080
f 9002 1605 5541 11151
f 11151 5541 1604 7777
f 9080 11151 7777 1615
f 1598 6690 11152 6736
f 6690 1597 9517 11152
f 11152 9517 1608 8369
f 6736 11152 8369 1609
f 1616 8632 11153 9002
f 8632 1617 5906 11153
f 11153 5906 1606 6341
f 9002 11153 6341 1605
f 1599 7186 11154 8035
f 7186 1598 6736 11154
f 11154 6736 1609 3330
f 8035 11154 3330 1610
f 1622 5891 11155 5984
f 5891 1611 3791 11155
f 11155 3791 1610 5027
f 5984 11155 5027 1621
f 1672 9317 11156 9259
f 9317 1640 9518 11156
f 11156 9518 1684 5298
f 9259 11156 5298 1661
f 1623 6980 11157 6892
f 6980 1612 4313 11157
f 11157 4313 1611 5891
f 6892 11157 5891 1622
f 1624 8652 11158 8708
f 8652 1613 5704 11158
f 11158 5704 1612 6980
f 8708 11158 6980 1623
f 1624 9013 11159 8652
f 9013 1625 6438 11159
f 11159 6438 1614 6659
f 8652 11159 6659 1613
f 1615 7550 11160 7819
f 7550 1614 6438 11160
f 11160 6438 1625 3602
f 7819 11160 3602 1626
f 1616 9080 11161 8917
f 9080 1615 7819 11161
f 11161 7819 1626 4057
f 8917 11161 4057 1627
f 1620 4478 11162 4829
f 4478 1609 8369 11162
f 11162 8369 1608 9414
f 4829 11162 9414 1619
f 1616 8917 11163 8632
f 8917 1627 4666 11163
f 11163 4666 1628 4742
f 8632 11163 4742 1617
f 1621 5027 11164 5226
f 5027 1610 3330 11164
f 11164 3330 1609 4478
f 5226 11164 4478 1620
f 1640 9317 11165 9267
f 9317 1672 9416 11165
f 11165 9416 1683 4702
f 9267 11165 4702 1596
f 1639 8046 11166 8101
f 8046 1650 8196 11166
f 11166 8196 1728 8104
f 8101 11166 8104 1628
f 1623 6892 11167 6914
f 6892 1622 6382 11167
f 11167 6382 1633 3323
f 6914 11167 3323 1634
f 1624 8708 11168 8528
f 8708 1623 6914 11168
f 11168 6914 1634 3915
f 8528 11168 3915 1635
f 1624 8528 11169 9013
f 8528 1635 4523 11169
f 11169 4523 1636 4222
f 9013 11169 4222 1625
f 1637 5524 11170 5542
f 5524 1626 3602 11170
f 11170 3602 1625 4222
f 5542 11170 4222 1636
f 1638 6363 11171 6342
f 6363 1627 4057 11171
f 11171 4057 1626 5524
f 6342 11171 5524 1637
f 1620 4829 11172 7166
f 4829 1619 6293 11172
f 11172 6293 1630 7772
f 7166 11172 7772 1631
f 1639 8101 11173 7396
f 8101 1628 4666 11173
f 11173 4666 1627 6363
f 7396 11173 6363 1638
f 1621 5226 11174 8186
f 5226 1620 7166 11174
f 11174 7166 1631 9212
f 8186 11174 9212 1632
f 1728 8196 11175 8237
f 8196 1650 5245 11175
f 11175 5245 1661 5298
f 8237 11175 5298 1684
f 1622 5984 11176 6382
f 5984 1621 8186 11176
f 11176 8186 1632 9605
f 6382 11176 9605 1633
f 1645 5691 11177 5705
f 5691 1634 3323 11177
f 11177 3323 1633 4360
f 5705 11177 4360 1644
f 1646 6775 11178 6621
f 6775 1635 3915 11178
f 11178 3915 1634 5691
f 6621 11178 5691 1645
f 1636 4523 11179 7020
f 4523 1635 6775 11179
f 11179 6775 1646 7799
f 7020 11179 7799 1647
f 1648 9004 11180 9081
f 9004 1637 5542 11180
f 11180 5542 1636 7020
f 9081 11180 7020 1647
f 1638 6342 11181 5908
f 6342 1637 9004 11181
f 11181 9004 1648 8633
f 5908 11181 8633 1649
f 1631 7772 11182 7838
f 7772 1630 6864 11182
f 11182 6864 1641 3402
f 7838 11182 3402 1642
f 1638 5908 11183 7396
f 5908 1649 3485 11183
f 11183 3485 1650 8046
f 7396 11183 8046 1639
f 1631 7838 11184 9212
f 7838 1642 3792 11184
f 11184 3792 1643 8251
f 9212 11184 8251 1632
f 1607 7901 11185 8050
f 7901 1596 4739 11185
f 11185 4739 1705 4481
f 8050 11185 4481 1716
f 1632 8251 11186 9605
f 8251 1643 4338 11186
f 11186 4338 1644 4360
f 9605 11186 4360 1633
f 1607 8047 11187 7901
f 8047 1651 9415 11187
f 11187 9415 1640 9267
f 7901 11187 9267 1596
f 1646 6621 11188 6439
f 6621 1645 8493 11188
f 11188 8493 1656 9203
f 6439 11188 9203 1657
f 1647 7799 11189 7642
f 7799 1646 6439 11189
f 11189 6439 1657 3641
f 7642 11189 3641 1658
f 1648 9081 11190 8919
f 9081 1647 7642 11190
f 11190 7642 1658 3823
f 8919 11190 3823 1659
f 1660 4743 11191 4797
f 4743 1649 8633 11191
f 11191 8633 1648 8919
f 4797 11191 8919 1659
f 1653 5213 11192 5042
f 5213 1642 3402 11192
f 11192 3402 1641 4479
f 5042 11192 4479 1652
f 1661 5245 11193 5580
f 5245 1650 3485 11193
f 11193 3485 1649 4743
f 5580 11193 4743 1660
f 1654 6005 11194 5986
f 6005 1643 3792 11194
f 11194 3792 1642 5213
f 5986 11194 5213 1653
f 1640 9415 11195 9518
f 9415 1651 7156 11195
f 11195 7156 1695 7245
f 9518 11195 7245 1684
f 1655 6989 11196 6893
f 6989 1644 4338 11196
f 11196 4338 1643 6005
f 6893 11196 6005 1654
f 1728 8237 11197 8255
f 8237 1684 7245 11197
f 11197 7245 1695 7207
f 8255 11197 7207 1739
f 1656 8493 11198 8488
f 8493 1645 5705 11198
f 11198 5705 1644 6989
f 8488 11198 6989 1655
f 1669 5525 11199 5506
f 5525 1658 3641 11199
f 11199 3641 1657 4323
f 5506 11199 4323 1668
f 1670 6033 11200 6343
f 6033 1659 3823 11200
f 11200 3823 1658 5525
f 6343 11200 5525 1669
f 1660 4797 11201 8075
f 4797 1659 6033 11201
f 11201 6033 1670 7425
f 8075 11201 7425 1671
f 1664 9068 11202 8148
f 9068 1653 5042 11202
f 11202 5042 1652 7064
f 8148 11202 7064 1663
f 1672 9259 11203 9299
f 9259 1661 5580 11203
f 11203 5580 1660 8075
f 9299 11203 8075 1671
f 1654 5986 11204 6383
f 5986 1653 9068 11204
f 11204 9068 1664 9606
f 6383 11204 9606 1665
f 1728 8255 11205 8104
f 8255 1739 3825 11205
f 11205 3825 1617 4742
f 8104 11205 4742 1628
f 1655 6893 11206 6915
f 6893 1654 6383 11206
f 11206 6383 1665 3324
f 6915 11206 3324 1666
f 1607 8050 11207 8045
f 8050 1716 7276 11207
f 11207 7276 1727 7182
f 8045 11207 7182 1618
f 1656 8488 11208 8248
f 8488 1655 6915 11208
f 11208 6915 1666 3916
f 8248 11208 3916 1667
f 1656 8248 11209 9203
f 8248 1667 4620 11209
f 11209 4620 1668 4323
f 9203 11209 4323 1657
f 1680 9005 11210 9024
f 9005 1669 5506 11210
f 11210 5506 1668 7681
f 9024 11210 7681 1679
f 1670 6343 11211 5909
f 6343 1669 9005 11211
f 11211 9005 1680 8858
f 5909 11211 8858 1681
f 1671 7425 11212 8048
f 7425 1670 5909 11212
f 11212 5909 1681 3486
f 8048 11212 3486 1682
f 1664 8148 11213 8253
f 8148 1663 7208 11213
f 11213 7208 1674 3793
f 8253 11213 3793 1675
f 1672 9299 11214 9416
f 9299 1671 8048 11214
f 11214 8048 1682 4192
f 9416 11214 4192 1683
f 1664 8253 11215 9606
f 8253 1675 4339 11215
f 11215 4339 1676 4541
f 9606 11215 4541 1665
f 1607 8045 11216 8047
f 8045 1618 6063 11216
f 11216 6063 1662 6111
f 8047 11216 6111 1651
f 1677 5756 11217 5746
f 5756 1666 3324 11217
f 11217 3324 1665 4541
f 5746 11217 4541 1676
f 1695 7156 11218 7238
f 7156 1651 6111 11218
f 11218 6111 1662 6086
f 7238 11218 6086 1706
f 1678 6776 11219 6660
f 6776 1667 3916 11219
f 11219 3916 1666 5756
f 6660 11219 5756 1677
f 1679 7681 11220 7800
f 7681 1668 4620 11220
f 11220 4620 1667 6776
f 7800 11220 6776 1678
f 1680 8920 11221 8858
f 8920 1691 4667 11221
f 11221 4667 1692 4744
f 8858 11221 4744 1681
f 1682 3486 11222 5246
f 3486 1681 4744 11222
f 11222 4744 1692 5301
f 5246 11222 5301 1693
f 1675 3793 11223 6006
f 3793 1674 5028 11223
f 11223 5028 1685 5988
f 6006 11223 5988 1686
f 1683 4192 11224 5917
f 4192 1682 5246 11224
f 11224 5246 1693 6174
f 5917 11224 6174 1694
f 1687 7885 11225 6895
f 7885 1676 4339 11225
f 11225 4339 1675 6006
f 6895 11225 6006 1686
f 1695 7238 11226 7207
f 7238 1706 5833 11226
f 11226 5833 1750 6008
f 7207 11226 6008 1739
f 1688 8653 11227 8507
f 8653 1677 5746 11227
f 11227 5746 1676 7885
f 8507 11227 7885 1687
f 1606 5906 11228 6415
f 5906 1617 3825 11228
f 11228 3825 1739 6008
f 6415 11228 6008 1750
f 1688 9015 11229 8653
f 9015 1689 6440 11229
f 11229 6440 1678 6660
f 8653 11229 6660 1677
f 1679 7800 11230 7821
f 7800 1678 6440 11230
f 11230 6440 1689 3663
f 7821 11230 3663 1690
f 1679 7821 11231 9024
f 7821 1690 4062 11231
f 11231 4062 1691 8920
f 9024 11231 8920 1680
f 1692 4667 11232 7538
f 4667 1691 6364 11232
f 11232 6364 1702 8024
f 7538 11232 8024 1703
f 1704 9261 11233 9300
f 9261 1693 5301 11233
f 11233 5301 1692 7538
f 9300 11233 7538 1703
f 1686 5988 11234 6384
f 5988 1685 8558 11234
f 11234 8558 1696 9607
f 6384 11234 9607 1697
f 1694 6174 11235 6866
f 6174 1693 9261 11235
f 11235 9261 1704 8370
f 6866 11235 8370 1705
f 1687 6895 11236 7740
f 6895 1686 6384 11236
f 11236 6384 1697 3646
f 7740 11236 3646 1698
f 1727 7209 11237 7182
f 7209 1738 5300 11237
f 11237 5300 1629 5244
f 7182 11237 5244 1618
f 1687 7740 11238 8507
f 7740 1698 3917 11238
f 11238 3917 1699 8310
f 8507 11238 8310 1688
f 1629 5796 11239 5244
f 5796 1673 6865 11239
f 11239 6865 1662 6063
f 5244 11239 6063 1618
f 1700 4223 11240 4621
f 4223 1689 9015 11240
f 11240 9015 1688 8310
f 4621 11240 8310 1699
f 1701 5526 11241 5507
f 5526 1690 3663 11241
f 11241 3663 1689 4223
f 5507 11241 4223 1700
f 1691 4062 11242 6364
f 4062 1690 5526 11242
f 11242 5526 1701 6344
f 6364 11242 6344 1702
f 1704 9300 11243 9577
f 9300 1703 8049 11243
f 11243 8049 1714 4193
f 9577 11243 4193 1715
f 1696 8254 11244 9607
f 8254 1707 4550 11244
f 11244 4550 1708 4563
f 9607 11244 4563 1697
f 1716 4481 11245 4830
f 4481 1705 8370 11245
f 11245 8370 1704 9577
f 4830 11245 9577 1715
f 1709 5775 11246 5161
f 5775 1698 3646 11246
f 11246 3646 1697 4563
f 5161 11246 4563 1708
f 1717 5269 11247 5204
f 5269 1706 6086 11247
f 11247 6086 1662 6865
f 5204 11247 6865 1673
f 1710 6777 11248 6661
f 6777 1699 3917 11248
f 11248 3917 1698 5775
f 6661 11248 5775 1709
f 1750 5833 11249 6088
f 5833 1706 5269 11249
f 11249 5269 1717 6292
f 6088 11249 6292 1758
f 1711 7698 11250 7801
f 7698 1700 4621 11250
f 11250 4621 1699 6777
f 7801 11250 6777 1710
f 1712 9006 11251 9082
f 9006 1701 5507 11251
f 11251 5507 1700 7698
f 9082 11251 7698 1711
f 1702 6344 11252 6113
f 6344 1701 9006 11252
f 11252 9006 1712 8635
f 6113 11252 8635 1713
f 1703 8024 11253 8049
f 8024 1702 6113 11253
f 11253 6113 1713 3650
f 8049 11253 3650 1714
f 1719 7850 11254 6896
f 7850 1708 4550 11254
f 11254 4550 1707 6007
f 6896 11254 6007 1718
f 1727 7276 11255 7895
f 7276 1716 4830 11255
f 11255 4830 1715 6112
f 7895 11255 6112 1726
f 1720 9093 11256 8709
f 9093 1709 5161 11256
f 11256 5161 1708 7850
f 8709 11256 7850 1719
f 1606 6415 11257 6362
f 6415 1750 6088 11257
f 11257 6088 1758 6114
f 6362 11257 6114 1595
f 1710 6661 11258 6441
f 6661 1709 9093 11258
f 11258 9093 1720 9158
f 6441 11258 9158 1721
f 1749 5322 11259 5029
f 5322 1545 4978 11259
f 11259 4978 1629 5300
f 5029 11259 5300 1738
f 1711 7801 11260 7822
f 7801 1710 6441 11260
f 11260 6441 1721 3603
f 7822 11260 3603 1722
f 1712 9082 11261 8921
f 9082 1711 7822 11261
f 11261 7822 1722 3718
f 8921 11261 3718 1723
f 1712 8921 11262 8635
f 8921 1723 4668 11262
f 11262 4668 1724 4745
f 8635 11262 4745 1713
f 1725 5247 11263 5316
f 5247 1714 3650 11263
f 11263 3650 1713 4745
f 5316 11263 4745 1724
f 1726 6112 11264 6175
f 6112 1715 4193 11264
f 11264 4193 1714 5247
f 6175 11264 5247 1725
f 1727 7895 11265 7209
f 7895 1726 6868 11265
f 11265 6868 1737 3550
f 7209 11265 3550 1738
f 1719 6916 11266 8709
f 6916 1730 3918 11266
f 11266 3918 1731 8523
f 8709 11266 8523 1720
f 1555 4026 11267 3704
f 4026 1673 5796 11267
f 11267 5796 1629 4978
f 3704 11267 4978 1545
f 1720 8523 11268 9158
f 8523 1731 4704 11268
f 11268 4704 1732 4224
f 9158 11268 4224 1721
f 1565 5299 11269 5261
f 5299 1717 5204 11269
f 11269 5204 1673 4026
f 5261 11269 4026 1555
f 1722 3603 11270 5038
f 3603 1721 4224 11270
f 11270 4224 1732 5508
f 5038 11270 5508 1733
f 1734 6326 11271 6345
f 6326 1723 3718 11271
f 11271 3718 1722 5038
f 6345 11271 5038 1733
f 1735 8076 11272 8025
f 8076 1724 4668 11272
f 11272 4668 1723 6326
f 8025 11272 6326 1734
f 1736 8464 11273 9260
f 8464 1725 5316 11273
f 11273 5316 1724 8076
f 9260 11273 8076 1735
f 1736 8371 11274 8464
f 8371 1737 6868 11274
f 11274 6868 1726 6175
f 8464 11274 6175 1725
f 1719 6896 11275 6916
f 6896 1718 6385 11275
f 11275 6385 1729 3313
f 6916 11275 3313 1730
f 1742 6249 11276 6688
f 6249 1731 3918 11276
f 11276 3918 1730 5016
f 6688 11276 5016 1741
f 1758 6292 11277 8053
f 6292 1717 5299 11277
f 11277 5299 1565 8074
f 8053 11277 8074 1575
f 1743 7735 11278 7638
f 7735 1732 4704 11278
f 11278 4704 1731 6249
f 7638 11278 6249 1742
f 1575 7163 11279 8053
f 7163 1585 4090 11279
f 11279 4090 1595 6114
f 8053 11279 6114 1758
f 1744 9130 11280 9055
f 9130 1733 5508 11280
f 11280 5508 1732 7735
f 9055 11280 7735 1743
f 1734 6345 11281 6238
f 6345 1733 9130 11281
f 11281 9130 1744 8636
f 6238 11281 8636 1745
f 1735 8025 11282 8052
f 8025 1734 6238 11282
f 11282 6238 1745 3533
f 8052 11282 3533 1746
f 1736 9260 11283 8178
f 9260 1735 8052 11283
f 11283 8052 1746 4194
f 8178 11283 4194 1747
f 1736 8178 11284 8371
f 8178 1747 4831 11284
f 11284 4831 1748 4548
f 8371 11284 4548 1737
f 1741 5016 11285 5747
f 5016 1730 3313 11285
f 11285 3313 1729 4471
f 5747 11285 4471 1740
f 1749 5029 11286 5003
f 5029 1738 3550 11286
f 11286 3550 1737 4548
f 5003 11286 4548 1748
f 1543 8051 11287 7795
f 8051 1743 7638 11287
f 11287 7638 1742 6442
f 7795 11287 6442 1753
f 1744 9055 11288 8913
f 9055 1743 8051 11288
f 11288 8051 1543 7990
f 8913 11288 7990 1754
f 1544 8411 11289 9425
f 8411 1745 8636 11289
f 11289 8636 1744 8913
f 9425 11289 8913 1754
f 1544 9407 11290 8411
f 9407 1755 4052 11290
f 11290 4052 1746 3533
f 8411 11290 3533 1745
f 1756 4679 11291 4669
f 4679 1747 4194 11291
f 11291 4194 1746 4052
f 4669 11291 4052 1755
f 1757 5256 11292 5303
f 5256 1748 4831 11292
f 11292 4831 1747 4679
f 5303 11292 4679 1756
f 1741 5747 11293 8655
f 5747 1740 6939 11293
f 11293 6939 1751 8710
f 8655 11293 8710 1752
f 1749 5003 11294 5322
f 5003 1748 5256 11294
f 11294 5256 1757 4979
f 5322 11294 4979 1545
f 1742 6688 11295 6442
f 6688 1741 8655 11295
f 11295 8655 1752 8889
f 6442 11295 8889 1753
f 2238 8241 11296 6085
f 8241 2176 8230 11296
f 11296 8230 2649 4376
f 6085 11296 4376 2652
f 2176 9270 11297 8322
f 9270 2175 7522 11297
f 11297 7522 2759 7539
f 8322 11297 7539 2771
f 1896 9329 11298 9334
f 9329 2064 8729 11298
f 11298 8729 2289 8836
f 9334 11298 8836 2288
f 1872 8902 11299 8901
f 8902 2287 7830 11299
f 11299 7830 2286 7192
f 8901 11299 7192 2079
f 1896 9334 11300 9341
f 9334 2288 8934 11300
f 11300 8934 2287 8902
f 9341 11300 8902 1872
f 2655 7335 11301 7860
f 7335 2645 6232 11301
f 11301 6232 3070 6792
f 7860 11301 6792 3066
f 3072 8363 11302 8217
f 8363 2387 4207 11302
f 11302 4207 2146 3664
f 8217 11302 3664 3073
f 1872 8914 11303 9341
f 8914 1895 8100 11303
f 11303 8100 1871 9335
f 9341 11303 9335 1896
f 2238 6085 11304 6049
f 6085 2652 4689 11304
f 11304 4689 2651 4657
f 6049 11304 4657 2236
f 2656 8200 11305 8484
f 8200 3142 6623 11305
f 11305 6623 3146 3739
f 8484 11305 3739 2667
f 2176 8241 11306 9270
f 8241 2238 7185 11306
f 11306 7185 2239 7810
f 9270 11306 7810 2175
f 2164 4362 11307 7774
f 4362 2169 6275 11307
f 11307 6275 2286 7830
f 7774 11307 7830 2287
f 2288 8977 11308 8934
f 8977 2165 5011 11308
f 11308 5011 2164 7774
f 8934 11308 7774 2287
f 3237 8546 11309 9099
f 8546 2658 8183 11309
f 11309 8183 3144 9522
f 9099 11309 9522 3228
f 2084 4622 11310 4499
f 4622 2083 3847 11310
f 11310 3847 2386 4171
f 4499 11310 4171 2387
f 3142 8200 11311 6679
f 8200 2656 9504 11311
f 11311 9504 2650 5795
f 6679 11311 5795 3069
f 3069 5795 11312 5445
f 5795 2650 5792 11312
f 11312 5792 2653 5444
f 5445 11312 5444 3068
f 1871 8911 11313 7704
f 8911 2384 8603 11313
f 11313 8603 2385 7037
f 7704 11313 7037 2063
f 2239 7185 11314 7157
f 7185 2238 6049 11314
f 11314 6049 2236 4664
f 7157 11314 4664 2235
f 2240 8143 11315 8294
f 8143 2174 7054 11315
f 11315 7054 2175 7810
f 8294 11315 7810 2239
f 2171 4643 11316 4064
f 4643 2172 4660 11316
f 11316 4660 2242 3901
f 4064 11316 3901 2243
f 2142 6180 11317 6281
f 6180 2141 5285 11317
f 11317 5285 2147 4491
f 6281 11317 4491 2148
f 2526 6241 11318 7306
f 6241 2579 3828 11318
f 11318 3828 2609 7136
f 7306 11318 7136 2527
f 2164 4573 11319 4362
f 4573 2770 6436 11319
f 11319 6436 2766 6572
f 4362 11319 6572 2169
f 2386 3475 11320 4171
f 3475 2145 3328 11320
f 11320 3328 2146 4207
f 4171 11320 4207 2387
f 3074 3671 11321 3545
f 3671 3073 3664 11321
f 11321 3664 2146 3690
f 3545 11321 3690 2082
f 2666 3417 11322 3411
f 3417 2602 5068 11322
f 11322 5068 2525 4972
f 3411 11322 4972 2657
f 2285 6649 11323 5717
f 6649 2286 6275 11323
f 11323 6275 2169 3961
f 5717 11323 3961 2163
f 1872 8901 11324 8914
f 8901 2079 7184 11324
f 11324 7184 2078 7995
f 8914 11324 7995 1895
f 2286 6649 11325 7192
f 6649 2285 5241 11325
f 11325 5241 2017 8084
f 7192 11325 8084 2079
f 2527 7136 11326 8418
f 7136 2609 4899 11326
f 11326 4899 2628 8483
f 8418 11326 8483 2528
f 2663 7654 11327 8855
f 7654 2572 7541 11327
f 11327 7541 2599 8588
f 8855 11327 8588 2664
f 2285 5717 11328 5777
f 5717 2163 3886 11328
f 11328 3886 2170 4310
f 5777 11328 4310 2284
f 3076 4544 11329 4895
f 4544 3075 6073 11329
f 11329 6073 2142 6281
f 4895 11329 6281 2148
f 2666 4473 11330 3417
f 4473 2668 4726 11330
f 11330 4726 2601 3446
f 3417 11330 3446 2602
f 2174 8143 11331 6181
f 8143 2240 8137 11331
f 11331 8137 2241 5579
f 6181 11331 5579 2173
f 1954 3669 11332 3593
f 3669 2498 3418 11332
f 11332 3418 3082 3413
f 3593 11332 3413 3081
f 2163 3961 11333 4031
f 3961 2169 6572 11333
f 11333 6572 2766 6051
f 4031 11333 6051 2754
f 2148 4491 11334 7853
f 4491 2147 6223 11334
f 11334 6223 2062 7447
f 7853 11334 7447 1975
f 2384 9079 11335 9076
f 9079 2383 7765 11335
f 11335 7765 1923 7176
f 9076 11335 7176 2143
f 2082 3690 11336 3337
f 3690 2146 3328 11336
f 11336 3328 2145 3273
f 3337 11336 3273 2081
f 2240 8294 11337 8168
f 8294 2239 7157 11337
f 11337 7157 2235 4048
f 8168 11337 4048 2234
f 1895 7995 11338 7803
f 7995 2078 6767 11338
f 11338 6767 2382 7805
f 7803 11338 7805 2383
f 2063 7037 11339 7706
f 7037 2385 3528 11339
f 11339 3528 2386 3847
f 7706 11339 3847 2083
f 2079 8084 11340 7184
f 8084 2017 3308 11340
f 11340 3308 2018 6070
f 7184 11340 6070 2078
f 2374 6357 11341 6360
f 6357 2373 5565 11341
f 11341 5565 1980 4684
f 6360 11341 4684 2019
f 2142 6073 11342 6168
f 6073 3075 3802 11342
f 11342 3802 3074 3545
f 6168 11342 3545 2082
f 2386 3528 11343 3475
f 3528 2385 9498 11343
f 11343 9498 2144 9600
f 3475 11343 9600 2145
f 2526 6321 11344 6234
f 6321 2235 4664 11344
f 11344 4664 2236 5212
f 6234 11344 5212 2525
f 2527 7408 11345 7306
f 7408 2234 4048 11345
f 11345 4048 2235 6321
f 7306 11345 6321 2526
f 2371 3902 11346 6630
f 3902 2370 7388 11346
f 11346 7388 1975 7447
f 6630 11346 7447 2062
f 3078 6480 11347 6488
f 6480 3077 6924 11347
f 11347 6924 1975 7388
f 6488 11347 7388 2370
f 2234 3617 11348 8168
f 3617 2233 3288 11348
f 11348 3288 2241 8137
f 8168 11348 8137 2240
f 2163 4031 11349 3886
f 4031 2754 4158 11349
f 11349 4158 2523 4027
f 3886 11349 4027 2170
f 2776 8918 11350 8759
f 8918 2160 8903 11350
f 11350 8903 2170 4027
f 8759 11350 4027 2523
f 1976 8504 11351 8519
f 8504 2062 6223 11351
f 11351 6223 2147 5282
f 8519 11351 5282 1981
f 1976 8519 11352 8518
f 8519 1981 5263 11352
f 11352 5263 1923 4644
f 8518 11352 4644 1980
f 2160 8144 11353 8903
f 8144 2283 4389 11353
f 11353 4389 2284 4310
f 8903 11353 4310 2170
f 3015 7666 11354 8030
f 7666 2155 3779 11354
f 11354 3779 1866 7007
f 8030 11354 7007 2791
f 2142 6168 11355 6180
f 6168 2082 3337 11355
f 11355 3337 2081 5304
f 6180 11355 5304 2141
f 2141 5231 11356 5285
f 5231 2140 5284 11356
f 11356 5284 1981 5282
f 5285 11356 5282 2147
f 2144 8283 11357 8670
f 8283 2143 7162 11357
f 11357 7162 2140 8240
f 8670 11357 8240 2080
f 2172 5302 11358 4660
f 5302 2173 5579 11358
f 11358 5579 2241 3311
f 4660 11358 3311 2242
f 2285 5777 11359 5241
f 5777 2284 4549 11359
f 11359 4549 2153 3245
f 5241 11359 3245 2017
f 1877 5001 11360 5350
f 5001 2018 3308 11360
f 11360 3308 2017 3245
f 5350 11360 3245 2153
f 2528 8483 11361 8213
f 8483 2628 4776 11361
f 11361 4776 2593 3302
f 8213 11361 3302 2529
f 2141 5304 11362 5231
f 5304 2081 9578 11362
f 11362 9578 2080 8240
f 5231 11362 8240 2140
f 1981 5284 11363 5263
f 5284 2140 7162 11363
f 11363 7162 2143 7176
f 5263 11363 7176 1923
f 2080 9578 11364 8670
f 9578 2081 3273 11364
f 11364 3273 2145 9600
f 8670 11364 9600 2144
f 2302 6100 11365 6102
f 6100 2156 4351 11365
f 11365 4351 2282 3538
f 6102 11365 3538 2298
f 2310 6394 11366 6359
f 6394 2020 6369 11366
f 11366 6369 2374 6457
f 6359 11366 6457 1955
f 2380 4334 11367 4333
f 4334 2379 3729 11367
f 11367 3729 1922 4081
f 4333 11367 4081 2139
f 2525 5068 11368 6234
f 5068 2602 3884 11368
f 11368 3884 2579 6241
f 6234 11368 6241 2526
f 2528 9537 11369 8418
f 9537 2233 3617 11369
f 11369 3617 2234 7408
f 8418 11369 7408 2527
f 2232 8978 11370 8506
f 8978 2233 9537 11370
f 11370 9537 2528 8213
f 8506 11370 8213 2529
f 3079 7669 11371 7507
f 7669 3078 6488 11371
f 11371 6488 2370 7896
f 7507 11371 7896 1879
f 3079 7507 11372 8856
f 7507 1879 6919 11372
f 11372 6919 1884 9591
f 8856 11372 9591 3080
f 2157 5220 11373 5732
f 5220 2297 3613 11373
f 11373 3613 2298 3538
f 5732 11373 3538 2282
f 2160 9001 11374 8144
f 9001 2157 5732 11374
f 11374 5732 2282 3781
f 8144 11374 3781 2283
f 1877 4992 11375 5001
f 4992 2380 5638 11375
f 11375 5638 2381 5771
f 5001 11375 5771 2018
f 2078 6070 11376 6767
f 6070 2018 5771 11376
f 11376 5771 2381 6670
f 6767 11376 6670 2382
f 2232 8707 11377 8509
f 8707 2231 7376 11377
f 11377 7376 2243 3901
f 8509 11377 3901 2242
f 2383 7805 11378 7765
f 7805 2382 6783 11378
f 11378 6783 1980 4644
f 7765 11378 4644 1923
f 2139 3970 11379 4333
f 3970 2019 5718 11379
f 11379 5718 2381 5638
f 4333 11379 5638 2380
f 2232 8506 11380 8707
f 8506 2529 3675 11380
f 11380 3675 2530 7635
f 8707 11380 7635 2231
f 1989 5200 11381 5186
f 5200 2379 4334 11381
f 11381 4334 2380 4992
f 5186 11381 4992 1877
f 2382 6670 11382 6783
f 6670 2381 5718 11382
f 11382 5718 2019 4684
f 6783 11382 4684 1980
f 2500 4856 11383 4524
f 4856 2153 4549 11383
f 11383 4549 2284 4389
f 4524 11383 4389 2283
f 2232 8509 11384 8978
f 8509 2242 3311 11384
f 11384 3311 2241 3288
f 8978 11384 3288 2233
f 3080 9591 11385 9353
f 9591 1884 4218 11385
f 11385 4218 1954 3593
f 9353 11385 3593 3081
f 2157 5721 11386 5220
f 5721 2508 4717 11386
f 11386 4717 1833 3290
f 5220 11386 3290 2297
f 2244 4377 11387 4492
f 4377 2161 4149 11387
f 11387 4149 2171 4064
f 4492 11387 4064 2243
f 2158 5820 11388 6787
f 5820 2245 6446 11388
f 11388 6446 2246 6445
f 6787 11388 6445 2154
f 2500 4524 11389 4904
f 4524 2283 3781 11389
f 11389 3781 2282 4351
f 4904 11389 4351 2156
f 1878 5961 11390 5957
f 5961 2061 5737 11390
f 11390 5737 2371 4509
f 5957 11390 4509 2372
f 2378 3393 11391 3774
f 3393 1921 3326 11391
f 11391 3326 1922 3729
f 3774 11391 3729 2379
f 1989 5186 11392 5490
f 5186 1877 5350 11392
f 11392 5350 2153 4856
f 5490 11392 4856 2500
f 2139 3968 11393 3970
f 3968 1955 6457 11393
f 11393 6457 2374 6360
f 3970 11393 6360 2019
f 1989 5490 11394 7048
f 5490 2500 4904 11394
f 11394 4904 2156 7230
f 7048 11394 7230 1919
f 2374 6369 11395 6357
f 6369 2020 5310 11395
f 11395 5310 2077 5527
f 6357 11395 5527 2373
f 2373 5527 11396 5510
f 5527 2077 6635 11396
f 11396 6635 1878 5957
f 5510 11396 5957 2372
f 2061 5698 11397 7724
f 5698 2060 4708 11397
f 11397 4708 1884 6919
f 7724 11397 6919 1879
f 2557 5459 11398 5440
f 5459 2556 4402 11398
f 11398 4402 2570 3705
f 5440 11398 3705 2571
f 2624 9331 11399 8323
f 9331 2530 3675 11399
f 11399 3675 2529 3302
f 8323 11399 3302 2593
f 2158 6221 11400 5820
f 6221 2161 4377 11400
f 11400 4377 2244 5546
f 5820 11400 5546 2245
f 2184 8218 11401 8388
f 8218 2297 3290 11401
f 11401 3290 1833 3573
f 8388 11401 3573 2778
f 2059 3780 11402 4331
f 3780 1954 4218 11402
f 11402 4218 1884 4708
f 4331 11402 4708 2060
f 1878 6618 11403 5961
f 6618 1883 4344 11403
f 11403 4344 2060 5698
f 5961 11403 5698 2061
f 2060 4344 11404 4331
f 4344 1883 4079 11404
f 11404 4079 1953 3811
f 4331 11404 3811 2059
f 2294 6297 11405 5978
f 6297 2302 6102 11405
f 11405 6102 2298 4991
f 5978 11405 4991 2293
f 2307 4071 11406 3905
f 4071 1955 3968 11406
f 11406 3968 2139 4081
f 3905 11406 4081 1922
f 2373 5510 11407 5565
f 5510 2372 8498 11407
f 11407 8498 1976 8518
f 5565 11407 8518 1980
f 2302 6162 11408 6100
f 6162 2301 7241 11408
f 11408 7241 1919 7230
f 6100 11408 7230 2156
f 2531 3890 11409 3796
f 3890 2162 7450 11409
f 11409 7450 2231 7635
f 3796 11409 7635 2530
f 2184 9370 11410 8218
f 9370 2293 4991 11410
f 11410 4991 2298 3613
f 8218 11410 3613 2297
f 3015 7653 11411 7666
f 7653 3012 6403 11411
f 11411 6403 2246 6569
f 7666 11411 6569 2155
f 1919 7239 11412 7048
f 7239 2378 3774 11412
f 11412 3774 2379 5200
f 7048 11412 5200 1989
f 2685 5217 11413 6754
f 5217 2293 9370 11413
f 11413 9370 2184 8598
f 6754 11413 8598 2702
f 2495 8390 11414 7298
f 8390 2496 9528 11414
f 11414 9528 1953 4105
f 7298 11414 4105 2075
f 2711 8085 11415 7044
f 8085 2719 7379 11415
f 11415 7379 2295 6897
f 7044 11415 6897 2294
f 2295 7384 11416 6897
f 7384 2301 6162 11416
f 11416 6162 2302 6297
f 6897 11416 6297 2294
f 2710 5919 11417 5912
f 5919 2684 4303 11417
f 11417 4303 2281 3532
f 5912 11417 3532 2290
f 1902 6642 11418 6443
f 6642 3029 5669 11418
f 11418 5669 3021 5294
f 6443 11418 5294 2073
f 2021 5540 11419 8090
f 5540 2020 6394 11419
f 11419 6394 2310 8027
f 8090 11419 8027 2311
f 2159 7711 11420 7721
f 7711 2245 5546 11420
f 11420 5546 2244 4626
f 7721 11420 4626 2162
f 2495 7298 11421 7606
f 7298 2075 6418 11421
f 11421 6418 2022 6371
f 7606 11421 6371 2494
f 2531 3796 11422 6068
f 3796 2530 9331 11422
f 11422 9331 2624 8348
f 6068 11422 8348 2614
f 3004 4713 11423 4690
f 4713 2154 6445 11423
f 11423 6445 2246 6403
f 4690 11423 6403 3012
f 3032 8677 11424 8358
f 8677 3022 6217 11424
f 11424 6217 1906 3798
f 8358 11424 3798 1899
f 3084 4361 11425 4935
f 4361 3083 3770 11425
f 11425 3770 2138 5783
f 4935 11425 5783 1789
f 1954 3780 11426 3669
f 3780 2059 3975 11426
f 11426 3975 2497 3390
f 3669 11426 3390 2498
f 2168 8545 11427 8888
f 8545 2167 7372 11427
f 11427 7372 3003 4719
f 8888 11427 4719 3004
f 2159 7027 11428 7711
f 7027 2155 6569 11428
f 11428 6569 2246 6446
f 7711 11428 6446 2245
f 2168 8575 11429 8490
f 8575 2247 8015 11429
f 11429 8015 3030 7732
f 8490 11429 7732 3023
f 2184 8388 11430 8598
f 8388 2778 3624 11430
f 11430 3624 2786 6313
f 8598 11430 6313 2702
f 2015 9489 11431 7237
f 9489 2280 8343 11431
f 11431 8343 2281 6429
f 7237 11431 6429 2070
f 2059 3811 11432 3975
f 3811 1953 9528 11432
f 11432 9528 2496 8819
f 3975 11432 8819 2497
f 2138 3662 11433 3612
f 3662 2498 3390 11433
f 11433 3390 2497 3297
f 3612 11433 3297 2137
f 2496 9061 11434 8819
f 9061 2136 9007 11434
f 11434 9007 2137 3297
f 8819 11434 3297 2497
f 2077 5259 11435 6635
f 5259 2076 4352 11435
f 11435 4352 1883 6618
f 6635 11435 6618 1878
f 2076 4670 11436 4352
f 4670 2075 4105 11436
f 11436 4105 1953 4079
f 4352 11436 4079 1883
f 2301 5050 11437 7241
f 5050 2377 3559 11437
f 11437 3559 2378 7239
f 7241 11437 7239 1919
f 2496 8390 11438 9061
f 8390 2495 7392 11438
f 11438 7392 2135 8454
f 9061 11438 8454 2136
f 2376 8359 11439 9400
f 8359 2377 5050 11439
f 11439 5050 2301 7384
f 9400 11439 7384 2295
f 2304 9566 11440 8182
f 9566 1921 4799 11440
f 11440 4799 2300 4661
f 8182 11440 4661 2299
f 2021 5207 11441 5540
f 5207 2076 5259 11441
f 11441 5259 2077 5310
f 5540 11441 5310 2020
f 2310 6359 11442 6374
f 6359 1955 4071 11442
f 11442 4071 2307 4616
f 6374 11442 4616 2308
f 2159 7721 11443 7785
f 7721 2162 3890 11443
f 11443 3890 2531 3893
f 7785 11443 3893 2010
f 2022 6418 11444 6352
f 6418 2075 4670 11444
f 11444 4670 2076 5207
f 6352 11444 5207 2021
f 2278 6416 11445 9492
f 6416 2290 3532 11445
f 11445 3532 2281 8343
f 9492 11445 8343 2280
f 2304 8324 11446 9566
f 8324 2307 3905 11446
f 11446 3905 1922 3326
f 9566 11446 3326 1921
f 2789 5196 11447 5077
f 5196 3044 4794 11447
f 11447 4794 2532 4225
f 5077 11447 4225 2201
f 2300 4799 11448 4919
f 4799 1921 3393 11448
f 11448 3393 2378 3559
f 4919 11448 3559 2377
f 2015 7237 11449 7371
f 7237 2070 6041 11449
f 11449 6041 2762 6600
f 7371 11449 6600 2758
f 1935 7722 11450 7464
f 7722 2733 7655 11450
f 11450 7655 2727 7175
f 7464 11450 7175 2049
f 3141 5456 11451 4930
f 5456 3140 6004 11451
f 11451 6004 2230 6387
f 4930 11451 6387 2401
f 1792 8164 11452 9477
f 8164 1789 5783 11452
f 11452 5783 2138 3612
f 9477 11452 3612 2137
f 2300 4919 11453 8494
f 4919 2377 8359 11453
f 11453 8359 2376 9283
f 8494 11453 9283 2296
f 2375 8092 11454 7028
f 8092 2069 4990 11454
f 11454 4990 2292 4879
f 7028 11454 4879 2499
f 2296 8643 11455 8494
f 8643 1988 4498 11455
f 11455 4498 2299 4661
f 8494 11455 4661 2300
f 2309 5547 11456 5476
f 5547 2308 4291 11456
f 11456 4291 2305 3476
f 5476 11456 3476 2306
f 2109 5232 11457 5250
f 5232 2108 4989 11457
f 11457 4989 1909 5359
f 5250 11457 5359 1978
f 2709 5670 11458 5720
f 5670 1932 4658 11458
f 11458 4658 2097 3768
f 5720 11458 3768 2691
f 2159 7785 11459 7027
f 7785 2010 3544 11459
f 11459 3544 1866 3779
f 7027 11459 3779 2155
f 2532 4525 11460 4225
f 4525 3051 4963 11460
f 11460 4963 2797 5315
f 4225 11460 5315 2201
f 2280 8559 11461 9492
f 8559 2110 6751 11461
f 11461 6751 1897 5925
f 9492 11461 5925 2278
f 2312 9333 11462 9297
f 9333 2022 6352 11462
f 11462 6352 2021 8090
f 9297 11462 8090 2311
f 2295 7379 11463 9400
f 7379 2719 7496 11463
f 11463 7496 2714 9240
f 9400 11463 9240 2376
f 2799 7942 11464 7923
f 7942 3044 4382 11464
f 11464 4382 2531 6068
f 7923 11464 6068 2614
f 1792 9060 11465 8164
f 9060 1791 7155 11465
f 11465 7155 1779 5271
f 8164 11465 5271 1789
f 3003 3724 11466 9507
f 3724 3017 8554 11466
f 11466 8554 2712 9368
f 9507 11466 9368 2152
f 2717 4966 11467 8491
f 4966 2697 4871 11467
f 11467 4871 1988 8643
f 8491 11467 8643 2296
f 2248 9204 11468 8357
f 9204 3030 6121 11468
f 11468 6121 3025 3254
f 8357 11468 3254 2177
f 3023 7753 11469 8490
f 7753 3027 7463 11469
f 11469 7463 2167 8545
f 8490 11469 8545 2168
f 2150 9490 11470 6449
f 9490 2248 8342 11470
f 11470 8342 2249 3706
f 6449 11470 3706 2179
f 1776 9016 11471 9083
f 9016 1791 7179 11471
f 11471 7179 1778 7823
f 9083 11471 7823 1775
f 2015 7183 11472 9489
f 7183 1982 6288 11472
f 11472 6288 2110 8559
f 9489 11472 8559 2280
f 2792 9219 11473 9595
f 9219 3025 5793 11473
f 11473 5793 2181 5486
f 9595 11473 5486 1869
f 3022 6755 11474 6757
f 6755 1892 4228 11474
f 11474 4228 2073 5294
f 6757 11474 5294 3021
f 2151 8067 11475 8000
f 8067 2150 6449 11475
f 11475 6449 2179 4486
f 8000 11475 4486 2180
f 2072 8543 11476 8534
f 8543 2074 7313 11476
f 11476 7313 3007 8399
f 8534 11476 8399 3008
f 1789 5271 11477 4935
f 5271 1779 4976 11477
f 11477 4976 3085 4962
f 4935 11477 4962 3084
f 2375 8037 11478 8041
f 8037 2279 8002 11478
f 11478 8002 1983 7259
f 8041 11478 7259 2395
f 1927 7996 11479 8059
f 7996 2109 6185 11479
f 11479 6185 2110 6288
f 8059 11479 6288 1982
f 2136 8660 11480 9007
f 8660 1788 8179 11480
f 11480 8179 1792 9477
f 9007 11480 9477 2137
f 2230 5970 11481 6387
f 5970 2229 8119 11481
f 11481 8119 2400 8565
f 6387 11481 8565 2401
f 1893 6350 11482 5493
f 6350 1926 6413 11482
f 11482 6413 1978 5359
f 5493 11482 5359 1909
f 2399 7154 11483 7847
f 7154 2227 6117 11483
f 11483 6117 2398 6118
f 7847 11483 6118 2533
f 2279 8064 11484 8002
f 8064 2278 5925 11484
f 11484 5925 1897 7863
f 8002 11484 7863 1983
f 1988 4510 11485 4498
f 4510 1987 7153 11485
f 11485 7153 2303 7152
f 4498 11485 7152 2299
f 2110 6185 11486 6751
f 6185 2109 5250 11486
f 11486 5250 1978 3385
f 6751 11486 3385 1897
f 1952 8325 11487 8150
f 8325 2309 5476 11487
f 11487 5476 2306 7242
f 8150 11487 7242 1951
f 2304 9580 11488 8324
f 9580 2305 4291 11488
f 11488 4291 2308 4616
f 8324 11488 4616 2307
f 2495 7606 11489 7392
f 7606 2494 6278 11489
f 11489 6278 2134 7472
f 7392 11489 7472 2135
f 2304 8182 11490 9580
f 8182 2299 7152 11490
f 11490 7152 2303 8032
f 9580 11490 8032 2305
f 2399 7189 11491 7154
f 7189 2214 6422 11491
f 11491 6422 2226 4189
f 7154 11491 4189 2227
f 3152 8664 11492 9215
f 8664 3143 7135 11492
f 11492 7135 2537 8510
f 9215 11492 8510 2616
f 3143 7169 11493 7135
f 7169 3141 4930 11493
f 11493 4930 2401 3250
f 7135 11493 3250 2537
f 2056 9383 11494 8365
f 9383 2180 4486 11494
f 11494 4486 2179 3713
f 8365 11494 3713 2057
f 2016 8239 11495 9448
f 8239 2071 7940 11495
f 11495 7940 3006 8336
f 9448 11495 8336 3008
f 1788 4747 11496 4641
f 4747 1801 8224 11496
f 11496 8224 1800 9281
f 4641 11496 9281 1778
f 2090 3361 11497 3455
f 3361 2250 3450 11497
f 11497 3450 2249 3345
f 3455 11497 3345 2178
f 3085 4976 11498 6761
f 4976 1779 3943 11498
f 11498 3943 1777 6222
f 6761 11498 6222 3086
f 2178 3345 11499 3327
f 3345 2249 8342 11499
f 11499 8342 2248 8357
f 3327 11499 8357 2177
f 2773 5672 11500 5314
f 5672 2763 3888 11500
f 11500 3888 1969 3291
f 5314 11500 3291 1881
f 2250 3556 11501 3450
f 3556 2057 3713 11501
f 11501 3713 2179 3706
f 3450 11501 3706 2249
f 2262 6386 11502 6069
f 6386 2369 5031 11502
f 11502 5031 3109 5454
f 6069 11502 5454 3108
f 2432 8159 11503 8260
f 8159 2481 9009 11503
f 11503 9009 3088 9289
f 8260 11503 9289 3087
f 2419 3949 11504 3937
f 3949 2481 8159 11504
f 11504 8159 2432 9582
f 3937 11504 9582 2465
f 3007 7313 11505 7120
f 7313 2074 6417 11505
f 11505 6417 2054 6655
f 7120 11505 6655 3009
f 1791 9016 11506 7155
f 9016 1776 8622 11506
f 11506 8622 1777 3943
f 7155 11506 3943 1779
f 1792 8179 11507 9060
f 8179 1788 4641 11507
f 11507 4641 1778 7179
f 9060 11507 7179 1791
f 2312 9297 11508 9371
f 9297 2311 8082 11508
f 11508 8082 2309 8325
f 9371 11508 8325 1952
f 2303 7188 11509 8032
f 7188 1918 6001 11509
f 11509 6001 2306 3476
f 8032 11509 3476 2305
f 2312 9371 11510 9376
f 9371 1952 8333 11510
f 11510 8333 2492 5411
f 9376 11510 5411 2493
f 2135 7472 11511 7278
f 7472 2134 5911 11511
f 11511 5911 1787 4161
f 7278 11511 4161 1801
f 2216 8702 11512 9375
f 8702 2223 7817 11512
f 11512 7817 2214 7189
f 9375 11512 7189 2399
f 2536 9541 11513 9319
f 9541 2617 8722 11513
f 11513 8722 2616 8510
f 9319 11513 8510 2537
f 2568 9617 11514 8849
f 9617 2575 8972 11514
f 11514 8972 2576 9107
f 8849 11514 9107 2555
f 2615 7664 11515 7014
f 7664 3050 3838 11515
f 11515 3838 3051 4525
f 7014 11515 4525 2532
f 2102 6785 11516 5963
f 6785 2734 6609 11516
f 11516 6609 2730 3830
f 5963 11516 3830 2251
f 2178 3327 11517 4328
f 3327 2177 3821 11517
f 11517 3821 1867 4343
f 4328 11517 4343 1868
f 2691 3768 11518 7291
f 3768 2097 4850 11518
f 11518 4850 1892 7347
f 7291 11518 7347 2687
f 1892 4850 11519 4228
f 4850 2097 3463 11519
f 11519 3463 2098 3349
f 4228 11519 3349 2073
f 1776 8833 11520 8622
f 8833 2465 9582 11520
f 11520 9582 2432 8932
f 8622 11520 8932 1777
f 1935 7464 11521 7480
f 7464 2049 8355 11521
f 11521 8355 2056 8365
f 7480 11521 8365 2057
f 3087 7926 11522 8260
f 7926 3086 6222 11522
f 11522 6222 1777 8932
f 8260 11522 8932 2432
f 2400 8119 11523 8116
f 8119 2229 5804 11523
f 11523 5804 2228 5404
f 8116 11523 5404 2213
f 2848 8338 11524 9213
f 8338 2798 6759 11524
f 11524 6759 2228 5804
f 9213 11524 5804 2229
f 2055 8038 11525 7725
f 8038 2054 5844 11525
f 11525 5844 3019 4915
f 7725 11525 4915 3028
f 2055 7003 11526 7994
f 7003 1849 6030 11526
f 11526 6030 3014 6547
f 7994 11526 6547 3013
f 1927 9305 11527 7996
f 9305 1928 9379 11527
f 11527 9379 2108 5232
f 7996 11527 5232 2109
f 2136 8454 11528 8660
f 8454 2135 7278 11528
f 11528 7278 1801 4747
f 8660 11528 4747 1788
f 1775 7823 11529 7802
f 7823 1778 9281 11529
f 11529 9281 1800 9326
f 7802 11529 9326 1774
f 1926 7203 11530 6413
f 7203 1983 7863 11530
f 11530 7863 1897 3385
f 6413 11530 3385 1978
f 1926 6327 11531 7203
f 6327 2394 4036 11531
f 11531 4036 2395 7259
f 7203 11531 7259 1983
f 1984 8238 11532 9362
f 8238 2069 8092 11532
f 11532 8092 2375 8041
f 9362 11532 8041 2395
f 2375 7028 11533 8037
f 7028 2499 4185 11533
f 11533 4185 2291 7527
f 8037 11533 7527 2279
f 2303 7153 11534 7188
f 7153 1987 3912 11534
f 11534 3912 1986 6081
f 7188 11534 6081 1918
f 1988 4871 11535 4510
f 4871 2697 5148 11535
f 11535 5148 2677 5680
f 4510 11535 5680 1987
f 1951 7242 11536 7202
f 7242 2306 6001 11536
f 11536 6001 1918 6279
f 7202 11536 6279 1950
f 2134 6596 11537 5911
f 6596 2313 3895 11537
f 11537 3895 1803 4058
f 5911 11537 4058 1787
f 1909 4989 11538 5473
f 4989 2108 4371 11538
f 11538 4371 2107 4078
f 5473 11538 4078 1977
f 1800 8224 11539 9266
f 8224 1801 4161 11539
f 11539 4161 1787 4292
f 9266 11539 4292 1780
f 2493 5411 11540 4982
f 5411 2492 5501 11540
f 11540 5501 2133 5561
f 4982 11540 5561 2313
f 3140 4729 11541 6004
f 4729 3164 5393 11541
f 11541 5393 2981 5965
f 6004 11541 5965 2230
f 1800 9266 11542 9326
f 9266 1780 5723 11542
f 11542 5723 1773 6662
f 9326 11542 6662 1774
f 1984 9602 11543 8238
f 9602 1985 4896 11543
f 11543 4896 2068 5647
f 8238 11543 5647 2069
f 2400 8116 11544 9540
f 8116 2213 7555 11544
f 11544 7555 2535 9554
f 9540 11544 9554 2536
f 2216 9521 11545 8563
f 9521 2534 7674 11545
f 11545 7674 2535 7555
f 8563 11545 7555 2213
f 2222 6230 11546 6810
f 6230 2225 3271 11546
f 11546 3271 2833 6426
f 6810 11546 6426 3054
f 2534 6554 11547 6523
f 6554 2533 5193 11547
f 11547 5193 2620 4803
f 6523 11547 4803 2619
f 2708 9367 11548 4483
f 9367 2056 8355 11548
f 11548 8355 2049 3448
f 4483 11548 3448 2698
f 2000 8936 11549 8900
f 8936 2107 3750 11549
f 11549 3750 1929 5491
f 8900 11549 5491 2053
f 1868 4330 11550 4328
f 4330 2266 3535 11550
f 11550 3535 2090 3455
f 4328 11550 3455 2178
f 2251 7790 11551 3794
f 7790 1935 7480 11551
f 11551 7480 2057 3556
f 3794 11551 3556 2250
f 1935 7790 11552 7722
f 7790 2251 3830 11552
f 11552 3830 2730 5222
f 7722 11552 5222 2733
f 1960 9354 11553 8126
f 9354 2252 4325 11553
f 11553 4325 2323 4873
f 8126 11553 4873 2324
f 2099 4209 11554 4184
f 4209 2098 3808 11554
f 11554 3808 1931 3786
f 4184 11554 3786 1930
f 2099 6637 11555 4209
f 6637 1902 6443 11555
f 11555 6443 2073 3349
f 4209 11555 3349 2098
f 1928 9305 11556 9369
f 9305 1927 7517 11556
f 11556 7517 2774 5922
f 9369 11556 5922 2756
f 1932 4345 11557 4658
f 4345 1931 3808 11557
f 11557 3808 2098 3463
f 4658 11557 3463 2097
f 2431 7263 11558 7071
f 7263 2434 6633 11558
f 11558 6633 1774 6662
f 7071 11558 6662 1773
f 2054 6417 11559 5844
f 6417 2074 5657 11559
f 11559 5657 3029 5675
f 5844 11559 5675 3019
f 2108 9379 11560 4371
f 9379 1928 8366 11560
f 11560 8366 1929 3750
f 4371 11560 3750 2107
f 2751 8016 11561 7337
f 8016 2119 7998 11561
f 11561 7998 2123 5452
f 7337 11561 5452 2749
f 1928 9369 11562 8366
f 9369 2756 8482 11562
f 11562 8482 2752 9282
f 8366 11562 9282 1929
f 2410 3399 11563 3394
f 3399 2409 5563 11563
f 11563 5563 1813 5248
f 3394 11563 5248 1825
f 1776 9083 11564 8833
f 9083 1775 7701 11564
f 11564 7701 2435 3698
f 8833 11564 3698 2465
f 3040 8306 11565 8203
f 8306 2204 5308 11565
f 11565 5308 2205 5238
f 8203 11565 5238 3043
f 2480 9271 11566 9273
f 9271 2452 5049 11566
f 11566 5049 2453 6987
f 9273 11566 6987 2479
f 1984 9362 11567 8334
f 9362 2395 4036 11567
f 11567 4036 2394 4166
f 8334 11567 4166 2035
f 2230 5965 11568 5970
f 5965 2981 8220 11568
f 11568 8220 2848 9213
f 5970 11568 9213 2229
f 2068 4826 11569 4833
f 4826 2067 3930 11569
f 11569 3930 2009 3787
f 4833 11569 3787 1979
f 3165 5060 11570 5045
f 5060 3035 5020 11570
f 11570 5020 2197 4996
f 5045 11570 4996 3138
f 2452 4388 11571 4394
f 4388 3089 8884 11571
f 11571 8884 3088 9009
f 4394 11571 9009 2481
f 3091 3926 11572 6762
f 3926 3090 8852 11572
f 11572 8852 2480 9160
f 6762 11572 9160 2478
f 2480 8852 11573 9271
f 8852 3090 3495 11573
f 11573 3495 3089 4388
f 9271 11573 4388 2452
f 2316 4305 11574 5813
f 4305 2194 7874 11574
f 11574 7874 3135 8094
f 5813 11574 8094 3134
f 2472 9496 11575 9524
f 9496 2468 5558 11575
f 11575 5558 2477 9469
f 9524 11575 9469 2456
f 1910 5968 11576 6517
f 5968 1893 5493 11576
f 11576 5493 1909 5473
f 6517 11576 5473 1977
f 1995 3788 11577 3812
f 3788 1994 5954 11577
f 11577 5954 1910 6517
f 3812 11577 6517 1977
f 1951 7265 11578 8150
f 7265 2491 4721 11578
f 11578 4721 2492 8333
f 8150 11578 8333 1952
f 1951 7202 11579 7265
f 7202 1950 6705 11579
f 11579 6705 2490 4155
f 7265 11579 4155 2491
f 1972 4254 11580 4892
f 4254 2043 4034 11580
f 11580 4034 2042 4182
f 4892 11580 4182 2131
f 1798 6452 11581 6347
f 6452 1794 3335 11581
f 11581 3335 1785 5072
f 6347 11581 5072 1797
f 2000 8645 11582 8936
f 8645 1995 3812 11582
f 11582 3812 1977 4078
f 8936 11582 4078 2107
f 2197 5503 11583 4996
f 5503 3042 6606 11583
f 11583 6606 3166 5814
f 4996 11583 5814 3138
f 2133 5501 11584 5309
f 5501 2492 4721 11584
f 11584 4721 2491 5273
f 5309 11584 5273 1917
f 1862 6348 11585 6423
f 6348 1861 5079 11585
f 11585 5079 2315 5916
f 6423 11585 5916 2262
f 2205 5240 11586 5238
f 5240 2195 4021 11586
f 11586 4021 3042 3804
f 5238 11586 3804 3043
f 2262 5916 11587 6386
f 5916 2315 8267 11587
f 11587 8267 2368 8286
f 6386 11587 8286 2369
f 3157 5113 11588 5392
f 5113 3156 6619 11588
f 11588 6619 2574 6060
f 5392 11588 6060 2562
f 2536 9554 11589 9541
f 9554 2535 7158 11589
f 11589 7158 2618 3336
f 9541 11589 3336 2617
f 2223 7702 11590 7817
f 7702 3039 7323 11590
f 11590 7323 3054 6617
f 7817 11590 6617 2214
f 2715 4025 11591 4714
f 4025 2499 4879 11591
f 11591 4879 2292 4890
f 4714 11591 4890 2716
f 2326 6276 11592 5990
f 6276 1956 4485 11592
f 11592 4485 1939 5053
f 5990 11592 5053 2325
f 2102 5823 11593 5812
f 5823 2090 3535 11593
f 11593 3535 2266 4037
f 5812 11593 4037 2267
f 1974 6872 11594 8022
f 6872 1931 4345 11594
f 11594 4345 1932 7900
f 8022 11594 7900 2023
f 2325 5053 11595 5047
f 5053 1939 9269 11595
f 11595 9269 1960 8126
f 5047 11595 8126 2324
f 2693 5184 11596 8419
f 5184 2692 4735 11596
f 11596 4735 2689 8204
f 8419 11596 8204 2688
f 1908 4565 11597 5198
f 4565 1881 3280 11597
f 11597 3280 3009 5773
f 5198 11597 5773 3013
f 1946 3649 11598 3540
f 3649 1938 3547 11598
f 11598 3547 1961 3460
f 3540 11598 3460 1962
f 1934 6587 11599 9327
f 6587 1974 8022 11599
f 11599 8022 2023 9306
f 9327 11599 9306 2024
f 1999 7707 11600 7637
f 7707 2091 7477 11600
f 11600 7477 3119 7309
f 7637 11600 7309 3118
f 2767 7986 11601 7757
f 7986 2749 5452 11601
f 11601 5452 2123 3776
f 7757 11601 3776 2122
f 1882 3604 11602 4174
f 3604 1881 4565 11602
f 11602 4565 1908 4894
f 4174 11602 4894 2259
f 2100 4864 11603 4832
f 4864 1970 6809 11603
f 11603 6809 1902 6637
f 4832 11603 6637 2099
f 2404 4617 11604 4858
f 4617 2259 4894 11604
f 11604 4894 1908 4384
f 4858 11604 4384 1844
f 2000 8900 11605 9129
f 8900 2053 5532 11605
f 11605 5532 1900 4852
f 9129 11605 4852 1972
f 2103 8103 11606 7455
f 8103 2501 6598 11606
f 11606 6598 2502 6542
f 7455 11606 6542 1835
f 2392 8512 11607 8616
f 8512 2391 7444 11607
f 11607 7444 1996 5002
f 8616 11607 5002 2037
f 2262 6069 11608 6397
f 6069 3108 4724 11608
f 11608 4724 3107 3974
f 6397 11608 3974 1905
f 1888 8825 11609 8955
f 8825 2004 4480 11609
f 11609 4480 2065 9575
f 8955 11609 9575 2048
f 2008 8732 11610 8571
f 8732 2149 6421 11610
f 11610 6421 1862 6414
f 8571 11610 6414 2003
f 1775 7802 11611 7701
f 7802 1774 6633 11611
f 11611 6633 2434 3896
f 7701 11611 3896 2435
f 3107 3953 11612 3974
f 3953 3106 8265 11612
f 11612 8265 2048 9433
f 3974 11612 9433 1905
f 2389 5539 11613 5048
f 5539 2041 4113 11613
f 11613 4113 1915 4825
f 5048 11613 4825 2388
f 3117 5644 11614 5692
f 5644 3116 4734 11614
f 11614 4734 2388 4825
f 5692 11614 4825 1915
f 3063 6880 11615 6986
f 6880 3060 6638 11615
f 11615 6638 1998 7807
f 6986 11615 7807 1999
f 2456 9469 11616 8513
f 9469 2477 7842 11616
f 11616 7842 2479 7634
f 8513 11616 7634 2455
f 2480 9273 11617 9160
f 9273 2479 7842 11617
f 11617 7842 2477 6702
f 9160 11617 6702 2478
f 2478 6702 11618 6316
f 6702 2477 5558 11618
f 11618 5558 2468 5681
f 6316 11618 5681 2469
f 2000 9129 11619 8645
f 9129 1972 4892 11619
f 11619 4892 2131 4187
f 8645 11619 4187 1995
f 2464 8120 11620 8508
f 8120 2461 5270 11620
f 11620 5270 2427 9348
f 8508 11620 9348 2424
f 2032 8851 11621 8701
f 8851 1993 4748 11621
f 11621 4748 1916 4299
f 8701 11621 4299 2033
f 2008 8571 11622 8503
f 8571 2003 3814 11622
f 11622 3814 2065 7972
f 8503 11622 7972 2047
f 1904 8898 11623 8628
f 8898 2037 5002 11623
f 11623 5002 1996 4819
f 8628 11623 4819 2001
f 2068 4896 11624 4826
f 4896 1985 3359 11624
f 11624 3359 1890 4177
f 4826 11624 4177 2067
f 2680 9278 11625 8827
f 9278 2676 4457 11625
f 11625 4457 2009 5780
f 8827 11625 5780 2045
f 2680 8827 11626 8812
f 8827 2045 5306 11626
f 11626 5306 2044 5926
f 8812 11626 5926 2678
f 1918 6081 11627 6279
f 6081 1986 6380 11627
f 11627 6380 2182 6444
f 6279 11627 6444 1950
f 1803 3895 11628 3785
f 3895 2313 5561 11628
f 11628 5561 2133 5058
f 3785 11628 5058 1786
f 2182 6874 11629 6444
f 6874 2489 3569 11629
f 11629 3569 2490 6705
f 6444 11629 6705 1950
f 1780 4292 11630 4294
f 4292 1787 4058 11630
f 11630 4058 1803 4341
f 4294 11630 4341 1804
f 1917 5434 11631 5309
f 5434 1785 3689 11631
f 11631 3689 1786 5058
f 5309 11631 5058 2133
f 2199 6963 11632 7375
f 6963 2198 5962 11632
f 11632 5962 2221 5715
f 7375 11632 5715 2220
f 2199 7373 11633 6963
f 7373 3036 4716 11633
f 11633 4716 3035 5966
f 6963 11633 5966 2198
f 2440 8356 11634 9268
f 8356 2441 4375 11634
f 11634 4375 1764 4623
f 9268 11634 4623 1763
f 2216 8563 11635 8702
f 8563 2213 5404 11635
f 11635 5404 2228 7730
f 8702 11635 7730 2223
f 3136 8442 11636 8999
f 8442 2221 5962 11636
f 11636 5962 2198 5994
f 8999 11636 5994 3137
f 2619 3941 11637 6523
f 3941 2618 7158 11637
f 11637 7158 2535 7674
f 6523 11637 7674 2534
f 3038 6299 11638 5808
f 6299 2222 6248 11638
f 11638 6248 2217 3303
f 5808 11638 3303 3041
f 1936 8881 11639 8661
f 8881 2266 4330 11639
f 11639 4330 1868 4393
f 8661 11639 4393 2185
f 1876 4434 11640 9128
f 4434 2267 4037 11640
f 11640 4037 2266 8881
f 9128 11640 8881 1936
f 2416 8896 11641 8895
f 8896 2442 5178 11641
f 11641 5178 2693 8419
f 8895 11641 8419 2688
f 2322 3350 11642 9372
f 3350 2321 5760 11642
f 11642 5760 2269 9389
f 9372 11642 9389 2088
f 2328 9014 11643 8461
f 9014 2025 4681 11643
f 11643 4681 2124 7443
f 8461 11643 7443 2327
f 2327 7443 11644 7327
f 7443 2124 4500 11644
f 11644 4500 1956 6276
f 7327 11644 6276 2326
f 1845 4993 11645 5040
f 4993 2404 4374 11645
f 11645 4374 2409 4477
f 5040 11645 4477 1812
f 2111 7454 11646 7997
f 7454 2118 6420 11646
f 11646 6420 2123 7998
f 7997 11646 7998 2119
f 2099 4184 11647 4832
f 4184 1930 4188 11647
f 11647 4188 1971 4874
f 4832 11647 4874 2100
f 1971 4188 11648 4204
f 4188 1930 5342 11648
f 11648 5342 1973 5024
f 4204 11648 5024 1898
f 2111 7997 11649 7240
f 7997 2119 8069 11649
f 11649 8069 1882 4174
f 7240 11649 4174 2259
f 2003 3944 11650 3814
f 3944 1905 9433 11650
f 11650 9433 2048 9575
f 3814 11650 9575 2065
f 1862 6423 11651 6414
f 6423 2262 6397 11651
f 11651 6397 1905 3944
f 6414 11651 3944 2003
f 1901 5175 11652 5725
f 5175 1843 9220 11652
f 11652 9220 3024 9176
f 5725 11652 9176 3028
f 3014 6549 11653 6577
f 6549 3005 5218 11653
f 11653 5218 1813 4986
f 6577 11653 4986 1844
f 1844 4986 11654 4858
f 4986 1813 5563 11654
f 11654 5563 2409 4374
f 4858 11654 4374 2404
f 2725 5764 11655 5209
f 5764 2221 8442 11655
f 11655 8442 3136 8945
f 5209 11655 8945 3161
f 1846 5992 11656 6009
f 5992 1845 5040 11656
f 11656 5040 1812 4317
f 6009 11656 4317 1811
f 2031 7705 11657 7085
f 7705 2066 4898 11657
f 11657 4898 2484 4903
f 7085 11657 4903 2483
f 3063 6986 11658 7902
f 6986 1999 7637 11658
f 11658 7637 3118 8095
f 7902 11658 8095 3167
f 2048 8265 11659 8955
f 8265 3106 3466 11659
f 11659 3466 3105 8264
f 8955 11659 8264 1888
f 3104 8199 11660 8998
f 8199 2483 8332 11660
f 11660 8332 1888 8264
f 8998 11660 8264 3105
f 3103 8034 11661 8132
f 8034 2031 7085 11661
f 11661 7085 2483 8199
f 8132 11661 8199 3104
f 3110 6812 11662 6632
f 6812 3109 5031 11662
f 11662 5031 2369 6448
f 6632 11662 6448 1942
f 2040 8499 11663 9491
f 8499 2389 5048 11663
f 11663 5048 2388 5958
f 9491 11663 5958 2038
f 3120 8696 11664 9514
f 8696 3119 7477 11664
f 11664 7477 2091 6636
f 9514 11664 6636 2030
f 2455 7445 11665 8513
f 7445 2428 4918 11665
f 11665 4918 2457 8989
f 8513 11665 8989 2456
f 2430 6226 11666 6082
f 6226 2419 4114 11666
f 11666 4114 2435 3896
f 6082 11666 3896 2434
f 2478 6316 11667 6762
f 6316 2469 5481 11667
f 11667 5481 3092 4902
f 6762 11667 4902 3091
f 2392 8610 11668 8512
f 8610 1910 5954 11668
f 11668 5954 1994 7469
f 8512 11668 7469 2391
f 1949 5755 11669 6167
f 5755 1889 5578 11669
f 11669 5578 1885 6179
f 6167 11669 6179 2046
f 2394 3616 11670 4166
f 3616 2393 4574 11670
f 11670 4574 2036 4837
f 4166 11670 4837 2035
f 2431 8018 11671 7190
f 8018 2433 4570 11671
f 11671 4570 2420 6124
f 7190 11671 6124 2430
f 1984 8334 11672 9602
f 8334 2035 4253 11672
f 11672 4253 1940 4566
f 9602 11672 4566 1985
f 2036 4574 11673 5076
f 4574 2393 8698 11673
f 11673 8698 2392 8616
f 5076 11673 8616 2037
f 1894 6349 11674 6412
f 6349 1797 5072 11674
f 11674 5072 1785 5434
f 6412 11674 5434 1917
f 2067 4177 11675 5281
f 4177 1890 6103 11675
f 11675 6103 2046 6179
f 5281 11675 6179 1885
f 1803 3785 11676 4341
f 3785 1786 7917 11676
f 11676 7917 1799 8055
f 4341 11676 8055 1804
f 1885 5288 11677 5281
f 5288 2045 5780 11677
f 11677 5780 2009 3930
f 5281 11677 3930 2067
f 1916 4701 11678 4299
f 4701 2011 4615 11678
f 11678 4615 1860 4282
f 4299 11678 4282 2033
f 1772 4507 11679 4340
f 4507 1804 8055 11679
f 11679 8055 1799 7894
f 4340 11679 7894 1771
f 2678 5926 11680 6395
f 5926 2044 8133 11680
f 11680 8133 2488 9187
f 6395 11680 9187 2682
f 1766 6411 11681 6346
f 6411 1797 5015 11681
f 11681 5015 1802 5492
f 6346 11681 5492 1765
f 1795 3717 11682 4147
f 3717 1794 9339 11682
f 11682 9339 1768 8372
f 4147 11682 8372 1769
f 2094 6639 11683 6508
f 6639 2258 6164 11683
f 11683 6164 3126 6184
f 6508 11683 6184 3125
f 2208 9588 11684 8172
f 9588 2209 4082 11684
f 11684 4082 2203 4329
f 8172 11684 4329 2188
f 2200 8489 11685 8469
f 8489 3037 5467 11685
f 11685 5467 3036 7373
f 8469 11685 7373 2199
f 2268 4301 11686 4297
f 4301 2321 3350 11686
f 11686 3350 2322 3546
f 4297 11686 3546 2089
f 2255 7793 11687 7829
f 7793 1963 4200 11687
f 11687 4200 1962 5937
f 7829 11687 5937 2254
f 1936 8661 11688 8893
f 8661 2185 8859 11688
f 11688 8859 2800 9049
f 8893 11688 9049 3033
f 1936 9058 11689 9128
f 9058 2211 3910 11689
f 11689 3910 2218 4865
f 9128 11689 4865 1876
f 2325 5047 11690 5063
f 5047 2324 4487 11690
f 11690 4487 1961 3547
f 5063 11690 3547 1938
f 2323 4325 11691 4205
f 4325 2252 4454 11691
f 11691 4454 2089 3546
f 4205 11691 3546 2322
f 1959 8039 11692 7123
f 8039 1958 6337 11692
f 11692 6337 1946 3338
f 7123 11692 3338 1937
f 2728 9558 11693 8846
f 9558 2734 6785 11693
f 11693 6785 2102 5812
f 8846 11693 5812 2267
f 2253 5214 11694 5733
f 5214 1961 4487 11694
f 11694 4487 2324 4873
f 5733 11694 4873 2323
f 1876 4722 11695 4434
f 4722 2722 8177 11695
f 11695 8177 2728 8846
f 4434 11695 8846 2267
f 2323 4205 11696 5733
f 4205 2322 9372 11696
f 11696 9372 2088 8953
f 5733 11696 8953 2253
f 1968 8870 11697 9615
f 8870 1933 5179 11697
f 11697 5179 2052 7532
f 9615 11697 7532 1967
f 2707 3931 11698 9472
f 3931 2706 7660 11698
f 11698 7660 3159 9156
f 9472 11698 9156 3160
f 1958 6351 11699 6337
f 6351 1957 5521 11699
f 11699 5521 1938 3649
f 6337 11699 3649 1946
f 2271 7055 11700 7150
f 7055 2270 6109 11700
f 11700 6109 1947 3967
f 7150 11700 3967 1891
f 2786 3667 11701 9571
f 3667 2785 7012 11701
f 11701 7012 2783 9356
f 9571 11701 9356 2784
f 1974 5993 11702 6872
f 5993 1973 5342 11702
f 11702 5342 1930 3786
f 6872 11702 3786 1931
f 1971 4204 11703 4213
f 4204 1898 6740 11703
f 11703 6740 2510 6717
f 4213 11703 6717 2339
f 1934 9327 11704 6750
f 9327 2024 9440 11704
f 11704 9440 2050 3881
f 6750 11704 3881 2051
f 2100 4874 11705 4821
f 4874 1971 4213 11705
f 11705 4213 2339 3920
f 4821 11705 3920 2338
f 1911 7395 11706 7268
f 7395 2052 4489 11706
f 11706 4489 2051 3957
f 7268 11706 3957 1913
f 2100 4821 11707 4864
f 4821 2338 5778 11707
f 11707 5778 1901 5729
f 4864 11707 5729 1970
f 1934 6664 11708 6587
f 6664 1933 5275 11708
f 11708 5275 1973 5993
f 6587 11708 5993 1974
f 2111 7240 11709 7920
f 7240 2259 4617 11709
f 11709 4617 2404 4993
f 7920 11709 4993 1845
f 2338 3360 11710 5778
f 3360 2337 3933 11710
f 11710 3933 1843 5175
f 5778 11710 5175 1901
f 1848 8728 11711 9012
f 8728 1849 8693 11711
f 11711 8693 3024 8583
f 9012 11711 8583 3026
f 1848 9012 11712 8580
f 9012 3026 4446 11712
f 11712 4446 3020 4368
f 8580 11712 4368 1826
f 2118 6419 11713 6029
f 6419 1846 5959 11713
f 11713 5959 2403 4150
f 6029 11713 4150 2121
f 2103 6981 11714 7482
f 6981 2043 4254 11714
f 11714 4254 1972 4852
f 7482 11714 4852 1900
f 3111 7094 11715 7125
f 7094 3110 6632 11715
f 11715 6632 1942 5955
f 7125 11715 5955 2011
f 1822 6061 11716 6080
f 6061 1818 4311 11716
f 11716 4311 1836 4342
f 6080 11716 4342 1835
f 3040 8316 11717 8306
f 8316 3041 3303 11717
f 11717 3303 2217 4749
f 8306 11717 4749 2204
f 2123 6420 11718 3776
f 6420 2118 6029 11718
f 11718 6029 2121 3554
f 3776 11718 3554 2122
f 2004 4891 11719 4480
f 4891 2058 8073 11719
f 11719 8073 2047 7972
f 4480 11719 7972 2065
f 2004 8825 11720 4822
f 8825 1888 8332 11720
f 11720 8332 2483 4903
f 4822 11720 4903 2484
f 2046 6103 11721 7232
f 6103 1890 8582 11721
f 11721 8582 2008 8503
f 7232 11721 8503 2047
f 1864 9304 11722 8225
f 9304 1863 8008 11722
f 11722 8008 2149 7374
f 8225 11722 7374 2007
f 1863 7893 11723 8086
f 7893 1855 7260 11723
f 11723 7260 2412 5498
f 8086 11723 5498 1861
f 2736 8970 11724 9101
f 8970 2190 8639 11724
f 11724 8639 2192 8979
f 9101 11724 8979 2720
f 2008 8662 11725 8732
f 8662 1940 7824 11725
f 11725 7824 1903 7719
f 8732 11725 7719 2149
f 1862 6421 11726 6348
f 6421 2149 8008 11726
f 11726 8008 1863 8086
f 6348 11726 8086 1861
f 2038 5949 11727 6594
f 5949 3115 4102 11727
f 11727 4102 3114 6405
f 6594 11727 6405 1990
f 2366 6291 11728 6092
f 6291 2365 6612 11728
f 11728 6612 2414 6878
f 6092 11728 6878 2411
f 3120 9514 11729 8192
f 9514 2030 6640 11729
f 11729 6640 2275 4015
f 8192 11729 4015 3121
f 2101 5022 11730 5026
f 5022 1915 4113 11730
f 11730 4113 2041 3608
f 5026 11730 3608 2042
f 1998 6638 11731 6629
f 6638 3060 4636 11731
f 11731 4636 3058 6515
f 6629 11731 6515 2358
f 2419 3937 11732 4114
f 2465 3698 11732 3937
f 2435 4114 11732 3698
f 2358 6515 11733 5976
f 6515 3058 6573 11733
f 11733 6573 3062 6020
f 5976 11733 6020 1997
f 1992 9338 11734 9525
f 9338 1941 5564 11734
f 11734 5564 1945 4453
f 9525 11734 4453 1964
f 2131 4202 11735 4187
f 4202 1914 3539 11735
f 11735 3539 1994 3788
f 4187 11735 3788 1995
f 2446 6784 11736 6155
f 2420 4570 11736 6784
f 2433 6155 11736 4570
f 2424 9348 11737 8985
f 9348 2427 3726 11737
f 11737 3726 2426 3530
f 8985 11737 3530 2425
f 2429 5227 11738 5996
f 5227 2428 7445 11738
f 11738 7445 2455 6899
f 5996 11738 6899 2454
f 2430 6124 11739 6093
f 6124 2420 5967 11739
f 11739 5967 2454 5979
f 6093 11739 5979 2453
f 2428 4638 11740 4918
f 4638 2426 3577 11740
f 11740 3577 2458 3615
f 4918 11740 3615 2457
f 2418 3498 11741 6982
f 3498 2425 4980 11741
f 11741 4980 2429 7390
f 6982 11741 7390 2423
f 1904 9029 11742 8898
f 9029 1880 8502 11742
f 11742 8502 2036 5076
f 8898 11742 5076 2037
f 1837 5745 11743 5353
f 5745 2396 8880 11743
f 11743 8880 2504 9344
f 5353 11743 9344 2505
f 1768 9339 11744 9302
f 9339 1794 6452 11744
f 11744 6452 1798 8054
f 9302 11744 8054 1767
f 2032 8899 11745 8851
f 8899 2039 6900 11745
f 11745 6900 1990 5953
f 8851 11745 5953 1993
f 2008 8582 11746 8662
f 8582 1890 3359 11746
f 11746 3359 1985 4566
f 8662 11746 4566 1940
f 2431 7071 11747 8018
f 7071 1773 5748 11747
f 11747 5748 1772 4415
f 8018 11747 4415 2433
f 2045 5288 11748 5306
f 5288 1885 5578 11748
f 11748 5578 1889 4798
f 5306 11748 4798 2044
f 2351 7691 11749 7804
f 7691 2012 5257 11749
f 11749 5257 2013 6653
f 7804 11749 6653 2350
f 1784 8991 11750 8515
f 8991 2674 5920 11750
f 11750 5920 2694 8320
f 8515 11750 8320 1920
f 1796 4505 11751 4474
f 4505 1795 4147 11751
f 11751 4147 1769 3391
f 4474 11751 3391 1770
f 2183 7511 11752 8040
f 7511 1802 5015 11752
f 11752 5015 1797 6349
f 8040 11752 6349 1894
f 2490 3569 11753 5825
f 3569 2489 7936 11753
f 11753 7936 2183 8040
f 5825 11753 8040 1894
f 1795 3809 11754 3717
f 3809 1786 3689 11754
f 11754 3689 1785 3335
f 3717 11754 3335 1794
f 2448 8966 11755 8868
f 8966 2446 6652 11755
f 11755 6652 1771 3795
f 8868 11755 3795 1770
f 1772 4340 11756 4415
f 4340 1771 6652 11756
f 11756 6652 2446 6155
f 4415 11756 6155 2433
f 1796 4474 11757 8088
f 4474 1770 3795 11757
f 11757 3795 1771 7894
f 8088 11757 7894 1799
f 1796 8088 11758 4505
f 8088 1799 7917 11758
f 11758 7917 1786 3809
f 4505 11758 3809 1795
f 3134 5897 11759 5813
f 5897 3133 5069 11759
f 11759 5069 2188 4922
f 5813 11759 4922 2316
f 2485 5485 11760 5664
f 5485 2058 4891 11760
f 11760 4891 2004 4822
f 5664 11760 4822 2484
f 2725 5789 11761 5764
f 5789 2737 4244 11761
f 11761 4244 2220 5715
f 5764 11761 5715 2221
f 2319 7305 11762 8956
f 7305 2193 4029 11762
f 11762 4029 1875 8891
f 8956 11762 8891 2320
f 2095 7439 11763 7670
f 7439 3127 7683 11763
f 11763 7683 3126 6164
f 7670 11763 6164 2258
f 2094 6508 11764 5839
f 6508 3125 5075 11764
f 11764 5075 3124 5636
f 5839 11764 5636 2093
f 2200 8526 11765 8452
f 8526 2219 3777 11765
f 11765 3777 2218 3910
f 8452 11765 3910 2211
f 2200 8452 11766 8489
f 8452 2211 3703 11766
f 11766 3703 3034 5800
f 8489 11766 5800 3037
f 2349 6089 11767 5710
f 6089 2014 6562 11767
f 11767 6562 2257 4472
f 5710 11767 4472 2348
f 2723 4165 11768 5235
f 4165 2739 6091 11768
f 11768 6091 2206 6097
f 5235 11768 6097 2237
f 2319 8956 11769 7269
f 8956 2320 9073 11769
f 11769 9073 2237 6097
f 7269 11769 6097 2206
f 2269 4975 11770 6720
f 4975 1875 4075 11770
f 11770 4075 1947 6109
f 6720 11770 6109 2270
f 2326 5990 11771 5998
f 5990 2325 5063 11771
f 11771 5063 1938 5521
f 5998 11771 5521 1957
f 2467 4017 11772 8136
f 4017 2707 9472 11772
f 11772 9472 3160 9466
f 8136 11772 9466 3096
f 1962 3460 11773 5937
f 3460 1961 5214 11773
f 11773 5214 2253 6669
f 5937 11773 6669 2254
f 2327 7327 11774 7456
f 7327 2326 5998 11774
f 11774 5998 1957 5557
f 7456 11774 5557 2125
f 1959 7143 11775 8072
f 7143 2113 8772 11775
f 11775 8772 2128 8129
f 8072 11775 8129 2127
f 2272 9542 11776 8171
f 9542 2271 7150 11776
f 11776 7150 1891 5551
f 8171 11776 5551 2117
f 2051 3881 11777 3957
f 3881 2050 3668 11777
f 11777 3668 2025 3278
f 3957 11777 3278 1913
f 3103 8093 11778 8034
f 8093 3102 5944 11778
f 11778 5944 1790 7796
f 8034 11778 7796 2031
f 1830 5842 11779 6025
f 5842 2745 4111 11779
f 11779 4111 2747 4109
f 6025 11779 4109 1817
f 1968 8897 11780 8195
f 8897 2511 7929 11780
f 11780 7929 2510 6740
f 8195 11780 6740 1898
f 1968 8195 11781 8870
f 8195 1898 5024 11781
f 11781 5024 1973 5275
f 8870 11781 5275 1933
f 2339 3897 11782 3920
f 3897 2106 3586 11782
f 11782 3586 2337 3360
f 3920 11782 3360 2338
f 1925 5538 11783 7223
f 5538 1924 4501 11783
f 11783 4501 2043 6981
f 7223 11783 6981 2103
f 3010 3319 11784 5787
f 3319 1825 5248 11784
f 11784 5248 1813 5218
f 5787 11784 5218 3005
f 1823 7836 11785 9563
f 7836 1811 4317 11785
f 11785 4317 1812 8180
f 9563 11785 8180 1824
f 2748 5531 11786 4740
f 5531 2341 5477 11786
f 11786 5477 1842 3591
f 4740 11786 3591 2746
f 2111 7920 11787 7454
f 7920 1845 5992 11787
f 11787 5992 1846 6419
f 7454 11787 6419 2118
f 2712 8621 11788 8584
f 8621 2713 7181 11788
f 11788 7181 2783 7012
f 8584 11788 7012 2785
f 2336 8327 11789 8838
f 8327 2396 5745 11789
f 11789 5745 1837 6656
f 8838 11789 6656 1838
f 2103 7455 11790 7223
f 7455 1835 4342 11790
f 11790 4342 1836 5543
f 7223 11790 5543 1925
f 2350 6667 11791 6665
f 6667 2349 6839 11791
f 11791 6839 2094 5839
f 6665 11791 5839 2093
f 2047 8073 11792 7232
f 8073 2058 5280 11792
f 11792 5280 1949 6167
f 7232 11792 6167 2046
f 2390 5995 11793 6376
f 5995 2389 8499 11793
f 11793 8499 2040 8649
f 6376 11793 8649 2132
f 2463 7528 11794 7841
f 7528 2476 4451 11794
f 11794 4451 2706 5216
f 7841 11794 5216 2701
f 1856 8246 11795 8247
f 8246 1858 4230 11795
f 11795 4230 1852 4503
f 8247 11795 4503 1860
f 1861 5498 11796 5079
f 5498 2412 4539 11796
f 11796 4539 2364 4699
f 5079 11796 4699 2315
f 1865 3244 11797 8181
f 3244 1857 4108 11797
f 11797 4108 2363 8689
f 8181 11797 8689 1864
f 3112 8301 11798 8697
f 8301 3111 7125 11798
f 11798 7125 2011 4701
f 8697 11798 4701 1916
f 2482 3605 11799 5708
f 3605 2466 4732 11799
f 11799 4732 2460 5260
f 5708 11799 5260 2461
f 2367 8115 11800 7147
f 8115 2368 8267 11800
f 11800 8267 2315 4176
f 7147 11800 4176 2411
f 1855 7261 11801 7260
f 7261 2413 5724 11801
f 11801 5724 2364 4539
f 7260 11801 4539 2412
f 3112 8697 11802 8548
f 8697 1916 4748 11802
f 11802 4748 1993 3275
f 8548 11802 3275 3113
f 2040 9491 11803 8468
f 9491 2038 6594 11803
f 11803 6594 1990 6900
f 8468 11803 6900 2039
f 1990 6405 11804 5953
f 6405 3114 3384 11804
f 11804 3384 3113 3275
f 5953 11804 3275 1993
f 2042 3608 11805 4182
f 3608 2041 3599 11805
f 11805 3599 1914 4202
f 4182 11805 4202 2131
f 1856 8247 11806 8459
f 8247 1860 4615 11806
f 11806 4615 2011 5955
f 8459 11806 5955 1942
f 2390 6376 11807 6898
f 6376 2132 4893 11807
f 11807 4893 1996 7444
f 6898 11807 7444 2391
f 1924 5041 11808 4501
f 5041 2101 5026 11808
f 11808 5026 2042 4034
f 4501 11808 4034 2043
f 2390 6898 11809 6521
f 6898 2391 7469 11809
f 11809 7469 1994 3539
f 6521 11809 3539 1914
f 2095 6997 11810 7439
f 6997 2274 8134 11810
f 11810 8134 3128 9155
f 7439 11810 9155 3127
f 2358 6592 11811 6629
f 6592 1945 5564 11811
f 11811 5564 1941 6666
f 6629 11811 6666 1998
f 1992 9409 11812 9338
f 9409 2030 6636 11812
f 11812 6636 2091 4988
f 9338 11812 4988 1941
f 3056 9170 11813 9169
f 9170 3061 5668 11813
f 11813 5668 1836 4311
f 9169 11813 4311 1818
f 1850 8912 11814 3595
f 8912 1808 8943 11814
f 11814 8943 2521 3397
f 3595 11814 3397 2506
f 2275 4022 11815 4015
f 4022 2130 3665 11815
f 11815 3665 3122 3670
f 4015 11815 3670 3121
f 3124 4306 11816 5636
f 4306 3123 4226 11816
f 11816 4226 2092 5776
f 5636 11816 5776 2093
f 2448 8949 11817 8966
f 8949 2423 6972 11817
f 11817 6972 2420 6784
f 8966 11817 6784 2446
f 2423 7390 11818 6972
f 7390 2429 5996 11818
f 11818 5996 2454 5967
f 6972 11818 5967 2420
f 1992 9373 11819 9409
f 9373 2355 4170 11819
f 11819 4170 2354 6628
f 9409 11819 6628 2030
f 2429 4980 11820 5227
f 4980 2425 3530 11820
f 11820 3530 2426 4638
f 5227 11820 4638 2428
f 2030 6628 11821 6640
f 6628 2354 3567 11821
f 11821 3567 2353 4153
f 6640 11821 4153 2275
f 2486 6367 11822 7042
f 6367 1886 6072 11822
f 11822 6072 1907 7011
f 7042 11822 7011 2487
f 1903 7703 11823 7432
f 7703 2036 8502 11823
f 11823 8502 1880 9040
f 7432 11823 9040 1873
f 2488 8736 11824 8505
f 8736 2487 7011 11824
f 11824 7011 1907 8185
f 8505 11824 8185 1920
f 2695 8013 11825 7663
f 8013 2183 7936 11825
f 11825 7936 2489 3766
f 7663 11825 3766 2683
f 2447 7198 11826 7806
f 7198 2443 8021 11826
f 11826 8021 1767 8026
f 7806 11826 8026 1766
f 1767 8054 11827 8026
f 8054 1798 6347 11827
f 11827 6347 1797 6411
f 8026 11827 6411 1766
f 1768 9302 11828 9385
f 9302 1767 8021 11828
f 11828 8021 2443 4335
f 9385 11828 4335 2444
f 2445 5457 11829 5711
f 5457 1769 8372 11829
f 11829 8372 1768 9385
f 5711 11829 9385 2444
f 2448 8868 11830 8460
f 8868 1770 3391 11830
f 11830 3391 1769 5457
f 8460 11830 5457 2445
f 2434 7263 11831 6082
f 2431 7190 11831 7263
f 2430 6082 11831 7190
f 2351 7804 11832 7137
f 7804 2350 6665 11832
f 11832 6665 2093 5776
f 7137 11832 5776 2092
f 2096 8876 11833 8940
f 8876 2362 3561 11833
f 11833 3561 3130 3400
f 8940 11833 3400 3129
f 2320 8891 11834 8608
f 8891 1875 4975 11834
f 11834 4975 2269 5760
f 8608 11834 5760 2321
f 2088 9166 11835 8953
f 9166 2087 7499 11835
f 11835 7499 2254 6669
f 8953 11835 6669 2253
f 2192 8639 11836 8480
f 8639 2190 6815 11836
f 11836 6815 2317 6689
f 8480 11836 6689 2318
f 2349 5710 11837 6839
f 5710 2348 4320 11837
f 11837 4320 2258 6639
f 6839 11837 6639 2094
f 2096 8909 11838 8775
f 8909 2274 3458 11838
f 11838 3458 2346 3562
f 8775 11838 3562 2345
f 1963 3826 11839 4200
f 3826 1937 3338 11839
f 11839 3338 1946 3540
f 4200 11839 3540 1962
f 2237 9073 11840 5286
f 9073 2320 8608 11840
f 11840 8608 2321 4301
f 5286 11840 4301 2268
f 2085 5239 11841 4949
f 5239 2116 8106 11841
f 11841 8106 2272 8139
f 4949 11841 8139 2273
f 2255 7831 11842 9085
f 7831 2086 6687 11842
f 11842 6687 2116 9125
f 9085 11842 9125 2256
f 2088 9389 11843 9166
f 9389 2269 6720 11843
f 11843 6720 2270 8012
f 9166 11843 8012 2087
f 1934 6750 11844 6664
f 6750 2051 4489 11844
f 11844 4489 2052 5179
f 6664 11844 5179 1933
f 2256 8578 11845 9085
f 8578 2115 3923 11845
f 11845 3923 1963 7793
f 9085 11845 7793 2255
f 2126 6648 11846 6601
f 6648 2125 5557 11846
f 11846 5557 1957 6351
f 6601 11846 6351 1958
f 2343 8091 11847 6996
f 8091 2333 9202 11847
f 11847 9202 1840 8822
f 6996 11847 8822 1841
f 2125 5688 11848 7456
f 5688 2026 8617 11848
f 11848 8617 2328 8461
f 7456 11848 8461 2327
f 2744 8685 11849 8165
f 8685 2340 5319 11849
f 11849 5319 2341 5531
f 8165 11849 5531 2748
f 2746 3591 11850 4087
f 3591 1842 3496 11850
f 11850 3496 1817 4109
f 4087 11850 4109 2747
f 2744 8813 11851 8685
f 8813 2510 7929 11851
f 11851 7929 2511 7533
f 8685 11851 7533 2340
f 1840 9202 11852 9087
f 9202 2333 6286 11852
f 11852 6286 2334 7636
f 9087 11852 7636 1839
f 2341 8087 11853 5477
f 8087 2343 6996 11853
f 11853 6996 1841 3529
f 5477 11853 3529 1842
f 1812 4477 11854 8180
f 4477 2409 3399 11854
f 11854 3399 2410 8328
f 8180 11854 8328 1824
f 2503 7006 11855 6883
f 7006 1822 6080 11855
f 11855 6080 1835 6542
f 6883 11855 6542 2502
f 2407 7509 11856 8102
f 7509 1810 6879 11856
f 11856 6879 1847 7389
f 8102 11856 7389 2403
f 2031 7796 11857 7705
f 7796 1790 6674 11857
f 11857 6674 1793 3504
f 7705 11857 3504 2066
f 1847 7394 11858 7389
f 7394 2509 5221 11858
f 11858 5221 2121 4150
f 7389 11858 4150 2403
f 2314 6098 11859 3403
f 6098 1854 5841 11859
f 11859 5841 1857 3244
f 3403 11859 3244 1865
f 3102 5807 11860 5944
f 5807 3101 7140 11860
f 11860 7140 1759 7210
f 5944 11860 7210 1790
f 2367 7070 11861 8115
f 7070 1858 8246 11861
f 11861 8246 1856 8823
f 8115 11861 8823 2368
f 2486 6381 11862 6024
f 6381 1949 5280 11862
f 11862 5280 2058 5485
f 6024 11862 5485 2485
f 2413 5370 11863 5724
f 5370 2365 6291 11863
f 11863 6291 2366 6123
f 5724 11863 6123 2364
f 2006 5964 11864 6147
f 5964 2260 4860 11864
f 11864 4860 2314 3403
f 6147 11864 3403 1865
f 1864 8225 11865 8181
f 8225 2007 6890 11865
f 11865 6890 2006 6147
f 8181 11865 6147 1865
f 1784 8711 11866 8648
f 8711 1783 6984 11866
f 11866 6984 1763 4623
f 8648 11866 4623 1764
f 3096 9096 11867 8136
f 9096 3095 7662 11867
f 11867 7662 2482 3692
f 8136 11867 3692 2467
f 2012 4897 11868 5257
f 4897 2113 3305 11868
f 11868 3305 2114 5155
f 5257 11868 5155 2013
f 2040 8468 11869 8649
f 8468 2039 7918 11869
f 11869 7918 2261 5006
f 8649 11869 5006 2132
f 2264 8614 11870 8787
f 8614 2029 5734 11870
f 11870 5734 2354 4170
f 8787 11870 4170 2355
f 2487 7720 11871 7042
f 7720 1889 5755 11871
f 11871 5755 1949 6381
f 7042 11871 6381 2486
f 2358 5976 11872 6592
f 5976 1997 5736 11872
f 11872 5736 2357 5535
f 6592 11872 5535 1945
f 2112 9467 11873 8243
f 9467 2265 4302 11873
f 11873 4302 2028 5534
f 8243 11873 5534 2277
f 2356 4824 11874 4876
f 4824 2355 9373 11874
f 11874 9373 1992 9525
f 4876 11874 9525 1964
f 3062 6590 11875 5910
f 6590 1925 5543 11875
f 11875 5543 1836 5668
f 5910 11875 5668 3061
f 2504 9550 11876 9344
f 9550 1997 5317 11876
f 11876 5317 1851 3700
f 9344 11876 3700 2505
f 2456 8989 11877 9524
f 8989 2457 3276 11877
f 11877 3276 2473 8882
f 9524 11877 8882 2472
f 2112 8229 11878 9467
f 8229 2029 8614 11878
f 11878 8614 2264 9051
f 9467 11878 9051 2265
f 2427 4035 11879 3726
f 4035 2459 4038 11879
f 11879 4038 2458 3577
f 3726 11879 3577 2426
f 2423 7274 11880 6982
f 7274 2451 4208 11880
f 11880 4208 2450 3653
f 6982 11880 3653 2418
f 2424 8985 11881 8713
f 8985 2425 3498 11881
f 11881 3498 2418 7729
f 8713 11881 7729 2415
f 1904 9612 11882 9029
f 9612 1874 3598 11882
f 11882 3598 1873 9040
f 9029 11882 9040 1880
f 2350 6653 11883 6667
f 6653 2013 6178 11883
f 11883 6178 2014 6089
f 6667 11883 6089 2349
f 2276 4378 11884 4854
f 4378 2129 8831 11884
f 11884 8831 2352 8755
f 4854 11884 8755 2353
f 2275 4153 11885 4022
f 4153 2353 8755 11885
f 11885 8755 2352 8866
f 4022 11885 8866 2130
f 2277 5533 11886 8243
f 5533 2276 5731 11886
f 11886 5731 2029 8229
f 8243 11886 8229 2112
f 1784 8648 11887 8991
f 8648 1764 9190 11887
f 11887 9190 2704 8815
f 8991 11887 8815 2674
f 2693 5178 11888 5799
f 5178 2442 5494 11888
f 11888 5494 1765 5577
f 5799 11888 5577 2705
f 2415 7731 11889 9086
f 7731 2447 8083 11889
f 11889 8083 2442 8896
f 9086 11889 8896 2416
f 2092 4226 11890 4327
f 4226 3123 3694 11890
f 11890 3694 3122 3665
f 4327 11890 3665 2130
f 2208 8172 11891 8268
f 8172 2188 5069 11891
f 11891 5069 3133 5021
f 8268 11891 5021 3132
f 2120 9358 11892 9374
f 9358 1964 4453 11892
f 11892 4453 1945 5535
f 9374 11892 5535 2357
f 2348 4332 11893 4320
f 4332 2347 7726 11893
f 11893 7726 2095 7670
f 4320 11893 7670 2258
f 2208 8268 11894 8458
f 8268 3132 4526 11894
f 11894 4526 3131 4077
f 8458 11894 4077 2187
f 2215 8089 11895 7180
f 8089 2189 5730 11895
f 11895 5730 2203 4082
f 7180 11895 4082 2209
f 1947 4075 11896 4046
f 4075 1875 4029 11896
f 11896 4029 2193 3643
f 4046 11896 3643 2210
f 2206 6091 11897 8905
f 6091 2739 9097 11897
f 11897 9097 2720 8979
f 8905 11897 8979 2192
f 2192 8480 11898 8905
f 8480 2318 7708 11898
f 11898 7708 2319 7269
f 8905 11898 7269 2206
f 2085 5496 11899 5064
f 5496 2347 4332 11899
f 11899 4332 2348 4472
f 5064 11899 4472 2257
f 2115 3939 11900 3923
f 3939 2114 3331 11900
f 11900 3331 1937 3826
f 3923 11900 3826 1963
f 2271 9542 11901 7411
f 9542 2272 8106 11901
f 11901 8106 2116 6687
f 7411 11901 6687 2086
f 2512 9106 11902 8886
f 9106 1967 7687 11902
f 11902 7687 1966 6560
f 8886 11902 6560 2513
f 2271 7411 11903 7055
f 7411 2086 7873 11903
f 11903 7873 2087 8012
f 7055 11903 8012 2270
f 2255 7829 11904 7831
f 7829 2254 7499 11904
f 11904 7499 2087 7873
f 7831 11904 7873 2086
f 2096 8775 11905 8876
f 8775 2345 3294 11905
f 11905 3294 2361 3575
f 8876 11905 3575 2362
f 1943 8516 11906 6922
f 8516 1912 8605 11906
f 11906 8605 2026 3789
f 6922 11906 3789 2027
f 2328 8617 11907 8980
f 8617 2026 8605 11907
f 11907 8605 1912 8981
f 8980 11907 8981 2329
f 2344 9378 11908 8290
f 9378 2207 7905 11908
f 11908 7905 2215 7180
f 8290 11908 7180 2209
f 2328 8980 11909 9014
f 8980 2329 3253 11909
f 11909 3253 1913 3278
f 9014 11909 3278 2025
f 2330 3609 11910 8495
f 3609 2329 8981 11910
f 11910 8981 1912 8517
f 8495 11910 8517 1944
f 2330 6993 11911 3609
f 6993 1911 7268 11911
f 11911 7268 1913 3253
f 3609 11911 3253 2329
f 1911 6921 11912 7395
f 6921 1966 7687 11912
f 11912 7687 1967 7532
f 7395 11912 7532 2052
f 1816 9003 11913 9622
f 9003 1817 3496 11913
f 11913 3496 1842 3529
f 9622 11913 3529 1841
f 2512 9274 11914 9250
f 9274 2342 6769 11914
f 11914 6769 2340 7533
f 9250 11914 7533 2511
f 1831 7916 11915 7531
f 7916 1828 6918 11915
f 11915 6918 1815 6917
f 7531 11915 6917 1819
f 2341 5319 11916 8087
f 5319 2340 6769 11916
f 11916 6769 2342 8065
f 8087 11916 8065 2343
f 2408 9303 11917 9401
f 9303 2407 7913 11917
f 11917 7913 1811 7836
f 9401 11917 7836 1823
f 2407 8102 11918 7913
f 8102 2403 5959 11918
f 11918 5959 1846 6009
f 7913 11918 6009 1811
f 2520 8841 11919 9218
f 8841 2519 6887 11919
f 11919 6887 1805 6663
f 9218 11919 6663 1806
f 3101 5019 11920 7140
f 5019 3100 4551 11920
f 11920 4551 2436 7204
f 7140 11920 7204 1759
f 2503 7613 11921 7006
f 7613 2519 7304 11921
f 11921 7304 1809 6873
f 7006 11921 6873 1822
f 2421 4994 11922 5108
f 4994 2436 4551 11922
f 11922 4551 3100 4530
f 5108 11922 4530 3099
f 1887 7264 11923 7049
f 7264 2485 5664 11923
f 11923 5664 2484 4898
f 7049 11923 4898 2066
f 1820 5159 11924 4379
f 5159 1837 5353 11924
f 11924 5353 2505 3474
f 4379 11924 3474 2506
f 1807 7685 11925 7471
f 7685 1818 6061 11925
f 11925 6061 1822 6873
f 7471 11925 6873 1809
f 3095 7682 11926 7662
f 7682 3094 6277 11926
f 11926 6277 2466 3605
f 7662 11926 3605 2482
f 2462 7191 11927 6087
f 7191 2463 7903 11927
f 11927 7903 2417 5898
f 6087 11927 5898 2422
f 2518 6039 11928 6016
f 6039 3098 3558 11928
f 11928 3558 3097 4476
f 6016 11928 4476 2476
f 1860 4503 11929 4521
f 4503 1852 5255 11929
f 11929 5255 1853 5278
f 4521 11929 5278 1859
f 2518 6019 11930 6039
f 6019 2421 5108 11930
f 11930 5108 3099 3817
f 6039 11930 3817 3098
f 2438 6335 11931 5942
f 6335 2437 5581 11931
f 11931 5581 2421 5985
f 5942 11931 5985 2422
f 2006 6890 11932 5830
f 6890 2007 7407 11932
f 11932 7407 1873 3598
f 5830 11932 3598 1874
f 1854 6176 11933 6090
f 6176 1853 6671 11933
f 11933 6671 2414 6612
f 6090 11933 6612 2365
f 2440 9268 11934 9402
f 9268 1763 3919 11934
f 11934 3919 1762 6920
f 9402 11934 6920 2439
f 2471 7497 11935 7329
f 7497 2460 4732 11935
f 11935 4732 2466 6393
f 7329 11935 6393 2470
f 2363 4108 11936 7258
f 4108 1857 5234 11936
f 11936 5234 2413 7261
f 7258 11936 7261 1855
f 2464 8331 11937 8120
f 8331 2467 3692 11937
f 11937 3692 2482 5708
f 8120 11937 5708 2461
f 3094 6183 11938 6277
f 6183 3093 6463 11938
f 11938 6463 2470 6393
f 6277 11938 6393 2466
f 2032 8561 11939 8899
f 8561 2263 7417 11939
f 11939 7417 2261 7918
f 8899 11939 7918 2039
f 2029 5731 11940 5734
f 5731 2276 4854 11940
f 11940 4854 2353 3567
f 5734 11940 3567 2354
f 2356 4876 11941 5735
f 4876 1964 9358 11941
f 11941 9358 2120 9342
f 5735 11941 9342 1965
f 3055 7640 11942 8830
f 7640 3057 7516 11942
f 11942 7516 1807 8735
f 8830 11942 8735 2520
f 2104 8850 11943 8496
f 8850 2335 7057 11943
f 11943 7057 2334 6122
f 8496 11943 6122 2332
f 2104 8496 11944 8501
f 8496 2332 4738 11944
f 11944 4738 2514 3932
f 8501 11944 3932 2515
f 2506 3474 11945 3595
f 3474 2505 3700 11945
f 11945 3700 1851 3899
f 3595 11945 3899 1850
f 1760 8149 11946 8330
f 8149 1759 7204 11946
f 11946 7204 2436 5529
f 8330 11946 5529 2437
f 1814 5960 11947 6808
f 5960 2405 5478 11947
f 11947 5478 2402 6811
f 6808 11947 6811 1838
f 2757 5188 11948 6477
f 5188 2763 4369 11948
f 11948 4369 2764 6289
f 6477 11948 6289 2758
f 2352 9077 11949 8866
f 9077 2351 7137 11949
f 11949 7137 2092 4327
f 8866 11949 4327 2130
f 2445 5738 11950 8460
f 5738 2451 7274 11950
f 11950 7274 2423 8949
f 8460 11950 8949 2448
f 2351 9077 11951 7691
f 9077 2352 8831 11951
f 11951 8831 2129 4300
f 7691 11951 4300 2012
f 1904 8628 11952 9612
f 8628 2001 3488 11952
f 11952 3488 2002 3481
f 9612 11952 3481 1874
f 2128 8772 11953 8566
f 8772 2113 4897 11953
f 11953 4897 2012 4300
f 8566 11953 4300 2129
f 2462 6087 11954 6094
f 6087 2422 5985 11954
f 11954 5985 2421 6019
f 6094 11954 6019 2518
f 2440 9402 11955 8309
f 9402 2439 8029 11955
f 11955 8029 2422 5898
f 8309 11955 5898 2417
f 2002 3488 11956 6937
f 3488 2001 5354 11956
f 11956 5354 2261 7417
f 6937 11956 7417 2263
f 1782 6910 11957 6684
f 6910 1783 7266 11957
f 11957 7266 1907 6072
f 6684 11957 6072 1886
f 2032 8701 11958 8561
f 8701 2033 5516 11958
f 11958 5516 2005 6971
f 8561 11958 6971 2263
f 2447 7806 11959 8083
f 7806 1766 6346 11959
f 11959 6346 1765 5494
f 8083 11959 5494 2442
f 2415 7414 11960 7731
f 7414 2449 4020 11960
f 11960 4020 2443 7198
f 7731 11960 7198 2447
f 2445 5711 11961 5738
f 5711 2444 4326 11961
f 11961 4326 2450 4208
f 5738 11961 4208 2451
f 2443 4020 11962 4335
f 4020 2449 3568 11962
f 11962 3568 2450 4326
f 4335 11962 4326 2444
f 2415 7729 11963 7414
f 7729 2418 3653 11963
f 11963 3653 2450 3568
f 7414 11963 3568 2449
f 2014 6178 11964 6095
f 6178 2013 5155 11964
f 11964 5155 2114 3939
f 6095 11964 3939 2115
f 2344 8290 11965 8473
f 8290 2209 9588 11965
f 11965 9588 2208 8458
f 8473 11965 8458 2187
f 2095 7726 11966 6997
f 7726 2347 3728 11966
f 11966 3728 2346 3458
f 6997 11966 3458 2274
f 2256 9125 11967 8723
f 9125 2116 5239 11967
f 11967 5239 2085 5064
f 8723 11967 5064 2257
f 2317 5716 11968 6689
f 5716 2203 5730 11968
f 11968 5730 2189 6672
f 6689 11968 6672 2318
f 2014 6095 11969 6562
f 6095 2115 8578 11969
f 11969 8578 2256 8723
f 6562 11969 8723 2257
f 1959 8072 11970 8039
f 8072 2127 7770 11970
f 11970 7770 2126 6601
f 8039 11970 6601 1958
f 1959 7123 11971 7143
f 7123 1937 3331 11971
f 11971 3331 2114 3305
f 7143 11971 3305 2113
f 2512 9250 11972 9106
f 9250 2511 8897 11972
f 11972 8897 1968 9615
f 9106 11972 9615 1967
f 2126 6877 11973 6648
f 6877 2027 3789 11973
f 11973 3789 2026 5688
f 6648 11973 5688 2125
f 2127 7763 11974 7770
f 7763 2028 4346 11974
f 11974 4346 2027 6877
f 7770 11974 6877 2126
f 1816 8712 11975 8514
f 8712 1815 6918 11975
f 11975 6918 1828 5537
f 8514 11975 5537 1829
f 2512 8886 11976 9274
f 8886 2513 3285 11976
f 11976 3285 2105 6290
f 9274 11976 6290 2342
f 1816 8514 11977 9003
f 8514 1829 6338 11977
f 11977 6338 1830 6025
f 9003 11977 6025 1817
f 2405 5482 11978 5478
f 5482 1819 7773 11978
f 11978 7773 1839 7727
f 5478 11978 7727 2402
f 1840 8587 11979 8822
f 8587 1815 8712 11979
f 11979 8712 1816 9622
f 8822 11979 9622 1841
f 2335 7252 11980 7057
f 7252 2402 7727 11980
f 11980 7727 1839 7636
f 7057 11980 7636 2334
f 3055 7862 11981 7667
f 7862 3059 4162 11981
f 11981 4162 1834 3691
f 7667 11981 3691 2521
f 1847 6879 11982 7393
f 6879 1810 7628 11982
f 11982 7628 2503 6883
f 7393 11982 6883 2502
f 2781 6236 11983 5466
f 6236 2782 5835 11983
f 11983 5835 2771 4913
f 5466 11983 4913 2772
f 2176 8322 11984 8230
f 8322 2771 5835 11984
f 11984 5835 2782 5824
f 8230 11984 5824 2649
f 1759 8149 11985 7210
f 8149 1760 9598 11985
f 11985 9598 1793 6674
f 7210 11985 6674 1790
f 1887 7049 11986 7988
f 7049 2066 3504 11986
f 11986 3504 1793 5487
f 7988 11986 5487 1781
f 2688 8420 11987 8895
f 8420 2700 8252 11987
f 11987 8252 2464 8344
f 8895 11987 8344 2416
f 2417 3264 11988 8309
f 2441 8356 11988 3264
f 2440 8309 11988 8356
f 2419 4839 11989 3949
f 2452 4394 11989 4839
f 2481 3949 11989 4394
f 1854 6098 11990 6176
f 6098 2314 3924 11990
f 11990 3924 1859 5278
f 6176 11990 5278 1853
f 2005 5056 11991 5018
f 5056 1859 3924 11991
f 11991 3924 2314 4860
f 5018 11991 4860 2260
f 1854 6090 11992 5841
f 6090 2365 5370 11992
f 11992 5370 2413 5234
f 5841 11992 5234 1857
f 2006 5830 11993 5964
f 5830 1874 3481 11993
f 11993 3481 2002 4528
f 5964 11993 4528 2260
f 2005 5018 11994 6971
f 5018 2260 4528 11994
f 11994 4528 2002 6937
f 6971 11994 6937 2263
f 2120 8556 11995 9342
f 8556 2516 4914 11995
f 11995 4914 2515 5728
f 9342 11995 5728 1965
f 1870 6634 11996 6631
f 6634 2516 5683 11996
f 11996 5683 2517 5274
f 6631 11996 5274 2397
f 1870 6631 11997 8145
f 6631 2397 5279 11997
f 11997 5279 2396 8327
f 8145 11997 8327 2336
f 2264 8714 11998 9051
f 8714 1991 8060 11998
f 11998 8060 1943 7946
f 9051 11998 7946 2265
f 2517 5683 11999 4987
f 5683 2516 8556 11999
f 11999 8556 2120 9374
f 4987 11999 9374 2357
f 2360 8717 12000 8511
f 8717 2034 5472 12000
f 12000 5472 2117 6973
f 8511 12000 6973 2359
f 2104 8501 12001 8601
f 8501 2515 4914 12001
f 12001 4914 2516 6634
f 8601 12001 6634 1870
f 2336 8838 12002 8288
f 8838 1838 6811 12002
f 12002 6811 2402 7252
f 8288 12002 7252 2335
f 1807 7516 12003 7685
f 7516 3057 8883 12003
f 12003 8883 3056 9169
f 7685 12003 9169 1818
f 2461 5260 12004 5270
f 5260 2460 4662 12004
f 12004 4662 2459 4035
f 5270 12004 4035 2427
f 2416 8344 12005 9086
f 8344 2464 8508 12005
f 12005 8508 2424 8713
f 9086 12005 8713 2415
f 2346 3407 12006 3562
f 3407 2273 3480 12006
f 12006 3480 2034 3461
f 3562 12006 3461 2345
f 2422 8029 12007 5942
f 2439 7116 12007 8029
f 2438 5942 12007 7116
f 2360 8982 12008 8717
f 8982 2361 3294 12008
f 12008 3294 2345 3461
f 8717 12008 3461 2034
f 2272 8171 12009 8139
f 8171 2117 5472 12009
f 12009 5472 2034 3480
f 8139 12009 3480 2273
f 1965 5728 12010 5757
f 5728 2515 3932 12010
f 12010 3932 2514 4110
f 5757 12010 4110 2331
f 2362 3575 12011 3797
f 3575 2361 8236 12011
f 12011 8236 2344 8473
f 3797 12011 8473 2187
f 2318 6672 12012 7708
f 6672 2189 5437 12012
f 12012 5437 2193 7305
f 7708 12012 7305 2319
f 2347 5496 12013 3728
f 5496 2085 4949 12013
f 12013 4949 2273 3407
f 3728 12013 3407 2346
f 2215 7615 12014 8089
f 7615 2210 3643 12014
f 12014 3643 2193 5437
f 8089 12014 5437 2189
f 1947 4046 12015 3967
f 4046 2210 3487 12015
f 12015 3487 2186 3909
f 3967 12015 3909 1891
f 1943 6922 12016 7946
f 6922 2027 4346 12016
f 12016 4346 2028 4302
f 7946 12016 4302 2265
f 2332 4801 12017 4738
f 4801 2105 3285 12017
f 12017 3285 2513 3477
f 4738 12017 3477 2514
f 1820 4379 12018 4847
f 4379 2506 3397 12018
f 12018 3397 2521 3691
f 4847 12018 3691 1834
f 1965 5757 12019 8470
f 5757 2331 4040 12019
f 12019 4040 2330 8495
f 8470 12019 8495 1944
f 1911 6993 12020 6921
f 6993 2330 4040 12020
f 12020 4040 2331 6644
f 6921 12020 6644 1966
f 2343 8065 12021 8091
f 8065 2342 6290 12021
f 12021 6290 2105 5575
f 8091 12021 5575 2333
f 2334 6286 12022 6122
f 6286 2333 5575 12022
f 12022 5575 2105 4801
f 6122 12022 4801 2332
f 1840 9087 12023 8587
f 9087 1839 7773 12023
f 12023 7773 1819 6917
f 8587 12023 6917 1815
f 2520 8735 12024 8841
f 8735 1807 7471 12024
f 12024 7471 1809 7304
f 8841 12024 7304 2519
f 1781 5487 12025 5483
f 5487 1793 9598 12025
f 12025 9598 1760 9608
f 5483 12025 9608 1761
f 2438 5907 12026 6335
f 5907 1761 9608 12026
f 12026 9608 1760 8330
f 6335 12026 8330 2437
f 2439 6920 12027 7116
f 6920 1762 3472 12027
f 12027 3472 1761 5907
f 7116 12027 5907 2438
f 2421 5581 12028 4994
f 2437 5529 12028 5581
f 2436 4994 12028 5529
f 1991 8019 12029 8521
f 8019 2356 5735 12029
f 12029 5735 1965 8470
f 8521 12029 8470 1944
f 2558 6239 12030 6791
f 6239 2660 4542 12030
f 12030 4542 2659 3720
f 6791 12030 3720 2538
f 2336 8288 12031 8145
f 8288 2335 8850 12031
f 12031 8850 2104 8601
f 8145 12031 8601 1870
f 2783 7181 12032 7876
f 7181 2713 7421 12032
f 12032 7421 2071 7360
f 7876 12032 7360 2761
f 1814 6565 12033 5960
f 6565 1827 6370 12033
f 12033 6370 2406 6451
f 5960 12033 6451 2405
f 1966 6644 12034 6560
f 6644 2331 4110 12034
f 12034 4110 2514 3477
f 6560 12034 3477 2513
f 2344 8236 12035 9378
f 8236 2361 8982 12035
f 12035 8982 2360 8715
f 9378 12035 8715 2207
f 2360 8511 12036 8715
f 8511 2359 7159 12036
f 12036 7159 2186 7173
f 8715 12036 7173 2207
f 2117 5551 12037 6973
f 5551 1891 3909 12037
f 12037 3909 2186 7159
f 6973 12037 7159 2359
f 2128 8928 12038 8129
f 8928 2277 5534 12038
f 12038 5534 2028 7763
f 8129 12038 7763 2127
f 1912 8516 12039 8517
f 8516 1943 8060 12039
f 12039 8060 1991 8521
f 8517 12039 8521 1944
f 2607 7854 12040 7614
f 7854 2570 3447 12040
f 12040 3447 2569 3301
f 7614 12040 3301 2625
f 1831 7531 12041 8020
f 7531 1819 5482 12041
f 12041 5482 2405 6451
f 8020 12041 6451 2406
f 2539 3719 12042 6520
f 3719 2538 5008 12042
f 12042 5008 3220 6550
f 6520 12042 6550 3227
f 2519 7613 12043 6887
f 7613 2503 7628 12043
f 12043 7628 1810 5727
f 6887 12043 5727 1805
f 1837 5159 12044 6656
f 5159 1820 5890 12044
f 12044 5890 1814 6808
f 6656 12044 6808 1838
f 2215 7905 12045 7615
f 7905 2207 7173 12045
f 12045 7173 2186 3487
f 7615 12045 3487 2210
f 2782 6308 12046 5824
f 6308 2779 8166 12046
f 12046 8166 2648 8604
f 5824 12046 8604 2649
f 1773 5723 12047 5748
f 5723 1780 4294 12047
f 12047 4294 1804 4507
f 5748 12047 4507 1772
f 2312 9376 12048 9333
f 9376 2493 6319 12048
f 12048 6319 2494 6371
f 9333 12048 6371 2022
f 2494 6319 12049 6278
f 6319 2493 4982 12049
f 12049 4982 2313 6596
f 6278 12049 6596 2134
f 2311 8027 12050 8082
f 8027 2310 6374 12050
f 12050 6374 2308 5547
f 8082 12050 5547 2309
f 2044 4798 12051 8133
f 4798 1889 7720 12051
f 12051 7720 2487 8736
f 8133 12051 8736 2488
f 2376 9240 12052 9283
f 9240 2714 5439 12052
f 12052 5439 2717 8491
f 9283 12052 8491 2296
f 1864 8689 12053 9304
f 8689 2363 7258 12053
f 12053 7258 1855 7893
f 9304 12053 7893 1863
f 2784 9356 12054 9614
f 9356 2783 7876 12054
f 12054 7876 2761 3574
f 9614 12054 3574 2762
f 2475 3942 12055 3810
f 3942 2474 3389 12055
f 12055 3389 2458 4038
f 3810 12055 4038 2459
f 1783 6910 12056 6984
f 6910 1782 5829 12056
f 12056 5829 1762 3919
f 6984 12056 3919 1763
f 2458 3389 12057 3615
f 3389 2474 3534 12057
f 12057 3534 2473 3276
f 3615 12057 3276 2457
f 2160 8918 12058 9001
f 8918 2776 8837 12058
f 12058 8837 2508 5721
f 9001 12058 5721 2157
f 2757 8321 12059 5188
f 8321 2016 8844 12059
f 12059 8844 1969 3888
f 5188 12059 3888 2763
f 2502 6598 12060 7393
f 6598 2501 5190 12060
f 12060 5190 2509 7394
f 7393 12060 7394 1847
f 2781 5464 12061 6236
f 5464 2780 4688 12061
f 12061 4688 2779 6308
f 6236 12061 6308 2782
f 2397 5274 12062 5279
f 5274 2517 9613 12062
f 12062 9613 2504 8880
f 5279 12062 8880 2396
f 2417 3257 12063 3264
f 3257 2689 4735 12063
f 12063 4735 2692 4304
f 3264 12063 4304 2441
f 1860 4521 12064 4282
f 4521 1859 5056 12064
f 12064 5056 2005 5516
f 4282 12064 5516 2033
f 2462 6094 12065 7191
f 6094 2518 6016 12065
f 12065 6016 2476 7528
f 7191 12065 7528 2463
f 3066 3565 12066 7860
f 3565 3065 7227 12066
f 12066 7227 2647 7059
f 7860 12066 7059 2655
f 2384 8911 12067 9079
f 8911 1871 8100 12067
f 12067 8100 1895 7803
f 9079 12067 7803 2383
f 2166 6002 12068 6392
f 6002 2165 8977 12068
f 12068 8977 2288 8836
f 6392 12068 8836 2289
f 3072 8447 12069 8363
f 8447 3071 7325 12069
f 12069 7325 2084 4499
f 8363 12069 4499 2387
f 1896 9335 12070 9329
f 9335 1871 7704 12070
f 12070 7704 2063 8910
f 9329 12070 8910 2064
f 2165 9530 12071 5011
f 9530 2760 9230 12071
f 12071 9230 2770 4573
f 5011 12071 4573 2164
f 2579 3884 12072 4163
f 3884 2602 3446 12072
f 12072 3446 2601 3978
f 4163 12072 3978 2603
f 3076 4895 12073 5195
f 4895 2148 7853 12073
f 12073 7853 1975 6924
f 5195 12073 6924 3077
f 2144 9498 12074 8283
f 9498 2385 8603 12074
f 12074 8603 2384 9076
f 8283 12074 9076 2143
f 2231 7450 12075 7376
f 7450 2162 4626 12075
f 12075 4626 2244 4492
f 7376 12075 4492 2243
f 1976 8498 12076 8504
f 8498 2372 4509 12076
f 12076 4509 2371 6630
f 8504 12076 6630 2062
f 2279 7527 12077 8064
f 7527 2291 4206 12077
f 12077 4206 2290 6416
f 8064 12077 6416 2278
f 2536 9319 12078 9540
f 9319 2537 3250 12078
f 12078 3250 2401 8565
f 9540 12078 8565 2400
f 2575 7500 12079 8972
f 7500 2569 3300 12079
f 12079 3300 2561 9022
f 8972 12079 9022 2576
f 2216 9375 12080 9521
f 9375 2399 7847 12080
f 12080 7847 2533 6554
f 9521 12080 6554 2534
f 1926 6350 12081 6327
f 6350 1893 5005 12081
f 12081 5005 2393 3616
f 6327 12081 3616 2394
f 2069 5647 12082 4990
f 5647 2068 4833 12082
f 12082 4833 1979 4820
f 4990 12082 4820 2292
f 2455 7634 12083 6899
f 7634 2479 6987 12083
f 12083 6987 2453 5979
f 6899 12083 5979 2454
f 2453 5049 12084 6093
f 5049 2452 4839 12084
f 12084 4839 2419 6226
f 6093 12084 6226 2430
f 1903 7824 12085 7703
f 7824 1940 4253 12085
f 12085 4253 2035 4837
f 7703 12085 4837 2036
f 2212 4229 12086 4493
f 4229 3034 3584 12086
f 12086 3584 3033 3354
f 4493 12086 3354 2202
f 2390 6521 12087 5995
f 6521 1914 3599 12087
f 12087 3599 2041 5539
f 5995 12087 5539 2389
f 2038 5958 12088 5949
f 5958 2388 4734 12088
f 12088 4734 3116 4736
f 5949 12088 4736 3115
f 1910 8610 12089 5968
f 8610 2392 8698 12089
f 12089 8698 2393 5005
f 5968 12089 5005 1893
f 1894 6412 12090 5825
f 6412 1917 5273 12090
f 12090 5273 2491 4155
f 5825 12090 4155 2490
f 2223 7730 12091 7702
f 7730 2228 6759 12091
f 12091 6759 2798 7312
f 7702 12091 7312 3039
f 1942 6448 12092 8459
f 6448 2369 8286 12092
f 12092 8286 2368 8823
f 8459 12092 8823 1856
f 1999 7807 12093 7707
f 7807 1998 6666 12093
f 12093 6666 1941 4988
f 7707 12093 4988 2091
f 2200 8469 12094 8526
f 8469 2199 7375 12094
f 12094 7375 2220 4324
f 8526 12094 4324 2219
f 2366 6092 12095 6123
f 6092 2411 4176 12095
f 12095 4176 2315 4699
f 6123 12095 4699 2364
f 2007 7374 12096 7407
f 7374 2149 7719 12096
f 12096 7719 1903 7432
f 7407 12096 7432 1873
f 2317 6815 12097 5709
f 6815 2190 6240 12097
f 12097 6240 2194 4305
f 5709 12097 4305 2316
f 2188 4329 12098 4922
f 4329 2203 5716 12098
f 12098 5716 2317 5709
f 4922 12098 5709 2316
f 2414 6671 12099 6627
f 6671 1853 5255 12099
f 12099 5255 1852 4230
f 6627 12099 4230 1858
f 2414 6627 12100 6878
f 6627 1858 7070 12100
f 12100 7070 2367 7147
f 6878 12100 7147 2411
f 1784 8515 12101 8711
f 8515 1920 8185 12101
f 12101 8185 1907 7266
f 8711 12101 7266 1783
f 2504 9613 12102 9550
f 9613 2517 4987 12102
f 12102 4987 2357 5736
f 9550 12102 5736 1997
f 3131 3837 12103 4077
f 3837 3130 3561 12103
f 12103 3561 2362 3797
f 4077 12103 3797 2187
f 3159 7660 12104 7639
f 7660 2706 4451 12104
f 12104 4451 2476 4476
f 7639 12104 4476 3097
f 2132 5006 12105 4893
f 5006 2261 5354 12105
f 12105 5354 2001 4819
f 4893 12105 4819 1996
f 2264 8787 12106 8714
f 8787 2355 4824 12106
f 12106 4824 2356 8019
f 8714 12106 8019 1991
f 2471 7345 12107 7497
f 7345 2475 3810 12107
f 12107 3810 2459 4662
f 7497 12107 4662 2460
f 3128 8134 12108 9360
f 8134 2274 8909 12108
f 12108 8909 2096 8940
f 9360 12108 8940 3129
f 2486 6024 12109 6367
f 6024 2485 7264 12109
f 12109 7264 1887 7200
f 6367 12109 7200 1886
f 2277 8928 12110 5533
f 8928 2128 8566 12110
f 12110 8566 2129 4378
f 5533 12110 4378 2276
f 2659 4157 12111 3720
f 4157 3221 5791 12111
f 12111 5791 3220 5008
f 3720 12111 5008 2538
f 1887 7988 12112 7200
f 7988 1781 6610 12112
f 12112 6610 1782 6684
f 7200 12112 6684 1886
f 2663 8057 12113 7654
f 8057 2660 6239 12113
f 12113 6239 2558 6304
f 7654 12113 6304 2572
f 1782 6610 12114 5829
f 6610 1781 5483 12114
f 12114 5483 1761 3472
f 5829 12114 3472 1762
f 3151 8307 12115 7465
f 8307 3144 8183 12115
f 12115 8183 2658 5518
f 7465 12115 5518 2661
f 3064 8686 12116 8624
f 8686 2780 7139 12116
f 12116 7139 2647 7227
f 8624 12116 7227 3065
f 2598 6486 12117 6514
f 6486 2611 4032 12117
f 12117 4032 2578 4112
f 6514 12117 4112 2587
f 2556 4710 12118 4308
f 4710 2540 4973 12118
f 12118 4973 2541 5403
f 4308 12118 5403 2561
f 2597 5762 12119 5181
f 5762 2618 3941 12119
f 12119 3941 2619 4728
f 5181 12119 4728 2596
f 3215 4971 12120 4968
f 4971 3216 8173 12120
f 12120 8173 2544 9100
f 4968 12120 9100 3208
f 2587 4112 12121 6312
f 4112 2578 3494 12121
f 12121 3494 2610 6752
f 6312 12121 6752 2590
f 2544 9195 12122 9100
f 9195 2543 7451 12122
f 12122 7451 3202 3834
f 9100 12122 3834 3208
f 3230 7481 12123 7943
f 7481 2546 4404 12123
f 12123 4404 3052 4961
f 7943 12123 4961 3223
f 2543 7235 12124 7930
f 7235 2555 9107 12124
f 12124 9107 2576 9294
f 7930 12124 9294 2542
f 2549 5661 12125 5469
f 5661 2548 4392 12125
f 12125 4392 3205 3642
f 5469 12125 3642 3204
f 2552 8163 12126 8618
f 8163 2564 5182 12126
f 12126 5182 2565 5572
f 8618 12126 5572 2553
f 2544 8820 12127 9195
f 8820 2554 4002 12127
f 12127 4002 2555 7235
f 9195 12127 7235 2543
f 2549 5469 12128 6021
f 5469 3204 3964 12128
f 12128 3964 3210 6035
f 6021 12128 6035 2550
f 3224 6059 12129 6107
f 6059 3145 6040 12129
f 12129 6040 2550 6035
f 6107 12129 6035 3210
f 2544 8173 12130 9175
f 8173 3216 5183 12130
f 12130 5183 3217 5470
f 9175 12130 5470 3011
f 2544 9175 12131 8820
f 9175 3011 7647 12131
f 12131 7647 3047 7109
f 8820 12131 7109 2554
f 2560 8824 12132 9509
f 8824 2549 6021 12132
f 12132 6021 2550 6588
f 9509 12132 6588 2562
f 3236 8462 12133 9287
f 8462 2547 3965 12133
f 12133 3965 2546 7481
f 9287 12133 7481 3230
f 3236 8872 12134 8462
f 8872 3205 4392 12134
f 12134 4392 2548 4901
f 8462 12134 4901 2547
f 3048 9551 12135 9548
f 9551 2559 7031 12135
f 12135 7031 2545 4730
f 9548 12135 4730 3052
f 2552 8618 12136 9224
f 8618 2553 3497 12136
f 12136 3497 2546 3965
f 9224 12136 3965 2547
f 2558 6791 12137 6220
f 6791 2538 3719 12137
f 12137 3719 2539 5189
f 6220 12137 5189 2557
f 2670 6753 12138 6125
f 6753 2669 4977 12138
f 12138 4977 3147 4737
f 6125 12138 4737 3148
f 2664 8588 12139 9576
f 8588 2599 9564 12139
f 12139 9564 2600 9621
f 9576 12139 9621 2671
f 2579 4163 12140 3828
f 4163 2603 9272 12140
f 12140 9272 2608 8869
f 3828 12140 8869 2609
f 2670 6125 12141 6454
f 6125 3148 5645 12141
f 12141 5645 3149 5355
f 6454 12141 5355 2665
f 2061 7724 12142 5737
f 7724 1879 7896 12142
f 12142 7896 2370 3902
f 5737 12142 3902 2371
f 2600 9532 12143 9316
f 9532 2621 5451 12143
f 12143 5451 2603 3978
f 9316 12143 3978 2601
f 2581 5559 12144 9221
f 5559 2626 3699 12144
f 12144 3699 2627 9178
f 9221 12144 9178 2608
f 2606 6379 12145 6706
f 6379 2614 8348 12145
f 12145 8348 2624 8308
f 6706 12145 8308 2604
f 2158 6287 12146 6221
f 6287 2522 7658 12146
f 12146 7658 2775 7690
f 6221 12146 7690 2161
f 2621 5461 12147 5676
f 5461 2580 7939 12147
f 12147 7939 2607 7004
f 5676 12147 7004 2581
f 2628 4899 12148 4504
f 4899 2609 8869 12148
f 12148 8869 2608 9178
f 4504 12148 9178 2627
f 2599 7659 12149 9564
f 7659 2580 5461 12149
f 12149 5461 2621 9532
f 9564 12149 9532 2600
f 2591 7886 12150 7762
f 7886 2625 3301 12150
f 12150 3301 2569 7500
f 7762 12150 7500 2575
f 2628 4504 12151 4776
f 4504 2627 3807 12151
f 12151 3807 2594 3673
f 4776 12151 3673 2593
f 2627 3699 12152 3807
f 3699 2626 8553 12152
f 12152 8553 2592 8549
f 3807 12152 8549 2594
f 2608 9272 12153 9221
f 9272 2603 5451 12153
f 12153 5451 2621 5676
f 9221 12153 5676 2581
f 2572 4358 12154 7541
f 4358 2571 4905 12154
f 12154 4905 2580 7659
f 7541 12154 7659 2599
f 2556 4308 12155 4402
f 4308 2561 3300 12155
f 12155 3300 2569 3447
f 4402 12155 3447 2570
f 2607 7614 12156 7004
f 7614 2625 3676 12156
f 12156 3676 2626 5559
f 7004 12156 5559 2581
f 2662 6604 12157 6551
f 6604 3150 7297 12157
f 12157 7297 3151 7465
f 6551 12157 7465 2661
f 3239 9594 12158 9555
f 9594 2541 4973 12158
f 12158 4973 2540 7921
f 9555 12158 7921 3229
f 2557 5189 12159 5459
f 5189 2539 4356 12159
f 12159 4356 2540 4710
f 5459 12159 4710 2556
f 2558 6220 12160 6304
f 6220 2557 5440 12160
f 12160 5440 2571 4358
f 6304 12160 4358 2572
f 2626 3676 12161 8553
f 3676 2625 7886 12161
f 12161 7886 2591 8400
f 8553 12161 8400 2592
f 2623 7332 12162 8416
f 7332 2604 4663 12162
f 12162 4663 2594 8549
f 8416 12162 8549 2592
f 2607 7939 12163 7854
f 7939 2580 4905 12163
f 12163 4905 2571 3705
f 7854 12163 3705 2570
f 2604 8308 12164 4663
f 8308 2624 8323 12164
f 12164 8323 2593 3673
f 4663 12164 3673 2594
f 2568 9623 12165 9617
f 9623 2622 7290 12165
f 12165 7290 2591 7762
f 9617 12165 7762 2575
f 3082 3418 12166 3839
f 3418 2498 3662 12166
f 12166 3662 2138 3770
f 3839 12166 3770 3083
f 2598 6495 12167 8678
f 6495 3153 8193 12167
f 12167 8193 3152 9215
f 8678 12167 9215 2616
f 2542 6828 12168 6570
f 6828 2541 9594 12168
f 12168 9594 3239 9322
f 6570 12168 9322 3203
f 2543 7930 12169 7451
f 7930 2542 6570 12169
f 12169 6570 3203 3467
f 7451 12169 3467 3202
f 2591 7290 12170 8400
f 7290 2622 7342 12170
f 12170 7342 2623 8416
f 8400 12170 8416 2592
f 2623 7342 12171 7333
f 7342 2622 6270 12171
f 12171 6270 2612 5662
f 7333 12171 5662 2613
f 2758 6289 12172 7371
f 6289 2764 6099 12172
f 12172 6099 1982 7183
f 7371 12172 7183 2015
f 2586 5802 12173 3594
f 5802 2589 4950 12173
f 12173 4950 2610 3494
f 3594 12173 3494 2578
f 2623 7333 12174 7332
f 7333 2613 6871 12174
f 12174 6871 2606 6706
f 7332 12174 6706 2604
f 2799 7923 12175 7941
f 7923 2614 6379 12175
f 12175 6379 2606 6498
f 7941 12175 6498 2787
f 2606 6871 12176 6498
f 6871 2613 6553 12176
f 12176 6553 2790 5840
f 6498 12176 5840 2787
f 2251 3794 12177 5963
f 3794 2250 3361 12177
f 12177 3361 2090 5823
f 5963 12177 5823 2102
f 2542 9294 12178 6828
f 9294 2576 9022 12178
f 12178 9022 2561 5403
f 6828 12178 5403 2541
f 2568 8849 12179 8295
f 8849 2555 4002 12179
f 12179 4002 2554 7115
f 8295 12179 7115 2567
f 2615 6888 12180 7664
f 6888 2605 5034 12180
f 12180 5034 3049 3452
f 7664 12180 3452 3050
f 2616 8722 12181 8678
f 8722 2617 3852 12181
f 12181 3852 2611 6486
f 8678 12181 6486 2598
f 3046 6478 12182 6566
f 6478 2788 7108 12182
f 12182 7108 2583 6988
f 6566 12182 6988 2582
f 2587 3963 12183 6514
f 3963 3154 3672 12183
f 12183 3672 3153 6495
f 6514 12183 6495 2598
f 3038 6231 12184 6299
f 6231 2869 5566 12184
f 12184 5566 2225 6230
f 6299 12184 6230 2222
f 2568 8295 12185 9623
f 8295 2567 7607 12185
f 12185 7607 2612 6270
f 9623 12185 6270 2622
f 2574 6619 12186 6749
f 6619 3156 4307 12186
f 12186 4307 3155 6323
f 6749 12186 6323 2590
f 2590 6323 12187 6312
f 6323 3155 3695 12187
f 12187 3695 3154 3963
f 6312 12187 3963 2587
f 2596 4728 12188 4227
f 4728 2619 4803 12188
f 12188 4803 2620 4280
f 4227 12188 4280 2595
f 3047 7536 12189 7109
f 7536 2822 7601 12189
f 12189 7601 2567 7115
f 7109 12189 7115 2554
f 2550 6040 12190 6588
f 6040 3145 5228 12190
f 12190 5228 3157 5392
f 6588 12190 5392 2562
f 2583 7108 12191 7118
f 7108 2788 4925 12191
f 12191 4925 3049 5034
f 7118 12191 5034 2605
f 3048 9208 12192 9551
f 9208 2840 8197 12192
f 12192 8197 2566 7289
f 9551 12192 7289 2559
f 2822 5904 12193 7601
f 5904 3018 4484 12193
f 12193 4484 2612 7607
f 7601 12193 7607 2567
f 2584 8555 12194 8808
f 8555 2577 4365 12194
f 12194 4365 2588 4372
f 8808 12194 4372 2585
f 2790 6553 12195 6026
f 6553 2613 5662 12195
f 12195 5662 2612 4484
f 6026 12195 4484 3018
f 2596 4227 12196 4921
f 4227 2595 8124 12196
f 12196 8124 2584 8808
f 4921 12196 8808 2585
f 2551 8926 12197 7103
f 8926 2560 8315 12197
f 12197 8315 2563 4967
f 7103 12197 4967 2573
f 2597 5181 12198 5519
f 5181 2596 4921 12198
f 12198 4921 2585 3578
f 5519 12198 3578 2586
f 2589 5438 12199 4950
f 5438 2573 4967 12199
f 12199 4967 2563 3725
f 4950 12199 3725 2610
f 2574 6749 12200 6696
f 6749 2590 6752 12200
f 12200 6752 2610 3725
f 6696 12200 3725 2563
f 2840 9263 12201 8197
f 9263 3046 6566 12201
f 12201 6566 2582 6037
f 8197 12201 6037 2566
f 2574 6696 12202 6060
f 6696 2563 8315 12202
f 12202 8315 2560 9509
f 6060 12202 9509 2562
f 2589 5210 12203 5438
f 5210 2588 4595 12203
f 12203 4595 2564 5660
f 5438 12203 5660 2573
f 2565 5182 12204 5594
f 5182 2564 4595 12204
f 12204 4595 2588 4365
f 5594 12204 4365 2577
f 2589 5802 12205 5210
f 5802 2586 3578 12205
f 12205 3578 2585 4372
f 5210 12205 4372 2588
f 2560 8926 12206 8824
f 8926 2551 7679 12206
f 12206 7679 2548 5661
f 8824 12206 5661 2549
f 2552 8835 12207 8163
f 8835 2551 7103 12207
f 12207 7103 2573 5660
f 8163 12207 5660 2564
f 2552 9224 12208 8835
f 9224 2547 4901 12208
f 12208 4901 2548 7679
f 8835 12208 7679 2551
f 3071 7310 12209 7325
f 7310 3070 6232 12209
f 12209 6232 2645 5652
f 7325 12209 5652 2084
f 2166 6305 12210 5806
f 6305 2646 6703 12210
f 12210 6703 2781 5466
f 5806 12210 5466 2772
f 2597 5192 12211 5762
f 5192 2611 3852 12211
f 12211 3852 2617 3336
f 5762 12211 3336 2618
f 2166 6392 12212 6305
f 6392 2289 6368 12212
f 12212 6368 2654 6302
f 6305 12212 6302 2646
f 2597 5519 12213 5192
f 5519 2586 3594 12213
f 12213 3594 2578 4032
f 5192 12213 4032 2611
f 3150 6604 12214 6597
f 6604 2662 6105 12214
f 12214 6105 2665 5355
f 6597 12214 5355 3149
f 2669 4969 12215 4977
f 4969 2667 3739 12215
f 12215 3739 3146 3845
f 4977 12215 3845 3147
f 2600 9316 12216 9621
f 9316 2601 4726 12216
f 12216 4726 2668 7839
f 9621 12216 7839 2671
f 3229 7921 12217 7537
f 7921 2540 4356 12217
f 12217 4356 2539 6520
f 7537 12217 6520 3227
f 2525 5212 12218 4972
f 5212 2236 4657 12218
f 12218 4657 2651 4018
f 4972 12218 4018 2657
f 2064 8910 12219 8894
f 8910 2063 7706 12219
f 12219 7706 2083 4911
f 8894 12219 4911 2644
f 2648 8117 12220 8162
f 8117 3067 4575 12220
f 12220 4575 3068 5444
f 8162 12220 5444 2653
f 2666 3411 12221 3835
f 3411 2657 8206 12221
f 12221 8206 2656 8484
f 3835 12221 8484 2667
f 2652 4376 12222 5465
f 4376 2649 8604 12222
f 12222 8604 2648 8162
f 5465 12222 8162 2653
f 2664 9576 12223 9173
f 9576 2671 7100 12223
f 12223 7100 2670 6454
f 9173 12223 6454 2665
f 2651 4085 12224 4018
f 4085 2650 9504 12224
f 12224 9504 2656 8206
f 4018 12224 8206 2657
f 3237 8879 12225 8546
f 8879 3221 4157 12225
f 12225 4157 2659 3977
f 8546 12225 3977 2658
f 2669 4983 12226 4969
f 4983 2668 4473 12226
f 12226 4473 2666 3835
f 4969 12226 3835 2667
f 2663 7453 12227 8057
f 7453 2662 6551 12227
f 12227 6551 2661 5118
f 8057 12227 5118 2660
f 2664 9173 12228 8855
f 9173 2665 6105 12228
f 12228 6105 2662 7453
f 8855 12228 7453 2663
f 2645 5685 12229 5652
f 5685 2644 4911 12229
f 12229 4911 2083 4622
f 5652 12229 4622 2084
f 2671 7839 12230 7100
f 7839 2668 4983 12230
f 12230 4983 2669 6753
f 7100 12230 6753 2670
f 2654 5819 12231 7225
f 5819 2644 5685 12231
f 12231 5685 2645 7335
f 7225 12231 7335 2655
f 2647 7056 12232 7059
f 7056 2646 6302 12232
f 12232 6302 2654 7225
f 7059 12232 7225 2655
f 2652 5465 12233 4689
f 5465 2653 5792 12233
f 12233 5792 2650 4085
f 4689 12233 4085 2651
f 2660 5118 12234 4542
f 5118 2661 5518 12234
f 12234 5518 2658 3977
f 4542 12234 3977 2659
f 2646 7056 12235 6703
f 7056 2647 7139 12235
f 12235 7139 2780 5464
f 6703 12235 5464 2781
f 2654 6368 12236 5819
f 6368 2289 8729 12236
f 12236 8729 2064 8894
f 5819 12236 8894 2644
f 2717 5439 12237 5442
f 5439 2714 3707 12237
f 12237 3707 2715 4714
f 5442 12237 4714 2716
f 2463 7841 12238 7903
f 7841 2701 5576 12238
f 12238 5576 2689 3257
f 7903 12238 3257 2417
f 2688 8204 12239 8420
f 8204 2689 5576 12239
f 12239 5576 2701 4974
f 8420 12239 4974 2700
f 1764 4375 12240 9190
f 4375 2441 4304 12240
f 12240 4304 2692 9210
f 9190 12240 9210 2704
f 2704 9210 12241 8871
f 9210 2692 5184 12241
f 12241 5184 2693 5799
f 8871 12241 5799 2705
f 1765 5492 12242 5577
f 5492 1802 4160 12242
f 12242 4160 2675 3850
f 5577 12242 3850 2705
f 2704 8871 12243 8815
f 8871 2705 3850 12243
f 12243 3850 2675 3962
f 8815 12243 3962 2674
f 2488 8505 12244 9187
f 8505 1920 8320 12244
f 12244 8320 2694 6685
f 9187 12244 6685 2682
f 2695 7663 12245 7675
f 7663 2683 4069 12245
f 12245 4069 2682 6685
f 7675 12245 6685 2694
f 2464 8252 12246 8331
f 8252 2700 4367 12246
f 12246 4367 2707 4017
f 8331 12246 4017 2467
f 2701 5216 12247 4974
f 5216 2706 3931 12247
f 12247 3931 2707 4367
f 4974 12247 4367 2700
f 2695 7645 12248 8013
f 7645 2675 4160 12248
f 12248 4160 1802 7511
f 8013 12248 7511 2183
f 2695 7675 12249 7645
f 7675 2694 5920 12249
f 12249 5920 2674 3962
f 7645 12249 3962 2675
f 2679 7104 12250 7124
f 7104 2683 3766 12250
f 12250 3766 2489 6874
f 7124 12250 6874 2182
f 2679 7036 12251 7104
f 7036 2678 6395 12251
f 12251 6395 2682 4069
f 7104 12251 4069 2683
f 2679 7124 12252 7473
f 7124 2182 6380 12252
f 12252 6380 1986 3632
f 7473 12252 3632 2681
f 2680 8812 12253 8704
f 8812 2678 7036 12253
f 12253 7036 2679 7473
f 8704 12253 7473 2681
f 1987 5680 12254 3912
f 5680 2677 5173 12254
f 12254 5173 2681 3632
f 3912 12254 3632 1986
f 2680 8704 12255 9278
f 8704 2681 5173 12255
f 12255 5173 2677 5663
f 9278 12255 5663 2676
f 2023 7900 12256 8014
f 7900 1932 5670 12256
f 12256 5670 2709 5665
f 8014 12256 5665 2699
f 2709 5682 12257 5665
f 5682 2708 4483 12257
f 12257 4483 2698 3836
f 5665 12257 3836 2699
f 1979 3787 12258 8826
f 3787 2009 4457 12258
f 12258 4457 2676 8885
f 8826 12258 8885 2696
f 2696 8885 12259 9343
f 8885 2676 5663 12259
f 12259 5663 2677 5148
f 9343 12259 5148 2697
f 2180 4214 12260 8000
f 4214 2690 6837 12260
f 12260 6837 2686 7529
f 8000 12260 7529 2151
f 2686 6837 12261 7320
f 6837 2690 3800 12261
f 12261 3800 2691 7291
f 7320 12261 7291 2687
f 2292 4820 12262 4890
f 4820 1979 8826 12262
f 12262 8826 2696 9618
f 4890 12262 9618 2716
f 2696 9343 12263 9618
f 9343 2697 4966 12263
f 12263 4966 2717 5442
f 9618 12263 5442 2716
f 2071 7421 12264 7940
f 7421 2713 9511 12264
f 12264 9511 3016 8860
f 7940 12264 8860 3006
f 3016 9511 12265 9513
f 9511 2713 8621 12265
f 12265 8621 2712 8554
f 9513 12265 8554 3017
f 2718 6320 12266 6309
f 6320 2291 4185 12266
f 12266 4185 2499 4025
f 6309 12266 4025 2715
f 2719 7308 12267 7496
f 7308 2718 6309 12267
f 12267 6309 2715 3707
f 7496 12267 3707 2714
f 2056 9367 12268 9383
f 9367 2708 4516 12268
f 12268 4516 2690 4214
f 9383 12268 4214 2180
f 2691 3800 12269 5720
f 3800 2690 4516 12269
f 12269 4516 2708 5682
f 5720 12269 5682 2709
f 2703 8391 12270 7944
f 8391 2784 9614 12270
f 12270 9614 2762 6041
f 7944 12270 6041 2070
f 2703 7931 12271 8391
f 7931 2702 6313 12271
f 12271 6313 2786 9571
f 8391 12271 9571 2784
f 2167 7463 12272 6985
f 7463 3027 7034 12272
f 12272 7034 3031 7017
f 6985 12272 7017 1948
f 3032 8358 12273 8176
f 8358 1899 4671 12273
f 12273 4671 1948 7017
f 8176 12273 7017 3031
f 2711 7044 12274 6889
f 7044 2294 5978 12274
f 12274 5978 2293 5217
f 6889 12274 5217 2685
f 2711 6889 12275 7160
f 6889 2685 5463 12275
f 12275 5463 2684 5919
f 7160 12275 5919 2710
f 2718 6272 12276 6320
f 6272 2710 5912 12276
f 12276 5912 2290 4206
f 6320 12276 4206 2291
f 2719 8085 12277 7308
f 8085 2711 7160 12277
f 12277 7160 2710 6272
f 7308 12277 6272 2718
f 2703 7944 12278 7840
f 7944 2070 6429 12278
f 12278 6429 2281 4303
f 7840 12278 4303 2684
f 2703 7840 12279 7931
f 7840 2684 5463 12279
f 12279 5463 2685 6754
f 7931 12279 6754 2702
f 2738 3404 12280 3548
f 3404 2218 3777 12280
f 12280 3777 2219 3883
f 3548 12280 3883 2721
f 2720 9097 12281 8205
f 9097 2739 3740 12281
f 12281 3740 2738 3548
f 8205 12281 3548 2721
f 1876 4865 12282 4722
f 4865 2218 3404 12282
f 12282 3404 2738 3583
f 4722 12282 3583 2722
f 2739 4165 12283 3740
f 4165 2723 3832 12283
f 12283 3832 2722 3583
f 3740 12283 3583 2738
f 2736 9198 12284 8970
f 9198 2724 4534 12284
f 12284 4534 2194 6240
f 8970 12284 6240 2190
f 2725 5203 12285 5789
f 5203 2724 9198 12285
f 12285 9198 2736 8874
f 5789 12285 8874 2737
f 2219 4324 12286 3883
f 4324 2220 4244 12286
f 12286 4244 2737 3299
f 3883 12286 3299 2721
f 2736 9101 12287 8874
f 9101 2720 8205 12287
f 12287 8205 2721 3299
f 8874 12287 3299 2737
f 2268 4233 12288 5286
f 4233 2729 3972 12288
f 12288 3972 2723 5235
f 5286 12288 5235 2237
f 2728 8177 12289 9217
f 8177 2722 3832 12289
f 12289 3832 2723 3972
f 9217 12289 3972 2729
f 2268 4297 12290 4233
f 4297 2089 7405 12290
f 12290 7405 2735 7141
f 4233 12290 7141 2729
f 2735 7193 12291 7141
f 7193 2734 9558 12291
f 12291 9558 2728 9217
f 7141 12291 9217 2729
f 3135 7874 12292 7520
f 7874 2194 4534 12292
f 12292 4534 2724 4502
f 7520 12292 4502 3162
f 2725 5209 12293 5203
f 5209 3161 3398 12293
f 12293 3398 3162 4502
f 5203 12293 4502 2724
f 1960 8415 12294 9354
f 8415 2732 4364 12294
f 12294 4364 2731 4395
f 9354 12294 4395 2252
f 2732 5046 12295 4364
f 5046 2733 5222 12295
f 12295 5222 2730 3827
f 4364 12295 3827 2731
f 2252 4395 12296 4454
f 4395 2731 7856 12296
f 12296 7856 2735 7405
f 4454 12296 7405 2089
f 2735 7856 12297 7193
f 7856 2731 3827 12297
f 12297 3827 2730 6609
f 7193 12297 6609 2734
f 1960 9269 12298 8415
f 9269 1939 6539 12298
f 12298 6539 2726 6481
f 8415 12298 6481 2732
f 2733 5046 12299 7655
f 5046 2732 6481 12299
f 12299 6481 2726 7738
f 7655 12299 7738 2727
f 2024 9306 12300 9349
f 9306 2023 8014 12300
f 12300 8014 2699 4900
f 9349 12300 4900 2740
f 2742 5921 12301 6525
f 5921 2740 4900 12301
f 12301 4900 2699 3836
f 6525 12301 3836 2698
f 2742 6525 12302 7610
f 6525 2698 3448 12302
f 12302 3448 2049 7175
f 7610 12302 7175 2727
f 2024 9349 12303 9440
f 9349 2740 5667 12303
f 12303 5667 2741 5659
f 9440 12303 5659 2050
f 2743 7665 12304 7045
f 7665 2741 5667 12304
f 12304 5667 2740 5921
f 7045 12304 5921 2742
f 2727 7738 12305 7610
f 7738 2726 7221 12305
f 12305 7221 2743 7045
f 7610 12305 7045 2742
f 2741 5666 12306 5659
f 5666 2124 4681 12306
f 12306 4681 2025 3668
f 5659 12306 3668 2050
f 2743 7019 12307 7665
f 7019 1956 4500 12307
f 12307 4500 2124 5666
f 7665 12307 5666 2741
f 2743 7221 12308 7019
f 7221 2726 6539 12308
f 12308 6539 1939 4485
f 7019 12308 4485 1956
f 2744 8737 12309 8813
f 8737 2106 3897 12309
f 12309 3897 2339 6717
f 8813 12309 6717 2510
f 2744 8165 12310 8737
f 8165 2748 4695 12310
f 12310 4695 2337 3586
f 8737 12310 3586 2106
f 1821 5798 12311 9337
f 5798 2747 4111 12311
f 12311 4111 2745 9377
f 9337 12311 9377 1832
f 2748 4740 12312 4695
f 4740 2746 3882 12312
f 12312 3882 1843 3933
f 4695 12312 3933 2337
f 1821 5277 12313 5798
f 5277 1843 3882 12313
f 12313 3882 2746 4087
f 5798 12313 4087 2747
f 1805 5727 12314 9345
f 5727 1810 7509 12314
f 12314 7509 2407 9303
f 9345 12314 9303 2408
f 1814 5890 12315 6565
f 5890 1820 4847 12315
f 12315 4847 1834 4012
f 6565 12315 4012 1827
f 2776 8155 12316 8837
f 8155 2775 7658 12316
f 12316 7658 2522 4412
f 8837 12316 4412 2508
f 2648 8166 12317 8117
f 8166 2779 3848 12317
f 12317 3848 3163 3889
f 8117 12317 3889 3067
f 3064 8297 12318 8686
f 8297 3163 3848 12318
f 12318 3848 2779 4688
f 8686 12318 4688 2780
f 2759 7522 12319 7788
f 7522 2175 7054 12319
f 12319 7054 2174 5837
f 7788 12319 5837 2769
f 2759 7788 12320 9565
f 7788 2769 3392 12320
f 12320 3392 2770 9230
f 9565 12320 9230 2760
f 2750 9286 12321 6227
f 9286 2768 9164 12321
f 12321 9164 1900 5532
f 6227 12321 5532 2053
f 2768 9286 12322 9209
f 9286 2750 6511 12322
f 12322 6511 2749 7986
f 9209 12322 7986 2767
f 2751 7292 12323 8016
f 7292 2755 3891 12323
f 12323 3891 1882 8069
f 8016 12323 8069 2119
f 2752 8482 12324 9284
f 8482 2756 4908 12324
f 12324 4908 2755 7292
f 9284 12324 7292 2751
f 2750 6227 12325 9501
f 6227 2053 5491 12325
f 12325 5491 1929 9282
f 9501 12325 9282 2752
f 2752 9284 12326 9501
f 9284 2751 7337 12326
f 12326 7337 2749 6511
f 9501 12326 6511 2750
f 2755 5671 12327 3891
f 5671 2773 5314 12327
f 12327 5314 1881 3604
f 3891 12327 3604 1882
f 2774 6031 12328 5922
f 6031 2773 5671 12328
f 12328 5671 2755 4908
f 5922 12328 4908 2756
f 1982 6099 12329 8059
f 6099 2764 5918 12329
f 12329 5918 2774 7517
f 8059 12329 7517 1927
f 2774 5918 12330 6031
f 5918 2764 4369 12330
f 12330 4369 2763 5672
f 6031 12330 5672 2773
f 2016 8321 12331 8239
f 8321 2757 5573 12331
f 12331 5573 2761 7360
f 8239 12331 7360 2071
f 2758 6600 12332 6477
f 6600 2762 3574 12332
f 12332 3574 2761 5573
f 6477 12332 5573 2757
f 2712 8584 12333 9368
f 8584 2785 3298 12333
f 12333 3298 2777 8311
f 9368 12333 8311 2152
f 2786 3624 12334 3667
f 3624 2778 3585 12334
f 12334 3585 2777 3298
f 3667 12334 3298 2785
f 2152 8311 12335 8586
f 8311 2777 4059 12335
f 12335 4059 2507 3945
f 8586 12335 3945 2154
f 2778 3573 12336 3585
f 3573 1833 4019 12336
f 12336 4019 2507 4059
f 3585 12336 4059 2777
f 2158 6787 12337 6287
f 6787 2154 3945 12337
f 12337 3945 2507 4072
f 6287 12337 4072 2522
f 2507 4019 12338 4072
f 4019 1833 4717 12338
f 12338 4717 2508 4412
f 4072 12338 4412 2522
f 2775 7025 12339 7690
f 7025 2524 4718 12339
f 12339 4718 2171 4149
f 7690 12339 4149 2161
f 2776 8759 12340 8155
f 8759 2523 4687 12340
f 12340 4687 2524 7025
f 8155 12340 7025 2775
f 2172 4643 12341 4318
f 4643 2171 4718 12341
f 12341 4718 2524 4383
f 4318 12341 4383 2753
f 2524 4687 12342 4383
f 4687 2523 4158 12342
f 12342 4158 2754 3674
f 4383 12342 3674 2753
f 2172 4318 12343 5302
f 4318 2753 5553 12343
f 12343 5553 2765 5765
f 5302 12343 5765 2173
f 2766 6760 12344 6051
f 6760 2765 5553 12344
f 12344 5553 2753 3674
f 6051 12344 3674 2754
f 2174 6181 12345 5837
f 6181 2173 5765 12345
f 12345 5765 2765 5562
f 5837 12345 5562 2769
f 2766 6436 12346 6760
f 6436 2770 3392 12346
f 12346 3392 2769 5562
f 6760 12346 5562 2765
f 2760 9530 12347 9619
f 9530 2165 6002 12347
f 12347 6002 2166 5806
f 9619 12347 5806 2772
f 2772 4913 12348 9619
f 4913 2771 7539 12348
f 12348 7539 2759 9565
f 9619 12348 9565 2760
f 2767 7757 12349 7307
f 7757 2122 3554 12349
f 12349 3554 2121 5221
f 7307 12349 5221 2509
f 2768 9209 12350 8845
f 9209 2767 7307 12350
f 12350 7307 2509 5190
f 8845 12350 5190 2501
f 2103 7482 12351 8103
f 7482 1900 9164 12351
f 12351 9164 2768 8845
f 8103 12351 8845 2501
f 1948 4671 12352 4232
f 4671 1899 9527 12352
f 12352 9527 3016 9513
f 4232 12352 9513 3017
f 1899 3798 12353 9527
f 3798 1906 6273 12353
f 12353 6273 3006 8860
f 9527 12353 8860 3016
f 1848 8580 12354 8487
f 8580 1826 3449 12354
f 12354 3449 3010 5787
f 8487 12354 5787 3005
f 1848 8487 12355 8728
f 8487 3005 6549 12355
f 12355 6549 3014 6030
f 8728 12355 6030 1849
f 3013 5773 12356 7994
f 5773 3009 6655 12356
f 12356 6655 2054 8038
f 7994 12356 8038 2055
f 3014 6577 12357 6547
f 6577 1844 4384 12357
f 12357 4384 1908 5198
f 6547 12357 5198 3013
f 1881 3291 12358 3280
f 3291 1969 7989 12358
f 12358 7989 3007 7120
f 3280 12358 7120 3009
f 2072 8534 12359 8589
f 8534 3008 8336 12359
f 12359 8336 3006 6273
f 8589 12359 6273 1906
f 2016 9448 12360 8844
f 9448 3008 8399 12360
f 12360 8399 3007 7989
f 8844 12360 7989 1969
f 2167 6985 12361 7372
f 6985 1948 4232 12361
f 12361 4232 3017 3724
f 7372 12361 3724 3003
f 2152 8586 12362 9507
f 8586 2154 4713 12362
f 12362 4713 3004 4719
f 9507 12362 4719 3003
f 2168 8888 12363 8575
f 8888 3004 4690 12363
f 12363 4690 3012 7993
f 8575 12363 7993 2247
f 3015 7553 12364 7653
f 7553 2181 7089 12364
f 12364 7089 2247 7993
f 7653 12364 7993 3012
f 3015 8030 12365 7553
f 8030 2791 7554 12365
f 12365 7554 1869 5486
f 7553 12365 5486 2181
f 3032 8176 12366 9553
f 8176 3031 7834 12366
f 12366 7834 2686 7320
f 9553 12366 7320 2687
f 2151 7529 12367 7864
f 7529 2686 7834 12367
f 12367 7834 3031 7034
f 7864 12367 7034 3027
f 3020 4446 12368 9520
f 4446 3026 5689 12368
f 12368 5689 1821 9337
f 9520 12368 9337 1832
f 3024 9220 12369 8583
f 9220 1843 5277 12369
f 12369 5277 1821 5689
f 8583 12369 5689 3026
f 3024 8693 12370 9176
f 8693 1849 7003 12370
f 12370 7003 2055 7725
f 9176 12370 7725 3028
f 1902 6809 12371 6642
f 6809 1970 3769 12371
f 12371 3769 3019 5675
f 6642 12371 5675 3029
f 1901 5725 12372 5729
f 5725 3028 4915 12372
f 12372 4915 3019 3769
f 5729 12372 3769 1970
f 2072 8589 12373 8613
f 8589 1906 6217 12373
f 12373 6217 3022 6757
f 8613 12373 6757 3021
f 2792 8477 12374 9219
f 8477 1867 3821 12374
f 12374 3821 2177 3254
f 9219 12374 3254 3025
f 3023 7865 12375 7753
f 7865 2150 8067 12375
f 12375 8067 2151 7864
f 7753 12375 7864 3027
f 2247 7089 12376 8015
f 7089 2181 5793 12376
f 12376 5793 3025 6121
f 8015 12376 6121 3030
f 2248 9490 12377 9204
f 9490 2150 7865 12377
f 12377 7865 3023 7732
f 9204 12377 7732 3030
f 3032 9553 12378 8677
f 9553 2687 7347 12378
f 12378 7347 1892 6755
f 8677 12378 6755 3022
f 3029 5657 12379 5669
f 5657 2074 8543 12379
f 12379 8543 2072 8613
f 5669 12379 8613 3021
f 2211 9058 12380 3703
f 9058 1936 8893 12380
f 12380 8893 3033 3584
f 3703 12380 3584 3034
f 2191 6901 12381 7710
f 6901 3037 5800 12381
f 12381 5800 3034 4229
f 7710 12381 4229 2212
f 2202 3354 12382 9545
f 3354 3033 9049 12382
f 12382 9049 2800 9193
f 9545 12382 9193 2224
f 2196 4889 12383 7709
f 4889 3036 5467 12383
f 12383 5467 3037 6901
f 7709 12383 6901 2191
f 2196 5010 12384 4889
f 5010 2197 5020 12384
f 12384 5020 3035 4716
f 4889 12384 4716 3036
f 2198 5966 12385 5994
f 5966 3035 5060 12385
f 12385 5060 3165 5194
f 5994 12385 5194 3137
f 2224 8878 12386 9545
f 8878 2869 6231 12386
f 12386 6231 3038 6317
f 9545 12386 6317 2202
f 3040 8214 12387 8316
f 8214 2191 7710 12387
f 12387 7710 2212 4912
f 8316 12387 4912 3041
f 2212 4493 12388 4912
f 4493 2202 6317 12388
f 12388 6317 3038 5808
f 4912 12388 5808 3041
f 2197 5010 12389 5503
f 5010 2196 4888 12389
f 12389 4888 3043 3804
f 5503 12389 3804 3042
f 3166 6606 12390 5811
f 6606 3042 4021 12390
f 12390 4021 2195 3950
f 5811 12390 3950 3139
f 2191 8214 12391 7709
f 8214 3040 8203 12391
f 12391 8203 3043 4888
f 7709 12391 4888 2196
f 2583 7131 12392 6988
f 7131 2790 6026 12392
f 12392 6026 3018 6485
f 6988 12392 6485 2582
f 2566 6037 12393 6615
f 6037 2582 6485 12393
f 12393 6485 3018 5904
f 6615 12393 5904 2822
f 3047 7630 12394 7536
f 7630 2559 7289 12394
f 12394 7289 2566 6615
f 7536 12394 6615 2822
f 2605 5448 12395 7118
f 5448 2787 5840 12395
f 12395 5840 2790 7131
f 7118 12395 7131 2583
f 2799 7941 12396 7743
f 7941 2787 5448 12396
f 12396 5448 2605 6888
f 7743 12396 6888 2615
f 3047 7647 12397 7630
f 7647 3011 4169 12397
f 12397 4169 2545 7031
f 7630 12397 7031 2559
f 3222 6355 12398 6821
f 6355 2545 4169 12398
f 12398 4169 3011 5470
f 6821 12398 5470 3217
f 2799 7743 12399 7942
f 7743 2615 7014 12399
f 12399 7014 2532 4794
f 7942 12399 4794 3044
f 2789 5191 12400 5196
f 5191 2010 3893 12400
f 12400 3893 2531 4382
f 5196 12400 4382 3044
f 2840 8692 12401 9263
f 8692 2565 5594 12401
f 12401 5594 2577 6682
f 9263 12401 6682 3046
f 2840 9208 12402 8692
f 9208 3048 9265 12402
f 12402 9265 2553 5572
f 8692 12402 5572 2565
f 2584 8124 12403 8761
f 8124 2595 4084 12403
f 12403 4084 3049 4925
f 8761 12403 4925 2788
f 2584 8761 12404 8555
f 8761 2788 6478 12404
f 12404 6478 3046 6682
f 8555 12404 6682 2577
f 2620 4532 12405 4280
f 4532 3050 3452 12405
f 12405 3452 3049 4084
f 4280 12405 4084 2595
f 2546 3497 12406 4404
f 3497 2553 9265 12406
f 12406 9265 3048 9548
f 4404 12406 9548 3052
f 3223 4961 12407 6038
f 4961 3052 4730 12407
f 12407 4730 2545 6355
f 6038 12407 6355 3222
f 2533 5197 12408 5193
f 5197 3051 3838 12408
f 12408 3838 3050 4532
f 5193 12408 4532 2620
f 2398 6568 12409 6118
f 6568 2797 4963 12409
f 12409 4963 3051 5197
f 6118 12409 5197 2533
f 3039 7312 12410 6977
f 7312 2798 6847 12410
f 12410 6847 2204 4749
f 6977 12410 4749 2217
f 2222 6810 12411 6248
f 6810 3054 7323 12411
f 12411 7323 3039 6977
f 6248 12411 6977 2217
f 2848 8220 12412 8500
f 8220 2981 5351 12412
f 12412 5351 2195 5240
f 8500 12412 5240 2205
f 3054 6426 12413 6617
f 6426 2833 3478 12413
f 12413 3478 2226 6422
f 6617 12413 6422 2214
f 2981 5393 12414 5351
f 5393 3164 4531 12414
f 12414 4531 3139 3950
f 5351 12414 3950 2195
f 2848 8500 12415 8338
f 8500 2205 5308 12415
f 12415 5308 2204 6847
f 8338 12415 6847 2798
f 1808 8912 12416 8875
f 8912 1850 9188 12416
f 12416 9188 3056 8883
f 8875 12416 8883 3057
f 2520 9218 12417 8830
f 9218 1806 6805 12417
f 12417 6805 3059 7862
f 8830 12417 7862 3055
f 1808 8875 12418 8943
f 8875 3057 7640 12418
f 12418 7640 3055 7667
f 8943 12418 7667 2521
f 3061 5172 12419 5910
f 5172 1851 5317 12419
f 12419 5317 1997 6020
f 5910 12419 6020 3062
f 3061 9170 12420 5172
f 9170 3056 9188 12420
f 12420 9188 1850 3899
f 5172 12420 3899 1851
f 1925 6590 12421 5538
f 6590 3062 6573 12421
f 12421 6573 3058 4286
f 5538 12421 4286 1924
f 1924 4286 12422 5041
f 4286 3058 4636 12422
f 12422 4636 3060 5568
f 5041 12422 5568 2101
f 3117 5692 12423 7904
f 5692 1915 7476 12423
f 12423 7476 3063 7902
f 7904 12423 7902 3167
f 3063 7476 12424 6880
f 7476 1915 5022 12424
f 12424 5022 2101 5568
f 6880 12424 5568 3060
f 3184 9593 12425 8864
f 9593 3179 8221 12425
f 12425 8221 1832 9377
f 8864 12425 9377 2745
f 1823 7244 12426 9401
f 7244 3170 6564 12426
f 12426 6564 3182 9292
f 9401 12426 9292 2408
f 3179 3833 12427 8221
f 3833 3186 4712 12427
f 12427 4712 3020 9520
f 8221 12427 9520 1832
f 1824 8328 12428 8273
f 8328 2410 7535 12428
f 12428 7535 3183 7370
f 8273 12428 7370 3171
f 3183 7535 12429 7415
f 7535 2410 3394 12429
f 12429 3394 1825 4246
f 7415 12429 4246 3172
f 1827 4012 12430 6697
f 4012 1834 4923 12430
f 12430 4923 3180 6624
f 6697 12430 6624 3174
f 1830 6338 12431 6388
f 6338 1829 9181 12431
f 12431 9181 3176 8550
f 6388 12431 8550 3177
f 3174 6625 12432 6697
f 6625 3181 6460 12432
f 12432 6460 2406 6370
f 6697 12432 6370 1827
f 3187 4733 12433 3929
f 4733 3180 4923 12433
f 12433 4923 1834 4162
f 3929 12433 4162 3059
f 3181 5654 12434 6460
f 5654 3178 8001 12434
f 12434 8001 1831 8020
f 6460 12434 8020 2406
f 1824 8273 12435 9563
f 8273 3171 3954 12435
f 12435 3954 3170 7244
f 9563 12435 7244 1823
f 3187 3929 12436 4143
f 3929 3059 6805 12436
f 12436 6805 1806 6801
f 4143 12436 6801 3169
f 3173 5446 12437 5030
f 5446 1826 4368 12437
f 12437 4368 3020 4712
f 5030 12437 4712 3186
f 1830 6388 12438 5842
f 6388 3177 8557 12438
f 12438 8557 3184 8864
f 5842 12438 8864 2745
f 1831 8001 12439 7916
f 8001 3178 6882 12439
f 12439 6882 3175 7061
f 7916 12439 7061 1828
f 3168 8335 12440 8734
f 8335 3169 6801 12440
f 12440 6801 1806 6663
f 8734 12440 6663 1805
f 3173 5460 12441 5446
f 5460 3185 3626 12441
f 12441 3626 3010 3449
f 5446 12441 3449 1826
f 3010 3626 12442 3319
f 3626 3185 4698 12442
f 12442 4698 3172 4246
f 3319 12442 4246 1825
f 2408 9292 12443 9345
f 9292 3182 8210 12443
f 12443 8210 3168 8734
f 9345 12443 8734 1805
f 3176 9181 12444 8299
f 9181 1829 5537 12444
f 12444 5537 1828 7061
f 8299 12444 7061 3175
f 1566 6050 12445 6519
f 6050 1556 5530 12445
f 12445 5530 3181 6625
f 6519 12445 6625 3174
f 1576 9328 12446 9446
f 9328 1566 6519 12446
f 12446 6519 3174 6624
f 9446 12446 6624 3180
f 3180 4733 12447 9446
f 4733 3187 4023 12447
f 12447 4023 1586 9523
f 9446 12447 9523 1576
f 3187 4143 12448 4023
f 4143 3169 5290 12448
f 12448 5290 1597 5243
f 4023 12448 5243 1586
f 1608 9517 12449 9443
f 9517 1597 5290 12449
f 12449 5290 3169 8335
f 9443 12449 8335 3168
f 3168 8210 12450 9443
f 8210 3182 5834 12450
f 12450 5834 1619 9414
f 9443 12450 9414 1608
f 1630 6293 12451 6076
f 6293 1619 5834 12451
f 12451 5834 3182 6564
f 6076 12451 6564 3170
f 1630 6076 12452 6864
f 6076 3170 3954 12452
f 12452 3954 3171 3772
f 6864 12452 3772 1641
f 3183 6959 12453 7370
f 6959 1652 4479 12453
f 12453 4479 1641 3772
f 7370 12453 3772 3171
f 3183 7415 12454 6959
f 7415 3172 6905 12454
f 12454 6905 1663 7064
f 6959 12454 7064 1652
f 3172 4698 12455 6905
f 4698 3185 3348 12455
f 12455 3348 1674 7208
f 6905 12455 7208 1663
f 1685 5028 12456 5686
f 5028 1674 3348 12456
f 12456 3348 3185 5460
f 5686 12456 5460 3173
f 3173 5030 12457 5686
f 5030 3186 8326 12457
f 12457 8326 1696 8558
f 5686 12457 8558 1685
f 1696 8326 12458 8254
f 8326 3186 3833 12458
f 12458 3833 3179 4196
f 8254 12458 4196 1707
f 1707 4196 12459 6007
f 4196 3179 9593 12459
f 12459 9593 3184 8839
f 6007 12459 8839 1718
f 1718 8839 12460 6385
f 8839 3184 8557 12460
f 12460 8557 3177 3295
f 6385 12460 3295 1729
f 1740 4471 12461 8530
f 4471 1729 3295 12461
f 12461 3295 3177 8550
f 8530 12461 8550 3176
f 1751 6939 12462 7657
f 6939 1740 8530 12462
f 12462 8530 3176 8299
f 7657 12462 8299 3175
f 1751 7657 12463 7458
f 7657 3175 6882 12463
f 12463 6882 3178 3576
f 7458 12463 3576 1546
f 1546 3576 12464 4808
f 3576 3178 5654 12464
f 12464 5654 3181 5530
f 4808 12464 5530 1556
f 927 7814 12465 7525
f 7814 3188 4576 12465
f 12465 4576 930 6779
f 7525 12465 6779 926
f 3192 8599 12466 8906
f 8599 3188 7814 12466
f 12466 7814 927 7534
f 8906 12466 7534 3092
f 2469 4953 12467 5481
f 4953 3196 8907 12467
f 12467 8907 3192 8906
f 5481 12467 8906 3092
f 2469 5681 12468 4953
f 5681 2468 9496 12468
f 12468 9496 2472 8189
f 4953 12468 8189 3196
f 3189 5396 12469 5395
f 5396 931 4101 12469
f 12469 4101 930 4576
f 5395 12469 4576 3188
f 3189 5395 12470 5397
f 5395 3188 8599 12470
f 12470 8599 3192 9352
f 5397 12470 9352 3193
f 3197 5560 12471 5589
f 5560 3193 9352 12471
f 12471 9352 3192 8907
f 5589 12471 8907 3196
f 3197 5589 12472 5202
f 5589 3196 8189 12472
f 12472 8189 2472 8882
f 5202 12472 8882 2473
f 3190 6850 12473 6354
f 6850 932 4546 12473
f 12473 4546 931 5396
f 6354 12473 5396 3189
f 3190 6354 12474 6356
f 6354 3189 5397 12474
f 12474 5397 3193 3627
f 6356 12474 3627 3194
f 3198 6614 12475 6432
f 6614 3194 3627 12475
f 12475 3627 3193 5560
f 6432 12475 5560 3197
f 3198 6432 12476 6729
f 6432 3197 5202 12476
f 12476 5202 2473 3534
f 6729 12476 3534 2474
f 3191 7620 12477 7035
f 7620 933 5154 12477
f 12477 5154 932 6850
f 7035 12477 6850 3190
f 3191 7035 12478 7300
f 7035 3190 6356 12478
f 12478 6356 3194 4198
f 7300 12478 4198 3195
f 3199 7882 12479 7358
f 7882 3195 4198 12479
f 12479 4198 3194 6614
f 7358 12479 6614 3198
f 3199 7358 12480 7883
f 7358 3198 6729 12480
f 12480 6729 2474 3942
f 7883 12480 3942 2475
f 928 8727 12481 9336
f 8727 929 5388 12481
f 12481 5388 933 7620
f 9336 12481 7620 3191
f 928 9336 12482 8466
f 9336 3191 7300 12482
f 12482 7300 3195 5399
f 8466 12482 5399 3093
f 3199 7884 12483 7882
f 7884 2470 6463 12483
f 12483 6463 3093 5399
f 7882 12483 5399 3195
f 2471 7329 12484 7345
f 7329 2470 7884 12484
f 12484 7884 3199 7883
f 7345 12484 7883 2475
f 324 4569 12485 4872
f 4569 1250 8279 12485
f 12485 8279 1336 8207
f 4872 12485 8207 1337
f 1408 8840 12486 8547
f 8840 1386 3551 12486
f 12486 3551 1369 3289
f 8547 12486 3289 1385
f 1254 6336 12487 6870
f 6336 1253 9163 12487
f 12487 9163 1264 8923
f 6870 12487 8923 1270
f 1359 7734 12488 7792
f 7734 1358 8281 12488
f 12488 8281 1264 9163
f 7792 12488 9163 1253
f 1267 8005 12489 4870
f 1255 8006 12489 8005
f 1268 4870 12489 8006
f 1423 7684 12490 8954
f 7684 1340 4697 12490
f 12490 4697 1339 9047
f 8954 12490 9047 1424
f 1349 6396 12491 5475
f 6396 1350 6686 12491
f 12491 6686 1289 3818
f 5475 12491 3818 1291
f 1367 8453 12492 7381
f 8453 1368 8529 12492
f 12492 8529 1371 4571
f 7381 12492 4571 1372
f 1271 7479 12493 8450
f 7479 1420 5749 12493
f 12493 5749 1421 9223
f 8450 12493 9223 1272
f 683 4098 12494 9023
f 4098 1346 3355 12494
f 12494 3355 1329 8637
f 9023 12494 8637 1328
f 1248 8112 12495 8258
f 8112 468 4247 12495
f 12495 4247 1338 4042
f 8258 12495 4042 1339
f 1272 8574 12496 8525
f 8574 1267 4870 12496
f 12496 4870 1268 4693
f 8525 12496 4693 1275
f 1256 9276 12497 9429
f 9276 659 4455 12497
f 12497 4455 1340 5405
f 9429 12497 5405 1341
f 1367 7381 12498 7609
f 7381 1372 5436 12498
f 12498 5436 1373 5767
f 7609 12498 5767 1369
f 1322 3557 12499 9285
f 3557 1289 6686 12499
f 12499 6686 1350 9363
f 9285 12499 9363 1352
f 1302 6053 12500 5989
f 6053 1276 5000 12500
f 12500 5000 1269 5168
f 5989 12500 5168 1301
f 1368 8562 12501 8529
f 1370 3966 12501 8562
f 1371 8529 12501 3966
f 1301 5614 12502 6045
f 5614 1300 6399 12502
f 12502 6399 1254 6870
f 6045 12502 6870 1270
f 1336 8607 12503 8533
f 8607 1335 7385 12503
f 12503 7385 1459 8590
f 8533 12503 8590 1456
f 1431 7391 12504 6991
f 7391 1451 7723 12504
f 12504 7723 1391 6886
f 6991 12504 6886 1410
f 325 6861 12505 5410
f 6861 326 6735 12505
f 12505 6735 1332 5071
f 5410 12505 5071 1333
f 1406 6170 12506 6066
f 6170 1405 5305 12506
f 12506 5305 1380 4519
f 6066 12506 4519 1379
f 1374 6096 12507 6169
f 6096 1461 5296 12507
f 12507 5296 1373 5433
f 6169 12507 5433 1277
f 1352 9090 12508 9285
f 9090 1351 8925 12508
f 12508 8925 1296 8215
f 9285 12508 8215 1322
f 1253 5502 12509 7792
f 5502 1427 4220 12509
f 12509 4220 1428 7717
f 7792 12509 7717 1359
f 1360 8930 12510 8927
f 8930 1429 5032 12510
f 12510 5032 1394 4882
f 8927 12510 4882 1428
f 1263 7714 12511 7713
f 7714 1282 4494 12511
f 12511 4494 1284 5287
f 7713 12511 5287 1277
f 1430 5810 12512 5969
f 5810 1333 5071 12512
f 12512 5071 1332 4878
f 5969 12512 4878 1356
f 1248 8258 12513 8188
f 8258 1339 4697 12513
f 12513 4697 1340 4455
f 8188 12513 4455 659
f 1310 6101 12514 9519
f 6101 1308 4652 12514
f 12514 4652 1306 8892
f 9519 12514 8892 1288
f 1294 6782 12515 6651
f 6782 1266 3469 12515
f 12515 3469 1265 5401
f 6651 12515 5401 1293
f 1264 8281 12516 8924
f 8281 1358 6654 12516
f 12516 6654 1357 5779
f 8924 12516 5779 1349
f 1301 5168 12517 5614
f 5168 1269 5004 12517
f 12517 5004 1260 4877
f 5614 12517 4877 1300
f 1255 8005 12518 8078
f 8005 1267 6780 12518
f 12518 6780 1422 7412
f 8078 12518 7412 1423
f 1352 9363 12519 8362
f 9363 1350 6372 12519
f 12519 6372 1354 4156
f 8362 12519 4156 1355
f 1286 6447 12520 7813
f 6447 1266 6782 12520
f 12520 6782 1294 7809
f 7813 12520 7809 1295
f 1445 5504 12521 5489
f 5504 1317 5035 12521
f 12521 5035 1313 4725
f 5489 12521 4725 1444
f 1366 5816 12522 6591
f 5816 1355 3900 12522
f 12522 3900 1353 5208
f 6591 12522 5208 1365
f 1352 8362 12523 9090
f 8362 1355 5816 12523
f 12523 5816 1366 8009
f 9090 12523 8009 1351
f 1344 8201 12524 8257
f 8201 1343 7267 12524
f 12524 7267 1420 4385
f 8257 12524 4385 1419
f 1342 5818 12525 6285
f 5818 1341 6681 12525
f 12525 6681 1422 6607
f 6285 12525 6607 1421
f 1310 6282 12526 6229
f 6282 1443 4630 12526
f 12526 4630 1444 4725
f 6229 12526 4725 1313
f 468 4601 12527 4247
f 4601 324 4872 12527
f 12527 4872 1337 3614
f 4247 12527 3614 1338
f 1339 4042 12528 9047
f 4042 1338 3580 12528
f 12528 3580 1425 8699
f 9047 12528 8699 1424
f 1453 7270 12529 5750
f 7270 1407 7250 12529
f 12529 7250 1435 4686
f 5750 12529 4686 1436
f 1373 5436 12530 5433
f 5436 1372 6428 12530
f 12530 6428 1278 6719
f 5433 12530 6719 1277
f 1349 5475 12531 8924
f 5475 1291 6044 12531
f 12531 6044 1270 8923
f 8924 12531 8923 1264
f 1324 4319 12532 4350
f 4319 1274 7446 12532
f 12532 7446 1303 7380
f 4350 12532 7380 1323
f 1287 6881 12533 7991
f 6881 1442 3655 12533
f 12533 3655 1458 3654
f 7991 12533 3654 1378
f 682 3408 12534 3727
f 3408 1441 3483 12534
f 12534 3483 1330 4138
f 3727 12534 4138 1259
f 1376 8576 12535 9574
f 8576 1285 9257 12535
f 12535 9257 1448 8368
f 9574 12535 8368 1449
f 1308 4651 12536 4652
f 4651 1284 4494 12536
f 12536 4494 1282 3541
f 4652 12536 3541 1306
f 1320 9515 12537 9256
f 9515 1447 9456 12537
f 12537 9456 1448 9257
f 9256 12537 9257 1285
f 1368 8552 12538 8562
f 8552 1390 6224 12538
f 12538 6224 1393 3579
f 8562 12538 3579 1370
f 1272 8525 12539 8450
f 8525 1275 4073 12539
f 12539 4073 1273 7205
f 8450 12539 7205 1271
f 1459 3927 12540 8329
f 3927 1457 6261 12540
f 12540 6261 1262 8152
f 8329 12540 8152 1280
f 1439 7171 12541 7424
f 7171 1330 3483 12541
f 12541 3483 1441 3468
f 7424 12541 3468 1458
f 1439 9432 12542 7256
f 9432 1288 8892 12542
f 12542 8892 1306 4883
f 7256 12542 4883 1460
f 1406 6066 12543 6054
f 6066 1379 4529 12543
f 12543 4529 1452 4435
f 6054 12543 4435 1297
f 1293 5401 12544 5768
f 5401 1265 3260 12544
f 12544 3260 1417 3549
f 5768 12544 3549 1418
f 1399 7600 12545 7442
f 7600 1395 5484 12545
f 12545 5484 1381 5991
f 7442 12545 5991 1398
f 1312 8317 12546 9610
f 8317 1308 6101 12546
f 12546 6101 1310 6229
f 9610 12546 6229 1313
f 1348 4496 12547 4219
f 4496 1298 3479 12547
f 12547 3479 1385 3289
f 4219 12547 3289 1369
f 1254 6399 12548 6375
f 6399 1300 4920 12548
f 12548 4920 1425 3527
f 6375 12548 3527 1426
f 1389 8118 12549 5754
f 8118 1408 8547 12549
f 12549 8547 1385 4016
f 5754 12549 4016 1387
f 1384 9214 12550 9455
f 9214 1298 4496 12550
f 12550 4496 1348 4629
f 9455 12550 4629 1347
f 1383 7026 12551 7501
f 7026 1450 4682 12551
f 12551 4682 1436 5928
f 7501 12551 5928 1382
f 1355 4156 12552 3900
f 4156 1354 6793 12552
f 12552 6793 1454 6431
f 3900 12552 6431 1353
f 856 9135 12553 9171
f 9135 1342 7195 12553
f 12553 7195 1343 7695
f 9171 12553 7695 685
f 1261 5744 12554 5742
f 5744 1347 4629 12554
f 12554 4629 1348 5441
f 5742 12554 5441 1461
f 1274 3625 12555 4650
f 3625 1273 4073 12555
f 12555 4073 1275 4676
f 4650 12555 4676 1276
f 1406 6054 12556 6161
f 6054 1297 7281 12556
f 12556 7281 1455 7686
f 6161 12556 7686 1404
f 1399 7484 12557 7383
f 7484 1365 5208 12557
f 12557 5208 1353 3441
f 7383 12557 3441 1402
f 683 4807 12558 4098
f 4807 1292 4547 12558
f 12558 4547 1345 3320
f 4098 12558 3320 1346
f 1287 7880 12559 6881
f 7880 1309 5295 12559
f 12559 5295 1443 3904
f 6881 12559 3904 1442
f 1407 9277 12560 7249
f 9277 1384 8287 12560
f 12560 8287 1401 3640
f 7249 12560 3640 1434
f 1392 8738 12561 9088
f 8738 1377 5166 12561
f 12561 5166 1357 6654
f 9088 12561 6654 1358
f 1376 8245 12562 8576
f 8245 1375 7737 12562
f 12562 7737 1311 7928
f 8576 12562 7928 1285
f 1334 5893 12563 5977
f 5893 1251 5409 12563
f 12563 5409 325 5410
f 5977 12563 5410 1333
f 1388 4322 12564 4427
f 1386 8840 12564 4322
f 1408 8118 12564 8840
f 1389 5167 12564 8118
f 1409 4427 12564 5167
f 1460 4883 12565 4853
f 4883 1306 3541 12565
f 12565 3541 1282 4321
f 4853 12565 4321 1356
f 1351 8009 12566 8077
f 8009 1366 6129 12566
f 12566 6129 1364 7697
f 8077 12566 7697 1327
f 1317 5684 12567 5035
f 5684 1315 8266 12567
f 12567 8266 1312 9610
f 5035 12567 9610 1313
f 1311 7144 12568 7928
f 7144 1315 9332 12568
f 12568 9332 1320 9256
f 7928 12568 9256 1285
f 1288 8908 12569 9519
f 8908 1442 3904 12569
f 12569 3904 1443 6282
f 9519 12569 6282 1310
f 1308 8317 12570 4651
f 8317 1312 9199 12570
f 12570 9199 1283 4387
f 4651 12570 4387 1284
f 1312 8266 12571 9199
f 8266 1315 7144 12571
f 12571 7144 1311 7060
f 9199 12571 7060 1283
f 1286 6400 12572 6447
f 6400 1314 5293 12572
f 12572 5293 1309 5236
f 6447 12572 5236 1266
f 1280 8152 12573 8282
f 8152 1262 6616 12573
f 12573 6616 1278 7255
f 8282 12573 7255 1279
f 1303 7272 12574 7380
f 7272 1289 3557 12574
f 12574 3557 1322 3773
f 7380 12574 3773 1323
f 1376 9201 12575 8245
f 9201 1401 5225 12575
f 12575 5225 1261 8070
f 8245 12575 8070 1375
f 1446 6339 12576 6798
f 6339 1445 5536 12576
f 12576 5536 1316 6325
f 6798 12576 6325 1318
f 1436 4682 12577 5750
f 4682 1450 3782 12577
f 12577 3782 1387 5713
f 5750 12577 5713 1453
f 1432 8532 12578 8993
f 8532 1438 6567 12578
f 12578 6567 1437 5078
f 8993 12578 5078 1433
f 1295 8451 12579 7813
f 8451 1304 8890 12579
f 12579 8890 1305 6853
f 7813 12579 6853 1286
f 1416 9347 12580 9102
f 9347 1392 9088 12580
f 12580 9088 1358 7734
f 9102 12580 7734 1359
f 1382 5928 12581 6358
f 5928 1436 4686 12581
f 12581 4686 1435 5651
f 6358 12581 5651 1381
f 1399 7383 12582 7600
f 7383 1402 4700 12582
f 12582 4700 1452 4354
f 7600 12582 4354 1395
f 1378 3344 12583 7991
f 3344 1417 3260 12583
f 12583 3260 1265 7341
f 7991 12583 7341 1287
f 1445 5489 12584 5536
f 5489 1444 4520 12584
f 12584 4520 1314 4495
f 5536 12584 4495 1316
f 1326 6645 12585 6802
f 6645 1293 5768 12585
f 12585 5768 1418 3805
f 6802 12585 3805 1419
f 1351 8077 12586 8925
f 8077 1327 7781 12586
f 12586 7781 1290 9084
f 8925 12586 9084 1296
f 1309 7880 12587 5236
f 7880 1287 7341 12587
f 12587 7341 1265 3469
f 5236 12587 3469 1266
f 1350 6396 12588 6372
f 6396 1349 5779 12588
f 12588 5779 1357 5758
f 6372 12588 5758 1354
f 856 9033 12589 9135
f 9033 1256 9429 12589
f 12589 9429 1341 5818
f 9135 12589 5818 1342
f 1423 7412 12590 7684
f 7412 1422 6681 12590
f 12590 6681 1341 5405
f 7684 12590 5405 1340
f 1343 7195 12591 7267
f 7195 1342 6285 12591
f 12591 6285 1421 5749
f 7267 12591 5749 1420
f 1374 6163 12592 7196
f 6163 1283 7060 12592
f 12592 7060 1311 7737
f 7196 12592 7737 1375
f 1360 8987 12593 8873
f 8987 1252 8208 12593
f 12593 8208 1280 8282
f 8873 12593 8282 1279
f 1422 6780 12594 6607
f 6780 1267 8574 12594
f 12594 8574 1272 9223
f 6607 12594 9223 1421
f 1346 3320 12595 3310
f 3320 1345 3401 12595
f 12595 3401 1418 3549
f 3310 12595 3549 1417
f 1296 9579 12596 8215
f 9579 1304 8527 12596
f 12596 8527 1323 3773
f 8215 12596 3773 1322
f 1254 6375 12597 6336
f 6375 1426 3813 12597
f 12597 3813 1427 5502
f 6336 12597 5502 1253
f 1456 8988 12598 9092
f 8988 1252 4511 12598
f 12598 4511 1427 3813
f 9092 12598 3813 1426
f 1290 3414 12599 9084
f 3414 1305 8890 12599
f 12599 8890 1304 9579
f 9084 12599 9579 1296
f 1325 5447 12600 5722
f 5447 1273 3625 12600
f 12600 3625 1274 4319
f 5722 12600 4319 1324
f 1295 7809 12601 7715
f 7809 1294 6677 12601
f 12601 6677 1325 5722
f 7715 12601 5722 1324
f 1383 7501 12602 8007
f 7501 1382 6401 12602
f 12602 6401 1396 5074
f 8007 12602 5074 1397
f 1271 7087 12603 7479
f 7087 1326 6802 12603
f 12603 6802 1419 4385
f 7479 12603 4385 1420
f 1391 7716 12604 7857
f 7716 1383 8007 12604
f 12604 8007 1397 5606
f 7857 12604 5606 1380
f 1326 6799 12605 6645
f 6799 1325 6677 12605
f 12605 6677 1294 6651
f 6645 12605 6651 1293
f 1363 3956 12606 4795
f 3956 1361 3526 12606
f 12606 3526 1362 4846
f 4795 12606 4846 1364
f 1319 9488 12607 7119
f 9488 1320 9332 12607
f 12607 9332 1315 5684
f 7119 12607 5684 1317
f 1431 7611 12608 7254
f 7611 1433 5078 12608
f 12608 5078 1437 5770
f 7254 12608 5770 1409
f 1362 3526 12609 9279
f 3526 1361 3262 12609
f 12609 3262 1449 8368
f 9279 12609 8368 1448
f 1365 5052 12610 6591
f 5052 1363 4795 12610
f 12610 4795 1364 6129
f 6591 12610 6129 1366
f 1338 3614 12611 3580
f 3614 1337 3471 12611
f 12611 3471 1426 3527
f 3580 12611 3527 1425
f 1278 6428 12612 7255
f 6428 1372 4571 12612
f 12612 4571 1371 7248
f 7255 12612 7248 1279
f 1302 5809 12613 6930
f 5809 1291 3818 12613
f 12613 3818 1289 7272
f 6930 12613 7272 1303
f 1318 6104 12614 5946
f 6104 1290 7781 12614
f 12614 7781 1327 6990
f 5946 12614 6990 1321
f 1455 7782 12615 7811
f 7782 1402 3441 12615
f 12615 3441 1353 6431
f 7811 12615 6431 1454
f 1399 7442 12616 7484
f 7442 1398 5817 12616
f 12616 5817 1363 5052
f 7484 12616 5052 1365
f 1400 9508 12617 9165
f 9508 1434 3621 12617
f 12617 3621 1449 3262
f 9165 12617 3262 1361
f 1334 5977 12618 6390
f 5977 1333 5810 12618
f 12618 5810 1430 6462
f 6390 12618 6462 1457
f 1368 8453 12619 8552
f 8453 1367 7382 12619
f 12619 7382 1388 6126
f 8552 12619 6126 1390
f 1269 5000 12620 5066
f 5000 1276 4676 12620
f 12620 4676 1275 4693
f 5066 12620 4693 1268
f 1378 3654 12621 3356
f 3654 1458 3468 12621
f 12621 3468 1441 3270
f 3356 12621 3270 1329
f 1335 7845 12622 7626
f 7845 327 7948 12622
f 12622 7948 1251 5893
f 7626 12622 5893 1334
f 1360 8863 12623 8930
f 8863 1370 3579 12623
f 12623 3579 1393 5117
f 8930 12623 5117 1429
f 1318 5946 12624 6798
f 5946 1321 7015 12624
f 12624 7015 1447 8033
f 6798 12624 8033 1446
f 1400 9165 12625 8703
f 9165 1361 3956 12625
f 12625 3956 1363 5817
f 8703 12625 5817 1398
f 1404 4517 12626 4578
f 4517 1377 8738 12626
f 12626 8738 1392 8929
f 4578 12626 8929 1403
f 1451 3898 12627 7723
f 3898 1450 7026 12627
f 12627 7026 1383 7716
f 7723 12627 7716 1391
f 1397 5074 12628 5606
f 5074 1396 4855 12628
f 12628 4855 1379 4519
f 5606 12628 4519 1380
f 1416 9505 12629 9347
f 9505 1414 6389 12629
f 12629 6389 1403 8929
f 9347 12629 8929 1392
f 1389 5754 12630 5169
f 5754 1387 3782 12630
f 12630 3782 1450 3898
f 5169 12630 3898 1451
f 1263 8017 12631 7718
f 8017 1262 6261 12631
f 12631 6261 1457 6462
f 7718 12631 6462 1430
f 1288 9432 12632 8908
f 9432 1439 7424 12632
f 12632 7424 1458 3655
f 8908 12632 3655 1442
f 1438 6641 12633 6567
f 6641 1393 6224 12633
f 12633 6224 1390 6602
f 6567 12633 6602 1437
f 1396 4866 12634 4855
f 4866 1395 4354 12634
f 12634 4354 1452 4529
f 4855 12634 4529 1379
f 1389 5169 12635 5167
f 5169 1451 7391 12635
f 12635 7391 1431 7254
f 5167 12635 7254 1409
f 1344 8318 12636 8201
f 8318 684 5556 12636
f 12636 5556 685 7695
f 8201 12636 7695 1343
f 1400 8531 12637 9508
f 8531 1435 7250 12637
f 12637 7250 1407 7249
f 9508 12637 7249 1434
f 1400 8703 12638 8531
f 8703 1398 5991 12638
f 12638 5991 1381 5651
f 8531 12638 5651 1435
f 1416 8931 12639 9505
f 8931 1394 7906 12639
f 12639 7906 1415 8031
f 9505 12639 8031 1414
f 1432 8615 12640 8532
f 8615 1429 5117 12640
f 12640 5117 1393 6641
f 8532 12640 6641 1438
f 1384 9455 12641 8287
f 9455 1347 5744 12641
f 12641 5744 1261 5225
f 8287 12641 5225 1401
f 1263 7718 12642 7714
f 7718 1430 5969 12642
f 12642 5969 1356 4321
f 7714 12642 4321 1282
f 1460 4861 12643 7256
f 4861 1331 4172 12643
f 12643 4172 1330 7171
f 7256 12643 7171 1439
f 1384 9277 12644 9214
f 9277 1407 7270 12644
f 12644 7270 1453 5693
f 9214 12644 5693 1298
f 1415 7906 12645 8455
f 7906 1394 5032 12645
f 12645 5032 1429 8615
f 8455 12645 8615 1432
f 1405 5453 12646 5305
f 5453 1412 4482 12646
f 12646 4482 1411 4515
f 5305 12646 4515 1380
f 1332 4838 12647 4878
f 4838 1331 4861 12647
f 12647 4861 1460 4853
f 4878 12647 4853 1356
f 1413 5495 12648 5511
f 5495 1410 3903 12648
f 12648 3903 1411 4482
f 5511 12648 4482 1412
f 1388 7382 12649 4322
f 7382 1367 7609 12649
f 12649 7609 1369 3551
f 4322 12649 3551 1386
f 1415 8071 12650 8031
f 8071 1413 5511 12650
f 12650 5511 1412 6328
f 8031 12650 6328 1414
f 1405 5264 12651 5453
f 5264 1403 6389 12651
f 12651 6389 1414 6328
f 5453 12651 6328 1412
f 1319 7119 12652 7999
f 7119 1317 5504 12652
f 12652 5504 1445 6339
f 7999 12652 6339 1446
f 1348 4219 12653 5441
f 4219 1369 5767 12653
f 12653 5767 1373 5296
f 5441 12653 5296 1461
f 1326 7087 12654 6799
f 7087 1271 7205 12654
f 12654 7205 1273 5447
f 6799 12654 5447 1325
f 1360 8927 12655 8987
f 8927 1428 4220 12655
f 12655 4220 1427 4511
f 8987 12655 4511 1252
f 1415 8455 12656 8071
f 8455 1432 8993 12656
f 12656 8993 1433 5017
f 8071 12656 5017 1413
f 1406 6161 12657 6170
f 6161 1404 4578 12657
f 12657 4578 1403 5264
f 6170 12657 5264 1405
f 1318 6325 12658 6104
f 6325 1316 4851 12658
f 12658 4851 1305 3414
f 6104 12658 3414 1290
f 1344 8257 12659 9611
f 8257 1419 3805 12659
f 12659 3805 1418 3401
f 9611 12659 3401 1345
f 1336 8533 12660 8207
f 8533 1456 9092 12660
f 12660 9092 1426 3471
f 8207 12660 3471 1337
f 1431 6991 12661 7611
f 6991 1410 5495 12661
f 12661 5495 1413 5017
f 7611 12661 5017 1433
f 1448 9456 12662 9279
f 9456 1447 7015 12662
f 12662 7015 1321 3503
f 9279 12662 3503 1362
f 1309 5293 12663 5295
f 5293 1314 4520 12663
f 12663 4520 1444 4630
f 5295 12663 4630 1443
f 1455 7281 12664 7782
f 7281 1297 4435 12664
f 12664 4435 1452 4700
f 7782 12664 4700 1402
f 1454 6793 12665 6258
f 6793 1354 5758 12665
f 12665 5758 1357 5166
f 6258 12665 5166 1377
f 1360 8873 12666 8863
f 8873 1279 7248 12666
f 12666 7248 1371 3966
f 8863 12666 3966 1370
f 1382 6358 12667 6401
f 6358 1381 5484 12667
f 12667 5484 1395 4866
f 6401 12667 4866 1396
f 1320 9488 12668 9515
f 9488 1319 7999 12668
f 12668 7999 1446 8033
f 9515 12668 8033 1447
f 1374 6169 12669 6163
f 6169 1277 5287 12669
f 12669 5287 1284 4387
f 6163 12669 4387 1283
f 1327 7697 12670 6990
f 7697 1364 4846 12670
f 12670 4846 1362 3503
f 6990 12670 3503 1321
f 1455 7811 12671 7686
f 7811 1454 6258 12671
f 12671 6258 1377 4517
f 7686 12671 4517 1404
f 1378 3356 12672 3344
f 3356 1329 3355 12672
f 12672 3355 1346 3310
f 3344 12672 3310 1417
f 1344 9611 12673 8318
f 9611 1345 4547 12673
f 12673 4547 1292 4535
f 8318 12673 4535 684
f 1262 8017 12674 6616
f 8017 1263 7713 12674
f 12674 7713 1277 6719
f 6616 12674 6719 1278
f 1453 5713 12675 5693
f 5713 1387 4016 12675
f 12675 4016 1385 3479
f 5693 12675 3479 1298
f 1335 7626 12676 7385
f 7626 1334 6390 12676
f 12676 6390 1457 3927
f 7385 12676 3927 1459
f 1388 4427 12677 6126
f 4427 1409 5770 12677
f 12677 5770 1437 6602
f 6126 12677 6602 1390
f 1280 8208 12678 8329
f 8208 1252 8988 12678
f 12678 8988 1456 8590
f 8329 12678 8590 1459
f 1269 5066 12679 5004
f 5066 1268 8006 12679
f 12679 8006 1255 8058
f 5004 12679 8058 1260
f 1391 7857 12680 6886
f 7857 1380 4515 12680
f 12680 4515 1411 3903
f 6886 12680 3903 1410
f 1375 8070 12681 7196
f 8070 1261 5742 12681
f 12681 5742 1461 6096
f 7196 12681 6096 1374
f 1302 6930 12682 6053
f 6930 1303 7446 12682
f 12682 7446 1274 4650
f 6053 12682 4650 1276
f 1329 3270 12683 8637
f 3270 1441 3408 12683
f 12683 3408 682 9074
f 8637 12683 9074 1328
f 1300 4877 12684 4920
f 4877 1260 9242 12684
f 12684 9242 1424 8699
f 4920 12684 8699 1425
f 1331 4146 12685 4172
f 4146 643 3879 12685
f 12685 3879 1259 4138
f 4172 12685 4138 1330
f 1270 6044 12686 6045
f 6044 1291 5809 12686
f 12686 5809 1302 5989
f 6045 12686 5989 1301
f 1424 9242 12687 8954
f 9242 1260 8058 12687
f 12687 8058 1255 8078
f 8954 12687 8078 1423
f 1295 7715 12688 8451
f 7715 1324 4350 12688
f 12688 4350 1323 8527
f 8451 12688 8527 1304
f 1332 6735 12689 4838
f 6735 326 6742 12689
f 12689 6742 643 4146
f 4838 12689 4146 1331
f 1336 8279 12690 8607
f 8279 1250 7947 12690
f 12690 7947 327 7845
f 8607 12690 7845 1335
f 1316 4495 12691 4851
f 4495 1314 6400 12691
f 12691 6400 1286 6853
f 4851 12691 6853 1305
f 1434 3640 12692 3621
f 3640 1401 9201 12692
f 12692 9201 1376 9574
f 3621 12692 9574 1449
f 1416 9102 12693 8931
f 9102 1359 7717 12693
f 12693 7717 1428 4882
f 8931 12693 4882 1394
f 2791 7007 12694 7605
f 7007 1866 6315 12694
f 12694 6315 2878 6605
f 7605 12694 6605 2877
f 2926 6816 12695 6824
f 6816 2910 7935 12695
f 12695 7935 2927 7656
f 6824 12695 7656 2949
f 2805 5480 12696 5674
f 5480 2794 4091 12696
f 12696 4091 2795 4076
f 5674 12696 4076 2811
f 2805 5344 12697 5480
f 5344 2899 4252 12697
f 12697 4252 2900 4924
f 5480 12697 4924 2794
f 2808 8721 12698 8167
f 2809 4711 12698 8721
f 2796 8167 12698 4711
f 2965 8478 12699 5803
f 8478 2880 9109 12699
f 12699 9109 2881 4417
f 5803 12699 4417 2964
f 2830 6727 12700 9291
f 6727 2891 3840 12700
f 12700 3840 2890 8952
f 9291 12700 8952 2832
f 2909 5171 12701 8467
f 5171 2908 4842 12701
f 12701 4842 2913 8216
f 8467 12701 8216 2912
f 2813 4984 12702 5653
f 4984 2962 3500 12702
f 12702 3500 2961 4456
f 5653 12702 4456 2812
f 2870 7229 12703 6022
f 7229 2887 7121 12703
f 12703 7121 2225 5566
f 6022 12703 5566 2869
f 2879 7321 12704 9510
f 7321 2010 5191 12704
f 12704 5191 2789 8445
f 9510 12704 8445 2880
f 2808 8123 12705 8721
f 8123 2813 8350 12705
f 12705 8350 2816 8190
f 8721 12705 8190 2809
f 2797 4960 12706 5315
f 4960 2882 3312 12706
f 12706 3312 2881 3287
f 5315 12706 3287 2201
f 2910 5870 12707 6120
f 5870 2914 3509 12707
f 12707 3509 2913 4842
f 6120 12707 4842 2908
f 2863 7542 12708 7315
f 7542 2893 5356 12708
f 12708 5356 2891 6727
f 7315 12708 6727 2830
f 2843 4086 12709 3934
f 4086 2842 3666 12709
f 12709 3666 2810 3588
f 3934 12709 3588 2817
f 2911 7340 12710 8170
f 2909 8467 12710 7340
f 2912 8170 12710 8467
f 2811 4076 12711 4080
f 4076 2795 4060 12711
f 12711 4060 2841 3571
f 4080 12711 3571 2842
f 3000 8821 12712 8690
f 8821 2876 5432 12712
f 12712 5432 2877 5458
f 8690 12712 5458 2997
f 2951 7651 12713 7733
f 7651 2932 9249 12713
f 12713 9249 2992 9340
f 7733 12713 9340 2972
f 1867 3820 12714 4343
f 3820 2874 3570 12714
f 12714 3570 2873 4639
f 4343 12714 4639 1868
f 2947 9562 12715 3708
f 9562 2920 9351 12715
f 12715 9351 2921 3332
f 3708 12715 3332 2946
f 2915 3846 12716 3702
f 3846 2818 3415 12716
f 12716 3415 2914 3465
f 3702 12716 3465 3002
f 2863 7987 12717 7542
f 7987 2837 5678 12717
f 12717 5678 2892 5124
f 7542 12717 5124 2893
f 2968 9205 12718 8169
f 9205 2794 4924 12718
f 12718 4924 2900 4538
f 8169 12718 4538 2969
f 2901 5199 12719 5361
f 5199 2969 7226 12719
f 12719 7226 2935 7692
f 5361 12719 7692 2970
f 2804 4705 12720 7556
f 4705 2818 3346 12720
f 12720 3346 2825 7851
f 7556 12720 7851 2823
f 2971 3803 12721 3960
f 3803 2897 3252 12721
f 12721 3252 2873 3570
f 3960 12721 3570 2874
f 2880 8445 12722 9109
f 8445 2789 5077 12722
f 12722 5077 2201 3287
f 9109 12722 3287 2881
f 2847 7145 12723 7338
f 7145 2849 4061 12723
f 12723 4061 2851 4965
f 7338 12723 4965 2829
f 2807 7759 12724 7040
f 7759 2835 3952 12724
f 12724 3952 2834 6152
f 7040 12724 6152 2806
f 2899 5344 12725 4167
f 5344 2805 5505 12725
f 12725 5505 2890 3493
f 4167 12725 3493 2898
f 2810 3666 12726 3618
f 3666 2842 3571 12726
f 12726 3571 2841 3251
f 3618 12726 3251 2801
f 2808 8167 12727 8161
f 8167 2796 4909 12727
f 12727 4909 2964 4691
f 8161 12727 4691 2963
f 2896 9095 12728 9052
f 9095 2895 7855 12728
f 12728 7855 2891 5356
f 9052 12728 5356 2893
f 2836 4859 12729 4906
f 4859 2835 7759 12729
f 12729 7759 2807 7013
f 4906 12729 7013 2827
f 2986 3453 12730 3459
f 3453 2985 6678 12730
f 12730 6678 2854 5915
f 3459 12730 5915 2858
f 2896 9226 12731 8284
f 9226 2907 4088 12731
f 12731 4088 2906 6300
f 8284 12731 6300 2894
f 2893 5124 12732 9052
f 5124 2892 4363 12732
f 12732 4363 2907 9226
f 9052 12732 9226 2896
f 2885 9094 12733 5321
f 9094 2960 8887 12733
f 12733 8887 2961 4692
f 5321 12733 4692 2884
f 2883 3875 12734 3721
f 3875 2962 3951 12734
f 12734 3951 2963 3925
f 3721 12734 3925 2882
f 2984 8807 12735 9346
f 8807 2851 6430 12735
f 12735 6430 2854 6678
f 9346 12735 6678 2985
f 2879 7316 12736 7321
f 7316 2878 6315 12736
f 12736 6315 1866 3544
f 7321 12736 3544 2010
f 2880 8478 12737 9510
f 8478 2965 6023 12737
f 12737 6023 2966 7224
f 9510 12737 7224 2879
f 2948 4373 12738 8305
f 4373 2994 3657 12738
f 12738 3657 2977 8302
f 8305 12738 8302 2976
f 2819 3948 12739 3851
f 3948 2913 3509 12739
f 12739 3509 2914 3415
f 3851 12739 3415 2818
f 2832 8952 12740 9225
f 8952 2890 5505 12740
f 12740 5505 2805 5674
f 9225 12740 5674 2811
f 2815 7925 12741 7293
f 7925 2865 8877 12741
f 12741 8877 2864 8832
f 7293 12741 8832 2844
f 2983 7652 12742 7603
f 7652 2828 7650 12742
f 12742 7650 2919 7632
f 7603 12742 7632 2999
f 2224 9193 12743 9159
f 9193 2800 9295 12743
f 12743 9295 2871 7058
f 9159 12743 7058 2982
f 2990 6756 12744 6758
f 6756 2989 5116 12744
f 12744 5116 2826 4951
f 6758 12744 4951 2917
f 2825 3272 12745 7851
f 3272 2849 7145 12745
f 12745 7145 2847 7616
f 7851 12745 7616 2823
f 2861 5229 12746 5162
f 5229 2826 5116 12746
f 12746 5116 2989 4970
f 5162 12746 4970 2988
f 2911 7317 12747 7340
f 7317 2934 5913 12747
f 12747 5913 2931 5648
f 7340 12747 5648 2909
f 2813 5653 12748 8350
f 5653 2812 6237 12748
f 12748 6237 2814 8337
f 8350 12748 8337 2816
f 3000 8691 12749 8676
f 8691 2821 5468 12749
f 12749 5468 2803 5914
f 8676 12749 5914 2998
f 2999 7041 12750 7038
f 7041 2982 7058 12750
f 12750 7058 2871 7047
f 7038 12750 7047 2980
f 2847 7338 12751 7236
f 7338 2829 4958 12751
f 12751 4958 2980 4927
f 7236 12751 4927 3001
f 2920 9562 12752 9533
f 9562 2947 6036 12752
f 12752 6036 2838 6280
f 9533 12752 6280 2993
f 2959 7938 12753 7146
f 7938 2958 6869 12753
f 12753 6869 2806 6152
f 7146 12753 6152 2834
f 2939 3928 12754 4518
f 3928 2922 8476 12754
f 12754 8476 2936 9543
f 4518 12754 9543 2940
f 2851 4061 12755 6430
f 4061 2849 5455 12755
f 12755 5455 2853 6552
f 6430 12755 6552 2854
f 2839 7366 12756 7016
f 7366 2889 6042 12756
f 12756 6042 2910 6816
f 7016 12756 6816 2926
f 2967 7105 12757 7018
f 7105 2966 6296 12757
f 12757 6296 2841 4060
f 7018 12757 4060 2795
f 2949 5070 12758 6824
f 5070 2930 9104 12758
f 12758 9104 2928 9275
f 6824 12758 9275 2926
f 2839 7110 12759 7366
f 7110 2925 9561 12759
f 12759 9561 2888 8130
f 7366 12759 8130 2889
f 2991 7837 12760 7644
f 7837 2924 4800 12760
f 12760 4800 2923 3976
f 7644 12760 3976 2977
f 2894 6301 12761 8284
f 6301 2995 7891 12761
f 12761 7891 2895 9095
f 8284 12761 9095 2896
f 2398 6117 12762 6078
f 6117 2227 4235 12762
f 12762 4235 2884 4543
f 6078 12762 4543 2883
f 3002 3581 12763 3590
f 3581 2889 8130 12763
f 12763 8130 2888 8114
f 3590 12763 8114 2802
f 2815 7023 12764 7319
f 7023 2817 8303 12764
f 12764 8303 2816 8337
f 7319 12764 8337 2814
f 2838 6036 12765 6284
f 6036 2947 3849 12765
f 12765 3849 2945 4359
f 6284 12765 4359 2996
f 2943 7314 12766 7275
f 7314 2894 6300 12766
f 12766 6300 2906 4806
f 7275 12766 4806 2940
f 2887 7672 12767 7121
f 7672 2886 6461 12767
f 12767 6461 2833 3271
f 7121 12767 3271 2225
f 2984 8421 12768 9552
f 8421 2850 4536 12768
f 12768 4536 2828 7652
f 9552 12768 7652 2983
f 2975 7590 12769 7326
f 7590 2942 6235 12769
f 12769 6235 2925 4964
f 7326 12769 4964 2948
f 2918 5827 12770 6028
f 5827 2933 5655 12770
f 12770 5655 2899 4167
f 6028 12770 4167 2898
f 2917 4951 12771 5180
f 4951 2826 4696 12771
f 12771 4696 2852 4533
f 5180 12771 4533 2916
f 2792 9620 12772 8477
f 9620 2875 4083 12772
f 12772 4083 2874 3820
f 8477 12772 3820 1867
f 2950 6018 12773 6788
f 2930 5070 12773 6018
f 2949 7656 12773 5070
f 2927 7524 12773 7656
f 2929 6788 12773 7524
f 2823 7616 12774 7744
f 7616 2847 7236 12774
f 12774 7236 3001 3256
f 7744 12774 3256 2897
f 2892 4380 12775 4363
f 4380 2868 4418 12775
f 12775 4418 2905 3701
f 4363 12775 3701 2907
f 2856 8211 12776 9184
f 8211 2858 5915 12776
f 12776 5915 2854 6552
f 9184 12776 6552 2853
f 2856 9556 12777 9559
f 9556 2852 4696 12777
f 12777 4696 2826 5229
f 9559 12777 5229 2861
f 2984 9552 12778 8807
f 9552 2983 7858 12778
f 12778 7858 2829 4965
f 8807 12778 4965 2851
f 2824 8867 12779 9258
f 8867 2853 5455 12779
f 12779 5455 2849 3272
f 9258 12779 3272 2825
f 2824 8865 12780 8867
f 8865 2852 9556 12780
f 12780 9556 2856 9184
f 8867 12780 9184 2853
f 2855 7318 12781 7029
f 7318 2827 7013 12781
f 12781 7013 2807 7460
f 7029 12781 7460 2850
f 2821 5215 12782 5468
f 5215 2820 4545 12782
f 12782 4545 2819 4164
f 5468 12782 4164 2803
f 2830 6765 12783 7315
f 6765 2844 8832 12783
f 12783 8832 2864 8551
f 7315 12783 8551 2863
f 2916 4355 12784 5180
f 4355 2802 6510 12784
f 12784 6510 2942 6314
f 5180 12784 6314 2917
f 2987 3771 12785 3940
f 3771 2859 4159 12785
f 12785 4159 2857 3445
f 3940 12785 3445 2986
f 2928 9174 12786 8969
f 9174 2991 7644 12786
f 12786 7644 2977 3657
f 8969 12786 3657 2994
f 2973 6294 12787 5797
f 6294 2974 6863 12787
f 12787 6863 2978 3806
f 5797 12787 3806 2979
f 2846 6306 12788 6310
f 6306 2845 5462 12788
f 12788 5462 2836 4906
f 6310 12788 4906 2827
f 2900 4252 12789 4959
f 4252 2899 5655 12789
f 12789 5655 2933 5679
f 4959 12789 5679 2957
f 2923 3842 12790 3976
f 3842 2922 9624 12790
f 12790 9624 2976 8302
f 3976 12790 8302 2977
f 2943 7275 12791 6961
f 7275 2940 9543 12791
f 12791 9543 2936 9098
f 6961 12791 9098 2993
f 2958 7486 12792 6869
f 7486 2919 7650 12792
f 12792 7650 2828 6034
f 6869 12792 6034 2806
f 2986 3445 12793 3453
f 3445 2857 8056 12793
f 12793 8056 2855 7899
f 3453 12793 7899 2985
f 2959 7146 12794 9288
f 7146 2834 3819 12794
f 12794 3819 2867 8573
f 9288 12794 8573 2960
f 2831 7728 12795 7945
f 7728 2868 4380 12795
f 12795 4380 2892 5678
f 7945 12795 5678 2837
f 2807 7040 12796 7460
f 7040 2806 6034 12796
f 12796 6034 2828 4536
f 7460 12796 4536 2850
f 2895 7322 12797 7855
f 7322 2898 3493 12797
f 12797 3493 2890 3840
f 7855 12797 3840 2891
f 2398 6078 12798 6568
f 6078 2883 3721 12798
f 12798 3721 2882 4960
f 6568 12798 4960 2797
f 2963 4691 12799 3925
f 4691 2964 4417 12799
f 12799 4417 2881 3312
f 3925 12799 3312 2882
f 2883 4543 12800 3875
f 4543 2884 4692 12800
f 12800 4692 2961 3500
f 3875 12800 3500 2962
f 2852 8865 12801 4533
f 8865 2824 9560 12801
f 12801 9560 2915 4540
f 4533 12801 4540 2916
f 2821 5759 12802 5215
f 5759 2793 5187 12802
f 12802 5187 2901 5649
f 5215 12802 5649 2820
f 2808 8161 12803 8123
f 8161 2963 3951 12803
f 12803 3951 2962 4984
f 8123 12803 4984 2813
f 2887 7877 12804 7672
f 7877 2958 7938 12804
f 12804 7938 2959 7932
f 7672 12804 7932 2886
f 2863 8551 12805 7987
f 8551 2864 8971 12805
f 12805 8971 2845 5677
f 7987 12805 5677 2837
f 2968 8107 12806 9205
f 8107 2967 7018 12806
f 12806 7018 2795 4091
f 9205 12806 4091 2794
f 2967 8107 12807 7114
f 8107 2968 8492 12807
f 12807 8492 2793 5345
f 7114 12807 5345 2997
f 2837 5677 12808 7945
f 5677 2845 6306 12808
f 12808 6306 2846 7696
f 7945 12808 7696 2831
f 2815 7319 12809 7925
f 7319 2814 6593 12809
f 12809 6593 2866 3502
f 7925 12809 3502 2865
f 2835 4859 12810 3959
f 4859 2836 4284 12810
f 12810 4284 2865 3502
f 3959 12810 3502 2866
f 2924 4437 12811 4800
f 4437 2938 3333 12811
f 12811 3333 2937 3815
f 4800 12811 3815 2923
f 2960 8573 12812 8887
f 8573 2867 4720 12812
f 12812 4720 2812 4456
f 8887 12812 4456 2961
f 2924 4694 12813 4437
f 4694 2932 4514 12813
f 12813 4514 2921 3582
f 4437 12813 3582 2938
f 2835 3959 12814 3952
f 3959 2866 3877 12814
f 12814 3877 2867 3819
f 3952 12814 3819 2834
f 2903 7271 12815 7410
f 7271 2902 8760 12815
f 12815 8760 2904 9200
f 7410 12815 9200 2905
f 2861 5201 12816 9559
f 5201 2860 4527 12816
f 12816 4527 2858 8211
f 9559 12816 8211 2856
f 2950 6771 12817 6482
f 6771 2978 6863 12817
f 12817 6863 2974 6228
f 6482 12817 6228 2972
f 2903 7113 12818 7271
f 7113 2989 6756 12818
f 12818 6756 2990 6875
f 7271 12818 6875 2902
f 2904 8848 12819 9200
f 8848 2906 4088 12819
f 12819 4088 2907 3701
f 9200 12819 3701 2905
f 2967 7039 12820 7105
f 7039 2878 7316 12820
f 12820 7316 2879 7224
f 7105 12820 7224 2966
f 2820 9499 12821 4545
f 9499 2912 8216 12821
f 12821 8216 2913 3948
f 4545 12821 3948 2819
f 2832 9108 12822 9291
f 9108 2843 4715 12822
f 12822 4715 2844 6765
f 9291 12822 6765 2830
f 2862 6128 12823 6307
f 6128 2868 7728 12823
f 12823 7728 2831 7746
f 6307 12823 7746 2859
f 2996 4907 12824 7295
f 4907 2995 6301 12824
f 12824 6301 2894 7314
f 7295 12824 7314 2943
f 2904 9512 12825 8848
f 9512 2939 4518 12825
f 12825 4518 2940 4806
f 8848 12825 4806 2906
f 2990 7287 12826 6875
f 7287 2975 7498 12826
f 12826 7498 2941 6015
f 6875 12826 6015 2902
f 2998 6459 12827 6017
f 6459 2971 3960 12827
f 12827 3960 2874 4083
f 6017 12827 4083 2875
f 2931 3894 12828 5648
f 3894 2929 4216 12828
f 12828 4216 2908 5171
f 5648 12828 5171 2909
f 2810 3410 12829 3588
f 3410 2809 8190 12829
f 12829 8190 2816 8303
f 3588 12829 8303 2817
f 2919 7673 12830 7632
f 7673 2870 6491 12830
f 12830 6491 2982 7041
f 7632 12830 7041 2999
f 1869 5743 12831 9595
f 5743 2876 4463 12831
f 12831 4463 2875 9620
f 9595 12831 9620 2792
f 2911 7330 12832 7317
f 7330 2901 5361 12832
f 12832 5361 2970 6425
f 7317 12832 6425 2934
f 2862 6307 12833 6153
f 6307 2859 3771 12833
f 12833 3771 2987 4844
f 6153 12833 4844 2988
f 2902 6015 12834 8760
f 6015 2941 5766 12834
f 12834 5766 2939 9512
f 8760 12834 9512 2904
f 2944 8353 12835 8672
f 8353 2933 5827 12835
f 12835 5827 2918 6611
f 8672 12835 6611 2945
f 2992 9249 12836 9191
f 9249 2932 4694 12836
f 12836 4694 2924 7837
f 9191 12836 7837 2991
f 2920 9503 12837 9351
f 9503 2937 3333 12837
f 12837 3333 2938 3582
f 9351 12837 3582 2921
f 2944 8854 12838 8353
f 8854 2955 5205 12838
f 12838 5205 2957 5679
f 8353 12838 5679 2933
f 2992 9191 12839 8680
f 9191 2991 9174 12839
f 12839 9174 2928 9104
f 8680 12839 9104 2930
f 2804 4910 12840 4916
f 4910 2971 6459 12840
f 12840 6459 2998 5914
f 4916 12840 5914 2803
f 2983 7603 12841 7858
f 7603 2999 7038 12841
f 12841 7038 2980 4958
f 7858 12841 4958 2829
f 2934 5845 12842 5913
f 5845 2979 3806 12842
f 12842 3806 2978 3958
f 5913 12842 3958 2931
f 2920 9533 12843 9503
f 9533 2993 9098 12843
f 12843 9098 2936 8638
f 9503 12843 8638 2937
f 2950 6482 12844 6018
f 6482 2972 9340 12844
f 12844 9340 2992 8680
f 6018 12844 8680 2930
f 2885 5321 12845 5174
f 5321 2884 4235 12845
f 12845 4235 2227 4189
f 5174 12845 4189 2226
f 2975 7326 12846 7498
f 7326 2948 8305 12846
f 12846 8305 2976 8354
f 7498 12846 8354 2941
f 2941 8354 12847 5766
f 8354 2976 9624 12847
f 12847 9624 2922 3928
f 5766 12847 3928 2939
f 2935 7112 12848 7111
f 7112 2957 5205 12848
f 12848 5205 2955 4357
f 7111 12848 4357 2956
f 2934 6425 12849 5845
f 6425 2970 5801 12849
f 12849 5801 2973 5797
f 5845 12849 5797 2979
f 2888 9561 12850 8114
f 9561 2925 6235 12850
f 12850 6235 2942 6510
f 8114 12850 6510 2802
f 2823 7744 12851 7556
f 7744 2897 3803 12851
f 12851 3803 2971 4910
f 7556 12851 4910 2804
f 2872 8725 12852 8174
f 8725 3001 4927 12852
f 12852 4927 2980 7047
f 8174 12852 7047 2871
f 2925 7110 12853 4964
f 7110 2839 7608 12853
f 12853 7608 2994 4373
f 4964 12853 4373 2948
f 2935 7111 12854 7692
f 7111 2956 5443 12854
f 12854 5443 2973 5801
f 7692 12854 5801 2970
f 2952 9312 12855 9403
f 9312 2953 3347 12855
f 12855 3347 2946 3332
f 9403 12855 3332 2921
f 3001 8725 12856 3256
f 8725 2872 9161 12856
f 12856 9161 2873 3252
f 3256 12856 3252 2897
f 2952 9547 12857 9312
f 9547 2951 7167 12857
f 12857 7167 2954 3412
f 9312 12857 3412 2953
f 2910 6120 12858 7935
f 6120 2908 4216 12858
f 12858 4216 2929 7524
f 7935 12858 7524 2927
f 2955 3969 12859 4357
f 3969 2953 3412 12859
f 12859 3412 2954 4731
f 4357 12859 4731 2956
f 2944 9572 12860 8854
f 9572 2946 3347 12860
f 12860 3347 2953 3969
f 8854 12860 3969 2955
f 2860 4366 12861 4527
f 4366 2987 3940 12861
f 12861 3940 2986 3459
f 4527 12861 3459 2858
f 3002 3465 12862 3581
f 3465 2914 5870 12862
f 12862 5870 2910 6042
f 3581 12862 6042 2889
f 2812 4720 12863 6237
f 4720 2867 3877 12863
f 12863 3877 2866 6593
f 6237 12863 6593 2814
f 2968 8169 12864 8492
f 8169 2969 5199 12864
f 12864 5199 2901 5187
f 8492 12864 5187 2793
f 2956 4731 12865 5443
f 4731 2954 6768 12865
f 12865 6768 2974 6294
f 5443 12865 6294 2973
f 2947 3708 12866 3849
f 3708 2946 9572 12866
f 12866 9572 2944 8672
f 3849 12866 8672 2945
f 2831 7696 12867 7746
f 7696 2846 6683 12867
f 12867 6683 2857 4159
f 7746 12867 4159 2859
f 2959 9288 12868 7932
f 9288 2960 9094 12868
f 12868 9094 2885 6052
f 7932 12868 6052 2886
f 2967 7114 12869 7039
f 7114 2997 5458 12869
f 12869 5458 2877 6605
f 7039 12869 6605 2878
f 2951 7733 12870 7167
f 7733 2972 6228 12870
f 12870 6228 2974 6768
f 7167 12870 6768 2954
f 2903 7043 12871 7113
f 7043 2862 6153 12871
f 12871 6153 2988 4970
f 7113 12871 4970 2989
f 2984 9346 12872 8421
f 9346 2985 7899 12872
f 12872 7899 2855 7029
f 8421 12872 7029 2850
f 2943 6961 12873 7295
f 6961 2993 6280 12873
f 12873 6280 2838 6284
f 7295 12873 6284 2996
f 2918 6028 12874 6274
f 6028 2898 7322 12874
f 12874 7322 2895 7891
f 6274 12874 7891 2995
f 2912 9499 12875 8170
f 9499 2820 5649 12875
f 12875 5649 2901 7330
f 8170 12875 7330 2911
f 2936 8476 12876 8638
f 8476 2922 3842 12876
f 12876 3842 2923 3815
f 8638 12876 3815 2937
f 2861 5162 12877 5201
f 5162 2988 4844 12877
f 12877 4844 2987 4366
f 5201 12877 4366 2860
f 2915 9560 12878 3846
f 9560 2824 9258 12878
f 12878 9258 2825 3346
f 3846 12878 3346 2818
f 2903 7410 12879 7043
f 7410 2905 4418 12879
f 12879 4418 2868 6128
f 7043 12879 6128 2862
f 2996 4359 12880 4907
f 4359 2945 6611 12880
f 12880 6611 2918 6274
f 4907 12880 6274 2995
f 2887 7229 12881 7877
f 7229 2870 7673 12881
f 12881 7673 2919 7486
f 7877 12881 7486 2958
f 2886 6052 12882 6461
f 6052 2885 5174 12882
f 12882 5174 2226 3478
f 6461 12882 3478 2833
f 2819 3851 12883 4164
f 3851 2818 4705 12883
f 12883 4705 2804 4916
f 4164 12883 4916 2803
f 2928 8969 12884 9275
f 8969 2994 7608 12884
f 12884 7608 2839 7016
f 9275 12884 7016 2926
f 2998 6017 12885 8676
f 6017 2875 4463 12885
f 12885 4463 2876 8821
f 8676 12885 8821 3000
f 2931 3958 12886 3894
f 3958 2978 6771 12886
f 12886 6771 2950 6788
f 3894 12886 6788 2929
f 2997 5345 12887 8690
f 5345 2793 5759 12887
f 12887 5759 2821 8691
f 8690 12887 8691 3000
f 2796 4711 12888 4723
f 4711 2809 3410 12888
f 12888 3410 2810 3618
f 4723 12888 3618 2801
f 2952 9403 12889 9547
f 9403 2921 4514 12889
f 12889 4514 2932 7651
f 9547 12889 7651 2951
f 3002 3590 12890 3702
f 3590 2802 4355 12890
f 12890 4355 2916 4540
f 3702 12890 4540 2915
f 2815 7293 12891 7023
f 7293 2844 4715 12891
f 12891 4715 2843 3934
f 7023 12891 3934 2817
f 2224 9159 12892 8878
f 9159 2982 6491 12892
f 12892 6491 2870 6022
f 8878 12892 6022 2869
f 2966 6023 12893 6296
f 6023 2965 5170 12893
f 12893 5170 2801 3251
f 6296 12893 3251 2841
f 2872 8174 12894 8141
f 8174 2871 9295 12894
f 12894 9295 2800 8859
f 8141 12894 8859 2185
f 2832 9225 12895 9108
f 9225 2811 4080 12895
f 12895 4080 2842 4086
f 9108 12895 4086 2843
f 2796 4723 12896 4909
f 4723 2801 5170 12896
f 12896 5170 2965 5803
f 4909 12896 5803 2964
f 2864 8877 12897 8971
f 8877 2865 4284 12897
f 12897 4284 2836 5462
f 8971 12897 5462 2845
f 2872 8141 12898 9161
f 8141 2185 4393 12898
f 12898 4393 1868 4639
f 9161 12898 4639 2873
f 2877 5432 12899 7605
f 5432 2876 5743 12899
f 12899 5743 1869 7554
f 7605 12899 7554 2791
f 2846 6310 12900 6683
f 6310 2827 7318 12900
f 12900 7318 2855 8056
f 6683 12900 8056 2857
f 2990 6758 12901 7287
f 6758 2917 6314 12901
f 12901 6314 2942 7590
f 7287 12901 7590 2975
f 2935 7226 12902 7112
f 7226 2969 4538 12902
f 12902 4538 2900 4959
f 7112 12902 4959 2957
f 1096 9662 12903 9713
f 1095 9655 12903 9662
f 1504 9653 12903 9655
f 1097 9660 12903 9653
f 1512 9656 12903 9660
f 1098 9630 12903 9656
f 1099 9712 12903 9630
f 3241 9713 12903 9712
f 1090 9627 12904 9667
f 9627 1089 9668 12904
f 12904 9668 3201 3363
f 9667 12904 3363 3200
f 2634 9670 12905 9628
f 9670 3202 3467 12905
f 12905 3467 3203 9669
f 9628 12905 9669 2633
f 2642 9672 12906 9629
f 9672 3204 3642 12906
f 12906 3642 3205 9671
f 9629 12906 9671 2641
f 1099 9630 12907 9673
f 9630 1098 9674 12907
f 12907 9674 3207 3783
f 9673 12907 3783 3206
f 2635 9675 12908 9631
f 9675 3208 3834 12908
f 12908 3834 3202 9670
f 9631 12908 9670 2634
f 1091 9632 12909 9676
f 9632 1090 9667 12909
f 12909 9667 3200 3906
f 9676 12909 3906 3209
f 2643 9677 12910 9633
f 9677 3210 3964 12910
f 12910 3964 3204 9672
f 9633 12910 9672 2642
f 1100 9634 12911 9678
f 9634 1099 9673 12911
f 12911 9673 3206 4316
f 9678 12911 4316 3211
f 1132 9635 12912 9679
f 9635 1131 9680 12912
f 12912 9680 3213 4337
f 9679 12912 4337 3212
f 1092 9636 12913 9681
f 9636 1091 9676 12913
f 12913 9676 3209 4490
f 9681 12913 4490 3214
f 2637 9682 12914 9637
f 9682 3215 4968 12914
f 12914 4968 3208 9675
f 9637 12914 9675 2635
f 2637 9638 12915 9682
f 9638 2636 9683 12915
f 12915 9683 3216 4971
f 9682 12915 4971 3215
f 3045 9684 12916 9639
f 9684 3217 5183 12916
f 12916 5183 3216 9683
f 9639 12916 9683 2636
f 1093 9640 12917 9685
f 9640 1092 9681 12917
f 12917 9681 3214 5488
f 9685 12917 5488 3218
f 1101 9641 12918 9686
f 9641 1100 9678 12918
f 12918 9678 3211 5751
f 9686 12918 5751 3219
f 2629 9688 12919 9642
f 9688 3220 5791 12919
f 12919 5791 3221 9687
f 9642 12919 9687 2673
f 2638 9643 12920 9689
f 9643 3053 9690 12920
f 12920 9690 3223 6038
f 9689 12920 6038 3222
f 3158 9691 12921 9644
f 9691 3224 6107 12921
f 12921 6107 3210 9677
f 9644 12921 9677 2643
f 1094 9645 12922 9692
f 9645 1093 9685 12922
f 12922 9685 3218 6353
f 9692 12922 6353 3225
f 1102 9693 12923 9646
f 9693 3226 6456 12923
f 12923 6456 3224 9691
f 9646 12923 9691 3158
f 2630 9694 12924 9647
f 9694 3227 6550 12924
f 12924 6550 3220 9688
f 9647 12924 9688 2629
f 1102 9648 12925 9693
f 9648 1101 9686 12925
f 12925 9686 3219 6668
f 9693 12925 6668 3226
f 2638 9689 12926 9649
f 9689 3222 6821 12926
f 12926 6821 3217 9684
f 9649 12926 9684 3045
f 1087 9695 12927 9650
f 9695 3228 7053 12927
f 12927 7053 3213 9680
f 9650 12927 9680 1131
f 2631 9696 12928 9651
f 9696 3229 7537 12928
f 12928 7537 3227 9694
f 9651 12928 9694 2630
f 2639 9697 12929 9652
f 9697 3230 7943 12929
f 12929 7943 3223 9690
f 9652 12929 9690 3053
f 1504 9699 12930 9653
f 9699 3231 8135 12930
f 12930 8135 3232 9698
f 9653 12930 9698 1097
f 1088 9654 12931 9700
f 9654 1132 9679 12931
f 12931 9679 3212 8270
f 9700 12931 8270 3233
f 1504 9655 12932 9699
f 9655 1095 9701 12932
f 12932 9701 3234 8285
f 9699 12932 8285 3231
f 1512 9702 12933 9656
f 9702 3235 8486 12933
f 12933 8486 3207 9674
f 9656 12933 9674 1098
f 2640 9657 12934 9703
f 9657 2641 9671 12934
f 12934 9671 3205 8872
f 9703 12934 8872 3236
f 2672 9658 12935 9704
f 9658 2673 9687 12935
f 12935 9687 3221 8879
f 9704 12935 8879 3237
f 2672 9704 12936 9659
f 9704 3237 9099 12936
f 12936 9099 3228 9695
f 9659 12936 9695 1087
f 1512 9660 12937 9702
f 9660 1097 9698 12937
f 12937 9698 3232 9227
f 9702 12937 9227 3235
f 2640 9703 12938 9661
f 9703 3236 9287 12938
f 12938 9287 3230 9697
f 9661 12938 9697 2639
f 1096 9705 12939 9662
f 9705 3238 9310 12939
f 12939 9310 3234 9701
f 9662 12939 9701 1095
f 2632 9663 12940 9706
f 9663 2633 9669 12940
f 12940 9669 3203 9322
f 9706 12940 9322 3239
f 1096 9664 12941 9705
f 9664 1094 9692 12941
f 12941 9692 3225 9324
f 9705 12941 9324 3238
f 2632 9706 12942 9665
f 9706 3239 9555 12942
f 12942 9555 3229 9696
f 9665 12942 9696 2631
f 1088 9700 12943 9666
f 9700 3233 9584 12943
f 12943 9584 3201 9668
f 9666 12943 9668 1089
f 3240 9709 12944 9716
f 3158 9644 12944 9709
f 2643 9633 12944 9644
f 2642 9629 12944 9633
f 2641 9657 12944 9629
f 2640 9715 12944 9657
f 3242 9716 12944 9715
f 3242 9707 12945 9714
f 2637 9637 12945 9707
f 2635 9631 12945 9637
f 2634 9628 12945 9631
f 2633 9663 12945 9628
f 2632 9665 12945 9663
f 2631 9651 12945 9665
f 2630 9714 12945 9651
f 1090 9632 12946 9627
f 1091 9636 12946 9632
f 1092 9640 12946 9636
f 1093 9645 12946 9640
f 1094 9664 12946 9645
f 1096 9713 12946 9664
f 3241 9711 12946 9713
f 1089 9627 12946 9711
f 3241 9712 12947 9710
f 1099 9634 12947 9712
f 1100 9641 12947 9634
f 1101 9648 12947 9641
f 1102 9646 12947 9648
f 3158 9709 12947 9646
f 3240 9710 12947 9709
f 1089 9711 12948 9666
f 3241 9710 12948 9711
f 3240 9708 12948 9710
f 1087 9650 12948 9708
f 1131 9635 12948 9650
f 1132 9654 12948 9635
f 1088 9666 12948 9654
f 3242 9715 12949 9707
f 2640 9661 12949 9715
f 2639 9652 12949 9661
f 3053 9643 12949 9652
f 2638 9649 12949 9643
f 3045 9639 12949 9649
f 2636 9638 12949 9639
f 2637 9707 12949 9638
f 3240 9716 12950 9708
f 3242 9714 12950 9716
f 2630 9647 12950 9714
f 2629 9642 12950 9647
f 2673 9658 12950 9642
f 2672 9659 12950 9658
f 1087 9708 12950 9659
